Datetime,Adj Close,Close,High,Low,Open,Volume
2026-09-18 00:09:00-04:00,7715.0,7715.0,7715.0,7714.75,7714.75,0
2026-09-18 00:10:00-04:00,7715.25,7715.25,7715.5,7715.0,7715.0,102
2026-09-18 00:11:00-04:00,7715.25,7715.25,7715.5,7715.0,7715.25,70
2026-09-18 00:12:00-04:00,7715.5,7715.5,7715.75,7715.25,7715.25,82
2026-09-18 00:13:00-04:00,7715.25,7715.25,7715.5,7715.25,7715.5,13
2026-09-18 00:14:00-04:00,7714.75,7714.75,7715.25,7714.5,7715.25,99
2026-09-18 00:15:00-04:00,7715.0,7715.0,7715.5,7714.75,7714.75,152
2026-09-18 00:16:00-04:00,7715.0,7715.0,7715.0,7714.5,7714.75,58
2026-09-18 00:17:00-04:00,7714.75,7714.75,7715.0,7714.75,7715.0,61
2026-09-18 00:18:00-04:00,7714.0,7714.0,7715.0,7713.75,7715.0,100
2026-09-18 00:19:00-04:00,7714.75,7714.75,7715.0,7714.25,7714.25,56
2026-09-18 00:20:00-04:00,7713.75,7713.75,7714.75,7713.75,7714.5,81
2026-09-18 00:21:00-04:00,7714.0,7714.0,7714.25,7713.75,7713.75,82
2026-09-18 00:22:00-04:00,7714.0,7714.0,7714.25,7714.0,7714.0,85
2026-09-18 00:23:00-04:00,7714.25,7714.25,7714.25,7714.0,7714.0,80
2026-09-18 00:24:00-04:00,7714.0,7714.0,7714.25,7713.75,7714.25,71
2026-09-18 00:25:00-04:00,7713.5,7713.5,7713.75,7712.75,7713.75,203
2026-09-18 00:26:00-04:00,7714.0,7714.0,7714.0,7713.5,7713.5,53
2026-09-18 00:27:00-04:00,7715.0,7715.0,7715.0,7713.75,7714.0,95
2026-09-18 00:28:00-04:00,7714.75,7714.75,7715.0,7714.5,7714.75,41
2026-09-18 00:29:00-04:00,7715.0,7715.0,7715.0,7714.75,7714.75,42
2026-09-18 00:30:00-04:00,7715.75,7715.75,7716.0,7715.25,7715.25,179
2026-09-18 00:31:00-04:00,7716.5,7716.5,7716.5,7715.75,7715.75,82
2026-09-18 00:32:00-04:00,7716.5,7716.5,7716.75,7716.5,7716.5,91
2026-09-18 00:33:00-04:00,7716.75,7716.75,7717.0,7716.5,7716.5,56
2026-09-18 00:34:00-04:00,7716.0,7716.0,7716.75,7715.75,7716.75,95
2026-09-18 00:35:00-04:00,7716.0,7716.0,7716.25,7716.0,7716.0,53
2026-09-18 00:36:00-04:00,7715.5,7715.5,7716.0,7715.5,7716.0,46
2026-09-18 00:37:00-04:00,7715.75,7715.75,7716.0,7715.25,7715.75,102
2026-09-18 00:38:00-04:00,7715.75,7715.75,7715.75,7715.5,7715.75,64
2026-09-18 00:39:00-04:00,7716.0,7716.0,7716.0,7715.75,7716.0,52
2026-09-18 00:40:00-04:00,7716.0,7716.0,7716.25,7715.5,7716.0,49
2026-09-18 00:41:00-04:00,7716.5,7716.5,7716.5,7716.0,7716.25,58
2026-09-18 00:42:00-04:00,7717.5,7717.5,7717.75,7716.5,7716.5,172
2026-09-18 00:43:00-04:00,7719.0,7719.0,7719.25,7717.25,7717.75,344
2026-09-18 00:44:00-04:00,7718.75,7718.75,7719.25,7718.5,7718.75,116
2026-09-18 00:45:00-04:00,7719.25,7719.25,7719.5,7718.5,7719.0,123
2026-09-18 00:46:00-04:00,7719.25,7719.25,7719.25,7718.5,7719.0,100
2026-09-18 00:47:00-04:00,7718.75,7718.75,7719.25,7718.75,7719.25,98
2026-09-18 00:48:00-04:00,7719.0,7719.0,7719.25,7718.75,7718.75,56
2026-09-18 00:49:00-04:00,7719.25,7719.25,7719.5,7719.25,7719.25,64
2026-09-18 00:50:00-04:00,7719.75,7719.75,7720.25,7719.5,7719.5,258
2026-09-18 00:51:00-04:00,7720.25,7720.25,7720.25,7719.5,7719.5,108
2026-09-18 00:52:00-04:00,7721.0,7721.0,7721.0,7720.0,7720.0,223
2026-09-18 00:53:00-04:00,7721.0,7721.0,7721.0,7720.75,7721.0,130
2026-09-18 00:54:00-04:00,7720.25,7720.25,7721.25,7720.0,7721.25,147
2026-09-18 00:55:00-04:00,7720.75,7720.75,7721.0,7720.0,7720.25,336
2026-09-18 00:56:00-04:00,7721.75,7721.75,7721.75,7720.75,7720.75,113
2026-09-18 00:57:00-04:00,7721.5,7721.5,7721.75,7721.5,7721.5,110
2026-09-18 00:58:00-04:00,7721.25,7721.25,7721.5,7721.25,7721.5,50
2026-09-18 00:59:00-04:00,7721.75,7721.75,7721.75,7721.25,7721.25,41
2026-09-18 01:00:00-04:00,7721.5,7721.5,7721.5,7721.25,7721.5,137
2026-09-18 01:01:00-04:00,7721.5,7721.5,7721.75,7721.5,7721.5,61
2026-09-18 01:02:00-04:00,7721.75,7721.75,7722.0,7721.5,7721.75,47
2026-09-18 01:03:00-04:00,7721.75,7721.75,7722.0,7721.5,7721.5,112
2026-09-18 01:04:00-04:00,7722.5,7722.5,7722.5,7721.75,7722.0,118
2026-09-18 01:05:00-04:00,7722.0,7722.0,7722.5,7721.75,7722.25,105
2026-09-18 01:06:00-04:00,7721.75,7721.75,7722.0,7721.75,7722.0,62
2026-09-18 01:07:00-04:00,7722.5,7722.5,7722.5,7722.0,7722.0,92
2026-09-18 01:08:00-04:00,7722.0,7722.0,7722.5,7721.75,7722.5,99
2026-09-18 01:09:00-04:00,7722.0,7722.0,7722.25,7722.0,7722.0,75
2026-09-18 01:10:00-04:00,7722.5,7722.5,7722.5,7722.0,7722.25,78
2026-09-18 01:11:00-04:00,7723.0,7723.0,7723.0,7722.5,7722.5,135
2026-09-18 01:12:00-04:00,7722.75,7722.75,7723.0,7722.25,7723.0,113
2026-09-18 01:13:00-04:00,7722.25,7722.25,7723.0,7722.25,7722.75,78
2026-09-18 01:14:00-04:00,7722.75,7722.75,7723.0,7722.5,7722.5,85
2026-09-18 01:15:00-04:00,7723.25,7723.25,7723.5,7723.0,7723.0,142
2026-09-18 01:16:00-04:00,7723.25,7723.25,7723.5,7723.25,7723.25,92
2026-09-18 01:17:00-04:00,7722.75,7722.75,7723.5,7722.75,7723.25,77
2026-09-18 01:18:00-04:00,7723.0,7723.0,7723.0,7722.5,7723.0,98
2026-09-18 01:19:00-04:00,7722.75,7722.75,7723.0,7722.75,7723.0,54
2026-09-18 01:20:00-04:00,7722.75,7722.75,7723.0,7722.75,7723.0,69
2026-09-18 01:21:00-04:00,7722.75,7722.75,7723.0,7722.25,7722.75,163
2026-09-18 01:22:00-04:00,7722.75,7722.75,7723.0,7722.5,7723.0,59
2026-09-18 01:23:00-04:00,7723.25,7723.25,7723.25,7722.75,7722.75,97
2026-09-18 01:24:00-04:00,7723.5,7723.5,7723.5,7723.0,7723.25,117
2026-09-18 01:25:00-04:00,7724.25,7724.25,7724.5,7723.5,7723.75,242
2026-09-18 01:26:00-04:00,7723.5,7723.5,7724.25,7723.25,7724.25,146
2026-09-18 01:27:00-04:00,7722.5,7722.5,7723.5,7722.25,7723.5,197
2026-09-18 01:28:00-04:00,7722.5,7722.5,7722.75,7722.25,7722.25,74
2026-09-18 01:29:00-04:00,7723.25,7723.25,7724.0,7722.75,7722.75,142
2026-09-18 01:30:00-04:00,7725.0,7725.0,7725.0,7723.0,7723.5,307
2026-09-18 01:31:00-04:00,7724.75,7724.75,7725.25,7724.25,7725.0,195
2026-09-18 01:32:00-04:00,7725.0,7725.0,7725.5,7724.75,7724.75,112
2026-09-18 01:33:00-04:00,7725.25,7725.25,7725.5,7725.25,7725.25,166
2026-09-18 01:34:00-04:00,7725.0,7725.0,7725.25,7725.0,7725.25,89
2026-09-18 01:35:00-04:00,7725.25,7725.25,7725.5,7725.0,7725.0,99
2026-09-18 01:36:00-04:00,7726.0,7726.0,7726.0,7725.0,7725.25,178
2026-09-18 01:37:00-04:00,7725.75,7725.75,7726.0,7725.25,7725.75,177
2026-09-18 01:38:00-04:00,7726.75,7726.75,7727.0,7725.75,7726.0,394
2026-09-18 01:39:00-04:00,7727.75,7727.75,7728.0,7726.75,7726.75,314
2026-09-18 01:40:00-04:00,7728.0,7728.0,7728.25,7727.5,7727.75,286
2026-09-18 01:41:00-04:00,7727.75,7727.75,7728.5,7727.75,7728.25,232
2026-09-18 01:42:00-04:00,7728.0,7728.0,7728.0,7727.25,7728.0,185
2026-09-18 01:43:00-04:00,7728.5,7728.5,7728.75,7728.25,7728.25,264
2026-09-18 01:44:00-04:00,7730.0,7730.0,7730.0,7728.25,7728.5,338
2026-09-18 01:45:00-04:00,7729.25,7729.25,7730.25,7729.25,7729.75,287
2026-09-18 01:46:00-04:00,7727.75,7727.75,7729.25,7727.75,7729.25,202
2026-09-18 01:47:00-04:00,7727.5,7727.5,7728.5,7727.0,7728.0,257
2026-09-18 01:48:00-04:00,7728.5,7728.5,7728.5,7727.0,7727.5,241
2026-09-18 01:49:00-04:00,7727.0,7727.0,7728.5,7727.0,7728.0,317
2026-09-18 01:50:00-04:00,7728.5,7728.5,7728.5,7727.0,7727.0,209
2026-09-18 01:51:00-04:00,7727.5,7727.5,7728.5,7727.5,7728.5,117
2026-09-18 01:52:00-04:00,7726.5,7726.5,7728.0,7726.5,7727.75,115
2026-09-18 01:53:00-04:00,7727.0,7727.0,7727.25,7726.5,7726.75,95
2026-09-18 01:54:00-04:00,7726.5,7726.5,7727.25,7726.25,7727.0,159
2026-09-18 01:55:00-04:00,7726.25,7726.25,7726.5,7726.0,7726.25,152
2026-09-18 01:56:00-04:00,7726.0,7726.0,7726.5,7725.75,7726.25,137
2026-09-18 01:57:00-04:00,7726.0,7726.0,7726.5,7725.75,7726.0,149
2026-09-18 01:58:00-04:00,7726.25,7726.25,7726.25,7726.0,7726.25,117
2026-09-18 01:59:00-04:00,7726.75,7726.75,7727.0,7726.0,7726.25,213
2026-09-18 02:00:00-04:00,7727.75,7727.75,7728.0,7726.75,7726.75,286
2026-09-18 02:01:00-04:00,7728.75,7728.75,7728.75,7727.5,7727.75,451
2026-09-18 02:02:00-04:00,7729.0,7729.0,7729.0,7727.5,7728.75,491
2026-09-18 02:03:00-04:00,7728.25,7728.25,7729.25,7728.0,7729.25,299
2026-09-18 02:04:00-04:00,7728.0,7728.0,7728.25,7727.0,7728.25,216
2026-09-18 02:05:00-04:00,7727.5,7727.5,7728.0,7726.75,7728.0,212
2026-09-18 02:06:00-04:00,7727.25,7727.25,7728.25,7727.0,7727.5,196
2026-09-18 02:07:00-04:00,7727.25,7727.25,7727.5,7727.0,7727.5,104
2026-09-18 02:08:00-04:00,7727.5,7727.5,7727.75,7727.25,7727.5,140
2026-09-18 02:09:00-04:00,7727.25,7727.25,7727.5,7727.0,7727.25,144
2026-09-18 02:10:00-04:00,7727.25,7727.25,7727.75,7727.25,7727.5,174
2026-09-18 02:11:00-04:00,7727.75,7727.75,7727.75,7727.5,7727.5,148
2026-09-18 02:12:00-04:00,7727.5,7727.5,7728.25,7727.5,7727.75,179
2026-09-18 02:13:00-04:00,7727.75,7727.75,7727.75,7727.5,7727.75,70
2026-09-18 02:14:00-04:00,7728.0,7728.0,7728.25,7727.75,7727.75,128
2026-09-18 02:15:00-04:00,7727.75,7727.75,7729.0,7727.5,7728.0,300
2026-09-18 02:16:00-04:00,7727.75,7727.75,7728.0,7727.5,7727.75,169
2026-09-18 02:17:00-04:00,7727.25,7727.25,7727.5,7726.75,7727.5,168
2026-09-18 02:18:00-04:00,7726.25,7726.25,7727.0,7725.75,7727.0,200
2026-09-18 02:19:00-04:00,7726.5,7726.5,7727.25,7726.5,7726.5,143
2026-09-18 02:20:00-04:00,7726.5,7726.5,7727.0,7726.25,7726.5,73
2026-09-18 02:21:00-04:00,7728.0,7728.0,7728.25,7726.5,7726.5,160
2026-09-18 02:22:00-04:00,7729.25,7729.25,7729.75,7728.0,7728.0,232
2026-09-18 02:23:00-04:00,7729.5,7729.5,7730.25,7729.0,7729.0,351
2026-09-18 02:24:00-04:00,7729.5,7729.5,7730.0,7729.25,7729.75,106
2026-09-18 02:25:00-04:00,7730.25,7730.25,7730.75,7729.5,7729.5,407
2026-09-18 02:26:00-04:00,7729.25,7729.25,7730.0,7729.25,7730.0,319
2026-09-18 02:27:00-04:00,7729.75,7729.75,7730.0,7729.25,7729.5,208
2026-09-18 02:28:00-04:00,7729.75,7729.75,7730.0,7729.5,7729.75,159
2026-09-18 02:29:00-04:00,7728.75,7728.75,7729.75,7728.25,7729.75,379
2026-09-18 02:30:00-04:00,7730.25,7730.25,7730.25,7728.75,7728.75,320
2026-09-18 02:31:00-04:00,7731.5,7731.5,7731.5,7730.0,7730.25,265
2026-09-18 02:32:00-04:00,7732.75,7732.75,7732.75,7731.5,7731.5,450
2026-09-18 02:33:00-04:00,7732.75,7732.75,7733.5,7732.75,7732.75,415
2026-09-18 02:34:00-04:00,7733.0,7733.0,7733.5,7732.5,7733.0,193
2026-09-18 02:35:00-04:00,7733.5,7733.5,7733.75,7733.0,7733.0,204
2026-09-18 02:36:00-04:00,7732.25,7732.25,7733.5,7732.25,7733.5,285
2026-09-18 02:37:00-04:00,7732.5,7732.5,7732.75,7732.25,7732.5,87
2026-09-18 02:38:00-04:00,7733.5,7733.5,7733.5,7732.75,7732.75,235
2026-09-18 02:39:00-04:00,7734.25,7734.25,7734.25,7733.0,7733.25,300
2026-09-18 02:40:00-04:00,7734.0,7734.0,7734.25,7733.25,7734.0,173
2026-09-18 02:41:00-04:00,7734.25,7734.25,7734.5,7734.0,7734.0,186
2026-09-18 02:42:00-04:00,7733.25,7733.25,7734.25,7732.5,7734.25,224
2026-09-18 02:43:00-04:00,7733.25,7733.25,7733.5,7732.75,7733.25,154
2026-09-18 02:44:00-04:00,7733.5,7733.5,7733.75,7732.75,7733.5,274
2026-09-18 02:45:00-04:00,7733.75,7733.75,7733.75,7732.5,7733.5,253
2026-09-18 02:46:00-04:00,7733.75,7733.75,7734.5,7733.5,7733.75,231
2026-09-18 02:47:00-04:00,7733.25,7733.25,7734.25,7733.25,7733.75,255
2026-09-18 02:48:00-04:00,7733.75,7733.75,7734.25,7733.25,7733.25,238
2026-09-18 02:49:00-04:00,7734.0,7734.0,7734.0,7733.5,7733.75,118
2026-09-18 02:50:00-04:00,7733.75,7733.75,7734.25,7733.5,7734.0,119
2026-09-18 02:51:00-04:00,7734.0,7734.0,7734.25,7733.75,7734.0,151
2026-09-18 02:52:00-04:00,7734.5,7734.5,7734.5,7733.75,7734.0,128
2026-09-18 02:53:00-04:00,7733.5,7733.5,7734.5,7733.25,7734.5,186
2026-09-18 02:54:00-04:00,7733.5,7733.5,7734.0,7733.5,7733.5,118
2026-09-18 02:55:00-04:00,7733.5,7733.5,7733.75,7733.5,7733.75,150
2026-09-18 02:56:00-04:00,7733.75,7733.75,7734.0,7733.5,7733.5,177
2026-09-18 02:57:00-04:00,7734.0,7734.0,7734.5,7733.25,7733.5,205
2026-09-18 02:58:00-04:00,7734.25,7734.25,7734.5,7734.0,7734.25,133
2026-09-18 02:59:00-04:00,7733.75,7733.75,7734.75,7733.75,7734.5,235
2026-09-18 03:00:00-04:00,7733.5,7733.5,7734.25,7733.5,7733.75,519
2026-09-18 03:01:00-04:00,7733.75,7733.75,7734.25,7733.5,7733.5,389
2026-09-18 03:02:00-04:00,7733.25,7733.25,7733.75,7732.25,7733.75,334
2026-09-18 03:03:00-04:00,7733.5,7733.5,7733.5,7732.75,7733.25,204
2026-09-18 03:04:00-04:00,7733.5,7733.5,7734.75,7732.75,7733.5,370
2026-09-18 03:05:00-04:00,7732.75,7732.75,7733.5,7732.75,7733.5,219
2026-09-18 03:06:00-04:00,7732.75,7732.75,7733.0,7732.25,7733.0,213
2026-09-18 03:07:00-04:00,7733.0,7733.0,7733.25,7732.5,7732.75,271
2026-09-18 03:08:00-04:00,7733.75,7733.75,7734.0,7733.0,7733.25,195
2026-09-18 03:09:00-04:00,7733.75,7733.75,7734.0,7733.0,7733.5,303
2026-09-18 03:10:00-04:00,7735.0,7735.0,7735.5,7733.5,7733.75,325
2026-09-18 03:11:00-04:00,7734.5,7734.5,7735.0,7733.75,7735.0,302
2026-09-18 03:12:00-04:00,7735.25,7735.25,7735.25,7734.25,7734.5,196
2026-09-18 03:13:00-04:00,7734.5,7734.5,7736.0,7734.25,7735.25,419
2026-09-18 03:14:00-04:00,7733.25,7733.25,7734.75,7733.25,7734.5,196
2026-09-18 03:15:00-04:00,7733.25,7733.25,7734.25,7733.25,7733.25,269
2026-09-18 03:16:00-04:00,7734.25,7734.25,7734.75,7733.0,7733.25,278
2026-09-18 03:17:00-04:00,7734.5,7734.5,7735.0,7733.75,7734.25,204
2026-09-18 03:18:00-04:00,7734.75,7734.75,7735.25,7734.25,7734.5,163
2026-09-18 03:19:00-04:00,7734.5,7734.5,7735.0,7734.25,7735.0,271
2026-09-18 03:20:00-04:00,7734.5,7734.5,7735.25,7734.25,7734.5,249
2026-09-18 03:21:00-04:00,7734.0,7734.0,7734.75,7734.0,7734.5,290
2026-09-18 03:22:00-04:00,7734.5,7734.5,7734.5,7733.75,7733.75,399
2026-09-18 03:23:00-04:00,7735.0,7735.0,7735.25,7734.25,7734.25,291
2026-09-18 03:24:00-04:00,7734.75,7734.75,7735.25,7733.75,7735.0,386
2026-09-18 03:25:00-04:00,7736.0,7736.0,7736.25,7734.75,7735.0,580
2026-09-18 03:26:00-04:00,7736.75,7736.75,7737.25,7736.0,7736.25,407
2026-09-18 03:27:00-04:00,7737.0,7737.0,7737.0,7736.5,7736.75,231
2026-09-18 03:28:00-04:00,7737.0,7737.0,7737.75,7736.75,7736.75,461
2026-09-18 03:29:00-04:00,7737.75,7737.75,7738.0,7737.0,7737.0,234
2026-09-18 03:30:00-04:00,7738.75,7738.75,7738.75,7737.75,7738.0,383
2026-09-18 03:31:00-04:00,7737.25,7737.25,7739.25,7737.0,7738.75,353
2026-09-18 03:32:00-04:00,7736.5,7736.5,7737.25,7736.25,7737.0,460
2026-09-18 03:33:00-04:00,7735.75,7735.75,7736.75,7735.75,7736.5,357
2026-09-18 03:34:00-04:00,7735.75,7735.75,7736.0,7735.0,7735.75,317
2026-09-18 03:35:00-04:00,7735.75,7735.75,7736.25,7735.5,7736.0,182
2026-09-18 03:36:00-04:00,7736.0,7736.0,7736.0,7735.25,7735.75,188
2026-09-18 03:37:00-04:00,7736.0,7736.0,7736.5,7735.25,7736.0,365
2026-09-18 03:38:00-04:00,7736.0,7736.0,7736.25,7734.5,7735.75,528
2026-09-18 03:39:00-04:00,7736.5,7736.5,7737.0,7735.75,7736.25,368
2026-09-18 03:40:00-04:00,7734.5,7734.5,7736.5,7734.5,7736.5,252
2026-09-18 03:41:00-04:00,7734.75,7734.75,7735.5,7734.0,7734.75,417
2026-09-18 03:42:00-04:00,7733.25,7733.25,7735.0,7733.25,7735.0,284
2026-09-18 03:43:00-04:00,7734.5,7734.5,7734.75,7733.25,7733.25,681
2026-09-18 03:44:00-04:00,7734.25,7734.25,7735.0,7734.0,7734.5,132
2026-09-18 03:45:00-04:00,7734.0,7734.0,7734.5,7734.0,7734.25,250
2026-09-18 03:46:00-04:00,7734.0,7734.0,7734.5,7733.75,7734.25,166
2026-09-18 03:47:00-04:00,7735.5,7735.5,7735.75,7734.0,7734.0,490
2026-09-18 03:48:00-04:00,7735.0,7735.0,7735.5,7734.5,7735.5,211
2026-09-18 03:49:00-04:00,7735.25,7735.25,7735.25,7735.0,7735.0,174
2026-09-18 03:50:00-04:00,7734.5,7734.5,7735.5,7734.25,7735.5,163
2026-09-18 03:51:00-04:00,7734.75,7734.75,7734.75,7734.25,7734.5,123
2026-09-18 03:52:00-04:00,7735.25,7735.25,7735.25,7734.25,7734.75,207
2026-09-18 03:53:00-04:00,7736.25,7736.25,7736.5,7735.5,7735.5,145
2026-09-18 03:54:00-04:00,7736.75,7736.75,7736.75,7736.0,7736.25,90
2026-09-18 03:55:00-04:00,7735.75,7735.75,7736.5,7735.5,7736.5,173
2026-09-18 03:56:00-04:00,7735.5,7735.5,7735.75,7735.25,7735.75,229
2026-09-18 03:57:00-04:00,7735.25,7735.25,7735.5,7734.75,7735.5,160
2026-09-18 03:58:00-04:00,7735.25,7735.25,7736.0,7734.75,7735.25,470
2026-09-18 03:59:00-04:00,7734.5,7734.5,7735.25,7733.75,7735.25,301
2026-09-18 04:00:00-04:00,7734.5,7734.5,7735.5,7733.75,7734.25,677
2026-09-18 04:01:00-04:00,7733.5,7733.5,7735.0,7733.0,7734.25,517
2026-09-18 04:02:00-04:00,7734.25,7734.25,7734.5,7733.5,7733.5,283
2026-09-18 04:03:00-04:00,7733.75,7733.75,7734.5,7733.75,7734.25,140
2026-09-18 04:04:00-04:00,7732.5,7732.5,7734.25,7732.5,7733.75,384
2026-09-18 04:05:00-04:00,7733.0,7733.0,7733.0,7732.0,7732.5,287
2026-09-18 04:06:00-04:00,7732.5,7732.5,7733.5,7732.5,7733.25,206
2026-09-18 04:07:00-04:00,7732.5,7732.5,7733.5,7732.5,7732.75,189
2026-09-18 04:08:00-04:00,7732.5,7732.5,7733.0,7732.25,7732.5,269
2026-09-18 04:09:00-04:00,7730.5,7730.5,7732.5,7730.5,7732.5,208
2026-09-18 04:10:00-04:00,7731.0,7731.0,7731.5,7730.0,7730.75,290
2026-09-18 04:11:00-04:00,7729.5,7729.5,7730.75,7729.5,7730.75,258
2026-09-18 04:12:00-04:00,7729.25,7729.25,7730.25,7728.75,7729.75,716
2026-09-18 04:13:00-04:00,7729.75,7729.75,7730.5,7729.0,7729.5,251
2026-09-18 04:14:00-04:00,7729.25,7729.25,7730.0,7729.0,7729.75,144
2026-09-18 04:15:00-04:00,7729.0,7729.0,7729.25,7728.5,7729.25,262
2026-09-18 04:16:00-04:00,7729.5,7729.5,7729.75,7729.0,7729.0,148
2026-09-18 04:17:00-04:00,7729.75,7729.75,7730.0,7729.5,7729.5,204
2026-09-18 04:18:00-04:00,7729.5,7729.5,7730.25,7729.5,7729.75,146
2026-09-18 04:19:00-04:00,7730.25,7730.25,7730.25,7729.25,7729.75,208
2026-09-18 04:20:00-04:00,7731.5,7731.5,7732.0,7730.25,7730.25,316
2026-09-18 04:21:00-04:00,7731.0,7731.0,7731.75,7730.25,7731.5,226
2026-09-18 04:22:00-04:00,7729.75,7729.75,7731.0,7729.75,7731.0,195
2026-09-18 04:23:00-04:00,7728.75,7728.75,7730.25,7728.75,7730.0,267
2026-09-18 04:24:00-04:00,7729.0,7729.0,7729.5,7728.5,7729.0,199
2026-09-18 04:25:00-04:00,7729.5,7729.5,7729.75,7729.25,7729.25,135
2026-09-18 04:26:00-04:00,7729.0,7729.0,7729.25,7728.25,7729.25,152
2026-09-18 04:27:00-04:00,7728.5,7728.5,7729.0,7728.0,7729.0,272
2026-09-18 04:28:00-04:00,7726.5,7726.5,7728.5,7726.5,7728.5,530
2026-09-18 04:29:00-04:00,7725.25,7725.25,7726.75,7725.0,7726.5,520
2026-09-18 04:30:00-04:00,7726.0,7726.0,7726.25,7724.5,7725.5,434
2026-09-18 04:31:00-04:00,7726.5,7726.5,7726.75,7725.75,7726.0,271
2026-09-18 04:32:00-04:00,7727.5,7727.5,7727.75,7725.5,7726.75,398
2026-09-18 04:33:00-04:00,7727.5,7727.5,7727.75,7726.75,7727.5,194
2026-09-18 04:34:00-04:00,7727.5,7727.5,7727.75,7727.0,7727.5,138
2026-09-18 04:35:00-04:00,7727.25,7727.25,7728.25,7727.25,7727.5,185
2026-09-18 04:36:00-04:00,7727.25,7727.25,7727.5,7727.0,7727.25,226
2026-09-18 04:37:00-04:00,7727.0,7727.0,7727.25,7726.75,7727.25,165
2026-09-18 04:38:00-04:00,7726.25,7726.25,7728.0,7726.25,7727.25,221
2026-09-18 04:39:00-04:00,7727.5,7727.5,7727.5,7726.25,7726.25,164
2026-09-18 04:40:00-04:00,7728.0,7728.0,7728.0,7726.75,7727.25,240
2026-09-18 04:41:00-04:00,7727.75,7727.75,7728.0,7727.5,7727.75,299
2026-09-18 04:42:00-04:00,7727.25,7727.25,7727.75,7727.25,7727.75,143
2026-09-18 04:43:00-04:00,7727.5,7727.5,7727.75,7727.0,7727.25,230
2026-09-18 04:44:00-04:00,7729.0,7729.0,7729.25,7727.5,7727.5,296
2026-09-18 04:45:00-04:00,7728.75,7728.75,7730.25,7728.75,7728.75,289
2026-09-18 04:46:00-04:00,7728.5,7728.5,7729.0,7728.25,7728.75,168
2026-09-18 04:47:00-04:00,7728.5,7728.5,7728.75,7728.25,7728.5,67
2026-09-18 04:48:00-04:00,7728.75,7728.75,7729.25,7728.5,7728.75,288
2026-09-18 04:49:00-04:00,7728.5,7728.5,7729.0,7728.25,7728.5,178
2026-09-18 04:50:00-04:00,7729.25,7729.25,7729.5,7728.75,7728.75,103
2026-09-18 04:51:00-04:00,7729.25,7729.25,7729.25,7728.75,7729.25,236
2026-09-18 04:52:00-04:00,7728.75,7728.75,7729.5,7728.25,7729.0,309
2026-09-18 04:53:00-04:00,7728.75,7728.75,7729.25,7728.75,7728.75,178
2026-09-18 04:54:00-04:00,7727.5,7727.5,7729.25,7727.5,7729.0,289
2026-09-18 04:55:00-04:00,7728.25,7728.25,7728.25,7727.0,7727.5,167
2026-09-18 04:56:00-04:00,7728.75,7728.75,7728.75,7727.75,7728.25,137
2026-09-18 04:57:00-04:00,7728.0,7728.0,7729.0,7728.0,7728.75,100
2026-09-18 04:58:00-04:00,7727.5,7727.5,7728.0,7727.25,7728.0,131
2026-09-18 04:59:00-04:00,7727.5,7727.5,7727.75,7727.25,7727.75,82
2026-09-18 05:00:00-04:00,7726.75,7726.75,7727.5,7726.5,7727.5,438
2026-09-18 05:01:00-04:00,7726.0,7726.0,7727.0,7726.0,7727.0,183
2026-09-18 05:02:00-04:00,7726.25,7726.25,7726.5,7725.5,7726.0,197
2026-09-18 05:03:00-04:00,7727.0,7727.0,7727.0,7726.25,7726.5,206
2026-09-18 05:04:00-04:00,7726.5,7726.5,7727.25,7726.5,7727.0,196
2026-09-18 05:05:00-04:00,7727.0,7727.0,7727.0,7726.25,7726.5,168
2026-09-18 05:06:00-04:00,7727.25,7727.25,7727.5,7727.0,7727.0,288
2026-09-18 05:07:00-04:00,7727.25,7727.25,7727.5,7727.0,7727.5,143
2026-09-18 05:08:00-04:00,7728.5,7728.5,7728.5,7727.0,7727.0,121
2026-09-18 05:09:00-04:00,7726.75,7726.75,7728.5,7726.75,7728.5,172
2026-09-18 05:10:00-04:00,7727.75,7727.75,7727.75,7726.25,7726.75,272
2026-09-18 05:11:00-04:00,7728.25,7728.25,7728.25,7727.5,7727.75,44
2026-09-18 05:12:00-04:00,7727.25,7727.25,7728.25,7727.25,7728.25,77
2026-09-18 05:13:00-04:00,7727.25,7727.25,7727.5,7727.25,7727.25,73
2026-09-18 05:14:00-04:00,7726.75,7726.75,7727.25,7726.75,7727.25,93
2026-09-18 05:15:00-04:00,7727.0,7727.0,7727.0,7726.5,7726.75,103
2026-09-18 05:16:00-04:00,7727.5,7727.5,7727.75,7726.75,7727.0,114
2026-09-18 05:17:00-04:00,7727.75,7727.75,7728.25,7727.25,7727.25,118
2026-09-18 05:18:00-04:00,7727.75,7727.75,7727.75,7727.25,7727.75,98
2026-09-18 05:19:00-04:00,7728.25,7728.25,7728.5,7727.5,7727.75,115
2026-09-18 05:20:00-04:00,7728.25,7728.25,7728.5,7727.75,7728.5,123
2026-09-18 05:21:00-04:00,7727.75,7727.75,7728.25,7727.5,7728.25,107
2026-09-18 05:22:00-04:00,7727.75,7727.75,7728.5,7727.5,7727.5,176
2026-09-18 05:23:00-04:00,7727.5,7727.5,7728.0,7727.5,7727.75,80
2026-09-18 05:24:00-04:00,7727.0,7727.0,7727.75,7727.0,7727.5,77
2026-09-18 05:25:00-04:00,7726.25,7726.25,7727.25,7726.0,7727.0,143
2026-09-18 05:26:00-04:00,7724.75,7724.75,7726.25,7724.75,7726.25,246
2026-09-18 05:27:00-04:00,7724.0,7724.0,7724.75,7723.75,7724.75,491
2026-09-18 05:28:00-04:00,7724.25,7724.25,7724.25,7723.5,7724.0,200
2026-09-18 05:29:00-04:00,7723.75,7723.75,7724.25,7723.75,7724.0,258
2026-09-18 05:30:00-04:00,7723.0,7723.0,7723.75,7722.25,7723.75,276
2026-09-18 05:31:00-04:00,7722.0,7722.0,7723.25,7722.0,7723.0,265
2026-09-18 05:32:00-04:00,7723.25,7723.25,7723.25,7722.0,7722.25,202
2026-09-18 05:33:00-04:00,7722.25,7722.25,7723.75,7722.0,7723.5,330
2026-09-18 05:34:00-04:00,7721.75,7721.75,7722.5,7721.5,7722.25,214
2026-09-18 05:35:00-04:00,7722.0,7722.0,7722.25,7721.75,7721.75,97
2026-09-18 05:36:00-04:00,7721.75,7721.75,7723.0,7721.75,7722.25,188
2026-09-18 05:37:00-04:00,7720.5,7720.5,7721.75,7720.5,7721.75,242
2026-09-18 05:38:00-04:00,7719.25,7719.25,7720.75,7719.0,7720.75,408
2026-09-18 05:39:00-04:00,7718.75,7718.75,7719.5,7718.75,7719.0,359
2026-09-18 05:40:00-04:00,7718.75,7718.75,7720.0,7718.25,7718.75,367
2026-09-18 05:41:00-04:00,7718.75,7718.75,7719.25,7718.25,7719.0,295
2026-09-18 05:42:00-04:00,7718.75,7718.75,7718.75,7718.0,7718.75,349
2026-09-18 05:43:00-04:00,7718.75,7718.75,7720.0,7718.75,7718.75,198
2026-09-18 05:44:00-04:00,7717.25,7717.25,7719.25,7717.25,7718.75,299
2026-09-18 05:45:00-04:00,7718.0,7718.0,7718.0,7716.75,7717.5,305
2026-09-18 05:46:00-04:00,7718.75,7718.75,7719.0,7718.0,7718.0,279
2026-09-18 05:47:00-04:00,7718.5,7718.5,7719.0,7718.5,7718.5,209
2026-09-18 05:48:00-04:00,7718.0,7718.0,7718.75,7717.5,7718.5,277
2026-09-18 05:49:00-04:00,7718.25,7718.25,7718.5,7717.75,7718.0,135
2026-09-18 05:50:00-04:00,7719.0,7719.0,7719.25,7717.5,7718.0,444
2026-09-18 05:51:00-04:00,7719.5,7719.5,7719.75,7718.5,7719.0,296
2026-09-18 05:52:00-04:00,7719.0,7719.0,7719.5,7718.75,7719.5,222
2026-09-18 05:53:00-04:00,7718.75,7718.75,7719.5,7718.75,7719.25,143
2026-09-18 05:54:00-04:00,7719.0,7719.0,7719.25,7718.5,7718.75,128
2026-09-18 05:55:00-04:00,7718.25,7718.25,7719.0,7718.0,7719.0,195
2026-09-18 05:56:00-04:00,7718.25,7718.25,7718.5,7717.75,7718.25,153
2026-09-18 05:57:00-04:00,7718.5,7718.5,7718.75,7717.75,7718.25,189
2026-09-18 05:58:00-04:00,7718.5,7718.5,7718.75,7718.0,7718.5,316
2026-09-18 05:59:00-04:00,7717.0,7717.0,7719.25,7716.75,7718.5,461
2026-09-18 06:00:00-04:00,7717.75,7717.75,7718.0,7716.75,7716.75,320
2026-09-18 06:01:00-04:00,7717.0,7717.0,7717.75,7716.5,7717.5,350
2026-09-18 06:02:00-04:00,7717.25,7717.25,7718.0,7717.0,7717.0,146
2026-09-18 06:03:00-04:00,7718.0,7718.0,7718.0,7717.0,7717.0,180
2026-09-18 06:04:00-04:00,7717.0,7717.0,7718.25,7716.0,7718.0,370
2026-09-18 06:05:00-04:00,7716.75,7716.75,7717.75,7716.5,7716.75,247
2026-09-18 06:06:00-04:00,7717.75,7717.75,7717.75,7716.5,7716.75,271
2026-09-18 06:07:00-04:00,7718.25,7718.25,7718.5,7717.25,7717.75,180
2026-09-18 06:08:00-04:00,7717.75,7717.75,7718.25,7717.5,7718.0,197
2026-09-18 06:09:00-04:00,7717.5,7717.5,7718.0,7717.5,7717.75,94
2026-09-18 06:10:00-04:00,7717.75,7717.75,7718.25,7717.5,7717.75,120
2026-09-18 06:11:00-04:00,7717.25,7717.25,7718.0,7716.75,7717.75,289
2026-09-18 06:12:00-04:00,7717.75,7717.75,7718.0,7717.0,7717.25,197
2026-09-18 06:13:00-04:00,7717.75,7717.75,7717.75,7717.0,7717.75,130
2026-09-18 06:14:00-04:00,7718.5,7718.5,7718.5,7717.5,7717.75,197
2026-09-18 06:15:00-04:00,7719.25,7719.25,7719.25,7718.25,7718.25,257
2026-09-18 06:16:00-04:00,7719.0,7719.0,7719.25,7718.5,7719.0,156
2026-09-18 06:17:00-04:00,7719.0,7719.0,7719.5,7719.0,7719.0,223
2026-09-18 06:18:00-04:00,7719.0,7719.0,7719.75,7719.0,7719.25,227
2026-09-18 06:19:00-04:00,7719.0,7719.0,7719.0,7718.0,7719.0,214
2026-09-18 06:20:00-04:00,7719.75,7719.75,7720.25,7719.0,7719.0,186
2026-09-18 06:21:00-04:00,7719.25,7719.25,7720.0,7719.25,7719.75,133
2026-09-18 06:22:00-04:00,7720.0,7720.0,7720.25,7719.5,7719.5,116
2026-09-18 06:23:00-04:00,7719.75,7719.75,7720.0,7719.25,7719.75,152
2026-09-18 06:24:00-04:00,7719.0,7719.0,7720.0,7718.75,7719.75,162
2026-09-18 06:25:00-04:00,7718.5,7718.5,7719.25,7718.5,7719.0,283
2026-09-18 06:26:00-04:00,7718.25,7718.25,7718.5,7717.25,7718.5,1836
2026-09-18 06:27:00-04:00,7718.25,7718.25,7718.5,7717.25,7718.5,1649
2026-09-18 06:28:00-04:00,7718.75,7718.75,7718.75,7717.75,7718.0,254
2026-09-18 06:29:00-04:00,7719.25,7719.25,7719.25,7718.5,7718.75,171
2026-09-18 06:30:00-04:00,7720.25,7720.25,7721.0,7719.0,7719.25,1164
2026-09-18 06:31:00-04:00,7721.25,7721.25,7721.5,7720.0,7720.5,382
2026-09-18 06:32:00-04:00,7721.75,7721.75,7721.75,7721.0,7721.25,241
2026-09-18 06:33:00-04:00,7722.5,7722.5,7722.75,7721.5,7721.75,341
2026-09-18 06:34:00-04:00,7722.75,7722.75,7723.0,7722.25,7722.5,292
2026-09-18 06:35:00-04:00,7723.25,7723.25,7723.5,7722.75,7723.0,337
2026-09-18 06:36:00-04:00,7723.5,7723.5,7724.0,7723.0,7723.0,265
2026-09-18 06:37:00-04:00,7724.75,7724.75,7725.0,7723.75,7723.75,268
2026-09-18 06:38:00-04:00,7724.5,7724.5,7725.25,7724.5,7724.5,240
2026-09-18 06:39:00-04:00,7724.5,7724.5,7725.0,7723.75,7724.75,627
2026-09-18 06:40:00-04:00,7724.75,7724.75,7725.0,7724.25,7724.75,272
2026-09-18 06:41:00-04:00,7725.25,7725.25,7725.25,7724.75,7724.75,223
2026-09-18 06:42:00-04:00,7724.5,7724.5,7725.25,7724.5,7725.0,295
2026-09-18 06:43:00-04:00,7724.75,7724.75,7725.25,7724.25,7724.5,125
2026-09-18 06:44:00-04:00,7724.75,7724.75,7725.0,7724.5,7724.5,137
2026-09-18 06:45:00-04:00,7723.25,7723.25,7725.0,7723.0,7724.75,325
2026-09-18 06:46:00-04:00,7722.25,7722.25,7723.25,7722.0,7723.25,264
2026-09-18 06:47:00-04:00,7722.25,7722.25,7722.5,7722.25,7722.25,84
2026-09-18 06:48:00-04:00,7722.25,7722.25,7722.5,7721.75,7722.25,182
2026-09-18 06:49:00-04:00,7722.5,7722.5,7722.75,7722.0,7722.25,141
2026-09-18 06:50:00-04:00,7722.0,7722.0,7722.75,7722.0,7722.75,133
2026-09-18 06:51:00-04:00,7722.0,7722.0,7722.25,7721.75,7722.25,231
2026-09-18 06:52:00-04:00,7722.0,7722.0,7722.25,7721.5,7722.0,128
2026-09-18 06:53:00-04:00,7721.75,7721.75,7722.0,7721.75,7722.0,113
2026-09-18 06:54:00-04:00,7720.75,7720.75,7722.25,7720.25,7722.0,438
2026-09-18 06:55:00-04:00,7720.75,7720.75,7721.0,7720.0,7720.75,283
2026-09-18 06:56:00-04:00,7721.75,7721.75,7721.75,7720.25,7720.5,333
2026-09-18 06:57:00-04:00,7720.75,7720.75,7721.75,7720.75,7721.5,178
2026-09-18 06:58:00-04:00,7720.0,7720.0,7721.0,7719.75,7720.75,300
2026-09-18 06:59:00-04:00,7720.25,7720.25,7720.5,7719.75,7720.0,187
2026-09-18 07:00:00-04:00,7718.5,7718.5,7720.25,7717.25,7720.25,942
2026-09-18 07:01:00-04:00,7719.75,7719.75,7720.5,7718.25,7718.75,580
2026-09-18 07:02:00-04:00,7720.0,7720.0,7720.75,7719.75,7719.75,299
2026-09-18 07:03:00-04:00,7721.25,7721.25,7721.25,7720.0,7720.0,404
2026-09-18 07:04:00-04:00,7724.0,7724.0,7724.0,7721.5,7721.5,930
2026-09-18 07:05:00-04:00,7714.75,7714.75,7724.0,7714.25,7724.0,4431
2026-09-18 07:06:00-04:00,7717.0,7717.0,7717.25,7713.75,7714.75,1986
2026-09-18 07:07:00-04:00,7717.25,7717.25,7717.75,7716.0,7717.25,274
2026-09-18 07:08:00-04:00,7717.25,7717.25,7718.25,7717.0,7717.5,393
2026-09-18 07:09:00-04:00,7717.75,7717.75,7718.25,7716.75,7717.25,422
2026-09-18 07:10:00-04:00,7718.75,7718.75,7718.75,7717.5,7718.0,440
2026-09-18 07:11:00-04:00,7718.25,7718.25,7719.25,7718.0,7718.75,301
2026-09-18 07:12:00-04:00,7718.5,7718.5,7719.0,7718.0,7718.5,246
2026-09-18 07:13:00-04:00,7715.5,7715.5,7718.5,7715.5,7718.5,312
2026-09-18 07:14:00-04:00,7717.5,7717.5,7717.5,7714.75,7715.25,348
2026-09-18 07:15:00-04:00,7715.75,7715.75,7717.25,7715.5,7717.25,368
2026-09-18 07:16:00-04:00,7714.5,7714.5,7715.75,7714.25,7715.75,325
2026-09-18 07:17:00-04:00,7712.75,7712.75,7714.25,7711.75,7714.25,795
2026-09-18 07:18:00-04:00,7713.0,7713.0,7713.75,7712.75,7713.0,245
2026-09-18 07:19:00-04:00,7713.25,7713.25,7713.5,7712.25,7713.0,376
2026-09-18 07:20:00-04:00,7712.0,7712.0,7713.25,7711.5,7713.25,392
2026-09-18 07:21:00-04:00,7712.5,7712.5,7713.5,7712.0,7712.0,412
2026-09-18 07:22:00-04:00,7714.5,7714.5,7714.75,7712.5,7712.75,400
2026-09-18 07:23:00-04:00,7714.5,7714.5,7714.5,7713.25,7714.25,248
2026-09-18 07:24:00-04:00,7713.25,7713.25,7714.5,7713.0,7714.25,404
2026-09-18 07:25:00-04:00,7713.25,7713.25,7714.0,7713.25,7713.25,299
2026-09-18 07:26:00-04:00,7713.5,7713.5,7713.75,7713.25,7713.25,180
2026-09-18 07:27:00-04:00,7712.75,7712.75,7713.5,7712.5,7713.25,363
2026-09-18 07:28:00-04:00,7713.25,7713.25,7713.5,7712.5,7713.0,270
2026-09-18 07:29:00-04:00,7713.0,7713.0,7713.5,7712.25,7713.25,346
2026-09-18 07:30:00-04:00,7714.0,7714.0,7714.0,7712.75,7712.75,344
2026-09-18 07:31:00-04:00,7716.25,7716.25,7716.25,7713.75,7714.0,359
2026-09-18 07:32:00-04:00,7716.25,7716.25,7716.25,7715.5,7716.0,282
2026-09-18 07:33:00-04:00,7715.5,7715.5,7716.5,7715.5,7716.25,558
2026-09-18 07:34:00-04:00,7715.0,7715.0,7715.75,7714.0,7715.25,738
2026-09-18 07:35:00-04:00,7715.5,7715.5,7715.5,7714.5,7715.0,457
2026-09-18 07:36:00-04:00,7717.25,7717.25,7717.25,7715.5,7715.5,269
2026-09-18 07:37:00-04:00,7717.75,7717.75,7717.75,7717.0,7717.0,240
2026-09-18 07:38:00-04:00,7716.25,7716.25,7717.75,7716.25,7717.75,246
2026-09-18 07:39:00-04:00,7716.25,7716.25,7716.75,7715.75,7716.0,192
2026-09-18 07:40:00-04:00,7715.75,7715.75,7716.5,7714.75,7716.25,300
2026-09-18 07:41:00-04:00,7716.0,7716.0,7716.25,7715.75,7715.75,180
2026-09-18 07:42:00-04:00,7714.0,7714.0,7716.25,7714.0,7716.0,390
2026-09-18 07:43:00-04:00,7713.25,7713.25,7714.5,7713.25,7714.0,317
2026-09-18 07:44:00-04:00,7713.0,7713.0,7713.75,7712.25,7713.5,429
2026-09-18 07:45:00-04:00,7712.5,7712.5,7713.5,7712.5,7713.0,296
2026-09-18 07:46:00-04:00,7713.75,7713.75,7714.0,7712.0,7712.5,305
2026-09-18 07:47:00-04:00,7714.0,7714.0,7714.0,7713.25,7713.5,126
2026-09-18 07:48:00-04:00,7713.75,7713.75,7714.0,7713.5,7714.0,222
2026-09-18 07:49:00-04:00,7713.75,7713.75,7714.25,7713.25,7713.75,223
2026-09-18 07:50:00-04:00,7713.5,7713.5,7713.75,7713.25,7713.5,229
2026-09-18 07:51:00-04:00,7713.0,7713.0,7713.5,7712.75,7713.25,306
2026-09-18 07:52:00-04:00,7712.75,7712.75,7713.0,7712.25,7712.75,225
2026-09-18 07:53:00-04:00,7714.0,7714.0,7714.0,7712.75,7712.75,182
2026-09-18 07:54:00-04:00,7713.5,7713.5,7714.0,7713.25,7713.75,128
2026-09-18 07:55:00-04:00,7712.5,7712.5,7714.0,7712.5,7713.75,241
2026-09-18 07:56:00-04:00,7712.25,7712.25,7712.75,7711.75,7712.25,451
2026-09-18 07:57:00-04:00,7711.0,7711.0,7712.75,7710.75,7712.0,338
2026-09-18 07:58:00-04:00,7711.5,7711.5,7711.5,7710.25,7711.0,510
2026-09-18 07:59:00-04:00,7712.0,7712.0,7712.25,7711.25,7711.5,300
2026-09-18 08:00:00-04:00,7709.5,7709.5,7712.5,7709.25,7712.25,578
2026-09-18 08:01:00-04:00,7709.5,7709.5,7710.0,7708.5,7709.5,533
2026-09-18 08:02:00-04:00,7708.5,7708.5,7710.5,7708.5,7709.75,361
2026-09-18 08:03:00-04:00,7709.25,7709.25,7709.25,7708.25,7708.5,350
2026-09-18 08:04:00-04:00,7712.5,7712.5,7714.5,7708.5,7709.25,2243
2026-09-18 08:05:00-04:00,7709.0,7709.0,7715.0,7708.25,7712.5,3827
2026-09-18 08:06:00-04:00,7708.0,7708.0,7709.0,7707.75,7708.75,599
2026-09-18 08:07:00-04:00,7706.5,7706.5,7708.5,7706.25,7708.25,1022
2026-09-18 08:08:00-04:00,7706.25,7706.25,7707.5,7705.75,7706.5,869
2026-09-18 08:09:00-04:00,7705.5,7705.5,7706.5,7705.5,7706.25,720
2026-09-18 08:10:00-04:00,7705.25,7705.25,7705.75,7704.5,7705.75,914
2026-09-18 08:11:00-04:00,7704.0,7704.0,7705.5,7703.75,7705.25,625
2026-09-18 08:12:00-04:00,7703.25,7703.25,7704.25,7703.0,7704.0,805
2026-09-18 08:13:00-04:00,7703.0,7703.0,7703.5,7702.75,7703.5,704
2026-09-18 08:14:00-04:00,7703.0,7703.0,7703.25,7702.0,7703.0,411
2026-09-18 08:15:00-04:00,7703.0,7703.0,7703.75,7702.75,7703.25,469
2026-09-18 08:16:00-04:00,7702.5,7702.5,7703.5,7702.0,7703.0,642
2026-09-18 08:17:00-04:00,7702.25,7702.25,7702.75,7701.75,7702.5,293
2026-09-18 08:18:00-04:00,7703.25,7703.25,7705.5,7701.25,7702.5,1562
2026-09-18 08:19:00-04:00,7701.0,7701.0,7703.25,7701.0,7703.25,704
2026-09-18 08:20:00-04:00,7699.0,7699.0,7701.0,7698.75,7701.0,1516
2026-09-18 08:21:00-04:00,7700.0,7700.0,7700.25,7698.75,7699.0,953
2026-09-18 08:22:00-04:00,7701.75,7701.75,7702.5,7700.0,7700.0,819
2026-09-18 08:23:00-04:00,7698.5,7698.5,7701.75,7698.5,7701.75,833
2026-09-18 08:24:00-04:00,7697.75,7697.75,7699.0,7697.75,7698.75,656
2026-09-18 08:25:00-04:00,7698.75,7698.75,7699.0,7697.75,7698.0,458
2026-09-18 08:26:00-04:00,7699.5,7699.5,7700.5,7698.75,7698.75,568
2026-09-18 08:27:00-04:00,7699.5,7699.5,7700.0,7699.0,7699.75,327
2026-09-18 08:28:00-04:00,7700.25,7700.25,7700.5,7699.5,7699.5,380
2026-09-18 08:29:00-04:00,7699.0,7699.0,7700.25,7699.0,7700.0,452
2026-09-18 08:30:00-04:00,7699.25,7699.25,7700.0,7698.5,7699.0,407
2026-09-18 08:31:00-04:00,7698.0,7698.0,7700.5,7698.0,7699.5,746
2026-09-18 08:32:00-04:00,7699.5,7699.5,7700.0,7698.0,7698.0,523
2026-09-18 08:33:00-04:00,7701.75,7701.75,7703.0,7699.25,7699.5,757
2026-09-18 08:34:00-04:00,7702.25,7702.25,7702.5,7700.75,7702.0,413
2026-09-18 08:35:00-04:00,7702.75,7702.75,7703.25,7701.25,7702.0,729
2026-09-18 08:36:00-04:00,7703.0,7703.0,7703.25,7702.25,7703.0,580
2026-09-18 08:37:00-04:00,7700.25,7700.25,7703.0,7699.5,7703.0,767
2026-09-18 08:38:00-04:00,7702.25,7702.25,7703.0,7700.5,7700.5,588
2026-09-18 08:39:00-04:00,7702.0,7702.0,7702.5,7701.75,7702.5,379
2026-09-18 08:40:00-04:00,7702.0,7702.0,7702.5,7701.75,7702.0,349
2026-09-18 08:41:00-04:00,7702.5,7702.5,7702.5,7700.75,7702.0,737
2026-09-18 08:42:00-04:00,7703.5,7703.5,7703.5,7701.75,7702.5,715
2026-09-18 08:43:00-04:00,7702.5,7702.5,7703.75,7702.5,7703.25,510
2026-09-18 08:44:00-04:00,7702.5,7702.5,7702.75,7701.75,7702.5,274
2026-09-18 08:45:00-04:00,7702.5,7702.5,7703.0,7702.0,7702.25,393
2026-09-18 08:46:00-04:00,7702.5,7702.5,7703.25,7702.0,7702.25,487
2026-09-18 08:47:00-04:00,7702.5,7702.5,7703.5,7701.75,7702.75,808
2026-09-18 08:48:00-04:00,7702.0,7702.0,7702.5,7701.25,7702.5,427
2026-09-18 08:49:00-04:00,7701.0,7701.0,7702.25,7701.0,7702.25,360
2026-09-18 08:50:00-04:00,7701.25,7701.25,7701.5,7700.5,7701.0,549
2026-09-18 08:51:00-04:00,7702.0,7702.0,7702.25,7701.0,7701.0,393
2026-09-18 08:52:00-04:00,7701.0,7701.0,7701.75,7700.75,7701.75,399
2026-09-18 08:53:00-04:00,7701.5,7701.5,7701.5,7700.75,7701.0,240
2026-09-18 08:54:00-04:00,7701.5,7701.5,7701.5,7701.25,7701.25,258
2026-09-18 08:55:00-04:00,7701.75,7701.75,7702.0,7701.25,7701.75,357
2026-09-18 08:56:00-04:00,7701.0,7701.0,7701.5,7700.5,7701.5,417
2026-09-18 08:57:00-04:00,7700.75,7700.75,7701.25,7700.0,7701.0,419
2026-09-18 08:58:00-04:00,7699.75,7699.75,7701.0,7699.25,7700.75,543
2026-09-18 08:59:00-04:00,7700.75,7700.75,7701.0,7699.5,7699.75,655
2026-09-18 09:00:00-04:00,7701.0,7701.0,7701.25,7700.0,7700.75,965
2026-09-18 09:01:00-04:00,7700.75,7700.75,7702.25,7700.75,7701.25,584
2026-09-18 09:02:00-04:00,7699.75,7699.75,7701.25,7699.25,7700.75,1311
2026-09-18 09:03:00-04:00,7700.5,7700.5,7700.5,7699.5,7699.75,586
2026-09-18 09:04:00-04:00,7700.25,7700.25,7701.0,7700.0,7700.5,528
2026-09-18 09:05:00-04:00,7701.0,7701.0,7701.0,7700.25,7700.25,703
2026-09-18 09:06:00-04:00,7701.5,7701.5,7702.5,7701.0,7701.0,708
2026-09-18 09:07:00-04:00,7700.5,7700.5,7701.5,7700.0,7701.25,796
2026-09-18 09:08:00-04:00,7701.5,7701.5,7702.0,7700.25,7700.75,1202
2026-09-18 09:09:00-04:00,7701.75,7701.75,7702.0,7701.0,7701.5,585
2026-09-18 09:10:00-04:00,7702.25,7702.25,7702.5,7701.5,7701.75,466
2026-09-18 09:11:00-04:00,7702.75,7702.75,7703.0,7702.0,7702.25,414
2026-09-18 09:12:00-04:00,7701.75,7701.75,7703.0,7701.5,7702.75,483
2026-09-18 09:13:00-04:00,7701.75,7701.75,7702.0,7701.25,7701.75,827
2026-09-18 09:14:00-04:00,7701.5,7701.5,7701.75,7701.0,7701.75,574
2026-09-18 09:15:00-04:00,7701.5,7701.5,7701.75,7701.0,7701.5,530
2026-09-18 09:16:00-04:00,7703.0,7703.0,7703.0,7701.5,7701.5,1480
2026-09-18 09:17:00-04:00,7702.5,7702.5,7703.25,7702.25,7702.75,1008
2026-09-18 09:18:00-04:00,7702.0,7702.0,7703.0,7701.75,7702.5,496
2026-09-18 09:19:00-04:00,7702.75,7702.75,7702.75,7701.5,7701.75,259
2026-09-18 09:20:00-04:00,7701.75,7701.75,7702.75,7701.5,7702.5,349
2026-09-18 09:21:00-04:00,7702.25,7702.25,7702.25,7701.25,7701.75,377
2026-09-18 09:22:00-04:00,7701.0,7701.0,7702.5,7701.0,7702.25,569
2026-09-18 09:23:00-04:00,7700.5,7700.5,7701.25,7700.0,7701.25,672
2026-09-18 09:24:00-04:00,7698.25,7698.25,7700.75,7698.0,7700.5,1550
2026-09-18 09:25:00-04:00,7695.0,7695.0,7698.0,7693.5,7698.0,5226
2026-09-18 09:26:00-04:00,7693.75,7693.75,7696.0,7692.25,7695.25,3221
2026-09-18 09:27:00-04:00,7702.0,7702.0,7702.75,7692.75,7693.75,5273
2026-09-18 09:28:00-04:00,7705.75,7705.75,7706.5,7701.25,7701.75,8359
2026-09-18 09:29:00-04:00,7709.75,7709.75,7710.0,7704.25,7706.0,7374
2026-09-18 09:30:00-04:00,7708.75,7708.75,7713.0,7706.25,7710.0,17926
2026-09-18 09:31:00-04:00,7713.25,7713.25,7713.25,7708.0,7708.75,6741
2026-09-18 09:32:00-04:00,7712.0,7712.0,7714.5,7710.25,7713.0,6397
2026-09-18 09:33:00-04:00,7708.75,7708.75,7712.25,7708.5,7712.25,4545
2026-09-18 09:34:00-04:00,7706.75,7706.75,7710.25,7706.75,7709.0,3923
2026-09-18 09:35:00-04:00,7703.25,7703.25,7706.75,7702.75,7706.75,7394
2026-09-18 09:36:00-04:00,7704.0,7704.0,7704.75,7701.75,7703.5,4685
2026-09-18 09:37:00-04:00,7706.5,7706.5,7706.5,7702.5,7704.0,4029
2026-09-18 09:38:00-04:00,7705.0,7705.0,7708.0,7704.75,7706.5,3587
2026-09-18 09:39:00-04:00,7705.0,7705.0,7706.75,7704.75,7705.25,2483
2026-09-18 09:40:00-04:00,7707.0,7707.0,7708.75,7704.5,7705.25,4315
2026-09-18 09:41:00-04:00,7708.75,7708.75,7710.25,7705.25,7707.0,3536
2026-09-18 09:42:00-04:00,7707.0,7707.0,7708.75,7706.25,7708.75,3211
2026-09-18 09:43:00-04:00,7704.25,7704.25,7709.0,7703.75,7707.0,3415
2026-09-18 09:44:00-04:00,7705.0,7705.0,7705.25,7703.5,7704.25,3335
2026-09-18 09:45:00-04:00,7706.25,7706.25,7706.5,7704.5,7705.0,3197
2026-09-18 09:46:00-04:00,7707.0,7707.0,7707.5,7705.5,7706.0,2628
2026-09-18 09:47:00-04:00,7703.5,7703.5,7707.25,7703.25,7707.25,3189
2026-09-18 09:48:00-04:00,7701.75,7701.75,7704.25,7701.75,7703.25,2847
2026-09-18 09:49:00-04:00,7701.0,7701.0,7702.5,7700.5,7702.0,3659
2026-09-18 09:50:00-04:00,7698.75,7698.75,7701.25,7698.0,7700.75,4945
2026-09-18 09:51:00-04:00,7699.0,7699.0,7699.25,7697.0,7698.75,3950
2026-09-18 09:52:00-04:00,7701.0,7701.0,7701.25,7698.0,7699.25,3063
2026-09-18 09:53:00-04:00,7698.0,7698.0,7701.25,7698.0,7701.0,2848
2026-09-18 09:54:00-04:00,7695.0,7695.0,7698.75,7694.75,7698.0,4793
2026-09-18 09:55:00-04:00,7696.0,7696.0,7696.5,7693.75,7695.0,4092
2026-09-18 09:56:00-04:00,7695.75,7695.75,7697.0,7695.25,7696.25,2803
2026-09-18 09:57:00-04:00,7694.0,7694.0,7695.75,7692.5,7695.75,4171
2026-09-18 09:58:00-04:00,7693.25,7693.25,7696.0,7693.25,7694.0,3325
2026-09-18 09:59:00-04:00,7693.0,7693.0,7693.25,7691.25,7693.25,3205
2026-09-18 10:00:00-04:00,7694.0,7694.0,7694.25,7690.5,7693.0,5214
2026-09-18 10:01:00-04:00,7690.0,7690.0,7695.25,7689.75,7693.75,4962
2026-09-18 10:02:00-04:00,7686.5,7686.5,7690.0,7685.75,7690.0,5857
2026-09-18 10:03:00-04:00,7685.75,7685.75,7687.25,7685.0,7686.25,4912
2026-09-18 10:04:00-04:00,7686.25,7686.25,7687.5,7685.5,7685.5,4501
2026-09-18 10:05:00-04:00,7686.5,7686.5,7686.75,7684.0,7686.25,5223
2026-09-18 10:06:00-04:00,7687.25,7687.25,7688.5,7685.5,7686.5,4796
2026-09-18 10:07:00-04:00,7685.25,7685.25,7687.0,7684.75,7687.0,3672
2026-09-18 10:08:00-04:00,7687.75,7687.75,7688.0,7684.75,7685.5,4272
2026-09-18 10:09:00-04:00,7690.25,7690.25,7690.5,7687.0,7688.0,3837
2026-09-18 10:10:00-04:00,7694.0,7694.0,7694.0,7690.0,7690.0,5099
2026-09-18 10:11:00-04:00,7694.75,7694.75,7695.0,7693.25,7694.0,4218
2026-09-18 10:12:00-04:00,7692.5,7692.5,7695.0,7690.5,7694.75,4982
2026-09-18 10:13:00-04:00,7690.5,7690.5,7692.75,7688.25,7692.25,5478
2026-09-18 10:14:00-04:00,7688.0,7688.0,7691.0,7687.5,7690.75,3425
2026-09-18 10:15:00-04:00,7687.25,7687.25,7689.0,7686.5,7687.75,3197
2026-09-18 10:16:00-04:00,7684.0,7684.0,7687.75,7683.25,7687.25,4301
2026-09-18 10:17:00-04:00,7685.75,7685.75,7687.0,7683.25,7684.0,4016
2026-09-18 10:18:00-04:00,7688.5,7688.5,7688.5,7685.75,7685.75,2810
2026-09-18 10:19:00-04:00,7689.25,7689.25,7689.5,7687.0,7688.5,3080
2026-09-18 10:20:00-04:00,7687.75,7687.75,7689.75,7686.5,7689.25,3756
2026-09-18 10:21:00-04:00,7688.5,7688.5,7689.25,7687.5,7687.75,2571
2026-09-18 10:22:00-04:00,7691.5,7691.5,7691.75,7688.5,7688.5,3618
2026-09-18 10:23:00-04:00,7691.0,7691.0,7691.5,7689.0,7691.25,2901
2026-09-18 10:24:00-04:00,7687.0,7687.0,7691.0,7687.0,7691.0,2599
2026-09-18 10:25:00-04:00,7687.25,7687.25,7688.0,7686.25,7687.25,1867
2026-09-18 10:26:00-04:00,7687.0,7687.0,7688.75,7686.75,7687.0,2298
2026-09-18 10:27:00-04:00,7689.5,7689.5,7690.0,7687.25,7687.25,1837
2026-09-18 10:28:00-04:00,7690.0,7690.0,7692.0,7689.25,7689.25,2509
2026-09-18 10:29:00-04:00,7689.0,7689.0,7690.25,7688.75,7690.0,1908
2026-09-18 10:30:00-04:00,7689.0,7689.0,7690.0,7688.25,7688.75,2772
2026-09-18 10:31:00-04:00,7687.25,7687.25,7689.5,7687.0,7688.75,3061
2026-09-18 10:32:00-04:00,7688.5,7688.5,7689.75,7687.25,7687.5,2592
2026-09-18 10:33:00-04:00,7688.0,7688.0,7688.75,7687.0,7688.5,2681
2026-09-18 10:34:00-04:00,7687.5,7687.5,7688.5,7686.25,7688.0,2184
2026-09-18 10:35:00-04:00,7687.25,7687.25,7688.75,7686.75,7687.5,2215
2026-09-18 10:36:00-04:00,7686.25,7686.25,7687.5,7685.25,7687.5,3166
2026-09-18 10:37:00-04:00,7687.75,7687.75,7688.5,7686.0,7686.25,2177
2026-09-18 10:38:00-04:00,7689.0,7689.0,7689.25,7687.75,7687.75,1701
2026-09-18 10:39:00-04:00,7690.5,7690.5,7693.5,7688.75,7689.0,8660
2026-09-18 10:40:00-04:00,7690.5,7690.5,7690.75,7689.0,7690.5,2878
2026-09-18 10:41:00-04:00,7689.0,7689.0,7690.75,7688.0,7690.5,2669
2026-09-18 10:42:00-04:00,7685.75,7685.75,7689.25,7684.5,7689.25,2956
2026-09-18 10:43:00-04:00,7684.75,7684.75,7686.0,7684.0,7686.0,2714
2026-09-18 10:44:00-04:00,7685.5,7685.5,7685.75,7684.25,7684.75,2025
2026-09-18 10:45:00-04:00,7685.25,7685.25,7686.25,7684.0,7685.75,2712
2026-09-18 10:46:00-04:00,7687.5,7687.5,7689.0,7685.0,7685.0,3287
2026-09-18 10:47:00-04:00,7686.75,7686.75,7689.0,7686.25,7687.75,2412
2026-09-18 10:48:00-04:00,7688.0,7688.0,7688.0,7686.25,7686.5,2114
2026-09-18 10:49:00-04:00,7690.0,7690.0,7690.75,7687.75,7688.0,2806
2026-09-18 10:50:00-04:00,7691.75,7691.75,7692.0,7688.75,7690.0,3154
2026-09-18 10:51:00-04:00,7693.0,7693.0,7693.25,7690.75,7691.75,3291
2026-09-18 10:52:00-04:00,7694.5,7694.5,7695.25,7692.25,7693.25,4119
2026-09-18 10:53:00-04:00,7694.5,7694.5,7695.0,7693.5,7694.5,3078
2026-09-18 10:54:00-04:00,7693.75,7693.75,7694.5,7692.5,7694.5,1979
2026-09-18 10:55:00-04:00,7692.75,7692.75,7694.75,7692.5,7694.0,2097
2026-09-18 10:56:00-04:00,7692.5,7692.5,7693.75,7692.0,7693.0,1582
2026-09-18 10:57:00-04:00,7692.75,7692.75,7693.25,7691.75,7692.75,1943
2026-09-18 10:58:00-04:00,7693.0,7693.0,7694.25,7692.25,7692.75,2412
2026-09-18 10:59:00-04:00,7695.0,7695.0,7695.25,7693.25,7693.25,2279
2026-09-18 11:00:00-04:00,7693.75,7693.75,7695.5,7693.0,7695.0,3077
2026-09-18 11:01:00-04:00,7692.25,7692.25,7694.25,7692.0,7694.0,1686
2026-09-18 11:02:00-04:00,7691.5,7691.5,7692.25,7689.5,7692.25,3430
2026-09-18 11:03:00-04:00,7692.75,7692.75,7693.25,7690.25,7691.5,2444
2026-09-18 11:04:00-04:00,7692.5,7692.5,7693.25,7691.75,7692.75,1582
2026-09-18 11:05:00-04:00,7695.0,7695.0,7695.0,7691.5,7692.25,2340
2026-09-18 11:06:00-04:00,7694.75,7694.75,7696.0,7693.25,7695.0,2662
2026-09-18 11:07:00-04:00,7695.75,7695.75,7695.75,7694.25,7694.75,1798
2026-09-18 11:08:00-04:00,7695.25,7695.25,7695.75,7693.5,7695.75,1730
2026-09-18 11:09:00-04:00,7693.0,7693.0,7695.5,7692.75,7695.25,1949
2026-09-18 11:10:00-04:00,7694.5,7694.5,7694.75,7692.25,7692.75,1731
2026-09-18 11:11:00-04:00,7692.0,7692.0,7695.0,7691.75,7694.75,1974
2026-09-18 11:12:00-04:00,7691.5,7691.5,7692.5,7691.0,7691.75,1729
2026-09-18 11:13:00-04:00,7692.75,7692.75,7693.25,7690.5,7691.5,2493
2026-09-18 11:14:00-04:00,7691.25,7691.25,7692.75,7690.5,7692.5,1253
2026-09-18 11:15:00-04:00,7692.0,7692.0,7692.75,7691.0,7691.25,1451
2026-09-18 11:16:00-04:00,7690.0,7690.0,7692.25,7690.0,7692.0,1625
2026-09-18 11:17:00-04:00,7690.5,7690.5,7692.0,7690.0,7690.25,1919
2026-09-18 11:18:00-04:00,7690.5,7690.5,7691.75,7690.0,7690.75,1336
2026-09-18 11:19:00-04:00,7693.25,7693.25,7693.5,7690.5,7690.5,1830
2026-09-18 11:20:00-04:00,7693.75,7693.75,7694.0,7692.5,7693.25,1819
2026-09-18 11:21:00-04:00,7692.0,7692.0,7693.75,7692.0,7693.75,1464
2026-09-18 11:22:00-04:00,7692.5,7692.5,7694.0,7692.0,7692.0,1536
2026-09-18 11:23:00-04:00,7693.25,7693.25,7694.5,7692.5,7692.75,1457
2026-09-18 11:24:00-04:00,7693.75,7693.75,7694.0,7692.5,7693.25,1349
2026-09-18 11:25:00-04:00,7694.75,7694.75,7695.0,7693.5,7693.75,1377
2026-09-18 11:26:00-04:00,7695.0,7695.0,7696.25,7694.75,7694.75,2005
2026-09-18 11:27:00-04:00,7695.0,7695.0,7695.75,7694.5,7695.25,1344
2026-09-18 11:28:00-04:00,7695.25,7695.25,7696.0,7695.0,7695.25,1618
2026-09-18 11:29:00-04:00,7695.5,7695.5,7696.25,7694.0,7695.25,2331
2026-09-18 11:30:00-04:00,7692.75,7692.75,7697.0,7691.5,7695.5,6316
2026-09-18 11:31:00-04:00,7692.0,7692.0,7693.5,7691.25,7692.75,4417
2026-09-18 11:32:00-04:00,7692.25,7692.25,7692.5,7690.5,7692.0,2420
2026-09-18 11:33:00-04:00,7693.25,7693.25,7693.75,7691.75,7692.5,1957
2026-09-18 11:34:00-04:00,7693.75,7693.75,7693.75,7691.5,7693.25,1902
2026-09-18 11:35:00-04:00,7693.75,7693.75,7694.25,7692.75,7693.5,1643
2026-09-18 11:36:00-04:00,7693.75,7693.75,7694.75,7692.75,7694.0,1598
2026-09-18 11:37:00-04:00,7691.75,7691.75,7693.75,7691.5,7693.75,1836
2026-09-18 11:38:00-04:00,7689.75,7689.75,7691.75,7689.5,7691.5,2914
2026-09-18 11:39:00-04:00,7688.5,7688.5,7690.0,7687.75,7690.0,3182
2026-09-18 11:40:00-04:00,7687.25,7687.25,7688.5,7686.5,7688.25,3891
2026-09-18 11:41:00-04:00,7687.75,7687.75,7688.5,7687.0,7687.25,2557
2026-09-18 11:42:00-04:00,7688.75,7688.75,7688.75,7687.0,7687.75,2347
2026-09-18 11:43:00-04:00,7688.25,7688.25,7689.5,7688.25,7688.5,1613
2026-09-18 11:44:00-04:00,7688.25,7688.25,7689.0,7687.5,7688.5,2172
2026-09-18 11:45:00-04:00,7686.5,7686.5,7689.5,7686.5,7688.5,2121
2026-09-18 11:46:00-04:00,7687.0,7687.0,7688.5,7686.5,7686.5,2062
2026-09-18 11:47:00-04:00,7687.0,7687.0,7687.5,7686.5,7687.0,1304
2026-09-18 11:48:00-04:00,7687.25,7687.25,7688.0,7686.25,7687.0,1320
2026-09-18 11:49:00-04:00,7687.0,7687.0,7687.75,7686.5,7687.25,1404
2026-09-18 11:50:00-04:00,7688.75,7688.75,7688.75,7686.25,7687.0,1483
2026-09-18 11:51:00-04:00,7687.5,7687.5,7689.0,7687.25,7688.75,1339
2026-09-18 11:52:00-04:00,7687.25,7687.25,7687.25,7685.75,7687.25,1180
2026-09-18 11:53:00-04:00,7685.25,7685.25,7687.5,7685.0,7687.25,1143
2026-09-18 11:54:00-04:00,7684.75,7684.75,7685.75,7684.25,7685.25,1555
2026-09-18 11:55:00-04:00,7685.0,7685.0,7685.75,7684.75,7685.0,1568
2026-09-18 11:56:00-04:00,7686.75,7686.75,7687.5,7685.25,7685.25,1795
2026-09-18 11:57:00-04:00,7685.5,7685.5,7687.5,7685.25,7687.0,1534
2026-09-18 11:58:00-04:00,7684.0,7684.0,7685.75,7684.0,7685.25,1567
2026-09-18 11:59:00-04:00,7685.5,7685.5,7685.5,7683.75,7684.0,1852
2026-09-18 12:00:00-04:00,7683.5,7683.5,7685.5,7682.75,7685.25,2332
2026-09-18 12:01:00-04:00,7683.0,7683.0,7684.5,7682.25,7683.5,1838
2026-09-18 12:02:00-04:00,7683.75,7683.75,7684.25,7682.0,7682.75,1844
2026-09-18 12:03:00-04:00,7683.5,7683.5,7684.5,7682.75,7683.5,1128
2026-09-18 12:04:00-04:00,7683.5,7683.5,7683.75,7682.75,7683.5,1319
2026-09-18 12:05:00-04:00,7684.25,7684.25,7684.75,7683.25,7683.5,1253
2026-09-18 12:06:00-04:00,7686.25,7686.25,7686.75,7684.25,7684.25,2133
2026-09-18 12:07:00-04:00,7687.75,7687.75,7687.75,7686.25,7686.5,1805
2026-09-18 12:08:00-04:00,7685.25,7685.25,7687.75,7685.25,7687.75,1167
2026-09-18 12:09:00-04:00,7687.0,7687.0,7687.0,7685.0,7685.0,1561
2026-09-18 12:10:00-04:00,7686.25,7686.25,7687.25,7685.75,7687.0,1135
2026-09-18 12:11:00-04:00,7686.5,7686.5,7687.25,7685.75,7686.5,1191
2026-09-18 12:12:00-04:00,7686.5,7686.5,7687.5,7686.25,7686.25,1451
2026-09-18 12:13:00-04:00,7685.25,7685.25,7686.75,7685.25,7686.5,1599
2026-09-18 12:14:00-04:00,7685.75,7685.75,7686.75,7685.0,7685.0,1558
2026-09-18 12:15:00-04:00,7684.75,7684.75,7686.25,7684.5,7685.75,1796
2026-09-18 12:16:00-04:00,7684.5,7684.5,7685.75,7684.25,7684.5,1390
2026-09-18 12:17:00-04:00,7685.5,7685.5,7686.25,7684.75,7684.75,1280
2026-09-18 12:18:00-04:00,7686.25,7686.25,7687.25,7685.5,7685.5,1066
2026-09-18 12:19:00-04:00,7686.5,7686.5,7686.5,7685.75,7686.25,852
2026-09-18 12:20:00-04:00,7685.25,7685.25,7686.5,7684.5,7686.5,1233
2026-09-18 12:21:00-04:00,7685.5,7685.5,7685.75,7684.75,7685.5,964
2026-09-18 12:22:00-04:00,7684.5,7684.5,7685.5,7684.0,7685.25,700
2026-09-18 12:23:00-04:00,7678.5,7678.5,7684.75,7678.25,7684.5,4756
2026-09-18 12:24:00-04:00,7677.75,7677.75,7678.75,7677.25,7678.5,4051
2026-09-18 12:25:00-04:00,7677.0,7677.0,7678.0,7675.0,7677.75,5251
2026-09-18 12:26:00-04:00,7677.5,7677.5,7678.5,7676.25,7677.0,2769
2026-09-18 12:27:00-04:00,7679.75,7679.75,7680.0,7677.5,7677.5,2509
2026-09-18 12:28:00-04:00,7681.5,7681.5,7683.25,7679.25,7679.75,10010
2026-09-18 12:29:00-04:00,7683.25,7683.25,7684.75,7681.0,7681.5,4376
2026-09-18 12:30:00-04:00,7685.25,7685.25,7685.25,7681.25,7683.25,4253
2026-09-18 12:31:00-04:00,7683.25,7683.25,7685.5,7683.0,7685.25,2485
2026-09-18 12:32:00-04:00,7684.5,7684.5,7684.75,7682.75,7683.25,1734
2026-09-18 12:33:00-04:00,7687.25,7687.25,7687.75,7684.25,7684.5,4775
2026-09-18 12:34:00-04:00,7687.0,7687.0,7689.0,7686.5,7687.25,2779
2026-09-18 12:35:00-04:00,7687.0,7687.0,7688.5,7686.5,7687.0,1821
2026-09-18 12:36:00-04:00,7685.75,7685.75,7688.0,7685.75,7687.25,1571
2026-09-18 12:37:00-04:00,7685.25,7685.25,7686.75,7685.25,7685.75,1319
2026-09-18 12:38:00-04:00,7684.5,7684.5,7686.5,7684.0,7685.25,2061
2026-09-18 12:39:00-04:00,7685.5,7685.5,7686.75,7684.25,7684.5,1284
2026-09-18 12:40:00-04:00,7685.0,7685.0,7686.25,7685.0,7685.5,1151
2026-09-18 12:41:00-04:00,7684.25,7684.25,7685.75,7684.25,7685.25,1069
2026-09-18 12:42:00-04:00,7686.75,7686.75,7687.0,7684.0,7684.5,1260
2026-09-18 12:43:00-04:00,7686.0,7686.0,7687.25,7685.75,7687.0,933
2026-09-18 12:44:00-04:00,7686.75,7686.75,7688.75,7686.0,7686.25,1959
2026-09-18 12:45:00-04:00,7686.75,7686.75,7687.25,7686.0,7686.75,1632
2026-09-18 12:46:00-04:00,7685.25,7685.25,7687.25,7685.25,7686.75,984
2026-09-18 12:47:00-04:00,7686.0,7686.0,7686.25,7683.5,7685.25,1819
2026-09-18 12:48:00-04:00,7685.0,7685.0,7686.0,7684.75,7686.0,1384
2026-09-18 12:49:00-04:00,7687.5,7687.5,7687.75,7685.0,7685.0,1438
2026-09-18 12:50:00-04:00,7688.0,7688.0,7688.75,7687.5,7687.5,1768
2026-09-18 12:51:00-04:00,7689.0,7689.0,7689.5,7687.5,7688.0,1479
2026-09-18 12:52:00-04:00,7690.25,7690.25,7690.75,7688.75,7688.75,2488
2026-09-18 12:53:00-04:00,7691.0,7691.0,7691.5,7690.25,7690.5,1510
2026-09-18 12:54:00-04:00,7690.25,7690.25,7691.0,7690.0,7691.0,1374
2026-09-18 12:55:00-04:00,7690.5,7690.5,7690.75,7689.75,7690.5,1022
2026-09-18 12:56:00-04:00,7689.75,7689.75,7690.75,7689.25,7690.5,1056
2026-09-18 12:57:00-04:00,7690.25,7690.25,7690.75,7689.75,7689.75,952
2026-09-18 12:58:00-04:00,7689.75,7689.75,7691.5,7689.0,7690.25,3312
2026-09-18 12:59:00-04:00,7689.75,7689.75,7690.0,7689.0,7689.5,1245
2026-09-18 13:00:00-04:00,7688.5,7688.5,7690.0,7687.5,7690.0,2309
2026-09-18 13:01:00-04:00,7689.0,7689.0,7689.25,7688.25,7688.5,976
2026-09-18 13:02:00-04:00,7689.25,7689.25,7689.75,7688.75,7688.75,887
2026-09-18 13:03:00-04:00,7690.0,7690.0,7690.75,7688.75,7689.0,1033
2026-09-18 13:04:00-04:00,7689.75,7689.75,7690.25,7689.5,7690.0,752
2026-09-18 13:05:00-04:00,7690.75,7690.75,7691.0,7689.25,7689.5,1140
2026-09-18 13:06:00-04:00,7690.25,7690.25,7691.5,7690.25,7690.5,1013
2026-09-18 13:07:00-04:00,7690.75,7690.75,7691.0,7690.0,7690.25,613
2026-09-18 13:08:00-04:00,7690.0,7690.0,7691.5,7690.0,7690.75,886
2026-09-18 13:09:00-04:00,7689.25,7689.25,7690.25,7688.5,7690.25,1267
2026-09-18 13:10:00-04:00,7688.0,7688.0,7689.5,7687.75,7689.25,1481
2026-09-18 13:11:00-04:00,7687.75,7687.75,7688.5,7687.0,7688.25,1795
2026-09-18 13:12:00-04:00,7686.5,7686.5,7688.0,7686.25,7687.75,1243
2026-09-18 13:13:00-04:00,7688.5,7688.5,7689.0,7686.75,7686.75,1101
2026-09-18 13:14:00-04:00,7689.25,7689.25,7689.25,7688.25,7688.5,514
2026-09-18 13:15:00-04:00,7690.5,7690.5,7690.5,7688.5,7689.25,1502
2026-09-18 13:16:00-04:00,7689.25,7689.25,7690.25,7688.5,7690.25,1250
2026-09-18 13:17:00-04:00,7690.5,7690.5,7691.0,7689.0,7689.25,1141
2026-09-18 13:18:00-04:00,7688.75,7688.75,7690.75,7688.75,7690.75,1006
2026-09-18 13:19:00-04:00,7689.5,7689.5,7689.5,7688.5,7689.0,931
2026-09-18 13:20:00-04:00,7688.75,7688.75,7689.75,7688.5,7689.75,672
2026-09-18 13:21:00-04:00,7689.75,7689.75,7690.0,7689.0,7689.0,555
2026-09-18 13:22:00-04:00,7690.5,7690.5,7690.75,7689.0,7689.75,666
2026-09-18 13:23:00-04:00,7690.5,7690.5,7691.0,7690.25,7690.75,903
2026-09-18 13:24:00-04:00,7691.25,7691.25,7691.25,7690.5,7690.5,591
2026-09-18 13:25:00-04:00,7691.5,7691.5,7692.0,7690.5,7691.25,980
2026-09-18 13:26:00-04:00,7691.25,7691.25,7691.75,7690.75,7691.5,555
2026-09-18 13:27:00-04:00,7691.5,7691.5,7691.75,7691.0,7691.5,655
2026-09-18 13:28:00-04:00,7690.5,7690.5,7692.0,7690.5,7691.75,582
2026-09-18 13:29:00-04:00,7690.0,7690.0,7691.0,7689.75,7690.5,888
2026-09-18 13:30:00-04:00,7689.5,7689.5,7690.5,7688.75,7690.25,1035
2026-09-18 13:31:00-04:00,7689.25,7689.25,7689.5,7689.0,7689.25,895
2026-09-18 13:32:00-04:00,7689.5,7689.5,7689.75,7688.75,7689.25,833
2026-09-18 13:33:00-04:00,7689.0,7689.0,7689.5,7688.25,7689.5,940
2026-09-18 13:34:00-04:00,7690.25,7690.25,7690.75,7689.0,7689.0,1442
2026-09-18 13:35:00-04:00,7692.25,7692.25,7692.25,7690.25,7690.25,1446
2026-09-18 13:36:00-04:00,7692.5,7692.5,7693.25,7692.0,7692.0,1466
2026-09-18 13:37:00-04:00,7692.5,7692.5,7693.5,7692.25,7692.75,1049
2026-09-18 13:38:00-04:00,7692.75,7692.75,7692.75,7692.0,7692.75,684
2026-09-18 13:39:00-04:00,7693.0,7693.0,7693.25,7692.5,7693.0,590
2026-09-18 13:40:00-04:00,7693.0,7693.0,7693.25,7692.5,7693.0,966
2026-09-18 13:41:00-04:00,7692.5,7692.5,7692.75,7692.0,7692.75,905
2026-09-18 13:42:00-04:00,7692.25,7692.25,7692.5,7691.5,7692.25,873
2026-09-18 13:43:00-04:00,7692.25,7692.25,7692.75,7692.0,7692.0,803
2026-09-18 13:44:00-04:00,7694.0,7694.0,7694.0,7692.5,7692.5,1563
2026-09-18 13:45:00-04:00,7693.5,7693.5,7694.25,7693.5,7694.0,1910
2026-09-18 13:46:00-04:00,7693.5,7693.5,7694.0,7693.0,7693.5,804
2026-09-18 13:47:00-04:00,7693.5,7693.5,7694.5,7693.5,7693.75,1130
2026-09-18 13:48:00-04:00,7693.0,7693.0,7694.25,7693.0,7693.75,1262
2026-09-18 13:49:00-04:00,7692.75,7692.75,7693.25,7692.25,7692.75,773
2026-09-18 13:50:00-04:00,7693.75,7693.75,7693.75,7692.5,7692.5,926
2026-09-18 13:51:00-04:00,7694.25,7694.25,7694.5,7693.75,7693.75,977
2026-09-18 13:52:00-04:00,7694.75,7694.75,7695.0,7693.75,7694.0,809
2026-09-18 13:53:00-04:00,7694.5,7694.5,7695.0,7694.0,7694.75,897
2026-09-18 13:54:00-04:00,7694.25,7694.25,7694.75,7694.0,7694.5,579
2026-09-18 13:55:00-04:00,7694.25,7694.25,7694.5,7693.5,7694.0,927
2026-09-18 13:56:00-04:00,7694.5,7694.5,7694.5,7694.0,7694.0,670
2026-09-18 13:57:00-04:00,7694.5,7694.5,7695.0,7694.25,7694.25,735
2026-09-18 13:58:00-04:00,7694.5,7694.5,7694.5,7693.75,7694.25,1012
2026-09-18 13:59:00-04:00,7694.5,7694.5,7695.0,7694.5,7694.75,1041
2026-09-18 14:00:00-04:00,7693.25,7693.25,7694.75,7693.0,7694.75,1520
2026-09-18 14:01:00-04:00,7695.0,7695.0,7696.0,7693.0,7693.0,1959
2026-09-18 14:02:00-04:00,7695.75,7695.75,7695.75,7695.0,7695.25,1207
2026-09-18 14:03:00-04:00,7695.5,7695.5,7695.75,7694.75,7695.5,694
2026-09-18 14:04:00-04:00,7695.25,7695.25,7696.0,7695.25,7695.5,903
2026-09-18 14:05:00-04:00,7695.25,7695.25,7695.75,7694.75,7695.5,1028
2026-09-18 14:06:00-04:00,7694.5,7694.5,7695.25,7694.25,7695.0,1013
2026-09-18 14:07:00-04:00,7694.75,7694.75,7694.75,7694.0,7694.5,867
2026-09-18 14:08:00-04:00,7694.5,7694.5,7695.25,7694.25,7695.0,678
2026-09-18 14:09:00-04:00,7694.25,7694.25,7694.5,7693.75,7694.25,748
2026-09-18 14:10:00-04:00,7695.0,7695.0,7695.0,7694.0,7694.5,648
2026-09-18 14:11:00-04:00,7694.0,7694.0,7694.75,7693.0,7694.75,1575
2026-09-18 14:12:00-04:00,7694.5,7694.5,7694.75,7693.0,7694.25,1348
2026-09-18 14:13:00-04:00,7695.25,7695.25,7695.25,7693.75,7694.5,1210
2026-09-18 14:14:00-04:00,7694.5,7694.5,7695.5,7694.25,7695.25,687
2026-09-18 14:15:00-04:00,7695.25,7695.25,7695.5,7694.5,7694.5,691
2026-09-18 14:16:00-04:00,7696.0,7696.0,7696.5,7695.0,7695.25,1168
2026-09-18 14:17:00-04:00,7695.75,7695.75,7696.5,7695.25,7696.0,1138
2026-09-18 14:18:00-04:00,7696.75,7696.75,7697.0,7695.75,7695.75,1111
2026-09-18 14:19:00-04:00,7697.75,7697.75,7697.75,7696.25,7696.75,1202
2026-09-18 14:20:00-04:00,7698.5,7698.5,7698.5,7697.5,7697.75,1759
2026-09-18 14:21:00-04:00,7700.0,7700.0,7700.5,7698.5,7698.5,4164
2026-09-18 14:22:00-04:00,7702.25,7702.25,7702.5,7699.75,7699.75,4113
2026-09-18 14:23:00-04:00,7700.75,7700.75,7703.25,7700.0,7702.25,3749
2026-09-18 14:24:00-04:00,7700.25,7700.25,7700.75,7699.5,7700.5,2036
2026-09-18 14:25:00-04:00,7699.75,7699.75,7700.75,7699.5,7700.0,1578
2026-09-18 14:26:00-04:00,7699.75,7699.75,7700.25,7699.25,7699.5,941
2026-09-18 14:27:00-04:00,7700.25,7700.25,7701.0,7699.5,7699.5,1273
2026-09-18 14:28:00-04:00,7699.75,7699.75,7700.25,7698.75,7700.0,1478
2026-09-18 14:29:00-04:00,7701.75,7701.75,7701.75,7699.5,7699.5,1443
2026-09-18 14:30:00-04:00,7699.75,7699.75,7702.0,7699.75,7701.75,1899
2026-09-18 14:31:00-04:00,7699.75,7699.75,7700.25,7699.5,7699.75,995
2026-09-18 14:32:00-04:00,7700.5,7700.5,7700.5,7699.5,7699.5,699
2026-09-18 14:33:00-04:00,7701.0,7701.0,7701.0,7700.0,7700.25,1376
2026-09-18 14:34:00-04:00,7702.25,7702.25,7702.25,7700.5,7701.0,1092
2026-09-18 14:35:00-04:00,7702.5,7702.5,7702.5,7701.0,7702.0,1894
2026-09-18 14:36:00-04:00,7701.0,7701.0,7702.25,7700.25,7702.25,1444
2026-09-18 14:37:00-04:00,7700.5,7700.5,7700.75,7699.5,7700.75,1420
2026-09-18 14:38:00-04:00,7700.0,7700.0,7700.25,7699.0,7700.25,1259
2026-09-18 14:39:00-04:00,7700.5,7700.5,7701.0,7699.75,7700.0,1066
2026-09-18 14:40:00-04:00,7700.5,7700.5,7700.5,7699.75,7700.5,834
2026-09-18 14:41:00-04:00,7700.25,7700.25,7700.5,7699.75,7700.25,732
2026-09-18 14:42:00-04:00,7701.5,7701.5,7701.5,7700.0,7700.0,1015
2026-09-18 14:43:00-04:00,7702.0,7702.0,7702.25,7701.25,7701.25,682
2026-09-18 14:44:00-04:00,7702.5,7702.5,7702.75,7701.5,7701.75,1256
2026-09-18 14:45:00-04:00,7705.5,7705.5,7705.5,7702.25,7702.25,3484
2026-09-18 14:46:00-04:00,7710.0,7710.0,7710.75,7705.0,7705.25,8764
2026-09-18 14:47:00-04:00,7711.5,7711.5,7712.25,7709.5,7710.0,4640
2026-09-18 14:48:00-04:00,7710.75,7710.75,7711.5,7710.0,7711.5,4050
2026-09-18 14:49:00-04:00,7709.75,7709.75,7711.0,7709.5,7710.75,3001
2026-09-18 14:50:00-04:00,7709.75,7709.75,7710.75,7709.0,7709.75,3190
2026-09-18 14:51:00-04:00,7709.75,7709.75,7710.75,7709.5,7709.75,1702
2026-09-18 14:52:00-04:00,7710.25,7710.25,7711.0,7709.75,7710.0,1953
2026-09-18 14:53:00-04:00,7714.0,7714.0,7714.75,7710.5,7710.5,4183
2026-09-18 14:54:00-04:00,7712.25,7712.25,7715.75,7712.0,7714.0,4758
2026-09-18 14:55:00-04:00,7711.0,7711.0,7712.25,7710.0,7712.25,2079
2026-09-18 14:56:00-04:00,7710.0,7710.0,7711.75,7710.0,7711.0,1581
2026-09-18 14:57:00-04:00,7711.0,7711.0,7711.5,7709.75,7710.25,1518
2026-09-18 14:58:00-04:00,7710.5,7710.5,7711.25,7710.0,7711.0,1361
2026-09-18 14:59:00-04:00,7710.0,7710.0,7710.5,7708.75,7710.25,2183
2026-09-18 15:00:00-04:00,7710.25,7710.25,7710.75,7709.0,7709.75,1665
2026-09-18 15:01:00-04:00,7708.5,7708.5,7710.25,7708.0,7710.25,1344
2026-09-18 15:02:00-04:00,7709.0,7709.0,7709.25,7708.25,7708.5,1220
2026-09-18 15:03:00-04:00,7709.0,7709.0,7709.75,7708.75,7709.0,1286
2026-09-18 15:04:00-04:00,7710.5,7710.5,7711.75,7709.0,7709.0,2349
2026-09-18 15:05:00-04:00,7711.0,7711.0,7711.0,7710.0,7710.5,1414
2026-09-18 15:06:00-04:00,7709.5,7709.5,7712.0,7709.25,7711.25,1938
2026-09-18 15:07:00-04:00,7708.25,7708.25,7709.75,7708.0,7709.5,1313
2026-09-18 15:08:00-04:00,7708.0,7708.0,7709.5,7708.0,7708.25,1190
2026-09-18 15:09:00-04:00,7709.25,7709.25,7709.5,7708.0,7708.25,1221
2026-09-18 15:10:00-04:00,7709.0,7709.0,7710.0,7708.75,7709.5,879
2026-09-18 15:11:00-04:00,7710.5,7710.5,7710.75,7708.75,7709.0,1126
2026-09-18 15:12:00-04:00,7711.25,7711.25,7711.25,7709.5,7710.5,2112
2026-09-18 15:13:00-04:00,7708.5,7708.5,7711.25,7708.0,7711.25,1606
2026-09-18 15:14:00-04:00,7709.0,7709.0,7709.25,7707.75,7708.25,2307
2026-09-18 15:15:00-04:00,7709.0,7709.0,7709.25,7708.25,7709.0,1293
2026-09-18 15:16:00-04:00,7709.25,7709.25,7709.75,7708.5,7709.0,1112
2026-09-18 15:17:00-04:00,7709.25,7709.25,7709.5,7708.5,7709.25,892
2026-09-18 15:18:00-04:00,7709.0,7709.0,7709.5,7708.75,7709.25,1150
2026-09-18 15:19:00-04:00,7709.25,7709.25,7709.25,7707.5,7708.75,1523
2026-09-18 15:20:00-04:00,7709.25,7709.25,7709.5,7707.75,7709.25,1509
2026-09-18 15:21:00-04:00,7709.25,7709.25,7710.5,7709.0,7709.25,1707
2026-09-18 15:22:00-04:00,7708.5,7708.5,7709.5,7708.25,7709.0,845
2026-09-18 15:23:00-04:00,7708.25,7708.25,7709.0,7708.25,7708.5,1112
2026-09-18 15:24:00-04:00,7708.5,7708.5,7708.5,7707.5,7708.25,1422
2026-09-18 15:25:00-04:00,7707.75,7707.75,7708.75,7707.5,7708.25,1294
2026-09-18 15:26:00-04:00,7708.25,7708.25,7708.5,7707.5,7707.75,1056
2026-09-18 15:27:00-04:00,7708.5,7708.5,7709.0,7708.0,7708.25,970
2026-09-18 15:28:00-04:00,7708.25,7708.25,7708.5,7707.75,7708.5,1148
2026-09-18 15:29:00-04:00,7706.25,7706.25,7708.25,7705.75,7708.25,2182
2026-09-18 15:30:00-04:00,7705.25,7705.25,7706.5,7704.25,7706.25,2762
2026-09-18 15:31:00-04:00,7705.0,7705.0,7706.0,7704.75,7705.25,1234
2026-09-18 15:32:00-04:00,7705.25,7705.25,7705.75,7704.75,7705.0,1897
2026-09-18 15:33:00-04:00,7705.25,7705.25,7705.25,7704.5,7705.25,1771
2026-09-18 15:34:00-04:00,7704.75,7704.75,7705.75,7704.5,7705.0,1663
2026-09-18 15:35:00-04:00,7704.5,7704.5,7706.0,7704.25,7704.75,2135
2026-09-18 15:36:00-04:00,7706.75,7706.75,7706.75,7704.75,7704.75,2058
2026-09-18 15:37:00-04:00,7708.25,7708.25,7708.75,7706.25,7706.75,2397
2026-09-18 15:38:00-04:00,7708.75,7708.75,7708.75,7707.75,7708.0,1803
2026-09-18 15:39:00-04:00,7709.5,7709.5,7710.0,7708.75,7708.75,2358
2026-09-18 15:40:00-04:00,7708.75,7708.75,7709.75,7708.25,7709.5,2207
2026-09-18 15:41:00-04:00,7709.0,7709.0,7709.25,7708.25,7708.75,1364
2026-09-18 15:42:00-04:00,7709.75,7709.75,7710.0,7709.0,7709.0,1160
2026-09-18 15:43:00-04:00,7710.75,7710.75,7711.25,7709.5,7709.75,1682
2026-09-18 15:44:00-04:00,7712.0,7712.0,7712.25,7710.75,7711.0,2698
2026-09-18 15:45:00-04:00,7711.5,7711.5,7712.5,7711.0,7712.25,3235
2026-09-18 15:46:00-04:00,7713.0,7713.0,7713.0,7711.25,7711.5,2893
2026-09-18 15:47:00-04:00,7713.5,7713.5,7714.5,7712.75,7712.75,2510
2026-09-18 15:48:00-04:00,7714.25,7714.25,7714.75,7713.25,7713.5,1692
2026-09-18 15:49:00-04:00,7715.0,7715.0,7715.0,7714.0,7714.5,2943
2026-09-18 15:50:00-04:00,7711.75,7711.75,7716.75,7711.25,7714.75,8337
2026-09-18 15:51:00-04:00,7711.0,7711.0,7713.0,7711.0,7712.0,4983
2026-09-18 15:52:00-04:00,7711.25,7711.25,7711.75,7710.25,7711.0,2689
2026-09-18 15:53:00-04:00,7712.0,7712.0,7712.75,7711.25,7711.25,3116
2026-09-18 15:54:00-04:00,7712.75,7712.75,7713.25,7711.0,7712.25,6225
2026-09-18 15:55:00-04:00,7713.75,7713.75,7718.25,7712.75,7712.75,11479
2026-09-18 15:56:00-04:00,7713.75,7713.75,7715.0,7712.75,7713.75,5319
2026-09-18 15:57:00-04:00,7717.25,7717.25,7717.5,7713.5,7713.75,7488
2026-09-18 15:58:00-04:00,7712.0,7712.0,7717.5,7711.25,7717.5,22485
2026-09-18 15:59:00-04:00,7712.5,7712.5,7715.0,7710.25,7712.0,71736
2026-09-18 16:00:00-04:00,7719.0,7719.0,7719.25,7711.5,7712.5,20239
2026-09-18 16:01:00-04:00,7721.0,7721.0,7721.0,7718.0,7719.25,7583
2026-09-18 16:02:00-04:00,7721.0,7721.0,7723.5,7720.75,7720.75,3626
2026-09-18 16:03:00-04:00,7722.0,7722.0,7723.25,7719.75,7721.0,2865
2026-09-18 16:04:00-04:00,7722.25,7722.25,7723.0,7722.0,7722.25,1717
2026-09-18 16:05:00-04:00,7723.75,7723.75,7724.0,7721.75,7722.25,1932
2026-09-18 16:06:00-04:00,7723.0,7723.0,7723.75,7722.75,7723.75,1341
2026-09-18 16:07:00-04:00,7723.75,7723.75,7723.75,7722.5,7722.75,1418
2026-09-18 16:08:00-04:00,7722.75,7722.75,7723.75,7722.75,7723.75,1429
2026-09-18 16:09:00-04:00,7722.5,7722.5,7723.0,7721.75,7723.0,1367
2026-09-18 16:10:00-04:00,7726.25,7726.25,7726.75,7722.5,7722.75,2543
2026-09-18 16:11:00-04:00,7727.75,7727.75,7729.25,7725.75,7726.25,3022
2026-09-18 16:12:00-04:00,7728.0,7728.0,7728.75,7726.75,7727.75,1777
2026-09-18 16:13:00-04:00,7726.75,7726.75,7728.0,7726.5,7728.0,1433
2026-09-18 16:14:00-04:00,7725.5,7725.5,7727.0,7725.25,7726.5,1948
2026-09-18 16:15:00-04:00,7725.75,7725.75,7726.25,7724.75,7725.5,1370
2026-09-18 16:16:00-04:00,7725.25,7725.25,7725.5,7724.25,7725.5,927
2026-09-18 16:17:00-04:00,7725.0,7725.0,7725.5,7725.0,7725.25,420
2026-09-18 16:18:00-04:00,7724.5,7724.5,7725.5,7724.25,7725.25,387
2026-09-18 16:19:00-04:00,7723.75,7723.75,7724.75,7723.75,7724.5,540
2026-09-18 16:20:00-04:00,7724.75,7724.75,7725.25,7724.0,7724.0,510
2026-09-18 16:21:00-04:00,7724.5,7724.5,7724.75,7724.0,7724.75,376
2026-09-18 16:22:00-04:00,7724.5,7724.5,7724.75,7724.25,7724.75,584
2026-09-18 16:23:00-04:00,7725.0,7725.0,7725.5,7724.5,7724.5,470
2026-09-18 16:24:00-04:00,7725.0,7725.0,7725.25,7724.25,7725.0,530
2026-09-18 16:25:00-04:00,7725.75,7725.75,7726.0,7724.75,7724.75,684
2026-09-18 16:26:00-04:00,7725.5,7725.5,7725.75,7725.0,7725.5,274
2026-09-18 16:27:00-04:00,7725.75,7725.75,7725.75,7725.25,7725.25,384
2026-09-18 16:28:00-04:00,7725.75,7725.75,7726.0,7725.25,7725.5,368
2026-09-18 16:29:00-04:00,7726.0,7726.0,7726.0,7725.25,7725.75,480
2026-09-18 16:30:00-04:00,7726.5,7726.5,7726.75,7726.0,7726.25,489
2026-09-18 16:31:00-04:00,7725.75,7725.75,7726.5,7725.25,7726.5,653
2026-09-18 16:32:00-04:00,7725.0,7725.0,7725.75,7725.0,7725.5,502
2026-09-18 16:33:00-04:00,7725.0,7725.0,7725.25,7724.75,7724.75,163
2026-09-18 16:34:00-04:00,7725.5,7725.5,7726.25,7725.25,7725.25,599
2026-09-18 16:35:00-04:00,7725.0,7725.0,7725.5,7724.75,7725.5,159
2026-09-18 16:36:00-04:00,7725.75,7725.75,7726.0,7725.0,7725.0,271
2026-09-18 16:37:00-04:00,7725.0,7725.0,7725.75,7725.0,7725.75,272
2026-09-18 16:38:00-04:00,7724.75,7724.75,7725.25,7724.5,7725.0,322
2026-09-18 16:39:00-04:00,7725.75,7725.75,7726.0,7724.5,7724.5,922
2026-09-18 16:40:00-04:00,7726.75,7726.75,7727.25,7725.5,7725.75,674
2026-09-18 16:41:00-04:00,7727.0,7727.0,7727.25,7726.75,7726.75,306
2026-09-18 16:42:00-04:00,7727.25,7727.25,7727.25,7726.5,7727.0,468
2026-09-18 16:43:00-04:00,7727.25,7727.25,7727.25,7726.75,7727.25,373
2026-09-18 16:44:00-04:00,7727.25,7727.25,7727.5,7726.5,7727.0,710
2026-09-18 16:45:00-04:00,7728.0,7728.0,7728.5,7727.0,7727.0,518
2026-09-18 16:46:00-04:00,7728.75,7728.75,7728.75,7727.75,7728.0,428
2026-09-18 16:47:00-04:00,7727.0,7727.0,7728.5,7727.0,7728.5,644
2026-09-18 16:48:00-04:00,7726.0,7726.0,7727.25,7726.0,7727.0,722
2026-09-18 16:49:00-04:00,7726.75,7726.75,7726.75,7726.0,7726.0,416
2026-09-18 16:50:00-04:00,7727.25,7727.25,7727.25,7726.75,7726.75,126
2026-09-18 16:51:00-04:00,7727.0,7727.0,7728.0,7727.0,7727.0,306
2026-09-18 16:52:00-04:00,7726.0,7726.0,7727.5,7725.75,7727.0,585
2026-09-18 16:53:00-04:00,7725.25,7725.25,7726.0,7725.25,7725.75,572
2026-09-18 16:54:00-04:00,7725.0,7725.0,7725.5,7724.75,7725.25,278
2026-09-18 16:55:00-04:00,7725.5,7725.5,7725.75,7724.75,7725.0,400
2026-09-18 16:56:00-04:00,7725.25,7725.25,7725.75,7725.25,7725.5,167
2026-09-18 16:57:00-04:00,7725.25,7725.25,7725.5,7725.0,7725.5,202
2026-09-18 16:58:00-04:00,7724.75,7724.75,7725.5,7724.5,7725.25,483
2026-09-18 16:59:00-04:00,7712.5,7712.5,7725.25,7712.5,7724.75,523
2026-09-20 18:10:00-04:00,7722.0,7722.0,7722.25,7721.25,7721.75,0
2026-09-20 18:11:00-04:00,7722.5,7722.5,7722.75,7721.75,7722.25,175
2026-09-20 18:12:00-04:00,7723.75,7723.75,7725.0,7722.25,7722.5,362
2026-09-20 18:13:00-04:00,7723.75,7723.75,7724.25,7723.0,7723.75,275
2026-09-20 18:14:00-04:00,7725.75,7725.75,7726.5,7723.5,7723.75,618
2026-09-20 18:15:00-04:00,7725.25,7725.25,7725.5,7724.25,7725.5,438
2026-09-20 18:16:00-04:00,7726.5,7726.5,7727.75,7725.25,7725.25,386
2026-09-20 18:17:00-04:00,7725.75,7725.75,7726.75,7725.5,7726.5,125
2026-09-20 18:18:00-04:00,7726.0,7726.0,7726.25,7725.25,7726.0,114
2026-09-20 18:19:00-04:00,7726.0,7726.0,7726.5,7725.75,7726.0,85
2026-09-20 18:20:00-04:00,7725.5,7725.5,7726.0,7725.25,7725.75,93
2026-09-20 18:21:00-04:00,7725.5,7725.5,7725.75,7725.25,7725.5,64
2026-09-20 18:22:00-04:00,7726.75,7726.75,7727.0,7725.5,7725.5,139
2026-09-20 18:23:00-04:00,7726.0,7726.0,7727.0,7725.75,7726.75,150
2026-09-20 18:24:00-04:00,7725.5,7725.5,7726.5,7725.5,7725.75,77
2026-09-20 18:25:00-04:00,7726.75,7726.75,7726.75,7725.5,7725.5,245
2026-09-20 18:26:00-04:00,7726.5,7726.5,7727.0,7726.5,7726.75,73
2026-09-20 18:27:00-04:00,7726.75,7726.75,7727.0,7726.5,7726.5,58
2026-09-20 18:28:00-04:00,7727.0,7727.0,7727.0,7726.0,7726.5,149
2026-09-20 18:29:00-04:00,7727.75,7727.75,7728.0,7726.5,7726.75,186
2026-09-20 18:30:00-04:00,7728.75,7728.75,7729.0,7727.25,7727.75,261
2026-09-20 18:31:00-04:00,7728.75,7728.75,7730.0,7728.5,7728.75,313
2026-09-20 18:32:00-04:00,7729.75,7729.75,7730.0,7728.75,7728.75,208
2026-09-20 18:33:00-04:00,7729.75,7729.75,7730.0,7729.5,7729.75,76
2026-09-20 18:34:00-04:00,7730.75,7730.75,7730.75,7729.5,7729.5,236
2026-09-20 18:35:00-04:00,7732.5,7732.5,7732.5,7730.75,7730.75,253
2026-09-20 18:36:00-04:00,7733.75,7733.75,7733.75,7732.25,7732.25,326
2026-09-20 18:37:00-04:00,7732.5,7732.5,7733.75,7732.5,7733.5,164
2026-09-20 18:38:00-04:00,7732.25,7732.25,7732.5,7731.75,7732.25,162
2026-09-20 18:39:00-04:00,7731.25,7731.25,7732.25,7730.75,7732.25,149
2026-09-20 18:40:00-04:00,7731.75,7731.75,7732.0,7731.0,7731.0,159
2026-09-20 18:41:00-04:00,7732.25,7732.25,7732.75,7731.75,7731.75,137
2026-09-20 18:42:00-04:00,7732.25,7732.25,7733.0,7732.25,7732.5,116
2026-09-20 18:43:00-04:00,7731.5,7731.5,7732.25,7731.0,7732.25,157
2026-09-20 18:44:00-04:00,7730.25,7730.25,7731.5,7729.75,7731.5,154
2026-09-20 18:45:00-04:00,7731.0,7731.0,7731.0,7730.25,7730.25,111
2026-09-20 18:46:00-04:00,7731.0,7731.0,7731.25,7730.75,7730.75,25
2026-09-20 18:47:00-04:00,7732.25,7732.25,7732.25,7731.25,7731.25,93
2026-09-20 18:48:00-04:00,7730.5,7730.5,7732.25,7730.5,7732.25,106
2026-09-20 18:49:00-04:00,7730.25,7730.25,7730.75,7729.25,7730.5,188
2026-09-20 18:50:00-04:00,7730.5,7730.5,7730.75,7730.0,7730.25,84
2026-09-20 18:51:00-04:00,7730.75,7730.75,7731.0,7730.25,7730.5,57
2026-09-20 18:52:00-04:00,7730.25,7730.25,7731.0,7730.25,7730.75,65
2026-09-20 18:53:00-04:00,7730.5,7730.5,7731.0,7730.25,7730.25,75
2026-09-20 18:54:00-04:00,7730.75,7730.75,7731.5,7730.75,7730.75,116
2026-09-20 18:55:00-04:00,7731.75,7731.75,7731.75,7731.0,7731.0,43
2026-09-20 18:56:00-04:00,7733.25,7733.25,7734.0,7731.75,7731.75,251
2026-09-20 18:57:00-04:00,7734.0,7734.0,7734.0,7733.25,7733.25,161
2026-09-20 18:58:00-04:00,7733.75,7733.75,7734.5,7733.75,7734.0,87
2026-09-20 18:59:00-04:00,7733.75,7733.75,7734.5,7733.75,7734.0,98
2026-09-20 19:00:00-04:00,7733.5,7733.5,7734.0,7733.25,7733.75,122
2026-09-20 19:01:00-04:00,7732.75,7732.75,7733.75,7732.75,7733.75,77
2026-09-20 19:02:00-04:00,7732.75,7732.75,7732.75,7731.75,7732.5,106
2026-09-20 19:03:00-04:00,7732.5,7732.5,7732.75,7732.0,7732.5,45
2026-09-20 19:04:00-04:00,7732.0,7732.0,7732.25,7731.75,7732.25,50
2026-09-20 19:05:00-04:00,7732.0,7732.0,7732.5,7732.0,7732.0,69
2026-09-20 19:06:00-04:00,7731.75,7731.75,7732.25,7731.5,7732.0,56
2026-09-20 19:07:00-04:00,7732.0,7732.0,7732.25,7731.75,7732.0,50
2026-09-20 19:08:00-04:00,7731.5,7731.5,7732.0,7731.5,7732.0,14
2026-09-20 19:09:00-04:00,7732.25,7732.25,7732.25,7731.75,7731.75,63
2026-09-20 19:10:00-04:00,7731.75,7731.75,7732.0,7731.5,7732.0,35
2026-09-20 19:11:00-04:00,7731.75,7731.75,7732.0,7731.75,7731.75,15
2026-09-20 19:12:00-04:00,7732.5,7732.5,7732.75,7731.75,7731.75,33
2026-09-20 19:13:00-04:00,7732.25,7732.25,7732.5,7732.25,7732.5,44
2026-09-20 19:14:00-04:00,7732.0,7732.0,7732.5,7732.0,7732.0,9
2026-09-20 19:15:00-04:00,7731.5,7731.5,7732.25,7731.25,7732.25,78
2026-09-20 19:16:00-04:00,7732.0,7732.0,7732.0,7731.25,7731.5,81
2026-09-20 19:17:00-04:00,7732.25,7732.25,7732.25,7732.0,7732.0,3
2026-09-20 19:18:00-04:00,7732.25,7732.25,7732.5,7732.0,7732.25,59
2026-09-20 19:19:00-04:00,7732.0,7732.0,7732.25,7731.75,7732.25,23
2026-09-20 19:20:00-04:00,7732.25,7732.25,7732.25,7732.0,7732.25,21
2026-09-20 19:21:00-04:00,7732.25,7732.25,7732.25,7731.5,7732.0,77
2026-09-20 19:22:00-04:00,7732.0,7732.0,7732.5,7732.0,7732.25,17
2026-09-20 19:23:00-04:00,7731.75,7731.75,7732.5,7731.25,7732.25,53
2026-09-20 19:24:00-04:00,7732.5,7732.5,7732.5,7732.0,7732.0,72
2026-09-20 19:25:00-04:00,7732.25,7732.25,7732.5,7732.25,7732.5,59
2026-09-20 19:26:00-04:00,7732.25,7732.25,7733.0,7732.25,7732.25,67
2026-09-20 19:27:00-04:00,7733.0,7733.0,7733.0,7732.0,7732.25,71
2026-09-20 19:28:00-04:00,7733.5,7733.5,7733.5,7733.0,7733.0,179
2026-09-20 19:29:00-04:00,7733.0,7733.0,7733.5,7733.0,7733.5,52
2026-09-20 19:30:00-04:00,7733.75,7733.75,7734.0,7733.0,7733.25,143
2026-09-20 19:31:00-04:00,7733.75,7733.75,7734.0,7733.75,7733.75,60
2026-09-20 19:32:00-04:00,7733.0,7733.0,7734.0,7732.75,7733.75,89
2026-09-20 19:33:00-04:00,7733.0,7733.0,7733.25,7733.0,7733.25,20
2026-09-20 19:34:00-04:00,7733.25,7733.25,7733.25,7733.25,7733.25,14
2026-09-20 19:35:00-04:00,7733.25,7733.25,7733.25,7733.25,7733.25,2
2026-09-20 19:36:00-04:00,7733.5,7733.5,7733.5,7733.25,7733.25,32
2026-09-20 19:37:00-04:00,7734.25,7734.25,7734.5,7733.75,7733.75,119
2026-09-20 19:38:00-04:00,7734.0,7734.0,7734.25,7733.75,7734.25,27
2026-09-20 19:39:00-04:00,7734.25,7734.25,7735.25,7734.0,7734.0,362
2026-09-20 19:40:00-04:00,7733.75,7733.75,7734.25,7733.75,7734.0,81
2026-09-20 19:41:00-04:00,7734.0,7734.0,7734.0,7733.75,7734.0,10
2026-09-20 19:42:00-04:00,7734.5,7734.5,7734.75,7734.0,7734.0,32
2026-09-20 19:43:00-04:00,7734.25,7734.25,7734.5,7734.25,7734.5,14
2026-09-20 19:44:00-04:00,7734.25,7734.25,7734.75,7734.0,7734.5,38
2026-09-20 19:45:00-04:00,7733.5,7733.5,7734.0,7733.0,7734.0,124
2026-09-20 19:46:00-04:00,7733.5,7733.5,7734.0,7733.0,7733.5,110
2026-09-20 19:47:00-04:00,7733.0,7733.0,7733.75,7733.0,7733.25,104
2026-09-20 19:48:00-04:00,7733.5,7733.5,7733.75,7733.0,7733.0,157
2026-09-20 19:49:00-04:00,7733.5,7733.5,7734.5,7733.5,7733.75,76
2026-09-20 19:50:00-04:00,7733.0,7733.0,7733.5,7732.5,7733.5,65
2026-09-20 19:51:00-04:00,7733.5,7733.5,7733.75,7733.0,7733.0,65
2026-09-20 19:52:00-04:00,7733.75,7733.75,7733.75,7733.25,7733.25,23
2026-09-20 19:53:00-04:00,7733.5,7733.5,7733.75,7733.5,7733.75,32
2026-09-20 19:54:00-04:00,7733.0,7733.0,7733.75,7733.0,7733.75,71
2026-09-20 19:55:00-04:00,7734.25,7734.25,7734.5,7733.25,7733.5,90
2026-09-20 19:56:00-04:00,7734.5,7734.5,7735.0,7734.5,7734.5,74
2026-09-20 19:57:00-04:00,7734.0,7734.0,7734.5,7733.75,7734.25,43
2026-09-20 19:58:00-04:00,7734.0,7734.0,7734.5,7734.0,7734.25,30
2026-09-20 19:59:00-04:00,7734.5,7734.5,7734.75,7734.25,7734.25,43
2026-09-20 20:00:00-04:00,7734.25,7734.25,7735.75,7733.75,7734.5,498
2026-09-20 20:01:00-04:00,7733.75,7733.75,7734.5,7733.5,7734.5,167
2026-09-20 20:02:00-04:00,7736.0,7736.0,7736.25,7733.25,7734.0,358
2026-09-20 20:03:00-04:00,7736.0,7736.0,7736.0,7735.25,7736.0,177
2026-09-20 20:04:00-04:00,7735.75,7735.75,7736.25,7735.5,7736.0,145
2026-09-20 20:05:00-04:00,7737.0,7737.0,7737.75,7736.0,7736.0,512
2026-09-20 20:06:00-04:00,7736.75,7736.75,7737.25,7736.25,7737.0,127
2026-09-20 20:07:00-04:00,7735.0,7735.0,7736.75,7735.0,7736.5,260
2026-09-20 20:08:00-04:00,7736.0,7736.0,7736.5,7735.25,7735.25,87
2026-09-20 20:09:00-04:00,7735.75,7735.75,7736.0,7735.5,7736.0,89
2026-09-20 20:10:00-04:00,7735.25,7735.25,7736.0,7735.25,7735.75,74
2026-09-20 20:11:00-04:00,7734.25,7734.25,7735.0,7733.5,7735.0,284
2026-09-20 20:12:00-04:00,7734.75,7734.75,7734.75,7733.75,7734.0,88
2026-09-20 20:13:00-04:00,7734.5,7734.5,7735.0,7734.0,7734.75,85
2026-09-20 20:14:00-04:00,7734.5,7734.5,7734.75,7734.25,7734.25,50
2026-09-20 20:15:00-04:00,7733.75,7733.75,7734.75,7733.0,7734.25,398
2026-09-20 20:16:00-04:00,7733.25,7733.25,7734.5,7732.75,7733.75,258
2026-09-20 20:17:00-04:00,7731.5,7731.5,7733.0,7731.0,7733.0,305
2026-09-20 20:18:00-04:00,7731.0,7731.0,7731.75,7730.75,7731.5,412
2026-09-20 20:19:00-04:00,7731.5,7731.5,7731.75,7730.75,7731.0,221
2026-09-20 20:20:00-04:00,7731.75,7731.75,7731.75,7731.0,7731.25,244
2026-09-20 20:21:00-04:00,7733.25,7733.25,7733.75,7731.25,7731.75,321
2026-09-20 20:22:00-04:00,7735.25,7735.25,7735.25,7733.25,7733.25,277
2026-09-20 20:23:00-04:00,7736.0,7736.0,7736.25,7735.25,7735.25,288
2026-09-20 20:24:00-04:00,7736.25,7736.25,7736.75,7735.75,7735.75,217
2026-09-20 20:25:00-04:00,7735.75,7735.75,7736.75,7735.5,7736.0,212
2026-09-20 20:26:00-04:00,7736.0,7736.0,7736.25,7735.75,7736.0,176
2026-09-20 20:27:00-04:00,7737.5,7737.5,7737.75,7736.0,7736.0,270
2026-09-20 20:28:00-04:00,7737.0,7737.0,7737.5,7736.75,7737.5,158
2026-09-20 20:29:00-04:00,7736.5,7736.5,7737.0,7736.25,7737.0,171
2026-09-20 20:30:00-04:00,7738.0,7738.0,7738.0,7736.5,7736.5,248
2026-09-20 20:31:00-04:00,7738.0,7738.0,7738.25,7737.75,7738.0,203
2026-09-20 20:32:00-04:00,7738.25,7738.25,7738.5,7738.0,7738.25,139
2026-09-20 20:33:00-04:00,7739.25,7739.25,7740.25,7738.0,7738.25,431
2026-09-20 20:34:00-04:00,7739.75,7739.75,7739.75,7739.0,7739.25,128
2026-09-20 20:35:00-04:00,7739.75,7739.75,7740.0,7739.25,7739.75,169
2026-09-20 20:36:00-04:00,7739.75,7739.75,7740.0,7739.5,7739.5,145
2026-09-20 20:37:00-04:00,7739.75,7739.75,7740.5,7739.5,7739.75,162
2026-09-20 20:38:00-04:00,7739.0,7739.0,7739.75,7738.75,7739.75,138
2026-09-20 20:39:00-04:00,7740.75,7740.75,7740.75,7739.0,7739.25,446
2026-09-20 20:40:00-04:00,7740.5,7740.5,7741.25,7739.25,7740.5,366
2026-09-20 20:41:00-04:00,7739.75,7739.75,7740.75,7739.75,7740.75,160
2026-09-20 20:42:00-04:00,7739.5,7739.5,7740.0,7739.25,7740.0,104
2026-09-20 20:43:00-04:00,7739.0,7739.0,7740.0,7738.75,7739.75,172
2026-09-20 20:44:00-04:00,7738.5,7738.5,7739.25,7738.0,7739.25,161
2026-09-20 20:45:00-04:00,7738.75,7738.75,7739.0,7738.5,7738.5,146
2026-09-20 20:46:00-04:00,7738.5,7738.5,7738.75,7737.75,7738.75,247
2026-09-20 20:47:00-04:00,7738.75,7738.75,7739.0,7738.5,7738.5,126
2026-09-20 20:48:00-04:00,7738.75,7738.75,7738.75,7738.25,7738.5,141
2026-09-20 20:49:00-04:00,7738.25,7738.25,7739.0,7738.25,7738.5,143
2026-09-20 20:50:00-04:00,7739.0,7739.0,7739.5,7738.0,7738.25,151
2026-09-20 20:51:00-04:00,7739.5,7739.5,7739.75,7739.0,7739.25,153
2026-09-20 20:52:00-04:00,7739.5,7739.5,7740.0,7739.25,7739.5,88
2026-09-20 20:53:00-04:00,7739.75,7739.75,7740.0,7739.25,7739.5,69
2026-09-20 20:54:00-04:00,7738.75,7738.75,7739.75,7738.75,7739.75,67
2026-09-20 20:55:00-04:00,7738.75,7738.75,7739.25,7738.5,7738.75,162
2026-09-20 20:56:00-04:00,7738.25,7738.25,7738.75,7737.75,7738.75,161
2026-09-20 20:57:00-04:00,7738.5,7738.5,7738.75,7738.5,7738.5,99
2026-09-20 20:58:00-04:00,7738.75,7738.75,7739.0,7738.75,7738.75,102
2026-09-20 20:59:00-04:00,7739.5,7739.5,7740.25,7738.5,7738.75,245
2026-09-20 21:00:00-04:00,7741.0,7741.0,7741.5,7739.5,7739.5,462
2026-09-20 21:01:00-04:00,7741.5,7741.5,7741.5,7740.25,7741.0,374
2026-09-20 21:02:00-04:00,7742.5,7742.5,7742.5,7741.25,7741.5,301
2026-09-20 21:03:00-04:00,7741.25,7741.25,7742.5,7741.25,7742.5,173
2026-09-20 21:04:00-04:00,7741.5,7741.5,7741.5,7741.0,7741.5,80
2026-09-20 21:05:00-04:00,7742.5,7742.5,7742.75,7741.0,7741.25,142
2026-09-20 21:06:00-04:00,7742.5,7742.5,7742.75,7742.0,7742.5,201
2026-09-20 21:07:00-04:00,7743.0,7743.0,7743.0,7742.5,7742.5,145
2026-09-20 21:08:00-04:00,7743.5,7743.5,7743.75,7742.75,7743.0,386
2026-09-20 21:09:00-04:00,7743.25,7743.25,7743.75,7742.5,7743.5,457
2026-09-20 21:10:00-04:00,7743.0,7743.0,7743.25,7743.0,7743.25,113
2026-09-20 21:11:00-04:00,7743.0,7743.0,7743.25,7742.25,7743.0,277
2026-09-20 21:12:00-04:00,7742.25,7742.25,7743.5,7741.0,7743.0,1757
2026-09-20 21:13:00-04:00,7742.0,7742.0,7742.75,7742.0,7742.25,206
2026-09-20 21:14:00-04:00,7742.5,7742.5,7742.5,7741.25,7742.25,136
2026-09-20 21:15:00-04:00,7742.25,7742.25,7742.75,7741.75,7742.25,194
2026-09-20 21:16:00-04:00,7742.25,7742.25,7742.5,7741.75,7742.25,93
2026-09-20 21:17:00-04:00,7742.75,7742.75,7743.25,7742.5,7742.5,174
2026-09-20 21:18:00-04:00,7742.25,7742.25,7742.75,7742.0,7742.75,204
2026-09-20 21:19:00-04:00,7742.25,7742.25,7742.25,7741.5,7742.25,146
2026-09-20 21:20:00-04:00,7742.25,7742.25,7742.25,7741.75,7742.0,81
2026-09-20 21:21:00-04:00,7742.25,7742.25,7742.5,7742.0,7742.25,80
2026-09-20 21:22:00-04:00,7741.75,7741.75,7742.25,7741.25,7742.25,133
2026-09-20 21:23:00-04:00,7741.5,7741.5,7741.5,7741.0,7741.5,149
2026-09-20 21:24:00-04:00,7742.0,7742.0,7742.25,7741.5,7741.5,143
2026-09-20 21:25:00-04:00,7742.0,7742.0,7742.75,7741.75,7742.0,147
2026-09-20 21:26:00-04:00,7742.75,7742.75,7742.75,7742.0,7742.0,85
2026-09-20 21:27:00-04:00,7742.25,7742.25,7742.75,7741.75,7742.75,66
2026-09-20 21:28:00-04:00,7743.0,7743.0,7743.5,7742.25,7742.25,120
2026-09-20 21:29:00-04:00,7741.0,7741.0,7743.25,7740.75,7743.0,214
2026-09-20 21:30:00-04:00,7742.0,7742.0,7742.5,7740.75,7741.0,176
2026-09-20 21:31:00-04:00,7741.5,7741.5,7742.5,7741.5,7742.0,184
2026-09-20 21:32:00-04:00,7742.5,7742.5,7742.5,7741.5,7741.5,114
2026-09-20 21:33:00-04:00,7742.5,7742.5,7742.75,7742.25,7742.75,64
2026-09-20 21:34:00-04:00,7742.5,7742.5,7742.75,7742.25,7742.5,77
2026-09-20 21:35:00-04:00,7742.0,7742.0,7742.5,7742.0,7742.5,101
2026-09-20 21:36:00-04:00,7741.25,7741.25,7742.25,7741.0,7742.0,91
2026-09-20 21:37:00-04:00,7741.0,7741.0,7741.5,7741.0,7741.5,76
2026-09-20 21:38:00-04:00,7741.5,7741.5,7741.5,7741.0,7741.25,85
2026-09-20 21:39:00-04:00,7742.0,7742.0,7742.0,7741.5,7741.5,162
2026-09-20 21:40:00-04:00,7742.5,7742.5,7742.75,7742.0,7742.25,188
2026-09-20 21:41:00-04:00,7742.5,7742.5,7743.25,7742.25,7742.75,83
2026-09-20 21:42:00-04:00,7742.0,7742.0,7742.75,7741.75,7742.5,121
2026-09-20 21:43:00-04:00,7742.0,7742.0,7742.25,7742.0,7742.25,63
2026-09-20 21:44:00-04:00,7742.25,7742.25,7742.25,7742.0,7742.0,29
2026-09-20 21:45:00-04:00,7741.75,7741.75,7742.25,7741.75,7742.25,63
2026-09-20 21:46:00-04:00,7741.75,7741.75,7742.0,7741.5,7741.75,111
2026-09-20 21:47:00-04:00,7740.75,7740.75,7741.75,7740.5,7741.75,184
2026-09-20 21:48:00-04:00,7740.25,7740.25,7740.75,7739.5,7740.75,244
2026-09-20 21:49:00-04:00,7740.25,7740.25,7740.75,7739.75,7740.0,348
2026-09-20 21:50:00-04:00,7739.25,7739.25,7741.25,7739.0,7740.25,371
2026-09-20 21:51:00-04:00,7740.0,7740.0,7740.0,7739.0,7739.25,196
2026-09-20 21:52:00-04:00,7740.5,7740.5,7740.75,7739.5,7740.25,150
2026-09-20 21:53:00-04:00,7741.0,7741.0,7741.5,7740.75,7740.75,132
2026-09-20 21:54:00-04:00,7740.5,7740.5,7741.25,7740.5,7741.0,85
2026-09-20 21:55:00-04:00,7740.0,7740.0,7740.75,7740.0,7740.5,108
2026-09-20 21:56:00-04:00,7740.0,7740.0,7740.25,7739.75,7740.25,97
2026-09-20 21:57:00-04:00,7740.5,7740.5,7740.75,7740.0,7740.0,62
2026-09-20 21:58:00-04:00,7739.0,7739.0,7740.5,7738.75,7740.5,237
2026-09-20 21:59:00-04:00,7738.75,7738.75,7739.0,7738.25,7738.75,208
2026-09-20 22:00:00-04:00,7738.25,7738.25,7738.75,7737.75,7738.5,229
2026-09-20 22:01:00-04:00,7738.0,7738.0,7739.0,7738.0,7738.25,134
2026-09-20 22:02:00-04:00,7739.5,7739.5,7739.75,7737.75,7738.0,188
2026-09-20 22:03:00-04:00,7740.0,7740.0,7740.0,7739.5,7739.5,137
2026-09-20 22:04:00-04:00,7740.75,7740.75,7741.5,7740.0,7740.0,173
2026-09-20 22:05:00-04:00,7739.75,7739.75,7741.0,7739.5,7740.75,116
2026-09-20 22:06:00-04:00,7739.5,7739.5,7739.75,7738.75,7739.75,333
2026-09-20 22:07:00-04:00,7739.25,7739.25,7739.5,7738.75,7739.25,111
2026-09-20 22:08:00-04:00,7739.75,7739.75,7740.25,7739.25,7739.5,113
2026-09-20 22:09:00-04:00,7740.25,7740.25,7740.25,7740.0,7740.0,61
2026-09-20 22:10:00-04:00,7739.5,7739.5,7740.25,7739.25,7740.25,101
2026-09-20 22:11:00-04:00,7739.75,7739.75,7740.25,7739.5,7739.5,137
2026-09-20 22:12:00-04:00,7739.75,7739.75,7740.0,7739.75,7739.75,60
2026-09-20 22:13:00-04:00,7740.0,7740.0,7740.5,7739.75,7739.75,110
2026-09-20 22:14:00-04:00,7739.75,7739.75,7740.0,7739.5,7739.75,97
2026-09-20 22:15:00-04:00,7739.5,7739.5,7740.0,7739.25,7739.75,83
2026-09-20 22:16:00-04:00,7739.75,7739.75,7740.0,7738.5,7739.25,129
2026-09-20 22:17:00-04:00,7738.5,7738.5,7740.0,7738.25,7739.75,307
2026-09-20 22:18:00-04:00,7738.5,7738.5,7738.75,7738.5,7738.5,94
2026-09-20 22:19:00-04:00,7739.0,7739.0,7739.25,7738.75,7738.75,76
2026-09-20 22:20:00-04:00,7739.0,7739.0,7739.25,7738.25,7738.75,83
2026-09-20 22:21:00-04:00,7738.75,7738.75,7739.0,7738.75,7739.0,57
2026-09-20 22:22:00-04:00,7739.5,7739.5,7739.5,7738.75,7739.0,60
2026-09-20 22:23:00-04:00,7739.25,7739.25,7739.5,7739.0,7739.5,70
2026-09-20 22:24:00-04:00,7739.75,7739.75,7740.25,7738.5,7739.25,354
2026-09-20 22:25:00-04:00,7739.75,7739.75,7739.75,7739.5,7739.75,92
2026-09-20 22:26:00-04:00,7740.25,7740.25,7740.75,7739.75,7740.0,109
2026-09-20 22:27:00-04:00,7739.75,7739.75,7740.25,7739.5,7740.25,101
2026-09-20 22:28:00-04:00,7739.5,7739.5,7740.0,7739.25,7739.75,142
2026-09-20 22:29:00-04:00,7739.75,7739.75,7739.75,7739.5,7739.75,95
2026-09-20 22:30:00-04:00,7739.25,7739.25,7739.5,7738.75,7739.5,125
2026-09-20 22:31:00-04:00,7738.25,7738.25,7739.25,7737.75,7739.25,170
2026-09-20 22:32:00-04:00,7737.5,7737.5,7738.5,7737.5,7738.25,148
2026-09-20 22:33:00-04:00,7738.5,7738.5,7738.5,7737.5,7737.5,68
2026-09-20 22:34:00-04:00,7738.75,7738.75,7738.75,7738.25,7738.25,102
2026-09-20 22:35:00-04:00,7739.0,7739.0,7739.5,7738.5,7738.5,203
2026-09-20 22:36:00-04:00,7739.25,7739.25,7739.5,7739.0,7739.0,57
2026-09-20 22:37:00-04:00,7739.0,7739.0,7739.5,7739.0,7739.25,69
2026-09-20 22:38:00-04:00,7739.75,7739.75,7740.0,7739.0,7739.0,83
2026-09-20 22:39:00-04:00,7739.5,7739.5,7739.75,7739.5,7739.75,98
2026-09-20 22:40:00-04:00,7739.5,7739.5,7739.75,7739.25,7739.25,127
2026-09-20 22:41:00-04:00,7739.5,7739.5,7739.75,7739.25,7739.5,26
2026-09-20 22:42:00-04:00,7740.5,7740.5,7740.5,7739.75,7739.75,113
2026-09-20 22:43:00-04:00,7740.75,7740.75,7740.75,7740.25,7740.5,121
2026-09-20 22:44:00-04:00,7740.0,7740.0,7740.75,7739.75,7740.75,90
2026-09-20 22:45:00-04:00,7742.0,7742.0,7742.25,7740.0,7740.0,195
2026-09-20 22:46:00-04:00,7742.0,7742.0,7742.25,7741.75,7742.0,174
2026-09-20 22:47:00-04:00,7742.0,7742.0,7742.0,7741.75,7742.0,121
2026-09-20 22:48:00-04:00,7741.75,7741.75,7742.25,7741.75,7742.25,79
2026-09-20 22:49:00-04:00,7742.5,7742.5,7742.5,7741.75,7742.0,183
2026-09-20 22:50:00-04:00,7742.75,7742.75,7742.75,7742.5,7742.5,103
2026-09-20 22:51:00-04:00,7741.5,7741.5,7742.75,7741.25,7742.5,178
2026-09-20 22:52:00-04:00,7741.5,7741.5,7741.75,7741.25,7741.25,54
2026-09-20 22:53:00-04:00,7741.5,7741.5,7741.75,7741.25,7741.5,29
2026-09-20 22:54:00-04:00,7741.25,7741.25,7741.75,7740.75,7741.25,168
2026-09-20 22:55:00-04:00,7741.0,7741.0,7741.5,7741.0,7741.25,93
2026-09-20 22:56:00-04:00,7740.0,7740.0,7741.0,7740.0,7740.75,177
2026-09-20 22:57:00-04:00,7740.75,7740.75,7741.0,7740.25,7740.25,74
2026-09-20 22:58:00-04:00,7740.25,7740.25,7741.25,7740.25,7740.75,134
2026-09-20 22:59:00-04:00,7740.25,7740.25,7740.5,7739.75,7740.5,126
2026-09-20 23:00:00-04:00,7741.0,7741.0,7741.25,7740.25,7740.25,96
2026-09-20 23:01:00-04:00,7741.75,7741.75,7741.75,7741.0,7741.0,73
2026-09-20 23:02:00-04:00,7741.75,7741.75,7742.0,7741.25,7741.75,144
2026-09-20 23:03:00-04:00,7742.5,7742.5,7742.5,7741.75,7741.75,53
2026-09-20 23:04:00-04:00,7743.25,7743.25,7743.5,7742.5,7742.5,159
2026-09-20 23:05:00-04:00,7743.5,7743.5,7743.5,7743.0,7743.25,74
2026-09-20 23:06:00-04:00,7742.75,7742.75,7743.5,7742.75,7743.25,117
2026-09-20 23:07:00-04:00,7743.0,7743.0,7743.0,7742.5,7742.75,75
2026-09-20 23:08:00-04:00,7743.25,7743.25,7743.5,7742.75,7742.75,80
2026-09-20 23:09:00-04:00,7742.75,7742.75,7743.25,7742.75,7743.25,50
2026-09-20 23:10:00-04:00,7743.5,7743.5,7743.5,7742.75,7743.0,75
2026-09-20 23:11:00-04:00,7742.75,7742.75,7743.75,7742.75,7743.75,71
2026-09-20 23:12:00-04:00,7742.5,7742.5,7742.75,7742.5,7742.75,27
2026-09-20 23:13:00-04:00,7743.25,7743.25,7743.25,7742.5,7742.75,59
2026-09-20 23:14:00-04:00,7743.5,7743.5,7743.75,7743.25,7743.25,99
2026-09-20 23:15:00-04:00,7744.0,7744.0,7744.0,7743.25,7743.5,105
2026-09-20 23:16:00-04:00,7745.0,7745.0,7745.0,7743.75,7744.0,182
2026-09-20 23:17:00-04:00,7744.75,7744.75,7745.0,7744.5,7744.75,58
2026-09-20 23:18:00-04:00,7745.0,7745.0,7745.5,7744.75,7744.75,210
2026-09-20 23:19:00-04:00,7745.0,7745.0,7745.25,7745.0,7745.25,23
2026-09-20 23:20:00-04:00,7745.0,7745.0,7745.25,7744.75,7745.0,74
2026-09-20 23:21:00-04:00,7744.75,7744.75,7745.0,7744.5,7745.0,69
2026-09-20 23:22:00-04:00,7745.0,7745.0,7745.0,7744.75,7745.0,91
2026-09-20 23:23:00-04:00,7745.0,7745.0,7745.25,7744.75,7744.75,65
2026-09-20 23:24:00-04:00,7745.0,7745.0,7745.25,7745.0,7745.25,42
2026-09-20 23:25:00-04:00,7745.5,7745.5,7745.5,7744.75,7744.75,46
2026-09-20 23:26:00-04:00,7745.75,7745.75,7746.0,7745.25,7745.25,82
2026-09-20 23:27:00-04:00,7745.25,7745.25,7745.75,7745.0,7745.75,77
2026-09-20 23:28:00-04:00,7744.75,7744.75,7745.25,7744.5,7745.25,151
2026-09-20 23:29:00-04:00,7744.25,7744.25,7744.75,7744.0,7744.5,135
2026-09-20 23:30:00-04:00,7744.0,7744.0,7744.5,7743.75,7744.25,121
2026-09-20 23:31:00-04:00,7743.75,7743.75,7744.25,7743.75,7744.0,86
2026-09-20 23:32:00-04:00,7743.25,7743.25,7743.75,7743.0,7743.75,86
2026-09-20 23:33:00-04:00,7744.0,7744.0,7744.0,7743.25,7743.25,111
2026-09-20 23:34:00-04:00,7744.25,7744.25,7744.25,7744.0,7744.0,48
2026-09-20 23:35:00-04:00,7744.0,7744.0,7744.75,7744.0,7744.5,133
2026-09-20 23:36:00-04:00,7743.75,7743.75,7744.0,7743.5,7743.75,106
2026-09-20 23:37:00-04:00,7743.5,7743.5,7744.0,7743.5,7743.75,71
2026-09-20 23:38:00-04:00,7744.0,7744.0,7744.0,7743.5,7743.5,36
2026-09-20 23:39:00-04:00,7744.25,7744.25,7744.25,7744.0,7744.0,24
2026-09-20 23:40:00-04:00,7744.0,7744.0,7744.25,7744.0,7744.0,31
2026-09-20 23:41:00-04:00,7743.75,7743.75,7744.25,7743.75,7744.0,43
2026-09-20 23:42:00-04:00,7744.25,7744.25,7744.25,7744.0,7744.0,26
2026-09-20 23:43:00-04:00,7744.5,7744.5,7744.5,7744.25,7744.25,48
2026-09-20 23:44:00-04:00,7744.5,7744.5,7744.75,7744.5,7744.5,26
2026-09-20 23:45:00-04:00,7746.0,7746.0,7746.0,7744.5,7744.5,148
2026-09-20 23:46:00-04:00,7745.75,7745.75,7746.0,7745.75,7746.0,46
2026-09-20 23:47:00-04:00,7746.25,7746.25,7746.25,7745.75,7745.75,57
2026-09-20 23:48:00-04:00,7745.5,7745.5,7746.0,7745.5,7746.0,90
2026-09-20 23:49:00-04:00,7744.75,7744.75,7745.25,7744.75,7745.25,100
2026-09-20 23:50:00-04:00,7744.5,7744.5,7744.75,7744.5,7744.75,80
2026-09-20 23:51:00-04:00,7745.0,7745.0,7745.0,7744.5,7744.5,88
2026-09-20 23:52:00-04:00,7745.5,7745.5,7745.5,7744.75,7744.75,40
2026-09-20 23:53:00-04:00,7745.5,7745.5,7745.5,7745.0,7745.5,60
2026-09-20 23:54:00-04:00,7745.25,7745.25,7745.5,7745.25,7745.25,17
2026-09-20 23:55:00-04:00,7744.5,7744.5,7745.0,7744.25,7745.0,61
2026-09-20 23:56:00-04:00,7744.75,7744.75,7744.75,7744.25,7744.5,63
2026-09-20 23:57:00-04:00,7744.5,7744.5,7744.75,7744.25,7744.75,30
2026-09-20 23:58:00-04:00,7744.5,7744.5,7744.5,7744.25,7744.5,44
2026-09-21 00:00:00-04:00,7744.75,7744.75,7745.0,7744.0,7744.0,135
2026-09-21 00:01:00-04:00,7745.5,7745.5,7745.5,7744.75,7745.0,58
2026-09-21 00:02:00-04:00,7745.75,7745.75,7746.0,7745.25,7745.5,57
2026-09-21 00:03:00-04:00,7745.25,7745.25,7745.5,7745.0,7745.5,65
2026-09-21 00:04:00-04:00,7744.0,7744.0,7745.25,7744.0,7745.25,100
2026-09-21 00:05:00-04:00,7743.75,7743.75,7744.0,7743.25,7744.0,127
2026-09-21 00:06:00-04:00,7743.0,7743.0,7743.75,7742.75,7743.75,86
2026-09-21 00:07:00-04:00,7742.75,7742.75,7742.75,7742.5,7742.75,150
2026-09-21 00:08:00-04:00,7744.5,7744.5,7744.5,7742.75,7742.75,146
2026-09-21 00:09:00-04:00,7743.75,7743.75,7744.5,7743.75,7744.5,86
2026-09-21 00:10:00-04:00,7743.75,7743.75,7744.0,7743.75,7744.0,49
2026-09-21 00:11:00-04:00,7742.75,7742.75,7743.5,7742.5,7743.5,71
2026-09-21 00:12:00-04:00,7743.5,7743.5,7743.75,7743.0,7743.0,97
2026-09-21 00:13:00-04:00,7744.0,7744.0,7744.25,7743.5,7743.75,61
2026-09-21 00:14:00-04:00,7744.25,7744.25,7744.25,7743.75,7744.0,62
2026-09-21 00:15:00-04:00,7744.5,7744.5,7744.5,7744.0,7744.0,64
2026-09-21 00:16:00-04:00,7745.5,7745.5,7745.5,7744.5,7744.5,112
2026-09-21 00:17:00-04:00,7745.25,7745.25,7745.5,7745.0,7745.5,54
2026-09-21 00:18:00-04:00,7746.0,7746.0,7746.0,7745.25,7745.25,59
2026-09-21 00:19:00-04:00,7746.0,7746.0,7746.25,7745.75,7746.0,77
2026-09-21 00:20:00-04:00,7745.75,7745.75,7746.5,7745.5,7746.0,86
2026-09-21 00:21:00-04:00,7745.5,7745.5,7746.0,7745.25,7745.75,98
2026-09-21 00:22:00-04:00,7745.75,7745.75,7745.75,7745.5,7745.5,42
2026-09-21 00:23:00-04:00,7745.0,7745.0,7745.5,7744.75,7745.5,90
2026-09-21 00:24:00-04:00,7745.25,7745.25,7745.25,7744.75,7745.0,37
2026-09-21 00:25:00-04:00,7745.75,7745.75,7745.75,7745.25,7745.25,71
2026-09-21 00:26:00-04:00,7746.25,7746.25,7746.25,7745.75,7745.75,52
2026-09-21 00:27:00-04:00,7746.25,7746.25,7746.25,7746.0,7746.25,35
2026-09-21 00:28:00-04:00,7745.75,7745.75,7746.0,7745.75,7746.0,13
2026-09-21 00:29:00-04:00,7745.75,7745.75,7746.0,7745.75,7746.0,60
2026-09-21 00:30:00-04:00,7744.25,7744.25,7745.5,7744.25,7745.5,108
2026-09-21 00:31:00-04:00,7744.25,7744.25,7744.5,7743.75,7744.25,76
2026-09-21 00:32:00-04:00,7744.75,7744.75,7744.75,7744.5,7744.5,22
2026-09-21 00:33:00-04:00,7745.0,7745.0,7745.0,7745.0,7745.0,3
2026-09-21 00:34:00-04:00,7744.75,7744.75,7745.0,7744.75,7744.75,53
2026-09-21 00:35:00-04:00,7744.25,7744.25,7744.75,7744.25,7744.75,81
2026-09-21 00:36:00-04:00,7744.75,7744.75,7744.75,7744.5,7744.5,38
2026-09-21 00:37:00-04:00,7744.75,7744.75,7745.0,7744.5,7744.5,72
2026-09-21 00:38:00-04:00,7744.75,7744.75,7744.75,7744.75,7744.75,2
2026-09-21 00:39:00-04:00,7745.0,7745.0,7745.0,7744.5,7744.5,57
2026-09-21 00:40:00-04:00,7745.75,7745.75,7746.0,7744.75,7744.75,98
2026-09-21 00:41:00-04:00,7745.75,7745.75,7745.75,7745.5,7745.75,32
2026-09-21 00:42:00-04:00,7745.25,7745.25,7745.75,7745.25,7745.5,17
2026-09-21 00:43:00-04:00,7745.25,7745.25,7745.5,7745.0,7745.5,23
2026-09-21 00:44:00-04:00,7744.75,7744.75,7745.25,7744.75,7745.0,70
2026-09-21 00:45:00-04:00,7745.25,7745.25,7745.5,7745.0,7745.0,45
2026-09-21 00:46:00-04:00,7745.25,7745.25,7745.25,7745.0,7745.0,32
2026-09-21 00:47:00-04:00,7745.25,7745.25,7745.5,7745.0,7745.25,26
2026-09-21 00:48:00-04:00,7745.75,7745.75,7745.75,7745.25,7745.25,49
2026-09-21 00:49:00-04:00,7745.25,7745.25,7746.0,7745.25,7746.0,37
2026-09-21 00:50:00-04:00,7745.25,7745.25,7745.5,7745.25,7745.5,22
2026-09-21 00:51:00-04:00,7745.25,7745.25,7745.25,7745.0,7745.25,34
2026-09-21 00:52:00-04:00,7745.0,7745.0,7745.5,7745.0,7745.5,53
2026-09-21 00:53:00-04:00,7745.0,7745.0,7745.0,7744.75,7744.75,61
2026-09-21 00:54:00-04:00,7745.0,7745.0,7745.25,7744.75,7744.75,30
2026-09-21 00:55:00-04:00,7744.75,7744.75,7745.0,7744.5,7745.0,63
2026-09-21 00:56:00-04:00,7745.25,7745.25,7745.5,7744.75,7744.75,42
2026-09-21 00:57:00-04:00,7745.25,7745.25,7745.5,7745.25,7745.25,27
2026-09-21 00:58:00-04:00,7744.5,7744.5,7745.0,7744.5,7745.0,66
2026-09-21 00:59:00-04:00,7744.75,7744.75,7745.25,7744.75,7744.75,62
2026-09-21 01:00:00-04:00,7744.5,7744.5,7745.0,7744.5,7745.0,108
2026-09-21 01:01:00-04:00,7745.25,7745.25,7745.25,7744.75,7744.75,62
2026-09-21 01:02:00-04:00,7745.25,7745.25,7745.25,7744.5,7745.0,61
2026-09-21 01:03:00-04:00,7744.75,7744.75,7745.25,7744.75,7745.0,36
2026-09-21 01:04:00-04:00,7744.5,7744.5,7745.0,7744.5,7744.75,57
2026-09-21 01:05:00-04:00,7744.25,7744.25,7744.5,7744.0,7744.25,75
2026-09-21 01:06:00-04:00,7744.5,7744.5,7744.5,7744.25,7744.5,24
2026-09-21 01:07:00-04:00,7744.25,7744.25,7744.25,7744.25,7744.25,38
2026-09-21 01:08:00-04:00,7744.0,7744.0,7744.75,7744.0,7744.25,74
2026-09-21 01:09:00-04:00,7744.0,7744.0,7744.0,7743.5,7744.0,92
2026-09-21 01:10:00-04:00,7744.0,7744.0,7744.25,7744.0,7744.0,63
2026-09-21 01:11:00-04:00,7744.0,7744.0,7744.25,7743.75,7743.75,38
2026-09-21 01:12:00-04:00,7743.75,7743.75,7744.25,7743.75,7744.25,60
2026-09-21 01:13:00-04:00,7744.0,7744.0,7744.0,7743.75,7743.75,28
2026-09-21 01:14:00-04:00,7743.75,7743.75,7744.25,7743.75,7744.0,83
2026-09-21 01:15:00-04:00,7744.0,7744.0,7744.0,7743.75,7743.75,43
2026-09-21 01:16:00-04:00,7744.0,7744.0,7744.0,7743.75,7743.75,118
2026-09-21 01:17:00-04:00,7743.5,7743.5,7743.75,7743.5,7743.75,127
2026-09-21 01:18:00-04:00,7744.0,7744.0,7744.0,7743.25,7743.5,52
2026-09-21 01:19:00-04:00,7743.75,7743.75,7744.5,7743.5,7744.0,106
2026-09-21 01:20:00-04:00,7744.0,7744.0,7744.0,7743.5,7744.0,53
2026-09-21 01:21:00-04:00,7743.75,7743.75,7744.25,7743.75,7744.0,118
2026-09-21 01:22:00-04:00,7744.25,7744.25,7744.25,7743.75,7743.75,79
2026-09-21 01:23:00-04:00,7744.25,7744.25,7744.25,7743.75,7744.0,44
2026-09-21 01:24:00-04:00,7744.75,7744.75,7744.75,7744.25,7744.25,49
2026-09-21 01:25:00-04:00,7744.0,7744.0,7744.75,7743.75,7744.75,62
2026-09-21 01:26:00-04:00,7744.0,7744.0,7744.25,7744.0,7744.25,50
2026-09-21 01:27:00-04:00,7744.0,7744.0,7744.5,7744.0,7744.0,45
2026-09-21 01:28:00-04:00,7743.75,7743.75,7744.25,7743.5,7743.75,83
2026-09-21 01:29:00-04:00,7744.5,7744.5,7744.5,7743.75,7743.75,36
2026-09-21 01:30:00-04:00,7744.75,7744.75,7745.0,7744.25,7744.25,130
2026-09-21 01:31:00-04:00,7746.0,7746.0,7746.0,7744.75,7744.75,227
2026-09-21 01:32:00-04:00,7744.5,7744.5,7746.0,7744.25,7746.0,189
2026-09-21 01:33:00-04:00,7744.75,7744.75,7745.0,7744.0,7744.5,101
2026-09-21 01:34:00-04:00,7745.5,7745.5,7745.5,7744.75,7744.75,62
2026-09-21 01:35:00-04:00,7745.5,7745.5,7745.75,7745.0,7745.5,121
2026-09-21 01:36:00-04:00,7746.0,7746.0,7746.25,7745.5,7745.5,192
2026-09-21 01:37:00-04:00,7746.5,7746.5,7747.0,7745.75,7745.75,185
2026-09-21 01:38:00-04:00,7747.5,7747.5,7747.5,7746.75,7746.75,165
2026-09-21 01:39:00-04:00,7746.5,7746.5,7747.75,7746.5,7747.5,171
2026-09-21 01:40:00-04:00,7748.5,7748.5,7748.5,7746.75,7746.75,238
2026-09-21 01:41:00-04:00,7746.75,7746.75,7748.25,7746.5,7748.25,183
2026-09-21 01:42:00-04:00,7746.0,7746.0,7746.75,7746.0,7746.5,134
2026-09-21 01:43:00-04:00,7746.0,7746.0,7746.75,7746.0,7746.0,94
2026-09-21 01:44:00-04:00,7746.0,7746.0,7746.0,7745.75,7746.0,68
2026-09-21 01:45:00-04:00,7745.5,7745.5,7746.0,7745.5,7745.75,95
2026-09-21 01:46:00-04:00,7746.0,7746.0,7746.0,7745.75,7745.75,61
2026-09-21 01:47:00-04:00,7745.75,7745.75,7746.0,7745.5,7746.0,87
2026-09-21 01:48:00-04:00,7744.0,7744.0,7745.75,7744.0,7745.5,174
2026-09-21 01:49:00-04:00,7744.0,7744.0,7744.5,7744.0,7744.25,132
2026-09-21 01:50:00-04:00,7744.25,7744.25,7744.25,7743.75,7744.25,80
2026-09-21 01:51:00-04:00,7744.25,7744.25,7744.75,7744.0,7744.25,65
2026-09-21 01:52:00-04:00,7744.75,7744.75,7744.75,7744.0,7744.5,76
2026-09-21 01:53:00-04:00,7745.75,7745.75,7745.75,7744.5,7744.5,93
2026-09-21 01:54:00-04:00,7745.25,7745.25,7745.75,7745.0,7745.75,51
2026-09-21 01:55:00-04:00,7745.25,7745.25,7745.5,7745.0,7745.0,67
2026-09-21 01:56:00-04:00,7745.25,7745.25,7745.5,7745.0,7745.25,90
2026-09-21 01:57:00-04:00,7745.5,7745.5,7746.0,7745.5,7745.5,61
2026-09-21 01:58:00-04:00,7745.5,7745.5,7745.75,7745.5,7745.5,39
2026-09-21 01:59:00-04:00,7745.5,7745.5,7745.75,7745.5,7745.5,44
2026-09-21 02:00:00-04:00,7747.75,7747.75,7747.75,7745.5,7745.5,303
2026-09-21 02:01:00-04:00,7747.75,7747.75,7748.0,7747.25,7747.75,170
2026-09-21 02:02:00-04:00,7747.25,7747.25,7747.75,7747.0,7747.75,121
2026-09-21 02:03:00-04:00,7747.25,7747.25,7747.5,7747.25,7747.5,75
2026-09-21 02:04:00-04:00,7748.0,7748.0,7748.0,7746.75,7747.25,167
2026-09-21 02:05:00-04:00,7747.5,7747.5,7748.0,7747.5,7747.75,140
2026-09-21 02:06:00-04:00,7747.5,7747.5,7747.75,7746.75,7747.5,96
2026-09-21 02:07:00-04:00,7747.25,7747.25,7747.5,7747.0,7747.25,108
2026-09-21 02:08:00-04:00,7747.25,7747.25,7747.5,7746.5,7747.25,145
2026-09-21 02:09:00-04:00,7748.0,7748.0,7748.0,7747.0,7747.0,101
2026-09-21 02:10:00-04:00,7748.0,7748.0,7748.25,7747.75,7747.75,102
2026-09-21 02:11:00-04:00,7747.75,7747.75,7748.25,7747.75,7748.0,144
2026-09-21 02:12:00-04:00,7747.25,7747.25,7749.25,7747.0,7748.0,1035
2026-09-21 02:13:00-04:00,7746.75,7746.75,7747.25,7746.25,7747.25,247
2026-09-21 02:14:00-04:00,7747.0,7747.0,7747.25,7746.25,7746.75,138
2026-09-21 02:15:00-04:00,7747.0,7747.0,7747.25,7746.75,7746.75,133
2026-09-21 02:16:00-04:00,7747.25,7747.25,7747.25,7747.0,7747.0,163
2026-09-21 02:17:00-04:00,7747.5,7747.5,7748.0,7747.25,7747.25,239
2026-09-21 02:18:00-04:00,7748.25,7748.25,7748.25,7747.5,7747.75,188
2026-09-21 02:19:00-04:00,7747.0,7747.0,7748.25,7747.0,7748.0,456
2026-09-21 02:20:00-04:00,7747.0,7747.0,7747.25,7746.75,7747.25,168
2026-09-21 02:21:00-04:00,7747.25,7747.25,7747.25,7746.5,7746.75,184
2026-09-21 02:22:00-04:00,7746.5,7746.5,7747.0,7746.25,7747.0,244
2026-09-21 02:23:00-04:00,7746.25,7746.25,7746.5,7745.5,7746.25,282
2026-09-21 02:24:00-04:00,7746.25,7746.25,7746.5,7745.75,7746.25,122
2026-09-21 02:25:00-04:00,7747.0,7747.0,7747.0,7745.5,7746.25,382
2026-09-21 02:26:00-04:00,7746.5,7746.5,7747.0,7746.25,7746.75,205
2026-09-21 02:27:00-04:00,7747.0,7747.0,7747.0,7746.25,7746.5,121
2026-09-21 02:28:00-04:00,7746.75,7746.75,7747.25,7746.75,7747.0,254
2026-09-21 02:29:00-04:00,7747.5,7747.5,7747.5,7747.0,7747.0,118
2026-09-21 02:30:00-04:00,7747.5,7747.5,7748.25,7747.25,7747.25,191
2026-09-21 02:31:00-04:00,7748.0,7748.0,7748.5,7747.75,7747.75,82
2026-09-21 02:32:00-04:00,7747.75,7747.75,7748.0,7747.75,7748.0,113
2026-09-21 02:33:00-04:00,7748.5,7748.5,7748.5,7747.75,7747.75,137
2026-09-21 02:34:00-04:00,7749.75,7749.75,7749.75,7748.5,7748.5,154
2026-09-21 02:35:00-04:00,7749.0,7749.0,7749.75,7748.5,7749.75,173
2026-09-21 02:36:00-04:00,7749.0,7749.0,7749.25,7748.75,7749.25,199
2026-09-21 02:37:00-04:00,7749.5,7749.5,7749.5,7749.0,7749.0,77
2026-09-21 02:38:00-04:00,7749.25,7749.25,7749.5,7748.75,7749.25,183
2026-09-21 02:39:00-04:00,7749.0,7749.0,7749.0,7748.75,7749.0,85
2026-09-21 02:40:00-04:00,7749.25,7749.25,7749.75,7749.0,7749.0,218
2026-09-21 02:41:00-04:00,7749.25,7749.25,7749.5,7749.0,7749.25,103
2026-09-21 02:42:00-04:00,7749.0,7749.0,7749.25,7748.75,7749.0,105
2026-09-21 02:43:00-04:00,7749.0,7749.0,7749.0,7748.75,7749.0,52
2026-09-21 02:44:00-04:00,7749.0,7749.0,7749.25,7748.75,7748.75,86
2026-09-21 02:45:00-04:00,7749.5,7749.5,7749.5,7749.25,7749.25,118
2026-09-21 02:46:00-04:00,7749.75,7749.75,7750.0,7749.25,7749.5,229
2026-09-21 02:47:00-04:00,7750.75,7750.75,7750.75,7749.75,7749.75,208
2026-09-21 02:48:00-04:00,7750.5,7750.5,7750.75,7750.25,7750.5,132
2026-09-21 02:49:00-04:00,7750.5,7750.5,7750.75,7750.5,7750.75,96
2026-09-21 02:50:00-04:00,7750.0,7750.0,7750.5,7750.0,7750.5,120
2026-09-21 02:51:00-04:00,7750.25,7750.25,7751.0,7749.75,7750.0,216
2026-09-21 02:52:00-04:00,7750.75,7750.75,7750.75,7749.75,7750.25,257
2026-09-21 02:53:00-04:00,7749.5,7749.5,7750.75,7749.5,7750.75,147
2026-09-21 02:54:00-04:00,7749.5,7749.5,7749.5,7748.5,7749.5,120
2026-09-21 02:55:00-04:00,7750.0,7750.0,7750.0,7749.25,7749.25,66
2026-09-21 02:56:00-04:00,7750.5,7750.5,7750.5,7749.75,7750.0,120
2026-09-21 02:57:00-04:00,7750.75,7750.75,7750.75,7750.25,7750.25,109
2026-09-21 02:58:00-04:00,7751.25,7751.25,7751.5,7750.5,7750.75,175
2026-09-21 02:59:00-04:00,7752.0,7752.0,7752.25,7751.0,7751.25,316
2026-09-21 03:00:00-04:00,7752.5,7752.5,7756.25,7751.5,7752.0,2879
2026-09-21 03:01:00-04:00,7752.5,7752.5,7752.75,7751.5,7752.75,272
2026-09-21 03:02:00-04:00,7753.75,7753.75,7754.0,7752.5,7752.5,612
2026-09-21 03:03:00-04:00,7756.5,7756.5,7757.0,7753.75,7753.75,1414
2026-09-21 03:04:00-04:00,7757.0,7757.0,7757.25,7756.0,7756.75,877
2026-09-21 03:05:00-04:00,7756.25,7756.25,7757.0,7754.5,7757.0,621
2026-09-21 03:06:00-04:00,7755.25,7755.25,7756.75,7755.0,7756.25,370
2026-09-21 03:07:00-04:00,7755.5,7755.5,7755.75,7754.75,7755.25,374
2026-09-21 03:08:00-04:00,7755.25,7755.25,7756.25,7755.0,7755.5,286
2026-09-21 03:09:00-04:00,7756.0,7756.0,7756.75,7755.0,7755.25,483
2026-09-21 03:10:00-04:00,7753.0,7753.0,7756.25,7753.0,7756.25,588
2026-09-21 03:11:00-04:00,7753.0,7753.0,7753.25,7752.25,7753.0,533
2026-09-21 03:12:00-04:00,7752.75,7752.75,7753.5,7752.0,7753.0,485
2026-09-21 03:13:00-04:00,7753.5,7753.5,7754.0,7752.5,7752.75,238
2026-09-21 03:14:00-04:00,7755.25,7755.25,7755.5,7753.5,7753.5,270
2026-09-21 03:15:00-04:00,7755.0,7755.0,7755.75,7754.5,7755.25,207
2026-09-21 03:16:00-04:00,7755.5,7755.5,7755.75,7754.5,7755.25,220
2026-09-21 03:17:00-04:00,7756.0,7756.0,7756.5,7755.25,7755.5,199
2026-09-21 03:18:00-04:00,7756.5,7756.5,7757.0,7756.0,7756.25,261
2026-09-21 03:19:00-04:00,7756.0,7756.0,7756.5,7755.75,7756.5,276
2026-09-21 03:20:00-04:00,7755.0,7755.0,7756.0,7755.0,7756.0,161
2026-09-21 03:21:00-04:00,7755.5,7755.5,7756.0,7755.0,7755.25,169
2026-09-21 03:22:00-04:00,7754.25,7754.25,7755.25,7754.25,7755.25,325
2026-09-21 03:23:00-04:00,7753.5,7753.5,7754.25,7753.25,7754.25,293
2026-09-21 03:24:00-04:00,7754.25,7754.25,7754.5,7753.0,7753.25,312
2026-09-21 03:25:00-04:00,7753.0,7753.0,7754.25,7753.0,7754.25,188
2026-09-21 03:26:00-04:00,7753.5,7753.5,7753.75,7752.75,7753.25,290
2026-09-21 03:27:00-04:00,7754.5,7754.5,7754.75,7753.0,7753.25,223
2026-09-21 03:28:00-04:00,7754.75,7754.75,7755.25,7754.25,7754.75,222
2026-09-21 03:29:00-04:00,7755.75,7755.75,7755.75,7754.5,7754.75,276
2026-09-21 03:30:00-04:00,7755.75,7755.75,7756.75,7755.75,7755.75,314
2026-09-21 03:31:00-04:00,7756.75,7756.75,7756.75,7755.75,7756.0,260
2026-09-21 03:32:00-04:00,7755.25,7755.25,7756.75,7755.25,7756.75,436
2026-09-21 03:33:00-04:00,7756.0,7756.0,7756.25,7754.75,7755.25,360
2026-09-21 03:34:00-04:00,7755.75,7755.75,7756.25,7755.5,7756.0,351
2026-09-21 03:35:00-04:00,7755.75,7755.75,7756.25,7755.5,7756.0,259
2026-09-21 03:36:00-04:00,7755.25,7755.25,7755.75,7755.25,7755.5,167
2026-09-21 03:37:00-04:00,7756.5,7756.5,7756.75,7755.25,7755.5,234
2026-09-21 03:38:00-04:00,7756.5,7756.5,7757.0,7756.25,7756.75,296
2026-09-21 03:39:00-04:00,7756.0,7756.0,7756.75,7755.0,7756.5,409
2026-09-21 03:40:00-04:00,7755.0,7755.0,7756.25,7754.75,7756.0,207
2026-09-21 03:41:00-04:00,7754.75,7754.75,7756.0,7754.5,7755.0,487
2026-09-21 03:42:00-04:00,7754.5,7754.5,7755.25,7754.0,7754.75,264
2026-09-21 03:43:00-04:00,7753.25,7753.25,7754.75,7753.0,7754.5,310
2026-09-21 03:44:00-04:00,7754.25,7754.25,7754.5,7753.25,7753.25,270
2026-09-21 03:45:00-04:00,7754.75,7754.75,7755.25,7754.0,7754.25,228
2026-09-21 03:46:00-04:00,7753.0,7753.0,7754.75,7752.75,7754.75,310
2026-09-21 03:47:00-04:00,7753.5,7753.5,7753.75,7752.5,7753.0,203
2026-09-21 03:48:00-04:00,7754.75,7754.75,7754.75,7753.25,7753.5,166
2026-09-21 03:49:00-04:00,7754.5,7754.5,7754.75,7753.75,7754.5,184
2026-09-21 03:50:00-04:00,7755.75,7755.75,7756.0,7754.25,7754.5,337
2026-09-21 03:51:00-04:00,7756.5,7756.5,7756.75,7755.5,7755.75,260
2026-09-21 03:52:00-04:00,7756.75,7756.75,7757.0,7756.5,7756.75,243
2026-09-21 03:53:00-04:00,7757.25,7757.25,7757.5,7756.75,7756.75,344
2026-09-21 03:54:00-04:00,7757.75,7757.75,7757.75,7757.0,7757.25,228
2026-09-21 03:55:00-04:00,7758.0,7758.0,7758.25,7757.5,7757.75,427
2026-09-21 03:56:00-04:00,7758.25,7758.25,7758.25,7757.5,7758.0,271
2026-09-21 03:57:00-04:00,7758.5,7758.5,7758.5,7758.0,7758.25,320
2026-09-21 03:58:00-04:00,7758.5,7758.5,7759.0,7758.0,7758.75,207
2026-09-21 03:59:00-04:00,7757.25,7757.25,7758.5,7757.25,7758.5,221
2026-09-21 04:00:00-04:00,7759.5,7759.5,7759.75,7757.0,7757.25,907
2026-09-21 04:01:00-04:00,7760.25,7760.25,7760.5,7759.25,7759.5,1886
2026-09-21 04:02:00-04:00,7760.25,7760.25,7761.25,7759.5,7760.25,697
2026-09-21 04:03:00-04:00,7761.0,7761.0,7761.5,7760.25,7760.25,770
2026-09-21 04:04:00-04:00,7760.25,7760.25,7761.25,7760.25,7761.25,380
2026-09-21 04:05:00-04:00,7758.5,7758.5,7760.25,7758.5,7760.25,401
2026-09-21 04:06:00-04:00,7760.25,7760.25,7760.5,7758.25,7758.75,670
2026-09-21 04:07:00-04:00,7759.25,7759.25,7760.25,7759.0,7760.25,434
2026-09-21 04:08:00-04:00,7759.5,7759.5,7760.0,7759.25,7759.25,251
2026-09-21 04:09:00-04:00,7760.5,7760.5,7760.75,7759.5,7759.75,481
2026-09-21 04:10:00-04:00,7760.5,7760.5,7761.0,7760.25,7760.5,352
2026-09-21 04:11:00-04:00,7760.5,7760.5,7761.0,7760.25,7760.75,322
2026-09-21 04:12:00-04:00,7760.75,7760.75,7761.25,7760.25,7760.5,554
2026-09-21 04:13:00-04:00,7759.75,7759.75,7760.75,7759.5,7760.75,245
2026-09-21 04:14:00-04:00,7760.25,7760.25,7760.5,7759.75,7760.0,219
2026-09-21 04:15:00-04:00,7760.0,7760.0,7760.75,7760.0,7760.5,185
2026-09-21 04:16:00-04:00,7760.25,7760.25,7760.5,7760.0,7760.25,155
2026-09-21 04:17:00-04:00,7760.0,7760.0,7760.5,7760.0,7760.5,80
2026-09-21 04:18:00-04:00,7759.75,7759.75,7760.0,7759.5,7760.0,222
2026-09-21 04:19:00-04:00,7759.5,7759.5,7760.25,7759.5,7759.5,223
2026-09-21 04:20:00-04:00,7759.75,7759.75,7759.75,7759.0,7759.5,156
2026-09-21 04:21:00-04:00,7760.25,7760.25,7760.25,7759.5,7759.75,275
2026-09-21 04:22:00-04:00,7760.25,7760.25,7760.25,7759.75,7760.0,364
2026-09-21 04:23:00-04:00,7760.5,7760.5,7761.25,7760.25,7760.25,375
2026-09-21 04:24:00-04:00,7760.25,7760.25,7760.5,7760.0,7760.25,137
2026-09-21 04:25:00-04:00,7759.75,7759.75,7760.75,7759.75,7760.25,160
2026-09-21 04:26:00-04:00,7760.0,7760.0,7760.25,7759.25,7760.0,351
2026-09-21 04:27:00-04:00,7760.25,7760.25,7760.25,7759.75,7760.0,201
2026-09-21 04:28:00-04:00,7760.75,7760.75,7760.75,7760.25,7760.25,103
2026-09-21 04:29:00-04:00,7760.0,7760.0,7760.75,7760.0,7760.75,185
2026-09-21 04:30:00-04:00,7760.75,7760.75,7760.75,7759.5,7759.75,220
2026-09-21 04:31:00-04:00,7761.25,7761.25,7761.5,7760.75,7760.75,302
2026-09-21 04:32:00-04:00,7763.0,7763.0,7763.0,7761.25,7761.25,806
2026-09-21 04:33:00-04:00,7763.0,7763.0,7763.25,7762.75,7762.75,279
2026-09-21 04:34:00-04:00,7762.5,7762.5,7763.25,7762.25,7763.25,275
2026-09-21 04:35:00-04:00,7763.0,7763.0,7763.0,7761.75,7762.5,346
2026-09-21 04:36:00-04:00,7762.5,7762.5,7763.5,7762.25,7762.75,402
2026-09-21 04:37:00-04:00,7761.75,7761.75,7762.25,7761.75,7762.25,147
2026-09-21 04:38:00-04:00,7761.75,7761.75,7762.5,7761.5,7761.75,332
2026-09-21 04:39:00-04:00,7762.0,7762.0,7762.0,7761.5,7761.75,117
2026-09-21 04:40:00-04:00,7761.75,7761.75,7762.25,7761.5,7762.0,262
2026-09-21 04:41:00-04:00,7763.5,7763.5,7763.75,7762.0,7762.0,446
2026-09-21 04:42:00-04:00,7763.0,7763.0,7763.75,7762.75,7763.5,266
2026-09-21 04:43:00-04:00,7763.75,7763.75,7764.0,7762.75,7762.75,294
2026-09-21 04:44:00-04:00,7763.5,7763.5,7763.75,7763.25,7763.75,427
2026-09-21 04:45:00-04:00,7763.5,7763.5,7763.5,7763.0,7763.25,226
2026-09-21 04:46:00-04:00,7763.25,7763.25,7764.25,7763.25,7763.5,1629
2026-09-21 04:47:00-04:00,7763.0,7763.0,7763.75,7762.0,7763.5,624
2026-09-21 04:48:00-04:00,7763.5,7763.5,7763.5,7763.0,7763.25,185
2026-09-21 04:49:00-04:00,7763.25,7763.25,7763.75,7763.0,7763.75,118
2026-09-21 04:50:00-04:00,7762.25,7762.25,7763.0,7761.5,7763.0,350
2026-09-21 04:51:00-04:00,7762.25,7762.25,7762.75,7762.0,7762.25,186
2026-09-21 04:52:00-04:00,7762.0,7762.0,7762.25,7761.5,7762.0,215
2026-09-21 04:53:00-04:00,7762.5,7762.5,7762.5,7762.0,7762.0,377
2026-09-21 04:54:00-04:00,7760.75,7760.75,7762.5,7760.75,7762.5,529
2026-09-21 04:55:00-04:00,7761.25,7761.25,7761.75,7760.5,7760.75,244
2026-09-21 04:56:00-04:00,7760.5,7760.5,7761.5,7760.5,7761.5,222
2026-09-21 04:57:00-04:00,7761.0,7761.0,7761.0,7760.5,7760.75,186
2026-09-21 04:58:00-04:00,7761.25,7761.25,7761.5,7760.75,7760.75,313
2026-09-21 04:59:00-04:00,7761.0,7761.0,7761.5,7761.0,7761.25,199
2026-09-21 05:00:00-04:00,7760.5,7760.5,7761.25,7759.75,7761.25,399
2026-09-21 05:01:00-04:00,7760.0,7760.0,7760.75,7759.75,7760.5,210
2026-09-21 05:02:00-04:00,7760.0,7760.0,7760.25,7759.75,7760.0,175
2026-09-21 05:03:00-04:00,7760.5,7760.5,7760.5,7759.75,7760.0,246
2026-09-21 05:04:00-04:00,7759.75,7759.75,7760.25,7759.25,7760.25,241
2026-09-21 05:05:00-04:00,7760.0,7760.0,7760.0,7759.25,7759.5,127
2026-09-21 05:06:00-04:00,7760.25,7760.25,7760.75,7760.0,7760.0,211
2026-09-21 05:07:00-04:00,7761.25,7761.25,7761.25,7760.5,7760.5,148
2026-09-21 05:08:00-04:00,7761.75,7761.75,7762.25,7761.25,7761.25,218
2026-09-21 05:09:00-04:00,7760.75,7760.75,7762.0,7760.75,7762.0,224
2026-09-21 05:10:00-04:00,7760.25,7760.25,7761.25,7760.25,7761.0,174
2026-09-21 05:11:00-04:00,7761.0,7761.0,7761.25,7760.0,7760.25,238
2026-09-21 05:12:00-04:00,7761.0,7761.0,7761.0,7760.5,7760.75,177
2026-09-21 05:13:00-04:00,7761.0,7761.0,7761.0,7760.5,7760.75,126
2026-09-21 05:14:00-04:00,7760.75,7760.75,7761.0,7760.5,7760.75,165
2026-09-21 05:15:00-04:00,7761.5,7761.5,7761.75,7761.0,7761.0,211
2026-09-21 05:16:00-04:00,7760.75,7760.75,7761.5,7760.5,7761.5,102
2026-09-21 05:17:00-04:00,7760.5,7760.5,7761.0,7760.0,7760.75,177
2026-09-21 05:18:00-04:00,7760.5,7760.5,7761.0,7760.5,7760.5,118
2026-09-21 05:19:00-04:00,7760.25,7760.25,7760.5,7760.0,7760.25,186
2026-09-21 05:20:00-04:00,7760.25,7760.25,7760.75,7760.0,7760.5,104
2026-09-21 05:21:00-04:00,7760.75,7760.75,7760.75,7760.0,7760.0,57
2026-09-21 05:22:00-04:00,7762.25,7762.25,7762.5,7760.75,7760.75,373
2026-09-21 05:23:00-04:00,7761.5,7761.5,7762.25,7761.25,7762.25,166
2026-09-21 05:24:00-04:00,7761.25,7761.25,7761.75,7761.25,7761.75,189
2026-09-21 05:25:00-04:00,7761.25,7761.25,7761.5,7760.75,7761.0,191
2026-09-21 05:26:00-04:00,7762.25,7762.25,7762.25,7761.25,7761.25,263
2026-09-21 05:27:00-04:00,7763.0,7763.0,7763.25,7762.25,7762.25,372
2026-09-21 05:28:00-04:00,7762.0,7762.0,7763.25,7762.0,7762.75,146
2026-09-21 05:29:00-04:00,7761.0,7761.0,7762.0,7761.0,7762.0,143
2026-09-21 05:30:00-04:00,7761.0,7761.0,7761.0,7760.5,7760.75,213
2026-09-21 05:31:00-04:00,7760.75,7760.75,7761.25,7760.5,7761.0,164
2026-09-21 05:32:00-04:00,7761.0,7761.0,7761.0,7760.5,7760.5,160
2026-09-21 05:33:00-04:00,7761.0,7761.0,7761.5,7760.75,7761.0,248
2026-09-21 05:34:00-04:00,7761.5,7761.5,7761.5,7761.25,7761.25,58
2026-09-21 05:35:00-04:00,7761.25,7761.25,7762.0,7761.0,7761.5,439
2026-09-21 05:36:00-04:00,7761.5,7761.5,7761.75,7761.5,7761.5,95
2026-09-21 05:37:00-04:00,7761.75,7761.75,7761.75,7761.25,7761.5,122
2026-09-21 05:38:00-04:00,7761.5,7761.5,7761.75,7761.5,7761.5,131
2026-09-21 05:39:00-04:00,7762.0,7762.0,7762.25,7761.25,7761.5,143
2026-09-21 05:40:00-04:00,7762.0,7762.0,7762.0,7761.5,7762.0,110
2026-09-21 05:41:00-04:00,7762.25,7762.25,7762.75,7761.75,7761.75,208
2026-09-21 05:42:00-04:00,7761.75,7761.75,7762.25,7761.75,7762.25,102
2026-09-21 05:43:00-04:00,7762.25,7762.25,7762.5,7762.0,7762.0,64
2026-09-21 05:44:00-04:00,7762.25,7762.25,7762.25,7762.0,7762.0,61
2026-09-21 05:45:00-04:00,7762.0,7762.0,7762.5,7762.0,7762.25,206
2026-09-21 05:46:00-04:00,7762.0,7762.0,7762.25,7761.75,7762.0,180
2026-09-21 05:47:00-04:00,7762.25,7762.25,7762.5,7762.25,7762.25,113
2026-09-21 05:48:00-04:00,7762.5,7762.5,7762.75,7762.25,7762.25,111
2026-09-21 05:49:00-04:00,7762.25,7762.25,7762.5,7762.0,7762.5,116
2026-09-21 05:50:00-04:00,7763.0,7763.0,7763.25,7762.25,7762.25,218
2026-09-21 05:51:00-04:00,7764.0,7764.0,7764.5,7763.0,7763.25,280
2026-09-21 05:52:00-04:00,7763.75,7763.75,7764.5,7763.5,7764.0,429
2026-09-21 05:53:00-04:00,7763.75,7763.75,7764.5,7763.5,7763.5,300
2026-09-21 05:54:00-04:00,7764.25,7764.25,7764.25,7763.5,7763.75,126
2026-09-21 05:55:00-04:00,7764.25,7764.25,7764.25,7763.5,7764.0,145
2026-09-21 05:56:00-04:00,7763.5,7763.5,7764.25,7763.25,7764.25,120
2026-09-21 05:57:00-04:00,7762.5,7762.5,7763.5,7762.25,7763.25,165
2026-09-21 05:58:00-04:00,7762.5,7762.5,7762.5,7762.25,7762.25,115
2026-09-21 05:59:00-04:00,7762.5,7762.5,7763.25,7762.25,7762.5,123
2026-09-21 06:00:00-04:00,7762.75,7762.75,7763.25,7762.25,7762.25,218
2026-09-21 06:01:00-04:00,7763.5,7763.5,7763.75,7762.5,7762.75,113
2026-09-21 06:02:00-04:00,7764.25,7764.25,7764.25,7763.25,7763.5,78
2026-09-21 06:03:00-04:00,7764.0,7764.0,7764.25,7764.0,7764.25,232
2026-09-21 06:04:00-04:00,7764.5,7764.5,7764.5,7763.75,7764.0,177
2026-09-21 06:05:00-04:00,7764.25,7764.25,7764.75,7764.0,7764.25,238
2026-09-21 06:06:00-04:00,7764.25,7764.25,7764.5,7764.0,7764.5,134
2026-09-21 06:07:00-04:00,7764.75,7764.75,7764.75,7764.0,7764.25,234
2026-09-21 06:08:00-04:00,7764.25,7764.25,7764.75,7764.25,7764.5,175
2026-09-21 06:09:00-04:00,7764.75,7764.75,7765.5,7764.5,7764.5,322
2026-09-21 06:10:00-04:00,7764.75,7764.75,7765.0,7764.75,7765.0,71
2026-09-21 06:11:00-04:00,7764.75,7764.75,7765.25,7764.75,7765.0,114
2026-09-21 06:12:00-04:00,7764.75,7764.75,7765.0,7764.5,7764.75,111
2026-09-21 06:13:00-04:00,7764.5,7764.5,7765.0,7764.5,7765.0,127
2026-09-21 06:14:00-04:00,7765.5,7765.5,7765.5,7764.5,7764.5,171
2026-09-21 06:15:00-04:00,7766.5,7766.5,7766.75,7765.75,7765.75,331
2026-09-21 06:16:00-04:00,7766.5,7766.5,7766.75,7766.0,7766.75,140
2026-09-21 06:17:00-04:00,7766.25,7766.25,7766.75,7766.25,7766.75,172
2026-09-21 06:18:00-04:00,7766.0,7766.0,7766.0,7765.5,7766.0,312
2026-09-21 06:19:00-04:00,7765.5,7765.5,7766.25,7765.25,7766.0,265
2026-09-21 06:20:00-04:00,7766.0,7766.0,7766.0,7765.25,7765.5,204
2026-09-21 06:21:00-04:00,7765.75,7765.75,7766.0,7765.75,7765.75,71
2026-09-21 06:22:00-04:00,7765.5,7765.5,7765.75,7765.5,7765.75,94
2026-09-21 06:23:00-04:00,7764.75,7764.75,7765.75,7764.75,7765.75,237
2026-09-21 06:24:00-04:00,7765.25,7765.25,7765.25,7765.0,7765.0,47
2026-09-21 06:25:00-04:00,7765.25,7765.25,7765.5,7765.0,7765.25,122
2026-09-21 06:26:00-04:00,7765.75,7765.75,7765.75,7765.25,7765.25,155
2026-09-21 06:27:00-04:00,7766.75,7766.75,7766.75,7766.0,7766.0,96
2026-09-21 06:28:00-04:00,7767.0,7767.0,7767.0,7766.5,7766.5,196
2026-09-21 06:29:00-04:00,7766.25,7766.25,7767.0,7766.0,7767.0,93
2026-09-21 06:30:00-04:00,7767.5,7767.5,7767.5,7765.25,7766.25,859
2026-09-21 06:31:00-04:00,7768.0,7768.0,7768.25,7767.25,7767.25,813
2026-09-21 06:32:00-04:00,7767.5,7767.5,7768.0,7767.5,7767.75,169
2026-09-21 06:33:00-04:00,7768.0,7768.0,7768.0,7767.5,7767.5,156
2026-09-21 06:34:00-04:00,7768.25,7768.25,7769.0,7768.0,7768.25,281
2026-09-21 06:35:00-04:00,7766.5,7766.5,7768.5,7766.25,7768.25,746
2026-09-21 06:36:00-04:00,7766.5,7766.5,7766.75,7765.75,7766.25,393
2026-09-21 06:37:00-04:00,7767.0,7767.0,7767.25,7766.25,7766.75,226
2026-09-21 06:38:00-04:00,7767.5,7767.5,7767.5,7767.0,7767.0,106
2026-09-21 06:39:00-04:00,7767.5,7767.5,7768.25,7767.0,7767.5,245
2026-09-21 06:40:00-04:00,7767.0,7767.0,7767.25,7766.75,7767.25,115
2026-09-21 06:41:00-04:00,7766.75,7766.75,7767.0,7766.5,7767.0,106
2026-09-21 06:42:00-04:00,7767.0,7767.0,7767.0,7766.5,7766.75,99
2026-09-21 06:43:00-04:00,7767.0,7767.0,7767.25,7766.75,7767.0,178
2026-09-21 06:44:00-04:00,7767.25,7767.25,7767.5,7767.25,7767.25,98
2026-09-21 06:45:00-04:00,7767.25,7767.25,7767.5,7767.25,7767.25,60
2026-09-21 06:46:00-04:00,7768.25,7768.25,7768.75,7767.5,7767.5,199
2026-09-21 06:47:00-04:00,7767.5,7767.5,7768.0,7767.25,7768.0,178
2026-09-21 06:48:00-04:00,7766.75,7766.75,7767.5,7766.75,7767.5,221
2026-09-21 06:49:00-04:00,7766.75,7766.75,7767.0,7766.25,7767.0,93
2026-09-21 06:50:00-04:00,7766.5,7766.5,7767.0,7766.5,7766.75,143
2026-09-21 06:51:00-04:00,7767.0,7767.0,7767.0,7766.5,7766.5,31
2026-09-21 06:52:00-04:00,7766.25,7766.25,7767.0,7766.25,7766.75,162
2026-09-21 06:53:00-04:00,7767.0,7767.0,7767.0,7766.25,7766.5,121
2026-09-21 06:54:00-04:00,7768.0,7768.0,7768.0,7766.5,7767.0,536
2026-09-21 06:55:00-04:00,7767.25,7767.25,7768.0,7767.0,7767.75,306
2026-09-21 06:56:00-04:00,7767.75,7767.75,7768.0,7767.0,7767.25,402
2026-09-21 06:57:00-04:00,7767.25,7767.25,7768.0,7766.75,7767.75,425
2026-09-21 06:58:00-04:00,7766.25,7766.25,7767.25,7766.25,7767.25,157
2026-09-21 06:59:00-04:00,7766.0,7766.0,7766.25,7765.75,7766.25,162
2026-09-21 07:00:00-04:00,7765.5,7765.5,7765.75,7765.0,7765.75,690
2026-09-21 07:01:00-04:00,7766.0,7766.0,7766.0,7765.5,7765.5,243
2026-09-21 07:02:00-04:00,7766.5,7766.5,7766.5,7765.25,7766.0,212
2026-09-21 07:03:00-04:00,7766.5,7766.5,7767.0,7766.25,7766.25,226
2026-09-21 07:04:00-04:00,7765.0,7765.0,7766.5,7765.0,7766.5,147
2026-09-21 07:05:00-04:00,7765.0,7765.0,7765.25,7764.5,7765.25,237
2026-09-21 07:06:00-04:00,7764.25,7764.25,7765.0,7764.0,7765.0,182
2026-09-21 07:07:00-04:00,7763.75,7763.75,7764.5,7763.5,7764.5,227
2026-09-21 07:08:00-04:00,7763.5,7763.5,7764.25,7763.25,7764.0,197
2026-09-21 07:09:00-04:00,7764.0,7764.0,7764.25,7763.75,7763.75,184
2026-09-21 07:10:00-04:00,7763.5,7763.5,7763.75,7763.25,7763.75,165
2026-09-21 07:11:00-04:00,7763.75,7763.75,7764.0,7763.5,7763.5,99
2026-09-21 07:12:00-04:00,7763.75,7763.75,7763.75,7763.5,7763.5,126
2026-09-21 07:13:00-04:00,7764.25,7764.25,7764.25,7764.0,7764.0,99
2026-09-21 07:14:00-04:00,7764.5,7764.5,7764.75,7764.0,7764.0,156
2026-09-21 07:15:00-04:00,7765.25,7765.25,7765.5,7764.25,7764.25,146
2026-09-21 07:16:00-04:00,7765.0,7765.0,7765.25,7763.5,7765.25,208
2026-09-21 07:17:00-04:00,7764.75,7764.75,7764.75,7764.25,7764.75,89
2026-09-21 07:18:00-04:00,7765.0,7765.0,7765.0,7764.5,7764.75,150
2026-09-21 07:19:00-04:00,7765.75,7765.75,7766.0,7765.0,7765.0,96
2026-09-21 07:20:00-04:00,7765.5,7765.5,7765.75,7765.0,7765.75,113
2026-09-21 07:21:00-04:00,7765.75,7765.75,7765.75,7765.5,7765.5,83
2026-09-21 07:22:00-04:00,7765.0,7765.0,7765.5,7765.0,7765.5,254
2026-09-21 07:23:00-04:00,7763.25,7763.25,7765.0,7763.25,7765.0,525
2026-09-21 07:24:00-04:00,7763.5,7763.5,7764.0,7763.0,7763.25,297
2026-09-21 07:25:00-04:00,7763.5,7763.5,7764.0,7763.5,7763.5,172
2026-09-21 07:26:00-04:00,7763.75,7763.75,7764.0,7763.25,7763.75,285
2026-09-21 07:27:00-04:00,7764.25,7764.25,7764.5,7764.0,7764.0,145
2026-09-21 07:28:00-04:00,7764.25,7764.25,7764.5,7764.0,7764.25,161
2026-09-21 07:29:00-04:00,7764.25,7764.25,7764.5,7764.0,7764.25,107
2026-09-21 07:30:00-04:00,7764.5,7764.5,7764.5,7763.75,7764.0,97
2026-09-21 07:31:00-04:00,7765.0,7765.0,7765.0,7764.0,7764.5,253
2026-09-21 07:32:00-04:00,7765.0,7765.0,7765.25,7764.75,7765.0,122
2026-09-21 07:33:00-04:00,7766.25,7766.25,7766.25,7765.25,7765.25,290
2026-09-21 07:34:00-04:00,7766.25,7766.25,7766.75,7766.25,7766.5,565
2026-09-21 07:35:00-04:00,7766.5,7766.5,7766.75,7766.0,7766.25,330
2026-09-21 07:36:00-04:00,7765.5,7765.5,7766.5,7765.5,7766.5,454
2026-09-21 07:37:00-04:00,7765.0,7765.0,7765.5,7764.75,7765.5,161
2026-09-21 07:38:00-04:00,7765.25,7765.25,7765.25,7764.5,7765.0,200
2026-09-21 07:39:00-04:00,7766.5,7766.5,7767.75,7765.25,7765.5,709
2026-09-21 07:40:00-04:00,7767.25,7767.25,7767.25,7766.5,7766.5,226
2026-09-21 07:41:00-04:00,7766.75,7766.75,7767.25,7766.25,7767.25,214
2026-09-21 07:42:00-04:00,7767.0,7767.0,7767.5,7766.75,7766.75,164
2026-09-21 07:43:00-04:00,7767.0,7767.0,7767.0,7766.5,7766.75,161
2026-09-21 07:44:00-04:00,7768.25,7768.25,7768.25,7767.0,7767.0,345
2026-09-21 07:45:00-04:00,7768.0,7768.0,7768.5,7768.0,7768.0,272
2026-09-21 07:46:00-04:00,7768.0,7768.0,7768.25,7767.5,7768.0,248
2026-09-21 07:47:00-04:00,7767.75,7767.75,7767.75,7767.25,7767.75,191
2026-09-21 07:48:00-04:00,7767.25,7767.25,7767.75,7767.0,7767.5,171
2026-09-21 07:49:00-04:00,7768.0,7768.0,7768.0,7767.25,7767.25,177
2026-09-21 07:50:00-04:00,7768.0,7768.0,7768.25,7767.75,7768.25,91
2026-09-21 07:51:00-04:00,7767.75,7767.75,7768.0,7767.25,7768.0,214
2026-09-21 07:52:00-04:00,7768.75,7768.75,7768.75,7768.0,7768.0,310
2026-09-21 07:53:00-04:00,7768.5,7768.5,7769.0,7768.0,7768.75,366
2026-09-21 07:54:00-04:00,7769.25,7769.25,7769.75,7768.75,7768.75,658
2026-09-21 07:55:00-04:00,7769.75,7769.75,7771.25,7769.0,7769.0,873
2026-09-21 07:56:00-04:00,7769.25,7769.25,7770.0,7768.75,7769.75,374
2026-09-21 07:57:00-04:00,7768.25,7768.25,7769.25,7767.5,7769.25,441
2026-09-21 07:58:00-04:00,7767.75,7767.75,7768.25,7767.75,7768.0,220
2026-09-21 07:59:00-04:00,7767.5,7767.5,7768.0,7767.5,7767.75,299
2026-09-21 08:00:00-04:00,7767.0,7767.0,7768.5,7767.0,7767.75,924
2026-09-21 08:01:00-04:00,7766.75,7766.75,7767.25,7766.75,7767.0,313
2026-09-21 08:02:00-04:00,7765.75,7765.75,7767.5,7764.0,7767.0,1452
2026-09-21 08:03:00-04:00,7766.25,7766.25,7767.75,7765.5,7765.75,938
2026-09-21 08:04:00-04:00,7769.5,7769.5,7769.5,7766.25,7766.5,674
2026-09-21 08:05:00-04:00,7769.75,7769.75,7770.5,7769.25,7769.5,794
2026-09-21 08:06:00-04:00,7770.0,7770.0,7770.5,7769.5,7769.75,651
2026-09-21 08:07:00-04:00,7768.25,7768.25,7770.0,7768.25,7769.75,296
2026-09-21 08:08:00-04:00,7769.25,7769.25,7769.5,7768.5,7768.5,447
2026-09-21 08:09:00-04:00,7768.75,7768.75,7769.5,7768.5,7769.25,181
2026-09-21 08:10:00-04:00,7768.5,7768.5,7769.0,7768.25,7768.75,292
2026-09-21 08:11:00-04:00,7768.25,7768.25,7768.5,7767.75,7768.25,373
2026-09-21 08:12:00-04:00,7767.5,7767.5,7768.25,7767.25,7768.25,267
2026-09-21 08:13:00-04:00,7767.25,7767.25,7767.5,7766.5,7767.5,380
2026-09-21 08:14:00-04:00,7765.25,7765.25,7767.25,7765.25,7767.0,483
2026-09-21 08:15:00-04:00,7766.0,7766.0,7766.0,7765.25,7765.25,387
2026-09-21 08:16:00-04:00,7765.5,7765.5,7766.0,7765.5,7765.75,422
2026-09-21 08:17:00-04:00,7765.0,7765.0,7765.75,7765.0,7765.5,189
2026-09-21 08:18:00-04:00,7766.5,7766.5,7766.5,7765.0,7765.0,200
2026-09-21 08:19:00-04:00,7765.5,7765.5,7766.5,7765.25,7766.5,313
2026-09-21 08:20:00-04:00,7766.25,7766.25,7766.25,7765.25,7765.75,280
2026-09-21 08:21:00-04:00,7765.25,7765.25,7767.0,7765.25,7766.5,461
2026-09-21 08:22:00-04:00,7764.0,7764.0,7765.25,7763.25,7765.25,632
2026-09-21 08:23:00-04:00,7763.75,7763.75,7764.25,7763.5,7764.25,148
2026-09-21 08:24:00-04:00,7764.0,7764.0,7764.25,7763.5,7763.75,195
2026-09-21 08:25:00-04:00,7764.75,7764.75,7764.75,7764.0,7764.0,141
2026-09-21 08:26:00-04:00,7764.75,7764.75,7765.0,7764.5,7764.75,122
2026-09-21 08:27:00-04:00,7763.75,7763.75,7765.0,7763.75,7765.0,187
2026-09-21 08:28:00-04:00,7763.75,7763.75,7763.75,7763.5,7763.75,222
2026-09-21 08:29:00-04:00,7763.5,7763.5,7763.75,7763.25,7763.75,179
2026-09-21 08:30:00-04:00,7764.25,7764.25,7764.5,7763.5,7763.5,302
2026-09-21 08:31:00-04:00,7764.75,7764.75,7765.0,7763.25,7764.0,438
2026-09-21 08:32:00-04:00,7764.25,7764.25,7765.0,7763.25,7764.75,216
2026-09-21 08:33:00-04:00,7763.75,7763.75,7764.25,7763.5,7764.0,186
2026-09-21 08:34:00-04:00,7763.75,7763.75,7764.5,7763.25,7764.0,300
2026-09-21 08:35:00-04:00,7763.5,7763.5,7764.0,7763.5,7764.0,148
2026-09-21 08:36:00-04:00,7763.25,7763.25,7763.75,7763.0,7763.5,472
2026-09-21 08:37:00-04:00,7764.0,7764.0,7764.25,7763.0,7763.25,484
2026-09-21 08:38:00-04:00,7764.0,7764.0,7764.5,7763.25,7763.75,329
2026-09-21 08:39:00-04:00,7764.0,7764.0,7764.25,7763.75,7764.0,283
2026-09-21 08:40:00-04:00,7764.25,7764.25,7764.25,7763.75,7764.0,271
2026-09-21 08:41:00-04:00,7764.5,7764.5,7764.5,7763.75,7764.25,343
2026-09-21 08:42:00-04:00,7764.75,7764.75,7764.75,7764.0,7764.25,177
2026-09-21 08:43:00-04:00,7765.0,7765.0,7765.25,7764.75,7764.75,281
2026-09-21 08:44:00-04:00,7767.75,7767.75,7768.0,7763.75,7764.75,2763
2026-09-21 08:45:00-04:00,7765.75,7765.75,7767.75,7765.75,7767.75,653
2026-09-21 08:46:00-04:00,7764.25,7764.25,7766.25,7764.25,7766.0,320
2026-09-21 08:47:00-04:00,7764.75,7764.75,7765.0,7764.25,7764.5,469
2026-09-21 08:48:00-04:00,7764.25,7764.25,7764.75,7764.0,7764.75,223
2026-09-21 08:49:00-04:00,7763.75,7763.75,7764.25,7763.0,7764.25,353
2026-09-21 08:50:00-04:00,7763.25,7763.25,7764.0,7763.0,7763.75,332
2026-09-21 08:51:00-04:00,7763.25,7763.25,7763.5,7763.0,7763.25,165
2026-09-21 08:52:00-04:00,7763.25,7763.25,7763.25,7762.5,7763.0,327
2026-09-21 08:53:00-04:00,7763.25,7763.25,7763.5,7763.0,7763.25,132
2026-09-21 08:54:00-04:00,7763.0,7763.0,7763.25,7762.75,7763.25,309
2026-09-21 08:55:00-04:00,7762.0,7762.0,7762.75,7761.75,7762.75,430
2026-09-21 08:56:00-04:00,7761.25,7761.25,7762.5,7761.25,7762.0,331
2026-09-21 08:57:00-04:00,7761.75,7761.75,7762.25,7761.25,7761.5,337
2026-09-21 08:58:00-04:00,7762.25,7762.25,7762.5,7761.5,7761.5,318
2026-09-21 08:59:00-04:00,7761.5,7761.5,7762.25,7761.25,7762.25,369
2026-09-21 09:00:00-04:00,7761.0,7761.0,7761.75,7760.75,7761.5,699
2026-09-21 09:01:00-04:00,7761.75,7761.75,7762.25,7761.0,7761.0,514
2026-09-21 09:02:00-04:00,7762.75,7762.75,7763.25,7761.75,7761.75,568
2026-09-21 09:03:00-04:00,7762.5,7762.5,7763.0,7762.25,7763.0,337
2026-09-21 09:04:00-04:00,7763.25,7763.25,7763.5,7762.5,7762.5,397
2026-09-21 09:05:00-04:00,7762.75,7762.75,7763.5,7762.5,7763.25,400
2026-09-21 09:06:00-04:00,7762.5,7762.5,7762.75,7762.25,7762.75,322
2026-09-21 09:07:00-04:00,7762.75,7762.75,7762.75,7762.0,7762.5,299
2026-09-21 09:08:00-04:00,7763.0,7763.0,7763.25,7762.25,7762.5,356
2026-09-21 09:09:00-04:00,7764.0,7764.0,7764.25,7762.75,7762.75,648
2026-09-21 09:10:00-04:00,7763.25,7763.25,7764.5,7763.25,7764.25,433
2026-09-21 09:11:00-04:00,7762.25,7762.25,7763.25,7762.0,7763.25,437
2026-09-21 09:12:00-04:00,7762.5,7762.5,7762.5,7761.75,7762.0,313
2026-09-21 09:13:00-04:00,7762.5,7762.5,7762.75,7762.0,7762.5,433
2026-09-21 09:14:00-04:00,7762.5,7762.5,7763.25,7762.25,7762.25,363
2026-09-21 09:15:00-04:00,7762.75,7762.75,7763.0,7762.25,7762.5,416
2026-09-21 09:16:00-04:00,7762.75,7762.75,7763.25,7762.5,7763.0,541
2026-09-21 09:17:00-04:00,7761.75,7761.75,7762.5,7761.75,7762.5,338
2026-09-21 09:18:00-04:00,7762.25,7762.25,7762.25,7761.5,7761.75,364
2026-09-21 09:19:00-04:00,7763.25,7763.25,7763.75,7762.25,7762.25,377
2026-09-21 09:20:00-04:00,7762.0,7762.0,7763.5,7761.75,7763.5,407
2026-09-21 09:21:00-04:00,7762.25,7762.25,7762.5,7761.75,7761.75,240
2026-09-21 09:22:00-04:00,7761.0,7761.0,7762.5,7761.0,7762.25,482
2026-09-21 09:23:00-04:00,7760.75,7760.75,7761.25,7760.25,7761.0,577
2026-09-21 09:24:00-04:00,7759.75,7759.75,7761.5,7759.75,7760.75,759
2026-09-21 09:25:00-04:00,7760.0,7760.0,7760.5,7759.0,7760.0,1426
2026-09-21 09:26:00-04:00,7760.5,7760.5,7763.25,7759.5,7760.0,2927
2026-09-21 09:27:00-04:00,7759.75,7759.75,7760.75,7759.0,7760.25,1000
2026-09-21 09:28:00-04:00,7758.75,7758.75,7760.0,7758.75,7759.75,1940
2026-09-21 09:29:00-04:00,7760.25,7760.25,7760.75,7758.75,7758.75,1515
2026-09-21 09:30:00-04:00,7763.75,7763.75,7764.5,7760.25,7760.5,9916
2026-09-21 09:31:00-04:00,7759.5,7759.5,7764.0,7758.25,7763.75,6105
2026-09-21 09:32:00-04:00,7761.25,7761.25,7761.75,7758.25,7759.25,4369
2026-09-21 09:33:00-04:00,7761.5,7761.5,7764.0,7760.25,7761.25,4298
2026-09-21 09:34:00-04:00,7761.75,7761.75,7763.25,7761.0,7761.5,3396
2026-09-21 09:35:00-04:00,7764.25,7764.25,7764.75,7761.25,7762.0,4323
2026-09-21 09:36:00-04:00,7762.5,7762.5,7764.5,7761.5,7764.25,3371
2026-09-21 09:37:00-04:00,7764.5,7764.5,7765.0,7761.25,7762.5,3277
2026-09-21 09:38:00-04:00,7764.0,7764.0,7764.5,7762.75,7764.5,2711
2026-09-21 09:39:00-04:00,7764.5,7764.5,7764.75,7763.5,7763.75,2191
2026-09-21 09:40:00-04:00,7763.5,7763.5,7765.5,7763.0,7764.25,3681
2026-09-21 09:41:00-04:00,7763.5,7763.5,7764.25,7763.0,7763.5,2670
2026-09-21 09:42:00-04:00,7762.5,7762.5,7763.75,7762.25,7763.75,2241
2026-09-21 09:43:00-04:00,7763.25,7763.25,7764.75,7762.25,7762.5,2529
2026-09-21 09:44:00-04:00,7766.0,7766.0,7766.25,7763.0,7763.25,2908
2026-09-21 09:45:00-04:00,7768.25,7768.25,7768.75,7765.75,7766.25,5721
2026-09-21 09:46:00-04:00,7768.75,7768.75,7769.25,7766.75,7768.25,4303
2026-09-21 09:47:00-04:00,7767.25,7767.25,7768.75,7767.0,7768.75,2303
2026-09-21 09:48:00-04:00,7767.25,7767.25,7768.25,7766.0,7767.25,2108
2026-09-21 09:49:00-04:00,7767.75,7767.75,7767.75,7766.5,7767.0,1809
2026-09-21 09:50:00-04:00,7768.0,7768.0,7768.25,7767.25,7767.75,2218
2026-09-21 09:51:00-04:00,7769.0,7769.0,7769.0,7767.5,7768.0,2391
2026-09-21 09:52:00-04:00,7770.75,7770.75,7772.0,7769.0,7769.0,4748
2026-09-21 09:53:00-04:00,7771.5,7771.5,7771.5,7770.5,7771.0,2003
2026-09-21 09:54:00-04:00,7773.0,7773.0,7773.25,7771.0,7771.5,3459
2026-09-21 09:55:00-04:00,7772.0,7772.0,7773.0,7771.0,7772.75,2948
2026-09-21 09:56:00-04:00,7771.25,7771.25,7772.0,7770.5,7772.0,2192
2026-09-21 09:57:00-04:00,7773.0,7773.0,7773.0,7770.75,7771.0,3265
2026-09-21 09:58:00-04:00,7772.25,7772.25,7773.5,7771.5,7772.75,2250
2026-09-21 09:59:00-04:00,7774.75,7774.75,7775.0,7772.0,7772.25,2887
2026-09-21 10:00:00-04:00,7773.25,7773.25,7774.75,7772.5,7774.75,3686
2026-09-21 10:01:00-04:00,7773.5,7773.5,7776.0,7773.0,7773.5,4436
2026-09-21 10:02:00-04:00,7773.75,7773.75,7774.0,7772.0,7773.5,2078
2026-09-21 10:03:00-04:00,7772.5,7772.5,7774.0,7772.25,7773.75,2022
2026-09-21 10:04:00-04:00,7772.25,7772.25,7773.25,7772.25,7772.5,2370
2026-09-21 10:05:00-04:00,7769.5,7769.5,7772.75,7768.75,7772.5,4287
2026-09-21 10:06:00-04:00,7769.0,7769.0,7770.0,7768.75,7769.5,2367
2026-09-21 10:07:00-04:00,7770.0,7770.0,7770.5,7767.75,7769.0,2812
2026-09-21 10:08:00-04:00,7772.0,7772.0,7772.25,7769.75,7770.0,2073
2026-09-21 10:09:00-04:00,7771.5,7771.5,7772.5,7770.75,7772.0,3484
2026-09-21 10:10:00-04:00,7773.25,7773.25,7774.25,7771.25,7771.25,4377
2026-09-21 10:11:00-04:00,7772.75,7772.75,7773.5,7772.0,7773.0,3218
2026-09-21 10:12:00-04:00,7774.25,7774.25,7775.5,7772.5,7772.75,3361
2026-09-21 10:13:00-04:00,7776.25,7776.25,7776.75,7774.0,7774.5,3442
2026-09-21 10:14:00-04:00,7775.5,7775.5,7777.0,7774.75,7776.5,3032
2026-09-21 10:15:00-04:00,7778.25,7778.25,7778.25,7775.25,7775.5,3263
2026-09-21 10:16:00-04:00,7780.5,7780.5,7781.0,7777.75,7778.25,4530
2026-09-21 10:17:00-04:00,7781.0,7781.0,7781.75,7779.75,7780.5,3145
2026-09-21 10:18:00-04:00,7782.0,7782.0,7782.75,7780.75,7781.0,2534
2026-09-21 10:19:00-04:00,7782.0,7782.0,7782.25,7781.0,7782.25,2581
2026-09-21 10:20:00-04:00,7780.75,7780.75,7782.75,7780.5,7781.75,2278
2026-09-21 10:21:00-04:00,7786.25,7786.25,7786.5,7780.25,7780.75,6379
2026-09-21 10:22:00-04:00,7788.5,7788.5,7788.75,7786.25,7786.5,6144
2026-09-21 10:23:00-04:00,7788.75,7788.75,7789.0,7787.25,7788.5,3892
2026-09-21 10:24:00-04:00,7788.5,7788.5,7789.5,7787.75,7788.75,3739
2026-09-21 10:25:00-04:00,7789.0,7789.0,7789.75,7788.0,7788.5,3290
2026-09-21 10:26:00-04:00,7789.5,7789.5,7790.25,7788.0,7789.0,2965
2026-09-21 10:27:00-04:00,7789.0,7789.0,7789.5,7788.25,7789.5,3311
2026-09-21 10:28:00-04:00,7789.25,7789.25,7791.0,7789.0,7789.25,3579
2026-09-21 10:29:00-04:00,7788.0,7788.0,7790.0,7787.25,7789.25,3568
2026-09-21 10:30:00-04:00,7789.0,7789.0,7789.0,7786.5,7788.25,3837
2026-09-21 10:31:00-04:00,7790.0,7790.0,7790.25,7787.75,7789.0,3458
2026-09-21 10:32:00-04:00,7790.5,7790.5,7790.75,7788.5,7789.75,3558
2026-09-21 10:33:00-04:00,7790.0,7790.0,7791.5,7789.5,7790.25,2958
2026-09-21 10:34:00-04:00,7789.25,7789.25,7790.25,7788.5,7790.0,2430
2026-09-21 10:35:00-04:00,7789.75,7789.75,7790.25,7789.0,7789.25,2476
2026-09-21 10:36:00-04:00,7790.75,7790.75,7791.5,7789.25,7789.75,2417
2026-09-21 10:37:00-04:00,7792.75,7792.75,7793.5,7790.75,7790.75,3350
2026-09-21 10:38:00-04:00,7790.75,7790.75,7793.0,7790.75,7792.5,2543
2026-09-21 10:39:00-04:00,7790.75,7790.75,7791.25,7789.75,7790.75,3066
2026-09-21 10:40:00-04:00,7790.0,7790.0,7791.0,7789.25,7790.75,2920
2026-09-21 10:41:00-04:00,7790.0,7790.0,7793.25,7789.25,7790.25,5731
2026-09-21 10:42:00-04:00,7788.75,7788.75,7790.25,7788.75,7790.0,2289
2026-09-21 10:43:00-04:00,7787.0,7787.0,7789.0,7786.75,7788.75,3161
2026-09-21 10:44:00-04:00,7787.75,7787.75,7788.0,7786.25,7787.25,3210
2026-09-21 10:45:00-04:00,7785.25,7785.25,7787.75,7785.0,7787.75,3521
2026-09-21 10:46:00-04:00,7787.25,7787.25,7787.25,7785.25,7785.25,2684
2026-09-21 10:47:00-04:00,7789.5,7789.5,7789.75,7787.0,7787.5,3318
2026-09-21 10:48:00-04:00,7790.5,7790.5,7790.75,7789.25,7789.75,2481
2026-09-21 10:49:00-04:00,7787.75,7787.75,7790.5,7787.5,7790.5,2096
2026-09-21 10:50:00-04:00,7786.5,7786.5,7788.0,7786.25,7787.5,2009
2026-09-21 10:51:00-04:00,7787.25,7787.25,7787.75,7786.25,7786.5,1925
2026-09-21 10:52:00-04:00,7787.25,7787.25,7788.0,7786.5,7787.0,1787
2026-09-21 10:53:00-04:00,7786.75,7786.75,7787.5,7786.5,7787.25,1621
2026-09-21 10:54:00-04:00,7789.75,7789.75,7790.0,7786.5,7786.75,2560
2026-09-21 10:55:00-04:00,7788.75,7788.75,7789.75,7788.25,7789.5,1454
2026-09-21 10:56:00-04:00,7789.75,7789.75,7789.75,7787.5,7788.5,1899
2026-09-21 10:57:00-04:00,7791.0,7791.0,7791.0,7789.25,7790.0,2108
2026-09-21 10:58:00-04:00,7791.75,7791.75,7792.25,7790.0,7790.75,2187
2026-09-21 10:59:00-04:00,7790.0,7790.0,7791.75,7789.5,7791.5,2431
2026-09-21 11:00:00-04:00,7790.25,7790.25,7791.0,7789.75,7790.0,2600
2026-09-21 11:01:00-04:00,7790.0,7790.0,7791.0,7789.75,7790.5,2232
2026-09-21 11:02:00-04:00,7790.0,7790.0,7790.5,7789.0,7790.25,1813
2026-09-21 11:03:00-04:00,7790.75,7790.75,7790.75,7789.5,7790.0,2186
2026-09-21 11:04:00-04:00,7793.25,7793.25,7793.5,7790.5,7790.75,3736
2026-09-21 11:05:00-04:00,7792.75,7792.75,7794.5,7792.25,7793.5,3564
2026-09-21 11:06:00-04:00,7791.5,7791.5,7793.0,7791.5,7793.0,1844
2026-09-21 11:07:00-04:00,7793.0,7793.0,7793.75,7791.5,7791.5,2324
2026-09-21 11:08:00-04:00,7793.5,7793.5,7793.75,7792.75,7793.0,1680
2026-09-21 11:09:00-04:00,7793.25,7793.25,7794.0,7793.0,7793.5,1352
2026-09-21 11:10:00-04:00,7792.0,7792.0,7793.5,7791.5,7793.5,2704
2026-09-21 11:11:00-04:00,7792.75,7792.75,7792.75,7791.75,7792.0,1765
2026-09-21 11:12:00-04:00,7795.75,7795.75,7796.0,7792.25,7792.75,2489
2026-09-21 11:13:00-04:00,7795.75,7795.75,7796.0,7794.75,7795.75,2082
2026-09-21 11:14:00-04:00,7796.0,7796.0,7796.25,7795.0,7795.5,2696
2026-09-21 11:15:00-04:00,7797.25,7797.25,7797.75,7796.25,7796.25,3083
2026-09-21 11:16:00-04:00,7797.75,7797.75,7798.5,7797.0,7797.5,2828
2026-09-21 11:17:00-04:00,7797.75,7797.75,7798.0,7796.25,7797.75,1994
2026-09-21 11:18:00-04:00,7798.75,7798.75,7799.5,7797.75,7798.0,3024
2026-09-21 11:19:00-04:00,7799.5,7799.5,7800.0,7798.5,7798.75,2717
2026-09-21 11:20:00-04:00,7797.75,7797.75,7799.75,7797.5,7799.5,2040
2026-09-21 11:21:00-04:00,7798.5,7798.5,7799.5,7797.5,7797.75,2218
2026-09-21 11:22:00-04:00,7797.75,7797.75,7798.75,7797.0,7798.5,1793
2026-09-21 11:23:00-04:00,7797.75,7797.75,7798.0,7796.75,7797.75,1575
2026-09-21 11:24:00-04:00,7797.25,7797.25,7798.25,7797.0,7797.75,1360
2026-09-21 11:25:00-04:00,7798.25,7798.25,7798.75,7796.5,7797.25,2351
2026-09-21 11:26:00-04:00,7797.25,7797.25,7798.25,7797.0,7798.25,1335
2026-09-21 11:27:00-04:00,7797.5,7797.5,7798.75,7797.0,7797.25,1669
2026-09-21 11:28:00-04:00,7796.0,7796.0,7797.75,7795.75,7797.5,1901
2026-09-21 11:29:00-04:00,7796.25,7796.25,7797.0,7796.0,7796.0,1591
2026-09-21 11:30:00-04:00,7797.75,7797.75,7797.75,7796.0,7796.25,2102
2026-09-21 11:31:00-04:00,7797.25,7797.25,7797.75,7796.25,7797.5,1980
2026-09-21 11:32:00-04:00,7797.5,7797.5,7798.25,7797.25,7797.25,1712
2026-09-21 11:33:00-04:00,7797.25,7797.25,7797.75,7797.0,7797.25,1643
2026-09-21 11:34:00-04:00,7796.5,7796.5,7797.75,7795.75,7797.25,2227
2026-09-21 11:35:00-04:00,7797.0,7797.0,7797.75,7796.25,7796.5,2156
2026-09-21 11:36:00-04:00,7799.25,7799.25,7800.0,7796.75,7797.0,4872
2026-09-21 11:37:00-04:00,7800.75,7800.75,7801.0,7799.0,7799.25,2944
2026-09-21 11:38:00-04:00,7801.75,7801.75,7801.75,7800.0,7800.75,2393
2026-09-21 11:39:00-04:00,7802.75,7802.75,7803.5,7801.5,7801.75,3372
2026-09-21 11:40:00-04:00,7801.75,7801.75,7803.5,7801.5,7802.75,2757
2026-09-21 11:41:00-04:00,7802.75,7802.75,7802.75,7801.5,7801.75,1850
2026-09-21 11:42:00-04:00,7802.25,7802.25,7802.75,7801.25,7802.75,2054
2026-09-21 11:43:00-04:00,7803.25,7803.25,7803.5,7802.25,7802.5,2174
2026-09-21 11:44:00-04:00,7805.0,7805.0,7805.0,7803.25,7803.25,2527
2026-09-21 11:45:00-04:00,7806.75,7806.75,7807.5,7804.75,7804.75,3758
2026-09-21 11:46:00-04:00,7808.25,7808.25,7808.5,7806.5,7806.5,2673
2026-09-21 11:47:00-04:00,7809.5,7809.5,7809.75,7807.5,7808.0,2444
2026-09-21 11:48:00-04:00,7808.0,7808.0,7809.75,7808.0,7809.5,2559
2026-09-21 11:49:00-04:00,7807.5,7807.5,7808.25,7807.25,7808.0,2173
2026-09-21 11:50:00-04:00,7807.5,7807.5,7811.5,7806.0,7807.25,9544
2026-09-21 11:51:00-04:00,7806.75,7806.75,7807.5,7806.5,7807.25,2539
2026-09-21 11:52:00-04:00,7806.25,7806.25,7807.5,7806.0,7806.75,2013
2026-09-21 11:53:00-04:00,7806.0,7806.0,7807.0,7805.25,7806.0,1767
2026-09-21 11:54:00-04:00,7804.5,7804.5,7806.25,7804.5,7806.0,2404
2026-09-21 11:55:00-04:00,7805.5,7805.5,7805.75,7804.0,7804.75,2612
2026-09-21 11:56:00-04:00,7805.0,7805.0,7805.75,7804.75,7805.5,1794
2026-09-21 11:57:00-04:00,7804.0,7804.0,7805.25,7803.0,7805.0,2224
2026-09-21 11:58:00-04:00,7804.25,7804.25,7804.5,7803.25,7804.0,1892
2026-09-21 11:59:00-04:00,7805.25,7805.25,7805.5,7804.0,7804.25,1731
2026-09-21 12:00:00-04:00,7803.5,7803.5,7805.25,7802.75,7805.25,2493
2026-09-21 12:01:00-04:00,7804.25,7804.25,7804.5,7803.5,7803.75,2284
2026-09-21 12:02:00-04:00,7806.5,7806.5,7806.75,7804.0,7804.25,1910
2026-09-21 12:03:00-04:00,7807.75,7807.75,7808.25,7806.5,7806.75,2001
2026-09-21 12:04:00-04:00,7808.0,7808.0,7808.75,7807.25,7808.0,1285
2026-09-21 12:05:00-04:00,7808.0,7808.0,7808.75,7807.75,7808.25,1692
2026-09-21 12:06:00-04:00,7807.0,7807.0,7808.75,7807.0,7808.0,1616
2026-09-21 12:07:00-04:00,7810.5,7810.5,7813.25,7806.25,7807.0,12314
2026-09-21 12:08:00-04:00,7811.75,7811.75,7811.75,7810.25,7810.75,2162
2026-09-21 12:09:00-04:00,7814.5,7814.5,7815.25,7811.5,7811.75,3996
2026-09-21 12:10:00-04:00,7816.5,7816.5,7816.5,7814.0,7814.5,3247
2026-09-21 12:11:00-04:00,7815.25,7815.25,7816.5,7815.25,7816.5,2642
2026-09-21 12:12:00-04:00,7813.25,7813.25,7815.25,7812.75,7815.25,3244
2026-09-21 12:13:00-04:00,7812.75,7812.75,7815.0,7812.75,7813.5,1973
2026-09-21 12:14:00-04:00,7813.25,7813.25,7813.75,7812.0,7812.75,1986
2026-09-21 12:15:00-04:00,7814.5,7814.5,7815.25,7813.5,7813.5,3319
2026-09-21 12:16:00-04:00,7815.25,7815.25,7815.75,7814.0,7814.5,1964
2026-09-21 12:17:00-04:00,7813.0,7813.0,7815.25,7813.0,7815.0,2062
2026-09-21 12:18:00-04:00,7812.75,7812.75,7813.75,7812.0,7813.25,2748
2026-09-21 12:19:00-04:00,7813.75,7813.75,7814.0,7812.5,7812.75,1514
2026-09-21 12:20:00-04:00,7813.75,7813.75,7814.25,7813.0,7813.75,1803
2026-09-21 12:21:00-04:00,7813.25,7813.25,7813.5,7812.0,7813.5,1791
2026-09-21 12:22:00-04:00,7814.5,7814.5,7815.0,7813.25,7813.25,1607
2026-09-21 12:23:00-04:00,7814.5,7814.5,7814.5,7813.5,7814.5,1239
2026-09-21 12:24:00-04:00,7814.25,7814.25,7814.5,7813.0,7814.25,1781
2026-09-21 12:25:00-04:00,7815.25,7815.25,7815.5,7813.75,7814.25,1885
2026-09-21 12:26:00-04:00,7816.5,7816.5,7816.75,7815.0,7815.25,1642
2026-09-21 12:27:00-04:00,7818.0,7818.0,7818.0,7816.25,7816.25,1806
2026-09-21 12:28:00-04:00,7817.5,7817.5,7818.25,7816.75,7817.75,2105
2026-09-21 12:29:00-04:00,7816.0,7816.0,7817.5,7815.25,7817.5,2549
2026-09-21 12:30:00-04:00,7818.5,7818.5,7818.75,7815.75,7816.0,3268
2026-09-21 12:31:00-04:00,7820.5,7820.5,7820.5,7818.25,7818.5,2521
2026-09-21 12:32:00-04:00,7823.0,7823.0,7823.25,7820.0,7820.5,4500
2026-09-21 12:33:00-04:00,7823.25,7823.25,7824.75,7822.5,7823.0,3933
2026-09-21 12:34:00-04:00,7822.25,7822.25,7823.25,7821.0,7823.25,3001
2026-09-21 12:35:00-04:00,7822.25,7822.25,7823.5,7821.5,7822.0,1732
2026-09-21 12:36:00-04:00,7822.0,7822.0,7822.75,7821.5,7822.0,2580
2026-09-21 12:37:00-04:00,7820.5,7820.5,7822.5,7820.5,7822.25,2050
2026-09-21 12:38:00-04:00,7819.0,7819.0,7820.75,7818.5,7820.75,2368
2026-09-21 12:39:00-04:00,7816.75,7816.75,7819.0,7816.25,7819.0,1534
2026-09-21 12:40:00-04:00,7817.75,7817.75,7817.75,7815.75,7816.5,2378
2026-09-21 12:41:00-04:00,7818.0,7818.0,7818.25,7816.25,7817.75,1692
2026-09-21 12:42:00-04:00,7819.0,7819.0,7819.0,7817.5,7818.0,1813
2026-09-21 12:43:00-04:00,7819.0,7819.0,7819.5,7818.75,7819.0,1845
2026-09-21 12:44:00-04:00,7818.0,7818.0,7819.25,7817.0,7819.0,2763
2026-09-21 12:45:00-04:00,7820.0,7820.0,7820.5,7817.75,7818.0,2022
2026-09-21 12:46:00-04:00,7820.25,7820.25,7821.25,7819.75,7820.0,1172
2026-09-21 12:47:00-04:00,7820.5,7820.5,7820.75,7819.5,7820.5,1501
2026-09-21 12:48:00-04:00,7820.0,7820.0,7820.5,7819.0,7820.5,1271
2026-09-21 12:49:00-04:00,7820.0,7820.0,7820.25,7819.25,7819.75,1187
2026-09-21 12:50:00-04:00,7820.5,7820.5,7821.0,7819.75,7820.25,1624
2026-09-21 12:51:00-04:00,7819.25,7819.25,7820.5,7818.5,7820.5,1310
2026-09-21 12:52:00-04:00,7818.5,7818.5,7819.25,7817.25,7819.0,1735
2026-09-21 12:53:00-04:00,7818.5,7818.5,7818.75,7817.5,7818.5,1213
2026-09-21 12:54:00-04:00,7819.25,7819.25,7819.5,7818.5,7818.75,1593
2026-09-21 12:55:00-04:00,7820.5,7820.5,7820.75,7819.0,7819.25,1647
2026-09-21 12:56:00-04:00,7818.25,7818.25,7820.25,7818.0,7820.25,1833
2026-09-21 12:57:00-04:00,7819.25,7819.25,7819.5,7818.0,7818.25,979
2026-09-21 12:58:00-04:00,7820.0,7820.0,7820.25,7819.0,7819.0,1354
2026-09-21 12:59:00-04:00,7821.0,7821.0,7821.25,7819.75,7820.0,1557
2026-09-21 13:00:00-04:00,7821.75,7821.75,7822.25,7821.0,7821.25,2600
2026-09-21 13:01:00-04:00,7821.25,7821.25,7822.75,7821.0,7821.75,2013
2026-09-21 13:02:00-04:00,7820.75,7820.75,7821.75,7820.5,7821.5,1419
2026-09-21 13:03:00-04:00,7820.75,7820.75,7821.5,7820.5,7821.0,1083
2026-09-21 13:04:00-04:00,7820.5,7820.5,7820.75,7819.5,7820.75,1946
2026-09-21 13:05:00-04:00,7822.5,7822.5,7823.0,7820.5,7820.5,1194
2026-09-21 13:06:00-04:00,7822.5,7822.5,7823.0,7822.0,7822.25,1110
2026-09-21 13:07:00-04:00,7821.0,7821.0,7822.75,7821.0,7822.5,1479
2026-09-21 13:08:00-04:00,7821.0,7821.0,7821.25,7820.5,7821.25,1677
2026-09-21 13:09:00-04:00,7821.5,7821.5,7821.75,7820.5,7821.0,1366
2026-09-21 13:10:00-04:00,7822.25,7822.25,7822.75,7821.25,7821.75,1297
2026-09-21 13:11:00-04:00,7823.0,7823.0,7823.0,7822.25,7822.5,1266
2026-09-21 13:12:00-04:00,7825.0,7825.0,7825.25,7823.0,7823.25,2537
2026-09-21 13:13:00-04:00,7825.25,7825.25,7825.75,7824.75,7825.25,1747
2026-09-21 13:14:00-04:00,7826.0,7826.0,7827.0,7825.25,7825.25,2516
2026-09-21 13:15:00-04:00,7825.0,7825.0,7826.5,7824.75,7826.25,2786
2026-09-21 13:16:00-04:00,7825.0,7825.0,7825.5,7824.5,7825.25,1599
2026-09-21 13:17:00-04:00,7824.75,7824.75,7825.25,7824.0,7825.0,1631
2026-09-21 13:18:00-04:00,7826.75,7826.75,7827.25,7824.5,7824.75,1710
2026-09-21 13:19:00-04:00,7826.5,7826.5,7827.75,7826.25,7826.75,2061
2026-09-21 13:20:00-04:00,7827.0,7827.0,7827.25,7826.5,7826.5,1885
2026-09-21 13:21:00-04:00,7827.5,7827.5,7828.0,7826.5,7826.75,1940
2026-09-21 13:22:00-04:00,7825.25,7825.25,7827.75,7825.0,7827.5,2005
2026-09-21 13:23:00-04:00,7824.25,7824.25,7825.75,7823.75,7825.25,2005
2026-09-21 13:24:00-04:00,7824.0,7824.0,7824.25,7823.0,7824.0,1830
2026-09-21 13:25:00-04:00,7823.75,7823.75,7824.25,7822.75,7823.75,1659
2026-09-21 13:26:00-04:00,7823.0,7823.0,7824.25,7822.75,7823.5,1320
2026-09-21 13:27:00-04:00,7824.0,7824.0,7824.25,7822.0,7823.0,1543
2026-09-21 13:28:00-04:00,7824.75,7824.75,7824.75,7822.75,7824.0,1676
2026-09-21 13:29:00-04:00,7826.0,7826.0,7826.0,7824.5,7824.5,2229
2026-09-21 13:30:00-04:00,7826.0,7826.0,7826.5,7824.5,7826.25,1632
2026-09-21 13:31:00-04:00,7824.25,7824.25,7826.5,7823.25,7825.75,4707
2026-09-21 13:32:00-04:00,7823.25,7823.25,7824.25,7822.5,7824.25,1943
2026-09-21 13:33:00-04:00,7822.25,7822.25,7823.5,7821.75,7823.0,1330
2026-09-21 13:34:00-04:00,7821.5,7821.5,7822.25,7820.75,7822.25,1922
2026-09-21 13:35:00-04:00,7822.0,7822.0,7822.5,7820.75,7821.5,1496
2026-09-21 13:36:00-04:00,7822.25,7822.25,7823.0,7821.75,7822.25,1208
2026-09-21 13:37:00-04:00,7820.75,7820.75,7823.5,7820.5,7822.25,2234
2026-09-21 13:38:00-04:00,7821.5,7821.5,7822.25,7820.75,7820.75,1273
2026-09-21 13:39:00-04:00,7820.75,7820.75,7822.0,7820.5,7821.25,2043
2026-09-21 13:40:00-04:00,7821.25,7821.25,7822.0,7820.0,7820.75,2027
2026-09-21 13:41:00-04:00,7821.75,7821.75,7822.5,7821.25,7821.25,1297
2026-09-21 13:42:00-04:00,7824.0,7824.0,7824.5,7821.5,7821.5,2028
2026-09-21 13:43:00-04:00,7825.25,7825.25,7825.5,7823.25,7823.75,1747
2026-09-21 13:44:00-04:00,7826.75,7826.75,7827.25,7825.25,7825.25,2308
2026-09-21 13:45:00-04:00,7829.0,7829.0,7829.25,7826.75,7826.75,3324
2026-09-21 13:46:00-04:00,7829.25,7829.25,7830.0,7829.0,7829.0,2986
2026-09-21 13:47:00-04:00,7826.25,7826.25,7829.75,7825.75,7829.25,3512
2026-09-21 13:48:00-04:00,7825.25,7825.25,7826.25,7825.25,7826.25,1896
2026-09-21 13:49:00-04:00,7826.0,7826.0,7826.75,7825.25,7825.25,1974
2026-09-21 13:50:00-04:00,7826.0,7826.0,7826.75,7825.5,7825.75,1071
2026-09-21 13:51:00-04:00,7827.25,7827.25,7827.25,7826.0,7826.0,1221
2026-09-21 13:52:00-04:00,7828.0,7828.0,7828.0,7827.0,7827.25,1197
2026-09-21 13:53:00-04:00,7828.0,7828.0,7828.5,7827.25,7828.0,1279
2026-09-21 13:54:00-04:00,7827.25,7827.25,7828.5,7827.25,7828.0,1399
2026-09-21 13:55:00-04:00,7826.75,7826.75,7827.75,7826.0,7827.25,1354
2026-09-21 13:56:00-04:00,7825.5,7825.5,7827.0,7825.25,7826.5,1537
2026-09-21 13:57:00-04:00,7826.5,7826.5,7826.75,7825.5,7825.75,1236
2026-09-21 13:58:00-04:00,7827.5,7827.5,7827.75,7826.5,7826.5,954
2026-09-21 13:59:00-04:00,7826.75,7826.75,7827.5,7826.5,7827.5,778
2026-09-21 14:00:00-04:00,7828.25,7828.25,7829.0,7827.0,7827.0,1868
2026-09-21 14:01:00-04:00,7829.25,7829.25,7829.25,7828.0,7828.25,1413
2026-09-21 14:02:00-04:00,7829.5,7829.5,7830.25,7829.0,7829.25,1924
2026-09-21 14:03:00-04:00,7828.75,7828.75,7830.0,7828.5,7829.75,2344
2026-09-21 14:04:00-04:00,7830.25,7830.25,7830.25,7828.5,7828.75,1300
2026-09-21 14:05:00-04:00,7831.25,7831.25,7831.5,7830.0,7830.0,2608
2026-09-21 14:06:00-04:00,7831.25,7831.25,7831.5,7830.5,7831.25,1377
2026-09-21 14:07:00-04:00,7831.0,7831.0,7831.75,7830.5,7831.25,1748
2026-09-21 14:08:00-04:00,7831.0,7831.0,7831.75,7830.25,7831.25,1425
2026-09-21 14:09:00-04:00,7830.0,7830.0,7831.25,7829.25,7831.0,1982
2026-09-21 14:10:00-04:00,7829.5,7829.5,7830.5,7829.5,7830.0,1298
2026-09-21 14:11:00-04:00,7830.25,7830.25,7830.5,7828.75,7829.5,1708
2026-09-21 14:12:00-04:00,7830.0,7830.0,7830.5,7829.5,7830.5,892
2026-09-21 14:13:00-04:00,7830.5,7830.5,7830.75,7830.0,7830.25,866
2026-09-21 14:14:00-04:00,7830.75,7830.75,7832.5,7830.5,7830.5,3657
2026-09-21 14:15:00-04:00,7832.25,7832.25,7832.5,7830.5,7830.75,1447
2026-09-21 14:16:00-04:00,7830.25,7830.25,7832.25,7830.0,7832.25,2065
2026-09-21 14:17:00-04:00,7831.0,7831.0,7831.25,7829.75,7830.25,1277
2026-09-21 14:18:00-04:00,7832.0,7832.0,7832.25,7830.75,7830.75,1597
2026-09-21 14:19:00-04:00,7831.5,7831.5,7832.0,7830.25,7831.75,1403
2026-09-21 14:20:00-04:00,7832.0,7832.0,7832.0,7831.0,7831.5,1196
2026-09-21 14:21:00-04:00,7833.0,7833.0,7833.0,7831.25,7831.75,1481
2026-09-21 14:22:00-04:00,7835.75,7835.75,7836.0,7832.75,7833.0,3599
2026-09-21 14:23:00-04:00,7836.75,7836.75,7836.75,7835.25,7835.75,2595
2026-09-21 14:24:00-04:00,7836.5,7836.5,7837.0,7836.0,7836.5,1772
2026-09-21 14:25:00-04:00,7836.75,7836.75,7837.25,7835.5,7836.25,2564
2026-09-21 14:26:00-04:00,7835.75,7835.75,7836.75,7835.5,7836.75,1741
2026-09-21 14:27:00-04:00,7836.5,7836.5,7836.75,7835.75,7835.75,1564
2026-09-21 14:28:00-04:00,7837.75,7837.75,7838.0,7836.25,7836.25,1365
2026-09-21 14:29:00-04:00,7837.0,7837.0,7838.25,7836.5,7837.5,2358
2026-09-21 14:30:00-04:00,7837.0,7837.0,7837.5,7836.25,7837.0,2737
2026-09-21 14:31:00-04:00,7835.5,7835.5,7838.25,7835.0,7837.0,2897
2026-09-21 14:32:00-04:00,7834.75,7834.75,7835.75,7834.0,7835.25,1994
2026-09-21 14:33:00-04:00,7835.5,7835.5,7835.75,7833.75,7834.75,1840
2026-09-21 14:34:00-04:00,7835.5,7835.5,7835.75,7835.0,7835.5,1277
2026-09-21 14:35:00-04:00,7834.75,7834.75,7836.5,7834.0,7835.75,1229
2026-09-21 14:36:00-04:00,7836.5,7836.5,7836.5,7834.25,7834.75,1123
2026-09-21 14:37:00-04:00,7836.75,7836.75,7836.75,7836.0,7836.5,1019
2026-09-21 14:38:00-04:00,7836.75,7836.75,7837.75,7836.5,7836.5,1546
2026-09-21 14:39:00-04:00,7837.5,7837.5,7837.5,7836.75,7836.75,993
2026-09-21 14:40:00-04:00,7837.5,7837.5,7838.25,7837.0,7837.5,1321
2026-09-21 14:41:00-04:00,7838.25,7838.25,7838.5,7836.75,7837.5,1779
2026-09-21 14:42:00-04:00,7838.25,7838.25,7839.0,7838.0,7838.25,1805
2026-09-21 14:43:00-04:00,7839.0,7839.0,7839.0,7837.25,7838.0,1795
2026-09-21 14:44:00-04:00,7839.75,7839.75,7839.75,7838.75,7839.0,2226
2026-09-21 14:45:00-04:00,7840.5,7840.5,7842.0,7839.5,7839.5,4498
2026-09-21 14:46:00-04:00,7839.0,7839.0,7840.75,7839.0,7840.5,1636
2026-09-21 14:47:00-04:00,7840.0,7840.0,7840.25,7839.0,7839.25,2086
2026-09-21 14:48:00-04:00,7841.75,7841.75,7842.0,7839.75,7840.0,1325
2026-09-21 14:49:00-04:00,7842.0,7842.0,7842.25,7840.5,7841.75,2012
2026-09-21 14:50:00-04:00,7842.75,7842.75,7844.25,7841.75,7841.75,4042
2026-09-21 14:51:00-04:00,7843.5,7843.5,7843.75,7842.5,7843.0,1945
2026-09-21 14:52:00-04:00,7841.75,7841.75,7843.75,7841.5,7843.5,3145
2026-09-21 14:53:00-04:00,7844.5,7844.5,7844.5,7841.5,7841.75,3033
2026-09-21 14:54:00-04:00,7843.0,7843.0,7844.75,7842.75,7844.5,2511
2026-09-21 14:55:00-04:00,7842.5,7842.5,7844.0,7842.25,7843.25,1939
2026-09-21 14:56:00-04:00,7843.0,7843.0,7843.5,7842.0,7842.25,1752
2026-09-21 14:57:00-04:00,7841.75,7841.75,7843.5,7841.75,7843.25,2253
2026-09-21 14:58:00-04:00,7840.75,7840.75,7842.25,7840.5,7842.0,2599
2026-09-21 14:59:00-04:00,7841.25,7841.25,7842.0,7840.0,7840.75,2303
2026-09-21 15:00:00-04:00,7841.0,7841.0,7843.5,7840.75,7841.5,3209
2026-09-21 15:01:00-04:00,7841.5,7841.5,7842.0,7840.5,7840.75,2968
2026-09-21 15:02:00-04:00,7841.75,7841.75,7842.5,7841.0,7841.5,2010
2026-09-21 15:03:00-04:00,7841.0,7841.0,7841.75,7840.75,7841.5,1367
2026-09-21 15:04:00-04:00,7840.0,7840.0,7841.75,7840.0,7841.25,1751
2026-09-21 15:05:00-04:00,7838.75,7838.75,7840.25,7838.75,7840.0,2243
2026-09-21 15:06:00-04:00,7839.75,7839.75,7839.75,7838.25,7839.0,2345
2026-09-21 15:07:00-04:00,7839.0,7839.0,7840.25,7838.5,7839.75,1387
2026-09-21 15:08:00-04:00,7838.75,7838.75,7839.75,7838.75,7839.0,1787
2026-09-21 15:09:00-04:00,7840.25,7840.25,7840.5,7839.0,7839.0,1549
2026-09-21 15:10:00-04:00,7839.0,7839.0,7840.5,7837.75,7840.5,2372
2026-09-21 15:11:00-04:00,7840.25,7840.25,7840.25,7838.5,7838.75,2110
2026-09-21 15:12:00-04:00,7841.5,7841.5,7842.0,7840.25,7840.25,2175
2026-09-21 15:13:00-04:00,7842.25,7842.25,7842.5,7841.25,7841.5,1628
2026-09-21 15:14:00-04:00,7842.75,7842.75,7843.0,7841.5,7842.25,1755
2026-09-21 15:15:00-04:00,7842.25,7842.25,7842.75,7840.75,7842.75,2161
2026-09-21 15:16:00-04:00,7842.75,7842.75,7842.75,7841.5,7842.25,1487
2026-09-21 15:17:00-04:00,7842.25,7842.25,7843.0,7842.0,7842.75,1243
2026-09-21 15:18:00-04:00,7841.0,7841.0,7842.5,7841.0,7842.25,1350
2026-09-21 15:19:00-04:00,7842.0,7842.0,7842.25,7841.0,7841.0,1484
2026-09-21 15:20:00-04:00,7840.75,7840.75,7842.0,7840.5,7841.75,2128
2026-09-21 15:21:00-04:00,7840.75,7840.75,7841.0,7838.75,7840.5,3461
2026-09-21 15:22:00-04:00,7841.5,7841.5,7841.5,7840.25,7840.5,1221
2026-09-21 15:23:00-04:00,7840.25,7840.25,7842.0,7840.0,7841.5,1106
2026-09-21 15:24:00-04:00,7839.25,7839.25,7840.25,7838.75,7840.25,1626
2026-09-21 15:25:00-04:00,7838.75,7838.75,7840.0,7838.25,7839.25,1759
2026-09-21 15:26:00-04:00,7840.5,7840.5,7840.5,7838.5,7838.5,1814
2026-09-21 15:27:00-04:00,7840.25,7840.25,7840.75,7839.75,7840.5,1450
2026-09-21 15:28:00-04:00,7840.0,7840.0,7841.25,7839.75,7840.0,1389
2026-09-21 15:29:00-04:00,7839.25,7839.25,7840.0,7838.75,7839.75,1977
2026-09-21 15:30:00-04:00,7840.0,7840.0,7840.25,7838.75,7839.25,2631
2026-09-21 15:31:00-04:00,7840.0,7840.0,7840.25,7839.0,7839.75,2233
2026-09-21 15:32:00-04:00,7841.0,7841.0,7841.75,7839.75,7839.75,1699
2026-09-21 15:33:00-04:00,7842.25,7842.25,7842.5,7840.75,7840.75,2188
2026-09-21 15:34:00-04:00,7843.0,7843.0,7843.75,7842.0,7842.0,2334
2026-09-21 15:35:00-04:00,7843.25,7843.25,7843.5,7842.25,7843.0,1927
2026-09-21 15:36:00-04:00,7843.5,7843.5,7844.0,7842.75,7843.5,1798
2026-09-21 15:37:00-04:00,7844.75,7844.75,7845.0,7843.0,7843.5,2978
2026-09-21 15:38:00-04:00,7846.75,7846.75,7847.0,7844.75,7844.75,3151
2026-09-21 15:39:00-04:00,7846.0,7846.0,7847.25,7845.75,7846.75,3101
2026-09-21 15:40:00-04:00,7843.0,7843.0,7846.5,7843.0,7845.75,4027
2026-09-21 15:41:00-04:00,7842.25,7842.25,7844.0,7842.0,7843.0,3917
2026-09-21 15:42:00-04:00,7841.25,7841.25,7842.75,7841.0,7842.25,3520
2026-09-21 15:43:00-04:00,7842.5,7842.5,7842.75,7840.75,7841.0,2470
2026-09-21 15:44:00-04:00,7842.5,7842.5,7843.25,7842.0,7842.25,3033
2026-09-21 15:45:00-04:00,7843.25,7843.25,7843.5,7841.25,7842.25,4227
2026-09-21 15:46:00-04:00,7841.25,7841.25,7843.25,7840.75,7843.0,3070
2026-09-21 15:47:00-04:00,7840.75,7840.75,7842.0,7840.5,7841.0,2320
2026-09-21 15:48:00-04:00,7840.5,7840.5,7841.75,7839.75,7840.5,3290
2026-09-21 15:49:00-04:00,7839.75,7839.75,7840.75,7839.0,7840.5,3180
2026-09-21 15:50:00-04:00,7836.5,7836.5,7839.75,7834.75,7839.75,9410
2026-09-21 15:51:00-04:00,7836.5,7836.5,7837.5,7835.5,7836.5,5228
2026-09-21 15:52:00-04:00,7837.25,7837.25,7838.0,7836.5,7836.5,5705
2026-09-21 15:53:00-04:00,7835.75,7835.75,7837.5,7835.25,7837.25,3544
2026-09-21 15:54:00-04:00,7835.0,7835.0,7836.75,7835.0,7835.5,8274
2026-09-21 15:55:00-04:00,7835.0,7835.0,7836.5,7834.5,7835.0,7622
2026-09-21 15:56:00-04:00,7835.0,7835.0,7836.0,7834.25,7835.0,6527
2026-09-21 15:57:00-04:00,7835.25,7835.25,7837.0,7834.25,7835.0,8696
2026-09-21 15:58:00-04:00,7835.5,7835.5,7837.25,7835.0,7835.25,11062
2026-09-21 15:59:00-04:00,7833.25,7833.25,7837.25,7832.0,7835.5,73109
2026-09-21 16:00:00-04:00,7832.25,7832.25,7835.0,7831.75,7833.25,10435
2026-09-21 16:01:00-04:00,7831.25,7831.25,7832.25,7830.5,7832.25,3745
2026-09-21 16:02:00-04:00,7830.5,7830.5,7831.5,7830.25,7831.5,2129
2026-09-21 16:03:00-04:00,7829.75,7829.75,7830.75,7829.5,7830.75,2178
2026-09-21 16:04:00-04:00,7829.5,7829.5,7830.0,7828.5,7829.75,1560
2026-09-21 16:05:00-04:00,7830.25,7830.25,7830.25,7829.0,7829.5,2055
2026-09-21 16:06:00-04:00,7831.75,7831.75,7831.75,7830.0,7830.25,1160
2026-09-21 16:07:00-04:00,7831.25,7831.25,7832.75,7831.0,7831.75,1470
2026-09-21 16:08:00-04:00,7831.5,7831.5,7832.0,7830.5,7831.25,1026
2026-09-21 16:09:00-04:00,7831.75,7831.75,7832.25,7831.25,7831.75,655
2026-09-21 16:10:00-04:00,7831.5,7831.5,7832.0,7831.5,7831.75,497
2026-09-21 16:11:00-04:00,7830.75,7830.75,7831.75,7830.25,7831.75,839
2026-09-21 16:12:00-04:00,7830.0,7830.0,7830.75,7829.75,7830.75,645
2026-09-21 16:13:00-04:00,7831.0,7831.0,7831.25,7830.0,7830.0,534
2026-09-21 16:14:00-04:00,7831.0,7831.0,7831.75,7830.75,7831.0,904
2026-09-21 16:15:00-04:00,7830.25,7830.25,7831.25,7830.25,7831.0,208
2026-09-21 16:16:00-04:00,7827.75,7827.75,7830.25,7827.5,7830.25,1818
2026-09-21 16:17:00-04:00,7827.5,7827.5,7828.0,7827.25,7827.75,562
2026-09-21 16:18:00-04:00,7828.0,7828.0,7828.25,7827.25,7827.5,761
2026-09-21 16:19:00-04:00,7828.5,7828.5,7828.5,7827.5,7827.75,326
2026-09-21 16:20:00-04:00,7828.5,7828.5,7829.0,7828.0,7828.25,416
2026-09-21 16:21:00-04:00,7828.25,7828.25,7828.5,7828.0,7828.5,231
2026-09-21 16:22:00-04:00,7828.5,7828.5,7828.5,7828.25,7828.5,215
2026-09-21 16:23:00-04:00,7828.25,7828.25,7828.75,7828.25,7828.25,269
2026-09-21 16:24:00-04:00,7828.0,7828.0,7828.5,7828.0,7828.25,209
2026-09-21 16:25:00-04:00,7829.5,7829.5,7829.75,7828.0,7828.0,523
2026-09-21 16:26:00-04:00,7829.75,7829.75,7830.5,7829.5,7829.75,746
2026-09-21 16:27:00-04:00,7829.5,7829.5,7829.75,7829.25,7829.5,248
2026-09-21 16:28:00-04:00,7830.25,7830.25,7830.25,7829.5,7829.5,245
2026-09-21 16:29:00-04:00,7830.25,7830.25,7830.75,7830.0,7830.25,284
2026-09-21 16:30:00-04:00,7829.25,7829.25,7830.5,7829.25,7830.25,361
2026-09-21 16:31:00-04:00,7828.75,7828.75,7829.25,7828.75,7829.0,397
2026-09-21 16:32:00-04:00,7829.0,7829.0,7829.25,7828.75,7829.0,182
2026-09-21 16:33:00-04:00,7829.0,7829.0,7829.25,7828.75,7828.75,90
2026-09-21 16:34:00-04:00,7829.25,7829.25,7829.5,7828.75,7828.75,159
2026-09-21 16:35:00-04:00,7828.75,7828.75,7829.5,7828.75,7829.25,247
2026-09-21 16:36:00-04:00,7828.5,7828.5,7828.75,7828.5,7828.75,235
2026-09-21 16:37:00-04:00,7828.0,7828.0,7828.5,7828.0,7828.25,110
2026-09-21 16:38:00-04:00,7827.75,7827.75,7828.25,7827.75,7828.0,272
2026-09-21 16:39:00-04:00,7828.0,7828.0,7828.0,7827.5,7827.5,235
2026-09-21 16:40:00-04:00,7828.0,7828.0,7828.25,7827.75,7828.0,371
2026-09-21 16:41:00-04:00,7827.5,7827.5,7828.0,7827.25,7828.0,147
2026-09-21 16:42:00-04:00,7827.25,7827.25,7827.5,7826.75,7827.25,268
2026-09-21 16:43:00-04:00,7827.5,7827.5,7827.5,7827.25,7827.25,127
2026-09-21 16:44:00-04:00,7827.5,7827.5,7827.75,7827.25,7827.5,209
2026-09-21 16:45:00-04:00,7826.75,7826.75,7827.25,7826.5,7827.25,395
2026-09-21 16:46:00-04:00,7827.0,7827.0,7827.25,7826.5,7826.75,288
2026-09-21 16:47:00-04:00,7827.25,7827.25,7827.25,7826.5,7826.75,205
2026-09-21 16:48:00-04:00,7827.5,7827.5,7828.0,7827.0,7827.25,333
2026-09-21 16:49:00-04:00,7827.25,7827.25,7828.0,7827.0,7827.75,404
2026-09-21 16:50:00-04:00,7827.25,7827.25,7827.5,7827.25,7827.25,287
2026-09-21 16:51:00-04:00,7827.75,7827.75,7827.75,7827.0,7827.25,307
2026-09-21 16:52:00-04:00,7828.0,7828.0,7828.0,7827.75,7827.75,89
2026-09-21 16:53:00-04:00,7827.5,7827.5,7828.0,7827.5,7828.0,124
2026-09-21 16:54:00-04:00,7828.25,7828.25,7828.25,7827.5,7827.75,256
2026-09-21 16:55:00-04:00,7828.5,7828.5,7828.75,7828.0,7828.0,164
2026-09-21 16:56:00-04:00,7827.75,7827.75,7828.5,7827.75,7828.25,559
2026-09-21 16:57:00-04:00,7829.0,7829.0,7829.0,7827.75,7828.0,410
2026-09-21 16:58:00-04:00,7829.75,7829.75,7830.25,7828.75,7829.0,661
2026-09-21 16:59:00-04:00,7829.25,7829.25,7830.25,7828.0,7829.75,1293
2026-09-21 18:00:00-04:00,7829.75,7829.75,7831.75,7829.75,7830.0,0
2026-09-21 18:01:00-04:00,7829.75,7829.75,7831.0,7829.5,7829.75,244
2026-09-21 18:02:00-04:00,7829.25,7829.25,7829.75,7829.0,7829.75,159
2026-09-21 18:03:00-04:00,7830.5,7830.5,7830.5,7829.0,7829.25,98
2026-09-21 18:04:00-04:00,7832.0,7832.0,7832.25,7830.25,7830.25,147
2026-09-21 18:05:00-04:00,7832.0,7832.0,7833.0,7831.5,7832.0,339
2026-09-21 18:06:00-04:00,7831.75,7831.75,7832.25,7831.25,7832.25,191
2026-09-21 18:07:00-04:00,7832.5,7832.5,7832.5,7831.75,7832.0,86
2026-09-21 18:08:00-04:00,7832.5,7832.5,7833.0,7832.25,7832.25,144
2026-09-21 18:09:00-04:00,7833.0,7833.0,7833.0,7832.25,7832.25,61
2026-09-21 18:10:00-04:00,7833.0,7833.0,7833.5,7832.75,7832.75,124
2026-09-21 18:11:00-04:00,7832.0,7832.0,7833.0,7830.5,7833.0,308
2026-09-21 18:12:00-04:00,7832.0,7832.0,7832.25,7831.75,7831.75,117
2026-09-21 18:13:00-04:00,7832.75,7832.75,7832.75,7831.5,7831.75,144
2026-09-21 18:14:00-04:00,7832.25,7832.25,7833.0,7832.25,7832.75,42
2026-09-21 18:15:00-04:00,7832.5,7832.5,7832.5,7832.0,7832.5,47
2026-09-21 18:16:00-04:00,7832.0,7832.0,7832.25,7831.5,7832.25,56
2026-09-21 18:17:00-04:00,7833.5,7833.5,7833.75,7831.75,7831.75,115
2026-09-21 18:18:00-04:00,7832.75,7832.75,7833.25,7832.0,7833.25,109
2026-09-21 18:19:00-04:00,7833.0,7833.0,7833.0,7832.5,7832.75,35
2026-09-21 18:20:00-04:00,7832.75,7832.75,7833.0,7832.75,7833.0,44
2026-09-21 18:21:00-04:00,7832.75,7832.75,7833.25,7832.75,7832.75,24
2026-09-21 18:22:00-04:00,7832.25,7832.25,7833.0,7832.0,7833.0,99
2026-09-21 18:23:00-04:00,7832.25,7832.25,7832.25,7831.75,7832.0,41
2026-09-21 18:24:00-04:00,7832.75,7832.75,7832.75,7832.25,7832.25,30
2026-09-21 18:25:00-04:00,7833.0,7833.0,7833.25,7832.75,7833.0,69
2026-09-21 18:26:00-04:00,7833.25,7833.25,7833.25,7832.75,7832.75,19
2026-09-21 18:27:00-04:00,7833.25,7833.25,7833.5,7832.75,7833.0,52
2026-09-21 18:28:00-04:00,7834.25,7834.25,7834.25,7833.25,7833.25,174
2026-09-21 18:29:00-04:00,7834.75,7834.75,7835.0,7833.75,7834.0,151
2026-09-21 18:30:00-04:00,7835.25,7835.25,7835.5,7834.25,7834.5,94
2026-09-21 18:31:00-04:00,7834.5,7834.5,7835.75,7834.25,7835.25,129
2026-09-21 18:32:00-04:00,7834.25,7834.25,7834.5,7834.0,7834.5,69
2026-09-21 18:33:00-04:00,7834.25,7834.25,7834.25,7833.5,7834.25,68
2026-09-21 18:34:00-04:00,7834.75,7834.75,7834.75,7834.0,7834.0,115
2026-09-21 18:35:00-04:00,7834.5,7834.5,7834.5,7834.0,7834.5,48
2026-09-21 18:36:00-04:00,7834.5,7834.5,7834.5,7834.25,7834.5,25
2026-09-21 18:37:00-04:00,7834.75,7834.75,7834.75,7834.25,7834.25,20
2026-09-21 18:38:00-04:00,7834.25,7834.25,7835.0,7834.25,7834.75,45
2026-09-21 18:39:00-04:00,7834.25,7834.25,7834.5,7834.0,7834.5,79
2026-09-21 18:40:00-04:00,7834.0,7834.0,7834.5,7834.0,7834.25,164
2026-09-21 18:41:00-04:00,7833.25,7833.25,7834.25,7833.25,7834.0,224
2026-09-21 18:42:00-04:00,7833.25,7833.25,7833.25,7832.75,7833.0,69
2026-09-21 18:43:00-04:00,7833.5,7833.5,7833.5,7833.25,7833.25,24
2026-09-21 18:44:00-04:00,7834.5,7834.5,7834.5,7833.5,7833.5,26
2026-09-21 18:45:00-04:00,7833.75,7833.75,7834.5,7833.0,7834.5,47
2026-09-21 18:46:00-04:00,7833.75,7833.75,7833.75,7833.5,7833.5,38
2026-09-21 18:47:00-04:00,7834.25,7834.25,7834.75,7833.75,7833.75,35
2026-09-21 18:48:00-04:00,7834.75,7834.75,7834.75,7834.25,7834.25,32
2026-09-21 18:49:00-04:00,7834.75,7834.75,7835.0,7834.5,7835.0,59
2026-09-21 18:50:00-04:00,7835.25,7835.25,7835.25,7834.5,7835.0,79
2026-09-21 18:51:00-04:00,7834.5,7834.5,7835.0,7834.25,7835.0,76
2026-09-21 18:52:00-04:00,7834.0,7834.0,7834.25,7833.75,7834.25,22
2026-09-21 18:53:00-04:00,7835.0,7835.0,7835.0,7834.25,7834.25,83
2026-09-21 18:54:00-04:00,7835.25,7835.25,7835.25,7835.0,7835.25,30
2026-09-21 18:55:00-04:00,7835.5,7835.5,7835.5,7834.75,7835.5,37
2026-09-21 18:56:00-04:00,7835.0,7835.0,7835.75,7835.0,7835.5,46
2026-09-21 18:57:00-04:00,7835.0,7835.0,7835.25,7835.0,7835.25,73
2026-09-21 18:58:00-04:00,7835.0,7835.0,7835.25,7834.75,7835.25,40
2026-09-21 18:59:00-04:00,7834.5,7834.5,7835.25,7834.5,7835.0,39
2026-09-21 19:00:00-04:00,7834.5,7834.5,7835.0,7834.5,7834.75,110
2026-09-21 19:01:00-04:00,7833.75,7833.75,7835.0,7833.5,7834.75,148
2026-09-21 19:02:00-04:00,7834.25,7834.25,7834.25,7833.75,7833.75,91
2026-09-21 19:03:00-04:00,7835.25,7835.25,7835.5,7834.5,7834.5,97
2026-09-21 19:04:00-04:00,7834.75,7834.75,7835.5,7834.75,7835.0,47
2026-09-21 19:05:00-04:00,7835.0,7835.0,7835.0,7834.75,7835.0,19
2026-09-21 19:06:00-04:00,7835.0,7835.0,7835.75,7835.0,7835.25,43
2026-09-21 19:07:00-04:00,7835.75,7835.75,7835.75,7835.0,7835.0,17
2026-09-21 19:08:00-04:00,7835.75,7835.75,7836.0,7835.5,7835.75,60
2026-09-21 19:09:00-04:00,7836.0,7836.0,7836.0,7835.75,7835.75,15
2026-09-21 19:10:00-04:00,7835.75,7835.75,7836.0,7835.5,7836.0,44
2026-09-21 19:11:00-04:00,7836.0,7836.0,7836.0,7835.5,7835.5,35
2026-09-21 19:12:00-04:00,7836.5,7836.5,7836.5,7835.75,7835.75,94
2026-09-21 19:13:00-04:00,7837.0,7837.0,7837.75,7836.0,7836.25,211
2026-09-21 19:14:00-04:00,7836.75,7836.75,7837.25,7836.25,7837.0,95
2026-09-21 19:15:00-04:00,7836.75,7836.75,7837.0,7836.5,7836.75,74
2026-09-21 19:16:00-04:00,7836.25,7836.25,7837.25,7836.25,7837.0,89
2026-09-21 19:17:00-04:00,7835.0,7835.0,7836.75,7835.0,7836.5,150
2026-09-21 19:18:00-04:00,7836.0,7836.0,7836.25,7835.25,7835.25,145
2026-09-21 19:19:00-04:00,7836.0,7836.0,7836.5,7835.5,7836.25,50
2026-09-21 19:20:00-04:00,7835.5,7835.5,7836.25,7835.5,7836.25,35
2026-09-21 19:21:00-04:00,7835.75,7835.75,7835.75,7835.5,7835.5,25
2026-09-21 19:22:00-04:00,7836.25,7836.25,7836.25,7835.75,7835.75,32
2026-09-21 19:23:00-04:00,7835.25,7835.25,7836.25,7835.25,7836.25,58
2026-09-21 19:24:00-04:00,7835.5,7835.5,7835.75,7835.25,7835.25,76
2026-09-21 19:25:00-04:00,7835.0,7835.0,7835.75,7834.75,7835.75,85
2026-09-21 19:26:00-04:00,7835.75,7835.75,7835.75,7835.0,7835.0,28
2026-09-21 19:27:00-04:00,7835.25,7835.25,7835.5,7835.25,7835.5,17
2026-09-21 19:28:00-04:00,7834.5,7834.5,7835.25,7834.25,7835.0,141
2026-09-21 19:29:00-04:00,7835.0,7835.0,7835.0,7834.0,7834.5,140
2026-09-21 19:30:00-04:00,7835.0,7835.0,7835.25,7834.5,7835.0,146
2026-09-21 19:31:00-04:00,7834.5,7834.5,7835.5,7834.5,7835.0,58
2026-09-21 19:32:00-04:00,7835.25,7835.25,7835.5,7834.0,7834.5,63
2026-09-21 19:33:00-04:00,7835.75,7835.75,7835.75,7835.0,7835.0,100
2026-09-21 19:34:00-04:00,7835.5,7835.5,7835.75,7835.25,7835.75,55
2026-09-21 19:35:00-04:00,7835.5,7835.5,7835.75,7835.5,7835.75,35
2026-09-21 19:36:00-04:00,7835.5,7835.5,7835.5,7835.0,7835.5,55
2026-09-21 19:37:00-04:00,7835.25,7835.25,7836.25,7835.25,7835.5,41
2026-09-21 19:38:00-04:00,7835.25,7835.25,7835.5,7835.0,7835.25,33
2026-09-21 19:39:00-04:00,7835.25,7835.25,7835.25,7834.75,7835.0,50
2026-09-21 19:40:00-04:00,7836.25,7836.25,7836.75,7835.25,7835.25,116
2026-09-21 19:41:00-04:00,7836.5,7836.5,7836.75,7836.25,7836.25,77
2026-09-21 19:42:00-04:00,7836.25,7836.25,7836.75,7836.25,7836.5,42
2026-09-21 19:43:00-04:00,7835.75,7835.75,7836.25,7835.75,7836.25,25
2026-09-21 19:44:00-04:00,7836.0,7836.0,7836.25,7835.75,7835.75,28
2026-09-21 19:45:00-04:00,7835.75,7835.75,7836.25,7835.5,7836.0,66
2026-09-21 19:46:00-04:00,7836.0,7836.0,7836.25,7835.5,7835.75,72
2026-09-21 19:47:00-04:00,7836.0,7836.0,7836.0,7835.5,7835.75,53
2026-09-21 19:48:00-04:00,7835.5,7835.5,7836.25,7835.0,7836.25,69
2026-09-21 19:49:00-04:00,7835.5,7835.5,7835.75,7835.25,7835.75,24
2026-09-21 19:50:00-04:00,7835.0,7835.0,7835.75,7834.75,7835.75,125
2026-09-21 19:51:00-04:00,7835.25,7835.25,7835.5,7835.0,7835.0,65
2026-09-21 19:52:00-04:00,7835.25,7835.25,7835.25,7835.0,7835.0,28
2026-09-21 19:53:00-04:00,7835.5,7835.5,7835.75,7835.25,7835.25,48
2026-09-21 19:54:00-04:00,7835.5,7835.5,7835.75,7835.5,7835.75,37
2026-09-21 19:55:00-04:00,7836.0,7836.0,7836.0,7835.5,7835.75,51
2026-09-21 19:56:00-04:00,7835.5,7835.5,7836.0,7835.0,7836.0,82
2026-09-21 19:57:00-04:00,7836.0,7836.0,7836.0,7835.75,7835.75,53
2026-09-21 19:58:00-04:00,7835.75,7835.75,7836.25,7835.5,7836.0,54
2026-09-21 19:59:00-04:00,7835.25,7835.25,7835.75,7835.25,7835.5,92
2026-09-21 20:00:00-04:00,7835.5,7835.5,7835.75,7834.5,7835.25,383
2026-09-21 20:01:00-04:00,7836.0,7836.0,7837.0,7835.5,7835.75,291
2026-09-21 20:02:00-04:00,7837.5,7837.5,7837.5,7836.25,7836.25,221
2026-09-21 20:03:00-04:00,7836.75,7836.75,7837.5,7836.75,7837.25,136
2026-09-21 20:04:00-04:00,7837.0,7837.0,7837.25,7836.25,7836.75,161
2026-09-21 20:05:00-04:00,7837.75,7837.75,7837.75,7836.75,7837.25,215
2026-09-21 20:06:00-04:00,7837.5,7837.5,7837.75,7837.0,7837.5,168
2026-09-21 20:07:00-04:00,7837.75,7837.75,7837.75,7837.5,7837.75,98
2026-09-21 20:08:00-04:00,7837.75,7837.75,7838.0,7837.5,7837.75,129
2026-09-21 20:09:00-04:00,7839.75,7839.75,7839.75,7837.75,7838.0,424
2026-09-21 20:10:00-04:00,7839.5,7839.5,7840.0,7838.25,7839.75,384
2026-09-21 20:11:00-04:00,7839.25,7839.25,7839.75,7839.0,7839.5,113
2026-09-21 20:12:00-04:00,7838.75,7838.75,7839.75,7838.75,7839.5,110
2026-09-21 20:13:00-04:00,7838.5,7838.5,7838.75,7837.75,7838.75,190
2026-09-21 20:14:00-04:00,7837.75,7837.75,7838.5,7837.75,7838.5,46
2026-09-21 20:15:00-04:00,7837.0,7837.0,7838.0,7835.25,7838.0,697
2026-09-21 20:16:00-04:00,7836.5,7836.5,7837.25,7836.25,7837.25,244
2026-09-21 20:17:00-04:00,7835.75,7835.75,7836.75,7835.75,7836.5,400
2026-09-21 20:18:00-04:00,7835.25,7835.25,7836.0,7835.25,7835.75,159
2026-09-21 20:19:00-04:00,7835.5,7835.5,7835.75,7835.25,7835.5,63
2026-09-21 20:20:00-04:00,7835.25,7835.25,7836.0,7835.0,7835.75,97
2026-09-21 20:21:00-04:00,7836.5,7836.5,7836.5,7835.0,7835.0,391
2026-09-21 20:22:00-04:00,7836.25,7836.25,7836.75,7836.25,7836.5,88
2026-09-21 20:23:00-04:00,7836.25,7836.25,7836.5,7836.0,7836.25,42
2026-09-21 20:24:00-04:00,7836.25,7836.25,7836.25,7835.5,7836.0,197
2026-09-21 20:25:00-04:00,7835.75,7835.75,7836.5,7835.5,7836.25,93
2026-09-21 20:26:00-04:00,7836.5,7836.5,7836.5,7835.5,7835.75,76
2026-09-21 20:27:00-04:00,7836.25,7836.25,7836.75,7836.25,7836.5,71
2026-09-21 20:28:00-04:00,7837.25,7837.25,7837.25,7836.25,7836.5,117
2026-09-21 20:29:00-04:00,7837.25,7837.25,7837.5,7837.0,7837.0,87
2026-09-21 20:30:00-04:00,7837.75,7837.75,7838.25,7837.0,7837.25,266
2026-09-21 20:31:00-04:00,7838.0,7838.0,7838.0,7837.5,7837.5,81
2026-09-21 20:32:00-04:00,7838.25,7838.25,7838.5,7837.75,7838.0,201
2026-09-21 20:33:00-04:00,7836.0,7836.0,7838.0,7836.0,7838.0,277
2026-09-21 20:34:00-04:00,7834.0,7834.0,7836.5,7834.0,7836.25,442
2026-09-21 20:35:00-04:00,7832.75,7832.75,7834.5,7832.5,7834.25,505
2026-09-21 20:36:00-04:00,7833.0,7833.0,7833.5,7832.5,7832.75,295
2026-09-21 20:37:00-04:00,7832.75,7832.75,7833.5,7832.25,7833.25,162
2026-09-21 20:38:00-04:00,7834.5,7834.5,7834.75,7833.0,7833.0,186
2026-09-21 20:39:00-04:00,7833.5,7833.5,7834.5,7833.0,7834.5,167
2026-09-21 20:40:00-04:00,7832.75,7832.75,7833.75,7832.75,7833.25,229
2026-09-21 20:41:00-04:00,7834.0,7834.0,7834.25,7832.5,7832.75,157
2026-09-21 20:42:00-04:00,7834.75,7834.75,7835.25,7834.0,7834.0,204
2026-09-21 20:43:00-04:00,7834.75,7834.75,7835.0,7834.25,7835.0,116
2026-09-21 20:44:00-04:00,7834.75,7834.75,7835.0,7834.25,7834.5,101
2026-09-21 20:45:00-04:00,7835.5,7835.5,7836.0,7834.75,7835.0,190
2026-09-21 20:46:00-04:00,7835.25,7835.25,7836.25,7835.25,7835.5,263
2026-09-21 20:47:00-04:00,7834.75,7834.75,7835.25,7834.75,7835.0,81
2026-09-21 20:48:00-04:00,7835.0,7835.0,7835.0,7834.5,7834.5,148
2026-09-21 20:49:00-04:00,7835.0,7835.0,7835.75,7835.0,7835.25,95
2026-09-21 20:50:00-04:00,7835.25,7835.25,7835.5,7834.75,7835.5,105
2026-09-21 20:51:00-04:00,7835.5,7835.5,7835.75,7835.25,7835.25,86
2026-09-21 20:52:00-04:00,7835.25,7835.25,7836.0,7835.25,7835.25,61
2026-09-21 20:53:00-04:00,7836.0,7836.0,7836.0,7835.25,7835.25,65
2026-09-21 20:54:00-04:00,7836.0,7836.0,7836.0,7835.5,7835.75,31
2026-09-21 20:55:00-04:00,7835.5,7835.5,7836.0,7835.5,7836.0,46
2026-09-21 20:56:00-04:00,7835.5,7835.5,7835.5,7835.25,7835.25,68
2026-09-21 20:57:00-04:00,7835.75,7835.75,7835.75,7835.5,7835.5,44
2026-09-21 20:58:00-04:00,7835.75,7835.75,7836.0,7835.25,7835.75,86
2026-09-21 20:59:00-04:00,7835.25,7835.25,7835.75,7834.75,7835.75,139
2026-09-21 21:00:00-04:00,7835.0,7835.0,7835.5,7834.25,7835.5,211
2026-09-21 21:01:00-04:00,7834.75,7834.75,7835.25,7834.75,7835.0,93
2026-09-21 21:02:00-04:00,7834.75,7834.75,7835.0,7834.25,7834.75,147
2026-09-21 21:03:00-04:00,7834.25,7834.25,7835.0,7834.25,7835.0,147
2026-09-21 21:04:00-04:00,7834.5,7834.5,7835.0,7833.75,7834.0,101
2026-09-21 21:05:00-04:00,7834.5,7834.5,7834.5,7833.5,7834.5,173
2026-09-21 21:06:00-04:00,7834.5,7834.5,7834.75,7834.0,7834.25,85
2026-09-21 21:07:00-04:00,7834.5,7834.5,7834.5,7834.0,7834.25,74
2026-09-21 21:08:00-04:00,7835.0,7835.0,7835.25,7834.25,7834.5,128
2026-09-21 21:09:00-04:00,7834.25,7834.25,7835.0,7834.25,7835.0,153
2026-09-21 21:10:00-04:00,7833.5,7833.5,7834.5,7833.5,7834.5,222
2026-09-21 21:11:00-04:00,7832.75,7832.75,7833.5,7832.5,7833.5,201
2026-09-21 21:12:00-04:00,7833.75,7833.75,7834.0,7832.75,7832.75,294
2026-09-21 21:13:00-04:00,7833.25,7833.25,7833.75,7833.0,7833.75,148
2026-09-21 21:14:00-04:00,7833.75,7833.75,7834.25,7833.25,7833.25,132
2026-09-21 21:15:00-04:00,7833.75,7833.75,7834.0,7833.25,7834.0,128
2026-09-21 21:16:00-04:00,7832.5,7832.5,7833.5,7832.0,7833.5,185
2026-09-21 21:17:00-04:00,7832.5,7832.5,7832.75,7832.25,7832.5,194
2026-09-21 21:18:00-04:00,7832.5,7832.5,7833.0,7832.5,7832.5,100
2026-09-21 21:19:00-04:00,7832.5,7832.5,7832.75,7832.5,7832.75,94
2026-09-21 21:20:00-04:00,7832.5,7832.5,7833.0,7832.25,7832.5,91
2026-09-21 21:21:00-04:00,7832.75,7832.75,7833.0,7832.5,7832.5,114
2026-09-21 21:22:00-04:00,7832.25,7832.25,7832.5,7831.75,7832.5,214
2026-09-21 21:23:00-04:00,7833.0,7833.0,7833.25,7832.25,7832.25,188
2026-09-21 21:24:00-04:00,7833.25,7833.25,7833.5,7832.75,7832.75,156
2026-09-21 21:25:00-04:00,7832.75,7832.75,7833.5,7832.75,7833.25,137
2026-09-21 21:26:00-04:00,7833.0,7833.0,7833.0,7832.5,7832.75,95
2026-09-21 21:27:00-04:00,7832.75,7832.75,7833.75,7832.75,7833.0,191
2026-09-21 21:28:00-04:00,7834.0,7834.0,7834.25,7833.0,7833.0,142
2026-09-21 21:29:00-04:00,7833.5,7833.5,7834.25,7833.5,7834.0,170
2026-09-21 21:30:00-04:00,7833.0,7833.0,7833.75,7832.25,7833.75,388
2026-09-21 21:31:00-04:00,7833.5,7833.5,7833.75,7833.0,7833.0,109
2026-09-21 21:32:00-04:00,7833.5,7833.5,7833.75,7833.25,7833.5,98
2026-09-21 21:33:00-04:00,7834.0,7834.0,7834.75,7833.5,7833.5,144
2026-09-21 21:34:00-04:00,7835.0,7835.0,7835.0,7834.0,7834.25,177
2026-09-21 21:35:00-04:00,7834.5,7834.5,7835.25,7834.5,7835.25,67
2026-09-21 21:36:00-04:00,7836.0,7836.0,7836.0,7834.5,7834.5,156
2026-09-21 21:37:00-04:00,7836.0,7836.0,7836.25,7835.25,7835.75,428
2026-09-21 21:38:00-04:00,7835.75,7835.75,7836.25,7835.5,7836.0,159
2026-09-21 21:39:00-04:00,7835.25,7835.25,7836.0,7834.75,7835.75,499
2026-09-21 21:40:00-04:00,7835.75,7835.75,7835.75,7834.75,7835.25,145
2026-09-21 21:41:00-04:00,7835.5,7835.5,7836.0,7835.25,7835.25,99
2026-09-21 21:42:00-04:00,7835.25,7835.25,7836.0,7834.75,7835.75,161
2026-09-21 21:43:00-04:00,7835.5,7835.5,7835.75,7835.0,7835.25,140
2026-09-21 21:44:00-04:00,7835.0,7835.0,7835.5,7835.0,7835.5,32
2026-09-21 21:45:00-04:00,7835.25,7835.25,7835.75,7835.0,7835.0,158
2026-09-21 21:46:00-04:00,7835.0,7835.0,7835.25,7834.5,7835.25,131
2026-09-21 21:47:00-04:00,7835.25,7835.25,7835.5,7834.75,7835.0,82
2026-09-21 21:48:00-04:00,7835.25,7835.25,7836.0,7834.75,7835.0,130
2026-09-21 21:49:00-04:00,7834.5,7834.5,7835.25,7834.25,7835.25,118
2026-09-21 21:50:00-04:00,7834.75,7834.75,7834.75,7834.0,7834.25,106
2026-09-21 21:51:00-04:00,7835.5,7835.5,7835.5,7834.5,7834.75,107
2026-09-21 21:52:00-04:00,7834.75,7834.75,7835.5,7834.75,7835.5,85
2026-09-21 21:53:00-04:00,7835.0,7835.0,7835.5,7834.5,7834.75,128
2026-09-21 21:54:00-04:00,7835.25,7835.25,7835.5,7834.75,7835.25,112
2026-09-21 21:55:00-04:00,7834.75,7834.75,7835.5,7834.75,7835.5,78
2026-09-21 21:56:00-04:00,7835.0,7835.0,7835.0,7834.5,7834.75,60
2026-09-21 21:57:00-04:00,7835.0,7835.0,7835.5,7835.0,7835.0,123
2026-09-21 21:58:00-04:00,7834.5,7834.5,7835.0,7834.25,7835.0,97
2026-09-21 21:59:00-04:00,7833.5,7833.5,7834.25,7833.5,7834.25,177
2026-09-21 22:00:00-04:00,7835.0,7835.0,7835.0,7833.25,7833.5,172
2026-09-21 22:01:00-04:00,7836.0,7836.0,7836.0,7834.75,7835.0,199
2026-09-21 22:02:00-04:00,7836.25,7836.25,7836.25,7835.75,7836.0,169
2026-09-21 22:03:00-04:00,7835.75,7835.75,7836.25,7835.75,7836.25,79
2026-09-21 22:04:00-04:00,7836.25,7836.25,7836.5,7836.0,7836.0,55
2026-09-21 22:05:00-04:00,7835.5,7835.5,7836.5,7835.5,7836.5,142
2026-09-21 22:06:00-04:00,7836.25,7836.25,7836.25,7835.5,7835.5,56
2026-09-21 22:07:00-04:00,7835.25,7835.25,7836.25,7835.25,7836.25,106
2026-09-21 22:08:00-04:00,7835.5,7835.5,7835.75,7835.25,7835.5,77
2026-09-21 22:09:00-04:00,7835.0,7835.0,7835.5,7835.0,7835.5,85
2026-09-21 22:10:00-04:00,7833.75,7833.75,7835.25,7833.75,7835.25,121
2026-09-21 22:11:00-04:00,7834.5,7834.5,7834.75,7833.75,7833.75,83
2026-09-21 22:12:00-04:00,7834.5,7834.5,7834.5,7834.0,7834.5,59
2026-09-21 22:13:00-04:00,7834.0,7834.0,7834.5,7834.0,7834.5,68
2026-09-21 22:14:00-04:00,7834.25,7834.25,7834.25,7833.75,7834.0,33
2026-09-21 22:15:00-04:00,7834.5,7834.5,7834.5,7834.25,7834.25,87
2026-09-21 22:16:00-04:00,7834.5,7834.5,7834.75,7834.0,7834.25,111
2026-09-21 22:17:00-04:00,7834.25,7834.25,7834.5,7834.0,7834.5,135
2026-09-21 22:18:00-04:00,7834.0,7834.0,7834.5,7833.5,7834.25,116
2026-09-21 22:19:00-04:00,7834.25,7834.25,7834.25,7834.0,7834.0,95
2026-09-21 22:20:00-04:00,7834.5,7834.5,7834.75,7834.25,7834.25,85
2026-09-21 22:21:00-04:00,7834.5,7834.5,7834.75,7834.25,7834.5,100
2026-09-21 22:22:00-04:00,7835.5,7835.5,7836.0,7834.75,7834.75,139
2026-09-21 22:23:00-04:00,7834.75,7834.75,7835.5,7834.75,7835.25,118
2026-09-21 22:24:00-04:00,7835.0,7835.0,7835.25,7834.75,7834.75,110
2026-09-21 22:25:00-04:00,7835.0,7835.0,7835.25,7834.75,7835.0,45
2026-09-21 22:26:00-04:00,7835.0,7835.0,7835.25,7835.0,7835.25,118
2026-09-21 22:27:00-04:00,7835.25,7835.25,7835.5,7835.0,7835.0,33
2026-09-21 22:28:00-04:00,7835.5,7835.5,7835.75,7835.25,7835.25,100
2026-09-21 22:29:00-04:00,7835.25,7835.25,7835.5,7835.25,7835.5,23
2026-09-21 22:30:00-04:00,7834.0,7834.0,7835.5,7833.5,7835.5,219
2026-09-21 22:31:00-04:00,7833.5,7833.5,7834.0,7833.5,7834.0,111
2026-09-21 22:32:00-04:00,7833.75,7833.75,7834.0,7833.5,7833.5,88
2026-09-21 22:33:00-04:00,7833.75,7833.75,7834.25,7833.75,7834.0,65
2026-09-21 22:34:00-04:00,7834.25,7834.25,7834.25,7833.5,7833.75,74
2026-09-21 22:35:00-04:00,7834.25,7834.25,7834.25,7834.0,7834.0,83
2026-09-21 22:36:00-04:00,7834.5,7834.5,7834.75,7834.0,7834.25,72
2026-09-21 22:37:00-04:00,7834.5,7834.5,7834.75,7834.0,7834.5,133
2026-09-21 22:38:00-04:00,7835.0,7835.0,7835.25,7834.25,7834.25,163
2026-09-21 22:39:00-04:00,7835.25,7835.25,7835.5,7835.0,7835.0,65
2026-09-21 22:40:00-04:00,7835.5,7835.5,7836.0,7835.25,7835.25,140
2026-09-21 22:41:00-04:00,7835.5,7835.5,7835.5,7834.5,7835.5,94
2026-09-21 22:42:00-04:00,7836.0,7836.0,7836.0,7835.25,7835.5,77
2026-09-21 22:43:00-04:00,7835.75,7835.75,7836.0,7835.5,7835.75,21
2026-09-21 22:44:00-04:00,7835.25,7835.25,7835.5,7835.25,7835.5,37
2026-09-21 22:45:00-04:00,7834.75,7834.75,7835.25,7834.75,7835.25,61
2026-09-21 22:46:00-04:00,7834.75,7834.75,7834.75,7834.75,7834.75,37
2026-09-21 22:47:00-04:00,7834.75,7834.75,7835.0,7834.75,7834.75,21
2026-09-21 22:48:00-04:00,7835.25,7835.25,7835.5,7834.75,7834.75,42
2026-09-21 22:49:00-04:00,7835.0,7835.0,7835.25,7835.0,7835.25,73
2026-09-21 22:50:00-04:00,7835.0,7835.0,7835.0,7834.75,7834.75,99
2026-09-21 22:51:00-04:00,7834.75,7834.75,7835.25,7834.75,7835.0,69
2026-09-21 22:52:00-04:00,7834.75,7834.75,7835.25,7834.75,7834.75,38
2026-09-21 22:53:00-04:00,7835.0,7835.0,7835.0,7834.25,7834.75,130
2026-09-21 22:54:00-04:00,7835.25,7835.25,7835.25,7834.75,7835.0,35
2026-09-21 22:55:00-04:00,7834.0,7834.0,7834.75,7834.0,7834.75,111
2026-09-21 22:56:00-04:00,7834.75,7834.75,7835.0,7834.25,7834.25,78
2026-09-21 22:57:00-04:00,7835.0,7835.0,7835.0,7834.75,7834.75,19
2026-09-21 22:58:00-04:00,7834.75,7834.75,7835.25,7834.75,7834.75,53
2026-09-21 22:59:00-04:00,7834.75,7834.75,7835.0,7834.75,7835.0,107
2026-09-21 23:00:00-04:00,7834.25,7834.25,7834.75,7834.25,7834.75,120
2026-09-21 23:01:00-04:00,7833.5,7833.5,7834.5,7833.25,7834.5,300
2026-09-21 23:02:00-04:00,7833.5,7833.5,7833.75,7833.5,7833.75,23
2026-09-21 23:03:00-04:00,7834.25,7834.25,7834.25,7833.75,7833.75,145
2026-09-21 23:04:00-04:00,7834.0,7834.0,7834.0,7833.75,7834.0,94
2026-09-21 23:05:00-04:00,7833.75,7833.75,7834.0,7833.75,7834.0,33
2026-09-21 23:06:00-04:00,7833.75,7833.75,7834.0,7833.75,7833.75,57
2026-09-21 23:07:00-04:00,7833.25,7833.25,7834.0,7833.25,7833.75,185
2026-09-21 23:08:00-04:00,7833.5,7833.5,7833.75,7833.5,7833.5,90
2026-09-21 23:09:00-04:00,7833.0,7833.0,7833.5,7832.5,7833.5,267
2026-09-21 23:10:00-04:00,7832.75,7832.75,7833.0,7832.75,7833.0,130
2026-09-21 23:11:00-04:00,7833.25,7833.25,7833.25,7833.0,7833.0,41
2026-09-21 23:12:00-04:00,7833.5,7833.5,7833.5,7833.0,7833.25,84
2026-09-21 23:13:00-04:00,7833.25,7833.25,7833.5,7833.25,7833.5,70
2026-09-21 23:14:00-04:00,7834.0,7834.0,7834.0,7833.25,7833.25,137
2026-09-21 23:15:00-04:00,7835.0,7835.0,7835.0,7834.0,7834.0,101
2026-09-21 23:16:00-04:00,7834.25,7834.25,7835.0,7834.0,7835.0,144
2026-09-21 23:17:00-04:00,7834.5,7834.5,7834.5,7834.25,7834.25,63
2026-09-21 23:18:00-04:00,7834.5,7834.5,7834.75,7834.5,7834.5,19
2026-09-21 23:19:00-04:00,7834.25,7834.25,7834.5,7833.75,7834.5,113
2026-09-21 23:20:00-04:00,7834.25,7834.25,7834.75,7834.0,7834.5,69
2026-09-21 23:21:00-04:00,7834.5,7834.5,7834.5,7834.25,7834.25,56
2026-09-21 23:22:00-04:00,7834.75,7834.75,7834.75,7834.0,7834.25,110
2026-09-21 23:23:00-04:00,7834.25,7834.25,7834.5,7834.25,7834.5,37
2026-09-21 23:24:00-04:00,7834.0,7834.0,7834.5,7834.0,7834.5,88
2026-09-21 23:25:00-04:00,7834.25,7834.25,7834.25,7834.0,7834.0,42
2026-09-21 23:26:00-04:00,7834.25,7834.25,7834.25,7834.25,7834.25,5
2026-09-21 23:27:00-04:00,7834.5,7834.5,7834.5,7834.0,7834.25,52
2026-09-21 23:28:00-04:00,7834.0,7834.0,7834.5,7834.0,7834.5,43
2026-09-21 23:29:00-04:00,7834.0,7834.0,7834.25,7834.0,7834.0,59
2026-09-21 23:30:00-04:00,7833.75,7833.75,7834.25,7833.75,7834.25,65
2026-09-21 23:31:00-04:00,7833.5,7833.5,7833.75,7833.5,7833.75,33
2026-09-21 23:32:00-04:00,7833.25,7833.25,7833.75,7833.25,7833.75,89
2026-09-21 23:33:00-04:00,7834.25,7834.25,7834.25,7833.5,7833.5,47
2026-09-21 23:34:00-04:00,7834.25,7834.25,7834.25,7834.0,7834.0,56
2026-09-21 23:35:00-04:00,7834.75,7834.75,7835.0,7834.5,7834.5,80
2026-09-21 23:36:00-04:00,7835.25,7835.25,7835.5,7835.0,7835.0,147
2026-09-21 23:37:00-04:00,7835.0,7835.0,7835.5,7835.0,7835.25,90
2026-09-21 23:38:00-04:00,7835.25,7835.25,7835.25,7835.0,7835.0,36
2026-09-21 23:39:00-04:00,7834.5,7834.5,7835.5,7834.5,7835.25,65
2026-09-21 23:40:00-04:00,7834.0,7834.0,7834.75,7834.0,7834.5,89
2026-09-21 23:41:00-04:00,7834.5,7834.5,7834.75,7834.0,7834.0,177
2026-09-21 23:42:00-04:00,7834.75,7834.75,7834.75,7834.5,7834.5,47
2026-09-21 23:43:00-04:00,7833.75,7833.75,7834.5,7833.75,7834.5,45
2026-09-21 23:44:00-04:00,7833.5,7833.5,7834.0,7833.5,7834.0,93
2026-09-21 23:45:00-04:00,7833.5,7833.5,7833.75,7833.0,7833.75,97
2026-09-21 23:46:00-04:00,7833.0,7833.0,7833.25,7832.75,7833.25,108
2026-09-21 23:47:00-04:00,7833.0,7833.0,7833.25,7832.75,7833.0,31
2026-09-21 23:48:00-04:00,7833.5,7833.5,7833.5,7833.25,7833.25,19
2026-09-21 23:49:00-04:00,7833.75,7833.75,7833.75,7833.5,7833.5,17
2026-09-21 23:50:00-04:00,7833.25,7833.25,7833.75,7833.25,7833.75,39
2026-09-21 23:51:00-04:00,7833.5,7833.5,7833.5,7833.25,7833.25,18
2026-09-21 23:52:00-04:00,7833.25,7833.25,7833.75,7833.0,7833.5,55
2026-09-21 23:53:00-04:00,7833.5,7833.5,7833.5,7833.25,7833.25,29
2026-09-21 23:54:00-04:00,7833.0,7833.0,7833.5,7832.75,7833.5,115
2026-09-21 23:55:00-04:00,7833.0,7833.0,7833.0,7832.5,7832.75,115
2026-09-21 23:56:00-04:00,7832.75,7832.75,7833.0,7831.0,7833.0,356
2026-09-21 23:57:00-04:00,7833.25,7833.25,7833.25,7832.5,7832.75,187
2026-09-21 23:58:00-04:00,7833.25,7833.25,7833.5,7833.0,7833.25,58
2026-09-22 00:09:00-04:00,7833.0,7833.0,7833.25,7832.75,7833.25,115
2026-09-22 00:10:00-04:00,7833.5,7833.5,7833.5,7832.5,7832.75,500
2026-09-22 00:11:00-04:00,7834.75,7834.75,7835.0,7833.5,7833.5,298
2026-09-22 00:12:00-04:00,7834.25,7834.25,7835.0,7834.25,7834.75,137
2026-09-22 00:13:00-04:00,7834.25,7834.25,7834.5,7834.0,7834.5,94
2026-09-22 00:14:00-04:00,7834.25,7834.25,7834.25,7834.0,7834.0,37
2026-09-22 00:15:00-04:00,7834.0,7834.0,7834.5,7834.0,7834.0,86
2026-09-22 00:16:00-04:00,7834.0,7834.0,7834.25,7834.0,7834.0,89
2026-09-22 00:17:00-04:00,7833.5,7833.5,7834.0,7833.5,7833.75,212
2026-09-22 00:18:00-04:00,7833.5,7833.5,7833.5,7833.0,7833.25,286
2026-09-22 00:19:00-04:00,7833.25,7833.25,7833.5,7833.25,7833.5,254
2026-09-22 00:20:00-04:00,7833.25,7833.25,7833.25,7833.0,7833.25,100
2026-09-22 00:21:00-04:00,7833.25,7833.25,7833.5,7833.0,7833.0,56
2026-09-22 00:22:00-04:00,7833.5,7833.5,7833.75,7833.25,7833.25,48
2026-09-22 00:23:00-04:00,7833.75,7833.75,7833.75,7833.25,7833.5,70
2026-09-22 00:24:00-04:00,7834.25,7834.25,7834.25,7833.75,7834.0,129
2026-09-22 00:25:00-04:00,7834.0,7834.0,7834.25,7833.75,7834.25,54
2026-09-22 00:26:00-04:00,7834.5,7834.5,7834.75,7834.0,7834.0,95
2026-09-22 00:27:00-04:00,7834.5,7834.5,7834.5,7834.25,7834.5,53
2026-09-22 00:28:00-04:00,7834.5,7834.5,7834.75,7834.5,7834.5,67
2026-09-22 00:29:00-04:00,7834.5,7834.5,7835.5,7834.5,7834.75,198
2026-09-22 00:30:00-04:00,7835.75,7835.75,7835.75,7834.75,7834.75,114
2026-09-22 00:31:00-04:00,7835.5,7835.5,7836.0,7835.5,7835.5,102
2026-09-22 00:32:00-04:00,7835.0,7835.0,7835.5,7835.0,7835.5,72
2026-09-22 00:33:00-04:00,7835.25,7835.25,7835.25,7834.75,7835.0,90
2026-09-22 00:34:00-04:00,7835.0,7835.0,7835.25,7835.0,7835.25,125
2026-09-22 00:35:00-04:00,7835.0,7835.0,7835.0,7834.75,7835.0,95
2026-09-22 00:36:00-04:00,7835.0,7835.0,7835.5,7835.0,7835.0,39
2026-09-22 00:37:00-04:00,7835.75,7835.75,7835.75,7834.75,7835.0,116
2026-09-22 00:38:00-04:00,7835.75,7835.75,7836.0,7835.75,7835.75,74
2026-09-22 00:39:00-04:00,7835.25,7835.25,7835.5,7835.25,7835.5,31
2026-09-22 00:40:00-04:00,7835.0,7835.0,7835.25,7834.75,7835.25,67
2026-09-22 00:41:00-04:00,7835.5,7835.5,7835.5,7834.75,7834.75,60
2026-09-22 00:42:00-04:00,7836.25,7836.25,7836.25,7835.5,7835.5,98
2026-09-22 00:43:00-04:00,7835.75,7835.75,7836.5,7835.5,7836.25,88
2026-09-22 00:44:00-04:00,7835.0,7835.0,7835.75,7835.0,7835.75,76
2026-09-22 00:45:00-04:00,7835.25,7835.25,7835.5,7834.75,7835.0,108
2026-09-22 00:46:00-04:00,7834.75,7834.75,7835.25,7834.75,7835.25,59
2026-09-22 00:47:00-04:00,7834.5,7834.5,7835.0,7834.5,7835.0,119
2026-09-22 00:48:00-04:00,7834.5,7834.5,7834.5,7834.25,7834.25,74
2026-09-22 00:49:00-04:00,7834.25,7834.25,7834.5,7834.25,7834.5,26
2026-09-22 00:50:00-04:00,7833.5,7833.5,7834.5,7833.5,7834.5,343
2026-09-22 00:51:00-04:00,7834.25,7834.25,7834.25,7833.75,7833.75,57
2026-09-22 00:52:00-04:00,7834.25,7834.25,7834.25,7833.75,7834.25,68
2026-09-22 00:53:00-04:00,7834.0,7834.0,7834.25,7834.0,7834.25,47
2026-09-22 00:54:00-04:00,7834.0,7834.0,7834.25,7833.75,7833.75,52
2026-09-22 00:55:00-04:00,7834.25,7834.25,7834.75,7834.25,7834.25,50
2026-09-22 00:56:00-04:00,7834.5,7834.5,7834.5,7834.0,7834.25,80
2026-09-22 00:57:00-04:00,7834.25,7834.25,7834.5,7834.0,7834.5,66
2026-09-22 00:58:00-04:00,7834.0,7834.0,7834.25,7834.0,7834.25,55
2026-09-22 00:59:00-04:00,7834.25,7834.25,7834.5,7834.0,7834.25,30
2026-09-22 01:00:00-04:00,7833.75,7833.75,7834.25,7833.5,7834.25,225
2026-09-22 01:01:00-04:00,7833.75,7833.75,7834.0,7833.5,7833.75,96
2026-09-22 01:02:00-04:00,7834.0,7834.0,7834.0,7833.75,7833.75,68
2026-09-22 01:03:00-04:00,7833.5,7833.5,7834.25,7832.75,7834.0,336
2026-09-22 01:04:00-04:00,7833.5,7833.5,7834.0,7833.25,7833.25,92
2026-09-22 01:05:00-04:00,7833.5,7833.5,7833.75,7833.5,7833.5,47
2026-09-22 01:06:00-04:00,7833.75,7833.75,7834.0,7833.75,7833.75,62
2026-09-22 01:07:00-04:00,7833.75,7833.75,7834.25,7833.75,7834.0,102
2026-09-22 01:08:00-04:00,7833.5,7833.5,7833.75,7833.5,7833.75,73
2026-09-22 01:09:00-04:00,7833.0,7833.0,7833.5,7832.75,7833.5,137
2026-09-22 01:10:00-04:00,7833.25,7833.25,7833.25,7832.75,7833.0,114
2026-09-22 01:11:00-04:00,7833.25,7833.25,7833.5,7833.25,7833.25,30
2026-09-22 01:12:00-04:00,7833.5,7833.5,7833.5,7833.25,7833.5,30
2026-09-22 01:13:00-04:00,7834.0,7834.0,7834.0,7833.5,7833.75,108
2026-09-22 01:14:00-04:00,7834.0,7834.0,7834.25,7833.75,7834.0,73
2026-09-22 01:15:00-04:00,7833.5,7833.5,7834.25,7833.5,7834.25,50
2026-09-22 01:16:00-04:00,7833.5,7833.5,7833.75,7833.25,7833.5,195
2026-09-22 01:17:00-04:00,7833.25,7833.25,7833.25,7833.0,7833.25,103
2026-09-22 01:18:00-04:00,7832.75,7832.75,7833.5,7832.75,7833.5,170
2026-09-22 01:19:00-04:00,7833.0,7833.0,7833.0,7832.5,7832.75,202
2026-09-22 01:20:00-04:00,7833.0,7833.0,7833.25,7832.75,7833.0,68
2026-09-22 01:21:00-04:00,7834.25,7834.25,7834.5,7833.0,7833.25,159
2026-09-22 01:22:00-04:00,7834.25,7834.25,7835.0,7834.25,7834.25,156
2026-09-22 01:23:00-04:00,7834.0,7834.0,7834.5,7834.0,7834.25,165
2026-09-22 01:24:00-04:00,7833.25,7833.25,7834.0,7833.0,7834.0,550
2026-09-22 01:25:00-04:00,7833.25,7833.25,7833.75,7833.0,7833.0,171
2026-09-22 01:26:00-04:00,7833.5,7833.5,7833.5,7833.0,7833.25,134
2026-09-22 01:27:00-04:00,7832.75,7832.75,7833.5,7832.75,7833.5,112
2026-09-22 01:28:00-04:00,7833.5,7833.5,7833.5,7833.0,7833.0,101
2026-09-22 01:29:00-04:00,7833.5,7833.5,7834.0,7833.5,7833.75,104
2026-09-22 01:30:00-04:00,7833.0,7833.0,7833.75,7833.0,7833.75,203
2026-09-22 01:31:00-04:00,7832.5,7832.5,7832.75,7832.25,7832.75,289
2026-09-22 01:32:00-04:00,7833.0,7833.0,7833.0,7832.25,7832.5,98
2026-09-22 01:33:00-04:00,7834.0,7834.0,7834.0,7833.0,7833.0,126
2026-09-22 01:34:00-04:00,7834.25,7834.25,7834.5,7833.75,7834.0,65
2026-09-22 01:35:00-04:00,7835.0,7835.0,7835.5,7834.5,7834.5,140
2026-09-22 01:36:00-04:00,7834.75,7834.75,7835.25,7834.5,7834.75,88
2026-09-22 01:37:00-04:00,7835.5,7835.5,7835.75,7835.0,7835.0,137
2026-09-22 01:38:00-04:00,7835.5,7835.5,7835.5,7835.25,7835.5,79
2026-09-22 01:39:00-04:00,7836.25,7836.25,7836.25,7835.5,7835.5,101
2026-09-22 01:40:00-04:00,7836.5,7836.5,7836.5,7836.0,7836.25,126
2026-09-22 01:41:00-04:00,7836.25,7836.25,7837.25,7836.25,7836.75,188
2026-09-22 01:42:00-04:00,7836.75,7836.75,7836.75,7836.0,7836.5,83
2026-09-22 01:43:00-04:00,7836.5,7836.5,7836.75,7836.25,7836.5,85
2026-09-22 01:44:00-04:00,7837.0,7837.0,7837.0,7836.5,7836.5,102
2026-09-22 01:45:00-04:00,7837.75,7837.75,7838.0,7837.0,7837.0,173
2026-09-22 01:46:00-04:00,7838.75,7838.75,7838.75,7837.75,7837.75,118
2026-09-22 01:47:00-04:00,7839.25,7839.25,7839.25,7838.5,7838.5,187
2026-09-22 01:48:00-04:00,7838.25,7838.25,7839.5,7838.25,7839.25,317
2026-09-22 01:49:00-04:00,7839.0,7839.0,7839.0,7838.0,7838.25,109
2026-09-22 01:50:00-04:00,7838.0,7838.0,7839.25,7837.75,7839.25,175
2026-09-22 01:51:00-04:00,7838.75,7838.75,7838.75,7838.0,7838.25,175
2026-09-22 01:52:00-04:00,7838.25,7838.25,7839.0,7838.0,7839.0,60
2026-09-22 01:53:00-04:00,7838.5,7838.5,7838.5,7838.25,7838.5,85
2026-09-22 01:54:00-04:00,7838.25,7838.25,7838.75,7838.25,7838.5,88
2026-09-22 01:55:00-04:00,7838.25,7838.25,7838.25,7837.75,7838.0,74
2026-09-22 01:56:00-04:00,7838.5,7838.5,7839.0,7838.25,7838.25,77
2026-09-22 01:57:00-04:00,7838.75,7838.75,7838.75,7838.5,7838.5,71
2026-09-22 01:58:00-04:00,7838.5,7838.5,7838.75,7838.5,7838.75,32
2026-09-22 01:59:00-04:00,7838.25,7838.25,7838.75,7838.25,7838.5,136
2026-09-22 02:00:00-04:00,7837.5,7837.5,7838.25,7836.5,7838.25,369
2026-09-22 02:01:00-04:00,7836.5,7836.5,7837.5,7836.25,7837.5,362
2026-09-22 02:02:00-04:00,7835.25,7835.25,7836.5,7835.0,7836.5,336
2026-09-22 02:03:00-04:00,7834.75,7834.75,7835.25,7834.25,7835.25,357
2026-09-22 02:04:00-04:00,7835.0,7835.0,7836.0,7834.75,7834.75,397
2026-09-22 02:05:00-04:00,7835.75,7835.75,7835.75,7834.25,7834.75,259
2026-09-22 02:06:00-04:00,7835.75,7835.75,7836.25,7835.75,7835.75,130
2026-09-22 02:07:00-04:00,7835.75,7835.75,7836.0,7835.5,7835.75,139
2026-09-22 02:08:00-04:00,7836.25,7836.25,7836.25,7835.5,7835.75,211
2026-09-22 02:09:00-04:00,7837.0,7837.0,7837.0,7836.0,7836.25,154
2026-09-22 02:10:00-04:00,7837.5,7837.5,7837.75,7836.75,7836.75,242
2026-09-22 02:11:00-04:00,7837.0,7837.0,7837.5,7836.25,7837.5,181
2026-09-22 02:12:00-04:00,7836.75,7836.75,7837.0,7836.5,7837.0,141
2026-09-22 02:13:00-04:00,7836.0,7836.0,7836.75,7836.0,7836.75,189
2026-09-22 02:14:00-04:00,7837.0,7837.0,7837.0,7835.75,7836.0,226
2026-09-22 02:15:00-04:00,7837.5,7837.5,7837.75,7836.5,7836.75,243
2026-09-22 02:16:00-04:00,7836.75,7836.75,7837.75,7836.5,7837.75,120
2026-09-22 02:17:00-04:00,7836.5,7836.5,7837.0,7836.25,7836.75,181
2026-09-22 02:18:00-04:00,7836.0,7836.0,7836.75,7836.0,7836.75,75
2026-09-22 02:19:00-04:00,7835.25,7835.25,7836.0,7835.25,7836.0,133
2026-09-22 02:20:00-04:00,7834.75,7834.75,7835.75,7834.75,7835.25,177
2026-09-22 02:21:00-04:00,7834.75,7834.75,7835.25,7833.75,7834.75,307
2026-09-22 02:22:00-04:00,7835.5,7835.5,7836.25,7835.0,7835.0,144
2026-09-22 02:23:00-04:00,7835.5,7835.5,7835.75,7835.25,7835.5,81
2026-09-22 02:24:00-04:00,7834.75,7834.75,7835.5,7834.75,7835.5,144
2026-09-22 02:25:00-04:00,7835.25,7835.25,7835.5,7834.75,7834.75,133
2026-09-22 02:26:00-04:00,7835.25,7835.25,7836.0,7835.0,7835.5,102
2026-09-22 02:27:00-04:00,7835.25,7835.25,7835.25,7834.75,7835.0,79
2026-09-22 02:28:00-04:00,7835.75,7835.75,7835.75,7835.0,7835.25,56
2026-09-22 02:29:00-04:00,7836.75,7836.75,7836.75,7835.75,7835.75,126
2026-09-22 02:30:00-04:00,7836.75,7836.75,7837.0,7836.25,7836.5,197
2026-09-22 02:31:00-04:00,7836.25,7836.25,7837.0,7836.25,7837.0,187
2026-09-22 02:32:00-04:00,7836.5,7836.5,7837.25,7836.25,7836.5,178
2026-09-22 02:33:00-04:00,7836.75,7836.75,7837.0,7836.5,7836.5,120
2026-09-22 02:34:00-04:00,7836.75,7836.75,7837.0,7836.5,7836.5,166
2026-09-22 02:35:00-04:00,7837.75,7837.75,7837.75,7836.75,7836.75,145
2026-09-22 02:36:00-04:00,7838.25,7838.25,7838.5,7837.75,7837.75,92
2026-09-22 02:37:00-04:00,7838.25,7838.25,7838.25,7837.75,7838.25,168
2026-09-22 02:38:00-04:00,7838.0,7838.0,7838.25,7838.0,7838.25,104
2026-09-22 02:39:00-04:00,7837.5,7837.5,7838.25,7836.75,7838.25,243
2026-09-22 02:40:00-04:00,7837.75,7837.75,7837.75,7837.25,7837.5,94
2026-09-22 02:41:00-04:00,7838.0,7838.0,7838.25,7837.75,7837.75,131
2026-09-22 02:42:00-04:00,7837.25,7837.25,7838.25,7837.25,7838.0,180
2026-09-22 02:43:00-04:00,7836.25,7836.25,7837.25,7836.25,7837.25,186
2026-09-22 02:44:00-04:00,7837.0,7837.0,7837.0,7836.25,7836.5,106
2026-09-22 02:45:00-04:00,7837.0,7837.0,7837.0,7836.25,7836.75,199
2026-09-22 02:46:00-04:00,7838.25,7838.25,7838.25,7837.0,7837.0,170
2026-09-22 02:47:00-04:00,7837.5,7837.5,7838.25,7837.5,7838.25,115
2026-09-22 02:48:00-04:00,7838.0,7838.0,7838.0,7837.75,7837.75,70
2026-09-22 02:49:00-04:00,7837.5,7837.5,7838.25,7837.5,7838.0,141
2026-09-22 02:50:00-04:00,7838.0,7838.0,7838.25,7837.5,7837.5,41
2026-09-22 02:51:00-04:00,7837.75,7837.75,7838.0,7837.75,7837.75,44
2026-09-22 02:52:00-04:00,7837.5,7837.5,7838.0,7837.25,7837.75,92
2026-09-22 02:53:00-04:00,7837.0,7837.0,7837.75,7837.0,7837.5,85
2026-09-22 02:54:00-04:00,7836.0,7836.0,7837.0,7836.0,7837.0,161
2026-09-22 02:55:00-04:00,7837.0,7837.0,7837.0,7836.25,7836.25,176
2026-09-22 02:56:00-04:00,7837.25,7837.25,7837.25,7836.75,7836.75,95
2026-09-22 02:57:00-04:00,7837.25,7837.25,7837.75,7837.0,7837.25,100
2026-09-22 02:58:00-04:00,7837.25,7837.25,7837.5,7837.0,7837.25,124
2026-09-22 02:59:00-04:00,7836.25,7836.25,7837.25,7836.0,7837.25,233
2026-09-22 03:00:00-04:00,7836.25,7836.25,7837.75,7836.25,7836.25,709
2026-09-22 03:01:00-04:00,7836.0,7836.0,7836.5,7835.75,7836.5,244
2026-09-22 03:02:00-04:00,7835.5,7835.5,7836.25,7835.5,7836.0,202
2026-09-22 03:03:00-04:00,7834.75,7834.75,7836.0,7834.75,7835.75,336
2026-09-22 03:04:00-04:00,7836.25,7836.25,7836.75,7835.0,7835.0,368
2026-09-22 03:05:00-04:00,7835.75,7835.75,7837.5,7835.5,7836.5,541
2026-09-22 03:06:00-04:00,7834.25,7834.25,7835.75,7834.0,7835.75,300
2026-09-22 03:07:00-04:00,7835.25,7835.25,7835.75,7834.25,7834.25,225
2026-09-22 03:08:00-04:00,7835.5,7835.5,7835.5,7835.0,7835.25,179
2026-09-22 03:09:00-04:00,7836.25,7836.25,7836.25,7835.0,7835.5,393
2026-09-22 03:10:00-04:00,7836.25,7836.25,7836.5,7835.25,7835.75,269
2026-09-22 03:11:00-04:00,7836.0,7836.0,7836.5,7835.5,7836.25,143
2026-09-22 03:12:00-04:00,7836.25,7836.25,7837.0,7836.0,7836.25,272
2026-09-22 03:13:00-04:00,7834.75,7834.75,7836.5,7834.5,7836.5,346
2026-09-22 03:14:00-04:00,7836.0,7836.0,7836.0,7833.75,7835.0,465
2026-09-22 03:15:00-04:00,7836.5,7836.5,7836.5,7835.25,7835.75,284
2026-09-22 03:16:00-04:00,7835.75,7835.75,7837.5,7835.75,7836.5,502
2026-09-22 03:17:00-04:00,7836.5,7836.5,7836.75,7835.75,7835.75,340
2026-09-22 03:18:00-04:00,7836.0,7836.0,7836.5,7835.75,7836.25,226
2026-09-22 03:19:00-04:00,7834.25,7834.25,7836.0,7834.25,7836.0,325
2026-09-22 03:20:00-04:00,7834.75,7834.75,7834.75,7834.25,7834.25,271
2026-09-22 03:21:00-04:00,7835.75,7835.75,7835.75,7834.5,7834.75,197
2026-09-22 03:22:00-04:00,7835.5,7835.5,7836.0,7834.75,7835.75,441
2026-09-22 03:23:00-04:00,7835.75,7835.75,7836.25,7835.25,7835.5,395
2026-09-22 03:24:00-04:00,7835.5,7835.5,7836.5,7835.0,7835.75,460
2026-09-22 03:25:00-04:00,7834.75,7834.75,7835.75,7834.5,7835.5,237
2026-09-22 03:26:00-04:00,7835.0,7835.0,7835.0,7834.5,7835.0,305
2026-09-22 03:27:00-04:00,7835.5,7835.5,7835.75,7834.75,7834.75,256
2026-09-22 03:28:00-04:00,7835.5,7835.5,7835.75,7835.25,7835.5,227
2026-09-22 03:29:00-04:00,7835.0,7835.0,7835.75,7834.75,7835.5,246
2026-09-22 03:30:00-04:00,7834.25,7834.25,7835.25,7834.0,7835.25,483
2026-09-22 03:31:00-04:00,7834.5,7834.5,7834.5,7834.0,7834.5,444
2026-09-22 03:32:00-04:00,7834.0,7834.0,7835.0,7834.0,7834.5,498
2026-09-22 03:33:00-04:00,7833.0,7833.0,7834.0,7832.75,7833.75,319
2026-09-22 03:34:00-04:00,7833.0,7833.0,7834.25,7832.75,7833.25,464
2026-09-22 03:35:00-04:00,7832.5,7832.5,7833.25,7832.5,7833.25,423
2026-09-22 03:36:00-04:00,7832.75,7832.75,7833.0,7832.5,7832.5,223
2026-09-22 03:37:00-04:00,7832.75,7832.75,7832.75,7832.25,7832.75,260
2026-09-22 03:38:00-04:00,7832.25,7832.25,7833.0,7832.0,7833.0,534
2026-09-22 03:39:00-04:00,7832.5,7832.5,7832.5,7831.75,7832.0,211
2026-09-22 03:40:00-04:00,7831.75,7831.75,7832.75,7831.75,7832.25,242
2026-09-22 03:41:00-04:00,7832.75,7832.75,7832.75,7831.75,7831.75,243
2026-09-22 03:42:00-04:00,7832.25,7832.25,7832.75,7832.25,7832.5,131
2026-09-22 03:43:00-04:00,7831.75,7831.75,7832.25,7831.5,7832.25,227
2026-09-22 03:44:00-04:00,7832.25,7832.25,7832.5,7831.75,7832.0,211
2026-09-22 03:45:00-04:00,7831.75,7831.75,7832.75,7831.5,7832.5,216
2026-09-22 03:46:00-04:00,7831.5,7831.5,7832.5,7831.5,7831.75,285
2026-09-22 03:47:00-04:00,7829.75,7829.75,7831.75,7829.75,7831.5,919
2026-09-22 03:48:00-04:00,7830.0,7830.0,7830.0,7829.25,7829.75,526
2026-09-22 03:49:00-04:00,7829.75,7829.75,7831.0,7829.75,7830.25,320
2026-09-22 03:50:00-04:00,7829.5,7829.5,7830.25,7829.25,7829.75,383
2026-09-22 03:51:00-04:00,7828.5,7828.5,7829.75,7828.25,7829.5,406
2026-09-22 03:52:00-04:00,7829.25,7829.25,7829.5,7828.75,7828.75,427
2026-09-22 03:53:00-04:00,7828.75,7828.75,7829.5,7828.25,7829.25,365
2026-09-22 03:54:00-04:00,7828.25,7828.25,7829.0,7827.5,7828.75,620
2026-09-22 03:55:00-04:00,7828.5,7828.5,7828.75,7827.75,7828.0,489
2026-09-22 03:56:00-04:00,7828.5,7828.5,7829.25,7828.5,7828.75,385
2026-09-22 03:57:00-04:00,7827.25,7827.25,7828.5,7827.25,7828.25,595
2026-09-22 03:58:00-04:00,7827.0,7827.0,7827.75,7826.75,7827.25,634
2026-09-22 03:59:00-04:00,7826.5,7826.5,7827.5,7826.5,7827.25,667
2026-09-22 04:00:00-04:00,7825.5,7825.5,7826.75,7824.5,7826.5,1623
2026-09-22 04:01:00-04:00,7824.75,7824.75,7825.75,7824.0,7825.5,796
2026-09-22 04:02:00-04:00,7825.5,7825.5,7826.0,7824.5,7824.75,923
2026-09-22 04:03:00-04:00,7824.0,7824.0,7825.5,7823.5,7825.5,790
2026-09-22 04:04:00-04:00,7823.0,7823.0,7824.25,7822.75,7824.25,734
2026-09-22 04:05:00-04:00,7824.75,7824.75,7825.5,7822.25,7823.0,914
2026-09-22 04:06:00-04:00,7822.75,7822.75,7824.5,7822.5,7824.5,592
2026-09-22 04:07:00-04:00,7824.0,7824.0,7824.0,7822.25,7822.75,630
2026-09-22 04:08:00-04:00,7823.25,7823.25,7824.0,7822.75,7824.0,418
2026-09-22 04:09:00-04:00,7823.0,7823.0,7823.75,7822.0,7823.5,709
2026-09-22 04:10:00-04:00,7822.5,7822.5,7823.25,7822.0,7823.0,581
2026-09-22 04:11:00-04:00,7822.25,7822.25,7822.5,7821.75,7822.25,452
2026-09-22 04:12:00-04:00,7822.0,7822.0,7823.0,7822.0,7822.25,535
2026-09-22 04:13:00-04:00,7821.25,7821.25,7822.25,7821.0,7822.0,585
2026-09-22 04:14:00-04:00,7820.25,7820.25,7821.75,7820.25,7821.5,584
2026-09-22 04:15:00-04:00,7818.5,7818.5,7820.5,7818.25,7820.5,997
2026-09-22 04:16:00-04:00,7818.0,7818.0,7818.5,7817.25,7818.5,692
2026-09-22 04:17:00-04:00,7816.75,7816.75,7818.0,7816.5,7818.0,722
2026-09-22 04:18:00-04:00,7816.5,7816.5,7817.0,7816.25,7816.5,1054
2026-09-22 04:19:00-04:00,7819.0,7819.0,7819.0,7816.75,7816.75,1068
2026-09-22 04:20:00-04:00,7816.5,7816.5,7819.25,7816.5,7819.0,597
2026-09-22 04:21:00-04:00,7817.25,7817.25,7817.5,7816.75,7816.75,513
2026-09-22 04:22:00-04:00,7815.75,7815.75,7817.25,7815.75,7817.0,469
2026-09-22 04:23:00-04:00,7817.25,7817.25,7817.5,7815.0,7815.75,738
2026-09-22 04:24:00-04:00,7817.0,7817.0,7818.0,7816.5,7817.0,693
2026-09-22 04:25:00-04:00,7814.75,7814.75,7821.75,7814.75,7816.75,2468
2026-09-22 04:26:00-04:00,7814.0,7814.0,7815.75,7813.75,7815.0,969
2026-09-22 04:27:00-04:00,7813.25,7813.25,7814.25,7813.0,7814.0,661
2026-09-22 04:28:00-04:00,7812.5,7812.5,7813.75,7812.5,7813.5,541
2026-09-22 04:29:00-04:00,7813.5,7813.5,7813.75,7812.25,7812.5,629
2026-09-22 04:30:00-04:00,7811.25,7811.25,7813.5,7811.0,7813.5,896
2026-09-22 04:31:00-04:00,7812.5,7812.5,7813.5,7810.75,7811.25,1882
2026-09-22 04:32:00-04:00,7812.25,7812.25,7816.0,7811.75,7812.5,1870
2026-09-22 04:33:00-04:00,7812.25,7812.25,7812.25,7810.5,7812.25,704
2026-09-22 04:34:00-04:00,7813.75,7813.75,7814.0,7811.75,7812.0,542
2026-09-22 04:35:00-04:00,7815.5,7815.5,7816.25,7813.5,7813.5,680
2026-09-22 04:36:00-04:00,7818.0,7818.0,7818.25,7813.75,7815.25,1012
2026-09-22 04:37:00-04:00,7818.0,7818.0,7819.0,7817.25,7818.0,900
2026-09-22 04:38:00-04:00,7819.75,7819.75,7820.25,7818.0,7818.25,835
2026-09-22 04:39:00-04:00,7823.25,7823.25,7824.5,7819.75,7820.0,1676
2026-09-22 04:40:00-04:00,7822.5,7822.5,7823.75,7821.25,7823.25,996
2026-09-22 04:41:00-04:00,7826.0,7826.0,7826.0,7822.0,7822.5,895
2026-09-22 04:42:00-04:00,7827.25,7827.25,7829.0,7825.5,7825.75,1128
2026-09-22 04:43:00-04:00,7827.75,7827.75,7828.5,7827.0,7827.0,862
2026-09-22 04:44:00-04:00,7828.5,7828.5,7828.75,7826.25,7827.5,537
2026-09-22 04:45:00-04:00,7828.25,7828.25,7829.25,7827.75,7828.5,812
2026-09-22 04:46:00-04:00,7829.5,7829.5,7830.25,7827.0,7828.25,1055
2026-09-22 04:47:00-04:00,7831.25,7831.25,7832.0,7829.5,7829.5,1306
2026-09-22 04:48:00-04:00,7832.0,7832.0,7832.25,7830.5,7831.0,921
2026-09-22 04:49:00-04:00,7833.5,7833.5,7833.75,7831.5,7832.0,1050
2026-09-22 04:50:00-04:00,7834.5,7834.5,7834.5,7833.0,7833.5,1247
2026-09-22 04:51:00-04:00,7832.75,7832.75,7835.0,7832.75,7834.5,743
2026-09-22 04:52:00-04:00,7834.75,7834.75,7834.75,7832.5,7832.75,724
2026-09-22 04:53:00-04:00,7835.75,7835.75,7836.0,7834.25,7834.75,781
2026-09-22 04:54:00-04:00,7835.0,7835.0,7836.0,7833.5,7835.75,1101
2026-09-22 04:55:00-04:00,7833.75,7833.75,7835.75,7833.75,7834.75,967
2026-09-22 04:56:00-04:00,7835.5,7835.5,7836.0,7833.5,7834.0,708
2026-09-22 04:57:00-04:00,7835.5,7835.5,7835.5,7834.75,7835.5,312
2026-09-22 04:58:00-04:00,7833.25,7833.25,7835.5,7832.5,7835.5,508
2026-09-22 04:59:00-04:00,7833.5,7833.5,7834.5,7833.25,7833.25,478
2026-09-22 05:00:00-04:00,7831.75,7831.75,7834.0,7831.25,7833.25,914
2026-09-22 05:01:00-04:00,7831.5,7831.5,7832.75,7831.0,7831.75,916
2026-09-22 05:02:00-04:00,7833.0,7833.0,7836.25,7831.5,7831.5,1097
2026-09-22 05:03:00-04:00,7830.0,7830.0,7833.0,7830.0,7833.0,536
2026-09-22 05:04:00-04:00,7827.25,7827.25,7830.0,7827.25,7829.75,1181
2026-09-22 05:05:00-04:00,7827.5,7827.5,7828.25,7827.0,7827.25,628
2026-09-22 05:06:00-04:00,7830.5,7830.5,7831.0,7827.5,7827.5,556
2026-09-22 05:07:00-04:00,7829.5,7829.5,7830.25,7828.25,7830.25,898
2026-09-22 05:08:00-04:00,7828.5,7828.5,7830.5,7828.5,7829.5,547
2026-09-22 05:09:00-04:00,7829.0,7829.0,7830.75,7827.75,7828.5,830
2026-09-22 05:10:00-04:00,7829.25,7829.25,7829.75,7828.0,7829.0,446
2026-09-22 05:11:00-04:00,7829.25,7829.25,7831.25,7827.0,7829.25,1589
2026-09-22 05:12:00-04:00,7826.5,7826.5,7829.25,7826.0,7829.25,665
2026-09-22 05:13:00-04:00,7827.5,7827.5,7828.75,7826.5,7826.5,642
2026-09-22 05:14:00-04:00,7827.25,7827.25,7827.75,7826.75,7827.5,312
2026-09-22 05:15:00-04:00,7830.0,7830.0,7830.75,7826.5,7827.0,2281
2026-09-22 05:16:00-04:00,7829.25,7829.25,7830.0,7828.5,7830.0,408
2026-09-22 05:17:00-04:00,7828.0,7828.0,7829.25,7827.75,7829.25,295
2026-09-22 05:18:00-04:00,7827.25,7827.25,7828.75,7827.25,7828.0,364
2026-09-22 05:19:00-04:00,7827.5,7827.5,7828.25,7827.25,7827.25,161
2026-09-22 05:20:00-04:00,7827.5,7827.5,7827.75,7826.75,7827.25,327
2026-09-22 05:21:00-04:00,7827.5,7827.5,7828.25,7827.25,7827.5,230
2026-09-22 05:22:00-04:00,7827.25,7827.25,7828.0,7825.75,7827.5,558
2026-09-22 05:23:00-04:00,7826.75,7826.75,7827.25,7825.5,7827.25,236
2026-09-22 05:24:00-04:00,7826.75,7826.75,7827.5,7826.75,7826.75,181
2026-09-22 05:25:00-04:00,7827.0,7827.0,7827.5,7826.25,7827.0,245
2026-09-22 05:26:00-04:00,7827.5,7827.5,7827.5,7826.5,7827.0,169
2026-09-22 05:27:00-04:00,7827.25,7827.25,7827.75,7827.0,7827.5,239
2026-09-22 05:28:00-04:00,7827.0,7827.0,7827.25,7826.75,7827.25,97
2026-09-22 05:29:00-04:00,7827.0,7827.0,7827.5,7826.75,7827.25,260
2026-09-22 05:30:00-04:00,7828.75,7828.75,7828.75,7827.25,7827.25,311
2026-09-22 05:31:00-04:00,7830.0,7830.0,7830.0,7828.5,7828.5,518
2026-09-22 05:32:00-04:00,7829.25,7829.25,7830.0,7829.25,7829.75,307
2026-09-22 05:33:00-04:00,7828.25,7828.25,7830.0,7827.25,7829.5,1294
2026-09-22 05:34:00-04:00,7829.0,7829.0,7829.5,7828.25,7828.25,282
2026-09-22 05:35:00-04:00,7827.75,7827.75,7829.0,7827.25,7829.0,308
2026-09-22 05:36:00-04:00,7828.0,7828.0,7828.25,7827.25,7827.75,166
2026-09-22 05:37:00-04:00,7828.5,7828.5,7828.75,7827.75,7828.0,234
2026-09-22 05:38:00-04:00,7827.5,7827.5,7828.25,7827.25,7828.25,113
2026-09-22 05:39:00-04:00,7827.75,7827.75,7828.0,7827.0,7827.75,338
2026-09-22 05:40:00-04:00,7828.5,7828.5,7828.5,7827.75,7827.75,173
2026-09-22 05:41:00-04:00,7829.5,7829.5,7830.75,7828.25,7828.25,840
2026-09-22 05:42:00-04:00,7830.0,7830.0,7830.25,7828.75,7829.5,291
2026-09-22 05:43:00-04:00,7831.25,7831.25,7831.75,7830.0,7830.0,343
2026-09-22 05:44:00-04:00,7833.25,7833.25,7833.5,7831.25,7831.25,586
2026-09-22 05:45:00-04:00,7832.5,7832.5,7833.25,7832.25,7833.25,604
2026-09-22 05:46:00-04:00,7832.25,7832.25,7832.5,7831.5,7832.25,328
2026-09-22 05:47:00-04:00,7832.5,7832.5,7833.25,7831.75,7832.0,374
2026-09-22 05:48:00-04:00,7831.75,7831.75,7832.75,7831.5,7832.5,133
2026-09-22 05:49:00-04:00,7832.0,7832.0,7832.25,7831.5,7831.75,209
2026-09-22 05:50:00-04:00,7832.75,7832.75,7832.75,7832.25,7832.25,169
2026-09-22 05:51:00-04:00,7834.0,7834.0,7835.25,7832.75,7832.75,592
2026-09-22 05:52:00-04:00,7837.25,7837.25,7843.0,7832.5,7834.0,5697
2026-09-22 05:53:00-04:00,7838.75,7838.75,7840.25,7833.5,7837.25,3264
2026-09-22 05:54:00-04:00,7838.25,7838.25,7839.5,7835.5,7838.75,1347
2026-09-22 05:55:00-04:00,7834.0,7834.0,7838.0,7833.75,7838.0,1190
2026-09-22 05:56:00-04:00,7836.75,7836.75,7842.25,7833.0,7834.0,3576
2026-09-22 05:57:00-04:00,7834.5,7834.5,7837.0,7833.25,7836.75,1182
2026-09-22 05:58:00-04:00,7838.25,7838.25,7838.25,7834.5,7834.75,506
2026-09-22 05:59:00-04:00,7838.75,7838.75,7839.5,7837.75,7838.25,775
2026-09-22 06:00:00-04:00,7836.25,7836.25,7839.0,7835.5,7838.75,497
2026-09-22 06:01:00-04:00,7835.5,7835.5,7837.25,7835.0,7836.25,746
2026-09-22 06:02:00-04:00,7838.5,7838.5,7839.0,7835.75,7835.75,504
2026-09-22 06:03:00-04:00,7839.75,7839.75,7840.0,7837.75,7838.75,1110
2026-09-22 06:04:00-04:00,7839.25,7839.25,7840.0,7839.0,7839.75,386
2026-09-22 06:05:00-04:00,7839.5,7839.5,7840.5,7839.0,7839.25,678
2026-09-22 06:06:00-04:00,7839.0,7839.0,7839.75,7838.0,7839.5,607
2026-09-22 06:07:00-04:00,7839.75,7839.75,7839.75,7838.5,7838.75,310
2026-09-22 06:08:00-04:00,7840.5,7840.5,7840.5,7839.5,7839.5,350
2026-09-22 06:09:00-04:00,7839.25,7839.25,7840.75,7839.25,7840.75,281
2026-09-22 06:10:00-04:00,7838.75,7838.75,7840.0,7838.5,7839.25,310
2026-09-22 06:11:00-04:00,7837.5,7837.5,7839.5,7837.5,7839.0,492
2026-09-22 06:12:00-04:00,7838.0,7838.0,7839.5,7837.5,7837.5,334
2026-09-22 06:13:00-04:00,7835.75,7835.75,7838.0,7835.0,7838.0,524
2026-09-22 06:14:00-04:00,7837.25,7837.25,7837.5,7836.0,7836.0,367
2026-09-22 06:15:00-04:00,7837.75,7837.75,7838.5,7837.25,7837.25,518
2026-09-22 06:16:00-04:00,7837.75,7837.75,7838.0,7837.25,7837.75,271
2026-09-22 06:17:00-04:00,7837.75,7837.75,7838.25,7837.25,7838.0,383
2026-09-22 06:18:00-04:00,7836.5,7836.5,7837.75,7836.25,7837.75,327
2026-09-22 06:19:00-04:00,7836.5,7836.5,7837.0,7836.0,7836.5,287
2026-09-22 06:20:00-04:00,7836.0,7836.0,7837.25,7835.25,7836.75,446
2026-09-22 06:21:00-04:00,7836.25,7836.25,7836.75,7835.5,7836.0,328
2026-09-22 06:22:00-04:00,7836.25,7836.25,7837.25,7835.75,7836.25,280
2026-09-22 06:23:00-04:00,7835.75,7835.75,7837.0,7835.75,7836.0,322
2026-09-22 06:24:00-04:00,7836.0,7836.0,7836.25,7835.75,7835.75,186
2026-09-22 06:25:00-04:00,7836.0,7836.0,7836.0,7834.75,7835.75,241
2026-09-22 06:26:00-04:00,7836.0,7836.0,7836.75,7835.5,7836.25,261
2026-09-22 06:27:00-04:00,7836.0,7836.0,7836.5,7835.5,7836.0,123
2026-09-22 06:28:00-04:00,7836.75,7836.75,7836.75,7836.0,7836.0,100
2026-09-22 06:29:00-04:00,7836.75,7836.75,7837.75,7836.25,7836.75,167
2026-09-22 06:30:00-04:00,7837.75,7837.75,7838.0,7836.25,7836.75,224
2026-09-22 06:31:00-04:00,7837.0,7837.0,7838.0,7836.5,7837.75,662
2026-09-22 06:32:00-04:00,7837.0,7837.0,7837.25,7836.5,7837.0,107
2026-09-22 06:33:00-04:00,7836.5,7836.5,7837.5,7836.25,7837.0,156
2026-09-22 06:34:00-04:00,7837.0,7837.0,7837.25,7836.75,7836.75,70
2026-09-22 06:35:00-04:00,7836.5,7836.5,7837.0,7836.5,7837.0,83
2026-09-22 06:36:00-04:00,7837.25,7837.25,7837.75,7836.75,7836.75,108
2026-09-22 06:37:00-04:00,7838.25,7838.25,7838.5,7837.25,7837.5,196
2026-09-22 06:38:00-04:00,7838.0,7838.0,7838.5,7838.0,7838.25,115
2026-09-22 06:39:00-04:00,7838.5,7838.5,7838.5,7838.0,7838.0,190
2026-09-22 06:40:00-04:00,7838.25,7838.25,7838.75,7837.75,7838.5,243
2026-09-22 06:41:00-04:00,7839.25,7839.25,7839.5,7838.5,7838.5,250
2026-09-22 06:42:00-04:00,7839.75,7839.75,7839.75,7839.25,7839.5,285
2026-09-22 06:43:00-04:00,7841.0,7841.0,7841.5,7839.75,7839.75,467
2026-09-22 06:44:00-04:00,7840.75,7840.75,7841.5,7840.5,7841.0,202
2026-09-22 06:45:00-04:00,7840.0,7840.0,7841.0,7839.25,7840.75,459
2026-09-22 06:46:00-04:00,7839.25,7839.25,7840.0,7838.75,7840.0,230
2026-09-22 06:47:00-04:00,7840.75,7840.75,7841.0,7839.0,7839.0,306
2026-09-22 06:48:00-04:00,7841.75,7841.75,7841.75,7840.75,7840.75,360
2026-09-22 06:49:00-04:00,7842.5,7842.5,7842.75,7841.5,7841.75,365
2026-09-22 06:50:00-04:00,7843.5,7843.5,7843.75,7842.25,7842.5,233
2026-09-22 06:51:00-04:00,7843.0,7843.0,7843.75,7842.75,7843.5,308
2026-09-22 06:52:00-04:00,7842.25,7842.25,7843.0,7842.25,7843.0,165
2026-09-22 06:53:00-04:00,7843.0,7843.0,7843.0,7842.25,7842.25,205
2026-09-22 06:54:00-04:00,7842.5,7842.5,7843.0,7841.5,7842.75,222
2026-09-22 06:55:00-04:00,7841.25,7841.25,7842.75,7841.0,7842.5,136
2026-09-22 06:56:00-04:00,7841.0,7841.0,7841.25,7840.5,7841.25,190
2026-09-22 06:57:00-04:00,7840.25,7840.25,7841.0,7840.25,7840.75,218
2026-09-22 06:58:00-04:00,7840.75,7840.75,7841.0,7840.25,7840.5,263
2026-09-22 06:59:00-04:00,7838.25,7838.25,7841.0,7838.0,7840.75,438
2026-09-22 07:00:00-04:00,7837.5,7837.5,7839.5,7837.25,7838.25,926
2026-09-22 07:01:00-04:00,7835.25,7835.25,7837.5,7835.25,7837.25,762
2026-09-22 07:02:00-04:00,7836.0,7836.0,7836.5,7835.25,7835.5,277
2026-09-22 07:03:00-04:00,7837.25,7837.25,7837.5,7835.25,7836.0,467
2026-09-22 07:04:00-04:00,7837.75,7837.75,7837.75,7836.5,7837.25,363
2026-09-22 07:05:00-04:00,7836.25,7836.25,7838.25,7836.0,7837.75,466
2026-09-22 07:06:00-04:00,7836.5,7836.5,7837.75,7835.0,7836.25,503
2026-09-22 07:07:00-04:00,7838.5,7838.5,7838.75,7836.75,7836.75,265
2026-09-22 07:08:00-04:00,7837.75,7837.75,7838.75,7837.75,7838.25,94
2026-09-22 07:09:00-04:00,7833.25,7833.25,7838.5,7828.25,7837.5,4308
2026-09-22 07:10:00-04:00,7835.5,7835.5,7835.5,7831.0,7833.5,1128
2026-09-22 07:11:00-04:00,7834.75,7834.75,7835.5,7831.75,7835.5,519
2026-09-22 07:12:00-04:00,7832.25,7832.25,7836.5,7831.5,7835.0,1166
2026-09-22 07:13:00-04:00,7832.0,7832.0,7833.0,7831.0,7832.25,961
2026-09-22 07:14:00-04:00,7833.75,7833.75,7834.25,7831.75,7832.0,389
2026-09-22 07:15:00-04:00,7835.0,7835.0,7835.25,7833.75,7833.75,242
2026-09-22 07:16:00-04:00,7835.0,7835.0,7835.25,7834.5,7835.0,210
2026-09-22 07:17:00-04:00,7835.0,7835.0,7835.5,7834.0,7835.25,243
2026-09-22 07:18:00-04:00,7834.5,7834.5,7835.0,7834.25,7834.75,170
2026-09-22 07:19:00-04:00,7834.5,7834.5,7834.75,7833.75,7834.25,206
2026-09-22 07:20:00-04:00,7834.5,7834.5,7835.25,7833.5,7834.5,321
2026-09-22 07:21:00-04:00,7834.25,7834.25,7835.0,7834.25,7834.5,116
2026-09-22 07:22:00-04:00,7835.0,7835.0,7835.75,7834.25,7834.25,205
2026-09-22 07:23:00-04:00,7836.0,7836.0,7836.25,7835.0,7835.0,197
2026-09-22 07:24:00-04:00,7837.0,7837.0,7837.75,7836.0,7836.0,631
2026-09-22 07:25:00-04:00,7837.25,7837.25,7837.25,7836.25,7837.25,110
2026-09-22 07:26:00-04:00,7837.25,7837.25,7838.25,7836.5,7837.25,436
2026-09-22 07:27:00-04:00,7836.0,7836.0,7837.25,7835.5,7837.0,244
2026-09-22 07:28:00-04:00,7835.75,7835.75,7836.25,7835.25,7836.0,101
2026-09-22 07:29:00-04:00,7835.75,7835.75,7835.75,7835.25,7835.75,79
2026-09-22 07:30:00-04:00,7836.25,7836.25,7836.25,7835.25,7835.75,264
2026-09-22 07:31:00-04:00,7836.0,7836.0,7837.0,7835.75,7836.25,299
2026-09-22 07:32:00-04:00,7837.0,7837.0,7837.5,7836.0,7836.0,215
2026-09-22 07:33:00-04:00,7836.5,7836.5,7837.0,7836.5,7837.0,57
2026-09-22 07:34:00-04:00,7836.5,7836.5,7836.5,7835.75,7836.5,105
2026-09-22 07:35:00-04:00,7838.0,7838.0,7838.0,7836.5,7836.5,167
2026-09-22 07:36:00-04:00,7837.75,7837.75,7838.5,7837.5,7837.75,236
2026-09-22 07:37:00-04:00,7837.5,7837.5,7837.75,7837.5,7837.75,138
2026-09-22 07:38:00-04:00,7838.25,7838.25,7838.25,7837.75,7837.75,171
2026-09-22 07:39:00-04:00,7838.5,7838.5,7840.25,7838.25,7838.5,691
2026-09-22 07:40:00-04:00,7838.25,7838.25,7838.75,7837.25,7838.75,479
2026-09-22 07:41:00-04:00,7839.25,7839.25,7839.5,7837.75,7838.0,349
2026-09-22 07:42:00-04:00,7837.5,7837.5,7839.5,7837.5,7839.25,251
2026-09-22 07:43:00-04:00,7839.25,7839.25,7839.5,7837.75,7837.75,364
2026-09-22 07:44:00-04:00,7839.0,7839.0,7839.5,7837.25,7839.25,556
2026-09-22 07:45:00-04:00,7840.5,7840.5,7842.0,7838.0,7839.0,1300
2026-09-22 07:46:00-04:00,7837.75,7837.75,7840.5,7837.25,7840.25,241
2026-09-22 07:47:00-04:00,7838.5,7838.5,7838.5,7837.0,7837.75,203
2026-09-22 07:48:00-04:00,7838.5,7838.5,7838.75,7838.0,7838.25,72
2026-09-22 07:49:00-04:00,7839.0,7839.0,7839.0,7838.25,7838.75,150
2026-09-22 07:50:00-04:00,7837.75,7837.75,7839.25,7837.75,7839.0,105
2026-09-22 07:51:00-04:00,7838.0,7838.0,7838.0,7837.5,7837.75,133
2026-09-22 07:52:00-04:00,7837.5,7837.5,7838.5,7837.25,7838.0,585
2026-09-22 07:53:00-04:00,7837.25,7837.25,7837.75,7837.25,7837.5,363
2026-09-22 07:54:00-04:00,7836.75,7836.75,7837.5,7836.75,7837.5,133
2026-09-22 07:55:00-04:00,7838.25,7838.25,7839.5,7837.0,7837.0,428
2026-09-22 07:56:00-04:00,7837.25,7837.25,7838.5,7836.75,7838.25,181
2026-09-22 07:57:00-04:00,7837.5,7837.5,7838.75,7837.25,7837.25,308
2026-09-22 07:58:00-04:00,7836.0,7836.0,7837.25,7835.25,7837.25,453
2026-09-22 07:59:00-04:00,7835.5,7835.5,7836.25,7835.5,7836.0,416
2026-09-22 08:00:00-04:00,7835.5,7835.5,7836.25,7835.25,7835.75,407
2026-09-22 08:01:00-04:00,7836.25,7836.25,7836.25,7835.25,7835.5,833
2026-09-22 08:02:00-04:00,7837.0,7837.0,7837.75,7836.0,7836.25,638
2026-09-22 08:03:00-04:00,7839.0,7839.0,7839.0,7837.0,7837.25,326
2026-09-22 08:04:00-04:00,7838.75,7838.75,7839.5,7838.5,7839.0,261
2026-09-22 08:05:00-04:00,7839.0,7839.0,7840.0,7838.75,7838.75,260
2026-09-22 08:06:00-04:00,7838.5,7838.5,7839.25,7837.75,7839.25,249
2026-09-22 08:07:00-04:00,7838.0,7838.0,7838.25,7837.75,7838.25,194
2026-09-22 08:08:00-04:00,7838.25,7838.25,7838.5,7837.25,7838.0,440
2026-09-22 08:09:00-04:00,7835.75,7835.75,7838.5,7834.0,7838.25,1185
2026-09-22 08:10:00-04:00,7837.0,7837.0,7837.25,7836.0,7836.0,536
2026-09-22 08:11:00-04:00,7837.5,7837.5,7837.5,7836.0,7836.75,384
2026-09-22 08:12:00-04:00,7837.5,7837.5,7838.0,7837.25,7837.75,244
2026-09-22 08:13:00-04:00,7838.0,7838.0,7838.0,7837.25,7837.5,199
2026-09-22 08:14:00-04:00,7837.0,7837.0,7838.25,7836.5,7838.0,210
2026-09-22 08:15:00-04:00,7837.25,7837.25,7837.25,7835.75,7837.0,379
2026-09-22 08:16:00-04:00,7836.0,7836.0,7839.0,7836.0,7837.25,440
2026-09-22 08:17:00-04:00,7836.25,7836.25,7836.5,7835.25,7836.0,601
2026-09-22 08:18:00-04:00,7836.25,7836.25,7836.25,7835.25,7836.0,400
2026-09-22 08:19:00-04:00,7836.5,7836.5,7837.25,7835.75,7836.0,348
2026-09-22 08:20:00-04:00,7837.25,7837.25,7837.75,7836.5,7836.5,393
2026-09-22 08:21:00-04:00,7838.0,7838.0,7838.0,7836.75,7837.0,391
2026-09-22 08:22:00-04:00,7838.0,7838.0,7838.5,7837.75,7838.0,233
2026-09-22 08:23:00-04:00,7838.75,7838.75,7838.75,7838.0,7838.0,202
2026-09-22 08:24:00-04:00,7838.25,7838.25,7839.75,7838.25,7838.75,388
2026-09-22 08:25:00-04:00,7838.75,7838.75,7839.5,7838.0,7838.0,426
2026-09-22 08:26:00-04:00,7839.0,7839.0,7839.5,7838.0,7838.5,394
2026-09-22 08:27:00-04:00,7838.5,7838.5,7839.25,7838.5,7839.0,220
2026-09-22 08:28:00-04:00,7839.5,7839.5,7839.5,7838.5,7838.5,245
2026-09-22 08:29:00-04:00,7840.0,7840.0,7840.25,7839.0,7839.5,205
2026-09-22 08:30:00-04:00,7840.0,7840.0,7840.25,7839.25,7840.0,347
2026-09-22 08:31:00-04:00,7841.75,7841.75,7842.0,7839.25,7840.0,938
2026-09-22 08:32:00-04:00,7841.0,7841.0,7842.5,7840.75,7841.75,636
2026-09-22 08:33:00-04:00,7842.25,7842.25,7842.5,7840.75,7841.0,351
2026-09-22 08:34:00-04:00,7841.25,7841.25,7842.75,7841.25,7842.5,398
2026-09-22 08:35:00-04:00,7839.5,7839.5,7841.75,7839.5,7841.5,447
2026-09-22 08:36:00-04:00,7839.75,7839.75,7841.5,7839.75,7839.75,748
2026-09-22 08:37:00-04:00,7839.0,7839.0,7840.0,7838.25,7839.75,440
2026-09-22 08:38:00-04:00,7838.0,7838.0,7839.25,7838.0,7839.0,351
2026-09-22 08:39:00-04:00,7838.0,7838.0,7838.75,7838.0,7838.0,327
2026-09-22 08:40:00-04:00,7840.0,7840.0,7840.5,7838.0,7838.0,400
2026-09-22 08:41:00-04:00,7840.5,7840.5,7840.5,7839.5,7840.0,388
2026-09-22 08:42:00-04:00,7841.25,7841.25,7841.25,7840.0,7840.5,365
2026-09-22 08:43:00-04:00,7840.0,7840.0,7841.5,7840.0,7841.25,325
2026-09-22 08:44:00-04:00,7839.0,7839.0,7840.25,7838.5,7840.25,348
2026-09-22 08:45:00-04:00,7838.5,7838.5,7839.5,7838.0,7839.0,710
2026-09-22 08:46:00-04:00,7838.75,7838.75,7839.5,7838.5,7838.5,299
2026-09-22 08:47:00-04:00,7838.75,7838.75,7839.25,7838.5,7838.5,315
2026-09-22 08:48:00-04:00,7839.5,7839.5,7839.75,7838.5,7838.5,180
2026-09-22 08:49:00-04:00,7838.75,7838.75,7839.25,7838.5,7839.25,306
2026-09-22 08:50:00-04:00,7838.0,7838.0,7839.0,7838.0,7838.75,395
2026-09-22 08:51:00-04:00,7837.25,7837.25,7838.0,7837.25,7837.75,354
2026-09-22 08:52:00-04:00,7836.5,7836.5,7837.5,7835.75,7837.25,456
2026-09-22 08:53:00-04:00,7836.25,7836.25,7837.0,7836.0,7836.25,452
2026-09-22 08:54:00-04:00,7836.75,7836.75,7836.75,7836.25,7836.5,307
2026-09-22 08:55:00-04:00,7836.0,7836.0,7836.75,7835.75,7836.5,406
2026-09-22 08:56:00-04:00,7836.25,7836.25,7836.25,7835.75,7835.75,421
2026-09-22 08:57:00-04:00,7836.75,7836.75,7837.5,7836.0,7836.25,639
2026-09-22 08:58:00-04:00,7836.75,7836.75,7837.75,7836.5,7836.75,688
2026-09-22 08:59:00-04:00,7837.0,7837.0,7837.25,7836.0,7836.5,402
2026-09-22 09:00:00-04:00,7838.5,7838.5,7839.0,7836.5,7837.0,923
2026-09-22 09:01:00-04:00,7839.25,7839.25,7839.5,7837.25,7838.25,895
2026-09-22 09:02:00-04:00,7840.0,7840.0,7840.0,7839.25,7839.25,688
2026-09-22 09:03:00-04:00,7840.0,7840.0,7840.25,7839.0,7840.0,829
2026-09-22 09:04:00-04:00,7839.5,7839.5,7840.5,7839.25,7840.25,372
2026-09-22 09:05:00-04:00,7838.5,7838.5,7839.5,7838.0,7839.5,554
2026-09-22 09:06:00-04:00,7839.5,7839.5,7840.25,7836.75,7838.25,2448
2026-09-22 09:07:00-04:00,7839.5,7839.5,7840.5,7838.75,7839.5,509
2026-09-22 09:08:00-04:00,7841.0,7841.0,7842.0,7839.5,7839.5,835
2026-09-22 09:09:00-04:00,7840.0,7840.0,7841.0,7839.75,7840.75,641
2026-09-22 09:10:00-04:00,7840.0,7840.0,7840.0,7838.75,7840.0,580
2026-09-22 09:11:00-04:00,7840.0,7840.0,7840.25,7839.5,7839.75,297
2026-09-22 09:12:00-04:00,7840.5,7840.5,7840.75,7839.75,7840.0,429
2026-09-22 09:13:00-04:00,7840.25,7840.25,7840.5,7839.5,7840.5,313
2026-09-22 09:14:00-04:00,7841.0,7841.0,7841.25,7840.5,7840.5,550
2026-09-22 09:15:00-04:00,7841.0,7841.0,7841.25,7840.25,7840.75,600
2026-09-22 09:16:00-04:00,7841.75,7841.75,7843.25,7841.25,7841.25,1288
2026-09-22 09:17:00-04:00,7840.25,7840.25,7842.25,7840.0,7842.0,446
2026-09-22 09:18:00-04:00,7840.0,7840.0,7841.25,7839.75,7840.5,502
2026-09-22 09:19:00-04:00,7840.75,7840.75,7840.75,7839.75,7840.0,480
2026-09-22 09:20:00-04:00,7839.5,7839.5,7841.0,7839.0,7840.5,455
2026-09-22 09:21:00-04:00,7840.25,7840.25,7840.5,7839.5,7839.5,376
2026-09-22 09:22:00-04:00,7840.5,7840.5,7840.5,7839.25,7840.5,741
2026-09-22 09:23:00-04:00,7839.5,7839.5,7840.5,7839.25,7840.25,353
2026-09-22 09:24:00-04:00,7839.5,7839.5,7840.25,7839.0,7839.5,461
2026-09-22 09:25:00-04:00,7838.75,7838.75,7839.75,7837.25,7839.25,1462
2026-09-22 09:26:00-04:00,7838.75,7838.75,7839.25,7838.0,7838.75,725
2026-09-22 09:27:00-04:00,7838.5,7838.5,7838.75,7837.5,7838.75,1078
2026-09-22 09:28:00-04:00,7837.0,7837.0,7838.25,7836.25,7838.25,1554
2026-09-22 09:29:00-04:00,7836.75,7836.75,7838.0,7836.75,7837.25,1779
2026-09-22 09:30:00-04:00,7839.75,7839.75,7839.75,7835.5,7837.0,11653
2026-09-22 09:31:00-04:00,7846.25,7846.25,7846.75,7839.25,7839.5,7093
2026-09-22 09:32:00-04:00,7844.5,7844.5,7846.5,7844.0,7846.25,4513
2026-09-22 09:33:00-04:00,7846.0,7846.0,7847.25,7844.25,7844.25,4478
2026-09-22 09:34:00-04:00,7844.75,7844.75,7847.0,7843.75,7846.0,4193
2026-09-22 09:35:00-04:00,7847.25,7847.25,7848.5,7844.75,7845.0,5143
2026-09-22 09:36:00-04:00,7844.75,7844.75,7847.5,7844.75,7847.0,4120
2026-09-22 09:37:00-04:00,7844.75,7844.75,7845.75,7843.5,7844.75,4301
2026-09-22 09:38:00-04:00,7846.75,7846.75,7847.0,7844.5,7845.0,2655
2026-09-22 09:39:00-04:00,7846.25,7846.25,7847.75,7846.0,7846.5,2411
2026-09-22 09:40:00-04:00,7842.5,7842.5,7846.25,7841.25,7846.25,4790
2026-09-22 09:41:00-04:00,7841.5,7841.5,7845.5,7840.75,7842.5,5572
2026-09-22 09:42:00-04:00,7843.75,7843.75,7844.5,7840.5,7841.5,3386
2026-09-22 09:43:00-04:00,7843.5,7843.5,7844.25,7841.75,7844.0,2875
2026-09-22 09:44:00-04:00,7842.75,7842.75,7844.0,7842.75,7843.75,2222
2026-09-22 09:45:00-04:00,7839.75,7839.75,7843.0,7837.75,7842.75,4329
2026-09-22 09:46:00-04:00,7837.0,7837.0,7840.75,7836.5,7839.75,3622
2026-09-22 09:47:00-04:00,7836.75,7836.75,7837.25,7836.0,7837.0,3452
2026-09-22 09:48:00-04:00,7841.75,7841.75,7843.75,7835.5,7836.75,6194
2026-09-22 09:49:00-04:00,7839.75,7839.75,7842.25,7838.75,7842.0,3752
2026-09-22 09:50:00-04:00,7840.25,7840.25,7840.5,7838.25,7839.75,2943
2026-09-22 09:51:00-04:00,7839.75,7839.75,7840.75,7837.75,7840.5,2535
2026-09-22 09:52:00-04:00,7838.75,7838.75,7840.75,7838.0,7839.75,2429
2026-09-22 09:53:00-04:00,7837.75,7837.75,7839.25,7837.5,7838.75,2444
2026-09-22 09:54:00-04:00,7837.0,7837.0,7838.0,7836.5,7837.75,2513
2026-09-22 09:55:00-04:00,7836.25,7836.25,7837.25,7834.25,7837.25,4665
2026-09-22 09:56:00-04:00,7833.75,7833.75,7836.75,7833.25,7836.25,4948
2026-09-22 09:57:00-04:00,7837.5,7837.5,7838.0,7833.75,7834.0,5265
2026-09-22 09:58:00-04:00,7836.0,7836.0,7838.0,7836.0,7837.5,3462
2026-09-22 09:59:00-04:00,7835.0,7835.0,7836.25,7833.5,7836.0,3842
2026-09-22 10:00:00-04:00,7835.25,7835.25,7836.75,7834.5,7835.0,3553
2026-09-22 10:01:00-04:00,7836.5,7836.5,7838.0,7834.75,7835.5,3195
2026-09-22 10:02:00-04:00,7838.5,7838.5,7839.0,7836.25,7836.75,2974
2026-09-22 10:03:00-04:00,7837.75,7837.75,7839.5,7837.25,7838.75,2611
2026-09-22 10:04:00-04:00,7837.75,7837.75,7838.25,7836.5,7838.0,1570
2026-09-22 10:05:00-04:00,7837.75,7837.75,7838.25,7836.75,7837.75,2238
2026-09-22 10:06:00-04:00,7837.0,7837.0,7838.0,7835.25,7838.0,2390
2026-09-22 10:07:00-04:00,7837.25,7837.25,7838.75,7836.75,7837.0,2412
2026-09-22 10:08:00-04:00,7835.5,7835.5,7837.25,7835.25,7837.25,2735
2026-09-22 10:09:00-04:00,7834.5,7834.5,7835.5,7834.25,7835.25,2374
2026-09-22 10:10:00-04:00,7837.5,7837.5,7838.0,7834.5,7834.5,3513
2026-09-22 10:11:00-04:00,7839.25,7839.25,7840.0,7836.25,7837.5,4401
2026-09-22 10:12:00-04:00,7841.25,7841.25,7841.5,7839.25,7839.5,3442
2026-09-22 10:13:00-04:00,7841.0,7841.0,7845.75,7839.75,7841.25,9649
2026-09-22 10:14:00-04:00,7840.25,7840.25,7842.25,7837.75,7841.25,3238
2026-09-22 10:15:00-04:00,7841.0,7841.0,7841.25,7838.75,7840.25,2915
2026-09-22 10:16:00-04:00,7837.25,7837.25,7841.25,7837.0,7841.0,3074
2026-09-22 10:17:00-04:00,7836.75,7836.75,7837.25,7835.25,7837.0,3113
2026-09-22 10:18:00-04:00,7833.5,7833.5,7836.5,7832.0,7836.5,4876
2026-09-22 10:19:00-04:00,7835.25,7835.25,7835.75,7833.0,7833.25,2559
2026-09-22 10:20:00-04:00,7835.25,7835.25,7836.5,7834.5,7835.25,2148
2026-09-22 10:21:00-04:00,7833.75,7833.75,7835.5,7832.5,7835.25,3631
2026-09-22 10:22:00-04:00,7834.25,7834.25,7834.5,7833.0,7833.5,2361
2026-09-22 10:23:00-04:00,7834.0,7834.0,7835.0,7833.0,7834.25,2385
2026-09-22 10:24:00-04:00,7834.25,7834.25,7835.0,7832.75,7833.75,2100
2026-09-22 10:25:00-04:00,7834.25,7834.25,7834.5,7832.75,7834.0,2060
2026-09-22 10:26:00-04:00,7834.75,7834.75,7835.25,7833.5,7834.25,1816
2026-09-22 10:27:00-04:00,7834.25,7834.25,7835.5,7834.0,7834.5,1656
2026-09-22 10:28:00-04:00,7833.0,7833.0,7834.25,7832.5,7834.25,1932
2026-09-22 10:29:00-04:00,7831.75,7831.75,7833.25,7831.5,7832.75,2213
2026-09-22 10:30:00-04:00,7831.75,7831.75,7833.0,7831.5,7832.0,2860
2026-09-22 10:31:00-04:00,7834.25,7834.25,7835.25,7831.5,7832.0,2627
2026-09-22 10:32:00-04:00,7834.75,7834.75,7836.0,7834.25,7834.25,2970
2026-09-22 10:33:00-04:00,7835.75,7835.75,7837.5,7834.75,7835.0,2672
2026-09-22 10:34:00-04:00,7833.75,7833.75,7837.0,7833.5,7835.75,2544
2026-09-22 10:35:00-04:00,7830.0,7830.0,7834.0,7829.25,7833.5,7782
2026-09-22 10:36:00-04:00,7832.75,7832.75,7832.75,7830.0,7830.25,3173
2026-09-22 10:37:00-04:00,7835.0,7835.0,7835.25,7832.5,7832.75,2279
2026-09-22 10:38:00-04:00,7833.5,7833.5,7835.5,7832.0,7835.25,4016
2026-09-22 10:39:00-04:00,7831.5,7831.5,7840.5,7831.25,7833.5,11058
2026-09-22 10:40:00-04:00,7832.0,7832.0,7832.25,7829.25,7831.5,5882
2026-09-22 10:41:00-04:00,7828.25,7828.25,7832.25,7827.5,7832.0,6483
2026-09-22 10:42:00-04:00,7827.25,7827.25,7829.25,7826.75,7828.25,4339
2026-09-22 10:43:00-04:00,7829.75,7829.75,7830.25,7827.25,7827.5,3358
2026-09-22 10:44:00-04:00,7829.5,7829.5,7831.5,7829.25,7830.0,2943
2026-09-22 10:45:00-04:00,7828.5,7828.5,7829.75,7827.25,7829.5,3846
2026-09-22 10:46:00-04:00,7827.25,7827.25,7829.5,7826.5,7828.25,2470
2026-09-22 10:47:00-04:00,7831.0,7831.0,7831.75,7826.5,7827.5,6086
2026-09-22 10:48:00-04:00,7832.75,7832.75,7833.0,7829.75,7830.75,3423
2026-09-22 10:49:00-04:00,7833.75,7833.75,7834.0,7831.25,7832.75,2509
2026-09-22 10:50:00-04:00,7833.75,7833.75,7835.75,7833.25,7833.5,2815
2026-09-22 10:51:00-04:00,7831.25,7831.25,7833.75,7831.0,7833.75,2147
2026-09-22 10:52:00-04:00,7831.75,7831.75,7832.25,7830.5,7831.25,1800
2026-09-22 10:53:00-04:00,7830.75,7830.75,7832.25,7830.75,7831.75,1387
2026-09-22 10:54:00-04:00,7832.5,7832.5,7832.5,7830.0,7830.75,2010
2026-09-22 10:55:00-04:00,7833.5,7833.5,7833.5,7831.5,7832.5,1810
2026-09-22 10:56:00-04:00,7833.25,7833.25,7834.5,7832.75,7833.25,1772
2026-09-22 10:57:00-04:00,7833.0,7833.0,7834.25,7832.25,7833.5,1499
2026-09-22 10:58:00-04:00,7830.5,7830.5,7833.0,7830.0,7833.0,1566
2026-09-22 10:59:00-04:00,7831.0,7831.0,7831.25,7829.5,7830.5,1756
2026-09-22 11:00:00-04:00,7831.5,7831.5,7832.25,7830.25,7831.0,2530
2026-09-22 11:01:00-04:00,7833.0,7833.0,7833.0,7830.5,7831.5,2903
2026-09-22 11:02:00-04:00,7833.0,7833.0,7833.25,7831.0,7833.0,3078
2026-09-22 11:03:00-04:00,7833.25,7833.25,7833.5,7831.75,7833.0,2085
2026-09-22 11:04:00-04:00,7832.0,7832.0,7834.25,7831.0,7833.25,4200
2026-09-22 11:05:00-04:00,7833.0,7833.0,7833.0,7831.25,7832.0,1726
2026-09-22 11:06:00-04:00,7831.25,7831.25,7834.5,7831.25,7833.25,3695
2026-09-22 11:07:00-04:00,7833.75,7833.75,7834.75,7831.0,7831.5,5002
2026-09-22 11:08:00-04:00,7833.25,7833.25,7834.25,7833.25,7833.75,1209
2026-09-22 11:09:00-04:00,7830.25,7830.25,7834.0,7830.0,7833.25,1939
2026-09-22 11:10:00-04:00,7831.5,7831.5,7832.25,7830.25,7830.25,1893
2026-09-22 11:11:00-04:00,7830.25,7830.25,7832.25,7830.25,7831.75,1495
2026-09-22 11:12:00-04:00,7830.25,7830.25,7831.0,7829.25,7830.5,1771
2026-09-22 11:13:00-04:00,7829.75,7829.75,7830.25,7828.5,7830.25,2043
2026-09-22 11:14:00-04:00,7832.5,7832.5,7833.0,7829.25,7829.5,4687
2026-09-22 11:15:00-04:00,7831.5,7831.5,7833.5,7831.25,7832.5,2250
2026-09-22 11:16:00-04:00,7833.5,7833.5,7833.75,7831.0,7831.5,1331
2026-09-22 11:17:00-04:00,7832.25,7832.25,7833.75,7832.25,7833.75,1616
2026-09-22 11:18:00-04:00,7830.75,7830.75,7832.5,7830.75,7832.5,1655
2026-09-22 11:19:00-04:00,7832.0,7832.0,7833.0,7831.0,7831.0,1346
2026-09-22 11:20:00-04:00,7830.75,7830.75,7832.5,7830.75,7832.25,1763
2026-09-22 11:21:00-04:00,7832.25,7832.25,7833.5,7830.75,7830.75,1502
2026-09-22 11:22:00-04:00,7832.0,7832.0,7833.25,7832.0,7832.5,1376
2026-09-22 11:23:00-04:00,7832.5,7832.5,7833.0,7831.25,7832.0,1777
2026-09-22 11:24:00-04:00,7831.5,7831.5,7832.75,7831.5,7832.75,1076
2026-09-22 11:25:00-04:00,7833.5,7833.5,7834.25,7831.75,7831.75,1977
2026-09-22 11:26:00-04:00,7832.75,7832.75,7833.5,7832.5,7833.5,1058
2026-09-22 11:27:00-04:00,7832.5,7832.5,7833.0,7832.0,7832.5,1069
2026-09-22 11:28:00-04:00,7830.0,7830.0,7832.75,7829.75,7832.5,1790
2026-09-22 11:29:00-04:00,7830.25,7830.25,7831.25,7829.75,7830.25,1585
2026-09-22 11:30:00-04:00,7828.25,7828.25,7830.5,7827.25,7830.25,3513
2026-09-22 11:31:00-04:00,7827.25,7827.25,7829.0,7827.25,7828.25,2587
2026-09-22 11:32:00-04:00,7827.0,7827.0,7828.25,7826.75,7827.5,2071
2026-09-22 11:33:00-04:00,7826.0,7826.0,7828.0,7826.0,7827.25,2453
2026-09-22 11:34:00-04:00,7826.5,7826.5,7827.5,7825.75,7826.0,2806
2026-09-22 11:35:00-04:00,7825.75,7825.75,7827.0,7825.5,7826.75,2376
2026-09-22 11:36:00-04:00,7825.75,7825.75,7826.25,7824.75,7825.75,2549
2026-09-22 11:37:00-04:00,7825.0,7825.0,7825.75,7824.0,7825.75,2247
2026-09-22 11:38:00-04:00,7824.0,7824.0,7825.25,7823.25,7825.25,3021
2026-09-22 11:39:00-04:00,7824.0,7824.0,7824.5,7823.0,7823.75,2454
2026-09-22 11:40:00-04:00,7824.25,7824.25,7824.25,7822.5,7824.0,2661
2026-09-22 11:41:00-04:00,7824.25,7824.25,7824.75,7822.25,7824.25,2552
2026-09-22 11:42:00-04:00,7825.0,7825.0,7825.5,7823.75,7824.0,2168
2026-09-22 11:43:00-04:00,7824.25,7824.25,7825.5,7824.25,7825.25,1936
2026-09-22 11:44:00-04:00,7824.5,7824.5,7825.75,7824.25,7824.25,1695
2026-09-22 11:45:00-04:00,7824.75,7824.75,7825.25,7824.0,7824.5,2048
2026-09-22 11:46:00-04:00,7825.5,7825.5,7826.0,7824.5,7824.75,1697
2026-09-22 11:47:00-04:00,7826.75,7826.75,7827.25,7825.75,7825.75,2355
2026-09-22 11:48:00-04:00,7826.25,7826.25,7826.75,7824.75,7826.75,1689
2026-09-22 11:49:00-04:00,7825.25,7825.25,7827.5,7825.25,7826.5,2138
2026-09-22 11:50:00-04:00,7825.0,7825.0,7826.25,7824.5,7825.25,1832
2026-09-22 11:51:00-04:00,7824.5,7824.5,7825.25,7824.25,7824.75,1143
2026-09-22 11:52:00-04:00,7824.75,7824.75,7825.75,7824.5,7824.75,1175
2026-09-22 11:53:00-04:00,7825.5,7825.5,7826.0,7824.75,7824.75,1169
2026-09-22 11:54:00-04:00,7824.5,7824.5,7825.5,7824.0,7825.5,1302
2026-09-22 11:55:00-04:00,7824.0,7824.0,7824.5,7823.0,7824.25,1925
2026-09-22 11:56:00-04:00,7823.25,7823.25,7824.0,7823.0,7824.0,1404
2026-09-22 11:57:00-04:00,7824.0,7824.0,7824.0,7822.75,7823.25,1608
2026-09-22 11:58:00-04:00,7825.0,7825.0,7825.5,7823.75,7824.0,1792
2026-09-22 11:59:00-04:00,7826.75,7826.75,7827.0,7825.0,7825.0,1956
2026-09-22 12:00:00-04:00,7827.5,7827.5,7828.75,7826.5,7826.75,3000
2026-09-22 12:01:00-04:00,7825.5,7825.5,7827.75,7824.75,7827.5,2507
2026-09-22 12:02:00-04:00,7825.5,7825.5,7826.0,7825.25,7825.75,1493
2026-09-22 12:03:00-04:00,7826.0,7826.0,7826.25,7825.0,7825.5,1528
2026-09-22 12:04:00-04:00,7826.25,7826.25,7826.75,7825.5,7826.0,1079
2026-09-22 12:05:00-04:00,7826.0,7826.0,7826.25,7825.5,7826.25,1487
2026-09-22 12:06:00-04:00,7826.75,7826.75,7827.5,7825.0,7826.25,1344
2026-09-22 12:07:00-04:00,7828.25,7828.25,7828.75,7827.0,7827.0,1563
2026-09-22 12:08:00-04:00,7829.5,7829.5,7829.75,7828.25,7828.25,2539
2026-09-22 12:09:00-04:00,7829.0,7829.0,7830.25,7828.25,7829.5,3696
2026-09-22 12:10:00-04:00,7828.75,7828.75,7830.0,7828.0,7829.0,2421
2026-09-22 12:11:00-04:00,7829.0,7829.0,7829.0,7828.0,7828.75,1397
2026-09-22 12:12:00-04:00,7829.5,7829.5,7830.25,7829.0,7829.25,933
2026-09-22 12:13:00-04:00,7829.5,7829.5,7830.0,7828.75,7829.25,826
2026-09-22 12:14:00-04:00,7830.0,7830.0,7830.0,7829.0,7829.25,999
2026-09-22 12:15:00-04:00,7827.75,7827.75,7830.0,7827.75,7830.0,1783
2026-09-22 12:16:00-04:00,7828.25,7828.25,7828.5,7827.5,7827.75,1522
2026-09-22 12:17:00-04:00,7829.25,7829.25,7829.5,7827.75,7828.0,1007
2026-09-22 12:18:00-04:00,7828.0,7828.0,7829.25,7827.75,7829.25,1129
2026-09-22 12:19:00-04:00,7826.75,7826.75,7828.25,7826.5,7828.0,1434
2026-09-22 12:20:00-04:00,7828.0,7828.0,7828.0,7825.0,7826.75,3902
2026-09-22 12:21:00-04:00,7827.75,7827.75,7828.5,7827.25,7828.0,1121
2026-09-22 12:22:00-04:00,7827.25,7827.25,7828.0,7827.0,7827.75,711
2026-09-22 12:23:00-04:00,7824.75,7824.75,7828.5,7824.75,7827.0,2768
2026-09-22 12:24:00-04:00,7824.0,7824.0,7825.25,7823.5,7825.0,1604
2026-09-22 12:25:00-04:00,7825.25,7825.25,7825.5,7823.25,7823.75,1547
2026-09-22 12:26:00-04:00,7824.25,7824.25,7825.25,7824.0,7825.25,902
2026-09-22 12:27:00-04:00,7825.25,7825.25,7825.75,7824.0,7824.25,924
2026-09-22 12:28:00-04:00,7824.75,7824.75,7826.0,7824.5,7825.25,947
2026-09-22 12:29:00-04:00,7825.5,7825.5,7825.75,7824.75,7825.0,1308
2026-09-22 12:30:00-04:00,7826.5,7826.5,7827.0,7825.0,7825.5,1458
2026-09-22 12:31:00-04:00,7826.5,7826.5,7827.5,7826.25,7826.75,1309
2026-09-22 12:32:00-04:00,7826.0,7826.0,7827.0,7825.25,7826.5,2104
2026-09-22 12:33:00-04:00,7826.75,7826.75,7827.0,7825.75,7826.25,1287
2026-09-22 12:34:00-04:00,7828.5,7828.5,7828.75,7826.25,7826.75,1474
2026-09-22 12:35:00-04:00,7826.75,7826.75,7828.75,7826.5,7828.75,1385
2026-09-22 12:36:00-04:00,7827.0,7827.0,7827.25,7826.0,7826.75,1061
2026-09-22 12:37:00-04:00,7826.0,7826.0,7827.25,7826.0,7827.0,1022
2026-09-22 12:38:00-04:00,7825.75,7825.75,7826.0,7824.75,7826.0,1038
2026-09-22 12:39:00-04:00,7826.5,7826.5,7826.75,7825.75,7825.75,1124
2026-09-22 12:40:00-04:00,7826.5,7826.5,7827.0,7826.0,7826.75,1051
2026-09-22 12:41:00-04:00,7826.0,7826.0,7827.0,7825.75,7826.75,929
2026-09-22 12:42:00-04:00,7824.25,7824.25,7826.25,7824.25,7826.25,803
2026-09-22 12:43:00-04:00,7825.75,7825.75,7826.0,7824.25,7824.25,1107
2026-09-22 12:44:00-04:00,7826.75,7826.75,7827.0,7825.75,7826.0,966
2026-09-22 12:45:00-04:00,7827.0,7827.0,7827.5,7826.5,7826.75,1414
2026-09-22 12:46:00-04:00,7828.0,7828.0,7828.0,7826.75,7827.0,970
2026-09-22 12:47:00-04:00,7826.75,7826.75,7828.25,7826.75,7828.0,1092
2026-09-22 12:48:00-04:00,7830.0,7830.0,7833.25,7826.75,7826.75,8851
2026-09-22 12:49:00-04:00,7833.0,7833.0,7833.75,7829.75,7829.75,4896
2026-09-22 12:50:00-04:00,7833.0,7833.0,7833.5,7831.5,7833.0,3620
2026-09-22 12:51:00-04:00,7833.25,7833.25,7833.75,7832.25,7833.0,2405
2026-09-22 12:52:00-04:00,7832.5,7832.5,7833.5,7832.25,7833.25,1428
2026-09-22 12:53:00-04:00,7832.0,7832.0,7833.25,7832.0,7832.5,1476
2026-09-22 12:54:00-04:00,7831.5,7831.5,7832.25,7830.75,7832.0,1824
2026-09-22 12:55:00-04:00,7831.0,7831.0,7832.75,7831.0,7831.75,1234
2026-09-22 12:56:00-04:00,7830.5,7830.5,7831.5,7830.0,7831.25,1461
2026-09-22 12:57:00-04:00,7831.25,7831.25,7831.5,7830.0,7830.5,1461
2026-09-22 12:58:00-04:00,7832.0,7832.0,7832.25,7830.75,7831.5,1534
2026-09-22 12:59:00-04:00,7832.0,7832.0,7832.75,7832.0,7832.0,1285
2026-09-22 13:00:00-04:00,7832.25,7832.25,7832.75,7831.5,7832.0,1591
2026-09-22 13:01:00-04:00,7832.25,7832.25,7832.75,7832.25,7832.5,813
2026-09-22 13:02:00-04:00,7831.0,7831.0,7832.25,7830.75,7832.25,2135
2026-09-22 13:03:00-04:00,7830.75,7830.75,7831.5,7830.75,7831.0,906
2026-09-22 13:04:00-04:00,7829.75,7829.75,7831.25,7829.75,7830.75,1234
2026-09-22 13:05:00-04:00,7830.75,7830.75,7831.0,7829.25,7829.75,1175
2026-09-22 13:06:00-04:00,7832.25,7832.25,7833.0,7830.75,7830.75,1492
2026-09-22 13:07:00-04:00,7830.75,7830.75,7832.0,7830.5,7832.0,981
2026-09-22 13:08:00-04:00,7829.25,7829.25,7830.75,7828.75,7830.75,994
2026-09-22 13:09:00-04:00,7830.0,7830.0,7830.5,7828.75,7829.25,1266
2026-09-22 13:10:00-04:00,7829.5,7829.5,7831.0,7829.5,7830.0,1016
2026-09-22 13:11:00-04:00,7829.75,7829.75,7830.0,7829.25,7829.75,1117
2026-09-22 13:12:00-04:00,7829.25,7829.25,7830.0,7828.75,7829.75,1323
2026-09-22 13:13:00-04:00,7829.25,7829.25,7829.75,7829.0,7829.25,882
2026-09-22 13:14:00-04:00,7829.5,7829.5,7829.75,7829.0,7829.5,634
2026-09-22 13:15:00-04:00,7829.75,7829.75,7829.75,7828.5,7829.5,706
2026-09-22 13:16:00-04:00,7828.75,7828.75,7829.75,7828.5,7829.5,1225
2026-09-22 13:17:00-04:00,7828.75,7828.75,7829.25,7828.25,7828.75,900
2026-09-22 13:18:00-04:00,7828.75,7828.75,7829.0,7828.0,7828.75,983
2026-09-22 13:19:00-04:00,7829.0,7829.0,7829.25,7828.25,7828.5,740
2026-09-22 13:20:00-04:00,7828.5,7828.5,7829.0,7827.75,7829.0,1229
2026-09-22 13:21:00-04:00,7828.0,7828.0,7828.75,7827.75,7828.5,834
2026-09-22 13:22:00-04:00,7828.0,7828.0,7828.25,7827.25,7828.25,1417
2026-09-22 13:23:00-04:00,7827.75,7827.75,7828.0,7827.25,7828.0,722
2026-09-22 13:24:00-04:00,7828.5,7828.5,7828.75,7828.0,7828.0,821
2026-09-22 13:25:00-04:00,7829.0,7829.0,7829.25,7828.0,7828.25,743
2026-09-22 13:26:00-04:00,7829.5,7829.5,7829.75,7828.75,7829.0,1226
2026-09-22 13:27:00-04:00,7831.0,7831.0,7831.0,7829.5,7829.75,1110
2026-09-22 13:28:00-04:00,7831.0,7831.0,7831.25,7830.5,7831.0,1229
2026-09-22 13:29:00-04:00,7832.25,7832.25,7832.5,7831.25,7831.25,1904
2026-09-22 13:30:00-04:00,7832.0,7832.0,7832.5,7830.75,7832.25,1522
2026-09-22 13:31:00-04:00,7831.0,7831.0,7832.25,7830.5,7832.0,904
2026-09-22 13:32:00-04:00,7830.0,7830.0,7831.0,7829.75,7830.75,776
2026-09-22 13:33:00-04:00,7830.0,7830.0,7830.5,7829.75,7830.0,1145
2026-09-22 13:34:00-04:00,7830.0,7830.0,7830.25,7829.25,7829.75,878
2026-09-22 13:35:00-04:00,7830.25,7830.25,7830.25,7829.25,7830.25,985
2026-09-22 13:36:00-04:00,7829.0,7829.0,7830.0,7828.75,7830.0,1146
2026-09-22 13:37:00-04:00,7829.25,7829.25,7829.5,7828.5,7829.0,1047
2026-09-22 13:38:00-04:00,7829.25,7829.25,7830.0,7828.75,7829.0,784
2026-09-22 13:39:00-04:00,7828.5,7828.5,7829.0,7828.0,7829.0,1219
2026-09-22 13:40:00-04:00,7828.5,7828.5,7828.5,7827.25,7828.25,1401
2026-09-22 13:41:00-04:00,7828.75,7828.75,7829.25,7828.25,7828.5,1208
2026-09-22 13:42:00-04:00,7830.5,7830.5,7830.5,7828.5,7828.75,935
2026-09-22 13:43:00-04:00,7830.75,7830.75,7830.75,7829.5,7830.25,926
2026-09-22 13:44:00-04:00,7831.5,7831.5,7831.5,7830.5,7830.5,765
2026-09-22 13:45:00-04:00,7832.0,7832.0,7832.25,7831.25,7831.25,1241
2026-09-22 13:46:00-04:00,7831.25,7831.25,7832.25,7831.0,7832.25,1114
2026-09-22 13:47:00-04:00,7830.75,7830.75,7831.25,7829.75,7831.0,1125
2026-09-22 13:48:00-04:00,7830.5,7830.5,7831.25,7830.25,7830.75,847
2026-09-22 13:49:00-04:00,7831.0,7831.0,7831.0,7830.25,7830.5,482
2026-09-22 13:50:00-04:00,7830.25,7830.25,7831.25,7829.75,7831.0,1738
2026-09-22 13:51:00-04:00,7831.0,7831.0,7831.0,7830.25,7830.25,1082
2026-09-22 13:52:00-04:00,7837.25,7837.25,7838.75,7830.5,7831.0,15796
2026-09-22 13:53:00-04:00,7836.0,7836.0,7838.25,7835.5,7837.25,4749
2026-09-22 13:54:00-04:00,7837.25,7837.25,7839.0,7835.5,7836.0,6884
2026-09-22 13:55:00-04:00,7838.0,7838.0,7838.0,7836.5,7837.5,2739
2026-09-22 13:56:00-04:00,7837.0,7837.0,7838.75,7837.0,7838.0,2377
2026-09-22 13:57:00-04:00,7836.25,7836.25,7837.5,7836.0,7837.25,2592
2026-09-22 13:58:00-04:00,7837.25,7837.25,7837.5,7836.25,7836.5,1681
2026-09-22 13:59:00-04:00,7837.5,7837.5,7837.75,7836.75,7837.0,1247
2026-09-22 14:00:00-04:00,7836.25,7836.25,7838.5,7836.25,7837.5,2617
2026-09-22 14:01:00-04:00,7834.75,7834.75,7836.25,7834.0,7836.25,2940
2026-09-22 14:02:00-04:00,7834.75,7834.75,7835.0,7833.5,7834.75,1932
2026-09-22 14:03:00-04:00,7835.0,7835.0,7835.25,7834.75,7835.0,1406
2026-09-22 14:04:00-04:00,7835.5,7835.5,7836.5,7834.5,7835.0,3559
2026-09-22 14:05:00-04:00,7836.5,7836.5,7837.25,7835.0,7835.75,1625
2026-09-22 14:06:00-04:00,7837.0,7837.0,7838.0,7836.75,7836.75,1639
2026-09-22 14:07:00-04:00,7836.0,7836.0,7837.25,7835.25,7837.25,1506
2026-09-22 14:08:00-04:00,7836.5,7836.5,7836.75,7835.5,7836.0,1071
2026-09-22 14:09:00-04:00,7837.25,7837.25,7837.75,7836.5,7836.75,1052
2026-09-22 14:10:00-04:00,7837.75,7837.75,7838.0,7836.75,7837.25,1336
2026-09-22 14:11:00-04:00,7837.5,7837.5,7837.75,7837.0,7837.75,870
2026-09-22 14:12:00-04:00,7837.25,7837.25,7837.75,7837.0,7837.25,1145
2026-09-22 14:13:00-04:00,7836.25,7836.25,7837.0,7835.5,7837.0,1562
2026-09-22 14:14:00-04:00,7835.75,7835.75,7836.25,7835.0,7836.25,1417
2026-09-22 14:15:00-04:00,7836.5,7836.5,7837.0,7835.5,7835.75,1084
2026-09-22 14:16:00-04:00,7835.75,7835.75,7836.75,7835.5,7836.5,1234
2026-09-22 14:17:00-04:00,7836.0,7836.0,7836.75,7835.75,7835.75,1150
2026-09-22 14:18:00-04:00,7836.5,7836.5,7836.75,7836.0,7836.0,843
2026-09-22 14:19:00-04:00,7837.0,7837.0,7837.5,7836.0,7836.25,1187
2026-09-22 14:20:00-04:00,7838.25,7838.25,7838.25,7836.75,7836.75,1369
2026-09-22 14:21:00-04:00,7838.25,7838.25,7838.25,7837.5,7838.25,1527
2026-09-22 14:22:00-04:00,7839.25,7839.25,7839.25,7838.25,7838.25,1829
2026-09-22 14:23:00-04:00,7840.0,7840.0,7840.5,7839.0,7839.25,2093
2026-09-22 14:24:00-04:00,7839.25,7839.25,7840.25,7839.25,7840.0,1886
2026-09-22 14:25:00-04:00,7838.75,7838.75,7839.75,7838.5,7839.0,1943
2026-09-22 14:26:00-04:00,7838.5,7838.5,7839.25,7838.25,7838.75,957
2026-09-22 14:27:00-04:00,7838.25,7838.25,7838.75,7837.75,7838.5,1509
2026-09-22 14:28:00-04:00,7838.5,7838.5,7839.25,7837.75,7838.25,1139
2026-09-22 14:29:00-04:00,7837.75,7837.75,7839.0,7837.5,7838.75,998
2026-09-22 14:30:00-04:00,7838.0,7838.0,7838.5,7836.5,7837.75,1639
2026-09-22 14:31:00-04:00,7838.25,7838.25,7839.25,7837.75,7838.0,1069
2026-09-22 14:32:00-04:00,7838.0,7838.0,7838.25,7837.25,7838.0,1101
2026-09-22 14:33:00-04:00,7837.0,7837.0,7838.0,7836.5,7838.0,1132
2026-09-22 14:34:00-04:00,7837.0,7837.0,7837.25,7836.5,7836.75,1113
2026-09-22 14:35:00-04:00,7835.5,7835.5,7837.25,7835.0,7837.0,1609
2026-09-22 14:36:00-04:00,7835.25,7835.25,7835.75,7833.75,7835.5,3508
2026-09-22 14:37:00-04:00,7835.5,7835.5,7835.75,7835.0,7835.5,659
2026-09-22 14:38:00-04:00,7835.75,7835.75,7835.75,7834.75,7835.5,1984
2026-09-22 14:39:00-04:00,7835.5,7835.5,7835.75,7834.0,7835.75,1527
2026-09-22 14:40:00-04:00,7836.25,7836.25,7836.5,7835.0,7835.5,1349
2026-09-22 14:41:00-04:00,7835.75,7835.75,7837.0,7833.5,7836.25,3256
2026-09-22 14:42:00-04:00,7837.25,7837.25,7837.5,7835.5,7835.5,1489
2026-09-22 14:43:00-04:00,7838.25,7838.25,7838.25,7837.0,7837.25,1350
2026-09-22 14:44:00-04:00,7837.5,7837.5,7838.5,7837.25,7838.25,1186
2026-09-22 14:45:00-04:00,7838.25,7838.25,7838.5,7837.5,7837.5,1194
2026-09-22 14:46:00-04:00,7837.0,7837.0,7838.25,7836.75,7838.25,930
2026-09-22 14:47:00-04:00,7837.25,7837.25,7837.75,7837.0,7837.25,491
2026-09-22 14:48:00-04:00,7837.75,7837.75,7838.0,7837.0,7837.5,758
2026-09-22 14:49:00-04:00,7838.0,7838.0,7838.5,7837.5,7837.5,925
2026-09-22 14:50:00-04:00,7836.5,7836.5,7838.25,7836.25,7838.0,1257
2026-09-22 14:51:00-04:00,7837.5,7837.5,7838.0,7836.5,7836.5,931
2026-09-22 14:52:00-04:00,7837.5,7837.5,7838.0,7837.25,7837.5,991
2026-09-22 14:53:00-04:00,7837.5,7837.5,7838.0,7837.25,7837.75,820
2026-09-22 14:54:00-04:00,7837.0,7837.0,7837.5,7837.0,7837.5,798
2026-09-22 14:55:00-04:00,7836.75,7836.75,7837.0,7836.0,7836.75,1524
2026-09-22 14:56:00-04:00,7835.25,7835.25,7836.75,7835.25,7836.75,724
2026-09-22 14:57:00-04:00,7833.75,7833.75,7835.0,7833.5,7835.0,1786
2026-09-22 14:58:00-04:00,7833.75,7833.75,7834.0,7832.75,7833.75,2387
2026-09-22 14:59:00-04:00,7834.25,7834.25,7834.25,7833.0,7833.75,1474
2026-09-22 15:00:00-04:00,7834.5,7834.5,7835.0,7833.75,7834.0,1656
2026-09-22 15:01:00-04:00,7834.75,7834.75,7835.25,7833.5,7834.5,2345
2026-09-22 15:02:00-04:00,7834.75,7834.75,7835.5,7834.25,7834.75,1529
2026-09-22 15:03:00-04:00,7835.0,7835.0,7835.5,7834.5,7834.75,1273
2026-09-22 15:04:00-04:00,7835.0,7835.0,7835.0,7834.25,7835.0,855
2026-09-22 15:05:00-04:00,7834.75,7834.75,7835.25,7834.5,7835.25,938
2026-09-22 15:06:00-04:00,7836.0,7836.0,7836.5,7834.5,7835.0,1713
2026-09-22 15:07:00-04:00,7836.0,7836.0,7836.5,7835.5,7836.25,1337
2026-09-22 15:08:00-04:00,7835.5,7835.5,7836.25,7835.5,7835.75,1025
2026-09-22 15:09:00-04:00,7835.25,7835.25,7835.75,7834.5,7835.5,964
2026-09-22 15:10:00-04:00,7835.75,7835.75,7836.25,7835.0,7835.25,1093
2026-09-22 15:11:00-04:00,7836.5,7836.5,7836.75,7835.75,7836.0,926
2026-09-22 15:12:00-04:00,7837.0,7837.0,7837.25,7836.0,7836.25,1506
2026-09-22 15:13:00-04:00,7837.0,7837.0,7837.5,7836.75,7837.0,1493
2026-09-22 15:14:00-04:00,7836.75,7836.75,7837.5,7836.25,7837.25,2091
2026-09-22 15:15:00-04:00,7837.0,7837.0,7837.5,7836.5,7836.75,1542
2026-09-22 15:16:00-04:00,7838.0,7838.0,7838.0,7836.75,7837.0,1018
2026-09-22 15:17:00-04:00,7838.25,7838.25,7838.5,7837.5,7838.0,2183
2026-09-22 15:18:00-04:00,7839.0,7839.0,7839.0,7838.0,7838.25,1509
2026-09-22 15:19:00-04:00,7839.0,7839.0,7839.25,7838.25,7839.0,1200
2026-09-22 15:20:00-04:00,7838.25,7838.25,7839.0,7837.5,7839.0,1747
2026-09-22 15:21:00-04:00,7838.0,7838.0,7838.75,7837.75,7838.25,810
2026-09-22 15:22:00-04:00,7837.75,7837.75,7838.5,7837.5,7838.0,1322
2026-09-22 15:23:00-04:00,7838.25,7838.25,7838.5,7837.5,7837.5,1346
2026-09-22 15:24:00-04:00,7838.5,7838.5,7839.75,7837.5,7838.25,4205
2026-09-22 15:25:00-04:00,7840.5,7840.5,7841.5,7838.25,7838.75,6581
2026-09-22 15:26:00-04:00,7840.75,7840.75,7841.25,7840.25,7840.25,2431
2026-09-22 15:27:00-04:00,7840.25,7840.25,7841.0,7839.75,7840.75,2662
2026-09-22 15:28:00-04:00,7841.0,7841.0,7841.25,7840.0,7840.25,1394
2026-09-22 15:29:00-04:00,7840.25,7840.25,7841.0,7839.75,7840.75,1677
2026-09-22 15:30:00-04:00,7840.25,7840.25,7840.5,7839.5,7840.5,2398
2026-09-22 15:31:00-04:00,7841.0,7841.0,7841.25,7839.75,7840.25,2288
2026-09-22 15:32:00-04:00,7843.25,7843.25,7843.25,7840.75,7841.0,4700
2026-09-22 15:33:00-04:00,7844.25,7844.25,7844.75,7842.75,7843.25,4842
2026-09-22 15:34:00-04:00,7845.25,7845.25,7845.75,7842.75,7844.25,5390
2026-09-22 15:35:00-04:00,7846.25,7846.25,7846.25,7844.75,7845.25,5050
2026-09-22 15:36:00-04:00,7846.0,7846.0,7846.25,7845.25,7846.0,2679
2026-09-22 15:37:00-04:00,7845.75,7845.75,7846.75,7844.75,7846.0,3762
2026-09-22 15:38:00-04:00,7845.25,7845.25,7846.0,7844.25,7845.75,3453
2026-09-22 15:39:00-04:00,7845.5,7845.5,7846.5,7844.5,7845.25,3727
2026-09-22 15:40:00-04:00,7844.75,7844.75,7845.75,7844.75,7845.25,1980
2026-09-22 15:41:00-04:00,7842.25,7842.25,7845.0,7841.75,7845.0,3953
2026-09-22 15:42:00-04:00,7840.5,7840.5,7842.25,7839.75,7842.0,5245
2026-09-22 15:43:00-04:00,7842.0,7842.0,7842.0,7840.25,7840.5,2681
2026-09-22 15:44:00-04:00,7841.5,7841.5,7842.0,7841.0,7842.0,2170
2026-09-22 15:45:00-04:00,7842.25,7842.25,7843.5,7841.5,7841.75,3766
2026-09-22 15:46:00-04:00,7842.25,7842.25,7843.25,7842.0,7842.5,1434
2026-09-22 15:47:00-04:00,7843.25,7843.25,7843.75,7842.25,7842.5,1609
2026-09-22 15:48:00-04:00,7843.75,7843.75,7844.0,7843.0,7843.25,1485
2026-09-22 15:49:00-04:00,7844.0,7844.0,7844.5,7842.75,7843.75,2241
2026-09-22 15:50:00-04:00,7842.75,7842.75,7844.25,7841.0,7844.0,6072
2026-09-22 15:51:00-04:00,7844.25,7844.25,7844.75,7842.75,7842.75,2441
2026-09-22 15:52:00-04:00,7844.75,7844.75,7846.0,7844.0,7844.25,4359
2026-09-22 15:53:00-04:00,7842.25,7842.25,7845.5,7842.0,7844.75,2905
2026-09-22 15:54:00-04:00,7840.25,7840.25,7843.0,7840.0,7842.25,7871
2026-09-22 15:55:00-04:00,7835.25,7835.25,7840.25,7834.75,7840.25,8819
2026-09-22 15:56:00-04:00,7835.0,7835.0,7835.75,7833.75,7835.5,6715
2026-09-22 15:57:00-04:00,7834.25,7834.25,7835.25,7833.5,7835.25,5383
2026-09-22 15:58:00-04:00,7832.25,7832.25,7835.0,7832.25,7834.25,8992
2026-09-22 15:59:00-04:00,7831.0,7831.0,7834.0,7829.75,7832.25,49874
2026-09-22 16:00:00-04:00,7832.5,7832.5,7833.25,7830.25,7830.75,9829
2026-09-22 16:01:00-04:00,7832.25,7832.25,7833.25,7832.0,7832.25,2215
2026-09-22 16:02:00-04:00,7832.75,7832.75,7833.0,7831.75,7832.0,1601
2026-09-22 16:03:00-04:00,7832.25,7832.25,7832.75,7831.75,7832.75,750
2026-09-22 16:04:00-04:00,7832.5,7832.5,7832.5,7831.75,7832.25,1035
2026-09-22 16:05:00-04:00,7832.25,7832.25,7832.75,7831.25,7832.75,1055
2026-09-22 16:06:00-04:00,7833.0,7833.0,7833.25,7832.0,7832.0,904
2026-09-22 16:07:00-04:00,7833.0,7833.0,7834.25,7833.0,7833.0,663
2026-09-22 16:08:00-04:00,7833.5,7833.5,7833.75,7833.0,7833.0,399
2026-09-22 16:09:00-04:00,7833.5,7833.5,7833.75,7833.25,7833.75,571
2026-09-22 16:10:00-04:00,7833.25,7833.25,7833.5,7833.0,7833.25,686
2026-09-22 16:11:00-04:00,7833.25,7833.25,7833.5,7832.75,7833.25,731
2026-09-22 16:12:00-04:00,7833.75,7833.75,7834.0,7833.25,7833.25,729
2026-09-22 16:13:00-04:00,7832.5,7832.5,7833.5,7832.5,7833.5,818
2026-09-22 16:14:00-04:00,7832.0,7832.0,7832.5,7832.0,7832.5,692
2026-09-22 16:15:00-04:00,7831.5,7831.5,7832.25,7831.5,7832.0,622
2026-09-22 16:16:00-04:00,7831.5,7831.5,7831.75,7831.25,7831.5,1069
2026-09-22 16:17:00-04:00,7832.0,7832.0,7832.0,7831.25,7831.5,284
2026-09-22 16:18:00-04:00,7831.5,7831.5,7832.25,7831.25,7832.0,357
2026-09-22 16:19:00-04:00,7831.0,7831.0,7831.75,7831.0,7831.25,255
2026-09-22 16:20:00-04:00,7831.0,7831.0,7831.5,7831.0,7831.25,612
2026-09-22 16:21:00-04:00,7830.5,7830.5,7830.75,7830.5,7830.75,254
2026-09-22 16:22:00-04:00,7829.75,7829.75,7830.5,7829.75,7830.5,271
2026-09-22 16:23:00-04:00,7829.25,7829.25,7830.0,7828.75,7829.75,605
2026-09-22 16:24:00-04:00,7830.0,7830.0,7830.5,7829.25,7829.25,589
2026-09-22 16:25:00-04:00,7830.5,7830.5,7830.75,7829.75,7830.0,253
2026-09-22 16:26:00-04:00,7830.0,7830.0,7830.75,7830.0,7830.75,208
2026-09-22 16:27:00-04:00,7830.0,7830.0,7830.25,7829.75,7830.0,218
2026-09-22 16:28:00-04:00,7829.75,7829.75,7830.0,7829.5,7829.75,220
2026-09-22 16:29:00-04:00,7830.25,7830.25,7830.5,7829.5,7829.75,334
2026-09-22 16:30:00-04:00,7830.25,7830.25,7830.25,7829.75,7830.0,248
2026-09-22 16:31:00-04:00,7830.5,7830.5,7830.5,7830.0,7830.25,96
2026-09-22 16:32:00-04:00,7829.75,7829.75,7830.5,7829.75,7830.5,127
2026-09-22 16:33:00-04:00,7830.25,7830.25,7830.25,7829.75,7829.75,237
2026-09-22 16:34:00-04:00,7829.75,7829.75,7830.5,7829.5,7830.25,274
2026-09-22 16:35:00-04:00,7829.75,7829.75,7830.0,7829.75,7829.75,85
2026-09-22 16:36:00-04:00,7829.75,7829.75,7830.0,7829.5,7829.75,250
2026-09-22 16:37:00-04:00,7829.5,7829.5,7830.0,7829.25,7830.0,322
2026-09-22 16:38:00-04:00,7829.5,7829.5,7830.0,7829.5,7829.5,312
2026-09-22 16:39:00-04:00,7829.25,7829.25,7829.75,7829.0,7829.75,129
2026-09-22 16:40:00-04:00,7829.0,7829.0,7829.5,7829.0,7829.25,156
2026-09-22 16:41:00-04:00,7829.5,7829.5,7829.5,7829.0,7829.0,139
2026-09-22 16:42:00-04:00,7829.5,7829.5,7830.0,7829.5,7829.5,598
2026-09-22 16:43:00-04:00,7829.25,7829.25,7829.5,7829.25,7829.5,156
2026-09-22 16:44:00-04:00,7828.75,7828.75,7829.5,7828.75,7829.25,209
2026-09-22 16:45:00-04:00,7828.25,7828.25,7829.25,7828.25,7829.0,313
2026-09-22 16:46:00-04:00,7828.0,7828.0,7828.5,7827.5,7828.5,387
2026-09-22 16:47:00-04:00,7827.75,7827.75,7828.25,7827.75,7828.25,167
2026-09-22 16:48:00-04:00,7827.25,7827.25,7828.0,7827.25,7827.5,185
2026-09-22 16:49:00-04:00,7827.75,7827.75,7828.0,7827.5,7827.5,258
2026-09-22 16:50:00-04:00,7828.5,7828.5,7829.0,7827.75,7828.0,326
2026-09-22 16:51:00-04:00,7827.0,7827.0,7828.5,7826.75,7828.5,451
2026-09-22 16:52:00-04:00,7827.0,7827.0,7827.25,7827.0,7827.25,119
2026-09-22 16:53:00-04:00,7827.5,7827.5,7827.75,7827.25,7827.25,140
2026-09-22 16:54:00-04:00,7827.75,7827.75,7828.0,7827.5,7827.5,116
2026-09-22 16:55:00-04:00,7827.25,7827.25,7828.25,7827.25,7827.75,122
2026-09-22 16:56:00-04:00,7827.5,7827.5,7827.5,7827.25,7827.5,210
2026-09-22 16:57:00-04:00,7827.75,7827.75,7828.25,7827.5,7827.75,359
2026-09-22 16:58:00-04:00,7828.25,7828.25,7828.75,7827.25,7827.75,471
2026-09-22 16:59:00-04:00,7827.75,7827.75,7828.75,7826.0,7828.5,1587
2026-09-22 18:00:00-04:00,7833.0,7833.0,7833.75,7829.0,7830.0,0
2026-09-22 18:01:00-04:00,7832.5,7832.5,7833.25,7832.0,7833.0,168
2026-09-22 18:02:00-04:00,7831.0,7831.0,7832.25,7830.25,7832.25,282
2026-09-22 18:03:00-04:00,7831.0,7831.0,7831.25,7830.75,7830.75,55
2026-09-22 18:04:00-04:00,7830.25,7830.25,7831.0,7830.25,7830.75,38
2026-09-22 18:05:00-04:00,7832.5,7832.5,7832.75,7830.25,7830.25,222
2026-09-22 18:06:00-04:00,7832.25,7832.25,7833.25,7832.25,7832.5,147
2026-09-22 18:07:00-04:00,7831.5,7831.5,7832.5,7830.75,7832.25,174
2026-09-22 18:08:00-04:00,7831.5,7831.5,7831.5,7830.75,7831.25,53
2026-09-22 18:09:00-04:00,7831.5,7831.5,7833.0,7831.5,7831.75,143
2026-09-22 18:10:00-04:00,7830.5,7830.5,7831.5,7830.25,7831.5,73
2026-09-22 18:11:00-04:00,7830.75,7830.75,7830.75,7830.25,7830.25,78
2026-09-22 18:12:00-04:00,7831.25,7831.25,7831.5,7830.75,7831.0,45
2026-09-22 18:13:00-04:00,7832.0,7832.0,7832.0,7831.5,7831.5,114
2026-09-22 18:14:00-04:00,7832.25,7832.25,7832.5,7831.75,7832.0,65
2026-09-22 18:15:00-04:00,7832.5,7832.5,7832.5,7831.5,7832.25,110
2026-09-22 18:16:00-04:00,7832.0,7832.0,7832.75,7831.75,7832.75,81
2026-09-22 18:17:00-04:00,7831.5,7831.5,7831.75,7831.5,7831.75,66
2026-09-22 18:18:00-04:00,7831.5,7831.5,7831.5,7831.25,7831.5,41
2026-09-22 18:19:00-04:00,7831.75,7831.75,7831.75,7831.5,7831.75,39
2026-09-22 18:20:00-04:00,7832.5,7832.5,7832.75,7831.75,7831.75,96
2026-09-22 18:21:00-04:00,7832.75,7832.75,7833.25,7832.25,7832.5,172
2026-09-22 18:22:00-04:00,7833.5,7833.5,7834.0,7832.75,7832.75,110
2026-09-22 18:23:00-04:00,7833.0,7833.0,7833.5,7833.0,7833.5,38
2026-09-22 18:24:00-04:00,7833.0,7833.0,7833.25,7833.0,7833.25,43
2026-09-22 18:25:00-04:00,7833.0,7833.0,7833.5,7833.0,7833.25,91
2026-09-22 18:26:00-04:00,7833.25,7833.25,7833.25,7832.75,7832.75,42
2026-09-22 18:27:00-04:00,7832.75,7832.75,7833.0,7832.75,7833.0,76
2026-09-22 18:28:00-04:00,7832.25,7832.25,7832.5,7832.0,7832.5,140
2026-09-22 18:29:00-04:00,7832.25,7832.25,7832.5,7832.0,7832.25,33
2026-09-22 18:30:00-04:00,7833.0,7833.0,7833.0,7832.5,7832.5,30
2026-09-22 18:31:00-04:00,7832.75,7832.75,7832.75,7832.5,7832.75,46
2026-09-22 18:32:00-04:00,7833.0,7833.0,7833.0,7832.5,7832.5,43
2026-09-22 18:33:00-04:00,7833.25,7833.25,7833.25,7833.0,7833.0,63
2026-09-22 18:34:00-04:00,7833.25,7833.25,7833.75,7833.25,7833.25,61
2026-09-22 18:35:00-04:00,7833.5,7833.5,7833.75,7833.5,7833.5,18
2026-09-22 18:36:00-04:00,7832.75,7832.75,7833.5,7832.5,7833.5,66
2026-09-22 18:37:00-04:00,7832.5,7832.5,7833.0,7832.5,7833.0,26
2026-09-22 18:38:00-04:00,7832.75,7832.75,7833.25,7832.75,7832.75,27
2026-09-22 18:39:00-04:00,7832.75,7832.75,7833.0,7832.75,7832.75,32
2026-09-22 18:40:00-04:00,7833.25,7833.25,7833.25,7833.0,7833.0,65
2026-09-22 18:41:00-04:00,7833.5,7833.5,7834.0,7833.25,7833.5,125
2026-09-22 18:42:00-04:00,7833.5,7833.5,7833.5,7833.0,7833.25,18
2026-09-22 18:43:00-04:00,7833.25,7833.25,7833.25,7833.0,7833.25,18
2026-09-22 18:44:00-04:00,7832.75,7832.75,7833.25,7832.75,7833.25,22
2026-09-22 18:45:00-04:00,7832.5,7832.5,7833.0,7832.5,7833.0,42
2026-09-22 18:46:00-04:00,7832.0,7832.0,7832.75,7832.0,7832.5,195
2026-09-22 18:47:00-04:00,7831.75,7831.75,7832.25,7831.75,7831.75,68
2026-09-22 18:48:00-04:00,7831.0,7831.0,7831.75,7831.0,7831.5,46
2026-09-22 18:49:00-04:00,7830.25,7830.25,7831.0,7830.25,7831.0,143
2026-09-22 18:50:00-04:00,7830.5,7830.5,7830.75,7829.75,7830.25,122
2026-09-22 18:51:00-04:00,7831.25,7831.25,7831.25,7830.75,7830.75,44
2026-09-22 18:52:00-04:00,7831.0,7831.0,7831.25,7831.0,7831.25,24
2026-09-22 18:53:00-04:00,7831.75,7831.75,7831.75,7830.75,7831.0,66
2026-09-22 18:54:00-04:00,7831.75,7831.75,7831.75,7831.75,7831.75,42
2026-09-22 18:55:00-04:00,7831.5,7831.5,7831.75,7831.5,7831.75,20
2026-09-22 18:56:00-04:00,7831.75,7831.75,7832.0,7831.5,7831.75,112
2026-09-22 18:57:00-04:00,7831.5,7831.5,7831.75,7831.5,7831.75,12
2026-09-22 18:58:00-04:00,7831.25,7831.25,7831.75,7831.25,7831.5,40
2026-09-22 18:59:00-04:00,7831.25,7831.25,7831.25,7831.25,7831.25,17
2026-09-22 19:00:00-04:00,7831.75,7831.75,7832.0,7831.5,7831.5,74
2026-09-22 19:01:00-04:00,7832.25,7832.25,7832.5,7832.0,7832.0,63
2026-09-22 19:02:00-04:00,7832.0,7832.0,7832.5,7831.75,7832.0,41
2026-09-22 19:03:00-04:00,7832.0,7832.0,7832.0,7831.75,7831.75,21
2026-09-22 19:04:00-04:00,7832.0,7832.0,7832.25,7832.0,7832.0,27
2026-09-22 19:05:00-04:00,7832.5,7832.5,7832.5,7832.25,7832.25,12
2026-09-22 19:06:00-04:00,7832.75,7832.75,7832.75,7832.5,7832.5,24
2026-09-22 19:07:00-04:00,7832.75,7832.75,7832.75,7832.75,7832.75,8
2026-09-22 19:08:00-04:00,7832.0,7832.0,7832.75,7832.0,7832.75,56
2026-09-22 19:09:00-04:00,7832.25,7832.25,7832.25,7832.25,7832.25,15
2026-09-22 19:10:00-04:00,7831.75,7831.75,7832.25,7831.75,7832.25,30
2026-09-22 19:11:00-04:00,7831.75,7831.75,7831.75,7831.5,7831.75,29
2026-09-22 19:12:00-04:00,7831.5,7831.5,7832.25,7831.5,7832.0,79
2026-09-22 19:13:00-04:00,7831.75,7831.75,7831.75,7831.75,7831.75,8
2026-09-22 19:14:00-04:00,7831.75,7831.75,7832.0,7831.75,7832.0,14
2026-09-22 19:15:00-04:00,7831.75,7831.75,7832.0,7831.5,7832.0,30
2026-09-22 19:16:00-04:00,7832.0,7832.0,7832.0,7832.0,7832.0,18
2026-09-22 19:17:00-04:00,7832.0,7832.0,7832.0,7832.0,7832.0,22
2026-09-22 19:18:00-04:00,7832.0,7832.0,7832.0,7832.0,7832.0,7
2026-09-22 19:19:00-04:00,7832.25,7832.25,7832.25,7831.75,7831.75,29
2026-09-22 19:20:00-04:00,7832.0,7832.0,7832.25,7832.0,7832.25,12
2026-09-22 19:21:00-04:00,7832.5,7832.5,7832.75,7832.0,7832.0,34
2026-09-22 19:22:00-04:00,7833.0,7833.0,7833.25,7832.5,7832.5,74
2026-09-22 19:23:00-04:00,7832.5,7832.5,7833.0,7832.5,7833.0,27
2026-09-22 19:24:00-04:00,7832.75,7832.75,7832.75,7832.5,7832.5,51
2026-09-22 19:25:00-04:00,7832.0,7832.0,7832.5,7831.75,7832.5,51
2026-09-22 19:26:00-04:00,7832.0,7832.0,7832.25,7832.0,7832.0,24
2026-09-22 19:27:00-04:00,7832.25,7832.25,7832.25,7832.0,7832.0,11
2026-09-22 19:28:00-04:00,7832.25,7832.25,7832.5,7832.25,7832.25,30
2026-09-22 19:29:00-04:00,7832.5,7832.5,7832.5,7832.5,7832.5,8
2026-09-22 19:30:00-04:00,7832.5,7832.5,7832.5,7832.25,7832.25,25
2026-09-22 19:31:00-04:00,7832.5,7832.5,7832.75,7832.5,7832.75,27
2026-09-22 19:32:00-04:00,7832.75,7832.75,7832.75,7832.25,7832.5,27
2026-09-22 19:33:00-04:00,7832.75,7832.75,7832.75,7832.75,7832.75,12
2026-09-22 19:34:00-04:00,7832.75,7832.75,7832.75,7832.5,7832.75,24
2026-09-22 19:35:00-04:00,7832.75,7832.75,7832.75,7832.75,7832.75,2
2026-09-22 19:36:00-04:00,7832.75,7832.75,7832.75,7832.75,7832.75,14
2026-09-22 19:37:00-04:00,7832.75,7832.75,7832.75,7832.5,7832.75,10
2026-09-22 19:38:00-04:00,7833.0,7833.0,7833.0,7832.75,7832.75,8
2026-09-22 19:39:00-04:00,7833.0,7833.0,7833.0,7832.75,7833.0,23
2026-09-22 19:40:00-04:00,7832.75,7832.75,7832.75,7832.5,7832.75,16
2026-09-22 19:41:00-04:00,7833.0,7833.0,7833.0,7832.75,7832.75,11
2026-09-22 19:42:00-04:00,7832.5,7832.5,7832.75,7832.5,7832.75,84
2026-09-22 19:43:00-04:00,7832.25,7832.25,7832.75,7832.25,7832.5,46
2026-09-22 19:44:00-04:00,7832.25,7832.25,7832.75,7832.25,7832.5,76
2026-09-22 19:45:00-04:00,7831.75,7831.75,7832.5,7831.75,7832.5,83
2026-09-22 19:46:00-04:00,7831.5,7831.5,7831.75,7831.0,7831.5,174
2026-09-22 19:47:00-04:00,7831.75,7831.75,7831.75,7831.5,7831.75,25
2026-09-22 19:48:00-04:00,7832.25,7832.25,7832.25,7831.75,7831.75,28
2026-09-22 19:49:00-04:00,7831.5,7831.5,7832.0,7831.25,7832.0,43
2026-09-22 19:50:00-04:00,7831.25,7831.25,7831.5,7831.0,7831.5,63
2026-09-22 19:51:00-04:00,7831.5,7831.5,7831.75,7831.25,7831.5,53
2026-09-22 19:52:00-04:00,7832.25,7832.25,7832.75,7831.75,7831.75,134
2026-09-22 19:53:00-04:00,7832.25,7832.25,7832.5,7832.0,7832.0,49
2026-09-22 19:54:00-04:00,7832.5,7832.5,7832.5,7832.5,7832.5,24
2026-09-22 19:55:00-04:00,7832.25,7832.25,7832.5,7832.0,7832.5,90
2026-09-22 19:56:00-04:00,7832.5,7832.5,7832.5,7832.25,7832.5,61
2026-09-22 19:57:00-04:00,7832.75,7832.75,7832.75,7832.25,7832.5,40
2026-09-22 19:58:00-04:00,7833.25,7833.25,7833.25,7832.75,7833.0,110
2026-09-22 19:59:00-04:00,7833.5,7833.5,7834.0,7833.25,7833.25,177
2026-09-22 20:00:00-04:00,7831.25,7831.25,7833.5,7830.5,7833.25,475
2026-09-22 20:01:00-04:00,7832.0,7832.0,7832.0,7831.25,7831.25,224
2026-09-22 20:02:00-04:00,7833.25,7833.25,7833.75,7832.0,7832.0,200
2026-09-22 20:03:00-04:00,7833.25,7833.25,7833.5,7833.0,7833.25,94
2026-09-22 20:04:00-04:00,7833.0,7833.0,7833.25,7832.5,7833.25,106
2026-09-22 20:05:00-04:00,7832.5,7832.5,7833.5,7832.5,7833.0,138
2026-09-22 20:06:00-04:00,7833.0,7833.0,7833.25,7832.25,7832.75,132
2026-09-22 20:07:00-04:00,7832.0,7832.0,7833.0,7831.75,7833.0,174
2026-09-22 20:08:00-04:00,7832.0,7832.0,7832.25,7831.5,7832.0,160
2026-09-22 20:09:00-04:00,7832.5,7832.5,7832.5,7831.5,7831.75,68
2026-09-22 20:10:00-04:00,7832.5,7832.5,7832.75,7832.0,7832.5,83
2026-09-22 20:11:00-04:00,7833.25,7833.25,7833.25,7832.5,7832.75,70
2026-09-22 20:12:00-04:00,7833.25,7833.25,7833.75,7833.0,7833.25,123
2026-09-22 20:13:00-04:00,7832.5,7832.5,7833.25,7832.5,7833.25,79
2026-09-22 20:14:00-04:00,7832.5,7832.5,7832.5,7832.0,7832.5,102
2026-09-22 20:15:00-04:00,7832.0,7832.0,7833.0,7832.0,7832.25,148
2026-09-22 20:16:00-04:00,7832.75,7832.75,7833.0,7832.25,7832.25,96
2026-09-22 20:17:00-04:00,7832.0,7832.0,7833.0,7831.75,7832.75,123
2026-09-22 20:18:00-04:00,7832.25,7832.25,7832.25,7831.5,7831.75,153
2026-09-22 20:19:00-04:00,7832.0,7832.0,7832.25,7831.75,7832.25,100
2026-09-22 20:20:00-04:00,7830.75,7830.75,7832.25,7830.5,7832.25,124
2026-09-22 20:21:00-04:00,7831.0,7831.0,7831.25,7830.75,7830.75,101
2026-09-22 20:22:00-04:00,7830.75,7830.75,7831.0,7830.25,7830.75,160
2026-09-22 20:23:00-04:00,7831.75,7831.75,7832.0,7830.75,7830.75,89
2026-09-22 20:24:00-04:00,7832.25,7832.25,7832.5,7831.5,7831.5,158
2026-09-22 20:25:00-04:00,7832.25,7832.25,7832.75,7832.0,7832.5,147
2026-09-22 20:26:00-04:00,7831.75,7831.75,7832.5,7831.75,7832.25,43
2026-09-22 20:27:00-04:00,7831.75,7831.75,7832.25,7831.75,7832.0,56
2026-09-22 20:28:00-04:00,7831.0,7831.0,7832.0,7831.0,7832.0,56
2026-09-22 20:29:00-04:00,7831.0,7831.0,7831.25,7831.0,7831.25,81
2026-09-22 20:30:00-04:00,7831.75,7831.75,7832.0,7830.75,7831.0,171
2026-09-22 20:31:00-04:00,7832.0,7832.0,7832.25,7831.75,7831.75,96
2026-09-22 20:32:00-04:00,7830.75,7830.75,7832.0,7830.5,7832.0,122
2026-09-22 20:33:00-04:00,7831.0,7831.0,7831.25,7831.0,7831.0,40
2026-09-22 20:34:00-04:00,7830.5,7830.5,7831.0,7830.25,7831.0,31
2026-09-22 20:35:00-04:00,7831.0,7831.0,7831.0,7830.5,7830.5,80
2026-09-22 20:36:00-04:00,7831.0,7831.0,7831.0,7830.75,7831.0,103
2026-09-22 20:37:00-04:00,7830.25,7830.25,7831.0,7830.25,7831.0,84
2026-09-22 20:38:00-04:00,7830.75,7830.75,7830.75,7830.0,7830.25,187
2026-09-22 20:39:00-04:00,7831.25,7831.25,7831.75,7831.0,7831.0,101
2026-09-22 20:40:00-04:00,7831.5,7831.5,7831.75,7831.0,7831.5,154
2026-09-22 20:41:00-04:00,7831.5,7831.5,7831.75,7831.25,7831.5,85
2026-09-22 20:42:00-04:00,7831.5,7831.5,7831.75,7831.25,7831.25,70
2026-09-22 20:43:00-04:00,7831.25,7831.25,7831.5,7831.25,7831.5,55
2026-09-22 20:44:00-04:00,7831.25,7831.25,7831.25,7830.75,7831.25,70
2026-09-22 20:45:00-04:00,7831.5,7831.5,7831.75,7831.0,7831.25,66
2026-09-22 20:46:00-04:00,7831.5,7831.5,7831.75,7831.5,7831.5,55
2026-09-22 20:47:00-04:00,7830.75,7830.75,7831.5,7830.5,7831.5,120
2026-09-22 20:48:00-04:00,7830.0,7830.0,7830.75,7829.75,7830.75,116
2026-09-22 20:49:00-04:00,7829.0,7829.0,7830.0,7829.0,7830.0,293
2026-09-22 20:50:00-04:00,7830.0,7830.0,7830.25,7829.0,7829.25,134
2026-09-22 20:51:00-04:00,7830.0,7830.0,7830.0,7829.75,7830.0,114
2026-09-22 20:52:00-04:00,7829.5,7829.5,7829.75,7829.0,7829.75,169
2026-09-22 20:53:00-04:00,7829.0,7829.0,7829.75,7828.5,7829.5,206
2026-09-22 20:54:00-04:00,7828.0,7828.0,7829.0,7828.0,7829.0,129
2026-09-22 20:55:00-04:00,7828.0,7828.0,7828.5,7827.75,7828.25,227
2026-09-22 20:56:00-04:00,7828.25,7828.25,7828.5,7828.0,7828.25,132
2026-09-22 20:57:00-04:00,7828.25,7828.25,7828.75,7828.25,7828.25,102
2026-09-22 20:58:00-04:00,7828.25,7828.25,7828.75,7828.0,7828.25,249
2026-09-22 20:59:00-04:00,7829.0,7829.0,7829.25,7827.75,7828.0,139
2026-09-22 21:00:00-04:00,7828.75,7828.75,7829.25,7827.75,7829.0,218
2026-09-22 21:01:00-04:00,7829.0,7829.0,7829.25,7828.5,7829.0,171
2026-09-22 21:02:00-04:00,7829.0,7829.0,7829.25,7828.75,7828.75,171
2026-09-22 21:03:00-04:00,7829.0,7829.0,7829.0,7828.75,7829.0,83
2026-09-22 21:04:00-04:00,7829.25,7829.25,7829.5,7828.75,7828.75,198
2026-09-22 21:05:00-04:00,7829.75,7829.75,7829.75,7829.0,7829.25,240
2026-09-22 21:06:00-04:00,7829.75,7829.75,7829.75,7829.0,7829.75,152
2026-09-22 21:07:00-04:00,7830.75,7830.75,7831.25,7829.75,7829.75,195
2026-09-22 21:08:00-04:00,7830.5,7830.5,7830.75,7830.25,7830.75,72
2026-09-22 21:09:00-04:00,7830.75,7830.75,7831.0,7830.5,7830.75,78
2026-09-22 21:10:00-04:00,7829.5,7829.5,7830.75,7829.5,7830.75,143
2026-09-22 21:11:00-04:00,7830.0,7830.0,7830.25,7829.5,7829.75,72
2026-09-22 21:12:00-04:00,7830.75,7830.75,7830.75,7830.25,7830.25,53
2026-09-22 21:13:00-04:00,7830.25,7830.25,7830.75,7830.25,7830.75,51
2026-09-22 21:14:00-04:00,7830.75,7830.75,7830.75,7830.25,7830.5,39
2026-09-22 21:15:00-04:00,7830.75,7830.75,7831.25,7829.75,7830.5,171
2026-09-22 21:16:00-04:00,7831.0,7831.0,7831.0,7830.5,7830.5,50
2026-09-22 21:17:00-04:00,7830.75,7830.75,7831.25,7830.5,7831.25,169
2026-09-22 21:18:00-04:00,7830.75,7830.75,7831.0,7830.75,7830.75,42
2026-09-22 21:19:00-04:00,7831.5,7831.5,7831.5,7830.75,7830.75,62
2026-09-22 21:20:00-04:00,7831.75,7831.75,7832.0,7831.0,7831.5,138
2026-09-22 21:21:00-04:00,7832.0,7832.0,7832.25,7831.5,7831.75,65
2026-09-22 21:22:00-04:00,7831.75,7831.75,7832.0,7831.5,7832.0,50
2026-09-22 21:23:00-04:00,7831.5,7831.5,7831.75,7831.5,7831.75,46
2026-09-22 21:24:00-04:00,7832.75,7832.75,7832.75,7831.75,7831.75,82
2026-09-22 21:25:00-04:00,7832.0,7832.0,7833.0,7832.0,7832.5,166
2026-09-22 21:26:00-04:00,7832.25,7832.25,7832.5,7831.75,7832.25,114
2026-09-22 21:27:00-04:00,7832.75,7832.75,7833.0,7832.0,7832.25,64
2026-09-22 21:28:00-04:00,7833.25,7833.25,7833.25,7832.25,7832.75,127
2026-09-22 21:29:00-04:00,7833.75,7833.75,7834.25,7833.0,7833.25,303
2026-09-22 21:30:00-04:00,7834.5,7834.5,7835.0,7833.25,7833.75,332
2026-09-22 21:31:00-04:00,7835.0,7835.0,7835.25,7834.5,7834.5,152
2026-09-22 21:32:00-04:00,7834.5,7834.5,7835.0,7834.5,7835.0,120
2026-09-22 21:33:00-04:00,7833.25,7833.25,7834.5,7833.25,7834.5,156
2026-09-22 21:34:00-04:00,7833.0,7833.0,7833.75,7832.25,7833.25,278
2026-09-22 21:35:00-04:00,7833.0,7833.0,7833.25,7832.5,7833.0,138
2026-09-22 21:36:00-04:00,7833.0,7833.0,7833.25,7832.75,7833.25,119
2026-09-22 21:37:00-04:00,7832.75,7832.75,7833.25,7832.25,7832.75,160
2026-09-22 21:38:00-04:00,7833.5,7833.5,7833.5,7832.5,7832.5,109
2026-09-22 21:39:00-04:00,7833.5,7833.5,7833.75,7833.25,7833.75,95
2026-09-22 21:40:00-04:00,7832.75,7832.75,7833.5,7832.5,7833.5,131
2026-09-22 21:41:00-04:00,7831.25,7831.25,7832.75,7831.25,7832.5,231
2026-09-22 21:42:00-04:00,7831.75,7831.75,7832.25,7831.0,7831.5,289
2026-09-22 21:43:00-04:00,7831.75,7831.75,7832.75,7831.5,7831.5,111
2026-09-22 21:44:00-04:00,7831.5,7831.5,7831.5,7831.25,7831.5,89
2026-09-22 21:45:00-04:00,7831.5,7831.5,7831.75,7831.25,7831.25,92
2026-09-22 21:46:00-04:00,7832.25,7832.25,7832.5,7831.5,7831.5,136
2026-09-22 21:47:00-04:00,7831.5,7831.5,7832.25,7831.5,7832.25,105
2026-09-22 21:48:00-04:00,7832.0,7832.0,7832.0,7831.25,7831.5,99
2026-09-22 21:49:00-04:00,7832.0,7832.0,7832.5,7831.75,7831.75,133
2026-09-22 21:50:00-04:00,7832.0,7832.0,7832.25,7831.5,7832.0,103
2026-09-22 21:51:00-04:00,7832.0,7832.0,7832.5,7831.75,7832.25,66
2026-09-22 21:52:00-04:00,7832.25,7832.25,7832.25,7831.75,7831.75,96
2026-09-22 21:53:00-04:00,7832.5,7832.5,7832.75,7832.0,7832.0,106
2026-09-22 21:54:00-04:00,7832.25,7832.25,7832.5,7832.25,7832.25,54
2026-09-22 21:55:00-04:00,7832.25,7832.25,7832.5,7832.0,7832.25,62
2026-09-22 21:56:00-04:00,7832.25,7832.25,7832.5,7831.5,7832.25,293
2026-09-22 21:57:00-04:00,7832.25,7832.25,7832.5,7832.25,7832.25,70
2026-09-22 21:58:00-04:00,7832.5,7832.5,7832.5,7832.0,7832.25,57
2026-09-22 21:59:00-04:00,7832.5,7832.5,7832.75,7832.0,7832.25,87
2026-09-22 22:00:00-04:00,7832.75,7832.75,7832.75,7831.75,7832.75,140
2026-09-22 22:01:00-04:00,7831.75,7831.75,7832.75,7831.5,7832.75,95
2026-09-22 22:02:00-04:00,7831.75,7831.75,7832.0,7831.25,7832.0,116
2026-09-22 22:03:00-04:00,7831.5,7831.5,7831.75,7831.25,7831.75,148
2026-09-22 22:04:00-04:00,7831.5,7831.5,7831.75,7831.5,7831.5,131
2026-09-22 22:05:00-04:00,7831.5,7831.5,7832.0,7831.5,7831.75,64
2026-09-22 22:06:00-04:00,7831.25,7831.25,7831.75,7831.0,7831.5,76
2026-09-22 22:07:00-04:00,7830.5,7830.5,7831.25,7830.5,7831.25,184
2026-09-22 22:08:00-04:00,7830.75,7830.75,7830.75,7830.5,7830.75,103
2026-09-22 22:09:00-04:00,7830.25,7830.25,7830.75,7830.25,7830.5,21
2026-09-22 22:10:00-04:00,7829.75,7829.75,7830.5,7829.5,7830.25,192
2026-09-22 22:11:00-04:00,7829.75,7829.75,7830.0,7829.5,7829.75,294
2026-09-22 22:12:00-04:00,7829.75,7829.75,7830.0,7829.5,7829.75,140
2026-09-22 22:13:00-04:00,7829.25,7829.25,7829.75,7829.25,7829.75,67
2026-09-22 22:14:00-04:00,7829.5,7829.5,7829.5,7829.0,7829.25,79
2026-09-22 22:15:00-04:00,7828.75,7828.75,7829.5,7828.5,7829.5,83
2026-09-22 22:16:00-04:00,7829.75,7829.75,7830.0,7827.25,7828.5,412
2026-09-22 22:17:00-04:00,7830.0,7830.0,7830.0,7829.5,7829.75,114
2026-09-22 22:18:00-04:00,7830.0,7830.0,7830.5,7829.75,7830.0,102
2026-09-22 22:19:00-04:00,7830.75,7830.75,7832.5,7830.25,7830.25,746
2026-09-22 22:20:00-04:00,7831.25,7831.25,7831.75,7830.5,7830.5,343
2026-09-22 22:21:00-04:00,7831.5,7831.5,7832.0,7831.25,7831.25,152
2026-09-22 22:22:00-04:00,7831.75,7831.75,7831.75,7831.5,7831.75,65
2026-09-22 22:23:00-04:00,7831.5,7831.5,7831.75,7831.25,7831.5,54
2026-09-22 22:24:00-04:00,7832.0,7832.0,7832.0,7831.25,7831.5,84
2026-09-22 22:25:00-04:00,7832.0,7832.0,7832.25,7832.0,7832.0,44
2026-09-22 22:26:00-04:00,7832.75,7832.75,7832.75,7831.75,7831.75,101
2026-09-22 22:27:00-04:00,7832.5,7832.5,7833.25,7832.5,7832.75,120
2026-09-22 22:28:00-04:00,7832.5,7832.5,7832.75,7832.25,7832.75,87
2026-09-22 22:29:00-04:00,7832.0,7832.0,7832.75,7832.0,7832.5,52
2026-09-22 22:30:00-04:00,7832.0,7832.0,7832.75,7832.0,7832.25,97
2026-09-22 22:31:00-04:00,7832.0,7832.0,7832.25,7832.0,7832.0,110
2026-09-22 22:32:00-04:00,7832.0,7832.0,7832.25,7832.0,7832.0,40
2026-09-22 22:33:00-04:00,7832.0,7832.0,7832.25,7831.75,7832.25,126
2026-09-22 22:34:00-04:00,7832.0,7832.0,7832.25,7831.75,7832.0,87
2026-09-22 22:35:00-04:00,7832.0,7832.0,7832.25,7831.75,7831.75,131
2026-09-22 22:36:00-04:00,7831.25,7831.25,7832.25,7831.25,7832.0,171
2026-09-22 22:37:00-04:00,7831.5,7831.5,7832.0,7831.25,7831.5,84
2026-09-22 22:38:00-04:00,7831.5,7831.5,7831.5,7831.25,7831.25,24
2026-09-22 22:39:00-04:00,7831.25,7831.25,7831.5,7831.0,7831.25,22
2026-09-22 22:40:00-04:00,7832.25,7832.25,7832.25,7831.0,7831.25,103
2026-09-22 22:41:00-04:00,7832.0,7832.0,7832.25,7831.75,7832.0,63
2026-09-22 22:42:00-04:00,7831.5,7831.5,7832.0,7831.5,7832.0,47
2026-09-22 22:43:00-04:00,7831.5,7831.5,7831.75,7831.5,7831.5,48
2026-09-22 22:44:00-04:00,7831.5,7831.5,7831.5,7831.25,7831.5,50
2026-09-22 22:45:00-04:00,7832.25,7832.25,7832.5,7831.5,7831.5,110
2026-09-22 22:46:00-04:00,7832.25,7832.25,7832.25,7832.0,7832.25,54
2026-09-22 22:47:00-04:00,7831.75,7831.75,7832.25,7831.75,7832.25,46
2026-09-22 22:48:00-04:00,7832.25,7832.25,7832.25,7832.0,7832.0,45
2026-09-22 22:49:00-04:00,7832.25,7832.25,7833.0,7832.25,7832.5,109
2026-09-22 22:50:00-04:00,7832.25,7832.25,7832.5,7832.0,7832.25,28
2026-09-22 22:51:00-04:00,7832.25,7832.25,7832.25,7832.0,7832.25,48
2026-09-22 22:52:00-04:00,7832.5,7832.5,7832.5,7832.25,7832.5,50
2026-09-22 22:53:00-04:00,7832.5,7832.5,7832.5,7832.5,7832.5,22
2026-09-22 22:54:00-04:00,7832.75,7832.75,7832.75,7832.25,7832.25,76
2026-09-22 22:55:00-04:00,7832.25,7832.25,7833.0,7832.25,7833.0,108
2026-09-22 22:56:00-04:00,7832.5,7832.5,7832.5,7832.25,7832.5,20
2026-09-22 22:57:00-04:00,7832.5,7832.5,7833.0,7832.25,7832.25,110
2026-09-22 22:58:00-04:00,7832.5,7832.5,7832.5,7832.5,7832.5,21
2026-09-22 22:59:00-04:00,7832.25,7832.25,7832.5,7832.25,7832.25,50
2026-09-22 23:00:00-04:00,7832.25,7832.25,7832.5,7832.0,7832.25,107
2026-09-22 23:01:00-04:00,7832.25,7832.25,7832.25,7832.25,7832.25,40
2026-09-22 23:02:00-04:00,7832.0,7832.0,7832.25,7832.0,7832.25,63
2026-09-22 23:03:00-04:00,7832.0,7832.0,7832.25,7831.75,7832.0,148
2026-09-22 23:04:00-04:00,7832.0,7832.0,7832.25,7831.75,7832.0,127
2026-09-22 23:05:00-04:00,7832.5,7832.5,7832.5,7832.0,7832.25,39
2026-09-22 23:06:00-04:00,7832.25,7832.25,7832.25,7831.75,7832.25,81
2026-09-22 23:07:00-04:00,7832.5,7832.5,7832.5,7832.25,7832.25,68
2026-09-22 23:08:00-04:00,7832.5,7832.5,7832.5,7832.25,7832.25,53
2026-09-22 23:09:00-04:00,7832.5,7832.5,7832.75,7832.5,7832.5,29
2026-09-22 23:10:00-04:00,7832.75,7832.75,7832.75,7832.5,7832.5,80
2026-09-22 23:11:00-04:00,7832.75,7832.75,7833.0,7832.5,7832.75,75
2026-09-22 23:12:00-04:00,7833.0,7833.0,7833.0,7832.75,7832.75,83
2026-09-22 23:13:00-04:00,7833.75,7833.75,7833.75,7833.0,7833.0,58
2026-09-22 23:14:00-04:00,7833.75,7833.75,7833.75,7833.25,7833.5,32
2026-09-22 23:15:00-04:00,7833.25,7833.25,7834.0,7833.25,7833.75,129
2026-09-22 23:16:00-04:00,7833.25,7833.25,7833.25,7833.0,7833.0,15
2026-09-22 23:17:00-04:00,7833.0,7833.0,7833.25,7833.0,7833.25,30
2026-09-22 23:18:00-04:00,7833.25,7833.25,7833.5,7832.75,7833.25,86
2026-09-22 23:19:00-04:00,7833.5,7833.5,7833.75,7833.25,7833.25,73
2026-09-22 23:20:00-04:00,7834.5,7834.5,7834.5,7833.5,7833.5,157
2026-09-22 23:21:00-04:00,7834.5,7834.5,7834.75,7834.25,7834.25,74
2026-09-22 23:22:00-04:00,7834.5,7834.5,7834.75,7834.5,7834.75,64
2026-09-22 23:23:00-04:00,7835.25,7835.25,7835.25,7834.75,7834.75,102
2026-09-22 23:24:00-04:00,7835.0,7835.0,7835.25,7835.0,7835.0,136
2026-09-22 23:25:00-04:00,7835.5,7835.5,7835.75,7835.0,7835.0,91
2026-09-22 23:26:00-04:00,7835.75,7835.75,7836.0,7835.5,7835.5,88
2026-09-22 23:27:00-04:00,7835.25,7835.25,7835.75,7835.25,7835.5,86
2026-09-22 23:28:00-04:00,7835.0,7835.0,7835.5,7835.0,7835.5,48
2026-09-22 23:29:00-04:00,7834.25,7834.25,7835.0,7834.25,7834.75,127
2026-09-22 23:30:00-04:00,7835.0,7835.0,7835.25,7834.0,7834.25,170
2026-09-22 23:31:00-04:00,7835.5,7835.5,7835.5,7834.75,7835.0,117
2026-09-22 23:32:00-04:00,7835.75,7835.75,7835.75,7835.5,7835.75,72
2026-09-22 23:33:00-04:00,7835.5,7835.5,7836.0,7835.5,7835.75,33
2026-09-22 23:34:00-04:00,7836.0,7836.0,7836.0,7835.5,7835.5,158
2026-09-22 23:35:00-04:00,7835.5,7835.5,7836.25,7835.5,7836.25,40
2026-09-22 23:36:00-04:00,7835.5,7835.5,7835.75,7835.5,7835.75,22
2026-09-22 23:37:00-04:00,7835.25,7835.25,7836.25,7835.25,7835.25,137
2026-09-22 23:38:00-04:00,7835.75,7835.75,7835.75,7835.25,7835.25,26
2026-09-22 23:39:00-04:00,7835.75,7835.75,7835.75,7835.5,7835.5,17
2026-09-22 23:40:00-04:00,7836.5,7836.5,7836.75,7835.75,7835.75,112
2026-09-22 23:41:00-04:00,7837.0,7837.0,7837.25,7836.25,7836.5,121
2026-09-22 23:42:00-04:00,7837.0,7837.0,7837.5,7836.75,7837.0,94
2026-09-22 23:43:00-04:00,7836.25,7836.25,7836.75,7836.25,7836.75,61
2026-09-22 23:44:00-04:00,7836.25,7836.25,7836.5,7836.25,7836.25,56
2026-09-22 23:45:00-04:00,7836.25,7836.25,7836.5,7836.25,7836.25,107
2026-09-22 23:46:00-04:00,7836.25,7836.25,7836.5,7836.25,7836.5,53
2026-09-22 23:47:00-04:00,7837.0,7837.0,7837.0,7836.25,7836.25,84
2026-09-22 23:48:00-04:00,7836.75,7836.75,7837.0,7836.5,7836.75,49
2026-09-22 23:49:00-04:00,7836.5,7836.5,7837.0,7836.5,7836.75,99
2026-09-22 23:50:00-04:00,7837.0,7837.0,7837.0,7836.5,7836.5,87
2026-09-22 23:51:00-04:00,7836.75,7836.75,7837.25,7836.75,7837.0,77
2026-09-22 23:52:00-04:00,7836.75,7836.75,7837.0,7836.5,7836.75,40
2026-09-22 23:53:00-04:00,7837.0,7837.0,7837.25,7836.75,7837.0,43
2026-09-22 23:54:00-04:00,7837.0,7837.0,7837.25,7836.5,7837.0,112
2026-09-22 23:55:00-04:00,7837.0,7837.0,7837.0,7836.5,7837.0,35
2026-09-22 23:56:00-04:00,7836.5,7836.5,7836.75,7836.5,7836.75,37
2026-09-22 23:57:00-04:00,7836.25,7836.25,7836.75,7836.25,7836.5,27
2026-09-22 23:58:00-04:00,7835.5,7835.5,7836.25,7835.5,7836.25,80
2026-09-23 00:09:00-04:00,7838.75,7838.75,7839.25,7838.75,7839.25,48
2026-09-23 00:10:00-04:00,7838.5,7838.5,7839.0,7838.5,7838.75,50
2026-09-23 00:11:00-04:00,7838.75,7838.75,7839.0,7838.25,7838.25,123
2026-09-23 00:12:00-04:00,7839.25,7839.25,7839.5,7838.75,7839.0,90
2026-09-23 00:13:00-04:00,7839.0,7839.0,7839.25,7839.0,7839.25,56
2026-09-23 00:14:00-04:00,7838.75,7838.75,7839.25,7838.75,7839.0,74
2026-09-23 00:15:00-04:00,7839.25,7839.25,7839.25,7838.75,7839.0,60
2026-09-23 00:16:00-04:00,7839.25,7839.25,7839.25,7839.0,7839.25,54
2026-09-23 00:17:00-04:00,7839.25,7839.25,7839.25,7839.0,7839.25,35
2026-09-23 00:18:00-04:00,7839.25,7839.25,7839.25,7838.75,7839.25,95
2026-09-23 00:19:00-04:00,7839.5,7839.5,7839.5,7839.0,7839.25,112
2026-09-23 00:20:00-04:00,7839.5,7839.5,7839.75,7839.25,7839.5,119
2026-09-23 00:21:00-04:00,7840.25,7840.25,7840.25,7839.5,7839.5,152
2026-09-23 00:22:00-04:00,7839.5,7839.5,7840.5,7839.25,7840.25,97
2026-09-23 00:23:00-04:00,7839.25,7839.25,7839.5,7839.25,7839.25,44
2026-09-23 00:24:00-04:00,7839.25,7839.25,7839.5,7839.0,7839.25,38
2026-09-23 00:25:00-04:00,7839.25,7839.25,7839.25,7839.0,7839.0,86
2026-09-23 00:26:00-04:00,7839.0,7839.0,7839.5,7839.0,7839.5,33
2026-09-23 00:27:00-04:00,7839.25,7839.25,7839.5,7839.0,7839.25,69
2026-09-23 00:28:00-04:00,7839.0,7839.0,7839.25,7838.75,7839.25,99
2026-09-23 00:29:00-04:00,7839.0,7839.0,7839.25,7839.0,7839.0,29
2026-09-23 00:30:00-04:00,7839.5,7839.5,7839.75,7839.25,7839.25,45
2026-09-23 00:31:00-04:00,7840.0,7840.0,7840.0,7839.5,7839.75,57
2026-09-23 00:32:00-04:00,7839.75,7839.75,7840.25,7839.75,7840.0,51
2026-09-23 00:33:00-04:00,7839.75,7839.75,7840.0,7839.75,7839.75,21
2026-09-23 00:34:00-04:00,7840.0,7840.0,7840.5,7839.75,7840.0,135
2026-09-23 00:35:00-04:00,7840.5,7840.5,7840.5,7840.25,7840.25,72
2026-09-23 00:36:00-04:00,7840.5,7840.5,7840.75,7840.25,7840.25,28
2026-09-23 00:37:00-04:00,7840.0,7840.0,7840.5,7840.0,7840.5,66
2026-09-23 00:38:00-04:00,7839.75,7839.75,7840.25,7839.75,7840.0,136
2026-09-23 00:39:00-04:00,7840.0,7840.0,7840.0,7839.75,7839.75,60
2026-09-23 00:40:00-04:00,7839.75,7839.75,7840.0,7839.75,7840.0,25
2026-09-23 00:41:00-04:00,7840.0,7840.0,7840.25,7839.75,7839.75,49
2026-09-23 00:42:00-04:00,7840.0,7840.0,7840.0,7839.75,7840.0,26
2026-09-23 00:43:00-04:00,7840.5,7840.5,7840.75,7840.25,7840.25,53
2026-09-23 00:44:00-04:00,7840.5,7840.5,7840.5,7840.25,7840.5,22
2026-09-23 00:45:00-04:00,7840.25,7840.25,7840.25,7840.0,7840.25,71
2026-09-23 00:46:00-04:00,7840.25,7840.25,7840.25,7840.25,7840.25,7
2026-09-23 00:47:00-04:00,7840.25,7840.25,7840.5,7840.25,7840.5,11
2026-09-23 00:48:00-04:00,7840.25,7840.25,7840.25,7840.0,7840.0,72
2026-09-23 00:49:00-04:00,7840.5,7840.5,7840.75,7840.25,7840.25,39
2026-09-23 00:50:00-04:00,7840.25,7840.25,7840.75,7839.75,7840.5,153
2026-09-23 00:51:00-04:00,7840.0,7840.0,7840.0,7839.75,7840.0,151
2026-09-23 00:52:00-04:00,7839.5,7839.5,7840.0,7839.5,7840.0,26
2026-09-23 00:53:00-04:00,7839.75,7839.75,7840.0,7839.5,7839.75,69
2026-09-23 00:54:00-04:00,7839.5,7839.5,7839.75,7839.0,7839.5,92
2026-09-23 00:55:00-04:00,7839.0,7839.0,7839.75,7839.0,7839.5,66
2026-09-23 00:56:00-04:00,7839.5,7839.5,7839.75,7839.0,7839.0,75
2026-09-23 00:57:00-04:00,7838.75,7838.75,7839.5,7838.5,7839.5,117
2026-09-23 00:58:00-04:00,7839.0,7839.0,7839.25,7838.5,7838.5,172
2026-09-23 00:59:00-04:00,7839.0,7839.0,7839.0,7838.25,7838.75,128
2026-09-23 01:00:00-04:00,7839.0,7839.0,7839.5,7838.75,7839.0,196
2026-09-23 01:01:00-04:00,7838.5,7838.5,7839.25,7837.75,7839.0,290
2026-09-23 01:02:00-04:00,7838.0,7838.0,7838.75,7838.0,7838.25,128
2026-09-23 01:03:00-04:00,7838.0,7838.0,7838.25,7837.5,7838.0,150
2026-09-23 01:04:00-04:00,7838.75,7838.75,7838.75,7838.0,7838.0,90
2026-09-23 01:05:00-04:00,7838.75,7838.75,7839.0,7838.25,7838.5,101
2026-09-23 01:06:00-04:00,7838.25,7838.25,7838.75,7838.0,7838.5,74
2026-09-23 01:07:00-04:00,7839.25,7839.25,7839.25,7838.5,7838.5,98
2026-09-23 01:08:00-04:00,7838.5,7838.5,7839.5,7838.25,7839.25,186
2026-09-23 01:09:00-04:00,7838.5,7838.5,7838.5,7838.25,7838.5,32
2026-09-23 01:10:00-04:00,7839.25,7839.25,7839.75,7838.5,7838.5,92
2026-09-23 01:11:00-04:00,7838.75,7838.75,7839.25,7838.75,7839.25,93
2026-09-23 01:12:00-04:00,7838.5,7838.5,7839.0,7838.5,7839.0,55
2026-09-23 01:13:00-04:00,7838.75,7838.75,7839.0,7838.5,7838.5,76
2026-09-23 01:14:00-04:00,7838.75,7838.75,7838.75,7838.75,7838.75,66
2026-09-23 01:15:00-04:00,7838.5,7838.5,7839.0,7838.5,7838.75,51
2026-09-23 01:16:00-04:00,7839.25,7839.25,7839.25,7838.75,7838.75,27
2026-09-23 01:17:00-04:00,7839.0,7839.0,7839.25,7839.0,7839.0,64
2026-09-23 01:18:00-04:00,7838.75,7838.75,7839.0,7838.5,7839.0,67
2026-09-23 01:19:00-04:00,7838.5,7838.5,7838.5,7838.0,7838.5,97
2026-09-23 01:20:00-04:00,7838.0,7838.0,7838.25,7837.5,7838.25,188
2026-09-23 01:21:00-04:00,7837.75,7837.75,7838.25,7837.75,7838.0,95
2026-09-23 01:22:00-04:00,7837.0,7837.0,7837.75,7836.75,7837.75,142
2026-09-23 01:23:00-04:00,7837.75,7837.75,7837.75,7836.75,7837.0,142
2026-09-23 01:24:00-04:00,7837.5,7837.5,7837.75,7837.0,7837.75,104
2026-09-23 01:25:00-04:00,7838.75,7838.75,7839.0,7837.25,7837.25,217
2026-09-23 01:26:00-04:00,7838.5,7838.5,7839.0,7838.25,7838.5,114
2026-09-23 01:27:00-04:00,7838.25,7838.25,7838.75,7838.25,7838.25,79
2026-09-23 01:28:00-04:00,7838.0,7838.0,7838.5,7838.0,7838.5,100
2026-09-23 01:29:00-04:00,7838.25,7838.25,7838.25,7837.75,7838.0,111
2026-09-23 01:30:00-04:00,7838.0,7838.0,7838.5,7837.75,7838.5,239
2026-09-23 01:31:00-04:00,7837.25,7837.25,7838.25,7837.25,7838.25,114
2026-09-23 01:32:00-04:00,7837.5,7837.5,7838.0,7837.25,7837.5,150
2026-09-23 01:33:00-04:00,7837.0,7837.0,7838.0,7837.0,7837.75,103
2026-09-23 01:34:00-04:00,7836.0,7836.0,7837.0,7835.5,7837.0,457
2026-09-23 01:35:00-04:00,7836.25,7836.25,7836.5,7835.75,7836.0,360
2026-09-23 01:36:00-04:00,7836.5,7836.5,7836.75,7836.0,7836.0,118
2026-09-23 01:37:00-04:00,7837.5,7837.5,7837.5,7836.25,7836.5,93
2026-09-23 01:38:00-04:00,7837.25,7837.25,7837.5,7836.5,7837.25,134
2026-09-23 01:39:00-04:00,7837.25,7837.25,7837.5,7836.75,7837.25,106
2026-09-23 01:40:00-04:00,7837.25,7837.25,7837.25,7837.0,7837.0,129
2026-09-23 01:41:00-04:00,7837.75,7837.75,7838.0,7837.25,7837.5,154
2026-09-23 01:42:00-04:00,7837.0,7837.0,7838.25,7837.0,7838.0,154
2026-09-23 01:43:00-04:00,7835.75,7835.75,7837.25,7835.75,7837.0,135
2026-09-23 01:44:00-04:00,7836.75,7836.75,7837.0,7835.75,7835.75,155
2026-09-23 01:45:00-04:00,7837.25,7837.25,7837.5,7836.75,7836.75,96
2026-09-23 01:46:00-04:00,7837.75,7837.75,7838.0,7837.25,7837.25,109
2026-09-23 01:47:00-04:00,7838.25,7838.25,7838.25,7837.5,7837.5,62
2026-09-23 01:48:00-04:00,7838.0,7838.0,7838.5,7837.75,7838.25,94
2026-09-23 01:49:00-04:00,7837.0,7837.0,7837.75,7836.5,7837.75,117
2026-09-23 01:50:00-04:00,7837.75,7837.75,7837.75,7837.0,7837.0,89
2026-09-23 01:51:00-04:00,7838.0,7838.0,7838.0,7837.5,7837.5,82
2026-09-23 01:52:00-04:00,7838.75,7838.75,7838.75,7838.0,7838.0,115
2026-09-23 01:53:00-04:00,7838.0,7838.0,7838.75,7838.0,7838.5,133
2026-09-23 01:54:00-04:00,7838.0,7838.0,7838.5,7837.75,7838.25,146
2026-09-23 01:55:00-04:00,7836.75,7836.75,7838.25,7836.25,7838.25,205
2026-09-23 01:56:00-04:00,7836.75,7836.75,7837.25,7836.25,7836.5,133
2026-09-23 01:57:00-04:00,7836.25,7836.25,7837.0,7836.0,7836.75,92
2026-09-23 01:58:00-04:00,7836.5,7836.5,7836.5,7836.0,7836.25,139
2026-09-23 01:59:00-04:00,7836.25,7836.25,7836.5,7836.25,7836.25,91
2026-09-23 02:00:00-04:00,7837.25,7837.25,7837.5,7836.0,7836.5,223
2026-09-23 02:01:00-04:00,7837.75,7837.75,7837.75,7837.0,7837.25,159
2026-09-23 02:02:00-04:00,7839.5,7839.5,7839.5,7837.75,7838.0,297
2026-09-23 02:03:00-04:00,7839.25,7839.25,7839.5,7838.75,7839.5,135
2026-09-23 02:04:00-04:00,7837.75,7837.75,7839.0,7837.5,7839.0,199
2026-09-23 02:05:00-04:00,7838.75,7838.75,7838.75,7837.5,7837.75,171
2026-09-23 02:06:00-04:00,7839.75,7839.75,7840.0,7838.5,7838.5,251
2026-09-23 02:07:00-04:00,7839.25,7839.25,7840.25,7839.25,7839.75,189
2026-09-23 02:08:00-04:00,7838.75,7838.75,7839.25,7838.25,7839.25,96
2026-09-23 02:09:00-04:00,7837.75,7837.75,7838.75,7837.5,7838.75,125
2026-09-23 02:10:00-04:00,7838.5,7838.5,7838.5,7838.0,7838.0,134
2026-09-23 02:11:00-04:00,7839.0,7839.0,7839.25,7838.25,7838.5,140
2026-09-23 02:12:00-04:00,7838.5,7838.5,7839.0,7838.5,7838.75,77
2026-09-23 02:13:00-04:00,7839.5,7839.5,7839.75,7838.5,7838.5,109
2026-09-23 02:14:00-04:00,7839.75,7839.75,7839.75,7839.25,7839.5,90
2026-09-23 02:15:00-04:00,7839.25,7839.25,7839.75,7838.75,7839.75,157
2026-09-23 02:16:00-04:00,7839.75,7839.75,7840.0,7839.25,7839.25,61
2026-09-23 02:17:00-04:00,7839.5,7839.5,7840.0,7839.5,7839.75,109
2026-09-23 02:18:00-04:00,7839.5,7839.5,7839.75,7839.25,7839.5,114
2026-09-23 02:19:00-04:00,7839.25,7839.25,7839.75,7839.0,7839.5,57
2026-09-23 02:20:00-04:00,7838.75,7838.75,7839.5,7838.5,7839.25,171
2026-09-23 02:21:00-04:00,7836.25,7836.25,7838.75,7836.25,7838.75,842
2026-09-23 02:22:00-04:00,7837.75,7837.75,7837.75,7836.0,7836.25,253
2026-09-23 02:23:00-04:00,7837.5,7837.5,7838.25,7837.0,7837.75,85
2026-09-23 02:24:00-04:00,7837.75,7837.75,7837.75,7837.5,7837.5,33
2026-09-23 02:25:00-04:00,7838.5,7838.5,7838.5,7838.0,7838.0,120
2026-09-23 02:26:00-04:00,7839.0,7839.0,7839.25,7838.5,7838.75,86
2026-09-23 02:27:00-04:00,7839.0,7839.0,7839.5,7838.5,7839.0,159
2026-09-23 02:28:00-04:00,7838.75,7838.75,7839.25,7838.5,7838.75,96
2026-09-23 02:29:00-04:00,7838.5,7838.5,7839.25,7838.5,7839.0,128
2026-09-23 02:30:00-04:00,7839.0,7839.0,7839.25,7838.5,7838.75,182
2026-09-23 02:31:00-04:00,7840.75,7840.75,7840.75,7838.75,7839.0,219
2026-09-23 02:32:00-04:00,7840.5,7840.5,7840.75,7839.25,7840.75,232
2026-09-23 02:33:00-04:00,7840.0,7840.0,7841.0,7840.0,7840.5,173
2026-09-23 02:34:00-04:00,7841.0,7841.0,7841.0,7839.75,7840.0,188
2026-09-23 02:35:00-04:00,7842.25,7842.25,7842.5,7841.0,7841.25,337
2026-09-23 02:36:00-04:00,7842.5,7842.5,7842.5,7841.5,7842.25,318
2026-09-23 02:37:00-04:00,7842.5,7842.5,7842.75,7842.25,7842.5,181
2026-09-23 02:38:00-04:00,7842.5,7842.5,7842.5,7842.25,7842.5,223
2026-09-23 02:39:00-04:00,7842.5,7842.5,7842.75,7842.0,7842.25,143
2026-09-23 02:40:00-04:00,7841.75,7841.75,7842.25,7841.5,7842.25,88
2026-09-23 02:41:00-04:00,7841.5,7841.5,7841.75,7841.25,7841.75,77
2026-09-23 02:42:00-04:00,7842.25,7842.25,7842.25,7841.5,7841.5,104
2026-09-23 02:43:00-04:00,7842.25,7842.25,7842.75,7842.25,7842.5,96
2026-09-23 02:44:00-04:00,7843.0,7843.0,7843.25,7842.25,7842.25,221
2026-09-23 02:45:00-04:00,7841.0,7841.0,7842.75,7841.0,7842.75,175
2026-09-23 02:46:00-04:00,7839.0,7839.0,7841.25,7839.0,7841.25,339
2026-09-23 02:47:00-04:00,7840.75,7840.75,7841.0,7839.0,7839.0,235
2026-09-23 02:48:00-04:00,7841.75,7841.75,7842.0,7841.0,7841.0,137
2026-09-23 02:49:00-04:00,7842.0,7842.0,7842.25,7842.0,7842.0,101
2026-09-23 02:50:00-04:00,7841.0,7841.0,7842.0,7841.0,7842.0,119
2026-09-23 02:51:00-04:00,7841.5,7841.5,7841.75,7840.75,7840.75,49
2026-09-23 02:52:00-04:00,7841.0,7841.0,7841.5,7840.75,7841.5,33
2026-09-23 02:53:00-04:00,7839.5,7839.5,7840.75,7839.5,7840.75,75
2026-09-23 02:54:00-04:00,7839.75,7839.75,7839.75,7839.25,7839.75,73
2026-09-23 02:55:00-04:00,7839.25,7839.25,7839.5,7838.75,7839.5,100
2026-09-23 02:56:00-04:00,7838.75,7838.75,7839.25,7838.75,7839.0,52
2026-09-23 02:57:00-04:00,7838.25,7838.25,7838.5,7838.0,7838.5,161
2026-09-23 02:58:00-04:00,7837.5,7837.5,7838.25,7837.5,7838.25,181
2026-09-23 02:59:00-04:00,7837.5,7837.5,7837.75,7837.0,7837.5,122
2026-09-23 03:00:00-04:00,7837.0,7837.0,7838.5,7836.75,7837.25,607
2026-09-23 03:01:00-04:00,7838.5,7838.5,7838.5,7836.75,7837.0,394
2026-09-23 03:02:00-04:00,7838.0,7838.0,7838.5,7838.0,7838.5,135
2026-09-23 03:03:00-04:00,7838.75,7838.75,7839.0,7837.75,7838.0,227
2026-09-23 03:04:00-04:00,7839.0,7839.0,7839.0,7838.25,7838.75,199
2026-09-23 03:05:00-04:00,7837.25,7837.25,7839.25,7837.0,7839.0,224
2026-09-23 03:06:00-04:00,7838.0,7838.0,7838.75,7837.25,7837.25,323
2026-09-23 03:07:00-04:00,7837.25,7837.25,7837.75,7836.75,7837.75,258
2026-09-23 03:08:00-04:00,7837.25,7837.25,7837.75,7836.75,7837.5,154
2026-09-23 03:09:00-04:00,7836.25,7836.25,7837.0,7836.0,7837.0,216
2026-09-23 03:10:00-04:00,7836.25,7836.25,7836.75,7835.75,7836.5,254
2026-09-23 03:11:00-04:00,7837.75,7837.75,7838.0,7836.5,7836.5,445
2026-09-23 03:12:00-04:00,7837.5,7837.5,7838.0,7837.5,7837.75,311
2026-09-23 03:13:00-04:00,7838.0,7838.0,7838.5,7837.25,7837.25,212
2026-09-23 03:14:00-04:00,7838.5,7838.5,7838.75,7838.0,7838.25,119
2026-09-23 03:15:00-04:00,7839.0,7839.0,7839.25,7838.5,7838.75,205
2026-09-23 03:16:00-04:00,7838.75,7838.75,7839.0,7838.25,7838.75,37
2026-09-23 03:17:00-04:00,7837.5,7837.5,7838.75,7837.5,7838.75,111
2026-09-23 03:18:00-04:00,7837.25,7837.25,7837.5,7836.75,7837.5,125
2026-09-23 03:19:00-04:00,7837.0,7837.0,7837.5,7837.0,7837.5,72
2026-09-23 03:20:00-04:00,7837.5,7837.5,7837.75,7836.75,7837.25,105
2026-09-23 03:21:00-04:00,7837.25,7837.25,7837.75,7837.25,7837.5,68
2026-09-23 03:22:00-04:00,7837.25,7837.25,7837.5,7837.0,7837.5,105
2026-09-23 03:23:00-04:00,7836.5,7836.5,7837.0,7836.0,7837.0,174
2026-09-23 03:24:00-04:00,7836.0,7836.0,7837.0,7836.0,7836.5,124
2026-09-23 03:25:00-04:00,7836.25,7836.25,7836.25,7835.25,7836.0,193
2026-09-23 03:26:00-04:00,7835.75,7835.75,7836.25,7835.75,7836.0,119
2026-09-23 03:27:00-04:00,7837.75,7837.75,7837.75,7835.5,7835.75,116
2026-09-23 03:28:00-04:00,7838.0,7838.0,7838.5,7837.5,7837.75,201
2026-09-23 03:29:00-04:00,7838.75,7838.75,7839.25,7837.75,7837.75,127
2026-09-23 03:30:00-04:00,7838.0,7838.0,7839.0,7837.5,7838.75,290
2026-09-23 03:31:00-04:00,7838.0,7838.0,7838.75,7838.0,7838.25,155
2026-09-23 03:32:00-04:00,7836.75,7836.75,7837.75,7836.75,7837.75,327
2026-09-23 03:33:00-04:00,7836.25,7836.25,7837.0,7835.75,7836.75,257
2026-09-23 03:34:00-04:00,7836.25,7836.25,7836.75,7836.0,7836.25,149
2026-09-23 03:35:00-04:00,7837.0,7837.0,7837.5,7836.25,7836.25,416
2026-09-23 03:36:00-04:00,7836.75,7836.75,7837.25,7836.75,7836.75,90
2026-09-23 03:37:00-04:00,7837.75,7837.75,7838.0,7836.75,7837.0,113
2026-09-23 03:38:00-04:00,7837.25,7837.25,7838.75,7837.25,7837.75,199
2026-09-23 03:39:00-04:00,7837.0,7837.0,7837.5,7837.0,7837.5,134
2026-09-23 03:40:00-04:00,7838.25,7838.25,7838.5,7837.0,7837.0,129
2026-09-23 03:41:00-04:00,7838.5,7838.5,7838.5,7838.0,7838.25,74
2026-09-23 03:42:00-04:00,7837.75,7837.75,7838.75,7837.5,7838.5,135
2026-09-23 03:43:00-04:00,7838.0,7838.0,7838.0,7837.5,7837.5,123
2026-09-23 03:44:00-04:00,7838.0,7838.0,7838.25,7837.75,7838.0,166
2026-09-23 03:45:00-04:00,7838.25,7838.25,7838.5,7838.0,7838.25,123
2026-09-23 03:46:00-04:00,7838.25,7838.25,7838.5,7838.0,7838.25,92
2026-09-23 03:47:00-04:00,7838.0,7838.0,7838.5,7837.75,7838.25,149
2026-09-23 03:48:00-04:00,7839.25,7839.25,7839.25,7838.0,7838.0,236
2026-09-23 03:49:00-04:00,7840.0,7840.0,7840.25,7839.25,7839.5,344
2026-09-23 03:50:00-04:00,7840.25,7840.25,7840.75,7839.75,7840.0,172
2026-09-23 03:51:00-04:00,7840.75,7840.75,7841.25,7840.5,7840.5,129
2026-09-23 03:52:00-04:00,7839.5,7839.5,7840.75,7839.25,7840.75,190
2026-09-23 03:53:00-04:00,7838.25,7838.25,7839.5,7838.25,7839.5,208
2026-09-23 03:54:00-04:00,7838.5,7838.5,7838.5,7838.0,7838.5,122
2026-09-23 03:55:00-04:00,7839.25,7839.25,7839.5,7838.5,7838.5,208
2026-09-23 03:56:00-04:00,7840.25,7840.25,7840.25,7839.0,7839.0,232
2026-09-23 03:57:00-04:00,7840.0,7840.0,7840.5,7839.75,7840.25,110
2026-09-23 03:58:00-04:00,7839.25,7839.25,7840.0,7839.0,7840.0,102
2026-09-23 03:59:00-04:00,7839.25,7839.25,7839.75,7839.0,7839.25,125
2026-09-23 04:00:00-04:00,7839.75,7839.75,7840.0,7839.25,7839.5,442
2026-09-23 04:01:00-04:00,7839.75,7839.75,7840.25,7839.75,7840.0,205
2026-09-23 04:02:00-04:00,7839.0,7839.0,7840.5,7839.0,7839.75,189
2026-09-23 04:03:00-04:00,7838.0,7838.0,7839.5,7837.25,7839.0,303
2026-09-23 04:04:00-04:00,7838.0,7838.0,7838.5,7837.75,7838.0,150
2026-09-23 04:05:00-04:00,7837.5,7837.5,7838.25,7837.5,7838.0,265
2026-09-23 04:06:00-04:00,7838.75,7838.75,7838.75,7837.0,7837.25,494
2026-09-23 04:07:00-04:00,7839.75,7839.75,7840.25,7839.0,7839.0,300
2026-09-23 04:08:00-04:00,7840.0,7840.0,7840.0,7839.25,7839.5,136
2026-09-23 04:09:00-04:00,7840.0,7840.0,7840.0,7839.5,7839.75,114
2026-09-23 04:10:00-04:00,7840.25,7840.25,7840.5,7839.75,7839.75,147
2026-09-23 04:11:00-04:00,7840.0,7840.0,7840.5,7839.75,7840.0,195
2026-09-23 04:12:00-04:00,7841.0,7841.0,7841.25,7839.75,7840.0,290
2026-09-23 04:13:00-04:00,7840.75,7840.75,7841.25,7840.5,7841.0,176
2026-09-23 04:14:00-04:00,7840.5,7840.5,7840.75,7839.75,7840.75,136
2026-09-23 04:15:00-04:00,7841.0,7841.0,7841.0,7840.25,7840.5,160
2026-09-23 04:16:00-04:00,7840.5,7840.5,7841.0,7839.75,7841.0,152
2026-09-23 04:17:00-04:00,7840.25,7840.25,7840.75,7839.5,7840.5,209
2026-09-23 04:18:00-04:00,7839.5,7839.5,7840.0,7839.25,7840.0,161
2026-09-23 04:19:00-04:00,7840.75,7840.75,7840.75,7839.25,7839.5,116
2026-09-23 04:20:00-04:00,7841.0,7841.0,7841.5,7840.75,7840.75,98
2026-09-23 04:21:00-04:00,7840.75,7840.75,7842.0,7840.5,7841.0,216
2026-09-23 04:22:00-04:00,7841.25,7841.25,7841.25,7840.5,7840.75,123
2026-09-23 04:23:00-04:00,7841.5,7841.5,7841.5,7840.75,7841.25,101
2026-09-23 04:24:00-04:00,7841.75,7841.75,7842.25,7841.25,7841.5,156
2026-09-23 04:25:00-04:00,7840.75,7840.75,7842.0,7840.75,7841.75,146
2026-09-23 04:26:00-04:00,7840.0,7840.0,7840.75,7839.5,7840.75,151
2026-09-23 04:27:00-04:00,7840.5,7840.5,7840.5,7840.25,7840.25,62
2026-09-23 04:28:00-04:00,7840.0,7840.0,7840.25,7839.75,7840.25,138
2026-09-23 04:29:00-04:00,7839.5,7839.5,7840.0,7839.0,7840.0,147
2026-09-23 04:30:00-04:00,7840.0,7840.0,7840.25,7839.0,7839.5,267
2026-09-23 04:31:00-04:00,7839.25,7839.25,7840.25,7839.25,7840.25,158
2026-09-23 04:32:00-04:00,7839.5,7839.5,7840.0,7839.0,7839.25,132
2026-09-23 04:33:00-04:00,7840.25,7840.25,7840.25,7839.25,7839.75,115
2026-09-23 04:34:00-04:00,7839.5,7839.5,7840.25,7839.5,7840.0,149
2026-09-23 04:35:00-04:00,7838.75,7838.75,7839.75,7838.5,7839.75,103
2026-09-23 04:36:00-04:00,7839.0,7839.0,7839.25,7838.5,7838.75,351
2026-09-23 04:37:00-04:00,7837.25,7837.25,7838.75,7837.25,7838.75,384
2026-09-23 04:38:00-04:00,7836.0,7836.0,7837.0,7835.5,7837.0,455
2026-09-23 04:39:00-04:00,7836.75,7836.75,7836.75,7836.0,7836.25,216
2026-09-23 04:40:00-04:00,7836.75,7836.75,7836.75,7835.75,7836.5,132
2026-09-23 04:41:00-04:00,7837.0,7837.0,7837.25,7836.75,7836.75,116
2026-09-23 04:42:00-04:00,7836.0,7836.0,7836.75,7835.75,7836.75,201
2026-09-23 04:43:00-04:00,7835.75,7835.75,7836.0,7835.0,7835.75,436
2026-09-23 04:44:00-04:00,7835.5,7835.5,7836.0,7835.5,7835.75,81
2026-09-23 04:45:00-04:00,7835.5,7835.5,7835.75,7835.25,7835.5,98
2026-09-23 04:46:00-04:00,7835.25,7835.25,7835.5,7835.0,7835.5,144
2026-09-23 04:47:00-04:00,7834.5,7834.5,7835.25,7834.25,7835.0,249
2026-09-23 04:48:00-04:00,7835.75,7835.75,7835.75,7834.25,7834.25,195
2026-09-23 04:49:00-04:00,7836.25,7836.25,7836.25,7835.75,7835.75,100
2026-09-23 04:50:00-04:00,7836.5,7836.5,7836.5,7836.0,7836.25,173
2026-09-23 04:51:00-04:00,7835.75,7835.75,7836.25,7835.75,7836.25,80
2026-09-23 04:52:00-04:00,7835.75,7835.75,7836.75,7835.75,7835.75,118
2026-09-23 04:53:00-04:00,7836.0,7836.0,7836.25,7835.5,7835.5,80
2026-09-23 04:54:00-04:00,7836.5,7836.5,7836.75,7836.0,7836.0,116
2026-09-23 04:55:00-04:00,7837.0,7837.0,7837.0,7836.5,7836.75,94
2026-09-23 04:56:00-04:00,7836.25,7836.25,7837.0,7836.0,7837.0,109
2026-09-23 04:57:00-04:00,7837.5,7837.5,7837.75,7836.25,7836.25,203
2026-09-23 04:58:00-04:00,7837.0,7837.0,7837.5,7836.75,7837.5,152
2026-09-23 04:59:00-04:00,7836.75,7836.75,7837.0,7836.5,7837.0,73
2026-09-23 05:00:00-04:00,7837.25,7837.25,7838.0,7836.5,7836.5,231
2026-09-23 05:01:00-04:00,7836.75,7836.75,7837.25,7836.75,7837.25,136
2026-09-23 05:02:00-04:00,7836.75,7836.75,7837.0,7836.25,7836.75,74
2026-09-23 05:03:00-04:00,7835.25,7835.25,7836.75,7835.25,7836.75,161
2026-09-23 05:04:00-04:00,7835.25,7835.25,7835.5,7834.75,7835.25,230
2026-09-23 05:05:00-04:00,7835.0,7835.0,7835.25,7834.75,7835.0,191
2026-09-23 05:06:00-04:00,7835.5,7835.5,7835.75,7835.0,7835.0,186
2026-09-23 05:07:00-04:00,7836.5,7836.5,7836.5,7835.75,7835.75,89
2026-09-23 05:08:00-04:00,7837.5,7837.5,7837.5,7836.5,7836.75,109
2026-09-23 05:09:00-04:00,7837.25,7837.25,7837.5,7836.75,7837.25,100
2026-09-23 05:10:00-04:00,7835.5,7835.5,7837.0,7835.25,7837.0,326
2026-09-23 05:11:00-04:00,7835.25,7835.25,7835.5,7834.75,7835.5,142
2026-09-23 05:12:00-04:00,7835.75,7835.75,7836.5,7835.5,7835.5,128
2026-09-23 05:13:00-04:00,7835.0,7835.0,7836.0,7835.0,7836.0,120
2026-09-23 05:14:00-04:00,7835.0,7835.0,7835.0,7834.75,7835.0,159
2026-09-23 05:15:00-04:00,7834.25,7834.25,7835.0,7834.25,7835.0,105
2026-09-23 05:16:00-04:00,7834.75,7834.75,7835.0,7834.0,7834.5,131
2026-09-23 05:17:00-04:00,7834.75,7834.75,7834.75,7834.5,7834.75,101
2026-09-23 05:18:00-04:00,7835.0,7835.0,7835.25,7834.75,7834.75,135
2026-09-23 05:19:00-04:00,7835.75,7835.75,7835.75,7834.75,7834.75,123
2026-09-23 05:20:00-04:00,7835.5,7835.5,7836.25,7835.25,7836.0,157
2026-09-23 05:21:00-04:00,7836.75,7836.75,7836.75,7835.75,7835.75,64
2026-09-23 05:22:00-04:00,7837.25,7837.25,7837.5,7836.5,7836.75,101
2026-09-23 05:23:00-04:00,7838.25,7838.25,7838.5,7837.25,7837.25,163
2026-09-23 05:24:00-04:00,7838.5,7838.5,7838.5,7838.0,7838.25,163
2026-09-23 05:25:00-04:00,7839.0,7839.0,7839.0,7838.25,7838.75,217
2026-09-23 05:26:00-04:00,7839.25,7839.25,7839.25,7838.75,7839.0,130
2026-09-23 05:27:00-04:00,7838.75,7838.75,7839.0,7838.75,7839.0,137
2026-09-23 05:28:00-04:00,7838.25,7838.25,7838.75,7838.25,7838.5,105
2026-09-23 05:29:00-04:00,7837.0,7837.0,7838.25,7837.0,7838.0,187
2026-09-23 05:30:00-04:00,7838.0,7838.0,7838.0,7836.75,7837.0,99
2026-09-23 05:31:00-04:00,7838.0,7838.0,7838.0,7837.5,7838.0,137
2026-09-23 05:32:00-04:00,7838.0,7838.0,7838.0,7837.0,7838.0,138
2026-09-23 05:33:00-04:00,7836.75,7836.75,7838.0,7836.5,7838.0,170
2026-09-23 05:34:00-04:00,7836.75,7836.75,7837.0,7836.0,7836.75,119
2026-09-23 05:35:00-04:00,7837.25,7837.25,7837.75,7836.75,7836.75,122
2026-09-23 05:36:00-04:00,7837.5,7837.5,7837.75,7837.25,7837.25,75
2026-09-23 05:37:00-04:00,7837.25,7837.25,7838.0,7837.25,7837.75,122
2026-09-23 05:38:00-04:00,7837.0,7837.0,7837.25,7837.0,7837.0,61
2026-09-23 05:39:00-04:00,7836.5,7836.5,7837.0,7836.5,7837.0,108
2026-09-23 05:40:00-04:00,7835.75,7835.75,7836.5,7835.75,7836.5,133
2026-09-23 05:41:00-04:00,7836.25,7836.25,7836.5,7835.25,7836.0,118
2026-09-23 05:42:00-04:00,7836.25,7836.25,7836.75,7836.0,7836.0,144
2026-09-23 05:43:00-04:00,7836.0,7836.0,7836.25,7836.0,7836.25,67
2026-09-23 05:44:00-04:00,7836.0,7836.0,7836.0,7836.0,7836.0,39
2026-09-23 05:45:00-04:00,7835.0,7835.0,7835.75,7835.0,7835.75,182
2026-09-23 05:46:00-04:00,7834.75,7834.75,7835.0,7834.25,7835.0,139
2026-09-23 05:47:00-04:00,7834.75,7834.75,7835.25,7834.5,7834.75,128
2026-09-23 05:48:00-04:00,7832.75,7832.75,7834.5,7832.5,7834.5,526
2026-09-23 05:49:00-04:00,7833.75,7833.75,7834.0,7832.5,7832.5,265
2026-09-23 05:50:00-04:00,7833.75,7833.75,7834.0,7833.5,7833.75,82
2026-09-23 05:51:00-04:00,7833.5,7833.5,7834.0,7833.5,7833.75,143
2026-09-23 05:52:00-04:00,7834.5,7834.5,7834.5,7833.5,7833.5,97
2026-09-23 05:53:00-04:00,7834.25,7834.25,7834.75,7834.25,7834.5,73
2026-09-23 05:54:00-04:00,7835.25,7835.25,7835.5,7834.25,7834.25,139
2026-09-23 05:55:00-04:00,7835.25,7835.25,7835.5,7834.25,7835.0,159
2026-09-23 05:56:00-04:00,7834.0,7834.0,7835.0,7833.75,7835.0,220
2026-09-23 05:57:00-04:00,7834.5,7834.5,7835.0,7834.0,7834.0,70
2026-09-23 05:58:00-04:00,7834.5,7834.5,7834.5,7834.25,7834.5,157
2026-09-23 05:59:00-04:00,7834.75,7834.75,7834.75,7834.25,7834.75,156
2026-09-23 06:00:00-04:00,7834.75,7834.75,7835.0,7834.25,7834.75,218
2026-09-23 06:01:00-04:00,7835.5,7835.5,7835.5,7834.5,7834.75,174
2026-09-23 06:02:00-04:00,7835.75,7835.75,7835.75,7835.25,7835.5,140
2026-09-23 06:03:00-04:00,7836.0,7836.0,7836.0,7835.0,7835.75,90
2026-09-23 06:04:00-04:00,7836.25,7836.25,7837.0,7836.0,7836.0,152
2026-09-23 06:05:00-04:00,7836.5,7836.5,7836.5,7835.75,7836.25,82
2026-09-23 06:06:00-04:00,7836.0,7836.0,7836.5,7836.0,7836.5,111
2026-09-23 06:07:00-04:00,7836.25,7836.25,7836.75,7836.0,7836.25,98
2026-09-23 06:08:00-04:00,7836.5,7836.5,7836.75,7836.0,7836.25,68
2026-09-23 06:09:00-04:00,7836.5,7836.5,7837.25,7836.25,7836.5,142
2026-09-23 06:10:00-04:00,7836.0,7836.0,7837.25,7836.0,7836.75,198
2026-09-23 06:11:00-04:00,7836.75,7836.75,7837.0,7836.25,7836.25,124
2026-09-23 06:12:00-04:00,7837.25,7837.25,7838.0,7836.75,7836.75,377
2026-09-23 06:13:00-04:00,7837.75,7837.75,7838.0,7837.25,7837.25,82
2026-09-23 06:14:00-04:00,7837.75,7837.75,7838.0,7837.75,7837.75,102
2026-09-23 06:15:00-04:00,7838.25,7838.25,7838.5,7837.75,7837.75,100
2026-09-23 06:16:00-04:00,7837.75,7837.75,7838.25,7837.75,7838.25,108
2026-09-23 06:17:00-04:00,7838.5,7838.5,7838.5,7837.75,7837.75,116
2026-09-23 06:18:00-04:00,7837.75,7837.75,7838.5,7837.75,7838.25,102
2026-09-23 06:19:00-04:00,7839.25,7839.25,7839.25,7838.0,7838.0,202
2026-09-23 06:20:00-04:00,7838.25,7838.25,7839.25,7838.0,7839.25,112
2026-09-23 06:21:00-04:00,7838.0,7838.0,7838.75,7837.75,7838.5,108
2026-09-23 06:22:00-04:00,7837.5,7837.5,7838.25,7837.5,7838.0,87
2026-09-23 06:23:00-04:00,7837.0,7837.0,7837.75,7837.0,7837.75,127
2026-09-23 06:24:00-04:00,7837.5,7837.5,7837.5,7836.75,7837.25,80
2026-09-23 06:25:00-04:00,7837.5,7837.5,7838.25,7837.5,7837.75,128
2026-09-23 06:26:00-04:00,7837.5,7837.5,7837.75,7837.25,7837.5,69
2026-09-23 06:27:00-04:00,7837.25,7837.25,7837.75,7837.25,7837.5,84
2026-09-23 06:28:00-04:00,7837.5,7837.5,7837.5,7837.0,7837.25,95
2026-09-23 06:29:00-04:00,7838.25,7838.25,7838.5,7837.5,7837.5,138
2026-09-23 06:30:00-04:00,7838.0,7838.0,7838.5,7837.75,7838.5,125
2026-09-23 06:31:00-04:00,7838.0,7838.0,7838.25,7837.5,7838.0,112
2026-09-23 06:32:00-04:00,7838.25,7838.25,7838.25,7837.75,7838.0,81
2026-09-23 06:33:00-04:00,7837.5,7837.5,7838.25,7837.5,7838.25,89
2026-09-23 06:34:00-04:00,7836.0,7836.0,7837.25,7836.0,7837.25,460
2026-09-23 06:35:00-04:00,7834.75,7834.75,7836.25,7834.5,7836.0,214
2026-09-23 06:36:00-04:00,7836.0,7836.0,7836.0,7834.5,7834.5,57
2026-09-23 06:37:00-04:00,7836.0,7836.0,7836.75,7836.0,7836.0,89
2026-09-23 06:38:00-04:00,7836.0,7836.0,7836.25,7835.75,7836.0,88
2026-09-23 06:39:00-04:00,7837.25,7837.25,7837.5,7836.0,7836.0,99
2026-09-23 06:40:00-04:00,7836.0,7836.0,7837.0,7835.75,7837.0,116
2026-09-23 06:41:00-04:00,7836.25,7836.25,7836.5,7836.0,7836.0,129
2026-09-23 06:42:00-04:00,7836.0,7836.0,7836.5,7836.0,7836.5,71
2026-09-23 06:43:00-04:00,7836.0,7836.0,7836.5,7835.25,7836.0,173
2026-09-23 06:44:00-04:00,7836.0,7836.0,7836.0,7835.75,7835.75,52
2026-09-23 06:45:00-04:00,7834.5,7834.5,7836.0,7834.25,7836.0,251
2026-09-23 06:46:00-04:00,7835.25,7835.25,7835.5,7834.25,7834.5,153
2026-09-23 06:47:00-04:00,7835.25,7835.25,7835.5,7834.75,7835.25,122
2026-09-23 06:48:00-04:00,7835.25,7835.25,7835.5,7835.0,7835.5,86
2026-09-23 06:49:00-04:00,7834.75,7834.75,7835.0,7834.75,7835.0,96
2026-09-23 06:50:00-04:00,7834.0,7834.0,7835.0,7834.0,7835.0,232
2026-09-23 06:51:00-04:00,7835.0,7835.0,7835.25,7834.0,7834.0,103
2026-09-23 06:52:00-04:00,7835.25,7835.25,7835.25,7834.75,7834.75,105
2026-09-23 06:53:00-04:00,7835.0,7835.0,7835.5,7835.0,7835.0,51
2026-09-23 06:54:00-04:00,7835.75,7835.75,7835.75,7835.0,7835.0,115
2026-09-23 06:55:00-04:00,7836.0,7836.0,7836.5,7835.75,7835.75,162
2026-09-23 06:56:00-04:00,7836.0,7836.0,7837.0,7836.0,7836.25,117
2026-09-23 06:57:00-04:00,7836.0,7836.0,7836.5,7835.75,7836.0,113
2026-09-23 06:58:00-04:00,7836.75,7836.75,7836.75,7836.0,7836.0,81
2026-09-23 06:59:00-04:00,7836.0,7836.0,7836.75,7836.0,7836.75,134
2026-09-23 07:00:00-04:00,7834.75,7834.75,7836.25,7834.25,7835.75,649
2026-09-23 07:01:00-04:00,7835.0,7835.0,7835.75,7834.75,7834.75,299
2026-09-23 07:02:00-04:00,7834.25,7834.25,7835.5,7834.25,7835.0,346
2026-09-23 07:03:00-04:00,7834.25,7834.25,7835.5,7834.25,7834.5,246
2026-09-23 07:04:00-04:00,7833.5,7833.5,7834.25,7833.0,7834.0,185
2026-09-23 07:05:00-04:00,7832.5,7832.5,7833.25,7832.5,7833.25,309
2026-09-23 07:06:00-04:00,7832.5,7832.5,7833.25,7832.25,7832.25,328
2026-09-23 07:07:00-04:00,7833.0,7833.0,7833.25,7832.75,7832.75,127
2026-09-23 07:08:00-04:00,7832.75,7832.75,7833.75,7832.5,7833.0,156
2026-09-23 07:09:00-04:00,7834.0,7834.0,7834.5,7832.5,7832.75,248
2026-09-23 07:10:00-04:00,7834.0,7834.0,7834.5,7833.75,7834.0,137
2026-09-23 07:11:00-04:00,7834.75,7834.75,7834.75,7833.75,7833.75,99
2026-09-23 07:12:00-04:00,7834.0,7834.0,7835.0,7833.5,7834.75,440
2026-09-23 07:13:00-04:00,7834.0,7834.0,7834.25,7833.75,7834.0,151
2026-09-23 07:14:00-04:00,7833.5,7833.5,7834.0,7833.0,7834.0,140
2026-09-23 07:15:00-04:00,7834.0,7834.0,7834.25,7833.5,7833.5,250
2026-09-23 07:16:00-04:00,7835.0,7835.0,7835.25,7833.5,7833.75,179
2026-09-23 07:17:00-04:00,7834.5,7834.5,7835.0,7834.5,7835.0,104
2026-09-23 07:18:00-04:00,7834.5,7834.5,7835.0,7834.25,7834.5,196
2026-09-23 07:19:00-04:00,7833.75,7833.75,7835.0,7833.25,7834.5,242
2026-09-23 07:20:00-04:00,7832.75,7832.75,7833.75,7832.5,7833.5,274
2026-09-23 07:21:00-04:00,7830.5,7830.5,7832.5,7830.25,7832.5,669
2026-09-23 07:22:00-04:00,7830.0,7830.0,7830.75,7829.5,7830.5,484
2026-09-23 07:23:00-04:00,7828.75,7828.75,7830.0,7828.0,7830.0,483
2026-09-23 07:24:00-04:00,7828.5,7828.5,7829.0,7828.0,7828.75,312
2026-09-23 07:25:00-04:00,7827.75,7827.75,7830.0,7827.75,7828.5,370
2026-09-23 07:26:00-04:00,7827.5,7827.5,7828.5,7827.25,7828.0,288
2026-09-23 07:27:00-04:00,7827.0,7827.0,7827.75,7826.75,7827.5,357
2026-09-23 07:28:00-04:00,7828.25,7828.25,7828.75,7826.5,7827.25,424
2026-09-23 07:29:00-04:00,7827.0,7827.0,7828.5,7826.5,7828.5,477
2026-09-23 07:30:00-04:00,7825.5,7825.5,7827.25,7825.0,7827.0,359
2026-09-23 07:31:00-04:00,7826.5,7826.5,7826.75,7825.25,7825.5,583
2026-09-23 07:32:00-04:00,7824.25,7824.25,7826.5,7823.75,7826.5,563
2026-09-23 07:33:00-04:00,7824.25,7824.25,7825.75,7823.75,7824.5,337
2026-09-23 07:34:00-04:00,7824.0,7824.0,7824.5,7823.25,7824.0,439
2026-09-23 07:35:00-04:00,7823.75,7823.75,7824.5,7822.75,7824.0,417
2026-09-23 07:36:00-04:00,7823.5,7823.5,7824.25,7823.25,7824.0,351
2026-09-23 07:37:00-04:00,7822.0,7822.0,7823.5,7822.0,7823.5,392
2026-09-23 07:38:00-04:00,7820.75,7820.75,7822.75,7820.0,7822.0,957
2026-09-23 07:39:00-04:00,7822.25,7822.25,7822.5,7820.25,7820.75,614
2026-09-23 07:40:00-04:00,7821.25,7821.25,7822.5,7820.5,7822.25,893
2026-09-23 07:41:00-04:00,7821.25,7821.25,7822.0,7821.0,7821.25,294
2026-09-23 07:42:00-04:00,7819.75,7819.75,7821.25,7819.75,7821.25,516
2026-09-23 07:43:00-04:00,7819.25,7819.25,7820.0,7819.0,7819.75,758
2026-09-23 07:44:00-04:00,7821.75,7821.75,7822.0,7819.0,7819.0,740
2026-09-23 07:45:00-04:00,7824.5,7824.5,7825.0,7821.5,7821.5,1026
2026-09-23 07:46:00-04:00,7826.25,7826.25,7826.25,7824.25,7824.5,603
2026-09-23 07:47:00-04:00,7826.5,7826.5,7827.0,7826.25,7826.5,528
2026-09-23 07:48:00-04:00,7826.25,7826.25,7827.25,7824.5,7826.5,870
2026-09-23 07:49:00-04:00,7826.25,7826.25,7827.25,7825.75,7826.25,547
2026-09-23 07:50:00-04:00,7825.75,7825.75,7826.25,7824.5,7826.0,392
2026-09-23 07:51:00-04:00,7826.0,7826.0,7826.5,7825.5,7825.75,228
2026-09-23 07:52:00-04:00,7825.5,7825.5,7827.25,7825.0,7826.0,355
2026-09-23 07:53:00-04:00,7825.25,7825.25,7826.0,7825.25,7825.5,245
2026-09-23 07:54:00-04:00,7825.75,7825.75,7826.0,7825.25,7825.25,143
2026-09-23 07:55:00-04:00,7826.75,7826.75,7826.75,7825.5,7825.75,205
2026-09-23 07:56:00-04:00,7826.25,7826.25,7826.5,7825.75,7826.5,249
2026-09-23 07:57:00-04:00,7826.25,7826.25,7826.5,7825.5,7826.0,243
2026-09-23 07:58:00-04:00,7825.75,7825.75,7826.75,7825.75,7826.25,300
2026-09-23 07:59:00-04:00,7826.5,7826.5,7827.25,7825.75,7825.75,460
2026-09-23 08:00:00-04:00,7826.5,7826.5,7828.25,7826.0,7826.5,755
2026-09-23 08:01:00-04:00,7824.25,7824.25,7826.5,7824.0,7826.25,646
2026-09-23 08:02:00-04:00,7823.75,7823.75,7824.75,7823.75,7824.25,301
2026-09-23 08:03:00-04:00,7823.5,7823.5,7824.75,7823.5,7824.0,912
2026-09-23 08:04:00-04:00,7822.75,7822.75,7824.0,7822.5,7823.5,369
2026-09-23 08:05:00-04:00,7822.75,7822.75,7823.5,7822.5,7822.75,267
2026-09-23 08:06:00-04:00,7823.0,7823.0,7824.25,7823.0,7823.0,354
2026-09-23 08:07:00-04:00,7822.5,7822.5,7823.25,7821.5,7823.0,496
2026-09-23 08:08:00-04:00,7822.0,7822.0,7823.0,7821.75,7822.5,337
2026-09-23 08:09:00-04:00,7822.5,7822.5,7822.75,7821.5,7822.0,343
2026-09-23 08:10:00-04:00,7822.5,7822.5,7823.25,7822.25,7822.5,289
2026-09-23 08:11:00-04:00,7821.5,7821.5,7822.5,7821.5,7822.25,452
2026-09-23 08:12:00-04:00,7821.0,7821.0,7822.0,7821.0,7822.0,446
2026-09-23 08:13:00-04:00,7820.75,7820.75,7821.25,7819.5,7821.0,495
2026-09-23 08:14:00-04:00,7820.5,7820.5,7821.25,7820.0,7820.5,375
2026-09-23 08:15:00-04:00,7820.25,7820.25,7821.5,7820.25,7820.5,447
2026-09-23 08:16:00-04:00,7819.75,7819.75,7820.75,7819.75,7820.25,352
2026-09-23 08:17:00-04:00,7819.0,7819.0,7820.25,7818.75,7819.75,525
2026-09-23 08:18:00-04:00,7820.0,7820.0,7820.5,7818.75,7819.25,380
2026-09-23 08:19:00-04:00,7820.75,7820.75,7821.5,7820.0,7820.0,626
2026-09-23 08:20:00-04:00,7820.5,7820.5,7821.0,7819.75,7820.75,510
2026-09-23 08:21:00-04:00,7820.75,7820.75,7821.25,7820.0,7820.5,315
2026-09-23 08:22:00-04:00,7821.75,7821.75,7822.25,7820.5,7820.75,369
2026-09-23 08:23:00-04:00,7820.5,7820.5,7822.0,7820.0,7821.75,283
2026-09-23 08:24:00-04:00,7822.5,7822.5,7822.5,7820.75,7820.75,438
2026-09-23 08:25:00-04:00,7821.75,7821.75,7823.25,7821.25,7822.5,411
2026-09-23 08:26:00-04:00,7821.5,7821.5,7822.0,7821.25,7821.75,176
2026-09-23 08:27:00-04:00,7821.75,7821.75,7821.75,7820.75,7821.5,380
2026-09-23 08:28:00-04:00,7822.25,7822.25,7823.0,7821.25,7821.75,403
2026-09-23 08:29:00-04:00,7822.5,7822.5,7823.0,7822.0,7822.25,195
2026-09-23 08:30:00-04:00,7823.5,7823.5,7823.5,7822.25,7822.5,350
2026-09-23 08:31:00-04:00,7823.0,7823.0,7823.5,7822.5,7823.5,405
2026-09-23 08:32:00-04:00,7823.25,7823.25,7824.0,7823.0,7823.25,430
2026-09-23 08:33:00-04:00,7823.5,7823.5,7823.75,7823.25,7823.5,274
2026-09-23 08:34:00-04:00,7823.25,7823.25,7823.5,7822.75,7823.5,459
2026-09-23 08:35:00-04:00,7823.5,7823.5,7824.0,7822.5,7823.0,459
2026-09-23 08:36:00-04:00,7823.75,7823.75,7824.5,7823.5,7823.5,255
2026-09-23 08:37:00-04:00,7823.25,7823.25,7823.75,7822.75,7823.75,462
2026-09-23 08:38:00-04:00,7824.75,7824.75,7824.75,7823.0,7823.0,358
2026-09-23 08:39:00-04:00,7823.5,7823.5,7824.75,7823.5,7824.75,833
2026-09-23 08:40:00-04:00,7823.0,7823.0,7823.5,7822.5,7823.5,651
2026-09-23 08:41:00-04:00,7822.25,7822.25,7823.0,7822.0,7823.0,395
2026-09-23 08:42:00-04:00,7822.5,7822.5,7823.0,7821.75,7822.25,494
2026-09-23 08:43:00-04:00,7821.75,7821.75,7822.25,7821.5,7822.25,433
2026-09-23 08:44:00-04:00,7821.5,7821.5,7821.75,7821.25,7821.75,379
2026-09-23 08:45:00-04:00,7821.25,7821.25,7822.0,7820.75,7821.75,387
2026-09-23 08:46:00-04:00,7821.5,7821.5,7821.75,7821.0,7821.5,196
2026-09-23 08:47:00-04:00,7823.25,7823.25,7823.5,7821.5,7821.75,448
2026-09-23 08:48:00-04:00,7822.0,7822.0,7823.25,7821.75,7823.25,322
2026-09-23 08:49:00-04:00,7821.75,7821.75,7822.0,7821.0,7822.0,274
2026-09-23 08:50:00-04:00,7821.25,7821.25,7821.75,7821.0,7821.75,238
2026-09-23 08:51:00-04:00,7820.75,7820.75,7821.25,7820.25,7821.0,342
2026-09-23 08:52:00-04:00,7821.25,7821.25,7821.25,7819.75,7820.75,268
2026-09-23 08:53:00-04:00,7821.0,7821.0,7821.5,7820.25,7821.25,434
2026-09-23 08:54:00-04:00,7821.0,7821.0,7821.75,7820.25,7821.25,432
2026-09-23 08:55:00-04:00,7820.75,7820.75,7820.75,7819.5,7820.75,423
2026-09-23 08:56:00-04:00,7822.75,7822.75,7823.0,7820.75,7820.75,447
2026-09-23 08:57:00-04:00,7822.25,7822.25,7823.0,7822.0,7822.75,434
2026-09-23 08:58:00-04:00,7822.75,7822.75,7823.0,7821.75,7822.25,305
2026-09-23 08:59:00-04:00,7823.5,7823.5,7824.0,7823.0,7823.0,298
2026-09-23 09:00:00-04:00,7822.5,7822.5,7824.0,7822.25,7823.75,777
2026-09-23 09:01:00-04:00,7822.5,7822.5,7822.5,7821.75,7822.5,488
2026-09-23 09:02:00-04:00,7822.0,7822.0,7823.0,7822.0,7822.25,281
2026-09-23 09:03:00-04:00,7822.5,7822.5,7823.0,7821.5,7822.0,468
2026-09-23 09:04:00-04:00,7822.5,7822.5,7822.75,7822.0,7822.25,306
2026-09-23 09:05:00-04:00,7822.5,7822.5,7822.75,7822.25,7822.75,435
2026-09-23 09:06:00-04:00,7822.25,7822.25,7822.75,7822.0,7822.75,350
2026-09-23 09:07:00-04:00,7820.5,7820.5,7822.25,7820.25,7822.25,556
2026-09-23 09:08:00-04:00,7821.0,7821.0,7821.0,7820.25,7820.25,358
2026-09-23 09:09:00-04:00,7820.75,7820.75,7821.25,7820.5,7821.25,279
2026-09-23 09:10:00-04:00,7819.5,7819.5,7821.25,7819.5,7820.75,670
2026-09-23 09:11:00-04:00,7820.25,7820.25,7820.25,7819.25,7819.75,399
2026-09-23 09:12:00-04:00,7820.75,7820.75,7821.0,7820.0,7820.25,475
2026-09-23 09:13:00-04:00,7821.0,7821.0,7821.25,7820.5,7820.75,456
2026-09-23 09:14:00-04:00,7821.5,7821.5,7821.75,7820.75,7821.0,390
2026-09-23 09:15:00-04:00,7821.75,7821.75,7821.75,7820.25,7821.25,637
2026-09-23 09:16:00-04:00,7821.25,7821.25,7822.5,7821.25,7821.75,1210
2026-09-23 09:17:00-04:00,7823.0,7823.0,7823.0,7820.5,7821.5,451
2026-09-23 09:18:00-04:00,7822.5,7822.5,7823.5,7822.5,7823.0,400
2026-09-23 09:19:00-04:00,7822.5,7822.5,7822.75,7821.75,7822.75,242
2026-09-23 09:20:00-04:00,7822.75,7822.75,7823.0,7822.25,7822.25,248
2026-09-23 09:21:00-04:00,7821.25,7821.25,7822.75,7821.25,7822.5,481
2026-09-23 09:22:00-04:00,7820.5,7820.5,7821.5,7820.5,7821.0,325
2026-09-23 09:23:00-04:00,7821.75,7821.75,7822.0,7820.5,7820.5,326
2026-09-23 09:24:00-04:00,7821.5,7821.5,7823.25,7821.0,7821.75,1506
2026-09-23 09:25:00-04:00,7823.5,7823.5,7824.25,7821.25,7821.75,1155
2026-09-23 09:26:00-04:00,7824.5,7824.5,7824.75,7823.25,7823.25,1037
2026-09-23 09:27:00-04:00,7824.5,7824.5,7825.75,7824.25,7824.25,1306
2026-09-23 09:28:00-04:00,7824.75,7824.75,7825.75,7823.25,7824.5,2333
2026-09-23 09:29:00-04:00,7823.5,7823.5,7825.0,7823.25,7824.75,2086
2026-09-23 09:30:00-04:00,7821.0,7821.0,7826.25,7821.0,7823.5,10542
2026-09-23 09:31:00-04:00,7824.0,7824.0,7824.25,7821.0,7821.25,4372
2026-09-23 09:32:00-04:00,7824.0,7824.0,7824.0,7821.25,7824.0,3146
2026-09-23 09:33:00-04:00,7824.0,7824.0,7824.5,7822.5,7823.75,2711
2026-09-23 09:34:00-04:00,7819.75,7819.75,7824.0,7819.75,7823.75,2569
2026-09-23 09:35:00-04:00,7817.75,7817.75,7820.25,7815.75,7819.75,7229
2026-09-23 09:36:00-04:00,7819.0,7819.0,7819.5,7817.0,7817.75,3011
2026-09-23 09:37:00-04:00,7818.25,7818.25,7819.25,7817.25,7819.0,2699
2026-09-23 09:38:00-04:00,7817.5,7817.5,7819.5,7817.25,7818.5,2574
2026-09-23 09:39:00-04:00,7816.75,7816.75,7819.25,7816.25,7817.5,2853
2026-09-23 09:40:00-04:00,7816.5,7816.5,7817.75,7815.75,7817.0,3691
2026-09-23 09:41:00-04:00,7816.25,7816.25,7817.5,7815.5,7816.5,3624
2026-09-23 09:42:00-04:00,7814.75,7814.75,7817.0,7814.5,7816.5,2402
2026-09-23 09:43:00-04:00,7814.75,7814.75,7816.5,7814.5,7814.75,2403
2026-09-23 09:44:00-04:00,7814.5,7814.5,7816.0,7814.5,7814.75,1783
2026-09-23 09:45:00-04:00,7811.75,7811.75,7815.0,7811.0,7814.75,5149
2026-09-23 09:46:00-04:00,7808.5,7808.5,7811.75,7808.25,7811.5,5341
2026-09-23 09:47:00-04:00,7807.75,7807.75,7809.5,7806.0,7808.75,6320
2026-09-23 09:48:00-04:00,7806.75,7806.75,7808.0,7806.25,7807.75,3769
2026-09-23 09:49:00-04:00,7806.25,7806.25,7806.75,7805.0,7806.75,4872
2026-09-23 09:50:00-04:00,7806.75,7806.75,7808.25,7805.75,7806.5,5891
2026-09-23 09:51:00-04:00,7805.0,7805.0,7806.75,7804.25,7806.75,4219
2026-09-23 09:52:00-04:00,7803.0,7803.0,7805.0,7802.5,7804.75,5004
2026-09-23 09:53:00-04:00,7805.0,7805.0,7806.75,7802.0,7803.0,5164
2026-09-23 09:54:00-04:00,7802.25,7802.25,7805.0,7801.75,7804.75,4405
2026-09-23 09:55:00-04:00,7801.0,7801.0,7802.75,7800.75,7802.25,4416
2026-09-23 09:56:00-04:00,7800.5,7800.5,7801.5,7799.25,7801.0,4863
2026-09-23 09:57:00-04:00,7802.25,7802.25,7802.75,7800.5,7800.75,4244
2026-09-23 09:58:00-04:00,7802.75,7802.75,7804.0,7801.75,7802.25,4473
2026-09-23 09:59:00-04:00,7801.75,7801.75,7803.25,7801.0,7802.75,3265
2026-09-23 10:00:00-04:00,7804.5,7804.5,7805.5,7801.0,7801.75,5906
2026-09-23 10:01:00-04:00,7802.0,7802.0,7805.0,7801.5,7804.75,4090
2026-09-23 10:02:00-04:00,7800.5,7800.5,7802.25,7800.25,7802.0,3838
2026-09-23 10:03:00-04:00,7798.75,7798.75,7800.75,7798.75,7800.5,3753
2026-09-23 10:04:00-04:00,7799.5,7799.5,7800.75,7798.25,7799.0,5019
2026-09-23 10:05:00-04:00,7797.75,7797.75,7800.75,7797.25,7799.75,4461
2026-09-23 10:06:00-04:00,7799.0,7799.0,7800.0,7797.25,7797.75,4723
2026-09-23 10:07:00-04:00,7796.5,7796.5,7799.25,7796.5,7799.25,4166
2026-09-23 10:08:00-04:00,7795.25,7795.25,7797.25,7795.0,7796.5,4452
2026-09-23 10:09:00-04:00,7795.0,7795.0,7796.0,7793.75,7795.0,4510
2026-09-23 10:10:00-04:00,7792.75,7792.75,7795.25,7791.0,7795.0,7327
2026-09-23 10:11:00-04:00,7791.5,7791.5,7792.75,7788.75,7792.5,8034
2026-09-23 10:12:00-04:00,7789.25,7789.25,7793.0,7789.25,7791.25,7054
2026-09-23 10:13:00-04:00,7790.25,7790.25,7790.75,7787.5,7789.25,6905
2026-09-23 10:14:00-04:00,7790.75,7790.75,7792.75,7789.25,7790.25,7512
2026-09-23 10:15:00-04:00,7793.5,7793.5,7793.75,7789.25,7790.75,7012
2026-09-23 10:16:00-04:00,7792.5,7792.5,7793.75,7791.75,7793.75,5130
2026-09-23 10:17:00-04:00,7788.5,7788.5,7793.5,7788.25,7792.75,6821
2026-09-23 10:18:00-04:00,7786.75,7786.75,7788.75,7786.0,7788.5,5639
2026-09-23 10:19:00-04:00,7785.75,7785.75,7787.25,7785.75,7787.0,5023
2026-09-23 10:20:00-04:00,7786.25,7786.25,7788.0,7784.75,7785.75,7191
2026-09-23 10:21:00-04:00,7783.0,7783.0,7787.0,7782.75,7786.25,5136
2026-09-23 10:22:00-04:00,7780.75,7780.75,7783.25,7779.75,7783.0,6834
2026-09-23 10:23:00-04:00,7781.75,7781.75,7782.5,7779.25,7780.75,7198
2026-09-23 10:24:00-04:00,7783.25,7783.25,7783.25,7780.25,7781.75,5611
2026-09-23 10:25:00-04:00,7781.5,7781.5,7784.75,7780.0,7783.0,10185
2026-09-23 10:26:00-04:00,7779.0,7779.0,7782.0,7778.0,7781.5,5889
2026-09-23 10:27:00-04:00,7780.25,7780.25,7782.0,7778.75,7778.75,4480
2026-09-23 10:28:00-04:00,7782.0,7782.0,7783.25,7780.0,7780.25,4947
2026-09-23 10:29:00-04:00,7783.0,7783.0,7784.25,7781.25,7782.0,4956
2026-09-23 10:30:00-04:00,7784.75,7784.75,7787.25,7783.0,7783.0,6221
2026-09-23 10:31:00-04:00,7784.75,7784.75,7786.0,7782.5,7785.0,5674
2026-09-23 10:32:00-04:00,7786.25,7786.25,7787.5,7784.0,7785.0,4791
2026-09-23 10:33:00-04:00,7788.0,7788.0,7788.75,7785.75,7786.25,4230
2026-09-23 10:34:00-04:00,7788.75,7788.75,7789.5,7786.75,7788.25,4701
2026-09-23 10:35:00-04:00,7792.25,7792.25,7793.25,7788.0,7788.5,7431
2026-09-23 10:36:00-04:00,7790.25,7790.25,7792.5,7789.5,7792.25,3479
2026-09-23 10:37:00-04:00,7788.75,7788.75,7793.5,7788.5,7790.25,9515
2026-09-23 10:38:00-04:00,7784.0,7784.0,7789.0,7783.75,7788.75,8771
2026-09-23 10:39:00-04:00,7783.0,7783.0,7784.5,7782.75,7784.0,3993
2026-09-23 10:40:00-04:00,7786.25,7786.25,7786.25,7781.0,7783.0,5834
2026-09-23 10:41:00-04:00,7785.25,7785.25,7786.5,7784.25,7786.0,3868
2026-09-23 10:42:00-04:00,7785.5,7785.5,7786.25,7784.25,7785.25,3363
2026-09-23 10:43:00-04:00,7786.0,7786.0,7786.5,7784.5,7785.5,2600
2026-09-23 10:44:00-04:00,7786.0,7786.0,7788.0,7785.75,7786.25,4004
2026-09-23 10:45:00-04:00,7786.0,7786.0,7787.25,7784.75,7786.0,3829
2026-09-23 10:46:00-04:00,7787.0,7787.0,7788.0,7785.0,7786.0,3351
2026-09-23 10:47:00-04:00,7785.25,7785.25,7787.5,7785.25,7787.25,2460
2026-09-23 10:48:00-04:00,7786.5,7786.5,7787.75,7785.5,7785.5,4039
2026-09-23 10:49:00-04:00,7786.75,7786.75,7788.0,7786.0,7786.5,3040
2026-09-23 10:50:00-04:00,7783.75,7783.75,7788.25,7783.5,7787.0,3359
2026-09-23 10:51:00-04:00,7789.0,7789.0,7793.75,7783.0,7783.5,11539
2026-09-23 10:52:00-04:00,7791.75,7791.75,7792.25,7787.75,7789.0,6661
2026-09-23 10:53:00-04:00,7799.0,7799.0,7799.25,7791.75,7791.75,13012
2026-09-23 10:54:00-04:00,7798.5,7798.5,7800.75,7795.75,7799.0,7583
2026-09-23 10:55:00-04:00,7796.5,7796.5,7799.5,7793.0,7798.75,9245
2026-09-23 10:56:00-04:00,7794.75,7794.75,7797.25,7794.75,7796.5,2573
2026-09-23 10:57:00-04:00,7796.5,7796.5,7797.75,7793.0,7794.75,4540
2026-09-23 10:58:00-04:00,7795.0,7795.0,7796.5,7795.0,7796.5,1910
2026-09-23 10:59:00-04:00,7797.25,7797.25,7797.75,7794.75,7795.25,2349
2026-09-23 11:00:00-04:00,7795.75,7795.75,7797.5,7793.75,7797.25,3694
2026-09-23 11:01:00-04:00,7795.0,7795.0,7797.25,7794.5,7795.75,3235
2026-09-23 11:02:00-04:00,7792.5,7792.5,7795.5,7792.5,7795.0,3842
2026-09-23 11:03:00-04:00,7792.0,7792.0,7793.0,7790.5,7792.5,2940
2026-09-23 11:04:00-04:00,7793.0,7793.0,7793.5,7790.75,7792.0,2288
2026-09-23 11:05:00-04:00,7791.25,7791.25,7793.5,7791.0,7793.0,2479
2026-09-23 11:06:00-04:00,7791.75,7791.75,7792.5,7790.25,7791.25,2311
2026-09-23 11:07:00-04:00,7793.0,7793.0,7793.75,7791.5,7792.0,2232
2026-09-23 11:08:00-04:00,7794.5,7794.5,7795.0,7793.0,7793.0,1828
2026-09-23 11:09:00-04:00,7794.0,7794.0,7795.0,7794.0,7794.5,1776
2026-09-23 11:10:00-04:00,7794.25,7794.25,7795.0,7793.25,7794.25,2730
2026-09-23 11:11:00-04:00,7791.75,7791.75,7794.75,7791.0,7794.5,2204
2026-09-23 11:12:00-04:00,7792.5,7792.5,7793.0,7790.75,7791.75,2627
2026-09-23 11:13:00-04:00,7792.5,7792.5,7792.75,7791.0,7792.5,2141
2026-09-23 11:14:00-04:00,7791.25,7791.25,7793.25,7791.25,7792.75,2231
2026-09-23 11:15:00-04:00,7792.25,7792.25,7793.25,7791.5,7791.5,2110
2026-09-23 11:16:00-04:00,7791.25,7791.25,7792.75,7790.0,7792.25,2429
2026-09-23 11:17:00-04:00,7789.5,7789.5,7791.25,7788.0,7791.25,3381
2026-09-23 11:18:00-04:00,7789.25,7789.25,7790.25,7789.0,7789.25,1979
2026-09-23 11:19:00-04:00,7791.0,7791.0,7792.25,7789.25,7789.25,2087
2026-09-23 11:20:00-04:00,7790.25,7790.25,7792.5,7790.25,7791.0,1696
2026-09-23 11:21:00-04:00,7792.25,7792.25,7793.0,7789.5,7790.25,2020
2026-09-23 11:22:00-04:00,7793.75,7793.75,7794.75,7792.0,7792.25,2813
2026-09-23 11:23:00-04:00,7792.75,7792.75,7794.5,7792.25,7793.75,2209
2026-09-23 11:24:00-04:00,7793.5,7793.5,7794.0,7791.75,7792.75,2307
2026-09-23 11:25:00-04:00,7793.5,7793.5,7795.0,7793.0,7793.5,2048
2026-09-23 11:26:00-04:00,7791.75,7791.75,7794.0,7790.75,7793.75,2436
2026-09-23 11:27:00-04:00,7790.5,7790.5,7792.0,7789.75,7792.0,2193
2026-09-23 11:28:00-04:00,7786.25,7786.25,7790.25,7786.0,7790.25,3609
2026-09-23 11:29:00-04:00,7785.0,7785.0,7786.5,7784.25,7786.5,4333
2026-09-23 11:30:00-04:00,7783.75,7783.75,7785.0,7783.0,7785.0,3690
2026-09-23 11:31:00-04:00,7784.0,7784.0,7785.0,7783.25,7783.5,3292
2026-09-23 11:32:00-04:00,7783.5,7783.5,7785.75,7783.0,7784.0,2398
2026-09-23 11:33:00-04:00,7784.0,7784.0,7784.75,7783.0,7783.5,1932
2026-09-23 11:34:00-04:00,7783.75,7783.75,7785.5,7783.75,7784.0,2710
2026-09-23 11:35:00-04:00,7784.75,7784.75,7785.5,7782.0,7783.75,2871
2026-09-23 11:36:00-04:00,7783.75,7783.75,7785.25,7783.25,7784.75,2083
2026-09-23 11:37:00-04:00,7784.25,7784.25,7784.5,7783.25,7783.75,1436
2026-09-23 11:38:00-04:00,7783.75,7783.75,7785.0,7783.75,7784.25,1622
2026-09-23 11:39:00-04:00,7784.0,7784.0,7785.0,7782.75,7783.5,1702
2026-09-23 11:40:00-04:00,7782.75,7782.75,7783.75,7781.75,7783.75,2695
2026-09-23 11:41:00-04:00,7781.25,7781.25,7783.75,7780.75,7782.75,3224
2026-09-23 11:42:00-04:00,7784.5,7784.5,7784.5,7781.25,7781.25,1919
2026-09-23 11:43:00-04:00,7786.5,7786.5,7786.75,7783.25,7784.5,2903
2026-09-23 11:44:00-04:00,7786.25,7786.25,7787.25,7785.75,7786.5,2187
2026-09-23 11:45:00-04:00,7785.75,7785.75,7787.0,7785.75,7786.25,1883
2026-09-23 11:46:00-04:00,7786.25,7786.25,7786.5,7785.0,7786.0,1503
2026-09-23 11:47:00-04:00,7782.75,7782.75,7786.25,7782.0,7786.25,2173
2026-09-23 11:48:00-04:00,7781.0,7781.0,7784.0,7780.75,7782.5,2838
2026-09-23 11:49:00-04:00,7779.5,7779.5,7781.0,7779.0,7781.0,5010
2026-09-23 11:50:00-04:00,7780.25,7780.25,7780.25,7778.5,7779.25,2737
2026-09-23 11:51:00-04:00,7777.75,7777.75,7780.5,7776.5,7780.25,4296
2026-09-23 11:52:00-04:00,7779.25,7779.25,7780.25,7777.25,7778.0,2783
2026-09-23 11:53:00-04:00,7779.5,7779.5,7779.75,7777.25,7779.25,2254
2026-09-23 11:54:00-04:00,7781.5,7781.5,7781.5,7779.25,7779.5,2232
2026-09-23 11:55:00-04:00,7781.75,7781.75,7783.0,7780.75,7781.75,2050
2026-09-23 11:56:00-04:00,7781.0,7781.0,7782.0,7780.25,7781.75,2145
2026-09-23 11:57:00-04:00,7780.5,7780.5,7781.25,7779.75,7781.0,1191
2026-09-23 11:58:00-04:00,7780.5,7780.5,7781.5,7779.75,7780.5,2174
2026-09-23 11:59:00-04:00,7780.5,7780.5,7780.75,7779.5,7780.5,1377
2026-09-23 12:00:00-04:00,7778.5,7778.5,7780.5,7778.0,7780.5,2354
2026-09-23 12:01:00-04:00,7778.75,7778.75,7779.5,7777.75,7778.5,1763
2026-09-23 12:02:00-04:00,7778.25,7778.25,7779.25,7777.75,7778.5,1334
2026-09-23 12:03:00-04:00,7778.0,7778.0,7778.25,7777.0,7778.25,1654
2026-09-23 12:04:00-04:00,7778.25,7778.25,7779.25,7777.5,7777.75,2175
2026-09-23 12:05:00-04:00,7778.25,7778.25,7778.5,7777.0,7778.25,1555
2026-09-23 12:06:00-04:00,7777.75,7777.75,7779.5,7777.5,7778.0,1406
2026-09-23 12:07:00-04:00,7779.5,7779.5,7780.0,7777.75,7777.75,1934
2026-09-23 12:08:00-04:00,7779.25,7779.25,7781.0,7779.25,7779.5,1811
2026-09-23 12:09:00-04:00,7779.0,7779.0,7779.75,7778.5,7779.0,1606
2026-09-23 12:10:00-04:00,7779.25,7779.25,7779.75,7778.5,7779.0,1066
2026-09-23 12:11:00-04:00,7780.25,7780.25,7780.75,7778.75,7779.25,1359
2026-09-23 12:12:00-04:00,7780.25,7780.25,7781.25,7779.5,7780.25,1662
2026-09-23 12:13:00-04:00,7780.25,7780.25,7780.5,7779.5,7780.25,1012
2026-09-23 12:14:00-04:00,7780.25,7780.25,7780.5,7779.5,7780.25,1060
2026-09-23 12:15:00-04:00,7781.25,7781.25,7781.25,7779.0,7780.0,2008
2026-09-23 12:16:00-04:00,7778.25,7778.25,7781.5,7777.75,7781.0,1950
2026-09-23 12:17:00-04:00,7777.75,7777.75,7778.25,7776.75,7778.0,2494
2026-09-23 12:18:00-04:00,7777.0,7777.0,7777.75,7775.5,7777.5,2148
2026-09-23 12:19:00-04:00,7778.0,7778.0,7778.0,7776.0,7776.75,1571
2026-09-23 12:20:00-04:00,7776.5,7776.5,7778.0,7775.5,7777.75,2297
2026-09-23 12:21:00-04:00,7776.75,7776.75,7777.0,7775.75,7776.5,1628
2026-09-23 12:22:00-04:00,7777.25,7777.25,7777.25,7775.25,7776.5,1551
2026-09-23 12:23:00-04:00,7777.25,7777.25,7777.75,7776.0,7777.0,2462
2026-09-23 12:24:00-04:00,7778.0,7778.0,7778.25,7776.5,7777.25,1407
2026-09-23 12:25:00-04:00,7778.75,7778.75,7778.75,7777.25,7777.75,1590
2026-09-23 12:26:00-04:00,7776.75,7776.75,7778.75,7776.25,7778.75,1671
2026-09-23 12:27:00-04:00,7777.75,7777.75,7778.0,7776.5,7776.75,1380
2026-09-23 12:28:00-04:00,7778.25,7778.25,7778.5,7777.25,7777.75,1204
2026-09-23 12:29:00-04:00,7778.25,7778.25,7779.0,7777.75,7778.25,1278
2026-09-23 12:30:00-04:00,7780.5,7780.5,7780.75,7778.0,7778.25,1987
2026-09-23 12:31:00-04:00,7780.75,7780.75,7781.0,7780.25,7780.75,1802
2026-09-23 12:32:00-04:00,7780.0,7780.0,7781.5,7780.0,7781.0,1649
2026-09-23 12:33:00-04:00,7779.25,7779.25,7780.75,7779.0,7780.0,1522
2026-09-23 12:34:00-04:00,7778.25,7778.25,7779.5,7777.75,7779.25,1219
2026-09-23 12:35:00-04:00,7778.25,7778.25,7779.5,7777.75,7778.5,1289
2026-09-23 12:36:00-04:00,7779.0,7779.0,7779.25,7778.25,7778.5,1278
2026-09-23 12:37:00-04:00,7778.0,7778.0,7779.25,7777.25,7778.75,1463
2026-09-23 12:38:00-04:00,7777.5,7777.5,7778.75,7777.25,7777.75,1277
2026-09-23 12:39:00-04:00,7777.0,7777.0,7777.75,7776.0,7777.75,1908
2026-09-23 12:40:00-04:00,7775.75,7775.75,7777.25,7775.25,7777.0,1611
2026-09-23 12:41:00-04:00,7775.0,7775.0,7776.0,7774.5,7776.0,2308
2026-09-23 12:42:00-04:00,7773.75,7773.75,7775.75,7773.75,7775.25,2040
2026-09-23 12:43:00-04:00,7774.25,7774.25,7774.75,7773.75,7773.75,1543
2026-09-23 12:44:00-04:00,7772.25,7772.25,7774.75,7772.0,7774.5,2816
2026-09-23 12:45:00-04:00,7772.0,7772.0,7774.0,7770.25,7772.25,7904
2026-09-23 12:46:00-04:00,7773.25,7773.25,7773.75,7771.0,7772.0,4653
2026-09-23 12:47:00-04:00,7772.75,7772.75,7775.25,7772.25,7773.5,3456
2026-09-23 12:48:00-04:00,7772.75,7772.75,7772.75,7771.5,7772.5,1696
2026-09-23 12:49:00-04:00,7770.0,7770.0,7772.75,7769.5,7772.75,2644
2026-09-23 12:50:00-04:00,7767.25,7767.25,7770.0,7767.0,7770.0,5763
2026-09-23 12:51:00-04:00,7766.25,7766.25,7767.5,7765.0,7767.5,4395
2026-09-23 12:52:00-04:00,7767.0,7767.0,7768.5,7765.75,7766.25,3710
2026-09-23 12:53:00-04:00,7765.0,7765.0,7767.25,7764.5,7767.25,4033
2026-09-23 12:54:00-04:00,7764.75,7764.75,7765.75,7764.25,7764.75,2533
2026-09-23 12:55:00-04:00,7765.0,7765.0,7767.0,7764.25,7764.75,3055
2026-09-23 12:56:00-04:00,7766.75,7766.75,7767.0,7764.5,7765.0,3406
2026-09-23 12:57:00-04:00,7765.75,7765.75,7768.0,7765.75,7766.75,3368
2026-09-23 12:58:00-04:00,7768.5,7768.5,7769.25,7765.5,7766.0,3007
2026-09-23 12:59:00-04:00,7768.5,7768.5,7769.75,7768.25,7768.5,2153
2026-09-23 13:00:00-04:00,7770.5,7770.5,7770.75,7768.25,7768.5,3492
2026-09-23 13:01:00-04:00,7770.75,7770.75,7771.5,7770.0,7770.25,1889
2026-09-23 13:02:00-04:00,7761.25,7761.25,7771.0,7761.25,7770.5,10099
2026-09-23 13:03:00-04:00,7759.75,7759.75,7764.25,7758.75,7761.25,7004
2026-09-23 13:04:00-04:00,7761.75,7761.75,7762.5,7759.25,7759.75,4227
2026-09-23 13:05:00-04:00,7763.25,7763.25,7764.75,7761.5,7761.75,3419
2026-09-23 13:06:00-04:00,7762.25,7762.25,7764.25,7760.25,7763.0,3253
2026-09-23 13:07:00-04:00,7762.75,7762.75,7764.5,7762.5,7762.5,2285
2026-09-23 13:08:00-04:00,7763.5,7763.5,7764.75,7762.75,7763.0,2416
2026-09-23 13:09:00-04:00,7765.75,7765.75,7766.5,7762.75,7763.75,2920
2026-09-23 13:10:00-04:00,7765.0,7765.0,7766.5,7764.5,7765.5,2562
2026-09-23 13:11:00-04:00,7763.0,7763.0,7767.25,7762.75,7765.25,2412
2026-09-23 13:12:00-04:00,7763.75,7763.75,7764.0,7762.5,7763.0,2263
2026-09-23 13:13:00-04:00,7764.5,7764.5,7765.25,7762.75,7763.75,2394
2026-09-23 13:14:00-04:00,7765.5,7765.5,7766.25,7763.75,7764.5,2026
2026-09-23 13:15:00-04:00,7766.5,7766.5,7767.0,7763.75,7765.5,2144
2026-09-23 13:16:00-04:00,7765.5,7765.5,7766.75,7764.75,7766.5,2433
2026-09-23 13:17:00-04:00,7767.75,7767.75,7768.5,7765.0,7765.5,2759
2026-09-23 13:18:00-04:00,7770.5,7770.5,7770.75,7768.0,7768.0,3576
2026-09-23 13:19:00-04:00,7773.25,7773.25,7773.75,7770.25,7770.75,3699
2026-09-23 13:20:00-04:00,7771.25,7771.25,7774.0,7770.75,7773.5,4423
2026-09-23 13:21:00-04:00,7770.0,7770.0,7772.5,7769.75,7771.25,3035
2026-09-23 13:22:00-04:00,7772.0,7772.0,7773.5,7770.25,7770.25,2628
2026-09-23 13:23:00-04:00,7769.5,7769.5,7772.5,7769.0,7772.0,2008
2026-09-23 13:24:00-04:00,7766.0,7766.0,7769.5,7766.0,7769.25,2060
2026-09-23 13:25:00-04:00,7767.25,7767.25,7768.25,7765.5,7766.0,2303
2026-09-23 13:26:00-04:00,7767.75,7767.75,7768.0,7766.25,7767.5,2194
2026-09-23 13:27:00-04:00,7767.0,7767.0,7768.25,7766.75,7768.0,1209
2026-09-23 13:28:00-04:00,7767.0,7767.0,7768.25,7767.0,7767.25,1589
2026-09-23 13:29:00-04:00,7767.0,7767.0,7767.75,7766.25,7767.0,1513
2026-09-23 13:30:00-04:00,7766.75,7766.75,7767.25,7764.75,7767.25,2537
2026-09-23 13:31:00-04:00,7769.0,7769.0,7769.0,7765.75,7766.5,2734
2026-09-23 13:32:00-04:00,7768.25,7768.25,7769.0,7765.75,7769.0,2455
2026-09-23 13:33:00-04:00,7769.5,7769.5,7770.0,7767.25,7768.25,2091
2026-09-23 13:34:00-04:00,7769.75,7769.75,7770.25,7769.25,7769.5,1725
2026-09-23 13:35:00-04:00,7767.25,7767.25,7770.0,7767.25,7770.0,1884
2026-09-23 13:36:00-04:00,7768.75,7768.75,7769.0,7767.0,7767.5,1308
2026-09-23 13:37:00-04:00,7770.0,7770.0,7770.25,7768.5,7769.0,1667
2026-09-23 13:38:00-04:00,7768.75,7768.75,7770.5,7768.5,7770.0,1520
2026-09-23 13:39:00-04:00,7767.75,7767.75,7769.25,7767.25,7768.75,1788
2026-09-23 13:40:00-04:00,7769.5,7769.5,7771.75,7765.75,7768.0,7940
2026-09-23 13:41:00-04:00,7771.75,7771.75,7773.25,7768.25,7769.5,4961
2026-09-23 13:42:00-04:00,7775.5,7775.5,7775.75,7771.25,7771.75,4151
2026-09-23 13:43:00-04:00,7779.25,7779.25,7780.0,7775.5,7775.75,6745
2026-09-23 13:44:00-04:00,7779.25,7779.25,7780.5,7777.75,7779.5,4111
2026-09-23 13:45:00-04:00,7780.75,7780.75,7781.25,7778.75,7779.25,4990
2026-09-23 13:46:00-04:00,7780.25,7780.25,7783.0,7780.0,7780.75,4436
2026-09-23 13:47:00-04:00,7778.5,7778.5,7780.5,7778.25,7780.0,3805
2026-09-23 13:48:00-04:00,7778.25,7778.25,7779.0,7776.75,7778.75,3811
2026-09-23 13:49:00-04:00,7778.5,7778.5,7779.25,7777.75,7778.25,2194
2026-09-23 13:50:00-04:00,7779.0,7779.0,7780.0,7778.25,7778.5,2563
2026-09-23 13:51:00-04:00,7778.0,7778.0,7779.5,7777.75,7779.0,1528
2026-09-23 13:52:00-04:00,7779.25,7779.25,7779.5,7777.5,7778.25,1792
2026-09-23 13:53:00-04:00,7778.5,7778.5,7780.25,7778.25,7779.25,2611
2026-09-23 13:54:00-04:00,7779.25,7779.25,7780.5,7776.5,7778.5,3185
2026-09-23 13:55:00-04:00,7778.75,7778.75,7780.0,7778.5,7779.5,1749
2026-09-23 13:56:00-04:00,7779.5,7779.5,7779.5,7778.0,7779.0,1528
2026-09-23 13:57:00-04:00,7782.5,7782.5,7782.75,7779.0,7779.5,2191
2026-09-23 13:58:00-04:00,7783.75,7783.75,7784.25,7782.25,7782.75,2137
2026-09-23 13:59:00-04:00,7784.25,7784.25,7785.25,7783.5,7783.75,2124
2026-09-23 14:00:00-04:00,7783.75,7783.75,7784.75,7782.75,7784.25,3328
2026-09-23 14:01:00-04:00,7782.25,7782.25,7784.0,7781.75,7784.0,2902
2026-09-23 14:02:00-04:00,7779.75,7779.75,7782.5,7779.25,7782.25,3551
2026-09-23 14:03:00-04:00,7778.5,7778.5,7780.0,7777.75,7779.75,2668
2026-09-23 14:04:00-04:00,7776.0,7776.0,7778.25,7775.5,7778.25,2844
2026-09-23 14:05:00-04:00,7776.75,7776.75,7776.75,7774.75,7776.0,2902
2026-09-23 14:06:00-04:00,7778.0,7778.0,7778.5,7776.75,7776.75,2277
2026-09-23 14:07:00-04:00,7777.75,7777.75,7778.5,7777.25,7778.0,1590
2026-09-23 14:08:00-04:00,7778.0,7778.0,7779.0,7777.5,7778.0,1662
2026-09-23 14:09:00-04:00,7778.25,7778.25,7779.0,7776.75,7778.25,1339
2026-09-23 14:10:00-04:00,7778.0,7778.0,7779.75,7778.0,7778.5,1819
2026-09-23 14:11:00-04:00,7778.25,7778.25,7779.5,7778.0,7778.0,1247
2026-09-23 14:12:00-04:00,7778.75,7778.75,7778.75,7777.25,7778.5,1236
2026-09-23 14:13:00-04:00,7778.0,7778.0,7778.5,7777.25,7778.5,1664
2026-09-23 14:14:00-04:00,7779.0,7779.0,7779.5,7777.75,7778.0,1236
2026-09-23 14:15:00-04:00,7779.25,7779.25,7779.75,7777.75,7779.0,1548
2026-09-23 14:16:00-04:00,7777.5,7777.5,7780.5,7777.25,7779.5,1700
2026-09-23 14:17:00-04:00,7779.0,7779.0,7779.5,7777.0,7777.5,2557
2026-09-23 14:18:00-04:00,7781.25,7781.25,7781.25,7779.0,7779.0,1806
2026-09-23 14:19:00-04:00,7779.5,7779.5,7781.75,7779.5,7781.0,1425
2026-09-23 14:20:00-04:00,7779.25,7779.25,7780.25,7778.75,7779.5,1452
2026-09-23 14:21:00-04:00,7778.0,7778.0,7779.75,7777.75,7779.5,1839
2026-09-23 14:22:00-04:00,7778.75,7778.75,7778.75,7777.75,7778.25,1157
2026-09-23 14:23:00-04:00,7778.75,7778.75,7780.0,7777.5,7778.75,1342
2026-09-23 14:24:00-04:00,7779.25,7779.25,7779.5,7778.5,7779.0,757
2026-09-23 14:25:00-04:00,7778.75,7778.75,7780.25,7778.75,7779.5,1352
2026-09-23 14:26:00-04:00,7778.0,7778.0,7779.75,7777.75,7778.75,1094
2026-09-23 14:27:00-04:00,7778.0,7778.0,7779.5,7778.0,7778.0,1297
2026-09-23 14:28:00-04:00,7777.25,7777.25,7778.25,7777.0,7778.0,2074
2026-09-23 14:29:00-04:00,7777.25,7777.25,7778.0,7776.25,7777.5,1565
2026-09-23 14:30:00-04:00,7775.5,7775.5,7778.0,7775.0,7777.0,2533
2026-09-23 14:31:00-04:00,7775.25,7775.25,7775.75,7774.25,7775.5,2190
2026-09-23 14:32:00-04:00,7776.25,7776.25,7776.25,7774.75,7775.25,1308
2026-09-23 14:33:00-04:00,7775.0,7775.0,7776.25,7774.5,7776.25,899
2026-09-23 14:34:00-04:00,7775.5,7775.5,7776.75,7773.5,7775.0,1801
2026-09-23 14:35:00-04:00,7776.0,7776.0,7776.0,7775.25,7775.5,1167
2026-09-23 14:36:00-04:00,7774.5,7774.5,7776.25,7774.25,7776.0,1124
2026-09-23 14:37:00-04:00,7772.0,7772.0,7774.5,7772.0,7774.5,1751
2026-09-23 14:38:00-04:00,7771.75,7771.75,7772.5,7770.25,7772.25,3115
2026-09-23 14:39:00-04:00,7771.5,7771.5,7772.25,7771.0,7771.5,1311
2026-09-23 14:40:00-04:00,7773.0,7773.0,7773.25,7771.5,7771.5,1875
2026-09-23 14:41:00-04:00,7773.0,7773.0,7774.0,7771.75,7772.75,1494
2026-09-23 14:42:00-04:00,7773.75,7773.75,7774.25,7772.75,7772.75,1167
2026-09-23 14:43:00-04:00,7774.25,7774.25,7775.25,7774.0,7774.0,1403
2026-09-23 14:44:00-04:00,7773.5,7773.5,7774.25,7773.0,7774.25,1173
2026-09-23 14:45:00-04:00,7773.0,7773.0,7773.75,7772.5,7773.5,1327
2026-09-23 14:46:00-04:00,7772.75,7772.75,7774.0,7772.5,7773.0,1054
2026-09-23 14:47:00-04:00,7773.25,7773.25,7774.0,7772.75,7772.75,1025
2026-09-23 14:48:00-04:00,7775.25,7775.25,7776.0,7773.0,7773.5,1491
2026-09-23 14:49:00-04:00,7775.75,7775.75,7775.75,7775.0,7775.25,1068
2026-09-23 14:50:00-04:00,7774.5,7774.5,7776.5,7774.25,7775.75,1825
2026-09-23 14:51:00-04:00,7774.75,7774.75,7774.75,7774.0,7774.5,855
2026-09-23 14:52:00-04:00,7773.5,7773.5,7774.75,7772.75,7774.75,1591
2026-09-23 14:53:00-04:00,7774.0,7774.0,7774.25,7772.75,7773.5,973
2026-09-23 14:54:00-04:00,7774.25,7774.25,7774.25,7773.0,7774.25,1071
2026-09-23 14:55:00-04:00,7776.5,7776.5,7776.5,7773.25,7774.25,1690
2026-09-23 14:56:00-04:00,7777.25,7777.25,7777.75,7776.5,7776.5,1806
2026-09-23 14:57:00-04:00,7777.75,7777.75,7777.75,7776.5,7777.5,1420
2026-09-23 14:58:00-04:00,7778.0,7778.0,7778.25,7777.25,7777.5,1847
2026-09-23 14:59:00-04:00,7776.75,7776.75,7778.0,7776.25,7777.75,1405
2026-09-23 15:00:00-04:00,7777.25,7777.25,7777.25,7775.5,7777.0,2422
2026-09-23 15:01:00-04:00,7777.0,7777.0,7778.25,7776.25,7777.5,2110
2026-09-23 15:02:00-04:00,7776.0,7776.0,7776.75,7775.5,7776.75,1499
2026-09-23 15:03:00-04:00,7773.0,7773.0,7776.25,7772.75,7776.25,1657
2026-09-23 15:04:00-04:00,7773.0,7773.0,7773.5,7772.5,7772.75,1678
2026-09-23 15:05:00-04:00,7773.5,7773.5,7773.75,7771.75,7773.0,1443
2026-09-23 15:06:00-04:00,7776.0,7776.0,7776.0,7772.75,7773.5,1911
2026-09-23 15:07:00-04:00,7777.25,7777.25,7778.0,7775.5,7776.0,2110
2026-09-23 15:08:00-04:00,7777.0,7777.0,7778.0,7776.75,7777.25,1661
2026-09-23 15:09:00-04:00,7776.25,7776.25,7777.5,7774.75,7777.0,1530
2026-09-23 15:10:00-04:00,7776.0,7776.0,7776.75,7775.5,7776.25,1263
2026-09-23 15:11:00-04:00,7776.75,7776.75,7776.75,7775.25,7776.0,1365
2026-09-23 15:12:00-04:00,7775.5,7775.5,7777.25,7775.25,7776.75,1544
2026-09-23 15:13:00-04:00,7774.75,7774.75,7775.5,7773.0,7775.5,1877
2026-09-23 15:14:00-04:00,7774.5,7774.5,7775.0,7774.0,7774.75,1420
2026-09-23 15:15:00-04:00,7772.25,7772.25,7775.0,7772.0,7774.5,1700
2026-09-23 15:16:00-04:00,7772.25,7772.25,7772.25,7770.75,7772.25,2119
2026-09-23 15:17:00-04:00,7772.75,7772.75,7772.75,7771.5,7772.25,1845
2026-09-23 15:18:00-04:00,7773.5,7773.5,7773.5,7772.0,7772.75,1621
2026-09-23 15:19:00-04:00,7773.0,7773.0,7774.25,7772.75,7773.5,1932
2026-09-23 15:20:00-04:00,7771.75,7771.75,7772.75,7770.75,7772.75,1483
2026-09-23 15:21:00-04:00,7771.5,7771.5,7772.0,7770.5,7771.75,1610
2026-09-23 15:22:00-04:00,7771.25,7771.25,7771.5,7770.5,7771.5,1149
2026-09-23 15:23:00-04:00,7771.5,7771.5,7772.5,7771.25,7771.25,1239
2026-09-23 15:24:00-04:00,7771.5,7771.5,7771.75,7771.0,7771.75,1006
2026-09-23 15:25:00-04:00,7771.0,7771.0,7773.25,7770.75,7771.75,2102
2026-09-23 15:26:00-04:00,7769.75,7769.75,7772.0,7769.25,7771.0,2756
2026-09-23 15:27:00-04:00,7770.25,7770.25,7770.75,7769.25,7769.5,2065
2026-09-23 15:28:00-04:00,7770.0,7770.0,7770.75,7769.5,7770.0,1431
2026-09-23 15:29:00-04:00,7771.75,7771.75,7771.75,7769.5,7769.75,1817
2026-09-23 15:30:00-04:00,7771.25,7771.25,7772.25,7770.25,7771.75,4243
2026-09-23 15:31:00-04:00,7772.0,7772.0,7772.75,7770.75,7771.25,2084
2026-09-23 15:32:00-04:00,7773.0,7773.0,7773.75,7771.75,7772.25,2637
2026-09-23 15:33:00-04:00,7774.5,7774.5,7774.5,7773.0,7773.25,2213
2026-09-23 15:34:00-04:00,7775.0,7775.0,7775.5,7774.25,7774.5,2489
2026-09-23 15:35:00-04:00,7773.75,7773.75,7775.0,7773.5,7775.0,2430
2026-09-23 15:36:00-04:00,7773.75,7773.75,7775.0,7773.75,7774.0,2134
2026-09-23 15:37:00-04:00,7773.75,7773.75,7774.5,7773.0,7774.0,2200
2026-09-23 15:38:00-04:00,7773.75,7773.75,7774.75,7773.5,7774.0,2133
2026-09-23 15:39:00-04:00,7775.5,7775.5,7775.5,7773.0,7773.75,2218
2026-09-23 15:40:00-04:00,7775.5,7775.5,7777.0,7774.75,7775.5,2457
2026-09-23 15:41:00-04:00,7773.25,7773.25,7775.5,7773.25,7775.25,2584
2026-09-23 15:42:00-04:00,7769.75,7769.75,7773.5,7769.75,7773.25,4317
2026-09-23 15:43:00-04:00,7769.75,7769.75,7770.0,7768.25,7770.0,3095
2026-09-23 15:44:00-04:00,7771.0,7771.0,7771.25,7769.5,7770.0,3754
2026-09-23 15:45:00-04:00,7772.25,7772.25,7773.5,7770.5,7771.0,3814
2026-09-23 15:46:00-04:00,7772.5,7772.5,7773.0,7771.0,7772.5,1993
2026-09-23 15:47:00-04:00,7775.0,7775.0,7775.0,7772.75,7772.75,2686
2026-09-23 15:48:00-04:00,7774.25,7774.25,7775.25,7773.25,7775.0,2359
2026-09-23 15:49:00-04:00,7774.75,7774.75,7775.0,7773.25,7774.5,2953
2026-09-23 15:50:00-04:00,7765.75,7765.75,7775.75,7764.25,7774.75,9411
2026-09-23 15:51:00-04:00,7762.75,7762.75,7766.25,7761.25,7765.75,6149
2026-09-23 15:52:00-04:00,7762.25,7762.25,7763.5,7761.0,7762.75,6510
2026-09-23 15:53:00-04:00,7765.5,7765.5,7765.5,7761.75,7762.25,6926
2026-09-23 15:54:00-04:00,7764.0,7764.0,7767.5,7763.75,7765.5,9706
2026-09-23 15:55:00-04:00,7768.75,7768.75,7771.25,7764.0,7764.0,13548
2026-09-23 15:56:00-04:00,7769.0,7769.0,7769.5,7766.75,7768.75,6923
2026-09-23 15:57:00-04:00,7770.5,7770.5,7772.25,7768.75,7769.25,7906
2026-09-23 15:58:00-04:00,7770.5,7770.5,7771.5,7769.75,7770.5,12921
2026-09-23 15:59:00-04:00,7773.75,7773.75,7776.0,7767.75,7770.5,80281
2026-09-23 16:00:00-04:00,7772.25,7772.25,7774.75,7772.25,7773.75,14088
2026-09-23 16:01:00-04:00,7772.5,7772.5,7773.5,7771.75,7772.25,3356
2026-09-23 16:02:00-04:00,7773.5,7773.5,7773.75,7772.0,7772.25,2773
2026-09-23 16:03:00-04:00,7773.0,7773.0,7774.0,7772.5,7773.25,1515
2026-09-23 16:04:00-04:00,7772.0,7772.0,7773.0,7771.25,7772.75,1144
2026-09-23 16:05:00-04:00,7771.5,7771.5,7772.25,7770.25,7772.0,1596
2026-09-23 16:06:00-04:00,7771.0,7771.0,7771.75,7771.0,7771.25,840
2026-09-23 16:07:00-04:00,7771.0,7771.0,7771.5,7770.5,7771.0,557
2026-09-23 16:08:00-04:00,7771.0,7771.0,7771.25,7770.75,7771.0,546
2026-09-23 16:09:00-04:00,7772.0,7772.0,7772.5,7771.0,7771.25,672
2026-09-23 16:10:00-04:00,7772.0,7772.0,7773.0,7771.75,7772.25,660
2026-09-23 16:11:00-04:00,7772.5,7772.5,7772.5,7771.75,7771.75,484
2026-09-23 16:12:00-04:00,7772.75,7772.75,7773.25,7772.25,7772.25,417
2026-09-23 16:13:00-04:00,7772.0,7772.0,7773.0,7772.0,7772.75,425
2026-09-23 16:14:00-04:00,7771.25,7771.25,7772.5,7771.0,7772.25,690
2026-09-23 16:15:00-04:00,7771.0,7771.0,7771.25,7770.25,7771.25,440
2026-09-23 16:16:00-04:00,7770.75,7770.75,7771.5,7770.5,7771.0,882
2026-09-23 16:17:00-04:00,7771.75,7771.75,7772.0,7770.75,7770.75,213
2026-09-23 16:18:00-04:00,7772.75,7772.75,7772.75,7771.5,7771.75,533
2026-09-23 16:19:00-04:00,7772.5,7772.5,7772.75,7772.25,7772.75,155
2026-09-23 16:20:00-04:00,7772.25,7772.25,7772.75,7772.0,7772.75,168
2026-09-23 16:21:00-04:00,7772.75,7772.75,7772.75,7771.75,7772.25,209
2026-09-23 16:22:00-04:00,7772.25,7772.25,7772.75,7772.25,7772.5,241
2026-09-23 16:23:00-04:00,7772.5,7772.5,7772.75,7772.25,7772.5,194
2026-09-23 16:24:00-04:00,7772.5,7772.5,7772.75,7772.25,7772.25,212
2026-09-23 16:25:00-04:00,7772.25,7772.25,7772.75,7772.0,7772.75,295
2026-09-23 16:26:00-04:00,7772.0,7772.0,7772.25,7772.0,7772.25,134
2026-09-23 16:27:00-04:00,7772.0,7772.0,7772.25,7772.0,7772.25,147
2026-09-23 16:28:00-04:00,7771.0,7771.0,7772.25,7770.75,7772.0,434
2026-09-23 16:29:00-04:00,7772.0,7772.0,7772.0,7771.0,7771.0,367
2026-09-23 16:30:00-04:00,7772.5,7772.5,7772.5,7772.0,7772.0,128
2026-09-23 16:31:00-04:00,7772.5,7772.5,7772.75,7772.0,7772.75,330
2026-09-23 16:32:00-04:00,7772.0,7772.0,7773.0,7772.0,7772.75,392
2026-09-23 16:33:00-04:00,7771.25,7771.25,7772.0,7771.25,7772.0,228
2026-09-23 16:34:00-04:00,7771.0,7771.0,7771.5,7771.0,7771.25,200
2026-09-23 16:35:00-04:00,7771.25,7771.25,7771.75,7771.0,7771.25,227
2026-09-23 16:36:00-04:00,7772.0,7772.0,7772.0,7771.5,7771.5,119
2026-09-23 16:37:00-04:00,7772.75,7772.75,7772.75,7771.75,7771.75,247
2026-09-23 16:38:00-04:00,7773.25,7773.25,7773.25,7772.75,7773.0,192
2026-09-23 16:39:00-04:00,7773.25,7773.25,7773.75,7773.25,7773.25,151
2026-09-23 16:40:00-04:00,7773.5,7773.5,7773.75,7773.25,7773.25,103
2026-09-23 16:41:00-04:00,7773.25,7773.25,7773.75,7773.25,7773.5,296
2026-09-23 16:46:00-04:00,7773.0,7773.0,7773.0,7773.0,7773.0,1062
2026-09-23 16:47:00-04:00,7772.5,7772.5,7773.0,7772.5,7773.0,205
2026-09-23 16:48:00-04:00,7772.25,7772.25,7772.5,7772.25,7772.5,229
2026-09-23 16:49:00-04:00,7772.0,7772.0,7772.5,7772.0,7772.25,248
2026-09-23 16:50:00-04:00,7772.0,7772.0,7772.5,7772.0,7772.0,179
2026-09-23 16:51:00-04:00,7772.5,7772.5,7772.75,7772.0,7772.0,169
2026-09-23 16:52:00-04:00,7772.25,7772.25,7772.5,7772.0,7772.5,244
2026-09-23 16:53:00-04:00,7772.75,7772.75,7772.75,7772.0,7772.25,115
2026-09-23 16:54:00-04:00,7772.75,7772.75,7772.75,7772.25,7772.75,146
2026-09-23 16:55:00-04:00,7772.75,7772.75,7772.75,7772.25,7772.75,149
2026-09-23 16:56:00-04:00,7772.75,7772.75,7773.0,7772.5,7772.75,165
2026-09-23 16:57:00-04:00,7772.75,7772.75,7773.0,7772.25,7772.75,183
2026-09-23 16:58:00-04:00,7772.5,7772.5,7772.75,7772.0,7772.5,332
2026-09-23 16:59:00-04:00,7772.75,7772.75,7773.0,7771.25,7772.5,673
2026-09-23 18:00:00-04:00,7776.75,7776.75,7777.25,7773.5,7774.75,0
2026-09-23 18:01:00-04:00,7776.75,7776.75,7777.5,7775.0,7776.75,266
2026-09-23 18:02:00-04:00,7777.5,7777.5,7778.0,7776.5,7776.75,176
2026-09-23 18:03:00-04:00,7777.0,7777.0,7778.0,7776.75,7777.75,195
2026-09-23 18:04:00-04:00,7776.5,7776.5,7777.0,7776.25,7777.0,83
2026-09-23 18:05:00-04:00,7776.5,7776.5,7777.25,7775.0,7776.25,235
2026-09-23 18:06:00-04:00,7777.5,7777.5,7777.5,7776.0,7776.25,104
2026-09-23 18:07:00-04:00,7777.0,7777.0,7778.0,7777.0,7777.5,74
2026-09-23 18:08:00-04:00,7777.75,7777.75,7777.75,7776.75,7776.75,62
2026-09-23 18:09:00-04:00,7778.0,7778.0,7778.0,7777.5,7777.75,88
2026-09-23 18:10:00-04:00,7777.25,7777.25,7778.0,7777.25,7778.0,50
2026-09-23 18:11:00-04:00,7777.5,7777.5,7777.5,7777.25,7777.5,86
2026-09-23 18:12:00-04:00,7777.75,7777.75,7777.75,7777.25,7777.5,29
2026-09-23 18:13:00-04:00,7777.75,7777.75,7778.0,7777.5,7777.5,52
2026-09-23 18:14:00-04:00,7777.75,7777.75,7778.0,7777.75,7777.75,28
2026-09-23 18:15:00-04:00,7778.75,7778.75,7779.25,7778.0,7778.0,172
2026-09-23 18:16:00-04:00,7777.5,7777.5,7779.25,7777.25,7778.75,291
2026-09-23 18:17:00-04:00,7777.25,7777.25,7777.75,7776.75,7777.5,94
2026-09-23 18:18:00-04:00,7778.0,7778.0,7778.0,7777.0,7777.25,61
2026-09-23 18:19:00-04:00,7777.25,7777.25,7778.0,7777.25,7777.75,79
2026-09-23 18:20:00-04:00,7777.75,7777.75,7777.75,7776.75,7777.25,70
2026-09-23 18:21:00-04:00,7776.5,7776.5,7777.75,7776.25,7777.25,72
2026-09-23 18:22:00-04:00,7776.75,7776.75,7777.0,7776.25,7776.75,38
2026-09-23 18:23:00-04:00,7777.25,7777.25,7777.25,7776.75,7777.0,64
2026-09-23 18:24:00-04:00,7777.0,7777.0,7777.25,7777.0,7777.25,8
2026-09-23 18:25:00-04:00,7777.25,7777.25,7777.25,7776.75,7777.0,27
2026-09-23 18:26:00-04:00,7776.75,7776.75,7777.25,7776.75,7777.0,42
2026-09-23 18:27:00-04:00,7777.5,7777.5,7777.5,7776.75,7776.75,28
2026-09-23 18:28:00-04:00,7776.75,7776.75,7777.0,7776.75,7777.0,32
2026-09-23 18:29:00-04:00,7777.0,7777.0,7777.0,7776.75,7776.75,41
2026-09-23 18:30:00-04:00,7775.75,7775.75,7777.0,7775.75,7776.75,119
2026-09-23 18:31:00-04:00,7775.75,7775.75,7776.0,7775.75,7775.75,53
2026-09-23 18:32:00-04:00,7777.25,7777.25,7777.25,7775.75,7775.75,73
2026-09-23 18:33:00-04:00,7776.25,7776.25,7777.5,7776.25,7777.5,86
2026-09-23 18:34:00-04:00,7775.75,7775.75,7776.25,7775.5,7776.25,67
2026-09-23 18:35:00-04:00,7774.75,7774.75,7775.5,7774.75,7775.5,109
2026-09-23 18:36:00-04:00,7774.25,7774.25,7775.0,7774.25,7775.0,40
2026-09-23 18:37:00-04:00,7774.75,7774.75,7775.0,7774.0,7774.25,81
2026-09-23 18:38:00-04:00,7775.0,7775.0,7775.0,7774.5,7774.75,35
2026-09-23 18:39:00-04:00,7774.5,7774.5,7775.0,7774.5,7775.0,34
2026-09-23 18:40:00-04:00,7775.0,7775.0,7775.25,7774.5,7774.75,47
2026-09-23 18:41:00-04:00,7774.75,7774.75,7775.0,7774.75,7775.0,43
2026-09-23 18:42:00-04:00,7775.25,7775.25,7775.5,7774.75,7774.75,50
2026-09-23 18:43:00-04:00,7776.0,7776.0,7776.25,7775.5,7775.5,71
2026-09-23 18:44:00-04:00,7775.5,7775.5,7776.0,7775.5,7776.0,39
2026-09-23 18:45:00-04:00,7775.25,7775.25,7775.5,7775.25,7775.5,27
2026-09-23 18:46:00-04:00,7774.75,7774.75,7775.5,7774.75,7775.5,45
2026-09-23 18:47:00-04:00,7775.25,7775.25,7775.5,7775.0,7775.0,45
2026-09-23 18:48:00-04:00,7775.25,7775.25,7775.25,7775.0,7775.25,10
2026-09-23 18:49:00-04:00,7775.5,7775.5,7775.5,7775.25,7775.25,11
2026-09-23 18:50:00-04:00,7775.75,7775.75,7775.75,7775.25,7775.5,19
2026-09-23 18:51:00-04:00,7775.5,7775.5,7775.5,7775.25,7775.25,14
2026-09-23 18:52:00-04:00,7775.5,7775.5,7775.75,7775.5,7775.75,20
2026-09-23 18:53:00-04:00,7775.0,7775.0,7775.75,7775.0,7775.5,56
2026-09-23 18:54:00-04:00,7775.0,7775.0,7775.25,7774.75,7774.75,25
2026-09-23 18:55:00-04:00,7775.0,7775.0,7775.0,7775.0,7775.0,12
2026-09-23 18:56:00-04:00,7775.0,7775.0,7775.0,7774.75,7775.0,12
2026-09-23 18:57:00-04:00,7774.75,7774.75,7775.0,7774.75,7775.0,7
2026-09-23 18:58:00-04:00,7775.0,7775.0,7775.0,7774.75,7775.0,54
2026-09-23 18:59:00-04:00,7775.0,7775.0,7775.0,7775.0,7775.0,18
2026-09-23 19:00:00-04:00,7774.75,7774.75,7775.25,7774.75,7775.25,26
2026-09-23 19:01:00-04:00,7774.25,7774.25,7775.25,7774.25,7775.0,45
2026-09-23 19:02:00-04:00,7775.25,7775.25,7775.25,7774.25,7774.5,36
2026-09-23 19:03:00-04:00,7775.5,7775.5,7775.5,7775.25,7775.5,30
2026-09-23 19:04:00-04:00,7775.5,7775.5,7775.75,7775.25,7775.25,43
2026-09-23 19:05:00-04:00,7775.0,7775.0,7775.5,7774.5,7775.5,45
2026-09-23 19:06:00-04:00,7775.0,7775.0,7775.0,7775.0,7775.0,6
2026-09-23 19:07:00-04:00,7775.0,7775.0,7775.25,7775.0,7775.0,6
2026-09-23 19:08:00-04:00,7774.75,7774.75,7775.0,7774.75,7775.0,19
2026-09-23 19:09:00-04:00,7775.0,7775.0,7775.25,7774.75,7775.0,23
2026-09-23 19:10:00-04:00,7774.5,7774.5,7775.0,7774.25,7774.75,41
2026-09-23 19:11:00-04:00,7774.25,7774.25,7774.5,7774.0,7774.5,40
2026-09-23 19:12:00-04:00,7774.25,7774.25,7774.5,7774.0,7774.25,40
2026-09-23 19:13:00-04:00,7773.25,7773.25,7774.0,7773.0,7774.0,252
2026-09-23 19:14:00-04:00,7773.0,7773.0,7773.75,7773.0,7773.25,47
2026-09-23 19:15:00-04:00,7774.0,7774.0,7774.25,7773.0,7773.0,73
2026-09-23 19:16:00-04:00,7773.25,7773.25,7774.0,7773.0,7774.0,55
2026-09-23 19:17:00-04:00,7772.75,7772.75,7773.25,7772.75,7773.25,86
2026-09-23 19:18:00-04:00,7772.5,7772.5,7773.0,7772.5,7772.75,66
2026-09-23 19:19:00-04:00,7772.0,7772.0,7772.5,7771.75,7772.5,73
2026-09-23 19:20:00-04:00,7771.75,7771.75,7772.5,7770.5,7772.25,386
2026-09-23 19:21:00-04:00,7770.75,7770.75,7772.0,7770.5,7771.75,139
2026-09-23 19:22:00-04:00,7770.5,7770.5,7770.75,7770.25,7770.5,110
2026-09-23 19:23:00-04:00,7770.25,7770.25,7770.5,7770.25,7770.5,64
2026-09-23 19:24:00-04:00,7770.25,7770.25,7770.25,7769.75,7770.25,131
2026-09-23 19:25:00-04:00,7770.0,7770.0,7770.75,7769.75,7770.5,122
2026-09-23 19:26:00-04:00,7769.75,7769.75,7770.25,7769.75,7770.0,75
2026-09-23 19:27:00-04:00,7769.5,7769.5,7770.0,7768.5,7770.0,326
2026-09-23 19:28:00-04:00,7769.75,7769.75,7770.0,7769.25,7769.5,97
2026-09-23 19:29:00-04:00,7769.5,7769.5,7770.0,7769.25,7770.0,55
2026-09-23 19:30:00-04:00,7769.75,7769.75,7769.75,7769.0,7769.5,68
2026-09-23 19:31:00-04:00,7769.0,7769.0,7769.75,7769.0,7769.75,54
2026-09-23 19:32:00-04:00,7769.5,7769.5,7769.5,7769.0,7769.25,55
2026-09-23 19:33:00-04:00,7769.25,7769.25,7769.5,7769.25,7769.25,32
2026-09-23 19:34:00-04:00,7769.0,7769.0,7769.25,7768.0,7769.0,137
2026-09-23 19:35:00-04:00,7769.0,7769.0,7769.25,7768.75,7769.0,41
2026-09-23 19:36:00-04:00,7768.75,7768.75,7769.0,7768.5,7768.75,18
2026-09-23 19:37:00-04:00,7769.25,7769.25,7769.5,7768.5,7769.0,63
2026-09-23 19:38:00-04:00,7769.5,7769.5,7769.5,7769.0,7769.25,44
2026-09-23 19:39:00-04:00,7769.5,7769.5,7770.0,7769.25,7769.25,119
2026-09-23 19:40:00-04:00,7769.75,7769.75,7770.25,7769.5,7769.5,110
2026-09-23 19:41:00-04:00,7769.25,7769.25,7770.25,7769.25,7770.0,68
2026-09-23 19:42:00-04:00,7768.75,7768.75,7769.75,7768.75,7769.5,71
2026-09-23 19:43:00-04:00,7768.75,7768.75,7769.0,7768.5,7768.75,63
2026-09-23 19:44:00-04:00,7769.0,7769.0,7769.0,7768.25,7768.5,80
2026-09-23 19:45:00-04:00,7768.5,7768.5,7770.25,7768.5,7769.0,171
2026-09-23 19:46:00-04:00,7768.75,7768.75,7769.0,7768.5,7768.75,78
2026-09-23 19:47:00-04:00,7768.5,7768.5,7769.25,7768.5,7769.0,78
2026-09-23 19:48:00-04:00,7768.75,7768.75,7768.75,7768.25,7768.25,105
2026-09-23 19:49:00-04:00,7767.75,7767.75,7768.5,7767.5,7768.5,152
2026-09-23 19:50:00-04:00,7767.5,7767.5,7768.0,7767.25,7767.75,117
2026-09-23 19:51:00-04:00,7768.0,7768.0,7768.0,7767.0,7767.5,121
2026-09-23 19:52:00-04:00,7768.75,7768.75,7769.5,7768.0,7768.0,197
2026-09-23 19:53:00-04:00,7769.25,7769.25,7769.5,7768.5,7768.5,51
2026-09-23 19:54:00-04:00,7769.25,7769.25,7770.25,7769.25,7769.25,95
2026-09-23 19:55:00-04:00,7768.5,7768.5,7769.25,7768.5,7769.25,66
2026-09-23 19:56:00-04:00,7768.25,7768.25,7768.75,7768.0,7768.75,51
2026-09-23 19:57:00-04:00,7768.5,7768.5,7768.75,7768.0,7768.5,42
2026-09-23 19:58:00-04:00,7768.0,7768.0,7768.5,7768.0,7768.25,47
2026-09-23 19:59:00-04:00,7768.25,7768.25,7769.0,7768.25,7768.25,72
2026-09-23 20:00:00-04:00,7768.25,7768.25,7769.75,7768.0,7768.25,227
2026-09-23 20:01:00-04:00,7767.5,7767.5,7768.25,7767.5,7768.25,181
2026-09-23 20:02:00-04:00,7768.0,7768.0,7768.5,7767.25,7767.5,160
2026-09-23 20:03:00-04:00,7768.5,7768.5,7769.0,7768.0,7768.0,86
2026-09-23 20:04:00-04:00,7768.75,7768.75,7769.25,7767.0,7768.75,196
2026-09-23 20:05:00-04:00,7768.25,7768.25,7769.25,7768.0,7768.75,95
2026-09-23 20:06:00-04:00,7768.25,7768.25,7768.5,7768.25,7768.5,82
2026-09-23 20:07:00-04:00,7768.25,7768.25,7768.75,7768.0,7768.25,53
2026-09-23 20:08:00-04:00,7768.25,7768.25,7768.25,7767.75,7768.25,37
2026-09-23 20:09:00-04:00,7768.25,7768.25,7768.5,7767.75,7768.25,39
2026-09-23 20:10:00-04:00,7767.0,7767.0,7768.25,7766.75,7768.25,213
2026-09-23 20:11:00-04:00,7765.25,7765.25,7767.0,7764.75,7766.75,779
2026-09-23 20:12:00-04:00,7766.25,7766.25,7767.5,7764.75,7765.25,425
2026-09-23 20:13:00-04:00,7766.75,7766.75,7766.75,7766.0,7766.25,109
2026-09-23 20:14:00-04:00,7765.5,7765.5,7767.0,7764.75,7766.5,362
2026-09-23 20:15:00-04:00,7766.75,7766.75,7767.5,7765.25,7765.5,347
2026-09-23 20:16:00-04:00,7768.0,7768.0,7768.5,7765.75,7766.75,499
2026-09-23 20:17:00-04:00,7768.0,7768.0,7768.0,7767.5,7768.0,51
2026-09-23 20:18:00-04:00,7768.25,7768.25,7768.25,7767.5,7767.75,121
2026-09-23 20:19:00-04:00,7768.75,7768.75,7769.0,7768.0,7768.25,244
2026-09-23 20:20:00-04:00,7769.0,7769.0,7769.25,7768.0,7769.0,188
2026-09-23 20:21:00-04:00,7768.25,7768.25,7769.0,7768.25,7769.0,133
2026-09-23 20:22:00-04:00,7766.5,7766.5,7768.5,7766.25,7768.0,205
2026-09-23 20:23:00-04:00,7766.5,7766.5,7767.0,7766.0,7766.5,82
2026-09-23 20:24:00-04:00,7767.25,7767.25,7767.25,7766.25,7766.25,55
2026-09-23 20:25:00-04:00,7766.5,7766.5,7767.75,7766.0,7767.5,445
2026-09-23 20:26:00-04:00,7766.75,7766.75,7766.75,7766.25,7766.5,79
2026-09-23 20:27:00-04:00,7766.5,7766.5,7767.0,7766.25,7766.75,54
2026-09-23 20:28:00-04:00,7766.25,7766.25,7766.5,7765.75,7766.5,48
2026-09-23 20:29:00-04:00,7766.5,7766.5,7766.75,7766.25,7766.5,95
2026-09-23 20:30:00-04:00,7767.0,7767.0,7767.25,7766.0,7766.5,95
2026-09-23 20:31:00-04:00,7768.0,7768.0,7768.25,7766.5,7766.75,132
2026-09-23 20:32:00-04:00,7767.0,7767.0,7767.75,7766.75,7767.75,76
2026-09-23 20:33:00-04:00,7767.25,7767.25,7767.5,7766.75,7766.75,77
2026-09-23 20:34:00-04:00,7767.75,7767.75,7767.75,7766.75,7767.0,69
2026-09-23 20:35:00-04:00,7766.75,7766.75,7768.0,7766.75,7767.75,48
2026-09-23 20:36:00-04:00,7767.0,7767.0,7767.5,7766.75,7766.75,54
2026-09-23 20:37:00-04:00,7766.5,7766.5,7767.0,7766.5,7767.0,111
2026-09-23 20:38:00-04:00,7766.75,7766.75,7767.0,7766.5,7766.75,58
2026-09-23 20:39:00-04:00,7766.25,7766.25,7766.75,7766.25,7766.5,52
2026-09-23 20:40:00-04:00,7766.0,7766.0,7766.5,7765.0,7766.25,208
2026-09-23 20:41:00-04:00,7765.5,7765.5,7766.25,7765.5,7766.0,54
2026-09-23 20:42:00-04:00,7765.0,7765.0,7766.0,7765.0,7765.5,202
2026-09-23 20:43:00-04:00,7764.0,7764.0,7765.25,7763.5,7765.0,237
2026-09-23 20:44:00-04:00,7764.5,7764.5,7764.5,7763.5,7764.0,242
2026-09-23 20:45:00-04:00,7763.75,7763.75,7764.25,7762.25,7764.25,453
2026-09-23 20:46:00-04:00,7763.25,7763.25,7764.0,7763.25,7763.5,123
2026-09-23 20:47:00-04:00,7762.25,7762.25,7763.25,7762.25,7763.0,99
2026-09-23 20:48:00-04:00,7762.25,7762.25,7762.75,7762.0,7762.25,156
2026-09-23 20:49:00-04:00,7763.0,7763.0,7763.0,7762.25,7762.25,167
2026-09-23 20:50:00-04:00,7763.0,7763.0,7763.75,7763.0,7763.0,199
2026-09-23 20:51:00-04:00,7762.5,7762.5,7763.25,7762.0,7762.75,168
2026-09-23 20:52:00-04:00,7762.0,7762.0,7762.5,7761.5,7762.5,178
2026-09-23 20:53:00-04:00,7761.75,7761.75,7762.5,7761.75,7762.0,101
2026-09-23 20:54:00-04:00,7762.0,7762.0,7762.25,7761.5,7761.75,90
2026-09-23 20:55:00-04:00,7763.25,7763.25,7763.25,7761.25,7762.25,354
2026-09-23 20:56:00-04:00,7764.0,7764.0,7764.25,7762.75,7763.0,169
2026-09-23 20:57:00-04:00,7764.25,7764.25,7765.25,7764.0,7764.0,184
2026-09-23 20:58:00-04:00,7764.75,7764.75,7765.0,7764.25,7764.5,53
2026-09-23 20:59:00-04:00,7764.5,7764.5,7765.0,7764.25,7764.75,125
2026-09-23 21:00:00-04:00,7765.5,7765.5,7765.5,7764.0,7764.25,215
2026-09-23 21:01:00-04:00,7765.0,7765.0,7766.0,7764.5,7765.25,319
2026-09-23 21:02:00-04:00,7765.0,7765.0,7765.25,7764.75,7765.0,214
2026-09-23 21:03:00-04:00,7765.0,7765.0,7765.5,7764.5,7765.0,344
2026-09-23 21:04:00-04:00,7765.0,7765.0,7765.25,7764.5,7765.0,232
2026-09-23 21:05:00-04:00,7763.5,7763.5,7765.0,7763.5,7764.75,218
2026-09-23 21:06:00-04:00,7765.75,7765.75,7766.5,7763.75,7763.75,402
2026-09-23 21:07:00-04:00,7767.75,7767.75,7768.0,7765.75,7765.75,275
2026-09-23 21:08:00-04:00,7767.0,7767.0,7767.75,7767.0,7767.75,113
2026-09-23 21:09:00-04:00,7767.0,7767.0,7767.5,7766.75,7767.0,132
2026-09-23 21:10:00-04:00,7765.75,7765.75,7766.75,7765.0,7766.75,400
2026-09-23 21:11:00-04:00,7765.25,7765.25,7766.0,7765.25,7765.5,128
2026-09-23 21:12:00-04:00,7766.0,7766.0,7766.5,7764.75,7765.0,201
2026-09-23 21:13:00-04:00,7766.5,7766.5,7766.75,7766.0,7766.25,80
2026-09-23 21:14:00-04:00,7766.75,7766.75,7766.75,7766.25,7766.25,75
2026-09-23 21:15:00-04:00,7766.75,7766.75,7767.25,7766.25,7767.0,128
2026-09-23 21:16:00-04:00,7767.0,7767.0,7767.25,7766.0,7766.5,135
2026-09-23 21:17:00-04:00,7766.5,7766.5,7767.0,7766.5,7767.0,54
2026-09-23 21:18:00-04:00,7766.5,7766.5,7766.5,7766.25,7766.25,41
2026-09-23 21:19:00-04:00,7766.75,7766.75,7767.0,7766.5,7766.5,59
2026-09-23 21:20:00-04:00,7767.0,7767.0,7767.25,7766.5,7766.5,103
2026-09-23 21:21:00-04:00,7766.5,7766.5,7766.75,7766.5,7766.75,41
2026-09-23 21:22:00-04:00,7766.25,7766.25,7767.0,7765.5,7766.5,131
2026-09-23 21:23:00-04:00,7766.0,7766.0,7766.25,7765.75,7766.0,48
2026-09-23 21:24:00-04:00,7766.25,7766.25,7766.25,7766.0,7766.25,54
2026-09-23 21:25:00-04:00,7766.25,7766.25,7766.25,7765.5,7766.25,165
2026-09-23 21:26:00-04:00,7766.75,7766.75,7767.0,7766.25,7766.25,100
2026-09-23 21:27:00-04:00,7766.0,7766.0,7767.0,7765.75,7766.75,89
2026-09-23 21:28:00-04:00,7765.25,7765.25,7766.0,7765.0,7766.0,110
2026-09-23 21:29:00-04:00,7765.25,7765.25,7765.25,7765.0,7765.25,68
2026-09-23 21:30:00-04:00,7766.0,7766.0,7766.0,7764.75,7765.25,281
2026-09-23 21:31:00-04:00,7766.5,7766.5,7766.5,7765.25,7766.0,149
2026-09-23 21:32:00-04:00,7767.0,7767.0,7767.5,7765.75,7766.25,228
2026-09-23 21:33:00-04:00,7766.25,7766.25,7767.25,7766.25,7767.0,98
2026-09-23 21:34:00-04:00,7767.25,7767.25,7767.5,7766.0,7766.25,135
2026-09-23 21:35:00-04:00,7765.75,7765.75,7767.25,7765.5,7767.25,161
2026-09-23 21:36:00-04:00,7765.5,7765.5,7766.25,7764.75,7766.0,113
2026-09-23 21:37:00-04:00,7765.5,7765.5,7766.25,7765.5,7765.75,105
2026-09-23 21:38:00-04:00,7765.25,7765.25,7765.75,7765.0,7765.5,105
2026-09-23 21:39:00-04:00,7765.25,7765.25,7765.5,7764.75,7765.25,166
2026-09-23 21:40:00-04:00,7764.25,7764.25,7765.25,7764.25,7765.25,155
2026-09-23 21:41:00-04:00,7766.0,7766.0,7766.25,7764.25,7764.5,234
2026-09-23 21:42:00-04:00,7765.5,7765.5,7766.25,7765.25,7766.0,93
2026-09-23 21:43:00-04:00,7764.0,7764.0,7765.5,7764.0,7765.5,109
2026-09-23 21:44:00-04:00,7764.0,7764.0,7764.5,7763.75,7764.25,109
2026-09-23 21:45:00-04:00,7763.25,7763.25,7764.0,7762.75,7763.75,325
2026-09-23 21:46:00-04:00,7762.0,7762.0,7763.5,7761.5,7763.5,309
2026-09-23 21:47:00-04:00,7762.0,7762.0,7762.0,7761.0,7761.75,204
2026-09-23 21:48:00-04:00,7761.75,7761.75,7762.0,7760.5,7761.75,304
2026-09-23 21:49:00-04:00,7762.25,7762.25,7762.75,7761.75,7762.0,355
2026-09-23 21:50:00-04:00,7759.75,7759.75,7763.0,7759.5,7762.5,443
2026-09-23 21:51:00-04:00,7761.75,7761.75,7761.75,7759.75,7759.75,126
2026-09-23 21:52:00-04:00,7763.75,7763.75,7764.0,7761.75,7761.75,374
2026-09-23 21:53:00-04:00,7764.75,7764.75,7764.75,7763.5,7763.75,145
2026-09-23 21:54:00-04:00,7763.75,7763.75,7765.0,7763.25,7764.5,175
2026-09-23 21:55:00-04:00,7763.25,7763.25,7763.75,7762.5,7763.5,146
2026-09-23 21:56:00-04:00,7763.5,7763.5,7764.0,7763.25,7763.25,112
2026-09-23 21:57:00-04:00,7763.5,7763.5,7763.75,7763.25,7763.5,79
2026-09-23 21:58:00-04:00,7764.5,7764.5,7764.5,7763.0,7763.25,101
2026-09-23 21:59:00-04:00,7764.75,7764.75,7765.0,7764.0,7764.5,187
2026-09-23 22:00:00-04:00,7764.75,7764.75,7765.75,7764.75,7764.75,277
2026-09-23 22:01:00-04:00,7764.75,7764.75,7765.0,7764.25,7764.5,184
2026-09-23 22:02:00-04:00,7764.0,7764.0,7765.0,7764.0,7764.75,160
2026-09-23 22:03:00-04:00,7763.25,7763.25,7764.25,7763.25,7764.0,200
2026-09-23 22:04:00-04:00,7762.25,7762.25,7763.5,7762.0,7763.5,154
2026-09-23 22:05:00-04:00,7761.5,7761.5,7762.25,7761.25,7762.25,181
2026-09-23 22:06:00-04:00,7760.0,7760.0,7761.25,7759.5,7761.25,304
2026-09-23 22:07:00-04:00,7760.0,7760.0,7760.25,7759.5,7759.75,145
2026-09-23 22:08:00-04:00,7758.75,7758.75,7760.0,7758.0,7760.0,509
2026-09-23 22:09:00-04:00,7759.0,7759.0,7759.25,7758.25,7758.5,157
2026-09-23 22:10:00-04:00,7760.0,7760.0,7760.25,7759.25,7759.25,160
2026-09-23 22:11:00-04:00,7759.75,7759.75,7760.0,7759.0,7760.0,108
2026-09-23 22:12:00-04:00,7760.5,7760.5,7760.75,7759.5,7759.5,147
2026-09-23 22:13:00-04:00,7761.0,7761.0,7761.25,7760.25,7760.25,168
2026-09-23 22:14:00-04:00,7760.75,7760.75,7761.25,7760.75,7761.25,80
2026-09-23 22:15:00-04:00,7762.75,7762.75,7763.5,7760.75,7760.75,441
2026-09-23 22:16:00-04:00,7763.75,7763.75,7763.75,7762.75,7762.75,132
2026-09-23 22:17:00-04:00,7763.75,7763.75,7763.75,7763.25,7763.5,88
2026-09-23 22:18:00-04:00,7764.0,7764.0,7764.25,7763.25,7763.5,138
2026-09-23 22:19:00-04:00,7764.25,7764.25,7764.75,7764.0,7764.25,193
2026-09-23 22:20:00-04:00,7763.5,7763.5,7764.25,7763.5,7764.25,86
2026-09-23 22:21:00-04:00,7763.5,7763.5,7763.75,7763.25,7763.25,112
2026-09-23 22:22:00-04:00,7763.5,7763.5,7763.75,7762.75,7763.5,172
2026-09-23 22:23:00-04:00,7763.0,7763.0,7763.25,7762.75,7763.25,66
2026-09-23 22:24:00-04:00,7763.25,7763.25,7763.5,7763.0,7763.25,71
2026-09-23 22:25:00-04:00,7763.0,7763.0,7763.5,7762.75,7763.25,97
2026-09-23 22:26:00-04:00,7762.75,7762.75,7763.25,7762.75,7763.0,86
2026-09-23 22:27:00-04:00,7762.25,7762.25,7763.0,7762.25,7763.0,61
2026-09-23 22:28:00-04:00,7762.5,7762.5,7763.25,7762.5,7762.5,78
2026-09-23 22:29:00-04:00,7763.25,7763.25,7764.0,7762.75,7762.75,181
2026-09-23 22:30:00-04:00,7765.0,7765.0,7765.25,7763.0,7763.0,230
2026-09-23 22:31:00-04:00,7764.75,7764.75,7765.25,7764.25,7765.0,137
2026-09-23 22:32:00-04:00,7766.0,7766.0,7766.5,7764.75,7764.75,279
2026-09-23 22:33:00-04:00,7765.75,7765.75,7766.75,7765.75,7766.0,129
2026-09-23 22:34:00-04:00,7765.5,7765.5,7766.0,7765.5,7765.75,72
2026-09-23 22:35:00-04:00,7765.5,7765.5,7765.5,7765.0,7765.5,131
2026-09-23 22:36:00-04:00,7765.5,7765.5,7765.75,7765.0,7765.25,127
2026-09-23 22:37:00-04:00,7766.25,7766.25,7766.25,7764.75,7765.5,168
2026-09-23 22:38:00-04:00,7766.0,7766.0,7766.75,7766.0,7766.0,95
2026-09-23 22:39:00-04:00,7765.0,7765.0,7765.75,7765.0,7765.75,131
2026-09-23 22:40:00-04:00,7766.25,7766.25,7766.5,7765.0,7765.25,81
2026-09-23 22:41:00-04:00,7766.25,7766.25,7766.25,7765.75,7766.25,64
2026-09-23 22:42:00-04:00,7766.25,7766.25,7766.5,7766.25,7766.25,88
2026-09-23 22:43:00-04:00,7766.0,7766.0,7766.25,7765.5,7766.25,100
2026-09-23 22:44:00-04:00,7766.5,7766.5,7766.5,7765.75,7765.75,77
2026-09-23 22:45:00-04:00,7766.25,7766.25,7766.75,7766.25,7766.5,180
2026-09-23 22:46:00-04:00,7765.75,7765.75,7766.25,7765.75,7766.25,107
2026-09-23 22:47:00-04:00,7765.75,7765.75,7766.25,7765.75,7765.75,100
2026-09-23 22:48:00-04:00,7765.75,7765.75,7766.25,7765.5,7766.0,78
2026-09-23 22:49:00-04:00,7765.5,7765.5,7765.75,7764.75,7765.75,131
2026-09-23 22:50:00-04:00,7765.25,7765.25,7765.75,7765.25,7765.75,68
2026-09-23 22:51:00-04:00,7765.25,7765.25,7765.5,7765.0,7765.5,67
2026-09-23 22:52:00-04:00,7765.0,7765.0,7765.5,7765.0,7765.0,20
2026-09-23 22:53:00-04:00,7764.5,7764.5,7765.0,7764.25,7765.0,178
2026-09-23 22:54:00-04:00,7765.0,7765.0,7765.0,7764.0,7764.5,283
2026-09-23 22:55:00-04:00,7765.25,7765.25,7765.5,7765.0,7765.0,125
2026-09-23 22:56:00-04:00,7765.0,7765.0,7765.5,7765.0,7765.25,66
2026-09-23 22:57:00-04:00,7764.75,7764.75,7765.5,7764.75,7765.0,101
2026-09-23 22:58:00-04:00,7765.25,7765.25,7765.25,7764.75,7764.75,135
2026-09-23 22:59:00-04:00,7764.75,7764.75,7765.25,7764.75,7765.0,83
2026-09-23 23:00:00-04:00,7764.25,7764.25,7764.75,7763.75,7764.75,220
2026-09-23 23:01:00-04:00,7764.5,7764.5,7765.0,7764.25,7764.25,105
2026-09-23 23:02:00-04:00,7764.25,7764.25,7764.75,7764.25,7764.25,71
2026-09-23 23:03:00-04:00,7763.75,7763.75,7764.25,7763.75,7764.0,64
2026-09-23 23:04:00-04:00,7763.5,7763.5,7763.75,7763.0,7763.75,192
2026-09-23 23:05:00-04:00,7763.0,7763.0,7763.5,7763.0,7763.5,68
2026-09-23 23:06:00-04:00,7761.75,7761.75,7763.0,7761.75,7763.0,136
2026-09-23 23:07:00-04:00,7760.5,7760.5,7761.75,7760.25,7761.75,190
2026-09-23 23:08:00-04:00,7759.75,7759.75,7760.75,7759.25,7760.75,151
2026-09-23 23:09:00-04:00,7759.5,7759.5,7760.0,7759.25,7760.0,187
2026-09-23 23:10:00-04:00,7759.25,7759.25,7759.5,7759.0,7759.5,150
2026-09-23 23:11:00-04:00,7760.0,7760.0,7760.0,7758.75,7759.5,144
2026-09-23 23:12:00-04:00,7760.25,7760.25,7760.25,7759.25,7759.75,109
2026-09-23 23:13:00-04:00,7760.75,7760.75,7761.0,7760.0,7760.25,144
2026-09-23 23:14:00-04:00,7761.25,7761.25,7761.25,7760.5,7760.75,63
2026-09-23 23:15:00-04:00,7761.0,7761.0,7761.75,7760.75,7761.5,151
2026-09-23 23:16:00-04:00,7760.5,7760.5,7761.0,7760.25,7761.0,119
2026-09-23 23:17:00-04:00,7761.5,7761.5,7761.5,7760.5,7760.75,138
2026-09-23 23:18:00-04:00,7761.5,7761.5,7762.0,7761.25,7761.75,77
2026-09-23 23:19:00-04:00,7761.0,7761.0,7761.75,7761.0,7761.5,67
2026-09-23 23:20:00-04:00,7761.25,7761.25,7761.25,7761.0,7761.0,61
2026-09-23 23:21:00-04:00,7760.75,7760.75,7761.25,7760.75,7761.0,76
2026-09-23 23:22:00-04:00,7760.5,7760.5,7761.25,7760.5,7760.5,121
2026-09-23 23:23:00-04:00,7760.25,7760.25,7760.5,7760.0,7760.5,115
2026-09-23 23:24:00-04:00,7760.5,7760.5,7760.5,7760.0,7760.0,89
2026-09-23 23:25:00-04:00,7759.0,7759.0,7761.25,7759.0,7760.5,318
2026-09-23 23:26:00-04:00,7759.5,7759.5,7759.5,7758.75,7759.0,302
2026-09-23 23:27:00-04:00,7759.25,7759.25,7759.5,7758.75,7759.5,160
2026-09-23 23:28:00-04:00,7759.75,7759.75,7760.0,7759.0,7759.25,219
2026-09-23 23:29:00-04:00,7759.25,7759.25,7759.5,7759.0,7759.5,79
2026-09-23 23:30:00-04:00,7758.25,7758.25,7759.5,7758.25,7759.25,198
2026-09-23 23:31:00-04:00,7759.0,7759.0,7759.0,7757.5,7758.25,237
2026-09-23 23:32:00-04:00,7759.0,7759.0,7759.25,7758.5,7759.0,112
2026-09-23 23:33:00-04:00,7759.0,7759.0,7759.25,7758.75,7759.0,122
2026-09-23 23:34:00-04:00,7758.75,7758.75,7759.5,7758.5,7759.0,108
2026-09-23 23:35:00-04:00,7758.25,7758.25,7758.75,7758.25,7758.5,76
2026-09-23 23:36:00-04:00,7758.25,7758.25,7758.5,7758.0,7758.25,177
2026-09-23 23:37:00-04:00,7758.0,7758.0,7758.5,7758.0,7758.25,84
2026-09-23 23:38:00-04:00,7759.0,7759.0,7759.0,7757.75,7758.0,151
2026-09-23 23:39:00-04:00,7759.25,7759.25,7759.25,7758.5,7758.75,164
2026-09-23 23:40:00-04:00,7758.75,7758.75,7759.25,7758.75,7759.25,100
2026-09-23 23:41:00-04:00,7758.75,7758.75,7759.0,7758.5,7758.75,79
2026-09-23 23:42:00-04:00,7758.25,7758.25,7758.75,7758.0,7758.75,84
2026-09-23 23:43:00-04:00,7757.75,7757.75,7758.25,7757.25,7758.25,217
2026-09-23 23:44:00-04:00,7756.75,7756.75,7757.5,7756.0,7757.5,626
2026-09-23 23:45:00-04:00,7757.5,7757.5,7757.5,7756.5,7756.75,123
2026-09-23 23:46:00-04:00,7757.75,7757.75,7758.0,7757.0,7757.5,113
2026-09-23 23:47:00-04:00,7757.75,7757.75,7757.75,7757.25,7757.5,66
2026-09-23 23:48:00-04:00,7758.0,7758.0,7758.0,7757.5,7757.75,84
2026-09-23 23:49:00-04:00,7758.5,7758.5,7758.75,7757.75,7758.0,184
2026-09-23 23:50:00-04:00,7758.5,7758.5,7758.5,7758.0,7758.25,97
2026-09-23 23:51:00-04:00,7757.5,7757.5,7758.75,7757.5,7758.25,178
2026-09-23 23:52:00-04:00,7757.25,7757.25,7757.75,7757.25,7757.5,106
2026-09-23 23:53:00-04:00,7758.25,7758.25,7758.25,7757.5,7757.5,196
2026-09-23 23:54:00-04:00,7758.75,7758.75,7758.75,7758.25,7758.25,134
2026-09-23 23:55:00-04:00,7758.75,7758.75,7759.0,7758.25,7758.75,207
2026-09-23 23:56:00-04:00,7759.0,7759.0,7759.0,7758.0,7758.5,217
2026-09-23 23:57:00-04:00,7758.75,7758.75,7758.75,7758.5,7758.75,124
2026-09-23 23:58:00-04:00,7759.0,7759.0,7759.0,7758.5,7759.0,140
2026-09-24 00:09:00-04:00,7748.25,7748.25,7749.25,7747.5,7747.5,455
2026-09-24 00:10:00-04:00,7748.25,7748.25,7749.0,7748.0,7748.5,400
2026-09-24 00:11:00-04:00,7748.75,7748.75,7749.25,7748.0,7748.25,259
2026-09-24 00:12:00-04:00,7747.0,7747.0,7749.0,7747.0,7748.75,618
2026-09-24 00:13:00-04:00,7746.75,7746.75,7747.5,7746.25,7747.25,359
2026-09-24 00:14:00-04:00,7746.75,7746.75,7747.25,7746.25,7746.75,232
2026-09-24 00:15:00-04:00,7746.0,7746.0,7746.75,7745.0,7746.75,539
2026-09-24 00:16:00-04:00,7747.25,7747.25,7747.75,7746.25,7746.25,370
2026-09-24 00:17:00-04:00,7746.25,7746.25,7747.25,7746.0,7747.25,355
2026-09-24 00:18:00-04:00,7747.0,7747.0,7748.0,7745.5,7746.0,627
2026-09-24 00:19:00-04:00,7747.75,7747.75,7748.0,7746.75,7747.0,137
2026-09-24 00:20:00-04:00,7748.75,7748.75,7748.75,7747.5,7748.0,129
2026-09-24 00:21:00-04:00,7748.5,7748.5,7749.0,7748.25,7748.75,104
2026-09-24 00:22:00-04:00,7750.0,7750.0,7750.5,7748.75,7748.75,274
2026-09-24 00:23:00-04:00,7748.5,7748.5,7750.25,7748.5,7750.25,151
2026-09-24 00:24:00-04:00,7748.75,7748.75,7749.25,7748.25,7748.5,118
2026-09-24 00:25:00-04:00,7749.5,7749.5,7749.75,7748.75,7748.75,69
2026-09-24 00:26:00-04:00,7749.75,7749.75,7750.25,7748.75,7749.5,172
2026-09-24 00:27:00-04:00,7749.75,7749.75,7750.0,7749.5,7749.75,66
2026-09-24 00:28:00-04:00,7750.75,7750.75,7751.0,7749.5,7749.75,165
2026-09-24 00:29:00-04:00,7752.75,7752.75,7753.0,7750.5,7750.75,250
2026-09-24 00:30:00-04:00,7752.5,7752.5,7753.5,7752.0,7752.75,231
2026-09-24 00:31:00-04:00,7753.5,7753.5,7753.75,7752.5,7752.5,136
2026-09-24 00:32:00-04:00,7754.25,7754.25,7754.75,7753.75,7753.75,187
2026-09-24 00:33:00-04:00,7755.25,7755.25,7755.5,7754.25,7754.25,139
2026-09-24 00:34:00-04:00,7756.0,7756.0,7756.5,7754.75,7755.25,260
2026-09-24 00:35:00-04:00,7756.25,7756.25,7756.5,7755.0,7755.75,147
2026-09-24 00:36:00-04:00,7756.0,7756.0,7756.5,7755.5,7756.5,113
2026-09-24 00:37:00-04:00,7756.0,7756.0,7756.5,7756.0,7756.0,51
2026-09-24 00:38:00-04:00,7757.0,7757.0,7757.25,7755.75,7755.75,167
2026-09-24 00:39:00-04:00,7756.25,7756.25,7757.25,7756.0,7757.0,142
2026-09-24 00:40:00-04:00,7756.25,7756.25,7756.5,7755.5,7756.25,165
2026-09-24 00:41:00-04:00,7756.0,7756.0,7756.25,7755.75,7756.0,107
2026-09-24 00:42:00-04:00,7754.75,7754.75,7756.25,7754.75,7756.0,103
2026-09-24 00:43:00-04:00,7754.75,7754.75,7755.0,7754.25,7754.75,150
2026-09-24 00:44:00-04:00,7755.0,7755.0,7755.0,7754.5,7755.0,137
2026-09-24 00:45:00-04:00,7754.25,7754.25,7755.0,7753.5,7755.0,189
2026-09-24 00:46:00-04:00,7754.25,7754.25,7754.75,7754.0,7754.0,81
2026-09-24 00:47:00-04:00,7754.0,7754.0,7754.25,7753.75,7754.25,91
2026-09-24 00:48:00-04:00,7754.0,7754.0,7754.0,7753.5,7753.75,89
2026-09-24 00:49:00-04:00,7754.5,7754.5,7754.5,7753.75,7754.0,55
2026-09-24 00:50:00-04:00,7754.25,7754.25,7754.75,7754.0,7754.5,94
2026-09-24 00:51:00-04:00,7754.0,7754.0,7754.5,7754.0,7754.5,52
2026-09-24 00:52:00-04:00,7754.5,7754.5,7754.5,7754.0,7754.0,47
2026-09-24 00:53:00-04:00,7754.25,7754.25,7754.5,7753.75,7754.25,56
2026-09-24 00:54:00-04:00,7754.0,7754.0,7754.5,7753.75,7754.5,114
2026-09-24 00:55:00-04:00,7754.0,7754.0,7754.25,7753.75,7754.0,56
2026-09-24 00:56:00-04:00,7754.5,7754.5,7754.5,7753.5,7753.75,286
2026-09-24 00:57:00-04:00,7754.0,7754.0,7754.25,7753.75,7754.25,75
2026-09-24 00:58:00-04:00,7753.5,7753.5,7754.0,7753.25,7754.0,66
2026-09-24 00:59:00-04:00,7754.25,7754.25,7754.75,7753.25,7753.25,139
2026-09-24 01:00:00-04:00,7756.25,7756.25,7756.25,7754.25,7754.25,194
2026-09-24 01:01:00-04:00,7757.5,7757.5,7757.5,7756.25,7756.25,118
2026-09-24 01:02:00-04:00,7758.0,7758.0,7758.25,7757.25,7757.25,222
2026-09-24 01:03:00-04:00,7758.75,7758.75,7759.0,7757.25,7758.0,161
2026-09-24 01:04:00-04:00,7758.0,7758.0,7759.0,7757.75,7758.75,99
2026-09-24 01:05:00-04:00,7758.25,7758.25,7758.75,7758.0,7758.0,122
2026-09-24 01:06:00-04:00,7757.75,7757.75,7758.5,7757.5,7758.25,113
2026-09-24 01:07:00-04:00,7758.75,7758.75,7759.25,7758.0,7758.0,131
2026-09-24 01:08:00-04:00,7757.25,7757.25,7760.0,7757.25,7758.75,314
2026-09-24 01:09:00-04:00,7757.25,7757.25,7757.25,7757.0,7757.25,64
2026-09-24 01:10:00-04:00,7756.0,7756.0,7757.25,7756.0,7757.25,100
2026-09-24 01:11:00-04:00,7755.5,7755.5,7756.0,7755.25,7756.0,53
2026-09-24 01:12:00-04:00,7755.5,7755.5,7755.5,7755.25,7755.5,63
2026-09-24 01:13:00-04:00,7754.5,7754.5,7755.5,7754.25,7755.25,93
2026-09-24 01:14:00-04:00,7754.5,7754.5,7754.75,7754.5,7754.5,41
2026-09-24 01:15:00-04:00,7754.5,7754.5,7755.5,7754.5,7754.5,110
2026-09-24 01:16:00-04:00,7754.25,7754.25,7754.75,7754.0,7754.5,63
2026-09-24 01:17:00-04:00,7755.0,7755.0,7755.0,7754.25,7754.25,102
2026-09-24 01:18:00-04:00,7755.0,7755.0,7755.0,7754.5,7754.75,49
2026-09-24 01:19:00-04:00,7755.0,7755.0,7755.0,7754.75,7754.75,35
2026-09-24 01:20:00-04:00,7754.5,7754.5,7755.25,7754.5,7755.0,46
2026-09-24 01:21:00-04:00,7752.25,7752.25,7754.75,7752.25,7754.5,792
2026-09-24 01:22:00-04:00,7753.0,7753.0,7753.0,7751.75,7752.25,258
2026-09-24 01:23:00-04:00,7753.25,7753.25,7753.25,7752.5,7753.0,59
2026-09-24 01:24:00-04:00,7753.25,7753.25,7753.5,7752.5,7753.25,64
2026-09-24 01:25:00-04:00,7753.5,7753.5,7754.25,7752.75,7752.75,109
2026-09-24 01:26:00-04:00,7753.75,7753.75,7754.25,7753.5,7753.5,64
2026-09-24 01:27:00-04:00,7754.0,7754.0,7754.0,7753.5,7754.0,50
2026-09-24 01:28:00-04:00,7755.5,7755.5,7755.5,7753.75,7753.75,124
2026-09-24 01:29:00-04:00,7756.25,7756.25,7756.25,7755.0,7755.5,72
2026-09-24 01:30:00-04:00,7756.0,7756.0,7756.5,7754.75,7756.0,146
2026-09-24 01:31:00-04:00,7755.75,7755.75,7755.75,7755.25,7755.75,62
2026-09-24 01:32:00-04:00,7756.25,7756.25,7756.25,7755.5,7755.75,153
2026-09-24 01:33:00-04:00,7755.5,7755.5,7757.0,7755.5,7756.5,129
2026-09-24 01:34:00-04:00,7754.75,7754.75,7755.25,7754.75,7755.25,128
2026-09-24 01:35:00-04:00,7753.5,7753.5,7755.0,7753.25,7754.75,168
2026-09-24 01:36:00-04:00,7753.25,7753.25,7753.75,7753.0,7753.5,151
2026-09-24 01:37:00-04:00,7753.5,7753.5,7754.0,7753.25,7753.5,94
2026-09-24 01:38:00-04:00,7753.25,7753.25,7753.5,7752.75,7753.25,157
2026-09-24 01:39:00-04:00,7752.5,7752.5,7753.0,7751.75,7753.0,153
2026-09-24 01:40:00-04:00,7753.75,7753.75,7754.25,7752.5,7752.5,153
2026-09-24 01:41:00-04:00,7752.5,7752.5,7754.0,7752.5,7753.75,95
2026-09-24 01:42:00-04:00,7751.75,7751.75,7753.0,7751.5,7752.75,128
2026-09-24 01:43:00-04:00,7751.0,7751.0,7751.75,7751.0,7751.75,141
2026-09-24 01:44:00-04:00,7750.0,7750.0,7751.25,7749.25,7751.0,233
2026-09-24 01:45:00-04:00,7749.25,7749.25,7749.5,7748.0,7749.5,268
2026-09-24 01:46:00-04:00,7749.25,7749.25,7749.75,7749.25,7749.25,56
2026-09-24 01:47:00-04:00,7748.75,7748.75,7749.5,7748.5,7749.25,117
2026-09-24 01:48:00-04:00,7748.5,7748.5,7749.0,7748.25,7749.0,94
2026-09-24 01:49:00-04:00,7748.0,7748.0,7748.5,7747.75,7748.25,137
2026-09-24 01:50:00-04:00,7748.0,7748.0,7748.25,7747.5,7747.75,123
2026-09-24 01:51:00-04:00,7748.25,7748.25,7748.5,7748.0,7748.0,66
2026-09-24 01:52:00-04:00,7749.25,7749.25,7749.25,7748.0,7748.0,106
2026-09-24 01:53:00-04:00,7748.0,7748.0,7750.0,7748.0,7749.25,143
2026-09-24 01:54:00-04:00,7747.5,7747.5,7748.0,7747.5,7748.0,54
2026-09-24 01:55:00-04:00,7746.25,7746.25,7747.25,7746.25,7747.25,257
2026-09-24 01:56:00-04:00,7743.75,7743.75,7746.5,7743.75,7746.5,533
2026-09-24 01:57:00-04:00,7743.25,7743.25,7744.25,7742.75,7743.75,506
2026-09-24 01:58:00-04:00,7742.75,7742.75,7743.25,7742.5,7742.75,268
2026-09-24 01:59:00-04:00,7742.0,7742.0,7743.25,7742.0,7742.75,227
2026-09-24 02:00:00-04:00,7741.0,7741.0,7742.75,7740.75,7742.0,623
2026-09-24 02:01:00-04:00,7740.5,7740.5,7742.0,7739.75,7741.25,619
2026-09-24 02:02:00-04:00,7739.5,7739.5,7741.5,7738.75,7740.25,672
2026-09-24 02:03:00-04:00,7739.75,7739.75,7740.0,7738.75,7739.25,368
2026-09-24 02:04:00-04:00,7739.5,7739.5,7740.75,7739.0,7740.0,299
2026-09-24 02:05:00-04:00,7739.5,7739.5,7739.75,7738.25,7739.5,328
2026-09-24 02:06:00-04:00,7740.25,7740.25,7740.5,7738.25,7739.25,637
2026-09-24 02:07:00-04:00,7744.0,7744.0,7744.0,7740.0,7740.25,697
2026-09-24 02:08:00-04:00,7744.5,7744.5,7746.0,7743.5,7744.0,557
2026-09-24 02:09:00-04:00,7745.0,7745.0,7745.25,7743.25,7744.25,291
2026-09-24 02:10:00-04:00,7745.5,7745.5,7745.75,7744.0,7745.0,273
2026-09-24 02:11:00-04:00,7746.75,7746.75,7747.5,7744.75,7745.75,290
2026-09-24 02:12:00-04:00,7747.5,7747.5,7747.75,7746.5,7747.0,195
2026-09-24 02:13:00-04:00,7747.0,7747.0,7747.5,7745.75,7747.5,176
2026-09-24 02:14:00-04:00,7746.5,7746.5,7747.5,7746.25,7747.25,128
2026-09-24 02:15:00-04:00,7745.5,7745.5,7747.5,7745.5,7746.75,223
2026-09-24 02:16:00-04:00,7746.0,7746.0,7746.25,7745.25,7745.5,134
2026-09-24 02:17:00-04:00,7747.0,7747.0,7747.5,7745.25,7746.0,186
2026-09-24 02:18:00-04:00,7747.75,7747.75,7748.0,7746.0,7746.75,120
2026-09-24 02:19:00-04:00,7745.5,7745.5,7747.5,7745.5,7747.5,146
2026-09-24 02:20:00-04:00,7742.25,7742.25,7745.5,7742.25,7745.5,459
2026-09-24 02:21:00-04:00,7742.75,7742.75,7743.75,7742.25,7742.5,196
2026-09-24 02:22:00-04:00,7743.0,7743.0,7743.5,7742.5,7742.5,133
2026-09-24 02:23:00-04:00,7742.25,7742.25,7743.25,7741.75,7743.0,236
2026-09-24 02:24:00-04:00,7743.0,7743.0,7743.75,7741.75,7742.25,232
2026-09-24 02:25:00-04:00,7742.75,7742.75,7743.5,7742.5,7742.75,297
2026-09-24 02:26:00-04:00,7743.0,7743.0,7743.25,7742.5,7743.0,112
2026-09-24 02:27:00-04:00,7742.0,7742.0,7743.0,7742.0,7743.0,127
2026-09-24 02:28:00-04:00,7740.75,7740.75,7743.0,7740.75,7742.25,211
2026-09-24 02:29:00-04:00,7741.0,7741.0,7742.0,7739.5,7741.0,577
2026-09-24 02:30:00-04:00,7740.25,7740.25,7741.25,7739.25,7741.0,293
2026-09-24 02:31:00-04:00,7740.25,7740.25,7740.75,7739.75,7740.0,171
2026-09-24 02:32:00-04:00,7739.25,7739.25,7740.5,7739.25,7740.25,171
2026-09-24 02:33:00-04:00,7738.0,7738.0,7739.25,7737.75,7739.25,326
2026-09-24 02:34:00-04:00,7737.25,7737.25,7738.25,7737.25,7738.0,294
2026-09-24 02:35:00-04:00,7737.25,7737.25,7738.0,7736.5,7737.25,338
2026-09-24 02:36:00-04:00,7736.5,7736.5,7737.5,7736.25,7737.25,447
2026-09-24 02:37:00-04:00,7736.75,7736.75,7737.0,7735.5,7736.75,540
2026-09-24 02:38:00-04:00,7737.25,7737.25,7737.25,7735.75,7736.75,229
2026-09-24 02:39:00-04:00,7736.75,7736.75,7737.25,7736.5,7737.0,281
2026-09-24 02:40:00-04:00,7737.5,7737.5,7738.25,7736.75,7737.0,411
2026-09-24 02:41:00-04:00,7738.0,7738.0,7738.0,7736.75,7737.75,228
2026-09-24 02:42:00-04:00,7738.5,7738.5,7739.75,7737.5,7738.0,266
2026-09-24 02:43:00-04:00,7740.25,7740.25,7740.75,7738.25,7738.25,286
2026-09-24 02:44:00-04:00,7739.0,7739.0,7741.25,7739.0,7740.25,239
2026-09-24 02:45:00-04:00,7739.5,7739.5,7740.25,7738.5,7739.0,183
2026-09-24 02:46:00-04:00,7737.5,7737.5,7739.75,7737.5,7739.75,189
2026-09-24 02:47:00-04:00,7737.5,7737.5,7738.5,7737.0,7737.75,220
2026-09-24 02:48:00-04:00,7738.25,7738.25,7738.25,7737.0,7737.25,154
2026-09-24 02:49:00-04:00,7738.5,7738.5,7739.25,7738.0,7738.0,209
2026-09-24 02:50:00-04:00,7737.75,7737.75,7739.0,7737.5,7738.5,199
2026-09-24 02:51:00-04:00,7737.5,7737.5,7738.25,7736.75,7737.75,293
2026-09-24 02:52:00-04:00,7736.0,7736.0,7737.5,7735.5,7737.5,319
2026-09-24 02:53:00-04:00,7736.0,7736.0,7736.25,7735.75,7736.0,120
2026-09-24 02:54:00-04:00,7735.5,7735.5,7737.75,7735.5,7736.25,156
2026-09-24 02:55:00-04:00,7735.75,7735.75,7736.0,7734.25,7736.0,488
2026-09-24 02:56:00-04:00,7736.5,7736.5,7736.75,7735.75,7735.75,116
2026-09-24 02:57:00-04:00,7736.5,7736.5,7736.5,7735.5,7736.25,154
2026-09-24 02:58:00-04:00,7735.75,7735.75,7737.25,7735.5,7736.5,206
2026-09-24 02:59:00-04:00,7735.5,7735.5,7736.0,7734.75,7735.5,230
2026-09-24 03:00:00-04:00,7734.75,7734.75,7736.25,7732.25,7735.25,1192
2026-09-24 03:01:00-04:00,7734.5,7734.5,7736.5,7734.0,7734.75,573
2026-09-24 03:02:00-04:00,7731.0,7731.0,7734.5,7730.75,7734.5,698
2026-09-24 03:03:00-04:00,7733.0,7733.0,7734.0,7730.75,7731.0,663
2026-09-24 03:04:00-04:00,7735.25,7735.25,7735.75,7732.0,7733.0,955
2026-09-24 03:05:00-04:00,7736.25,7736.25,7737.0,7733.0,7735.5,773
2026-09-24 03:06:00-04:00,7740.0,7740.0,7740.0,7735.0,7736.25,691
2026-09-24 03:07:00-04:00,7740.25,7740.25,7740.5,7737.75,7740.0,436
2026-09-24 03:08:00-04:00,7742.25,7742.25,7743.0,7740.0,7740.0,508
2026-09-24 03:09:00-04:00,7742.75,7742.75,7743.25,7742.0,7742.25,302
2026-09-24 03:10:00-04:00,7743.75,7743.75,7744.25,7742.5,7742.75,533
2026-09-24 03:11:00-04:00,7743.25,7743.25,7744.25,7742.5,7743.75,268
2026-09-24 03:12:00-04:00,7743.0,7743.0,7743.75,7742.0,7743.25,243
2026-09-24 03:13:00-04:00,7743.5,7743.5,7743.75,7741.5,7742.75,314
2026-09-24 03:14:00-04:00,7745.0,7745.0,7745.25,7743.25,7743.5,472
2026-09-24 03:15:00-04:00,7742.75,7742.75,7745.75,7742.0,7744.75,866
2026-09-24 03:16:00-04:00,7742.25,7742.25,7743.5,7742.25,7742.75,214
2026-09-24 03:17:00-04:00,7741.5,7741.5,7743.5,7741.5,7742.25,404
2026-09-24 03:18:00-04:00,7743.75,7743.75,7744.25,7740.75,7741.5,415
2026-09-24 03:19:00-04:00,7744.5,7744.5,7745.0,7743.5,7743.75,180
2026-09-24 03:20:00-04:00,7743.75,7743.75,7744.75,7743.5,7744.5,235
2026-09-24 03:21:00-04:00,7743.0,7743.0,7744.5,7742.75,7743.75,300
2026-09-24 03:22:00-04:00,7743.25,7743.25,7743.5,7742.75,7743.0,251
2026-09-24 03:23:00-04:00,7743.25,7743.25,7743.75,7742.0,7743.25,167
2026-09-24 03:24:00-04:00,7741.75,7741.75,7743.25,7741.25,7743.0,287
2026-09-24 03:25:00-04:00,7742.0,7742.0,7742.5,7741.5,7741.75,184
2026-09-24 03:26:00-04:00,7742.5,7742.5,7743.0,7741.0,7742.0,266
2026-09-24 03:27:00-04:00,7743.0,7743.0,7743.75,7742.25,7742.5,236
2026-09-24 03:28:00-04:00,7742.75,7742.75,7743.75,7742.5,7742.75,216
2026-09-24 03:29:00-04:00,7744.75,7744.75,7745.0,7742.75,7742.75,330
2026-09-24 03:30:00-04:00,7744.5,7744.5,7746.25,7744.0,7744.75,990
2026-09-24 03:31:00-04:00,7744.0,7744.0,7745.25,7743.75,7744.5,539
2026-09-24 03:32:00-04:00,7743.75,7743.75,7744.75,7743.0,7744.0,256
2026-09-24 03:33:00-04:00,7745.75,7745.75,7746.25,7743.0,7743.5,449
2026-09-24 03:34:00-04:00,7744.0,7744.0,7746.0,7744.0,7745.5,339
2026-09-24 03:35:00-04:00,7745.25,7745.25,7745.25,7743.25,7744.25,565
2026-09-24 03:36:00-04:00,7747.25,7747.25,7747.25,7744.75,7745.0,363
2026-09-24 03:37:00-04:00,7747.5,7747.5,7747.75,7746.5,7747.25,451
2026-09-24 03:38:00-04:00,7746.75,7746.75,7748.0,7746.0,7747.25,363
2026-09-24 03:39:00-04:00,7746.25,7746.25,7747.0,7745.5,7746.75,205
2026-09-24 03:40:00-04:00,7745.5,7745.5,7746.75,7745.25,7746.25,280
2026-09-24 03:41:00-04:00,7744.75,7744.75,7745.75,7744.75,7745.5,183
2026-09-24 03:42:00-04:00,7745.0,7745.0,7745.25,7744.25,7745.0,172
2026-09-24 03:43:00-04:00,7746.0,7746.0,7746.25,7744.75,7744.75,220
2026-09-24 03:44:00-04:00,7746.75,7746.75,7747.5,7746.0,7746.0,184
2026-09-24 03:45:00-04:00,7746.25,7746.25,7747.25,7746.25,7746.5,174
2026-09-24 03:46:00-04:00,7746.25,7746.25,7746.75,7746.0,7746.5,226
2026-09-24 03:47:00-04:00,7744.5,7744.5,7746.25,7744.5,7746.0,385
2026-09-24 03:48:00-04:00,7744.5,7744.5,7745.25,7743.75,7744.75,230
2026-09-24 03:49:00-04:00,7744.25,7744.25,7744.75,7743.5,7744.5,201
2026-09-24 03:50:00-04:00,7743.0,7743.0,7744.0,7742.0,7744.0,378
2026-09-24 03:51:00-04:00,7743.75,7743.75,7744.25,7742.75,7743.0,200
2026-09-24 03:52:00-04:00,7742.0,7742.0,7744.0,7742.0,7743.75,233
2026-09-24 03:53:00-04:00,7741.5,7741.5,7742.25,7740.75,7742.0,328
2026-09-24 03:54:00-04:00,7741.25,7741.25,7741.5,7740.75,7741.5,147
2026-09-24 03:55:00-04:00,7737.5,7737.5,7741.25,7736.25,7741.25,794
2026-09-24 03:56:00-04:00,7736.0,7736.0,7737.75,7734.75,7737.5,402
2026-09-24 03:57:00-04:00,7734.5,7734.5,7736.5,7734.5,7736.0,327
2026-09-24 03:58:00-04:00,7735.0,7735.0,7735.25,7734.25,7734.75,262
2026-09-24 03:59:00-04:00,7734.0,7734.0,7734.75,7733.5,7734.5,378
2026-09-24 04:00:00-04:00,7736.5,7736.5,7737.5,7732.0,7734.0,881
2026-09-24 04:01:00-04:00,7741.0,7741.0,7741.25,7734.5,7736.25,869
2026-09-24 04:02:00-04:00,7738.0,7738.0,7741.0,7737.25,7740.75,494
2026-09-24 04:03:00-04:00,7738.5,7738.5,7739.0,7735.75,7738.0,417
2026-09-24 04:04:00-04:00,7736.75,7736.75,7738.0,7734.0,7738.0,596
2026-09-24 04:05:00-04:00,7735.25,7735.25,7737.75,7734.5,7736.75,348
2026-09-24 04:06:00-04:00,7734.75,7734.75,7735.25,7733.5,7735.0,467
2026-09-24 04:07:00-04:00,7734.25,7734.25,7735.0,7733.75,7734.75,461
2026-09-24 04:08:00-04:00,7733.0,7733.0,7735.0,7732.75,7734.25,449
2026-09-24 04:09:00-04:00,7733.5,7733.5,7734.25,7732.5,7732.75,378
2026-09-24 04:10:00-04:00,7731.25,7731.25,7733.5,7731.0,7733.25,734
2026-09-24 04:11:00-04:00,7729.75,7729.75,7731.25,7727.75,7731.0,1014
2026-09-24 04:12:00-04:00,7728.75,7728.75,7730.5,7727.75,7730.0,987
2026-09-24 04:13:00-04:00,7725.5,7725.5,7729.25,7725.25,7728.75,887
2026-09-24 04:14:00-04:00,7726.5,7726.5,7727.25,7725.0,7725.5,1168
2026-09-24 04:15:00-04:00,7725.25,7725.25,7727.75,7725.25,7726.25,877
2026-09-24 04:16:00-04:00,7727.5,7727.5,7727.75,7725.0,7725.0,739
2026-09-24 04:17:00-04:00,7729.25,7729.25,7730.75,7727.25,7727.25,882
2026-09-24 04:18:00-04:00,7726.75,7726.75,7729.25,7725.5,7729.0,888
2026-09-24 04:19:00-04:00,7727.5,7727.5,7728.25,7725.5,7727.0,592
2026-09-24 04:20:00-04:00,7725.75,7725.75,7727.5,7725.25,7727.25,635
2026-09-24 04:21:00-04:00,7725.0,7725.0,7726.25,7724.25,7726.0,1029
2026-09-24 04:22:00-04:00,7726.0,7726.0,7726.75,7724.5,7725.0,591
2026-09-24 04:23:00-04:00,7725.5,7725.5,7727.25,7725.25,7726.0,468
2026-09-24 04:24:00-04:00,7726.75,7726.75,7727.75,7725.0,7725.75,575
2026-09-24 04:25:00-04:00,7726.5,7726.5,7728.75,7726.25,7726.75,745
2026-09-24 04:26:00-04:00,7724.0,7724.0,7726.5,7723.25,7726.25,793
2026-09-24 04:27:00-04:00,7723.5,7723.5,7724.25,7722.5,7724.0,684
2026-09-24 04:28:00-04:00,7722.5,7722.5,7723.75,7722.5,7723.75,657
2026-09-24 04:29:00-04:00,7723.25,7723.25,7725.0,7722.5,7722.5,548
2026-09-24 04:30:00-04:00,7725.25,7725.25,7726.0,7723.25,7723.5,911
2026-09-24 04:31:00-04:00,7729.0,7729.0,7729.25,7725.25,7725.25,1261
2026-09-24 04:32:00-04:00,7730.25,7730.25,7730.75,7728.0,7729.0,1246
2026-09-24 04:33:00-04:00,7728.75,7728.75,7731.5,7728.25,7730.25,1069
2026-09-24 04:34:00-04:00,7722.75,7722.75,7729.0,7722.0,7729.0,2112
2026-09-24 04:35:00-04:00,7723.5,7723.5,7724.0,7721.0,7722.75,995
2026-09-24 04:36:00-04:00,7722.25,7722.25,7723.5,7722.0,7723.25,702
2026-09-24 04:37:00-04:00,7723.5,7723.5,7723.5,7721.5,7722.0,643
2026-09-24 04:38:00-04:00,7723.5,7723.5,7724.5,7722.25,7723.25,822
2026-09-24 04:39:00-04:00,7724.75,7724.75,7725.25,7723.0,7723.5,713
2026-09-24 04:40:00-04:00,7722.75,7722.75,7725.0,7722.5,7724.75,503
2026-09-24 04:41:00-04:00,7722.75,7722.75,7724.0,7722.0,7722.5,619
2026-09-24 04:42:00-04:00,7725.75,7725.75,7726.25,7722.0,7722.75,511
2026-09-24 04:43:00-04:00,7727.0,7727.0,7728.0,7725.25,7725.75,669
2026-09-24 04:44:00-04:00,7726.0,7726.0,7727.0,7724.5,7727.0,382
2026-09-24 04:45:00-04:00,7725.75,7725.75,7727.75,7724.75,7726.0,571
2026-09-24 04:46:00-04:00,7725.75,7725.75,7727.5,7725.25,7725.75,225
2026-09-24 04:47:00-04:00,7724.75,7724.75,7726.0,7724.0,7725.75,196
2026-09-24 04:48:00-04:00,7724.25,7724.25,7725.0,7723.25,7725.0,329
2026-09-24 04:49:00-04:00,7723.0,7723.0,7724.5,7722.25,7724.0,466
2026-09-24 04:50:00-04:00,7722.75,7722.75,7723.25,7722.0,7722.75,386
2026-09-24 04:51:00-04:00,7725.25,7725.25,7725.5,7722.25,7722.5,501
2026-09-24 04:52:00-04:00,7724.25,7724.25,7725.0,7723.5,7725.0,278
2026-09-24 04:53:00-04:00,7722.75,7722.75,7724.25,7722.0,7724.0,258
2026-09-24 04:54:00-04:00,7722.25,7722.25,7723.5,7721.5,7722.25,295
2026-09-24 04:55:00-04:00,7722.0,7722.0,7723.0,7721.0,7722.0,357
2026-09-24 04:56:00-04:00,7721.25,7721.25,7722.5,7721.0,7722.25,257
2026-09-24 04:57:00-04:00,7722.5,7722.5,7722.75,7721.25,7721.25,200
2026-09-24 04:58:00-04:00,7723.0,7723.0,7723.75,7722.0,7722.25,274
2026-09-24 04:59:00-04:00,7723.25,7723.25,7723.5,7722.0,7723.0,391
2026-09-24 05:00:00-04:00,7724.25,7724.25,7724.5,7722.5,7723.5,733
2026-09-24 05:01:00-04:00,7726.5,7726.5,7727.5,7724.0,7724.25,552
2026-09-24 05:02:00-04:00,7725.75,7725.75,7727.0,7725.75,7726.5,286
2026-09-24 05:03:00-04:00,7725.75,7725.75,7726.25,7725.0,7725.5,365
2026-09-24 05:04:00-04:00,7725.25,7725.25,7726.5,7724.25,7725.5,597
2026-09-24 05:05:00-04:00,7725.0,7725.0,7727.0,7724.0,7725.0,469
2026-09-24 05:06:00-04:00,7726.0,7726.0,7726.0,7723.5,7725.0,328
2026-09-24 05:07:00-04:00,7727.25,7727.25,7727.75,7726.0,7726.0,376
2026-09-24 05:08:00-04:00,7729.0,7729.0,7729.75,7727.0,7727.25,677
2026-09-24 05:09:00-04:00,7727.75,7727.75,7729.5,7727.25,7729.25,442
2026-09-24 05:10:00-04:00,7728.0,7728.0,7729.0,7727.75,7727.75,342
2026-09-24 05:11:00-04:00,7725.75,7725.75,7728.0,7725.5,7728.0,345
2026-09-24 05:12:00-04:00,7724.0,7724.0,7725.75,7723.75,7725.75,278
2026-09-24 05:13:00-04:00,7725.25,7725.25,7725.75,7723.5,7724.0,477
2026-09-24 05:14:00-04:00,7725.5,7725.5,7726.0,7724.5,7725.25,380
2026-09-24 05:15:00-04:00,7725.5,7725.5,7725.75,7724.25,7725.25,357
2026-09-24 05:16:00-04:00,7724.0,7724.0,7725.5,7723.75,7725.5,389
2026-09-24 05:17:00-04:00,7724.25,7724.25,7726.0,7723.75,7724.0,367
2026-09-24 05:18:00-04:00,7725.75,7725.75,7726.0,7723.25,7724.25,293
2026-09-24 05:19:00-04:00,7726.5,7726.5,7726.75,7725.0,7725.75,358
2026-09-24 05:20:00-04:00,7727.5,7727.5,7727.75,7726.0,7726.25,337
2026-09-24 05:21:00-04:00,7725.75,7725.75,7727.5,7725.75,7727.5,386
2026-09-24 05:22:00-04:00,7724.75,7724.75,7726.0,7724.25,7725.75,279
2026-09-24 05:23:00-04:00,7727.0,7727.0,7727.5,7724.75,7724.75,406
2026-09-24 05:24:00-04:00,7727.75,7727.75,7728.25,7726.75,7727.5,332
2026-09-24 05:25:00-04:00,7729.0,7729.0,7729.5,7727.5,7727.5,303
2026-09-24 05:26:00-04:00,7727.25,7727.25,7729.25,7726.25,7729.25,330
2026-09-24 05:27:00-04:00,7724.75,7724.75,7727.5,7724.75,7727.5,469
2026-09-24 05:28:00-04:00,7725.0,7725.0,7725.0,7724.25,7724.75,266
2026-09-24 05:29:00-04:00,7725.0,7725.0,7725.25,7724.75,7724.75,166
2026-09-24 05:30:00-04:00,7723.25,7723.25,7725.25,7723.25,7724.75,396
2026-09-24 05:31:00-04:00,7723.75,7723.75,7724.25,7721.25,7723.0,560
2026-09-24 05:32:00-04:00,7724.5,7724.5,7724.75,7722.75,7723.75,189
2026-09-24 05:33:00-04:00,7723.5,7723.5,7724.5,7723.5,7724.25,176
2026-09-24 05:34:00-04:00,7725.0,7725.0,7725.25,7723.25,7723.75,313
2026-09-24 05:35:00-04:00,7724.5,7724.5,7725.75,7724.0,7725.0,213
2026-09-24 05:36:00-04:00,7723.5,7723.5,7725.0,7723.0,7724.25,277
2026-09-24 05:37:00-04:00,7721.0,7721.0,7723.5,7721.0,7723.5,508
2026-09-24 05:38:00-04:00,7720.25,7720.25,7721.25,7719.0,7721.25,958
2026-09-24 05:39:00-04:00,7721.25,7721.25,7722.0,7720.0,7720.25,327
2026-09-24 05:40:00-04:00,7720.75,7720.75,7721.75,7720.75,7721.25,440
2026-09-24 05:41:00-04:00,7718.25,7718.25,7720.5,7717.5,7720.5,1243
2026-09-24 05:42:00-04:00,7718.75,7718.75,7719.25,7717.25,7718.25,671
2026-09-24 05:43:00-04:00,7713.75,7713.75,7718.75,7707.25,7718.5,6201
2026-09-24 05:44:00-04:00,7713.25,7713.25,7713.75,7712.5,7713.75,1229
2026-09-24 05:45:00-04:00,7712.75,7712.75,7713.75,7711.75,7713.0,925
2026-09-24 05:46:00-04:00,7715.5,7715.5,7715.5,7712.25,7712.75,641
2026-09-24 05:47:00-04:00,7715.25,7715.25,7717.0,7713.25,7715.5,662
2026-09-24 05:48:00-04:00,7717.0,7717.0,7717.5,7715.25,7715.25,456
2026-09-24 05:49:00-04:00,7719.25,7719.25,7719.5,7716.75,7717.0,412
2026-09-24 05:50:00-04:00,7720.0,7720.0,7721.0,7718.75,7719.0,523
2026-09-24 05:51:00-04:00,7719.0,7719.0,7720.25,7718.5,7720.0,407
2026-09-24 05:52:00-04:00,7720.25,7720.25,7720.75,7718.75,7719.0,353
2026-09-24 05:53:00-04:00,7719.75,7719.75,7720.75,7719.0,7720.25,324
2026-09-24 05:54:00-04:00,7720.25,7720.25,7720.25,7716.5,7719.5,974
2026-09-24 05:55:00-04:00,7722.5,7722.5,7723.0,7720.0,7720.25,719
2026-09-24 05:56:00-04:00,7722.25,7722.25,7723.25,7721.0,7722.25,990
2026-09-24 05:57:00-04:00,7721.25,7721.25,7722.5,7721.0,7722.25,166
2026-09-24 05:58:00-04:00,7722.75,7722.75,7723.25,7721.0,7721.0,148
2026-09-24 05:59:00-04:00,7724.25,7724.25,7724.5,7722.75,7723.0,428
2026-09-24 06:00:00-04:00,7724.75,7724.75,7725.75,7722.75,7724.0,590
2026-09-24 06:01:00-04:00,7725.75,7725.75,7726.5,7724.75,7724.75,687
2026-09-24 06:02:00-04:00,7724.25,7724.25,7726.25,7724.25,7726.0,378
2026-09-24 06:03:00-04:00,7723.75,7723.75,7725.0,7723.5,7724.25,166
2026-09-24 06:04:00-04:00,7722.0,7722.0,7724.25,7722.0,7723.75,322
2026-09-24 06:05:00-04:00,7721.25,7721.25,7722.75,7720.75,7722.25,340
2026-09-24 06:06:00-04:00,7720.75,7720.75,7721.75,7720.0,7721.25,212
2026-09-24 06:07:00-04:00,7721.25,7721.25,7721.5,7720.25,7720.5,179
2026-09-24 06:08:00-04:00,7721.25,7721.25,7721.75,7721.0,7721.5,204
2026-09-24 06:09:00-04:00,7721.0,7721.0,7721.75,7720.5,7720.75,448
2026-09-24 06:10:00-04:00,7723.25,7723.25,7725.25,7721.0,7721.0,979
2026-09-24 06:11:00-04:00,7723.5,7723.5,7725.0,7723.25,7723.25,279
2026-09-24 06:12:00-04:00,7722.75,7722.75,7723.75,7722.5,7723.5,238
2026-09-24 06:13:00-04:00,7722.75,7722.75,7724.5,7722.5,7723.0,375
2026-09-24 06:14:00-04:00,7725.0,7725.0,7725.25,7722.25,7722.5,251
2026-09-24 06:15:00-04:00,7725.25,7725.25,7725.5,7724.5,7725.0,221
2026-09-24 06:16:00-04:00,7727.5,7727.5,7727.5,7725.0,7725.5,674
2026-09-24 06:17:00-04:00,7727.0,7727.0,7728.25,7726.75,7727.5,642
2026-09-24 06:18:00-04:00,7725.5,7725.5,7727.5,7725.25,7727.0,667
2026-09-24 06:19:00-04:00,7726.5,7726.5,7727.25,7725.5,7725.5,339
2026-09-24 06:20:00-04:00,7726.25,7726.25,7727.0,7726.25,7726.75,370
2026-09-24 06:21:00-04:00,7726.25,7726.25,7727.0,7726.0,7726.25,183
2026-09-24 06:22:00-04:00,7726.0,7726.0,7726.75,7725.75,7726.25,504
2026-09-24 06:23:00-04:00,7725.5,7725.5,7726.75,7725.5,7726.0,353
2026-09-24 06:24:00-04:00,7720.75,7720.75,7727.25,7720.75,7725.25,2163
2026-09-24 06:25:00-04:00,7721.0,7721.0,7722.0,7720.0,7721.0,1211
2026-09-24 06:26:00-04:00,7721.0,7721.0,7722.25,7720.5,7721.0,847
2026-09-24 06:27:00-04:00,7720.75,7720.75,7721.75,7720.5,7721.0,370
2026-09-24 06:28:00-04:00,7724.0,7724.0,7725.25,7719.0,7720.75,1571
2026-09-24 06:29:00-04:00,7721.75,7721.75,7724.25,7721.0,7724.0,755
2026-09-24 06:30:00-04:00,7721.25,7721.25,7723.75,7719.5,7721.75,967
2026-09-24 06:31:00-04:00,7723.25,7723.25,7723.75,7721.0,7721.25,760
2026-09-24 06:32:00-04:00,7724.0,7724.0,7725.0,7723.0,7723.0,408
2026-09-24 06:33:00-04:00,7723.5,7723.5,7725.0,7723.25,7724.25,300
2026-09-24 06:34:00-04:00,7724.75,7724.75,7725.5,7723.25,7723.25,303
2026-09-24 06:35:00-04:00,7726.0,7726.0,7726.25,7724.75,7725.0,402
2026-09-24 06:36:00-04:00,7725.25,7725.25,7726.25,7724.25,7725.75,342
2026-09-24 06:37:00-04:00,7727.0,7727.0,7727.0,7725.25,7725.25,434
2026-09-24 06:38:00-04:00,7728.5,7728.5,7728.75,7726.5,7727.0,566
2026-09-24 06:39:00-04:00,7729.25,7729.25,7730.25,7728.25,7728.5,1103
2026-09-24 06:40:00-04:00,7730.75,7730.75,7731.0,7729.25,7729.75,1107
2026-09-24 06:41:00-04:00,7730.25,7730.25,7730.75,7729.25,7730.75,647
2026-09-24 06:42:00-04:00,7731.25,7731.25,7731.25,7730.25,7730.25,290
2026-09-24 06:43:00-04:00,7731.0,7731.0,7731.5,7730.75,7731.25,453
2026-09-24 06:44:00-04:00,7730.5,7730.5,7731.5,7730.25,7731.0,447
2026-09-24 06:45:00-04:00,7730.5,7730.5,7731.0,7730.0,7730.75,501
2026-09-24 06:46:00-04:00,7731.0,7731.0,7731.0,7730.0,7730.25,272
2026-09-24 06:47:00-04:00,7730.5,7730.5,7731.25,7730.5,7731.0,202
2026-09-24 06:48:00-04:00,7731.5,7731.5,7731.75,7729.5,7730.5,604
2026-09-24 06:49:00-04:00,7737.0,7737.0,7737.75,7731.5,7731.75,3852
2026-09-24 06:50:00-04:00,7733.5,7733.5,7737.75,7732.5,7737.0,923
2026-09-24 06:51:00-04:00,7732.5,7732.5,7734.25,7731.75,7733.5,408
2026-09-24 06:52:00-04:00,7732.75,7732.75,7732.75,7731.25,7732.25,400
2026-09-24 06:53:00-04:00,7732.5,7732.5,7733.25,7732.25,7732.75,358
2026-09-24 06:54:00-04:00,7730.75,7730.75,7732.5,7730.75,7732.25,458
2026-09-24 06:55:00-04:00,7729.5,7729.5,7731.0,7729.0,7730.75,519
2026-09-24 06:56:00-04:00,7730.0,7730.0,7730.25,7728.75,7729.5,278
2026-09-24 06:57:00-04:00,7731.5,7731.5,7731.5,7729.75,7730.25,379
2026-09-24 06:58:00-04:00,7732.5,7732.5,7733.25,7731.25,7731.5,472
2026-09-24 06:59:00-04:00,7733.0,7733.0,7733.5,7732.0,7732.25,528
2026-09-24 07:00:00-04:00,7733.75,7733.75,7735.5,7732.25,7733.0,1106
2026-09-24 07:01:00-04:00,7733.5,7733.5,7734.0,7732.75,7734.0,408
2026-09-24 07:02:00-04:00,7732.5,7732.5,7733.75,7731.75,7733.75,382
2026-09-24 07:03:00-04:00,7731.75,7731.75,7732.75,7730.75,7732.25,377
2026-09-24 07:04:00-04:00,7730.5,7730.5,7732.0,7730.5,7732.0,233
2026-09-24 07:05:00-04:00,7730.5,7730.5,7730.5,7729.5,7730.25,219
2026-09-24 07:06:00-04:00,7731.25,7731.25,7731.25,7730.5,7730.5,108
2026-09-24 07:07:00-04:00,7730.0,7730.0,7731.5,7729.5,7731.0,324
2026-09-24 07:08:00-04:00,7727.75,7727.75,7730.5,7727.25,7730.0,458
2026-09-24 07:09:00-04:00,7729.0,7729.0,7729.75,7727.25,7727.75,339
2026-09-24 07:10:00-04:00,7729.0,7729.0,7729.5,7728.5,7729.0,216
2026-09-24 07:11:00-04:00,7727.75,7727.75,7729.5,7727.5,7728.75,243
2026-09-24 07:12:00-04:00,7727.0,7727.0,7728.25,7727.0,7727.75,269
2026-09-24 07:13:00-04:00,7728.25,7728.25,7729.0,7726.25,7727.0,190
2026-09-24 07:14:00-04:00,7731.75,7731.75,7732.25,7728.25,7728.25,927
2026-09-24 07:15:00-04:00,7735.25,7735.25,7735.75,7729.75,7731.75,2082
2026-09-24 07:16:00-04:00,7735.5,7735.5,7736.25,7734.0,7735.0,855
2026-09-24 07:17:00-04:00,7733.5,7733.5,7736.25,7733.25,7735.75,843
2026-09-24 07:18:00-04:00,7732.25,7732.25,7734.0,7731.5,7733.5,818
2026-09-24 07:19:00-04:00,7732.5,7732.5,7733.25,7732.0,7732.0,568
2026-09-24 07:20:00-04:00,7734.0,7734.0,7735.0,7732.25,7732.5,739
2026-09-24 07:21:00-04:00,7731.5,7731.5,7734.0,7731.5,7734.0,353
2026-09-24 07:22:00-04:00,7734.25,7734.25,7735.0,7731.25,7731.5,346
2026-09-24 07:23:00-04:00,7734.75,7734.75,7735.25,7734.0,7734.5,284
2026-09-24 07:24:00-04:00,7734.75,7734.75,7736.0,7733.75,7735.0,588
2026-09-24 07:25:00-04:00,7731.75,7731.75,7734.5,7731.25,7734.5,400
2026-09-24 07:26:00-04:00,7733.0,7733.0,7733.0,7731.25,7731.5,270
2026-09-24 07:27:00-04:00,7731.75,7731.75,7733.0,7731.0,7732.75,286
2026-09-24 07:28:00-04:00,7731.5,7731.5,7732.75,7731.25,7732.0,186
2026-09-24 07:29:00-04:00,7730.75,7730.75,7731.5,7730.5,7731.5,112
2026-09-24 07:30:00-04:00,7732.5,7732.5,7733.75,7730.75,7730.75,337
2026-09-24 07:31:00-04:00,7733.0,7733.0,7734.5,7732.0,7732.25,360
2026-09-24 07:32:00-04:00,7731.75,7731.75,7733.0,7731.5,7733.0,222
2026-09-24 07:33:00-04:00,7731.5,7731.5,7732.5,7731.5,7731.75,201
2026-09-24 07:34:00-04:00,7729.5,7729.5,7732.0,7729.0,7731.5,523
2026-09-24 07:35:00-04:00,7729.25,7729.25,7729.75,7727.0,7729.25,583
2026-09-24 07:36:00-04:00,7729.0,7729.0,7729.5,7728.0,7729.5,204
2026-09-24 07:37:00-04:00,7727.0,7727.0,7729.75,7727.0,7729.0,254
2026-09-24 07:38:00-04:00,7726.5,7726.5,7727.25,7726.25,7727.25,256
2026-09-24 07:39:00-04:00,7727.0,7727.0,7727.25,7726.5,7726.5,201
2026-09-24 07:40:00-04:00,7726.25,7726.25,7727.5,7726.0,7727.0,253
2026-09-24 07:41:00-04:00,7727.0,7727.0,7727.25,7726.25,7726.25,140
2026-09-24 07:42:00-04:00,7726.25,7726.25,7727.0,7726.25,7727.0,146
2026-09-24 07:43:00-04:00,7726.25,7726.25,7726.5,7725.25,7726.0,278
2026-09-24 07:44:00-04:00,7726.5,7726.5,7726.5,7725.5,7726.0,234
2026-09-24 07:45:00-04:00,7725.75,7725.75,7726.5,7725.25,7726.5,304
2026-09-24 07:46:00-04:00,7725.75,7725.75,7726.25,7725.0,7725.75,507
2026-09-24 07:47:00-04:00,7725.5,7725.5,7726.5,7725.0,7725.5,518
2026-09-24 07:48:00-04:00,7723.25,7723.25,7725.5,7723.0,7725.5,766
2026-09-24 07:49:00-04:00,7722.25,7722.25,7723.5,7722.0,7723.0,432
2026-09-24 07:50:00-04:00,7722.75,7722.75,7723.75,7722.0,7722.5,333
2026-09-24 07:51:00-04:00,7723.25,7723.25,7723.25,7722.0,7722.75,463
2026-09-24 07:52:00-04:00,7722.75,7722.75,7724.0,7722.25,7723.0,496
2026-09-24 07:53:00-04:00,7723.5,7723.5,7724.0,7722.75,7723.0,336
2026-09-24 07:54:00-04:00,7726.0,7726.0,7726.0,7723.25,7723.5,532
2026-09-24 07:55:00-04:00,7726.5,7726.5,7727.25,7725.5,7726.0,447
2026-09-24 07:56:00-04:00,7725.75,7725.75,7726.5,7724.5,7726.5,439
2026-09-24 07:57:00-04:00,7727.5,7727.5,7727.5,7725.25,7725.75,444
2026-09-24 07:58:00-04:00,7730.5,7730.5,7730.5,7727.25,7727.5,866
2026-09-24 07:59:00-04:00,7732.25,7732.25,7734.0,7730.0,7730.25,2644
2026-09-24 08:00:00-04:00,7730.0,7730.0,7732.0,7730.0,7732.0,1016
2026-09-24 08:01:00-04:00,7727.25,7727.25,7730.5,7726.5,7730.0,681
2026-09-24 08:02:00-04:00,7730.5,7730.5,7732.5,7726.75,7727.0,1288
2026-09-24 08:03:00-04:00,7727.0,7727.0,7731.0,7726.75,7730.5,501
2026-09-24 08:04:00-04:00,7727.25,7727.25,7729.0,7726.5,7727.0,466
2026-09-24 08:05:00-04:00,7729.0,7729.0,7729.0,7727.0,7727.0,330
2026-09-24 08:06:00-04:00,7729.25,7729.25,7729.5,7728.0,7729.0,268
2026-09-24 08:07:00-04:00,7729.75,7729.75,7730.75,7728.25,7729.0,488
2026-09-24 08:08:00-04:00,7730.75,7730.75,7730.75,7729.5,7729.75,262
2026-09-24 08:09:00-04:00,7730.0,7730.0,7730.5,7729.5,7730.5,118
2026-09-24 08:10:00-04:00,7731.25,7731.25,7731.25,7729.5,7730.0,297
2026-09-24 08:11:00-04:00,7730.75,7730.75,7731.75,7730.5,7731.25,421
2026-09-24 08:12:00-04:00,7731.5,7731.5,7733.25,7731.0,7731.0,632
2026-09-24 08:13:00-04:00,7731.25,7731.25,7732.0,7731.25,7731.5,209
2026-09-24 08:14:00-04:00,7733.75,7733.75,7734.5,7731.25,7731.25,699
2026-09-24 08:15:00-04:00,7734.0,7734.0,7734.5,7733.5,7733.75,598
2026-09-24 08:16:00-04:00,7735.5,7735.5,7736.0,7733.0,7734.25,851
2026-09-24 08:17:00-04:00,7737.0,7737.0,7737.75,7735.5,7735.5,787
2026-09-24 08:18:00-04:00,7735.75,7735.75,7737.5,7735.75,7737.0,448
2026-09-24 08:19:00-04:00,7736.5,7736.5,7737.25,7735.5,7736.0,439
2026-09-24 08:20:00-04:00,7737.5,7737.5,7739.5,7736.25,7736.25,1003
2026-09-24 08:21:00-04:00,7736.75,7736.75,7738.5,7736.75,7737.5,478
2026-09-24 08:22:00-04:00,7737.0,7737.0,7738.0,7736.25,7736.75,606
2026-09-24 08:23:00-04:00,7736.25,7736.25,7737.25,7735.5,7737.0,518
2026-09-24 08:24:00-04:00,7737.5,7737.5,7738.25,7735.25,7736.25,887
2026-09-24 08:25:00-04:00,7735.0,7735.0,7738.25,7731.25,7737.25,3847
2026-09-24 08:26:00-04:00,7732.5,7732.5,7735.75,7731.25,7734.75,991
2026-09-24 08:27:00-04:00,7732.75,7732.75,7734.25,7731.25,7732.5,1059
2026-09-24 08:28:00-04:00,7734.0,7734.0,7734.0,7732.5,7733.0,165
2026-09-24 08:29:00-04:00,7734.0,7734.0,7734.25,7733.25,7734.0,182
2026-09-24 08:30:00-04:00,7734.5,7734.5,7735.25,7731.75,7733.75,614
2026-09-24 08:31:00-04:00,7731.75,7731.75,7734.5,7731.5,7734.25,369
2026-09-24 08:32:00-04:00,7731.25,7731.25,7732.75,7731.25,7732.0,343
2026-09-24 08:33:00-04:00,7729.75,7729.75,7731.75,7728.5,7731.0,592
2026-09-24 08:34:00-04:00,7728.0,7728.0,7730.5,7727.75,7729.5,503
2026-09-24 08:35:00-04:00,7727.25,7727.25,7728.5,7726.75,7727.75,554
2026-09-24 08:36:00-04:00,7727.25,7727.25,7727.75,7726.25,7727.0,782
2026-09-24 08:37:00-04:00,7725.75,7725.75,7728.25,7725.5,7727.25,557
2026-09-24 08:38:00-04:00,7725.75,7725.75,7726.0,7724.5,7726.0,763
2026-09-24 08:39:00-04:00,7727.25,7727.25,7727.25,7725.75,7725.75,493
2026-09-24 08:40:00-04:00,7728.25,7728.25,7730.25,7727.0,7727.25,1208
2026-09-24 08:41:00-04:00,7732.5,7732.5,7732.75,7728.25,7728.25,1020
2026-09-24 08:42:00-04:00,7732.25,7732.25,7735.25,7732.0,7732.75,1091
2026-09-24 08:43:00-04:00,7733.25,7733.25,7733.75,7731.75,7732.25,358
2026-09-24 08:44:00-04:00,7733.75,7733.75,7734.5,7732.75,7733.5,375
2026-09-24 08:45:00-04:00,7734.25,7734.25,7735.75,7733.5,7734.0,523
2026-09-24 08:46:00-04:00,7733.75,7733.75,7734.5,7733.25,7734.0,549
2026-09-24 08:47:00-04:00,7733.5,7733.5,7734.0,7733.0,7733.75,252
2026-09-24 08:48:00-04:00,7734.0,7734.0,7734.25,7732.5,7733.5,256
2026-09-24 08:49:00-04:00,7732.25,7732.25,7734.25,7731.75,7734.0,381
2026-09-24 08:50:00-04:00,7730.75,7730.75,7732.5,7729.75,7732.0,489
2026-09-24 08:51:00-04:00,7732.0,7732.0,7732.25,7730.5,7730.75,217
2026-09-24 08:52:00-04:00,7732.75,7732.75,7733.0,7731.5,7731.75,227
2026-09-24 08:53:00-04:00,7731.0,7731.0,7733.0,7731.0,7732.5,322
2026-09-24 08:54:00-04:00,7734.75,7734.75,7734.75,7731.0,7731.0,982
2026-09-24 08:55:00-04:00,7735.5,7735.5,7735.75,7734.0,7734.5,853
2026-09-24 08:56:00-04:00,7734.0,7734.0,7737.25,7733.5,7735.5,1053
2026-09-24 08:57:00-04:00,7736.25,7736.25,7736.5,7733.5,7733.75,1197
2026-09-24 08:58:00-04:00,7736.0,7736.0,7736.5,7735.5,7736.25,506
2026-09-24 08:59:00-04:00,7735.0,7735.0,7736.5,7734.25,7735.75,620
2026-09-24 09:00:00-04:00,7736.75,7736.75,7736.75,7734.75,7734.75,1255
2026-09-24 09:01:00-04:00,7736.5,7736.5,7737.75,7736.25,7737.0,844
2026-09-24 09:02:00-04:00,7738.5,7738.5,7738.5,7736.5,7736.5,946
2026-09-24 09:03:00-04:00,7736.0,7736.0,7738.5,7736.0,7738.5,757
2026-09-24 09:04:00-04:00,7736.25,7736.25,7737.25,7735.5,7736.25,1848
2026-09-24 09:05:00-04:00,7735.25,7735.25,7736.5,7734.0,7736.0,850
2026-09-24 09:06:00-04:00,7735.5,7735.5,7736.25,7734.75,7735.25,699
2026-09-24 09:07:00-04:00,7734.75,7734.75,7736.75,7734.75,7735.5,627
2026-09-24 09:08:00-04:00,7734.5,7734.5,7735.25,7734.0,7734.5,406
2026-09-24 09:09:00-04:00,7735.25,7735.25,7735.5,7734.5,7734.5,332
2026-09-24 09:10:00-04:00,7736.25,7736.25,7736.75,7735.25,7735.5,653
2026-09-24 09:11:00-04:00,7739.0,7739.0,7739.25,7736.0,7736.5,755
2026-09-24 09:12:00-04:00,7737.75,7737.75,7739.5,7737.75,7739.0,526
2026-09-24 09:13:00-04:00,7738.25,7738.25,7738.75,7737.75,7737.75,361
2026-09-24 09:14:00-04:00,7738.0,7738.0,7738.5,7737.75,7738.25,386
2026-09-24 09:15:00-04:00,7738.0,7738.0,7738.75,7737.25,7737.75,872
2026-09-24 09:16:00-04:00,7739.75,7739.75,7740.0,7737.75,7738.25,1316
2026-09-24 09:17:00-04:00,7740.5,7740.5,7741.25,7739.75,7739.75,813
2026-09-24 09:18:00-04:00,7741.5,7741.5,7741.5,7739.75,7740.75,778
2026-09-24 09:19:00-04:00,7740.75,7740.75,7741.5,7739.75,7741.5,608
2026-09-24 09:20:00-04:00,7740.25,7740.25,7741.0,7739.75,7740.5,449
2026-09-24 09:21:00-04:00,7738.5,7738.5,7740.25,7738.5,7740.25,499
2026-09-24 09:22:00-04:00,7738.25,7738.25,7739.0,7737.5,7738.5,517
2026-09-24 09:23:00-04:00,7738.25,7738.25,7738.5,7737.5,7738.0,530
2026-09-24 09:24:00-04:00,7738.5,7738.5,7739.0,7738.0,7738.25,764
2026-09-24 09:25:00-04:00,7737.25,7737.25,7738.5,7736.25,7738.5,1787
2026-09-24 09:26:00-04:00,7738.25,7738.25,7738.75,7737.25,7737.25,624
2026-09-24 09:27:00-04:00,7738.0,7738.0,7739.25,7736.25,7738.25,1705
2026-09-24 09:28:00-04:00,7736.0,7736.0,7738.0,7735.75,7738.0,1460
2026-09-24 09:29:00-04:00,7734.0,7734.0,7736.75,7734.0,7736.0,2269
2026-09-24 09:30:00-04:00,7733.25,7733.25,7738.0,7730.5,7734.0,12281
2026-09-24 09:31:00-04:00,7737.0,7737.0,7737.25,7730.0,7733.25,6447
2026-09-24 09:32:00-04:00,7738.25,7738.25,7740.5,7735.5,7736.75,4874
2026-09-24 09:33:00-04:00,7741.0,7741.0,7742.75,7738.25,7738.25,4928
2026-09-24 09:34:00-04:00,7741.0,7741.0,7742.25,7739.25,7741.0,4182
2026-09-24 09:35:00-04:00,7740.25,7740.25,7743.5,7738.75,7741.0,6177
2026-09-24 09:36:00-04:00,7743.5,7743.5,7744.75,7740.0,7740.25,3995
2026-09-24 09:37:00-04:00,7741.0,7741.0,7744.0,7740.0,7743.75,4329
2026-09-24 09:38:00-04:00,7743.5,7743.5,7744.25,7740.25,7740.75,2856
2026-09-24 09:39:00-04:00,7744.25,7744.25,7744.25,7742.25,7743.5,2897
2026-09-24 09:40:00-04:00,7742.0,7742.0,7744.25,7741.0,7744.0,3521
2026-09-24 09:41:00-04:00,7739.25,7739.25,7743.0,7738.75,7742.0,3234
2026-09-24 09:42:00-04:00,7737.5,7737.5,7741.25,7737.5,7739.5,2751
2026-09-24 09:43:00-04:00,7740.5,7740.5,7741.0,7737.5,7737.75,2861
2026-09-24 09:44:00-04:00,7740.5,7740.5,7741.75,7739.0,7740.5,2903
2026-09-24 09:45:00-04:00,7742.0,7742.0,7742.75,7738.75,7740.25,3486
2026-09-24 09:46:00-04:00,7745.0,7745.0,7745.0,7741.5,7742.0,3375
2026-09-24 09:47:00-04:00,7746.75,7746.75,7747.75,7744.75,7744.75,4213
2026-09-24 09:48:00-04:00,7742.0,7742.0,7747.75,7742.0,7747.0,4057
2026-09-24 09:49:00-04:00,7743.75,7743.75,7743.75,7740.75,7742.25,3377
2026-09-24 09:50:00-04:00,7743.25,7743.25,7745.5,7742.25,7743.75,3920
2026-09-24 09:51:00-04:00,7743.75,7743.75,7746.5,7743.0,7743.5,2389
2026-09-24 09:52:00-04:00,7745.75,7745.75,7746.0,7742.75,7743.75,2687
2026-09-24 09:53:00-04:00,7744.25,7744.25,7746.25,7743.75,7746.0,2053
2026-09-24 09:54:00-04:00,7743.25,7743.25,7744.75,7741.25,7744.25,2471
2026-09-24 09:55:00-04:00,7742.5,7742.5,7745.0,7742.5,7743.0,2647
2026-09-24 09:56:00-04:00,7743.25,7743.25,7743.5,7741.5,7742.5,2523
2026-09-24 09:57:00-04:00,7745.5,7745.5,7746.0,7743.0,7743.25,2729
2026-09-24 09:58:00-04:00,7747.75,7747.75,7747.75,7745.0,7745.75,2445
2026-09-24 09:59:00-04:00,7747.75,7747.75,7749.0,7746.75,7748.0,2460
2026-09-24 10:00:00-04:00,7749.25,7749.25,7750.5,7746.25,7748.0,4549
2026-09-24 10:01:00-04:00,7749.0,7749.0,7751.5,7748.0,7749.25,3304
2026-09-24 10:02:00-04:00,7751.0,7751.0,7751.75,7748.5,7748.75,3617
2026-09-24 10:03:00-04:00,7753.0,7753.0,7753.25,7750.5,7751.0,3045
2026-09-24 10:04:00-04:00,7753.5,7753.5,7753.75,7752.0,7753.0,4764
2026-09-24 10:05:00-04:00,7755.25,7755.25,7755.25,7753.25,7753.75,2407
2026-09-24 10:06:00-04:00,7754.5,7754.5,7755.5,7753.5,7755.0,2826
2026-09-24 10:07:00-04:00,7757.5,7757.5,7758.0,7754.5,7754.75,3605
2026-09-24 10:08:00-04:00,7757.5,7757.5,7758.0,7755.75,7757.5,3721
2026-09-24 10:09:00-04:00,7755.5,7755.5,7758.0,7755.5,7757.5,2576
2026-09-24 10:10:00-04:00,7755.0,7755.0,7756.0,7752.75,7755.75,4654
2026-09-24 10:11:00-04:00,7753.0,7753.0,7755.0,7752.0,7755.0,3150
2026-09-24 10:12:00-04:00,7752.5,7752.5,7753.5,7751.75,7752.75,3224
2026-09-24 10:13:00-04:00,7754.25,7754.25,7755.0,7752.25,7752.5,3209
2026-09-24 10:14:00-04:00,7754.0,7754.0,7755.25,7753.25,7754.25,3069
2026-09-24 10:15:00-04:00,7750.75,7750.75,7754.5,7749.5,7753.75,4885
2026-09-24 10:16:00-04:00,7752.75,7752.75,7752.75,7750.5,7750.5,3036
2026-09-24 10:17:00-04:00,7753.75,7753.75,7755.5,7750.5,7753.0,3699
2026-09-24 10:18:00-04:00,7756.5,7756.5,7757.25,7753.0,7753.75,5269
2026-09-24 10:19:00-04:00,7755.75,7755.75,7757.5,7755.25,7756.25,4430
2026-09-24 10:20:00-04:00,7754.5,7754.5,7756.0,7753.5,7756.0,3115
2026-09-24 10:21:00-04:00,7753.0,7753.0,7756.0,7752.75,7754.5,3377
2026-09-24 10:22:00-04:00,7753.25,7753.25,7754.0,7751.75,7752.75,2564
2026-09-24 10:23:00-04:00,7754.0,7754.0,7755.0,7753.25,7753.25,2571
2026-09-24 10:24:00-04:00,7752.0,7752.0,7754.75,7751.75,7754.25,3389
2026-09-24 10:25:00-04:00,7753.0,7753.0,7753.25,7750.5,7752.0,3851
2026-09-24 10:26:00-04:00,7753.5,7753.5,7753.75,7752.0,7753.0,3412
2026-09-24 10:27:00-04:00,7757.0,7757.0,7757.25,7752.75,7753.5,3603
2026-09-24 10:28:00-04:00,7755.0,7755.0,7757.25,7755.0,7757.25,2792
2026-09-24 10:29:00-04:00,7754.5,7754.5,7755.5,7753.5,7755.0,2528
2026-09-24 10:30:00-04:00,7751.75,7751.75,7755.25,7751.25,7754.5,2881
2026-09-24 10:31:00-04:00,7751.0,7751.0,7753.0,7751.0,7751.5,2077
2026-09-24 10:32:00-04:00,7750.0,7750.0,7752.75,7749.0,7751.0,3209
2026-09-24 10:33:00-04:00,7751.0,7751.0,7751.5,7749.0,7749.75,2675
2026-09-24 10:34:00-04:00,7753.25,7753.25,7753.25,7750.25,7751.0,1778
2026-09-24 10:35:00-04:00,7754.25,7754.25,7755.0,7751.25,7753.0,2619
2026-09-24 10:36:00-04:00,7752.75,7752.75,7754.5,7750.5,7754.25,3029
2026-09-24 10:37:00-04:00,7754.75,7754.75,7755.25,7752.5,7752.5,2252
2026-09-24 10:38:00-04:00,7753.75,7753.75,7755.0,7752.75,7754.5,1832
2026-09-24 10:39:00-04:00,7753.0,7753.0,7754.0,7751.25,7753.5,2258
2026-09-24 10:40:00-04:00,7752.0,7752.0,7754.25,7751.75,7753.0,2012
2026-09-24 10:41:00-04:00,7750.0,7750.0,7752.25,7750.0,7752.25,1907
2026-09-24 10:42:00-04:00,7749.75,7749.75,7752.5,7749.0,7750.0,2588
2026-09-24 10:43:00-04:00,7747.5,7747.5,7749.75,7747.25,7749.75,2915
2026-09-24 10:44:00-04:00,7746.25,7746.25,7747.75,7745.5,7747.5,3234
2026-09-24 10:45:00-04:00,7744.25,7744.25,7746.5,7743.5,7746.5,3778
2026-09-24 10:46:00-04:00,7745.25,7745.25,7745.5,7743.0,7744.25,3351
2026-09-24 10:47:00-04:00,7747.75,7747.75,7748.75,7745.0,7745.5,3164
2026-09-24 10:48:00-04:00,7746.75,7746.75,7748.5,7746.25,7748.0,2338
2026-09-24 10:49:00-04:00,7746.5,7746.5,7747.25,7745.25,7746.75,2261
2026-09-24 10:50:00-04:00,7746.0,7746.0,7750.5,7746.0,7746.5,5040
2026-09-24 10:51:00-04:00,7746.0,7746.0,7747.0,7745.25,7746.25,2635
2026-09-24 10:52:00-04:00,7743.75,7743.75,7746.25,7743.5,7745.75,2384
2026-09-24 10:53:00-04:00,7743.75,7743.75,7744.75,7741.5,7743.75,4053
2026-09-24 10:54:00-04:00,7742.25,7742.25,7744.25,7741.5,7744.0,2627
2026-09-24 10:55:00-04:00,7740.25,7740.25,7742.5,7740.0,7742.25,3763
2026-09-24 10:56:00-04:00,7740.25,7740.25,7740.5,7739.0,7740.25,3121
2026-09-24 10:57:00-04:00,7739.5,7739.5,7741.0,7738.25,7740.5,3036
2026-09-24 10:58:00-04:00,7736.75,7736.75,7739.5,7736.0,7739.25,4182
2026-09-24 10:59:00-04:00,7738.25,7738.25,7738.75,7735.0,7737.0,4561
2026-09-24 11:00:00-04:00,7736.75,7736.75,7738.75,7736.25,7738.5,4402
2026-09-24 11:01:00-04:00,7737.75,7737.75,7738.5,7736.5,7736.75,2399
2026-09-24 11:02:00-04:00,7737.25,7737.25,7740.0,7737.0,7737.5,3671
2026-09-24 11:03:00-04:00,7739.5,7739.5,7740.5,7736.5,7737.0,2589
2026-09-24 11:04:00-04:00,7737.0,7737.0,7741.25,7736.5,7739.25,2741
2026-09-24 11:05:00-04:00,7736.25,7736.25,7737.75,7735.75,7737.25,3919
2026-09-24 11:06:00-04:00,7735.75,7735.75,7738.0,7735.25,7736.25,2595
2026-09-24 11:07:00-04:00,7734.25,7734.25,7735.75,7733.5,7735.5,3389
2026-09-24 11:08:00-04:00,7735.5,7735.5,7736.25,7733.75,7734.25,2373
2026-09-24 11:09:00-04:00,7734.5,7734.5,7735.5,7733.75,7735.5,2320
2026-09-24 11:10:00-04:00,7734.5,7734.5,7736.25,7733.75,7734.25,2343
2026-09-24 11:11:00-04:00,7734.25,7734.25,7734.75,7733.0,7734.25,2704
2026-09-24 11:12:00-04:00,7730.75,7730.75,7734.5,7730.25,7734.0,3568
2026-09-24 11:13:00-04:00,7727.75,7727.75,7730.75,7727.75,7730.75,4453
2026-09-24 11:14:00-04:00,7726.75,7726.75,7728.75,7725.25,7727.75,5064
2026-09-24 11:15:00-04:00,7728.75,7728.75,7729.5,7725.5,7726.75,6594
2026-09-24 11:16:00-04:00,7732.75,7732.75,7734.25,7727.75,7728.75,9088
2026-09-24 11:17:00-04:00,7733.5,7733.5,7734.75,7731.75,7732.75,3577
2026-09-24 11:18:00-04:00,7732.5,7732.5,7733.5,7729.75,7733.5,3030
2026-09-24 11:19:00-04:00,7731.5,7731.5,7732.5,7730.5,7732.5,2367
2026-09-24 11:20:00-04:00,7730.25,7730.25,7731.5,7729.5,7731.5,3463
2026-09-24 11:21:00-04:00,7732.75,7732.75,7733.0,7730.0,7730.25,3620
2026-09-24 11:22:00-04:00,7733.75,7733.75,7733.75,7732.25,7732.75,3381
2026-09-24 11:23:00-04:00,7736.75,7736.75,7736.75,7733.5,7733.75,4078
2026-09-24 11:24:00-04:00,7738.0,7738.0,7738.75,7736.5,7736.5,3220
2026-09-24 11:25:00-04:00,7732.75,7732.75,7738.0,7732.25,7738.0,3820
2026-09-24 11:26:00-04:00,7730.5,7730.5,7733.25,7730.0,7732.5,2686
2026-09-24 11:27:00-04:00,7730.0,7730.0,7730.75,7728.75,7730.5,3068
2026-09-24 11:28:00-04:00,7729.0,7729.0,7730.5,7728.75,7729.75,2687
2026-09-24 11:29:00-04:00,7729.25,7729.25,7730.0,7728.25,7728.75,3318
2026-09-24 11:30:00-04:00,7728.75,7728.75,7730.5,7728.5,7729.25,2907
2026-09-24 11:31:00-04:00,7728.25,7728.25,7729.75,7728.25,7729.0,2873
2026-09-24 11:32:00-04:00,7729.0,7729.0,7729.75,7726.75,7728.25,3353
2026-09-24 11:33:00-04:00,7728.5,7728.5,7730.25,7727.75,7729.25,1839
2026-09-24 11:34:00-04:00,7727.75,7727.75,7729.5,7727.75,7728.5,2389
2026-09-24 11:35:00-04:00,7730.25,7730.25,7731.75,7728.0,7728.0,3248
2026-09-24 11:36:00-04:00,7731.5,7731.5,7733.0,7730.5,7730.5,3531
2026-09-24 11:37:00-04:00,7732.5,7732.5,7733.25,7730.5,7731.75,2900
2026-09-24 11:38:00-04:00,7730.75,7730.75,7733.5,7730.75,7732.75,1985
2026-09-24 11:39:00-04:00,7730.75,7730.75,7731.0,7728.25,7730.75,2707
2026-09-24 11:40:00-04:00,7729.0,7729.0,7731.0,7729.0,7730.75,1983
2026-09-24 11:41:00-04:00,7730.0,7730.0,7731.25,7728.75,7729.0,2195
2026-09-24 11:42:00-04:00,7730.0,7730.0,7731.0,7728.75,7729.75,1792
2026-09-24 11:43:00-04:00,7732.25,7732.25,7732.75,7729.75,7730.0,2060
2026-09-24 11:44:00-04:00,7733.75,7733.75,7735.0,7732.25,7732.25,2133
2026-09-24 11:45:00-04:00,7735.75,7735.75,7736.5,7734.0,7734.0,2279
2026-09-24 11:46:00-04:00,7734.0,7734.0,7735.75,7733.5,7735.75,1896
2026-09-24 11:47:00-04:00,7732.0,7732.0,7735.0,7731.5,7733.75,1580
2026-09-24 11:48:00-04:00,7729.0,7729.0,7732.25,7729.0,7731.75,2186
2026-09-24 11:49:00-04:00,7728.5,7728.5,7729.25,7727.25,7729.0,2332
2026-09-24 11:50:00-04:00,7733.5,7733.5,7733.75,7728.0,7728.75,2732
2026-09-24 11:51:00-04:00,7735.25,7735.25,7736.0,7733.0,7733.75,2338
2026-09-24 11:52:00-04:00,7735.5,7735.5,7736.25,7735.0,7735.0,2278
2026-09-24 11:53:00-04:00,7735.0,7735.0,7737.5,7735.0,7735.75,2244
2026-09-24 11:54:00-04:00,7736.0,7736.0,7736.0,7734.5,7735.0,1878
2026-09-24 11:55:00-04:00,7734.0,7734.0,7736.75,7734.0,7736.25,1759
2026-09-24 11:56:00-04:00,7735.25,7735.25,7735.25,7732.75,7734.0,2748
2026-09-24 11:57:00-04:00,7735.75,7735.75,7736.25,7734.25,7735.5,1588
2026-09-24 11:58:00-04:00,7736.5,7736.5,7737.25,7735.75,7735.75,1472
2026-09-24 11:59:00-04:00,7735.75,7735.75,7737.0,7735.75,7736.5,1186
2026-09-24 12:00:00-04:00,7731.0,7731.0,7736.25,7730.5,7735.75,2669
2026-09-24 12:01:00-04:00,7732.0,7732.0,7733.25,7730.0,7730.75,2129
2026-09-24 12:02:00-04:00,7732.25,7732.25,7733.5,7731.5,7732.0,1707
2026-09-24 12:03:00-04:00,7732.5,7732.5,7733.0,7730.5,7732.25,1640
2026-09-24 12:04:00-04:00,7734.25,7734.25,7734.25,7731.75,7732.25,1575
2026-09-24 12:05:00-04:00,7735.0,7735.0,7735.0,7732.5,7734.0,1825
2026-09-24 12:06:00-04:00,7732.75,7732.75,7734.75,7731.5,7734.75,2040
2026-09-24 12:07:00-04:00,7731.25,7731.25,7733.0,7730.25,7732.5,1815
2026-09-24 12:08:00-04:00,7731.75,7731.75,7731.75,7730.25,7731.25,1447
2026-09-24 12:09:00-04:00,7732.0,7732.0,7732.25,7730.5,7731.75,1562
2026-09-24 12:10:00-04:00,7731.75,7731.75,7733.25,7731.5,7731.75,1325
2026-09-24 12:11:00-04:00,7730.25,7730.25,7731.75,7729.5,7731.75,1913
2026-09-24 12:12:00-04:00,7730.0,7730.0,7731.25,7730.0,7730.0,1032
2026-09-24 12:13:00-04:00,7732.75,7732.75,7733.0,7729.5,7730.0,1610
2026-09-24 12:14:00-04:00,7739.5,7739.5,7740.0,7732.25,7732.5,4383
2026-09-24 12:15:00-04:00,7752.5,7752.5,7754.0,7738.75,7739.5,25754
2026-09-24 12:16:00-04:00,7766.75,7766.75,7771.5,7750.0,7752.5,22228
2026-09-24 12:17:00-04:00,7771.5,7771.5,7773.5,7763.75,7766.75,15763
2026-09-24 12:18:00-04:00,7767.25,7767.25,7778.0,7767.25,7771.25,14187
2026-09-24 12:19:00-04:00,7762.0,7762.0,7770.5,7759.0,7767.25,12761
2026-09-24 12:20:00-04:00,7763.5,7763.5,7768.0,7761.5,7762.0,9029
2026-09-24 12:21:00-04:00,7762.75,7762.75,7765.0,7761.25,7763.5,5264
2026-09-24 12:22:00-04:00,7765.75,7765.75,7766.25,7762.5,7763.0,4926
2026-09-24 12:23:00-04:00,7762.5,7762.5,7767.0,7762.0,7766.0,7108
2026-09-24 12:24:00-04:00,7763.25,7763.25,7765.25,7759.25,7762.5,5072
2026-09-24 12:25:00-04:00,7757.5,7757.5,7765.5,7757.25,7763.5,5165
2026-09-24 12:26:00-04:00,7759.0,7759.0,7761.5,7757.0,7757.5,3989
2026-09-24 12:27:00-04:00,7763.75,7763.75,7765.0,7756.25,7759.0,3929
2026-09-24 12:28:00-04:00,7766.75,7766.75,7767.5,7763.75,7763.75,4821
2026-09-24 12:29:00-04:00,7765.5,7765.5,7767.0,7764.75,7766.75,3788
2026-09-24 12:30:00-04:00,7765.5,7765.5,7766.25,7764.0,7765.5,3947
2026-09-24 12:31:00-04:00,7759.5,7759.5,7766.25,7759.5,7765.75,3500
2026-09-24 12:32:00-04:00,7759.75,7759.75,7760.25,7757.0,7759.75,4604
2026-09-24 12:33:00-04:00,7762.0,7762.0,7762.75,7759.5,7759.75,3158
2026-09-24 12:34:00-04:00,7762.25,7762.25,7763.0,7760.25,7761.75,3414
2026-09-24 12:35:00-04:00,7765.0,7765.0,7765.75,7761.0,7762.25,2632
2026-09-24 12:36:00-04:00,7770.0,7770.0,7770.0,7765.0,7765.0,4152
2026-09-24 12:37:00-04:00,7769.75,7769.75,7771.25,7769.25,7769.75,4712
2026-09-24 12:38:00-04:00,7769.5,7769.5,7771.0,7768.75,7769.5,3275
2026-09-24 12:39:00-04:00,7771.75,7771.75,7772.0,7769.25,7769.5,2934
2026-09-24 12:40:00-04:00,7777.25,7777.25,7777.5,7769.75,7771.5,5051
2026-09-24 12:41:00-04:00,7780.0,7780.0,7780.25,7777.25,7777.5,5793
2026-09-24 12:42:00-04:00,7782.25,7782.25,7783.0,7779.5,7780.25,5974
2026-09-24 12:43:00-04:00,7777.25,7777.25,7783.0,7776.75,7782.5,4992
2026-09-24 12:44:00-04:00,7770.0,7770.0,7777.75,7769.75,7777.25,5838
2026-09-24 12:45:00-04:00,7767.75,7767.75,7770.5,7765.75,7770.0,6643
2026-09-24 12:46:00-04:00,7770.5,7770.5,7770.5,7767.0,7767.75,6502
2026-09-24 12:47:00-04:00,7770.5,7770.5,7771.25,7768.5,7770.5,5695
2026-09-24 12:48:00-04:00,7776.5,7776.5,7777.25,7770.75,7770.75,4735
2026-09-24 12:49:00-04:00,7779.5,7779.5,7780.5,7775.75,7776.5,5630
2026-09-24 12:50:00-04:00,7777.75,7777.75,7781.5,7777.5,7779.5,6325
2026-09-24 12:51:00-04:00,7778.25,7778.25,7781.25,7777.75,7778.0,4682
2026-09-24 12:52:00-04:00,7773.75,7773.75,7779.0,7772.75,7778.5,4588
2026-09-24 12:53:00-04:00,7773.25,7773.25,7775.25,7772.25,7774.0,3667
2026-09-24 12:54:00-04:00,7774.5,7774.5,7776.0,7772.75,7773.25,3839
2026-09-24 12:55:00-04:00,7776.25,7776.25,7778.0,7774.0,7774.5,3288
2026-09-24 12:56:00-04:00,7780.5,7780.5,7780.5,7775.25,7776.0,3599
2026-09-24 12:57:00-04:00,7779.75,7779.75,7783.5,7779.5,7780.5,4042
2026-09-24 12:58:00-04:00,7779.25,7779.25,7781.75,7778.75,7779.75,3825
2026-09-24 12:59:00-04:00,7776.5,7776.5,7779.25,7776.5,7779.25,2754
2026-09-24 13:00:00-04:00,7772.0,7772.0,7776.25,7770.75,7776.25,4971
2026-09-24 13:01:00-04:00,7774.25,7774.25,7776.0,7771.0,7772.25,2985
2026-09-24 13:02:00-04:00,7774.5,7774.5,7774.5,7769.0,7774.25,4228
2026-09-24 13:03:00-04:00,7777.25,7777.25,7780.75,7774.25,7774.5,4742
2026-09-24 13:04:00-04:00,7776.25,7776.25,7778.0,7773.0,7777.25,6222
2026-09-24 13:05:00-04:00,7775.75,7775.75,7780.5,7775.0,7776.25,3729
2026-09-24 13:06:00-04:00,7777.0,7777.0,7779.0,7774.5,7775.75,2870
2026-09-24 13:07:00-04:00,7776.0,7776.0,7779.0,7775.75,7777.0,1729
2026-09-24 13:08:00-04:00,7777.5,7777.5,7777.5,7774.25,7775.75,2292
2026-09-24 13:09:00-04:00,7776.0,7776.0,7778.25,7775.5,7777.25,1710
2026-09-24 13:10:00-04:00,7772.25,7772.25,7776.0,7770.75,7775.75,8918
2026-09-24 13:11:00-04:00,7772.25,7772.25,7773.0,7770.0,7772.25,3499
2026-09-24 13:12:00-04:00,7771.75,7771.75,7773.5,7771.5,7772.25,2018
2026-09-24 13:13:00-04:00,7775.75,7775.75,7776.0,7770.25,7771.5,2517
2026-09-24 13:14:00-04:00,7777.75,7777.75,7779.25,7775.75,7775.75,2722
2026-09-24 13:15:00-04:00,7775.25,7775.25,7778.0,7774.0,7777.75,2873
2026-09-24 13:16:00-04:00,7774.75,7774.75,7777.25,7774.75,7775.25,2116
2026-09-24 13:17:00-04:00,7774.25,7774.25,7777.25,7774.25,7775.0,2709
2026-09-24 13:18:00-04:00,7776.0,7776.0,7777.25,7774.25,7774.25,2154
2026-09-24 13:19:00-04:00,7768.75,7768.75,7776.25,7768.75,7775.75,4820
2026-09-24 13:20:00-04:00,7768.75,7768.75,7769.5,7766.0,7768.75,4157
2026-09-24 13:21:00-04:00,7768.75,7768.75,7770.0,7767.75,7768.75,2660
2026-09-24 13:22:00-04:00,7771.25,7771.25,7772.0,7768.25,7768.75,2777
2026-09-24 13:23:00-04:00,7770.75,7770.75,7772.75,7769.5,7771.5,2241
2026-09-24 13:24:00-04:00,7767.5,7767.5,7772.5,7767.0,7770.5,2268
2026-09-24 13:25:00-04:00,7764.5,7764.5,7767.5,7764.25,7767.25,3201
2026-09-24 13:26:00-04:00,7760.75,7760.75,7765.0,7759.5,7764.5,3560
2026-09-24 13:27:00-04:00,7762.25,7762.25,7762.5,7760.25,7760.5,2876
2026-09-24 13:28:00-04:00,7766.0,7766.0,7766.75,7762.25,7762.25,3045
2026-09-24 13:29:00-04:00,7766.25,7766.25,7766.75,7765.0,7766.0,2641
2026-09-24 13:30:00-04:00,7768.75,7768.75,7769.25,7765.5,7766.0,4846
2026-09-24 13:31:00-04:00,7769.0,7769.0,7770.5,7768.0,7768.5,2855
2026-09-24 13:32:00-04:00,7766.75,7766.75,7769.25,7765.5,7768.75,2474
2026-09-24 13:33:00-04:00,7765.0,7765.0,7766.75,7764.5,7766.75,2315
2026-09-24 13:34:00-04:00,7762.5,7762.5,7765.5,7761.75,7765.25,2797
2026-09-24 13:35:00-04:00,7761.5,7761.5,7763.25,7761.5,7762.25,2647
2026-09-24 13:36:00-04:00,7762.25,7762.25,7764.25,7761.0,7761.25,2810
2026-09-24 13:37:00-04:00,7760.0,7760.0,7762.5,7759.5,7762.0,3455
2026-09-24 13:38:00-04:00,7760.5,7760.5,7761.5,7758.75,7759.75,2412
2026-09-24 13:39:00-04:00,7762.5,7762.5,7764.25,7760.25,7760.5,2474
2026-09-24 13:40:00-04:00,7762.75,7762.75,7764.5,7762.25,7762.25,2716
2026-09-24 13:41:00-04:00,7761.5,7761.5,7764.0,7760.25,7762.75,3719
2026-09-24 13:42:00-04:00,7761.5,7761.5,7764.25,7761.25,7761.75,2182
2026-09-24 13:43:00-04:00,7756.0,7756.0,7761.75,7755.0,7761.75,4638
2026-09-24 13:44:00-04:00,7755.75,7755.75,7757.25,7755.25,7756.0,2892
2026-09-24 13:45:00-04:00,7756.75,7756.75,7757.0,7753.75,7755.75,4409
2026-09-24 13:46:00-04:00,7758.25,7758.25,7759.5,7756.25,7756.75,2612
2026-09-24 13:47:00-04:00,7761.0,7761.0,7761.0,7757.75,7758.25,4171
2026-09-24 13:48:00-04:00,7759.25,7759.25,7761.5,7758.5,7761.0,2923
2026-09-24 13:49:00-04:00,7760.5,7760.5,7762.25,7759.0,7759.25,2470
2026-09-24 13:50:00-04:00,7760.25,7760.25,7762.0,7759.25,7760.5,2782
2026-09-24 13:51:00-04:00,7759.0,7759.0,7761.25,7758.75,7760.25,2014
2026-09-24 13:52:00-04:00,7758.75,7758.75,7761.0,7757.5,7759.25,2373
2026-09-24 13:53:00-04:00,7758.5,7758.5,7760.25,7758.25,7758.5,1744
2026-09-24 13:54:00-04:00,7759.0,7759.0,7760.0,7757.5,7758.5,3281
2026-09-24 13:55:00-04:00,7758.0,7758.0,7760.75,7758.0,7759.25,2106
2026-09-24 13:56:00-04:00,7762.5,7762.5,7763.5,7758.0,7758.0,2703
2026-09-24 13:57:00-04:00,7761.5,7761.5,7762.25,7759.75,7762.25,2821
2026-09-24 13:58:00-04:00,7762.0,7762.0,7762.0,7759.75,7761.5,2050
2026-09-24 13:59:00-04:00,7763.0,7763.0,7764.75,7761.25,7761.75,1914
2026-09-24 14:00:00-04:00,7761.5,7761.5,7764.0,7761.0,7763.25,3115
2026-09-24 14:01:00-04:00,7757.25,7757.25,7762.0,7755.5,7761.25,3224
2026-09-24 14:02:00-04:00,7753.75,7753.75,7757.25,7753.25,7757.25,5282
2026-09-24 14:03:00-04:00,7751.5,7751.5,7754.25,7749.5,7753.75,5306
2026-09-24 14:04:00-04:00,7750.5,7750.5,7754.0,7749.5,7751.5,4031
2026-09-24 14:05:00-04:00,7752.75,7752.75,7753.75,7750.25,7750.25,3259
2026-09-24 14:06:00-04:00,7758.0,7758.0,7758.25,7751.25,7752.75,4042
2026-09-24 14:07:00-04:00,7758.25,7758.25,7760.5,7756.25,7757.75,3251
2026-09-24 14:08:00-04:00,7761.25,7761.25,7763.5,7758.25,7758.25,4330
2026-09-24 14:09:00-04:00,7761.25,7761.25,7762.75,7760.25,7761.25,2854
2026-09-24 14:10:00-04:00,7760.75,7760.75,7763.75,7759.5,7761.25,2771
2026-09-24 14:11:00-04:00,7762.25,7762.25,7765.0,7760.75,7760.75,3285
2026-09-24 14:12:00-04:00,7760.25,7760.25,7762.75,7760.0,7762.25,1628
2026-09-24 14:13:00-04:00,7761.75,7761.75,7762.5,7760.0,7760.25,1960
2026-09-24 14:14:00-04:00,7764.0,7764.0,7764.5,7761.75,7761.75,1744
2026-09-24 14:15:00-04:00,7763.5,7763.5,7764.75,7762.25,7763.75,2279
2026-09-24 14:16:00-04:00,7766.0,7766.0,7767.75,7763.5,7763.5,3043
2026-09-24 14:17:00-04:00,7767.0,7767.0,7767.5,7765.25,7766.25,2141
2026-09-24 14:18:00-04:00,7765.75,7765.75,7769.0,7765.5,7767.0,2768
2026-09-24 14:19:00-04:00,7766.25,7766.25,7766.75,7764.75,7765.75,1411
2026-09-24 14:20:00-04:00,7762.25,7762.25,7766.75,7761.75,7766.25,2231
2026-09-24 14:21:00-04:00,7763.75,7763.75,7764.0,7762.25,7762.25,1937
2026-09-24 14:22:00-04:00,7763.25,7763.25,7764.5,7763.25,7763.75,1358
2026-09-24 14:23:00-04:00,7766.0,7766.0,7766.25,7763.25,7763.25,1627
2026-09-24 14:24:00-04:00,7765.5,7765.5,7766.0,7764.5,7765.75,1237
2026-09-24 14:25:00-04:00,7769.0,7769.0,7772.0,7765.0,7765.5,7095
2026-09-24 14:26:00-04:00,7772.0,7772.0,7774.25,7769.25,7769.25,4533
2026-09-24 14:27:00-04:00,7770.5,7770.5,7772.5,7770.5,7772.0,3384
2026-09-24 14:28:00-04:00,7770.75,7770.75,7772.75,7770.0,7770.75,2304
2026-09-24 14:29:00-04:00,7769.5,7769.5,7771.25,7769.5,7770.75,1807
2026-09-24 14:30:00-04:00,7769.75,7769.75,7770.75,7769.0,7769.5,2881
2026-09-24 14:31:00-04:00,7768.0,7768.0,7770.0,7765.75,7769.75,2720
2026-09-24 14:32:00-04:00,7765.75,7765.75,7768.5,7764.75,7767.75,1938
2026-09-24 14:33:00-04:00,7766.75,7766.75,7767.75,7766.0,7766.0,1822
2026-09-24 14:34:00-04:00,7764.5,7764.5,7767.0,7764.5,7766.5,1722
2026-09-24 14:35:00-04:00,7763.25,7763.25,7765.25,7762.5,7764.5,2522
2026-09-24 14:36:00-04:00,7763.5,7763.5,7764.75,7762.75,7763.25,1809
2026-09-24 14:37:00-04:00,7764.5,7764.5,7765.5,7763.25,7763.5,2681
2026-09-24 14:38:00-04:00,7773.5,7773.5,7774.25,7764.5,7764.5,10321
2026-09-24 14:39:00-04:00,7772.0,7772.0,7777.75,7770.75,7773.75,7842
2026-09-24 14:40:00-04:00,7769.0,7769.0,7772.0,7768.0,7772.0,2904
2026-09-24 14:41:00-04:00,7768.75,7768.75,7769.75,7767.75,7769.0,2143
2026-09-24 14:42:00-04:00,7767.0,7767.0,7769.0,7765.5,7768.75,2061
2026-09-24 14:43:00-04:00,7767.25,7767.25,7767.5,7765.5,7767.0,1432
2026-09-24 14:44:00-04:00,7768.5,7768.5,7769.75,7767.0,7767.0,1700
2026-09-24 14:45:00-04:00,7769.25,7769.25,7770.75,7768.25,7768.5,2070
2026-09-24 14:46:00-04:00,7769.5,7769.5,7770.0,7768.75,7769.25,1192
2026-09-24 14:47:00-04:00,7768.5,7768.5,7770.25,7768.0,7769.5,843
2026-09-24 14:48:00-04:00,7769.5,7769.5,7770.5,7768.0,7768.5,981
2026-09-24 14:49:00-04:00,7769.25,7769.25,7770.0,7768.25,7769.5,1104
2026-09-24 14:50:00-04:00,7772.5,7772.5,7773.5,7768.75,7769.25,4336
2026-09-24 14:51:00-04:00,7771.0,7771.0,7772.25,7769.75,7772.25,1431
2026-09-24 14:52:00-04:00,7773.75,7773.75,7774.75,7771.25,7771.25,1678
2026-09-24 14:53:00-04:00,7771.75,7771.75,7773.75,7771.75,7773.75,1836
2026-09-24 14:54:00-04:00,7771.5,7771.5,7772.25,7771.0,7771.75,1277
2026-09-24 14:55:00-04:00,7773.0,7773.0,7773.75,7771.25,7771.25,1170
2026-09-24 14:56:00-04:00,7775.5,7775.5,7776.25,7772.75,7773.0,1758
2026-09-24 14:57:00-04:00,7776.25,7776.25,7777.0,7775.25,7775.5,2012
2026-09-24 14:58:00-04:00,7775.25,7775.25,7776.5,7774.5,7776.25,1826
2026-09-24 14:59:00-04:00,7773.25,7773.25,7775.5,7772.5,7775.25,2122
2026-09-24 15:00:00-04:00,7772.5,7772.5,7774.5,7771.5,7773.25,4907
2026-09-24 15:01:00-04:00,7769.5,7769.5,7773.0,7768.0,7772.75,6318
2026-09-24 15:02:00-04:00,7766.75,7766.75,7770.25,7766.25,7769.5,2344
2026-09-24 15:03:00-04:00,7764.25,7764.25,7767.25,7764.25,7766.75,2454
2026-09-24 15:04:00-04:00,7765.75,7765.75,7765.75,7764.0,7764.25,2131
2026-09-24 15:05:00-04:00,7767.5,7767.5,7767.5,7765.5,7765.75,1856
2026-09-24 15:06:00-04:00,7767.5,7767.5,7769.0,7766.5,7767.75,1953
2026-09-24 15:07:00-04:00,7768.0,7768.0,7768.5,7766.5,7767.5,1079
2026-09-24 15:08:00-04:00,7768.0,7768.0,7769.5,7767.75,7768.0,1073
2026-09-24 15:09:00-04:00,7768.25,7768.25,7768.75,7766.75,7767.75,1067
2026-09-24 15:10:00-04:00,7766.25,7766.25,7769.25,7765.75,7768.0,1425
2026-09-24 15:11:00-04:00,7766.75,7766.75,7767.75,7765.75,7766.25,1563
2026-09-24 15:12:00-04:00,7768.0,7768.0,7768.0,7766.5,7766.75,1162
2026-09-24 15:13:00-04:00,7768.75,7768.75,7769.5,7767.0,7767.75,1429
2026-09-24 15:14:00-04:00,7766.75,7766.75,7769.0,7766.5,7768.5,1435
2026-09-24 15:15:00-04:00,7769.0,7769.0,7769.0,7766.75,7766.75,1441
2026-09-24 15:16:00-04:00,7770.25,7770.25,7770.75,7768.5,7769.0,1564
2026-09-24 15:17:00-04:00,7769.0,7769.0,7771.25,7768.5,7770.25,2381
2026-09-24 15:18:00-04:00,7770.25,7770.25,7771.25,7769.0,7769.0,1420
2026-09-24 15:19:00-04:00,7770.5,7770.5,7770.5,7768.25,7770.25,2387
2026-09-24 15:20:00-04:00,7769.5,7769.5,7770.75,7769.25,7770.25,1412
2026-09-24 15:21:00-04:00,7770.75,7770.75,7771.0,7768.5,7769.5,1070
2026-09-24 15:22:00-04:00,7770.25,7770.25,7771.0,7769.5,7770.75,1505
2026-09-24 15:23:00-04:00,7771.0,7771.0,7771.0,7769.5,7770.25,962
2026-09-24 15:24:00-04:00,7771.75,7771.75,7772.5,7770.75,7771.0,1537
2026-09-24 15:25:00-04:00,7771.25,7771.25,7772.5,7771.0,7771.75,1198
2026-09-24 15:26:00-04:00,7772.0,7772.0,7772.25,7770.25,7771.0,985
2026-09-24 15:27:00-04:00,7770.5,7770.5,7772.0,7770.25,7771.75,1385
2026-09-24 15:28:00-04:00,7770.0,7770.0,7771.0,7769.5,7770.5,2023
2026-09-24 15:29:00-04:00,7769.5,7769.5,7770.25,7768.25,7770.0,1775
2026-09-24 15:30:00-04:00,7769.25,7769.25,7770.5,7768.5,7769.5,2294
2026-09-24 15:31:00-04:00,7770.5,7770.5,7770.75,7769.0,7769.5,1493
2026-09-24 15:32:00-04:00,7768.0,7768.0,7770.25,7767.5,7770.25,1966
2026-09-24 15:33:00-04:00,7769.0,7769.0,7769.0,7767.75,7768.0,1470
2026-09-24 15:34:00-04:00,7770.75,7770.75,7770.75,7768.0,7768.75,1915
2026-09-24 15:35:00-04:00,7769.0,7769.0,7771.0,7768.0,7770.75,1981
2026-09-24 15:36:00-04:00,7769.75,7769.75,7770.5,7769.0,7769.0,1547
2026-09-24 15:37:00-04:00,7768.5,7768.5,7769.75,7767.5,7769.75,1661
2026-09-24 15:38:00-04:00,7768.5,7768.5,7769.25,7768.0,7768.5,1633
2026-09-24 15:39:00-04:00,7771.0,7771.0,7771.25,7768.5,7768.75,1959
2026-09-24 15:40:00-04:00,7769.0,7769.0,7772.25,7769.0,7770.75,2163
2026-09-24 15:41:00-04:00,7770.75,7770.75,7771.25,7768.75,7769.0,1746
2026-09-24 15:42:00-04:00,7769.0,7769.0,7770.75,7768.75,7770.5,1238
2026-09-24 15:43:00-04:00,7769.75,7769.75,7770.25,7768.25,7768.75,1655
2026-09-24 15:44:00-04:00,7769.0,7769.0,7770.75,7768.5,7769.75,1917
2026-09-24 15:45:00-04:00,7768.25,7768.25,7770.25,7767.25,7768.75,2441
2026-09-24 15:46:00-04:00,7769.5,7769.5,7769.5,7768.0,7768.25,1842
2026-09-24 15:47:00-04:00,7769.0,7769.0,7770.25,7768.5,7769.25,1223
2026-09-24 15:48:00-04:00,7768.25,7768.25,7769.25,7767.75,7769.0,1581
2026-09-24 15:49:00-04:00,7766.5,7766.5,7769.0,7766.25,7768.25,2700
2026-09-24 15:50:00-04:00,7768.0,7768.0,7771.75,7766.25,7766.5,8316
2026-09-24 15:51:00-04:00,7772.75,7772.75,7773.5,7767.5,7767.75,5523
2026-09-24 15:52:00-04:00,7772.0,7772.0,7773.0,7771.5,7772.75,2066
2026-09-24 15:53:00-04:00,7773.0,7773.0,7774.5,7771.5,7772.0,2726
2026-09-24 15:54:00-04:00,7772.5,7772.5,7774.0,7772.25,7773.25,3912
2026-09-24 15:55:00-04:00,7770.25,7770.25,7772.75,7768.75,7772.75,5629
2026-09-24 15:56:00-04:00,7769.5,7769.5,7771.75,7768.5,7770.25,3320
2026-09-24 15:57:00-04:00,7767.5,7767.5,7769.5,7767.25,7769.25,4109
2026-09-24 15:58:00-04:00,7766.5,7766.5,7768.5,7766.25,7767.5,6763
2026-09-24 15:59:00-04:00,7765.5,7765.5,7769.75,7765.0,7766.5,51736
2026-09-24 16:00:00-04:00,7764.0,7764.0,7766.0,7763.75,7765.5,13443
2026-09-24 16:01:00-04:00,7762.0,7762.0,7764.5,7762.0,7764.0,3915
2026-09-24 16:02:00-04:00,7761.25,7761.25,7763.0,7761.25,7762.0,1707
2026-09-24 16:03:00-04:00,7761.0,7761.0,7761.5,7760.25,7761.5,1368
2026-09-24 16:04:00-04:00,7761.5,7761.5,7761.75,7760.75,7761.0,908
2026-09-24 16:05:00-04:00,7761.75,7761.75,7762.25,7761.25,7761.5,1263
2026-09-24 16:06:00-04:00,7761.5,7761.5,7762.25,7761.0,7761.5,703
2026-09-24 16:07:00-04:00,7761.5,7761.5,7762.25,7760.75,7761.5,689
2026-09-24 16:08:00-04:00,7761.75,7761.75,7762.25,7761.5,7761.5,653
2026-09-24 16:09:00-04:00,7761.75,7761.75,7762.5,7761.25,7761.75,903
2026-09-24 16:10:00-04:00,7759.75,7759.75,7762.25,7759.25,7761.75,1984
2026-09-24 16:11:00-04:00,7759.75,7759.75,7760.25,7759.0,7760.0,792
2026-09-24 16:12:00-04:00,7760.5,7760.5,7760.5,7759.75,7759.75,455
2026-09-24 16:13:00-04:00,7759.25,7759.25,7760.25,7759.0,7760.25,550
2026-09-24 16:14:00-04:00,7757.5,7757.5,7760.0,7757.25,7759.25,1264
2026-09-24 16:15:00-04:00,7756.0,7756.0,7758.5,7756.0,7757.5,1489
2026-09-24 16:16:00-04:00,7754.0,7754.0,7756.75,7754.0,7756.25,1511
2026-09-24 16:17:00-04:00,7754.0,7754.0,7755.0,7753.25,7754.0,840
2026-09-24 16:18:00-04:00,7752.75,7752.75,7754.5,7751.25,7754.0,1656
2026-09-24 16:19:00-04:00,7753.0,7753.0,7754.25,7752.5,7752.5,631
2026-09-24 16:20:00-04:00,7752.5,7752.5,7753.25,7752.5,7753.0,380
2026-09-24 16:21:00-04:00,7752.0,7752.0,7752.75,7751.75,7752.25,389
2026-09-24 16:22:00-04:00,7752.0,7752.0,7752.75,7751.5,7752.25,312
2026-09-24 16:23:00-04:00,7751.5,7751.5,7752.25,7751.0,7752.0,530
2026-09-24 16:24:00-04:00,7751.25,7751.25,7752.5,7751.25,7751.5,486
2026-09-24 16:25:00-04:00,7752.0,7752.0,7752.0,7750.0,7751.25,641
2026-09-24 16:26:00-04:00,7750.5,7750.5,7752.0,7750.25,7752.0,525
2026-09-24 16:27:00-04:00,7750.5,7750.5,7750.75,7749.75,7750.75,369
2026-09-24 16:28:00-04:00,7749.75,7749.75,7751.5,7749.75,7750.75,388
2026-09-24 16:29:00-04:00,7749.5,7749.5,7750.0,7748.75,7750.0,532
2026-09-24 16:30:00-04:00,7750.5,7750.5,7751.0,7749.5,7749.5,509
2026-09-24 16:31:00-04:00,7750.75,7750.75,7751.5,7750.25,7750.5,497
2026-09-24 16:32:00-04:00,7751.0,7751.0,7751.75,7751.0,7751.0,299
2026-09-24 16:33:00-04:00,7752.0,7752.0,7752.0,7751.0,7751.0,298
2026-09-24 16:34:00-04:00,7752.25,7752.25,7753.0,7751.75,7751.75,404
2026-09-24 16:35:00-04:00,7752.0,7752.0,7752.75,7751.75,7752.25,257
2026-09-24 16:36:00-04:00,7753.25,7753.25,7753.75,7752.0,7752.0,441
2026-09-24 16:37:00-04:00,7752.0,7752.0,7753.5,7751.75,7753.25,541
2026-09-24 16:38:00-04:00,7752.5,7752.5,7752.75,7752.0,7752.25,188
2026-09-24 16:39:00-04:00,7753.75,7753.75,7753.75,7752.25,7752.75,272
2026-09-24 16:40:00-04:00,7753.25,7753.25,7754.0,7752.75,7753.75,378
2026-09-24 16:41:00-04:00,7753.25,7753.25,7754.0,7753.0,7753.0,159
2026-09-24 16:42:00-04:00,7753.5,7753.5,7753.75,7753.25,7753.5,183
2026-09-24 16:43:00-04:00,7755.25,7755.25,7755.5,7753.5,7753.5,425
2026-09-24 16:44:00-04:00,7755.0,7755.0,7756.0,7755.0,7755.25,313
2026-09-24 16:45:00-04:00,7755.75,7755.75,7756.25,7755.0,7755.25,396
2026-09-24 16:46:00-04:00,7757.25,7757.25,7757.5,7755.75,7755.75,580
2026-09-24 16:47:00-04:00,7757.25,7757.25,7757.75,7756.75,7757.25,230
2026-09-24 16:48:00-04:00,7757.5,7757.5,7757.75,7756.75,7757.25,262
2026-09-24 16:49:00-04:00,7758.0,7758.0,7758.25,7757.5,7757.5,220
2026-09-24 16:50:00-04:00,7757.75,7757.75,7758.5,7757.5,7758.0,290
2026-09-24 16:51:00-04:00,7758.5,7758.5,7758.5,7757.5,7757.75,389
2026-09-24 16:52:00-04:00,7758.5,7758.5,7759.0,7758.0,7758.25,388
2026-09-24 16:53:00-04:00,7757.75,7757.75,7758.75,7757.75,7758.5,223
2026-09-24 16:54:00-04:00,7758.5,7758.5,7758.75,7757.5,7757.75,259
2026-09-24 16:55:00-04:00,7760.25,7760.25,7760.25,7758.75,7758.75,539
2026-09-24 16:56:00-04:00,7760.25,7760.25,7760.75,7759.75,7760.0,273
2026-09-24 16:57:00-04:00,7760.0,7760.0,7760.5,7758.0,7760.25,715
2026-09-24 16:58:00-04:00,7760.25,7760.25,7760.75,7759.75,7760.0,317
2026-09-24 16:59:00-04:00,7759.5,7759.5,7760.5,7759.25,7760.25,316
2026-09-24 18:00:00-04:00,7761.0,7761.0,7761.0,7756.75,7759.0,0
2026-09-24 18:01:00-04:00,7762.25,7762.25,7762.5,7760.5,7761.0,252
2026-09-24 18:02:00-04:00,7762.75,7762.75,7763.75,7761.75,7762.25,214
2026-09-24 18:03:00-04:00,7762.75,7762.75,7763.75,7762.5,7762.75,84
2026-09-24 18:04:00-04:00,7762.25,7762.25,7763.0,7761.75,7763.0,120
2026-09-24 18:05:00-04:00,7758.25,7758.25,7762.5,7757.5,7762.25,328
2026-09-24 18:06:00-04:00,7757.25,7757.25,7759.25,7756.5,7758.25,219
2026-09-24 18:07:00-04:00,7759.0,7759.0,7759.25,7756.75,7757.0,125
2026-09-24 18:08:00-04:00,7759.0,7759.0,7759.5,7758.5,7758.75,72
2026-09-24 18:09:00-04:00,7759.25,7759.25,7759.5,7758.75,7759.0,48
2026-09-24 18:10:00-04:00,7759.5,7759.5,7760.0,7759.0,7759.5,27
2026-09-24 18:11:00-04:00,7759.25,7759.25,7759.75,7759.25,7759.5,70
2026-09-24 18:12:00-04:00,7759.5,7759.5,7759.75,7759.25,7759.5,76
2026-09-24 18:13:00-04:00,7758.5,7758.5,7759.5,7758.0,7759.5,145
2026-09-24 18:14:00-04:00,7758.25,7758.25,7758.5,7757.5,7758.25,99
2026-09-24 18:15:00-04:00,7758.25,7758.25,7758.75,7758.0,7758.25,75
2026-09-24 18:16:00-04:00,7757.5,7757.5,7758.5,7757.0,7758.0,254
2026-09-24 18:17:00-04:00,7757.5,7757.5,7758.0,7757.5,7757.75,55
2026-09-24 18:18:00-04:00,7757.5,7757.5,7757.5,7757.25,7757.25,10
2026-09-24 18:19:00-04:00,7757.0,7757.0,7757.75,7757.0,7757.75,88
2026-09-24 18:20:00-04:00,7756.75,7756.75,7757.0,7756.25,7756.75,146
2026-09-24 18:21:00-04:00,7756.0,7756.0,7756.75,7755.5,7756.5,41
2026-09-24 18:22:00-04:00,7756.25,7756.25,7756.25,7755.5,7756.25,106
2026-09-24 18:23:00-04:00,7756.0,7756.0,7756.5,7755.5,7756.25,88
2026-09-24 18:24:00-04:00,7755.5,7755.5,7756.0,7755.0,7756.0,42
2026-09-24 18:25:00-04:00,7755.25,7755.25,7755.5,7755.0,7755.5,49
2026-09-24 18:26:00-04:00,7754.25,7754.25,7755.0,7754.0,7755.0,137
2026-09-24 18:27:00-04:00,7754.5,7754.5,7754.5,7754.0,7754.5,27
2026-09-24 18:28:00-04:00,7754.25,7754.25,7754.5,7754.0,7754.25,80
2026-09-24 18:29:00-04:00,7755.0,7755.0,7756.0,7754.25,7754.5,261
2026-09-24 18:30:00-04:00,7756.25,7756.25,7757.25,7754.5,7755.0,464
2026-09-24 18:31:00-04:00,7756.0,7756.0,7756.5,7755.75,7756.0,71
2026-09-24 18:32:00-04:00,7755.5,7755.5,7756.25,7754.75,7755.75,135
2026-09-24 18:33:00-04:00,7755.75,7755.75,7755.75,7755.25,7755.75,58
2026-09-24 18:34:00-04:00,7756.25,7756.25,7756.25,7755.75,7756.0,56
2026-09-24 18:35:00-04:00,7756.5,7756.5,7756.75,7756.0,7756.25,47
2026-09-24 18:36:00-04:00,7756.5,7756.5,7756.75,7756.5,7756.5,30
2026-09-24 18:37:00-04:00,7756.75,7756.75,7756.75,7756.0,7756.25,64
2026-09-24 18:38:00-04:00,7756.25,7756.25,7756.75,7756.25,7756.75,28
2026-09-24 18:39:00-04:00,7755.75,7755.75,7756.25,7755.75,7756.25,50
2026-09-24 18:40:00-04:00,7756.5,7756.5,7756.5,7755.5,7755.75,77
2026-09-24 18:41:00-04:00,7757.25,7757.25,7757.5,7756.25,7756.5,90
2026-09-24 18:42:00-04:00,7758.0,7758.0,7758.25,7757.5,7757.5,107
2026-09-24 18:43:00-04:00,7758.25,7758.25,7758.25,7757.75,7758.0,39
2026-09-24 18:44:00-04:00,7757.75,7757.75,7758.5,7757.5,7758.5,101
2026-09-24 18:45:00-04:00,7757.75,7757.75,7758.0,7757.0,7758.0,55
2026-09-24 18:46:00-04:00,7756.75,7756.75,7757.25,7756.25,7757.25,159
2026-09-24 18:47:00-04:00,7756.75,7756.75,7756.75,7756.5,7756.75,15
2026-09-24 18:48:00-04:00,7756.25,7756.25,7757.0,7756.25,7757.0,26
2026-09-24 18:49:00-04:00,7757.25,7757.25,7757.5,7756.75,7756.75,62
2026-09-24 18:50:00-04:00,7757.75,7757.75,7758.0,7757.0,7757.25,40
2026-09-24 18:51:00-04:00,7757.5,7757.5,7757.75,7757.0,7757.75,27
2026-09-24 18:52:00-04:00,7757.25,7757.25,7757.75,7757.25,7757.5,7
2026-09-24 18:53:00-04:00,7757.0,7757.0,7757.25,7757.0,7757.25,10
2026-09-24 18:54:00-04:00,7757.25,7757.25,7757.5,7757.0,7757.0,17
2026-09-24 18:55:00-04:00,7756.25,7756.25,7757.25,7756.25,7757.25,32
2026-09-24 18:56:00-04:00,7757.25,7757.25,7757.25,7756.5,7756.5,50
2026-09-24 18:57:00-04:00,7757.75,7757.75,7757.75,7757.0,7757.25,17
2026-09-24 18:58:00-04:00,7757.25,7757.25,7757.75,7757.0,7757.5,32
2026-09-24 18:59:00-04:00,7756.75,7756.75,7757.25,7756.5,7757.0,28
2026-09-24 19:00:00-04:00,7757.25,7757.25,7757.5,7756.75,7756.75,75
2026-09-24 19:01:00-04:00,7757.5,7757.5,7757.5,7757.0,7757.0,14
2026-09-24 19:02:00-04:00,7757.25,7757.25,7757.5,7757.0,7757.25,82
2026-09-24 19:03:00-04:00,7757.75,7757.75,7758.0,7757.0,7757.0,83
2026-09-24 19:04:00-04:00,7758.0,7758.0,7758.0,7757.5,7757.75,34
2026-09-24 19:05:00-04:00,7758.25,7758.25,7759.25,7758.0,7758.0,131
2026-09-24 19:06:00-04:00,7757.25,7757.25,7758.0,7756.0,7758.0,113
2026-09-24 19:07:00-04:00,7757.25,7757.25,7757.25,7757.25,7757.25,10
2026-09-24 19:08:00-04:00,7756.0,7756.0,7757.0,7755.25,7757.0,101
2026-09-24 19:09:00-04:00,7756.25,7756.25,7756.5,7756.0,7756.25,19
2026-09-24 19:10:00-04:00,7755.25,7755.25,7756.0,7755.0,7756.0,50
2026-09-24 19:11:00-04:00,7755.5,7755.5,7755.75,7754.5,7755.25,71
2026-09-24 19:12:00-04:00,7754.75,7754.75,7755.75,7754.75,7755.5,21
2026-09-24 19:13:00-04:00,7755.25,7755.25,7755.5,7754.25,7754.75,51
2026-09-24 19:14:00-04:00,7755.5,7755.5,7755.5,7755.0,7755.25,9
2026-09-24 19:15:00-04:00,7755.5,7755.5,7755.5,7755.0,7755.5,21
2026-09-24 19:16:00-04:00,7755.75,7755.75,7756.25,7755.5,7755.75,51
2026-09-24 19:17:00-04:00,7755.75,7755.75,7756.25,7755.75,7756.0,27
2026-09-24 19:18:00-04:00,7755.5,7755.5,7755.75,7755.5,7755.5,12
2026-09-24 19:19:00-04:00,7755.5,7755.5,7755.75,7755.5,7755.5,37
2026-09-24 19:20:00-04:00,7755.5,7755.5,7755.75,7754.75,7755.5,53
2026-09-24 19:21:00-04:00,7755.5,7755.5,7755.5,7755.25,7755.25,35
2026-09-24 19:22:00-04:00,7755.75,7755.75,7756.0,7755.5,7755.5,32
2026-09-24 19:23:00-04:00,7756.5,7756.5,7756.75,7755.75,7755.75,35
2026-09-24 19:24:00-04:00,7757.75,7757.75,7757.75,7756.75,7756.75,46
2026-09-24 19:25:00-04:00,7756.75,7756.75,7757.75,7756.75,7757.5,37
2026-09-24 19:26:00-04:00,7757.5,7757.5,7757.75,7756.75,7756.75,61
2026-09-24 19:27:00-04:00,7759.0,7759.0,7759.25,7757.5,7757.5,139
2026-09-24 19:28:00-04:00,7758.75,7758.75,7759.0,7758.5,7758.75,38
2026-09-24 19:29:00-04:00,7757.5,7757.5,7759.25,7757.5,7758.75,174
2026-09-24 19:30:00-04:00,7758.0,7758.0,7758.5,7757.75,7757.75,57
2026-09-24 19:31:00-04:00,7758.25,7758.25,7758.5,7758.0,7758.0,24
2026-09-24 19:32:00-04:00,7758.5,7758.5,7758.5,7758.0,7758.25,48
2026-09-24 19:33:00-04:00,7758.75,7758.75,7759.25,7758.25,7758.5,61
2026-09-24 19:34:00-04:00,7758.25,7758.25,7759.0,7758.25,7758.75,25
2026-09-24 19:35:00-04:00,7757.75,7757.75,7758.5,7757.75,7758.25,27
2026-09-24 19:36:00-04:00,7759.0,7759.0,7759.25,7757.5,7757.75,89
2026-09-24 19:37:00-04:00,7757.75,7757.75,7759.0,7757.75,7759.0,45
2026-09-24 19:38:00-04:00,7758.25,7758.25,7758.25,7757.75,7758.0,38
2026-09-24 19:39:00-04:00,7758.0,7758.0,7758.0,7757.75,7758.0,30
2026-09-24 19:40:00-04:00,7758.25,7758.25,7758.5,7758.0,7758.25,46
2026-09-24 19:41:00-04:00,7758.5,7758.5,7758.5,7758.25,7758.25,7
2026-09-24 19:42:00-04:00,7758.5,7758.5,7758.5,7758.0,7758.5,22
2026-09-24 19:43:00-04:00,7756.5,7756.5,7758.5,7756.5,7758.5,106
2026-09-24 19:44:00-04:00,7755.5,7755.5,7756.5,7755.25,7756.5,123
2026-09-24 19:45:00-04:00,7756.25,7756.25,7756.5,7755.5,7755.5,102
2026-09-24 19:46:00-04:00,7755.25,7755.25,7756.25,7755.0,7756.25,84
2026-09-24 19:47:00-04:00,7755.0,7755.0,7755.75,7754.5,7755.0,61
2026-09-24 19:48:00-04:00,7754.0,7754.0,7755.5,7754.0,7755.25,137
2026-09-24 19:49:00-04:00,7755.0,7755.0,7755.25,7754.0,7754.0,63
2026-09-24 19:50:00-04:00,7754.25,7754.25,7755.25,7753.5,7755.0,174
2026-09-24 19:51:00-04:00,7752.25,7752.25,7754.0,7750.75,7754.0,447
2026-09-24 19:52:00-04:00,7753.0,7753.0,7753.5,7752.0,7752.25,119
2026-09-24 19:53:00-04:00,7752.75,7752.75,7753.0,7751.75,7753.0,92
2026-09-24 19:54:00-04:00,7751.75,7751.75,7752.5,7751.75,7752.5,30
2026-09-24 19:55:00-04:00,7752.25,7752.25,7752.25,7751.75,7752.0,20
2026-09-24 19:56:00-04:00,7752.25,7752.25,7752.5,7752.0,7752.25,57
2026-09-24 19:57:00-04:00,7751.0,7751.0,7752.5,7750.75,7752.25,71
2026-09-24 19:58:00-04:00,7751.0,7751.0,7752.0,7751.0,7751.0,112
2026-09-24 19:59:00-04:00,7751.5,7751.5,7751.5,7750.75,7751.0,76
2026-09-24 20:00:00-04:00,7752.0,7752.0,7753.5,7751.0,7751.25,336
2026-09-24 20:01:00-04:00,7751.75,7751.75,7753.0,7751.5,7751.75,122
2026-09-24 20:02:00-04:00,7751.5,7751.5,7752.25,7751.0,7751.75,124
2026-09-24 20:03:00-04:00,7752.75,7752.75,7753.5,7751.5,7751.5,243
2026-09-24 20:04:00-04:00,7753.5,7753.5,7755.0,7752.75,7753.0,311
2026-09-24 20:05:00-04:00,7753.0,7753.0,7753.75,7751.75,7753.0,147
2026-09-24 20:06:00-04:00,7750.25,7750.25,7752.75,7750.0,7752.75,209
2026-09-24 20:07:00-04:00,7751.25,7751.25,7751.25,7750.0,7750.25,202
2026-09-24 20:08:00-04:00,7753.0,7753.0,7753.0,7751.0,7751.0,97
2026-09-24 20:09:00-04:00,7753.0,7753.0,7753.0,7752.25,7752.75,60
2026-09-24 20:10:00-04:00,7752.75,7752.75,7753.5,7752.25,7753.0,157
2026-09-24 20:11:00-04:00,7751.75,7751.75,7753.5,7751.75,7752.75,130
2026-09-24 20:12:00-04:00,7752.0,7752.0,7752.25,7752.0,7752.0,42
2026-09-24 20:13:00-04:00,7753.5,7753.5,7753.5,7751.25,7752.0,115
2026-09-24 20:14:00-04:00,7752.25,7752.25,7753.5,7752.0,7753.25,77
2026-09-24 20:15:00-04:00,7752.75,7752.75,7752.75,7750.25,7752.25,326
2026-09-24 20:16:00-04:00,7753.25,7753.25,7753.25,7751.5,7752.75,354
2026-09-24 20:17:00-04:00,7752.5,7752.5,7754.0,7752.25,7753.25,252
2026-09-24 20:18:00-04:00,7752.75,7752.75,7753.5,7752.25,7752.5,137
2026-09-24 20:19:00-04:00,7753.25,7753.25,7753.25,7752.5,7752.5,56
2026-09-24 20:20:00-04:00,7754.25,7754.25,7754.5,7752.75,7753.25,179
2026-09-24 20:21:00-04:00,7754.5,7754.5,7755.25,7754.0,7754.25,134
2026-09-24 20:22:00-04:00,7756.5,7756.5,7756.5,7754.25,7754.25,188
2026-09-24 20:23:00-04:00,7756.5,7756.5,7757.25,7756.25,7756.5,104
2026-09-24 20:24:00-04:00,7756.25,7756.25,7757.0,7756.0,7756.25,194
2026-09-24 20:25:00-04:00,7756.5,7756.5,7756.5,7754.5,7756.25,308
2026-09-24 20:26:00-04:00,7755.75,7755.75,7757.25,7755.0,7756.5,331
2026-09-24 20:27:00-04:00,7755.0,7755.0,7755.75,7754.75,7755.75,192
2026-09-24 20:28:00-04:00,7755.25,7755.25,7755.75,7755.0,7755.0,195
2026-09-24 20:29:00-04:00,7755.0,7755.0,7755.5,7754.5,7755.25,153
2026-09-24 20:30:00-04:00,7754.25,7754.25,7755.25,7754.0,7754.75,217
2026-09-24 20:31:00-04:00,7753.25,7753.25,7754.25,7752.75,7754.0,187
2026-09-24 20:32:00-04:00,7753.5,7753.5,7754.0,7751.75,7753.25,342
2026-09-24 20:33:00-04:00,7753.5,7753.5,7753.5,7752.75,7753.25,251
2026-09-24 20:34:00-04:00,7752.5,7752.5,7753.5,7751.75,7753.5,120
2026-09-24 20:35:00-04:00,7752.75,7752.75,7753.25,7752.75,7752.75,162
2026-09-24 20:36:00-04:00,7751.5,7751.5,7752.75,7751.25,7752.75,161
2026-09-24 20:37:00-04:00,7750.25,7750.25,7752.0,7750.25,7751.5,214
2026-09-24 20:38:00-04:00,7749.0,7749.0,7750.25,7748.5,7750.25,363
2026-09-24 20:39:00-04:00,7749.5,7749.5,7750.0,7748.5,7748.75,217
2026-09-24 20:40:00-04:00,7750.0,7750.0,7751.0,7748.75,7749.5,480
2026-09-24 20:41:00-04:00,7749.75,7749.75,7750.25,7749.0,7749.75,219
2026-09-24 20:42:00-04:00,7750.75,7750.75,7750.75,7749.0,7749.5,212
2026-09-24 20:43:00-04:00,7750.5,7750.5,7751.25,7750.5,7750.75,262
2026-09-24 20:44:00-04:00,7750.5,7750.5,7750.5,7750.25,7750.5,109
2026-09-24 20:45:00-04:00,7750.75,7750.75,7751.5,7750.0,7750.25,295
2026-09-24 20:46:00-04:00,7751.25,7751.25,7751.75,7750.75,7750.75,189
2026-09-24 20:47:00-04:00,7750.75,7750.75,7751.75,7750.25,7751.25,254
2026-09-24 20:48:00-04:00,7751.5,7751.5,7752.0,7750.75,7750.75,150
2026-09-24 20:49:00-04:00,7752.25,7752.25,7752.5,7751.25,7751.25,210
2026-09-24 20:50:00-04:00,7750.75,7750.75,7752.25,7750.75,7752.25,128
2026-09-24 20:51:00-04:00,7750.0,7750.0,7751.0,7750.0,7750.75,150
2026-09-24 20:52:00-04:00,7750.25,7750.25,7750.75,7749.5,7749.75,168
2026-09-24 20:53:00-04:00,7751.25,7751.25,7751.25,7750.25,7750.25,105
2026-09-24 20:54:00-04:00,7752.0,7752.0,7752.25,7751.25,7751.25,151
2026-09-24 20:55:00-04:00,7752.0,7752.0,7752.5,7751.75,7751.75,137
2026-09-24 20:56:00-04:00,7751.5,7751.5,7752.25,7751.0,7751.75,114
2026-09-24 20:57:00-04:00,7751.0,7751.0,7751.75,7750.5,7751.5,90
2026-09-24 20:58:00-04:00,7752.25,7752.25,7752.25,7750.75,7750.75,144
2026-09-24 20:59:00-04:00,7751.75,7751.75,7752.75,7751.0,7752.25,124
2026-09-24 21:00:00-04:00,7751.25,7751.25,7752.0,7749.25,7751.75,323
2026-09-24 21:01:00-04:00,7752.25,7752.25,7752.25,7751.0,7751.0,159
2026-09-24 21:02:00-04:00,7752.75,7752.75,7753.0,7751.75,7751.75,179
2026-09-24 21:03:00-04:00,7751.75,7751.75,7752.5,7751.25,7752.25,393
2026-09-24 21:04:00-04:00,7752.75,7752.75,7753.25,7751.5,7751.5,200
2026-09-24 21:05:00-04:00,7751.0,7751.0,7752.5,7751.0,7752.5,144
2026-09-24 21:06:00-04:00,7751.75,7751.75,7752.0,7750.0,7751.0,87
2026-09-24 21:07:00-04:00,7752.75,7752.75,7753.25,7751.75,7751.75,97
2026-09-24 21:08:00-04:00,7753.25,7753.25,7754.5,7752.5,7752.5,222
2026-09-24 21:09:00-04:00,7753.5,7753.5,7754.25,7753.25,7753.25,109
2026-09-24 21:10:00-04:00,7756.5,7756.5,7756.5,7753.25,7753.5,421
2026-09-24 21:11:00-04:00,7759.75,7759.75,7760.0,7756.25,7756.75,700
2026-09-24 21:12:00-04:00,7757.75,7757.75,7760.5,7757.25,7759.5,486
2026-09-24 21:13:00-04:00,7760.0,7760.0,7760.0,7757.5,7757.75,200
2026-09-24 21:14:00-04:00,7760.0,7760.0,7761.5,7759.5,7759.75,374
2026-09-24 21:15:00-04:00,7759.75,7759.75,7760.25,7759.25,7760.0,231
2026-09-24 21:16:00-04:00,7760.75,7760.75,7761.0,7758.25,7759.5,346
2026-09-24 21:17:00-04:00,7761.75,7761.75,7763.25,7760.5,7760.75,454
2026-09-24 21:18:00-04:00,7761.0,7761.0,7761.5,7760.75,7761.5,278
2026-09-24 21:19:00-04:00,7760.0,7760.0,7761.0,7759.5,7760.75,163
2026-09-24 21:20:00-04:00,7760.75,7760.75,7761.75,7760.0,7760.25,202
2026-09-24 21:21:00-04:00,7763.0,7763.0,7763.0,7760.75,7761.0,177
2026-09-24 21:22:00-04:00,7763.0,7763.0,7763.5,7762.75,7762.75,300
2026-09-24 21:23:00-04:00,7762.25,7762.25,7763.25,7762.0,7762.75,192
2026-09-24 21:24:00-04:00,7761.75,7761.75,7762.5,7761.25,7762.0,122
2026-09-24 21:25:00-04:00,7762.0,7762.0,7762.5,7761.5,7761.75,173
2026-09-24 21:26:00-04:00,7762.5,7762.5,7763.25,7761.75,7761.75,175
2026-09-24 21:27:00-04:00,7763.0,7763.0,7763.75,7762.25,7762.25,218
2026-09-24 21:28:00-04:00,7762.0,7762.0,7762.75,7761.75,7762.75,171
2026-09-24 21:29:00-04:00,7761.5,7761.5,7762.0,7761.0,7762.0,188
2026-09-24 21:30:00-04:00,7759.5,7759.5,7761.75,7759.25,7761.5,444
2026-09-24 21:31:00-04:00,7758.0,7758.0,7759.5,7757.75,7759.5,442
2026-09-24 21:32:00-04:00,7759.75,7759.75,7760.25,7757.75,7757.75,251
2026-09-24 21:33:00-04:00,7759.25,7759.25,7760.0,7759.0,7759.5,182
2026-09-24 21:34:00-04:00,7757.75,7757.75,7759.25,7757.75,7759.25,149
2026-09-24 21:35:00-04:00,7759.0,7759.0,7759.25,7756.5,7757.5,398
2026-09-24 21:36:00-04:00,7758.75,7758.75,7759.25,7758.25,7759.0,216
2026-09-24 21:37:00-04:00,7760.0,7760.0,7760.75,7758.5,7758.5,265
2026-09-24 21:38:00-04:00,7760.5,7760.5,7761.0,7760.0,7760.0,170
2026-09-24 21:39:00-04:00,7762.75,7762.75,7762.75,7760.5,7760.5,318
2026-09-24 21:40:00-04:00,7762.25,7762.25,7763.25,7762.25,7762.75,314
2026-09-24 21:41:00-04:00,7763.5,7763.5,7763.75,7762.25,7762.25,232
2026-09-24 21:42:00-04:00,7763.75,7763.75,7765.25,7763.5,7763.5,355
2026-09-24 21:43:00-04:00,7764.5,7764.5,7764.75,7763.75,7763.75,97
2026-09-24 21:44:00-04:00,7763.75,7763.75,7764.75,7763.5,7764.25,209
2026-09-24 21:45:00-04:00,7763.0,7763.0,7763.75,7763.0,7763.5,153
2026-09-24 21:46:00-04:00,7763.25,7763.25,7763.25,7762.25,7763.0,107
2026-09-24 21:47:00-04:00,7762.0,7762.0,7763.5,7761.25,7763.25,173
2026-09-24 21:48:00-04:00,7761.5,7761.5,7762.75,7761.25,7761.75,119
2026-09-24 21:49:00-04:00,7763.5,7763.5,7763.75,7761.5,7761.5,108
2026-09-24 21:50:00-04:00,7762.75,7762.75,7763.25,7762.0,7763.25,99
2026-09-24 21:51:00-04:00,7761.0,7761.0,7762.75,7760.5,7762.75,145
2026-09-24 21:52:00-04:00,7761.5,7761.5,7762.0,7761.0,7761.0,93
2026-09-24 21:53:00-04:00,7761.0,7761.0,7761.5,7761.0,7761.25,60
2026-09-24 21:54:00-04:00,7760.5,7760.5,7761.0,7760.5,7761.0,60
2026-09-24 21:55:00-04:00,7760.0,7760.0,7760.75,7759.75,7760.5,123
2026-09-24 21:56:00-04:00,7759.75,7759.75,7760.25,7759.25,7760.0,146
2026-09-24 21:57:00-04:00,7759.75,7759.75,7760.0,7759.5,7759.5,48
2026-09-24 21:58:00-04:00,7760.5,7760.5,7760.75,7759.5,7759.5,60
2026-09-24 21:59:00-04:00,7762.0,7762.0,7762.25,7760.75,7760.75,191
2026-09-24 22:00:00-04:00,7762.5,7762.5,7763.25,7761.75,7762.25,216
2026-09-24 22:01:00-04:00,7761.25,7761.25,7762.5,7761.25,7762.5,117
2026-09-24 22:02:00-04:00,7762.0,7762.0,7762.75,7761.5,7761.5,72
2026-09-24 22:03:00-04:00,7762.25,7762.25,7762.5,7761.75,7761.75,33
2026-09-24 22:04:00-04:00,7762.5,7762.5,7763.0,7761.75,7762.25,84
2026-09-24 22:05:00-04:00,7762.5,7762.5,7763.0,7762.5,7762.75,60
2026-09-24 22:06:00-04:00,7763.25,7763.25,7763.5,7762.25,7762.5,127
2026-09-24 22:07:00-04:00,7763.5,7763.5,7764.25,7763.25,7763.25,274
2026-09-24 22:08:00-04:00,7763.75,7763.75,7764.25,7763.0,7763.5,128
2026-09-24 22:09:00-04:00,7764.25,7764.25,7764.5,7763.5,7763.5,115
2026-09-24 22:10:00-04:00,7764.5,7764.5,7764.5,7764.25,7764.25,102
2026-09-24 22:11:00-04:00,7764.5,7764.5,7764.75,7764.0,7764.25,140
2026-09-24 22:12:00-04:00,7764.0,7764.0,7764.75,7764.0,7764.25,96
2026-09-24 22:13:00-04:00,7763.5,7763.5,7763.75,7762.75,7763.75,119
2026-09-24 22:14:00-04:00,7763.0,7763.0,7763.5,7762.5,7763.5,101
2026-09-24 22:15:00-04:00,7763.5,7763.5,7763.5,7763.0,7763.0,86
2026-09-24 22:16:00-04:00,7763.5,7763.5,7764.0,7763.5,7763.5,99
2026-09-24 22:17:00-04:00,7764.0,7764.0,7764.0,7763.75,7763.75,66
2026-09-24 22:18:00-04:00,7764.75,7764.75,7764.75,7764.0,7764.0,94
2026-09-24 22:19:00-04:00,7765.0,7765.0,7765.25,7764.5,7764.75,117
2026-09-24 22:20:00-04:00,7765.5,7765.5,7765.5,7764.75,7765.0,178
2026-09-24 22:21:00-04:00,7766.25,7766.25,7766.25,7765.25,7765.5,159
2026-09-24 22:22:00-04:00,7765.0,7765.0,7766.25,7764.75,7766.25,163
2026-09-24 22:23:00-04:00,7765.0,7765.0,7765.25,7765.0,7765.0,25
2026-09-24 22:24:00-04:00,7765.0,7765.0,7765.5,7765.0,7765.25,45
2026-09-24 22:25:00-04:00,7764.5,7764.5,7764.75,7764.0,7764.75,87
2026-09-24 22:26:00-04:00,7764.5,7764.5,7764.75,7764.25,7764.5,30
2026-09-24 22:27:00-04:00,7764.0,7764.0,7764.75,7764.0,7764.75,45
2026-09-24 22:28:00-04:00,7763.0,7763.0,7764.5,7763.0,7763.75,155
2026-09-24 22:29:00-04:00,7762.0,7762.0,7763.0,7761.5,7763.0,176
2026-09-24 22:30:00-04:00,7761.5,7761.5,7762.0,7761.0,7761.75,162
2026-09-24 22:31:00-04:00,7761.5,7761.5,7761.75,7761.0,7761.25,116
2026-09-24 22:32:00-04:00,7761.25,7761.25,7761.75,7761.0,7761.75,93
2026-09-24 22:33:00-04:00,7760.5,7760.5,7761.5,7760.25,7761.25,66
2026-09-24 22:34:00-04:00,7758.5,7758.5,7760.25,7758.25,7760.25,178
2026-09-24 22:35:00-04:00,7758.0,7758.0,7758.75,7758.0,7758.25,100
2026-09-24 22:36:00-04:00,7758.25,7758.25,7758.75,7757.75,7758.0,107
2026-09-24 22:37:00-04:00,7758.5,7758.5,7758.75,7757.75,7758.25,92
2026-09-24 22:38:00-04:00,7759.0,7759.0,7759.25,7757.25,7758.25,150
2026-09-24 22:39:00-04:00,7759.5,7759.5,7759.75,7758.75,7758.75,144
2026-09-24 22:40:00-04:00,7759.75,7759.75,7760.75,7759.5,7759.75,141
2026-09-24 22:41:00-04:00,7760.0,7760.0,7760.25,7759.75,7759.75,53
2026-09-24 22:42:00-04:00,7760.5,7760.5,7760.5,7760.0,7760.0,20
2026-09-24 22:43:00-04:00,7761.5,7761.5,7762.0,7760.25,7760.25,276
2026-09-24 22:44:00-04:00,7762.0,7762.0,7762.75,7761.25,7761.75,171
2026-09-24 22:45:00-04:00,7761.25,7761.25,7762.75,7761.25,7762.0,128
2026-09-24 22:46:00-04:00,7759.5,7759.5,7761.25,7759.5,7761.25,183
2026-09-24 22:47:00-04:00,7759.5,7759.5,7760.25,7759.5,7759.5,48
2026-09-24 22:48:00-04:00,7759.5,7759.5,7760.25,7759.0,7759.5,118
2026-09-24 22:49:00-04:00,7759.5,7759.5,7759.75,7759.5,7759.5,94
2026-09-24 22:50:00-04:00,7759.5,7759.5,7759.5,7758.5,7759.5,134
2026-09-24 22:51:00-04:00,7759.25,7759.25,7759.75,7759.0,7759.25,126
2026-09-24 22:52:00-04:00,7759.0,7759.0,7759.75,7758.5,7759.5,108
2026-09-24 22:53:00-04:00,7760.25,7760.25,7760.25,7759.25,7759.25,94
2026-09-24 22:54:00-04:00,7761.5,7761.5,7761.5,7760.0,7760.0,99
2026-09-24 22:55:00-04:00,7761.5,7761.5,7761.5,7761.0,7761.0,28
2026-09-24 22:56:00-04:00,7760.5,7760.5,7761.5,7760.5,7761.5,34
2026-09-24 22:57:00-04:00,7761.0,7761.0,7761.25,7760.25,7760.5,73
2026-09-24 22:58:00-04:00,7761.5,7761.5,7761.5,7761.0,7761.0,27
2026-09-24 22:59:00-04:00,7762.0,7762.0,7762.25,7761.75,7761.75,46
2026-09-24 23:00:00-04:00,7762.25,7762.25,7762.5,7761.5,7762.0,75
2026-09-24 23:01:00-04:00,7761.25,7761.25,7762.75,7761.25,7762.25,95
2026-09-24 23:02:00-04:00,7762.25,7762.25,7762.5,7761.0,7761.5,68
2026-09-24 23:03:00-04:00,7761.75,7761.75,7762.25,7761.75,7762.25,18
2026-09-24 23:04:00-04:00,7762.25,7762.25,7762.5,7761.75,7761.75,85
2026-09-24 23:05:00-04:00,7763.25,7763.25,7763.75,7762.25,7762.5,97
2026-09-24 23:06:00-04:00,7764.25,7764.25,7765.0,7763.25,7763.25,191
2026-09-24 23:07:00-04:00,7765.75,7765.75,7765.75,7764.25,7764.25,160
2026-09-24 23:08:00-04:00,7765.75,7765.75,7766.0,7765.5,7765.5,154
2026-09-24 23:09:00-04:00,7765.25,7765.25,7765.75,7764.75,7765.75,77
2026-09-24 23:10:00-04:00,7764.75,7764.75,7765.5,7764.5,7765.25,76
2026-09-24 23:11:00-04:00,7765.0,7765.0,7765.25,7764.5,7764.5,51
2026-09-24 23:12:00-04:00,7764.5,7764.5,7765.0,7764.5,7765.0,30
2026-09-24 23:13:00-04:00,7764.25,7764.25,7765.0,7764.25,7764.75,43
2026-09-24 23:14:00-04:00,7764.75,7764.75,7765.0,7763.75,7764.25,96
2026-09-24 23:15:00-04:00,7765.5,7765.5,7766.25,7764.75,7765.0,93
2026-09-24 23:16:00-04:00,7765.75,7765.75,7766.0,7765.25,7765.75,159
2026-09-24 23:17:00-04:00,7764.25,7764.25,7765.5,7764.0,7765.5,158
2026-09-24 23:18:00-04:00,7764.75,7764.75,7765.25,7763.5,7764.5,162
2026-09-24 23:19:00-04:00,7765.25,7765.25,7765.5,7764.75,7764.75,106
2026-09-24 23:20:00-04:00,7766.5,7766.5,7766.75,7765.0,7765.25,147
2026-09-24 23:21:00-04:00,7766.0,7766.0,7767.0,7766.0,7766.5,160
2026-09-24 23:22:00-04:00,7767.25,7767.25,7767.25,7766.25,7766.25,78
2026-09-24 23:23:00-04:00,7766.0,7766.0,7767.0,7766.0,7767.0,44
2026-09-24 23:24:00-04:00,7766.0,7766.0,7766.25,7765.75,7765.75,44
2026-09-24 23:25:00-04:00,7765.25,7765.25,7766.5,7765.25,7766.0,47
2026-09-24 23:26:00-04:00,7765.0,7765.0,7765.5,7764.75,7765.25,93
2026-09-24 23:27:00-04:00,7765.5,7765.5,7765.75,7765.25,7765.5,32
2026-09-24 23:28:00-04:00,7765.25,7765.25,7766.25,7765.25,7765.5,102
2026-09-24 23:29:00-04:00,7765.25,7765.25,7765.5,7765.0,7765.25,40
2026-09-24 23:30:00-04:00,7765.25,7765.25,7765.5,7764.75,7765.5,124
2026-09-24 23:31:00-04:00,7765.0,7765.0,7765.25,7764.75,7765.25,81
2026-09-24 23:32:00-04:00,7765.25,7765.25,7765.75,7764.5,7765.0,176
2026-09-24 23:33:00-04:00,7766.0,7766.0,7766.0,7765.0,7765.25,68
2026-09-24 23:34:00-04:00,7765.5,7765.5,7766.25,7765.5,7765.75,84
2026-09-24 23:35:00-04:00,7765.25,7765.25,7766.0,7765.25,7765.5,87
2026-09-24 23:36:00-04:00,7764.0,7764.0,7765.5,7764.0,7765.25,192
2026-09-24 23:37:00-04:00,7766.0,7766.0,7766.0,7763.75,7763.75,112
2026-09-24 23:38:00-04:00,7765.25,7765.25,7766.25,7765.25,7766.0,60
2026-09-24 23:39:00-04:00,7765.75,7765.75,7765.75,7765.5,7765.5,13
2026-09-24 23:40:00-04:00,7765.75,7765.75,7765.75,7765.5,7765.75,36
2026-09-24 23:41:00-04:00,7765.5,7765.5,7766.75,7764.75,7766.0,211
2026-09-24 23:42:00-04:00,7765.25,7765.25,7765.75,7765.0,7765.5,57
2026-09-24 23:43:00-04:00,7764.25,7764.25,7765.25,7764.25,7765.25,118
2026-09-24 23:44:00-04:00,7761.5,7761.5,7764.75,7761.5,7764.5,218
2026-09-24 23:45:00-04:00,7762.0,7762.0,7762.5,7761.5,7761.75,237
2026-09-24 23:46:00-04:00,7761.25,7761.25,7761.75,7760.75,7761.75,154
2026-09-24 23:47:00-04:00,7762.0,7762.0,7762.0,7761.5,7761.5,116
2026-09-24 23:48:00-04:00,7761.25,7761.25,7762.0,7761.25,7761.75,114
2026-09-24 23:49:00-04:00,7762.75,7762.75,7763.0,7761.5,7761.5,165
2026-09-24 23:50:00-04:00,7762.0,7762.0,7762.75,7761.5,7762.5,91
2026-09-24 23:51:00-04:00,7762.5,7762.5,7763.0,7761.75,7762.0,89
2026-09-24 23:52:00-04:00,7763.0,7763.0,7763.5,7762.25,7762.25,103
2026-09-24 23:53:00-04:00,7763.0,7763.0,7763.25,7762.75,7763.25,63
2026-09-24 23:54:00-04:00,7762.5,7762.5,7763.0,7762.0,7763.0,103
2026-09-24 23:55:00-04:00,7762.75,7762.75,7763.25,7762.25,7762.75,72
2026-09-24 23:56:00-04:00,7762.75,7762.75,7763.5,7762.5,7762.75,78
2026-09-24 23:57:00-04:00,7763.75,7763.75,7764.25,7762.75,7762.75,121
2026-09-24 23:58:00-04:00,7763.5,7763.5,7764.0,7763.0,7764.0,84
2026-09-25 00:09:00-04:00,7760.75,7760.75,7761.25,7760.25,7760.5,101
2026-09-25 00:10:00-04:00,7760.5,7760.5,7761.0,7760.5,7760.75,77
2026-09-25 00:11:00-04:00,7760.25,7760.25,7760.5,7760.0,7760.5,114
2026-09-25 00:12:00-04:00,7760.5,7760.5,7760.75,7760.0,7760.5,88
2026-09-25 00:13:00-04:00,7761.0,7761.0,7761.5,7760.25,7760.5,213
2026-09-25 00:14:00-04:00,7760.25,7760.25,7761.0,7760.25,7761.0,131
2026-09-25 00:15:00-04:00,7760.75,7760.75,7761.75,7760.0,7760.25,197
2026-09-25 00:16:00-04:00,7760.5,7760.5,7760.75,7760.25,7760.5,75
2026-09-25 00:17:00-04:00,7761.0,7761.0,7761.25,7760.25,7760.5,86
2026-09-25 00:18:00-04:00,7759.25,7759.25,7761.0,7759.25,7761.0,133
2026-09-25 00:19:00-04:00,7759.5,7759.5,7759.5,7758.75,7759.25,155
2026-09-25 00:20:00-04:00,7759.0,7759.0,7759.5,7758.75,7759.5,133
2026-09-25 00:21:00-04:00,7758.75,7758.75,7759.75,7758.5,7759.0,100
2026-09-25 00:22:00-04:00,7758.75,7758.75,7759.25,7758.5,7758.75,134
2026-09-25 00:23:00-04:00,7759.0,7759.0,7759.75,7758.75,7758.75,71
2026-09-25 00:24:00-04:00,7760.0,7760.0,7760.0,7759.25,7759.25,84
2026-09-25 00:25:00-04:00,7760.25,7760.25,7760.75,7760.0,7760.25,115
2026-09-25 00:26:00-04:00,7759.25,7759.25,7760.25,7759.25,7760.25,69
2026-09-25 00:27:00-04:00,7759.0,7759.0,7759.5,7759.0,7759.25,91
2026-09-25 00:28:00-04:00,7759.75,7759.75,7759.75,7758.75,7758.75,96
2026-09-25 00:29:00-04:00,7759.0,7759.0,7760.25,7759.0,7759.75,48
2026-09-25 00:30:00-04:00,7760.25,7760.25,7760.25,7759.25,7759.25,121
2026-09-25 00:31:00-04:00,7759.5,7759.5,7760.25,7758.5,7760.0,185
2026-09-25 00:32:00-04:00,7758.75,7758.75,7759.5,7758.75,7759.5,93
2026-09-25 00:33:00-04:00,7759.0,7759.0,7759.25,7758.5,7758.75,73
2026-09-25 00:34:00-04:00,7760.25,7760.25,7760.5,7759.0,7759.0,110
2026-09-25 00:35:00-04:00,7760.75,7760.75,7761.25,7760.0,7760.25,117
2026-09-25 00:36:00-04:00,7760.5,7760.5,7760.75,7760.25,7760.5,50
2026-09-25 00:37:00-04:00,7760.25,7760.25,7760.5,7760.0,7760.25,78
2026-09-25 00:38:00-04:00,7761.5,7761.5,7761.75,7760.25,7760.25,76
2026-09-25 00:39:00-04:00,7761.5,7761.5,7761.5,7761.0,7761.25,80
2026-09-25 00:40:00-04:00,7761.75,7761.75,7762.25,7761.5,7761.5,94
2026-09-25 00:41:00-04:00,7761.0,7761.0,7761.75,7761.0,7761.75,88
2026-09-25 00:42:00-04:00,7762.0,7762.0,7762.0,7761.0,7761.0,134
2026-09-25 00:43:00-04:00,7761.0,7761.0,7762.0,7760.75,7762.0,71
2026-09-25 00:44:00-04:00,7760.5,7760.5,7761.25,7760.25,7760.75,103
2026-09-25 00:45:00-04:00,7761.5,7761.5,7761.5,7760.5,7760.5,69
2026-09-25 00:46:00-04:00,7761.25,7761.25,7761.75,7761.0,7761.75,114
2026-09-25 00:47:00-04:00,7761.25,7761.25,7761.75,7761.25,7761.25,77
2026-09-25 00:48:00-04:00,7761.0,7761.0,7761.5,7761.0,7761.25,71
2026-09-25 00:49:00-04:00,7761.0,7761.0,7761.0,7760.75,7761.0,80
2026-09-25 00:50:00-04:00,7760.25,7760.25,7760.75,7759.75,7760.75,151
2026-09-25 00:51:00-04:00,7761.5,7761.5,7761.75,7760.5,7760.5,142
2026-09-25 00:52:00-04:00,7760.25,7760.25,7761.25,7760.25,7761.25,83
2026-09-25 00:53:00-04:00,7760.0,7760.0,7760.5,7759.5,7760.25,77
2026-09-25 00:54:00-04:00,7760.25,7760.25,7760.25,7760.0,7760.0,28
2026-09-25 00:55:00-04:00,7760.25,7760.25,7760.25,7760.0,7760.25,57
2026-09-25 00:56:00-04:00,7759.5,7759.5,7760.5,7759.5,7760.5,38
2026-09-25 00:57:00-04:00,7758.0,7758.0,7759.5,7758.0,7759.5,203
2026-09-25 00:58:00-04:00,7758.75,7758.75,7758.75,7757.75,7758.0,120
2026-09-25 00:59:00-04:00,7759.5,7759.5,7759.5,7758.5,7758.5,96
2026-09-25 01:00:00-04:00,7759.5,7759.5,7759.75,7759.25,7759.25,123
2026-09-25 01:01:00-04:00,7759.25,7759.25,7760.5,7759.25,7759.5,121
2026-09-25 01:02:00-04:00,7759.75,7759.75,7759.75,7759.0,7759.0,85
2026-09-25 01:03:00-04:00,7760.0,7760.0,7760.0,7759.5,7759.75,140
2026-09-25 01:04:00-04:00,7760.75,7760.75,7761.25,7760.25,7760.25,168
2026-09-25 01:05:00-04:00,7761.75,7761.75,7762.5,7761.0,7761.0,209
2026-09-25 01:06:00-04:00,7761.75,7761.75,7762.25,7761.5,7761.75,132
2026-09-25 01:07:00-04:00,7760.5,7760.5,7761.75,7760.5,7761.75,183
2026-09-25 01:08:00-04:00,7761.75,7761.75,7761.75,7760.0,7760.25,73
2026-09-25 01:09:00-04:00,7763.0,7763.0,7763.25,7761.75,7761.75,228
2026-09-25 01:10:00-04:00,7763.5,7763.5,7763.75,7762.5,7763.0,204
2026-09-25 01:11:00-04:00,7763.25,7763.25,7763.75,7763.0,7763.75,168
2026-09-25 01:12:00-04:00,7763.5,7763.5,7763.75,7763.0,7763.0,126
2026-09-25 01:13:00-04:00,7762.75,7762.75,7763.5,7762.75,7763.5,123
2026-09-25 01:14:00-04:00,7762.0,7762.0,7763.0,7762.0,7762.5,112
2026-09-25 01:15:00-04:00,7763.25,7763.25,7763.5,7762.25,7762.25,90
2026-09-25 01:16:00-04:00,7763.25,7763.25,7763.75,7762.75,7763.25,117
2026-09-25 01:17:00-04:00,7762.75,7762.75,7764.25,7762.75,7763.5,86
2026-09-25 01:18:00-04:00,7763.0,7763.0,7763.25,7762.75,7762.75,65
2026-09-25 01:19:00-04:00,7762.75,7762.75,7763.25,7762.0,7762.75,111
2026-09-25 01:20:00-04:00,7762.5,7762.5,7763.25,7762.5,7762.75,81
2026-09-25 01:21:00-04:00,7763.5,7763.5,7763.5,7762.5,7762.5,91
2026-09-25 01:22:00-04:00,7762.75,7762.75,7763.25,7762.75,7763.25,69
2026-09-25 01:23:00-04:00,7762.75,7762.75,7763.5,7762.75,7763.0,121
2026-09-25 01:24:00-04:00,7760.75,7760.75,7762.75,7760.75,7762.5,142
2026-09-25 01:25:00-04:00,7761.75,7761.75,7762.0,7760.75,7760.75,97
2026-09-25 01:26:00-04:00,7763.0,7763.0,7763.25,7761.5,7761.5,92
2026-09-25 01:27:00-04:00,7763.5,7763.5,7763.5,7762.75,7763.0,69
2026-09-25 01:28:00-04:00,7763.75,7763.75,7763.75,7763.25,7763.5,86
2026-09-25 01:29:00-04:00,7763.5,7763.5,7763.75,7763.0,7763.75,73
2026-09-25 01:30:00-04:00,7766.25,7766.25,7766.25,7763.0,7763.5,281
2026-09-25 01:31:00-04:00,7767.25,7767.25,7768.0,7766.5,7766.5,440
2026-09-25 01:32:00-04:00,7767.75,7767.75,7769.5,7767.25,7767.25,855
2026-09-25 01:33:00-04:00,7770.0,7770.0,7770.75,7767.5,7767.5,664
2026-09-25 01:34:00-04:00,7769.25,7769.25,7771.0,7769.0,7769.75,255
2026-09-25 01:35:00-04:00,7770.0,7770.0,7770.75,7769.5,7769.5,190
2026-09-25 01:36:00-04:00,7770.5,7770.5,7771.5,7769.5,7770.0,192
2026-09-25 01:37:00-04:00,7770.5,7770.5,7771.0,7770.25,7770.25,35
2026-09-25 01:38:00-04:00,7770.0,7770.0,7770.75,7770.0,7770.5,44
2026-09-25 01:39:00-04:00,7771.0,7771.0,7771.75,7770.25,7770.25,144
2026-09-25 01:40:00-04:00,7771.25,7771.25,7771.5,7771.0,7771.0,65
2026-09-25 01:41:00-04:00,7771.25,7771.25,7771.75,7771.25,7771.5,100
2026-09-25 01:42:00-04:00,7770.25,7770.25,7771.25,7770.25,7771.25,102
2026-09-25 01:43:00-04:00,7771.5,7771.5,7771.5,7770.25,7770.25,123
2026-09-25 01:44:00-04:00,7773.25,7773.25,7773.25,7771.25,7771.25,218
2026-09-25 01:45:00-04:00,7773.0,7773.0,7774.0,7772.25,7773.0,228
2026-09-25 01:46:00-04:00,7772.75,7772.75,7773.0,7771.75,7773.0,89
2026-09-25 01:47:00-04:00,7772.5,7772.5,7772.75,7772.25,7772.75,59
2026-09-25 01:48:00-04:00,7771.5,7771.5,7772.5,7771.25,7772.5,145
2026-09-25 01:49:00-04:00,7770.75,7770.75,7771.25,7770.5,7771.25,165
2026-09-25 01:50:00-04:00,7771.0,7771.0,7771.5,7770.5,7770.5,116
2026-09-25 01:51:00-04:00,7772.0,7772.0,7772.0,7770.5,7771.0,74
2026-09-25 01:52:00-04:00,7772.25,7772.25,7772.25,7771.75,7772.0,33
2026-09-25 01:53:00-04:00,7772.25,7772.25,7772.25,7771.75,7771.75,80
2026-09-25 01:54:00-04:00,7772.5,7772.5,7772.5,7772.0,7772.25,73
2026-09-25 01:55:00-04:00,7772.25,7772.25,7772.5,7771.75,7772.5,98
2026-09-25 01:56:00-04:00,7770.5,7770.5,7772.25,7770.5,7772.25,110
2026-09-25 01:57:00-04:00,7770.5,7770.5,7770.75,7770.0,7770.25,100
2026-09-25 01:58:00-04:00,7771.25,7771.25,7771.25,7770.5,7770.75,74
2026-09-25 01:59:00-04:00,7770.0,7770.0,7771.25,7769.75,7771.25,189
2026-09-25 02:00:00-04:00,7770.5,7770.5,7771.5,7769.75,7770.0,368
2026-09-25 02:01:00-04:00,7772.0,7772.0,7772.25,7770.5,7770.5,294
2026-09-25 02:02:00-04:00,7772.25,7772.25,7772.5,7771.75,7772.25,172
2026-09-25 02:03:00-04:00,7771.75,7771.75,7772.75,7771.5,7772.0,197
2026-09-25 02:04:00-04:00,7772.25,7772.25,7772.25,7771.25,7771.75,143
2026-09-25 02:05:00-04:00,7771.75,7771.75,7772.75,7771.75,7772.25,150
2026-09-25 02:06:00-04:00,7772.25,7772.25,7773.0,7771.75,7772.0,141
2026-09-25 02:07:00-04:00,7772.5,7772.5,7773.0,7772.25,7772.25,70
2026-09-25 02:08:00-04:00,7772.25,7772.25,7773.0,7772.0,7772.5,207
2026-09-25 02:09:00-04:00,7773.25,7773.25,7773.5,7772.0,7772.25,222
2026-09-25 02:10:00-04:00,7774.5,7774.5,7774.75,7773.0,7773.5,357
2026-09-25 02:11:00-04:00,7775.0,7775.0,7775.25,7773.75,7774.5,518
2026-09-25 02:12:00-04:00,7775.5,7775.5,7776.0,7775.0,7775.25,300
2026-09-25 02:13:00-04:00,7775.5,7775.5,7776.0,7775.25,7775.25,210
2026-09-25 02:14:00-04:00,7775.5,7775.5,7776.0,7775.0,7775.5,141
2026-09-25 02:15:00-04:00,7775.0,7775.0,7776.0,7775.0,7775.5,262
2026-09-25 02:16:00-04:00,7776.5,7776.5,7777.0,7774.75,7774.75,349
2026-09-25 02:17:00-04:00,7777.0,7777.0,7777.75,7776.25,7776.5,251
2026-09-25 02:18:00-04:00,7776.0,7776.0,7777.25,7775.25,7777.0,208
2026-09-25 02:19:00-04:00,7777.0,7777.0,7777.0,7775.75,7775.75,138
2026-09-25 02:20:00-04:00,7777.5,7777.5,7778.25,7777.0,7777.0,162
2026-09-25 02:21:00-04:00,7777.75,7777.75,7778.5,7777.5,7777.5,195
2026-09-25 02:22:00-04:00,7776.25,7776.25,7778.0,7776.25,7777.75,211
2026-09-25 02:23:00-04:00,7776.25,7776.25,7777.0,7776.25,7776.5,144
2026-09-25 02:24:00-04:00,7777.5,7777.5,7777.75,7775.75,7776.25,263
2026-09-25 02:25:00-04:00,7777.5,7777.5,7778.0,7777.25,7777.75,226
2026-09-25 02:26:00-04:00,7776.5,7776.5,7777.5,7776.25,7777.25,268
2026-09-25 02:27:00-04:00,7776.75,7776.75,7777.25,7775.75,7776.5,412
2026-09-25 02:28:00-04:00,7775.5,7775.5,7776.75,7775.5,7776.5,613
2026-09-25 02:29:00-04:00,7775.0,7775.0,7775.75,7774.0,7775.75,342
2026-09-25 02:30:00-04:00,7775.5,7775.5,7776.25,7775.0,7775.25,345
2026-09-25 02:31:00-04:00,7775.0,7775.0,7775.75,7775.0,7775.5,171
2026-09-25 02:32:00-04:00,7775.5,7775.5,7775.75,7774.75,7775.0,135
2026-09-25 02:33:00-04:00,7775.25,7775.25,7775.5,7774.25,7775.5,258
2026-09-25 02:34:00-04:00,7777.5,7777.5,7777.5,7775.25,7775.25,411
2026-09-25 02:35:00-04:00,7777.0,7777.0,7777.75,7776.5,7777.25,289
2026-09-25 02:36:00-04:00,7775.5,7775.5,7777.25,7775.5,7777.0,160
2026-09-25 02:37:00-04:00,7776.0,7776.0,7776.0,7775.5,7775.5,83
2026-09-25 02:38:00-04:00,7776.75,7776.75,7777.0,7776.0,7776.0,213
2026-09-25 02:39:00-04:00,7776.5,7776.5,7776.75,7776.25,7776.75,99
2026-09-25 02:40:00-04:00,7776.75,7776.75,7777.25,7776.5,7776.5,85
2026-09-25 02:41:00-04:00,7777.25,7777.25,7777.75,7776.75,7776.75,89
2026-09-25 02:42:00-04:00,7777.25,7777.25,7777.5,7777.0,7777.25,96
2026-09-25 02:43:00-04:00,7776.75,7776.75,7777.5,7776.5,7777.5,136
2026-09-25 02:44:00-04:00,7776.75,7776.75,7777.0,7776.0,7776.75,194
2026-09-25 02:45:00-04:00,7776.75,7776.75,7777.25,7776.5,7776.75,160
2026-09-25 02:46:00-04:00,7777.25,7777.25,7777.5,7776.75,7777.0,90
2026-09-25 02:47:00-04:00,7775.25,7775.25,7777.5,7775.25,7777.25,200
2026-09-25 02:48:00-04:00,7776.5,7776.5,7776.5,7775.0,7775.25,154
2026-09-25 02:49:00-04:00,7777.0,7777.0,7777.25,7776.5,7776.75,154
2026-09-25 02:50:00-04:00,7776.0,7776.0,7777.25,7775.75,7777.0,190
2026-09-25 02:51:00-04:00,7775.0,7775.0,7776.0,7775.0,7776.0,116
2026-09-25 02:52:00-04:00,7775.0,7775.0,7776.0,7775.0,7775.25,122
2026-09-25 02:53:00-04:00,7775.75,7775.75,7775.75,7775.0,7775.0,69
2026-09-25 02:54:00-04:00,7777.25,7777.25,7777.5,7775.5,7775.5,370
2026-09-25 02:55:00-04:00,7777.75,7777.75,7778.25,7777.0,7777.25,666
2026-09-25 02:56:00-04:00,7777.0,7777.0,7778.0,7776.5,7778.0,177
2026-09-25 02:57:00-04:00,7776.0,7776.0,7776.75,7775.75,7776.75,75
2026-09-25 02:58:00-04:00,7775.25,7775.25,7775.75,7775.25,7775.75,102
2026-09-25 02:59:00-04:00,7774.75,7774.75,7775.25,7774.5,7775.25,179
2026-09-25 03:00:00-04:00,7777.0,7777.0,7777.75,7774.25,7774.75,871
2026-09-25 03:01:00-04:00,7776.75,7776.75,7777.5,7775.75,7776.75,469
2026-09-25 03:02:00-04:00,7777.75,7777.75,7778.25,7776.5,7776.75,340
2026-09-25 03:03:00-04:00,7777.75,7777.75,7777.75,7776.75,7777.75,427
2026-09-25 03:04:00-04:00,7775.75,7775.75,7777.75,7775.25,7777.5,247
2026-09-25 03:05:00-04:00,7777.25,7777.25,7778.0,7775.0,7775.75,305
2026-09-25 03:06:00-04:00,7777.0,7777.0,7777.75,7776.5,7777.5,158
2026-09-25 03:07:00-04:00,7776.5,7776.5,7778.0,7776.25,7777.0,231
2026-09-25 03:08:00-04:00,7776.75,7776.75,7777.25,7776.0,7776.5,217
2026-09-25 03:09:00-04:00,7777.0,7777.0,7777.25,7775.75,7776.5,136
2026-09-25 03:10:00-04:00,7776.75,7776.75,7777.75,7776.25,7777.0,258
2026-09-25 03:11:00-04:00,7777.5,7777.5,7777.75,7776.25,7776.5,240
2026-09-25 03:12:00-04:00,7777.0,7777.0,7777.25,7776.25,7777.25,270
2026-09-25 03:13:00-04:00,7777.75,7777.75,7778.25,7777.0,7777.0,239
2026-09-25 03:14:00-04:00,7777.5,7777.5,7778.5,7777.25,7777.75,249
2026-09-25 03:15:00-04:00,7777.5,7777.5,7778.5,7777.5,7777.5,352
2026-09-25 03:16:00-04:00,7777.25,7777.25,7778.25,7777.0,7777.5,285
2026-09-25 03:17:00-04:00,7777.75,7777.75,7778.0,7776.75,7777.25,226
2026-09-25 03:18:00-04:00,7777.0,7777.0,7778.0,7776.75,7777.5,375
2026-09-25 03:19:00-04:00,7775.5,7775.5,7777.25,7774.75,7777.0,438
2026-09-25 03:20:00-04:00,7777.0,7777.0,7777.25,7775.5,7775.75,620
2026-09-25 03:21:00-04:00,7777.75,7777.75,7778.5,7776.75,7777.0,335
2026-09-25 03:22:00-04:00,7777.5,7777.5,7778.75,7777.5,7777.75,152
2026-09-25 03:23:00-04:00,7777.25,7777.25,7778.5,7776.75,7777.25,273
2026-09-25 03:24:00-04:00,7777.75,7777.75,7778.25,7777.25,7777.25,161
2026-09-25 03:25:00-04:00,7777.5,7777.5,7778.25,7777.0,7777.75,133
2026-09-25 03:26:00-04:00,7776.5,7776.5,7777.75,7776.5,7777.5,203
2026-09-25 03:27:00-04:00,7778.25,7778.25,7778.5,7775.75,7776.5,315
2026-09-25 03:28:00-04:00,7779.25,7779.25,7779.5,7778.0,7778.25,447
2026-09-25 03:29:00-04:00,7780.25,7780.25,7780.5,7779.0,7779.25,415
2026-09-25 03:30:00-04:00,7780.5,7780.5,7780.75,7779.5,7780.25,339
2026-09-25 03:31:00-04:00,7780.5,7780.5,7781.75,7780.25,7780.25,314
2026-09-25 03:32:00-04:00,7776.5,7776.5,7780.5,7776.5,7780.5,416
2026-09-25 03:33:00-04:00,7774.5,7774.5,7777.0,7774.5,7776.5,371
2026-09-25 03:34:00-04:00,7774.0,7774.0,7774.75,7773.5,7774.75,324
2026-09-25 03:35:00-04:00,7775.0,7775.0,7775.75,7774.0,7774.25,290
2026-09-25 03:36:00-04:00,7776.0,7776.0,7776.5,7775.25,7775.25,241
2026-09-25 03:37:00-04:00,7776.75,7776.75,7777.0,7775.5,7776.0,304
2026-09-25 03:38:00-04:00,7775.5,7775.5,7776.75,7775.0,7776.75,385
2026-09-25 03:39:00-04:00,7774.75,7774.75,7775.5,7774.75,7775.5,175
2026-09-25 03:40:00-04:00,7775.25,7775.25,7775.75,7774.25,7774.75,214
2026-09-25 03:41:00-04:00,7775.75,7775.75,7776.0,7774.75,7775.0,152
2026-09-25 03:42:00-04:00,7776.5,7776.5,7776.75,7775.75,7775.75,168
2026-09-25 03:43:00-04:00,7776.25,7776.25,7776.75,7776.25,7776.25,334
2026-09-25 03:44:00-04:00,7775.25,7775.25,7776.25,7775.0,7776.25,194
2026-09-25 03:45:00-04:00,7775.75,7775.75,7776.25,7775.5,7775.5,196
2026-09-25 03:46:00-04:00,7777.75,7777.75,7777.75,7775.5,7775.5,268
2026-09-25 03:47:00-04:00,7777.25,7777.25,7778.5,7777.25,7777.75,440
2026-09-25 03:48:00-04:00,7775.25,7775.25,7777.5,7775.0,7777.5,290
2026-09-25 03:49:00-04:00,7775.25,7775.25,7776.0,7775.0,7775.25,146
2026-09-25 03:50:00-04:00,7775.0,7775.0,7775.5,7774.5,7775.25,347
2026-09-25 03:51:00-04:00,7775.0,7775.0,7775.5,7774.5,7775.0,187
2026-09-25 03:52:00-04:00,7774.75,7774.75,7775.25,7774.5,7774.75,172
2026-09-25 03:53:00-04:00,7776.25,7776.25,7776.25,7774.75,7774.75,239
2026-09-25 03:54:00-04:00,7775.25,7775.25,7776.25,7774.75,7776.25,239
2026-09-25 03:55:00-04:00,7775.75,7775.75,7776.5,7774.5,7775.25,511
2026-09-25 03:56:00-04:00,7776.5,7776.5,7776.5,7775.5,7775.75,287
2026-09-25 03:57:00-04:00,7775.5,7775.5,7776.75,7775.5,7776.5,171
2026-09-25 03:58:00-04:00,7775.5,7775.5,7775.75,7775.25,7775.5,183
2026-09-25 03:59:00-04:00,7775.25,7775.25,7776.5,7775.25,7775.5,179
2026-09-25 04:00:00-04:00,7776.0,7776.0,7776.25,7774.5,7775.25,559
2026-09-25 04:01:00-04:00,7775.5,7775.5,7776.25,7775.0,7776.0,295
2026-09-25 04:02:00-04:00,7774.75,7774.75,7775.5,7774.5,7775.5,364
2026-09-25 04:03:00-04:00,7773.0,7773.0,7774.75,7771.75,7774.75,500
2026-09-25 04:04:00-04:00,7772.5,7772.5,7773.25,7772.25,7773.25,272
2026-09-25 04:05:00-04:00,7773.5,7773.5,7774.75,7772.5,7772.5,471
2026-09-25 04:06:00-04:00,7773.25,7773.25,7774.75,7773.0,7773.5,378
2026-09-25 04:07:00-04:00,7773.5,7773.5,7773.5,7771.5,7773.25,337
2026-09-25 04:08:00-04:00,7774.5,7774.5,7774.5,7773.0,7773.5,274
2026-09-25 04:09:00-04:00,7775.0,7775.0,7775.5,7774.0,7774.5,303
2026-09-25 04:10:00-04:00,7776.25,7776.25,7776.25,7775.0,7775.0,276
2026-09-25 04:11:00-04:00,7776.75,7776.75,7777.25,7775.25,7776.0,402
2026-09-25 04:12:00-04:00,7779.0,7779.0,7779.0,7776.75,7776.75,493
2026-09-25 04:13:00-04:00,7779.0,7779.0,7780.0,7778.25,7779.0,330
2026-09-25 04:14:00-04:00,7779.0,7779.0,7780.75,7778.5,7779.0,322
2026-09-25 04:15:00-04:00,7779.75,7779.75,7780.0,7779.0,7779.0,173
2026-09-25 04:16:00-04:00,7781.0,7781.0,7781.0,7779.0,7779.75,331
2026-09-25 04:17:00-04:00,7778.75,7778.75,7781.75,7778.75,7781.0,482
2026-09-25 04:18:00-04:00,7779.0,7779.0,7779.0,7777.75,7779.0,225
2026-09-25 04:19:00-04:00,7779.0,7779.0,7779.75,7778.5,7779.25,152
2026-09-25 04:20:00-04:00,7779.5,7779.5,7780.0,7779.0,7779.0,209
2026-09-25 04:21:00-04:00,7780.75,7780.75,7780.75,7779.25,7779.5,162
2026-09-25 04:22:00-04:00,7781.5,7781.5,7781.5,7780.0,7780.75,223
2026-09-25 04:23:00-04:00,7780.0,7780.0,7781.25,7778.5,7781.25,346
2026-09-25 04:24:00-04:00,7782.25,7782.25,7782.25,7779.5,7779.75,317
2026-09-25 04:25:00-04:00,7781.5,7781.5,7782.25,7781.0,7782.25,368
2026-09-25 04:26:00-04:00,7781.5,7781.5,7781.75,7780.25,7781.5,223
2026-09-25 04:27:00-04:00,7782.5,7782.5,7782.5,7781.0,7781.5,427
2026-09-25 04:28:00-04:00,7784.0,7784.0,7784.25,7782.5,7782.5,706
2026-09-25 04:29:00-04:00,7784.25,7784.25,7784.5,7783.75,7784.25,412
2026-09-25 04:30:00-04:00,7784.0,7784.0,7784.5,7783.75,7784.25,276
2026-09-25 04:31:00-04:00,7784.5,7784.5,7784.5,7783.5,7784.0,231
2026-09-25 04:32:00-04:00,7783.5,7783.5,7784.75,7783.25,7784.5,259
2026-09-25 04:33:00-04:00,7786.25,7786.25,7786.25,7783.5,7783.5,444
2026-09-25 04:34:00-04:00,7785.75,7785.75,7786.5,7785.75,7786.25,234
2026-09-25 04:35:00-04:00,7785.5,7785.5,7786.25,7785.25,7785.5,237
2026-09-25 04:36:00-04:00,7784.75,7784.75,7785.75,7784.75,7785.5,212
2026-09-25 04:37:00-04:00,7784.25,7784.25,7784.75,7784.25,7784.5,111
2026-09-25 04:38:00-04:00,7785.25,7785.25,7785.5,7784.5,7784.5,163
2026-09-25 04:39:00-04:00,7783.5,7783.5,7785.0,7782.5,7785.0,645
2026-09-25 04:40:00-04:00,7784.75,7784.75,7784.75,7783.5,7783.5,155
2026-09-25 04:41:00-04:00,7785.75,7785.75,7785.75,7784.75,7784.75,187
2026-09-25 04:42:00-04:00,7786.0,7786.0,7786.25,7785.0,7785.75,169
2026-09-25 04:43:00-04:00,7786.25,7786.25,7786.75,7785.75,7786.0,112
2026-09-25 04:44:00-04:00,7786.75,7786.75,7787.25,7786.0,7786.5,189
2026-09-25 04:45:00-04:00,7788.0,7788.0,7788.25,7786.75,7786.75,373
2026-09-25 04:46:00-04:00,7788.0,7788.0,7788.75,7788.0,7788.0,298
2026-09-25 04:47:00-04:00,7787.25,7787.25,7788.25,7787.25,7788.25,248
2026-09-25 04:48:00-04:00,7787.5,7787.5,7787.75,7787.25,7787.25,170
2026-09-25 04:49:00-04:00,7787.25,7787.25,7788.25,7787.25,7787.75,192
2026-09-25 04:50:00-04:00,7787.0,7787.0,7787.25,7786.75,7787.25,128
2026-09-25 04:51:00-04:00,7787.5,7787.5,7789.0,7786.75,7787.0,583
2026-09-25 04:52:00-04:00,7788.25,7788.25,7788.5,7787.25,7787.5,189
2026-09-25 04:53:00-04:00,7788.0,7788.0,7788.25,7787.75,7788.0,94
2026-09-25 04:54:00-04:00,7788.75,7788.75,7789.0,7788.0,7788.0,146
2026-09-25 04:55:00-04:00,7790.25,7790.25,7790.25,7789.0,7789.0,486
2026-09-25 04:56:00-04:00,7790.5,7790.5,7790.5,7789.5,7790.0,286
2026-09-25 04:57:00-04:00,7790.5,7790.5,7790.5,7790.0,7790.25,208
2026-09-25 04:58:00-04:00,7790.5,7790.5,7790.75,7790.25,7790.5,148
2026-09-25 04:59:00-04:00,7789.25,7789.25,7790.25,7789.25,7790.25,233
2026-09-25 05:00:00-04:00,7790.25,7790.25,7790.25,7788.75,7789.25,943
2026-09-25 05:01:00-04:00,7789.75,7789.75,7790.5,7789.0,7790.25,325
2026-09-25 05:02:00-04:00,7790.0,7790.0,7790.0,7789.5,7789.75,178
2026-09-25 05:03:00-04:00,7790.75,7790.75,7791.75,7789.75,7790.0,615
2026-09-25 05:04:00-04:00,7790.25,7790.25,7790.75,7790.0,7790.75,155
2026-09-25 05:05:00-04:00,7790.75,7790.75,7791.0,7790.0,7790.25,219
2026-09-25 05:06:00-04:00,7791.0,7791.0,7791.25,7790.25,7790.75,137
2026-09-25 05:07:00-04:00,7791.5,7791.5,7791.75,7791.0,7791.0,241
2026-09-25 05:08:00-04:00,7792.25,7792.25,7792.25,7791.5,7791.5,264
2026-09-25 05:09:00-04:00,7792.25,7792.25,7792.5,7792.0,7792.25,249
2026-09-25 05:10:00-04:00,7791.0,7791.0,7792.25,7791.0,7792.25,319
2026-09-25 05:11:00-04:00,7791.0,7791.0,7791.5,7790.5,7791.25,222
2026-09-25 05:12:00-04:00,7791.0,7791.0,7791.0,7790.0,7790.75,250
2026-09-25 05:13:00-04:00,7791.25,7791.25,7791.5,7790.75,7791.5,135
2026-09-25 05:14:00-04:00,7790.25,7790.25,7791.25,7790.25,7791.0,156
2026-09-25 05:15:00-04:00,7791.0,7791.0,7792.5,7789.75,7790.25,820
2026-09-25 05:16:00-04:00,7791.0,7791.0,7791.25,7790.75,7791.0,92
2026-09-25 05:17:00-04:00,7790.5,7790.5,7791.0,7790.0,7791.0,154
2026-09-25 05:18:00-04:00,7790.0,7790.0,7790.5,7789.5,7790.5,272
2026-09-25 05:19:00-04:00,7789.75,7789.75,7790.75,7789.75,7790.25,206
2026-09-25 05:20:00-04:00,7788.75,7788.75,7790.0,7788.5,7790.0,332
2026-09-25 05:21:00-04:00,7788.5,7788.5,7788.5,7788.0,7788.5,443
2026-09-25 05:22:00-04:00,7789.5,7789.5,7789.75,7788.25,7788.5,277
2026-09-25 05:23:00-04:00,7788.75,7788.75,7790.0,7788.25,7789.5,507
2026-09-25 05:24:00-04:00,7789.5,7789.5,7789.75,7788.75,7788.75,191
2026-09-25 05:25:00-04:00,7789.0,7789.0,7789.75,7788.5,7789.75,177
2026-09-25 05:26:00-04:00,7789.0,7789.0,7789.5,7788.75,7788.75,234
2026-09-25 05:27:00-04:00,7788.25,7788.25,7789.0,7788.25,7789.0,310
2026-09-25 05:28:00-04:00,7788.5,7788.5,7788.5,7788.25,7788.5,180
2026-09-25 05:29:00-04:00,7788.25,7788.25,7788.75,7788.0,7788.5,195
2026-09-25 05:30:00-04:00,7789.0,7789.0,7789.25,7786.5,7788.25,572
2026-09-25 05:31:00-04:00,7789.0,7789.0,7789.25,7788.5,7789.0,189
2026-09-25 05:32:00-04:00,7789.25,7789.25,7790.5,7789.0,7789.0,391
2026-09-25 05:33:00-04:00,7789.25,7789.25,7789.75,7789.0,7789.25,80
2026-09-25 05:34:00-04:00,7790.0,7790.0,7790.0,7789.25,7789.25,428
2026-09-25 05:35:00-04:00,7790.0,7790.0,7790.0,7789.25,7789.75,382
2026-09-25 05:36:00-04:00,7790.0,7790.0,7790.5,7789.25,7790.0,631
2026-09-25 05:37:00-04:00,7790.5,7790.5,7790.5,7789.5,7790.0,169
2026-09-25 05:38:00-04:00,7789.75,7789.75,7790.5,7789.5,7790.25,418
2026-09-25 05:39:00-04:00,7790.5,7790.5,7790.5,7789.25,7789.75,337
2026-09-25 05:40:00-04:00,7790.75,7790.75,7790.75,7789.75,7790.5,393
2026-09-25 05:41:00-04:00,7790.5,7790.5,7790.75,7790.25,7790.75,204
2026-09-25 05:42:00-04:00,7790.75,7790.75,7791.25,7790.5,7790.5,185
2026-09-25 05:43:00-04:00,7790.5,7790.5,7790.75,7789.0,7790.75,414
2026-09-25 05:44:00-04:00,7790.25,7790.25,7790.5,7790.0,7790.5,168
2026-09-25 05:45:00-04:00,7788.0,7788.0,7790.25,7788.0,7790.25,331
2026-09-25 05:46:00-04:00,7786.75,7786.75,7788.0,7786.5,7788.0,278
2026-09-25 05:47:00-04:00,7787.0,7787.0,7787.25,7786.5,7786.75,178
2026-09-25 05:48:00-04:00,7787.5,7787.5,7787.5,7786.75,7787.0,312
2026-09-25 05:49:00-04:00,7787.75,7787.75,7788.25,7787.25,7787.75,209
2026-09-25 05:50:00-04:00,7786.5,7786.5,7787.75,7786.0,7787.75,354
2026-09-25 05:51:00-04:00,7787.0,7787.0,7787.0,7786.25,7786.25,221
2026-09-25 05:52:00-04:00,7786.25,7786.25,7787.25,7786.25,7787.0,229
2026-09-25 05:53:00-04:00,7787.25,7787.25,7787.5,7786.0,7786.25,283
2026-09-25 05:54:00-04:00,7787.5,7787.5,7787.75,7787.25,7787.25,119
2026-09-25 05:55:00-04:00,7787.5,7787.5,7787.75,7786.75,7787.5,278
2026-09-25 05:56:00-04:00,7788.5,7788.5,7789.0,7787.75,7787.75,278
2026-09-25 05:57:00-04:00,7788.0,7788.0,7788.75,7788.0,7788.5,181
2026-09-25 05:58:00-04:00,7788.5,7788.5,7788.5,7788.25,7788.25,116
2026-09-25 05:59:00-04:00,7786.75,7786.75,7788.5,7786.75,7788.5,281
2026-09-25 06:00:00-04:00,7788.0,7788.0,7788.25,7786.5,7787.0,480
2026-09-25 06:01:00-04:00,7787.25,7787.25,7788.0,7786.75,7788.0,217
2026-09-25 06:02:00-04:00,7786.0,7786.0,7787.25,7785.75,7787.25,387
2026-09-25 06:03:00-04:00,7785.25,7785.25,7786.25,7785.0,7786.0,311
2026-09-25 06:04:00-04:00,7785.5,7785.5,7785.75,7785.0,7785.0,172
2026-09-25 06:05:00-04:00,7785.75,7785.75,7786.0,7785.0,7785.5,277
2026-09-25 06:06:00-04:00,7785.5,7785.5,7786.25,7785.5,7786.0,212
2026-09-25 06:07:00-04:00,7784.75,7784.75,7785.5,7784.25,7785.5,708
2026-09-25 06:08:00-04:00,7785.5,7785.5,7785.75,7784.75,7784.75,211
2026-09-25 06:09:00-04:00,7786.0,7786.0,7786.5,7785.5,7785.5,191
2026-09-25 06:10:00-04:00,7786.25,7786.25,7786.5,7785.75,7786.25,252
2026-09-25 06:11:00-04:00,7787.25,7787.25,7787.75,7786.5,7786.5,259
2026-09-25 06:12:00-04:00,7788.25,7788.25,7788.25,7787.5,7787.5,153
2026-09-25 06:13:00-04:00,7789.25,7789.25,7789.25,7788.25,7788.5,239
2026-09-25 06:14:00-04:00,7789.5,7789.5,7789.75,7789.0,7789.25,267
2026-09-25 06:15:00-04:00,7790.25,7790.25,7790.5,7789.25,7789.25,497
2026-09-25 06:16:00-04:00,7790.25,7790.25,7791.5,7790.0,7790.5,451
2026-09-25 06:17:00-04:00,7789.75,7789.75,7790.75,7789.75,7790.25,93
2026-09-25 06:18:00-04:00,7789.25,7789.25,7789.75,7789.25,7789.75,160
2026-09-25 06:19:00-04:00,7789.25,7789.25,7789.75,7788.75,7789.25,129
2026-09-25 06:20:00-04:00,7790.25,7790.25,7790.25,7789.25,7789.25,110
2026-09-25 06:21:00-04:00,7790.5,7790.5,7790.5,7789.5,7790.25,199
2026-09-25 06:22:00-04:00,7789.25,7789.25,7790.25,7788.75,7790.25,251
2026-09-25 06:23:00-04:00,7789.0,7789.0,7789.5,7788.5,7789.25,375
2026-09-25 06:24:00-04:00,7789.0,7789.0,7789.5,7788.5,7789.0,108
2026-09-25 06:25:00-04:00,7789.0,7789.0,7789.0,7788.5,7788.75,183
2026-09-25 06:26:00-04:00,7789.25,7789.25,7789.75,7788.75,7789.0,124
2026-09-25 06:27:00-04:00,7789.25,7789.25,7789.5,7789.0,7789.5,138
2026-09-25 06:28:00-04:00,7788.75,7788.75,7789.25,7788.25,7789.0,236
2026-09-25 06:29:00-04:00,7788.75,7788.75,7789.0,7788.75,7788.75,114
2026-09-25 06:30:00-04:00,7790.0,7790.0,7790.25,7788.75,7788.75,230
2026-09-25 06:31:00-04:00,7789.0,7789.0,7790.0,7788.5,7790.0,283
2026-09-25 06:32:00-04:00,7787.75,7787.75,7789.0,7787.5,7788.75,175
2026-09-25 06:33:00-04:00,7787.5,7787.5,7788.0,7787.25,7787.75,201
2026-09-25 06:34:00-04:00,7789.0,7789.0,7789.25,7787.25,7787.25,299
2026-09-25 06:35:00-04:00,7788.25,7788.25,7789.5,7788.25,7788.75,193
2026-09-25 06:36:00-04:00,7789.0,7789.0,7789.0,7788.25,7788.25,116
2026-09-25 06:37:00-04:00,7788.5,7788.5,7789.25,7788.5,7789.0,95
2026-09-25 06:38:00-04:00,7786.5,7786.5,7788.75,7786.5,7788.25,346
2026-09-25 06:39:00-04:00,7785.75,7785.75,7787.5,7785.5,7786.25,327
2026-09-25 06:40:00-04:00,7785.5,7785.5,7786.25,7785.0,7785.75,344
2026-09-25 06:41:00-04:00,7786.25,7786.25,7786.5,7785.75,7785.75,237
2026-09-25 06:42:00-04:00,7785.75,7785.75,7786.5,7785.75,7786.0,179
2026-09-25 06:43:00-04:00,7786.25,7786.25,7786.5,7786.0,7786.0,118
2026-09-25 06:44:00-04:00,7785.75,7785.75,7786.25,7785.75,7786.25,176
2026-09-25 06:45:00-04:00,7785.75,7785.75,7786.0,7785.5,7785.5,326
2026-09-25 06:46:00-04:00,7785.25,7785.25,7785.75,7784.5,7785.75,314
2026-09-25 06:47:00-04:00,7786.25,7786.25,7786.25,7785.25,7785.25,194
2026-09-25 06:48:00-04:00,7786.25,7786.25,7786.75,7786.0,7786.25,194
2026-09-25 06:49:00-04:00,7785.75,7785.75,7786.5,7784.0,7786.25,883
2026-09-25 06:50:00-04:00,7785.5,7785.5,7786.25,7785.25,7785.5,188
2026-09-25 06:51:00-04:00,7785.5,7785.5,7786.0,7785.25,7785.5,154
2026-09-25 06:52:00-04:00,7785.25,7785.25,7785.5,7785.25,7785.5,68
2026-09-25 06:53:00-04:00,7785.5,7785.5,7785.5,7783.5,7785.25,284
2026-09-25 06:54:00-04:00,7786.75,7786.75,7787.5,7785.5,7785.5,360
2026-09-25 06:55:00-04:00,7785.75,7785.75,7786.75,7785.5,7786.75,156
2026-09-25 06:56:00-04:00,7786.25,7786.25,7786.5,7785.5,7785.75,164
2026-09-25 06:57:00-04:00,7786.0,7786.0,7786.75,7786.0,7786.25,169
2026-09-25 06:58:00-04:00,7785.5,7785.5,7786.0,7785.0,7786.0,177
2026-09-25 06:59:00-04:00,7785.75,7785.75,7786.0,7785.0,7785.75,231
2026-09-25 07:00:00-04:00,7785.75,7785.75,7787.5,7785.25,7785.75,550
2026-09-25 07:01:00-04:00,7787.0,7787.0,7788.5,7785.25,7785.75,437
2026-09-25 07:02:00-04:00,7786.75,7786.75,7787.75,7785.75,7787.25,275
2026-09-25 07:03:00-04:00,7786.25,7786.25,7786.75,7786.0,7786.75,277
2026-09-25 07:04:00-04:00,7786.25,7786.25,7786.5,7785.75,7785.75,220
2026-09-25 07:05:00-04:00,7787.25,7787.25,7787.75,7786.0,7786.0,113
2026-09-25 07:06:00-04:00,7789.5,7789.5,7789.75,7787.25,7787.5,260
2026-09-25 07:07:00-04:00,7791.0,7791.0,7791.0,7789.0,7789.5,335
2026-09-25 07:08:00-04:00,7791.75,7791.75,7792.0,7790.5,7790.75,396
2026-09-25 07:09:00-04:00,7793.25,7793.25,7793.5,7791.5,7792.0,360
2026-09-25 07:10:00-04:00,7793.75,7793.75,7794.5,7793.0,7793.25,634
2026-09-25 07:11:00-04:00,7794.25,7794.25,7794.75,7793.5,7793.5,284
2026-09-25 07:12:00-04:00,7794.0,7794.0,7794.25,7793.25,7794.25,259
2026-09-25 07:13:00-04:00,7794.25,7794.25,7794.25,7793.25,7793.75,355
2026-09-25 07:14:00-04:00,7795.5,7795.5,7795.75,7793.75,7794.0,539
2026-09-25 07:15:00-04:00,7795.75,7795.75,7797.0,7795.5,7795.75,760
2026-09-25 07:16:00-04:00,7797.25,7797.25,7798.75,7795.75,7795.75,727
2026-09-25 07:17:00-04:00,7796.25,7796.25,7797.5,7795.75,7797.25,389
2026-09-25 07:18:00-04:00,7796.0,7796.0,7796.75,7795.0,7796.5,529
2026-09-25 07:19:00-04:00,7796.5,7796.5,7796.75,7795.5,7796.0,214
2026-09-25 07:20:00-04:00,7796.25,7796.25,7796.75,7795.5,7796.25,238
2026-09-25 07:21:00-04:00,7795.75,7795.75,7796.75,7795.25,7796.25,222
2026-09-25 07:22:00-04:00,7795.25,7795.25,7796.0,7795.25,7795.5,239
2026-09-25 07:23:00-04:00,7795.5,7795.5,7796.0,7795.25,7795.5,284
2026-09-25 07:24:00-04:00,7796.0,7796.0,7796.5,7795.5,7795.5,215
2026-09-25 07:25:00-04:00,7796.25,7796.25,7796.25,7795.75,7796.0,175
2026-09-25 07:26:00-04:00,7797.5,7797.5,7797.75,7796.25,7796.25,256
2026-09-25 07:27:00-04:00,7797.75,7797.75,7798.0,7796.75,7797.25,207
2026-09-25 07:28:00-04:00,7796.75,7796.75,7797.75,7796.75,7797.5,196
2026-09-25 07:29:00-04:00,7795.5,7795.5,7797.0,7795.5,7796.75,263
2026-09-25 07:30:00-04:00,7795.25,7795.25,7797.25,7795.0,7795.5,460
2026-09-25 07:31:00-04:00,7795.75,7795.75,7795.75,7794.5,7795.0,284
2026-09-25 07:32:00-04:00,7796.25,7796.25,7796.5,7795.25,7795.75,257
2026-09-25 07:33:00-04:00,7796.75,7796.75,7797.0,7796.0,7796.5,215
2026-09-25 07:34:00-04:00,7796.5,7796.5,7797.25,7796.5,7796.75,165
2026-09-25 07:35:00-04:00,7799.5,7799.5,7800.75,7796.25,7796.5,1996
2026-09-25 07:36:00-04:00,7796.5,7796.5,7799.75,7796.0,7799.5,826
2026-09-25 07:37:00-04:00,7796.5,7796.5,7797.25,7796.25,7796.5,263
2026-09-25 07:38:00-04:00,7795.0,7795.0,7796.75,7795.0,7796.5,151
2026-09-25 07:39:00-04:00,7794.25,7794.25,7795.0,7794.0,7795.0,295
2026-09-25 07:40:00-04:00,7794.75,7794.75,7795.25,7794.25,7794.5,153
2026-09-25 07:41:00-04:00,7794.5,7794.5,7795.0,7794.5,7795.0,158
2026-09-25 07:42:00-04:00,7794.5,7794.5,7795.5,7794.25,7794.5,182
2026-09-25 07:43:00-04:00,7795.0,7795.0,7795.25,7794.5,7794.5,182
2026-09-25 07:44:00-04:00,7795.0,7795.0,7795.75,7794.75,7795.25,332
2026-09-25 07:45:00-04:00,7795.25,7795.25,7795.25,7794.25,7794.75,200
2026-09-25 07:46:00-04:00,7795.25,7795.25,7795.5,7794.5,7795.25,260
2026-09-25 07:47:00-04:00,7795.75,7795.75,7796.0,7794.75,7795.25,242
2026-09-25 07:48:00-04:00,7795.25,7795.25,7796.0,7795.0,7795.5,167
2026-09-25 07:49:00-04:00,7794.5,7794.5,7795.75,7794.25,7795.5,174
2026-09-25 07:50:00-04:00,7794.75,7794.75,7795.0,7793.75,7794.5,412
2026-09-25 07:51:00-04:00,7795.0,7795.0,7795.5,7794.5,7795.0,326
2026-09-25 07:52:00-04:00,7795.75,7795.75,7796.25,7794.75,7794.75,188
2026-09-25 07:53:00-04:00,7795.5,7795.5,7795.75,7795.0,7795.75,197
2026-09-25 07:54:00-04:00,7796.0,7796.0,7796.0,7795.0,7795.5,106
2026-09-25 07:55:00-04:00,7795.25,7795.25,7796.0,7795.25,7795.75,130
2026-09-25 07:56:00-04:00,7793.75,7793.75,7795.25,7793.5,7795.25,380
2026-09-25 07:57:00-04:00,7793.75,7793.75,7794.0,7793.0,7793.75,163
2026-09-25 07:58:00-04:00,7793.75,7793.75,7794.0,7793.0,7793.5,185
2026-09-25 07:59:00-04:00,7792.5,7792.5,7793.75,7792.5,7793.75,457
2026-09-25 08:00:00-04:00,7793.0,7793.0,7794.25,7792.0,7792.5,1553
2026-09-25 08:01:00-04:00,7795.25,7795.25,7795.75,7792.75,7793.0,518
2026-09-25 08:02:00-04:00,7794.5,7794.5,7795.75,7794.5,7795.25,270
2026-09-25 08:03:00-04:00,7795.5,7795.5,7795.75,7794.5,7794.5,279
2026-09-25 08:04:00-04:00,7795.25,7795.25,7795.75,7795.25,7795.5,175
2026-09-25 08:05:00-04:00,7795.0,7795.0,7795.5,7794.75,7795.25,365
2026-09-25 08:06:00-04:00,7796.0,7796.0,7796.25,7795.0,7795.25,257
2026-09-25 08:07:00-04:00,7794.75,7794.75,7796.25,7794.75,7796.25,482
2026-09-25 08:08:00-04:00,7794.75,7794.75,7795.25,7793.75,7795.0,460
2026-09-25 08:09:00-04:00,7794.0,7794.0,7794.75,7793.5,7794.75,379
2026-09-25 08:10:00-04:00,7792.25,7792.25,7795.5,7791.5,7794.0,778
2026-09-25 08:11:00-04:00,7795.5,7795.5,7795.5,7792.0,7792.0,524
2026-09-25 08:12:00-04:00,7795.5,7795.5,7796.0,7795.0,7795.5,260
2026-09-25 08:13:00-04:00,7793.25,7793.25,7795.25,7792.75,7795.25,758
2026-09-25 08:14:00-04:00,7793.0,7793.0,7793.25,7791.5,7793.0,897
2026-09-25 08:15:00-04:00,7792.75,7792.75,7793.25,7792.0,7793.0,245
2026-09-25 08:16:00-04:00,7789.75,7789.75,7792.75,7789.5,7792.75,821
2026-09-25 08:17:00-04:00,7789.5,7789.5,7790.5,7789.0,7789.75,545
2026-09-25 08:18:00-04:00,7789.75,7789.75,7790.75,7789.25,7789.5,342
2026-09-25 08:19:00-04:00,7789.75,7789.75,7790.0,7788.0,7790.0,468
2026-09-25 08:20:00-04:00,7789.5,7789.5,7790.25,7789.0,7789.75,323
2026-09-25 08:21:00-04:00,7792.5,7792.5,7792.75,7789.75,7789.75,595
2026-09-25 08:22:00-04:00,7792.75,7792.75,7794.0,7792.0,7792.75,507
2026-09-25 08:23:00-04:00,7793.25,7793.25,7793.25,7792.25,7792.75,321
2026-09-25 08:24:00-04:00,7793.0,7793.0,7794.25,7793.0,7793.5,354
2026-09-25 08:25:00-04:00,7793.0,7793.0,7793.0,7791.75,7792.75,319
2026-09-25 08:26:00-04:00,7793.0,7793.0,7793.75,7792.75,7793.0,230
2026-09-25 08:27:00-04:00,7794.0,7794.0,7794.25,7793.0,7793.25,197
2026-09-25 08:28:00-04:00,7794.5,7794.5,7794.75,7793.75,7794.0,245
2026-09-25 08:29:00-04:00,7792.5,7792.5,7794.5,7792.25,7794.25,287
2026-09-25 08:30:00-04:00,7791.5,7791.5,7793.0,7791.0,7792.75,380
2026-09-25 08:31:00-04:00,7789.5,7789.5,7792.0,7789.5,7791.75,608
2026-09-25 08:32:00-04:00,7788.5,7788.5,7789.5,7787.25,7789.5,978
2026-09-25 08:33:00-04:00,7789.5,7789.5,7790.0,7788.0,7788.25,427
2026-09-25 08:34:00-04:00,7790.25,7790.25,7791.0,7789.25,7789.5,541
2026-09-25 08:35:00-04:00,7790.0,7790.0,7790.75,7788.75,7790.0,708
2026-09-25 08:36:00-04:00,7788.75,7788.75,7790.0,7788.25,7789.75,1137
2026-09-25 08:37:00-04:00,7787.75,7787.75,7788.75,7787.5,7788.75,401
2026-09-25 08:38:00-04:00,7788.25,7788.25,7788.25,7787.5,7787.75,616
2026-09-25 08:39:00-04:00,7788.0,7788.0,7788.5,7787.75,7788.25,330
2026-09-25 08:40:00-04:00,7788.25,7788.25,7788.75,7787.25,7788.5,831
2026-09-25 08:41:00-04:00,7787.5,7787.5,7788.5,7787.5,7788.25,410
2026-09-25 08:42:00-04:00,7787.25,7787.25,7787.5,7786.75,7787.5,508
2026-09-25 08:43:00-04:00,7784.75,7784.75,7787.75,7784.25,7787.25,771
2026-09-25 08:44:00-04:00,7786.75,7786.75,7789.5,7783.25,7784.5,2270
2026-09-25 08:45:00-04:00,7787.5,7787.5,7787.5,7784.25,7786.75,1405
2026-09-25 08:46:00-04:00,7790.0,7790.0,7792.25,7786.0,7787.5,2746
2026-09-25 08:47:00-04:00,7791.5,7791.5,7792.75,7784.75,7790.0,3354
2026-09-25 08:48:00-04:00,7787.25,7787.25,7792.0,7787.0,7791.5,1228
2026-09-25 08:49:00-04:00,7785.5,7785.5,7787.25,7785.25,7787.0,542
2026-09-25 08:50:00-04:00,7785.25,7785.25,7786.0,7784.75,7785.5,317
2026-09-25 08:51:00-04:00,7784.25,7784.25,7785.5,7783.75,7785.5,506
2026-09-25 08:52:00-04:00,7783.5,7783.5,7784.25,7783.0,7784.25,680
2026-09-25 08:53:00-04:00,7784.75,7784.75,7785.0,7783.25,7783.5,553
2026-09-25 08:54:00-04:00,7784.5,7784.5,7785.25,7784.25,7784.5,344
2026-09-25 08:55:00-04:00,7784.5,7784.5,7784.5,7783.5,7784.5,370
2026-09-25 08:56:00-04:00,7786.0,7786.0,7786.0,7784.25,7784.5,408
2026-09-25 08:57:00-04:00,7785.0,7785.0,7786.25,7785.0,7785.75,404
2026-09-25 08:58:00-04:00,7785.25,7785.25,7785.25,7784.25,7785.0,382
2026-09-25 08:59:00-04:00,7785.0,7785.0,7785.5,7784.25,7785.25,373
2026-09-25 09:00:00-04:00,7782.5,7782.5,7785.75,7782.25,7785.0,1154
2026-09-25 09:01:00-04:00,7785.0,7785.0,7785.25,7782.0,7782.5,1093
2026-09-25 09:02:00-04:00,7785.0,7785.0,7785.75,7784.25,7785.0,478
2026-09-25 09:03:00-04:00,7786.25,7786.25,7786.75,7785.25,7785.25,779
2026-09-25 09:04:00-04:00,7785.5,7785.5,7786.25,7785.0,7786.25,431
2026-09-25 09:05:00-04:00,7785.75,7785.75,7787.0,7785.25,7785.25,854
2026-09-25 09:06:00-04:00,7786.5,7786.5,7787.25,7785.75,7785.75,679
2026-09-25 09:07:00-04:00,7786.25,7786.25,7786.5,7785.75,7786.5,346
2026-09-25 09:08:00-04:00,7785.25,7785.25,7787.0,7785.25,7786.25,573
2026-09-25 09:09:00-04:00,7787.5,7787.5,7787.5,7785.25,7785.25,522
2026-09-25 09:10:00-04:00,7787.0,7787.0,7788.0,7786.5,7787.5,694
2026-09-25 09:11:00-04:00,7788.0,7788.0,7788.25,7786.5,7787.0,660
2026-09-25 09:12:00-04:00,7789.0,7789.0,7789.25,7787.25,7788.0,536
2026-09-25 09:13:00-04:00,7790.0,7790.0,7790.5,7789.0,7789.0,877
2026-09-25 09:14:00-04:00,7788.75,7788.75,7790.0,7788.5,7790.0,501
2026-09-25 09:15:00-04:00,7788.5,7788.5,7789.0,7788.0,7788.75,683
2026-09-25 09:16:00-04:00,7786.0,7786.0,7789.0,7786.0,7788.5,1258
2026-09-25 09:17:00-04:00,7785.0,7785.0,7786.25,7785.0,7786.0,540
2026-09-25 09:18:00-04:00,7783.75,7783.75,7785.0,7783.5,7785.0,581
2026-09-25 09:19:00-04:00,7781.75,7781.75,7784.0,7781.75,7783.75,844
2026-09-25 09:20:00-04:00,7781.75,7781.75,7782.25,7781.0,7781.75,782
2026-09-25 09:21:00-04:00,7781.75,7781.75,7782.75,7781.25,7781.75,882
2026-09-25 09:22:00-04:00,7782.0,7782.0,7782.25,7781.5,7782.0,669
2026-09-25 09:23:00-04:00,7780.5,7780.5,7782.0,7780.5,7782.0,1076
2026-09-25 09:24:00-04:00,7779.0,7779.0,7781.25,7779.0,7780.5,1035
2026-09-25 09:25:00-04:00,7780.0,7780.0,7781.25,7779.25,7779.25,1252
2026-09-25 09:26:00-04:00,7779.5,7779.5,7780.25,7778.0,7780.0,1102
2026-09-25 09:27:00-04:00,7778.0,7778.0,7779.5,7777.25,7779.5,1428
2026-09-25 09:28:00-04:00,7778.5,7778.5,7779.25,7776.0,7778.0,1531
2026-09-25 09:29:00-04:00,7777.5,7777.5,7779.25,7777.5,7778.5,2058
2026-09-25 09:30:00-04:00,7771.75,7771.75,7778.5,7767.25,7777.75,14400
2026-09-25 09:31:00-04:00,7776.25,7776.25,7776.5,7771.5,7771.75,7894
2026-09-25 09:32:00-04:00,7778.0,7778.0,7779.75,7773.25,7776.25,5600
2026-09-25 09:33:00-04:00,7781.25,7781.25,7781.25,7777.0,7778.0,4782
2026-09-25 09:34:00-04:00,7784.5,7784.5,7785.25,7781.0,7781.5,4712
2026-09-25 09:35:00-04:00,7785.75,7785.75,7788.25,7783.75,7784.5,6622
2026-09-25 09:36:00-04:00,7783.25,7783.25,7786.0,7783.25,7785.75,3923
2026-09-25 09:37:00-04:00,7785.5,7785.5,7786.25,7782.75,7783.5,3906
2026-09-25 09:38:00-04:00,7786.25,7786.25,7787.25,7784.5,7785.25,2831
2026-09-25 09:39:00-04:00,7787.5,7787.5,7788.0,7783.75,7786.5,3925
2026-09-25 09:40:00-04:00,7786.5,7786.5,7788.0,7784.0,7787.5,3443
2026-09-25 09:41:00-04:00,7790.5,7790.5,7790.5,7785.5,7786.5,4713
2026-09-25 09:42:00-04:00,7790.0,7790.0,7790.75,7788.25,7790.25,4095
2026-09-25 09:43:00-04:00,7784.5,7784.5,7790.25,7783.5,7790.0,4346
2026-09-25 09:44:00-04:00,7785.25,7785.25,7786.75,7783.5,7784.5,3357
2026-09-25 09:45:00-04:00,7783.75,7783.75,7786.25,7783.0,7785.25,5255
2026-09-25 09:46:00-04:00,7784.75,7784.75,7785.25,7781.75,7783.75,4967
2026-09-25 09:47:00-04:00,7785.75,7785.75,7786.25,7783.5,7784.75,3122
2026-09-25 09:48:00-04:00,7780.5,7780.5,7787.0,7780.0,7785.75,3401
2026-09-25 09:49:00-04:00,7785.25,7785.25,7785.75,7780.5,7780.5,3827
2026-09-25 09:50:00-04:00,7786.0,7786.0,7787.5,7784.0,7785.25,3635
2026-09-25 09:51:00-04:00,7787.75,7787.75,7788.75,7784.75,7786.0,3532
2026-09-25 09:52:00-04:00,7788.75,7788.75,7789.25,7787.0,7787.5,2868
2026-09-25 09:53:00-04:00,7790.25,7790.25,7790.25,7787.75,7788.75,3054
2026-09-25 09:54:00-04:00,7791.5,7791.5,7793.25,7789.0,7790.0,5107
2026-09-25 09:55:00-04:00,7793.5,7793.5,7793.5,7791.25,7791.5,4681
2026-09-25 09:56:00-04:00,7791.25,7791.25,7793.75,7790.75,7793.5,3969
2026-09-25 09:57:00-04:00,7787.25,7787.25,7791.25,7786.5,7791.0,4183
2026-09-25 09:58:00-04:00,7787.75,7787.75,7789.0,7787.0,7787.25,2711
2026-09-25 09:59:00-04:00,7787.5,7787.5,7788.0,7785.25,7788.0,2718
2026-09-25 10:00:00-04:00,7782.5,7782.5,7788.25,7781.5,7787.5,5127
2026-09-25 10:01:00-04:00,7776.75,7776.75,7783.0,7776.75,7782.75,7028
2026-09-25 10:02:00-04:00,7774.75,7774.75,7777.75,7773.0,7776.5,6684
2026-09-25 10:03:00-04:00,7773.5,7773.5,7775.0,7770.5,7775.0,7171
2026-09-25 10:04:00-04:00,7766.0,7766.0,7773.75,7765.25,7773.75,6772
2026-09-25 10:05:00-04:00,7756.0,7756.0,7766.0,7755.5,7765.75,11597
2026-09-25 10:06:00-04:00,7759.5,7759.5,7761.0,7755.0,7756.0,9544
2026-09-25 10:07:00-04:00,7762.0,7762.0,7764.75,7759.0,7759.5,7918
2026-09-25 10:08:00-04:00,7766.5,7766.5,7766.75,7761.5,7762.0,5388
2026-09-25 10:09:00-04:00,7767.0,7767.0,7767.75,7763.25,7766.5,5010
2026-09-25 10:10:00-04:00,7764.75,7764.75,7769.5,7764.5,7767.0,5243
2026-09-25 10:11:00-04:00,7766.5,7766.5,7767.75,7762.25,7764.75,5227
2026-09-25 10:12:00-04:00,7764.75,7764.75,7767.0,7763.75,7766.75,3842
2026-09-25 10:13:00-04:00,7761.75,7761.75,7765.75,7761.0,7764.75,4017
2026-09-25 10:14:00-04:00,7759.5,7759.5,7763.25,7758.0,7761.75,4867
2026-09-25 10:15:00-04:00,7760.25,7760.25,7762.5,7752.75,7759.25,10412
2026-09-25 10:16:00-04:00,7756.0,7756.0,7762.5,7755.5,7760.25,6186
2026-09-25 10:17:00-04:00,7756.75,7756.75,7757.5,7754.25,7756.0,5313
2026-09-25 10:18:00-04:00,7756.0,7756.0,7760.0,7754.75,7756.75,5126
2026-09-25 10:19:00-04:00,7760.5,7760.5,7761.25,7753.25,7755.75,4872
2026-09-25 10:20:00-04:00,7764.0,7764.0,7764.25,7759.25,7760.5,4919
2026-09-25 10:21:00-04:00,7762.0,7762.0,7765.0,7760.5,7763.75,4547
2026-09-25 10:22:00-04:00,7764.5,7764.5,7765.5,7761.5,7761.75,3618
2026-09-25 10:23:00-04:00,7765.0,7765.0,7766.75,7762.75,7764.5,3793
2026-09-25 10:24:00-04:00,7764.75,7764.75,7766.75,7762.5,7765.0,3349
2026-09-25 10:25:00-04:00,7769.0,7769.0,7769.0,7763.75,7764.75,5131
2026-09-25 10:26:00-04:00,7767.75,7767.75,7770.0,7767.0,7769.0,3499
2026-09-25 10:27:00-04:00,7765.0,7765.0,7768.25,7764.75,7767.5,3420
2026-09-25 10:28:00-04:00,7765.75,7765.75,7766.0,7762.0,7765.0,4101
2026-09-25 10:29:00-04:00,7764.25,7764.25,7768.25,7763.0,7765.5,3694
2026-09-25 10:30:00-04:00,7764.0,7764.0,7765.25,7762.0,7764.0,3470
2026-09-25 10:31:00-04:00,7766.0,7766.0,7766.0,7762.25,7764.25,3267
2026-09-25 10:32:00-04:00,7767.25,7767.25,7767.75,7765.0,7765.75,3934
2026-09-25 10:33:00-04:00,7766.25,7766.25,7768.75,7766.0,7767.25,3054
2026-09-25 10:34:00-04:00,7768.0,7768.0,7770.0,7766.25,7766.5,4255
2026-09-25 10:35:00-04:00,7769.5,7769.5,7770.75,7766.75,7768.0,3769
2026-09-25 10:36:00-04:00,7768.75,7768.75,7770.75,7767.75,7769.5,2932
2026-09-25 10:37:00-04:00,7771.75,7771.75,7772.5,7768.5,7769.0,2871
2026-09-25 10:38:00-04:00,7771.5,7771.5,7775.75,7770.75,7772.0,4062
2026-09-25 10:39:00-04:00,7772.75,7772.75,7773.5,7771.25,7771.75,1909
2026-09-25 10:40:00-04:00,7770.25,7770.25,7773.75,7770.0,7772.75,3706
2026-09-25 10:41:00-04:00,7766.75,7766.75,7772.25,7766.75,7770.5,3792
2026-09-25 10:42:00-04:00,7768.25,7768.25,7769.25,7765.5,7766.75,3260
2026-09-25 10:43:00-04:00,7766.0,7766.0,7769.25,7765.25,7768.25,2943
2026-09-25 10:44:00-04:00,7769.5,7769.5,7769.75,7764.75,7766.0,3685
2026-09-25 10:45:00-04:00,7769.75,7769.75,7770.25,7765.75,7769.75,3224
2026-09-25 10:46:00-04:00,7770.25,7770.25,7772.75,7766.25,7769.75,7643
2026-09-25 10:47:00-04:00,7771.0,7771.0,7772.25,7768.75,7770.0,2505
2026-09-25 10:48:00-04:00,7766.25,7766.25,7771.5,7766.0,7770.75,2024
2026-09-25 10:49:00-04:00,7773.25,7773.25,7774.75,7766.25,7766.5,2777
2026-09-25 10:50:00-04:00,7771.75,7771.75,7773.5,7770.5,7773.25,2267
2026-09-25 10:51:00-04:00,7766.75,7766.75,7772.5,7766.75,7771.75,2567
2026-09-25 10:52:00-04:00,7766.75,7766.75,7767.75,7765.25,7767.0,2820
2026-09-25 10:53:00-04:00,7768.75,7768.75,7770.75,7766.5,7766.5,2481
2026-09-25 10:54:00-04:00,7772.25,7772.25,7772.75,7768.75,7769.0,2046
2026-09-25 10:55:00-04:00,7775.5,7775.5,7775.75,7771.75,7772.5,2729
2026-09-25 10:56:00-04:00,7774.75,7774.75,7778.25,7774.75,7775.75,3431
2026-09-25 10:57:00-04:00,7775.5,7775.5,7777.5,7774.75,7774.75,2191
2026-09-25 10:58:00-04:00,7777.0,7777.0,7777.0,7772.5,7775.5,2435
2026-09-25 10:59:00-04:00,7778.0,7778.0,7779.25,7776.5,7777.0,2323
2026-09-25 11:00:00-04:00,7779.0,7779.0,7780.0,7776.75,7778.25,3566
2026-09-25 11:01:00-04:00,7781.5,7781.5,7783.25,7778.75,7779.25,4791
2026-09-25 11:02:00-04:00,7782.75,7782.75,7784.75,7781.5,7781.75,4571
2026-09-25 11:03:00-04:00,7783.25,7783.25,7785.0,7783.0,7783.0,3826
2026-09-25 11:04:00-04:00,7784.0,7784.0,7787.25,7783.0,7783.25,4456
2026-09-25 11:05:00-04:00,7786.75,7786.75,7787.75,7784.0,7784.25,3237
2026-09-25 11:06:00-04:00,7787.5,7787.5,7788.75,7786.5,7786.75,3110
2026-09-25 11:07:00-04:00,7785.5,7785.5,7789.0,7785.25,7787.75,2680
2026-09-25 11:08:00-04:00,7784.5,7784.5,7786.0,7783.25,7785.75,3196
2026-09-25 11:09:00-04:00,7781.5,7781.5,7784.75,7781.0,7784.25,3175
2026-09-25 11:10:00-04:00,7778.0,7778.0,7782.0,7776.75,7781.25,5053
2026-09-25 11:11:00-04:00,7775.0,7775.0,7778.75,7773.5,7778.0,4658
2026-09-25 11:12:00-04:00,7776.25,7776.25,7776.25,7774.0,7775.0,3122
2026-09-25 11:13:00-04:00,7778.25,7778.25,7778.5,7776.0,7776.25,3800
2026-09-25 11:14:00-04:00,7779.75,7779.75,7780.25,7777.5,7778.25,2841
2026-09-25 11:15:00-04:00,7778.5,7778.5,7780.25,7778.0,7780.0,2673
2026-09-25 11:16:00-04:00,7781.75,7781.75,7781.75,7778.5,7778.5,2364
2026-09-25 11:17:00-04:00,7780.0,7780.0,7782.0,7780.0,7781.5,2125
2026-09-25 11:18:00-04:00,7779.0,7779.0,7781.0,7779.0,7780.25,1861
2026-09-25 11:19:00-04:00,7775.5,7775.5,7779.25,7774.5,7779.25,3179
2026-09-25 11:20:00-04:00,7779.5,7779.5,7779.75,7774.5,7775.75,3258
2026-09-25 11:21:00-04:00,7780.75,7780.75,7783.5,7777.5,7779.5,6505
2026-09-25 11:22:00-04:00,7782.0,7782.0,7782.25,7780.25,7781.0,1971
2026-09-25 11:23:00-04:00,7780.5,7780.5,7783.0,7780.5,7782.0,2039
2026-09-25 11:24:00-04:00,7776.5,7776.5,7781.0,7776.25,7780.5,2083
2026-09-25 11:25:00-04:00,7777.0,7777.0,7778.5,7776.0,7776.5,2477
2026-09-25 11:26:00-04:00,7780.25,7780.25,7780.25,7775.75,7777.0,2752
2026-09-25 11:27:00-04:00,7779.0,7779.0,7781.0,7778.5,7780.25,2054
2026-09-25 11:28:00-04:00,7778.75,7778.75,7779.75,7777.75,7779.25,1467
2026-09-25 11:29:00-04:00,7777.75,7777.75,7780.5,7777.5,7779.0,1790
2026-09-25 11:30:00-04:00,7783.25,7783.25,7785.5,7778.0,7778.0,12769
2026-09-25 11:31:00-04:00,7786.5,7786.5,7786.5,7782.25,7783.0,3984
2026-09-25 11:32:00-04:00,7787.0,7787.0,7788.75,7786.0,7786.5,4051
2026-09-25 11:33:00-04:00,7786.5,7786.5,7787.75,7785.25,7787.25,2442
2026-09-25 11:34:00-04:00,7781.75,7781.75,7787.75,7780.25,7786.75,5888
2026-09-25 11:35:00-04:00,7779.5,7779.5,7782.25,7777.0,7781.75,3913
2026-09-25 11:36:00-04:00,7776.75,7776.75,7779.25,7775.75,7779.25,2551
2026-09-25 11:37:00-04:00,7777.5,7777.5,7778.0,7774.75,7776.75,2608
2026-09-25 11:38:00-04:00,7773.0,7773.0,7777.25,7772.25,7777.25,2984
2026-09-25 11:39:00-04:00,7772.5,7772.5,7773.5,7771.5,7772.75,2776
2026-09-25 11:40:00-04:00,7775.0,7775.0,7775.0,7771.0,7772.5,2933
2026-09-25 11:41:00-04:00,7775.0,7775.0,7775.75,7773.5,7775.0,2410
2026-09-25 11:42:00-04:00,7772.25,7772.25,7776.0,7772.0,7774.75,2113
2026-09-25 11:43:00-04:00,7770.25,7770.25,7773.0,7770.0,7772.25,1542
2026-09-25 11:44:00-04:00,7767.75,7767.75,7770.75,7767.0,7770.25,2942
2026-09-25 11:45:00-04:00,7766.75,7766.75,7769.0,7766.75,7767.5,2899
2026-09-25 11:46:00-04:00,7770.25,7770.25,7770.5,7764.5,7767.0,4016
2026-09-25 11:47:00-04:00,7771.0,7771.0,7772.0,7770.25,7770.25,2216
2026-09-25 11:48:00-04:00,7772.0,7772.0,7774.0,7769.5,7770.75,3039
2026-09-25 11:49:00-04:00,7773.5,7773.5,7773.5,7771.0,7772.25,1848
2026-09-25 11:50:00-04:00,7772.5,7772.5,7774.5,7772.0,7773.5,1763
2026-09-25 11:51:00-04:00,7766.25,7766.25,7772.5,7766.25,7772.25,2393
2026-09-25 11:52:00-04:00,7767.5,7767.5,7768.5,7765.5,7766.25,2044
2026-09-25 11:53:00-04:00,7768.75,7768.75,7769.0,7767.5,7767.75,2039
2026-09-25 11:54:00-04:00,7774.75,7774.75,7776.75,7768.5,7768.75,11409
2026-09-25 11:55:00-04:00,7777.25,7777.25,7778.25,7774.5,7774.75,4882
2026-09-25 11:56:00-04:00,7779.75,7779.75,7780.25,7776.25,7777.5,3310
2026-09-25 11:57:00-04:00,7781.75,7781.75,7781.75,7779.5,7780.0,3121
2026-09-25 11:58:00-04:00,7786.0,7786.0,7788.0,7781.5,7781.75,7155
2026-09-25 11:59:00-04:00,7790.5,7790.5,7790.75,7785.5,7786.25,6637
2026-09-25 12:00:00-04:00,7796.25,7796.25,7796.75,7788.75,7790.5,9165
2026-09-25 12:01:00-04:00,7796.0,7796.0,7799.0,7795.5,7796.0,8147
2026-09-25 12:02:00-04:00,7801.5,7801.5,7802.5,7796.0,7796.0,9907
2026-09-25 12:03:00-04:00,7805.25,7805.25,7805.75,7800.25,7801.75,9067
2026-09-25 12:04:00-04:00,7804.0,7804.0,7806.0,7800.5,7805.25,9318
2026-09-25 12:05:00-04:00,7807.0,7807.0,7808.25,7802.25,7804.0,8140
2026-09-25 12:06:00-04:00,7807.75,7807.75,7808.25,7803.5,7807.25,6572
2026-09-25 12:07:00-04:00,7805.5,7805.5,7809.0,7805.5,7808.0,5895
2026-09-25 12:08:00-04:00,7804.75,7804.75,7807.75,7803.5,7805.5,7818
2026-09-25 12:09:00-04:00,7806.0,7806.0,7807.25,7802.75,7805.0,4739
2026-09-25 12:10:00-04:00,7808.0,7808.0,7811.0,7806.0,7806.25,6183
2026-09-25 12:11:00-04:00,7809.25,7809.25,7809.5,7806.5,7808.0,4306
2026-09-25 12:12:00-04:00,7807.75,7807.75,7811.0,7806.75,7809.0,3994
2026-09-25 12:13:00-04:00,7807.0,7807.0,7808.25,7806.5,7807.75,3527
2026-09-25 12:14:00-04:00,7806.5,7806.5,7807.25,7803.5,7807.25,4775
2026-09-25 12:15:00-04:00,7806.5,7806.5,7807.5,7804.5,7806.5,4299
2026-09-25 12:16:00-04:00,7808.5,7808.5,7808.5,7804.5,7806.25,3718
2026-09-25 12:17:00-04:00,7803.25,7803.25,7809.5,7802.75,7808.5,3867
2026-09-25 12:18:00-04:00,7799.75,7799.75,7803.25,7798.75,7803.0,4390
2026-09-25 12:19:00-04:00,7801.0,7801.0,7801.0,7798.25,7799.5,3191
2026-09-25 12:20:00-04:00,7796.5,7796.5,7802.0,7796.5,7800.75,6054
2026-09-25 12:21:00-04:00,7797.25,7797.25,7797.5,7794.0,7796.5,5171
2026-09-25 12:22:00-04:00,7795.5,7795.5,7798.0,7793.0,7797.25,5056
2026-09-25 12:23:00-04:00,7794.5,7794.5,7796.75,7791.0,7795.5,6199
2026-09-25 12:24:00-04:00,7795.25,7795.25,7795.75,7793.25,7794.5,3431
2026-09-25 12:25:00-04:00,7797.5,7797.5,7798.75,7794.0,7795.25,3560
2026-09-25 12:26:00-04:00,7804.5,7804.5,7804.75,7797.0,7797.25,4077
2026-09-25 12:27:00-04:00,7803.75,7803.75,7805.5,7803.5,7804.5,4111
2026-09-25 12:28:00-04:00,7805.0,7805.0,7805.25,7802.5,7803.5,4226
2026-09-25 12:29:00-04:00,7807.0,7807.0,7807.5,7804.75,7805.0,3785
2026-09-25 12:30:00-04:00,7806.25,7806.25,7807.25,7804.5,7807.0,3013
2026-09-25 12:31:00-04:00,7806.75,7806.75,7807.25,7805.25,7806.25,2046
2026-09-25 12:32:00-04:00,7807.25,7807.25,7808.75,7806.25,7806.75,2777
2026-09-25 12:33:00-04:00,7808.5,7808.5,7808.5,7806.75,7807.25,2517
2026-09-25 12:34:00-04:00,7797.75,7797.75,7808.5,7794.25,7808.5,19717
2026-09-25 12:35:00-04:00,7801.5,7801.5,7802.25,7797.5,7797.75,4014
2026-09-25 12:36:00-04:00,7799.25,7799.25,7801.5,7797.25,7801.25,3587
2026-09-25 12:37:00-04:00,7801.75,7801.75,7804.25,7799.0,7799.25,2922
2026-09-25 12:38:00-04:00,7800.75,7800.75,7801.75,7798.25,7801.75,3143
2026-09-25 12:39:00-04:00,7800.75,7800.75,7802.5,7800.5,7800.75,3133
2026-09-25 12:40:00-04:00,7799.5,7799.5,7802.0,7799.25,7800.75,2962
2026-09-25 12:41:00-04:00,7799.5,7799.5,7800.75,7797.5,7799.75,2789
2026-09-25 12:42:00-04:00,7800.0,7800.0,7803.5,7799.25,7799.5,3742
2026-09-25 12:43:00-04:00,7803.5,7803.5,7804.5,7799.75,7800.0,2568
2026-09-25 12:44:00-04:00,7802.5,7802.5,7805.5,7802.25,7803.5,2483
2026-09-25 12:45:00-04:00,7800.75,7800.75,7802.75,7799.0,7802.5,1990
2026-09-25 12:46:00-04:00,7800.25,7800.25,7801.75,7799.75,7800.75,1606
2026-09-25 12:47:00-04:00,7798.75,7798.75,7800.25,7798.5,7800.0,1246
2026-09-25 12:48:00-04:00,7795.25,7795.25,7799.5,7795.0,7798.75,3261
2026-09-25 12:49:00-04:00,7797.25,7797.25,7797.75,7793.5,7795.25,2818
2026-09-25 12:50:00-04:00,7797.25,7797.25,7798.75,7796.5,7797.5,2181
2026-09-25 12:51:00-04:00,7798.0,7798.0,7798.0,7796.0,7797.5,1345
2026-09-25 12:52:00-04:00,7798.75,7798.75,7799.25,7796.75,7798.0,1650
2026-09-25 12:53:00-04:00,7797.75,7797.75,7799.75,7797.5,7798.75,1287
2026-09-25 12:54:00-04:00,7799.0,7799.0,7799.25,7797.0,7797.75,1392
2026-09-25 12:55:00-04:00,7799.25,7799.25,7801.0,7798.5,7799.25,1651
2026-09-25 12:56:00-04:00,7799.0,7799.0,7800.75,7798.5,7799.5,1786
2026-09-25 12:57:00-04:00,7796.75,7796.75,7799.0,7796.25,7799.0,1475
2026-09-25 12:58:00-04:00,7795.75,7795.75,7797.0,7795.25,7796.75,1070
2026-09-25 12:59:00-04:00,7795.25,7795.25,7797.5,7792.25,7795.75,7600
2026-09-25 13:00:00-04:00,7795.25,7795.25,7796.0,7794.0,7795.25,2480
2026-09-25 13:01:00-04:00,7800.25,7800.25,7801.0,7795.0,7795.25,5916
2026-09-25 13:02:00-04:00,7801.5,7801.5,7802.75,7799.25,7800.5,2560
2026-09-25 13:03:00-04:00,7801.0,7801.0,7802.5,7800.75,7801.5,1792
2026-09-25 13:04:00-04:00,7801.25,7801.25,7802.0,7800.0,7801.25,2309
2026-09-25 13:05:00-04:00,7801.5,7801.5,7802.75,7801.25,7801.5,888
2026-09-25 13:06:00-04:00,7800.75,7800.75,7802.5,7800.5,7801.5,1371
2026-09-25 13:07:00-04:00,7799.25,7799.25,7801.0,7798.0,7801.0,2082
2026-09-25 13:08:00-04:00,7798.5,7798.5,7799.75,7796.25,7799.5,1948
2026-09-25 13:09:00-04:00,7801.5,7801.5,7802.25,7798.5,7798.5,1701
2026-09-25 13:10:00-04:00,7801.0,7801.0,7802.25,7800.75,7801.5,1674
2026-09-25 13:11:00-04:00,7799.0,7799.0,7801.25,7798.75,7801.25,1368
2026-09-25 13:12:00-04:00,7800.5,7800.5,7800.75,7797.75,7799.25,1443
2026-09-25 13:13:00-04:00,7801.75,7801.75,7803.0,7800.25,7800.25,1661
2026-09-25 13:14:00-04:00,7804.0,7804.0,7804.0,7801.25,7801.75,1408
2026-09-25 13:15:00-04:00,7803.0,7803.0,7804.0,7802.5,7803.75,2122
2026-09-25 13:16:00-04:00,7801.5,7801.5,7803.25,7801.5,7803.0,1168
2026-09-25 13:17:00-04:00,7800.5,7800.5,7803.75,7800.5,7801.5,1427
2026-09-25 13:18:00-04:00,7800.5,7800.5,7801.0,7799.25,7800.5,1508
2026-09-25 13:19:00-04:00,7800.0,7800.0,7801.5,7799.25,7800.5,1310
2026-09-25 13:20:00-04:00,7800.5,7800.5,7801.0,7799.5,7800.0,1286
2026-09-25 13:21:00-04:00,7800.25,7800.25,7801.25,7799.5,7800.5,1409
2026-09-25 13:22:00-04:00,7801.0,7801.0,7802.25,7800.0,7800.25,1208
2026-09-25 13:23:00-04:00,7802.5,7802.5,7802.75,7801.0,7801.0,1469
2026-09-25 13:24:00-04:00,7803.25,7803.25,7803.75,7802.0,7802.5,1272
2026-09-25 13:25:00-04:00,7803.0,7803.0,7804.0,7802.75,7803.25,1483
2026-09-25 13:26:00-04:00,7802.75,7802.75,7803.5,7802.5,7803.0,978
2026-09-25 13:27:00-04:00,7803.0,7803.0,7803.25,7802.25,7802.75,677
2026-09-25 13:28:00-04:00,7803.75,7803.75,7804.25,7803.0,7803.0,1010
2026-09-25 13:29:00-04:00,7804.0,7804.0,7804.25,7803.0,7803.5,992
2026-09-25 13:30:00-04:00,7804.25,7804.25,7805.25,7803.25,7804.0,2468
2026-09-25 13:31:00-04:00,7800.5,7800.5,7804.25,7800.5,7804.25,2263
2026-09-25 13:32:00-04:00,7801.75,7801.75,7802.25,7800.5,7800.75,1326
2026-09-25 13:33:00-04:00,7799.75,7799.75,7802.5,7799.5,7802.0,2001
2026-09-25 13:34:00-04:00,7798.75,7798.75,7800.0,7796.75,7799.5,2313
2026-09-25 13:35:00-04:00,7798.25,7798.25,7799.0,7797.5,7798.75,1734
2026-09-25 13:36:00-04:00,7797.0,7797.0,7799.0,7796.5,7798.0,1851
2026-09-25 13:37:00-04:00,7797.5,7797.5,7798.0,7796.0,7796.75,1883
2026-09-25 13:38:00-04:00,7798.0,7798.0,7798.75,7797.75,7797.75,1437
2026-09-25 13:39:00-04:00,7800.0,7800.0,7803.0,7798.0,7798.0,4699
2026-09-25 13:40:00-04:00,7800.75,7800.75,7803.25,7800.0,7800.0,2953
2026-09-25 13:41:00-04:00,7802.5,7802.5,7803.5,7800.5,7800.75,2360
2026-09-25 13:42:00-04:00,7803.0,7803.0,7803.5,7802.25,7802.5,1351
2026-09-25 13:43:00-04:00,7802.25,7802.25,7803.25,7801.5,7803.0,1734
2026-09-25 13:44:00-04:00,7800.75,7800.75,7803.25,7799.75,7802.0,1677
2026-09-25 13:45:00-04:00,7800.25,7800.25,7801.25,7799.75,7800.5,1344
2026-09-25 13:46:00-04:00,7800.25,7800.25,7800.75,7799.75,7800.0,802
2026-09-25 13:47:00-04:00,7799.5,7799.5,7800.75,7799.5,7800.25,1228
2026-09-25 13:48:00-04:00,7800.25,7800.25,7801.0,7799.25,7799.5,1072
2026-09-25 13:49:00-04:00,7802.25,7802.25,7803.0,7800.25,7800.25,1496
2026-09-25 13:50:00-04:00,7802.0,7802.0,7802.5,7801.25,7802.25,1180
2026-09-25 13:51:00-04:00,7801.25,7801.25,7802.0,7800.75,7802.0,1070
2026-09-25 13:52:00-04:00,7798.75,7798.75,7801.25,7798.75,7801.25,1165
2026-09-25 13:53:00-04:00,7799.5,7799.5,7800.0,7798.25,7798.75,1627
2026-09-25 13:54:00-04:00,7799.0,7799.0,7799.5,7797.0,7799.5,2315
2026-09-25 13:55:00-04:00,7799.75,7799.75,7799.75,7798.25,7799.0,1031
2026-09-25 13:56:00-04:00,7800.25,7800.25,7800.5,7799.0,7799.5,1243
2026-09-25 13:57:00-04:00,7800.25,7800.25,7800.5,7799.75,7800.25,708
2026-09-25 13:58:00-04:00,7801.5,7801.5,7802.25,7800.25,7800.25,792
2026-09-25 13:59:00-04:00,7802.75,7802.75,7802.75,7801.25,7801.5,897
2026-09-25 14:00:00-04:00,7801.75,7801.75,7803.75,7801.75,7802.75,2018
2026-09-25 14:01:00-04:00,7803.0,7803.0,7803.25,7801.5,7802.0,1632
2026-09-25 14:02:00-04:00,7802.25,7802.25,7803.25,7802.0,7803.0,912
2026-09-25 14:03:00-04:00,7802.25,7802.25,7802.75,7802.25,7802.5,749
2026-09-25 14:04:00-04:00,7801.75,7801.75,7802.5,7801.25,7802.25,965
2026-09-25 14:05:00-04:00,7801.0,7801.0,7802.5,7800.75,7801.75,1470
2026-09-25 14:06:00-04:00,7801.0,7801.0,7801.5,7800.25,7801.0,979
2026-09-25 14:07:00-04:00,7800.0,7800.0,7801.0,7799.25,7800.75,1377
2026-09-25 14:08:00-04:00,7801.75,7801.75,7802.0,7800.0,7800.25,1255
2026-09-25 14:09:00-04:00,7802.25,7802.25,7802.5,7801.25,7802.0,1014
2026-09-25 14:10:00-04:00,7801.75,7801.75,7802.75,7801.75,7802.25,775
2026-09-25 14:11:00-04:00,7801.5,7801.5,7801.75,7801.0,7801.75,904
2026-09-25 14:12:00-04:00,7803.0,7803.0,7803.5,7800.25,7801.5,1016
2026-09-25 14:13:00-04:00,7804.75,7804.75,7804.75,7802.75,7803.0,1147
2026-09-25 14:14:00-04:00,7805.75,7805.75,7805.75,7803.75,7804.75,1738
2026-09-25 14:15:00-04:00,7805.25,7805.25,7806.25,7805.0,7805.75,1491
2026-09-25 14:16:00-04:00,7804.75,7804.75,7806.0,7804.5,7805.5,1378
2026-09-25 14:17:00-04:00,7805.0,7805.0,7805.25,7804.5,7805.0,678
2026-09-25 14:18:00-04:00,7804.75,7804.75,7806.25,7804.75,7805.25,934
2026-09-25 14:19:00-04:00,7804.25,7804.25,7804.75,7803.5,7804.75,1137
2026-09-25 14:20:00-04:00,7804.5,7804.5,7804.75,7803.75,7804.25,966
2026-09-25 14:21:00-04:00,7803.0,7803.0,7804.5,7802.75,7804.5,979
2026-09-25 14:22:00-04:00,7802.5,7802.5,7803.75,7802.25,7802.75,809
2026-09-25 14:23:00-04:00,7803.75,7803.75,7804.0,7802.5,7802.75,1057
2026-09-25 14:24:00-04:00,7804.25,7804.25,7805.0,7803.75,7803.75,1078
2026-09-25 14:25:00-04:00,7804.25,7804.25,7805.25,7804.25,7804.25,899
2026-09-25 14:26:00-04:00,7799.75,7799.75,7804.5,7798.5,7804.5,9055
2026-09-25 14:27:00-04:00,7797.0,7797.0,7801.0,7795.5,7799.5,5281
2026-09-25 14:28:00-04:00,7797.5,7797.5,7798.25,7795.25,7797.0,5545
2026-09-25 14:29:00-04:00,7800.25,7800.25,7800.25,7796.25,7797.5,3656
2026-09-25 14:30:00-04:00,7802.75,7802.75,7803.25,7800.25,7800.25,3053
2026-09-25 14:31:00-04:00,7803.5,7803.5,7805.0,7803.0,7803.0,2885
2026-09-25 14:32:00-04:00,7803.25,7803.25,7804.75,7803.25,7803.5,1903
2026-09-25 14:33:00-04:00,7804.5,7804.5,7805.0,7803.25,7803.5,1972
2026-09-25 14:34:00-04:00,7803.25,7803.25,7805.0,7803.0,7804.75,1945
2026-09-25 14:35:00-04:00,7803.0,7803.0,7803.5,7801.5,7803.0,1670
2026-09-25 14:36:00-04:00,7802.5,7802.5,7803.5,7802.5,7803.0,1332
2026-09-25 14:37:00-04:00,7798.75,7798.75,7803.0,7798.0,7802.5,2382
2026-09-25 14:38:00-04:00,7798.25,7798.25,7799.0,7797.25,7798.75,1886
2026-09-25 14:39:00-04:00,7797.5,7797.5,7798.5,7797.0,7798.25,2178
2026-09-25 14:40:00-04:00,7797.25,7797.25,7798.0,7796.25,7797.5,2081
2026-09-25 14:41:00-04:00,7798.75,7798.75,7799.5,7796.75,7797.5,2537
2026-09-25 14:42:00-04:00,7801.25,7801.25,7801.5,7798.75,7798.75,2106
2026-09-25 14:43:00-04:00,7800.25,7800.25,7801.5,7800.0,7801.0,1332
2026-09-25 14:44:00-04:00,7801.5,7801.5,7801.75,7799.75,7800.25,1111
2026-09-25 14:45:00-04:00,7801.25,7801.25,7802.5,7801.0,7801.75,1665
2026-09-25 14:46:00-04:00,7800.5,7800.5,7802.0,7800.25,7801.25,1359
2026-09-25 14:47:00-04:00,7798.75,7798.75,7800.75,7798.25,7800.25,1442
2026-09-25 14:48:00-04:00,7799.75,7799.75,7800.25,7798.25,7798.75,1173
2026-09-25 14:49:00-04:00,7799.75,7799.75,7800.25,7799.5,7799.75,833
2026-09-25 14:50:00-04:00,7799.5,7799.5,7800.0,7799.25,7799.75,946
2026-09-25 14:51:00-04:00,7799.5,7799.5,7800.25,7798.5,7799.5,937
2026-09-25 14:52:00-04:00,7800.25,7800.25,7800.25,7799.0,7799.5,789
2026-09-25 14:53:00-04:00,7799.5,7799.5,7800.5,7799.25,7800.0,810
2026-09-25 14:54:00-04:00,7797.75,7797.75,7799.5,7797.5,7799.25,1664
2026-09-25 14:55:00-04:00,7797.75,7797.75,7799.0,7797.5,7797.75,1209
2026-09-25 14:56:00-04:00,7797.75,7797.75,7798.5,7797.25,7798.0,915
2026-09-25 14:57:00-04:00,7798.25,7798.25,7798.5,7797.25,7797.75,1147
2026-09-25 14:58:00-04:00,7799.25,7799.25,7799.25,7797.75,7798.0,1203
2026-09-25 14:59:00-04:00,7798.0,7798.0,7799.75,7797.75,7799.0,1045
2026-09-25 15:00:00-04:00,7798.75,7798.75,7800.25,7798.25,7798.25,2074
2026-09-25 15:01:00-04:00,7798.0,7798.0,7801.25,7797.75,7798.75,4551
2026-09-25 15:02:00-04:00,7797.0,7797.0,7798.25,7796.5,7798.0,1306
2026-09-25 15:03:00-04:00,7797.0,7797.0,7797.25,7795.25,7797.0,1508
2026-09-25 15:04:00-04:00,7797.25,7797.25,7797.75,7796.75,7797.0,1055
2026-09-25 15:05:00-04:00,7797.75,7797.75,7798.5,7796.75,7797.5,1065
2026-09-25 15:06:00-04:00,7797.25,7797.25,7798.25,7796.75,7797.75,1252
2026-09-25 15:07:00-04:00,7799.25,7799.25,7800.0,7797.25,7797.25,1243
2026-09-25 15:08:00-04:00,7799.25,7799.25,7799.5,7798.5,7799.5,1197
2026-09-25 15:09:00-04:00,7798.5,7798.5,7799.25,7798.0,7799.0,849
2026-09-25 15:10:00-04:00,7799.0,7799.0,7799.0,7798.25,7798.25,981
2026-09-25 15:11:00-04:00,7798.75,7798.75,7799.0,7797.5,7798.75,1255
2026-09-25 15:12:00-04:00,7800.5,7800.5,7801.0,7798.5,7799.0,1765
2026-09-25 15:13:00-04:00,7801.0,7801.0,7801.25,7799.75,7800.75,1344
2026-09-25 15:14:00-04:00,7802.25,7802.25,7802.5,7801.0,7801.25,1792
2026-09-25 15:15:00-04:00,7801.75,7801.75,7803.0,7801.5,7802.25,2516
2026-09-25 15:16:00-04:00,7801.25,7801.25,7802.25,7801.0,7801.75,1175
2026-09-25 15:17:00-04:00,7800.5,7800.5,7801.75,7800.25,7801.25,1124
2026-09-25 15:18:00-04:00,7801.25,7801.25,7801.5,7800.5,7800.75,948
2026-09-25 15:19:00-04:00,7799.5,7799.5,7801.25,7799.25,7801.25,1744
2026-09-25 15:20:00-04:00,7798.25,7798.25,7800.25,7798.25,7799.5,2303
2026-09-25 15:21:00-04:00,7798.75,7798.75,7799.75,7798.0,7798.25,1621
2026-09-25 15:22:00-04:00,7797.0,7797.0,7799.0,7797.0,7798.75,1080
2026-09-25 15:23:00-04:00,7797.0,7797.0,7797.25,7796.25,7797.0,1569
2026-09-25 15:24:00-04:00,7797.0,7797.0,7798.5,7797.0,7797.0,1383
2026-09-25 15:25:00-04:00,7796.0,7796.0,7797.25,7795.0,7797.25,1996
2026-09-25 15:26:00-04:00,7794.5,7794.5,7796.0,7793.5,7795.75,2630
2026-09-25 15:27:00-04:00,7795.0,7795.0,7796.0,7794.25,7794.75,1984
2026-09-25 15:28:00-04:00,7794.5,7794.5,7796.25,7794.0,7795.25,2830
2026-09-25 15:29:00-04:00,7794.75,7794.75,7794.75,7793.25,7794.5,2161
2026-09-25 15:30:00-04:00,7794.5,7794.5,7795.75,7793.75,7794.75,3391
2026-09-25 15:31:00-04:00,7796.0,7796.0,7796.5,7793.75,7794.5,3131
2026-09-25 15:32:00-04:00,7795.75,7795.75,7796.25,7795.0,7796.25,1659
2026-09-25 15:33:00-04:00,7795.75,7795.75,7796.5,7795.5,7795.75,1716
2026-09-25 15:34:00-04:00,7793.75,7793.75,7795.75,7793.75,7795.75,1870
2026-09-25 15:35:00-04:00,7794.75,7794.75,7795.25,7793.5,7794.0,1674
2026-09-25 15:36:00-04:00,7794.75,7794.75,7795.25,7793.5,7794.75,1693
2026-09-25 15:37:00-04:00,7798.75,7798.75,7799.25,7794.75,7794.75,7895
2026-09-25 15:38:00-04:00,7799.75,7799.75,7800.75,7798.75,7799.0,3786
2026-09-25 15:39:00-04:00,7801.0,7801.0,7801.25,7799.75,7799.75,1800
2026-09-25 15:40:00-04:00,7799.75,7799.75,7801.25,7799.25,7801.0,2222
2026-09-25 15:41:00-04:00,7801.25,7801.25,7802.0,7799.75,7799.75,2626
2026-09-25 15:42:00-04:00,7802.25,7802.25,7802.75,7801.25,7801.25,1898
2026-09-25 15:43:00-04:00,7804.5,7804.5,7804.75,7802.25,7802.25,2414
2026-09-25 15:44:00-04:00,7803.75,7803.75,7805.0,7803.25,7804.5,2804
2026-09-25 15:45:00-04:00,7808.5,7808.5,7810.5,7803.75,7803.75,13208
2026-09-25 15:46:00-04:00,7811.5,7811.5,7811.75,7808.0,7808.5,5321
2026-09-25 15:47:00-04:00,7810.0,7810.0,7811.5,7809.25,7811.5,4967
2026-09-25 15:48:00-04:00,7809.25,7809.25,7810.75,7809.0,7810.25,3617
2026-09-25 15:49:00-04:00,7809.0,7809.0,7810.0,7808.5,7809.5,5139
2026-09-25 15:50:00-04:00,7813.75,7813.75,7814.25,7809.25,7809.25,8810
2026-09-25 15:51:00-04:00,7812.25,7812.25,7814.75,7811.25,7813.75,4743
2026-09-25 15:52:00-04:00,7809.75,7809.75,7812.5,7809.75,7812.25,3743
2026-09-25 15:53:00-04:00,7811.25,7811.25,7811.75,7809.25,7810.0,3971
2026-09-25 15:54:00-04:00,7809.5,7809.5,7812.0,7809.25,7811.25,6805
2026-09-25 15:55:00-04:00,7807.0,7807.0,7810.5,7807.0,7809.5,8566
2026-09-25 15:56:00-04:00,7806.25,7806.25,7807.25,7805.0,7807.25,7360
2026-09-25 15:57:00-04:00,7807.0,7807.0,7807.75,7806.0,7806.25,5318
2026-09-25 15:58:00-04:00,7806.25,7806.25,7807.75,7805.5,7807.25,6129
2026-09-25 15:59:00-04:00,7804.5,7804.5,7807.0,7802.5,7806.5,50819
2026-09-25 16:00:00-04:00,7805.75,7805.75,7805.75,7802.5,7804.5,12848
2026-09-25 16:01:00-04:00,7803.75,7803.75,7805.5,7802.75,7805.5,3119
2026-09-25 16:02:00-04:00,7805.5,7805.5,7805.75,7803.5,7803.75,2051
2026-09-25 16:03:00-04:00,7805.5,7805.5,7806.0,7805.0,7805.75,1682
2026-09-25 16:04:00-04:00,7806.0,7806.0,7807.25,7805.5,7805.5,1879
2026-09-25 16:05:00-04:00,7805.25,7805.25,7806.0,7803.75,7806.0,1787
2026-09-25 16:06:00-04:00,7805.5,7805.5,7805.75,7805.0,7805.25,911
2026-09-25 16:07:00-04:00,7805.75,7805.75,7806.5,7805.5,7805.5,891
2026-09-25 16:08:00-04:00,7805.5,7805.5,7806.25,7805.25,7805.75,823
2026-09-25 16:09:00-04:00,7804.75,7804.75,7805.75,7804.5,7805.5,819
2026-09-25 16:10:00-04:00,7804.25,7804.25,7804.75,7804.0,7804.75,715
2026-09-25 16:11:00-04:00,7803.5,7803.5,7804.25,7803.25,7804.25,1033
2026-09-25 16:12:00-04:00,7803.5,7803.5,7804.0,7803.25,7803.5,522
2026-09-25 16:13:00-04:00,7804.0,7804.0,7804.25,7803.25,7803.5,681
2026-09-25 16:14:00-04:00,7803.0,7803.0,7804.5,7803.0,7804.0,1335
2026-09-25 16:15:00-04:00,7802.75,7802.75,7803.25,7802.5,7803.0,862
2026-09-25 16:16:00-04:00,7802.25,7802.25,7802.75,7801.75,7802.75,950
2026-09-25 16:17:00-04:00,7803.5,7803.5,7803.75,7802.25,7802.25,483
2026-09-25 16:18:00-04:00,7802.75,7802.75,7803.75,7802.5,7803.75,376
2026-09-25 16:19:00-04:00,7803.25,7803.25,7803.25,7802.75,7802.75,192
2026-09-25 16:20:00-04:00,7803.75,7803.75,7803.75,7803.0,7803.25,431
2026-09-25 16:21:00-04:00,7803.0,7803.0,7803.5,7802.75,7803.5,243
2026-09-25 16:22:00-04:00,7802.5,7802.5,7803.25,7802.5,7803.0,208
2026-09-25 16:23:00-04:00,7802.75,7802.75,7802.75,7802.25,7802.25,308
2026-09-25 16:24:00-04:00,7802.25,7802.25,7803.0,7802.25,7803.0,152
2026-09-25 16:25:00-04:00,7802.25,7802.25,7802.5,7801.5,7802.25,514
2026-09-25 16:26:00-04:00,7802.0,7802.0,7803.0,7802.0,7802.25,324
2026-09-25 16:27:00-04:00,7802.0,7802.0,7802.0,7801.75,7801.75,153
2026-09-25 16:28:00-04:00,7802.5,7802.5,7802.5,7802.0,7802.0,209
2026-09-25 16:29:00-04:00,7802.25,7802.25,7803.25,7802.25,7802.5,490
2026-09-25 16:30:00-04:00,7803.0,7803.0,7803.5,7802.25,7802.5,335
2026-09-25 16:31:00-04:00,7804.25,7804.25,7804.5,7803.0,7803.0,354
2026-09-25 16:32:00-04:00,7804.5,7804.5,7805.0,7804.25,7804.5,289
2026-09-25 16:33:00-04:00,7804.5,7804.5,7804.75,7804.25,7804.75,411
2026-09-25 16:34:00-04:00,7804.25,7804.25,7805.0,7804.25,7804.75,317
2026-09-25 16:35:00-04:00,7804.75,7804.75,7805.0,7804.25,7804.5,153
2026-09-25 16:36:00-04:00,7805.0,7805.0,7805.5,7804.75,7804.75,359
2026-09-25 16:37:00-04:00,7804.75,7804.75,7805.5,7804.75,7805.0,160
2026-09-25 16:38:00-04:00,7804.75,7804.75,7805.0,7804.5,7804.75,89
2026-09-25 16:39:00-04:00,7805.0,7805.0,7805.0,7804.5,7804.75,141
2026-09-25 16:40:00-04:00,7805.25,7805.25,7805.5,7804.75,7804.75,121
2026-09-25 16:41:00-04:00,7804.75,7804.75,7805.25,7804.75,7805.25,281
2026-09-25 16:42:00-04:00,7805.0,7805.0,7805.25,7804.75,7805.0,80
2026-09-25 16:43:00-04:00,7805.75,7805.75,7805.75,7805.0,7805.25,242
2026-09-25 16:44:00-04:00,7806.25,7806.25,7806.5,7805.25,7805.75,384
2026-09-25 16:45:00-04:00,7805.75,7805.75,7806.5,7805.5,7806.25,313
2026-09-25 16:46:00-04:00,7806.25,7806.25,7806.25,7805.75,7805.75,170
2026-09-25 16:47:00-04:00,7805.75,7805.75,7806.25,7805.75,7806.0,91
2026-09-25 16:48:00-04:00,7806.0,7806.0,7806.25,7805.75,7806.0,103
2026-09-25 16:49:00-04:00,7805.5,7805.5,7806.25,7805.5,7806.25,178
2026-09-25 16:50:00-04:00,7805.5,7805.5,7805.75,7805.5,7805.5,112
2026-09-25 16:51:00-04:00,7806.75,7806.75,7806.75,7805.5,7805.5,168
2026-09-25 16:52:00-04:00,7807.0,7807.0,7807.25,7806.75,7806.75,113
2026-09-25 16:53:00-04:00,7806.25,7806.25,7807.0,7805.75,7807.0,364
2026-09-25 16:54:00-04:00,7805.75,7805.75,7806.25,7805.75,7806.25,257
2026-09-25 16:55:00-04:00,7805.25,7805.25,7806.0,7805.25,7805.75,193
2026-09-25 16:56:00-04:00,7805.5,7805.5,7805.75,7805.25,7805.5,102
2026-09-25 16:57:00-04:00,7805.75,7805.75,7806.0,7805.25,7805.25,231
2026-09-25 16:58:00-04:00,7805.75,7805.75,7806.0,7805.5,7805.75,373
2026-09-25 16:59:00-04:00,7805.75,7805.75,7806.0,7805.5,7805.5,576
