Datetime,Adj Close,Close,High,Low,Open,Volume
2026-09-30 00:09:00-04:00,7749.5,7749.5,7749.5,7748.75,7749.25,0
2026-09-30 00:10:00-04:00,7750.0,7750.0,7750.5,7749.25,7749.5,95
2026-09-30 00:11:00-04:00,7750.5,7750.5,7750.75,7750.0,7750.25,142
2026-09-30 00:12:00-04:00,7750.25,7750.25,7750.5,7750.25,7750.5,52
2026-09-30 00:13:00-04:00,7749.5,7749.5,7750.25,7749.5,7750.25,71
2026-09-30 00:14:00-04:00,7750.25,7750.25,7750.25,7749.5,7749.5,68
2026-09-30 00:15:00-04:00,7750.75,7750.75,7751.25,7750.5,7750.5,131
2026-09-30 00:16:00-04:00,7750.0,7750.0,7750.75,7749.75,7750.75,78
2026-09-30 00:17:00-04:00,7750.0,7750.0,7750.25,7750.0,7750.0,72
2026-09-30 00:18:00-04:00,7750.75,7750.75,7751.0,7750.25,7750.25,124
2026-09-30 00:19:00-04:00,7750.75,7750.75,7750.75,7750.5,7750.75,39
2026-09-30 00:20:00-04:00,7750.75,7750.75,7751.25,7750.75,7750.75,94
2026-09-30 00:21:00-04:00,7750.75,7750.75,7750.75,7750.25,7750.5,55
2026-09-30 00:22:00-04:00,7750.75,7750.75,7751.0,7750.5,7750.75,46
2026-09-30 00:23:00-04:00,7750.0,7750.0,7750.5,7749.25,7750.5,153
2026-09-30 00:24:00-04:00,7750.25,7750.25,7750.25,7749.75,7749.75,94
2026-09-30 00:25:00-04:00,7750.75,7750.75,7750.75,7750.25,7750.25,105
2026-09-30 00:26:00-04:00,7751.25,7751.25,7751.5,7750.5,7750.75,68
2026-09-30 00:27:00-04:00,7751.0,7751.0,7751.25,7750.75,7751.25,55
2026-09-30 00:28:00-04:00,7750.5,7750.5,7751.0,7750.5,7751.0,40
2026-09-30 00:29:00-04:00,7750.75,7750.75,7751.0,7750.5,7750.5,32
2026-09-30 00:30:00-04:00,7750.25,7750.25,7750.75,7749.75,7750.75,37
2026-09-30 00:31:00-04:00,7751.5,7751.5,7751.5,7750.25,7750.25,172
2026-09-30 00:32:00-04:00,7752.25,7752.25,7752.5,7751.25,7751.5,174
2026-09-30 00:33:00-04:00,7752.5,7752.5,7752.5,7751.75,7752.25,94
2026-09-30 00:34:00-04:00,7752.0,7752.0,7753.25,7752.0,7752.5,131
2026-09-30 00:35:00-04:00,7753.0,7753.0,7753.0,7752.0,7752.0,111
2026-09-30 00:36:00-04:00,7752.5,7752.5,7753.0,7752.25,7753.0,73
2026-09-30 00:37:00-04:00,7752.25,7752.25,7752.5,7752.0,7752.5,47
2026-09-30 00:38:00-04:00,7753.0,7753.0,7753.25,7752.5,7752.5,114
2026-09-30 00:39:00-04:00,7752.75,7752.75,7753.0,7752.75,7752.75,60
2026-09-30 00:40:00-04:00,7752.5,7752.5,7753.25,7752.25,7752.75,119
2026-09-30 00:41:00-04:00,7753.0,7753.0,7753.0,7752.25,7752.25,71
2026-09-30 00:42:00-04:00,7753.0,7753.0,7753.25,7752.75,7753.0,88
2026-09-30 00:43:00-04:00,7752.5,7752.5,7753.0,7752.5,7752.75,66
2026-09-30 00:44:00-04:00,7752.25,7752.25,7752.5,7752.0,7752.5,224
2026-09-30 00:45:00-04:00,7752.25,7752.25,7752.5,7752.0,7752.25,104
2026-09-30 00:46:00-04:00,7752.0,7752.0,7752.5,7751.75,7752.25,110
2026-09-30 00:47:00-04:00,7751.75,7751.75,7751.75,7751.25,7751.75,77
2026-09-30 00:48:00-04:00,7751.75,7751.75,7752.25,7751.75,7752.0,41
2026-09-30 00:49:00-04:00,7751.25,7751.25,7751.75,7750.75,7751.75,76
2026-09-30 00:50:00-04:00,7750.0,7750.0,7751.0,7750.0,7751.0,89
2026-09-30 00:51:00-04:00,7749.25,7749.25,7750.0,7749.0,7750.0,115
2026-09-30 00:52:00-04:00,7750.0,7750.0,7750.25,7749.25,7749.5,160
2026-09-30 00:53:00-04:00,7749.75,7749.75,7750.0,7749.75,7749.75,86
2026-09-30 00:54:00-04:00,7749.25,7749.25,7750.25,7749.25,7749.75,82
2026-09-30 00:55:00-04:00,7749.0,7749.0,7749.25,7749.0,7749.0,125
2026-09-30 00:56:00-04:00,7749.25,7749.25,7749.25,7748.5,7748.75,132
2026-09-30 00:57:00-04:00,7749.25,7749.25,7749.25,7749.25,7749.25,36
2026-09-30 00:58:00-04:00,7750.25,7750.25,7750.25,7749.25,7749.25,114
2026-09-30 00:59:00-04:00,7750.0,7750.0,7750.25,7749.75,7750.0,121
2026-09-30 01:00:00-04:00,7751.75,7751.75,7752.0,7749.75,7750.25,237
2026-09-30 01:01:00-04:00,7750.75,7750.75,7752.0,7750.5,7751.75,239
2026-09-30 01:02:00-04:00,7749.5,7749.5,7751.0,7749.25,7751.0,159
2026-09-30 01:03:00-04:00,7748.75,7748.75,7749.25,7748.75,7749.25,211
2026-09-30 01:04:00-04:00,7748.5,7748.5,7749.0,7748.25,7748.5,220
2026-09-30 01:05:00-04:00,7747.5,7747.5,7748.25,7747.0,7748.25,205
2026-09-30 01:06:00-04:00,7748.5,7748.5,7748.75,7747.75,7747.75,136
2026-09-30 01:07:00-04:00,7748.25,7748.25,7748.5,7748.0,7748.25,85
2026-09-30 01:08:00-04:00,7748.0,7748.0,7748.75,7748.0,7748.5,58
2026-09-30 01:09:00-04:00,7748.25,7748.25,7748.5,7747.75,7748.0,93
2026-09-30 01:10:00-04:00,7747.0,7747.0,7748.25,7746.75,7748.25,162
2026-09-30 01:11:00-04:00,7747.5,7747.5,7748.0,7746.5,7746.75,301
2026-09-30 01:12:00-04:00,7745.75,7745.75,7747.25,7745.75,7747.25,261
2026-09-30 01:13:00-04:00,7745.0,7745.0,7745.75,7744.5,7745.75,279
2026-09-30 01:14:00-04:00,7744.5,7744.5,7745.75,7744.5,7745.25,154
2026-09-30 01:15:00-04:00,7741.75,7741.75,7744.5,7741.25,7744.5,583
2026-09-30 01:16:00-04:00,7742.75,7742.75,7743.25,7741.5,7741.5,424
2026-09-30 01:17:00-04:00,7744.0,7744.0,7744.25,7743.0,7743.0,151
2026-09-30 01:18:00-04:00,7745.0,7745.0,7745.5,7743.75,7743.75,212
2026-09-30 01:19:00-04:00,7745.5,7745.5,7745.5,7744.25,7744.75,125
2026-09-30 01:20:00-04:00,7746.0,7746.0,7746.75,7744.75,7745.5,166
2026-09-30 01:21:00-04:00,7746.25,7746.25,7746.75,7746.0,7746.0,77
2026-09-30 01:22:00-04:00,7745.75,7745.75,7746.75,7745.25,7746.25,98
2026-09-30 01:23:00-04:00,7745.5,7745.5,7746.0,7744.75,7746.0,69
2026-09-30 01:24:00-04:00,7746.25,7746.25,7746.25,7745.5,7745.75,64
2026-09-30 01:25:00-04:00,7744.25,7744.25,7746.5,7744.25,7746.25,138
2026-09-30 01:26:00-04:00,7744.25,7744.25,7745.0,7743.75,7744.25,114
2026-09-30 01:27:00-04:00,7744.5,7744.5,7744.75,7743.5,7744.0,84
2026-09-30 01:28:00-04:00,7745.5,7745.5,7745.75,7744.25,7744.25,93
2026-09-30 01:29:00-04:00,7746.0,7746.0,7746.0,7745.25,7745.5,78
2026-09-30 01:30:00-04:00,7746.75,7746.75,7747.0,7745.75,7745.75,110
2026-09-30 01:31:00-04:00,7746.75,7746.75,7747.25,7746.25,7746.5,181
2026-09-30 01:32:00-04:00,7747.25,7747.25,7748.0,7746.25,7746.5,236
2026-09-30 01:33:00-04:00,7747.0,7747.0,7747.75,7747.0,7747.0,121
2026-09-30 01:34:00-04:00,7747.75,7747.75,7747.75,7747.0,7747.25,134
2026-09-30 01:35:00-04:00,7749.25,7749.25,7749.5,7747.5,7747.5,408
2026-09-30 01:36:00-04:00,7748.5,7748.5,7749.5,7748.5,7749.25,201
2026-09-30 01:37:00-04:00,7748.25,7748.25,7748.75,7747.5,7748.5,246
2026-09-30 01:38:00-04:00,7747.0,7747.0,7748.0,7746.75,7748.0,244
2026-09-30 01:39:00-04:00,7745.25,7745.25,7746.75,7745.25,7746.75,243
2026-09-30 01:40:00-04:00,7745.5,7745.5,7745.75,7744.5,7745.25,211
2026-09-30 01:41:00-04:00,7745.75,7745.75,7746.0,7745.0,7745.25,150
2026-09-30 01:42:00-04:00,7746.25,7746.25,7746.5,7745.5,7746.0,163
2026-09-30 01:43:00-04:00,7745.5,7745.5,7746.75,7745.5,7746.0,182
2026-09-30 01:44:00-04:00,7745.75,7745.75,7746.75,7745.5,7745.5,149
2026-09-30 01:45:00-04:00,7745.75,7745.75,7747.0,7745.75,7745.75,331
2026-09-30 01:46:00-04:00,7744.25,7744.25,7746.25,7744.25,7746.0,269
2026-09-30 01:47:00-04:00,7744.0,7744.0,7744.5,7743.5,7744.25,181
2026-09-30 01:48:00-04:00,7744.25,7744.25,7744.5,7743.75,7744.0,156
2026-09-30 01:49:00-04:00,7744.5,7744.5,7744.5,7744.0,7744.5,194
2026-09-30 01:50:00-04:00,7744.75,7744.75,7745.0,7744.25,7744.5,136
2026-09-30 01:51:00-04:00,7744.0,7744.0,7744.75,7743.75,7744.75,111
2026-09-30 01:52:00-04:00,7744.0,7744.0,7744.25,7743.75,7744.0,95
2026-09-30 01:53:00-04:00,7743.25,7743.25,7744.0,7742.5,7744.0,202
2026-09-30 01:54:00-04:00,7742.0,7742.0,7743.25,7741.75,7743.25,221
2026-09-30 01:55:00-04:00,7741.75,7741.75,7742.5,7741.75,7742.0,236
2026-09-30 01:56:00-04:00,7742.5,7742.5,7742.5,7741.25,7741.75,246
2026-09-30 01:57:00-04:00,7742.75,7742.75,7743.0,7742.5,7742.75,123
2026-09-30 01:58:00-04:00,7749.0,7749.0,7750.0,7742.75,7742.75,1600
2026-09-30 01:59:00-04:00,7746.25,7746.25,7749.0,7745.5,7748.75,342
2026-09-30 02:00:00-04:00,7748.0,7748.0,7748.5,7745.0,7746.0,398
2026-09-30 02:01:00-04:00,7747.0,7747.0,7749.0,7746.75,7747.75,340
2026-09-30 02:02:00-04:00,7747.25,7747.25,7748.0,7745.75,7747.0,331
2026-09-30 02:03:00-04:00,7744.75,7744.75,7747.25,7744.5,7747.25,326
2026-09-30 02:04:00-04:00,7745.5,7745.5,7745.5,7744.0,7744.75,226
2026-09-30 02:05:00-04:00,7746.25,7746.25,7746.75,7745.5,7745.5,116
2026-09-30 02:06:00-04:00,7745.25,7745.25,7746.25,7745.0,7746.25,183
2026-09-30 02:07:00-04:00,7745.5,7745.5,7745.75,7744.5,7745.5,145
2026-09-30 02:08:00-04:00,7744.5,7744.5,7746.5,7744.0,7745.5,138
2026-09-30 02:09:00-04:00,7745.25,7745.25,7746.5,7744.5,7744.75,164
2026-09-30 02:10:00-04:00,7746.0,7746.0,7746.5,7745.5,7745.5,129
2026-09-30 02:11:00-04:00,7746.0,7746.0,7746.5,7745.25,7746.0,146
2026-09-30 02:12:00-04:00,7745.0,7745.0,7747.0,7745.0,7746.25,194
2026-09-30 02:13:00-04:00,7745.0,7745.0,7746.25,7744.75,7745.0,114
2026-09-30 02:14:00-04:00,7744.0,7744.0,7745.5,7744.0,7745.0,71
2026-09-30 02:15:00-04:00,7744.75,7744.75,7745.0,7744.0,7744.25,160
2026-09-30 02:16:00-04:00,7746.25,7746.25,7746.25,7744.5,7744.75,112
2026-09-30 02:17:00-04:00,7746.25,7746.25,7747.0,7746.0,7746.25,214
2026-09-30 02:18:00-04:00,7745.5,7745.5,7746.5,7745.25,7746.0,126
2026-09-30 02:19:00-04:00,7745.75,7745.75,7746.0,7745.0,7745.75,115
2026-09-30 02:20:00-04:00,7746.75,7746.75,7747.0,7745.25,7745.75,162
2026-09-30 02:21:00-04:00,7746.25,7746.25,7746.75,7745.5,7746.5,93
2026-09-30 02:22:00-04:00,7746.0,7746.0,7747.0,7745.25,7746.25,208
2026-09-30 02:23:00-04:00,7745.75,7745.75,7746.25,7745.0,7746.0,130
2026-09-30 02:24:00-04:00,7745.25,7745.25,7745.75,7745.0,7745.5,80
2026-09-30 02:25:00-04:00,7744.75,7744.75,7745.0,7744.25,7745.0,102
2026-09-30 02:26:00-04:00,7744.75,7744.75,7745.0,7744.25,7744.75,175
2026-09-30 02:27:00-04:00,7745.0,7745.0,7745.0,7744.5,7744.5,63
2026-09-30 02:28:00-04:00,7742.75,7742.75,7745.25,7742.75,7745.0,199
2026-09-30 02:29:00-04:00,7742.75,7742.75,7743.5,7742.0,7743.0,258
2026-09-30 02:30:00-04:00,7741.75,7741.75,7743.25,7741.0,7742.5,272
2026-09-30 02:31:00-04:00,7741.75,7741.75,7742.25,7741.0,7741.75,170
2026-09-30 02:32:00-04:00,7741.25,7741.25,7742.0,7740.5,7741.75,355
2026-09-30 02:33:00-04:00,7739.0,7739.0,7741.5,7739.0,7741.25,449
2026-09-30 02:34:00-04:00,7739.0,7739.0,7740.25,7738.75,7739.0,378
2026-09-30 02:35:00-04:00,7739.5,7739.5,7739.75,7738.75,7739.25,282
2026-09-30 02:36:00-04:00,7740.0,7740.0,7740.0,7738.75,7739.5,457
2026-09-30 02:37:00-04:00,7738.75,7738.75,7739.75,7737.75,7739.75,286
2026-09-30 02:38:00-04:00,7738.0,7738.0,7740.25,7737.5,7738.75,822
2026-09-30 02:39:00-04:00,7737.25,7737.25,7738.75,7736.5,7738.0,300
2026-09-30 02:40:00-04:00,7737.5,7737.5,7738.25,7736.75,7737.0,144
2026-09-30 02:41:00-04:00,7736.25,7736.25,7737.25,7735.25,7737.25,314
2026-09-30 02:42:00-04:00,7738.75,7738.75,7739.0,7736.5,7736.5,228
2026-09-30 02:43:00-04:00,7738.0,7738.0,7739.0,7737.75,7738.75,103
2026-09-30 02:44:00-04:00,7738.75,7738.75,7739.0,7737.75,7738.0,181
2026-09-30 02:45:00-04:00,7736.75,7736.75,7738.5,7735.5,7738.5,611
2026-09-30 02:46:00-04:00,7736.25,7736.25,7737.0,7735.25,7737.0,120
2026-09-30 02:47:00-04:00,7734.75,7734.75,7736.75,7734.0,7736.0,354
2026-09-30 02:48:00-04:00,7734.25,7734.25,7734.75,7734.0,7734.75,203
2026-09-30 02:49:00-04:00,7736.75,7736.75,7737.0,7734.25,7734.25,349
2026-09-30 02:50:00-04:00,7737.75,7737.75,7738.25,7736.75,7737.0,229
2026-09-30 02:51:00-04:00,7738.75,7738.75,7739.0,7737.25,7737.25,185
2026-09-30 02:52:00-04:00,7740.75,7740.75,7741.0,7738.25,7738.75,336
2026-09-30 02:53:00-04:00,7740.25,7740.25,7740.5,7739.5,7740.5,210
2026-09-30 02:54:00-04:00,7740.25,7740.25,7740.5,7739.25,7740.25,160
2026-09-30 02:55:00-04:00,7743.0,7743.0,7743.25,7740.25,7740.25,374
2026-09-30 02:56:00-04:00,7741.5,7741.5,7743.0,7741.25,7743.0,127
2026-09-30 02:57:00-04:00,7741.75,7741.75,7742.25,7740.5,7741.5,173
2026-09-30 02:58:00-04:00,7741.0,7741.0,7742.0,7741.0,7741.75,99
2026-09-30 02:59:00-04:00,7739.25,7739.25,7740.75,7739.0,7740.75,239
2026-09-30 03:00:00-04:00,7739.5,7739.5,7739.75,7738.25,7739.0,672
2026-09-30 03:01:00-04:00,7742.25,7742.25,7742.25,7739.0,7739.5,394
2026-09-30 03:02:00-04:00,7744.0,7744.0,7744.0,7741.5,7741.75,555
2026-09-30 03:03:00-04:00,7744.5,7744.5,7745.25,7743.5,7743.75,432
2026-09-30 03:04:00-04:00,7745.25,7745.25,7745.5,7744.25,7744.5,489
2026-09-30 03:05:00-04:00,7747.25,7747.25,7747.5,7745.25,7745.25,719
2026-09-30 03:06:00-04:00,7745.75,7745.75,7747.25,7744.5,7747.25,590
2026-09-30 03:07:00-04:00,7747.25,7747.25,7747.5,7745.0,7745.5,509
2026-09-30 03:08:00-04:00,7747.0,7747.0,7748.0,7746.25,7747.25,450
2026-09-30 03:09:00-04:00,7745.5,7745.5,7747.0,7744.75,7747.0,311
2026-09-30 03:10:00-04:00,7747.25,7747.25,7747.75,7745.5,7745.75,239
2026-09-30 03:11:00-04:00,7746.0,7746.0,7748.25,7745.75,7747.25,352
2026-09-30 03:12:00-04:00,7747.5,7747.5,7748.0,7746.0,7746.25,333
2026-09-30 03:13:00-04:00,7748.5,7748.5,7748.5,7747.25,7747.25,456
2026-09-30 03:14:00-04:00,7749.0,7749.0,7749.5,7748.25,7748.5,382
2026-09-30 03:15:00-04:00,7752.0,7752.0,7752.25,7748.75,7749.0,675
2026-09-30 03:16:00-04:00,7755.0,7755.0,7755.25,7751.5,7752.0,1189
2026-09-30 03:17:00-04:00,7752.75,7752.75,7755.0,7752.75,7755.0,597
2026-09-30 03:18:00-04:00,7753.5,7753.5,7753.5,7751.75,7752.75,535
2026-09-30 03:19:00-04:00,7753.5,7753.5,7753.75,7752.75,7753.5,230
2026-09-30 03:20:00-04:00,7752.75,7752.75,7754.25,7752.5,7753.5,292
2026-09-30 03:21:00-04:00,7753.75,7753.75,7753.75,7752.5,7752.5,317
2026-09-30 03:22:00-04:00,7752.25,7752.25,7754.0,7751.75,7753.75,486
2026-09-30 03:23:00-04:00,7754.75,7754.75,7754.75,7752.25,7752.25,392
2026-09-30 03:24:00-04:00,7753.0,7753.0,7754.75,7752.5,7754.75,318
2026-09-30 03:25:00-04:00,7752.5,7752.5,7753.0,7751.75,7752.75,368
2026-09-30 03:26:00-04:00,7752.5,7752.5,7753.5,7752.25,7752.75,379
2026-09-30 03:27:00-04:00,7750.0,7750.0,7752.75,7749.75,7752.75,616
2026-09-30 03:28:00-04:00,7749.25,7749.25,7750.25,7748.75,7750.0,551
2026-09-30 03:29:00-04:00,7749.25,7749.25,7749.5,7748.25,7749.25,474
2026-09-30 03:30:00-04:00,7751.5,7751.5,7751.5,7748.5,7749.25,626
2026-09-30 03:31:00-04:00,7749.75,7749.75,7751.5,7749.0,7751.5,312
2026-09-30 03:32:00-04:00,7751.0,7751.0,7751.25,7750.25,7750.25,155
2026-09-30 03:33:00-04:00,7750.75,7750.75,7751.75,7750.75,7751.0,108
2026-09-30 03:34:00-04:00,7751.25,7751.25,7751.25,7750.75,7750.75,126
2026-09-30 03:35:00-04:00,7753.0,7753.0,7753.0,7751.25,7751.25,248
2026-09-30 03:36:00-04:00,7752.75,7752.75,7753.25,7752.25,7752.75,199
2026-09-30 03:37:00-04:00,7752.75,7752.75,7752.75,7751.75,7752.75,157
2026-09-30 03:38:00-04:00,7752.25,7752.25,7752.75,7751.5,7752.5,267
2026-09-30 03:39:00-04:00,7753.25,7753.25,7753.5,7752.25,7752.25,244
2026-09-30 03:40:00-04:00,7754.25,7754.25,7754.5,7753.0,7753.25,392
2026-09-30 03:41:00-04:00,7753.5,7753.5,7754.25,7753.25,7754.0,192
2026-09-30 03:42:00-04:00,7752.75,7752.75,7753.5,7752.5,7753.5,239
2026-09-30 03:43:00-04:00,7752.75,7752.75,7753.75,7752.5,7753.0,174
2026-09-30 03:44:00-04:00,7751.75,7751.75,7753.0,7751.75,7753.0,186
2026-09-30 03:45:00-04:00,7753.0,7753.0,7753.5,7751.5,7751.5,244
2026-09-30 03:46:00-04:00,7753.0,7753.0,7753.5,7752.75,7752.75,170
2026-09-30 03:47:00-04:00,7752.75,7752.75,7753.0,7752.5,7753.0,137
2026-09-30 03:48:00-04:00,7753.75,7753.75,7753.75,7752.5,7752.75,243
2026-09-30 03:49:00-04:00,7753.75,7753.75,7754.0,7752.5,7753.5,196
2026-09-30 03:50:00-04:00,7754.25,7754.25,7754.25,7753.5,7753.75,190
2026-09-30 03:51:00-04:00,7754.5,7754.5,7755.25,7754.0,7754.25,262
2026-09-30 03:52:00-04:00,7753.75,7753.75,7754.25,7753.75,7754.25,132
2026-09-30 03:53:00-04:00,7753.0,7753.0,7754.0,7753.0,7753.75,189
2026-09-30 03:54:00-04:00,7753.5,7753.5,7754.0,7753.0,7753.0,139
2026-09-30 03:55:00-04:00,7753.25,7753.25,7754.5,7753.25,7753.75,300
2026-09-30 03:56:00-04:00,7753.75,7753.75,7753.75,7752.5,7753.25,183
2026-09-30 03:57:00-04:00,7753.25,7753.25,7753.75,7753.0,7753.75,138
2026-09-30 03:58:00-04:00,7753.5,7753.5,7753.75,7752.75,7753.25,85
2026-09-30 03:59:00-04:00,7754.0,7754.0,7754.5,7753.25,7753.5,158
2026-09-30 04:00:00-04:00,7753.0,7753.0,7753.75,7752.5,7753.75,395
2026-09-30 04:01:00-04:00,7755.5,7755.5,7756.5,7753.0,7753.0,877
2026-09-30 04:02:00-04:00,7754.25,7754.25,7755.5,7753.5,7755.25,276
2026-09-30 04:03:00-04:00,7755.5,7755.5,7756.25,7753.5,7754.0,208
2026-09-30 04:04:00-04:00,7753.75,7753.75,7756.0,7752.75,7755.5,251
2026-09-30 04:05:00-04:00,7752.0,7752.0,7753.75,7752.0,7753.5,287
2026-09-30 04:06:00-04:00,7751.75,7751.75,7752.75,7751.5,7752.0,291
2026-09-30 04:07:00-04:00,7752.0,7752.0,7752.75,7750.75,7752.0,475
2026-09-30 04:08:00-04:00,7751.5,7751.5,7752.25,7751.0,7751.75,312
2026-09-30 04:09:00-04:00,7750.5,7750.5,7751.75,7749.5,7751.25,307
2026-09-30 04:10:00-04:00,7749.25,7749.25,7750.75,7749.0,7750.75,293
2026-09-30 04:11:00-04:00,7750.25,7750.25,7750.5,7748.75,7749.25,426
2026-09-30 04:12:00-04:00,7751.25,7751.25,7751.75,7750.0,7750.25,281
2026-09-30 04:13:00-04:00,7749.5,7749.5,7751.75,7749.5,7751.0,185
2026-09-30 04:14:00-04:00,7749.5,7749.5,7750.0,7748.75,7749.75,204
2026-09-30 04:15:00-04:00,7750.0,7750.0,7750.25,7748.0,7749.5,331
2026-09-30 04:16:00-04:00,7750.5,7750.5,7750.5,7749.5,7749.75,118
2026-09-30 04:17:00-04:00,7749.5,7749.5,7750.75,7748.75,7750.25,271
2026-09-30 04:18:00-04:00,7751.25,7751.25,7751.25,7749.75,7749.75,123
2026-09-30 04:19:00-04:00,7749.0,7749.0,7751.75,7748.75,7751.25,175
2026-09-30 04:20:00-04:00,7750.0,7750.0,7750.0,7748.75,7749.0,105
2026-09-30 04:21:00-04:00,7750.5,7750.5,7750.5,7749.75,7750.0,103
2026-09-30 04:22:00-04:00,7750.25,7750.25,7750.75,7749.75,7750.75,108
2026-09-30 04:23:00-04:00,7750.0,7750.0,7750.5,7749.75,7750.5,121
2026-09-30 04:24:00-04:00,7750.75,7750.75,7750.75,7749.75,7749.75,86
2026-09-30 04:25:00-04:00,7750.75,7750.75,7751.0,7750.0,7750.75,137
2026-09-30 04:26:00-04:00,7751.25,7751.25,7751.5,7750.25,7750.5,214
2026-09-30 04:27:00-04:00,7751.25,7751.25,7751.5,7751.0,7751.25,137
2026-09-30 04:28:00-04:00,7751.75,7751.75,7751.75,7750.75,7751.25,251
2026-09-30 04:29:00-04:00,7751.0,7751.0,7752.25,7751.0,7751.5,167
2026-09-30 04:30:00-04:00,7749.5,7749.5,7751.25,7749.0,7751.25,279
2026-09-30 04:31:00-04:00,7749.5,7749.5,7749.5,7748.5,7749.25,206
2026-09-30 04:32:00-04:00,7750.5,7750.5,7750.5,7749.25,7749.5,192
2026-09-30 04:33:00-04:00,7751.25,7751.25,7751.25,7749.75,7750.25,109
2026-09-30 04:34:00-04:00,7752.25,7752.25,7752.75,7751.25,7751.25,195
2026-09-30 04:35:00-04:00,7751.25,7751.25,7752.5,7751.25,7752.0,115
2026-09-30 04:36:00-04:00,7750.5,7750.5,7751.5,7750.25,7751.25,153
2026-09-30 04:37:00-04:00,7750.25,7750.25,7750.75,7749.5,7750.5,199
2026-09-30 04:38:00-04:00,7750.75,7750.75,7751.0,7750.0,7750.0,125
2026-09-30 04:39:00-04:00,7749.25,7749.25,7750.75,7749.25,7750.5,210
2026-09-30 04:40:00-04:00,7749.25,7749.25,7749.75,7749.0,7749.5,204
2026-09-30 04:41:00-04:00,7748.0,7748.0,7749.0,7747.5,7749.0,375
2026-09-30 04:42:00-04:00,7747.75,7747.75,7748.0,7746.0,7748.0,425
2026-09-30 04:43:00-04:00,7746.5,7746.5,7748.0,7746.5,7747.5,204
2026-09-30 04:44:00-04:00,7746.25,7746.25,7747.0,7745.75,7746.75,258
2026-09-30 04:45:00-04:00,7746.0,7746.0,7746.75,7745.75,7746.25,193
2026-09-30 04:46:00-04:00,7748.25,7748.25,7748.5,7746.0,7746.0,434
2026-09-30 04:47:00-04:00,7747.0,7747.0,7748.75,7747.0,7748.0,120
2026-09-30 04:48:00-04:00,7749.0,7749.0,7749.25,7746.75,7747.0,163
2026-09-30 04:49:00-04:00,7748.75,7748.75,7748.75,7747.75,7748.75,119
2026-09-30 04:50:00-04:00,7748.25,7748.25,7748.75,7747.75,7748.75,72
2026-09-30 04:51:00-04:00,7747.5,7747.5,7748.25,7747.5,7748.0,268
2026-09-30 04:52:00-04:00,7748.25,7748.25,7748.25,7747.25,7747.5,211
2026-09-30 04:53:00-04:00,7746.5,7746.5,7748.5,7746.5,7748.5,201
2026-09-30 04:54:00-04:00,7745.25,7745.25,7746.75,7745.25,7746.5,322
2026-09-30 04:55:00-04:00,7745.25,7745.25,7745.75,7744.75,7745.25,413
2026-09-30 04:56:00-04:00,7745.75,7745.75,7746.0,7745.0,7745.0,275
2026-09-30 04:57:00-04:00,7745.25,7745.25,7746.0,7745.0,7746.0,158
2026-09-30 04:58:00-04:00,7745.25,7745.25,7745.5,7745.25,7745.5,150
2026-09-30 04:59:00-04:00,7743.25,7743.25,7745.5,7743.0,7745.25,247
2026-09-30 05:00:00-04:00,7742.5,7742.5,7744.0,7742.25,7743.0,456
2026-09-30 05:01:00-04:00,7743.25,7743.25,7743.75,7742.75,7742.75,287
2026-09-30 05:02:00-04:00,7743.5,7743.5,7743.5,7742.25,7743.25,257
2026-09-30 05:03:00-04:00,7743.0,7743.0,7743.5,7741.75,7743.25,300
2026-09-30 05:04:00-04:00,7743.5,7743.5,7743.75,7742.75,7742.75,227
2026-09-30 05:05:00-04:00,7743.0,7743.0,7743.75,7742.75,7743.5,268
2026-09-30 05:06:00-04:00,7741.75,7741.75,7743.0,7741.0,7743.0,607
2026-09-30 05:07:00-04:00,7741.25,7741.25,7742.0,7741.0,7741.75,323
2026-09-30 05:08:00-04:00,7740.0,7740.0,7743.75,7739.5,7741.25,2284
2026-09-30 05:09:00-04:00,7739.25,7739.25,7740.0,7737.75,7740.0,630
2026-09-30 05:10:00-04:00,7739.25,7739.25,7740.25,7739.0,7739.25,445
2026-09-30 05:11:00-04:00,7740.0,7740.0,7740.25,7739.0,7739.0,199
2026-09-30 05:12:00-04:00,7741.5,7741.5,7741.75,7740.0,7740.0,255
2026-09-30 05:13:00-04:00,7742.25,7742.25,7743.25,7741.5,7741.5,333
2026-09-30 05:14:00-04:00,7744.25,7744.25,7744.25,7742.25,7742.5,270
2026-09-30 05:15:00-04:00,7744.75,7744.75,7745.25,7743.75,7744.25,381
2026-09-30 05:16:00-04:00,7742.75,7742.75,7745.0,7742.5,7745.0,393
2026-09-30 05:17:00-04:00,7742.5,7742.5,7743.0,7742.25,7742.75,148
2026-09-30 05:18:00-04:00,7743.25,7743.25,7743.5,7742.25,7742.5,280
2026-09-30 05:19:00-04:00,7743.25,7743.25,7744.0,7743.0,7743.25,302
2026-09-30 05:20:00-04:00,7743.0,7743.0,7743.75,7743.0,7743.25,216
2026-09-30 05:21:00-04:00,7741.75,7741.75,7743.0,7741.75,7742.75,263
2026-09-30 05:22:00-04:00,7742.25,7742.25,7742.5,7741.0,7741.75,210
2026-09-30 05:23:00-04:00,7741.75,7741.75,7742.75,7741.5,7742.25,306
2026-09-30 05:24:00-04:00,7741.75,7741.75,7742.25,7741.25,7741.5,241
2026-09-30 05:25:00-04:00,7741.75,7741.75,7742.0,7741.25,7741.75,97
2026-09-30 05:26:00-04:00,7740.5,7740.5,7742.25,7740.0,7741.75,400
2026-09-30 05:27:00-04:00,7740.25,7740.25,7740.75,7740.0,7740.5,651
2026-09-30 05:28:00-04:00,7740.75,7740.75,7741.75,7740.5,7740.5,313
2026-09-30 05:29:00-04:00,7741.0,7741.0,7741.5,7740.0,7740.75,155
2026-09-30 05:30:00-04:00,7741.5,7741.5,7741.75,7741.0,7741.0,142
2026-09-30 05:31:00-04:00,7742.25,7742.25,7742.5,7741.25,7741.5,347
2026-09-30 05:32:00-04:00,7745.0,7745.0,7745.5,7742.25,7742.25,312
2026-09-30 05:33:00-04:00,7745.75,7745.75,7746.0,7745.0,7745.25,315
2026-09-30 05:34:00-04:00,7744.25,7744.25,7745.75,7744.25,7745.75,214
2026-09-30 05:35:00-04:00,7743.25,7743.25,7744.0,7743.25,7744.0,144
2026-09-30 05:36:00-04:00,7743.75,7743.75,7744.0,7743.25,7743.25,123
2026-09-30 05:37:00-04:00,7742.5,7742.5,7744.0,7742.5,7743.75,129
2026-09-30 05:38:00-04:00,7742.0,7742.0,7743.0,7742.0,7742.5,128
2026-09-30 05:39:00-04:00,7740.5,7740.5,7742.0,7740.0,7742.0,227
2026-09-30 05:40:00-04:00,7740.25,7740.25,7741.0,7740.0,7740.75,160
2026-09-30 05:41:00-04:00,7739.75,7739.75,7741.0,7739.75,7740.5,334
2026-09-30 05:42:00-04:00,7738.75,7738.75,7740.25,7738.75,7740.0,392
2026-09-30 05:43:00-04:00,7738.0,7738.0,7738.75,7737.25,7738.75,341
2026-09-30 05:44:00-04:00,7739.0,7739.0,7739.0,7737.75,7737.75,152
2026-09-30 05:45:00-04:00,7739.5,7739.5,7740.25,7739.25,7739.25,305
2026-09-30 05:46:00-04:00,7739.5,7739.5,7739.75,7738.75,7739.25,129
2026-09-30 05:47:00-04:00,7739.5,7739.5,7739.5,7738.75,7739.5,172
2026-09-30 05:48:00-04:00,7738.5,7738.5,7740.0,7738.5,7739.75,216
2026-09-30 05:49:00-04:00,7739.25,7739.25,7740.0,7738.5,7738.5,187
2026-09-30 05:50:00-04:00,7740.0,7740.0,7740.0,7739.0,7739.25,289
2026-09-30 05:51:00-04:00,7739.75,7739.75,7740.0,7739.5,7739.75,134
2026-09-30 05:52:00-04:00,7740.0,7740.0,7740.0,7739.0,7739.75,152
2026-09-30 05:53:00-04:00,7739.0,7739.0,7740.25,7738.75,7739.75,274
2026-09-30 05:54:00-04:00,7739.5,7739.5,7739.75,7739.0,7739.0,145
2026-09-30 05:55:00-04:00,7740.5,7740.5,7740.75,7739.25,7739.5,247
2026-09-30 05:56:00-04:00,7740.0,7740.0,7740.75,7739.75,7740.5,154
2026-09-30 05:57:00-04:00,7740.75,7740.75,7740.75,7740.25,7740.25,194
2026-09-30 05:58:00-04:00,7740.5,7740.5,7740.75,7740.25,7740.5,242
2026-09-30 05:59:00-04:00,7740.5,7740.5,7740.75,7739.75,7740.5,197
2026-09-30 06:00:00-04:00,7738.75,7738.75,7740.5,7738.25,7740.25,289
2026-09-30 06:01:00-04:00,7739.5,7739.5,7740.0,7739.0,7739.0,209
2026-09-30 06:02:00-04:00,7739.25,7739.25,7739.75,7738.25,7739.75,206
2026-09-30 06:03:00-04:00,7739.0,7739.0,7740.0,7739.0,7739.0,235
2026-09-30 06:04:00-04:00,7737.75,7737.75,7739.25,7737.75,7739.0,225
2026-09-30 06:05:00-04:00,7738.25,7738.25,7738.75,7737.75,7737.75,292
2026-09-30 06:06:00-04:00,7738.0,7738.0,7738.25,7737.5,7738.25,264
2026-09-30 06:07:00-04:00,7738.5,7738.5,7738.75,7738.0,7738.25,107
2026-09-30 06:08:00-04:00,7737.75,7737.75,7738.25,7737.5,7738.25,149
2026-09-30 06:09:00-04:00,7737.0,7737.0,7738.0,7736.5,7738.0,247
2026-09-30 06:10:00-04:00,7736.75,7736.75,7737.5,7736.75,7737.0,254
2026-09-30 06:11:00-04:00,7735.5,7735.5,7737.0,7735.25,7736.75,549
2026-09-30 06:12:00-04:00,7735.5,7735.5,7735.75,7734.75,7735.25,326
2026-09-30 06:13:00-04:00,7737.0,7737.0,7737.25,7735.5,7735.5,339
2026-09-30 06:14:00-04:00,7734.5,7734.5,7737.25,7734.25,7737.0,856
2026-09-30 06:15:00-04:00,7735.0,7735.0,7736.0,7733.75,7734.5,732
2026-09-30 06:16:00-04:00,7735.0,7735.0,7735.0,7733.0,7735.0,391
2026-09-30 06:17:00-04:00,7736.0,7736.0,7736.75,7735.25,7735.25,403
2026-09-30 06:18:00-04:00,7734.75,7734.75,7737.0,7733.25,7736.0,708
2026-09-30 06:19:00-04:00,7736.0,7736.0,7738.5,7733.75,7734.75,874
2026-09-30 06:20:00-04:00,7737.0,7737.0,7737.5,7735.25,7735.5,239
2026-09-30 06:21:00-04:00,7737.25,7737.25,7737.5,7736.25,7737.0,274
2026-09-30 06:22:00-04:00,7736.75,7736.75,7737.5,7736.0,7737.25,128
2026-09-30 06:23:00-04:00,7736.5,7736.5,7738.0,7736.5,7736.75,138
2026-09-30 06:24:00-04:00,7737.5,7737.5,7737.5,7735.0,7736.5,421
2026-09-30 06:25:00-04:00,7738.0,7738.0,7738.5,7736.75,7737.25,206
2026-09-30 06:26:00-04:00,7737.75,7737.75,7738.0,7737.25,7738.0,127
2026-09-30 06:27:00-04:00,7735.25,7735.25,7737.75,7735.25,7737.5,257
2026-09-30 06:28:00-04:00,7735.75,7735.75,7736.0,7735.25,7735.25,132
2026-09-30 06:29:00-04:00,7734.75,7734.75,7735.75,7734.75,7735.5,101
2026-09-30 06:30:00-04:00,7734.0,7734.0,7735.0,7733.5,7734.75,318
2026-09-30 06:31:00-04:00,7733.75,7733.75,7735.0,7733.5,7734.25,201
2026-09-30 06:32:00-04:00,7734.0,7734.0,7734.75,7733.25,7733.75,296
2026-09-30 06:33:00-04:00,7735.5,7735.5,7735.5,7734.25,7734.25,220
2026-09-30 06:34:00-04:00,7734.0,7734.0,7735.5,7734.0,7735.5,202
2026-09-30 06:35:00-04:00,7733.5,7733.5,7734.75,7732.5,7734.25,483
2026-09-30 06:36:00-04:00,7734.0,7734.0,7734.25,7733.5,7733.75,104
2026-09-30 06:37:00-04:00,7733.5,7733.5,7734.25,7733.0,7734.25,157
2026-09-30 06:38:00-04:00,7734.75,7734.75,7735.0,7733.5,7733.5,195
2026-09-30 06:39:00-04:00,7735.25,7735.25,7735.5,7734.25,7734.75,298
2026-09-30 06:40:00-04:00,7734.5,7734.5,7735.25,7734.25,7735.25,200
2026-09-30 06:41:00-04:00,7733.75,7733.75,7734.5,7733.5,7734.5,145
2026-09-30 06:42:00-04:00,7735.25,7735.25,7735.75,7733.75,7734.0,225
2026-09-30 06:43:00-04:00,7735.5,7735.5,7735.5,7734.5,7735.25,126
2026-09-30 06:44:00-04:00,7734.25,7734.25,7736.0,7734.0,7735.75,205
2026-09-30 06:45:00-04:00,7733.5,7733.5,7734.5,7733.5,7734.25,122
2026-09-30 06:46:00-04:00,7733.75,7733.75,7734.25,7733.5,7733.75,106
2026-09-30 06:47:00-04:00,7733.25,7733.25,7734.0,7733.0,7733.75,132
2026-09-30 06:48:00-04:00,7733.0,7733.0,7733.75,7733.0,7733.25,176
2026-09-30 06:49:00-04:00,7733.5,7733.5,7733.75,7733.0,7733.25,102
2026-09-30 06:50:00-04:00,7733.75,7733.75,7734.25,7733.0,7733.5,112
2026-09-30 06:51:00-04:00,7734.0,7734.0,7734.25,7733.25,7733.5,238
2026-09-30 06:52:00-04:00,7734.5,7734.5,7735.25,7734.0,7734.0,232
2026-09-30 06:53:00-04:00,7734.75,7734.75,7735.0,7734.0,7734.5,211
2026-09-30 06:54:00-04:00,7734.75,7734.75,7735.5,7734.25,7734.5,160
2026-09-30 06:55:00-04:00,7735.0,7735.0,7735.25,7734.5,7734.75,185
2026-09-30 06:56:00-04:00,7735.0,7735.0,7736.5,7734.5,7735.0,681
2026-09-30 06:57:00-04:00,7735.25,7735.25,7736.0,7734.25,7734.75,303
2026-09-30 06:58:00-04:00,7733.25,7733.25,7735.5,7733.25,7735.5,307
2026-09-30 06:59:00-04:00,7733.25,7733.25,7734.0,7733.0,7733.5,175
2026-09-30 07:00:00-04:00,7731.0,7731.0,7733.0,7730.5,7733.0,1095
2026-09-30 07:01:00-04:00,7730.25,7730.25,7731.0,7729.5,7731.0,602
2026-09-30 07:02:00-04:00,7729.5,7729.5,7730.5,7729.25,7730.25,242
2026-09-30 07:03:00-04:00,7729.75,7729.75,7730.5,7729.25,7729.5,373
2026-09-30 07:04:00-04:00,7729.25,7729.25,7730.0,7728.75,7730.0,397
2026-09-30 07:05:00-04:00,7729.75,7729.75,7730.5,7729.25,7729.5,280
2026-09-30 07:06:00-04:00,7728.5,7728.5,7730.0,7728.25,7729.75,424
2026-09-30 07:07:00-04:00,7725.5,7725.5,7728.25,7725.0,7728.25,653
2026-09-30 07:08:00-04:00,7726.5,7726.5,7727.0,7725.75,7725.75,443
2026-09-30 07:09:00-04:00,7725.5,7725.5,7727.5,7725.5,7726.75,589
2026-09-30 07:10:00-04:00,7721.75,7721.75,7725.75,7721.0,7725.5,1910
2026-09-30 07:11:00-04:00,7723.0,7723.0,7723.25,7720.75,7721.75,548
2026-09-30 07:12:00-04:00,7724.0,7724.0,7725.0,7722.75,7723.0,403
2026-09-30 07:13:00-04:00,7723.25,7723.25,7725.25,7723.25,7724.0,426
2026-09-30 07:14:00-04:00,7723.75,7723.75,7724.5,7722.75,7723.5,728
2026-09-30 07:15:00-04:00,7721.0,7721.0,7723.75,7720.75,7723.5,495
2026-09-30 07:16:00-04:00,7721.75,7721.75,7722.0,7719.75,7720.75,774
2026-09-30 07:17:00-04:00,7721.5,7721.5,7722.75,7721.5,7721.75,354
2026-09-30 07:18:00-04:00,7722.75,7722.75,7723.25,7721.75,7721.75,381
2026-09-30 07:19:00-04:00,7720.0,7720.0,7723.25,7720.0,7723.0,277
2026-09-30 07:20:00-04:00,7721.25,7721.25,7721.5,7719.5,7720.25,424
2026-09-30 07:21:00-04:00,7722.75,7722.75,7723.0,7721.0,7721.25,533
2026-09-30 07:22:00-04:00,7726.25,7726.25,7726.5,7722.75,7722.75,667
2026-09-30 07:23:00-04:00,7729.25,7729.25,7729.5,7726.5,7726.5,651
2026-09-30 07:24:00-04:00,7730.5,7730.5,7730.5,7728.75,7729.5,513
2026-09-30 07:25:00-04:00,7731.0,7731.0,7732.0,7730.25,7730.25,542
2026-09-30 07:26:00-04:00,7731.5,7731.5,7732.0,7731.0,7731.25,286
2026-09-30 07:27:00-04:00,7731.0,7731.0,7731.25,7730.25,7731.25,579
2026-09-30 07:28:00-04:00,7733.0,7733.0,7733.25,7730.75,7731.0,610
2026-09-30 07:29:00-04:00,7732.5,7732.5,7734.25,7732.25,7733.0,569
2026-09-30 07:30:00-04:00,7733.0,7733.0,7733.5,7731.75,7732.5,579
2026-09-30 07:31:00-04:00,7735.0,7735.0,7735.75,7732.75,7733.0,634
2026-09-30 07:32:00-04:00,7733.75,7733.75,7735.0,7733.0,7735.0,423
2026-09-30 07:33:00-04:00,7734.0,7734.0,7734.25,7733.5,7734.0,233
2026-09-30 07:34:00-04:00,7735.25,7735.25,7735.5,7733.75,7734.0,355
2026-09-30 07:35:00-04:00,7735.5,7735.5,7736.0,7735.0,7735.5,183
2026-09-30 07:36:00-04:00,7734.5,7734.5,7735.25,7733.75,7735.25,313
2026-09-30 07:37:00-04:00,7735.5,7735.5,7736.0,7734.75,7734.75,320
2026-09-30 07:38:00-04:00,7735.0,7735.0,7736.0,7735.0,7735.75,280
2026-09-30 07:39:00-04:00,7734.75,7734.75,7735.75,7734.5,7735.0,202
2026-09-30 07:40:00-04:00,7734.0,7734.0,7735.0,7734.0,7735.0,282
2026-09-30 07:41:00-04:00,7733.5,7733.5,7734.25,7733.25,7734.0,309
2026-09-30 07:42:00-04:00,7733.0,7733.0,7734.0,7732.75,7733.5,303
2026-09-30 07:43:00-04:00,7732.0,7732.0,7733.0,7731.75,7733.0,307
2026-09-30 07:44:00-04:00,7733.25,7733.25,7733.25,7732.0,7732.0,297
2026-09-30 07:45:00-04:00,7732.5,7732.5,7734.0,7732.25,7733.25,300
2026-09-30 07:46:00-04:00,7730.75,7730.75,7735.75,7730.5,7732.25,3223
2026-09-30 07:47:00-04:00,7728.75,7728.75,7731.25,7728.5,7730.75,836
2026-09-30 07:48:00-04:00,7728.0,7728.0,7729.0,7727.75,7728.75,289
2026-09-30 07:49:00-04:00,7727.75,7727.75,7728.0,7726.75,7727.75,369
2026-09-30 07:50:00-04:00,7726.75,7726.75,7727.75,7725.5,7727.75,528
2026-09-30 07:51:00-04:00,7728.5,7728.5,7729.25,7726.75,7726.75,564
2026-09-30 07:52:00-04:00,7728.75,7728.75,7730.0,7728.5,7728.5,360
2026-09-30 07:53:00-04:00,7731.0,7731.0,7731.5,7729.0,7729.0,431
2026-09-30 07:54:00-04:00,7731.25,7731.25,7731.5,7730.25,7730.75,268
2026-09-30 07:55:00-04:00,7731.5,7731.5,7732.25,7730.75,7731.25,367
2026-09-30 07:56:00-04:00,7732.0,7732.0,7732.75,7731.25,7731.75,282
2026-09-30 07:57:00-04:00,7731.5,7731.5,7732.5,7731.25,7732.0,343
2026-09-30 07:58:00-04:00,7732.75,7732.75,7734.25,7731.25,7731.5,832
2026-09-30 07:59:00-04:00,7736.0,7736.0,7736.5,7733.0,7733.0,818
2026-09-30 08:00:00-04:00,7733.75,7733.75,7738.0,7733.25,7735.5,1205
2026-09-30 08:01:00-04:00,7733.0,7733.0,7733.75,7731.75,7733.75,468
2026-09-30 08:02:00-04:00,7733.0,7733.0,7734.0,7731.5,7732.75,704
2026-09-30 08:03:00-04:00,7733.0,7733.0,7735.25,7732.5,7733.0,547
2026-09-30 08:04:00-04:00,7734.0,7734.0,7735.0,7733.0,7733.0,339
2026-09-30 08:05:00-04:00,7732.75,7732.75,7734.5,7732.25,7734.0,324
2026-09-30 08:06:00-04:00,7731.75,7731.75,7732.75,7730.75,7732.75,327
2026-09-30 08:07:00-04:00,7732.25,7732.25,7733.25,7731.5,7731.75,267
2026-09-30 08:08:00-04:00,7732.25,7732.25,7732.5,7731.75,7732.25,159
2026-09-30 08:09:00-04:00,7732.25,7732.25,7732.75,7731.5,7732.0,147
2026-09-30 08:10:00-04:00,7732.0,7732.0,7733.25,7732.0,7732.0,218
2026-09-30 08:11:00-04:00,7732.25,7732.25,7732.25,7731.5,7732.0,158
2026-09-30 08:12:00-04:00,7733.75,7733.75,7734.0,7732.0,7732.25,340
2026-09-30 08:13:00-04:00,7734.25,7734.25,7734.25,7733.5,7733.75,239
2026-09-30 08:14:00-04:00,7735.5,7735.5,7735.75,7733.75,7734.25,244
2026-09-30 08:15:00-04:00,7731.0,7731.0,7735.75,7728.75,7735.0,1332
2026-09-30 08:16:00-04:00,7730.75,7730.75,7731.0,7729.0,7731.0,698
2026-09-30 08:17:00-04:00,7730.5,7730.5,7731.25,7730.0,7730.75,271
2026-09-30 08:18:00-04:00,7731.5,7731.5,7732.75,7730.0,7730.25,720
2026-09-30 08:19:00-04:00,7731.25,7731.25,7732.5,7731.25,7731.25,435
2026-09-30 08:20:00-04:00,7732.25,7732.25,7732.5,7731.25,7731.25,353
2026-09-30 08:21:00-04:00,7731.75,7731.75,7733.75,7731.75,7732.25,333
2026-09-30 08:22:00-04:00,7734.25,7734.25,7735.5,7731.25,7731.75,794
2026-09-30 08:23:00-04:00,7734.5,7734.5,7734.75,7732.5,7734.25,262
2026-09-30 08:24:00-04:00,7738.25,7738.25,7738.25,7734.0,7734.5,791
2026-09-30 08:25:00-04:00,7737.0,7737.0,7738.5,7736.25,7738.0,556
2026-09-30 08:26:00-04:00,7737.75,7737.75,7738.25,7736.75,7737.25,449
2026-09-30 08:27:00-04:00,7739.5,7739.5,7740.0,7737.75,7737.75,626
2026-09-30 08:28:00-04:00,7740.5,7740.5,7741.75,7739.25,7739.25,858
2026-09-30 08:29:00-04:00,7744.0,7744.0,7745.0,7740.25,7740.25,1568
2026-09-30 08:30:00-04:00,7756.0,7756.0,7759.75,7741.5,7743.25,5285
2026-09-30 08:31:00-04:00,7770.75,7770.75,7771.25,7755.25,7756.25,9088
2026-09-30 08:32:00-04:00,7763.25,7763.25,7771.0,7763.0,7770.25,4938
2026-09-30 08:33:00-04:00,7760.75,7760.75,7763.5,7760.0,7763.0,3883
2026-09-30 08:34:00-04:00,7764.25,7764.25,7764.75,7758.75,7760.75,4619
2026-09-30 08:35:00-04:00,7766.0,7766.0,7766.75,7764.0,7764.25,4072
2026-09-30 08:36:00-04:00,7759.75,7759.75,7766.25,7759.5,7766.25,3936
2026-09-30 08:37:00-04:00,7758.25,7758.25,7761.25,7755.5,7759.75,2930
2026-09-30 08:38:00-04:00,7755.75,7755.75,7758.25,7755.5,7758.0,1628
2026-09-30 08:39:00-04:00,7755.25,7755.25,7756.75,7753.5,7755.75,2564
2026-09-30 08:40:00-04:00,7760.25,7760.25,7760.75,7755.25,7755.25,2536
2026-09-30 08:41:00-04:00,7761.75,7761.75,7762.0,7759.25,7760.25,2672
2026-09-30 08:42:00-04:00,7761.0,7761.0,7763.5,7759.25,7761.75,2778
2026-09-30 08:43:00-04:00,7760.5,7760.5,7763.5,7759.5,7760.75,2295
2026-09-30 08:44:00-04:00,7758.5,7758.5,7761.0,7758.25,7760.25,1438
2026-09-30 08:45:00-04:00,7759.0,7759.0,7760.25,7758.0,7758.5,1558
2026-09-30 08:46:00-04:00,7753.75,7753.75,7759.25,7753.75,7759.0,4523
2026-09-30 08:47:00-04:00,7751.75,7751.75,7754.25,7750.5,7753.75,3631
2026-09-30 08:48:00-04:00,7754.25,7754.25,7755.5,7751.5,7751.75,2485
2026-09-30 08:49:00-04:00,7754.0,7754.0,7755.75,7753.5,7754.5,1109
2026-09-30 08:50:00-04:00,7754.0,7754.0,7754.75,7752.75,7754.25,878
2026-09-30 08:51:00-04:00,7755.0,7755.0,7756.5,7751.5,7753.75,1780
2026-09-30 08:52:00-04:00,7754.75,7754.75,7755.25,7753.75,7755.0,989
2026-09-30 08:53:00-04:00,7754.25,7754.25,7755.75,7753.75,7754.75,845
2026-09-30 08:54:00-04:00,7759.5,7759.5,7760.5,7754.0,7754.25,1419
2026-09-30 08:55:00-04:00,7758.5,7758.5,7759.5,7758.0,7759.25,814
2026-09-30 08:56:00-04:00,7757.5,7757.5,7759.0,7756.5,7758.5,940
2026-09-30 08:57:00-04:00,7756.75,7756.75,7759.75,7756.75,7757.75,1948
2026-09-30 08:58:00-04:00,7754.5,7754.5,7756.75,7754.0,7756.75,909
2026-09-30 08:59:00-04:00,7754.5,7754.5,7755.75,7753.75,7754.5,933
2026-09-30 09:00:00-04:00,7758.25,7758.25,7758.75,7754.25,7754.5,1951
2026-09-30 09:01:00-04:00,7759.0,7759.0,7760.0,7757.75,7758.25,1439
2026-09-30 09:02:00-04:00,7760.5,7760.5,7761.25,7757.75,7759.0,1379
2026-09-30 09:03:00-04:00,7760.25,7760.25,7760.75,7759.0,7760.5,781
2026-09-30 09:04:00-04:00,7761.0,7761.0,7761.0,7759.5,7760.25,921
2026-09-30 09:05:00-04:00,7759.75,7759.75,7762.25,7759.5,7761.25,1851
2026-09-30 09:06:00-04:00,7760.75,7760.75,7763.5,7759.25,7759.5,2090
2026-09-30 09:07:00-04:00,7762.0,7762.0,7762.25,7760.0,7760.75,764
2026-09-30 09:08:00-04:00,7759.75,7759.75,7764.0,7758.75,7761.75,1389
2026-09-30 09:09:00-04:00,7760.5,7760.5,7761.25,7758.5,7759.5,827
2026-09-30 09:10:00-04:00,7758.5,7758.5,7760.5,7758.25,7760.25,818
2026-09-30 09:11:00-04:00,7760.25,7760.25,7763.0,7757.25,7758.25,2066
2026-09-30 09:12:00-04:00,7757.5,7757.5,7761.0,7757.5,7760.25,1018
2026-09-30 09:13:00-04:00,7757.75,7757.75,7760.25,7756.75,7757.75,1440
2026-09-30 09:14:00-04:00,7757.5,7757.5,7758.0,7757.0,7757.5,720
2026-09-30 09:15:00-04:00,7757.75,7757.75,7759.25,7756.75,7757.75,946
2026-09-30 09:16:00-04:00,7757.25,7757.25,7759.0,7757.0,7757.75,1017
2026-09-30 09:17:00-04:00,7756.0,7756.0,7758.0,7754.75,7757.5,1174
2026-09-30 09:18:00-04:00,7756.5,7756.5,7756.75,7754.5,7756.0,888
2026-09-30 09:19:00-04:00,7752.5,7752.5,7756.5,7752.5,7756.25,1207
2026-09-30 09:20:00-04:00,7751.0,7751.0,7753.5,7750.5,7752.75,1701
2026-09-30 09:21:00-04:00,7751.0,7751.0,7753.0,7750.5,7751.25,962
2026-09-30 09:22:00-04:00,7750.75,7750.75,7754.25,7750.5,7751.0,2001
2026-09-30 09:23:00-04:00,7750.75,7750.75,7751.5,7748.75,7751.0,2118
2026-09-30 09:24:00-04:00,7752.5,7752.5,7753.25,7750.75,7750.75,941
2026-09-30 09:25:00-04:00,7754.75,7754.75,7756.5,7752.0,7752.25,1305
2026-09-30 09:26:00-04:00,7756.75,7756.75,7757.5,7754.75,7754.75,1062
2026-09-30 09:27:00-04:00,7755.25,7755.25,7756.5,7754.5,7756.5,1263
2026-09-30 09:28:00-04:00,7753.25,7753.25,7756.5,7751.5,7755.5,2405
2026-09-30 09:29:00-04:00,7751.5,7751.5,7754.75,7750.0,7753.25,3351
2026-09-30 09:30:00-04:00,7752.75,7752.75,7754.25,7748.75,7751.75,10146
2026-09-30 09:31:00-04:00,7758.75,7758.75,7759.25,7751.0,7753.0,7899
2026-09-30 09:32:00-04:00,7754.75,7754.75,7760.75,7753.5,7758.75,6197
2026-09-30 09:33:00-04:00,7754.25,7754.25,7755.5,7750.0,7754.5,5303
2026-09-30 09:34:00-04:00,7755.0,7755.0,7757.25,7754.25,7754.25,4203
2026-09-30 09:35:00-04:00,7753.75,7753.75,7755.75,7751.75,7755.0,5477
2026-09-30 09:36:00-04:00,7755.75,7755.75,7756.0,7751.75,7753.75,4772
2026-09-30 09:37:00-04:00,7754.5,7754.5,7757.25,7753.75,7755.75,4292
2026-09-30 09:38:00-04:00,7751.75,7751.75,7754.75,7749.0,7754.5,4958
2026-09-30 09:39:00-04:00,7756.5,7756.5,7757.25,7751.25,7751.75,3689
2026-09-30 09:40:00-04:00,7752.5,7752.5,7756.5,7752.0,7756.25,3638
2026-09-30 09:41:00-04:00,7756.25,7756.25,7756.75,7752.25,7752.25,1965
2026-09-30 09:42:00-04:00,7755.75,7755.75,7757.5,7755.0,7756.25,2689
2026-09-30 09:43:00-04:00,7755.5,7755.5,7758.5,7755.0,7755.75,2888
2026-09-30 09:44:00-04:00,7754.25,7754.25,7756.75,7750.75,7755.25,3885
2026-09-30 09:45:00-04:00,7750.0,7750.0,7757.75,7749.75,7754.25,5105
2026-09-30 09:46:00-04:00,7749.5,7749.5,7750.75,7748.0,7749.75,5451
2026-09-30 09:47:00-04:00,7750.75,7750.75,7751.75,7748.0,7749.5,3868
2026-09-30 09:48:00-04:00,7751.75,7751.75,7755.0,7749.75,7750.75,6295
2026-09-30 09:49:00-04:00,7759.0,7759.0,7759.75,7751.75,7751.75,6278
2026-09-30 09:50:00-04:00,7759.75,7759.75,7761.25,7757.75,7759.0,5295
2026-09-30 09:51:00-04:00,7758.5,7758.5,7761.0,7757.0,7759.75,4382
2026-09-30 09:52:00-04:00,7756.0,7756.0,7758.25,7754.75,7758.25,4569
2026-09-30 09:53:00-04:00,7757.25,7757.25,7758.75,7752.5,7756.0,4350
2026-09-30 09:54:00-04:00,7761.0,7761.0,7761.75,7755.75,7757.25,4909
2026-09-30 09:55:00-04:00,7760.75,7760.75,7763.75,7760.75,7761.0,5824
2026-09-30 09:56:00-04:00,7761.0,7761.0,7762.25,7760.0,7760.75,4581
2026-09-30 09:57:00-04:00,7760.25,7760.25,7762.25,7760.0,7761.0,3828
2026-09-30 09:58:00-04:00,7762.0,7762.0,7762.25,7758.0,7760.25,5016
2026-09-30 09:59:00-04:00,7767.25,7767.25,7767.75,7760.5,7762.0,7645
2026-09-30 10:00:00-04:00,7768.5,7768.5,7769.75,7767.0,7767.25,9107
2026-09-30 10:01:00-04:00,7772.5,7772.5,7774.25,7768.25,7768.5,8898
2026-09-30 10:02:00-04:00,7771.5,7771.5,7773.25,7770.0,7772.5,5084
2026-09-30 10:03:00-04:00,7773.25,7773.25,7773.75,7770.25,7771.5,5072
2026-09-30 10:04:00-04:00,7773.75,7773.75,7775.0,7772.0,7773.25,4710
2026-09-30 10:05:00-04:00,7776.5,7776.5,7776.75,7773.5,7773.75,5919
2026-09-30 10:06:00-04:00,7778.75,7778.75,7779.5,7776.0,7776.5,7771
2026-09-30 10:07:00-04:00,7776.0,7776.0,7779.0,7775.5,7778.75,5788
2026-09-30 10:08:00-04:00,7776.0,7776.0,7776.5,7774.5,7775.75,3765
2026-09-30 10:09:00-04:00,7773.25,7773.25,7776.25,7772.0,7776.25,6055
2026-09-30 10:10:00-04:00,7770.0,7770.0,7773.75,7769.5,7773.25,5663
2026-09-30 10:11:00-04:00,7768.75,7768.75,7770.5,7767.5,7769.75,5658
2026-09-30 10:12:00-04:00,7771.5,7771.5,7773.0,7768.25,7768.75,4556
2026-09-30 10:13:00-04:00,7768.75,7768.75,7772.25,7768.5,7771.5,3403
2026-09-30 10:14:00-04:00,7769.0,7769.0,7770.25,7767.0,7768.75,4034
2026-09-30 10:15:00-04:00,7771.5,7771.5,7772.5,7769.25,7769.25,5443
2026-09-30 10:16:00-04:00,7772.75,7772.75,7773.5,7770.5,7771.25,4654
2026-09-30 10:17:00-04:00,7772.75,7772.75,7773.5,7769.5,7772.75,6858
2026-09-30 10:18:00-04:00,7773.0,7773.0,7776.0,7772.75,7772.75,4901
2026-09-30 10:19:00-04:00,7775.5,7775.5,7775.5,7772.75,7772.75,4223
2026-09-30 10:20:00-04:00,7777.25,7777.25,7778.5,7774.5,7775.5,4729
2026-09-30 10:21:00-04:00,7777.75,7777.75,7779.0,7776.75,7777.25,3593
2026-09-30 10:22:00-04:00,7775.25,7775.25,7778.0,7775.0,7777.5,4080
2026-09-30 10:23:00-04:00,7775.0,7775.0,7775.25,7772.5,7775.25,4872
2026-09-30 10:24:00-04:00,7772.0,7772.0,7775.25,7771.5,7774.75,4380
2026-09-30 10:25:00-04:00,7770.5,7770.5,7772.5,7768.75,7772.0,5860
2026-09-30 10:26:00-04:00,7768.25,7768.25,7772.0,7767.75,7770.25,4636
2026-09-30 10:27:00-04:00,7769.0,7769.0,7769.25,7767.0,7768.0,4525
2026-09-30 10:28:00-04:00,7764.25,7764.25,7769.0,7762.5,7769.0,5466
2026-09-30 10:29:00-04:00,7766.0,7766.0,7766.75,7763.5,7764.0,5184
2026-09-30 10:30:00-04:00,7767.5,7767.5,7767.5,7763.75,7766.25,6908
2026-09-30 10:31:00-04:00,7768.75,7768.75,7769.0,7764.25,7767.25,6342
2026-09-30 10:32:00-04:00,7765.25,7765.25,7770.25,7765.0,7768.75,3938
2026-09-30 10:33:00-04:00,7765.5,7765.5,7766.5,7763.5,7765.0,3752
2026-09-30 10:34:00-04:00,7763.25,7763.25,7765.75,7761.5,7765.25,4386
2026-09-30 10:35:00-04:00,7763.0,7763.0,7763.75,7762.25,7763.25,3777
2026-09-30 10:36:00-04:00,7762.0,7762.0,7764.75,7761.25,7763.0,3588
2026-09-30 10:37:00-04:00,7764.25,7764.25,7764.75,7761.75,7761.75,3131
2026-09-30 10:38:00-04:00,7766.25,7766.25,7766.75,7760.25,7764.25,7393
2026-09-30 10:39:00-04:00,7764.75,7764.75,7767.5,7764.0,7766.25,4014
2026-09-30 10:40:00-04:00,7765.75,7765.75,7765.75,7760.75,7764.75,3012
2026-09-30 10:41:00-04:00,7768.0,7768.0,7768.5,7763.75,7765.75,3214
2026-09-30 10:42:00-04:00,7771.25,7771.25,7771.75,7766.75,7768.0,3712
2026-09-30 10:43:00-04:00,7768.25,7768.25,7771.75,7766.25,7771.0,7510
2026-09-30 10:44:00-04:00,7764.0,7764.0,7769.0,7763.75,7768.0,3471
2026-09-30 10:45:00-04:00,7766.75,7766.75,7767.75,7763.25,7764.0,4275
2026-09-30 10:46:00-04:00,7767.25,7767.25,7768.25,7765.0,7766.75,3415
2026-09-30 10:47:00-04:00,7770.5,7770.5,7770.75,7767.0,7767.5,3249
2026-09-30 10:48:00-04:00,7771.75,7771.75,7773.25,7769.75,7770.5,3639
2026-09-30 10:49:00-04:00,7774.25,7774.25,7774.5,7770.75,7771.75,3847
2026-09-30 10:50:00-04:00,7772.5,7772.5,7774.75,7772.0,7774.25,3053
2026-09-30 10:51:00-04:00,7773.0,7773.0,7774.75,7772.0,7772.25,3003
2026-09-30 10:52:00-04:00,7776.25,7776.25,7776.5,7772.75,7773.0,4072
2026-09-30 10:53:00-04:00,7778.25,7778.25,7779.0,7775.75,7776.25,5587
2026-09-30 10:54:00-04:00,7780.0,7780.0,7782.0,7777.75,7778.25,12071
2026-09-30 10:55:00-04:00,7779.25,7779.25,7781.25,7778.5,7780.0,5206
2026-09-30 10:56:00-04:00,7777.75,7777.75,7779.25,7776.5,7779.25,4120
2026-09-30 10:57:00-04:00,7779.75,7779.75,7780.5,7776.75,7777.75,3577
2026-09-30 10:58:00-04:00,7775.0,7775.0,7780.0,7774.0,7780.0,4186
2026-09-30 10:59:00-04:00,7772.75,7772.75,7775.5,7772.75,7775.0,3407
2026-09-30 11:00:00-04:00,7770.5,7770.5,7773.25,7770.0,7773.0,8410
2026-09-30 11:01:00-04:00,7770.5,7770.5,7771.75,7768.25,7770.75,4747
2026-09-30 11:02:00-04:00,7768.0,7768.0,7772.75,7767.75,7770.5,4848
2026-09-30 11:03:00-04:00,7771.5,7771.5,7771.5,7767.5,7768.0,3964
2026-09-30 11:04:00-04:00,7773.0,7773.0,7773.0,7769.25,7771.5,4208
2026-09-30 11:05:00-04:00,7769.75,7769.75,7772.75,7768.75,7772.75,2450
2026-09-30 11:06:00-04:00,7770.0,7770.0,7771.25,7768.0,7769.75,3578
2026-09-30 11:07:00-04:00,7767.5,7767.5,7770.5,7766.25,7769.75,5400
2026-09-30 11:08:00-04:00,7769.5,7769.5,7769.75,7766.75,7767.5,3243
2026-09-30 11:09:00-04:00,7772.5,7772.5,7773.5,7768.75,7769.5,4005
2026-09-30 11:10:00-04:00,7772.75,7772.75,7773.0,7771.5,7772.5,2762
2026-09-30 11:11:00-04:00,7769.5,7769.5,7774.25,7768.75,7773.0,5062
2026-09-30 11:12:00-04:00,7768.5,7768.5,7770.75,7764.5,7769.5,11284
2026-09-30 11:13:00-04:00,7770.0,7770.0,7771.0,7768.5,7768.5,2406
2026-09-30 11:14:00-04:00,7769.5,7769.5,7770.5,7767.25,7769.75,4903
2026-09-30 11:15:00-04:00,7773.75,7773.75,7774.0,7769.0,7769.25,2860
2026-09-30 11:16:00-04:00,7775.0,7775.0,7777.0,7773.25,7773.75,3915
2026-09-30 11:17:00-04:00,7774.25,7774.25,7775.0,7773.25,7775.0,2342
2026-09-30 11:18:00-04:00,7772.5,7772.5,7774.25,7771.5,7774.0,3345
2026-09-30 11:19:00-04:00,7772.25,7772.25,7774.25,7771.25,7772.5,1932
2026-09-30 11:20:00-04:00,7769.5,7769.5,7772.5,7769.0,7772.25,3072
2026-09-30 11:21:00-04:00,7769.0,7769.0,7770.0,7768.0,7769.5,4374
2026-09-30 11:22:00-04:00,7766.5,7766.5,7769.25,7766.25,7768.75,2564
2026-09-30 11:23:00-04:00,7767.75,7767.75,7768.0,7766.25,7766.5,2575
2026-09-30 11:24:00-04:00,7768.5,7768.5,7768.5,7766.75,7767.75,2951
2026-09-30 11:25:00-04:00,7767.25,7767.25,7770.25,7766.75,7768.5,2895
2026-09-30 11:26:00-04:00,7766.75,7766.75,7769.0,7766.0,7767.0,2981
2026-09-30 11:27:00-04:00,7770.75,7770.75,7770.75,7766.0,7766.75,2677
2026-09-30 11:28:00-04:00,7772.25,7772.25,7772.25,7770.0,7770.5,2926
2026-09-30 11:29:00-04:00,7775.25,7775.25,7775.25,7772.0,7772.0,4285
2026-09-30 11:30:00-04:00,7776.0,7776.0,7776.0,7774.25,7775.0,3484
2026-09-30 11:31:00-04:00,7776.5,7776.5,7776.5,7773.75,7775.75,3068
2026-09-30 11:32:00-04:00,7776.75,7776.75,7778.0,7775.75,7776.25,3156
2026-09-30 11:33:00-04:00,7775.5,7775.5,7776.5,7774.5,7776.5,2379
2026-09-30 11:34:00-04:00,7774.0,7774.0,7777.5,7773.5,7775.5,7022
2026-09-30 11:35:00-04:00,7774.0,7774.0,7776.0,7773.0,7774.0,3821
2026-09-30 11:36:00-04:00,7772.75,7772.75,7774.25,7772.25,7774.0,2360
2026-09-30 11:37:00-04:00,7774.25,7774.25,7774.5,7770.25,7772.5,2436
2026-09-30 11:38:00-04:00,7774.75,7774.75,7774.75,7773.75,7774.0,1768
2026-09-30 11:39:00-04:00,7774.0,7774.0,7775.0,7773.75,7774.75,2864
2026-09-30 11:40:00-04:00,7773.5,7773.5,7774.0,7772.5,7774.0,2149
2026-09-30 11:41:00-04:00,7773.75,7773.75,7776.0,7773.25,7773.75,3264
2026-09-30 11:42:00-04:00,7773.25,7773.25,7774.75,7773.25,7773.75,2260
2026-09-30 11:43:00-04:00,7768.25,7768.25,7773.5,7768.0,7773.5,4036
2026-09-30 11:44:00-04:00,7767.5,7767.5,7769.25,7766.0,7768.5,5413
2026-09-30 11:45:00-04:00,7768.0,7768.0,7768.25,7766.0,7767.5,2999
2026-09-30 11:46:00-04:00,7767.5,7767.5,7768.75,7767.0,7768.0,2364
2026-09-30 11:47:00-04:00,7768.75,7768.75,7769.0,7767.0,7767.5,2824
2026-09-30 11:48:00-04:00,7773.75,7773.75,7774.0,7768.5,7768.75,3832
2026-09-30 11:49:00-04:00,7779.5,7779.5,7780.0,7773.0,7773.75,4631
2026-09-30 11:50:00-04:00,7778.75,7778.75,7780.25,7778.0,7779.25,4472
2026-09-30 11:51:00-04:00,7776.25,7776.25,7778.75,7775.5,7778.5,3876
2026-09-30 11:52:00-04:00,7773.25,7773.25,7776.25,7772.5,7776.25,3210
2026-09-30 11:53:00-04:00,7774.0,7774.0,7774.75,7773.0,7773.0,2205
2026-09-30 11:54:00-04:00,7769.75,7769.75,7775.25,7769.5,7774.25,4248
2026-09-30 11:55:00-04:00,7769.5,7769.5,7770.75,7768.25,7769.75,3690
2026-09-30 11:56:00-04:00,7770.25,7770.25,7771.25,7769.5,7769.5,2215
2026-09-30 11:57:00-04:00,7772.5,7772.5,7772.5,7769.75,7770.0,2024
2026-09-30 11:58:00-04:00,7771.75,7771.75,7773.25,7770.75,7772.25,3974
2026-09-30 11:59:00-04:00,7774.75,7774.75,7775.0,7771.0,7771.75,2045
2026-09-30 12:00:00-04:00,7774.0,7774.0,7774.75,7772.25,7774.75,5190
2026-09-30 12:01:00-04:00,7774.5,7774.5,7775.0,7773.25,7774.0,2378
2026-09-30 12:02:00-04:00,7776.75,7776.75,7777.75,7774.5,7774.5,3651
2026-09-30 12:03:00-04:00,7776.5,7776.5,7777.0,7775.0,7777.0,3027
2026-09-30 12:04:00-04:00,7776.25,7776.25,7776.5,7774.0,7776.5,3891
2026-09-30 12:05:00-04:00,7776.75,7776.75,7778.0,7776.25,7776.5,2241
2026-09-30 12:06:00-04:00,7777.5,7777.5,7778.25,7776.75,7777.0,2097
2026-09-30 12:07:00-04:00,7775.0,7775.0,7777.75,7774.75,7777.5,2531
2026-09-30 12:08:00-04:00,7775.25,7775.25,7775.5,7774.75,7775.0,1411
2026-09-30 12:09:00-04:00,7775.5,7775.5,7775.75,7774.75,7775.5,1569
2026-09-30 12:10:00-04:00,7775.5,7775.5,7776.0,7774.25,7775.5,1842
2026-09-30 12:11:00-04:00,7776.75,7776.75,7778.5,7774.75,7775.75,4241
2026-09-30 12:12:00-04:00,7774.5,7774.5,7776.75,7774.0,7776.75,1767
2026-09-30 12:13:00-04:00,7776.75,7776.75,7777.5,7774.0,7774.5,1890
2026-09-30 12:14:00-04:00,7777.5,7777.5,7777.5,7776.5,7776.75,1458
2026-09-30 12:15:00-04:00,7775.75,7775.75,7777.75,7775.0,7777.5,1729
2026-09-30 12:16:00-04:00,7775.0,7775.0,7776.0,7774.5,7775.75,1176
2026-09-30 12:17:00-04:00,7770.25,7770.25,7775.0,7770.0,7774.75,4441
2026-09-30 12:18:00-04:00,7770.75,7770.75,7770.75,7769.0,7770.0,3560
2026-09-30 12:19:00-04:00,7772.0,7772.0,7772.0,7770.5,7770.5,2181
2026-09-30 12:20:00-04:00,7771.25,7771.25,7772.0,7770.25,7771.75,1825
2026-09-30 12:21:00-04:00,7771.25,7771.25,7771.75,7771.0,7771.25,1442
2026-09-30 12:22:00-04:00,7771.5,7771.5,7772.5,7771.25,7771.5,1577
2026-09-30 12:23:00-04:00,7771.25,7771.25,7771.75,7770.0,7771.5,1491
2026-09-30 12:24:00-04:00,7770.25,7770.25,7772.0,7769.75,7771.5,1605
2026-09-30 12:25:00-04:00,7770.5,7770.5,7771.0,7770.0,7770.25,1232
2026-09-30 12:26:00-04:00,7769.5,7769.5,7771.0,7769.0,7770.75,1292
2026-09-30 12:27:00-04:00,7768.75,7768.75,7769.5,7768.0,7769.5,1995
2026-09-30 12:28:00-04:00,7768.75,7768.75,7769.5,7768.0,7769.0,1792
2026-09-30 12:29:00-04:00,7767.5,7767.5,7769.5,7767.25,7768.5,1990
2026-09-30 12:30:00-04:00,7765.5,7765.5,7768.25,7765.5,7767.5,3894
2026-09-30 12:31:00-04:00,7765.5,7765.5,7766.5,7765.0,7765.75,2379
2026-09-30 12:32:00-04:00,7765.5,7765.5,7766.75,7765.0,7765.5,1854
2026-09-30 12:33:00-04:00,7766.0,7766.0,7766.75,7765.0,7765.75,2236
2026-09-30 12:34:00-04:00,7767.5,7767.5,7767.75,7765.75,7766.25,2690
2026-09-30 12:35:00-04:00,7766.75,7766.75,7768.0,7766.0,7767.5,1695
2026-09-30 12:36:00-04:00,7764.0,7764.0,7767.25,7763.75,7767.0,2359
2026-09-30 12:37:00-04:00,7765.5,7765.5,7767.0,7763.75,7763.75,2179
2026-09-30 12:38:00-04:00,7766.75,7766.75,7767.5,7765.0,7765.5,1522
2026-09-30 12:39:00-04:00,7766.5,7766.5,7767.0,7765.0,7766.75,1596
2026-09-30 12:40:00-04:00,7767.5,7767.5,7767.5,7765.75,7766.25,1843
2026-09-30 12:41:00-04:00,7768.75,7768.75,7770.5,7767.5,7767.75,2152
2026-09-30 12:42:00-04:00,7768.75,7768.75,7769.75,7767.25,7769.0,1999
2026-09-30 12:43:00-04:00,7771.25,7771.25,7771.75,7768.5,7768.75,2256
2026-09-30 12:44:00-04:00,7771.25,7771.25,7772.5,7770.75,7771.5,2114
2026-09-30 12:45:00-04:00,7768.25,7768.25,7771.0,7768.0,7771.0,2294
2026-09-30 12:46:00-04:00,7768.75,7768.75,7769.5,7767.75,7768.5,1496
2026-09-30 12:47:00-04:00,7769.0,7769.0,7770.75,7768.75,7768.75,1398
2026-09-30 12:48:00-04:00,7765.25,7765.25,7769.0,7764.75,7768.75,2425
2026-09-30 12:49:00-04:00,7765.5,7765.5,7766.0,7764.25,7765.5,2182
2026-09-30 12:50:00-04:00,7766.75,7766.75,7766.75,7765.5,7765.75,1340
2026-09-30 12:51:00-04:00,7766.0,7766.0,7767.75,7765.75,7766.75,1473
2026-09-30 12:52:00-04:00,7766.75,7766.75,7768.5,7766.0,7766.0,1550
2026-09-30 12:53:00-04:00,7767.5,7767.5,7768.0,7766.25,7766.75,1376
2026-09-30 12:54:00-04:00,7767.0,7767.0,7767.5,7766.75,7767.25,1036
2026-09-30 12:55:00-04:00,7766.25,7766.25,7768.0,7765.5,7767.0,1032
2026-09-30 12:56:00-04:00,7767.5,7767.5,7767.5,7765.75,7766.25,1169
2026-09-30 12:57:00-04:00,7768.5,7768.5,7769.5,7767.5,7767.5,1591
2026-09-30 12:58:00-04:00,7769.0,7769.0,7770.0,7768.25,7768.5,2170
2026-09-30 12:59:00-04:00,7769.75,7769.75,7770.25,7769.0,7769.0,1592
2026-09-30 13:00:00-04:00,7770.0,7770.0,7771.0,7768.75,7769.5,2603
2026-09-30 13:01:00-04:00,7771.25,7771.25,7771.5,7769.0,7770.25,1823
2026-09-30 13:02:00-04:00,7770.25,7770.25,7772.0,7770.0,7771.25,1687
2026-09-30 13:03:00-04:00,7770.75,7770.75,7770.75,7769.25,7770.5,1957
2026-09-30 13:04:00-04:00,7769.75,7769.75,7771.0,7769.5,7770.75,1099
2026-09-30 13:05:00-04:00,7770.5,7770.5,7771.5,7769.5,7769.75,1405
2026-09-30 13:06:00-04:00,7771.25,7771.25,7771.75,7770.0,7770.5,1807
2026-09-30 13:07:00-04:00,7771.5,7771.5,7772.25,7770.5,7771.25,1651
2026-09-30 13:08:00-04:00,7771.5,7771.5,7772.25,7770.75,7771.25,1614
2026-09-30 13:09:00-04:00,7770.0,7770.0,7771.75,7769.5,7771.5,913
2026-09-30 13:10:00-04:00,7768.75,7768.75,7770.5,7768.5,7770.0,1439
2026-09-30 13:11:00-04:00,7768.5,7768.5,7769.5,7768.25,7768.75,1703
2026-09-30 13:12:00-04:00,7767.75,7767.75,7769.5,7767.75,7768.75,2041
2026-09-30 13:13:00-04:00,7764.0,7764.0,7768.25,7763.5,7767.75,2604
2026-09-30 13:14:00-04:00,7764.25,7764.25,7765.0,7763.25,7763.75,2213
2026-09-30 13:15:00-04:00,7759.25,7759.25,7764.25,7759.25,7764.25,5295
2026-09-30 13:16:00-04:00,7759.5,7759.5,7759.5,7757.25,7759.25,5910
2026-09-30 13:17:00-04:00,7759.5,7759.5,7760.75,7757.75,7759.5,3527
2026-09-30 13:18:00-04:00,7758.0,7758.0,7759.75,7757.5,7759.75,3584
2026-09-30 13:19:00-04:00,7755.25,7755.25,7759.0,7755.0,7758.25,4704
2026-09-30 13:20:00-04:00,7755.25,7755.25,7755.75,7753.25,7755.25,4517
2026-09-30 13:21:00-04:00,7757.75,7757.75,7758.25,7755.0,7755.25,4023
2026-09-30 13:22:00-04:00,7756.5,7756.5,7759.0,7756.0,7757.75,3078
2026-09-30 13:23:00-04:00,7755.5,7755.5,7756.75,7754.75,7756.5,2080
2026-09-30 13:24:00-04:00,7757.25,7757.25,7757.25,7755.5,7755.5,1471
2026-09-30 13:25:00-04:00,7755.25,7755.25,7757.25,7754.75,7757.25,2555
2026-09-30 13:26:00-04:00,7750.75,7750.75,7756.0,7749.5,7755.25,5124
2026-09-30 13:27:00-04:00,7753.5,7753.5,7754.0,7750.25,7750.75,4151
2026-09-30 13:28:00-04:00,7755.0,7755.0,7755.5,7753.25,7753.5,2579
2026-09-30 13:29:00-04:00,7757.25,7757.25,7757.75,7755.0,7755.0,3006
2026-09-30 13:30:00-04:00,7758.25,7758.25,7758.5,7757.0,7757.25,3482
2026-09-30 13:31:00-04:00,7759.0,7759.0,7759.75,7756.75,7758.0,3034
2026-09-30 13:32:00-04:00,7760.5,7760.5,7761.0,7759.0,7759.0,2570
2026-09-30 13:33:00-04:00,7759.25,7759.25,7760.75,7759.25,7760.75,1660
2026-09-30 13:34:00-04:00,7759.0,7759.0,7760.5,7758.25,7759.25,2949
2026-09-30 13:35:00-04:00,7759.75,7759.75,7761.5,7759.25,7759.25,2365
2026-09-30 13:36:00-04:00,7759.0,7759.0,7761.75,7758.75,7760.0,2840
2026-09-30 13:37:00-04:00,7758.0,7758.0,7759.25,7757.5,7759.0,2394
2026-09-30 13:38:00-04:00,7760.75,7760.75,7761.25,7758.0,7758.25,2071
2026-09-30 13:39:00-04:00,7762.0,7762.0,7762.5,7760.5,7760.75,1997
2026-09-30 13:40:00-04:00,7761.25,7761.25,7762.75,7761.0,7762.25,2090
2026-09-30 13:41:00-04:00,7763.25,7763.25,7764.25,7761.0,7761.5,3052
2026-09-30 13:42:00-04:00,7764.5,7764.5,7764.75,7762.25,7763.25,2638
2026-09-30 13:43:00-04:00,7762.25,7762.25,7764.75,7762.25,7764.25,2053
2026-09-30 13:44:00-04:00,7762.25,7762.25,7762.5,7760.25,7762.25,2179
2026-09-30 13:45:00-04:00,7760.5,7760.5,7762.5,7759.75,7762.5,2912
2026-09-30 13:46:00-04:00,7760.5,7760.5,7761.0,7759.5,7760.5,2129
2026-09-30 13:47:00-04:00,7762.0,7762.0,7765.25,7759.5,7760.75,5158
2026-09-30 13:48:00-04:00,7765.25,7765.25,7765.25,7761.25,7762.0,1741
2026-09-30 13:49:00-04:00,7766.25,7766.25,7766.25,7764.5,7765.25,2017
2026-09-30 13:50:00-04:00,7766.25,7766.25,7767.25,7765.75,7766.25,2333
2026-09-30 13:51:00-04:00,7766.0,7766.0,7766.75,7765.5,7766.25,2093
2026-09-30 13:52:00-04:00,7763.75,7763.75,7766.75,7763.5,7765.75,2665
2026-09-30 13:53:00-04:00,7764.25,7764.25,7764.5,7763.0,7763.5,2393
2026-09-30 13:54:00-04:00,7764.75,7764.75,7764.75,7763.5,7764.25,1187
2026-09-30 13:55:00-04:00,7763.5,7763.5,7765.0,7762.75,7764.75,2069
2026-09-30 13:56:00-04:00,7764.5,7764.5,7764.5,7763.75,7763.75,1678
2026-09-30 13:57:00-04:00,7764.25,7764.25,7764.75,7763.5,7764.25,1636
2026-09-30 13:58:00-04:00,7764.5,7764.5,7765.0,7764.0,7764.25,1584
2026-09-30 13:59:00-04:00,7764.5,7764.5,7765.0,7764.0,7764.5,1846
2026-09-30 14:00:00-04:00,7760.75,7760.75,7764.75,7760.75,7764.5,2642
2026-09-30 14:01:00-04:00,7760.25,7760.25,7762.0,7759.0,7761.0,3313
2026-09-30 14:02:00-04:00,7760.25,7760.25,7760.75,7759.75,7760.5,1992
2026-09-30 14:03:00-04:00,7760.25,7760.25,7761.5,7759.75,7760.5,1586
2026-09-30 14:04:00-04:00,7760.75,7760.75,7761.5,7759.75,7760.5,1824
2026-09-30 14:05:00-04:00,7759.5,7759.5,7761.75,7759.25,7761.0,1943
2026-09-30 14:06:00-04:00,7757.0,7757.0,7759.5,7756.25,7759.5,3009
2026-09-30 14:07:00-04:00,7757.75,7757.75,7758.25,7756.25,7756.75,2116
2026-09-30 14:08:00-04:00,7759.0,7759.0,7759.0,7756.0,7757.75,3068
2026-09-30 14:09:00-04:00,7759.5,7759.5,7759.75,7757.25,7759.0,1735
2026-09-30 14:10:00-04:00,7759.75,7759.75,7760.25,7758.5,7759.5,2916
2026-09-30 14:11:00-04:00,7761.0,7761.0,7762.25,7759.5,7760.0,2195
2026-09-30 14:12:00-04:00,7762.5,7762.5,7763.0,7761.0,7761.0,2476
2026-09-30 14:13:00-04:00,7760.5,7760.5,7762.5,7759.75,7762.25,1990
2026-09-30 14:14:00-04:00,7761.0,7761.0,7761.75,7760.5,7760.75,1534
2026-09-30 14:15:00-04:00,7760.0,7760.0,7761.25,7759.5,7760.75,1675
2026-09-30 14:16:00-04:00,7759.5,7759.5,7761.0,7759.5,7760.25,1897
2026-09-30 14:17:00-04:00,7758.25,7758.25,7760.0,7758.25,7759.5,1526
2026-09-30 14:18:00-04:00,7759.0,7759.0,7759.0,7757.5,7758.5,1655
2026-09-30 14:19:00-04:00,7757.25,7757.25,7759.0,7757.0,7759.0,1900
2026-09-30 14:20:00-04:00,7756.25,7756.25,7758.0,7755.75,7757.5,1839
2026-09-30 14:21:00-04:00,7754.25,7754.25,7756.25,7753.75,7756.0,3826
2026-09-30 14:22:00-04:00,7755.0,7755.0,7755.25,7754.25,7754.5,1718
2026-09-30 14:23:00-04:00,7754.75,7754.75,7755.25,7754.0,7755.0,1506
2026-09-30 14:24:00-04:00,7753.5,7753.5,7755.0,7753.5,7755.0,1728
2026-09-30 14:25:00-04:00,7751.25,7751.25,7754.25,7751.0,7753.5,2882
2026-09-30 14:26:00-04:00,7752.75,7752.75,7753.5,7750.5,7751.25,3241
2026-09-30 14:27:00-04:00,7752.75,7752.75,7754.0,7752.5,7752.75,2289
2026-09-30 14:28:00-04:00,7754.75,7754.75,7755.5,7753.0,7753.0,3706
2026-09-30 14:29:00-04:00,7755.0,7755.0,7756.0,7754.0,7754.75,2596
2026-09-30 14:30:00-04:00,7754.5,7754.5,7756.0,7754.25,7755.25,3048
2026-09-30 14:31:00-04:00,7751.75,7751.75,7755.0,7751.5,7754.5,3383
2026-09-30 14:32:00-04:00,7751.0,7751.0,7751.75,7750.25,7751.5,2338
2026-09-30 14:33:00-04:00,7749.5,7749.5,7751.5,7748.5,7751.25,3423
2026-09-30 14:34:00-04:00,7749.75,7749.75,7750.25,7748.25,7749.75,2946
2026-09-30 14:35:00-04:00,7749.5,7749.5,7750.25,7749.25,7749.75,2108
2026-09-30 14:36:00-04:00,7750.75,7750.75,7752.25,7749.0,7749.75,3551
2026-09-30 14:37:00-04:00,7752.0,7752.0,7752.75,7750.5,7751.0,2389
2026-09-30 14:38:00-04:00,7753.25,7753.25,7753.5,7751.25,7752.25,1884
2026-09-30 14:39:00-04:00,7755.5,7755.5,7756.5,7752.75,7753.25,3031
2026-09-30 14:40:00-04:00,7754.75,7754.75,7756.25,7754.75,7755.5,1763
2026-09-30 14:41:00-04:00,7755.25,7755.25,7755.5,7754.5,7754.75,1356
2026-09-30 14:42:00-04:00,7756.25,7756.25,7756.5,7755.0,7755.5,2106
2026-09-30 14:43:00-04:00,7756.0,7756.0,7757.0,7755.0,7756.5,2345
2026-09-30 14:44:00-04:00,7756.0,7756.0,7756.5,7755.5,7756.25,1024
2026-09-30 14:45:00-04:00,7753.5,7753.5,7756.5,7753.25,7756.0,2340
2026-09-30 14:46:00-04:00,7754.5,7754.5,7755.0,7753.5,7753.5,1296
2026-09-30 14:47:00-04:00,7753.5,7753.5,7754.75,7753.0,7754.25,1673
2026-09-30 14:48:00-04:00,7750.25,7750.25,7753.25,7750.25,7753.25,2513
2026-09-30 14:49:00-04:00,7750.0,7750.0,7751.0,7748.75,7750.25,1649
2026-09-30 14:50:00-04:00,7750.5,7750.5,7751.5,7750.0,7750.0,1889
2026-09-30 14:51:00-04:00,7749.0,7749.0,7751.25,7748.75,7750.5,1953
2026-09-30 14:52:00-04:00,7749.5,7749.5,7750.25,7748.75,7749.0,1695
2026-09-30 14:53:00-04:00,7748.0,7748.0,7750.25,7747.25,7749.5,3835
2026-09-30 14:54:00-04:00,7749.5,7749.5,7749.75,7747.5,7748.0,2124
2026-09-30 14:55:00-04:00,7749.75,7749.75,7750.0,7749.0,7749.25,2523
2026-09-30 14:56:00-04:00,7750.0,7750.0,7751.0,7749.0,7749.5,2478
2026-09-30 14:57:00-04:00,7751.5,7751.5,7751.5,7749.5,7749.75,1372
2026-09-30 14:58:00-04:00,7752.75,7752.75,7753.75,7750.25,7751.25,3125
2026-09-30 14:59:00-04:00,7752.25,7752.25,7754.0,7751.5,7752.75,2592
2026-09-30 15:00:00-04:00,7753.25,7753.25,7753.75,7752.0,7752.0,2105
2026-09-30 15:01:00-04:00,7754.75,7754.75,7755.25,7752.25,7753.5,2362
2026-09-30 15:02:00-04:00,7755.5,7755.5,7755.75,7754.25,7755.0,2277
2026-09-30 15:03:00-04:00,7755.25,7755.25,7755.75,7753.75,7755.5,1578
2026-09-30 15:04:00-04:00,7755.0,7755.0,7755.5,7754.5,7755.25,1865
2026-09-30 15:05:00-04:00,7754.5,7754.5,7755.25,7753.75,7755.0,1992
2026-09-30 15:06:00-04:00,7754.25,7754.25,7755.25,7754.0,7754.5,1818
2026-09-30 15:07:00-04:00,7754.5,7754.5,7755.25,7753.5,7754.25,1627
2026-09-30 15:08:00-04:00,7755.0,7755.0,7756.0,7754.25,7754.5,2377
2026-09-30 15:09:00-04:00,7755.5,7755.5,7755.5,7753.5,7755.0,2202
2026-09-30 15:10:00-04:00,7754.0,7754.0,7755.5,7753.0,7755.5,2963
2026-09-30 15:11:00-04:00,7752.75,7752.75,7755.0,7752.75,7754.0,1994
2026-09-30 15:12:00-04:00,7753.5,7753.5,7753.75,7752.75,7752.75,1490
2026-09-30 15:13:00-04:00,7753.25,7753.25,7753.75,7753.0,7753.5,1060
2026-09-30 15:14:00-04:00,7755.5,7755.5,7756.0,7753.0,7753.0,3188
2026-09-30 15:15:00-04:00,7753.5,7753.5,7755.5,7753.0,7755.25,2092
2026-09-30 15:16:00-04:00,7752.75,7752.75,7754.0,7752.25,7753.75,2635
2026-09-30 15:17:00-04:00,7752.75,7752.75,7753.5,7752.25,7752.75,1765
2026-09-30 15:18:00-04:00,7753.75,7753.75,7753.75,7752.0,7752.75,2001
2026-09-30 15:19:00-04:00,7753.75,7753.75,7754.75,7753.25,7753.5,1628
2026-09-30 15:20:00-04:00,7752.75,7752.75,7754.0,7751.75,7753.75,2070
2026-09-30 15:21:00-04:00,7752.0,7752.0,7753.75,7752.0,7752.75,1466
2026-09-30 15:22:00-04:00,7752.25,7752.25,7752.75,7751.75,7752.25,1095
2026-09-30 15:23:00-04:00,7749.5,7749.5,7752.25,7749.25,7752.25,2895
2026-09-30 15:24:00-04:00,7750.0,7750.0,7751.5,7749.25,7749.5,2385
2026-09-30 15:25:00-04:00,7750.0,7750.0,7752.0,7749.75,7750.25,2091
2026-09-30 15:26:00-04:00,7750.5,7750.5,7750.75,7749.75,7749.75,1196
2026-09-30 15:27:00-04:00,7750.25,7750.25,7751.25,7749.5,7750.25,1421
2026-09-30 15:28:00-04:00,7750.25,7750.25,7751.0,7749.25,7750.5,1488
2026-09-30 15:29:00-04:00,7750.5,7750.5,7750.75,7749.5,7750.5,1957
2026-09-30 15:30:00-04:00,7750.5,7750.5,7751.25,7749.5,7750.5,2844
2026-09-30 15:31:00-04:00,7749.5,7749.5,7750.75,7749.0,7750.5,2132
2026-09-30 15:32:00-04:00,7748.5,7748.5,7750.25,7748.25,7749.5,3137
2026-09-30 15:33:00-04:00,7748.5,7748.5,7748.75,7747.25,7748.5,2037
2026-09-30 15:34:00-04:00,7748.25,7748.25,7749.75,7748.0,7748.5,2330
2026-09-30 15:35:00-04:00,7750.5,7750.5,7751.25,7748.25,7748.5,3615
2026-09-30 15:36:00-04:00,7748.25,7748.25,7750.5,7748.0,7750.25,1958
2026-09-30 15:37:00-04:00,7745.5,7745.5,7748.75,7744.5,7748.0,4496
2026-09-30 15:38:00-04:00,7744.25,7744.25,7746.75,7744.0,7745.5,3649
2026-09-30 15:39:00-04:00,7746.75,7746.75,7748.0,7744.25,7744.25,6019
2026-09-30 15:40:00-04:00,7746.5,7746.5,7748.0,7745.5,7746.75,4210
2026-09-30 15:41:00-04:00,7744.5,7744.5,7747.0,7744.25,7746.75,3231
2026-09-30 15:42:00-04:00,7742.75,7742.75,7745.5,7742.25,7744.5,3268
2026-09-30 15:43:00-04:00,7743.75,7743.75,7744.0,7742.0,7742.75,2545
2026-09-30 15:44:00-04:00,7744.5,7744.5,7745.75,7743.75,7743.75,2445
2026-09-30 15:45:00-04:00,7743.25,7743.25,7745.5,7742.5,7744.5,4180
2026-09-30 15:46:00-04:00,7743.0,7743.0,7744.0,7742.75,7743.25,2524
2026-09-30 15:47:00-04:00,7741.5,7741.5,7743.5,7741.0,7743.0,3180
2026-09-30 15:48:00-04:00,7742.75,7742.75,7745.0,7740.0,7741.5,5361
2026-09-30 15:49:00-04:00,7740.5,7740.5,7743.5,7740.5,7743.0,3621
2026-09-30 15:50:00-04:00,7733.25,7733.25,7740.5,7732.5,7740.5,14481
2026-09-30 15:51:00-04:00,7733.5,7733.5,7733.75,7730.25,7733.25,8017
2026-09-30 15:52:00-04:00,7735.25,7735.25,7737.25,7733.0,7733.25,12305
2026-09-30 15:53:00-04:00,7735.5,7735.5,7738.0,7735.0,7735.25,7527
2026-09-30 15:54:00-04:00,7727.0,7727.0,7735.5,7726.5,7735.25,13314
2026-09-30 15:55:00-04:00,7728.0,7728.0,7728.0,7724.25,7727.25,18954
2026-09-30 15:56:00-04:00,7728.0,7728.0,7729.5,7726.0,7727.75,11485
2026-09-30 15:57:00-04:00,7727.75,7727.75,7729.5,7726.75,7728.0,10861
2026-09-30 15:58:00-04:00,7726.5,7726.5,7728.5,7722.75,7727.75,19023
2026-09-30 15:59:00-04:00,7713.0,7713.0,7730.0,7709.25,7726.5,133574
2026-09-30 16:00:00-04:00,7719.0,7719.0,7719.75,7709.75,7713.0,33313
2026-09-30 16:01:00-04:00,7714.0,7714.0,7718.75,7708.25,7718.75,7450
2026-09-30 16:02:00-04:00,7713.5,7713.5,7716.5,7709.0,7714.25,7436
2026-09-30 16:03:00-04:00,7710.25,7710.25,7713.5,7708.5,7713.5,5965
2026-09-30 16:04:00-04:00,7712.75,7712.75,7713.5,7705.5,7710.25,5190
2026-09-30 16:05:00-04:00,7714.25,7714.25,7717.0,7711.75,7712.75,6169
2026-09-30 16:06:00-04:00,7716.5,7716.5,7717.0,7714.0,7714.5,3699
2026-09-30 16:07:00-04:00,7716.75,7716.75,7721.0,7714.25,7716.5,5549
2026-09-30 16:08:00-04:00,7717.75,7717.75,7718.75,7715.75,7716.75,2988
2026-09-30 16:09:00-04:00,7716.5,7716.5,7718.75,7715.5,7718.0,1755
2026-09-30 16:10:00-04:00,7718.25,7718.25,7719.25,7716.25,7716.75,1889
2026-09-30 16:11:00-04:00,7718.0,7718.0,7719.0,7717.5,7718.0,1764
2026-09-30 16:12:00-04:00,7718.25,7718.25,7718.5,7717.5,7718.0,1402
2026-09-30 16:13:00-04:00,7720.0,7720.0,7720.5,7717.0,7718.25,2732
2026-09-30 16:14:00-04:00,7721.75,7721.75,7722.75,7719.75,7719.75,2760
2026-09-30 16:15:00-04:00,7722.25,7722.25,7723.0,7719.0,7721.5,1926
2026-09-30 16:16:00-04:00,7720.0,7720.0,7723.0,7720.0,7722.5,1294
2026-09-30 16:17:00-04:00,7720.25,7720.25,7721.25,7719.75,7720.0,741
2026-09-30 16:18:00-04:00,7721.0,7721.0,7721.75,7720.0,7720.0,772
2026-09-30 16:19:00-04:00,7722.0,7722.0,7722.5,7721.0,7721.0,726
2026-09-30 16:20:00-04:00,7723.25,7723.25,7723.5,7721.75,7722.25,829
2026-09-30 16:21:00-04:00,7723.25,7723.25,7723.75,7722.0,7723.25,869
2026-09-30 16:22:00-04:00,7724.25,7724.25,7725.0,7722.75,7723.5,1019
2026-09-30 16:23:00-04:00,7722.75,7722.75,7724.75,7722.75,7724.25,838
2026-09-30 16:24:00-04:00,7724.25,7724.25,7724.5,7723.0,7723.0,424
2026-09-30 16:25:00-04:00,7725.25,7725.25,7726.0,7724.25,7724.5,886
2026-09-30 16:26:00-04:00,7725.0,7725.0,7725.75,7724.25,7725.5,679
2026-09-30 16:27:00-04:00,7725.0,7725.0,7725.5,7723.75,7725.0,872
2026-09-30 16:28:00-04:00,7724.0,7724.0,7725.0,7723.25,7725.0,1000
2026-09-30 16:29:00-04:00,7723.25,7723.25,7724.75,7723.25,7724.25,895
2026-09-30 16:30:00-04:00,7722.0,7722.0,7723.5,7722.0,7723.25,893
2026-09-30 16:31:00-04:00,7722.5,7722.5,7723.0,7721.75,7722.0,605
2026-09-30 16:32:00-04:00,7722.25,7722.25,7722.5,7721.75,7722.25,466
2026-09-30 16:33:00-04:00,7721.0,7721.0,7722.25,7719.5,7722.25,848
2026-09-30 16:34:00-04:00,7722.0,7722.0,7722.5,7721.25,7721.25,552
2026-09-30 16:35:00-04:00,7723.0,7723.0,7723.0,7721.0,7721.75,755
2026-09-30 16:36:00-04:00,7722.5,7722.5,7724.0,7722.25,7723.0,557
2026-09-30 16:37:00-04:00,7722.25,7722.25,7723.25,7721.5,7722.5,502
2026-09-30 16:38:00-04:00,7721.75,7721.75,7722.5,7721.25,7722.0,522
2026-09-30 16:39:00-04:00,7722.75,7722.75,7723.25,7722.0,7722.0,542
2026-09-30 16:40:00-04:00,7722.5,7722.5,7723.0,7722.0,7723.0,492
2026-09-30 16:41:00-04:00,7721.75,7721.75,7722.75,7721.25,7722.5,470
2026-09-30 16:42:00-04:00,7722.25,7722.25,7722.25,7721.5,7721.75,449
2026-09-30 16:43:00-04:00,7721.25,7721.25,7722.5,7721.0,7722.0,365
2026-09-30 16:44:00-04:00,7721.0,7721.0,7721.5,7720.25,7721.5,624
2026-09-30 16:45:00-04:00,7721.0,7721.0,7722.0,7720.75,7721.25,579
2026-09-30 16:46:00-04:00,7721.0,7721.0,7721.5,7720.75,7721.25,349
2026-09-30 16:47:00-04:00,7720.75,7720.75,7721.25,7720.0,7721.0,660
2026-09-30 16:48:00-04:00,7720.0,7720.0,7721.5,7720.0,7720.75,746
2026-09-30 16:49:00-04:00,7721.0,7721.0,7721.25,7719.5,7720.0,499
2026-09-30 16:50:00-04:00,7721.25,7721.25,7721.25,7719.75,7721.0,579
2026-09-30 16:51:00-04:00,7720.75,7720.75,7721.75,7720.25,7721.0,356
2026-09-30 16:52:00-04:00,7722.25,7722.25,7722.5,7720.75,7720.75,689
2026-09-30 16:53:00-04:00,7721.75,7721.75,7722.75,7721.5,7722.0,287
2026-09-30 16:54:00-04:00,7722.75,7722.75,7722.75,7721.5,7721.5,718
2026-09-30 16:55:00-04:00,7722.5,7722.5,7723.0,7722.25,7722.5,474
2026-09-30 16:56:00-04:00,7722.25,7722.25,7723.0,7721.5,7722.5,329
2026-09-30 16:57:00-04:00,7722.0,7722.0,7722.75,7721.75,7722.25,441
2026-09-30 16:58:00-04:00,7720.75,7720.75,7722.0,7720.75,7722.0,550
2026-09-30 16:59:00-04:00,7721.0,7721.0,7722.25,7720.0,7720.75,1066
2026-09-30 17:00:00-04:00,7721.5,7721.5,7721.5,7721.5,7721.5,12
2026-09-30 18:00:00-04:00,7720.5,7720.5,7724.25,7719.0,7719.5,0
2026-09-30 18:01:00-04:00,7721.75,7721.75,7722.75,7717.5,7720.5,355
2026-09-30 18:02:00-04:00,7725.0,7725.0,7726.0,7720.75,7721.75,377
2026-09-30 18:03:00-04:00,7725.0,7725.0,7725.75,7724.0,7725.0,264
2026-09-30 18:04:00-04:00,7722.0,7722.0,7725.75,7721.5,7725.0,338
2026-09-30 18:05:00-04:00,7724.75,7724.75,7725.5,7722.0,7722.0,305
2026-09-30 18:06:00-04:00,7725.75,7725.75,7726.0,7724.25,7724.75,213
2026-09-30 18:07:00-04:00,7724.5,7724.5,7725.75,7724.5,7725.75,65
2026-09-30 18:08:00-04:00,7726.75,7726.75,7727.25,7724.75,7724.75,179
2026-09-30 18:09:00-04:00,7726.0,7726.0,7727.75,7726.0,7727.0,217
2026-09-30 18:10:00-04:00,7725.25,7725.25,7727.0,7724.0,7726.0,220
2026-09-30 18:11:00-04:00,7725.75,7725.75,7726.0,7725.0,7725.25,61
2026-09-30 18:12:00-04:00,7727.0,7727.0,7727.25,7725.5,7725.5,123
2026-09-30 18:13:00-04:00,7727.0,7727.0,7727.5,7726.75,7727.0,140
2026-09-30 18:14:00-04:00,7727.5,7727.5,7727.75,7726.5,7726.75,136
2026-09-30 18:15:00-04:00,7727.0,7727.0,7727.5,7726.5,7727.25,118
2026-09-30 18:16:00-04:00,7727.75,7727.75,7728.25,7726.75,7727.0,179
2026-09-30 18:17:00-04:00,7727.75,7727.75,7728.0,7727.5,7727.5,94
2026-09-30 18:18:00-04:00,7728.0,7728.0,7729.0,7727.5,7728.0,208
2026-09-30 18:19:00-04:00,7729.25,7729.25,7729.75,7727.75,7728.0,372
2026-09-30 18:20:00-04:00,7729.25,7729.25,7730.25,7729.0,7729.0,270
2026-09-30 18:21:00-04:00,7730.25,7730.25,7730.25,7728.5,7729.25,169
2026-09-30 18:22:00-04:00,7730.75,7730.75,7731.5,7729.5,7729.75,294
2026-09-30 18:23:00-04:00,7731.0,7731.0,7731.25,7730.5,7730.5,91
2026-09-30 18:24:00-04:00,7730.75,7730.75,7731.5,7730.25,7731.0,176
2026-09-30 18:25:00-04:00,7730.25,7730.25,7730.75,7730.25,7730.75,189
2026-09-30 18:26:00-04:00,7731.0,7731.0,7731.5,7730.0,7730.5,364
2026-09-30 18:27:00-04:00,7731.25,7731.25,7731.75,7731.0,7731.0,139
2026-09-30 18:28:00-04:00,7731.0,7731.0,7731.5,7730.5,7731.5,185
2026-09-30 18:29:00-04:00,7731.0,7731.0,7731.25,7730.25,7730.75,205
2026-09-30 18:30:00-04:00,7731.5,7731.5,7732.0,7730.75,7731.0,148
2026-09-30 18:31:00-04:00,7730.75,7730.75,7731.5,7730.75,7731.5,111
2026-09-30 18:32:00-04:00,7731.75,7731.75,7732.0,7730.25,7731.0,375
2026-09-30 18:33:00-04:00,7731.25,7731.25,7732.0,7731.25,7732.0,98
2026-09-30 18:34:00-04:00,7730.75,7730.75,7731.75,7730.5,7731.75,388
2026-09-30 18:35:00-04:00,7730.75,7730.75,7731.25,7730.25,7731.0,158
2026-09-30 18:36:00-04:00,7732.0,7732.0,7732.25,7730.75,7730.75,191
2026-09-30 18:37:00-04:00,7732.5,7732.5,7732.5,7731.75,7732.25,104
2026-09-30 18:38:00-04:00,7732.75,7732.75,7732.75,7732.25,7732.5,75
2026-09-30 18:39:00-04:00,7732.75,7732.75,7733.25,7732.25,7732.5,155
2026-09-30 18:40:00-04:00,7733.5,7733.5,7733.75,7732.25,7732.75,317
2026-09-30 18:41:00-04:00,7735.0,7735.0,7735.25,7733.25,7733.5,384
2026-09-30 18:42:00-04:00,7735.0,7735.0,7736.0,7734.75,7735.0,208
2026-09-30 18:43:00-04:00,7734.0,7734.0,7735.0,7733.75,7734.75,140
2026-09-30 18:44:00-04:00,7734.25,7734.25,7734.5,7734.0,7734.0,95
2026-09-30 18:45:00-04:00,7734.25,7734.25,7734.5,7734.0,7734.25,109
2026-09-30 18:46:00-04:00,7734.0,7734.0,7734.25,7733.75,7734.25,181
2026-09-30 18:47:00-04:00,7733.75,7733.75,7734.0,7733.75,7734.0,30
2026-09-30 18:48:00-04:00,7734.5,7734.5,7734.5,7734.0,7734.0,40
2026-09-30 18:49:00-04:00,7734.25,7734.25,7734.75,7734.0,7734.5,181
2026-09-30 18:50:00-04:00,7734.5,7734.5,7734.75,7734.0,7734.0,94
2026-09-30 18:51:00-04:00,7734.25,7734.25,7734.5,7734.0,7734.5,196
2026-09-30 18:52:00-04:00,7734.75,7734.75,7734.75,7734.0,7734.25,75
2026-09-30 18:53:00-04:00,7734.0,7734.0,7734.75,7733.75,7734.5,105
2026-09-30 18:54:00-04:00,7734.0,7734.0,7734.25,7733.75,7734.0,93
2026-09-30 18:55:00-04:00,7734.25,7734.25,7734.5,7733.75,7734.0,125
2026-09-30 18:56:00-04:00,7734.25,7734.25,7734.25,7733.75,7734.0,57
2026-09-30 18:57:00-04:00,7734.25,7734.25,7734.25,7734.25,7734.25,17
2026-09-30 18:58:00-04:00,7734.0,7734.0,7734.25,7733.5,7734.25,124
2026-09-30 18:59:00-04:00,7733.5,7733.5,7734.0,7733.25,7733.75,98
2026-09-30 19:00:00-04:00,7734.0,7734.0,7734.25,7733.75,7733.75,88
2026-09-30 19:01:00-04:00,7734.5,7734.5,7734.5,7733.75,7734.0,93
2026-09-30 19:02:00-04:00,7734.5,7734.5,7734.75,7734.5,7734.5,110
2026-09-30 19:03:00-04:00,7734.75,7734.75,7735.5,7734.75,7734.75,113
2026-09-30 19:04:00-04:00,7734.75,7734.75,7735.25,7734.75,7735.0,60
2026-09-30 19:05:00-04:00,7734.5,7734.5,7734.75,7734.25,7734.75,72
2026-09-30 19:06:00-04:00,7734.5,7734.5,7734.75,7734.5,7734.5,21
2026-09-30 19:07:00-04:00,7734.0,7734.0,7734.25,7733.75,7734.25,76
2026-09-30 19:08:00-04:00,7733.5,7733.5,7734.0,7733.25,7734.0,138
2026-09-30 19:09:00-04:00,7733.75,7733.75,7734.0,7733.25,7733.5,109
2026-09-30 19:10:00-04:00,7733.75,7733.75,7733.75,7733.75,7733.75,36
2026-09-30 19:11:00-04:00,7733.5,7733.5,7733.75,7733.0,7733.75,81
2026-09-30 19:12:00-04:00,7732.75,7732.75,7733.5,7732.5,7733.5,150
2026-09-30 19:13:00-04:00,7733.5,7733.5,7733.75,7733.0,7733.0,263
2026-09-30 19:14:00-04:00,7733.75,7733.75,7733.75,7733.25,7733.5,37
2026-09-30 19:15:00-04:00,7735.25,7735.25,7735.75,7734.0,7734.0,282
2026-09-30 19:16:00-04:00,7735.5,7735.5,7735.5,7734.5,7735.25,195
2026-09-30 19:17:00-04:00,7735.5,7735.5,7736.0,7735.5,7735.75,128
2026-09-30 19:18:00-04:00,7736.5,7736.5,7736.75,7735.5,7735.5,259
2026-09-30 19:19:00-04:00,7735.75,7735.75,7736.5,7735.75,7736.5,131
2026-09-30 19:20:00-04:00,7736.25,7736.25,7736.5,7735.75,7736.0,157
2026-09-30 19:21:00-04:00,7737.75,7737.75,7737.75,7736.25,7736.25,196
2026-09-30 19:22:00-04:00,7738.0,7738.0,7738.25,7737.75,7737.75,122
2026-09-30 19:23:00-04:00,7737.5,7737.5,7738.25,7737.5,7738.25,101
2026-09-30 19:24:00-04:00,7738.0,7738.0,7738.25,7737.75,7737.75,291
2026-09-30 19:25:00-04:00,7736.75,7736.75,7738.25,7736.5,7738.0,151
2026-09-30 19:26:00-04:00,7736.5,7736.5,7736.75,7736.25,7736.75,68
2026-09-30 19:27:00-04:00,7736.0,7736.0,7736.25,7735.75,7736.25,84
2026-09-30 19:28:00-04:00,7736.25,7736.25,7736.5,7736.25,7736.25,59
2026-09-30 19:29:00-04:00,7736.5,7736.5,7736.75,7736.25,7736.5,136
2026-09-30 19:30:00-04:00,7738.5,7738.5,7738.5,7736.75,7736.75,271
2026-09-30 19:31:00-04:00,7738.75,7738.75,7738.75,7738.5,7738.75,89
2026-09-30 19:32:00-04:00,7739.25,7739.25,7739.25,7738.5,7738.75,177
2026-09-30 19:33:00-04:00,7739.5,7739.5,7739.75,7739.0,7739.25,130
2026-09-30 19:34:00-04:00,7739.5,7739.5,7739.75,7739.25,7739.5,116
2026-09-30 19:35:00-04:00,7739.5,7739.5,7739.5,7738.5,7739.25,107
2026-09-30 19:36:00-04:00,7741.75,7741.75,7741.75,7739.5,7739.5,460
2026-09-30 19:37:00-04:00,7742.75,7742.75,7743.0,7741.75,7741.75,307
2026-09-30 19:38:00-04:00,7743.75,7743.75,7744.0,7742.75,7742.75,593
2026-09-30 19:39:00-04:00,7742.75,7742.75,7743.75,7742.75,7743.75,182
2026-09-30 19:40:00-04:00,7743.5,7743.5,7743.75,7742.75,7742.75,164
2026-09-30 19:41:00-04:00,7743.75,7743.75,7744.5,7743.25,7743.5,239
2026-09-30 19:42:00-04:00,7743.25,7743.25,7743.75,7743.0,7743.5,102
2026-09-30 19:43:00-04:00,7743.25,7743.25,7743.5,7743.0,7743.25,96
2026-09-30 19:44:00-04:00,7743.25,7743.25,7743.25,7743.0,7743.25,45
2026-09-30 19:45:00-04:00,7743.25,7743.25,7743.75,7742.75,7743.25,235
2026-09-30 19:46:00-04:00,7742.75,7742.75,7743.25,7742.5,7743.25,104
2026-09-30 19:47:00-04:00,7743.0,7743.0,7743.0,7742.5,7742.75,137
2026-09-30 19:48:00-04:00,7743.25,7743.25,7743.75,7743.0,7743.0,207
2026-09-30 19:49:00-04:00,7744.0,7744.0,7744.25,7743.0,7743.25,172
2026-09-30 19:50:00-04:00,7743.5,7743.5,7743.75,7743.0,7743.75,97
2026-09-30 19:51:00-04:00,7744.0,7744.0,7744.25,7743.5,7743.5,203
2026-09-30 19:52:00-04:00,7744.5,7744.5,7744.5,7743.5,7743.75,206
2026-09-30 19:53:00-04:00,7745.0,7745.0,7745.0,7744.5,7744.5,175
2026-09-30 19:54:00-04:00,7744.25,7744.25,7745.25,7744.0,7745.25,104
2026-09-30 19:55:00-04:00,7744.0,7744.0,7744.75,7744.0,7744.25,85
2026-09-30 19:56:00-04:00,7743.5,7743.5,7744.0,7743.25,7744.0,192
2026-09-30 19:57:00-04:00,7743.5,7743.5,7743.75,7743.25,7743.5,63
2026-09-30 19:58:00-04:00,7743.75,7743.75,7743.75,7743.25,7743.25,123
2026-09-30 19:59:00-04:00,7743.75,7743.75,7744.25,7743.5,7744.0,87
2026-09-30 20:00:00-04:00,7742.75,7742.75,7744.0,7742.25,7743.5,653
2026-09-30 20:01:00-04:00,7742.5,7742.5,7743.0,7741.5,7743.0,430
2026-09-30 20:02:00-04:00,7741.5,7741.5,7743.0,7741.5,7742.75,282
2026-09-30 20:03:00-04:00,7741.0,7741.0,7741.75,7740.25,7741.5,360
2026-09-30 20:04:00-04:00,7740.5,7740.5,7741.25,7740.5,7741.0,228
2026-09-30 20:05:00-04:00,7739.25,7739.25,7740.75,7739.25,7740.5,511
2026-09-30 20:06:00-04:00,7740.75,7740.75,7740.75,7738.5,7739.25,368
2026-09-30 20:07:00-04:00,7741.25,7741.25,7741.25,7740.5,7740.5,217
2026-09-30 20:08:00-04:00,7740.75,7740.75,7741.0,7740.25,7741.0,126
2026-09-30 20:09:00-04:00,7739.25,7739.25,7740.75,7737.25,7740.75,1144
2026-09-30 20:10:00-04:00,7739.75,7739.75,7740.75,7739.5,7739.5,252
2026-09-30 20:11:00-04:00,7739.75,7739.75,7740.5,7739.0,7740.0,357
2026-09-30 20:12:00-04:00,7740.25,7740.25,7741.0,7740.0,7740.0,180
2026-09-30 20:13:00-04:00,7740.0,7740.0,7740.25,7739.75,7740.25,77
2026-09-30 20:14:00-04:00,7740.25,7740.25,7740.75,7740.0,7740.0,77
2026-09-30 20:15:00-04:00,7737.25,7737.25,7740.5,7736.75,7740.25,599
2026-09-30 20:16:00-04:00,7736.5,7736.5,7737.75,7736.0,7737.5,283
2026-09-30 20:17:00-04:00,7737.0,7737.0,7737.5,7735.75,7736.75,362
2026-09-30 20:18:00-04:00,7735.0,7735.0,7737.0,7734.75,7737.0,346
2026-09-30 20:19:00-04:00,7735.5,7735.5,7735.75,7734.5,7735.0,576
2026-09-30 20:20:00-04:00,7736.0,7736.0,7736.25,7734.5,7735.5,443
2026-09-30 20:21:00-04:00,7735.5,7735.5,7736.75,7735.25,7736.0,217
2026-09-30 20:22:00-04:00,7734.0,7734.0,7735.75,7734.0,7735.25,440
2026-09-30 20:23:00-04:00,7733.25,7733.25,7734.25,7733.0,7734.0,580
2026-09-30 20:24:00-04:00,7734.5,7734.5,7735.25,7733.5,7733.5,239
2026-09-30 20:25:00-04:00,7735.75,7735.75,7735.75,7734.5,7734.5,204
2026-09-30 20:26:00-04:00,7736.25,7736.25,7736.25,7735.5,7735.5,212
2026-09-30 20:27:00-04:00,7736.25,7736.25,7737.25,7736.0,7736.0,216
2026-09-30 20:28:00-04:00,7736.5,7736.5,7736.5,7735.75,7736.25,166
2026-09-30 20:29:00-04:00,7735.25,7735.25,7736.5,7734.25,7736.25,294
2026-09-30 20:30:00-04:00,7732.25,7732.25,7735.0,7730.5,7735.0,1400
2026-09-30 20:31:00-04:00,7731.5,7731.5,7732.0,7730.5,7731.75,416
2026-09-30 20:32:00-04:00,7732.5,7732.5,7732.5,7731.0,7731.5,172
2026-09-30 20:33:00-04:00,7732.0,7732.0,7732.75,7731.75,7732.25,123
2026-09-30 20:34:00-04:00,7730.25,7730.25,7732.25,7730.0,7732.25,209
2026-09-30 20:35:00-04:00,7730.75,7730.75,7731.0,7730.25,7730.25,201
2026-09-30 20:36:00-04:00,7733.75,7733.75,7733.75,7730.5,7731.0,291
2026-09-30 20:37:00-04:00,7732.5,7732.5,7733.75,7731.75,7733.75,195
2026-09-30 20:38:00-04:00,7732.25,7732.25,7732.75,7731.5,7732.75,114
2026-09-30 20:39:00-04:00,7732.25,7732.25,7733.25,7731.75,7732.25,319
2026-09-30 20:40:00-04:00,7734.0,7734.0,7734.25,7732.25,7732.25,262
2026-09-30 20:41:00-04:00,7734.75,7734.75,7736.5,7734.0,7734.0,942
2026-09-30 20:42:00-04:00,7736.0,7736.0,7736.25,7734.5,7734.75,208
2026-09-30 20:43:00-04:00,7738.25,7738.25,7738.25,7735.75,7736.0,255
2026-09-30 20:44:00-04:00,7739.75,7739.75,7740.5,7737.75,7738.0,581
2026-09-30 20:45:00-04:00,7738.5,7738.5,7740.25,7738.5,7739.75,286
2026-09-30 20:46:00-04:00,7737.75,7737.75,7738.75,7737.5,7738.5,235
2026-09-30 20:47:00-04:00,7736.0,7736.0,7737.5,7735.75,7737.5,355
2026-09-30 20:48:00-04:00,7737.75,7737.75,7738.25,7736.25,7736.25,224
2026-09-30 20:49:00-04:00,7737.5,7737.5,7738.0,7737.25,7737.75,137
2026-09-30 20:50:00-04:00,7737.0,7737.0,7737.25,7736.25,7737.25,151
2026-09-30 20:51:00-04:00,7736.0,7736.0,7737.5,7735.25,7737.25,235
2026-09-30 20:52:00-04:00,7735.75,7735.75,7736.0,7734.75,7736.0,133
2026-09-30 20:53:00-04:00,7734.25,7734.25,7736.0,7733.5,7735.75,230
2026-09-30 20:54:00-04:00,7733.5,7733.5,7734.75,7733.5,7734.25,193
2026-09-30 20:55:00-04:00,7734.75,7734.75,7735.5,7733.5,7733.75,240
2026-09-30 20:56:00-04:00,7736.25,7736.25,7736.75,7735.0,7735.0,252
2026-09-30 20:57:00-04:00,7736.5,7736.5,7737.0,7736.0,7736.25,119
2026-09-30 20:58:00-04:00,7738.0,7738.0,7738.75,7736.5,7736.75,464
2026-09-30 20:59:00-04:00,7737.5,7737.5,7738.5,7737.25,7738.25,202
2026-09-30 21:00:00-04:00,7738.25,7738.25,7739.0,7737.75,7737.75,233
2026-09-30 21:01:00-04:00,7738.75,7738.75,7738.75,7737.25,7738.0,354
2026-09-30 21:02:00-04:00,7738.25,7738.25,7739.75,7738.0,7738.75,290
2026-09-30 21:03:00-04:00,7738.25,7738.25,7738.25,7737.75,7738.25,112
2026-09-30 21:04:00-04:00,7738.5,7738.5,7739.5,7738.25,7738.25,196
2026-09-30 21:05:00-04:00,7739.25,7739.25,7739.5,7738.25,7738.5,236
2026-09-30 21:06:00-04:00,7739.25,7739.25,7739.5,7738.75,7739.0,351
2026-09-30 21:07:00-04:00,7739.25,7739.25,7740.5,7738.75,7739.25,281
2026-09-30 21:08:00-04:00,7740.5,7740.5,7740.75,7738.75,7739.25,228
2026-09-30 21:09:00-04:00,7740.75,7740.75,7740.75,7739.5,7740.25,269
2026-09-30 21:10:00-04:00,7741.0,7741.0,7741.25,7740.0,7740.75,342
2026-09-30 21:11:00-04:00,7741.0,7741.0,7741.25,7740.0,7741.25,282
2026-09-30 21:12:00-04:00,7742.5,7742.5,7742.5,7740.75,7741.25,439
2026-09-30 21:13:00-04:00,7743.0,7743.0,7743.0,7742.0,7742.75,456
2026-09-30 21:14:00-04:00,7739.5,7739.5,7742.75,7739.5,7742.75,461
2026-09-30 21:15:00-04:00,7740.0,7740.0,7740.0,7737.5,7739.75,775
2026-09-30 21:16:00-04:00,7740.0,7740.0,7740.5,7739.5,7739.75,162
2026-09-30 21:17:00-04:00,7739.75,7739.75,7740.0,7738.75,7739.75,192
2026-09-30 21:18:00-04:00,7739.5,7739.5,7740.25,7739.0,7740.0,145
2026-09-30 21:19:00-04:00,7741.0,7741.0,7741.75,7739.5,7739.5,304
2026-09-30 21:20:00-04:00,7742.75,7742.75,7743.25,7741.25,7741.25,244
2026-09-30 21:21:00-04:00,7742.25,7742.25,7743.25,7741.75,7743.0,168
2026-09-30 21:22:00-04:00,7742.25,7742.25,7742.5,7741.5,7742.25,114
2026-09-30 21:23:00-04:00,7742.75,7742.75,7743.0,7742.0,7742.25,124
2026-09-30 21:24:00-04:00,7743.25,7743.25,7743.75,7742.75,7742.75,229
2026-09-30 21:25:00-04:00,7743.75,7743.75,7744.25,7743.0,7743.0,226
2026-09-30 21:26:00-04:00,7742.75,7742.75,7744.0,7742.75,7743.75,165
2026-09-30 21:27:00-04:00,7742.5,7742.5,7743.0,7742.25,7742.75,134
2026-09-30 21:28:00-04:00,7742.75,7742.75,7743.0,7742.0,7742.5,142
2026-09-30 21:29:00-04:00,7741.25,7741.25,7743.0,7741.25,7743.0,184
2026-09-30 21:30:00-04:00,7740.75,7740.75,7741.75,7740.75,7741.25,284
2026-09-30 21:31:00-04:00,7740.5,7740.5,7741.25,7740.25,7740.75,235
2026-09-30 21:32:00-04:00,7741.5,7741.5,7741.5,7740.25,7740.5,187
2026-09-30 21:33:00-04:00,7742.5,7742.5,7742.75,7741.25,7741.5,267
2026-09-30 21:34:00-04:00,7742.5,7742.5,7743.0,7742.25,7742.75,239
2026-09-30 21:35:00-04:00,7742.5,7742.5,7742.75,7742.25,7742.5,146
2026-09-30 21:36:00-04:00,7742.0,7742.0,7742.75,7741.5,7742.5,215
2026-09-30 21:37:00-04:00,7740.25,7740.25,7742.0,7740.25,7742.0,181
2026-09-30 21:38:00-04:00,7741.0,7741.0,7741.0,7740.5,7740.5,166
2026-09-30 21:39:00-04:00,7741.75,7741.75,7741.75,7740.5,7741.0,135
2026-09-30 21:40:00-04:00,7741.25,7741.25,7741.75,7741.0,7741.75,163
2026-09-30 21:41:00-04:00,7740.75,7740.75,7741.0,7739.5,7741.0,285
2026-09-30 21:42:00-04:00,7740.75,7740.75,7741.0,7739.75,7740.75,203
2026-09-30 21:43:00-04:00,7740.5,7740.5,7741.0,7740.25,7740.75,98
2026-09-30 21:44:00-04:00,7740.25,7740.25,7740.5,7739.75,7740.5,162
2026-09-30 21:45:00-04:00,7739.75,7739.75,7740.75,7739.5,7740.5,151
2026-09-30 21:46:00-04:00,7739.0,7739.0,7740.5,7738.75,7739.75,276
2026-09-30 21:47:00-04:00,7738.75,7738.75,7739.5,7738.75,7739.25,114
2026-09-30 21:48:00-04:00,7738.5,7738.5,7739.25,7737.75,7738.75,209
2026-09-30 21:49:00-04:00,7738.0,7738.0,7738.75,7737.25,7738.75,348
2026-09-30 21:50:00-04:00,7739.5,7739.5,7740.25,7737.75,7737.75,305
2026-09-30 21:51:00-04:00,7739.5,7739.5,7739.75,7739.25,7739.25,86
2026-09-30 21:52:00-04:00,7740.0,7740.0,7740.25,7739.5,7739.5,116
2026-09-30 21:53:00-04:00,7739.75,7739.75,7740.0,7739.0,7740.0,116
2026-09-30 21:54:00-04:00,7739.75,7739.75,7740.25,7739.5,7739.75,53
2026-09-30 21:55:00-04:00,7739.75,7739.75,7740.0,7739.0,7739.5,176
2026-09-30 21:56:00-04:00,7739.25,7739.25,7740.0,7739.25,7739.75,98
2026-09-30 21:57:00-04:00,7738.5,7738.5,7739.5,7738.25,7739.0,102
2026-09-30 21:58:00-04:00,7739.0,7739.0,7739.0,7737.5,7738.5,116
2026-09-30 21:59:00-04:00,7739.0,7739.0,7739.5,7738.5,7739.25,100
2026-09-30 22:00:00-04:00,7740.25,7740.25,7740.5,7739.0,7739.0,258
2026-09-30 22:01:00-04:00,7739.25,7739.25,7740.0,7739.0,7740.0,194
2026-09-30 22:02:00-04:00,7739.25,7739.25,7739.5,7738.0,7739.5,172
2026-09-30 22:03:00-04:00,7739.25,7739.25,7739.5,7738.5,7739.25,77
2026-09-30 22:04:00-04:00,7739.5,7739.5,7740.0,7739.0,7739.25,128
2026-09-30 22:05:00-04:00,7738.75,7738.75,7740.25,7738.75,7739.5,144
2026-09-30 22:06:00-04:00,7739.5,7739.5,7741.0,7739.0,7739.0,246
2026-09-30 22:07:00-04:00,7739.25,7739.25,7739.5,7738.0,7739.25,117
2026-09-30 22:08:00-04:00,7739.5,7739.5,7740.0,7739.25,7739.25,142
2026-09-30 22:09:00-04:00,7739.5,7739.5,7740.0,7739.0,7739.5,145
2026-09-30 22:10:00-04:00,7740.25,7740.25,7740.75,7739.25,7739.75,128
2026-09-30 22:11:00-04:00,7741.0,7741.0,7741.0,7740.0,7740.25,156
2026-09-30 22:12:00-04:00,7740.25,7740.25,7742.0,7740.25,7741.0,274
2026-09-30 22:13:00-04:00,7739.5,7739.5,7741.0,7739.25,7740.25,172
2026-09-30 22:14:00-04:00,7738.75,7738.75,7740.5,7738.25,7739.75,227
2026-09-30 22:15:00-04:00,7739.0,7739.0,7739.5,7738.5,7738.75,269
2026-09-30 22:16:00-04:00,7740.25,7740.25,7741.25,7738.75,7739.0,396
2026-09-30 22:17:00-04:00,7740.25,7740.25,7740.5,7740.0,7740.25,103
2026-09-30 22:18:00-04:00,7738.75,7738.75,7740.0,7738.5,7740.0,195
2026-09-30 22:19:00-04:00,7739.25,7739.25,7740.5,7739.0,7739.0,382
2026-09-30 22:20:00-04:00,7739.0,7739.0,7739.5,7738.0,7739.5,332
2026-09-30 22:21:00-04:00,7738.75,7738.75,7739.0,7737.75,7739.0,409
2026-09-30 22:22:00-04:00,7740.25,7740.25,7740.25,7738.75,7738.75,137
2026-09-30 22:23:00-04:00,7740.5,7740.5,7741.0,7739.5,7740.0,228
2026-09-30 22:24:00-04:00,7741.0,7741.0,7742.5,7740.5,7740.5,303
2026-09-30 22:25:00-04:00,7740.25,7740.25,7740.75,7739.75,7740.75,202
2026-09-30 22:26:00-04:00,7740.25,7740.25,7740.5,7740.0,7740.0,96
2026-09-30 22:27:00-04:00,7739.0,7739.0,7740.25,7739.0,7740.25,169
2026-09-30 22:28:00-04:00,7741.25,7741.25,7741.25,7739.0,7739.0,179
2026-09-30 22:29:00-04:00,7742.25,7742.25,7742.25,7741.0,7741.25,197
2026-09-30 22:30:00-04:00,7742.0,7742.0,7742.75,7741.5,7742.25,212
2026-09-30 22:31:00-04:00,7741.75,7741.75,7742.0,7741.5,7741.75,124
2026-09-30 22:32:00-04:00,7742.5,7742.5,7743.0,7741.75,7742.0,266
2026-09-30 22:33:00-04:00,7742.25,7742.25,7742.75,7742.25,7742.5,106
2026-09-30 22:34:00-04:00,7742.25,7742.25,7742.25,7742.0,7742.25,133
2026-09-30 22:35:00-04:00,7742.5,7742.5,7742.75,7742.25,7742.25,193
2026-09-30 22:36:00-04:00,7742.0,7742.0,7742.5,7741.75,7742.5,232
2026-09-30 22:37:00-04:00,7741.75,7741.75,7742.75,7741.5,7742.25,241
2026-09-30 22:38:00-04:00,7741.5,7741.5,7741.75,7741.0,7741.75,143
2026-09-30 22:39:00-04:00,7741.75,7741.75,7741.75,7741.25,7741.5,122
2026-09-30 22:40:00-04:00,7742.0,7742.0,7742.25,7741.5,7741.75,146
2026-09-30 22:41:00-04:00,7741.75,7741.75,7742.0,7741.75,7742.0,100
2026-09-30 22:42:00-04:00,7741.75,7741.75,7742.0,7741.75,7742.0,100
2026-09-30 22:43:00-04:00,7742.5,7742.5,7742.5,7742.0,7742.0,94
2026-09-30 22:44:00-04:00,7742.25,7742.25,7743.0,7742.25,7742.75,165
2026-09-30 22:45:00-04:00,7741.75,7741.75,7742.25,7741.75,7742.0,149
2026-09-30 22:46:00-04:00,7742.25,7742.25,7742.75,7742.0,7742.0,145
2026-09-30 22:47:00-04:00,7742.0,7742.0,7742.25,7741.75,7742.0,135
2026-09-30 22:48:00-04:00,7740.75,7740.75,7742.25,7740.75,7742.0,382
2026-09-30 22:49:00-04:00,7741.0,7741.0,7741.0,7740.5,7740.75,183
2026-09-30 22:50:00-04:00,7740.5,7740.5,7740.75,7740.25,7740.75,128
2026-09-30 22:51:00-04:00,7741.25,7741.25,7742.25,7740.5,7740.5,534
2026-09-30 22:52:00-04:00,7741.75,7741.75,7742.0,7741.0,7741.25,146
2026-09-30 22:53:00-04:00,7741.5,7741.5,7742.25,7741.25,7741.75,210
2026-09-30 22:54:00-04:00,7741.75,7741.75,7741.75,7741.5,7741.5,115
2026-09-30 22:55:00-04:00,7741.75,7741.75,7742.0,7741.75,7741.75,101
2026-09-30 22:56:00-04:00,7741.5,7741.5,7741.75,7741.0,7741.5,170
2026-09-30 22:57:00-04:00,7741.5,7741.5,7741.75,7741.5,7741.5,129
2026-09-30 22:58:00-04:00,7742.0,7742.0,7742.5,7741.5,7741.5,98
2026-09-30 22:59:00-04:00,7742.75,7742.75,7743.0,7742.25,7742.25,281
2026-09-30 23:00:00-04:00,7744.25,7744.25,7744.75,7742.75,7742.75,593
2026-09-30 23:01:00-04:00,7743.75,7743.75,7744.25,7743.75,7744.0,165
2026-09-30 23:02:00-04:00,7744.5,7744.5,7744.5,7743.75,7743.75,167
2026-09-30 23:03:00-04:00,7743.5,7743.5,7745.0,7743.5,7744.75,225
2026-09-30 23:04:00-04:00,7742.75,7742.75,7743.5,7742.25,7743.5,247
2026-09-30 23:05:00-04:00,7743.75,7743.75,7743.75,7742.75,7742.75,164
2026-09-30 23:06:00-04:00,7743.0,7743.0,7743.5,7742.75,7743.5,178
2026-09-30 23:07:00-04:00,7743.25,7743.25,7743.25,7742.75,7743.0,171
2026-09-30 23:08:00-04:00,7743.25,7743.25,7743.5,7743.0,7743.25,129
2026-09-30 23:09:00-04:00,7743.5,7743.5,7743.5,7743.25,7743.25,73
2026-09-30 23:10:00-04:00,7743.75,7743.75,7743.75,7743.5,7743.5,112
2026-09-30 23:11:00-04:00,7744.25,7744.25,7744.25,7743.75,7744.0,200
2026-09-30 23:12:00-04:00,7744.0,7744.0,7744.5,7744.0,7744.25,119
2026-09-30 23:13:00-04:00,7743.75,7743.75,7744.0,7743.5,7744.0,174
2026-09-30 23:14:00-04:00,7743.5,7743.5,7744.0,7743.5,7743.75,78
2026-09-30 23:15:00-04:00,7744.0,7744.0,7744.5,7743.75,7743.75,103
2026-09-30 23:16:00-04:00,7744.0,7744.0,7744.25,7743.5,7743.75,133
2026-09-30 23:17:00-04:00,7744.25,7744.25,7744.5,7744.0,7744.0,197
2026-09-30 23:18:00-04:00,7743.0,7743.0,7744.5,7743.0,7744.25,501
2026-09-30 23:19:00-04:00,7743.0,7743.0,7743.0,7742.5,7743.0,137
2026-09-30 23:20:00-04:00,7743.0,7743.0,7743.25,7743.0,7743.0,95
2026-09-30 23:21:00-04:00,7742.25,7742.25,7743.5,7742.0,7743.0,208
2026-09-30 23:22:00-04:00,7742.0,7742.0,7742.25,7741.75,7742.25,121
2026-09-30 23:23:00-04:00,7742.25,7742.25,7742.5,7742.0,7742.0,103
2026-09-30 23:24:00-04:00,7742.5,7742.5,7742.75,7742.25,7742.25,111
2026-09-30 23:25:00-04:00,7743.25,7743.25,7743.25,7742.5,7742.75,38
2026-09-30 23:26:00-04:00,7743.75,7743.75,7744.0,7743.0,7743.0,92
2026-09-30 23:27:00-04:00,7743.5,7743.5,7743.75,7743.25,7743.75,66
2026-09-30 23:28:00-04:00,7744.0,7744.0,7744.0,7743.25,7743.25,155
2026-09-30 23:29:00-04:00,7743.75,7743.75,7744.0,7743.75,7744.0,67
2026-09-30 23:30:00-04:00,7742.75,7742.75,7743.75,7742.75,7743.75,164
2026-09-30 23:31:00-04:00,7742.0,7742.0,7742.75,7741.5,7742.5,167
2026-09-30 23:32:00-04:00,7741.75,7741.75,7742.0,7741.5,7742.0,198
2026-09-30 23:33:00-04:00,7742.25,7742.25,7742.25,7741.75,7741.75,140
2026-09-30 23:34:00-04:00,7742.0,7742.0,7742.25,7741.5,7742.25,125
2026-09-30 23:35:00-04:00,7742.0,7742.0,7742.5,7742.0,7742.0,120
2026-09-30 23:36:00-04:00,7742.25,7742.25,7742.25,7741.25,7741.75,147
2026-09-30 23:37:00-04:00,7742.5,7742.5,7742.5,7742.25,7742.25,98
2026-09-30 23:38:00-04:00,7742.5,7742.5,7742.75,7742.5,7742.5,89
2026-09-30 23:39:00-04:00,7743.0,7743.0,7743.0,7742.25,7742.75,170
2026-09-30 23:40:00-04:00,7742.75,7742.75,7743.5,7742.25,7743.0,127
2026-09-30 23:41:00-04:00,7743.0,7743.0,7743.0,7742.25,7742.75,128
2026-09-30 23:42:00-04:00,7743.0,7743.0,7743.5,7743.0,7743.25,118
2026-09-30 23:43:00-04:00,7743.75,7743.75,7744.0,7743.0,7743.0,109
2026-09-30 23:44:00-04:00,7743.75,7743.75,7744.0,7743.0,7743.75,90
2026-09-30 23:45:00-04:00,7743.5,7743.5,7744.0,7742.75,7743.75,268
2026-09-30 23:46:00-04:00,7743.5,7743.5,7743.75,7743.25,7743.25,125
2026-09-30 23:47:00-04:00,7743.5,7743.5,7743.75,7743.25,7743.5,85
2026-09-30 23:48:00-04:00,7743.75,7743.75,7744.0,7743.5,7743.5,101
2026-09-30 23:49:00-04:00,7744.0,7744.0,7744.0,7743.25,7743.75,119
2026-09-30 23:50:00-04:00,7744.5,7744.5,7744.5,7744.0,7744.0,176
2026-09-30 23:51:00-04:00,7744.25,7744.25,7744.5,7744.25,7744.5,82
2026-09-30 23:52:00-04:00,7744.75,7744.75,7745.0,7744.5,7744.5,107
2026-09-30 23:53:00-04:00,7744.25,7744.25,7744.5,7743.75,7744.5,186
2026-09-30 23:54:00-04:00,7746.5,7746.5,7746.75,7744.5,7744.5,712
2026-09-30 23:55:00-04:00,7746.25,7746.25,7746.75,7746.0,7746.25,283
2026-09-30 23:56:00-04:00,7746.0,7746.0,7747.0,7745.75,7746.25,155
2026-09-30 23:57:00-04:00,7747.0,7747.0,7747.0,7746.0,7746.0,96
2026-09-30 23:58:00-04:00,7748.25,7748.25,7748.25,7747.0,7747.0,480
2026-10-01 00:09:00-04:00,7749.0,7749.0,7749.25,7748.75,7749.25,137
2026-10-01 00:10:00-04:00,7749.25,7749.25,7749.5,7749.0,7749.0,126
2026-10-01 00:11:00-04:00,7749.25,7749.25,7749.5,7749.0,7749.25,156
2026-10-01 00:12:00-04:00,7749.5,7749.5,7749.5,7748.75,7749.25,138
2026-10-01 00:13:00-04:00,7750.25,7750.25,7750.5,7749.0,7749.25,182
2026-10-01 00:14:00-04:00,7749.75,7749.75,7750.25,7749.75,7750.0,125
2026-10-01 00:15:00-04:00,7748.5,7748.5,7750.0,7748.0,7749.75,196
2026-10-01 00:16:00-04:00,7748.0,7748.0,7748.5,7747.5,7748.5,153
2026-10-01 00:17:00-04:00,7747.75,7747.75,7748.5,7747.75,7748.0,114
2026-10-01 00:18:00-04:00,7748.25,7748.25,7748.25,7747.5,7747.75,162
2026-10-01 00:19:00-04:00,7748.25,7748.25,7748.25,7747.75,7748.0,114
2026-10-01 00:20:00-04:00,7748.25,7748.25,7748.25,7747.75,7748.25,124
2026-10-01 00:21:00-04:00,7748.75,7748.75,7749.0,7748.5,7748.5,119
2026-10-01 00:22:00-04:00,7748.75,7748.75,7749.25,7748.5,7748.5,125
2026-10-01 00:23:00-04:00,7748.5,7748.5,7749.0,7748.25,7748.75,114
2026-10-01 00:24:00-04:00,7748.5,7748.5,7749.0,7748.5,7748.5,88
2026-10-01 00:25:00-04:00,7748.75,7748.75,7749.0,7748.25,7748.5,126
2026-10-01 00:26:00-04:00,7748.75,7748.75,7749.0,7748.5,7748.75,122
2026-10-01 00:27:00-04:00,7749.0,7749.0,7749.25,7748.75,7749.0,100
2026-10-01 00:28:00-04:00,7749.25,7749.25,7749.75,7749.0,7749.0,145
2026-10-01 00:29:00-04:00,7749.0,7749.0,7749.25,7749.0,7749.0,105
2026-10-01 00:30:00-04:00,7749.0,7749.0,7749.5,7748.75,7749.0,84
2026-10-01 00:31:00-04:00,7749.5,7749.5,7749.75,7749.25,7749.25,106
2026-10-01 00:32:00-04:00,7749.25,7749.25,7749.5,7749.25,7749.5,50
2026-10-01 00:33:00-04:00,7749.75,7749.75,7749.75,7749.25,7749.25,72
2026-10-01 00:34:00-04:00,7751.25,7751.25,7751.25,7750.0,7750.0,405
2026-10-01 00:35:00-04:00,7751.0,7751.0,7751.5,7750.75,7751.0,224
2026-10-01 00:36:00-04:00,7751.25,7751.25,7751.5,7751.0,7751.25,115
2026-10-01 00:37:00-04:00,7752.0,7752.0,7752.25,7751.25,7751.25,165
2026-10-01 00:38:00-04:00,7751.5,7751.5,7752.25,7751.5,7751.75,167
2026-10-01 00:39:00-04:00,7751.0,7751.0,7751.5,7751.0,7751.5,159
2026-10-01 00:40:00-04:00,7751.25,7751.25,7751.25,7750.5,7751.0,160
2026-10-01 00:41:00-04:00,7750.25,7750.25,7751.25,7750.25,7751.25,141
2026-10-01 00:42:00-04:00,7750.25,7750.25,7750.25,7749.75,7750.0,128
2026-10-01 00:43:00-04:00,7751.0,7751.0,7751.5,7750.5,7750.5,117
2026-10-01 00:44:00-04:00,7751.5,7751.5,7751.5,7751.0,7751.0,87
2026-10-01 00:45:00-04:00,7751.5,7751.5,7751.75,7751.0,7751.25,197
2026-10-01 00:46:00-04:00,7752.25,7752.25,7752.5,7751.5,7751.5,136
2026-10-01 00:47:00-04:00,7752.25,7752.25,7752.5,7752.0,7752.0,119
2026-10-01 00:48:00-04:00,7752.5,7752.5,7752.75,7752.25,7752.25,90
2026-10-01 00:49:00-04:00,7753.25,7753.25,7754.0,7752.25,7752.75,366
2026-10-01 00:50:00-04:00,7753.5,7753.5,7754.0,7753.25,7753.5,223
2026-10-01 00:51:00-04:00,7753.75,7753.75,7753.75,7752.75,7753.5,241
2026-10-01 00:52:00-04:00,7754.0,7754.0,7754.0,7753.25,7753.75,132
2026-10-01 00:53:00-04:00,7754.0,7754.0,7754.25,7753.75,7753.75,137
2026-10-01 00:54:00-04:00,7754.0,7754.0,7754.5,7753.5,7754.25,186
2026-10-01 00:55:00-04:00,7753.75,7753.75,7754.5,7753.75,7754.25,144
2026-10-01 00:56:00-04:00,7753.0,7753.0,7753.75,7753.0,7753.75,204
2026-10-01 00:57:00-04:00,7753.25,7753.25,7753.25,7753.0,7753.0,96
2026-10-01 00:58:00-04:00,7753.5,7753.5,7753.5,7753.0,7753.25,181
2026-10-01 00:59:00-04:00,7755.75,7755.75,7755.75,7753.5,7753.75,589
2026-10-01 01:00:00-04:00,7756.25,7756.25,7756.5,7755.75,7756.0,484
2026-10-01 01:01:00-04:00,7755.5,7755.5,7756.5,7755.5,7756.25,249
2026-10-01 01:02:00-04:00,7756.0,7756.0,7756.25,7755.75,7755.75,109
2026-10-01 01:03:00-04:00,7757.0,7757.0,7757.0,7755.75,7755.75,345
2026-10-01 01:04:00-04:00,7757.5,7757.5,7757.5,7756.75,7757.0,232
2026-10-01 01:05:00-04:00,7759.25,7759.25,7759.75,7757.5,7757.5,760
2026-10-01 01:06:00-04:00,7759.0,7759.0,7759.75,7758.75,7759.25,269
2026-10-01 01:07:00-04:00,7759.0,7759.0,7759.0,7758.5,7758.75,196
2026-10-01 01:08:00-04:00,7758.5,7758.5,7759.0,7758.25,7758.75,150
2026-10-01 01:09:00-04:00,7758.75,7758.75,7759.25,7758.5,7758.5,194
2026-10-01 01:10:00-04:00,7759.0,7759.0,7759.25,7758.5,7758.75,156
2026-10-01 01:11:00-04:00,7758.5,7758.5,7759.0,7758.25,7759.0,135
2026-10-01 01:12:00-04:00,7758.25,7758.25,7758.25,7757.75,7758.25,119
2026-10-01 01:13:00-04:00,7759.0,7759.0,7759.25,7758.25,7758.5,179
2026-10-01 01:14:00-04:00,7759.0,7759.0,7759.5,7758.5,7758.75,200
2026-10-01 01:15:00-04:00,7758.75,7758.75,7759.25,7758.25,7759.0,140
2026-10-01 01:16:00-04:00,7759.25,7759.25,7759.5,7758.75,7758.75,120
2026-10-01 01:17:00-04:00,7759.25,7759.25,7759.5,7759.0,7759.0,68
2026-10-01 01:18:00-04:00,7759.5,7759.5,7759.5,7759.0,7759.25,108
2026-10-01 01:19:00-04:00,7760.25,7760.25,7760.5,7759.25,7759.25,301
2026-10-01 01:20:00-04:00,7760.25,7760.25,7760.5,7760.0,7760.0,161
2026-10-01 01:21:00-04:00,7761.75,7761.75,7761.75,7760.5,7760.5,285
2026-10-01 01:22:00-04:00,7761.75,7761.75,7762.0,7761.25,7761.75,285
2026-10-01 01:23:00-04:00,7761.75,7761.75,7762.0,7761.5,7761.75,104
2026-10-01 01:24:00-04:00,7761.75,7761.75,7762.25,7761.5,7761.75,180
2026-10-01 01:25:00-04:00,7762.25,7762.25,7762.75,7761.5,7761.75,251
2026-10-01 01:26:00-04:00,7763.0,7763.0,7763.0,7762.0,7762.5,251
2026-10-01 01:27:00-04:00,7762.5,7762.5,7763.25,7761.75,7763.0,352
2026-10-01 01:28:00-04:00,7764.0,7764.0,7764.25,7762.5,7762.5,361
2026-10-01 01:29:00-04:00,7764.5,7764.5,7764.75,7764.0,7764.25,530
2026-10-01 01:30:00-04:00,7764.0,7764.0,7764.75,7763.0,7764.5,318
2026-10-01 01:31:00-04:00,7763.75,7763.75,7764.0,7763.25,7764.0,261
2026-10-01 01:32:00-04:00,7763.75,7763.75,7764.25,7763.5,7763.5,362
2026-10-01 01:33:00-04:00,7763.75,7763.75,7764.0,7763.25,7764.0,193
2026-10-01 01:34:00-04:00,7765.25,7765.25,7765.25,7763.5,7764.0,607
2026-10-01 01:35:00-04:00,7766.5,7766.5,7766.75,7765.0,7765.5,768
2026-10-01 01:36:00-04:00,7765.0,7765.0,7766.75,7765.0,7766.5,301
2026-10-01 01:37:00-04:00,7765.0,7765.0,7765.25,7764.75,7765.0,262
2026-10-01 01:38:00-04:00,7765.25,7765.25,7765.25,7764.25,7764.75,242
2026-10-01 01:39:00-04:00,7764.75,7764.75,7765.25,7764.75,7765.25,227
2026-10-01 01:40:00-04:00,7765.5,7765.5,7765.5,7764.75,7764.75,380
2026-10-01 01:41:00-04:00,7766.25,7766.25,7766.5,7765.25,7765.5,232
2026-10-01 01:42:00-04:00,7765.25,7765.25,7766.25,7765.25,7766.25,267
2026-10-01 01:43:00-04:00,7764.5,7764.5,7765.5,7764.5,7765.25,209
2026-10-01 01:44:00-04:00,7764.25,7764.25,7764.75,7763.75,7764.5,274
2026-10-01 01:45:00-04:00,7762.75,7762.75,7764.25,7762.25,7764.25,310
2026-10-01 01:46:00-04:00,7762.0,7762.0,7762.75,7761.25,7762.75,415
2026-10-01 01:47:00-04:00,7761.75,7761.75,7762.0,7760.75,7762.0,536
2026-10-01 01:48:00-04:00,7761.5,7761.5,7762.25,7761.5,7761.5,258
2026-10-01 01:49:00-04:00,7762.0,7762.0,7762.25,7760.75,7761.25,233
2026-10-01 01:50:00-04:00,7763.5,7763.5,7764.0,7762.0,7762.0,313
2026-10-01 01:51:00-04:00,7764.5,7764.5,7765.0,7763.25,7763.25,463
2026-10-01 01:52:00-04:00,7763.75,7763.75,7764.75,7763.75,7764.75,211
2026-10-01 01:53:00-04:00,7764.75,7764.75,7764.75,7763.75,7763.75,186
2026-10-01 01:54:00-04:00,7764.25,7764.25,7765.0,7764.25,7764.75,465
2026-10-01 01:55:00-04:00,7763.5,7763.5,7764.5,7763.0,7764.5,254
2026-10-01 01:56:00-04:00,7763.0,7763.0,7764.0,7763.0,7763.5,222
2026-10-01 01:57:00-04:00,7763.0,7763.0,7763.5,7762.75,7763.0,151
2026-10-01 01:58:00-04:00,7763.5,7763.5,7763.75,7762.5,7762.75,243
2026-10-01 01:59:00-04:00,7764.5,7764.5,7764.5,7763.25,7763.5,182
2026-10-01 02:00:00-04:00,7767.5,7767.5,7767.75,7764.0,7764.25,902
2026-10-01 02:01:00-04:00,7766.5,7766.5,7767.5,7766.25,7767.5,585
2026-10-01 02:02:00-04:00,7766.0,7766.0,7766.5,7765.5,7766.5,313
2026-10-01 02:03:00-04:00,7765.75,7765.75,7766.75,7765.75,7766.0,316
2026-10-01 02:04:00-04:00,7766.25,7766.25,7766.5,7765.0,7765.75,331
2026-10-01 02:05:00-04:00,7766.0,7766.0,7766.5,7765.25,7766.25,317
2026-10-01 02:06:00-04:00,7764.75,7764.75,7765.75,7764.75,7765.75,215
2026-10-01 02:07:00-04:00,7765.25,7765.25,7765.5,7764.5,7764.75,242
2026-10-01 02:08:00-04:00,7764.5,7764.5,7765.5,7764.25,7765.5,245
2026-10-01 02:09:00-04:00,7764.25,7764.25,7765.25,7764.25,7764.5,315
2026-10-01 02:10:00-04:00,7765.75,7765.75,7765.75,7763.75,7764.5,662
2026-10-01 02:11:00-04:00,7765.0,7765.0,7765.75,7764.25,7765.75,232
2026-10-01 02:12:00-04:00,7763.75,7763.75,7765.0,7763.75,7765.0,211
2026-10-01 02:13:00-04:00,7762.75,7762.75,7764.0,7762.75,7763.75,318
2026-10-01 02:14:00-04:00,7763.0,7763.0,7764.0,7762.75,7762.75,320
2026-10-01 02:15:00-04:00,7762.0,7762.0,7763.25,7761.75,7763.0,414
2026-10-01 02:16:00-04:00,7762.25,7762.25,7762.5,7761.75,7762.0,315
2026-10-01 02:17:00-04:00,7762.5,7762.5,7762.75,7762.25,7762.5,261
2026-10-01 02:18:00-04:00,7762.0,7762.0,7762.75,7761.5,7762.5,265
2026-10-01 02:19:00-04:00,7761.25,7761.25,7762.0,7760.75,7762.0,274
2026-10-01 02:20:00-04:00,7761.0,7761.0,7761.25,7760.75,7761.25,171
2026-10-01 02:21:00-04:00,7761.25,7761.25,7762.0,7760.75,7761.0,191
2026-10-01 02:22:00-04:00,7762.0,7762.0,7762.25,7761.0,7761.5,159
2026-10-01 02:23:00-04:00,7762.0,7762.0,7762.75,7761.75,7762.0,168
2026-10-01 02:24:00-04:00,7761.0,7761.0,7762.25,7761.0,7761.75,326
2026-10-01 02:25:00-04:00,7760.5,7760.5,7761.25,7759.5,7760.75,450
2026-10-01 02:26:00-04:00,7759.75,7759.75,7760.75,7759.5,7760.5,400
2026-10-01 02:27:00-04:00,7760.5,7760.5,7760.75,7759.75,7759.75,232
2026-10-01 02:28:00-04:00,7762.0,7762.0,7762.25,7760.5,7760.5,310
2026-10-01 02:29:00-04:00,7763.25,7763.25,7763.25,7762.0,7762.0,264
2026-10-01 02:30:00-04:00,7762.5,7762.5,7764.25,7762.5,7763.0,486
2026-10-01 02:31:00-04:00,7761.5,7761.5,7762.75,7761.25,7762.5,361
2026-10-01 02:32:00-04:00,7760.0,7760.0,7761.75,7760.0,7761.5,248
2026-10-01 02:33:00-04:00,7760.25,7760.25,7760.75,7759.0,7760.25,391
2026-10-01 02:34:00-04:00,7760.5,7760.5,7761.25,7759.75,7760.25,334
2026-10-01 02:35:00-04:00,7761.0,7761.0,7761.75,7760.0,7760.5,324
2026-10-01 02:36:00-04:00,7758.5,7758.5,7761.25,7758.25,7761.25,353
2026-10-01 02:37:00-04:00,7757.5,7757.5,7758.75,7757.0,7758.5,327
2026-10-01 02:38:00-04:00,7757.0,7757.0,7757.75,7757.0,7757.75,165
2026-10-01 02:39:00-04:00,7753.75,7753.75,7757.0,7753.5,7757.0,771
2026-10-01 02:40:00-04:00,7750.5,7750.5,7753.75,7750.5,7753.75,946
2026-10-01 02:41:00-04:00,7751.5,7751.5,7751.5,7749.5,7750.5,1197
2026-10-01 02:42:00-04:00,7752.25,7752.25,7752.5,7750.75,7751.5,618
2026-10-01 02:43:00-04:00,7751.5,7751.5,7752.5,7751.5,7752.0,501
2026-10-01 02:44:00-04:00,7753.25,7753.25,7753.5,7751.25,7751.5,341
2026-10-01 02:45:00-04:00,7753.5,7753.5,7753.5,7752.0,7753.25,475
2026-10-01 02:46:00-04:00,7752.5,7752.5,7755.0,7752.25,7753.5,604
2026-10-01 02:47:00-04:00,7753.0,7753.0,7753.0,7752.25,7752.5,240
2026-10-01 02:48:00-04:00,7753.25,7753.25,7753.75,7753.0,7753.0,313
2026-10-01 02:49:00-04:00,7752.0,7752.0,7753.75,7751.25,7753.0,434
2026-10-01 02:50:00-04:00,7752.75,7752.75,7753.0,7752.0,7752.0,272
2026-10-01 02:51:00-04:00,7755.25,7755.25,7755.25,7753.0,7753.0,336
2026-10-01 02:52:00-04:00,7754.0,7754.0,7755.75,7753.75,7755.25,321
2026-10-01 02:53:00-04:00,7752.5,7752.5,7754.5,7752.25,7754.0,511
2026-10-01 02:54:00-04:00,7752.75,7752.75,7753.25,7752.5,7752.5,328
2026-10-01 02:55:00-04:00,7752.0,7752.0,7753.5,7751.5,7752.75,508
2026-10-01 02:56:00-04:00,7752.5,7752.5,7752.75,7751.5,7752.0,346
2026-10-01 02:57:00-04:00,7751.25,7751.25,7752.5,7750.5,7752.5,410
2026-10-01 02:58:00-04:00,7749.0,7749.0,7752.5,7749.0,7751.25,489
2026-10-01 02:59:00-04:00,7748.5,7748.5,7750.0,7748.5,7749.0,666
2026-10-01 03:00:00-04:00,7749.5,7749.5,7752.0,7747.5,7748.5,2378
2026-10-01 03:01:00-04:00,7748.0,7748.0,7749.75,7747.25,7749.25,855
2026-10-01 03:02:00-04:00,7746.5,7746.5,7748.25,7746.5,7747.75,712
2026-10-01 03:03:00-04:00,7749.0,7749.0,7749.25,7745.0,7746.5,1254
2026-10-01 03:04:00-04:00,7749.0,7749.0,7749.5,7747.75,7749.25,1178
2026-10-01 03:05:00-04:00,7749.0,7749.0,7751.0,7748.75,7749.25,1322
2026-10-01 03:06:00-04:00,7749.75,7749.75,7751.5,7748.75,7749.0,526
2026-10-01 03:07:00-04:00,7749.75,7749.75,7750.25,7749.25,7749.75,388
2026-10-01 03:08:00-04:00,7751.0,7751.0,7751.25,7749.5,7749.75,382
2026-10-01 03:09:00-04:00,7750.75,7750.75,7752.5,7750.75,7750.75,537
2026-10-01 03:10:00-04:00,7750.0,7750.0,7751.25,7749.75,7750.75,404
2026-10-01 03:11:00-04:00,7749.5,7749.5,7751.25,7749.5,7750.0,437
2026-10-01 03:12:00-04:00,7744.0,7744.0,7749.75,7743.75,7749.25,1021
2026-10-01 03:13:00-04:00,7741.0,7741.0,7744.25,7741.0,7743.75,860
2026-10-01 03:14:00-04:00,7737.25,7737.25,7741.25,7736.75,7741.25,1396
2026-10-01 03:15:00-04:00,7736.25,7736.25,7738.0,7735.5,7737.5,1068
2026-10-01 03:16:00-04:00,7735.5,7735.5,7737.0,7734.5,7736.25,947
2026-10-01 03:17:00-04:00,7731.25,7731.25,7735.5,7731.25,7735.5,1527
2026-10-01 03:18:00-04:00,7732.75,7732.75,7733.75,7730.75,7731.25,926
2026-10-01 03:19:00-04:00,7729.5,7729.5,7732.75,7728.5,7732.5,1123
2026-10-01 03:20:00-04:00,7727.75,7727.75,7729.75,7727.75,7729.5,693
2026-10-01 03:21:00-04:00,7726.75,7726.75,7728.5,7725.75,7727.75,985
2026-10-01 03:22:00-04:00,7726.25,7726.25,7727.5,7723.75,7726.75,1528
2026-10-01 03:23:00-04:00,7725.0,7725.0,7727.5,7724.75,7726.0,902
2026-10-01 03:24:00-04:00,7720.75,7720.75,7725.0,7720.25,7725.0,1576
2026-10-01 03:25:00-04:00,7717.25,7717.25,7721.25,7716.75,7721.0,1796
2026-10-01 03:26:00-04:00,7712.5,7712.5,7717.0,7711.0,7717.0,2100
2026-10-01 03:27:00-04:00,7712.0,7712.0,7714.75,7711.25,7712.25,1865
2026-10-01 03:28:00-04:00,7709.5,7709.5,7713.0,7708.75,7712.25,1478
2026-10-01 03:29:00-04:00,7708.25,7708.25,7711.0,7707.25,7709.5,1702
2026-10-01 03:30:00-04:00,7710.0,7710.0,7711.5,7707.75,7708.0,1093
2026-10-01 03:31:00-04:00,7715.0,7715.0,7715.5,7709.25,7710.0,1765
2026-10-01 03:32:00-04:00,7716.75,7716.75,7719.25,7714.0,7714.75,1602
2026-10-01 03:33:00-04:00,7718.5,7718.5,7720.0,7716.75,7716.75,951
2026-10-01 03:34:00-04:00,7721.75,7721.75,7722.0,7718.5,7718.75,1171
2026-10-01 03:35:00-04:00,7721.0,7721.0,7723.25,7720.0,7722.0,811
2026-10-01 03:36:00-04:00,7721.0,7721.0,7722.75,7719.5,7721.0,770
2026-10-01 03:37:00-04:00,7719.5,7719.5,7721.0,7718.75,7720.75,539
2026-10-01 03:38:00-04:00,7721.25,7721.25,7722.25,7719.25,7719.25,743
2026-10-01 03:39:00-04:00,7717.25,7717.25,7721.5,7717.25,7721.5,744
2026-10-01 03:40:00-04:00,7715.25,7715.25,7718.0,7714.0,7717.5,1295
2026-10-01 03:41:00-04:00,7715.75,7715.75,7716.5,7714.5,7715.25,395
2026-10-01 03:42:00-04:00,7714.5,7714.5,7717.0,7714.0,7715.5,726
2026-10-01 03:43:00-04:00,7714.25,7714.25,7716.25,7713.25,7714.5,487
2026-10-01 03:44:00-04:00,7717.25,7717.25,7721.0,7713.75,7714.25,1567
2026-10-01 03:45:00-04:00,7716.0,7716.0,7717.25,7715.5,7717.25,533
2026-10-01 03:46:00-04:00,7716.0,7716.0,7716.75,7713.75,7716.0,523
2026-10-01 03:47:00-04:00,7717.25,7717.25,7717.5,7715.25,7716.0,494
2026-10-01 03:48:00-04:00,7714.25,7714.25,7718.25,7712.0,7717.25,1059
2026-10-01 03:49:00-04:00,7713.5,7713.5,7715.25,7712.5,7714.25,751
2026-10-01 03:50:00-04:00,7716.5,7716.5,7717.75,7713.75,7713.75,542
2026-10-01 03:51:00-04:00,7719.5,7719.5,7721.25,7716.25,7716.5,964
2026-10-01 03:52:00-04:00,7717.5,7717.5,7719.5,7716.5,7719.25,342
2026-10-01 03:53:00-04:00,7721.5,7721.5,7721.75,7717.25,7717.25,311
2026-10-01 03:54:00-04:00,7721.5,7721.5,7722.75,7720.75,7721.5,384
2026-10-01 03:55:00-04:00,7722.25,7722.25,7723.0,7721.0,7721.75,364
2026-10-01 03:56:00-04:00,7719.75,7719.75,7723.5,7719.25,7722.25,478
2026-10-01 03:57:00-04:00,7717.0,7717.0,7720.0,7716.5,7720.0,507
2026-10-01 03:58:00-04:00,7717.25,7717.25,7718.0,7715.5,7717.0,380
2026-10-01 03:59:00-04:00,7715.5,7715.5,7717.75,7715.0,7717.0,607
2026-10-01 04:00:00-04:00,7718.75,7718.75,7719.25,7715.0,7715.5,881
2026-10-01 04:01:00-04:00,7716.75,7716.75,7720.5,7716.5,7718.75,692
2026-10-01 04:02:00-04:00,7720.75,7720.75,7721.75,7716.5,7716.5,1102
2026-10-01 04:03:00-04:00,7723.0,7723.0,7725.0,7720.5,7720.75,931
2026-10-01 04:04:00-04:00,7724.5,7724.5,7725.0,7722.5,7722.75,660
2026-10-01 04:05:00-04:00,7723.75,7723.75,7726.25,7723.5,7724.5,726
2026-10-01 04:06:00-04:00,7723.25,7723.25,7724.25,7721.25,7724.0,689
2026-10-01 04:07:00-04:00,7722.75,7722.75,7724.5,7722.25,7723.0,390
2026-10-01 04:08:00-04:00,7720.5,7720.5,7722.75,7720.25,7722.75,505
2026-10-01 04:09:00-04:00,7716.0,7716.0,7720.25,7715.0,7720.25,925
2026-10-01 04:10:00-04:00,7717.25,7717.25,7717.75,7716.0,7716.0,482
2026-10-01 04:11:00-04:00,7715.25,7715.25,7717.75,7714.75,7717.25,421
2026-10-01 04:12:00-04:00,7716.5,7716.5,7717.25,7714.25,7715.25,629
2026-10-01 04:13:00-04:00,7715.75,7715.75,7717.5,7715.25,7716.5,328
2026-10-01 04:14:00-04:00,7716.25,7716.25,7717.5,7715.5,7716.0,231
2026-10-01 04:15:00-04:00,7716.0,7716.0,7716.75,7715.0,7716.5,377
2026-10-01 04:16:00-04:00,7715.75,7715.75,7716.25,7715.0,7716.0,251
2026-10-01 04:17:00-04:00,7714.75,7714.75,7715.5,7713.5,7715.5,422
2026-10-01 04:18:00-04:00,7715.25,7715.25,7716.75,7714.0,7714.75,407
2026-10-01 04:19:00-04:00,7713.5,7713.5,7715.25,7712.75,7715.0,729
2026-10-01 04:20:00-04:00,7711.75,7711.75,7713.75,7711.0,7713.25,492
2026-10-01 04:21:00-04:00,7711.75,7711.75,7714.25,7711.75,7711.75,418
2026-10-01 04:22:00-04:00,7713.75,7713.75,7714.25,7711.25,7712.0,336
2026-10-01 04:23:00-04:00,7714.0,7714.0,7716.0,7713.25,7714.0,490
2026-10-01 04:24:00-04:00,7712.75,7712.75,7714.25,7712.25,7714.0,247
2026-10-01 04:25:00-04:00,7714.0,7714.0,7714.5,7712.25,7712.75,381
2026-10-01 04:26:00-04:00,7715.0,7715.0,7716.0,7713.75,7714.0,837
2026-10-01 04:27:00-04:00,7714.25,7714.25,7717.0,7714.25,7715.0,495
2026-10-01 04:28:00-04:00,7711.5,7711.5,7714.5,7710.5,7714.25,1024
2026-10-01 04:29:00-04:00,7708.5,7708.5,7712.5,7708.5,7711.5,803
2026-10-01 04:30:00-04:00,7708.5,7708.5,7710.0,7707.25,7708.5,912
2026-10-01 04:31:00-04:00,7706.0,7706.0,7709.25,7705.75,7708.5,770
2026-10-01 04:32:00-04:00,7705.75,7705.75,7706.5,7705.0,7706.0,1078
2026-10-01 04:33:00-04:00,7708.0,7708.0,7708.0,7705.5,7705.5,412
2026-10-01 04:34:00-04:00,7709.5,7709.5,7710.25,7706.75,7707.75,937
2026-10-01 04:35:00-04:00,7709.25,7709.25,7710.75,7708.75,7709.5,693
2026-10-01 04:36:00-04:00,7712.25,7712.25,7712.5,7709.0,7709.25,701
2026-10-01 04:37:00-04:00,7715.75,7715.75,7716.5,7712.25,7712.25,771
2026-10-01 04:38:00-04:00,7717.0,7717.0,7718.0,7715.25,7715.75,678
2026-10-01 04:39:00-04:00,7717.5,7717.5,7718.5,7716.5,7717.0,513
2026-10-01 04:40:00-04:00,7718.5,7718.5,7720.25,7717.25,7717.25,1160
2026-10-01 04:41:00-04:00,7720.0,7720.0,7721.0,7718.0,7718.75,649
2026-10-01 04:42:00-04:00,7719.5,7719.5,7721.0,7719.5,7719.75,279
2026-10-01 04:43:00-04:00,7718.75,7718.75,7719.5,7717.75,7719.5,514
2026-10-01 04:44:00-04:00,7716.75,7716.75,7719.0,7716.5,7719.0,307
2026-10-01 04:45:00-04:00,7714.0,7714.0,7717.0,7713.75,7716.75,752
2026-10-01 04:46:00-04:00,7713.5,7713.5,7714.25,7712.25,7713.75,614
2026-10-01 04:47:00-04:00,7714.25,7714.25,7714.75,7713.0,7714.0,451
2026-10-01 04:48:00-04:00,7714.75,7714.75,7715.0,7712.75,7714.25,404
2026-10-01 04:49:00-04:00,7715.25,7715.25,7716.25,7714.0,7715.0,514
2026-10-01 04:50:00-04:00,7716.5,7716.5,7717.75,7714.5,7715.25,532
2026-10-01 04:51:00-04:00,7717.25,7717.25,7717.5,7713.5,7716.5,1083
2026-10-01 04:52:00-04:00,7716.75,7716.75,7718.75,7716.25,7717.5,741
2026-10-01 04:53:00-04:00,7714.75,7714.75,7716.5,7713.5,7716.5,481
2026-10-01 04:54:00-04:00,7714.0,7714.0,7715.75,7712.5,7714.75,339
2026-10-01 04:55:00-04:00,7717.25,7717.25,7717.25,7713.75,7714.25,388
2026-10-01 04:56:00-04:00,7718.75,7718.75,7720.0,7717.5,7717.5,852
2026-10-01 04:57:00-04:00,7718.75,7718.75,7720.75,7718.5,7718.75,459
2026-10-01 04:58:00-04:00,7715.75,7715.75,7719.0,7715.5,7718.5,250
2026-10-01 04:59:00-04:00,7720.5,7720.5,7720.75,7715.25,7715.5,296
2026-10-01 05:00:00-04:00,7722.5,7722.5,7722.75,7719.75,7720.5,646
2026-10-01 05:01:00-04:00,7723.25,7723.25,7723.25,7721.75,7722.5,419
2026-10-01 05:02:00-04:00,7722.25,7722.25,7724.0,7722.0,7723.25,332
2026-10-01 05:03:00-04:00,7724.0,7724.0,7724.0,7721.0,7722.25,282
2026-10-01 05:04:00-04:00,7727.0,7727.0,7727.0,7723.75,7723.75,711
2026-10-01 05:05:00-04:00,7727.75,7727.75,7727.75,7726.0,7727.0,1091
2026-10-01 05:06:00-04:00,7727.5,7727.5,7727.75,7725.5,7727.75,551
2026-10-01 05:07:00-04:00,7727.5,7727.5,7727.5,7725.75,7727.5,834
2026-10-01 05:08:00-04:00,7726.0,7726.0,7728.25,7725.5,7727.5,540
2026-10-01 05:09:00-04:00,7727.0,7727.0,7727.5,7726.0,7726.25,270
2026-10-01 05:10:00-04:00,7727.0,7727.0,7727.75,7726.5,7727.0,278
2026-10-01 05:11:00-04:00,7727.0,7727.0,7727.5,7726.5,7727.25,138
2026-10-01 05:12:00-04:00,7727.0,7727.0,7727.75,7727.0,7727.0,172
2026-10-01 05:13:00-04:00,7728.25,7728.25,7728.25,7726.5,7727.25,246
2026-10-01 05:14:00-04:00,7728.0,7728.0,7729.0,7727.25,7728.0,267
2026-10-01 05:15:00-04:00,7728.0,7728.0,7729.25,7727.5,7728.0,465
2026-10-01 05:16:00-04:00,7727.25,7727.25,7728.75,7727.25,7728.25,178
2026-10-01 05:17:00-04:00,7728.25,7728.25,7729.0,7727.25,7727.25,341
2026-10-01 05:18:00-04:00,7727.0,7727.0,7728.5,7727.0,7728.25,352
2026-10-01 05:19:00-04:00,7726.75,7726.75,7727.25,7725.75,7726.75,461
2026-10-01 05:20:00-04:00,7727.25,7727.25,7729.25,7726.5,7726.75,743
2026-10-01 05:21:00-04:00,7729.25,7729.25,7732.25,7727.0,7727.5,2119
2026-10-01 05:22:00-04:00,7729.5,7729.5,7731.25,7728.75,7729.0,803
2026-10-01 05:23:00-04:00,7730.5,7730.5,7730.5,7729.25,7729.5,270
2026-10-01 05:24:00-04:00,7732.75,7732.75,7733.0,7730.75,7730.75,644
2026-10-01 05:25:00-04:00,7732.0,7732.0,7732.75,7731.75,7732.5,469
2026-10-01 05:26:00-04:00,7732.25,7732.25,7732.5,7731.25,7731.75,246
2026-10-01 05:27:00-04:00,7732.5,7732.5,7733.0,7732.0,7732.25,286
2026-10-01 05:28:00-04:00,7733.0,7733.0,7733.25,7731.5,7732.5,209
2026-10-01 05:29:00-04:00,7733.25,7733.25,7733.75,7732.75,7733.0,187
2026-10-01 05:30:00-04:00,7732.75,7732.75,7733.5,7732.5,7733.25,357
2026-10-01 05:31:00-04:00,7733.5,7733.5,7733.75,7732.5,7732.5,274
2026-10-01 05:32:00-04:00,7733.25,7733.25,7734.25,7732.5,7733.5,396
2026-10-01 05:33:00-04:00,7733.5,7733.5,7734.0,7732.5,7733.0,441
2026-10-01 05:34:00-04:00,7734.0,7734.0,7734.75,7733.0,7733.5,514
2026-10-01 05:35:00-04:00,7734.75,7734.75,7735.5,7733.5,7734.0,623
2026-10-01 05:36:00-04:00,7732.5,7732.5,7735.0,7731.75,7734.5,722
2026-10-01 05:37:00-04:00,7732.0,7732.0,7732.75,7731.5,7732.25,439
2026-10-01 05:38:00-04:00,7732.75,7732.75,7733.0,7732.0,7732.25,254
2026-10-01 05:39:00-04:00,7731.5,7731.5,7732.5,7731.0,7732.5,327
2026-10-01 05:40:00-04:00,7729.5,7729.5,7731.25,7729.25,7731.25,349
2026-10-01 05:41:00-04:00,7730.0,7730.0,7730.25,7728.5,7729.5,354
2026-10-01 05:42:00-04:00,7729.25,7729.25,7730.25,7729.25,7730.0,188
2026-10-01 05:43:00-04:00,7729.75,7729.75,7730.25,7728.75,7729.5,248
2026-10-01 05:44:00-04:00,7729.5,7729.5,7730.25,7729.0,7730.0,215
2026-10-01 05:45:00-04:00,7729.5,7729.5,7729.5,7728.0,7729.5,280
2026-10-01 05:46:00-04:00,7730.25,7730.25,7730.75,7729.25,7729.5,327
2026-10-01 05:47:00-04:00,7733.25,7733.25,7733.25,7730.0,7730.25,721
2026-10-01 05:48:00-04:00,7732.75,7732.75,7734.75,7732.75,7733.25,670
2026-10-01 05:49:00-04:00,7731.75,7731.75,7733.0,7731.75,7732.75,292
2026-10-01 05:50:00-04:00,7732.25,7732.25,7732.25,7730.5,7731.75,422
2026-10-01 05:51:00-04:00,7732.5,7732.5,7732.75,7731.5,7732.25,268
2026-10-01 05:52:00-04:00,7733.0,7733.0,7733.0,7732.25,7732.5,393
2026-10-01 05:53:00-04:00,7731.5,7731.5,7733.25,7730.5,7733.0,519
2026-10-01 05:54:00-04:00,7728.25,7728.25,7731.25,7728.0,7731.25,258
2026-10-01 05:55:00-04:00,7726.25,7726.25,7728.5,7725.75,7728.0,651
2026-10-01 05:56:00-04:00,7727.25,7727.25,7728.0,7726.25,7726.25,275
2026-10-01 05:57:00-04:00,7729.0,7729.0,7729.25,7727.25,7727.25,270
2026-10-01 05:58:00-04:00,7728.5,7728.5,7729.5,7727.75,7729.0,208
2026-10-01 05:59:00-04:00,7727.75,7727.75,7729.0,7727.5,7728.5,247
2026-10-01 06:00:00-04:00,7725.0,7725.0,7730.25,7723.75,7727.5,1364
2026-10-01 06:01:00-04:00,7722.75,7722.75,7725.25,7722.75,7725.0,993
2026-10-01 06:02:00-04:00,7721.25,7721.25,7723.0,7720.25,7722.75,724
2026-10-01 06:03:00-04:00,7720.75,7720.75,7721.75,7720.5,7721.0,396
2026-10-01 06:04:00-04:00,7720.0,7720.0,7720.75,7719.75,7720.75,444
2026-10-01 06:05:00-04:00,7718.75,7718.75,7720.5,7718.25,7719.75,445
2026-10-01 06:06:00-04:00,7720.25,7720.25,7721.0,7718.25,7718.5,525
2026-10-01 06:07:00-04:00,7722.5,7722.5,7723.0,7719.75,7720.25,815
2026-10-01 06:08:00-04:00,7722.25,7722.25,7722.75,7721.25,7722.0,452
2026-10-01 06:09:00-04:00,7724.0,7724.0,7724.75,7722.5,7722.5,878
2026-10-01 06:10:00-04:00,7725.0,7725.0,7725.5,7723.5,7723.5,464
2026-10-01 06:11:00-04:00,7726.0,7726.0,7726.0,7723.75,7725.0,303
2026-10-01 06:12:00-04:00,7727.75,7727.75,7727.75,7725.0,7726.0,639
2026-10-01 06:13:00-04:00,7728.5,7728.5,7729.25,7727.25,7727.5,372
2026-10-01 06:14:00-04:00,7729.75,7729.75,7730.5,7728.5,7728.75,522
2026-10-01 06:15:00-04:00,7729.25,7729.25,7729.5,7727.75,7729.5,454
2026-10-01 06:16:00-04:00,7727.25,7727.25,7729.25,7726.25,7729.25,343
2026-10-01 06:17:00-04:00,7729.5,7729.5,7731.0,7726.75,7727.25,727
2026-10-01 06:18:00-04:00,7732.75,7732.75,7733.75,7729.0,7729.5,875
2026-10-01 06:19:00-04:00,7730.75,7730.75,7733.0,7730.0,7732.75,374
2026-10-01 06:20:00-04:00,7733.0,7733.0,7733.0,7730.5,7730.75,507
2026-10-01 06:21:00-04:00,7732.0,7732.0,7734.5,7730.75,7732.75,1683
2026-10-01 06:22:00-04:00,7730.25,7730.25,7732.25,7729.75,7732.0,264
2026-10-01 06:23:00-04:00,7730.5,7730.5,7731.0,7729.75,7730.0,215
2026-10-01 06:24:00-04:00,7730.75,7730.75,7731.25,7729.75,7730.5,275
2026-10-01 06:25:00-04:00,7731.75,7731.75,7732.25,7730.0,7730.5,359
2026-10-01 06:26:00-04:00,7731.0,7731.0,7733.5,7731.0,7732.0,325
2026-10-01 06:27:00-04:00,7731.75,7731.75,7732.5,7731.0,7731.0,184
2026-10-01 06:28:00-04:00,7732.5,7732.5,7733.5,7731.75,7731.75,248
2026-10-01 06:29:00-04:00,7732.5,7732.5,7732.75,7731.75,7732.25,144
2026-10-01 06:30:00-04:00,7734.5,7734.5,7734.5,7732.25,7732.5,445
2026-10-01 06:31:00-04:00,7735.0,7735.0,7735.5,7734.0,7734.5,1264
2026-10-01 06:32:00-04:00,7734.75,7734.75,7735.75,7734.5,7735.25,479
2026-10-01 06:33:00-04:00,7734.75,7734.75,7735.25,7734.25,7734.5,442
2026-10-01 06:34:00-04:00,7736.5,7736.5,7736.5,7734.75,7734.75,797
2026-10-01 06:35:00-04:00,7736.0,7736.0,7736.75,7735.5,7736.5,715
2026-10-01 06:36:00-04:00,7736.75,7736.75,7737.25,7735.75,7736.0,599
2026-10-01 06:37:00-04:00,7736.25,7736.25,7736.75,7735.75,7736.5,336
2026-10-01 06:38:00-04:00,7735.75,7735.75,7736.25,7735.5,7736.0,366
2026-10-01 06:39:00-04:00,7736.5,7736.5,7736.5,7735.0,7735.75,594
2026-10-01 06:40:00-04:00,7736.5,7736.5,7736.75,7735.75,7736.5,387
2026-10-01 06:41:00-04:00,7736.5,7736.5,7736.75,7735.75,7736.5,243
2026-10-01 06:42:00-04:00,7742.75,7742.75,7743.25,7736.75,7736.75,2575
2026-10-01 06:43:00-04:00,7741.75,7741.75,7743.0,7741.75,7742.75,696
2026-10-01 06:44:00-04:00,7741.75,7741.75,7742.5,7741.25,7741.5,538
2026-10-01 06:45:00-04:00,7742.5,7742.5,7742.75,7741.25,7741.75,567
2026-10-01 06:46:00-04:00,7742.75,7742.75,7743.0,7742.0,7742.25,391
2026-10-01 06:47:00-04:00,7743.5,7743.5,7744.0,7742.5,7742.75,624
2026-10-01 06:48:00-04:00,7743.75,7743.75,7744.0,7743.0,7743.5,436
2026-10-01 06:49:00-04:00,7743.5,7743.5,7743.75,7742.75,7743.5,441
2026-10-01 06:50:00-04:00,7743.75,7743.75,7743.75,7742.0,7743.75,614
2026-10-01 06:51:00-04:00,7743.5,7743.5,7744.0,7743.0,7743.75,689
2026-10-01 06:52:00-04:00,7743.0,7743.0,7745.5,7743.0,7743.5,984
2026-10-01 06:53:00-04:00,7743.0,7743.0,7745.25,7742.5,7743.25,1010
2026-10-01 06:54:00-04:00,7745.0,7745.0,7745.5,7743.0,7743.0,902
2026-10-01 06:55:00-04:00,7743.25,7743.25,7744.75,7743.0,7744.75,710
2026-10-01 06:56:00-04:00,7742.25,7742.25,7743.25,7741.75,7743.0,580
2026-10-01 06:57:00-04:00,7742.5,7742.5,7743.5,7741.25,7742.0,727
2026-10-01 06:58:00-04:00,7742.0,7742.0,7742.25,7741.25,7742.25,724
2026-10-01 06:59:00-04:00,7743.0,7743.0,7743.5,7741.75,7742.0,572
2026-10-01 07:00:00-04:00,7741.0,7741.0,7744.25,7741.0,7743.0,1086
2026-10-01 07:01:00-04:00,7741.0,7741.0,7742.75,7739.5,7740.75,953
2026-10-01 07:02:00-04:00,7741.75,7741.75,7742.75,7741.0,7741.0,676
2026-10-01 07:03:00-04:00,7741.75,7741.75,7743.25,7741.25,7741.5,562
2026-10-01 07:04:00-04:00,7741.0,7741.0,7742.0,7740.5,7741.5,689
2026-10-01 07:05:00-04:00,7740.5,7740.5,7741.0,7737.75,7740.75,2768
2026-10-01 07:06:00-04:00,7741.75,7741.75,7742.0,7740.25,7740.25,707
2026-10-01 07:07:00-04:00,7741.0,7741.0,7742.0,7740.0,7741.75,537
2026-10-01 07:08:00-04:00,7739.75,7739.75,7741.25,7738.75,7740.75,467
2026-10-01 07:09:00-04:00,7738.25,7738.25,7740.0,7737.75,7739.5,545
2026-10-01 07:10:00-04:00,7737.25,7737.25,7738.25,7735.0,7738.0,777
2026-10-01 07:11:00-04:00,7736.5,7736.5,7737.75,7736.25,7737.0,495
2026-10-01 07:12:00-04:00,7736.25,7736.25,7737.0,7735.5,7736.5,385
2026-10-01 07:13:00-04:00,7735.75,7735.75,7736.75,7734.25,7736.25,878
2026-10-01 07:14:00-04:00,7733.25,7733.25,7736.0,7732.75,7735.75,915
2026-10-01 07:15:00-04:00,7731.5,7731.5,7733.25,7730.25,7733.0,678
2026-10-01 07:16:00-04:00,7730.25,7730.25,7731.5,7730.0,7731.5,375
2026-10-01 07:17:00-04:00,7729.75,7729.75,7730.75,7729.5,7730.25,524
2026-10-01 07:18:00-04:00,7730.5,7730.5,7730.75,7729.5,7729.5,272
2026-10-01 07:19:00-04:00,7730.0,7730.0,7730.75,7729.5,7730.25,346
2026-10-01 07:20:00-04:00,7728.75,7728.75,7730.0,7728.5,7729.75,320
2026-10-01 07:21:00-04:00,7728.25,7728.25,7729.0,7727.5,7728.75,420
2026-10-01 07:22:00-04:00,7729.25,7729.25,7731.75,7727.75,7728.25,1091
2026-10-01 07:23:00-04:00,7728.5,7728.5,7730.0,7728.5,7729.25,361
2026-10-01 07:24:00-04:00,7726.25,7726.25,7728.5,7726.25,7728.5,369
2026-10-01 07:25:00-04:00,7727.75,7727.75,7728.25,7726.0,7726.0,381
2026-10-01 07:26:00-04:00,7728.75,7728.75,7728.75,7727.5,7727.75,376
2026-10-01 07:27:00-04:00,7729.25,7729.25,7729.25,7728.25,7729.0,398
2026-10-01 07:28:00-04:00,7728.5,7728.5,7729.75,7728.25,7729.25,324
2026-10-01 07:29:00-04:00,7729.0,7729.0,7729.5,7727.75,7728.25,671
2026-10-01 07:30:00-04:00,7731.0,7731.0,7731.0,7728.75,7729.25,776
2026-10-01 07:31:00-04:00,7730.0,7730.0,7732.5,7729.75,7730.75,835
2026-10-01 07:32:00-04:00,7730.75,7730.75,7731.75,7728.25,7730.0,610
2026-10-01 07:33:00-04:00,7730.25,7730.25,7731.0,7729.75,7730.5,519
2026-10-01 07:34:00-04:00,7730.75,7730.75,7731.75,7729.75,7730.25,242
2026-10-01 07:35:00-04:00,7731.25,7731.25,7732.75,7730.25,7730.5,534
2026-10-01 07:36:00-04:00,7731.75,7731.75,7733.25,7730.5,7731.25,549
2026-10-01 07:37:00-04:00,7734.0,7734.0,7735.25,7731.75,7731.75,681
2026-10-01 07:38:00-04:00,7732.25,7732.25,7734.25,7731.25,7733.75,522
2026-10-01 07:39:00-04:00,7735.25,7735.25,7736.25,7732.5,7732.5,797
2026-10-01 07:40:00-04:00,7736.75,7736.75,7737.0,7734.75,7735.25,628
2026-10-01 07:41:00-04:00,7737.0,7737.0,7737.75,7735.75,7736.5,516
2026-10-01 07:42:00-04:00,7736.75,7736.75,7737.75,7736.25,7737.0,435
2026-10-01 07:43:00-04:00,7737.25,7737.25,7738.75,7736.25,7737.0,757
2026-10-01 07:44:00-04:00,7737.5,7737.5,7738.0,7736.5,7737.25,327
2026-10-01 07:45:00-04:00,7738.5,7738.5,7738.75,7737.5,7737.5,424
2026-10-01 07:46:00-04:00,7740.25,7740.25,7740.75,7738.0,7738.75,513
2026-10-01 07:47:00-04:00,7742.25,7742.25,7742.25,7740.0,7740.25,608
2026-10-01 07:48:00-04:00,7742.75,7742.75,7743.0,7741.75,7742.25,422
2026-10-01 07:49:00-04:00,7742.0,7742.0,7743.5,7741.5,7742.75,579
2026-10-01 07:50:00-04:00,7744.0,7744.0,7744.5,7741.75,7742.0,437
2026-10-01 07:51:00-04:00,7742.5,7742.5,7744.75,7742.5,7744.25,648
2026-10-01 07:52:00-04:00,7742.25,7742.25,7742.75,7740.5,7742.75,953
2026-10-01 07:53:00-04:00,7741.75,7741.75,7742.75,7741.5,7742.5,537
2026-10-01 07:54:00-04:00,7742.75,7742.75,7743.25,7741.25,7741.75,526
2026-10-01 07:55:00-04:00,7743.25,7743.25,7743.5,7742.75,7743.0,467
2026-10-01 07:56:00-04:00,7743.75,7743.75,7744.25,7742.75,7743.0,658
2026-10-01 07:57:00-04:00,7743.75,7743.75,7744.75,7743.5,7744.0,456
2026-10-01 07:58:00-04:00,7743.25,7743.25,7744.5,7742.5,7744.0,598
2026-10-01 07:59:00-04:00,7743.5,7743.5,7743.75,7742.25,7743.25,575
2026-10-01 08:00:00-04:00,7743.75,7743.75,7745.0,7742.5,7743.5,1121
2026-10-01 08:01:00-04:00,7743.75,7743.75,7745.0,7743.25,7743.75,890
2026-10-01 08:02:00-04:00,7744.75,7744.75,7745.0,7743.5,7743.75,748
2026-10-01 08:03:00-04:00,7743.75,7743.75,7745.0,7742.5,7744.5,1015
2026-10-01 08:04:00-04:00,7742.25,7742.25,7744.25,7741.75,7743.5,611
2026-10-01 08:05:00-04:00,7742.5,7742.5,7743.0,7741.75,7742.25,530
2026-10-01 08:06:00-04:00,7744.0,7744.0,7744.25,7742.25,7742.5,531
2026-10-01 08:07:00-04:00,7742.75,7742.75,7744.5,7742.75,7744.0,594
2026-10-01 08:08:00-04:00,7742.25,7742.25,7743.25,7742.25,7742.75,370
2026-10-01 08:09:00-04:00,7743.25,7743.25,7743.5,7742.0,7742.0,402
2026-10-01 08:10:00-04:00,7743.75,7743.75,7744.5,7743.0,7743.0,499
2026-10-01 08:11:00-04:00,7743.75,7743.75,7744.25,7743.75,7744.0,351
2026-10-01 08:12:00-04:00,7743.0,7743.0,7745.0,7743.0,7743.75,930
2026-10-01 08:13:00-04:00,7742.5,7742.5,7743.25,7741.75,7743.0,588
2026-10-01 08:14:00-04:00,7741.5,7741.5,7742.5,7741.0,7742.25,452
2026-10-01 08:15:00-04:00,7742.5,7742.5,7743.0,7741.0,7741.25,568
2026-10-01 08:16:00-04:00,7742.25,7742.25,7742.75,7741.25,7742.5,691
2026-10-01 08:17:00-04:00,7742.5,7742.5,7742.75,7739.25,7742.25,2381
2026-10-01 08:18:00-04:00,7742.5,7742.5,7744.75,7741.75,7742.75,1137
2026-10-01 08:19:00-04:00,7742.5,7742.5,7743.5,7742.0,7742.5,379
2026-10-01 08:20:00-04:00,7742.0,7742.0,7743.25,7741.75,7742.5,377
2026-10-01 08:21:00-04:00,7743.25,7743.25,7743.25,7741.75,7742.0,234
2026-10-01 08:22:00-04:00,7742.0,7742.0,7744.0,7741.75,7743.25,397
2026-10-01 08:23:00-04:00,7739.5,7739.5,7742.5,7738.25,7741.75,716
2026-10-01 08:24:00-04:00,7740.25,7740.25,7740.75,7739.0,7739.25,440
2026-10-01 08:25:00-04:00,7741.75,7741.75,7741.75,7739.75,7740.0,477
2026-10-01 08:26:00-04:00,7741.25,7741.25,7742.25,7737.5,7741.75,3095
2026-10-01 08:27:00-04:00,7740.0,7740.0,7741.25,7739.5,7741.25,347
2026-10-01 08:28:00-04:00,7740.5,7740.5,7741.0,7739.5,7740.0,486
2026-10-01 08:29:00-04:00,7742.0,7742.0,7742.5,7740.0,7740.5,441
2026-10-01 08:30:00-04:00,7742.0,7742.0,7744.5,7740.5,7742.25,817
2026-10-01 08:31:00-04:00,7744.0,7744.0,7744.0,7741.0,7742.0,519
2026-10-01 08:32:00-04:00,7742.25,7742.25,7745.0,7742.25,7743.75,871
2026-10-01 08:33:00-04:00,7743.25,7743.25,7743.75,7741.75,7742.25,363
2026-10-01 08:34:00-04:00,7745.5,7745.5,7746.0,7743.0,7743.0,1514
2026-10-01 08:35:00-04:00,7747.0,7747.0,7747.0,7743.5,7745.25,830
2026-10-01 08:36:00-04:00,7747.25,7747.25,7748.75,7746.5,7746.75,878
2026-10-01 08:37:00-04:00,7745.0,7745.0,7747.0,7744.5,7747.0,724
2026-10-01 08:38:00-04:00,7745.25,7745.25,7745.75,7744.5,7745.0,548
2026-10-01 08:39:00-04:00,7746.5,7746.5,7746.75,7745.0,7745.25,512
2026-10-01 08:40:00-04:00,7746.25,7746.25,7748.25,7746.25,7746.5,689
2026-10-01 08:41:00-04:00,7747.0,7747.0,7748.0,7746.25,7746.25,402
2026-10-01 08:42:00-04:00,7746.25,7746.25,7746.75,7745.0,7746.75,623
2026-10-01 08:43:00-04:00,7744.5,7744.5,7746.75,7743.75,7746.0,927
2026-10-01 08:44:00-04:00,7741.5,7741.5,7745.0,7741.0,7744.75,980
2026-10-01 08:45:00-04:00,7742.25,7742.25,7743.0,7741.0,7741.25,860
2026-10-01 08:46:00-04:00,7742.0,7742.0,7742.5,7741.25,7742.25,766
2026-10-01 08:47:00-04:00,7740.25,7740.25,7743.0,7740.25,7742.0,481
2026-10-01 08:48:00-04:00,7741.0,7741.0,7742.0,7738.5,7740.5,759
2026-10-01 08:49:00-04:00,7741.5,7741.5,7741.5,7739.75,7741.0,630
2026-10-01 08:50:00-04:00,7740.5,7740.5,7742.5,7740.25,7741.5,757
2026-10-01 08:51:00-04:00,7738.25,7738.25,7741.25,7738.25,7740.5,788
2026-10-01 08:52:00-04:00,7737.0,7737.0,7738.75,7737.0,7738.25,691
2026-10-01 08:53:00-04:00,7736.0,7736.0,7737.0,7735.5,7736.75,847
2026-10-01 08:54:00-04:00,7736.0,7736.0,7737.25,7735.75,7736.0,533
2026-10-01 08:55:00-04:00,7735.0,7735.0,7736.5,7734.25,7736.0,959
2026-10-01 08:56:00-04:00,7733.75,7733.75,7736.25,7733.25,7735.25,937
2026-10-01 08:57:00-04:00,7735.0,7735.0,7735.25,7733.0,7733.75,740
2026-10-01 08:58:00-04:00,7733.5,7733.5,7735.0,7733.25,7735.0,614
2026-10-01 08:59:00-04:00,7733.5,7733.5,7734.5,7733.25,7733.5,576
2026-10-01 09:00:00-04:00,7732.75,7732.75,7735.5,7731.5,7733.5,2360
2026-10-01 09:01:00-04:00,7734.0,7734.0,7735.0,7731.75,7732.75,963
2026-10-01 09:02:00-04:00,7735.25,7735.25,7735.5,7733.5,7734.0,1253
2026-10-01 09:03:00-04:00,7734.75,7734.75,7735.75,7734.75,7735.25,731
2026-10-01 09:04:00-04:00,7733.75,7733.75,7735.5,7733.75,7734.75,643
2026-10-01 09:05:00-04:00,7734.75,7734.75,7735.25,7733.5,7733.75,739
2026-10-01 09:06:00-04:00,7735.25,7735.25,7735.5,7734.5,7734.75,951
2026-10-01 09:07:00-04:00,7739.25,7739.25,7740.0,7735.0,7735.25,1426
2026-10-01 09:08:00-04:00,7740.5,7740.5,7741.0,7738.25,7739.25,874
2026-10-01 09:09:00-04:00,7737.75,7737.75,7741.0,7737.5,7740.5,1031
2026-10-01 09:10:00-04:00,7738.0,7738.0,7738.25,7736.5,7737.5,570
2026-10-01 09:11:00-04:00,7738.0,7738.0,7739.25,7736.75,7738.25,754
2026-10-01 09:12:00-04:00,7739.0,7739.0,7739.0,7737.25,7738.25,525
2026-10-01 09:13:00-04:00,7737.5,7737.5,7739.75,7737.0,7738.75,943
2026-10-01 09:14:00-04:00,7735.0,7735.0,7737.75,7734.75,7737.5,827
2026-10-01 09:15:00-04:00,7733.5,7733.5,7735.5,7733.25,7735.0,946
2026-10-01 09:16:00-04:00,7731.0,7731.0,7733.5,7730.75,7733.25,1882
2026-10-01 09:17:00-04:00,7732.0,7732.0,7732.5,7730.25,7731.0,834
2026-10-01 09:18:00-04:00,7732.75,7732.75,7733.0,7731.0,7732.0,772
2026-10-01 09:19:00-04:00,7732.5,7732.5,7733.0,7731.75,7732.75,674
2026-10-01 09:20:00-04:00,7733.75,7733.75,7734.25,7732.25,7732.5,1166
2026-10-01 09:21:00-04:00,7731.25,7731.25,7733.75,7731.0,7733.75,1023
2026-10-01 09:22:00-04:00,7732.75,7732.75,7733.25,7731.25,7731.25,987
2026-10-01 09:23:00-04:00,7732.25,7732.25,7733.5,7732.25,7732.75,996
2026-10-01 09:24:00-04:00,7729.0,7729.0,7732.25,7728.5,7732.25,1165
2026-10-01 09:25:00-04:00,7731.75,7731.75,7732.25,7729.0,7729.0,1831
2026-10-01 09:26:00-04:00,7732.5,7732.5,7734.0,7731.25,7731.5,1257
2026-10-01 09:27:00-04:00,7730.75,7730.75,7732.5,7729.5,7732.25,1531
2026-10-01 09:28:00-04:00,7729.25,7729.25,7731.0,7729.0,7730.75,998
2026-10-01 09:29:00-04:00,7729.75,7729.75,7732.0,7729.25,7729.25,1696
2026-10-01 09:30:00-04:00,7726.5,7726.5,7738.75,7725.5,7730.0,17292
2026-10-01 09:31:00-04:00,7721.25,7721.25,7728.75,7720.5,7726.5,10398
2026-10-01 09:32:00-04:00,7729.0,7729.0,7730.5,7721.0,7721.0,8552
2026-10-01 09:33:00-04:00,7735.75,7735.75,7739.5,7728.0,7729.0,7149
2026-10-01 09:34:00-04:00,7734.25,7734.25,7736.0,7729.25,7735.75,5889
2026-10-01 09:35:00-04:00,7736.0,7736.0,7738.25,7731.25,7734.5,7939
2026-10-01 09:36:00-04:00,7736.0,7736.0,7737.25,7732.75,7736.0,5917
2026-10-01 09:37:00-04:00,7739.5,7739.5,7740.0,7735.25,7736.0,4509
2026-10-01 09:38:00-04:00,7738.5,7738.5,7740.0,7736.0,7739.5,5575
2026-10-01 09:39:00-04:00,7732.5,7732.5,7739.5,7732.0,7738.5,5484
2026-10-01 09:40:00-04:00,7728.5,7728.5,7732.75,7727.25,7732.75,7038
2026-10-01 09:41:00-04:00,7723.5,7723.5,7732.0,7723.0,7728.75,6218
2026-10-01 09:42:00-04:00,7722.5,7722.5,7724.75,7721.5,7723.25,6725
2026-10-01 09:43:00-04:00,7720.25,7720.25,7723.0,7718.5,7722.25,6170
2026-10-01 09:44:00-04:00,7720.0,7720.0,7723.0,7717.5,7720.0,4799
2026-10-01 09:45:00-04:00,7721.25,7721.25,7725.25,7720.0,7720.25,9536
2026-10-01 09:46:00-04:00,7720.75,7720.75,7723.25,7719.0,7721.25,6600
2026-10-01 09:47:00-04:00,7717.0,7717.0,7722.5,7716.75,7720.75,5186
2026-10-01 09:48:00-04:00,7719.0,7719.0,7719.25,7715.0,7717.0,5306
2026-10-01 09:49:00-04:00,7712.0,7712.0,7719.5,7711.75,7719.25,5190
2026-10-01 09:50:00-04:00,7718.5,7718.5,7719.0,7712.0,7712.0,6144
2026-10-01 09:51:00-04:00,7716.5,7716.5,7719.0,7714.75,7718.5,4760
2026-10-01 09:52:00-04:00,7725.25,7725.25,7726.0,7716.25,7716.75,5451
2026-10-01 09:53:00-04:00,7724.25,7724.25,7726.0,7721.25,7725.25,4217
2026-10-01 09:54:00-04:00,7723.75,7723.75,7725.25,7721.75,7724.25,3847
2026-10-01 09:55:00-04:00,7718.75,7718.75,7726.75,7717.75,7723.75,5357
2026-10-01 09:56:00-04:00,7714.5,7714.5,7718.75,7714.0,7718.75,5489
2026-10-01 09:57:00-04:00,7716.25,7716.25,7716.75,7712.75,7714.5,4219
2026-10-01 09:58:00-04:00,7713.0,7713.0,7716.25,7713.0,7716.25,3099
2026-10-01 09:59:00-04:00,7711.25,7711.25,7713.0,7710.0,7713.0,3850
2026-10-01 10:00:00-04:00,7698.0,7698.0,7712.5,7697.75,7711.5,12351
2026-10-01 10:01:00-04:00,7689.75,7689.75,7698.5,7688.5,7698.0,14859
2026-10-01 10:02:00-04:00,7688.75,7688.75,7690.75,7685.25,7689.75,12805
2026-10-01 10:03:00-04:00,7688.0,7688.0,7689.5,7683.75,7688.75,9284
2026-10-01 10:04:00-04:00,7686.0,7686.0,7690.25,7685.0,7688.0,8191
2026-10-01 10:05:00-04:00,7685.0,7685.0,7687.75,7683.0,7686.0,8970
2026-10-01 10:06:00-04:00,7689.0,7689.0,7689.25,7682.25,7685.0,10418
2026-10-01 10:07:00-04:00,7688.5,7688.5,7691.25,7685.75,7688.75,8200
2026-10-01 10:08:00-04:00,7695.75,7695.75,7699.0,7688.5,7688.5,13237
2026-10-01 10:09:00-04:00,7701.25,7701.25,7702.0,7695.0,7695.75,7940
2026-10-01 10:10:00-04:00,7698.75,7698.75,7701.75,7696.5,7701.5,6856
2026-10-01 10:11:00-04:00,7693.75,7693.75,7699.5,7693.0,7698.75,6518
2026-10-01 10:12:00-04:00,7693.25,7693.25,7699.25,7692.5,7693.75,5871
2026-10-01 10:13:00-04:00,7691.0,7691.0,7693.5,7688.0,7693.25,6276
2026-10-01 10:14:00-04:00,7694.5,7694.5,7694.5,7689.75,7691.0,4672
2026-10-01 10:15:00-04:00,7693.5,7693.5,7697.75,7692.0,7694.25,6289
2026-10-01 10:16:00-04:00,7693.75,7693.75,7695.75,7692.25,7693.5,4621
2026-10-01 10:17:00-04:00,7695.5,7695.5,7698.5,7692.75,7693.75,6177
2026-10-01 10:18:00-04:00,7691.75,7691.75,7695.5,7689.75,7695.5,5982
2026-10-01 10:19:00-04:00,7691.5,7691.5,7692.25,7686.5,7691.75,5459
2026-10-01 10:20:00-04:00,7691.75,7691.75,7694.0,7689.75,7691.5,5464
2026-10-01 10:21:00-04:00,7690.0,7690.0,7693.75,7688.5,7691.75,5729
2026-10-01 10:22:00-04:00,7685.25,7685.25,7692.25,7684.75,7689.75,5007
2026-10-01 10:23:00-04:00,7688.75,7688.75,7690.0,7683.0,7685.25,6884
2026-10-01 10:24:00-04:00,7689.25,7689.25,7690.0,7687.0,7688.75,5338
2026-10-01 10:25:00-04:00,7691.0,7691.0,7692.25,7688.25,7689.25,5876
2026-10-01 10:26:00-04:00,7694.25,7694.25,7696.0,7689.25,7691.0,5536
2026-10-01 10:27:00-04:00,7692.75,7692.75,7694.5,7690.25,7694.25,4717
2026-10-01 10:28:00-04:00,7688.75,7688.75,7693.75,7685.5,7693.0,5211
2026-10-01 10:29:00-04:00,7689.75,7689.75,7692.25,7688.5,7688.75,4539
2026-10-01 10:30:00-04:00,7693.5,7693.5,7695.0,7687.75,7689.5,8075
2026-10-01 10:31:00-04:00,7690.25,7690.25,7693.5,7686.75,7693.5,5637
2026-10-01 10:32:00-04:00,7692.5,7692.5,7695.0,7688.5,7690.25,6292
2026-10-01 10:33:00-04:00,7696.0,7696.0,7698.75,7692.25,7692.5,6118
2026-10-01 10:34:00-04:00,7701.0,7701.0,7701.0,7694.25,7696.0,6280
2026-10-01 10:35:00-04:00,7698.0,7698.0,7702.0,7696.75,7701.0,5734
2026-10-01 10:36:00-04:00,7703.25,7703.25,7703.75,7697.75,7698.0,4897
2026-10-01 10:37:00-04:00,7700.5,7700.5,7704.5,7700.5,7703.0,4647
2026-10-01 10:38:00-04:00,7703.75,7703.75,7704.5,7698.75,7700.5,4844
2026-10-01 10:39:00-04:00,7705.75,7705.75,7707.0,7703.5,7703.75,4488
2026-10-01 10:40:00-04:00,7704.0,7704.0,7707.75,7702.25,7705.75,8172
2026-10-01 10:41:00-04:00,7700.75,7700.75,7704.75,7698.5,7704.0,5325
2026-10-01 10:42:00-04:00,7701.5,7701.5,7703.25,7699.5,7700.75,4103
2026-10-01 10:43:00-04:00,7702.0,7702.0,7703.75,7699.25,7701.5,3892
2026-10-01 10:44:00-04:00,7699.75,7699.75,7702.75,7698.5,7701.75,4208
2026-10-01 10:45:00-04:00,7705.25,7705.25,7705.25,7698.75,7699.5,4868
2026-10-01 10:46:00-04:00,7699.75,7699.75,7707.0,7698.25,7705.0,5240
2026-10-01 10:47:00-04:00,7695.25,7695.25,7700.0,7694.75,7700.0,5407
2026-10-01 10:48:00-04:00,7694.75,7694.75,7697.25,7694.25,7695.5,5118
2026-10-01 10:49:00-04:00,7697.75,7697.75,7699.5,7693.5,7694.75,6338
2026-10-01 10:50:00-04:00,7697.5,7697.5,7700.25,7695.5,7697.75,4923
2026-10-01 10:51:00-04:00,7692.75,7692.75,7699.5,7692.75,7697.5,4802
2026-10-01 10:52:00-04:00,7688.25,7688.25,7694.25,7687.0,7693.0,5704
2026-10-01 10:53:00-04:00,7688.25,7688.25,7692.75,7686.0,7688.25,7963
2026-10-01 10:54:00-04:00,7690.0,7690.0,7690.5,7686.25,7688.25,4850
2026-10-01 10:55:00-04:00,7690.5,7690.5,7693.25,7689.0,7690.0,5102
2026-10-01 10:56:00-04:00,7690.0,7690.0,7692.25,7688.5,7690.5,4010
2026-10-01 10:57:00-04:00,7690.25,7690.25,7691.0,7687.75,7690.0,5898
2026-10-01 10:58:00-04:00,7687.75,7687.75,7698.5,7685.5,7690.0,9030
2026-10-01 10:59:00-04:00,7689.25,7689.25,7690.0,7684.25,7687.5,3998
2026-10-01 11:00:00-04:00,7687.0,7687.0,7690.75,7686.0,7689.25,4309
2026-10-01 11:01:00-04:00,7681.5,7681.5,7687.0,7678.5,7686.75,7923
2026-10-01 11:02:00-04:00,7679.5,7679.5,7683.0,7679.5,7681.5,5646
2026-10-01 11:03:00-04:00,7679.25,7679.25,7681.75,7677.5,7679.5,6738
2026-10-01 11:04:00-04:00,7680.25,7680.25,7682.5,7677.75,7679.25,5042
2026-10-01 11:05:00-04:00,7680.0,7680.0,7684.0,7679.0,7680.25,4575
2026-10-01 11:06:00-04:00,7681.0,7681.0,7681.25,7679.75,7680.0,3765
2026-10-01 11:07:00-04:00,7679.25,7679.25,7684.0,7678.75,7681.0,4656
2026-10-01 11:08:00-04:00,7677.0,7677.0,7679.5,7675.0,7679.0,6846
2026-10-01 11:09:00-04:00,7678.25,7678.25,7680.5,7676.75,7677.0,4378
2026-10-01 11:10:00-04:00,7675.75,7675.75,7678.0,7673.5,7678.0,7426
2026-10-01 11:11:00-04:00,7678.75,7678.75,7680.0,7672.75,7675.75,5510
2026-10-01 11:12:00-04:00,7679.5,7679.5,7680.25,7677.75,7678.5,4138
2026-10-01 11:13:00-04:00,7682.75,7682.75,7684.25,7679.75,7679.75,4949
2026-10-01 11:14:00-04:00,7688.0,7688.0,7688.75,7682.5,7682.75,5567
2026-10-01 11:15:00-04:00,7688.25,7688.25,7690.0,7685.0,7687.75,6299
2026-10-01 11:16:00-04:00,7690.75,7690.75,7691.75,7688.25,7688.25,5190
2026-10-01 11:17:00-04:00,7696.25,7696.25,7696.5,7690.75,7691.0,5843
2026-10-01 11:18:00-04:00,7690.25,7690.25,7697.0,7690.0,7696.25,5693
2026-10-01 11:19:00-04:00,7692.5,7692.5,7695.0,7689.5,7690.25,5240
2026-10-01 11:20:00-04:00,7689.5,7689.5,7697.0,7689.5,7692.5,8244
2026-10-01 11:21:00-04:00,7693.5,7693.5,7695.0,7688.25,7689.75,4765
2026-10-01 11:22:00-04:00,7692.0,7692.0,7694.75,7691.5,7693.75,3674
2026-10-01 11:23:00-04:00,7692.5,7692.5,7693.75,7690.75,7692.0,2961
2026-10-01 11:24:00-04:00,7692.0,7692.0,7694.25,7692.0,7692.5,2799
2026-10-01 11:25:00-04:00,7693.5,7693.5,7695.5,7691.75,7692.25,3593
2026-10-01 11:26:00-04:00,7696.25,7696.25,7696.5,7691.5,7693.25,3661
2026-10-01 11:27:00-04:00,7696.75,7696.75,7697.25,7695.0,7696.25,3851
2026-10-01 11:28:00-04:00,7692.5,7692.5,7698.75,7692.5,7697.0,4773
2026-10-01 11:29:00-04:00,7689.25,7689.25,7693.0,7688.75,7692.5,4906
2026-10-01 11:30:00-04:00,7688.0,7688.0,7690.25,7686.5,7689.5,6812
2026-10-01 11:31:00-04:00,7686.75,7686.75,7689.0,7685.25,7688.25,3841
2026-10-01 11:32:00-04:00,7684.25,7684.25,7686.75,7684.25,7686.75,4390
2026-10-01 11:33:00-04:00,7684.25,7684.25,7688.25,7684.0,7684.5,3486
2026-10-01 11:34:00-04:00,7680.0,7680.0,7685.5,7679.75,7684.25,4965
2026-10-01 11:35:00-04:00,7677.25,7677.25,7681.0,7677.25,7680.25,5160
2026-10-01 11:36:00-04:00,7682.25,7682.25,7683.0,7677.25,7677.5,5822
2026-10-01 11:37:00-04:00,7684.75,7684.75,7685.0,7681.75,7682.5,4044
2026-10-01 11:38:00-04:00,7688.75,7688.75,7690.25,7684.0,7684.5,5486
2026-10-01 11:39:00-04:00,7690.0,7690.0,7693.75,7688.5,7688.75,4821
2026-10-01 11:40:00-04:00,7689.25,7689.25,7693.75,7689.0,7690.25,5243
2026-10-01 11:41:00-04:00,7684.25,7684.25,7690.25,7683.0,7689.0,5746
2026-10-01 11:42:00-04:00,7686.25,7686.25,7686.75,7683.25,7684.0,3776
2026-10-01 11:43:00-04:00,7681.25,7681.25,7686.0,7680.25,7686.0,3688
2026-10-01 11:44:00-04:00,7681.75,7681.75,7681.75,7678.0,7681.0,5152
2026-10-01 11:45:00-04:00,7682.75,7682.75,7683.5,7679.75,7681.5,3541
2026-10-01 11:46:00-04:00,7682.25,7682.25,7684.5,7681.75,7682.75,4109
2026-10-01 11:47:00-04:00,7685.75,7685.75,7686.75,7681.75,7682.5,4303
2026-10-01 11:48:00-04:00,7687.25,7687.25,7688.75,7684.0,7685.75,6629
2026-10-01 11:49:00-04:00,7686.5,7686.5,7687.75,7684.5,7687.25,3055
2026-10-01 11:50:00-04:00,7681.25,7681.25,7686.5,7681.0,7686.25,4177
2026-10-01 11:51:00-04:00,7679.5,7679.5,7681.75,7678.75,7681.0,3561
2026-10-01 11:52:00-04:00,7680.75,7680.75,7681.75,7678.5,7679.5,3557
2026-10-01 11:53:00-04:00,7678.75,7678.75,7681.0,7677.25,7680.75,4235
2026-10-01 11:54:00-04:00,7681.75,7681.75,7683.5,7678.25,7679.0,3890
2026-10-01 11:55:00-04:00,7687.5,7687.5,7687.75,7681.5,7681.75,4531
2026-10-01 11:56:00-04:00,7689.75,7689.75,7693.75,7685.75,7687.75,10056
2026-10-01 11:57:00-04:00,7691.25,7691.25,7694.25,7688.25,7689.75,4815
2026-10-01 11:58:00-04:00,7689.0,7689.0,7692.0,7687.75,7691.5,4577
2026-10-01 11:59:00-04:00,7691.25,7691.25,7691.75,7688.25,7688.75,2680
2026-10-01 12:00:00-04:00,7693.0,7693.0,7693.75,7687.0,7691.5,5210
2026-10-01 12:01:00-04:00,7692.25,7692.25,7694.25,7692.0,7693.0,4218
2026-10-01 12:02:00-04:00,7696.25,7696.25,7696.5,7691.5,7692.25,5329
2026-10-01 12:03:00-04:00,7695.0,7695.0,7697.25,7695.0,7696.25,4040
2026-10-01 12:04:00-04:00,7695.5,7695.5,7697.5,7695.0,7695.0,3188
2026-10-01 12:05:00-04:00,7691.75,7691.75,7695.75,7691.0,7695.5,4750
2026-10-01 12:06:00-04:00,7696.75,7696.75,7697.75,7690.5,7691.75,2954
2026-10-01 12:07:00-04:00,7693.75,7693.75,7698.0,7693.5,7696.75,2542
2026-10-01 12:08:00-04:00,7694.75,7694.75,7696.5,7693.75,7693.75,2934
2026-10-01 12:09:00-04:00,7694.0,7694.0,7695.25,7692.0,7694.5,2800
2026-10-01 12:10:00-04:00,7694.5,7694.5,7696.75,7693.5,7693.75,2649
2026-10-01 12:11:00-04:00,7694.5,7694.5,7696.0,7693.75,7694.5,2272
2026-10-01 12:12:00-04:00,7691.5,7691.5,7695.25,7690.0,7694.25,2841
2026-10-01 12:13:00-04:00,7690.0,7690.0,7691.5,7689.0,7691.5,2321
2026-10-01 12:14:00-04:00,7690.25,7690.25,7691.0,7689.5,7690.0,1891
2026-10-01 12:15:00-04:00,7690.5,7690.5,7692.0,7689.0,7690.25,2418
2026-10-01 12:16:00-04:00,7694.75,7694.75,7695.0,7690.5,7690.5,2949
2026-10-01 12:17:00-04:00,7699.5,7699.5,7700.0,7693.25,7695.0,3527
2026-10-01 12:18:00-04:00,7697.75,7697.75,7701.25,7697.5,7699.75,3242
2026-10-01 12:19:00-04:00,7695.25,7695.25,7697.75,7694.5,7697.75,2791
2026-10-01 12:20:00-04:00,7695.25,7695.25,7695.75,7692.5,7695.0,2422
2026-10-01 12:21:00-04:00,7695.75,7695.75,7696.5,7694.75,7695.25,1873
2026-10-01 12:22:00-04:00,7697.75,7697.75,7698.5,7695.25,7695.75,2141
2026-10-01 12:23:00-04:00,7698.75,7698.75,7699.0,7695.75,7698.0,2041
2026-10-01 12:24:00-04:00,7701.25,7701.25,7702.5,7698.0,7698.5,2973
2026-10-01 12:25:00-04:00,7700.75,7700.75,7701.5,7698.75,7701.5,2778
2026-10-01 12:26:00-04:00,7699.25,7699.25,7702.0,7699.0,7701.0,2234
2026-10-01 12:27:00-04:00,7700.5,7700.5,7701.25,7699.0,7699.25,2098
2026-10-01 12:28:00-04:00,7699.75,7699.75,7701.25,7698.25,7700.5,2623
2026-10-01 12:29:00-04:00,7697.5,7697.5,7699.75,7697.25,7699.5,3503
2026-10-01 12:30:00-04:00,7702.25,7702.25,7702.25,7696.25,7697.75,3591
2026-10-01 12:31:00-04:00,7704.25,7704.25,7704.75,7702.0,7702.25,3709
2026-10-01 12:32:00-04:00,7708.0,7708.0,7708.0,7703.75,7704.0,3482
2026-10-01 12:33:00-04:00,7707.5,7707.5,7709.5,7707.25,7707.75,3656
2026-10-01 12:34:00-04:00,7708.25,7708.25,7708.75,7706.0,7707.5,2607
2026-10-01 12:35:00-04:00,7709.0,7709.0,7709.25,7707.25,7708.0,2409
2026-10-01 12:36:00-04:00,7708.25,7708.25,7709.25,7706.75,7709.0,3033
2026-10-01 12:37:00-04:00,7706.25,7706.25,7711.0,7705.75,7708.5,3462
2026-10-01 12:38:00-04:00,7703.5,7703.5,7706.0,7702.0,7706.0,3628
2026-10-01 12:39:00-04:00,7703.75,7703.75,7704.5,7702.75,7703.5,2093
2026-10-01 12:40:00-04:00,7705.0,7705.0,7705.5,7702.75,7703.75,2993
2026-10-01 12:41:00-04:00,7700.75,7700.75,7704.75,7700.5,7704.75,2710
2026-10-01 12:42:00-04:00,7703.5,7703.5,7704.75,7699.25,7700.5,2793
2026-10-01 12:43:00-04:00,7705.5,7705.5,7706.5,7703.25,7703.5,2362
2026-10-01 12:44:00-04:00,7704.75,7704.75,7705.5,7703.5,7705.25,1464
2026-10-01 12:45:00-04:00,7705.0,7705.0,7705.75,7703.5,7705.0,1565
2026-10-01 12:46:00-04:00,7704.75,7704.75,7705.0,7703.25,7704.75,1719
2026-10-01 12:47:00-04:00,7705.0,7705.0,7705.5,7703.25,7704.75,1593
2026-10-01 12:48:00-04:00,7705.75,7705.75,7708.0,7704.5,7704.75,2059
2026-10-01 12:49:00-04:00,7703.5,7703.5,7706.25,7702.75,7705.75,2455
2026-10-01 12:50:00-04:00,7702.5,7702.5,7705.0,7700.75,7703.5,3829
2026-10-01 12:51:00-04:00,7697.75,7697.75,7702.5,7696.75,7702.5,2961
2026-10-01 12:52:00-04:00,7698.25,7698.25,7698.5,7696.75,7697.5,2784
2026-10-01 12:53:00-04:00,7696.0,7696.0,7699.25,7695.5,7698.25,2666
2026-10-01 12:54:00-04:00,7693.5,7693.5,7696.0,7692.5,7695.75,3949
2026-10-01 12:55:00-04:00,7690.0,7690.0,7694.5,7689.75,7693.5,3945
2026-10-01 12:56:00-04:00,7689.25,7689.25,7691.25,7687.5,7690.0,5636
2026-10-01 12:57:00-04:00,7691.5,7691.5,7691.75,7688.5,7689.0,3521
2026-10-01 12:58:00-04:00,7692.5,7692.5,7692.75,7691.0,7691.75,2308
2026-10-01 12:59:00-04:00,7694.0,7694.0,7694.5,7692.0,7692.25,2607
2026-10-01 13:00:00-04:00,7693.5,7693.5,7695.25,7691.75,7693.75,3627
2026-10-01 13:01:00-04:00,7696.25,7696.25,7696.25,7692.25,7693.5,4445
2026-10-01 13:02:00-04:00,7702.0,7702.0,7702.5,7696.0,7696.5,3745
2026-10-01 13:03:00-04:00,7699.25,7699.25,7702.25,7698.5,7702.0,2505
2026-10-01 13:04:00-04:00,7703.25,7703.25,7703.75,7698.75,7699.25,2953
2026-10-01 13:05:00-04:00,7703.5,7703.5,7705.0,7702.5,7703.25,2873
2026-10-01 13:06:00-04:00,7703.25,7703.25,7705.0,7702.25,7703.5,3535
2026-10-01 13:07:00-04:00,7702.5,7702.5,7704.0,7700.5,7703.25,3132
2026-10-01 13:08:00-04:00,7702.0,7702.0,7703.75,7701.5,7702.5,1910
2026-10-01 13:09:00-04:00,7701.25,7701.25,7702.25,7700.0,7702.0,2134
2026-10-01 13:10:00-04:00,7702.0,7702.0,7702.25,7700.25,7701.25,2844
2026-10-01 13:11:00-04:00,7703.5,7703.5,7704.25,7701.75,7702.0,2423
2026-10-01 13:12:00-04:00,7703.5,7703.5,7705.75,7703.0,7703.75,2208
2026-10-01 13:13:00-04:00,7706.0,7706.0,7706.25,7702.75,7703.25,2082
2026-10-01 13:14:00-04:00,7704.0,7704.0,7707.5,7703.5,7706.25,2605
2026-10-01 13:15:00-04:00,7705.0,7705.0,7705.25,7702.5,7704.0,2517
2026-10-01 13:16:00-04:00,7705.75,7705.75,7706.75,7704.5,7705.0,1787
2026-10-01 13:17:00-04:00,7706.5,7706.5,7707.5,7705.5,7705.5,2301
2026-10-01 13:18:00-04:00,7708.0,7708.0,7708.25,7705.75,7706.25,2613
2026-10-01 13:19:00-04:00,7710.5,7710.5,7712.5,7708.0,7708.0,4665
2026-10-01 13:20:00-04:00,7714.25,7714.25,7715.25,7710.25,7710.5,5168
2026-10-01 13:21:00-04:00,7713.75,7713.75,7714.5,7711.5,7714.25,3870
2026-10-01 13:22:00-04:00,7718.25,7718.25,7718.5,7712.75,7713.75,3982
2026-10-01 13:23:00-04:00,7718.25,7718.25,7719.75,7717.25,7718.25,4439
2026-10-01 13:24:00-04:00,7721.5,7721.5,7721.75,7717.0,7718.5,4414
2026-10-01 13:25:00-04:00,7722.75,7722.75,7725.0,7721.25,7721.75,6948
2026-10-01 13:26:00-04:00,7722.5,7722.5,7723.5,7721.5,7723.0,3385
2026-10-01 13:27:00-04:00,7722.0,7722.0,7723.5,7720.5,7722.75,4371
2026-10-01 13:28:00-04:00,7721.25,7721.25,7723.25,7720.75,7722.0,3943
2026-10-01 13:29:00-04:00,7722.0,7722.0,7723.75,7719.75,7721.5,4896
2026-10-01 13:30:00-04:00,7731.75,7731.75,7737.25,7721.75,7722.25,24924
2026-10-01 13:31:00-04:00,7731.5,7731.5,7734.0,7729.25,7731.75,7623
2026-10-01 13:32:00-04:00,7728.75,7728.75,7733.75,7727.25,7731.5,4859
2026-10-01 13:33:00-04:00,7730.5,7730.5,7731.5,7728.0,7728.5,4312
2026-10-01 13:34:00-04:00,7731.5,7731.5,7732.5,7729.5,7730.5,3500
2026-10-01 13:35:00-04:00,7726.75,7726.75,7731.75,7726.25,7731.5,3578
2026-10-01 13:36:00-04:00,7729.75,7729.75,7730.0,7725.5,7726.75,3405
2026-10-01 13:37:00-04:00,7728.5,7728.5,7730.0,7728.0,7729.5,1999
2026-10-01 13:38:00-04:00,7727.75,7727.75,7729.5,7726.25,7728.5,2938
2026-10-01 13:39:00-04:00,7727.75,7727.75,7729.0,7727.5,7727.75,1807
2026-10-01 13:40:00-04:00,7729.0,7729.0,7729.5,7726.0,7728.0,3055
2026-10-01 13:41:00-04:00,7729.25,7729.25,7729.5,7726.25,7728.75,3011
2026-10-01 13:42:00-04:00,7733.25,7733.25,7733.5,7729.0,7729.25,5089
2026-10-01 13:43:00-04:00,7733.25,7733.25,7735.25,7732.75,7733.25,4508
2026-10-01 13:44:00-04:00,7733.75,7733.75,7734.25,7732.25,7733.25,2473
2026-10-01 13:45:00-04:00,7736.75,7736.75,7736.75,7732.75,7733.75,4462
2026-10-01 13:46:00-04:00,7737.75,7737.75,7738.25,7733.75,7736.5,5578
2026-10-01 13:47:00-04:00,7734.0,7734.0,7738.75,7734.0,7737.75,4107
2026-10-01 13:48:00-04:00,7732.0,7732.0,7734.5,7731.25,7733.75,3021
2026-10-01 13:49:00-04:00,7730.25,7730.25,7733.5,7730.25,7732.0,2909
2026-10-01 13:50:00-04:00,7728.75,7728.75,7731.25,7728.25,7730.5,4800
2026-10-01 13:51:00-04:00,7731.0,7731.0,7731.5,7728.25,7728.75,3073
2026-10-01 13:52:00-04:00,7732.0,7732.0,7733.0,7730.5,7731.0,2346
2026-10-01 13:53:00-04:00,7731.25,7731.25,7732.0,7730.5,7732.0,1923
2026-10-01 13:54:00-04:00,7723.5,7723.5,7731.5,7723.25,7731.0,11941
2026-10-01 13:55:00-04:00,7724.75,7724.75,7726.25,7720.5,7723.75,8372
2026-10-01 13:56:00-04:00,7721.75,7721.75,7726.5,7719.25,7724.75,7884
2026-10-01 13:57:00-04:00,7718.5,7718.5,7722.0,7717.75,7721.75,6507
2026-10-01 13:58:00-04:00,7719.75,7719.75,7721.25,7718.5,7718.5,4481
2026-10-01 13:59:00-04:00,7720.75,7720.75,7721.75,7717.75,7719.75,4032
2026-10-01 14:00:00-04:00,7716.5,7716.5,7722.5,7715.25,7720.75,6181
2026-10-01 14:01:00-04:00,7720.0,7720.0,7720.0,7713.5,7716.25,6095
2026-10-01 14:02:00-04:00,7721.25,7721.25,7721.75,7718.5,7720.0,4895
2026-10-01 14:03:00-04:00,7717.25,7717.25,7722.0,7717.0,7721.25,3496
2026-10-01 14:04:00-04:00,7716.0,7716.0,7718.5,7714.25,7717.25,2983
2026-10-01 14:05:00-04:00,7712.5,7712.5,7716.75,7711.5,7715.75,4127
2026-10-01 14:06:00-04:00,7708.0,7708.0,7712.75,7707.25,7712.5,4917
2026-10-01 14:07:00-04:00,7709.25,7709.25,7709.75,7706.75,7708.0,4275
2026-10-01 14:08:00-04:00,7708.5,7708.5,7711.0,7708.0,7709.25,3620
2026-10-01 14:09:00-04:00,7711.75,7711.75,7712.75,7708.25,7708.5,4059
2026-10-01 14:10:00-04:00,7711.0,7711.0,7714.0,7709.5,7711.75,3395
2026-10-01 14:11:00-04:00,7713.0,7713.0,7714.0,7711.25,7711.25,4162
2026-10-01 14:12:00-04:00,7716.25,7716.25,7717.0,7713.0,7713.25,5194
2026-10-01 14:13:00-04:00,7718.25,7718.25,7720.5,7716.0,7716.0,5861
2026-10-01 14:14:00-04:00,7718.25,7718.25,7718.75,7716.0,7718.5,2130
2026-10-01 14:15:00-04:00,7719.5,7719.5,7722.0,7718.5,7718.5,3561
2026-10-01 14:16:00-04:00,7719.5,7719.5,7720.75,7718.25,7719.5,2365
2026-10-01 14:17:00-04:00,7719.5,7719.5,7720.5,7718.0,7719.5,1896
2026-10-01 14:18:00-04:00,7723.25,7723.25,7723.5,7719.25,7719.5,1896
2026-10-01 14:19:00-04:00,7720.25,7720.25,7723.25,7719.75,7723.25,2515
2026-10-01 14:20:00-04:00,7719.75,7719.75,7720.75,7718.0,7720.0,1998
2026-10-01 14:21:00-04:00,7719.75,7719.75,7721.25,7718.75,7719.75,1608
2026-10-01 14:22:00-04:00,7719.0,7719.0,7720.5,7715.0,7719.5,5031
2026-10-01 14:23:00-04:00,7725.75,7725.75,7726.25,7718.5,7718.75,9143
2026-10-01 14:24:00-04:00,7725.0,7725.0,7727.75,7724.25,7725.75,3822
2026-10-01 14:25:00-04:00,7726.0,7726.0,7726.5,7722.5,7724.75,2399
2026-10-01 14:26:00-04:00,7724.5,7724.5,7726.75,7723.5,7726.0,2282
2026-10-01 14:27:00-04:00,7723.75,7723.75,7724.75,7722.75,7724.5,2235
2026-10-01 14:28:00-04:00,7725.0,7725.0,7727.0,7723.5,7723.75,2480
2026-10-01 14:29:00-04:00,7726.75,7726.75,7727.75,7724.75,7725.0,3294
2026-10-01 14:30:00-04:00,7723.75,7723.75,7727.5,7723.25,7726.75,2919
2026-10-01 14:31:00-04:00,7723.0,7723.0,7725.0,7722.75,7723.75,1562
2026-10-01 14:32:00-04:00,7727.0,7727.0,7727.75,7722.25,7723.0,2643
2026-10-01 14:33:00-04:00,7729.25,7729.25,7729.25,7726.75,7726.75,2585
2026-10-01 14:34:00-04:00,7736.5,7736.5,7736.5,7728.0,7729.25,7627
2026-10-01 14:35:00-04:00,7734.25,7734.25,7736.75,7733.25,7736.5,5596
2026-10-01 14:36:00-04:00,7732.25,7732.25,7734.25,7731.0,7734.25,3166
2026-10-01 14:37:00-04:00,7730.5,7730.5,7732.25,7729.25,7732.0,2601
2026-10-01 14:38:00-04:00,7728.25,7728.25,7730.25,7727.75,7730.25,2327
2026-10-01 14:39:00-04:00,7728.5,7728.5,7729.5,7727.75,7728.25,1924
2026-10-01 14:40:00-04:00,7729.0,7729.0,7729.25,7727.5,7728.75,1642
2026-10-01 14:41:00-04:00,7729.75,7729.75,7731.0,7728.25,7729.0,2194
2026-10-01 14:42:00-04:00,7728.0,7728.0,7730.0,7726.75,7729.75,2396
2026-10-01 14:43:00-04:00,7726.75,7726.75,7728.0,7725.75,7728.0,1789
2026-10-01 14:44:00-04:00,7728.5,7728.5,7728.75,7726.75,7726.75,1459
2026-10-01 14:45:00-04:00,7726.5,7726.5,7728.5,7726.5,7728.5,1220
2026-10-01 14:46:00-04:00,7727.5,7727.5,7727.75,7725.5,7726.5,1903
2026-10-01 14:47:00-04:00,7728.5,7728.5,7729.0,7727.25,7727.25,1770
2026-10-01 14:48:00-04:00,7728.25,7728.25,7729.25,7727.5,7728.5,1426
2026-10-01 14:49:00-04:00,7727.75,7727.75,7729.0,7727.75,7728.0,1090
2026-10-01 14:50:00-04:00,7728.0,7728.0,7729.5,7727.0,7728.0,1730
2026-10-01 14:51:00-04:00,7728.25,7728.25,7728.5,7726.25,7728.0,1654
2026-10-01 14:52:00-04:00,7729.5,7729.5,7731.0,7728.25,7728.5,1892
2026-10-01 14:53:00-04:00,7731.25,7731.25,7731.5,7729.75,7729.75,1159
2026-10-01 14:54:00-04:00,7731.0,7731.0,7732.0,7730.25,7731.5,1507
2026-10-01 14:55:00-04:00,7731.25,7731.25,7731.25,7729.0,7730.75,3390
2026-10-01 14:56:00-04:00,7731.25,7731.25,7732.25,7730.75,7731.25,1209
2026-10-01 14:57:00-04:00,7730.5,7730.5,7731.75,7730.0,7731.25,1382
2026-10-01 14:58:00-04:00,7731.5,7731.5,7731.75,7730.5,7730.5,1492
2026-10-01 14:59:00-04:00,7733.25,7733.25,7733.5,7731.0,7731.25,2314
2026-10-01 15:00:00-04:00,7731.0,7731.0,7734.25,7730.75,7733.25,2721
2026-10-01 15:01:00-04:00,7729.0,7729.0,7731.0,7728.75,7731.0,2067
2026-10-01 15:02:00-04:00,7728.25,7728.25,7729.75,7728.0,7728.75,1845
2026-10-01 15:03:00-04:00,7728.25,7728.25,7729.0,7727.0,7728.25,2384
2026-10-01 15:04:00-04:00,7730.5,7730.5,7730.75,7727.75,7728.25,1876
2026-10-01 15:05:00-04:00,7730.25,7730.25,7730.75,7729.25,7730.5,1376
2026-10-01 15:06:00-04:00,7728.0,7728.0,7730.0,7727.5,7730.0,1202
2026-10-01 15:07:00-04:00,7729.0,7729.0,7729.0,7727.0,7728.0,1381
2026-10-01 15:08:00-04:00,7730.25,7730.25,7730.75,7728.5,7728.75,1363
2026-10-01 15:09:00-04:00,7730.75,7730.75,7731.75,7729.5,7730.0,1406
2026-10-01 15:10:00-04:00,7730.5,7730.5,7733.0,7730.5,7730.5,1688
2026-10-01 15:11:00-04:00,7729.75,7729.75,7731.5,7729.25,7730.5,1396
2026-10-01 15:12:00-04:00,7729.5,7729.5,7730.5,7729.5,7729.75,896
2026-10-01 15:13:00-04:00,7730.75,7730.75,7731.5,7729.0,7729.5,1633
2026-10-01 15:14:00-04:00,7731.0,7731.0,7731.25,7730.0,7730.75,1025
2026-10-01 15:15:00-04:00,7730.75,7730.75,7731.5,7729.0,7730.75,1865
2026-10-01 15:16:00-04:00,7730.5,7730.5,7730.75,7729.5,7730.5,976
2026-10-01 15:17:00-04:00,7728.5,7728.5,7730.75,7728.0,7730.25,1828
2026-10-01 15:18:00-04:00,7730.5,7730.5,7731.0,7728.25,7728.5,1266
2026-10-01 15:19:00-04:00,7731.75,7731.75,7732.0,7730.25,7730.5,1600
2026-10-01 15:20:00-04:00,7731.25,7731.25,7731.75,7730.25,7731.75,1504
2026-10-01 15:21:00-04:00,7731.5,7731.5,7733.25,7731.0,7731.25,1265
2026-10-01 15:22:00-04:00,7730.25,7730.25,7731.5,7730.0,7731.5,1355
2026-10-01 15:23:00-04:00,7729.75,7729.75,7730.75,7729.25,7730.5,1287
2026-10-01 15:24:00-04:00,7728.5,7728.5,7730.5,7728.25,7729.75,1818
2026-10-01 15:25:00-04:00,7729.5,7729.5,7729.5,7727.75,7728.5,1424
2026-10-01 15:26:00-04:00,7728.75,7728.75,7730.25,7728.25,7729.5,1491
2026-10-01 15:27:00-04:00,7727.75,7727.75,7728.75,7727.25,7728.75,1426
2026-10-01 15:28:00-04:00,7730.0,7730.0,7730.25,7727.5,7727.5,1363
2026-10-01 15:29:00-04:00,7730.0,7730.0,7730.0,7729.0,7730.0,1114
2026-10-01 15:30:00-04:00,7730.5,7730.5,7731.0,7729.5,7729.75,1896
2026-10-01 15:31:00-04:00,7731.75,7731.75,7733.0,7730.5,7730.5,2428
2026-10-01 15:32:00-04:00,7730.25,7730.25,7731.75,7729.5,7731.5,1851
2026-10-01 15:33:00-04:00,7730.25,7730.25,7731.0,7729.75,7730.25,1356
2026-10-01 15:34:00-04:00,7729.0,7729.0,7731.25,7728.0,7730.0,2240
2026-10-01 15:35:00-04:00,7728.25,7728.25,7729.25,7727.75,7728.75,1811
2026-10-01 15:36:00-04:00,7727.0,7727.0,7728.25,7726.5,7728.0,2034
2026-10-01 15:37:00-04:00,7728.25,7728.25,7728.5,7726.5,7727.0,1814
2026-10-01 15:38:00-04:00,7730.75,7730.75,7730.75,7728.0,7728.0,1920
2026-10-01 15:39:00-04:00,7730.75,7730.75,7732.25,7730.5,7730.5,1572
2026-10-01 15:40:00-04:00,7732.5,7732.5,7732.5,7730.25,7730.5,2172
2026-10-01 15:41:00-04:00,7732.75,7732.75,7733.75,7732.25,7732.5,1779
2026-10-01 15:42:00-04:00,7730.75,7730.75,7733.25,7730.5,7732.75,1409
2026-10-01 15:43:00-04:00,7732.0,7732.0,7732.75,7730.25,7730.75,1737
2026-10-01 15:44:00-04:00,7730.5,7730.5,7732.25,7730.5,7732.0,1349
2026-10-01 15:45:00-04:00,7733.0,7733.0,7733.25,7729.75,7730.5,4051
2026-10-01 15:46:00-04:00,7734.5,7734.5,7735.25,7732.25,7733.0,3870
2026-10-01 15:47:00-04:00,7733.0,7733.0,7734.25,7732.0,7734.25,1632
2026-10-01 15:48:00-04:00,7732.25,7732.25,7733.5,7731.5,7732.75,1549
2026-10-01 15:49:00-04:00,7732.75,7732.75,7733.25,7732.0,7732.25,1602
2026-10-01 15:50:00-04:00,7737.75,7737.75,7738.75,7732.0,7732.75,7797
2026-10-01 15:51:00-04:00,7737.75,7737.75,7741.25,7737.5,7737.75,4827
2026-10-01 15:52:00-04:00,7735.5,7735.5,7738.0,7734.5,7737.75,4102
2026-10-01 15:53:00-04:00,7733.25,7733.25,7736.25,7733.25,7735.5,2969
2026-10-01 15:54:00-04:00,7729.75,7729.75,7734.5,7729.5,7733.5,6441
2026-10-01 15:55:00-04:00,7726.0,7726.0,7730.0,7724.25,7730.0,10078
2026-10-01 15:56:00-04:00,7726.5,7726.5,7728.25,7725.25,7726.25,4266
2026-10-01 15:57:00-04:00,7725.0,7725.0,7727.25,7724.25,7726.5,3917
2026-10-01 15:58:00-04:00,7722.5,7722.5,7725.25,7722.25,7725.0,6657
2026-10-01 15:59:00-04:00,7726.25,7726.25,7727.75,7719.75,7722.75,72561
2026-10-01 16:00:00-04:00,7728.5,7728.5,7728.75,7724.75,7726.0,13629
2026-10-01 16:01:00-04:00,7729.75,7729.75,7730.5,7728.0,7728.5,3081
2026-10-01 16:02:00-04:00,7728.0,7728.0,7730.0,7727.25,7730.0,1616
2026-10-01 16:03:00-04:00,7727.5,7727.5,7728.75,7727.0,7728.25,1483
2026-10-01 16:04:00-04:00,7728.0,7728.0,7728.0,7726.0,7727.5,1683
2026-10-01 16:05:00-04:00,7730.25,7730.25,7730.25,7727.5,7728.25,1808
2026-10-01 16:06:00-04:00,7730.75,7730.75,7731.0,7729.0,7730.25,1421
2026-10-01 16:07:00-04:00,7729.75,7729.75,7731.25,7728.75,7730.75,943
2026-10-01 16:08:00-04:00,7730.0,7730.0,7730.75,7729.25,7729.75,547
2026-10-01 16:09:00-04:00,7730.0,7730.0,7731.0,7729.5,7730.0,1024
2026-10-01 16:10:00-04:00,7729.25,7729.25,7730.0,7729.0,7729.75,558
2026-10-01 16:11:00-04:00,7729.25,7729.25,7730.0,7729.25,7729.25,444
2026-10-01 16:12:00-04:00,7729.5,7729.5,7729.5,7728.75,7729.25,468
2026-10-01 16:13:00-04:00,7731.75,7731.75,7732.0,7729.25,7729.25,1222
2026-10-01 16:14:00-04:00,7732.25,7732.25,7732.75,7731.0,7731.75,987
2026-10-01 16:15:00-04:00,7731.5,7731.5,7732.5,7731.5,7732.25,333
2026-10-01 16:16:00-04:00,7731.25,7731.25,7732.0,7731.0,7731.75,946
2026-10-01 16:17:00-04:00,7732.0,7732.0,7732.5,7731.25,7731.5,424
2026-10-01 16:18:00-04:00,7731.75,7731.75,7732.5,7731.75,7732.25,264
2026-10-01 16:19:00-04:00,7731.25,7731.25,7732.0,7730.25,7731.75,755
2026-10-01 16:20:00-04:00,7731.0,7731.0,7731.5,7730.75,7731.5,724
2026-10-01 16:21:00-04:00,7730.75,7730.75,7731.5,7730.0,7731.25,358
2026-10-01 16:22:00-04:00,7730.5,7730.5,7730.75,7730.25,7730.75,134
2026-10-01 16:23:00-04:00,7730.75,7730.75,7731.25,7730.5,7730.75,182
2026-10-01 16:24:00-04:00,7730.25,7730.25,7731.0,7730.25,7731.0,164
2026-10-01 16:25:00-04:00,7731.0,7731.0,7731.25,7730.25,7730.25,219
2026-10-01 16:26:00-04:00,7730.25,7730.25,7731.0,7730.0,7731.0,314
2026-10-01 16:27:00-04:00,7730.25,7730.25,7730.5,7730.25,7730.25,127
2026-10-01 16:28:00-04:00,7729.75,7729.75,7730.75,7729.5,7730.25,315
2026-10-01 16:29:00-04:00,7729.75,7729.75,7730.25,7729.5,7730.0,203
2026-10-01 16:30:00-04:00,7729.75,7729.75,7729.75,7729.5,7729.75,195
2026-10-01 16:31:00-04:00,7729.25,7729.25,7729.75,7729.25,7729.5,80
2026-10-01 16:32:00-04:00,7729.75,7729.75,7730.25,7729.25,7729.25,163
2026-10-01 16:33:00-04:00,7729.5,7729.5,7729.75,7729.25,7729.75,97
2026-10-01 16:34:00-04:00,7729.5,7729.5,7729.5,7728.5,7729.25,299
2026-10-01 16:35:00-04:00,7728.25,7728.25,7729.75,7728.25,7729.5,531
2026-10-01 16:36:00-04:00,7728.0,7728.0,7728.75,7728.0,7728.25,249
2026-10-01 16:37:00-04:00,7728.25,7728.25,7728.5,7728.0,7728.0,416
2026-10-01 16:38:00-04:00,7727.25,7727.25,7728.0,7726.75,7728.0,427
2026-10-01 16:39:00-04:00,7726.75,7726.75,7727.5,7726.75,7727.5,255
2026-10-01 16:40:00-04:00,7726.5,7726.5,7727.25,7726.5,7726.75,314
2026-10-01 16:41:00-04:00,7726.75,7726.75,7727.0,7726.5,7726.75,158
2026-10-01 16:42:00-04:00,7726.75,7726.75,7727.25,7726.5,7726.75,231
2026-10-01 16:43:00-04:00,7726.5,7726.5,7727.0,7726.5,7726.5,204
2026-10-01 16:44:00-04:00,7727.0,7727.0,7727.0,7726.5,7726.5,145
2026-10-01 16:45:00-04:00,7726.25,7726.25,7727.0,7726.25,7726.75,287
2026-10-01 16:46:00-04:00,7725.75,7725.75,7726.75,7725.5,7726.25,304
2026-10-01 16:47:00-04:00,7725.5,7725.5,7726.0,7725.5,7725.75,183
2026-10-01 16:48:00-04:00,7725.5,7725.5,7725.5,7725.25,7725.5,395
2026-10-01 16:49:00-04:00,7726.0,7726.0,7726.0,7725.5,7725.5,82
2026-10-01 16:50:00-04:00,7727.25,7727.25,7727.5,7726.0,7726.0,862
2026-10-01 16:51:00-04:00,7726.0,7726.0,7727.25,7726.0,7727.25,258
2026-10-01 16:52:00-04:00,7725.75,7725.75,7726.0,7725.25,7726.0,479
2026-10-01 16:53:00-04:00,7725.25,7725.25,7725.75,7725.0,7725.75,281
2026-10-01 16:54:00-04:00,7725.25,7725.25,7725.5,7725.0,7725.25,889
2026-10-01 16:55:00-04:00,7724.5,7724.5,7725.5,7724.5,7725.25,732
2026-10-01 16:56:00-04:00,7724.75,7724.75,7725.0,7724.25,7724.75,293
2026-10-01 16:57:00-04:00,7725.5,7725.5,7725.75,7724.75,7724.75,159
2026-10-01 16:58:00-04:00,7725.75,7725.75,7726.0,7725.25,7725.5,417
2026-10-01 16:59:00-04:00,7725.0,7725.0,7726.0,7725.0,7726.0,438
2026-10-01 18:00:00-04:00,7726.0,7726.0,7727.25,7723.25,7724.0,0
2026-10-01 18:01:00-04:00,7726.75,7726.75,7727.25,7725.5,7725.75,156
2026-10-01 18:02:00-04:00,7726.5,7726.5,7727.0,7725.0,7726.75,105
2026-10-01 18:03:00-04:00,7724.75,7724.75,7727.25,7724.75,7726.25,97
2026-10-01 18:04:00-04:00,7726.0,7726.0,7726.25,7724.0,7724.5,129
2026-10-01 18:05:00-04:00,7727.75,7727.75,7727.75,7725.5,7725.5,143
2026-10-01 18:06:00-04:00,7728.5,7728.5,7729.0,7727.5,7727.5,89
2026-10-01 18:07:00-04:00,7729.25,7729.25,7730.25,7728.5,7728.5,192
2026-10-01 18:08:00-04:00,7730.25,7730.25,7730.25,7728.75,7729.0,95
2026-10-01 18:09:00-04:00,7728.0,7728.0,7730.5,7726.5,7730.25,267
2026-10-01 18:10:00-04:00,7728.5,7728.5,7728.75,7728.0,7728.0,67
2026-10-01 18:11:00-04:00,7727.75,7727.75,7728.25,7727.5,7728.25,65
2026-10-01 18:12:00-04:00,7727.5,7727.5,7728.25,7726.5,7727.5,84
2026-10-01 18:13:00-04:00,7726.75,7726.75,7727.75,7726.5,7727.75,39
2026-10-01 18:14:00-04:00,7726.25,7726.25,7727.5,7725.75,7727.25,97
2026-10-01 18:15:00-04:00,7725.5,7725.5,7726.25,7724.75,7726.25,169
2026-10-01 18:16:00-04:00,7725.0,7725.0,7725.75,7725.0,7725.75,41
2026-10-01 18:17:00-04:00,7726.5,7726.5,7726.5,7725.0,7725.0,38
2026-10-01 18:18:00-04:00,7725.5,7725.5,7726.25,7725.0,7726.25,61
2026-10-01 18:19:00-04:00,7726.25,7726.25,7726.5,7725.75,7726.0,51
2026-10-01 18:20:00-04:00,7726.25,7726.25,7726.75,7725.75,7726.5,85
2026-10-01 18:21:00-04:00,7726.25,7726.25,7726.25,7725.75,7726.25,21
2026-10-01 18:22:00-04:00,7725.5,7725.5,7726.25,7725.25,7726.25,52
2026-10-01 18:23:00-04:00,7724.5,7724.5,7725.5,7724.0,7725.5,259
2026-10-01 18:24:00-04:00,7724.75,7724.75,7725.25,7724.5,7724.5,60
2026-10-01 18:25:00-04:00,7726.25,7726.25,7726.75,7724.75,7725.0,126
2026-10-01 18:26:00-04:00,7726.0,7726.0,7726.25,7725.5,7726.0,66
2026-10-01 18:27:00-04:00,7726.25,7726.25,7726.5,7725.5,7725.75,51
2026-10-01 18:28:00-04:00,7726.0,7726.0,7726.25,7725.75,7726.0,10
2026-10-01 18:29:00-04:00,7726.5,7726.5,7726.5,7725.5,7725.75,32
2026-10-01 18:30:00-04:00,7727.5,7727.5,7727.5,7726.25,7726.5,78
2026-10-01 18:31:00-04:00,7727.0,7727.0,7727.5,7726.75,7727.5,61
2026-10-01 18:32:00-04:00,7728.25,7728.25,7728.5,7727.0,7727.0,61
2026-10-01 18:33:00-04:00,7727.5,7727.5,7728.5,7727.5,7728.5,83
2026-10-01 18:34:00-04:00,7727.5,7727.5,7728.0,7727.5,7727.75,32
2026-10-01 18:35:00-04:00,7727.75,7727.75,7727.75,7727.25,7727.5,55
2026-10-01 18:36:00-04:00,7727.5,7727.5,7728.0,7727.5,7727.75,50
2026-10-01 18:37:00-04:00,7728.25,7728.25,7728.25,7727.75,7727.75,52
2026-10-01 18:38:00-04:00,7728.0,7728.0,7728.5,7728.0,7728.25,14
2026-10-01 18:39:00-04:00,7727.75,7727.75,7728.25,7727.5,7728.0,80
2026-10-01 18:40:00-04:00,7727.25,7727.25,7728.25,7727.25,7727.75,33
2026-10-01 18:41:00-04:00,7727.5,7727.5,7727.5,7727.25,7727.25,40
2026-10-01 18:42:00-04:00,7727.25,7727.25,7727.5,7727.25,7727.25,27
2026-10-01 18:43:00-04:00,7726.75,7726.75,7727.75,7726.75,7727.25,43
2026-10-01 18:44:00-04:00,7727.0,7727.0,7727.25,7726.75,7727.0,43
2026-10-01 18:45:00-04:00,7727.25,7727.25,7727.25,7727.0,7727.25,30
2026-10-01 18:46:00-04:00,7727.5,7727.5,7727.75,7727.0,7727.25,31
2026-10-01 18:47:00-04:00,7726.5,7726.5,7727.25,7726.25,7727.25,30
2026-10-01 18:48:00-04:00,7726.75,7726.75,7727.0,7726.5,7726.5,28
2026-10-01 18:49:00-04:00,7727.0,7727.0,7727.0,7726.75,7726.75,15
2026-10-01 18:50:00-04:00,7727.0,7727.0,7727.25,7727.0,7727.0,23
2026-10-01 18:51:00-04:00,7727.75,7727.75,7727.75,7726.75,7727.0,29
2026-10-01 18:52:00-04:00,7728.25,7728.25,7728.5,7727.25,7727.5,30
2026-10-01 18:53:00-04:00,7729.0,7729.0,7729.25,7728.25,7728.25,55
2026-10-01 18:54:00-04:00,7729.5,7729.5,7729.75,7729.0,7729.0,159
2026-10-01 18:55:00-04:00,7731.25,7731.25,7731.25,7729.5,7729.5,721
2026-10-01 18:56:00-04:00,7731.5,7731.5,7732.0,7731.0,7731.25,112
2026-10-01 18:57:00-04:00,7731.25,7731.25,7731.5,7730.75,7731.5,68
2026-10-01 18:58:00-04:00,7732.0,7732.0,7732.5,7731.0,7731.0,140
2026-10-01 18:59:00-04:00,7732.0,7732.0,7732.75,7731.75,7732.0,232
2026-10-01 19:00:00-04:00,7731.25,7731.25,7732.25,7729.75,7732.0,354
2026-10-01 19:01:00-04:00,7731.0,7731.0,7731.75,7730.75,7731.5,86
2026-10-01 19:02:00-04:00,7732.5,7732.5,7732.5,7731.0,7731.25,143
2026-10-01 19:03:00-04:00,7734.0,7734.0,7734.5,7732.0,7732.25,349
2026-10-01 19:04:00-04:00,7734.5,7734.5,7735.75,7734.0,7734.0,273
2026-10-01 19:05:00-04:00,7733.25,7733.25,7734.75,7733.25,7734.5,126
2026-10-01 19:06:00-04:00,7732.5,7732.5,7734.0,7732.0,7733.25,257
2026-10-01 19:07:00-04:00,7732.0,7732.0,7733.0,7732.0,7732.75,160
2026-10-01 19:08:00-04:00,7733.0,7733.0,7733.5,7731.75,7732.25,138
2026-10-01 19:09:00-04:00,7733.0,7733.0,7733.0,7732.5,7733.0,126
2026-10-01 19:10:00-04:00,7732.5,7732.5,7733.5,7732.25,7733.0,149
2026-10-01 19:11:00-04:00,7732.75,7732.75,7733.0,7732.25,7732.5,84
2026-10-01 19:12:00-04:00,7732.75,7732.75,7733.25,7732.25,7732.75,76
2026-10-01 19:13:00-04:00,7733.25,7733.25,7733.5,7732.5,7732.75,58
2026-10-01 19:14:00-04:00,7734.75,7734.75,7734.75,7733.5,7733.5,149
2026-10-01 19:15:00-04:00,7733.0,7733.0,7734.5,7732.75,7734.5,238
2026-10-01 19:16:00-04:00,7733.5,7733.5,7733.75,7733.0,7733.25,73
2026-10-01 19:17:00-04:00,7733.5,7733.5,7734.0,7733.25,7733.75,73
2026-10-01 19:18:00-04:00,7734.25,7734.25,7735.0,7733.75,7733.75,131
2026-10-01 19:19:00-04:00,7734.75,7734.75,7734.75,7734.25,7734.5,30
2026-10-01 19:20:00-04:00,7734.25,7734.25,7735.0,7734.25,7734.75,27
2026-10-01 19:21:00-04:00,7733.5,7733.5,7734.0,7733.25,7734.0,50
2026-10-01 19:22:00-04:00,7732.75,7732.75,7733.75,7732.75,7733.5,66
2026-10-01 19:23:00-04:00,7732.25,7732.25,7732.75,7732.0,7732.75,56
2026-10-01 19:24:00-04:00,7732.75,7732.75,7732.75,7732.25,7732.5,31
2026-10-01 19:25:00-04:00,7733.5,7733.5,7733.5,7732.75,7732.75,48
2026-10-01 19:26:00-04:00,7733.0,7733.0,7733.5,7733.0,7733.5,68
2026-10-01 19:27:00-04:00,7733.0,7733.0,7733.25,7732.75,7733.0,21
2026-10-01 19:28:00-04:00,7733.0,7733.0,7733.25,7732.75,7733.0,63
2026-10-01 19:29:00-04:00,7733.0,7733.0,7733.0,7733.0,7733.0,20
2026-10-01 19:30:00-04:00,7732.25,7732.25,7733.5,7732.25,7733.0,78
2026-10-01 19:31:00-04:00,7730.0,7730.0,7732.0,7729.5,7732.0,247
2026-10-01 19:32:00-04:00,7729.75,7729.75,7730.25,7729.5,7729.75,159
2026-10-01 19:33:00-04:00,7730.75,7730.75,7730.75,7728.75,7730.0,232
2026-10-01 19:34:00-04:00,7730.5,7730.5,7730.75,7730.25,7730.75,88
2026-10-01 19:35:00-04:00,7730.75,7730.75,7731.25,7730.25,7730.25,76
2026-10-01 19:36:00-04:00,7729.75,7729.75,7730.5,7729.5,7730.5,89
2026-10-01 19:37:00-04:00,7729.0,7729.0,7729.75,7728.25,7729.75,146
2026-10-01 19:38:00-04:00,7728.5,7728.5,7729.0,7728.0,7729.0,61
2026-10-01 19:39:00-04:00,7728.25,7728.25,7728.5,7727.5,7728.5,94
2026-10-01 19:40:00-04:00,7727.5,7727.5,7728.25,7727.25,7728.0,339
2026-10-01 19:41:00-04:00,7727.75,7727.75,7728.0,7727.5,7727.75,52
2026-10-01 19:42:00-04:00,7728.75,7728.75,7728.75,7727.75,7727.75,117
2026-10-01 19:43:00-04:00,7729.25,7729.25,7729.25,7728.25,7728.5,69
2026-10-01 19:44:00-04:00,7729.75,7729.75,7730.25,7729.0,7729.5,162
2026-10-01 19:45:00-04:00,7728.5,7728.5,7730.0,7727.5,7729.5,281
2026-10-01 19:46:00-04:00,7728.75,7728.75,7729.25,7727.75,7728.5,298
2026-10-01 19:47:00-04:00,7727.75,7727.75,7728.75,7727.75,7728.75,76
2026-10-01 19:48:00-04:00,7728.5,7728.5,7728.5,7727.5,7728.0,63
2026-10-01 19:49:00-04:00,7730.5,7730.5,7730.5,7728.25,7728.25,251
2026-10-01 19:50:00-04:00,7730.25,7730.25,7731.5,7730.0,7730.5,662
2026-10-01 19:51:00-04:00,7731.25,7731.25,7731.5,7729.75,7730.5,282
2026-10-01 19:52:00-04:00,7731.5,7731.5,7732.0,7731.0,7731.0,135
2026-10-01 19:53:00-04:00,7734.25,7734.25,7734.5,7731.5,7731.5,640
2026-10-01 19:54:00-04:00,7732.25,7732.25,7734.5,7732.0,7734.0,133
2026-10-01 19:55:00-04:00,7732.5,7732.5,7732.75,7731.75,7732.5,48
2026-10-01 19:56:00-04:00,7732.75,7732.75,7732.75,7732.25,7732.5,55
2026-10-01 19:57:00-04:00,7732.75,7732.75,7733.0,7732.25,7732.75,107
2026-10-01 19:58:00-04:00,7732.75,7732.75,7733.25,7732.75,7733.0,98
2026-10-01 19:59:00-04:00,7733.25,7733.25,7734.25,7732.75,7733.0,140
2026-10-01 20:00:00-04:00,7731.5,7731.5,7733.25,7729.75,7733.0,703
2026-10-01 20:01:00-04:00,7731.5,7731.5,7732.5,7731.0,7731.75,250
2026-10-01 20:02:00-04:00,7731.5,7731.5,7732.0,7730.75,7732.0,112
2026-10-01 20:03:00-04:00,7731.75,7731.75,7732.0,7730.25,7731.5,218
2026-10-01 20:04:00-04:00,7731.5,7731.5,7732.0,7730.5,7731.75,137
2026-10-01 20:05:00-04:00,7732.5,7732.5,7732.5,7730.5,7731.75,233
2026-10-01 20:06:00-04:00,7731.0,7731.0,7732.25,7730.5,7732.25,188
2026-10-01 20:07:00-04:00,7731.5,7731.5,7732.25,7731.25,7731.25,179
2026-10-01 20:08:00-04:00,7730.25,7730.25,7731.5,7730.0,7731.5,124
2026-10-01 20:09:00-04:00,7730.5,7730.5,7731.25,7730.0,7730.0,165
2026-10-01 20:10:00-04:00,7734.0,7734.0,7734.75,7730.5,7730.5,765
2026-10-01 20:11:00-04:00,7734.5,7734.5,7735.5,7733.75,7734.0,370
2026-10-01 20:12:00-04:00,7735.25,7735.25,7736.0,7734.25,7734.25,308
2026-10-01 20:13:00-04:00,7734.75,7734.75,7736.25,7734.75,7735.25,288
2026-10-01 20:14:00-04:00,7735.0,7735.0,7735.75,7734.75,7734.75,193
2026-10-01 20:15:00-04:00,7736.5,7736.5,7737.0,7733.0,7735.25,692
2026-10-01 20:16:00-04:00,7735.25,7735.25,7736.75,7734.75,7736.75,414
2026-10-01 20:17:00-04:00,7736.25,7736.25,7737.0,7735.25,7735.25,592
2026-10-01 20:18:00-04:00,7738.25,7738.25,7738.5,7735.75,7736.0,672
2026-10-01 20:19:00-04:00,7739.0,7739.0,7739.75,7738.0,7738.0,660
2026-10-01 20:20:00-04:00,7739.5,7739.5,7739.75,7738.5,7738.75,447
2026-10-01 20:21:00-04:00,7739.0,7739.0,7740.5,7738.25,7739.5,1547
2026-10-01 20:22:00-04:00,7738.75,7738.75,7739.25,7738.5,7739.0,302
2026-10-01 20:23:00-04:00,7738.75,7738.75,7740.5,7738.75,7739.0,1378
2026-10-01 20:24:00-04:00,7738.0,7738.0,7739.5,7737.5,7739.0,452
2026-10-01 20:25:00-04:00,7736.25,7736.25,7738.0,7736.0,7738.0,545
2026-10-01 20:26:00-04:00,7734.0,7734.0,7736.25,7733.0,7736.0,765
2026-10-01 20:27:00-04:00,7732.0,7732.0,7734.0,7731.25,7733.75,784
2026-10-01 20:28:00-04:00,7731.75,7731.75,7732.5,7730.75,7732.0,488
2026-10-01 20:29:00-04:00,7731.25,7731.25,7732.0,7731.25,7731.75,265
2026-10-01 20:30:00-04:00,7732.0,7732.0,7732.25,7730.5,7731.25,654
2026-10-01 20:31:00-04:00,7733.0,7733.0,7733.75,7731.75,7732.0,493
2026-10-01 20:32:00-04:00,7733.0,7733.0,7733.75,7732.0,7732.75,342
2026-10-01 20:33:00-04:00,7733.25,7733.25,7734.0,7732.75,7732.75,253
2026-10-01 20:34:00-04:00,7734.75,7734.75,7735.25,7732.0,7733.25,449
2026-10-01 20:35:00-04:00,7735.0,7735.0,7735.5,7733.75,7734.75,310
2026-10-01 20:36:00-04:00,7735.5,7735.5,7736.25,7735.0,7735.0,226
2026-10-01 20:37:00-04:00,7735.25,7735.25,7735.5,7734.5,7735.0,160
2026-10-01 20:38:00-04:00,7733.5,7733.5,7735.25,7732.75,7735.0,228
2026-10-01 20:39:00-04:00,7733.75,7733.75,7734.25,7733.25,7733.75,250
2026-10-01 20:40:00-04:00,7733.5,7733.5,7734.5,7733.5,7733.5,329
2026-10-01 20:41:00-04:00,7731.5,7731.5,7733.75,7731.5,7733.5,823
2026-10-01 20:42:00-04:00,7732.5,7732.5,7733.0,7731.0,7731.25,237
2026-10-01 20:43:00-04:00,7733.0,7733.0,7733.25,7732.75,7732.75,142
2026-10-01 20:44:00-04:00,7732.5,7732.5,7733.75,7732.5,7733.0,203
2026-10-01 20:45:00-04:00,7732.75,7732.75,7733.25,7731.75,7732.5,201
2026-10-01 20:46:00-04:00,7732.75,7732.75,7733.5,7732.25,7733.0,202
2026-10-01 20:47:00-04:00,7733.75,7733.75,7733.75,7732.5,7732.5,226
2026-10-01 20:48:00-04:00,7733.75,7733.75,7734.5,7733.5,7733.75,263
2026-10-01 20:49:00-04:00,7734.0,7734.0,7734.5,7733.25,7733.75,206
2026-10-01 20:50:00-04:00,7732.75,7732.75,7733.75,7732.5,7733.5,172
2026-10-01 20:51:00-04:00,7733.25,7733.25,7733.5,7732.5,7732.5,76
2026-10-01 20:52:00-04:00,7734.5,7734.5,7734.75,7732.5,7732.5,75
2026-10-01 20:53:00-04:00,7734.25,7734.25,7735.0,7733.75,7734.75,167
2026-10-01 20:54:00-04:00,7733.25,7733.25,7734.5,7733.25,7734.25,155
2026-10-01 20:55:00-04:00,7732.75,7732.75,7734.25,7732.5,7733.5,222
2026-10-01 20:56:00-04:00,7732.5,7732.5,7733.0,7732.5,7732.75,77
2026-10-01 20:57:00-04:00,7733.5,7733.5,7733.5,7732.0,7732.5,133
2026-10-01 20:58:00-04:00,7733.0,7733.0,7733.5,7732.75,7733.25,77
2026-10-01 20:59:00-04:00,7731.75,7731.75,7733.0,7731.0,7733.0,289
2026-10-01 21:00:00-04:00,7731.75,7731.75,7732.25,7731.25,7731.5,428
2026-10-01 21:01:00-04:00,7731.25,7731.25,7733.5,7730.75,7731.75,410
2026-10-01 21:02:00-04:00,7731.0,7731.0,7731.5,7730.25,7731.0,365
2026-10-01 21:03:00-04:00,7730.75,7730.75,7731.5,7729.75,7731.0,389
2026-10-01 21:04:00-04:00,7729.5,7729.5,7730.75,7729.5,7730.75,168
2026-10-01 21:05:00-04:00,7730.75,7730.75,7731.0,7729.0,7729.5,267
2026-10-01 21:06:00-04:00,7729.75,7729.75,7731.0,7729.75,7730.75,104
2026-10-01 21:07:00-04:00,7729.75,7729.75,7730.0,7729.25,7729.75,163
2026-10-01 21:08:00-04:00,7731.0,7731.0,7731.0,7729.75,7730.0,249
2026-10-01 21:09:00-04:00,7731.25,7731.25,7731.5,7730.5,7731.25,161
2026-10-01 21:10:00-04:00,7731.5,7731.5,7731.75,7730.25,7731.25,448
2026-10-01 21:11:00-04:00,7730.5,7730.5,7731.5,7729.75,7731.5,151
2026-10-01 21:12:00-04:00,7730.75,7730.75,7731.25,7730.25,7730.5,136
2026-10-01 21:13:00-04:00,7730.5,7730.5,7730.75,7730.0,7730.75,104
2026-10-01 21:14:00-04:00,7730.25,7730.25,7730.75,7730.0,7730.5,92
2026-10-01 21:15:00-04:00,7729.25,7729.25,7730.25,7728.75,7730.25,272
2026-10-01 21:16:00-04:00,7729.5,7729.5,7729.75,7728.75,7729.25,142
2026-10-01 21:17:00-04:00,7730.5,7730.5,7730.5,7729.25,7729.25,108
2026-10-01 21:18:00-04:00,7731.25,7731.25,7731.75,7730.0,7730.5,193
2026-10-01 21:19:00-04:00,7729.25,7729.25,7731.0,7729.25,7731.0,150
2026-10-01 21:20:00-04:00,7727.75,7727.75,7729.25,7727.25,7729.25,256
2026-10-01 21:21:00-04:00,7727.25,7727.25,7728.25,7726.5,7727.5,300
2026-10-01 21:22:00-04:00,7728.0,7728.0,7728.5,7725.75,7727.25,421
2026-10-01 21:23:00-04:00,7728.75,7728.75,7730.0,7728.0,7728.0,223
2026-10-01 21:24:00-04:00,7730.0,7730.0,7730.25,7728.25,7728.5,87
2026-10-01 21:25:00-04:00,7728.0,7728.0,7730.0,7728.0,7730.0,171
2026-10-01 21:26:00-04:00,7727.0,7727.0,7727.75,7727.0,7727.75,136
2026-10-01 21:27:00-04:00,7726.75,7726.75,7727.25,7726.5,7727.25,117
2026-10-01 21:28:00-04:00,7727.0,7727.0,7727.75,7726.5,7726.75,155
2026-10-01 21:29:00-04:00,7728.0,7728.0,7728.25,7727.0,7727.0,211
2026-10-01 21:30:00-04:00,7728.5,7728.5,7729.75,7728.25,7728.25,334
2026-10-01 21:31:00-04:00,7728.75,7728.75,7729.0,7727.75,7728.75,176
2026-10-01 21:32:00-04:00,7727.0,7727.0,7728.5,7726.75,7728.5,263
2026-10-01 21:33:00-04:00,7728.75,7728.75,7729.0,7727.0,7727.25,178
2026-10-01 21:34:00-04:00,7727.5,7727.5,7729.25,7727.5,7728.75,134
2026-10-01 21:35:00-04:00,7727.75,7727.75,7728.75,7727.0,7727.25,225
2026-10-01 21:36:00-04:00,7727.25,7727.25,7728.0,7726.75,7727.75,326
2026-10-01 21:37:00-04:00,7726.5,7726.5,7727.25,7726.25,7727.25,277
2026-10-01 21:38:00-04:00,7727.75,7727.75,7728.0,7726.75,7726.75,143
2026-10-01 21:39:00-04:00,7728.25,7728.25,7728.5,7727.5,7728.0,120
2026-10-01 21:40:00-04:00,7729.0,7729.0,7729.25,7728.0,7728.25,196
2026-10-01 21:41:00-04:00,7728.75,7728.75,7729.25,7728.0,7729.0,210
2026-10-01 21:42:00-04:00,7728.0,7728.0,7729.25,7728.0,7728.75,130
2026-10-01 21:43:00-04:00,7729.0,7729.0,7729.5,7728.0,7728.0,119
2026-10-01 21:44:00-04:00,7729.75,7729.75,7730.0,7729.25,7729.25,125
2026-10-01 21:45:00-04:00,7730.0,7730.0,7730.5,7729.5,7729.75,139
2026-10-01 21:46:00-04:00,7730.0,7730.0,7730.5,7729.75,7730.25,163
2026-10-01 21:47:00-04:00,7730.5,7730.5,7731.0,7729.5,7730.0,218
2026-10-01 21:48:00-04:00,7730.75,7730.75,7730.75,7730.25,7730.25,110
2026-10-01 21:49:00-04:00,7730.75,7730.75,7731.0,7730.75,7730.75,86
2026-10-01 21:50:00-04:00,7733.25,7733.25,7734.0,7730.25,7730.5,545
2026-10-01 21:51:00-04:00,7735.0,7735.0,7735.25,7733.0,7733.25,270
2026-10-01 21:52:00-04:00,7736.0,7736.0,7737.25,7735.0,7735.0,611
2026-10-01 21:53:00-04:00,7735.5,7735.5,7736.25,7735.5,7736.0,228
2026-10-01 21:54:00-04:00,7734.5,7734.5,7735.25,7734.0,7735.25,271
2026-10-01 21:55:00-04:00,7734.5,7734.5,7734.5,7733.0,7734.5,230
2026-10-01 21:56:00-04:00,7735.75,7735.75,7736.0,7734.25,7734.5,129
2026-10-01 21:57:00-04:00,7735.75,7735.75,7736.25,7735.0,7735.75,245
2026-10-01 21:58:00-04:00,7735.75,7735.75,7736.25,7735.5,7735.5,230
2026-10-01 21:59:00-04:00,7737.0,7737.0,7737.0,7736.0,7736.0,155
2026-10-01 22:00:00-04:00,7736.0,7736.0,7737.25,7735.25,7736.75,328
2026-10-01 22:01:00-04:00,7735.25,7735.25,7736.75,7735.25,7736.0,254
2026-10-01 22:02:00-04:00,7735.75,7735.75,7736.25,7734.25,7735.25,269
2026-10-01 22:03:00-04:00,7735.0,7735.0,7736.0,7734.5,7736.0,278
2026-10-01 22:04:00-04:00,7736.25,7736.25,7736.5,7734.75,7735.0,304
2026-10-01 22:05:00-04:00,7735.5,7735.5,7736.25,7735.25,7736.0,226
2026-10-01 22:06:00-04:00,7735.75,7735.75,7736.25,7735.25,7735.25,183
2026-10-01 22:07:00-04:00,7734.75,7734.75,7735.75,7734.5,7735.5,124
2026-10-01 22:08:00-04:00,7735.25,7735.25,7735.75,7734.5,7734.75,273
2026-10-01 22:09:00-04:00,7734.25,7734.25,7735.25,7733.5,7735.25,284
2026-10-01 22:10:00-04:00,7735.0,7735.0,7735.0,7734.25,7734.25,220
2026-10-01 22:11:00-04:00,7733.5,7733.5,7735.0,7733.25,7735.0,339
2026-10-01 22:12:00-04:00,7734.0,7734.0,7734.25,7733.25,7733.5,146
2026-10-01 22:13:00-04:00,7737.0,7737.0,7737.25,7734.0,7734.0,336
2026-10-01 22:14:00-04:00,7737.25,7737.25,7737.5,7736.75,7737.0,176
2026-10-01 22:15:00-04:00,7738.25,7738.25,7738.25,7736.5,7737.0,209
2026-10-01 22:16:00-04:00,7740.25,7740.25,7740.25,7738.0,7738.25,337
2026-10-01 22:17:00-04:00,7738.0,7738.0,7740.0,7737.25,7740.0,397
2026-10-01 22:18:00-04:00,7737.25,7737.25,7738.0,7737.25,7738.0,135
2026-10-01 22:19:00-04:00,7737.5,7737.5,7738.25,7736.75,7737.25,178
2026-10-01 22:20:00-04:00,7738.25,7738.25,7738.5,7737.25,7737.5,129
2026-10-01 22:21:00-04:00,7737.5,7737.5,7738.25,7736.5,7738.25,132
2026-10-01 22:22:00-04:00,7737.0,7737.0,7737.5,7736.75,7737.25,79
2026-10-01 22:23:00-04:00,7737.0,7737.0,7737.25,7736.75,7737.0,91
2026-10-01 22:24:00-04:00,7736.5,7736.5,7737.5,7736.25,7737.0,87
2026-10-01 22:25:00-04:00,7737.25,7737.25,7737.25,7736.25,7736.25,51
2026-10-01 22:26:00-04:00,7738.5,7738.5,7738.75,7737.25,7737.25,182
2026-10-01 22:27:00-04:00,7740.0,7740.0,7740.5,7738.25,7738.25,225
2026-10-01 22:28:00-04:00,7739.5,7739.5,7740.5,7739.25,7740.0,104
2026-10-01 22:29:00-04:00,7738.75,7738.75,7739.75,7738.75,7739.25,66
2026-10-01 22:30:00-04:00,7738.75,7738.75,7739.0,7738.25,7738.75,86
2026-10-01 22:31:00-04:00,7738.75,7738.75,7739.25,7738.5,7738.5,120
2026-10-01 22:32:00-04:00,7738.5,7738.5,7739.0,7737.5,7738.5,222
2026-10-01 22:33:00-04:00,7738.75,7738.75,7738.75,7738.25,7738.25,89
2026-10-01 22:34:00-04:00,7737.75,7737.75,7738.75,7737.5,7738.5,69
2026-10-01 22:35:00-04:00,7739.0,7739.0,7739.25,7737.25,7737.5,250
2026-10-01 22:36:00-04:00,7739.0,7739.0,7739.5,7738.5,7738.75,90
2026-10-01 22:37:00-04:00,7739.0,7739.0,7739.25,7738.75,7739.25,102
2026-10-01 22:38:00-04:00,7738.75,7738.75,7739.25,7738.5,7739.25,46
2026-10-01 22:39:00-04:00,7737.75,7737.75,7738.75,7737.0,7738.75,177
2026-10-01 22:40:00-04:00,7738.0,7738.0,7738.5,7737.5,7737.5,133
2026-10-01 22:41:00-04:00,7738.75,7738.75,7739.0,7738.0,7738.0,114
2026-10-01 22:42:00-04:00,7738.75,7738.75,7739.0,7738.5,7738.75,76
2026-10-01 22:43:00-04:00,7739.25,7739.25,7739.25,7738.5,7738.5,40
2026-10-01 22:44:00-04:00,7739.5,7739.5,7739.5,7739.0,7739.0,92
2026-10-01 22:45:00-04:00,7739.5,7739.5,7740.25,7739.25,7739.5,140
2026-10-01 22:46:00-04:00,7739.75,7739.75,7740.0,7739.25,7739.5,208
2026-10-01 22:47:00-04:00,7740.25,7740.25,7740.5,7739.5,7739.5,80
2026-10-01 22:48:00-04:00,7741.0,7741.0,7741.25,7740.25,7740.25,207
2026-10-01 22:49:00-04:00,7741.75,7741.75,7742.0,7740.75,7740.75,285
2026-10-01 22:50:00-04:00,7740.25,7740.25,7741.75,7740.25,7741.75,194
2026-10-01 22:51:00-04:00,7739.75,7739.75,7740.5,7739.25,7740.5,95
2026-10-01 22:52:00-04:00,7740.0,7740.0,7740.5,7739.5,7739.75,119
2026-10-01 22:53:00-04:00,7739.25,7739.25,7739.75,7739.25,7739.75,91
2026-10-01 22:54:00-04:00,7738.75,7738.75,7739.25,7738.5,7739.25,129
2026-10-01 22:55:00-04:00,7738.5,7738.5,7739.0,7737.75,7738.75,139
2026-10-01 22:56:00-04:00,7739.0,7739.0,7739.0,7738.0,7738.25,90
2026-10-01 22:57:00-04:00,7740.25,7740.25,7740.25,7739.0,7739.0,162
2026-10-01 22:58:00-04:00,7740.0,7740.0,7740.25,7739.5,7740.0,71
2026-10-01 22:59:00-04:00,7741.25,7741.25,7741.5,7740.0,7740.0,131
2026-10-01 23:00:00-04:00,7741.5,7741.5,7741.75,7740.75,7741.5,215
2026-10-01 23:01:00-04:00,7742.0,7742.0,7742.5,7741.0,7741.25,309
2026-10-01 23:02:00-04:00,7742.0,7742.0,7742.25,7741.75,7742.0,84
2026-10-01 23:03:00-04:00,7742.0,7742.0,7742.5,7741.5,7742.0,86
2026-10-01 23:04:00-04:00,7742.25,7742.25,7742.25,7741.75,7741.75,67
2026-10-01 23:05:00-04:00,7742.25,7742.25,7742.5,7741.75,7742.25,151
2026-10-01 23:06:00-04:00,7741.5,7741.5,7742.25,7741.5,7742.25,76
2026-10-01 23:07:00-04:00,7741.0,7741.0,7741.5,7740.75,7741.5,148
2026-10-01 23:08:00-04:00,7740.0,7740.0,7741.0,7739.75,7740.75,129
2026-10-01 23:09:00-04:00,7739.25,7739.25,7740.0,7738.75,7740.0,235
2026-10-01 23:10:00-04:00,7739.5,7739.5,7739.75,7738.75,7739.5,140
2026-10-01 23:11:00-04:00,7740.25,7740.25,7740.5,7739.25,7739.5,166
2026-10-01 23:12:00-04:00,7740.25,7740.25,7740.75,7739.75,7740.25,130
2026-10-01 23:13:00-04:00,7740.75,7740.75,7741.0,7740.5,7740.5,104
2026-10-01 23:14:00-04:00,7741.0,7741.0,7741.0,7740.25,7740.75,84
2026-10-01 23:15:00-04:00,7741.0,7741.0,7741.5,7741.0,7741.0,75
2026-10-01 23:16:00-04:00,7740.75,7740.75,7741.25,7740.5,7741.0,89
2026-10-01 23:17:00-04:00,7740.5,7740.5,7740.75,7740.25,7740.75,69
2026-10-01 23:18:00-04:00,7741.25,7741.25,7741.5,7740.75,7740.75,127
2026-10-01 23:19:00-04:00,7741.25,7741.25,7741.5,7741.0,7741.25,83
2026-10-01 23:20:00-04:00,7740.75,7740.75,7741.25,7740.75,7741.25,52
2026-10-01 23:21:00-04:00,7741.25,7741.25,7741.25,7740.0,7740.75,98
2026-10-01 23:22:00-04:00,7741.5,7741.5,7741.5,7741.0,7741.0,70
2026-10-01 23:23:00-04:00,7741.5,7741.5,7741.75,7741.0,7741.75,69
2026-10-01 23:24:00-04:00,7741.5,7741.5,7741.75,7741.5,7741.5,47
2026-10-01 23:25:00-04:00,7742.0,7742.0,7742.25,7741.5,7741.75,182
2026-10-01 23:26:00-04:00,7741.0,7741.0,7742.0,7741.0,7742.0,85
2026-10-01 23:27:00-04:00,7741.5,7741.5,7741.5,7740.5,7741.0,126
2026-10-01 23:28:00-04:00,7741.5,7741.5,7741.75,7741.25,7741.5,51
2026-10-01 23:29:00-04:00,7740.75,7740.75,7741.25,7740.75,7741.25,44
2026-10-01 23:30:00-04:00,7740.75,7740.75,7741.5,7740.5,7740.5,168
2026-10-01 23:31:00-04:00,7741.0,7741.0,7741.0,7740.5,7740.75,155
2026-10-01 23:32:00-04:00,7740.25,7740.25,7740.75,7740.25,7740.75,108
2026-10-01 23:33:00-04:00,7741.0,7741.0,7741.0,7739.75,7740.25,99
2026-10-01 23:34:00-04:00,7741.25,7741.25,7741.5,7741.0,7741.0,78
2026-10-01 23:35:00-04:00,7740.5,7740.5,7741.0,7740.25,7741.0,70
2026-10-01 23:36:00-04:00,7739.75,7739.75,7740.5,7739.75,7740.25,84
2026-10-01 23:37:00-04:00,7740.25,7740.25,7740.5,7739.5,7739.75,102
2026-10-01 23:38:00-04:00,7741.0,7741.0,7741.0,7740.25,7740.5,47
2026-10-01 23:39:00-04:00,7740.5,7740.5,7741.5,7740.0,7741.0,104
2026-10-01 23:40:00-04:00,7740.25,7740.25,7740.5,7739.5,7740.5,70
2026-10-01 23:41:00-04:00,7740.5,7740.5,7740.75,7740.25,7740.5,41
2026-10-01 23:42:00-04:00,7741.0,7741.0,7741.0,7740.5,7740.75,66
2026-10-01 23:43:00-04:00,7740.5,7740.5,7741.0,7740.5,7741.0,61
2026-10-01 23:44:00-04:00,7741.0,7741.0,7741.5,7740.75,7740.75,124
2026-10-01 23:45:00-04:00,7741.75,7741.75,7742.5,7741.25,7741.25,224
2026-10-01 23:46:00-04:00,7741.25,7741.25,7742.0,7741.25,7741.75,119
2026-10-01 23:47:00-04:00,7740.75,7740.75,7741.75,7740.75,7741.25,153
2026-10-01 23:48:00-04:00,7740.0,7740.0,7740.75,7740.0,7740.5,123
2026-10-01 23:49:00-04:00,7740.0,7740.0,7740.25,7739.75,7740.0,105
2026-10-01 23:50:00-04:00,7741.0,7741.0,7742.0,7740.0,7740.0,372
2026-10-01 23:51:00-04:00,7741.5,7741.5,7741.75,7740.5,7741.0,70
2026-10-01 23:52:00-04:00,7742.0,7742.0,7742.25,7741.5,7741.5,75
2026-10-01 23:53:00-04:00,7741.5,7741.5,7742.25,7741.25,7742.0,84
2026-10-01 23:54:00-04:00,7742.0,7742.0,7742.0,7741.75,7741.75,34
2026-10-01 23:55:00-04:00,7742.0,7742.0,7742.5,7742.0,7742.0,67
2026-10-01 23:56:00-04:00,7742.5,7742.5,7742.5,7741.75,7742.0,90
2026-10-01 23:57:00-04:00,7742.25,7742.25,7742.25,7742.0,7742.25,33
2026-10-01 23:58:00-04:00,7742.75,7742.75,7743.0,7742.0,7742.0,108
2026-10-02 00:09:00-04:00,7744.5,7744.5,7745.0,7744.5,7744.5,106
2026-10-02 00:10:00-04:00,7745.25,7745.25,7745.25,7743.75,7744.5,138
2026-10-02 00:11:00-04:00,7745.75,7745.75,7746.25,7745.25,7745.25,310
2026-10-02 00:12:00-04:00,7745.25,7745.25,7745.25,7744.5,7745.25,109
2026-10-02 00:13:00-04:00,7745.75,7745.75,7746.0,7745.25,7745.5,104
2026-10-02 00:14:00-04:00,7745.75,7745.75,7745.75,7745.5,7745.75,49
2026-10-02 00:15:00-04:00,7745.5,7745.5,7745.5,7745.0,7745.5,127
2026-10-02 00:16:00-04:00,7745.75,7745.75,7745.75,7745.25,7745.5,63
2026-10-02 00:17:00-04:00,7745.5,7745.5,7746.0,7745.5,7746.0,86
2026-10-02 00:18:00-04:00,7745.25,7745.25,7745.5,7744.75,7745.5,87
2026-10-02 00:19:00-04:00,7744.75,7744.75,7745.25,7744.75,7745.25,81
2026-10-02 00:20:00-04:00,7745.25,7745.25,7745.5,7744.75,7744.75,83
2026-10-02 00:21:00-04:00,7745.5,7745.5,7746.0,7745.25,7745.25,85
2026-10-02 00:22:00-04:00,7744.75,7744.75,7745.5,7744.75,7745.5,56
2026-10-02 00:23:00-04:00,7745.5,7745.5,7745.75,7745.0,7745.0,58
2026-10-02 00:24:00-04:00,7745.5,7745.5,7746.5,7745.5,7745.75,109
2026-10-02 00:25:00-04:00,7746.5,7746.5,7746.5,7745.5,7745.75,84
2026-10-02 00:26:00-04:00,7745.5,7745.5,7746.25,7745.5,7746.25,56
2026-10-02 00:27:00-04:00,7745.75,7745.75,7746.0,7745.0,7745.5,128
2026-10-02 00:28:00-04:00,7745.25,7745.25,7745.75,7745.25,7745.5,82
2026-10-02 00:29:00-04:00,7745.5,7745.5,7746.0,7745.25,7745.25,93
2026-10-02 00:30:00-04:00,7745.5,7745.5,7745.75,7745.0,7745.5,73
2026-10-02 00:31:00-04:00,7745.75,7745.75,7746.0,7745.25,7745.25,64
2026-10-02 00:32:00-04:00,7744.75,7744.75,7746.25,7744.5,7745.75,129
2026-10-02 00:33:00-04:00,7744.75,7744.75,7745.0,7744.25,7745.0,131
2026-10-02 00:34:00-04:00,7744.5,7744.5,7745.0,7744.5,7744.5,57
2026-10-02 00:35:00-04:00,7744.0,7744.0,7744.75,7744.0,7744.5,102
2026-10-02 00:36:00-04:00,7744.5,7744.5,7744.5,7744.0,7744.0,105
2026-10-02 00:37:00-04:00,7744.75,7744.75,7745.0,7744.25,7744.25,83
2026-10-02 00:38:00-04:00,7744.75,7744.75,7744.75,7744.5,7744.75,54
2026-10-02 00:39:00-04:00,7744.5,7744.5,7744.75,7744.5,7744.75,35
2026-10-02 00:40:00-04:00,7744.5,7744.5,7744.75,7744.25,7744.25,70
2026-10-02 00:41:00-04:00,7745.25,7745.25,7745.75,7744.25,7744.25,85
2026-10-02 00:42:00-04:00,7745.0,7745.0,7745.25,7744.5,7745.25,96
2026-10-02 00:43:00-04:00,7745.25,7745.25,7745.25,7744.5,7745.0,112
2026-10-02 00:44:00-04:00,7744.75,7744.75,7745.5,7744.75,7745.0,40
2026-10-02 00:45:00-04:00,7744.75,7744.75,7745.25,7744.75,7744.75,45
2026-10-02 00:46:00-04:00,7743.75,7743.75,7745.0,7743.75,7744.75,160
2026-10-02 00:47:00-04:00,7744.25,7744.25,7744.5,7743.5,7743.75,120
2026-10-02 00:48:00-04:00,7744.5,7744.5,7744.75,7743.75,7744.0,70
2026-10-02 00:49:00-04:00,7745.5,7745.5,7745.5,7744.5,7744.5,123
2026-10-02 00:50:00-04:00,7745.75,7745.75,7745.75,7745.0,7745.25,76
2026-10-02 00:51:00-04:00,7746.0,7746.0,7746.75,7745.75,7745.75,140
2026-10-02 00:52:00-04:00,7747.25,7747.25,7747.25,7745.75,7746.0,135
2026-10-02 00:53:00-04:00,7747.25,7747.25,7748.0,7747.0,7747.0,300
2026-10-02 00:54:00-04:00,7747.5,7747.5,7748.0,7747.25,7747.25,159
2026-10-02 00:55:00-04:00,7748.0,7748.0,7748.0,7747.25,7747.5,100
2026-10-02 00:56:00-04:00,7747.25,7747.25,7747.75,7747.0,7747.75,111
2026-10-02 00:57:00-04:00,7747.5,7747.5,7747.5,7747.0,7747.25,55
2026-10-02 00:58:00-04:00,7747.75,7747.75,7748.0,7747.5,7747.5,73
2026-10-02 00:59:00-04:00,7749.75,7749.75,7750.0,7747.75,7747.75,665
2026-10-02 01:00:00-04:00,7749.5,7749.5,7750.0,7748.5,7749.75,350
2026-10-02 01:01:00-04:00,7751.25,7751.25,7754.25,7749.25,7749.75,889
2026-10-02 01:02:00-04:00,7749.75,7749.75,7752.0,7749.75,7751.25,177
2026-10-02 01:03:00-04:00,7749.0,7749.0,7750.25,7749.0,7749.75,140
2026-10-02 01:04:00-04:00,7748.5,7748.5,7749.0,7747.75,7748.75,151
2026-10-02 01:05:00-04:00,7747.0,7747.0,7748.25,7747.0,7748.25,247
2026-10-02 01:06:00-04:00,7748.25,7748.25,7748.25,7746.75,7747.0,187
2026-10-02 01:07:00-04:00,7749.25,7749.25,7749.25,7748.0,7748.0,116
2026-10-02 01:08:00-04:00,7750.5,7750.5,7751.25,7749.25,7749.25,289
2026-10-02 01:09:00-04:00,7749.75,7749.75,7750.5,7749.5,7750.5,99
2026-10-02 01:10:00-04:00,7749.75,7749.75,7750.0,7749.0,7749.75,483
2026-10-02 01:11:00-04:00,7750.0,7750.0,7750.5,7749.25,7749.75,296
2026-10-02 01:12:00-04:00,7750.25,7750.25,7750.75,7750.0,7750.5,91
2026-10-02 01:13:00-04:00,7749.5,7749.5,7750.25,7749.25,7750.25,137
2026-10-02 01:14:00-04:00,7749.0,7749.0,7749.25,7748.25,7749.25,196
2026-10-02 01:15:00-04:00,7747.75,7747.75,7749.0,7747.75,7749.0,190
2026-10-02 01:16:00-04:00,7747.25,7747.25,7747.5,7747.0,7747.5,169
2026-10-02 01:17:00-04:00,7748.25,7748.25,7748.75,7747.25,7747.25,109
2026-10-02 01:18:00-04:00,7747.75,7747.75,7748.25,7747.5,7748.0,182
2026-10-02 01:19:00-04:00,7748.25,7748.25,7748.25,7747.75,7747.75,88
2026-10-02 01:20:00-04:00,7747.75,7747.75,7748.25,7747.75,7748.25,57
2026-10-02 01:21:00-04:00,7747.0,7747.0,7747.5,7746.75,7747.5,160
2026-10-02 01:22:00-04:00,7748.0,7748.0,7748.25,7747.0,7747.0,188
2026-10-02 01:23:00-04:00,7748.25,7748.25,7748.25,7747.75,7748.0,84
2026-10-02 01:24:00-04:00,7747.0,7747.0,7748.25,7747.0,7748.25,81
2026-10-02 01:25:00-04:00,7746.75,7746.75,7747.75,7746.75,7747.0,160
2026-10-02 01:26:00-04:00,7746.5,7746.5,7747.0,7746.5,7746.75,119
2026-10-02 01:27:00-04:00,7745.75,7745.75,7746.5,7745.5,7746.5,165
2026-10-02 01:28:00-04:00,7746.5,7746.5,7746.5,7745.5,7745.5,132
2026-10-02 01:29:00-04:00,7745.75,7745.75,7746.75,7745.75,7746.5,156
2026-10-02 01:30:00-04:00,7743.5,7743.5,7745.75,7743.25,7745.75,287
2026-10-02 01:31:00-04:00,7744.75,7744.75,7745.0,7743.25,7743.75,301
2026-10-02 01:32:00-04:00,7745.0,7745.0,7745.25,7744.25,7744.75,88
2026-10-02 01:33:00-04:00,7746.25,7746.25,7746.25,7744.75,7745.0,122
2026-10-02 01:34:00-04:00,7746.5,7746.5,7746.75,7746.0,7746.25,98
2026-10-02 01:35:00-04:00,7746.25,7746.25,7746.5,7745.75,7746.25,107
2026-10-02 01:36:00-04:00,7745.25,7745.25,7746.25,7745.25,7746.25,65
2026-10-02 01:37:00-04:00,7745.5,7745.5,7745.5,7744.75,7745.25,133
2026-10-02 01:38:00-04:00,7745.25,7745.25,7746.0,7745.25,7745.5,54
2026-10-02 01:39:00-04:00,7744.5,7744.5,7745.75,7744.5,7745.25,52
2026-10-02 01:40:00-04:00,7744.5,7744.5,7744.75,7744.5,7744.5,114
2026-10-02 01:41:00-04:00,7745.25,7745.25,7745.75,7744.75,7744.75,141
2026-10-02 01:42:00-04:00,7745.5,7745.5,7746.0,7745.0,7745.5,59
2026-10-02 01:43:00-04:00,7747.0,7747.0,7747.0,7745.5,7745.5,90
2026-10-02 01:44:00-04:00,7745.75,7745.75,7746.75,7745.75,7746.75,86
2026-10-02 01:45:00-04:00,7744.5,7744.5,7746.0,7744.5,7746.0,119
2026-10-02 01:46:00-04:00,7744.0,7744.0,7744.75,7743.75,7744.75,119
2026-10-02 01:47:00-04:00,7743.25,7743.25,7744.25,7743.25,7744.25,128
2026-10-02 01:48:00-04:00,7744.0,7744.0,7744.0,7743.25,7743.25,74
2026-10-02 01:49:00-04:00,7744.25,7744.25,7744.5,7743.75,7744.0,67
2026-10-02 01:50:00-04:00,7744.0,7744.0,7744.25,7743.75,7744.0,104
2026-10-02 01:51:00-04:00,7744.0,7744.0,7744.5,7743.5,7744.0,89
2026-10-02 01:52:00-04:00,7744.0,7744.0,7744.5,7744.0,7744.0,40
2026-10-02 01:53:00-04:00,7743.25,7743.25,7743.75,7743.0,7743.75,104
2026-10-02 01:54:00-04:00,7743.25,7743.25,7743.5,7743.0,7743.25,83
2026-10-02 01:55:00-04:00,7743.75,7743.75,7744.25,7743.5,7743.5,88
2026-10-02 01:56:00-04:00,7743.25,7743.25,7744.0,7743.25,7744.0,182
2026-10-02 01:57:00-04:00,7744.25,7744.25,7744.75,7743.0,7743.0,298
2026-10-02 01:58:00-04:00,7744.5,7744.5,7744.5,7743.75,7744.25,90
2026-10-02 01:59:00-04:00,7744.5,7744.5,7744.75,7744.0,7744.0,167
2026-10-02 02:00:00-04:00,7746.0,7746.0,7746.25,7744.5,7744.5,372
2026-10-02 02:01:00-04:00,7747.5,7747.5,7747.75,7745.75,7746.0,397
2026-10-02 02:02:00-04:00,7746.25,7746.25,7747.0,7745.25,7747.0,342
2026-10-02 02:03:00-04:00,7746.25,7746.25,7746.5,7745.75,7746.25,301
2026-10-02 02:04:00-04:00,7746.75,7746.75,7747.25,7745.25,7746.5,485
2026-10-02 02:05:00-04:00,7747.75,7747.75,7749.25,7747.0,7747.0,513
2026-10-02 02:06:00-04:00,7747.25,7747.25,7748.25,7746.75,7747.75,350
2026-10-02 02:07:00-04:00,7749.0,7749.0,7749.0,7747.25,7747.25,402
2026-10-02 02:08:00-04:00,7750.5,7750.5,7750.75,7748.0,7748.75,440
2026-10-02 02:09:00-04:00,7748.5,7748.5,7750.75,7748.5,7750.5,477
2026-10-02 02:10:00-04:00,7749.0,7749.0,7749.5,7748.0,7748.25,318
2026-10-02 02:11:00-04:00,7748.0,7748.0,7749.25,7748.0,7749.0,348
2026-10-02 02:12:00-04:00,7749.25,7749.25,7750.0,7748.25,7748.25,385
2026-10-02 02:13:00-04:00,7749.5,7749.5,7750.0,7749.25,7749.25,252
2026-10-02 02:14:00-04:00,7747.75,7747.75,7749.5,7747.75,7749.5,259
2026-10-02 02:15:00-04:00,7746.25,7746.25,7748.25,7746.0,7748.0,488
2026-10-02 02:16:00-04:00,7745.5,7745.5,7746.5,7745.5,7746.0,307
2026-10-02 02:17:00-04:00,7745.5,7745.5,7746.0,7744.75,7745.5,299
2026-10-02 02:18:00-04:00,7744.25,7744.25,7745.25,7744.25,7745.25,389
2026-10-02 02:19:00-04:00,7744.0,7744.0,7744.25,7743.5,7744.25,262
2026-10-02 02:20:00-04:00,7744.0,7744.0,7744.5,7743.75,7744.0,171
2026-10-02 02:21:00-04:00,7744.25,7744.25,7745.0,7744.0,7744.0,310
2026-10-02 02:22:00-04:00,7745.5,7745.5,7745.5,7744.0,7744.0,283
2026-10-02 02:23:00-04:00,7745.25,7745.25,7745.75,7744.5,7745.5,270
2026-10-02 02:24:00-04:00,7744.5,7744.5,7745.75,7744.0,7745.25,259
2026-10-02 02:25:00-04:00,7744.0,7744.0,7745.0,7743.75,7744.5,279
2026-10-02 02:26:00-04:00,7745.5,7745.5,7745.5,7744.0,7744.0,213
2026-10-02 02:27:00-04:00,7746.25,7746.25,7746.5,7745.25,7745.5,184
2026-10-02 02:28:00-04:00,7747.5,7747.5,7747.75,7746.25,7746.5,458
2026-10-02 02:29:00-04:00,7746.0,7746.0,7747.75,7745.75,7747.75,476
2026-10-02 02:30:00-04:00,7747.25,7747.25,7748.0,7746.0,7746.0,444
2026-10-02 02:31:00-04:00,7745.5,7745.5,7747.5,7745.0,7747.5,384
2026-10-02 02:32:00-04:00,7746.25,7746.25,7747.25,7745.25,7745.25,228
2026-10-02 02:33:00-04:00,7747.5,7747.5,7747.75,7746.0,7746.25,559
2026-10-02 02:34:00-04:00,7746.5,7746.5,7748.0,7745.5,7747.75,568
2026-10-02 02:35:00-04:00,7746.0,7746.0,7747.5,7746.0,7746.25,340
2026-10-02 02:36:00-04:00,7745.0,7745.0,7746.75,7744.75,7746.25,341
2026-10-02 02:37:00-04:00,7744.75,7744.75,7745.5,7743.75,7744.75,593
2026-10-02 02:38:00-04:00,7744.75,7744.75,7745.25,7743.5,7744.5,519
2026-10-02 02:39:00-04:00,7745.0,7745.0,7745.5,7743.25,7745.0,727
2026-10-02 02:40:00-04:00,7742.75,7742.75,7745.25,7742.0,7745.25,679
2026-10-02 02:41:00-04:00,7743.25,7743.25,7743.5,7741.75,7742.75,342
2026-10-02 02:42:00-04:00,7742.5,7742.5,7744.25,7742.25,7743.25,270
2026-10-02 02:43:00-04:00,7742.75,7742.75,7743.0,7742.25,7742.75,314
2026-10-02 02:44:00-04:00,7741.5,7741.5,7743.0,7740.75,7742.75,1241
2026-10-02 02:45:00-04:00,7740.5,7740.5,7741.5,7739.75,7741.5,500
2026-10-02 02:46:00-04:00,7739.5,7739.5,7740.75,7738.75,7740.5,514
2026-10-02 02:47:00-04:00,7739.0,7739.0,7740.0,7739.0,7739.5,352
2026-10-02 02:48:00-04:00,7738.0,7738.0,7739.25,7737.75,7739.25,625
2026-10-02 02:49:00-04:00,7738.75,7738.75,7739.75,7738.0,7738.0,400
2026-10-02 02:50:00-04:00,7738.0,7738.0,7739.25,7738.0,7739.0,387
2026-10-02 02:51:00-04:00,7737.75,7737.75,7738.75,7737.25,7738.25,297
2026-10-02 02:52:00-04:00,7738.0,7738.0,7738.5,7737.5,7737.75,145
2026-10-02 02:53:00-04:00,7739.0,7739.0,7739.0,7737.0,7737.5,254
2026-10-02 02:54:00-04:00,7741.5,7741.5,7741.5,7738.25,7738.75,221
2026-10-02 02:55:00-04:00,7743.5,7743.5,7743.5,7741.0,7741.5,290
2026-10-02 02:56:00-04:00,7743.5,7743.5,7744.25,7743.0,7743.5,148
2026-10-02 02:57:00-04:00,7741.5,7741.5,7744.0,7741.5,7743.75,851
2026-10-02 02:58:00-04:00,7742.5,7742.5,7743.0,7740.75,7741.75,157
2026-10-02 02:59:00-04:00,7743.5,7743.5,7744.0,7742.0,7742.25,316
2026-10-02 03:00:00-04:00,7743.5,7743.5,7744.25,7742.25,7743.75,573
2026-10-02 03:01:00-04:00,7744.0,7744.0,7744.5,7742.75,7743.25,405
2026-10-02 03:02:00-04:00,7742.75,7742.75,7744.75,7741.75,7744.0,371
2026-10-02 03:03:00-04:00,7743.75,7743.75,7744.25,7742.25,7742.75,379
2026-10-02 03:04:00-04:00,7744.25,7744.25,7745.0,7743.75,7743.75,334
2026-10-02 03:05:00-04:00,7744.75,7744.75,7746.5,7744.0,7744.0,648
2026-10-02 03:06:00-04:00,7744.0,7744.0,7745.25,7743.0,7745.0,464
2026-10-02 03:07:00-04:00,7744.0,7744.0,7745.5,7743.25,7744.0,371
2026-10-02 03:08:00-04:00,7744.75,7744.75,7745.25,7743.5,7744.0,424
2026-10-02 03:09:00-04:00,7744.5,7744.5,7744.75,7743.75,7744.5,454
2026-10-02 03:10:00-04:00,7747.0,7747.0,7747.25,7744.25,7744.25,436
2026-10-02 03:11:00-04:00,7748.75,7748.75,7748.75,7746.5,7747.0,580
2026-10-02 03:12:00-04:00,7748.0,7748.0,7749.0,7746.5,7749.0,519
2026-10-02 03:13:00-04:00,7749.0,7749.0,7749.5,7748.0,7748.25,565
2026-10-02 03:14:00-04:00,7750.25,7750.25,7750.5,7749.25,7749.25,641
2026-10-02 03:15:00-04:00,7749.5,7749.5,7750.75,7748.75,7750.5,561
2026-10-02 03:16:00-04:00,7747.5,7747.5,7749.75,7747.5,7749.5,404
2026-10-02 03:17:00-04:00,7746.75,7746.75,7747.75,7745.75,7747.75,467
2026-10-02 03:18:00-04:00,7747.5,7747.5,7747.5,7745.25,7746.75,623
2026-10-02 03:19:00-04:00,7744.5,7744.5,7747.5,7744.5,7747.25,428
2026-10-02 03:20:00-04:00,7745.75,7745.75,7746.0,7743.5,7744.5,518
2026-10-02 03:21:00-04:00,7744.25,7744.25,7746.25,7744.25,7745.75,390
2026-10-02 03:22:00-04:00,7745.75,7745.75,7746.0,7744.0,7744.5,302
2026-10-02 03:23:00-04:00,7744.0,7744.0,7746.0,7743.25,7745.75,395
2026-10-02 03:24:00-04:00,7744.5,7744.5,7744.5,7743.5,7744.0,183
2026-10-02 03:25:00-04:00,7745.5,7745.5,7746.0,7744.5,7744.5,388
2026-10-02 03:26:00-04:00,7744.5,7744.5,7745.5,7744.5,7745.5,300
2026-10-02 03:27:00-04:00,7743.5,7743.5,7744.75,7743.25,7744.5,224
2026-10-02 03:28:00-04:00,7742.25,7742.25,7743.75,7741.75,7743.25,341
2026-10-02 03:29:00-04:00,7743.0,7743.0,7743.5,7741.25,7742.0,309
2026-10-02 03:30:00-04:00,7741.75,7741.75,7743.5,7741.5,7743.25,494
2026-10-02 03:31:00-04:00,7742.75,7742.75,7743.25,7741.5,7741.75,250
2026-10-02 03:32:00-04:00,7743.0,7743.0,7743.75,7742.5,7743.0,238
2026-10-02 03:33:00-04:00,7744.75,7744.75,7745.5,7742.5,7743.0,331
2026-10-02 03:34:00-04:00,7744.5,7744.5,7744.5,7743.5,7744.25,209
2026-10-02 03:35:00-04:00,7746.0,7746.0,7746.75,7744.25,7744.25,278
2026-10-02 03:36:00-04:00,7745.5,7745.5,7746.75,7744.5,7746.0,280
2026-10-02 03:37:00-04:00,7746.0,7746.0,7747.0,7744.5,7745.5,342
2026-10-02 03:38:00-04:00,7746.25,7746.25,7746.5,7745.25,7746.25,223
2026-10-02 03:39:00-04:00,7746.5,7746.5,7747.25,7746.25,7746.25,300
2026-10-02 03:40:00-04:00,7746.0,7746.0,7746.75,7745.75,7746.5,296
2026-10-02 03:41:00-04:00,7745.75,7745.75,7746.75,7745.75,7746.25,363
2026-10-02 03:42:00-04:00,7745.5,7745.5,7745.75,7745.0,7745.5,338
2026-10-02 03:43:00-04:00,7746.25,7746.25,7746.25,7744.5,7745.75,370
2026-10-02 03:44:00-04:00,7746.25,7746.25,7747.25,7745.75,7746.5,395
2026-10-02 03:45:00-04:00,7746.25,7746.25,7746.75,7746.0,7746.5,398
2026-10-02 03:46:00-04:00,7746.25,7746.25,7747.0,7746.0,7746.25,381
2026-10-02 03:47:00-04:00,7747.25,7747.25,7747.25,7746.0,7746.25,353
2026-10-02 03:48:00-04:00,7746.75,7746.75,7748.0,7746.75,7747.5,311
2026-10-02 03:49:00-04:00,7748.25,7748.25,7748.5,7746.75,7746.75,270
2026-10-02 03:50:00-04:00,7750.25,7750.25,7750.75,7748.25,7748.25,712
2026-10-02 03:51:00-04:00,7750.25,7750.25,7750.75,7750.0,7750.25,386
2026-10-02 03:52:00-04:00,7749.75,7749.75,7750.25,7749.5,7750.25,299
2026-10-02 03:53:00-04:00,7750.75,7750.75,7751.25,7749.75,7749.75,382
2026-10-02 03:54:00-04:00,7752.5,7752.5,7754.5,7750.5,7750.75,846
2026-10-02 03:55:00-04:00,7752.5,7752.5,7752.75,7751.25,7752.5,387
2026-10-02 03:56:00-04:00,7754.75,7754.75,7754.75,7752.5,7752.5,704
2026-10-02 03:57:00-04:00,7759.25,7759.25,7760.75,7754.0,7754.5,2986
2026-10-02 03:58:00-04:00,7754.75,7754.75,7759.75,7754.75,7759.25,913
2026-10-02 03:59:00-04:00,7755.75,7755.75,7755.75,7753.75,7754.5,436
2026-10-02 04:00:00-04:00,7753.5,7753.5,7755.75,7752.75,7755.75,883
2026-10-02 04:01:00-04:00,7753.5,7753.5,7753.75,7752.75,7753.5,672
2026-10-02 04:02:00-04:00,7756.25,7756.25,7756.5,7753.75,7753.75,564
2026-10-02 04:03:00-04:00,7756.75,7756.75,7757.25,7755.0,7756.25,619
2026-10-02 04:04:00-04:00,7755.0,7755.0,7756.75,7755.0,7756.5,758
2026-10-02 04:05:00-04:00,7757.0,7757.0,7757.0,7755.0,7755.0,474
2026-10-02 04:06:00-04:00,7759.0,7759.0,7759.25,7757.0,7757.0,576
2026-10-02 04:07:00-04:00,7762.0,7762.0,7762.25,7759.25,7759.25,822
2026-10-02 04:08:00-04:00,7761.25,7761.25,7762.5,7760.75,7762.0,562
2026-10-02 04:09:00-04:00,7763.0,7763.0,7763.25,7761.0,7761.25,752
2026-10-02 04:10:00-04:00,7763.0,7763.0,7763.5,7762.0,7763.0,580
2026-10-02 04:11:00-04:00,7763.25,7763.25,7763.5,7762.0,7763.25,633
2026-10-02 04:12:00-04:00,7762.5,7762.5,7764.25,7762.25,7763.25,647
2026-10-02 04:13:00-04:00,7763.0,7763.0,7763.0,7761.5,7762.75,472
2026-10-02 04:14:00-04:00,7761.0,7761.0,7763.25,7760.75,7763.0,508
2026-10-02 04:15:00-04:00,7760.5,7760.5,7761.75,7759.75,7761.25,509
2026-10-02 04:16:00-04:00,7760.0,7760.0,7761.25,7760.0,7760.75,644
2026-10-02 04:17:00-04:00,7760.25,7760.25,7761.25,7759.75,7759.75,454
2026-10-02 04:18:00-04:00,7759.25,7759.25,7760.5,7759.0,7760.25,315
2026-10-02 04:19:00-04:00,7757.75,7757.75,7759.0,7757.0,7758.75,451
2026-10-02 04:20:00-04:00,7756.5,7756.5,7758.25,7755.75,7757.75,557
2026-10-02 04:21:00-04:00,7759.0,7759.0,7761.5,7756.5,7756.5,1873
2026-10-02 04:22:00-04:00,7758.5,7758.5,7759.25,7756.75,7758.75,700
2026-10-02 04:23:00-04:00,7755.75,7755.75,7758.75,7755.25,7758.75,668
2026-10-02 04:24:00-04:00,7755.75,7755.75,7756.75,7755.0,7755.5,601
2026-10-02 04:25:00-04:00,7755.25,7755.25,7756.25,7755.0,7756.0,543
2026-10-02 04:26:00-04:00,7756.25,7756.25,7757.0,7755.25,7755.5,576
2026-10-02 04:27:00-04:00,7758.0,7758.0,7758.0,7755.5,7756.25,516
2026-10-02 04:28:00-04:00,7757.0,7757.0,7758.25,7756.75,7758.0,271
2026-10-02 04:29:00-04:00,7757.25,7757.25,7757.5,7756.0,7756.75,385
2026-10-02 04:30:00-04:00,7757.75,7757.75,7758.25,7756.75,7757.25,529
2026-10-02 04:31:00-04:00,7758.0,7758.0,7758.5,7756.75,7757.75,321
2026-10-02 04:32:00-04:00,7757.0,7757.0,7758.0,7756.25,7757.75,343
2026-10-02 04:33:00-04:00,7755.25,7755.25,7757.0,7755.25,7757.0,251
2026-10-02 04:34:00-04:00,7755.75,7755.75,7756.0,7755.0,7755.25,303
2026-10-02 04:35:00-04:00,7757.75,7757.75,7758.25,7756.0,7756.0,308
2026-10-02 04:36:00-04:00,7759.5,7759.5,7759.75,7758.0,7758.0,405
2026-10-02 04:37:00-04:00,7759.75,7759.75,7760.25,7759.25,7759.75,342
2026-10-02 04:38:00-04:00,7759.75,7759.75,7760.25,7758.75,7759.75,351
2026-10-02 04:39:00-04:00,7759.25,7759.25,7759.75,7759.0,7759.5,233
2026-10-02 04:40:00-04:00,7759.5,7759.5,7760.0,7759.0,7759.25,225
2026-10-02 04:41:00-04:00,7760.0,7760.0,7760.0,7759.0,7759.5,648
2026-10-02 04:42:00-04:00,7759.75,7759.75,7760.25,7759.5,7760.25,495
2026-10-02 04:43:00-04:00,7759.25,7759.25,7760.5,7759.25,7759.75,560
2026-10-02 04:44:00-04:00,7758.5,7758.5,7759.5,7758.0,7759.5,732
2026-10-02 04:45:00-04:00,7759.5,7759.5,7759.75,7758.5,7758.5,388
2026-10-02 04:46:00-04:00,7759.25,7759.25,7760.5,7759.25,7759.5,406
2026-10-02 04:47:00-04:00,7760.5,7760.5,7760.75,7759.0,7759.5,535
2026-10-02 04:48:00-04:00,7761.75,7761.75,7762.0,7760.25,7760.5,504
2026-10-02 04:49:00-04:00,7762.0,7762.0,7762.25,7761.5,7761.5,320
2026-10-02 04:50:00-04:00,7763.0,7763.0,7764.0,7762.0,7762.25,550
2026-10-02 04:51:00-04:00,7762.5,7762.5,7763.25,7762.25,7763.0,356
2026-10-02 04:52:00-04:00,7761.75,7761.75,7762.25,7761.75,7762.25,366
2026-10-02 04:53:00-04:00,7761.75,7761.75,7761.75,7761.0,7761.75,401
2026-10-02 04:54:00-04:00,7763.5,7763.5,7763.75,7762.0,7762.0,352
2026-10-02 04:55:00-04:00,7763.75,7763.75,7764.0,7762.75,7763.5,370
2026-10-02 04:56:00-04:00,7764.25,7764.25,7764.75,7763.5,7763.5,452
2026-10-02 04:57:00-04:00,7763.0,7763.0,7764.25,7763.0,7764.25,497
2026-10-02 04:58:00-04:00,7763.0,7763.0,7763.25,7762.5,7762.75,334
2026-10-02 04:59:00-04:00,7762.5,7762.5,7763.25,7762.25,7763.0,329
2026-10-02 05:00:00-04:00,7760.25,7760.25,7762.75,7759.75,7762.75,587
2026-10-02 05:01:00-04:00,7758.75,7758.75,7760.5,7758.25,7760.5,453
2026-10-02 05:02:00-04:00,7759.0,7759.0,7759.0,7758.25,7758.75,416
2026-10-02 05:03:00-04:00,7759.5,7759.5,7760.25,7758.25,7759.0,814
2026-10-02 05:04:00-04:00,7759.25,7759.25,7759.75,7758.5,7759.5,446
2026-10-02 05:05:00-04:00,7758.75,7758.75,7759.5,7758.5,7759.0,242
2026-10-02 05:06:00-04:00,7759.25,7759.25,7759.5,7758.75,7758.75,224
2026-10-02 05:07:00-04:00,7759.5,7759.5,7760.0,7759.0,7759.5,237
2026-10-02 05:08:00-04:00,7758.75,7758.75,7759.75,7758.5,7759.5,242
2026-10-02 05:09:00-04:00,7760.25,7760.25,7760.25,7758.5,7758.5,305
2026-10-02 05:10:00-04:00,7762.0,7762.0,7762.0,7759.5,7760.25,587
2026-10-02 05:11:00-04:00,7762.25,7762.25,7762.75,7761.5,7762.0,434
2026-10-02 05:12:00-04:00,7762.75,7762.75,7763.0,7762.25,7762.25,301
2026-10-02 05:13:00-04:00,7764.25,7764.25,7765.0,7762.75,7762.75,657
2026-10-02 05:14:00-04:00,7763.5,7763.5,7765.75,7762.75,7764.5,637
2026-10-02 05:15:00-04:00,7762.75,7762.75,7763.75,7762.75,7763.25,218
2026-10-02 05:16:00-04:00,7763.5,7763.5,7765.5,7762.75,7763.0,1746
2026-10-02 05:17:00-04:00,7763.5,7763.5,7764.0,7763.25,7763.5,464
2026-10-02 05:18:00-04:00,7763.0,7763.0,7763.75,7762.0,7763.5,354
2026-10-02 05:19:00-04:00,7763.5,7763.5,7763.5,7762.75,7763.25,293
2026-10-02 05:20:00-04:00,7764.5,7764.5,7764.75,7763.5,7763.5,381
2026-10-02 05:21:00-04:00,7762.75,7762.75,7764.75,7762.25,7764.5,322
2026-10-02 05:22:00-04:00,7763.75,7763.75,7764.0,7762.5,7762.75,358
2026-10-02 05:23:00-04:00,7763.5,7763.5,7764.0,7762.75,7764.0,297
2026-10-02 05:24:00-04:00,7763.0,7763.0,7763.75,7762.75,7763.25,417
2026-10-02 05:25:00-04:00,7763.5,7763.5,7764.0,7763.25,7763.25,211
2026-10-02 05:26:00-04:00,7763.0,7763.0,7764.0,7762.75,7763.25,215
2026-10-02 05:27:00-04:00,7762.0,7762.0,7763.0,7761.75,7762.75,289
2026-10-02 05:28:00-04:00,7762.25,7762.25,7762.25,7761.25,7761.75,467
2026-10-02 05:29:00-04:00,7762.5,7762.5,7763.0,7762.25,7762.25,201
2026-10-02 05:30:00-04:00,7762.75,7762.75,7763.0,7762.25,7762.5,260
2026-10-02 05:31:00-04:00,7762.25,7762.25,7762.75,7762.0,7762.75,191
2026-10-02 05:32:00-04:00,7762.0,7762.0,7762.25,7761.5,7762.25,183
2026-10-02 05:33:00-04:00,7762.0,7762.0,7762.0,7760.75,7761.75,378
2026-10-02 05:34:00-04:00,7759.5,7759.5,7761.75,7759.25,7761.75,430
2026-10-02 05:35:00-04:00,7759.5,7759.5,7759.75,7758.75,7759.5,296
2026-10-02 05:36:00-04:00,7761.25,7761.25,7761.25,7759.5,7759.5,307
2026-10-02 05:37:00-04:00,7761.5,7761.5,7762.75,7761.0,7761.0,366
2026-10-02 05:38:00-04:00,7762.0,7762.0,7762.25,7761.25,7761.5,345
2026-10-02 05:39:00-04:00,7762.0,7762.0,7762.5,7761.75,7762.0,208
2026-10-02 05:40:00-04:00,7762.25,7762.25,7763.25,7762.0,7762.0,275
2026-10-02 05:41:00-04:00,7762.75,7762.75,7763.0,7762.25,7762.25,287
2026-10-02 05:42:00-04:00,7762.25,7762.25,7762.75,7762.25,7762.75,227
2026-10-02 05:43:00-04:00,7761.5,7761.5,7762.75,7761.5,7762.25,195
2026-10-02 05:44:00-04:00,7761.5,7761.5,7762.0,7761.25,7761.5,237
2026-10-02 05:45:00-04:00,7761.0,7761.0,7761.25,7760.5,7761.25,210
2026-10-02 05:46:00-04:00,7760.5,7760.5,7761.5,7757.75,7761.0,2170
2026-10-02 05:47:00-04:00,7759.0,7759.0,7760.5,7758.0,7760.5,1151
2026-10-02 05:48:00-04:00,7762.5,7762.5,7762.5,7758.5,7759.0,887
2026-10-02 05:49:00-04:00,7763.0,7763.0,7765.5,7761.75,7762.5,1783
2026-10-02 05:50:00-04:00,7761.25,7761.25,7764.0,7760.75,7763.0,594
2026-10-02 05:51:00-04:00,7760.75,7760.75,7761.75,7760.5,7761.0,151
2026-10-02 05:52:00-04:00,7759.25,7759.25,7761.25,7759.25,7760.75,233
2026-10-02 05:53:00-04:00,7761.0,7761.0,7761.5,7759.25,7759.25,266
2026-10-02 05:54:00-04:00,7760.5,7760.5,7762.25,7760.5,7761.25,341
2026-10-02 05:55:00-04:00,7760.25,7760.25,7760.5,7759.25,7760.5,300
2026-10-02 05:56:00-04:00,7760.5,7760.5,7760.5,7760.0,7760.25,130
2026-10-02 05:57:00-04:00,7760.5,7760.5,7761.0,7760.0,7760.5,196
2026-10-02 05:58:00-04:00,7759.75,7759.75,7760.75,7759.75,7760.5,216
2026-10-02 05:59:00-04:00,7759.75,7759.75,7760.5,7759.25,7759.75,432
2026-10-02 06:00:00-04:00,7760.25,7760.25,7760.5,7759.5,7759.75,372
2026-10-02 06:01:00-04:00,7760.0,7760.0,7760.5,7758.75,7760.25,225
2026-10-02 06:02:00-04:00,7758.25,7758.25,7760.0,7757.0,7760.0,598
2026-10-02 06:03:00-04:00,7757.0,7757.0,7758.25,7756.75,7758.25,178
2026-10-02 06:04:00-04:00,7758.0,7758.0,7760.5,7756.75,7757.0,1104
2026-10-02 06:05:00-04:00,7756.0,7756.0,7758.25,7755.75,7758.0,261
2026-10-02 06:06:00-04:00,7756.25,7756.25,7756.75,7754.75,7756.0,327
2026-10-02 06:07:00-04:00,7755.25,7755.25,7756.5,7755.0,7756.0,247
2026-10-02 06:08:00-04:00,7756.75,7756.75,7756.75,7755.0,7755.25,296
2026-10-02 06:09:00-04:00,7755.5,7755.5,7757.25,7755.5,7756.5,268
2026-10-02 06:10:00-04:00,7755.0,7755.0,7756.0,7754.5,7755.75,284
2026-10-02 06:11:00-04:00,7753.75,7753.75,7755.0,7753.75,7755.0,412
2026-10-02 06:12:00-04:00,7754.0,7754.0,7755.25,7754.0,7754.0,267
2026-10-02 06:13:00-04:00,7753.25,7753.25,7754.0,7752.25,7754.0,363
2026-10-02 06:14:00-04:00,7754.0,7754.0,7754.25,7753.25,7753.25,207
2026-10-02 06:15:00-04:00,7754.0,7754.0,7754.25,7753.25,7753.75,318
2026-10-02 06:16:00-04:00,7754.25,7754.25,7754.75,7753.75,7754.0,339
2026-10-02 06:17:00-04:00,7755.25,7755.25,7755.25,7754.0,7754.25,255
2026-10-02 06:18:00-04:00,7754.0,7754.0,7755.25,7754.0,7755.0,181
2026-10-02 06:19:00-04:00,7754.0,7754.0,7754.0,7753.5,7754.0,286
2026-10-02 06:20:00-04:00,7753.75,7753.75,7754.25,7753.5,7754.0,150
2026-10-02 06:21:00-04:00,7753.75,7753.75,7754.75,7750.75,7753.5,1805
2026-10-02 06:22:00-04:00,7752.75,7752.75,7755.0,7752.75,7753.5,709
2026-10-02 06:23:00-04:00,7750.75,7750.75,7753.75,7750.5,7752.75,484
2026-10-02 06:24:00-04:00,7750.75,7750.75,7751.0,7749.0,7750.5,622
2026-10-02 06:25:00-04:00,7752.0,7752.0,7753.0,7751.0,7751.0,361
2026-10-02 06:26:00-04:00,7752.25,7752.25,7752.75,7751.25,7752.0,624
2026-10-02 06:27:00-04:00,7755.0,7755.0,7755.0,7751.75,7752.25,707
2026-10-02 06:28:00-04:00,7756.0,7756.0,7756.25,7754.5,7755.0,323
2026-10-02 06:29:00-04:00,7756.5,7756.5,7757.0,7755.25,7756.0,604
2026-10-02 06:30:00-04:00,7756.0,7756.0,7756.75,7755.5,7756.75,400
2026-10-02 06:31:00-04:00,7755.0,7755.0,7757.0,7755.0,7756.0,376
2026-10-02 06:32:00-04:00,7755.25,7755.25,7755.75,7754.25,7754.75,308
2026-10-02 06:33:00-04:00,7756.5,7756.5,7756.75,7755.0,7755.25,231
2026-10-02 06:34:00-04:00,7759.75,7759.75,7759.75,7756.0,7756.5,459
2026-10-02 06:35:00-04:00,7760.25,7760.25,7760.25,7758.75,7759.5,310
2026-10-02 06:36:00-04:00,7760.5,7760.5,7760.5,7759.5,7760.5,226
2026-10-02 06:37:00-04:00,7759.5,7759.5,7761.25,7759.25,7760.5,263
2026-10-02 06:38:00-04:00,7759.5,7759.5,7759.75,7759.25,7759.5,167
2026-10-02 06:39:00-04:00,7760.25,7760.25,7760.25,7759.5,7759.5,248
2026-10-02 06:40:00-04:00,7761.0,7761.0,7761.25,7760.25,7760.25,183
2026-10-02 06:41:00-04:00,7761.75,7761.75,7761.75,7760.75,7761.0,190
2026-10-02 06:42:00-04:00,7760.25,7760.25,7761.75,7760.25,7761.75,250
2026-10-02 06:43:00-04:00,7760.75,7760.75,7761.5,7760.25,7760.25,240
2026-10-02 06:44:00-04:00,7761.0,7761.0,7761.5,7760.75,7761.0,310
2026-10-02 06:45:00-04:00,7760.75,7760.75,7761.5,7760.5,7761.25,366
2026-10-02 06:46:00-04:00,7761.25,7761.25,7761.25,7760.0,7760.75,391
2026-10-02 06:47:00-04:00,7761.75,7761.75,7762.25,7761.0,7761.25,278
2026-10-02 06:48:00-04:00,7761.0,7761.0,7762.5,7760.5,7761.5,409
2026-10-02 06:49:00-04:00,7760.25,7760.25,7762.0,7760.25,7761.0,336
2026-10-02 06:50:00-04:00,7761.5,7761.5,7761.5,7760.25,7760.25,494
2026-10-02 06:51:00-04:00,7761.5,7761.5,7762.0,7761.5,7761.5,246
2026-10-02 06:52:00-04:00,7761.75,7761.75,7763.0,7761.25,7761.25,264
2026-10-02 06:53:00-04:00,7761.0,7761.0,7762.25,7761.0,7762.0,239
2026-10-02 06:54:00-04:00,7761.5,7761.5,7762.0,7760.75,7761.25,230
2026-10-02 06:55:00-04:00,7762.0,7762.0,7762.0,7761.25,7761.5,129
2026-10-02 06:56:00-04:00,7762.5,7762.5,7762.75,7762.0,7762.0,211
2026-10-02 06:57:00-04:00,7762.25,7762.25,7762.75,7762.0,7762.5,269
2026-10-02 06:58:00-04:00,7762.25,7762.25,7762.5,7761.75,7762.25,133
2026-10-02 06:59:00-04:00,7763.0,7763.0,7763.25,7762.0,7762.25,415
2026-10-02 07:00:00-04:00,7763.0,7763.0,7764.5,7762.25,7763.0,1046
2026-10-02 07:01:00-04:00,7762.5,7762.5,7763.25,7762.25,7763.0,375
2026-10-02 07:02:00-04:00,7762.0,7762.0,7762.75,7762.0,7762.75,413
2026-10-02 07:03:00-04:00,7762.0,7762.0,7762.75,7761.25,7761.75,333
2026-10-02 07:04:00-04:00,7762.0,7762.0,7762.0,7761.0,7761.75,369
2026-10-02 07:05:00-04:00,7763.0,7763.0,7763.75,7762.0,7762.25,361
2026-10-02 07:06:00-04:00,7763.0,7763.0,7763.75,7763.0,7763.0,449
2026-10-02 07:07:00-04:00,7763.0,7763.0,7763.5,7762.75,7763.0,366
2026-10-02 07:08:00-04:00,7761.75,7761.75,7763.0,7760.75,7763.0,403
2026-10-02 07:09:00-04:00,7763.0,7763.0,7764.25,7761.75,7762.0,409
2026-10-02 07:10:00-04:00,7761.0,7761.0,7763.0,7760.25,7762.75,442
2026-10-02 07:11:00-04:00,7759.75,7759.75,7761.25,7759.5,7761.25,503
2026-10-02 07:12:00-04:00,7760.75,7760.75,7761.25,7759.0,7759.75,470
2026-10-02 07:13:00-04:00,7761.0,7761.0,7762.0,7760.75,7760.75,232
2026-10-02 07:14:00-04:00,7763.25,7763.25,7763.25,7760.25,7760.75,493
2026-10-02 07:15:00-04:00,7763.75,7763.75,7763.75,7762.5,7763.25,378
2026-10-02 07:16:00-04:00,7762.0,7762.0,7764.0,7762.0,7763.75,367
2026-10-02 07:17:00-04:00,7762.0,7762.0,7762.25,7761.25,7761.75,351
2026-10-02 07:18:00-04:00,7762.75,7762.75,7762.75,7761.75,7761.75,241
2026-10-02 07:19:00-04:00,7764.0,7764.0,7764.25,7762.25,7762.75,312
2026-10-02 07:20:00-04:00,7765.0,7765.0,7765.5,7764.0,7764.0,398
2026-10-02 07:21:00-04:00,7764.0,7764.0,7765.5,7763.5,7765.0,342
2026-10-02 07:22:00-04:00,7764.5,7764.5,7764.5,7763.75,7764.0,274
2026-10-02 07:23:00-04:00,7765.25,7765.25,7765.5,7764.5,7764.75,335
2026-10-02 07:24:00-04:00,7765.0,7765.0,7765.75,7764.5,7765.0,402
2026-10-02 07:25:00-04:00,7764.25,7764.25,7765.5,7764.25,7765.0,246
2026-10-02 07:26:00-04:00,7765.0,7765.0,7765.25,7763.75,7764.25,219
2026-10-02 07:27:00-04:00,7763.5,7763.5,7764.75,7763.25,7764.75,495
2026-10-02 07:28:00-04:00,7764.0,7764.0,7764.5,7763.5,7763.75,318
2026-10-02 07:29:00-04:00,7764.0,7764.0,7764.25,7763.75,7764.25,203
2026-10-02 07:30:00-04:00,7763.0,7763.0,7764.25,7762.75,7763.75,402
2026-10-02 07:31:00-04:00,7763.5,7763.5,7763.5,7762.75,7763.0,236
2026-10-02 07:32:00-04:00,7765.25,7765.25,7765.5,7762.5,7763.5,1021
2026-10-02 07:33:00-04:00,7763.25,7763.25,7765.25,7762.75,7765.25,328
2026-10-02 07:34:00-04:00,7762.25,7762.25,7763.5,7762.25,7763.25,324
2026-10-02 07:35:00-04:00,7762.25,7762.25,7763.0,7762.0,7762.25,481
2026-10-02 07:36:00-04:00,7763.25,7763.25,7763.25,7762.0,7762.25,287
2026-10-02 07:37:00-04:00,7762.75,7762.75,7763.5,7762.5,7763.25,393
2026-10-02 07:38:00-04:00,7762.5,7762.5,7763.0,7762.0,7762.75,270
2026-10-02 07:39:00-04:00,7761.5,7761.5,7762.5,7761.5,7762.5,221
2026-10-02 07:40:00-04:00,7760.75,7760.75,7761.75,7760.25,7761.5,257
2026-10-02 07:41:00-04:00,7759.75,7759.75,7760.75,7759.5,7760.75,346
2026-10-02 07:42:00-04:00,7759.25,7759.25,7760.0,7759.0,7759.75,424
2026-10-02 07:43:00-04:00,7758.75,7758.75,7760.25,7758.75,7759.5,344
2026-10-02 07:44:00-04:00,7759.0,7759.0,7759.25,7757.75,7758.75,470
2026-10-02 07:45:00-04:00,7759.25,7759.25,7759.5,7758.25,7759.0,315
2026-10-02 07:46:00-04:00,7757.75,7757.75,7759.5,7757.5,7759.0,337
2026-10-02 07:47:00-04:00,7757.0,7757.0,7757.75,7756.25,7757.5,474
2026-10-02 07:48:00-04:00,7757.25,7757.25,7757.25,7756.5,7757.0,490
2026-10-02 07:49:00-04:00,7757.0,7757.0,7757.75,7756.25,7757.25,629
2026-10-02 07:50:00-04:00,7757.25,7757.25,7758.0,7756.75,7757.25,292
2026-10-02 07:51:00-04:00,7757.25,7757.25,7757.75,7756.5,7757.25,419
2026-10-02 07:52:00-04:00,7758.0,7758.0,7758.5,7757.25,7757.5,237
2026-10-02 07:53:00-04:00,7756.25,7756.25,7758.5,7756.25,7758.0,272
2026-10-02 07:54:00-04:00,7757.0,7757.0,7757.75,7756.25,7756.25,287
2026-10-02 07:55:00-04:00,7754.5,7754.5,7757.25,7754.5,7757.25,579
2026-10-02 07:56:00-04:00,7756.25,7756.25,7756.25,7754.25,7754.5,488
2026-10-02 07:57:00-04:00,7757.75,7757.75,7758.0,7756.0,7756.0,450
2026-10-02 07:58:00-04:00,7756.75,7756.75,7757.75,7756.25,7757.5,261
2026-10-02 07:59:00-04:00,7757.25,7757.25,7757.5,7757.0,7757.0,261
2026-10-02 08:00:00-04:00,7755.5,7755.5,7757.25,7755.5,7757.25,666
2026-10-02 08:01:00-04:00,7755.75,7755.75,7756.5,7755.25,7755.25,325
2026-10-02 08:02:00-04:00,7755.75,7755.75,7756.25,7755.25,7755.75,251
2026-10-02 08:03:00-04:00,7755.25,7755.25,7756.25,7754.75,7755.75,435
2026-10-02 08:04:00-04:00,7754.25,7754.25,7755.5,7753.75,7755.25,513
2026-10-02 08:05:00-04:00,7754.5,7754.5,7755.0,7754.0,7754.0,416
2026-10-02 08:06:00-04:00,7755.5,7755.5,7755.5,7754.25,7754.25,430
2026-10-02 08:07:00-04:00,7755.0,7755.0,7755.75,7754.5,7755.25,554
2026-10-02 08:08:00-04:00,7756.75,7756.75,7757.0,7754.25,7755.0,528
2026-10-02 08:09:00-04:00,7755.25,7755.25,7757.25,7755.0,7757.0,341
2026-10-02 08:10:00-04:00,7755.75,7755.75,7755.75,7754.75,7755.25,237
2026-10-02 08:11:00-04:00,7756.25,7756.25,7757.0,7755.75,7755.75,385
2026-10-02 08:12:00-04:00,7756.75,7756.75,7757.75,7755.75,7756.0,459
2026-10-02 08:13:00-04:00,7755.5,7755.5,7756.5,7754.75,7756.5,556
2026-10-02 08:14:00-04:00,7755.5,7755.5,7755.75,7754.75,7755.25,484
2026-10-02 08:15:00-04:00,7755.5,7755.5,7755.5,7753.75,7755.25,476
2026-10-02 08:16:00-04:00,7755.0,7755.0,7756.25,7754.0,7755.25,737
2026-10-02 08:17:00-04:00,7755.75,7755.75,7756.5,7754.5,7755.0,431
2026-10-02 08:18:00-04:00,7755.25,7755.25,7756.25,7754.75,7755.5,421
2026-10-02 08:19:00-04:00,7755.25,7755.25,7757.0,7753.75,7755.0,1209
2026-10-02 08:20:00-04:00,7755.75,7755.75,7756.75,7754.75,7755.25,564
2026-10-02 08:21:00-04:00,7757.5,7757.5,7757.75,7755.5,7755.75,535
2026-10-02 08:22:00-04:00,7757.75,7757.75,7759.25,7757.0,7757.25,793
2026-10-02 08:23:00-04:00,7758.25,7758.25,7758.25,7756.0,7757.75,554
2026-10-02 08:24:00-04:00,7757.5,7757.5,7758.0,7756.75,7758.0,597
2026-10-02 08:25:00-04:00,7760.5,7760.5,7760.75,7757.5,7757.75,968
2026-10-02 08:26:00-04:00,7760.5,7760.5,7761.0,7759.75,7760.5,527
2026-10-02 08:27:00-04:00,7761.5,7761.5,7761.75,7760.25,7760.25,447
2026-10-02 08:28:00-04:00,7761.5,7761.5,7762.5,7759.5,7761.75,1003
2026-10-02 08:29:00-04:00,7765.25,7765.25,7765.75,7761.0,7761.0,1204
2026-10-02 08:30:00-04:00,7778.25,7778.25,7800.0,7764.25,7765.75,8181
2026-10-02 08:31:00-04:00,7785.75,7785.75,7787.5,7776.5,7778.0,6174
2026-10-02 08:32:00-04:00,7789.75,7789.75,7790.25,7784.75,7785.5,4525
2026-10-02 08:33:00-04:00,7787.5,7787.5,7790.75,7785.75,7790.0,5406
2026-10-02 08:34:00-04:00,7791.25,7791.25,7792.75,7785.5,7787.25,3760
2026-10-02 08:35:00-04:00,7792.25,7792.25,7792.75,7789.75,7791.25,2561
2026-10-02 08:36:00-04:00,7795.0,7795.0,7795.0,7791.25,7792.5,3323
2026-10-02 08:37:00-04:00,7794.5,7794.5,7795.25,7791.75,7795.0,3483
2026-10-02 08:38:00-04:00,7794.25,7794.25,7797.25,7793.75,7794.75,3216
2026-10-02 08:39:00-04:00,7791.75,7791.75,7794.5,7790.5,7794.25,3102
2026-10-02 08:40:00-04:00,7788.75,7788.75,7792.5,7788.5,7791.5,2871
2026-10-02 08:41:00-04:00,7786.0,7786.0,7789.5,7785.0,7788.75,2645
2026-10-02 08:42:00-04:00,7788.5,7788.5,7788.75,7785.25,7786.25,2396
2026-10-02 08:43:00-04:00,7789.75,7789.75,7790.0,7787.5,7788.75,1825
2026-10-02 08:44:00-04:00,7787.0,7787.0,7790.75,7786.25,7789.75,1661
2026-10-02 08:45:00-04:00,7784.75,7784.75,7787.5,7782.75,7787.0,2038
2026-10-02 08:46:00-04:00,7787.0,7787.0,7787.25,7784.25,7784.75,1505
2026-10-02 08:47:00-04:00,7787.5,7787.5,7788.5,7786.5,7787.0,1429
2026-10-02 08:48:00-04:00,7788.75,7788.75,7789.25,7787.25,7787.5,1552
2026-10-02 08:49:00-04:00,7789.25,7789.25,7791.25,7788.25,7788.75,1466
2026-10-02 08:50:00-04:00,7789.5,7789.5,7790.75,7787.25,7789.25,1584
2026-10-02 08:51:00-04:00,7788.0,7788.0,7789.5,7787.75,7789.5,867
2026-10-02 08:52:00-04:00,7788.5,7788.5,7789.5,7787.75,7788.25,976
2026-10-02 08:53:00-04:00,7790.0,7790.0,7790.0,7788.25,7788.5,935
2026-10-02 08:54:00-04:00,7792.5,7792.5,7793.25,7789.75,7789.75,2132
2026-10-02 08:55:00-04:00,7795.0,7795.0,7796.0,7791.75,7792.5,1832
2026-10-02 08:56:00-04:00,7795.25,7795.25,7795.25,7793.75,7795.0,970
2026-10-02 08:57:00-04:00,7794.25,7794.25,7795.25,7793.25,7795.25,1102
2026-10-02 08:58:00-04:00,7797.5,7797.5,7798.0,7794.25,7794.5,1281
2026-10-02 08:59:00-04:00,7797.25,7797.25,7798.75,7796.75,7797.75,1685
2026-10-02 09:00:00-04:00,7796.25,7796.25,7798.0,7795.0,7797.25,1822
2026-10-02 09:01:00-04:00,7799.75,7799.75,7800.25,7796.0,7796.25,3471
2026-10-02 09:02:00-04:00,7800.0,7800.0,7801.25,7799.25,7799.75,1720
2026-10-02 09:03:00-04:00,7801.0,7801.0,7801.0,7799.5,7800.0,1704
2026-10-02 09:04:00-04:00,7800.5,7800.5,7802.75,7800.0,7801.0,2189
2026-10-02 09:05:00-04:00,7798.25,7798.25,7802.75,7798.25,7800.5,2033
2026-10-02 09:06:00-04:00,7797.5,7797.5,7799.75,7797.25,7798.25,2182
2026-10-02 09:07:00-04:00,7795.0,7795.0,7797.5,7794.0,7797.5,2736
2026-10-02 09:08:00-04:00,7795.0,7795.0,7795.25,7793.5,7795.0,1645
2026-10-02 09:09:00-04:00,7795.75,7795.75,7796.75,7794.75,7794.75,1237
2026-10-02 09:10:00-04:00,7797.75,7797.75,7797.75,7795.25,7795.75,1297
2026-10-02 09:11:00-04:00,7794.25,7794.25,7798.0,7794.25,7798.0,1240
2026-10-02 09:12:00-04:00,7794.0,7794.0,7795.75,7793.75,7794.25,1352
2026-10-02 09:13:00-04:00,7795.0,7795.0,7795.75,7793.75,7794.0,944
2026-10-02 09:14:00-04:00,7793.5,7793.5,7796.0,7793.25,7795.0,1418
2026-10-02 09:15:00-04:00,7792.25,7792.25,7793.5,7790.75,7793.5,1885
2026-10-02 09:16:00-04:00,7791.25,7791.25,7794.25,7790.75,7792.25,2113
2026-10-02 09:17:00-04:00,7792.0,7792.0,7792.75,7791.0,7791.25,1074
2026-10-02 09:18:00-04:00,7791.25,7791.25,7793.25,7790.75,7792.0,1203
2026-10-02 09:19:00-04:00,7792.0,7792.0,7792.75,7791.0,7791.25,682
2026-10-02 09:20:00-04:00,7792.5,7792.5,7793.25,7791.5,7792.0,839
2026-10-02 09:21:00-04:00,7792.25,7792.25,7795.0,7792.0,7792.5,965
2026-10-02 09:22:00-04:00,7792.5,7792.5,7793.5,7791.25,7792.0,651
2026-10-02 09:23:00-04:00,7791.5,7791.5,7792.5,7790.75,7792.5,1252
2026-10-02 09:24:00-04:00,7791.75,7791.75,7792.25,7789.75,7791.5,1437
2026-10-02 09:25:00-04:00,7789.75,7789.75,7792.5,7788.75,7792.0,2228
2026-10-02 09:26:00-04:00,7789.75,7789.75,7790.5,7788.75,7789.75,938
2026-10-02 09:27:00-04:00,7790.5,7790.5,7791.5,7788.75,7789.75,1199
2026-10-02 09:28:00-04:00,7790.75,7790.75,7793.5,7790.5,7790.5,1253
2026-10-02 09:29:00-04:00,7789.5,7789.5,7792.5,7788.75,7791.0,2644
2026-10-02 09:30:00-04:00,7786.25,7786.25,7792.0,7785.0,7789.5,12727
2026-10-02 09:31:00-04:00,7778.75,7778.75,7787.75,7778.75,7786.0,9576
2026-10-02 09:32:00-04:00,7785.25,7785.25,7786.25,7778.25,7778.75,8915
2026-10-02 09:33:00-04:00,7782.25,7782.25,7787.0,7781.25,7785.25,6848
2026-10-02 09:34:00-04:00,7790.5,7790.5,7791.25,7782.25,7782.25,5624
2026-10-02 09:35:00-04:00,7790.75,7790.75,7793.0,7788.0,7790.5,7259
2026-10-02 09:36:00-04:00,7791.75,7791.75,7792.0,7788.25,7791.0,5426
2026-10-02 09:37:00-04:00,7794.0,7794.0,7795.25,7790.5,7791.75,8435
2026-10-02 09:38:00-04:00,7791.75,7791.75,7794.0,7787.75,7794.0,5654
2026-10-02 09:39:00-04:00,7791.75,7791.75,7792.0,7787.5,7791.75,4581
2026-10-02 09:40:00-04:00,7788.25,7788.25,7792.0,7787.5,7791.75,5130
2026-10-02 09:41:00-04:00,7790.0,7790.0,7790.0,7786.0,7788.0,5660
2026-10-02 09:42:00-04:00,7794.0,7794.0,7795.5,7789.5,7790.0,5032
2026-10-02 09:43:00-04:00,7796.75,7796.75,7800.75,7793.75,7793.75,9128
2026-10-02 09:44:00-04:00,7800.25,7800.25,7800.25,7794.5,7796.75,4502
2026-10-02 09:45:00-04:00,7802.0,7802.0,7804.75,7800.0,7800.25,7035
2026-10-02 09:46:00-04:00,7802.75,7802.75,7804.5,7801.0,7801.75,5975
2026-10-02 09:47:00-04:00,7803.0,7803.0,7803.75,7800.75,7802.75,5862
2026-10-02 09:48:00-04:00,7799.5,7799.5,7803.0,7795.25,7803.0,7086
2026-10-02 09:49:00-04:00,7797.25,7797.25,7801.0,7795.25,7799.5,5891
2026-10-02 09:50:00-04:00,7799.5,7799.5,7801.25,7796.25,7797.25,4488
2026-10-02 09:51:00-04:00,7796.75,7796.75,7800.25,7794.5,7799.25,7186
2026-10-02 09:52:00-04:00,7795.0,7795.0,7797.5,7794.0,7796.75,6872
2026-10-02 09:53:00-04:00,7790.5,7790.5,7795.0,7789.75,7795.0,7525
2026-10-02 09:54:00-04:00,7785.25,7785.25,7793.0,7784.75,7790.75,7900
2026-10-02 09:55:00-04:00,7779.25,7779.25,7785.75,7778.25,7785.0,11539
2026-10-02 09:56:00-04:00,7777.75,7777.75,7780.25,7775.0,7779.25,14422
2026-10-02 09:57:00-04:00,7781.75,7781.75,7784.5,7773.5,7777.75,16454
2026-10-02 09:58:00-04:00,7789.0,7789.0,7789.25,7781.5,7781.75,10605
2026-10-02 09:59:00-04:00,7788.5,7788.5,7789.75,7784.0,7789.0,5190
2026-10-02 10:00:00-04:00,7786.75,7786.75,7789.0,7781.75,7788.75,6112
2026-10-02 10:01:00-04:00,7792.0,7792.0,7793.5,7785.75,7786.75,8279
2026-10-02 10:02:00-04:00,7795.5,7795.5,7796.5,7791.0,7791.75,5903
2026-10-02 10:03:00-04:00,7797.5,7797.5,7797.75,7793.75,7795.25,5266
2026-10-02 10:04:00-04:00,7799.5,7799.5,7800.0,7795.5,7797.75,6161
2026-10-02 10:05:00-04:00,7799.25,7799.25,7801.5,7798.0,7799.5,7331
2026-10-02 10:06:00-04:00,7797.5,7797.5,7800.25,7797.25,7799.0,4773
2026-10-02 10:07:00-04:00,7795.75,7795.75,7799.0,7795.5,7797.75,4068
2026-10-02 10:08:00-04:00,7797.75,7797.75,7799.0,7793.75,7795.75,7062
2026-10-02 10:09:00-04:00,7794.75,7794.75,7798.25,7794.75,7797.75,3856
2026-10-02 10:10:00-04:00,7799.0,7799.0,7800.5,7793.75,7795.0,4492
2026-10-02 10:11:00-04:00,7790.75,7790.75,7799.0,7790.0,7799.0,6573
2026-10-02 10:12:00-04:00,7797.25,7797.25,7797.25,7790.25,7790.75,4555
2026-10-02 10:13:00-04:00,7797.75,7797.75,7799.25,7796.75,7797.25,4328
2026-10-02 10:14:00-04:00,7798.0,7798.0,7800.25,7796.5,7797.75,4114
2026-10-02 10:15:00-04:00,7796.25,7796.25,7800.25,7796.25,7798.0,4889
2026-10-02 10:16:00-04:00,7798.25,7798.25,7799.0,7795.0,7796.5,4835
2026-10-02 10:17:00-04:00,7801.5,7801.5,7801.75,7797.5,7798.0,3967
2026-10-02 10:18:00-04:00,7802.25,7802.25,7804.25,7800.5,7801.5,4652
2026-10-02 10:19:00-04:00,7803.5,7803.5,7803.75,7801.5,7802.5,3710
2026-10-02 10:20:00-04:00,7804.75,7804.75,7806.5,7803.25,7803.5,5665
2026-10-02 10:21:00-04:00,7803.0,7803.0,7805.5,7802.75,7804.75,3633
2026-10-02 10:22:00-04:00,7803.25,7803.25,7803.75,7801.0,7803.0,3852
2026-10-02 10:23:00-04:00,7801.25,7801.25,7804.5,7799.75,7803.5,4692
2026-10-02 10:24:00-04:00,7807.0,7807.0,7807.25,7800.75,7801.25,3220
2026-10-02 10:25:00-04:00,7805.25,7805.25,7807.25,7804.75,7807.0,3788
2026-10-02 10:26:00-04:00,7807.75,7807.75,7808.25,7804.25,7805.25,3309
2026-10-02 10:27:00-04:00,7805.5,7805.5,7808.75,7805.0,7807.75,4128
2026-10-02 10:28:00-04:00,7807.0,7807.0,7807.25,7805.25,7805.25,2525
2026-10-02 10:29:00-04:00,7804.25,7804.25,7807.25,7803.5,7806.75,2898
2026-10-02 10:30:00-04:00,7800.75,7800.75,7804.75,7799.25,7804.25,4843
2026-10-02 10:31:00-04:00,7800.75,7800.75,7801.0,7798.0,7800.75,3786
2026-10-02 10:32:00-04:00,7797.5,7797.5,7801.5,7797.25,7800.5,5212
2026-10-02 10:33:00-04:00,7799.5,7799.5,7799.5,7796.25,7797.5,4916
2026-10-02 10:34:00-04:00,7801.0,7801.0,7801.5,7797.25,7799.5,4033
2026-10-02 10:35:00-04:00,7803.0,7803.0,7803.25,7800.0,7801.0,4192
2026-10-02 10:36:00-04:00,7803.25,7803.25,7803.75,7799.75,7802.75,3647
2026-10-02 10:37:00-04:00,7801.0,7801.0,7804.0,7800.5,7803.5,3276
2026-10-02 10:38:00-04:00,7805.0,7805.0,7805.5,7800.5,7801.0,3032
2026-10-02 10:39:00-04:00,7804.25,7804.25,7805.25,7802.5,7805.25,3078
2026-10-02 10:40:00-04:00,7805.25,7805.25,7805.75,7804.0,7804.25,2936
2026-10-02 10:41:00-04:00,7807.75,7807.75,7808.0,7804.25,7805.5,2680
2026-10-02 10:42:00-04:00,7806.75,7806.75,7810.25,7806.5,7807.75,6040
2026-10-02 10:43:00-04:00,7804.0,7804.0,7807.0,7802.5,7807.0,5155
2026-10-02 10:44:00-04:00,7804.75,7804.75,7805.5,7802.0,7804.0,3028
2026-10-02 10:45:00-04:00,7801.75,7801.75,7804.75,7801.25,7804.75,3761
2026-10-02 10:46:00-04:00,7804.25,7804.25,7804.5,7801.5,7801.75,2734
2026-10-02 10:47:00-04:00,7805.0,7805.0,7805.75,7802.5,7804.0,2743
2026-10-02 10:48:00-04:00,7807.5,7807.5,7808.0,7805.0,7805.0,3069
2026-10-02 10:49:00-04:00,7804.0,7804.0,7807.75,7803.75,7807.5,2960
2026-10-02 10:50:00-04:00,7800.5,7800.5,7804.25,7799.0,7804.25,4204
2026-10-02 10:51:00-04:00,7801.5,7801.5,7802.5,7799.5,7800.5,4053
2026-10-02 10:52:00-04:00,7795.5,7795.5,7801.75,7795.0,7801.75,5000
2026-10-02 10:53:00-04:00,7795.75,7795.75,7797.0,7794.0,7795.75,5249
2026-10-02 10:54:00-04:00,7793.0,7793.0,7796.75,7791.5,7795.75,6285
2026-10-02 10:55:00-04:00,7797.75,7797.75,7798.0,7791.75,7793.0,4917
2026-10-02 10:56:00-04:00,7798.25,7798.25,7798.5,7796.0,7798.0,4143
2026-10-02 10:57:00-04:00,7798.0,7798.0,7799.5,7796.75,7798.25,3337
2026-10-02 10:58:00-04:00,7793.0,7793.0,7800.0,7792.25,7798.0,4428
2026-10-02 10:59:00-04:00,7793.0,7793.0,7794.0,7790.75,7793.25,3392
2026-10-02 11:00:00-04:00,7792.25,7792.25,7794.5,7791.25,7793.0,4011
2026-10-02 11:01:00-04:00,7793.75,7793.75,7794.25,7791.25,7792.25,3147
2026-10-02 11:02:00-04:00,7787.75,7787.75,7793.75,7787.5,7793.75,4798
2026-10-02 11:03:00-04:00,7784.5,7784.5,7788.25,7782.75,7788.0,6313
2026-10-02 11:04:00-04:00,7783.0,7783.0,7785.5,7782.25,7784.5,5783
2026-10-02 11:05:00-04:00,7779.75,7779.75,7783.75,7779.75,7783.0,9500
2026-10-02 11:06:00-04:00,7780.5,7780.5,7781.25,7778.25,7779.75,7609
2026-10-02 11:07:00-04:00,7778.0,7778.0,7781.25,7778.0,7780.5,7001
2026-10-02 11:08:00-04:00,7778.75,7778.75,7779.25,7775.5,7778.25,7783
2026-10-02 11:09:00-04:00,7773.25,7773.25,7780.0,7772.25,7779.0,7137
2026-10-02 11:10:00-04:00,7771.0,7771.0,7775.75,7768.5,7773.0,9501
2026-10-02 11:11:00-04:00,7771.75,7771.75,7771.75,7766.5,7771.25,8387
2026-10-02 11:12:00-04:00,7765.0,7765.0,7772.5,7764.25,7771.75,8387
2026-10-02 11:13:00-04:00,7770.0,7770.0,7770.25,7765.0,7765.0,7421
2026-10-02 11:14:00-04:00,7769.5,7769.5,7771.0,7768.0,7770.0,5361
2026-10-02 11:15:00-04:00,7769.25,7769.25,7773.75,7767.75,7769.5,6608
2026-10-02 11:16:00-04:00,7766.0,7766.0,7769.25,7765.25,7769.0,5799
2026-10-02 11:17:00-04:00,7763.75,7763.75,7767.0,7762.0,7766.25,9088
2026-10-02 11:18:00-04:00,7766.25,7766.25,7767.75,7763.0,7763.75,5553
2026-10-02 11:19:00-04:00,7764.5,7764.5,7768.25,7763.75,7766.25,4547
2026-10-02 11:20:00-04:00,7760.75,7760.75,7764.5,7760.25,7764.5,6626
2026-10-02 11:21:00-04:00,7765.75,7765.75,7766.0,7760.5,7760.75,5414
2026-10-02 11:22:00-04:00,7766.25,7766.25,7768.0,7765.25,7765.5,5135
2026-10-02 11:23:00-04:00,7767.0,7767.0,7767.75,7765.0,7766.25,5746
2026-10-02 11:24:00-04:00,7756.25,7756.25,7767.5,7756.0,7767.25,10339
2026-10-02 11:25:00-04:00,7759.5,7759.5,7759.75,7754.0,7756.25,5777
2026-10-02 11:26:00-04:00,7763.0,7763.0,7763.75,7758.5,7759.25,5656
2026-10-02 11:27:00-04:00,7765.5,7765.5,7767.25,7762.5,7762.75,4823
2026-10-02 11:28:00-04:00,7768.25,7768.25,7769.0,7764.75,7765.25,3950
2026-10-02 11:29:00-04:00,7771.0,7771.0,7771.5,7767.0,7768.0,4891
2026-10-02 11:30:00-04:00,7766.25,7766.25,7771.0,7764.0,7770.75,8489
2026-10-02 11:31:00-04:00,7769.0,7769.0,7769.5,7766.25,7766.25,4096
2026-10-02 11:32:00-04:00,7772.0,7772.0,7772.25,7768.75,7769.0,4728
2026-10-02 11:33:00-04:00,7774.5,7774.5,7774.75,7770.75,7771.75,3740
2026-10-02 11:34:00-04:00,7774.5,7774.5,7775.25,7773.25,7774.5,4249
2026-10-02 11:35:00-04:00,7774.0,7774.0,7775.25,7772.5,7774.5,4130
2026-10-02 11:36:00-04:00,7773.5,7773.5,7776.0,7772.25,7774.0,4786
2026-10-02 11:37:00-04:00,7772.25,7772.25,7775.5,7771.25,7773.25,3375
2026-10-02 11:38:00-04:00,7776.75,7776.75,7776.75,7771.0,7772.0,3211
2026-10-02 11:39:00-04:00,7775.5,7775.5,7777.5,7774.75,7776.5,4553
2026-10-02 11:40:00-04:00,7773.5,7773.5,7778.0,7772.75,7775.75,3665
2026-10-02 11:41:00-04:00,7772.5,7772.5,7773.75,7770.0,7773.5,4010
2026-10-02 11:42:00-04:00,7776.5,7776.5,7776.75,7771.75,7772.5,3627
2026-10-02 11:43:00-04:00,7773.75,7773.75,7776.75,7772.75,7776.5,2495
2026-10-02 11:44:00-04:00,7773.0,7773.0,7775.0,7772.75,7773.75,2652
2026-10-02 11:45:00-04:00,7773.0,7773.0,7774.5,7771.0,7773.0,3986
2026-10-02 11:46:00-04:00,7774.0,7774.0,7776.25,7771.75,7772.75,3696
2026-10-02 11:47:00-04:00,7773.75,7773.75,7775.25,7773.0,7774.25,2795
2026-10-02 11:48:00-04:00,7773.75,7773.75,7776.0,7772.75,7773.75,3563
2026-10-02 11:49:00-04:00,7772.25,7772.25,7775.75,7771.5,7773.5,3210
2026-10-02 11:50:00-04:00,7772.0,7772.0,7774.5,7770.5,7772.25,3445
2026-10-02 11:51:00-04:00,7774.5,7774.5,7775.5,7771.75,7772.0,3522
2026-10-02 11:52:00-04:00,7773.5,7773.5,7775.5,7771.0,7774.5,2919
2026-10-02 11:53:00-04:00,7769.75,7769.75,7773.75,7769.75,7773.5,2751
2026-10-02 11:54:00-04:00,7769.5,7769.5,7772.75,7768.0,7770.0,4048
2026-10-02 11:55:00-04:00,7772.75,7772.75,7773.5,7768.0,7769.5,3618
2026-10-02 11:56:00-04:00,7771.5,7771.5,7774.0,7769.75,7772.75,3004
2026-10-02 11:57:00-04:00,7773.0,7773.0,7773.0,7769.75,7771.5,1844
2026-10-02 11:58:00-04:00,7773.0,7773.0,7774.0,7772.0,7773.0,2332
2026-10-02 11:59:00-04:00,7775.25,7775.25,7775.75,7771.75,7773.25,2569
2026-10-02 12:00:00-04:00,7777.5,7777.5,7777.75,7774.5,7775.5,3528
2026-10-02 12:01:00-04:00,7780.25,7780.25,7781.75,7776.5,7777.5,4370
2026-10-02 12:02:00-04:00,7780.0,7780.0,7781.25,7776.25,7780.25,5801
2026-10-02 12:03:00-04:00,7776.0,7776.0,7780.5,7775.5,7779.75,4061
2026-10-02 12:04:00-04:00,7778.0,7778.0,7778.75,7773.75,7776.25,5661
2026-10-02 12:05:00-04:00,7776.5,7776.5,7779.25,7775.5,7778.25,2476
2026-10-02 12:06:00-04:00,7779.75,7779.75,7780.5,7776.0,7776.5,2758
2026-10-02 12:07:00-04:00,7778.5,7778.5,7781.5,7778.5,7779.75,1965
2026-10-02 12:08:00-04:00,7780.75,7780.75,7781.0,7777.5,7778.75,2053
2026-10-02 12:09:00-04:00,7781.0,7781.0,7781.5,7779.0,7781.0,2250
2026-10-02 12:10:00-04:00,7780.75,7780.75,7782.25,7779.5,7781.0,3518
2026-10-02 12:11:00-04:00,7777.75,7777.75,7781.0,7777.75,7781.0,2630
2026-10-02 12:12:00-04:00,7776.25,7776.25,7779.0,7775.75,7777.75,3089
2026-10-02 12:13:00-04:00,7780.0,7780.0,7781.25,7775.5,7776.5,2471
2026-10-02 12:14:00-04:00,7778.25,7778.25,7780.25,7778.25,7780.0,2008
2026-10-02 12:15:00-04:00,7779.0,7779.0,7779.25,7776.25,7778.5,3047
2026-10-02 12:16:00-04:00,7779.25,7779.25,7780.0,7776.5,7778.75,3368
2026-10-02 12:17:00-04:00,7778.75,7778.75,7780.5,7778.0,7779.25,1975
2026-10-02 12:18:00-04:00,7779.5,7779.5,7780.75,7778.25,7778.75,1086
2026-10-02 12:19:00-04:00,7779.75,7779.75,7781.0,7779.25,7779.5,1301
2026-10-02 12:20:00-04:00,7779.0,7779.0,7780.25,7778.5,7779.75,1094
2026-10-02 12:21:00-04:00,7778.5,7778.5,7780.0,7777.75,7779.0,1947
2026-10-02 12:22:00-04:00,7778.0,7778.0,7778.75,7774.0,7778.5,3415
2026-10-02 12:23:00-04:00,7776.5,7776.5,7778.5,7775.5,7778.25,2397
2026-10-02 12:24:00-04:00,7774.0,7774.0,7778.25,7773.0,7776.5,4404
2026-10-02 12:25:00-04:00,7775.25,7775.25,7777.25,7773.25,7774.0,2424
2026-10-02 12:26:00-04:00,7772.5,7772.5,7776.0,7772.25,7775.25,3167
2026-10-02 12:27:00-04:00,7774.5,7774.5,7774.5,7771.0,7772.5,2680
2026-10-02 12:28:00-04:00,7774.25,7774.25,7775.25,7772.75,7774.5,2103
2026-10-02 12:29:00-04:00,7772.25,7772.25,7775.75,7771.5,7774.25,2269
2026-10-02 12:30:00-04:00,7775.5,7775.5,7775.5,7772.25,7772.5,2312
2026-10-02 12:31:00-04:00,7775.5,7775.5,7777.0,7774.75,7775.5,2127
2026-10-02 12:32:00-04:00,7776.0,7776.0,7776.5,7773.0,7775.5,2248
2026-10-02 12:33:00-04:00,7775.25,7775.25,7777.0,7774.75,7776.0,1519
2026-10-02 12:34:00-04:00,7775.25,7775.25,7777.5,7774.75,7775.25,1969
2026-10-02 12:35:00-04:00,7774.75,7774.75,7778.0,7774.5,7775.0,2458
2026-10-02 12:36:00-04:00,7777.25,7777.25,7777.5,7773.75,7775.0,1418
2026-10-02 12:37:00-04:00,7776.5,7776.5,7777.5,7775.75,7777.0,1466
2026-10-02 12:38:00-04:00,7780.25,7780.25,7780.25,7776.5,7776.5,2886
2026-10-02 12:39:00-04:00,7780.75,7780.75,7781.75,7779.75,7780.0,2944
2026-10-02 12:40:00-04:00,7776.0,7776.0,7780.75,7775.75,7780.75,2977
2026-10-02 12:41:00-04:00,7772.0,7772.0,7776.5,7772.0,7776.0,2680
2026-10-02 12:42:00-04:00,7772.5,7772.5,7773.0,7769.75,7772.0,3310
2026-10-02 12:43:00-04:00,7771.75,7771.75,7773.0,7771.5,7772.75,2015
2026-10-02 12:44:00-04:00,7773.0,7773.0,7773.75,7771.75,7771.75,2274
2026-10-02 12:45:00-04:00,7774.5,7774.5,7774.75,7772.75,7772.75,2057
2026-10-02 12:46:00-04:00,7774.25,7774.25,7776.25,7773.75,7774.75,2126
2026-10-02 12:47:00-04:00,7772.5,7772.5,7775.25,7772.25,7774.5,2115
2026-10-02 12:48:00-04:00,7773.5,7773.5,7773.5,7771.25,7772.5,2606
2026-10-02 12:49:00-04:00,7773.0,7773.0,7773.75,7772.25,7773.75,1902
2026-10-02 12:50:00-04:00,7772.75,7772.75,7773.75,7770.75,7772.75,2619
2026-10-02 12:51:00-04:00,7774.0,7774.0,7774.75,7772.25,7772.5,1945
2026-10-02 12:52:00-04:00,7775.25,7775.25,7776.75,7774.0,7774.0,1966
2026-10-02 12:53:00-04:00,7777.75,7777.75,7778.25,7774.75,7775.25,1986
2026-10-02 12:54:00-04:00,7777.75,7777.75,7779.25,7777.0,7777.75,2318
2026-10-02 12:55:00-04:00,7778.25,7778.25,7779.0,7777.5,7778.0,1889
2026-10-02 12:56:00-04:00,7777.25,7777.25,7778.25,7776.25,7778.25,1943
2026-10-02 12:57:00-04:00,7777.25,7777.25,7778.5,7777.0,7777.25,1717
2026-10-02 12:58:00-04:00,7776.0,7776.0,7778.75,7776.0,7777.5,1315
2026-10-02 12:59:00-04:00,7776.0,7776.0,7776.25,7774.75,7776.0,1761
2026-10-02 13:00:00-04:00,7780.75,7780.75,7781.0,7775.75,7776.0,3350
2026-10-02 13:01:00-04:00,7782.75,7782.75,7783.75,7780.25,7781.0,4234
2026-10-02 13:02:00-04:00,7782.25,7782.25,7783.5,7782.0,7783.0,2217
2026-10-02 13:03:00-04:00,7781.5,7781.5,7782.25,7780.75,7782.25,1737
2026-10-02 13:04:00-04:00,7780.5,7780.5,7781.5,7779.5,7781.5,2539
2026-10-02 13:05:00-04:00,7781.0,7781.0,7781.75,7780.25,7780.5,1272
2026-10-02 13:06:00-04:00,7777.25,7777.25,7781.5,7777.25,7781.25,2147
2026-10-02 13:07:00-04:00,7776.0,7776.0,7778.0,7774.5,7777.0,1858
2026-10-02 13:08:00-04:00,7776.25,7776.25,7778.25,7775.75,7775.75,1284
2026-10-02 13:09:00-04:00,7777.75,7777.75,7778.25,7776.5,7776.5,1109
2026-10-02 13:10:00-04:00,7779.25,7779.25,7779.5,7777.0,7777.75,1194
2026-10-02 13:11:00-04:00,7777.25,7777.25,7779.0,7777.0,7779.0,863
2026-10-02 13:12:00-04:00,7777.5,7777.5,7777.75,7776.25,7777.0,993
2026-10-02 13:13:00-04:00,7778.0,7778.0,7778.25,7777.0,7777.25,879
2026-10-02 13:14:00-04:00,7775.75,7775.75,7779.0,7773.0,7778.0,4183
2026-10-02 13:15:00-04:00,7774.75,7774.75,7776.25,7774.25,7776.0,1462
2026-10-02 13:16:00-04:00,7778.0,7778.0,7778.25,7774.0,7774.5,1798
2026-10-02 13:17:00-04:00,7778.5,7778.5,7779.5,7777.5,7777.75,1170
2026-10-02 13:18:00-04:00,7779.0,7779.0,7779.25,7776.75,7778.25,982
2026-10-02 13:19:00-04:00,7778.5,7778.5,7779.5,7778.0,7778.75,1088
2026-10-02 13:20:00-04:00,7777.25,7777.25,7778.75,7776.0,7778.25,1721
2026-10-02 13:21:00-04:00,7773.5,7773.5,7777.75,7772.5,7777.5,2335
2026-10-02 13:22:00-04:00,7773.75,7773.75,7774.5,7772.0,7773.25,2390
2026-10-02 13:23:00-04:00,7771.0,7771.0,7774.5,7770.75,7773.75,2080
2026-10-02 13:24:00-04:00,7770.25,7770.25,7771.75,7769.0,7771.0,4164
2026-10-02 13:25:00-04:00,7771.0,7771.0,7771.5,7769.5,7770.25,2323
2026-10-02 13:26:00-04:00,7767.5,7767.5,7771.5,7766.5,7771.0,3341
2026-10-02 13:27:00-04:00,7766.75,7766.75,7768.0,7766.0,7767.25,3333
2026-10-02 13:28:00-04:00,7768.5,7768.5,7768.5,7765.5,7766.75,4367
2026-10-02 13:29:00-04:00,7767.5,7767.5,7769.0,7766.0,7768.25,2720
2026-10-02 13:30:00-04:00,7767.25,7767.25,7769.75,7766.75,7767.25,3945
2026-10-02 13:31:00-04:00,7771.0,7771.0,7771.5,7767.0,7767.0,3561
2026-10-02 13:32:00-04:00,7772.5,7772.5,7772.75,7769.5,7771.0,2704
2026-10-02 13:33:00-04:00,7773.25,7773.25,7773.75,7771.75,7772.25,2768
2026-10-02 13:34:00-04:00,7773.5,7773.5,7776.0,7772.75,7773.5,3100
2026-10-02 13:35:00-04:00,7772.25,7772.25,7774.0,7771.25,7773.5,2294
2026-10-02 13:36:00-04:00,7770.25,7770.25,7773.25,7769.0,7772.25,2260
2026-10-02 13:37:00-04:00,7771.5,7771.5,7772.75,7770.0,7770.0,1487
2026-10-02 13:38:00-04:00,7771.5,7771.5,7772.25,7770.75,7771.25,1438
2026-10-02 13:39:00-04:00,7771.25,7771.25,7772.25,7770.75,7771.75,1403
2026-10-02 13:40:00-04:00,7769.5,7769.5,7771.5,7769.5,7771.5,2201
2026-10-02 13:41:00-04:00,7769.5,7769.5,7770.5,7768.5,7769.75,1381
2026-10-02 13:42:00-04:00,7768.25,7768.25,7769.75,7768.0,7769.5,1222
2026-10-02 13:43:00-04:00,7769.75,7769.75,7769.75,7768.0,7768.25,1365
2026-10-02 13:44:00-04:00,7772.0,7772.0,7773.25,7769.0,7769.75,2265
2026-10-02 13:45:00-04:00,7772.25,7772.25,7774.25,7772.0,7772.25,1644
2026-10-02 13:46:00-04:00,7773.25,7773.25,7773.75,7771.0,7772.25,2012
2026-10-02 13:47:00-04:00,7773.0,7773.0,7774.5,7772.5,7773.5,1904
2026-10-02 13:48:00-04:00,7773.25,7773.25,7774.0,7771.75,7772.5,1435
2026-10-02 13:49:00-04:00,7774.25,7774.25,7774.75,7772.75,7773.0,1528
2026-10-02 13:50:00-04:00,7774.5,7774.5,7776.0,7769.0,7774.5,6539
2026-10-02 13:51:00-04:00,7775.5,7775.5,7777.25,7774.5,7774.5,1822
2026-10-02 13:52:00-04:00,7777.0,7777.0,7777.5,7775.25,7775.5,1767
2026-10-02 13:53:00-04:00,7777.25,7777.25,7777.5,7776.25,7777.0,1591
2026-10-02 13:54:00-04:00,7776.75,7776.75,7777.5,7775.75,7777.0,1525
2026-10-02 13:55:00-04:00,7775.25,7775.25,7777.0,7774.5,7776.75,1331
2026-10-02 13:56:00-04:00,7775.25,7775.25,7775.5,7774.75,7775.25,1085
2026-10-02 13:57:00-04:00,7772.0,7772.0,7775.25,7771.75,7775.25,1943
2026-10-02 13:58:00-04:00,7773.75,7773.75,7773.75,7770.5,7772.0,3071
2026-10-02 13:59:00-04:00,7774.5,7774.5,7774.75,7773.25,7773.5,1561
2026-10-02 14:00:00-04:00,7775.0,7775.0,7776.25,7773.5,7774.5,2630
2026-10-02 14:01:00-04:00,7775.0,7775.0,7775.5,7774.25,7775.0,1445
2026-10-02 14:02:00-04:00,7772.25,7772.25,7775.25,7771.75,7775.25,2049
2026-10-02 14:03:00-04:00,7773.0,7773.0,7774.5,7771.75,7772.25,1589
2026-10-02 14:04:00-04:00,7774.5,7774.5,7775.25,7772.75,7773.25,1754
2026-10-02 14:05:00-04:00,7774.25,7774.25,7775.0,7773.75,7774.25,1188
2026-10-02 14:06:00-04:00,7772.75,7772.75,7774.5,7771.5,7774.25,1272
2026-10-02 14:07:00-04:00,7773.75,7773.75,7774.0,7773.0,7773.0,1068
2026-10-02 14:08:00-04:00,7773.0,7773.0,7774.25,7773.0,7773.5,1078
2026-10-02 14:09:00-04:00,7773.75,7773.75,7774.25,7772.5,7773.0,1038
2026-10-02 14:10:00-04:00,7773.75,7773.75,7774.25,7772.75,7774.0,1123
2026-10-02 14:11:00-04:00,7772.5,7772.5,7774.0,7772.0,7773.75,1185
2026-10-02 14:12:00-04:00,7773.5,7773.5,7773.5,7772.25,7772.5,1059
2026-10-02 14:13:00-04:00,7773.75,7773.75,7774.75,7773.25,7773.25,1526
2026-10-02 14:14:00-04:00,7775.25,7775.25,7776.25,7773.5,7773.5,1706
2026-10-02 14:15:00-04:00,7774.5,7774.5,7775.25,7773.0,7775.0,1868
2026-10-02 14:16:00-04:00,7772.25,7772.25,7774.75,7771.5,7774.5,2032
2026-10-02 14:17:00-04:00,7771.25,7771.25,7773.0,7770.75,7772.25,1165
2026-10-02 14:18:00-04:00,7771.0,7771.0,7772.0,7769.75,7771.0,1997
2026-10-02 14:19:00-04:00,7771.25,7771.25,7771.5,7770.25,7771.0,1035
2026-10-02 14:20:00-04:00,7770.5,7770.5,7772.0,7770.5,7771.25,1015
2026-10-02 14:21:00-04:00,7770.25,7770.25,7771.25,7770.0,7770.5,1498
2026-10-02 14:22:00-04:00,7769.25,7769.25,7770.25,7768.25,7770.25,1561
2026-10-02 14:23:00-04:00,7767.75,7767.75,7770.0,7767.25,7769.25,2348
2026-10-02 14:24:00-04:00,7768.5,7768.5,7768.75,7767.5,7767.75,1345
2026-10-02 14:25:00-04:00,7769.75,7769.75,7770.5,7768.25,7768.5,1540
2026-10-02 14:26:00-04:00,7770.0,7770.0,7771.0,7769.75,7769.75,1107
2026-10-02 14:27:00-04:00,7768.5,7768.5,7770.75,7767.25,7770.0,1572
2026-10-02 14:28:00-04:00,7771.75,7771.75,7772.75,7768.75,7768.75,2743
2026-10-02 14:29:00-04:00,7772.25,7772.25,7772.5,7771.25,7772.0,1346
2026-10-02 14:30:00-04:00,7772.25,7772.25,7773.25,7771.5,7772.25,1951
2026-10-02 14:31:00-04:00,7770.25,7770.25,7772.5,7770.0,7772.0,1534
2026-10-02 14:32:00-04:00,7774.75,7774.75,7774.75,7770.25,7770.25,1883
2026-10-02 14:33:00-04:00,7772.5,7772.5,7775.0,7772.25,7774.75,1362
2026-10-02 14:34:00-04:00,7772.5,7772.5,7773.75,7772.25,7772.5,1464
2026-10-02 14:35:00-04:00,7772.75,7772.75,7773.25,7771.0,7772.75,1878
2026-10-02 14:36:00-04:00,7773.75,7773.75,7774.0,7772.5,7772.5,893
2026-10-02 14:37:00-04:00,7773.5,7773.5,7774.25,7773.0,7773.75,965
2026-10-02 14:38:00-04:00,7772.25,7772.25,7773.5,7771.0,7773.5,1377
2026-10-02 14:39:00-04:00,7770.75,7770.75,7772.0,7770.25,7772.0,1204
2026-10-02 14:40:00-04:00,7772.5,7772.5,7772.5,7770.0,7770.75,1012
2026-10-02 14:41:00-04:00,7774.0,7774.0,7774.5,7772.5,7772.75,1425
2026-10-02 14:42:00-04:00,7774.5,7774.5,7774.5,7773.5,7774.25,1402
2026-10-02 14:43:00-04:00,7774.0,7774.0,7775.75,7774.0,7774.25,1958
2026-10-02 14:44:00-04:00,7775.0,7775.0,7775.75,7774.0,7774.0,1240
2026-10-02 14:45:00-04:00,7775.0,7775.0,7775.75,7774.5,7775.25,1223
2026-10-02 14:46:00-04:00,7775.75,7775.75,7775.75,7774.0,7774.75,1301
2026-10-02 14:47:00-04:00,7774.75,7774.75,7776.0,7774.25,7775.75,1192
2026-10-02 14:48:00-04:00,7775.0,7775.0,7775.5,7773.75,7774.5,1156
2026-10-02 14:49:00-04:00,7774.5,7774.5,7775.5,7774.5,7775.0,1298
2026-10-02 14:50:00-04:00,7774.75,7774.75,7775.25,7773.75,7774.5,1138
2026-10-02 14:51:00-04:00,7774.75,7774.75,7775.5,7774.75,7774.75,879
2026-10-02 14:52:00-04:00,7774.75,7774.75,7776.0,7774.75,7774.75,1518
2026-10-02 14:53:00-04:00,7775.5,7775.5,7775.75,7774.75,7775.0,986
2026-10-02 14:54:00-04:00,7776.0,7776.0,7776.25,7774.25,7775.25,1344
2026-10-02 14:55:00-04:00,7775.75,7775.75,7776.0,7774.5,7776.0,1216
2026-10-02 14:56:00-04:00,7774.5,7774.5,7776.0,7774.25,7775.75,1361
2026-10-02 14:57:00-04:00,7774.5,7774.5,7775.5,7774.0,7774.5,714
2026-10-02 14:58:00-04:00,7775.5,7775.5,7775.5,7774.5,7774.5,1196
2026-10-02 14:59:00-04:00,7775.5,7775.5,7777.0,7775.5,7775.5,1901
2026-10-02 15:00:00-04:00,7776.25,7776.25,7777.0,7775.0,7775.75,2681
2026-10-02 15:01:00-04:00,7776.5,7776.5,7777.0,7776.0,7776.25,1226
2026-10-02 15:02:00-04:00,7775.25,7775.25,7776.75,7775.25,7776.75,1137
2026-10-02 15:03:00-04:00,7775.5,7775.5,7775.75,7774.25,7775.5,1109
2026-10-02 15:04:00-04:00,7775.75,7775.75,7776.25,7775.0,7775.75,1389
2026-10-02 15:05:00-04:00,7775.0,7775.0,7775.75,7774.5,7775.75,1002
2026-10-02 15:06:00-04:00,7774.0,7774.0,7775.0,7774.0,7775.0,1095
2026-10-02 15:07:00-04:00,7773.5,7773.5,7774.5,7772.75,7774.0,1503
2026-10-02 15:08:00-04:00,7773.0,7773.0,7773.5,7772.0,7773.5,1342
2026-10-02 15:09:00-04:00,7772.75,7772.75,7773.5,7772.5,7773.0,931
2026-10-02 15:10:00-04:00,7772.75,7772.75,7773.5,7772.5,7772.5,1670
2026-10-02 15:11:00-04:00,7772.75,7772.75,7773.75,7772.25,7772.5,1489
2026-10-02 15:12:00-04:00,7773.25,7773.25,7774.0,7772.5,7773.0,1636
2026-10-02 15:13:00-04:00,7774.5,7774.5,7774.5,7773.0,7773.5,1795
2026-10-02 15:14:00-04:00,7774.0,7774.0,7774.5,7773.5,7774.5,1463
2026-10-02 15:15:00-04:00,7774.25,7774.25,7775.0,7773.75,7774.25,1593
2026-10-02 15:16:00-04:00,7773.75,7773.75,7774.75,7773.0,7774.25,2046
2026-10-02 15:17:00-04:00,7775.0,7775.0,7776.5,7774.0,7774.0,2172
2026-10-02 15:18:00-04:00,7777.25,7777.25,7777.75,7774.25,7775.0,2910
2026-10-02 15:19:00-04:00,7776.0,7776.0,7777.5,7775.75,7777.25,1821
2026-10-02 15:20:00-04:00,7775.5,7775.5,7776.75,7775.0,7776.0,1736
2026-10-02 15:21:00-04:00,7775.0,7775.0,7775.75,7774.75,7775.5,1418
2026-10-02 15:22:00-04:00,7774.25,7774.25,7775.25,7774.0,7774.75,2309
2026-10-02 15:23:00-04:00,7774.5,7774.5,7775.0,7773.5,7774.5,1886
2026-10-02 15:24:00-04:00,7776.25,7776.25,7776.25,7774.5,7774.75,1409
2026-10-02 15:25:00-04:00,7777.5,7777.5,7778.5,7776.0,7776.25,2331
2026-10-02 15:26:00-04:00,7775.25,7775.25,7778.0,7775.0,7777.5,1237
2026-10-02 15:27:00-04:00,7775.5,7775.5,7776.0,7774.75,7775.25,1517
2026-10-02 15:28:00-04:00,7775.5,7775.5,7776.0,7775.0,7775.5,926
2026-10-02 15:29:00-04:00,7775.5,7775.5,7775.5,7773.75,7775.25,1589
2026-10-02 15:30:00-04:00,7776.25,7776.25,7777.25,7775.25,7775.5,2044
2026-10-02 15:31:00-04:00,7777.0,7777.0,7778.25,7776.25,7776.25,2705
2026-10-02 15:32:00-04:00,7777.0,7777.0,7778.0,7776.0,7777.0,1756
2026-10-02 15:33:00-04:00,7776.25,7776.25,7776.75,7775.25,7776.75,1910
2026-10-02 15:34:00-04:00,7779.5,7779.5,7779.75,7776.25,7776.25,2499
2026-10-02 15:35:00-04:00,7779.5,7779.5,7780.0,7778.25,7779.25,1879
2026-10-02 15:36:00-04:00,7779.5,7779.5,7781.0,7779.5,7779.75,2319
2026-10-02 15:37:00-04:00,7780.5,7780.5,7780.5,7779.0,7779.5,2076
2026-10-02 15:38:00-04:00,7781.25,7781.25,7782.75,7780.25,7780.5,2954
2026-10-02 15:39:00-04:00,7780.0,7780.0,7781.5,7779.75,7781.25,2182
2026-10-02 15:40:00-04:00,7779.0,7779.0,7780.75,7778.25,7780.0,2786
2026-10-02 15:41:00-04:00,7779.0,7779.0,7779.75,7778.5,7778.75,1869
2026-10-02 15:42:00-04:00,7777.25,7777.25,7779.25,7777.0,7779.25,2030
2026-10-02 15:43:00-04:00,7777.5,7777.5,7777.5,7776.75,7777.5,1592
2026-10-02 15:44:00-04:00,7778.25,7778.25,7779.0,7777.0,7777.25,2150
2026-10-02 15:45:00-04:00,7778.75,7778.75,7782.75,7777.75,7778.25,7749
2026-10-02 15:46:00-04:00,7780.25,7780.25,7781.0,7778.75,7779.0,1614
2026-10-02 15:47:00-04:00,7781.0,7781.0,7782.0,7780.5,7780.5,1745
2026-10-02 15:48:00-04:00,7778.25,7778.25,7781.0,7777.75,7780.75,2725
2026-10-02 15:49:00-04:00,7777.25,7777.25,7779.75,7775.75,7778.5,4863
2026-10-02 15:50:00-04:00,7779.25,7779.25,7780.75,7776.25,7777.0,4846
2026-10-02 15:51:00-04:00,7778.75,7778.75,7780.0,7778.5,7779.25,2361
2026-10-02 15:52:00-04:00,7779.75,7779.75,7780.0,7778.25,7779.0,2006
2026-10-02 15:53:00-04:00,7781.0,7781.0,7781.5,7778.75,7780.0,2599
2026-10-02 15:54:00-04:00,7777.0,7777.0,7781.75,7776.25,7781.0,5240
2026-10-02 15:55:00-04:00,7775.75,7775.75,7778.75,7774.25,7777.25,6281
2026-10-02 15:56:00-04:00,7776.25,7776.25,7778.0,7774.75,7775.5,3958
2026-10-02 15:57:00-04:00,7778.75,7778.75,7778.75,7775.75,7776.0,3110
2026-10-02 15:58:00-04:00,7777.5,7777.5,7779.25,7777.25,7778.5,6504
2026-10-02 15:59:00-04:00,7779.0,7779.0,7779.75,7773.75,7777.25,51927
2026-10-02 16:00:00-04:00,7780.0,7780.0,7781.0,7778.25,7779.0,11401
2026-10-02 16:01:00-04:00,7781.0,7781.0,7781.25,7779.5,7779.75,2280
2026-10-02 16:02:00-04:00,7781.0,7781.0,7782.0,7780.5,7781.25,1559
2026-10-02 16:03:00-04:00,7781.5,7781.5,7781.75,7780.0,7781.0,1393
2026-10-02 16:04:00-04:00,7781.25,7781.25,7782.25,7781.0,7781.5,1134
2026-10-02 16:05:00-04:00,7782.75,7782.75,7783.0,7781.0,7781.5,2143
2026-10-02 16:06:00-04:00,7782.75,7782.75,7784.5,7782.5,7782.5,1391
2026-10-02 16:07:00-04:00,7782.5,7782.5,7783.75,7782.25,7783.0,1021
2026-10-02 16:08:00-04:00,7782.5,7782.5,7783.0,7782.25,7782.5,618
2026-10-02 16:09:00-04:00,7782.5,7782.5,7782.75,7781.5,7782.5,1058
2026-10-02 16:10:00-04:00,7782.75,7782.75,7782.75,7781.5,7782.25,726
2026-10-02 16:11:00-04:00,7782.25,7782.25,7783.25,7782.25,7782.75,703
2026-10-02 16:12:00-04:00,7782.25,7782.25,7782.75,7782.25,7782.25,301
2026-10-02 16:13:00-04:00,7783.0,7783.0,7783.5,7782.25,7782.5,728
2026-10-02 16:14:00-04:00,7783.25,7783.25,7784.5,7783.0,7783.25,1290
2026-10-02 16:15:00-04:00,7783.75,7783.75,7783.75,7782.75,7783.25,563
2026-10-02 16:16:00-04:00,7782.5,7782.5,7784.0,7782.0,7783.5,719
2026-10-02 16:17:00-04:00,7782.0,7782.0,7782.75,7781.75,7782.5,409
2026-10-02 16:18:00-04:00,7781.25,7781.25,7782.0,7781.0,7781.75,306
2026-10-02 16:19:00-04:00,7780.5,7780.5,7781.5,7780.5,7781.5,320
2026-10-02 16:20:00-04:00,7780.0,7780.0,7780.75,7780.0,7780.5,379
2026-10-02 16:21:00-04:00,7780.25,7780.25,7780.25,7780.0,7780.0,293
2026-10-02 16:22:00-04:00,7779.0,7779.0,7780.0,7779.0,7780.0,434
2026-10-02 16:23:00-04:00,7779.75,7779.75,7780.0,7779.0,7779.0,373
2026-10-02 16:24:00-04:00,7780.0,7780.0,7780.5,7779.75,7779.75,124
2026-10-02 16:25:00-04:00,7780.0,7780.0,7780.5,7779.75,7780.25,132
2026-10-02 16:26:00-04:00,7780.0,7780.0,7780.25,7780.0,7780.0,48
2026-10-02 16:27:00-04:00,7780.0,7780.0,7780.25,7779.75,7780.0,89
2026-10-02 16:28:00-04:00,7779.75,7779.75,7780.0,7779.75,7779.75,129
2026-10-02 16:29:00-04:00,7780.25,7780.25,7780.25,7779.5,7779.75,289
2026-10-02 16:30:00-04:00,7780.0,7780.0,7780.75,7779.75,7780.5,190
2026-10-02 16:31:00-04:00,7780.5,7780.5,7780.5,7780.0,7780.0,89
2026-10-02 16:32:00-04:00,7780.25,7780.25,7780.75,7780.0,7780.5,155
2026-10-02 16:33:00-04:00,7780.25,7780.25,7780.25,7780.25,7780.25,17
2026-10-02 16:34:00-04:00,7780.75,7780.75,7780.75,7780.25,7780.5,87
2026-10-02 16:35:00-04:00,7780.25,7780.25,7780.5,7780.0,7780.5,57
2026-10-02 16:36:00-04:00,7779.75,7779.75,7780.25,7779.5,7780.25,248
2026-10-02 16:37:00-04:00,7779.25,7779.25,7779.75,7779.0,7779.75,140
2026-10-02 16:38:00-04:00,7779.5,7779.5,7779.75,7779.0,7779.25,230
2026-10-02 16:39:00-04:00,7779.5,7779.5,7780.0,7779.5,7779.5,39
2026-10-02 16:40:00-04:00,7779.0,7779.0,7779.5,7778.75,7779.5,275
2026-10-02 16:41:00-04:00,7778.75,7778.75,7779.25,7778.75,7779.0,94
2026-10-02 16:42:00-04:00,7778.75,7778.75,7779.0,7778.5,7778.75,147
2026-10-02 16:43:00-04:00,7778.5,7778.5,7779.0,7778.5,7778.75,110
2026-10-02 16:44:00-04:00,7779.0,7779.0,7779.0,7778.0,7778.75,487
2026-10-02 16:45:00-04:00,7778.0,7778.0,7778.75,7778.0,7778.75,197
2026-10-02 16:46:00-04:00,7777.5,7777.5,7778.25,7777.5,7778.25,167
2026-10-02 16:47:00-04:00,7776.5,7776.5,7777.75,7776.25,7777.5,540
2026-10-02 16:48:00-04:00,7776.25,7776.25,7777.0,7776.0,7776.75,224
2026-10-02 16:49:00-04:00,7776.75,7776.75,7776.75,7776.0,7776.25,245
2026-10-02 16:50:00-04:00,7775.75,7775.75,7777.25,7775.25,7777.0,650
2026-10-02 16:51:00-04:00,7775.75,7775.75,7776.0,7775.0,7775.5,445
2026-10-02 16:52:00-04:00,7775.75,7775.75,7776.0,7775.25,7776.0,255
2026-10-02 16:53:00-04:00,7775.75,7775.75,7776.0,7775.25,7776.0,218
2026-10-02 16:54:00-04:00,7776.5,7776.5,7776.75,7775.5,7775.75,207
2026-10-02 16:55:00-04:00,7776.0,7776.0,7777.0,7775.75,7776.5,318
2026-10-02 16:56:00-04:00,7775.25,7775.25,7776.25,7775.25,7776.0,273
2026-10-02 16:57:00-04:00,7776.25,7776.25,7776.25,7775.25,7775.5,263
2026-10-02 16:58:00-04:00,7775.75,7775.75,7776.25,7775.25,7776.25,603
2026-10-02 16:59:00-04:00,7777.25,7777.25,7777.25,7775.5,7776.0,855
2026-10-02 17:00:00-04:00,7777.25,7777.25,7777.25,7777.25,7777.25,0
2026-10-04 18:10:00-04:00,7786.75,7786.75,7787.5,7786.25,7786.75,0
2026-10-04 18:11:00-04:00,7786.5,7786.5,7786.75,7786.0,7786.75,91
2026-10-04 18:12:00-04:00,7785.5,7785.5,7786.0,7785.25,7786.0,138
2026-10-04 18:13:00-04:00,7785.75,7785.75,7785.75,7785.25,7785.25,66
2026-10-04 18:14:00-04:00,7784.0,7784.0,7786.0,7784.0,7785.75,193
2026-10-04 18:15:00-04:00,7786.0,7786.0,7786.0,7784.0,7784.0,158
2026-10-04 18:16:00-04:00,7784.5,7784.5,7786.0,7783.75,7786.0,148
2026-10-04 18:17:00-04:00,7784.0,7784.0,7784.5,7783.0,7784.5,134
2026-10-04 18:18:00-04:00,7784.0,7784.0,7784.0,7783.25,7784.0,54
2026-10-04 18:19:00-04:00,7783.75,7783.75,7784.25,7783.5,7783.5,55
2026-10-04 18:20:00-04:00,7784.25,7784.25,7784.75,7783.5,7783.75,61
2026-10-04 18:21:00-04:00,7785.25,7785.25,7785.75,7784.25,7784.25,107
2026-10-04 18:22:00-04:00,7784.75,7784.75,7785.75,7784.75,7785.5,62
2026-10-04 18:23:00-04:00,7783.75,7783.75,7784.5,7783.5,7784.5,47
2026-10-04 18:24:00-04:00,7784.5,7784.5,7784.5,7784.25,7784.25,30
2026-10-04 18:25:00-04:00,7784.75,7784.75,7784.75,7784.25,7784.25,25
2026-10-04 18:26:00-04:00,7785.0,7785.0,7785.0,7784.5,7784.75,52
2026-10-04 18:27:00-04:00,7785.0,7785.0,7785.0,7784.75,7785.0,30
2026-10-04 18:28:00-04:00,7784.5,7784.5,7785.25,7784.5,7785.0,30
2026-10-04 18:29:00-04:00,7785.0,7785.0,7785.0,7784.75,7784.75,35
2026-10-04 18:30:00-04:00,7785.75,7785.75,7786.0,7784.75,7784.75,111
2026-10-04 18:31:00-04:00,7787.5,7787.5,7788.0,7785.75,7786.0,234
2026-10-04 18:32:00-04:00,7787.75,7787.75,7788.75,7787.5,7787.5,145
2026-10-04 18:33:00-04:00,7787.75,7787.75,7788.0,7787.5,7787.75,51
2026-10-04 18:34:00-04:00,7787.75,7787.75,7788.0,7787.0,7787.5,142
2026-10-04 18:35:00-04:00,7788.25,7788.25,7788.25,7787.75,7788.0,85
2026-10-04 18:36:00-04:00,7788.25,7788.25,7788.5,7788.0,7788.5,80
2026-10-04 18:37:00-04:00,7788.0,7788.0,7788.5,7787.75,7788.25,82
2026-10-04 18:38:00-04:00,7788.0,7788.0,7788.25,7787.75,7788.25,26
2026-10-04 18:39:00-04:00,7787.25,7787.25,7788.0,7787.0,7788.0,77
2026-10-04 18:40:00-04:00,7787.0,7787.0,7787.5,7786.75,7787.0,84
2026-10-04 18:41:00-04:00,7787.5,7787.5,7787.75,7787.0,7787.25,86
2026-10-04 18:42:00-04:00,7787.5,7787.5,7788.0,7787.25,7787.25,66
2026-10-04 18:43:00-04:00,7787.5,7787.5,7788.75,7787.25,7787.5,158
2026-10-04 18:44:00-04:00,7787.75,7787.75,7787.75,7787.5,7787.5,23
2026-10-04 18:45:00-04:00,7788.25,7788.25,7788.5,7787.75,7788.0,84
2026-10-04 18:46:00-04:00,7787.75,7787.75,7788.75,7787.75,7788.0,101
2026-10-04 18:47:00-04:00,7788.0,7788.0,7788.25,7787.75,7788.0,57
2026-10-04 18:48:00-04:00,7788.75,7788.75,7789.0,7788.0,7788.0,59
2026-10-04 18:49:00-04:00,7788.75,7788.75,7789.25,7788.25,7788.75,72
2026-10-04 18:50:00-04:00,7788.5,7788.5,7789.0,7788.5,7788.75,67
2026-10-04 18:51:00-04:00,7788.75,7788.75,7788.75,7788.0,7788.5,67
2026-10-04 18:52:00-04:00,7788.5,7788.5,7788.75,7788.5,7788.75,25
2026-10-04 18:53:00-04:00,7788.0,7788.0,7788.5,7788.0,7788.5,74
2026-10-04 18:54:00-04:00,7788.25,7788.25,7788.25,7787.5,7788.25,98
2026-10-04 18:55:00-04:00,7788.25,7788.25,7788.5,7788.0,7788.25,50
2026-10-04 18:56:00-04:00,7788.5,7788.5,7788.75,7788.25,7788.5,21
2026-10-04 18:57:00-04:00,7788.0,7788.0,7788.5,7787.75,7788.5,43
2026-10-04 18:58:00-04:00,7788.25,7788.25,7788.25,7788.25,7788.25,7
2026-10-04 18:59:00-04:00,7788.0,7788.0,7788.25,7788.0,7788.0,13
2026-10-04 19:00:00-04:00,7788.0,7788.0,7788.25,7788.0,7788.0,41
2026-10-04 19:01:00-04:00,7786.25,7786.25,7788.0,7786.0,7788.0,205
2026-10-04 19:02:00-04:00,7785.5,7785.5,7786.5,7785.5,7786.5,129
2026-10-04 19:03:00-04:00,7786.75,7786.75,7787.25,7785.5,7785.5,115
2026-10-04 19:04:00-04:00,7787.0,7787.0,7787.0,7786.25,7786.75,72
2026-10-04 19:05:00-04:00,7787.25,7787.25,7787.25,7786.75,7786.75,69
2026-10-04 19:06:00-04:00,7787.75,7787.75,7787.75,7787.25,7787.25,48
2026-10-04 19:07:00-04:00,7786.75,7786.75,7787.5,7786.5,7787.5,31
2026-10-04 19:08:00-04:00,7787.25,7787.25,7787.5,7787.0,7787.0,13
2026-10-04 19:09:00-04:00,7787.5,7787.5,7787.75,7787.25,7787.25,12
2026-10-04 19:10:00-04:00,7787.25,7787.25,7787.25,7787.25,7787.25,20
2026-10-04 19:11:00-04:00,7787.25,7787.25,7787.25,7787.25,7787.25,22
2026-10-04 19:12:00-04:00,7787.25,7787.25,7787.25,7787.0,7787.25,17
2026-10-04 19:13:00-04:00,7787.75,7787.75,7788.0,7787.5,7787.75,48
2026-10-04 19:14:00-04:00,7787.75,7787.75,7788.0,7787.5,7787.75,39
2026-10-04 19:15:00-04:00,7787.0,7787.0,7787.75,7787.0,7787.75,36
2026-10-04 19:16:00-04:00,7787.5,7787.5,7787.75,7787.25,7787.25,20
2026-10-04 19:17:00-04:00,7788.0,7788.0,7788.0,7787.25,7787.5,45
2026-10-04 19:18:00-04:00,7788.0,7788.0,7788.5,7788.0,7788.25,50
2026-10-04 19:19:00-04:00,7788.5,7788.5,7788.75,7788.25,7788.5,21
2026-10-04 19:20:00-04:00,7788.25,7788.25,7788.5,7788.25,7788.5,10
2026-10-04 19:21:00-04:00,7788.5,7788.5,7788.75,7788.25,7788.25,21
2026-10-04 19:22:00-04:00,7787.5,7787.5,7788.5,7787.5,7788.5,36
2026-10-04 19:23:00-04:00,7787.5,7787.5,7787.75,7787.0,7787.5,85
2026-10-04 19:24:00-04:00,7788.0,7788.0,7788.25,7787.5,7787.5,8
2026-10-04 19:25:00-04:00,7788.25,7788.25,7788.25,7787.75,7788.25,17
2026-10-04 19:26:00-04:00,7788.25,7788.25,7788.5,7788.0,7788.0,16
2026-10-04 19:27:00-04:00,7787.75,7787.75,7788.0,7787.75,7788.0,54
2026-10-04 19:28:00-04:00,7788.5,7788.5,7788.75,7788.0,7788.0,31
2026-10-04 19:29:00-04:00,7788.25,7788.25,7788.5,7788.25,7788.5,16
2026-10-04 19:30:00-04:00,7788.75,7788.75,7789.0,7788.5,7788.5,70
2026-10-04 19:31:00-04:00,7788.75,7788.75,7789.25,7788.75,7788.75,30
2026-10-04 19:32:00-04:00,7788.25,7788.25,7788.75,7787.75,7788.75,65
2026-10-04 19:33:00-04:00,7788.25,7788.25,7788.25,7788.0,7788.0,23
2026-10-04 19:34:00-04:00,7788.25,7788.25,7788.5,7788.0,7788.0,18
2026-10-04 19:35:00-04:00,7788.0,7788.0,7788.0,7787.75,7788.0,33
2026-10-04 19:36:00-04:00,7787.75,7787.75,7788.25,7787.5,7788.0,39
2026-10-04 19:37:00-04:00,7787.5,7787.5,7788.0,7787.5,7787.75,42
2026-10-04 19:38:00-04:00,7787.5,7787.5,7787.5,7787.25,7787.5,25
2026-10-04 19:39:00-04:00,7788.0,7788.0,7788.0,7787.0,7787.25,93
2026-10-04 19:40:00-04:00,7788.75,7788.75,7789.25,7788.25,7788.25,86
2026-10-04 19:41:00-04:00,7788.25,7788.25,7788.75,7788.25,7788.75,30
2026-10-04 19:42:00-04:00,7788.25,7788.25,7788.25,7788.0,7788.25,18
2026-10-04 19:43:00-04:00,7788.5,7788.5,7788.5,7788.0,7788.25,34
2026-10-04 19:44:00-04:00,7788.25,7788.25,7788.75,7788.0,7788.5,60
2026-10-04 19:45:00-04:00,7787.0,7787.0,7788.25,7786.75,7788.25,126
2026-10-04 19:46:00-04:00,7787.25,7787.25,7788.0,7786.75,7787.25,64
2026-10-04 19:47:00-04:00,7787.0,7787.0,7787.25,7786.5,7787.25,66
2026-10-04 19:48:00-04:00,7786.0,7786.0,7786.75,7786.0,7786.5,96
2026-10-04 19:49:00-04:00,7782.75,7782.75,7785.75,7782.75,7785.75,636
2026-10-04 19:50:00-04:00,7783.25,7783.25,7783.25,7782.25,7782.5,192
2026-10-04 19:51:00-04:00,7783.75,7783.75,7784.0,7783.0,7783.25,108
2026-10-04 19:52:00-04:00,7783.75,7783.75,7783.75,7783.5,7783.5,36
2026-10-04 19:53:00-04:00,7784.5,7784.5,7784.75,7783.5,7783.5,69
2026-10-04 19:54:00-04:00,7784.25,7784.25,7784.5,7784.0,7784.5,20
2026-10-04 19:55:00-04:00,7784.0,7784.0,7784.75,7783.75,7784.25,46
2026-10-04 19:56:00-04:00,7784.5,7784.5,7784.5,7784.25,7784.25,11
2026-10-04 19:57:00-04:00,7784.5,7784.5,7784.5,7784.0,7784.5,22
2026-10-04 19:58:00-04:00,7784.5,7784.5,7784.75,7784.0,7784.5,100
2026-10-04 19:59:00-04:00,7786.25,7786.25,7786.5,7784.5,7784.5,143
2026-10-04 20:00:00-04:00,7784.75,7784.75,7786.25,7784.0,7786.0,455
2026-10-04 20:01:00-04:00,7785.0,7785.0,7785.75,7784.25,7785.0,121
2026-10-04 20:02:00-04:00,7784.5,7784.5,7786.0,7784.5,7785.0,89
2026-10-04 20:03:00-04:00,7786.25,7786.25,7786.5,7784.5,7784.5,118
2026-10-04 20:04:00-04:00,7788.0,7788.0,7788.25,7786.25,7786.5,256
2026-10-04 20:05:00-04:00,7788.5,7788.5,7789.25,7787.25,7787.75,254
2026-10-04 20:06:00-04:00,7788.5,7788.5,7789.0,7787.5,7788.75,312
2026-10-04 20:07:00-04:00,7787.25,7787.25,7788.25,7787.0,7788.25,112
2026-10-04 20:08:00-04:00,7787.75,7787.75,7789.0,7787.25,7787.25,133
2026-10-04 20:09:00-04:00,7788.5,7788.5,7788.75,7787.75,7788.0,129
2026-10-04 20:10:00-04:00,7789.0,7789.0,7789.0,7787.0,7788.5,216
2026-10-04 20:11:00-04:00,7788.5,7788.5,7790.75,7788.5,7789.0,486
2026-10-04 20:12:00-04:00,7787.0,7787.0,7788.75,7786.5,7788.5,271
2026-10-04 20:13:00-04:00,7786.5,7786.5,7786.75,7786.0,7786.75,215
2026-10-04 20:14:00-04:00,7787.0,7787.0,7787.0,7786.0,7786.5,91
2026-10-04 20:15:00-04:00,7788.5,7788.5,7788.5,7786.5,7787.0,263
2026-10-04 20:16:00-04:00,7787.5,7787.5,7788.75,7787.25,7788.5,185
2026-10-04 20:17:00-04:00,7787.25,7787.25,7788.0,7786.75,7787.5,148
2026-10-04 20:18:00-04:00,7787.0,7787.0,7787.5,7786.75,7787.25,91
2026-10-04 20:19:00-04:00,7788.5,7788.5,7788.5,7787.25,7787.25,120
2026-10-04 20:20:00-04:00,7789.0,7789.0,7789.75,7788.5,7788.75,166
2026-10-04 20:21:00-04:00,7788.25,7788.25,7789.0,7788.25,7789.0,84
2026-10-04 20:22:00-04:00,7788.75,7788.75,7788.75,7788.25,7788.25,67
2026-10-04 20:23:00-04:00,7788.5,7788.5,7788.75,7788.0,7788.75,104
2026-10-04 20:24:00-04:00,7788.25,7788.25,7788.5,7788.25,7788.5,61
2026-10-04 20:25:00-04:00,7785.75,7785.75,7788.25,7785.5,7788.25,229
2026-10-04 20:26:00-04:00,7786.5,7786.5,7786.75,7785.75,7785.75,77
2026-10-04 20:27:00-04:00,7786.0,7786.0,7786.75,7786.0,7786.5,87
2026-10-04 20:28:00-04:00,7784.5,7784.5,7786.0,7784.25,7786.0,233
2026-10-04 20:29:00-04:00,7785.0,7785.0,7785.25,7783.75,7784.25,273
2026-10-04 20:30:00-04:00,7785.25,7785.25,7785.5,7784.75,7785.0,203
2026-10-04 20:31:00-04:00,7785.25,7785.25,7785.25,7784.5,7785.0,185
2026-10-04 20:32:00-04:00,7785.25,7785.25,7786.0,7785.0,7785.25,215
2026-10-04 20:33:00-04:00,7785.5,7785.5,7785.75,7785.25,7785.25,162
2026-10-04 20:34:00-04:00,7787.0,7787.0,7787.0,7785.25,7785.5,202
2026-10-04 20:35:00-04:00,7787.25,7787.25,7787.25,7786.0,7787.0,106
2026-10-04 20:36:00-04:00,7787.5,7787.5,7787.5,7786.75,7787.25,64
2026-10-04 20:37:00-04:00,7787.5,7787.5,7788.25,7787.0,7787.75,138
2026-10-04 20:38:00-04:00,7787.5,7787.5,7788.25,7787.5,7787.5,86
2026-10-04 20:39:00-04:00,7787.75,7787.75,7788.0,7787.5,7787.75,55
2026-10-04 20:40:00-04:00,7788.0,7788.0,7788.5,7787.75,7787.75,120
2026-10-04 20:41:00-04:00,7787.25,7787.25,7788.0,7787.25,7787.75,223
2026-10-04 20:42:00-04:00,7787.75,7787.75,7788.25,7786.75,7787.25,99
2026-10-04 20:43:00-04:00,7787.5,7787.5,7788.25,7787.5,7787.75,60
2026-10-04 20:44:00-04:00,7788.25,7788.25,7788.25,7787.75,7787.75,53
2026-10-04 20:45:00-04:00,7787.75,7787.75,7788.25,7787.5,7788.0,120
2026-10-04 20:46:00-04:00,7786.5,7786.5,7787.5,7786.5,7787.5,100
2026-10-04 20:47:00-04:00,7787.5,7787.5,7787.5,7786.75,7786.75,48
2026-10-04 20:48:00-04:00,7787.25,7787.25,7787.75,7787.0,7787.5,68
2026-10-04 20:49:00-04:00,7787.0,7787.0,7787.25,7786.75,7787.25,33
2026-10-04 20:50:00-04:00,7787.75,7787.75,7788.0,7787.0,7787.25,74
2026-10-04 20:51:00-04:00,7787.75,7787.75,7788.5,7787.75,7787.75,86
2026-10-04 20:52:00-04:00,7788.0,7788.0,7788.25,7787.75,7787.75,49
2026-10-04 20:53:00-04:00,7788.75,7788.75,7789.0,7788.0,7788.0,182
2026-10-04 20:54:00-04:00,7788.5,7788.5,7788.75,7788.25,7788.75,35
2026-10-04 20:55:00-04:00,7789.25,7789.25,7789.25,7788.5,7788.5,58
2026-10-04 20:56:00-04:00,7788.75,7788.75,7789.25,7788.75,7789.25,109
2026-10-04 20:57:00-04:00,7788.75,7788.75,7789.0,7788.75,7788.75,81
2026-10-04 20:58:00-04:00,7789.5,7789.5,7789.75,7788.75,7789.0,124
2026-10-04 20:59:00-04:00,7789.25,7789.25,7789.75,7788.75,7789.75,134
2026-10-04 21:00:00-04:00,7788.25,7788.25,7789.25,7787.75,7789.25,298
2026-10-04 21:01:00-04:00,7789.25,7789.25,7789.5,7788.25,7788.25,289
2026-10-04 21:02:00-04:00,7789.0,7789.0,7789.75,7788.75,7789.25,212
2026-10-04 21:03:00-04:00,7789.25,7789.25,7789.5,7788.75,7789.25,178
2026-10-04 21:04:00-04:00,7789.5,7789.5,7789.5,7789.0,7789.0,134
2026-10-04 21:05:00-04:00,7790.0,7790.0,7790.25,7789.5,7789.5,197
2026-10-04 21:06:00-04:00,7790.5,7790.5,7790.75,7790.0,7790.0,164
2026-10-04 21:07:00-04:00,7790.0,7790.0,7790.5,7790.0,7790.5,118
2026-10-04 21:08:00-04:00,7788.5,7788.5,7789.75,7788.5,7789.75,183
2026-10-04 21:09:00-04:00,7788.25,7788.25,7788.75,7788.25,7788.75,225
2026-10-04 21:10:00-04:00,7788.25,7788.25,7788.75,7788.0,7788.25,169
2026-10-04 21:11:00-04:00,7788.25,7788.25,7788.75,7788.0,7788.0,120
2026-10-04 21:12:00-04:00,7788.75,7788.75,7789.0,7788.5,7788.5,94
2026-10-04 21:13:00-04:00,7788.75,7788.75,7789.25,7788.75,7788.75,73
2026-10-04 21:14:00-04:00,7789.25,7789.25,7789.25,7788.75,7788.75,111
2026-10-04 21:15:00-04:00,7788.25,7788.25,7789.0,7787.75,7789.0,120
2026-10-04 21:16:00-04:00,7788.75,7788.75,7789.0,7788.0,7788.25,117
2026-10-04 21:17:00-04:00,7789.0,7789.0,7789.0,7788.0,7788.75,110
2026-10-04 21:18:00-04:00,7789.5,7789.5,7789.5,7788.75,7789.0,63
2026-10-04 21:19:00-04:00,7789.75,7789.75,7790.0,7789.25,7789.25,106
2026-10-04 21:20:00-04:00,7789.25,7789.25,7789.75,7789.25,7789.75,149
2026-10-04 21:21:00-04:00,7789.25,7789.25,7789.75,7789.25,7789.25,73
2026-10-04 21:22:00-04:00,7789.75,7789.75,7789.75,7789.5,7789.5,135
2026-10-04 21:23:00-04:00,7789.75,7789.75,7790.25,7789.75,7789.75,146
2026-10-04 21:24:00-04:00,7790.0,7790.0,7790.5,7789.75,7789.75,122
2026-10-04 21:25:00-04:00,7790.0,7790.0,7790.25,7789.75,7790.0,85
2026-10-04 21:26:00-04:00,7789.5,7789.5,7790.0,7789.25,7790.0,100
2026-10-04 21:27:00-04:00,7790.5,7790.5,7790.5,7789.5,7789.5,166
2026-10-04 21:28:00-04:00,7791.25,7791.25,7791.5,7790.5,7790.5,196
2026-10-04 21:29:00-04:00,7790.5,7790.5,7791.5,7790.5,7791.25,175
2026-10-04 21:30:00-04:00,7790.5,7790.5,7791.0,7790.25,7790.5,225
2026-10-04 21:31:00-04:00,7790.75,7790.75,7790.75,7789.5,7790.5,206
2026-10-04 21:32:00-04:00,7791.0,7791.0,7791.0,7790.75,7790.75,111
2026-10-04 21:33:00-04:00,7791.25,7791.25,7791.5,7791.0,7791.0,181
2026-10-04 21:34:00-04:00,7791.25,7791.25,7791.25,7790.75,7791.25,92
2026-10-04 21:35:00-04:00,7791.25,7791.25,7791.75,7790.75,7791.0,139
2026-10-04 21:36:00-04:00,7791.5,7791.5,7791.5,7791.0,7791.5,98
2026-10-04 21:37:00-04:00,7790.75,7790.75,7792.0,7790.75,7791.5,131
2026-10-04 21:38:00-04:00,7791.25,7791.25,7791.5,7790.75,7790.75,77
2026-10-04 21:39:00-04:00,7791.0,7791.0,7791.0,7790.75,7791.0,119
2026-10-04 21:40:00-04:00,7791.75,7791.75,7792.25,7791.0,7791.0,143
2026-10-04 21:41:00-04:00,7792.75,7792.75,7793.0,7791.25,7791.75,267
2026-10-04 21:42:00-04:00,7792.0,7792.0,7793.0,7791.75,7792.75,187
2026-10-04 21:43:00-04:00,7791.25,7791.25,7791.75,7791.0,7791.75,204
2026-10-04 21:44:00-04:00,7791.0,7791.0,7791.5,7790.5,7791.5,161
2026-10-04 21:45:00-04:00,7791.25,7791.25,7791.5,7790.5,7790.75,145
2026-10-04 21:46:00-04:00,7791.75,7791.75,7791.75,7790.75,7791.25,129
2026-10-04 21:47:00-04:00,7791.75,7791.75,7791.75,7791.5,7791.5,88
2026-10-04 21:48:00-04:00,7791.75,7791.75,7791.75,7791.5,7791.75,24
2026-10-04 21:49:00-04:00,7791.0,7791.0,7791.5,7790.75,7791.5,53
2026-10-04 21:50:00-04:00,7790.75,7790.75,7791.0,7790.5,7791.0,48
2026-10-04 21:51:00-04:00,7790.75,7790.75,7790.75,7790.5,7790.5,64
2026-10-04 21:52:00-04:00,7790.5,7790.5,7790.75,7789.75,7790.75,177
2026-10-04 21:53:00-04:00,7790.25,7790.25,7790.75,7789.75,7790.75,173
2026-10-04 21:54:00-04:00,7789.25,7789.25,7790.75,7789.25,7790.0,918
2026-10-04 21:55:00-04:00,7788.5,7788.5,7789.5,7788.5,7789.5,225
2026-10-04 21:56:00-04:00,7788.5,7788.5,7788.75,7788.25,7788.75,130
2026-10-04 21:57:00-04:00,7788.5,7788.5,7789.0,7788.25,7788.25,114
2026-10-04 21:58:00-04:00,7788.5,7788.5,7788.75,7788.25,7788.75,113
2026-10-04 21:59:00-04:00,7788.0,7788.0,7788.75,7787.5,7788.75,148
2026-10-04 22:00:00-04:00,7788.0,7788.0,7788.5,7787.5,7788.0,264
2026-10-04 22:01:00-04:00,7787.75,7787.75,7788.25,7786.75,7788.0,232
2026-10-04 22:02:00-04:00,7788.0,7788.0,7788.25,7787.75,7788.0,166
2026-10-04 22:03:00-04:00,7787.75,7787.75,7788.25,7787.5,7788.25,76
2026-10-04 22:04:00-04:00,7788.0,7788.0,7788.25,7787.75,7788.0,160
2026-10-04 22:05:00-04:00,7788.5,7788.5,7788.5,7787.75,7787.75,154
2026-10-04 22:06:00-04:00,7788.0,7788.0,7788.5,7788.0,7788.5,138
2026-10-04 22:07:00-04:00,7788.0,7788.0,7788.0,7787.25,7788.0,163
2026-10-04 22:08:00-04:00,7787.75,7787.75,7788.0,7787.75,7787.75,89
2026-10-04 22:09:00-04:00,7787.5,7787.5,7788.0,7787.25,7787.75,134
2026-10-04 22:10:00-04:00,7787.0,7787.0,7787.75,7787.0,7787.5,82
2026-10-04 22:11:00-04:00,7787.25,7787.25,7787.25,7786.75,7787.0,74
2026-10-04 22:12:00-04:00,7786.75,7786.75,7787.5,7786.5,7787.5,84
2026-10-04 22:13:00-04:00,7786.75,7786.75,7786.75,7786.25,7786.75,132
2026-10-04 22:14:00-04:00,7787.25,7787.25,7787.25,7786.75,7786.75,94
2026-10-04 22:15:00-04:00,7788.0,7788.0,7788.25,7787.25,7787.25,101
2026-10-04 22:16:00-04:00,7788.5,7788.5,7788.5,7787.75,7787.75,185
2026-10-04 22:17:00-04:00,7788.0,7788.0,7788.5,7788.0,7788.25,79
2026-10-04 22:18:00-04:00,7787.75,7787.75,7788.25,7787.75,7788.0,159
2026-10-04 22:19:00-04:00,7787.25,7787.25,7787.75,7786.75,7787.75,122
2026-10-04 22:20:00-04:00,7787.0,7787.0,7787.5,7787.0,7787.25,101
2026-10-04 22:21:00-04:00,7786.75,7786.75,7787.0,7786.25,7787.0,130
2026-10-04 22:22:00-04:00,7787.25,7787.25,7787.5,7786.75,7786.75,65
2026-10-04 22:23:00-04:00,7787.25,7787.25,7787.5,7787.25,7787.25,44
2026-10-04 22:24:00-04:00,7787.25,7787.25,7787.5,7787.25,7787.25,65
2026-10-04 22:25:00-04:00,7787.25,7787.25,7787.5,7787.0,7787.25,49
2026-10-04 22:26:00-04:00,7787.5,7787.5,7787.5,7787.0,7787.25,60
2026-10-04 22:27:00-04:00,7787.25,7787.25,7787.75,7787.25,7787.75,34
2026-10-04 22:28:00-04:00,7787.5,7787.5,7787.75,7787.25,7787.25,71
2026-10-04 22:29:00-04:00,7787.25,7787.25,7787.75,7787.25,7787.75,56
2026-10-04 22:30:00-04:00,7786.25,7786.25,7787.0,7786.25,7787.0,154
2026-10-04 22:31:00-04:00,7786.25,7786.25,7786.5,7786.0,7786.0,101
2026-10-04 22:32:00-04:00,7785.5,7785.5,7786.5,7785.25,7786.25,170
2026-10-04 22:33:00-04:00,7784.75,7784.75,7785.75,7784.75,7785.5,178
2026-10-04 22:34:00-04:00,7783.5,7783.5,7785.0,7783.5,7784.75,284
2026-10-04 22:35:00-04:00,7782.75,7782.75,7783.5,7781.75,7783.5,499
2026-10-04 22:36:00-04:00,7783.25,7783.25,7783.25,7782.0,7782.75,148
2026-10-04 22:37:00-04:00,7783.5,7783.5,7784.0,7782.75,7783.25,156
2026-10-04 22:38:00-04:00,7783.75,7783.75,7784.25,7783.25,7783.5,126
2026-10-04 22:39:00-04:00,7784.25,7784.25,7784.5,7783.75,7783.75,87
2026-10-04 22:40:00-04:00,7784.5,7784.5,7785.0,7784.25,7784.5,137
2026-10-04 22:41:00-04:00,7784.75,7784.75,7784.75,7784.25,7784.25,55
2026-10-04 22:42:00-04:00,7784.25,7784.25,7785.25,7784.25,7784.75,125
2026-10-04 22:43:00-04:00,7782.5,7782.5,7784.25,7781.5,7784.0,299
2026-10-04 22:44:00-04:00,7782.75,7782.75,7783.0,7782.25,7782.5,112
2026-10-04 22:45:00-04:00,7783.25,7783.25,7783.5,7782.75,7782.75,99
2026-10-04 22:46:00-04:00,7783.5,7783.5,7783.5,7782.5,7783.25,177
2026-10-04 22:47:00-04:00,7782.5,7782.5,7783.5,7782.5,7783.5,165
2026-10-04 22:48:00-04:00,7782.75,7782.75,7783.0,7782.5,7782.75,112
2026-10-04 22:49:00-04:00,7780.5,7780.5,7782.75,7780.25,7782.75,514
2026-10-04 22:50:00-04:00,7782.25,7782.25,7782.25,7780.0,7780.5,457
2026-10-04 22:51:00-04:00,7782.0,7782.0,7782.5,7781.75,7782.25,174
2026-10-04 22:52:00-04:00,7782.25,7782.25,7782.5,7781.5,7782.0,87
2026-10-04 22:53:00-04:00,7782.25,7782.25,7782.5,7782.0,7782.0,87
2026-10-04 22:54:00-04:00,7782.75,7782.75,7782.75,7782.0,7782.25,119
2026-10-04 22:55:00-04:00,7781.0,7781.0,7782.5,7780.25,7782.5,363
2026-10-04 22:56:00-04:00,7781.75,7781.75,7781.75,7780.75,7781.0,260
2026-10-04 22:57:00-04:00,7781.75,7781.75,7782.5,7781.25,7781.75,157
2026-10-04 22:58:00-04:00,7779.25,7779.25,7781.75,7779.25,7781.75,265
2026-10-04 22:59:00-04:00,7778.75,7778.75,7779.5,7777.5,7779.25,649
2026-10-04 23:00:00-04:00,7778.0,7778.0,7779.0,7777.75,7778.5,519
2026-10-04 23:01:00-04:00,7776.75,7776.75,7778.0,7776.5,7777.75,593
2026-10-04 23:02:00-04:00,7777.0,7777.0,7777.5,7776.0,7777.0,471
2026-10-04 23:03:00-04:00,7775.75,7775.75,7777.25,7775.25,7777.0,343
2026-10-04 23:04:00-04:00,7775.0,7775.0,7776.0,7774.5,7775.75,456
2026-10-04 23:05:00-04:00,7775.0,7775.0,7775.25,7774.5,7775.0,316
2026-10-04 23:06:00-04:00,7775.25,7775.25,7775.25,7774.25,7774.75,345
2026-10-04 23:07:00-04:00,7775.0,7775.0,7775.75,7774.25,7775.5,271
2026-10-04 23:08:00-04:00,7775.75,7775.75,7776.0,7775.0,7775.0,229
2026-10-04 23:09:00-04:00,7776.5,7776.5,7777.0,7775.75,7775.75,264
2026-10-04 23:10:00-04:00,7776.75,7776.75,7777.0,7776.0,7776.25,159
2026-10-04 23:11:00-04:00,7776.75,7776.75,7777.0,7776.5,7776.5,187
2026-10-04 23:12:00-04:00,7777.25,7777.25,7777.5,7776.75,7776.75,139
2026-10-04 23:13:00-04:00,7776.25,7776.25,7778.0,7776.0,7777.25,211
2026-10-04 23:14:00-04:00,7776.75,7776.75,7777.5,7776.25,7776.25,136
2026-10-04 23:15:00-04:00,7775.5,7775.5,7777.0,7775.25,7776.75,196
2026-10-04 23:16:00-04:00,7777.5,7777.5,7777.5,7775.25,7775.75,182
2026-10-04 23:17:00-04:00,7777.5,7777.5,7778.5,7777.5,7777.5,227
2026-10-04 23:18:00-04:00,7778.25,7778.25,7778.25,7777.5,7777.75,58
2026-10-04 23:19:00-04:00,7778.5,7778.5,7779.0,7778.25,7778.25,148
2026-10-04 23:20:00-04:00,7778.75,7778.75,7779.25,7778.5,7778.5,134
2026-10-04 23:21:00-04:00,7778.25,7778.25,7778.75,7778.25,7778.5,104
2026-10-04 23:22:00-04:00,7778.0,7778.0,7778.25,7777.5,7778.25,136
2026-10-04 23:23:00-04:00,7778.0,7778.0,7778.0,7777.5,7778.0,56
2026-10-04 23:24:00-04:00,7777.5,7777.5,7778.25,7777.5,7778.0,181
2026-10-04 23:25:00-04:00,7777.25,7777.25,7777.75,7777.25,7777.5,111
2026-10-04 23:26:00-04:00,7777.5,7777.5,7777.75,7777.25,7777.25,100
2026-10-04 23:27:00-04:00,7778.25,7778.25,7778.25,7777.5,7777.75,146
2026-10-04 23:28:00-04:00,7778.25,7778.25,7778.5,7778.0,7778.25,46
2026-10-04 23:29:00-04:00,7778.25,7778.25,7778.5,7778.25,7778.5,117
2026-10-04 23:30:00-04:00,7777.5,7777.5,7778.5,7777.0,7778.25,205
2026-10-04 23:31:00-04:00,7777.25,7777.25,7777.5,7776.75,7777.5,209
2026-10-04 23:32:00-04:00,7777.5,7777.5,7777.5,7777.0,7777.5,105
2026-10-04 23:33:00-04:00,7778.25,7778.25,7778.25,7777.25,7777.25,90
2026-10-04 23:34:00-04:00,7778.0,7778.0,7778.25,7777.75,7778.25,80
2026-10-04 23:35:00-04:00,7776.75,7776.75,7778.0,7776.5,7778.0,160
2026-10-04 23:36:00-04:00,7776.25,7776.25,7777.25,7776.25,7776.75,138
2026-10-04 23:37:00-04:00,7775.75,7775.75,7776.5,7775.75,7776.5,118
2026-10-04 23:38:00-04:00,7776.25,7776.25,7776.25,7775.0,7776.0,151
2026-10-04 23:39:00-04:00,7776.0,7776.0,7776.25,7775.75,7776.25,59
2026-10-04 23:40:00-04:00,7776.0,7776.0,7776.0,7775.5,7776.0,110
2026-10-04 23:41:00-04:00,7775.75,7775.75,7776.0,7775.5,7776.0,84
2026-10-04 23:42:00-04:00,7776.25,7776.25,7776.25,7775.5,7775.75,147
2026-10-04 23:43:00-04:00,7776.0,7776.0,7776.5,7776.0,7776.25,68
2026-10-04 23:44:00-04:00,7775.75,7775.75,7776.0,7775.5,7776.0,89
2026-10-04 23:45:00-04:00,7775.75,7775.75,7775.75,7775.0,7775.75,119
2026-10-04 23:46:00-04:00,7776.0,7776.0,7776.0,7775.5,7775.5,48
2026-10-04 23:47:00-04:00,7776.0,7776.0,7776.25,7775.75,7775.75,29
2026-10-04 23:48:00-04:00,7775.0,7775.0,7776.0,7775.0,7776.0,54
2026-10-04 23:49:00-04:00,7774.5,7774.5,7775.25,7774.0,7775.0,178
2026-10-04 23:50:00-04:00,7774.25,7774.25,7774.75,7774.0,7774.5,168
2026-10-04 23:51:00-04:00,7774.25,7774.25,7774.5,7774.0,7774.0,67
2026-10-04 23:52:00-04:00,7774.25,7774.25,7774.5,7774.25,7774.25,56
2026-10-04 23:53:00-04:00,7774.5,7774.5,7774.75,7774.25,7774.25,77
2026-10-04 23:54:00-04:00,7773.5,7773.5,7774.5,7773.25,7774.25,155
2026-10-04 23:55:00-04:00,7772.5,7772.5,7773.75,7772.0,7773.5,264
2026-10-04 23:56:00-04:00,7772.0,7772.0,7772.5,7771.5,7772.5,431
2026-10-04 23:57:00-04:00,7771.5,7771.5,7772.0,7771.25,7772.0,291
2026-10-04 23:58:00-04:00,7770.5,7770.5,7771.5,7770.5,7771.5,238
2026-10-05 00:00:00-04:00,7770.5,7770.5,7771.0,7770.25,7771.0,193
2026-10-05 00:01:00-04:00,7771.0,7771.0,7771.5,7770.5,7770.75,291
2026-10-05 00:02:00-04:00,7771.25,7771.25,7772.0,7771.25,7771.25,153
2026-10-05 00:03:00-04:00,7772.0,7772.0,7772.0,7771.0,7771.25,361
2026-10-05 00:04:00-04:00,7771.75,7771.75,7772.25,7771.75,7772.0,194
2026-10-05 00:05:00-04:00,7771.75,7771.75,7772.0,7770.75,7771.5,314
2026-10-05 00:06:00-04:00,7771.5,7771.5,7771.75,7771.0,7771.75,295
2026-10-05 00:07:00-04:00,7770.0,7770.0,7771.75,7770.0,7771.5,235
2026-10-05 00:08:00-04:00,7771.0,7771.0,7771.25,7769.5,7770.0,273
2026-10-05 00:09:00-04:00,7770.75,7770.75,7771.0,7770.5,7771.0,139
2026-10-05 00:10:00-04:00,7770.25,7770.25,7771.0,7770.0,7770.75,140
2026-10-05 00:11:00-04:00,7769.75,7769.75,7770.5,7769.75,7770.25,68
2026-10-05 00:12:00-04:00,7770.5,7770.5,7770.75,7769.75,7769.75,153
2026-10-05 00:13:00-04:00,7770.5,7770.5,7770.75,7770.25,7770.75,140
2026-10-05 00:14:00-04:00,7771.5,7771.5,7771.5,7770.5,7770.5,126
2026-10-05 00:15:00-04:00,7771.0,7771.0,7771.75,7770.75,7771.5,151
2026-10-05 00:16:00-04:00,7770.5,7770.5,7771.0,7770.5,7771.0,62
2026-10-05 00:17:00-04:00,7770.25,7770.25,7771.0,7769.75,7770.5,151
2026-10-05 00:18:00-04:00,7769.75,7769.75,7770.5,7769.75,7770.25,200
2026-10-05 00:19:00-04:00,7770.25,7770.25,7770.25,7769.75,7769.75,85
2026-10-05 00:20:00-04:00,7770.0,7770.0,7770.25,7770.0,7770.25,91
2026-10-05 00:21:00-04:00,7770.5,7770.5,7770.75,7770.0,7770.0,129
2026-10-05 00:22:00-04:00,7770.75,7770.75,7770.75,7770.25,7770.5,84
2026-10-05 00:23:00-04:00,7770.0,7770.0,7771.0,7770.0,7770.75,102
2026-10-05 00:24:00-04:00,7770.75,7770.75,7770.75,7770.0,7770.0,75
2026-10-05 00:25:00-04:00,7771.5,7771.5,7771.75,7771.0,7771.0,84
2026-10-05 00:26:00-04:00,7770.25,7770.25,7771.5,7770.0,7771.5,101
2026-10-05 00:27:00-04:00,7770.0,7770.0,7770.5,7770.0,7770.0,74
2026-10-05 00:28:00-04:00,7769.5,7769.5,7770.25,7769.25,7770.25,117
2026-10-05 00:29:00-04:00,7768.5,7768.5,7769.5,7768.5,7769.5,367
2026-10-05 00:30:00-04:00,7769.25,7769.25,7769.25,7768.0,7768.5,270
2026-10-05 00:31:00-04:00,7767.5,7767.5,7769.5,7767.5,7769.5,170
2026-10-05 00:32:00-04:00,7767.25,7767.25,7767.75,7767.0,7767.5,264
2026-10-05 00:33:00-04:00,7767.75,7767.75,7768.0,7766.75,7767.0,138
2026-10-05 00:34:00-04:00,7767.5,7767.5,7767.75,7767.5,7767.75,132
2026-10-05 00:35:00-04:00,7766.25,7766.25,7767.75,7765.75,7767.5,489
2026-10-05 00:36:00-04:00,7768.25,7768.25,7768.5,7766.25,7766.25,265
2026-10-05 00:37:00-04:00,7769.75,7769.75,7770.0,7768.0,7768.0,193
2026-10-05 00:38:00-04:00,7769.5,7769.5,7770.0,7769.25,7769.75,102
2026-10-05 00:39:00-04:00,7770.25,7770.25,7770.25,7769.0,7769.25,145
2026-10-05 00:40:00-04:00,7770.0,7770.0,7770.5,7770.0,7770.25,147
2026-10-05 00:41:00-04:00,7770.0,7770.0,7770.25,7769.25,7769.75,145
2026-10-05 00:42:00-04:00,7770.0,7770.0,7770.5,7769.75,7770.25,69
2026-10-05 00:43:00-04:00,7770.0,7770.0,7770.25,7769.75,7770.0,81
2026-10-05 00:44:00-04:00,7769.5,7769.5,7770.0,7769.5,7770.0,39
2026-10-05 00:45:00-04:00,7770.0,7770.0,7770.25,7769.5,7769.5,24
2026-10-05 00:46:00-04:00,7770.25,7770.25,7770.5,7769.75,7769.75,47
2026-10-05 00:47:00-04:00,7771.0,7771.0,7771.25,7770.5,7770.5,72
2026-10-05 00:48:00-04:00,7771.75,7771.75,7772.0,7770.75,7771.0,114
2026-10-05 00:49:00-04:00,7771.75,7771.75,7772.25,7771.75,7771.75,123
2026-10-05 00:50:00-04:00,7770.25,7770.25,7771.75,7770.25,7771.75,116
2026-10-05 00:51:00-04:00,7769.75,7769.75,7770.25,7769.25,7770.25,157
2026-10-05 00:52:00-04:00,7769.0,7769.0,7769.75,7769.0,7769.75,68
2026-10-05 00:53:00-04:00,7769.25,7769.25,7769.5,7768.5,7769.0,223
2026-10-05 00:54:00-04:00,7769.75,7769.75,7770.0,7769.0,7769.0,84
2026-10-05 00:55:00-04:00,7769.25,7769.25,7769.75,7769.25,7769.75,49
2026-10-05 00:56:00-04:00,7769.0,7769.0,7769.25,7768.5,7769.0,181
2026-10-05 00:57:00-04:00,7770.0,7770.0,7770.25,7769.25,7769.25,67
2026-10-05 00:58:00-04:00,7770.25,7770.25,7770.25,7770.0,7770.0,88
2026-10-05 00:59:00-04:00,7769.25,7769.25,7770.25,7769.25,7770.25,93
2026-10-05 01:00:00-04:00,7769.25,7769.25,7769.75,7768.75,7769.25,315
2026-10-05 01:01:00-04:00,7769.25,7769.25,7769.5,7769.0,7769.0,80
2026-10-05 01:02:00-04:00,7769.75,7769.75,7770.25,7769.25,7769.25,146
2026-10-05 01:03:00-04:00,7769.5,7769.5,7769.75,7769.25,7769.75,73
2026-10-05 01:04:00-04:00,7770.0,7770.0,7770.0,7769.5,7769.75,38
2026-10-05 01:05:00-04:00,7769.75,7769.75,7770.0,7769.75,7769.75,35
2026-10-05 01:06:00-04:00,7770.75,7770.75,7771.0,7769.75,7770.0,97
2026-10-05 01:07:00-04:00,7770.75,7770.75,7771.25,7770.5,7770.5,84
2026-10-05 01:08:00-04:00,7770.25,7770.25,7770.75,7769.5,7770.75,249
2026-10-05 01:09:00-04:00,7770.75,7770.75,7770.75,7770.0,7770.25,137
2026-10-05 01:10:00-04:00,7770.5,7770.5,7770.75,7770.25,7770.5,150
2026-10-05 01:11:00-04:00,7771.0,7771.0,7771.75,7770.5,7770.5,194
2026-10-05 01:12:00-04:00,7770.0,7770.0,7771.0,7770.0,7770.75,202
2026-10-05 01:13:00-04:00,7770.0,7770.0,7770.5,7770.0,7770.25,201
2026-10-05 01:14:00-04:00,7769.75,7769.75,7770.5,7769.75,7770.0,150
2026-10-05 01:15:00-04:00,7769.5,7769.5,7769.75,7769.0,7769.75,223
2026-10-05 01:16:00-04:00,7769.0,7769.0,7769.5,7768.75,7769.25,180
2026-10-05 01:17:00-04:00,7768.75,7768.75,7769.25,7768.25,7769.25,134
2026-10-05 01:18:00-04:00,7768.75,7768.75,7769.25,7768.0,7768.5,242
2026-10-05 01:19:00-04:00,7768.5,7768.5,7769.0,7768.0,7768.5,267
2026-10-05 01:20:00-04:00,7768.5,7768.5,7768.5,7767.25,7768.5,241
2026-10-05 01:21:00-04:00,7768.0,7768.0,7768.5,7767.5,7768.5,176
2026-10-05 01:22:00-04:00,7768.25,7768.25,7768.25,7768.0,7768.0,133
2026-10-05 01:23:00-04:00,7767.25,7767.25,7768.5,7767.25,7768.25,223
2026-10-05 01:24:00-04:00,7766.5,7766.5,7767.5,7766.25,7767.5,166
2026-10-05 01:25:00-04:00,7767.5,7767.5,7767.5,7766.0,7766.25,173
2026-10-05 01:26:00-04:00,7767.25,7767.25,7767.75,7767.25,7767.5,142
2026-10-05 01:27:00-04:00,7767.25,7767.25,7768.0,7767.25,7767.25,93
2026-10-05 01:28:00-04:00,7766.75,7766.75,7767.75,7766.25,7767.25,244
2026-10-05 01:29:00-04:00,7766.5,7766.5,7766.75,7766.5,7766.75,61
2026-10-05 01:30:00-04:00,7765.25,7765.25,7766.75,7765.0,7766.5,342
2026-10-05 01:31:00-04:00,7765.25,7765.25,7765.5,7764.5,7765.5,295
2026-10-05 01:32:00-04:00,7765.5,7765.5,7766.0,7765.0,7765.25,191
2026-10-05 01:33:00-04:00,7765.25,7765.25,7766.0,7765.0,7765.5,197
2026-10-05 01:34:00-04:00,7765.25,7765.25,7765.75,7765.0,7765.0,106
2026-10-05 01:35:00-04:00,7765.25,7765.25,7765.25,7764.25,7765.0,289
2026-10-05 01:36:00-04:00,7765.5,7765.5,7765.75,7765.0,7765.0,297
2026-10-05 01:37:00-04:00,7765.5,7765.5,7765.75,7765.25,7765.5,132
2026-10-05 01:38:00-04:00,7765.0,7765.0,7765.25,7764.75,7765.25,156
2026-10-05 01:39:00-04:00,7764.75,7764.75,7765.0,7764.5,7765.0,102
2026-10-05 01:40:00-04:00,7765.0,7765.0,7765.25,7764.75,7765.0,211
2026-10-05 01:41:00-04:00,7765.5,7765.5,7765.5,7764.25,7765.0,238
2026-10-05 01:42:00-04:00,7765.25,7765.25,7765.5,7764.75,7765.25,219
2026-10-05 01:43:00-04:00,7764.75,7764.75,7765.5,7764.75,7765.5,127
2026-10-05 01:44:00-04:00,7765.75,7765.75,7765.75,7764.75,7764.75,155
2026-10-05 01:45:00-04:00,7765.5,7765.5,7766.0,7765.5,7765.75,76
2026-10-05 01:46:00-04:00,7765.25,7765.25,7765.5,7765.0,7765.5,114
2026-10-05 01:47:00-04:00,7765.0,7765.0,7765.5,7764.75,7765.25,121
2026-10-05 01:48:00-04:00,7766.25,7766.25,7766.5,7765.0,7765.0,232
2026-10-05 01:49:00-04:00,7766.0,7766.0,7766.25,7765.75,7766.25,90
2026-10-05 01:50:00-04:00,7767.5,7767.5,7767.5,7766.25,7766.25,197
2026-10-05 01:51:00-04:00,7767.5,7767.5,7768.0,7767.5,7767.5,155
2026-10-05 01:52:00-04:00,7767.25,7767.25,7767.75,7767.25,7767.5,133
2026-10-05 01:53:00-04:00,7766.25,7766.25,7767.25,7766.25,7767.25,129
2026-10-05 01:54:00-04:00,7766.0,7766.0,7766.5,7765.75,7766.25,150
2026-10-05 01:55:00-04:00,7765.5,7765.5,7766.25,7765.25,7766.0,243
2026-10-05 01:56:00-04:00,7765.5,7765.5,7765.75,7764.75,7765.75,119
2026-10-05 01:57:00-04:00,7765.0,7765.0,7765.5,7765.0,7765.5,80
2026-10-05 01:58:00-04:00,7765.75,7765.75,7766.0,7765.25,7765.25,77
2026-10-05 01:59:00-04:00,7767.75,7767.75,7768.0,7765.75,7765.75,245
2026-10-05 02:00:00-04:00,7769.25,7769.25,7769.75,7767.75,7767.75,605
2026-10-05 02:01:00-04:00,7769.75,7769.75,7770.0,7768.75,7769.5,448
2026-10-05 02:02:00-04:00,7770.0,7770.0,7770.0,7768.5,7769.75,353
2026-10-05 02:03:00-04:00,7769.25,7769.25,7770.25,7769.0,7770.0,286
2026-10-05 02:04:00-04:00,7768.75,7768.75,7770.0,7768.5,7769.25,271
2026-10-05 02:05:00-04:00,7768.5,7768.5,7769.0,7768.25,7768.75,160
2026-10-05 02:06:00-04:00,7769.0,7769.0,7769.5,7768.25,7768.25,219
2026-10-05 02:07:00-04:00,7769.5,7769.5,7770.0,7769.0,7769.0,236
2026-10-05 02:08:00-04:00,7769.25,7769.25,7769.5,7768.75,7769.5,123
2026-10-05 02:09:00-04:00,7771.0,7771.0,7771.0,7768.5,7769.0,286
2026-10-05 02:10:00-04:00,7770.5,7770.5,7771.0,7770.0,7771.0,214
2026-10-05 02:11:00-04:00,7771.25,7771.25,7771.75,7770.5,7770.5,340
2026-10-05 02:12:00-04:00,7772.0,7772.0,7772.25,7771.25,7771.25,571
2026-10-05 02:13:00-04:00,7773.5,7773.5,7773.75,7772.0,7772.0,466
2026-10-05 02:14:00-04:00,7773.25,7773.25,7774.25,7773.25,7773.5,293
2026-10-05 02:15:00-04:00,7774.75,7774.75,7775.0,7773.25,7773.25,260
2026-10-05 02:16:00-04:00,7773.75,7773.75,7774.5,7773.25,7774.5,322
2026-10-05 02:17:00-04:00,7774.0,7774.0,7775.25,7773.75,7773.75,274
2026-10-05 02:18:00-04:00,7774.25,7774.25,7774.25,7774.0,7774.25,119
2026-10-05 02:19:00-04:00,7772.5,7772.5,7774.25,7772.5,7774.25,177
2026-10-05 02:20:00-04:00,7770.5,7770.5,7772.5,7770.5,7772.5,408
2026-10-05 02:21:00-04:00,7770.75,7770.75,7772.0,7770.25,7770.5,206
2026-10-05 02:22:00-04:00,7772.25,7772.25,7772.25,7770.75,7770.75,175
2026-10-05 02:23:00-04:00,7772.25,7772.25,7772.25,7771.75,7772.0,110
2026-10-05 02:24:00-04:00,7773.5,7773.5,7774.25,7772.25,7772.25,189
2026-10-05 02:25:00-04:00,7773.5,7773.5,7773.5,7772.75,7773.5,81
2026-10-05 02:26:00-04:00,7771.0,7771.0,7773.25,7770.75,7773.25,220
2026-10-05 02:27:00-04:00,7770.75,7770.75,7771.25,7770.0,7771.0,355
2026-10-05 02:28:00-04:00,7769.5,7769.5,7771.0,7769.25,7770.75,298
2026-10-05 02:29:00-04:00,7768.5,7768.5,7769.25,7768.5,7769.25,361
2026-10-05 02:30:00-04:00,7768.25,7768.25,7768.75,7767.25,7768.5,472
2026-10-05 02:31:00-04:00,7768.75,7768.75,7768.75,7766.75,7768.0,276
2026-10-05 02:32:00-04:00,7769.25,7769.25,7769.5,7768.5,7768.75,182
2026-10-05 02:33:00-04:00,7767.75,7767.75,7769.25,7767.75,7769.25,149
2026-10-05 02:34:00-04:00,7767.5,7767.5,7767.75,7766.75,7767.75,263
2026-10-05 02:35:00-04:00,7768.25,7768.25,7768.75,7766.25,7767.75,155
2026-10-05 02:36:00-04:00,7767.75,7767.75,7768.75,7767.25,7768.0,254
2026-10-05 02:37:00-04:00,7768.75,7768.75,7769.0,7767.5,7767.75,150
2026-10-05 02:38:00-04:00,7768.0,7768.0,7769.75,7767.75,7768.75,225
2026-10-05 02:39:00-04:00,7766.25,7766.25,7767.5,7766.0,7767.5,180
2026-10-05 02:40:00-04:00,7765.75,7765.75,7766.25,7764.25,7766.25,419
2026-10-05 02:41:00-04:00,7765.75,7765.75,7766.25,7765.25,7765.75,201
2026-10-05 02:42:00-04:00,7767.0,7767.0,7767.25,7765.75,7766.0,244
2026-10-05 02:43:00-04:00,7766.5,7766.5,7767.75,7766.25,7766.75,127
2026-10-05 02:44:00-04:00,7765.0,7765.0,7766.5,7764.5,7766.5,248
2026-10-05 02:45:00-04:00,7765.0,7765.0,7765.0,7764.25,7764.75,223
2026-10-05 02:46:00-04:00,7765.25,7765.25,7765.75,7764.75,7765.0,268
2026-10-05 02:47:00-04:00,7766.0,7766.0,7766.0,7765.25,7765.5,309
2026-10-05 02:48:00-04:00,7767.0,7767.0,7767.75,7765.75,7766.0,237
2026-10-05 02:49:00-04:00,7765.75,7765.75,7767.25,7765.5,7767.0,91
2026-10-05 02:50:00-04:00,7765.0,7765.0,7766.5,7765.0,7765.75,164
2026-10-05 02:51:00-04:00,7765.25,7765.25,7765.5,7764.75,7765.0,155
2026-10-05 02:52:00-04:00,7766.0,7766.0,7766.0,7764.0,7765.25,286
2026-10-05 02:53:00-04:00,7768.0,7768.0,7768.0,7766.25,7766.25,197
2026-10-05 02:54:00-04:00,7765.25,7765.25,7768.0,7764.0,7768.0,689
2026-10-05 02:55:00-04:00,7766.0,7766.0,7766.75,7765.25,7765.25,181
2026-10-05 02:56:00-04:00,7765.75,7765.75,7766.25,7765.5,7766.0,98
2026-10-05 02:57:00-04:00,7767.75,7767.75,7768.0,7765.75,7765.75,156
2026-10-05 02:58:00-04:00,7769.25,7769.25,7769.5,7767.75,7767.75,196
2026-10-05 02:59:00-04:00,7769.5,7769.5,7770.0,7768.75,7769.0,226
2026-10-05 03:00:00-04:00,7767.5,7767.5,7769.75,7767.25,7769.5,511
2026-10-05 03:01:00-04:00,7767.5,7767.5,7768.5,7766.0,7767.25,372
2026-10-05 03:02:00-04:00,7766.75,7766.75,7767.75,7765.75,7767.75,247
2026-10-05 03:03:00-04:00,7767.5,7767.5,7768.25,7766.5,7766.5,259
2026-10-05 03:04:00-04:00,7768.0,7768.0,7768.75,7767.5,7767.75,245
2026-10-05 03:05:00-04:00,7769.25,7769.25,7770.0,7767.25,7768.25,522
2026-10-05 03:06:00-04:00,7769.75,7769.75,7770.5,7769.25,7769.25,309
2026-10-05 03:07:00-04:00,7771.0,7771.0,7771.5,7769.0,7769.75,307
2026-10-05 03:08:00-04:00,7769.5,7769.5,7771.5,7769.0,7771.0,304
2026-10-05 03:09:00-04:00,7768.25,7768.25,7770.5,7768.25,7769.5,315
2026-10-05 03:10:00-04:00,7769.5,7769.5,7770.0,7768.25,7768.5,319
2026-10-05 03:11:00-04:00,7768.75,7768.75,7770.5,7768.25,7769.5,501
2026-10-05 03:12:00-04:00,7771.0,7771.0,7771.25,7769.0,7769.0,242
2026-10-05 03:13:00-04:00,7770.75,7770.75,7771.5,7770.0,7771.0,205
2026-10-05 03:14:00-04:00,7770.25,7770.25,7770.75,7769.25,7770.75,194
2026-10-05 03:15:00-04:00,7768.5,7768.5,7770.75,7768.5,7770.25,201
2026-10-05 03:16:00-04:00,7768.75,7768.75,7768.75,7767.5,7768.75,352
2026-10-05 03:17:00-04:00,7768.75,7768.75,7769.25,7768.0,7768.75,199
2026-10-05 03:18:00-04:00,7767.25,7767.25,7769.0,7767.25,7768.5,221
2026-10-05 03:19:00-04:00,7766.25,7766.25,7767.25,7766.0,7767.0,387
2026-10-05 03:20:00-04:00,7766.25,7766.25,7766.5,7765.5,7766.5,524
2026-10-05 03:21:00-04:00,7766.5,7766.5,7768.0,7765.25,7766.25,487
2026-10-05 03:22:00-04:00,7764.0,7764.0,7766.75,7763.5,7766.5,645
2026-10-05 03:23:00-04:00,7764.0,7764.0,7765.25,7763.0,7764.0,410
2026-10-05 03:24:00-04:00,7763.5,7763.5,7764.0,7761.5,7763.75,702
2026-10-05 03:25:00-04:00,7764.75,7764.75,7765.25,7763.25,7763.25,277
2026-10-05 03:26:00-04:00,7764.5,7764.5,7765.75,7764.5,7764.75,344
2026-10-05 03:27:00-04:00,7762.5,7762.5,7765.5,7762.5,7764.75,342
2026-10-05 03:28:00-04:00,7762.75,7762.75,7764.5,7762.5,7762.5,398
2026-10-05 03:29:00-04:00,7763.25,7763.25,7763.25,7762.0,7762.75,267
2026-10-05 03:30:00-04:00,7762.25,7762.25,7763.5,7762.0,7763.5,271
2026-10-05 03:31:00-04:00,7763.0,7763.0,7764.5,7762.0,7762.25,756
2026-10-05 03:32:00-04:00,7764.5,7764.5,7764.75,7762.5,7762.75,345
2026-10-05 03:33:00-04:00,7764.5,7764.5,7765.25,7763.75,7764.5,407
2026-10-05 03:34:00-04:00,7762.75,7762.75,7764.5,7762.75,7764.25,453
2026-10-05 03:35:00-04:00,7762.25,7762.25,7763.5,7762.0,7762.75,200
2026-10-05 03:36:00-04:00,7764.0,7764.0,7764.25,7761.5,7762.5,259
2026-10-05 03:37:00-04:00,7763.75,7763.75,7764.5,7763.5,7764.25,132
2026-10-05 03:38:00-04:00,7763.5,7763.5,7764.0,7762.5,7763.75,145
2026-10-05 03:39:00-04:00,7763.25,7763.25,7763.25,7762.25,7763.0,177
2026-10-05 03:40:00-04:00,7766.25,7766.25,7766.25,7763.0,7763.25,221
2026-10-05 03:41:00-04:00,7764.5,7764.5,7767.0,7764.5,7766.25,320
2026-10-05 03:42:00-04:00,7765.0,7765.0,7765.75,7764.75,7764.75,234
2026-10-05 03:43:00-04:00,7764.75,7764.75,7765.75,7764.75,7765.25,155
2026-10-05 03:44:00-04:00,7766.0,7766.0,7766.0,7764.75,7764.75,179
2026-10-05 03:45:00-04:00,7765.5,7765.5,7766.25,7765.25,7766.0,237
2026-10-05 03:46:00-04:00,7764.25,7764.25,7765.75,7763.5,7765.25,211
2026-10-05 03:47:00-04:00,7764.75,7764.75,7765.5,7764.25,7764.5,194
2026-10-05 03:48:00-04:00,7763.75,7763.75,7764.5,7763.5,7764.5,120
2026-10-05 03:49:00-04:00,7764.25,7764.25,7764.75,7764.0,7764.25,134
2026-10-05 03:50:00-04:00,7764.0,7764.0,7765.0,7763.5,7764.25,150
2026-10-05 03:51:00-04:00,7769.0,7769.0,7769.0,7763.5,7764.0,478
2026-10-05 03:52:00-04:00,7768.75,7768.75,7769.75,7768.5,7768.75,338
2026-10-05 03:53:00-04:00,7768.25,7768.25,7768.75,7768.25,7768.75,163
2026-10-05 03:54:00-04:00,7766.75,7766.75,7768.25,7766.75,7768.25,162
2026-10-05 03:55:00-04:00,7766.0,7766.0,7767.25,7765.5,7766.75,201
2026-10-05 03:56:00-04:00,7766.75,7766.75,7766.75,7765.5,7766.0,190
2026-10-05 03:57:00-04:00,7767.5,7767.5,7767.5,7766.25,7766.75,200
2026-10-05 03:58:00-04:00,7767.75,7767.75,7768.5,7767.5,7767.5,153
2026-10-05 03:59:00-04:00,7767.5,7767.5,7768.0,7766.75,7767.75,243
2026-10-05 04:00:00-04:00,7767.75,7767.75,7769.75,7766.75,7767.75,1106
2026-10-05 04:01:00-04:00,7769.25,7769.25,7769.75,7767.0,7767.75,493
2026-10-05 04:02:00-04:00,7769.0,7769.0,7770.5,7768.75,7769.25,361
2026-10-05 04:03:00-04:00,7769.5,7769.5,7770.5,7768.0,7769.0,186
2026-10-05 04:04:00-04:00,7771.5,7771.5,7771.75,7769.75,7769.75,395
2026-10-05 04:05:00-04:00,7772.25,7772.25,7773.0,7771.25,7771.5,566
2026-10-05 04:06:00-04:00,7773.25,7773.25,7773.75,7772.5,7772.5,426
2026-10-05 04:07:00-04:00,7773.25,7773.25,7774.0,7772.5,7773.25,499
2026-10-05 04:08:00-04:00,7772.75,7772.75,7773.5,7772.25,7773.25,320
2026-10-05 04:09:00-04:00,7773.75,7773.75,7775.25,7773.0,7773.0,448
2026-10-05 04:10:00-04:00,7774.0,7774.0,7774.5,7773.25,7773.75,230
2026-10-05 04:11:00-04:00,7775.0,7775.0,7775.25,7773.5,7774.25,291
2026-10-05 04:12:00-04:00,7775.5,7775.5,7775.75,7774.5,7775.0,456
2026-10-05 04:13:00-04:00,7774.75,7774.75,7776.25,7774.25,7775.5,440
2026-10-05 04:14:00-04:00,7775.0,7775.0,7775.5,7773.5,7774.75,369
2026-10-05 04:15:00-04:00,7776.75,7776.75,7776.75,7774.5,7775.0,387
2026-10-05 04:16:00-04:00,7778.0,7778.0,7778.0,7776.75,7776.75,484
2026-10-05 04:17:00-04:00,7777.5,7777.5,7778.0,7776.75,7778.0,330
2026-10-05 04:18:00-04:00,7775.75,7775.75,7777.5,7775.75,7777.5,349
2026-10-05 04:19:00-04:00,7776.5,7776.5,7776.5,7775.0,7775.75,405
2026-10-05 04:20:00-04:00,7777.25,7777.25,7777.25,7775.75,7776.5,401
2026-10-05 04:21:00-04:00,7777.0,7777.0,7777.25,7776.25,7777.0,253
2026-10-05 04:22:00-04:00,7778.0,7778.0,7779.0,7776.0,7777.0,961
2026-10-05 04:23:00-04:00,7778.0,7778.0,7778.25,7777.25,7778.0,377
2026-10-05 04:24:00-04:00,7777.0,7777.0,7778.0,7777.0,7778.0,487
2026-10-05 04:25:00-04:00,7777.0,7777.0,7777.25,7774.5,7777.0,1484
2026-10-05 04:26:00-04:00,7776.5,7776.5,7777.25,7774.25,7776.75,633
2026-10-05 04:27:00-04:00,7778.0,7778.0,7778.25,7775.75,7776.5,611
2026-10-05 04:28:00-04:00,7776.75,7776.75,7779.0,7776.75,7778.0,531
2026-10-05 04:29:00-04:00,7775.0,7775.0,7777.0,7775.0,7776.75,405
2026-10-05 04:30:00-04:00,7776.0,7776.0,7776.5,7775.0,7775.0,288
2026-10-05 04:31:00-04:00,7776.25,7776.25,7776.5,7775.25,7775.75,377
2026-10-05 04:32:00-04:00,7777.25,7777.25,7777.5,7775.75,7775.75,283
2026-10-05 04:33:00-04:00,7775.0,7775.0,7777.25,7775.0,7777.0,315
2026-10-05 04:34:00-04:00,7772.0,7772.0,7775.5,7770.5,7774.75,2620
2026-10-05 04:35:00-04:00,7770.0,7770.0,7773.25,7768.75,7772.25,755
2026-10-05 04:36:00-04:00,7766.75,7766.75,7770.5,7766.25,7770.25,693
2026-10-05 04:37:00-04:00,7767.5,7767.5,7767.75,7764.75,7766.75,689
2026-10-05 04:38:00-04:00,7770.0,7770.0,7770.75,7767.5,7767.5,607
2026-10-05 04:39:00-04:00,7770.5,7770.5,7771.25,7769.5,7770.25,264
2026-10-05 04:40:00-04:00,7769.5,7769.5,7771.0,7769.0,7770.5,232
2026-10-05 04:41:00-04:00,7768.5,7768.5,7770.0,7768.5,7769.5,168
2026-10-05 04:42:00-04:00,7766.75,7766.75,7769.0,7766.5,7768.5,338
2026-10-05 04:43:00-04:00,7769.5,7769.5,7770.25,7766.75,7766.75,1229
2026-10-05 04:44:00-04:00,7766.25,7766.25,7769.75,7766.25,7769.5,347
2026-10-05 04:45:00-04:00,7763.25,7763.25,7766.5,7762.25,7766.5,808
2026-10-05 04:46:00-04:00,7762.0,7762.0,7763.75,7761.5,7763.25,513
2026-10-05 04:47:00-04:00,7761.0,7761.0,7761.75,7760.5,7761.75,447
2026-10-05 04:48:00-04:00,7766.25,7766.25,7768.0,7760.5,7760.75,869
2026-10-05 04:49:00-04:00,7769.25,7769.25,7771.5,7766.5,7766.5,3100
2026-10-05 04:50:00-04:00,7769.0,7769.0,7769.5,7767.0,7769.25,482
2026-10-05 04:51:00-04:00,7771.75,7771.75,7772.5,7768.5,7768.75,455
2026-10-05 04:52:00-04:00,7771.5,7771.5,7772.75,7771.0,7771.75,360
2026-10-05 04:53:00-04:00,7769.25,7769.25,7771.75,7769.0,7771.25,246
2026-10-05 04:54:00-04:00,7766.75,7766.75,7769.75,7766.5,7769.0,335
2026-10-05 04:55:00-04:00,7768.0,7768.0,7769.0,7766.5,7767.25,275
2026-10-05 04:56:00-04:00,7767.0,7767.0,7768.5,7766.25,7768.0,273
2026-10-05 04:57:00-04:00,7769.0,7769.0,7769.0,7766.5,7767.0,260
2026-10-05 04:58:00-04:00,7770.25,7770.25,7770.25,7767.75,7768.75,226
2026-10-05 04:59:00-04:00,7771.0,7771.0,7771.5,7770.25,7770.25,250
2026-10-05 05:00:00-04:00,7769.25,7769.25,7771.25,7769.25,7770.75,995
2026-10-05 05:01:00-04:00,7770.0,7770.0,7770.25,7768.5,7769.25,314
2026-10-05 05:02:00-04:00,7770.75,7770.75,7771.25,7769.75,7770.0,110
2026-10-05 05:03:00-04:00,7770.25,7770.25,7770.75,7769.75,7770.75,100
2026-10-05 05:04:00-04:00,7770.75,7770.75,7770.75,7770.0,7770.0,91
2026-10-05 05:05:00-04:00,7771.25,7771.25,7772.5,7770.5,7770.75,299
2026-10-05 05:06:00-04:00,7771.0,7771.0,7771.75,7770.75,7771.5,97
2026-10-05 05:07:00-04:00,7771.75,7771.75,7771.75,7770.25,7771.0,156
2026-10-05 05:08:00-04:00,7771.75,7771.75,7773.75,7771.5,7771.75,478
2026-10-05 05:09:00-04:00,7771.5,7771.5,7772.75,7771.5,7771.5,80
2026-10-05 05:10:00-04:00,7771.25,7771.25,7771.75,7770.5,7771.75,125
2026-10-05 05:11:00-04:00,7771.25,7771.25,7771.75,7770.5,7771.25,88
2026-10-05 05:12:00-04:00,7770.75,7770.75,7771.5,7770.25,7771.5,132
2026-10-05 05:13:00-04:00,7771.0,7771.0,7771.5,7770.5,7770.5,242
2026-10-05 05:14:00-04:00,7770.75,7770.75,7771.25,7770.25,7771.0,125
2026-10-05 05:15:00-04:00,7771.0,7771.0,7771.0,7770.25,7770.75,77
2026-10-05 05:16:00-04:00,7770.5,7770.5,7770.75,7770.25,7770.75,91
2026-10-05 05:17:00-04:00,7769.75,7769.75,7770.75,7769.25,7770.5,115
2026-10-05 05:18:00-04:00,7768.75,7768.75,7770.0,7768.75,7770.0,171
2026-10-05 05:19:00-04:00,7770.25,7770.25,7770.5,7769.0,7769.0,122
2026-10-05 05:20:00-04:00,7770.25,7770.25,7770.75,7770.0,7770.5,71
2026-10-05 05:21:00-04:00,7770.0,7770.0,7771.0,7769.25,7770.25,242
2026-10-05 05:22:00-04:00,7770.75,7770.75,7771.25,7770.0,7770.0,367
2026-10-05 05:23:00-04:00,7770.25,7770.25,7771.25,7770.25,7771.0,304
2026-10-05 05:24:00-04:00,7769.5,7769.5,7770.25,7769.25,7770.25,348
2026-10-05 05:25:00-04:00,7768.0,7768.0,7769.5,7767.75,7769.5,274
2026-10-05 05:26:00-04:00,7766.5,7766.5,7768.25,7766.5,7768.0,265
2026-10-05 05:27:00-04:00,7767.25,7767.25,7767.5,7765.75,7766.75,259
2026-10-05 05:28:00-04:00,7767.0,7767.0,7767.75,7766.75,7767.0,243
2026-10-05 05:29:00-04:00,7766.25,7766.25,7767.5,7766.25,7767.0,115
2026-10-05 05:30:00-04:00,7766.5,7766.5,7767.0,7766.25,7766.25,96
2026-10-05 05:31:00-04:00,7767.75,7767.75,7768.25,7766.75,7766.75,189
2026-10-05 05:32:00-04:00,7767.5,7767.5,7768.25,7766.75,7767.75,126
2026-10-05 05:33:00-04:00,7766.75,7766.75,7768.0,7766.75,7767.75,121
2026-10-05 05:34:00-04:00,7766.75,7766.75,7767.0,7766.25,7766.75,192
2026-10-05 05:35:00-04:00,7765.5,7765.5,7766.75,7765.5,7766.5,160
2026-10-05 05:36:00-04:00,7764.75,7764.75,7766.25,7764.75,7765.75,235
2026-10-05 05:37:00-04:00,7763.75,7763.75,7764.75,7763.75,7764.75,217
2026-10-05 05:38:00-04:00,7764.5,7764.5,7764.75,7763.5,7763.75,234
2026-10-05 05:39:00-04:00,7763.5,7763.5,7764.5,7763.25,7764.5,197
2026-10-05 05:40:00-04:00,7763.25,7763.25,7764.25,7762.5,7763.75,449
2026-10-05 05:41:00-04:00,7763.5,7763.5,7764.0,7762.75,7763.25,275
2026-10-05 05:42:00-04:00,7762.0,7762.0,7763.75,7762.0,7763.75,356
2026-10-05 05:43:00-04:00,7764.5,7764.5,7764.75,7762.0,7762.25,269
2026-10-05 05:44:00-04:00,7764.75,7764.75,7765.25,7764.25,7764.75,181
2026-10-05 05:45:00-04:00,7764.0,7764.0,7764.5,7763.75,7764.5,178
2026-10-05 05:46:00-04:00,7763.5,7763.5,7763.75,7762.5,7763.75,401
2026-10-05 05:47:00-04:00,7764.25,7764.25,7765.0,7763.5,7763.5,323
2026-10-05 05:48:00-04:00,7764.25,7764.25,7764.5,7763.75,7764.0,176
2026-10-05 05:49:00-04:00,7764.25,7764.25,7764.5,7764.0,7764.25,196
2026-10-05 05:50:00-04:00,7764.5,7764.5,7765.25,7764.0,7764.25,290
2026-10-05 05:51:00-04:00,7764.75,7764.75,7765.5,7764.5,7764.75,374
2026-10-05 05:52:00-04:00,7764.75,7764.75,7765.75,7764.0,7765.0,184
2026-10-05 05:53:00-04:00,7764.75,7764.75,7765.5,7764.75,7764.75,234
2026-10-05 05:54:00-04:00,7764.25,7764.25,7764.75,7764.0,7764.5,168
2026-10-05 05:55:00-04:00,7764.5,7764.5,7765.0,7764.25,7764.5,240
2026-10-05 05:56:00-04:00,7765.25,7765.25,7765.25,7764.0,7764.75,167
2026-10-05 05:57:00-04:00,7764.75,7764.75,7765.75,7764.5,7765.25,146
2026-10-05 05:58:00-04:00,7765.0,7765.0,7765.25,7764.25,7764.75,744
2026-10-05 05:59:00-04:00,7764.5,7764.5,7765.0,7764.25,7765.0,138
2026-10-05 06:00:00-04:00,7763.25,7763.25,7764.75,7762.75,7764.25,353
2026-10-05 06:01:00-04:00,7762.25,7762.25,7763.5,7762.25,7763.5,284
2026-10-05 06:02:00-04:00,7762.25,7762.25,7762.75,7761.75,7762.5,157
2026-10-05 06:03:00-04:00,7763.0,7763.0,7763.75,7761.5,7762.0,486
2026-10-05 06:04:00-04:00,7763.0,7763.0,7763.75,7762.5,7763.0,195
2026-10-05 06:05:00-04:00,7762.5,7762.5,7764.0,7762.5,7763.0,148
2026-10-05 06:06:00-04:00,7764.5,7764.5,7764.5,7762.5,7762.75,125
2026-10-05 06:07:00-04:00,7763.75,7763.75,7765.0,7763.75,7764.75,117
2026-10-05 06:08:00-04:00,7764.0,7764.0,7764.25,7763.0,7763.5,72
2026-10-05 06:09:00-04:00,7762.5,7762.5,7764.25,7762.25,7764.0,182
2026-10-05 06:10:00-04:00,7763.75,7763.75,7764.5,7762.25,7762.75,418
2026-10-05 06:11:00-04:00,7763.25,7763.25,7763.5,7762.5,7763.5,94
2026-10-05 06:12:00-04:00,7762.5,7762.5,7763.25,7762.25,7763.25,90
2026-10-05 06:13:00-04:00,7762.5,7762.5,7762.75,7762.0,7762.5,209
2026-10-05 06:14:00-04:00,7764.75,7764.75,7765.0,7762.25,7762.5,271
2026-10-05 06:15:00-04:00,7764.0,7764.0,7764.75,7762.75,7764.75,231
2026-10-05 06:16:00-04:00,7763.25,7763.25,7764.0,7763.25,7764.0,195
2026-10-05 06:17:00-04:00,7762.25,7762.25,7763.25,7761.75,7763.0,274
2026-10-05 06:18:00-04:00,7763.0,7763.0,7763.5,7762.25,7762.25,82
2026-10-05 06:19:00-04:00,7762.0,7762.0,7763.0,7761.5,7763.0,288
2026-10-05 06:20:00-04:00,7763.5,7763.5,7763.5,7762.25,7762.25,125
2026-10-05 06:21:00-04:00,7764.5,7764.5,7764.75,7763.5,7763.5,209
2026-10-05 06:22:00-04:00,7763.75,7763.75,7764.5,7763.5,7764.25,113
2026-10-05 06:23:00-04:00,7764.0,7764.0,7764.5,7763.5,7763.75,128
2026-10-05 06:24:00-04:00,7766.0,7766.0,7766.25,7764.25,7764.25,323
2026-10-05 06:25:00-04:00,7765.0,7765.0,7766.25,7765.0,7765.75,155
2026-10-05 06:26:00-04:00,7765.25,7765.25,7765.5,7764.25,7765.0,155
2026-10-05 06:27:00-04:00,7762.75,7762.75,7765.25,7762.5,7765.25,220
2026-10-05 06:28:00-04:00,7763.25,7763.25,7764.25,7762.5,7762.75,222
2026-10-05 06:29:00-04:00,7762.5,7762.5,7764.0,7762.5,7763.5,316
2026-10-05 06:30:00-04:00,7762.25,7762.25,7762.75,7762.0,7762.5,239
2026-10-05 06:31:00-04:00,7762.0,7762.0,7762.75,7761.75,7762.25,235
2026-10-05 06:32:00-04:00,7762.25,7762.25,7762.25,7761.5,7761.75,174
2026-10-05 06:33:00-04:00,7762.0,7762.0,7762.5,7761.75,7762.25,110
2026-10-05 06:34:00-04:00,7761.25,7761.25,7762.25,7760.75,7762.25,240
2026-10-05 06:35:00-04:00,7761.75,7761.75,7762.0,7761.0,7761.25,229
2026-10-05 06:36:00-04:00,7761.25,7761.25,7762.0,7761.25,7761.75,171
2026-10-05 06:37:00-04:00,7761.5,7761.5,7762.0,7761.25,7761.75,166
2026-10-05 06:38:00-04:00,7761.0,7761.0,7762.0,7760.25,7761.5,285
2026-10-05 06:39:00-04:00,7761.0,7761.0,7761.5,7760.25,7761.0,143
2026-10-05 06:40:00-04:00,7762.0,7762.0,7762.75,7760.75,7761.0,226
2026-10-05 06:41:00-04:00,7761.75,7761.75,7763.0,7761.5,7762.0,112
2026-10-05 06:42:00-04:00,7762.5,7762.5,7763.25,7761.5,7761.5,92
2026-10-05 06:43:00-04:00,7763.25,7763.25,7763.5,7762.25,7762.75,172
2026-10-05 06:44:00-04:00,7763.0,7763.0,7763.25,7762.75,7763.25,87
2026-10-05 06:45:00-04:00,7762.5,7762.5,7763.25,7762.25,7763.0,116
2026-10-05 06:46:00-04:00,7763.0,7763.0,7763.25,7762.5,7762.5,122
2026-10-05 06:47:00-04:00,7763.75,7763.75,7763.75,7763.0,7763.25,119
2026-10-05 06:48:00-04:00,7765.75,7765.75,7766.0,7764.0,7764.0,383
2026-10-05 06:49:00-04:00,7765.25,7765.25,7765.75,7764.75,7765.5,172
2026-10-05 06:50:00-04:00,7764.75,7764.75,7766.0,7764.75,7765.5,171
2026-10-05 06:51:00-04:00,7764.0,7764.0,7765.0,7763.75,7764.75,141
2026-10-05 06:52:00-04:00,7765.25,7765.25,7765.25,7763.75,7764.0,117
2026-10-05 06:53:00-04:00,7765.5,7765.5,7765.75,7765.0,7765.25,100
2026-10-05 06:54:00-04:00,7769.0,7769.0,7770.5,7765.0,7765.0,2369
2026-10-05 06:55:00-04:00,7772.5,7772.5,7775.5,7769.0,7769.0,2257
2026-10-05 06:56:00-04:00,7771.0,7771.0,7772.75,7769.5,7772.75,754
2026-10-05 06:57:00-04:00,7770.25,7770.25,7771.5,7770.0,7771.0,268
2026-10-05 06:58:00-04:00,7770.5,7770.5,7770.5,7769.25,7770.25,452
2026-10-05 06:59:00-04:00,7771.0,7771.0,7771.75,7770.5,7770.5,300
2026-10-05 07:00:00-04:00,7770.25,7770.25,7772.0,7767.0,7771.0,862
2026-10-05 07:01:00-04:00,7768.75,7768.75,7770.25,7768.25,7770.25,180
2026-10-05 07:02:00-04:00,7765.75,7765.75,7768.75,7764.75,7768.75,397
2026-10-05 07:03:00-04:00,7767.0,7767.0,7767.0,7765.25,7765.75,374
2026-10-05 07:04:00-04:00,7766.5,7766.5,7768.0,7766.5,7767.0,176
2026-10-05 07:05:00-04:00,7768.5,7768.5,7768.75,7766.25,7766.75,299
2026-10-05 07:06:00-04:00,7768.25,7768.25,7769.25,7768.0,7768.5,394
2026-10-05 07:07:00-04:00,7767.5,7767.5,7769.0,7767.5,7768.25,171
2026-10-05 07:08:00-04:00,7767.75,7767.75,7768.25,7767.5,7767.5,131
2026-10-05 07:09:00-04:00,7767.75,7767.75,7768.0,7767.5,7767.75,82
2026-10-05 07:10:00-04:00,7767.5,7767.5,7767.75,7767.25,7767.75,146
2026-10-05 07:11:00-04:00,7767.75,7767.75,7768.5,7767.0,7767.5,182
2026-10-05 07:12:00-04:00,7767.5,7767.5,7767.75,7766.75,7767.75,174
2026-10-05 07:13:00-04:00,7769.0,7769.0,7769.25,7767.0,7767.5,293
2026-10-05 07:14:00-04:00,7769.0,7769.0,7769.5,7768.5,7769.25,125
2026-10-05 07:15:00-04:00,7769.75,7769.75,7770.25,7769.25,7769.25,161
2026-10-05 07:16:00-04:00,7769.5,7769.5,7770.0,7767.5,7770.0,301
2026-10-05 07:17:00-04:00,7770.0,7770.0,7770.25,7769.5,7769.5,123
2026-10-05 07:18:00-04:00,7771.25,7771.25,7771.25,7770.0,7770.0,162
2026-10-05 07:19:00-04:00,7772.0,7772.0,7772.25,7771.25,7771.25,234
2026-10-05 07:20:00-04:00,7772.5,7772.5,7772.75,7772.0,7772.0,206
2026-10-05 07:21:00-04:00,7772.25,7772.25,7772.75,7772.25,7772.25,105
2026-10-05 07:22:00-04:00,7772.5,7772.5,7772.75,7771.5,7772.0,253
2026-10-05 07:23:00-04:00,7772.0,7772.0,7773.25,7772.0,7772.5,252
2026-10-05 07:24:00-04:00,7772.25,7772.25,7773.25,7771.75,7772.0,188
2026-10-05 07:25:00-04:00,7773.0,7773.0,7773.25,7772.5,7772.5,163
2026-10-05 07:26:00-04:00,7773.75,7773.75,7774.5,7773.0,7773.0,214
2026-10-05 07:27:00-04:00,7777.5,7777.5,7780.75,7773.5,7773.5,4371
2026-10-05 07:28:00-04:00,7779.5,7779.5,7779.75,7775.5,7777.75,881
2026-10-05 07:29:00-04:00,7780.0,7780.0,7780.25,7777.25,7779.5,714
2026-10-05 07:30:00-04:00,7778.75,7778.75,7782.75,7778.0,7779.75,891
2026-10-05 07:31:00-04:00,7778.5,7778.5,7779.5,7778.5,7778.75,278
2026-10-05 07:32:00-04:00,7777.25,7777.25,7779.0,7777.25,7778.25,372
2026-10-05 07:33:00-04:00,7776.25,7776.25,7777.5,7775.0,7777.5,1018
2026-10-05 07:34:00-04:00,7774.75,7774.75,7776.75,7774.75,7776.25,351
2026-10-05 07:35:00-04:00,7774.5,7774.5,7775.0,7773.75,7774.75,198
2026-10-05 07:36:00-04:00,7776.25,7776.25,7776.25,7773.5,7774.5,339
2026-10-05 07:37:00-04:00,7776.0,7776.0,7776.25,7775.5,7776.25,108
2026-10-05 07:38:00-04:00,7776.5,7776.5,7776.75,7776.0,7776.0,147
2026-10-05 07:39:00-04:00,7776.25,7776.25,7777.0,7776.25,7776.5,111
2026-10-05 07:40:00-04:00,7776.5,7776.5,7777.5,7776.5,7776.5,217
2026-10-05 07:41:00-04:00,7774.5,7774.5,7776.5,7774.25,7776.5,263
2026-10-05 07:42:00-04:00,7772.75,7772.75,7774.75,7772.5,7774.5,402
2026-10-05 07:43:00-04:00,7772.75,7772.75,7773.0,7772.0,7772.5,285
2026-10-05 07:44:00-04:00,7771.75,7771.75,7773.0,7771.25,7773.0,625
2026-10-05 07:45:00-04:00,7771.0,7771.0,7771.75,7770.0,7771.75,667
2026-10-05 07:46:00-04:00,7770.5,7770.5,7771.25,7770.5,7771.25,221
2026-10-05 07:47:00-04:00,7772.0,7772.0,7772.25,7770.25,7770.25,166
2026-10-05 07:48:00-04:00,7772.75,7772.75,7773.25,7772.0,7772.25,303
2026-10-05 07:49:00-04:00,7772.5,7772.5,7773.0,7772.0,7772.75,143
2026-10-05 07:50:00-04:00,7773.5,7773.5,7773.5,7772.5,7772.5,178
2026-10-05 07:51:00-04:00,7773.5,7773.5,7774.5,7773.0,7773.5,267
2026-10-05 07:52:00-04:00,7774.25,7774.25,7774.5,7773.25,7773.25,191
2026-10-05 07:53:00-04:00,7772.75,7772.75,7774.25,7772.5,7774.25,138
2026-10-05 07:54:00-04:00,7772.75,7772.75,7773.25,7772.25,7772.5,232
2026-10-05 07:55:00-04:00,7774.0,7774.0,7774.0,7772.5,7772.75,120
2026-10-05 07:56:00-04:00,7775.25,7775.25,7775.25,7774.0,7774.0,199
2026-10-05 07:57:00-04:00,7774.5,7774.5,7775.0,7773.75,7775.0,398
2026-10-05 07:58:00-04:00,7773.75,7773.75,7775.25,7773.75,7774.75,523
2026-10-05 07:59:00-04:00,7774.5,7774.5,7775.0,7773.75,7774.0,194
2026-10-05 08:00:00-04:00,7774.25,7774.25,7775.25,7773.0,7774.5,794
2026-10-05 08:01:00-04:00,7776.0,7776.0,7776.0,7774.5,7774.5,442
2026-10-05 08:02:00-04:00,7775.25,7775.25,7776.5,7773.25,7776.25,385
2026-10-05 08:03:00-04:00,7776.0,7776.0,7776.25,7774.75,7775.5,161
2026-10-05 08:04:00-04:00,7777.0,7777.0,7777.5,7776.0,7776.25,212
2026-10-05 08:05:00-04:00,7777.75,7777.75,7777.75,7776.75,7777.0,208
2026-10-05 08:06:00-04:00,7776.5,7776.5,7778.0,7776.5,7778.0,177
2026-10-05 08:07:00-04:00,7776.75,7776.75,7776.75,7776.0,7776.75,178
2026-10-05 08:08:00-04:00,7776.5,7776.5,7776.75,7775.0,7776.75,296
2026-10-05 08:09:00-04:00,7775.25,7775.25,7777.25,7775.25,7776.75,191
2026-10-05 08:10:00-04:00,7777.25,7777.25,7777.5,7775.0,7775.0,584
2026-10-05 08:11:00-04:00,7779.0,7779.0,7779.75,7776.75,7777.5,329
2026-10-05 08:12:00-04:00,7779.0,7779.0,7779.0,7778.5,7778.75,169
2026-10-05 08:13:00-04:00,7779.5,7779.5,7779.5,7778.25,7779.0,294
2026-10-05 08:14:00-04:00,7778.5,7778.5,7779.5,7778.25,7779.5,199
2026-10-05 08:15:00-04:00,7777.5,7777.5,7779.0,7777.5,7778.5,217
2026-10-05 08:16:00-04:00,7779.75,7779.75,7780.0,7777.25,7777.25,401
2026-10-05 08:17:00-04:00,7779.0,7779.0,7780.5,7778.75,7780.0,382
2026-10-05 08:18:00-04:00,7778.25,7778.25,7779.0,7778.25,7779.0,285
2026-10-05 08:19:00-04:00,7776.75,7776.75,7778.5,7776.5,7778.25,375
2026-10-05 08:20:00-04:00,7776.5,7776.5,7777.75,7775.75,7777.0,677
2026-10-05 08:21:00-04:00,7777.25,7777.25,7777.5,7776.25,7776.75,240
2026-10-05 08:22:00-04:00,7778.0,7778.0,7778.25,7776.5,7777.5,269
2026-10-05 08:23:00-04:00,7775.5,7775.5,7777.75,7775.5,7777.75,315
2026-10-05 08:24:00-04:00,7775.0,7775.0,7776.25,7774.75,7775.5,319
2026-10-05 08:25:00-04:00,7775.0,7775.0,7775.5,7774.25,7775.0,254
2026-10-05 08:26:00-04:00,7775.25,7775.25,7775.25,7774.0,7774.75,500
2026-10-05 08:27:00-04:00,7775.5,7775.5,7775.75,7775.0,7775.25,146
2026-10-05 08:28:00-04:00,7775.75,7775.75,7776.25,7775.25,7775.25,132
2026-10-05 08:29:00-04:00,7776.75,7776.75,7776.75,7775.0,7775.75,218
2026-10-05 08:30:00-04:00,7776.75,7776.75,7777.0,7775.75,7776.75,240
2026-10-05 08:31:00-04:00,7775.25,7775.25,7776.75,7774.25,7776.75,287
2026-10-05 08:32:00-04:00,7775.75,7775.75,7775.75,7775.25,7775.25,160
2026-10-05 08:33:00-04:00,7775.5,7775.5,7776.25,7775.0,7775.5,159
2026-10-05 08:34:00-04:00,7775.0,7775.0,7775.75,7774.25,7775.5,350
2026-10-05 08:35:00-04:00,7775.75,7775.75,7776.0,7774.75,7775.0,231
2026-10-05 08:36:00-04:00,7776.0,7776.0,7776.5,7775.75,7776.0,209
2026-10-05 08:37:00-04:00,7775.0,7775.0,7776.25,7773.75,7776.0,408
2026-10-05 08:38:00-04:00,7774.25,7774.25,7775.25,7773.5,7775.25,363
2026-10-05 08:39:00-04:00,7775.0,7775.0,7775.25,7774.25,7774.25,219
2026-10-05 08:40:00-04:00,7773.75,7773.75,7775.0,7772.5,7774.75,474
2026-10-05 08:41:00-04:00,7772.5,7772.5,7773.75,7772.5,7773.75,322
2026-10-05 08:42:00-04:00,7771.25,7771.25,7772.5,7771.0,7772.5,531
2026-10-05 08:43:00-04:00,7770.75,7770.75,7771.5,7770.25,7771.5,659
2026-10-05 08:44:00-04:00,7769.5,7769.5,7771.5,7769.25,7771.0,791
2026-10-05 08:45:00-04:00,7770.75,7770.75,7770.75,7769.25,7769.5,656
2026-10-05 08:46:00-04:00,7769.75,7769.75,7772.25,7769.25,7770.75,1015
2026-10-05 08:47:00-04:00,7769.25,7769.25,7769.75,7767.25,7769.5,1592
2026-10-05 08:48:00-04:00,7766.5,7766.5,7769.25,7766.25,7769.25,785
2026-10-05 08:49:00-04:00,7766.5,7766.5,7767.0,7765.5,7766.5,1057
2026-10-05 08:50:00-04:00,7767.25,7767.25,7767.5,7765.5,7766.5,395
2026-10-05 08:51:00-04:00,7767.0,7767.0,7768.25,7767.0,7767.5,500
2026-10-05 08:52:00-04:00,7765.0,7765.0,7769.75,7765.0,7767.0,2212
2026-10-05 08:53:00-04:00,7768.75,7768.75,7769.0,7765.0,7765.0,751
2026-10-05 08:54:00-04:00,7768.5,7768.5,7769.5,7768.25,7768.5,301
2026-10-05 08:55:00-04:00,7767.75,7767.75,7768.5,7767.0,7768.5,485
2026-10-05 08:56:00-04:00,7768.0,7768.0,7768.5,7767.0,7767.75,274
2026-10-05 08:57:00-04:00,7769.25,7769.25,7769.5,7767.5,7768.25,278
2026-10-05 08:58:00-04:00,7769.75,7769.75,7770.5,7768.75,7769.25,616
2026-10-05 08:59:00-04:00,7768.0,7768.0,7770.25,7767.75,7769.75,668
2026-10-05 09:00:00-04:00,7769.75,7769.75,7771.0,7768.0,7768.25,1017
2026-10-05 09:01:00-04:00,7769.75,7769.75,7770.0,7768.5,7769.75,516
2026-10-05 09:02:00-04:00,7769.75,7769.75,7770.0,7769.25,7769.75,398
2026-10-05 09:03:00-04:00,7770.0,7770.0,7771.0,7769.5,7769.75,441
2026-10-05 09:04:00-04:00,7770.0,7770.0,7771.5,7770.0,7770.0,454
2026-10-05 09:05:00-04:00,7769.75,7769.75,7770.5,7769.5,7770.0,559
2026-10-05 09:06:00-04:00,7770.0,7770.0,7771.0,7769.75,7770.0,833
2026-10-05 09:07:00-04:00,7769.5,7769.5,7770.75,7769.0,7770.25,393
2026-10-05 09:08:00-04:00,7770.0,7770.0,7770.5,7769.25,7769.5,341
2026-10-05 09:09:00-04:00,7771.0,7771.0,7771.5,7770.25,7770.25,648
2026-10-05 09:10:00-04:00,7772.25,7772.25,7772.5,7770.5,7771.0,729
2026-10-05 09:11:00-04:00,7773.25,7773.25,7773.5,7771.75,7772.5,806
2026-10-05 09:12:00-04:00,7773.5,7773.5,7773.75,7773.0,7773.0,683
2026-10-05 09:13:00-04:00,7773.0,7773.0,7773.75,7772.75,7773.5,505
2026-10-05 09:14:00-04:00,7772.25,7772.25,7773.25,7770.75,7773.0,1172
2026-10-05 09:15:00-04:00,7773.0,7773.0,7773.25,7772.25,7772.25,393
2026-10-05 09:16:00-04:00,7773.5,7773.5,7773.75,7772.75,7772.75,869
2026-10-05 09:17:00-04:00,7774.75,7774.75,7775.0,7773.25,7773.25,1887
2026-10-05 09:18:00-04:00,7774.75,7774.75,7775.75,7774.75,7775.0,655
2026-10-05 09:19:00-04:00,7775.0,7775.0,7775.5,7774.25,7774.75,322
2026-10-05 09:20:00-04:00,7776.0,7776.0,7776.25,7774.5,7775.0,607
2026-10-05 09:21:00-04:00,7776.25,7776.25,7777.0,7775.5,7776.0,620
2026-10-05 09:22:00-04:00,7775.5,7775.5,7776.5,7775.0,7776.25,535
2026-10-05 09:23:00-04:00,7775.25,7775.25,7775.75,7774.75,7775.5,490
2026-10-05 09:24:00-04:00,7774.0,7774.0,7775.5,7773.0,7775.5,1704
2026-10-05 09:25:00-04:00,7776.0,7776.0,7776.25,7773.5,7774.0,1290
2026-10-05 09:26:00-04:00,7775.25,7775.25,7776.25,7775.0,7776.0,473
2026-10-05 09:27:00-04:00,7777.75,7777.75,7778.5,7775.25,7775.25,2223
2026-10-05 09:28:00-04:00,7777.25,7777.25,7778.75,7777.25,7777.75,1212
2026-10-05 09:29:00-04:00,7778.5,7778.5,7779.25,7777.5,7777.5,1778
2026-10-05 09:30:00-04:00,7782.75,7782.75,7782.75,7778.25,7778.5,9045
2026-10-05 09:31:00-04:00,7789.75,7789.75,7789.75,7782.25,7782.5,6895
2026-10-05 09:32:00-04:00,7789.0,7789.0,7791.25,7788.25,7789.75,5512
2026-10-05 09:33:00-04:00,7790.0,7790.0,7790.25,7786.5,7789.0,4479
2026-10-05 09:34:00-04:00,7789.25,7789.25,7790.25,7787.75,7790.0,4344
2026-10-05 09:35:00-04:00,7790.75,7790.75,7791.25,7788.0,7789.25,5371
2026-10-05 09:36:00-04:00,7788.0,7788.0,7791.25,7787.5,7791.0,3585
2026-10-05 09:37:00-04:00,7786.5,7786.5,7789.75,7785.5,7788.0,3858
2026-10-05 09:38:00-04:00,7787.25,7787.25,7789.0,7786.0,7786.5,2032
2026-10-05 09:39:00-04:00,7787.25,7787.25,7788.75,7786.75,7787.5,2016
2026-10-05 09:40:00-04:00,7787.75,7787.75,7787.75,7785.0,7787.25,3289
2026-10-05 09:41:00-04:00,7790.0,7790.0,7790.25,7786.75,7787.5,2982
2026-10-05 09:42:00-04:00,7789.0,7789.0,7790.5,7787.25,7790.0,3469
2026-10-05 09:43:00-04:00,7787.25,7787.25,7789.75,7786.25,7789.25,2160
2026-10-05 09:44:00-04:00,7788.0,7788.0,7788.0,7784.5,7787.0,2476
2026-10-05 09:45:00-04:00,7788.0,7788.0,7791.25,7786.5,7788.0,4517
2026-10-05 09:46:00-04:00,7786.0,7786.0,7788.25,7784.25,7788.0,4412
2026-10-05 09:47:00-04:00,7787.75,7787.75,7788.25,7785.0,7785.75,3427
2026-10-05 09:48:00-04:00,7788.0,7788.0,7790.0,7787.25,7787.75,3389
2026-10-05 09:49:00-04:00,7788.0,7788.0,7790.0,7786.75,7787.75,2383
2026-10-05 09:50:00-04:00,7788.0,7788.0,7788.5,7786.25,7788.0,2990
2026-10-05 09:51:00-04:00,7788.75,7788.75,7790.5,7788.0,7788.25,2780
2026-10-05 09:52:00-04:00,7787.75,7787.75,7789.5,7787.5,7788.75,2293
2026-10-05 09:53:00-04:00,7785.5,7785.5,7788.5,7785.0,7788.0,2966
2026-10-05 09:54:00-04:00,7785.5,7785.5,7788.25,7785.0,7785.75,3799
2026-10-05 09:55:00-04:00,7788.25,7788.25,7788.75,7785.0,7785.5,2449
2026-10-05 09:56:00-04:00,7787.75,7787.75,7789.25,7786.25,7788.0,2274
2026-10-05 09:57:00-04:00,7787.5,7787.5,7788.5,7786.5,7787.75,1779
2026-10-05 09:58:00-04:00,7785.25,7785.25,7789.0,7784.5,7787.75,1951
2026-10-05 09:59:00-04:00,7787.75,7787.75,7788.75,7784.5,7785.0,1623
2026-10-05 10:00:00-04:00,7782.75,7782.75,7788.25,7781.0,7787.75,8066
2026-10-05 10:01:00-04:00,7788.0,7788.0,7789.0,7781.5,7782.5,5002
2026-10-05 10:02:00-04:00,7789.5,7789.5,7791.75,7786.75,7787.75,4892
2026-10-05 10:03:00-04:00,7791.0,7791.0,7791.25,7788.0,7789.75,2963
2026-10-05 10:04:00-04:00,7790.5,7790.5,7793.5,7790.5,7791.25,4635
2026-10-05 10:05:00-04:00,7794.5,7794.5,7794.5,7790.5,7790.5,3309
2026-10-05 10:06:00-04:00,7794.25,7794.25,7795.75,7793.25,7794.5,4557
2026-10-05 10:07:00-04:00,7794.75,7794.75,7795.75,7793.5,7794.5,3611
2026-10-05 10:08:00-04:00,7797.5,7797.5,7798.75,7792.75,7794.75,9404
2026-10-05 10:09:00-04:00,7799.5,7799.5,7799.5,7794.75,7797.5,6166
2026-10-05 10:10:00-04:00,7797.0,7797.0,7800.25,7796.5,7799.5,5197
2026-10-05 10:11:00-04:00,7800.0,7800.0,7800.25,7796.75,7796.75,2737
2026-10-05 10:12:00-04:00,7800.75,7800.75,7802.25,7799.25,7799.75,4275
2026-10-05 10:13:00-04:00,7802.75,7802.75,7802.75,7800.0,7801.0,3235
2026-10-05 10:14:00-04:00,7800.75,7800.75,7802.75,7799.75,7802.75,3460
2026-10-05 10:15:00-04:00,7804.5,7804.5,7804.5,7799.25,7800.75,5717
2026-10-05 10:16:00-04:00,7806.75,7806.75,7807.75,7804.0,7804.5,4661
2026-10-05 10:17:00-04:00,7806.25,7806.25,7808.25,7805.5,7806.5,3480
2026-10-05 10:18:00-04:00,7805.25,7805.25,7806.25,7804.25,7806.25,2907
2026-10-05 10:19:00-04:00,7805.5,7805.5,7806.5,7804.25,7805.25,2287
2026-10-05 10:20:00-04:00,7809.0,7809.0,7809.25,7805.5,7805.5,3263
2026-10-05 10:21:00-04:00,7807.75,7807.75,7809.75,7807.0,7809.0,3444
2026-10-05 10:22:00-04:00,7808.75,7808.75,7810.25,7807.25,7807.75,3309
2026-10-05 10:23:00-04:00,7807.5,7807.5,7809.5,7806.75,7808.5,2578
2026-10-05 10:24:00-04:00,7808.5,7808.5,7808.75,7807.0,7807.25,2208
2026-10-05 10:25:00-04:00,7809.5,7809.5,7810.0,7806.75,7808.25,5074
2026-10-05 10:26:00-04:00,7808.75,7808.75,7811.0,7808.5,7809.75,3712
2026-10-05 10:27:00-04:00,7806.75,7806.75,7809.0,7806.75,7809.0,2602
2026-10-05 10:28:00-04:00,7806.25,7806.25,7808.25,7805.75,7806.75,3519
2026-10-05 10:29:00-04:00,7808.0,7808.0,7808.5,7806.25,7806.25,2681
2026-10-05 10:30:00-04:00,7804.25,7804.25,7808.5,7803.5,7808.0,6208
2026-10-05 10:31:00-04:00,7803.0,7803.0,7804.25,7801.75,7804.0,3224
2026-10-05 10:32:00-04:00,7801.0,7801.0,7802.75,7800.25,7802.75,3896
2026-10-05 10:33:00-04:00,7799.0,7799.0,7802.0,7798.25,7800.75,3103
2026-10-05 10:34:00-04:00,7799.25,7799.25,7800.0,7798.0,7798.75,4102
2026-10-05 10:35:00-04:00,7800.75,7800.75,7801.5,7799.0,7799.25,3317
2026-10-05 10:36:00-04:00,7799.75,7799.75,7801.25,7799.0,7800.75,3098
2026-10-05 10:37:00-04:00,7803.25,7803.25,7804.75,7799.75,7799.75,3004
2026-10-05 10:38:00-04:00,7804.25,7804.25,7804.25,7802.5,7803.25,1664
2026-10-05 10:39:00-04:00,7805.0,7805.0,7805.75,7802.25,7804.25,2251
2026-10-05 10:40:00-04:00,7805.5,7805.5,7805.5,7803.0,7805.0,2405
2026-10-05 10:41:00-04:00,7805.0,7805.0,7806.25,7804.25,7805.5,2234
2026-10-05 10:42:00-04:00,7803.5,7803.5,7805.0,7802.5,7804.75,2532
2026-10-05 10:43:00-04:00,7803.25,7803.25,7804.25,7802.5,7803.25,1825
2026-10-05 10:44:00-04:00,7804.0,7804.0,7805.0,7803.25,7803.25,1590
2026-10-05 10:45:00-04:00,7804.75,7804.75,7805.0,7803.0,7804.0,2244
2026-10-05 10:46:00-04:00,7804.75,7804.75,7806.25,7804.25,7804.5,1891
2026-10-05 10:47:00-04:00,7804.75,7804.75,7805.0,7803.0,7805.0,1976
2026-10-05 10:48:00-04:00,7803.25,7803.25,7806.0,7803.25,7805.0,2767
2026-10-05 10:49:00-04:00,7805.0,7805.0,7805.75,7803.25,7803.5,1253
2026-10-05 10:50:00-04:00,7805.5,7805.5,7806.0,7804.75,7805.25,1600
2026-10-05 10:51:00-04:00,7803.75,7803.75,7805.75,7802.25,7805.5,4008
2026-10-05 10:52:00-04:00,7804.0,7804.0,7804.75,7803.0,7803.75,1319
2026-10-05 10:53:00-04:00,7805.5,7805.5,7805.75,7804.0,7804.0,1291
2026-10-05 10:54:00-04:00,7805.0,7805.0,7805.75,7804.5,7805.5,1600
2026-10-05 10:55:00-04:00,7804.0,7804.0,7805.25,7802.5,7805.25,1617
2026-10-05 10:56:00-04:00,7805.25,7805.25,7805.5,7804.0,7804.0,1276
2026-10-05 10:57:00-04:00,7809.0,7809.0,7809.25,7805.0,7805.0,3107
2026-10-05 10:58:00-04:00,7809.25,7809.25,7810.25,7808.75,7809.0,3590
2026-10-05 10:59:00-04:00,7809.0,7809.0,7809.5,7808.25,7809.25,1502
2026-10-05 11:00:00-04:00,7809.5,7809.5,7810.75,7808.5,7809.25,3790
2026-10-05 11:01:00-04:00,7809.0,7809.0,7810.0,7808.5,7809.5,1984
2026-10-05 11:02:00-04:00,7807.5,7807.5,7809.5,7807.25,7809.0,2129
2026-10-05 11:03:00-04:00,7807.25,7807.25,7809.0,7806.0,7807.5,2310
2026-10-05 11:04:00-04:00,7808.75,7808.75,7809.0,7807.25,7807.25,1768
2026-10-05 11:05:00-04:00,7807.25,7807.25,7809.25,7807.0,7809.0,1509
2026-10-05 11:06:00-04:00,7806.5,7806.5,7807.5,7806.0,7807.5,2263
2026-10-05 11:07:00-04:00,7807.0,7807.0,7807.25,7804.75,7806.25,2868
2026-10-05 11:08:00-04:00,7806.5,7806.5,7807.75,7805.5,7807.0,1752
2026-10-05 11:09:00-04:00,7805.25,7805.25,7806.5,7804.75,7806.5,1571
2026-10-05 11:10:00-04:00,7806.75,7806.75,7806.75,7804.0,7805.0,2705
2026-10-05 11:11:00-04:00,7805.5,7805.5,7807.0,7805.0,7806.75,2059
2026-10-05 11:12:00-04:00,7804.75,7804.75,7806.75,7804.5,7805.75,1573
2026-10-05 11:13:00-04:00,7805.5,7805.5,7805.75,7804.0,7804.75,1436
2026-10-05 11:14:00-04:00,7806.75,7806.75,7807.5,7804.75,7805.5,1742
2026-10-05 11:15:00-04:00,7805.25,7805.25,7808.0,7804.5,7807.0,1980
2026-10-05 11:16:00-04:00,7806.25,7806.25,7806.25,7804.0,7805.25,1721
2026-10-05 11:17:00-04:00,7806.75,7806.75,7807.25,7805.25,7806.0,1488
2026-10-05 11:18:00-04:00,7806.0,7806.0,7807.0,7805.25,7806.75,1148
2026-10-05 11:19:00-04:00,7807.25,7807.25,7807.75,7805.75,7806.0,1091
2026-10-05 11:20:00-04:00,7807.75,7807.75,7808.75,7806.75,7807.5,2109
2026-10-05 11:21:00-04:00,7806.5,7806.5,7808.0,7806.0,7807.75,1346
2026-10-05 11:22:00-04:00,7807.0,7807.0,7807.5,7805.0,7806.25,2263
2026-10-05 11:23:00-04:00,7808.0,7808.0,7809.0,7807.0,7807.0,1985
2026-10-05 11:24:00-04:00,7809.25,7809.25,7810.5,7807.75,7807.75,2035
2026-10-05 11:25:00-04:00,7809.0,7809.0,7810.0,7808.25,7809.5,2515
2026-10-05 11:26:00-04:00,7807.25,7807.25,7809.25,7807.25,7808.75,1787
2026-10-05 11:27:00-04:00,7807.75,7807.75,7807.75,7806.25,7807.25,2303
2026-10-05 11:28:00-04:00,7808.0,7808.0,7808.25,7807.25,7807.75,1470
2026-10-05 11:29:00-04:00,7809.75,7809.75,7810.75,7807.75,7807.75,2526
2026-10-05 11:30:00-04:00,7810.75,7810.75,7811.75,7809.5,7809.75,2772
2026-10-05 11:31:00-04:00,7810.75,7810.75,7812.25,7810.25,7810.5,2286
2026-10-05 11:32:00-04:00,7812.25,7812.25,7812.5,7810.25,7810.5,1907
2026-10-05 11:33:00-04:00,7812.5,7812.5,7812.75,7810.5,7812.0,2005
2026-10-05 11:34:00-04:00,7811.75,7811.75,7812.5,7810.5,7812.5,2209
2026-10-05 11:35:00-04:00,7811.0,7811.0,7812.5,7810.0,7811.75,1949
2026-10-05 11:36:00-04:00,7811.75,7811.75,7812.0,7810.5,7811.0,1555
2026-10-05 11:37:00-04:00,7811.5,7811.5,7812.75,7810.75,7811.5,2554
2026-10-05 11:38:00-04:00,7811.75,7811.75,7812.25,7811.0,7811.75,1154
2026-10-05 11:39:00-04:00,7812.0,7812.0,7812.25,7811.25,7812.0,984
2026-10-05 11:40:00-04:00,7811.5,7811.5,7812.25,7810.75,7812.0,1581
2026-10-05 11:41:00-04:00,7814.5,7814.5,7814.75,7811.25,7811.5,3058
2026-10-05 11:42:00-04:00,7814.75,7814.75,7815.5,7813.25,7814.5,3338
2026-10-05 11:43:00-04:00,7815.5,7815.5,7816.0,7814.5,7814.75,1674
2026-10-05 11:44:00-04:00,7814.5,7814.5,7816.25,7814.0,7815.5,1786
2026-10-05 11:45:00-04:00,7812.25,7812.25,7814.5,7811.75,7814.25,2544
2026-10-05 11:46:00-04:00,7812.25,7812.25,7812.75,7811.25,7812.25,1689
2026-10-05 11:47:00-04:00,7812.75,7812.75,7812.75,7811.5,7812.0,1345
2026-10-05 11:48:00-04:00,7813.25,7813.25,7813.75,7812.5,7812.75,1303
2026-10-05 11:49:00-04:00,7814.75,7814.75,7815.0,7813.25,7813.25,1139
2026-10-05 11:50:00-04:00,7814.5,7814.5,7814.75,7813.5,7814.5,1272
2026-10-05 11:51:00-04:00,7816.0,7816.0,7816.25,7814.0,7814.5,1418
2026-10-05 11:52:00-04:00,7814.75,7814.75,7816.0,7814.5,7816.0,1509
2026-10-05 11:53:00-04:00,7814.5,7814.5,7815.25,7814.25,7815.0,910
2026-10-05 11:54:00-04:00,7814.25,7814.25,7815.5,7814.0,7814.5,1540
2026-10-05 11:55:00-04:00,7813.5,7813.5,7814.5,7813.0,7814.25,1346
2026-10-05 11:56:00-04:00,7814.25,7814.25,7814.25,7813.0,7813.25,1281
2026-10-05 11:57:00-04:00,7814.25,7814.25,7815.0,7813.5,7814.25,1234
2026-10-05 11:58:00-04:00,7814.75,7814.75,7815.0,7813.0,7814.5,1620
2026-10-05 11:59:00-04:00,7814.25,7814.25,7815.5,7814.25,7814.5,1677
2026-10-05 12:00:00-04:00,7812.5,7812.5,7814.75,7812.0,7814.5,2351
2026-10-05 12:01:00-04:00,7813.5,7813.5,7813.75,7812.0,7812.25,2494
2026-10-05 12:02:00-04:00,7812.75,7812.75,7814.5,7812.5,7813.5,1939
2026-10-05 12:03:00-04:00,7810.75,7810.75,7812.75,7810.5,7812.75,2126
2026-10-05 12:04:00-04:00,7811.25,7811.25,7811.75,7810.5,7811.0,1715
2026-10-05 12:05:00-04:00,7811.5,7811.5,7812.0,7810.75,7811.25,1213
2026-10-05 12:06:00-04:00,7811.25,7811.25,7812.0,7810.75,7811.75,1024
2026-10-05 12:07:00-04:00,7810.5,7810.5,7811.75,7810.25,7811.5,1339
2026-10-05 12:08:00-04:00,7811.5,7811.5,7811.5,7810.25,7810.5,889
2026-10-05 12:09:00-04:00,7812.5,7812.5,7813.25,7811.0,7811.75,2023
2026-10-05 12:10:00-04:00,7811.75,7811.75,7813.25,7811.5,7812.5,1111
2026-10-05 12:11:00-04:00,7812.5,7812.5,7813.0,7811.75,7812.0,797
2026-10-05 12:12:00-04:00,7813.5,7813.5,7813.75,7812.25,7812.5,1043
2026-10-05 12:13:00-04:00,7813.25,7813.25,7813.75,7812.75,7813.5,911
2026-10-05 12:14:00-04:00,7812.75,7812.75,7813.75,7812.5,7813.5,792
2026-10-05 12:15:00-04:00,7811.0,7811.0,7813.0,7810.25,7813.0,2502
2026-10-05 12:16:00-04:00,7811.75,7811.75,7812.25,7810.5,7810.75,1641
2026-10-05 12:17:00-04:00,7810.75,7810.75,7812.5,7810.25,7812.0,1008
2026-10-05 12:18:00-04:00,7810.75,7810.75,7811.5,7810.25,7811.0,1038
2026-10-05 12:19:00-04:00,7810.75,7810.75,7811.5,7810.0,7810.5,1192
2026-10-05 12:20:00-04:00,7810.5,7810.5,7811.25,7810.25,7810.5,808
2026-10-05 12:21:00-04:00,7811.25,7811.25,7811.25,7809.25,7810.75,1606
2026-10-05 12:22:00-04:00,7812.75,7812.75,7813.25,7810.75,7811.25,1155
2026-10-05 12:23:00-04:00,7816.0,7816.0,7816.25,7812.5,7813.0,3171
2026-10-05 12:24:00-04:00,7816.5,7816.5,7817.75,7816.0,7816.0,2402
2026-10-05 12:25:00-04:00,7816.0,7816.0,7816.5,7815.25,7816.25,1781
2026-10-05 12:26:00-04:00,7817.25,7817.25,7817.5,7815.25,7815.75,1363
2026-10-05 12:27:00-04:00,7816.75,7816.75,7817.5,7816.0,7817.0,1177
2026-10-05 12:28:00-04:00,7817.0,7817.0,7817.5,7816.5,7816.5,976
2026-10-05 12:29:00-04:00,7817.25,7817.25,7818.25,7817.0,7817.0,1525
2026-10-05 12:30:00-04:00,7818.25,7818.25,7818.5,7817.0,7817.5,1756
2026-10-05 12:31:00-04:00,7816.75,7816.75,7818.25,7816.5,7818.25,1131
2026-10-05 12:32:00-04:00,7816.5,7816.5,7817.25,7816.25,7816.5,1987
2026-10-05 12:33:00-04:00,7817.5,7817.5,7817.5,7816.0,7816.5,922
2026-10-05 12:34:00-04:00,7818.25,7818.25,7818.75,7817.25,7817.75,1342
2026-10-05 12:35:00-04:00,7819.25,7819.25,7819.75,7818.0,7818.25,2210
2026-10-05 12:36:00-04:00,7820.5,7820.5,7820.75,7819.0,7819.25,2557
2026-10-05 12:37:00-04:00,7820.5,7820.5,7821.0,7819.5,7820.5,1535
2026-10-05 12:38:00-04:00,7821.5,7821.5,7822.0,7820.0,7820.25,2223
2026-10-05 12:39:00-04:00,7821.0,7821.0,7821.75,7820.5,7821.5,1910
2026-10-05 12:40:00-04:00,7822.0,7822.0,7822.25,7820.75,7821.0,1332
2026-10-05 12:41:00-04:00,7823.25,7823.25,7824.25,7821.75,7822.0,2869
2026-10-05 12:42:00-04:00,7824.25,7824.25,7824.5,7822.75,7823.0,1884
2026-10-05 12:43:00-04:00,7824.75,7824.75,7826.25,7824.0,7824.0,4127
2026-10-05 12:44:00-04:00,7826.0,7826.0,7826.5,7824.5,7824.75,2735
2026-10-05 12:45:00-04:00,7825.25,7825.25,7826.75,7825.0,7825.75,3232
2026-10-05 12:46:00-04:00,7824.5,7824.5,7825.25,7824.25,7825.0,2464
2026-10-05 12:47:00-04:00,7823.5,7823.5,7824.5,7823.25,7824.25,1127
2026-10-05 12:48:00-04:00,7824.5,7824.5,7824.5,7823.0,7823.5,1492
2026-10-05 12:49:00-04:00,7824.75,7824.75,7825.5,7824.0,7824.25,1523
2026-10-05 12:50:00-04:00,7825.75,7825.75,7825.75,7824.5,7824.75,976
2026-10-05 12:51:00-04:00,7825.5,7825.5,7826.75,7825.25,7825.75,1515
2026-10-05 12:52:00-04:00,7826.25,7826.25,7826.75,7825.5,7825.5,1896
2026-10-05 12:53:00-04:00,7826.5,7826.5,7827.0,7825.5,7826.0,1552
2026-10-05 12:54:00-04:00,7825.0,7825.0,7827.0,7825.0,7826.5,1143
2026-10-05 12:55:00-04:00,7823.75,7823.75,7825.25,7823.25,7825.0,1725
2026-10-05 12:56:00-04:00,7823.75,7823.75,7825.25,7823.5,7823.75,2003
2026-10-05 12:57:00-04:00,7823.0,7823.0,7824.0,7822.5,7824.0,1311
2026-10-05 12:58:00-04:00,7823.75,7823.75,7824.0,7822.5,7823.0,807
2026-10-05 12:59:00-04:00,7822.25,7822.25,7824.0,7822.0,7823.75,2406
2026-10-05 13:00:00-04:00,7822.25,7822.25,7823.0,7821.0,7822.25,2045
2026-10-05 13:01:00-04:00,7822.25,7822.25,7823.0,7821.5,7822.0,1055
2026-10-05 13:02:00-04:00,7821.0,7821.0,7822.25,7820.5,7822.25,1341
2026-10-05 13:03:00-04:00,7820.5,7820.5,7821.25,7820.25,7820.75,1262
2026-10-05 13:04:00-04:00,7819.5,7819.5,7821.75,7819.25,7820.5,1704
2026-10-05 13:05:00-04:00,7820.25,7820.25,7820.5,7819.0,7819.25,1109
2026-10-05 13:06:00-04:00,7821.0,7821.0,7821.5,7820.0,7820.25,1115
2026-10-05 13:07:00-04:00,7821.75,7821.75,7822.25,7821.25,7821.25,1119
2026-10-05 13:08:00-04:00,7821.5,7821.5,7822.0,7821.0,7822.0,1000
2026-10-05 13:09:00-04:00,7821.25,7821.25,7821.75,7820.75,7821.5,922
2026-10-05 13:10:00-04:00,7822.25,7822.25,7822.5,7821.25,7821.25,1408
2026-10-05 13:11:00-04:00,7822.5,7822.5,7822.5,7821.5,7822.5,917
2026-10-05 13:12:00-04:00,7822.5,7822.5,7823.5,7822.25,7822.5,1355
2026-10-05 13:13:00-04:00,7822.75,7822.75,7822.75,7822.5,7822.75,677
2026-10-05 13:14:00-04:00,7823.0,7823.0,7823.0,7822.25,7822.75,554
2026-10-05 13:15:00-04:00,7824.5,7824.5,7825.0,7822.75,7823.0,2228
2026-10-05 13:16:00-04:00,7824.5,7824.5,7824.75,7823.5,7824.75,1084
2026-10-05 13:17:00-04:00,7823.0,7823.0,7824.5,7822.75,7824.25,1082
2026-10-05 13:18:00-04:00,7823.25,7823.25,7823.5,7822.5,7823.0,901
2026-10-05 13:19:00-04:00,7824.25,7824.25,7824.25,7823.25,7823.25,903
2026-10-05 13:20:00-04:00,7824.75,7824.75,7825.0,7823.75,7824.25,1146
2026-10-05 13:21:00-04:00,7823.75,7823.75,7825.0,7823.5,7824.75,786
2026-10-05 13:22:00-04:00,7824.0,7824.0,7825.0,7823.5,7823.75,851
2026-10-05 13:23:00-04:00,7824.75,7824.75,7824.75,7824.0,7824.0,615
2026-10-05 13:24:00-04:00,7825.25,7825.25,7825.25,7824.25,7824.75,701
2026-10-05 13:25:00-04:00,7824.0,7824.0,7826.0,7823.75,7825.25,2320
2026-10-05 13:26:00-04:00,7823.75,7823.75,7824.5,7823.25,7823.75,1011
2026-10-05 13:27:00-04:00,7823.75,7823.75,7824.25,7823.25,7823.75,877
2026-10-05 13:28:00-04:00,7824.75,7824.75,7825.0,7823.75,7823.75,941
2026-10-05 13:29:00-04:00,7824.75,7824.75,7825.25,7824.0,7824.75,983
2026-10-05 13:30:00-04:00,7823.75,7823.75,7825.0,7823.25,7824.75,1327
2026-10-05 13:31:00-04:00,7824.75,7824.75,7824.75,7823.5,7823.75,1104
2026-10-05 13:32:00-04:00,7823.75,7823.75,7824.75,7823.5,7824.75,804
2026-10-05 13:33:00-04:00,7823.5,7823.5,7823.75,7822.75,7823.75,900
2026-10-05 13:34:00-04:00,7824.0,7824.0,7824.5,7823.5,7823.5,1021
2026-10-05 13:35:00-04:00,7824.0,7824.0,7824.0,7823.0,7823.75,856
2026-10-05 13:36:00-04:00,7824.25,7824.25,7825.0,7823.75,7824.0,1169
2026-10-05 13:37:00-04:00,7824.5,7824.5,7825.25,7824.25,7824.25,953
2026-10-05 13:38:00-04:00,7823.75,7823.75,7824.75,7823.5,7824.5,963
2026-10-05 13:39:00-04:00,7823.0,7823.0,7823.75,7822.75,7823.75,955
2026-10-05 13:40:00-04:00,7822.75,7822.75,7823.5,7822.75,7823.25,637
2026-10-05 13:41:00-04:00,7824.25,7824.25,7824.25,7822.5,7822.75,1509
2026-10-05 13:42:00-04:00,7824.25,7824.25,7824.75,7824.0,7824.25,981
2026-10-05 13:43:00-04:00,7826.5,7826.5,7826.5,7824.25,7824.25,2328
2026-10-05 13:44:00-04:00,7830.25,7830.25,7830.5,7826.25,7826.5,4475
2026-10-05 13:45:00-04:00,7829.25,7829.25,7831.5,7829.25,7830.0,3484
2026-10-05 13:46:00-04:00,7828.75,7828.75,7829.5,7828.75,7829.25,1743
2026-10-05 13:47:00-04:00,7828.0,7828.0,7828.75,7827.75,7828.75,1232
2026-10-05 13:48:00-04:00,7828.5,7828.5,7828.75,7827.25,7828.0,1743
2026-10-05 13:49:00-04:00,7828.5,7828.5,7829.0,7828.25,7828.5,992
2026-10-05 13:50:00-04:00,7828.5,7828.5,7829.5,7828.5,7828.75,1137
2026-10-05 13:51:00-04:00,7829.0,7829.0,7829.5,7828.5,7828.75,684
2026-10-05 13:52:00-04:00,7827.75,7827.75,7829.0,7827.75,7828.75,1104
2026-10-05 13:53:00-04:00,7829.0,7829.0,7829.25,7827.75,7828.0,967
2026-10-05 13:54:00-04:00,7827.25,7827.25,7829.0,7827.25,7829.0,1354
2026-10-05 13:55:00-04:00,7826.75,7826.75,7827.5,7826.5,7827.25,1275
2026-10-05 13:56:00-04:00,7827.5,7827.5,7827.5,7826.5,7826.75,1279
2026-10-05 13:57:00-04:00,7828.0,7828.0,7828.5,7827.0,7827.5,770
2026-10-05 13:58:00-04:00,7829.0,7829.0,7829.0,7828.0,7828.0,850
2026-10-05 13:59:00-04:00,7829.0,7829.0,7829.5,7828.25,7828.75,1191
2026-10-05 14:00:00-04:00,7829.25,7829.25,7829.75,7828.5,7829.0,1436
2026-10-05 14:01:00-04:00,7830.5,7830.5,7831.0,7829.0,7829.5,1450
2026-10-05 14:02:00-04:00,7830.0,7830.0,7830.75,7829.0,7830.25,1273
2026-10-05 14:03:00-04:00,7829.5,7829.5,7830.0,7829.0,7830.0,1111
2026-10-05 14:04:00-04:00,7829.5,7829.5,7829.75,7828.75,7829.75,831
2026-10-05 14:05:00-04:00,7827.0,7827.0,7829.75,7825.5,7829.5,4605
2026-10-05 14:06:00-04:00,7826.75,7826.75,7827.25,7826.0,7827.25,999
2026-10-05 14:07:00-04:00,7826.0,7826.0,7826.75,7826.0,7826.75,1257
2026-10-05 14:08:00-04:00,7826.5,7826.5,7827.25,7825.75,7826.0,915
2026-10-05 14:09:00-04:00,7828.25,7828.25,7828.5,7826.5,7826.75,1226
2026-10-05 14:10:00-04:00,7828.25,7828.25,7828.5,7827.75,7828.0,866
2026-10-05 14:11:00-04:00,7828.5,7828.5,7828.5,7828.0,7828.25,532
2026-10-05 14:12:00-04:00,7828.25,7828.25,7828.5,7827.75,7828.25,1095
2026-10-05 14:13:00-04:00,7828.25,7828.25,7828.5,7827.5,7828.5,938
2026-10-05 14:14:00-04:00,7828.75,7828.75,7829.0,7828.0,7828.25,694
2026-10-05 14:15:00-04:00,7829.25,7829.25,7829.5,7828.75,7829.0,1222
2026-10-05 14:16:00-04:00,7830.0,7830.0,7830.5,7829.25,7829.5,1480
2026-10-05 14:17:00-04:00,7830.5,7830.5,7830.5,7829.75,7830.0,1162
2026-10-05 14:18:00-04:00,7830.0,7830.0,7830.5,7829.75,7830.25,1142
2026-10-05 14:19:00-04:00,7829.0,7829.0,7830.0,7829.0,7830.0,1110
2026-10-05 14:20:00-04:00,7829.25,7829.25,7829.5,7828.75,7829.25,1015
2026-10-05 14:21:00-04:00,7830.75,7830.75,7831.25,7829.25,7829.25,1113
2026-10-05 14:22:00-04:00,7830.0,7830.0,7831.25,7830.0,7830.75,798
2026-10-05 14:23:00-04:00,7830.5,7830.5,7830.5,7829.75,7830.25,820
2026-10-05 14:24:00-04:00,7831.0,7831.0,7831.0,7830.0,7830.5,952
2026-10-05 14:25:00-04:00,7830.0,7830.0,7831.0,7830.0,7831.0,619
2026-10-05 14:26:00-04:00,7832.0,7832.0,7832.5,7830.0,7830.25,1772
2026-10-05 14:27:00-04:00,7832.5,7832.5,7833.5,7831.25,7832.0,3384
2026-10-05 14:28:00-04:00,7834.0,7834.0,7835.25,7832.5,7832.75,3416
2026-10-05 14:29:00-04:00,7832.75,7832.75,7834.5,7832.5,7834.0,2447
2026-10-05 14:30:00-04:00,7833.75,7833.75,7834.25,7832.25,7833.0,2989
2026-10-05 14:31:00-04:00,7832.5,7832.5,7833.75,7832.0,7833.5,1487
2026-10-05 14:32:00-04:00,7832.5,7832.5,7833.0,7831.25,7832.25,1953
2026-10-05 14:33:00-04:00,7832.75,7832.75,7833.0,7832.0,7832.75,1236
2026-10-05 14:34:00-04:00,7832.75,7832.75,7832.75,7831.75,7832.5,878
2026-10-05 14:35:00-04:00,7833.75,7833.75,7834.0,7832.5,7832.75,1325
2026-10-05 14:36:00-04:00,7833.5,7833.5,7834.25,7833.25,7834.0,857
2026-10-05 14:37:00-04:00,7832.5,7832.5,7833.5,7832.25,7833.25,1163
2026-10-05 14:38:00-04:00,7832.5,7832.5,7832.5,7831.75,7832.25,1279
2026-10-05 14:39:00-04:00,7832.75,7832.75,7833.0,7832.0,7832.5,998
2026-10-05 14:40:00-04:00,7833.25,7833.25,7833.25,7832.25,7832.75,1002
2026-10-05 14:41:00-04:00,7833.25,7833.25,7834.0,7832.75,7833.25,1035
2026-10-05 14:42:00-04:00,7833.25,7833.25,7833.75,7833.0,7833.25,815
2026-10-05 14:43:00-04:00,7831.75,7831.75,7833.25,7831.5,7833.25,1005
2026-10-05 14:44:00-04:00,7832.5,7832.5,7832.5,7831.25,7831.75,1144
2026-10-05 14:45:00-04:00,7832.0,7832.0,7832.75,7831.5,7832.25,2147
2026-10-05 14:46:00-04:00,7832.0,7832.0,7833.0,7832.0,7832.25,2138
2026-10-05 14:47:00-04:00,7831.5,7831.5,7832.25,7831.25,7832.0,928
2026-10-05 14:48:00-04:00,7831.5,7831.5,7832.0,7831.0,7831.5,1399
2026-10-05 14:49:00-04:00,7832.0,7832.0,7832.0,7831.5,7831.5,566
2026-10-05 14:50:00-04:00,7832.0,7832.0,7832.5,7831.5,7832.0,1598
2026-10-05 14:51:00-04:00,7833.75,7833.75,7833.75,7832.0,7832.25,1673
2026-10-05 14:52:00-04:00,7833.5,7833.5,7834.0,7833.25,7833.75,1031
2026-10-05 14:53:00-04:00,7833.75,7833.75,7834.5,7833.25,7833.5,1098
2026-10-05 14:54:00-04:00,7833.25,7833.25,7833.75,7833.0,7833.75,1141
2026-10-05 14:55:00-04:00,7833.5,7833.5,7833.75,7833.0,7833.0,1101
2026-10-05 14:56:00-04:00,7834.5,7834.5,7834.75,7833.25,7833.25,1026
2026-10-05 14:57:00-04:00,7836.5,7836.5,7836.5,7834.25,7834.75,3182
2026-10-05 14:58:00-04:00,7837.25,7837.25,7837.5,7836.25,7836.5,3673
2026-10-05 14:59:00-04:00,7837.25,7837.25,7838.25,7836.75,7837.25,2764
2026-10-05 15:00:00-04:00,7837.75,7837.75,7838.0,7836.75,7837.0,2496
2026-10-05 15:01:00-04:00,7839.25,7839.25,7840.0,7837.75,7837.75,3910
2026-10-05 15:02:00-04:00,7841.5,7841.5,7842.5,7839.25,7839.25,4697
2026-10-05 15:03:00-04:00,7841.25,7841.25,7842.0,7840.75,7841.5,2505
2026-10-05 15:04:00-04:00,7840.0,7840.0,7841.75,7840.0,7841.25,2476
2026-10-05 15:05:00-04:00,7840.5,7840.5,7841.0,7840.0,7840.0,1853
2026-10-05 15:06:00-04:00,7840.0,7840.0,7841.5,7839.75,7840.75,1684
2026-10-05 15:07:00-04:00,7839.25,7839.25,7840.25,7839.0,7840.0,1441
2026-10-05 15:08:00-04:00,7838.5,7838.5,7839.5,7837.75,7839.25,1752
2026-10-05 15:09:00-04:00,7838.75,7838.75,7839.25,7838.0,7838.25,1313
2026-10-05 15:10:00-04:00,7838.5,7838.5,7839.0,7837.75,7838.75,1980
2026-10-05 15:11:00-04:00,7839.75,7839.75,7840.0,7838.25,7838.5,1095
2026-10-05 15:12:00-04:00,7840.0,7840.0,7840.0,7839.25,7839.75,1123
2026-10-05 15:13:00-04:00,7841.5,7841.5,7841.5,7839.75,7840.0,1495
2026-10-05 15:14:00-04:00,7843.0,7843.0,7844.5,7841.25,7841.5,3696
2026-10-05 15:15:00-04:00,7843.25,7843.25,7843.5,7841.75,7843.0,2692
2026-10-05 15:16:00-04:00,7843.5,7843.5,7843.75,7842.5,7843.5,1923
2026-10-05 15:17:00-04:00,7843.75,7843.75,7845.5,7843.5,7843.5,3087
2026-10-05 15:18:00-04:00,7846.5,7846.5,7846.75,7843.75,7844.0,2246
2026-10-05 15:19:00-04:00,7845.5,7845.5,7847.5,7845.5,7846.5,2943
2026-10-05 15:20:00-04:00,7845.75,7845.75,7846.0,7845.0,7845.25,2540
2026-10-05 15:21:00-04:00,7844.25,7844.25,7846.25,7844.25,7845.75,2654
2026-10-05 15:22:00-04:00,7843.5,7843.5,7844.5,7843.5,7844.25,2835
2026-10-05 15:23:00-04:00,7843.25,7843.25,7844.0,7842.75,7843.5,1783
2026-10-05 15:24:00-04:00,7843.5,7843.5,7843.75,7842.25,7843.0,2138
2026-10-05 15:25:00-04:00,7844.25,7844.25,7845.0,7843.5,7843.5,1828
2026-10-05 15:26:00-04:00,7844.5,7844.5,7845.0,7844.0,7844.25,838
2026-10-05 15:27:00-04:00,7843.0,7843.0,7844.75,7843.0,7844.5,1152
2026-10-05 15:28:00-04:00,7843.0,7843.0,7843.5,7842.5,7843.25,2225
2026-10-05 15:29:00-04:00,7842.25,7842.25,7842.75,7841.0,7842.75,2552
2026-10-05 15:30:00-04:00,7841.75,7841.75,7842.25,7841.0,7842.0,2172
2026-10-05 15:31:00-04:00,7841.75,7841.75,7842.0,7840.75,7841.75,1799
2026-10-05 15:32:00-04:00,7839.25,7839.25,7841.5,7839.25,7841.5,2976
2026-10-05 15:33:00-04:00,7839.5,7839.5,7840.75,7838.75,7839.5,2560
2026-10-05 15:34:00-04:00,7838.75,7838.75,7840.25,7838.5,7839.5,1670
2026-10-05 15:35:00-04:00,7839.25,7839.25,7839.5,7838.5,7838.75,2091
2026-10-05 15:36:00-04:00,7839.75,7839.75,7839.75,7838.25,7839.0,1880
2026-10-05 15:37:00-04:00,7841.0,7841.0,7841.5,7839.5,7839.5,3009
2026-10-05 15:38:00-04:00,7841.0,7841.0,7842.0,7840.5,7840.75,2564
2026-10-05 15:39:00-04:00,7839.25,7839.25,7841.0,7838.75,7841.0,2312
2026-10-05 15:40:00-04:00,7838.5,7838.5,7840.0,7838.25,7839.0,2640
2026-10-05 15:41:00-04:00,7837.25,7837.25,7838.75,7837.0,7838.5,3731
2026-10-05 15:42:00-04:00,7837.0,7837.0,7837.25,7835.75,7837.0,2824
2026-10-05 15:43:00-04:00,7837.5,7837.5,7837.75,7836.5,7836.75,1982
2026-10-05 15:44:00-04:00,7836.75,7836.75,7837.75,7836.25,7837.25,2829
2026-10-05 15:45:00-04:00,7833.5,7833.5,7836.75,7832.5,7836.5,18651
2026-10-05 15:46:00-04:00,7831.5,7831.5,7833.75,7831.25,7833.5,5328
2026-10-05 15:47:00-04:00,7831.0,7831.0,7831.75,7829.75,7831.25,5796
2026-10-05 15:48:00-04:00,7831.25,7831.25,7832.5,7830.75,7830.75,4574
2026-10-05 15:49:00-04:00,7830.25,7830.25,7831.5,7830.0,7831.25,4517
2026-10-05 15:50:00-04:00,7827.25,7827.25,7831.25,7826.0,7830.0,12771
2026-10-05 15:51:00-04:00,7827.0,7827.0,7828.0,7826.25,7827.25,4875
2026-10-05 15:52:00-04:00,7825.25,7825.25,7828.5,7825.0,7826.75,6188
2026-10-05 15:53:00-04:00,7825.0,7825.0,7825.5,7822.75,7825.0,7721
2026-10-05 15:54:00-04:00,7824.25,7824.25,7825.0,7822.0,7825.0,8861
2026-10-05 15:55:00-04:00,7823.25,7823.25,7824.75,7821.0,7824.5,8364
2026-10-05 15:56:00-04:00,7824.0,7824.0,7825.75,7823.25,7823.5,6942
2026-10-05 15:57:00-04:00,7824.75,7824.75,7825.75,7822.5,7824.0,6936
2026-10-05 15:58:00-04:00,7826.25,7826.25,7828.25,7823.25,7824.75,18910
2026-10-05 15:59:00-04:00,7831.25,7831.25,7832.5,7822.5,7826.25,87365
2026-10-05 16:00:00-04:00,7829.0,7829.0,7832.5,7828.5,7831.25,18424
2026-10-05 16:01:00-04:00,7829.5,7829.5,7830.25,7828.75,7828.75,3511
2026-10-05 16:02:00-04:00,7829.0,7829.0,7829.75,7829.0,7829.5,1416
2026-10-05 16:03:00-04:00,7829.75,7829.75,7830.0,7828.5,7828.75,1402
2026-10-05 16:04:00-04:00,7830.5,7830.5,7831.0,7829.0,7829.75,1194
2026-10-05 16:05:00-04:00,7830.0,7830.0,7831.25,7829.75,7830.5,2177
2026-10-05 16:06:00-04:00,7829.75,7829.75,7830.75,7829.75,7830.25,971
2026-10-05 16:07:00-04:00,7829.75,7829.75,7830.0,7829.5,7830.0,750
2026-10-05 16:08:00-04:00,7829.75,7829.75,7830.25,7829.25,7829.5,942
2026-10-05 16:09:00-04:00,7829.0,7829.0,7830.25,7828.75,7830.0,1064
2026-10-05 16:10:00-04:00,7829.0,7829.0,7829.5,7828.75,7829.25,1065
2026-10-05 16:11:00-04:00,7829.25,7829.25,7829.25,7828.75,7829.25,887
2026-10-05 16:12:00-04:00,7829.75,7829.75,7830.0,7829.0,7829.0,669
2026-10-05 16:13:00-04:00,7829.5,7829.5,7830.0,7829.25,7829.75,1037
2026-10-05 16:14:00-04:00,7829.75,7829.75,7830.5,7829.5,7829.5,1175
2026-10-05 16:15:00-04:00,7830.75,7830.75,7830.75,7829.25,7829.5,669
2026-10-05 16:16:00-04:00,7829.5,7829.5,7830.5,7828.75,7830.5,970
2026-10-05 16:17:00-04:00,7830.0,7830.0,7830.0,7829.5,7829.75,310
2026-10-05 16:18:00-04:00,7830.0,7830.0,7830.5,7829.75,7830.25,197
2026-10-05 16:19:00-04:00,7829.75,7829.75,7830.0,7829.5,7830.0,199
2026-10-05 16:20:00-04:00,7829.75,7829.75,7830.0,7829.0,7830.0,452
2026-10-05 16:21:00-04:00,7830.25,7830.25,7830.25,7829.5,7829.75,193
2026-10-05 16:22:00-04:00,7830.5,7830.5,7830.75,7830.0,7830.25,212
2026-10-05 16:23:00-04:00,7830.5,7830.5,7830.75,7830.5,7830.5,154
2026-10-05 16:24:00-04:00,7829.75,7829.75,7830.5,7829.5,7830.5,189
2026-10-05 16:25:00-04:00,7829.75,7829.75,7829.75,7829.5,7829.5,185
2026-10-05 16:26:00-04:00,7829.5,7829.5,7830.0,7829.25,7829.75,276
2026-10-05 16:27:00-04:00,7829.0,7829.0,7829.75,7828.75,7829.5,296
2026-10-05 16:28:00-04:00,7829.5,7829.5,7829.5,7829.25,7829.25,140
2026-10-05 16:29:00-04:00,7829.5,7829.5,7829.75,7829.25,7829.5,230
2026-10-05 16:30:00-04:00,7830.0,7830.0,7830.0,7829.25,7829.25,219
2026-10-05 16:31:00-04:00,7829.75,7829.75,7830.25,7829.5,7829.75,259
2026-10-05 16:32:00-04:00,7830.0,7830.0,7830.25,7829.75,7830.0,84
2026-10-05 16:33:00-04:00,7829.75,7829.75,7830.25,7829.5,7830.0,206
2026-10-05 16:34:00-04:00,7829.75,7829.75,7830.0,7829.5,7829.5,92
2026-10-05 16:35:00-04:00,7829.0,7829.0,7829.75,7829.0,7829.5,203
2026-10-05 16:36:00-04:00,7829.75,7829.75,7830.0,7829.0,7829.25,246
2026-10-05 16:37:00-04:00,7829.25,7829.25,7829.75,7829.0,7829.5,57
2026-10-05 16:38:00-04:00,7829.25,7829.25,7829.5,7829.0,7829.0,79
2026-10-05 16:39:00-04:00,7829.5,7829.5,7829.5,7829.0,7829.0,197
2026-10-05 16:40:00-04:00,7829.75,7829.75,7830.5,7829.5,7829.5,236
2026-10-05 16:41:00-04:00,7829.75,7829.75,7830.0,7829.5,7829.75,337
2026-10-05 16:42:00-04:00,7829.5,7829.5,7829.5,7829.25,7829.5,85
2026-10-05 16:43:00-04:00,7829.0,7829.0,7829.5,7828.75,7829.5,271
2026-10-05 16:44:00-04:00,7829.0,7829.0,7829.25,7828.75,7829.0,144
2026-10-05 16:45:00-04:00,7829.0,7829.0,7829.25,7828.5,7829.0,409
2026-10-05 16:46:00-04:00,7829.0,7829.0,7829.25,7828.75,7829.0,296
2026-10-05 16:47:00-04:00,7828.5,7828.5,7829.0,7828.5,7828.75,191
2026-10-05 16:48:00-04:00,7828.5,7828.5,7828.75,7828.25,7828.5,73
2026-10-05 16:49:00-04:00,7828.75,7828.75,7829.25,7828.25,7828.75,373
2026-10-05 16:50:00-04:00,7829.5,7829.5,7829.5,7828.75,7828.75,234
2026-10-05 16:51:00-04:00,7829.25,7829.25,7829.5,7828.75,7829.25,167
2026-10-05 16:52:00-04:00,7829.0,7829.0,7829.25,7829.0,7829.25,77
2026-10-05 16:53:00-04:00,7829.25,7829.25,7829.75,7829.0,7829.25,296
2026-10-05 16:54:00-04:00,7829.75,7829.75,7829.75,7829.25,7829.5,282
2026-10-05 16:55:00-04:00,7830.25,7830.25,7830.25,7829.5,7829.5,254
2026-10-05 16:56:00-04:00,7830.5,7830.5,7831.0,7830.25,7830.25,465
2026-10-05 16:57:00-04:00,7830.5,7830.5,7831.0,7830.25,7830.25,221
2026-10-05 16:58:00-04:00,7830.75,7830.75,7830.75,7830.0,7830.75,1280
2026-10-05 16:59:00-04:00,7830.0,7830.0,7831.75,7829.75,7830.75,551
2026-10-05 18:00:00-04:00,7835.5,7835.5,7835.75,7831.5,7831.75,0
2026-10-05 18:01:00-04:00,7831.75,7831.75,7836.25,7831.5,7835.75,590
2026-10-05 18:02:00-04:00,7832.75,7832.75,7833.25,7831.5,7831.75,121
2026-10-05 18:03:00-04:00,7833.5,7833.5,7834.0,7832.5,7832.75,56
2026-10-05 18:04:00-04:00,7834.75,7834.75,7835.0,7833.5,7833.5,114
2026-10-05 18:05:00-04:00,7833.0,7833.0,7836.0,7832.75,7835.0,278
2026-10-05 18:06:00-04:00,7832.75,7832.75,7834.25,7832.75,7833.5,94
2026-10-05 18:07:00-04:00,7833.0,7833.0,7833.75,7832.75,7833.0,69
2026-10-05 18:08:00-04:00,7832.5,7832.5,7832.75,7832.25,7832.5,68
2026-10-05 18:09:00-04:00,7832.5,7832.5,7832.5,7831.5,7832.5,156
2026-10-05 18:10:00-04:00,7832.5,7832.5,7832.5,7831.75,7832.25,82
2026-10-05 18:11:00-04:00,7832.75,7832.75,7832.75,7832.5,7832.75,29
2026-10-05 18:12:00-04:00,7833.0,7833.0,7834.0,7832.5,7832.75,131
2026-10-05 18:13:00-04:00,7833.5,7833.5,7833.75,7833.0,7833.0,36
2026-10-05 18:14:00-04:00,7833.75,7833.75,7834.0,7833.5,7833.75,45
2026-10-05 18:15:00-04:00,7833.5,7833.5,7834.0,7833.5,7833.75,81
2026-10-05 18:16:00-04:00,7833.5,7833.5,7833.75,7833.25,7833.5,56
2026-10-05 18:17:00-04:00,7834.25,7834.25,7834.5,7833.75,7833.75,46
2026-10-05 18:18:00-04:00,7835.0,7835.0,7835.0,7834.0,7834.0,35
2026-10-05 18:19:00-04:00,7834.75,7834.75,7835.0,7834.25,7835.0,83
2026-10-05 18:20:00-04:00,7834.25,7834.25,7834.75,7834.0,7834.75,29
2026-10-05 18:21:00-04:00,7833.75,7833.75,7834.5,7833.5,7834.5,45
2026-10-05 18:22:00-04:00,7833.0,7833.0,7833.5,7833.0,7833.5,48
2026-10-05 18:23:00-04:00,7834.0,7834.0,7834.0,7833.25,7833.25,84
2026-10-05 18:24:00-04:00,7834.0,7834.0,7834.0,7833.5,7833.75,44
2026-10-05 18:25:00-04:00,7834.0,7834.0,7834.25,7834.0,7834.25,28
2026-10-05 18:26:00-04:00,7834.0,7834.0,7834.25,7833.75,7834.0,17
2026-10-05 18:27:00-04:00,7834.5,7834.5,7834.5,7834.0,7834.0,50
2026-10-05 18:28:00-04:00,7834.5,7834.5,7835.25,7834.25,7834.25,88
2026-10-05 18:29:00-04:00,7834.5,7834.5,7835.0,7834.5,7834.5,51
2026-10-05 18:30:00-04:00,7833.25,7833.25,7834.25,7833.25,7834.25,52
2026-10-05 18:31:00-04:00,7832.25,7832.25,7833.25,7832.25,7833.25,63
2026-10-05 18:32:00-04:00,7832.5,7832.5,7833.0,7832.5,7832.75,13
2026-10-05 18:33:00-04:00,7832.5,7832.5,7832.75,7832.5,7832.75,22
2026-10-05 18:34:00-04:00,7832.75,7832.75,7833.25,7832.5,7832.5,47
2026-10-05 18:35:00-04:00,7831.75,7831.75,7832.75,7831.5,7832.75,151
2026-10-05 18:36:00-04:00,7830.75,7830.75,7832.25,7830.5,7831.75,146
2026-10-05 18:37:00-04:00,7831.25,7831.25,7831.25,7830.5,7831.0,87
2026-10-05 18:38:00-04:00,7831.0,7831.0,7831.25,7830.5,7830.75,22
2026-10-05 18:39:00-04:00,7831.25,7831.25,7831.25,7831.0,7831.25,20
2026-10-05 18:40:00-04:00,7831.25,7831.25,7831.75,7831.25,7831.25,26
2026-10-05 18:41:00-04:00,7831.75,7831.75,7832.0,7831.5,7831.5,31
2026-10-05 18:42:00-04:00,7831.5,7831.5,7831.75,7831.25,7831.75,32
2026-10-05 18:43:00-04:00,7831.5,7831.5,7831.5,7831.25,7831.5,15
2026-10-05 18:44:00-04:00,7830.5,7830.5,7831.25,7830.5,7831.25,43
2026-10-05 18:45:00-04:00,7830.25,7830.25,7831.25,7830.25,7830.5,62
2026-10-05 18:46:00-04:00,7830.5,7830.5,7830.5,7830.0,7830.25,78
2026-10-05 18:47:00-04:00,7830.75,7830.75,7831.0,7830.25,7830.5,46
2026-10-05 18:48:00-04:00,7831.25,7831.25,7831.25,7830.75,7830.75,40
2026-10-05 18:49:00-04:00,7831.0,7831.0,7831.25,7831.0,7831.25,11
2026-10-05 18:50:00-04:00,7831.25,7831.25,7831.5,7831.0,7831.0,12
2026-10-05 18:51:00-04:00,7831.0,7831.0,7831.25,7831.0,7831.25,15
2026-10-05 18:52:00-04:00,7831.0,7831.0,7831.0,7831.0,7831.0,6
2026-10-05 18:53:00-04:00,7831.0,7831.0,7831.25,7830.5,7831.0,90
2026-10-05 18:54:00-04:00,7831.0,7831.0,7831.25,7831.0,7831.0,37
2026-10-05 18:55:00-04:00,7831.0,7831.0,7831.25,7831.0,7831.0,25
2026-10-05 18:56:00-04:00,7831.5,7831.5,7831.5,7831.0,7831.0,17
2026-10-05 18:57:00-04:00,7831.25,7831.25,7831.5,7831.25,7831.25,24
2026-10-05 18:58:00-04:00,7831.0,7831.0,7831.5,7830.75,7831.25,121
2026-10-05 18:59:00-04:00,7831.5,7831.5,7831.5,7831.0,7831.0,23
2026-10-05 19:00:00-04:00,7830.25,7830.25,7831.0,7830.0,7831.0,171
2026-10-05 19:01:00-04:00,7831.0,7831.0,7831.25,7830.25,7830.5,82
2026-10-05 19:02:00-04:00,7831.5,7831.5,7831.5,7831.25,7831.25,34
2026-10-05 19:03:00-04:00,7830.75,7830.75,7831.5,7830.25,7831.5,97
2026-10-05 19:04:00-04:00,7831.0,7831.0,7831.25,7830.75,7830.75,86
2026-10-05 19:05:00-04:00,7831.0,7831.0,7831.25,7831.0,7831.25,8
2026-10-05 19:06:00-04:00,7831.25,7831.25,7831.5,7831.25,7831.5,26
2026-10-05 19:07:00-04:00,7831.5,7831.5,7831.5,7831.0,7831.25,55
2026-10-05 19:08:00-04:00,7832.0,7832.0,7832.25,7831.25,7831.25,126
2026-10-05 19:09:00-04:00,7832.25,7832.25,7832.75,7832.0,7832.25,57
2026-10-05 19:10:00-04:00,7832.5,7832.5,7832.75,7832.5,7832.5,20
2026-10-05 19:11:00-04:00,7832.5,7832.5,7833.0,7832.5,7832.75,66
2026-10-05 19:12:00-04:00,7832.5,7832.5,7833.0,7832.5,7832.75,24
2026-10-05 19:13:00-04:00,7833.0,7833.0,7833.0,7832.5,7832.75,39
2026-10-05 19:14:00-04:00,7832.75,7832.75,7833.0,7832.75,7833.0,9
2026-10-05 19:15:00-04:00,7832.75,7832.75,7833.0,7832.75,7832.75,12
2026-10-05 19:16:00-04:00,7833.0,7833.0,7833.5,7832.75,7832.75,77
2026-10-05 19:17:00-04:00,7834.0,7834.0,7834.25,7833.25,7833.25,130
2026-10-05 19:18:00-04:00,7834.25,7834.25,7834.25,7833.75,7833.75,50
2026-10-05 19:19:00-04:00,7833.75,7833.75,7834.0,7833.5,7833.75,32
2026-10-05 19:20:00-04:00,7834.0,7834.0,7834.75,7833.75,7834.0,95
2026-10-05 19:21:00-04:00,7834.25,7834.25,7834.5,7834.0,7834.0,19
2026-10-05 19:22:00-04:00,7834.25,7834.25,7834.75,7834.25,7834.25,80
2026-10-05 19:23:00-04:00,7834.0,7834.0,7834.25,7833.75,7834.0,25
2026-10-05 19:24:00-04:00,7834.0,7834.0,7834.25,7834.0,7834.25,11
2026-10-05 19:25:00-04:00,7833.0,7833.0,7834.0,7833.0,7834.0,46
2026-10-05 19:26:00-04:00,7833.25,7833.25,7833.5,7832.5,7833.25,47
2026-10-05 19:27:00-04:00,7833.0,7833.0,7833.0,7832.5,7833.0,34
2026-10-05 19:28:00-04:00,7833.25,7833.25,7833.25,7832.75,7832.75,19
2026-10-05 19:29:00-04:00,7833.25,7833.25,7833.5,7833.25,7833.25,27
2026-10-05 19:30:00-04:00,7833.75,7833.75,7834.0,7833.25,7833.5,44
2026-10-05 19:31:00-04:00,7833.75,7833.75,7833.75,7833.5,7833.5,31
2026-10-05 19:32:00-04:00,7834.25,7834.25,7834.25,7833.75,7833.75,41
2026-10-05 19:33:00-04:00,7834.0,7834.0,7834.5,7834.0,7834.5,36
2026-10-05 19:34:00-04:00,7833.5,7833.5,7834.25,7833.5,7834.25,20
2026-10-05 19:35:00-04:00,7833.5,7833.5,7834.0,7833.5,7833.5,36
2026-10-05 19:36:00-04:00,7833.75,7833.75,7833.75,7833.25,7833.25,32
2026-10-05 19:37:00-04:00,7833.5,7833.5,7833.5,7833.5,7833.5,13
2026-10-05 19:38:00-04:00,7833.25,7833.25,7833.25,7833.25,7833.25,28
2026-10-05 19:39:00-04:00,7833.0,7833.0,7833.25,7833.0,7833.25,3
2026-10-05 19:40:00-04:00,7833.25,7833.25,7833.5,7833.25,7833.25,20
2026-10-05 19:41:00-04:00,7833.75,7833.75,7833.75,7833.25,7833.25,15
2026-10-05 19:42:00-04:00,7833.5,7833.5,7833.75,7833.5,7833.75,44
2026-10-05 19:43:00-04:00,7833.25,7833.25,7833.5,7833.25,7833.5,21
2026-10-05 19:44:00-04:00,7833.75,7833.75,7834.0,7833.5,7833.5,125
2026-10-05 19:45:00-04:00,7832.0,7832.0,7833.75,7831.75,7833.75,169
2026-10-05 19:46:00-04:00,7833.0,7833.0,7833.25,7831.75,7832.25,149
2026-10-05 19:47:00-04:00,7832.0,7832.0,7833.0,7831.75,7833.0,65
2026-10-05 19:48:00-04:00,7831.5,7831.5,7832.0,7831.25,7831.5,49
2026-10-05 19:49:00-04:00,7831.5,7831.5,7832.0,7831.0,7831.25,43
2026-10-05 19:50:00-04:00,7831.25,7831.25,7831.75,7831.25,7831.5,33
2026-10-05 19:51:00-04:00,7831.25,7831.25,7831.5,7831.0,7831.25,41
2026-10-05 19:52:00-04:00,7831.25,7831.25,7831.5,7831.0,7831.5,30
2026-10-05 19:53:00-04:00,7831.0,7831.0,7831.25,7831.0,7831.25,21
2026-10-05 19:54:00-04:00,7831.75,7831.75,7832.0,7831.0,7831.25,105
2026-10-05 19:55:00-04:00,7832.5,7832.5,7833.0,7832.0,7832.0,92
2026-10-05 19:56:00-04:00,7830.75,7830.75,7832.25,7830.75,7832.25,130
2026-10-05 19:57:00-04:00,7831.0,7831.0,7831.25,7830.75,7830.75,58
2026-10-05 19:58:00-04:00,7831.0,7831.0,7831.0,7830.5,7830.75,66
2026-10-05 19:59:00-04:00,7830.75,7830.75,7831.75,7830.5,7831.0,98
2026-10-05 20:00:00-04:00,7830.25,7830.25,7831.0,7829.5,7830.75,514
2026-10-05 20:01:00-04:00,7829.5,7829.5,7830.25,7829.0,7830.25,244
2026-10-05 20:02:00-04:00,7830.25,7830.25,7830.5,7829.25,7829.5,130
2026-10-05 20:03:00-04:00,7829.75,7829.75,7830.25,7829.5,7830.0,89
2026-10-05 20:04:00-04:00,7829.5,7829.5,7830.0,7829.5,7829.75,151
2026-10-05 20:05:00-04:00,7829.5,7829.5,7829.75,7829.0,7829.5,157
2026-10-05 20:06:00-04:00,7830.0,7830.0,7830.0,7829.5,7829.5,114
2026-10-05 20:07:00-04:00,7832.25,7832.25,7832.25,7829.75,7830.25,163
2026-10-05 20:08:00-04:00,7831.5,7831.5,7832.25,7831.0,7832.0,201
2026-10-05 20:09:00-04:00,7831.25,7831.25,7832.0,7831.25,7831.75,113
2026-10-05 20:10:00-04:00,7832.5,7832.5,7832.5,7831.25,7831.5,105
2026-10-05 20:11:00-04:00,7833.25,7833.25,7833.5,7832.5,7832.5,191
2026-10-05 20:12:00-04:00,7833.25,7833.25,7833.5,7833.0,7833.25,66
2026-10-05 20:13:00-04:00,7832.75,7832.75,7833.25,7832.25,7833.0,80
2026-10-05 20:14:00-04:00,7832.0,7832.0,7833.0,7832.0,7833.0,68
2026-10-05 20:15:00-04:00,7833.0,7833.0,7833.25,7832.0,7832.0,186
2026-10-05 20:16:00-04:00,7833.75,7833.75,7834.25,7832.75,7832.75,239
2026-10-05 20:17:00-04:00,7834.25,7834.25,7834.5,7833.5,7833.5,119
2026-10-05 20:18:00-04:00,7833.5,7833.5,7834.0,7833.0,7834.0,105
2026-10-05 20:19:00-04:00,7833.75,7833.75,7834.25,7833.5,7833.5,74
2026-10-05 20:20:00-04:00,7834.0,7834.0,7834.0,7833.25,7833.75,50
2026-10-05 20:21:00-04:00,7834.25,7834.25,7835.0,7834.0,7834.0,110
2026-10-05 20:22:00-04:00,7834.5,7834.5,7834.75,7834.0,7834.5,84
2026-10-05 20:23:00-04:00,7834.5,7834.5,7834.75,7834.25,7834.75,77
2026-10-05 20:24:00-04:00,7834.0,7834.0,7835.25,7833.75,7834.75,225
2026-10-05 20:25:00-04:00,7832.5,7832.5,7834.0,7832.0,7834.0,244
2026-10-05 20:26:00-04:00,7832.25,7832.25,7833.0,7831.5,7832.5,263
2026-10-05 20:27:00-04:00,7832.5,7832.5,7832.5,7831.75,7832.25,32
2026-10-05 20:28:00-04:00,7832.5,7832.5,7832.75,7832.25,7832.5,36
2026-10-05 20:29:00-04:00,7832.5,7832.5,7832.5,7832.25,7832.5,60
2026-10-05 20:30:00-04:00,7832.25,7832.25,7832.25,7831.0,7832.25,182
2026-10-05 20:31:00-04:00,7834.0,7834.0,7834.0,7832.25,7832.25,204
2026-10-05 20:32:00-04:00,7835.0,7835.0,7835.25,7833.75,7834.0,248
2026-10-05 20:33:00-04:00,7834.5,7834.5,7835.0,7834.5,7835.0,155
2026-10-05 20:34:00-04:00,7834.75,7834.75,7835.0,7834.25,7834.75,73
2026-10-05 20:35:00-04:00,7835.0,7835.0,7835.5,7834.75,7834.75,147
2026-10-05 20:36:00-04:00,7835.0,7835.0,7835.5,7835.0,7835.0,158
2026-10-05 20:37:00-04:00,7834.75,7834.75,7835.25,7834.5,7835.0,116
2026-10-05 20:38:00-04:00,7834.75,7834.75,7835.5,7834.5,7834.75,112
2026-10-05 20:39:00-04:00,7834.25,7834.25,7835.0,7834.25,7835.0,126
2026-10-05 20:40:00-04:00,7834.0,7834.0,7834.25,7833.75,7834.25,101
2026-10-05 20:41:00-04:00,7833.75,7833.75,7834.0,7833.5,7834.0,65
2026-10-05 20:42:00-04:00,7833.25,7833.25,7834.0,7833.0,7833.75,53
2026-10-05 20:43:00-04:00,7833.0,7833.0,7833.5,7833.0,7833.25,127
2026-10-05 20:44:00-04:00,7833.25,7833.25,7833.5,7833.0,7833.25,67
2026-10-05 20:45:00-04:00,7833.5,7833.5,7833.5,7833.0,7833.25,107
2026-10-05 20:46:00-04:00,7834.75,7834.75,7835.0,7833.5,7833.75,108
2026-10-05 20:47:00-04:00,7834.75,7834.75,7835.25,7834.75,7835.0,138
2026-10-05 20:48:00-04:00,7834.5,7834.5,7834.75,7834.25,7834.75,78
2026-10-05 20:49:00-04:00,7834.5,7834.5,7835.0,7834.25,7834.75,85
2026-10-05 20:50:00-04:00,7834.25,7834.25,7834.75,7834.25,7834.5,129
2026-10-05 20:51:00-04:00,7834.5,7834.5,7834.75,7834.25,7834.5,74
2026-10-05 20:52:00-04:00,7834.75,7834.75,7835.0,7834.5,7834.75,79
2026-10-05 20:53:00-04:00,7834.75,7834.75,7834.75,7834.5,7834.75,49
2026-10-05 20:54:00-04:00,7834.75,7834.75,7835.0,7834.5,7834.75,72
2026-10-05 20:55:00-04:00,7834.25,7834.25,7834.75,7834.0,7834.75,85
2026-10-05 20:56:00-04:00,7834.5,7834.5,7834.75,7834.0,7834.25,51
2026-10-05 20:57:00-04:00,7835.0,7835.0,7835.0,7834.5,7834.5,87
2026-10-05 20:58:00-04:00,7835.25,7835.25,7835.5,7835.0,7835.0,104
2026-10-05 20:59:00-04:00,7836.75,7836.75,7837.0,7835.25,7835.5,250
2026-10-05 21:00:00-04:00,7836.0,7836.0,7837.0,7836.0,7836.75,304
2026-10-05 21:01:00-04:00,7838.0,7838.0,7838.25,7836.25,7836.25,419
2026-10-05 21:02:00-04:00,7837.0,7837.0,7838.0,7836.75,7838.0,222
2026-10-05 21:03:00-04:00,7836.25,7836.25,7837.75,7836.0,7837.0,189
2026-10-05 21:04:00-04:00,7836.5,7836.5,7837.25,7836.5,7836.5,114
2026-10-05 21:05:00-04:00,7836.75,7836.75,7836.75,7836.0,7836.5,150
2026-10-05 21:06:00-04:00,7837.0,7837.0,7837.5,7836.75,7836.75,130
2026-10-05 21:07:00-04:00,7837.25,7837.25,7837.5,7837.0,7837.25,135
2026-10-05 21:08:00-04:00,7837.25,7837.25,7838.0,7837.25,7837.25,231
2026-10-05 21:09:00-04:00,7837.5,7837.5,7838.0,7837.25,7837.25,293
2026-10-05 21:10:00-04:00,7838.25,7838.25,7838.75,7837.5,7837.75,181
2026-10-05 21:11:00-04:00,7837.5,7837.5,7838.0,7837.25,7838.0,201
2026-10-05 21:12:00-04:00,7836.75,7836.75,7837.5,7836.75,7837.25,90
2026-10-05 21:13:00-04:00,7836.75,7836.75,7837.0,7836.25,7836.75,145
2026-10-05 21:14:00-04:00,7836.75,7836.75,7837.0,7836.5,7836.5,83
2026-10-05 21:15:00-04:00,7834.75,7834.75,7836.75,7834.25,7836.75,410
2026-10-05 21:16:00-04:00,7834.25,7834.25,7835.5,7834.25,7834.75,175
2026-10-05 21:17:00-04:00,7834.25,7834.25,7834.25,7833.75,7834.25,295
2026-10-05 21:18:00-04:00,7833.5,7833.5,7834.0,7833.25,7834.0,245
2026-10-05 21:19:00-04:00,7832.5,7832.5,7833.75,7832.0,7833.75,381
2026-10-05 21:20:00-04:00,7833.0,7833.0,7833.25,7832.25,7832.5,326
2026-10-05 21:21:00-04:00,7833.5,7833.5,7834.0,7833.0,7833.0,247
2026-10-05 21:22:00-04:00,7833.5,7833.5,7833.75,7833.0,7833.5,142
2026-10-05 21:23:00-04:00,7833.75,7833.75,7834.0,7833.5,7833.5,98
2026-10-05 21:24:00-04:00,7834.0,7834.0,7834.0,7833.5,7833.75,165
2026-10-05 21:25:00-04:00,7833.75,7833.75,7834.25,7833.25,7834.0,129
2026-10-05 21:26:00-04:00,7833.5,7833.5,7833.75,7833.25,7833.75,103
2026-10-05 21:27:00-04:00,7834.0,7834.0,7834.0,7833.5,7833.5,85
2026-10-05 21:28:00-04:00,7834.5,7834.5,7834.75,7834.25,7834.25,159
2026-10-05 21:29:00-04:00,7834.75,7834.75,7834.75,7834.25,7834.5,70
2026-10-05 21:30:00-04:00,7834.5,7834.5,7835.0,7834.25,7834.75,220
2026-10-05 21:31:00-04:00,7834.75,7834.75,7835.0,7834.25,7834.25,89
2026-10-05 21:32:00-04:00,7835.0,7835.0,7835.25,7834.75,7834.75,87
2026-10-05 21:33:00-04:00,7834.5,7834.5,7835.0,7834.0,7834.75,120
2026-10-05 21:34:00-04:00,7833.5,7833.5,7834.5,7833.25,7834.25,138
2026-10-05 21:35:00-04:00,7833.0,7833.0,7833.5,7832.5,7833.5,265
2026-10-05 21:36:00-04:00,7833.25,7833.25,7833.5,7832.75,7833.0,174
2026-10-05 21:37:00-04:00,7833.25,7833.25,7833.5,7833.0,7833.0,105
2026-10-05 21:38:00-04:00,7832.5,7832.5,7833.25,7832.5,7833.25,140
2026-10-05 21:39:00-04:00,7832.75,7832.75,7832.75,7832.5,7832.5,113
2026-10-05 21:40:00-04:00,7831.75,7831.75,7832.75,7831.5,7832.75,177
2026-10-05 21:41:00-04:00,7832.5,7832.5,7832.5,7831.5,7831.5,245
2026-10-05 21:42:00-04:00,7833.25,7833.25,7833.5,7832.5,7832.5,129
2026-10-05 21:43:00-04:00,7833.0,7833.0,7833.75,7833.0,7833.5,136
2026-10-05 21:44:00-04:00,7832.5,7832.5,7833.25,7832.5,7833.0,94
2026-10-05 21:45:00-04:00,7832.5,7832.5,7832.75,7832.0,7832.5,91
2026-10-05 21:46:00-04:00,7832.25,7832.25,7832.5,7831.75,7832.25,152
2026-10-05 21:47:00-04:00,7832.75,7832.75,7833.0,7832.0,7832.25,146
2026-10-05 21:48:00-04:00,7832.5,7832.5,7833.0,7832.5,7832.75,109
2026-10-05 21:49:00-04:00,7832.5,7832.5,7832.75,7832.5,7832.75,74
2026-10-05 21:50:00-04:00,7833.0,7833.0,7833.0,7832.25,7832.5,85
2026-10-05 21:51:00-04:00,7834.0,7834.0,7834.0,7833.25,7833.25,162
2026-10-05 21:52:00-04:00,7833.0,7833.0,7834.0,7833.0,7833.75,93
2026-10-05 21:53:00-04:00,7833.0,7833.0,7833.0,7832.5,7833.0,108
2026-10-05 21:54:00-04:00,7832.75,7832.75,7833.0,7832.75,7833.0,48
2026-10-05 21:55:00-04:00,7832.5,7832.5,7832.5,7832.25,7832.5,125
2026-10-05 21:56:00-04:00,7833.0,7833.0,7833.0,7832.25,7832.25,53
2026-10-05 21:57:00-04:00,7833.0,7833.0,7833.0,7832.75,7832.75,84
2026-10-05 21:58:00-04:00,7832.75,7832.75,7833.0,7832.75,7833.0,61
2026-10-05 21:59:00-04:00,7833.0,7833.0,7833.0,7832.75,7832.75,24
2026-10-05 22:00:00-04:00,7832.5,7832.5,7833.0,7832.5,7832.75,124
2026-10-05 22:01:00-04:00,7832.0,7832.0,7832.5,7831.75,7832.5,124
2026-10-05 22:02:00-04:00,7831.75,7831.75,7832.0,7831.5,7831.75,78
2026-10-05 22:03:00-04:00,7832.0,7832.0,7832.25,7831.75,7831.75,64
2026-10-05 22:04:00-04:00,7831.25,7831.25,7832.0,7831.25,7832.0,71
2026-10-05 22:05:00-04:00,7831.25,7831.25,7831.25,7830.75,7831.25,199
2026-10-05 22:06:00-04:00,7831.0,7831.0,7831.5,7831.0,7831.25,122
2026-10-05 22:07:00-04:00,7831.75,7831.75,7832.0,7831.0,7831.25,210
2026-10-05 22:08:00-04:00,7831.0,7831.0,7831.5,7830.75,7831.5,312
2026-10-05 22:09:00-04:00,7831.75,7831.75,7831.75,7831.25,7831.25,97
2026-10-05 22:10:00-04:00,7831.5,7831.5,7831.75,7831.5,7831.75,79
2026-10-05 22:11:00-04:00,7831.5,7831.5,7831.75,7831.25,7831.5,37
2026-10-05 22:12:00-04:00,7831.25,7831.25,7831.75,7830.75,7831.5,102
2026-10-05 22:13:00-04:00,7831.0,7831.0,7831.25,7830.75,7831.25,89
2026-10-05 22:14:00-04:00,7831.5,7831.5,7831.5,7830.75,7830.75,83
2026-10-05 22:15:00-04:00,7832.25,7832.25,7832.5,7831.75,7831.75,188
2026-10-05 22:16:00-04:00,7832.25,7832.25,7832.5,7832.25,7832.5,48
2026-10-05 22:17:00-04:00,7832.25,7832.25,7832.25,7832.0,7832.25,89
2026-10-05 22:18:00-04:00,7832.5,7832.5,7832.75,7832.25,7832.25,57
2026-10-05 22:19:00-04:00,7832.25,7832.25,7832.5,7832.0,7832.25,51
2026-10-05 22:20:00-04:00,7832.5,7832.5,7832.75,7832.25,7832.25,72
2026-10-05 22:21:00-04:00,7832.5,7832.5,7832.75,7832.25,7832.75,91
2026-10-05 22:22:00-04:00,7833.0,7833.0,7833.0,7832.25,7832.25,75
2026-10-05 22:23:00-04:00,7833.0,7833.0,7833.75,7832.75,7833.0,136
2026-10-05 22:24:00-04:00,7832.75,7832.75,7833.0,7832.75,7833.0,51
2026-10-05 22:25:00-04:00,7832.75,7832.75,7833.0,7832.75,7832.75,46
2026-10-05 22:26:00-04:00,7832.5,7832.5,7833.0,7832.5,7832.75,60
2026-10-05 22:27:00-04:00,7832.25,7832.25,7832.5,7832.0,7832.25,77
2026-10-05 22:28:00-04:00,7832.5,7832.5,7832.5,7832.25,7832.25,61
2026-10-05 22:29:00-04:00,7832.5,7832.5,7832.5,7832.25,7832.5,41
2026-10-05 22:30:00-04:00,7832.5,7832.5,7832.75,7832.0,7832.25,157
2026-10-05 22:31:00-04:00,7832.5,7832.5,7832.75,7832.0,7832.5,68
2026-10-05 22:32:00-04:00,7832.25,7832.25,7832.5,7832.0,7832.5,79
2026-10-05 22:33:00-04:00,7831.75,7831.75,7832.25,7831.75,7832.25,74
2026-10-05 22:34:00-04:00,7831.25,7831.25,7832.0,7831.0,7831.5,136
2026-10-05 22:35:00-04:00,7831.25,7831.25,7831.5,7830.0,7831.0,322
2026-10-05 22:36:00-04:00,7831.5,7831.5,7831.5,7831.0,7831.25,197
2026-10-05 22:37:00-04:00,7832.25,7832.25,7832.75,7831.5,7831.5,145
2026-10-05 22:38:00-04:00,7832.75,7832.75,7832.75,7832.25,7832.25,104
2026-10-05 22:39:00-04:00,7833.0,7833.0,7833.0,7832.5,7832.75,118
2026-10-05 22:40:00-04:00,7832.75,7832.75,7833.25,7832.75,7833.25,74
2026-10-05 22:41:00-04:00,7832.0,7832.0,7832.5,7831.75,7832.5,58
2026-10-05 22:42:00-04:00,7832.5,7832.5,7832.75,7832.0,7832.0,60
2026-10-05 22:43:00-04:00,7832.25,7832.25,7832.5,7832.25,7832.5,49
2026-10-05 22:44:00-04:00,7832.75,7832.75,7832.75,7832.25,7832.5,33
2026-10-05 22:45:00-04:00,7831.75,7831.75,7832.5,7831.75,7832.5,52
2026-10-05 22:46:00-04:00,7831.5,7831.5,7831.75,7831.25,7831.5,54
2026-10-05 22:47:00-04:00,7831.75,7831.75,7832.0,7831.5,7831.5,37
2026-10-05 22:48:00-04:00,7831.75,7831.75,7831.75,7831.5,7831.75,67
2026-10-05 22:49:00-04:00,7832.75,7832.75,7832.75,7831.75,7831.75,64
2026-10-05 22:50:00-04:00,7832.25,7832.25,7832.5,7831.75,7832.5,111
2026-10-05 22:51:00-04:00,7832.75,7832.75,7833.0,7832.0,7832.0,103
2026-10-05 22:52:00-04:00,7832.75,7832.75,7832.75,7832.5,7832.5,49
2026-10-05 22:53:00-04:00,7832.25,7832.25,7832.75,7832.25,7832.75,106
2026-10-05 22:54:00-04:00,7832.0,7832.0,7832.25,7831.75,7832.0,72
2026-10-05 22:55:00-04:00,7831.75,7831.75,7832.0,7831.75,7832.0,45
2026-10-05 22:56:00-04:00,7831.5,7831.5,7831.75,7831.25,7831.75,62
2026-10-05 22:57:00-04:00,7832.25,7832.25,7832.5,7831.75,7831.75,62
2026-10-05 22:58:00-04:00,7832.5,7832.5,7832.5,7832.25,7832.5,61
2026-10-05 22:59:00-04:00,7832.75,7832.75,7832.75,7832.25,7832.25,52
2026-10-05 23:00:00-04:00,7833.25,7833.25,7833.75,7832.75,7832.75,313
2026-10-05 23:01:00-04:00,7833.25,7833.25,7834.25,7833.0,7833.0,155
2026-10-05 23:02:00-04:00,7834.25,7834.25,7834.25,7833.25,7833.25,85
2026-10-05 23:03:00-04:00,7834.25,7834.25,7834.5,7834.0,7834.5,119
2026-10-05 23:04:00-04:00,7834.5,7834.5,7835.0,7834.5,7834.5,142
2026-10-05 23:05:00-04:00,7834.25,7834.25,7834.75,7833.75,7834.5,73
2026-10-05 23:06:00-04:00,7833.75,7833.75,7834.0,7833.75,7834.0,71
2026-10-05 23:07:00-04:00,7834.0,7834.0,7834.25,7833.75,7833.75,62
2026-10-05 23:08:00-04:00,7833.75,7833.75,7834.0,7833.75,7834.0,43
2026-10-05 23:09:00-04:00,7834.0,7834.0,7834.25,7833.5,7833.5,124
2026-10-05 23:10:00-04:00,7834.0,7834.0,7834.0,7833.75,7834.0,86
2026-10-05 23:11:00-04:00,7834.5,7834.5,7835.0,7834.0,7834.25,135
2026-10-05 23:12:00-04:00,7835.0,7835.0,7835.25,7834.5,7834.5,129
2026-10-05 23:13:00-04:00,7834.0,7834.0,7835.0,7834.0,7835.0,63
2026-10-05 23:14:00-04:00,7833.75,7833.75,7834.25,7833.75,7834.25,65
2026-10-05 23:15:00-04:00,7834.75,7834.75,7834.75,7833.75,7833.75,69
2026-10-05 23:16:00-04:00,7835.0,7835.0,7835.25,7834.75,7834.75,74
2026-10-05 23:17:00-04:00,7834.25,7834.25,7835.0,7834.0,7835.0,173
2026-10-05 23:18:00-04:00,7834.5,7834.5,7834.5,7834.25,7834.25,66
2026-10-05 23:19:00-04:00,7834.25,7834.25,7834.5,7834.25,7834.25,75
2026-10-05 23:20:00-04:00,7834.0,7834.0,7834.5,7834.0,7834.5,105
2026-10-05 23:21:00-04:00,7834.25,7834.25,7834.25,7834.0,7834.0,58
2026-10-05 23:22:00-04:00,7835.25,7835.25,7835.25,7834.5,7834.5,91
2026-10-05 23:23:00-04:00,7836.0,7836.0,7836.25,7835.5,7835.5,315
2026-10-05 23:24:00-04:00,7835.25,7835.25,7835.75,7835.0,7835.75,77
2026-10-05 23:25:00-04:00,7835.25,7835.25,7835.25,7835.0,7835.25,120
2026-10-05 23:26:00-04:00,7835.0,7835.0,7835.5,7834.75,7835.5,67
2026-10-05 23:27:00-04:00,7834.75,7834.75,7835.25,7834.75,7835.0,100
2026-10-05 23:28:00-04:00,7835.25,7835.25,7835.25,7834.75,7834.75,43
2026-10-05 23:29:00-04:00,7834.75,7834.75,7835.25,7834.75,7835.25,45
2026-10-05 23:30:00-04:00,7834.0,7834.0,7835.0,7833.75,7834.75,253
2026-10-05 23:31:00-04:00,7833.75,7833.75,7834.0,7833.5,7834.0,114
2026-10-05 23:32:00-04:00,7834.25,7834.25,7834.25,7833.75,7833.75,95
2026-10-05 23:33:00-04:00,7834.5,7834.5,7834.5,7834.25,7834.25,82
2026-10-05 23:34:00-04:00,7833.75,7833.75,7834.25,7833.5,7834.25,40
2026-10-05 23:35:00-04:00,7833.75,7833.75,7834.0,7833.5,7833.75,111
2026-10-05 23:36:00-04:00,7833.25,7833.25,7834.0,7833.25,7833.5,108
2026-10-05 23:37:00-04:00,7834.5,7834.5,7834.75,7833.0,7833.25,169
2026-10-05 23:38:00-04:00,7834.75,7834.75,7834.75,7834.25,7834.5,90
2026-10-05 23:39:00-04:00,7834.0,7834.0,7834.5,7834.0,7834.5,63
2026-10-05 23:40:00-04:00,7833.25,7833.25,7834.0,7833.0,7834.0,77
2026-10-05 23:41:00-04:00,7833.75,7833.75,7833.75,7833.5,7833.5,46
2026-10-05 23:42:00-04:00,7834.25,7834.25,7834.25,7834.0,7834.0,11
2026-10-05 23:43:00-04:00,7834.5,7834.5,7834.5,7834.0,7834.0,59
2026-10-05 23:44:00-04:00,7834.0,7834.0,7834.75,7834.0,7834.25,56
2026-10-05 23:45:00-04:00,7834.0,7834.0,7834.5,7834.0,7834.0,43
2026-10-05 23:46:00-04:00,7834.0,7834.0,7834.25,7834.0,7834.25,50
2026-10-05 23:47:00-04:00,7834.0,7834.0,7834.0,7834.0,7834.0,23
2026-10-05 23:48:00-04:00,7834.5,7834.5,7834.5,7833.75,7834.0,77
2026-10-05 23:49:00-04:00,7834.25,7834.25,7834.5,7834.25,7834.25,17
2026-10-05 23:50:00-04:00,7834.0,7834.0,7834.5,7833.75,7834.25,42
2026-10-05 23:51:00-04:00,7834.5,7834.5,7834.5,7834.0,7834.0,81
2026-10-05 23:52:00-04:00,7834.0,7834.0,7834.25,7833.5,7834.25,77
2026-10-05 23:53:00-04:00,7834.0,7834.0,7834.0,7834.0,7834.0,30
2026-10-05 23:54:00-04:00,7832.75,7832.75,7834.0,7832.75,7834.0,61
2026-10-05 23:55:00-04:00,7833.25,7833.25,7833.5,7833.0,7833.0,68
2026-10-05 23:56:00-04:00,7833.25,7833.25,7833.5,7833.0,7833.5,31
2026-10-05 23:57:00-04:00,7833.5,7833.5,7833.75,7833.25,7833.75,70
2026-10-05 23:58:00-04:00,7833.5,7833.5,7833.5,7833.5,7833.5,29
2026-10-06 00:09:00-04:00,7836.0,7836.0,7836.25,7835.75,7835.75,69
2026-10-06 00:10:00-04:00,7835.25,7835.25,7836.0,7835.25,7836.0,102
2026-10-06 00:11:00-04:00,7835.75,7835.75,7835.75,7835.5,7835.5,20
2026-10-06 00:12:00-04:00,7834.75,7834.75,7835.5,7834.75,7835.5,102
2026-10-06 00:13:00-04:00,7835.25,7835.25,7835.5,7834.75,7834.75,22
2026-10-06 00:14:00-04:00,7834.25,7834.25,7835.0,7834.25,7835.0,138
2026-10-06 00:15:00-04:00,7833.75,7833.75,7834.5,7833.75,7834.5,160
2026-10-06 00:16:00-04:00,7834.0,7834.0,7834.0,7833.5,7833.75,113
2026-10-06 00:17:00-04:00,7834.25,7834.25,7834.5,7834.0,7834.25,124
2026-10-06 00:18:00-04:00,7834.0,7834.0,7834.75,7834.0,7834.25,151
2026-10-06 00:19:00-04:00,7834.5,7834.5,7834.5,7834.0,7834.0,16
2026-10-06 00:20:00-04:00,7835.0,7835.0,7835.0,7834.5,7834.5,60
2026-10-06 00:21:00-04:00,7835.25,7835.25,7835.25,7835.0,7835.0,26
2026-10-06 00:22:00-04:00,7835.5,7835.5,7835.5,7835.25,7835.25,31
2026-10-06 00:23:00-04:00,7835.5,7835.5,7835.75,7835.25,7835.75,62
2026-10-06 00:24:00-04:00,7835.75,7835.75,7835.75,7835.5,7835.5,51
2026-10-06 00:25:00-04:00,7835.75,7835.75,7836.0,7835.75,7835.75,70
2026-10-06 00:26:00-04:00,7836.0,7836.0,7836.0,7835.5,7835.75,97
2026-10-06 00:27:00-04:00,7835.5,7835.5,7836.0,7835.5,7835.75,59
2026-10-06 00:28:00-04:00,7835.0,7835.0,7835.5,7834.75,7835.5,95
2026-10-06 00:29:00-04:00,7834.75,7834.75,7835.0,7834.5,7835.0,83
2026-10-06 00:30:00-04:00,7834.5,7834.5,7834.75,7834.25,7834.75,94
2026-10-06 00:31:00-04:00,7834.0,7834.0,7834.25,7833.75,7834.25,114
2026-10-06 00:32:00-04:00,7834.25,7834.25,7834.25,7833.5,7833.75,68
2026-10-06 00:33:00-04:00,7834.5,7834.5,7835.0,7834.25,7834.25,66
2026-10-06 00:34:00-04:00,7834.5,7834.5,7834.75,7834.5,7834.75,44
2026-10-06 00:35:00-04:00,7834.75,7834.75,7835.0,7834.25,7834.5,62
2026-10-06 00:36:00-04:00,7834.75,7834.75,7834.75,7834.75,7834.75,55
2026-10-06 00:37:00-04:00,7834.5,7834.5,7834.75,7834.25,7834.75,43
2026-10-06 00:38:00-04:00,7834.0,7834.0,7834.25,7833.75,7834.25,62
2026-10-06 00:39:00-04:00,7834.0,7834.0,7834.0,7833.75,7834.0,79
2026-10-06 00:40:00-04:00,7834.0,7834.0,7834.0,7833.25,7834.0,163
2026-10-06 00:41:00-04:00,7833.75,7833.75,7834.0,7833.5,7833.75,66
2026-10-06 00:42:00-04:00,7833.25,7833.25,7834.0,7832.75,7833.75,238
2026-10-06 00:43:00-04:00,7833.75,7833.75,7834.0,7833.5,7833.5,84
2026-10-06 00:44:00-04:00,7833.5,7833.5,7833.75,7833.5,7833.75,49
2026-10-06 00:45:00-04:00,7833.25,7833.25,7833.5,7833.25,7833.5,27
2026-10-06 00:46:00-04:00,7832.5,7832.5,7833.25,7832.5,7833.25,89
2026-10-06 00:47:00-04:00,7832.5,7832.5,7832.5,7832.25,7832.5,72
2026-10-06 00:48:00-04:00,7832.25,7832.25,7832.5,7832.25,7832.25,41
2026-10-06 00:49:00-04:00,7832.5,7832.5,7832.75,7832.25,7832.5,26
2026-10-06 00:50:00-04:00,7833.0,7833.0,7833.0,7832.5,7832.5,80
2026-10-06 00:51:00-04:00,7833.25,7833.25,7833.75,7833.0,7833.0,96
2026-10-06 00:52:00-04:00,7833.25,7833.25,7833.25,7833.0,7833.25,77
2026-10-06 00:53:00-04:00,7833.25,7833.25,7833.5,7833.0,7833.0,48
2026-10-06 00:54:00-04:00,7833.5,7833.5,7833.5,7833.25,7833.5,55
2026-10-06 00:55:00-04:00,7833.0,7833.0,7833.5,7833.0,7833.5,58
2026-10-06 00:56:00-04:00,7832.75,7832.75,7833.25,7832.75,7833.0,42
2026-10-06 00:57:00-04:00,7832.75,7832.75,7833.0,7832.75,7832.75,64
2026-10-06 00:58:00-04:00,7833.25,7833.25,7833.25,7833.0,7833.0,49
2026-10-06 00:59:00-04:00,7833.0,7833.0,7833.0,7833.0,7833.0,24
2026-10-06 01:00:00-04:00,7833.0,7833.0,7833.0,7832.5,7832.75,112
2026-10-06 01:01:00-04:00,7833.0,7833.0,7833.25,7832.75,7833.0,137
2026-10-06 01:02:00-04:00,7832.75,7832.75,7833.25,7832.5,7833.0,107
2026-10-06 01:03:00-04:00,7833.5,7833.5,7833.5,7832.75,7832.75,65
2026-10-06 01:04:00-04:00,7834.5,7834.5,7834.75,7833.75,7833.75,141
2026-10-06 01:05:00-04:00,7834.5,7834.5,7835.0,7834.5,7834.75,71
2026-10-06 01:06:00-04:00,7834.0,7834.0,7834.75,7834.0,7834.75,46
2026-10-06 01:07:00-04:00,7834.25,7834.25,7834.25,7834.0,7834.0,24
2026-10-06 01:08:00-04:00,7834.0,7834.0,7834.5,7834.0,7834.5,28
2026-10-06 01:09:00-04:00,7834.25,7834.25,7834.25,7834.0,7834.0,46
2026-10-06 01:10:00-04:00,7834.0,7834.0,7834.0,7833.5,7834.0,69
2026-10-06 01:11:00-04:00,7833.5,7833.5,7834.0,7833.5,7834.0,27
2026-10-06 01:12:00-04:00,7834.5,7834.5,7834.75,7833.5,7833.5,60
2026-10-06 01:13:00-04:00,7834.75,7834.75,7834.75,7834.5,7834.5,50
2026-10-06 01:14:00-04:00,7834.5,7834.5,7834.75,7834.5,7834.75,51
2026-10-06 01:15:00-04:00,7835.0,7835.0,7835.0,7834.5,7834.5,41
2026-10-06 01:16:00-04:00,7835.0,7835.0,7835.25,7835.0,7835.0,57
2026-10-06 01:17:00-04:00,7834.75,7834.75,7835.25,7834.5,7835.25,45
2026-10-06 01:18:00-04:00,7833.75,7833.75,7834.5,7833.5,7834.5,65
2026-10-06 01:19:00-04:00,7834.0,7834.0,7834.25,7833.75,7833.75,32
2026-10-06 01:20:00-04:00,7834.5,7834.5,7834.75,7834.0,7834.0,24
2026-10-06 01:21:00-04:00,7834.75,7834.75,7834.75,7834.25,7834.5,58
2026-10-06 01:22:00-04:00,7834.5,7834.5,7834.75,7834.25,7834.75,79
2026-10-06 01:23:00-04:00,7835.0,7835.0,7835.0,7834.5,7834.5,53
2026-10-06 01:24:00-04:00,7835.25,7835.25,7835.5,7834.75,7835.25,60
2026-10-06 01:25:00-04:00,7834.5,7834.5,7835.75,7834.5,7835.5,91
2026-10-06 01:26:00-04:00,7834.25,7834.25,7834.75,7834.25,7834.5,78
2026-10-06 01:27:00-04:00,7833.0,7833.0,7834.5,7833.0,7834.25,157
2026-10-06 01:28:00-04:00,7834.0,7834.0,7834.0,7832.75,7833.0,43
2026-10-06 01:29:00-04:00,7834.0,7834.0,7834.25,7833.75,7833.75,27
2026-10-06 01:30:00-04:00,7833.75,7833.75,7834.0,7833.5,7834.0,107
2026-10-06 01:31:00-04:00,7834.0,7834.0,7834.25,7833.75,7833.75,41
2026-10-06 01:32:00-04:00,7834.75,7834.75,7834.75,7834.25,7834.25,63
2026-10-06 01:33:00-04:00,7834.5,7834.5,7835.5,7834.25,7835.0,326
2026-10-06 01:34:00-04:00,7835.0,7835.0,7835.25,7834.25,7834.25,45
2026-10-06 01:35:00-04:00,7834.75,7834.75,7835.0,7834.5,7835.0,42
2026-10-06 01:36:00-04:00,7834.75,7834.75,7835.25,7834.75,7834.75,86
2026-10-06 01:37:00-04:00,7835.0,7835.0,7835.25,7834.75,7834.75,58
2026-10-06 01:38:00-04:00,7834.75,7834.75,7835.5,7834.75,7835.25,55
2026-10-06 01:39:00-04:00,7834.75,7834.75,7835.0,7834.75,7834.75,35
2026-10-06 01:40:00-04:00,7833.5,7833.5,7834.75,7833.25,7834.75,281
2026-10-06 01:41:00-04:00,7833.5,7833.5,7833.75,7833.5,7833.5,99
2026-10-06 01:42:00-04:00,7833.75,7833.75,7834.0,7833.5,7833.75,50
2026-10-06 01:43:00-04:00,7833.75,7833.75,7833.75,7833.75,7833.75,71
2026-10-06 01:44:00-04:00,7833.75,7833.75,7834.25,7833.5,7833.5,117
2026-10-06 01:45:00-04:00,7834.5,7834.5,7834.5,7833.75,7833.75,120
2026-10-06 01:46:00-04:00,7834.25,7834.25,7834.5,7834.25,7834.25,60
2026-10-06 01:47:00-04:00,7834.5,7834.5,7834.75,7834.25,7834.5,73
2026-10-06 01:48:00-04:00,7834.25,7834.25,7834.5,7834.25,7834.5,35
2026-10-06 01:49:00-04:00,7834.75,7834.75,7834.75,7834.25,7834.25,81
2026-10-06 01:50:00-04:00,7835.0,7835.0,7835.25,7834.5,7834.75,85
2026-10-06 01:51:00-04:00,7835.25,7835.25,7835.5,7835.0,7835.25,35
2026-10-06 01:52:00-04:00,7835.0,7835.0,7835.75,7835.0,7835.5,62
2026-10-06 01:53:00-04:00,7835.25,7835.25,7835.25,7834.75,7835.0,70
2026-10-06 01:54:00-04:00,7836.0,7836.0,7836.0,7835.5,7835.5,90
2026-10-06 01:55:00-04:00,7836.25,7836.25,7836.25,7835.75,7836.0,83
2026-10-06 01:56:00-04:00,7836.25,7836.25,7836.25,7836.0,7836.25,85
2026-10-06 01:57:00-04:00,7836.0,7836.0,7836.0,7835.75,7836.0,48
2026-10-06 01:58:00-04:00,7836.5,7836.5,7836.5,7836.0,7836.0,57
2026-10-06 01:59:00-04:00,7836.5,7836.5,7836.75,7836.25,7836.5,84
2026-10-06 02:00:00-04:00,7835.5,7835.5,7836.75,7835.25,7836.75,286
2026-10-06 02:01:00-04:00,7835.25,7835.25,7835.75,7835.25,7835.5,206
2026-10-06 02:02:00-04:00,7835.75,7835.75,7835.75,7835.0,7835.25,184
2026-10-06 02:03:00-04:00,7835.5,7835.5,7836.0,7835.25,7835.75,104
2026-10-06 02:04:00-04:00,7835.75,7835.75,7836.0,7835.5,7835.75,142
2026-10-06 02:05:00-04:00,7835.5,7835.5,7836.25,7835.25,7835.75,199
2026-10-06 02:06:00-04:00,7835.5,7835.5,7836.0,7835.25,7835.5,82
2026-10-06 02:07:00-04:00,7835.0,7835.0,7835.5,7834.75,7835.25,91
2026-10-06 02:08:00-04:00,7834.75,7834.75,7835.5,7834.5,7835.25,83
2026-10-06 02:09:00-04:00,7834.75,7834.75,7834.75,7834.5,7834.5,60
2026-10-06 02:10:00-04:00,7834.75,7834.75,7835.0,7834.25,7835.0,102
2026-10-06 02:11:00-04:00,7835.75,7835.75,7835.75,7834.75,7834.75,153
2026-10-06 02:12:00-04:00,7836.5,7836.5,7836.75,7835.75,7835.75,196
2026-10-06 02:13:00-04:00,7836.0,7836.0,7836.5,7836.0,7836.25,126
2026-10-06 02:14:00-04:00,7836.5,7836.5,7836.75,7835.75,7836.25,112
2026-10-06 02:15:00-04:00,7838.0,7838.0,7838.5,7836.5,7836.75,282
2026-10-06 02:16:00-04:00,7840.5,7840.5,7840.75,7838.0,7838.0,2105
2026-10-06 02:17:00-04:00,7840.75,7840.75,7841.75,7840.5,7840.5,951
2026-10-06 02:18:00-04:00,7840.75,7840.75,7841.0,7840.25,7840.5,187
2026-10-06 02:19:00-04:00,7840.75,7840.75,7841.0,7840.0,7840.75,109
2026-10-06 02:20:00-04:00,7841.5,7841.5,7841.5,7840.25,7840.5,165
2026-10-06 02:21:00-04:00,7841.75,7841.75,7842.0,7841.0,7841.25,210
2026-10-06 02:22:00-04:00,7841.75,7841.75,7842.25,7841.25,7841.75,360
2026-10-06 02:23:00-04:00,7841.5,7841.5,7841.5,7840.75,7841.5,181
2026-10-06 02:24:00-04:00,7841.5,7841.5,7841.5,7841.25,7841.5,109
2026-10-06 02:25:00-04:00,7841.25,7841.25,7841.25,7840.0,7841.25,175
2026-10-06 02:26:00-04:00,7841.75,7841.75,7842.0,7841.0,7841.25,197
2026-10-06 02:27:00-04:00,7841.75,7841.75,7842.5,7841.5,7841.5,160
2026-10-06 02:28:00-04:00,7841.0,7841.0,7842.0,7841.0,7842.0,197
2026-10-06 02:29:00-04:00,7840.5,7840.5,7841.0,7840.0,7841.0,171
2026-10-06 02:30:00-04:00,7839.5,7839.5,7840.75,7839.0,7840.5,286
2026-10-06 02:31:00-04:00,7840.5,7840.5,7840.5,7839.5,7839.75,120
2026-10-06 02:32:00-04:00,7840.75,7840.75,7840.75,7840.25,7840.5,136
2026-10-06 02:33:00-04:00,7841.25,7841.25,7841.5,7840.75,7840.75,135
2026-10-06 02:34:00-04:00,7840.25,7840.25,7841.0,7840.0,7841.0,263
2026-10-06 02:35:00-04:00,7841.0,7841.0,7841.0,7840.0,7840.25,93
2026-10-06 02:36:00-04:00,7841.0,7841.0,7841.25,7840.75,7840.75,155
2026-10-06 02:37:00-04:00,7841.5,7841.5,7842.0,7840.75,7841.0,201
2026-10-06 02:38:00-04:00,7842.0,7842.0,7842.25,7841.75,7841.75,177
2026-10-06 02:39:00-04:00,7841.25,7841.25,7842.5,7841.25,7842.0,183
2026-10-06 02:40:00-04:00,7841.0,7841.0,7841.5,7840.75,7841.5,141
2026-10-06 02:41:00-04:00,7840.0,7840.0,7841.0,7839.75,7841.0,109
2026-10-06 02:42:00-04:00,7840.75,7840.75,7840.75,7840.25,7840.25,82
2026-10-06 02:43:00-04:00,7841.0,7841.0,7841.25,7840.5,7841.0,84
2026-10-06 02:44:00-04:00,7841.25,7841.25,7841.25,7841.0,7841.0,74
2026-10-06 02:45:00-04:00,7842.5,7842.5,7842.5,7841.25,7841.5,166
2026-10-06 02:46:00-04:00,7842.75,7842.75,7843.25,7842.25,7842.5,240
2026-10-06 02:47:00-04:00,7843.0,7843.0,7843.0,7842.25,7842.75,147
2026-10-06 02:48:00-04:00,7842.5,7842.5,7843.0,7842.5,7843.0,124
2026-10-06 02:49:00-04:00,7842.25,7842.25,7842.75,7842.0,7842.75,124
2026-10-06 02:50:00-04:00,7842.75,7842.75,7842.75,7841.75,7842.0,58
2026-10-06 02:51:00-04:00,7842.25,7842.25,7842.5,7842.0,7842.5,129
2026-10-06 02:52:00-04:00,7842.0,7842.0,7842.25,7842.0,7842.25,71
2026-10-06 02:53:00-04:00,7842.0,7842.0,7842.25,7842.0,7842.0,48
2026-10-06 02:54:00-04:00,7842.0,7842.0,7842.5,7841.5,7842.0,76
2026-10-06 02:55:00-04:00,7841.25,7841.25,7842.0,7841.0,7842.0,144
2026-10-06 02:56:00-04:00,7841.25,7841.25,7841.75,7841.25,7841.25,111
2026-10-06 02:57:00-04:00,7841.5,7841.5,7841.75,7841.25,7841.25,66
2026-10-06 02:58:00-04:00,7841.5,7841.5,7842.25,7841.5,7841.5,83
2026-10-06 02:59:00-04:00,7841.0,7841.0,7841.75,7841.0,7841.5,79
2026-10-06 03:00:00-04:00,7840.0,7840.0,7841.25,7839.0,7841.25,715
2026-10-06 03:01:00-04:00,7839.5,7839.5,7840.5,7839.0,7840.25,343
2026-10-06 03:02:00-04:00,7838.25,7838.25,7839.75,7838.25,7839.25,349
2026-10-06 03:03:00-04:00,7838.25,7838.25,7838.75,7837.75,7838.25,493
2026-10-06 03:04:00-04:00,7838.25,7838.25,7839.0,7838.0,7838.5,268
2026-10-06 03:05:00-04:00,7838.0,7838.0,7838.5,7837.75,7838.5,225
2026-10-06 03:06:00-04:00,7837.25,7837.25,7838.25,7837.25,7837.75,227
2026-10-06 03:07:00-04:00,7836.0,7836.0,7837.5,7835.5,7837.25,525
2026-10-06 03:08:00-04:00,7837.0,7837.0,7837.25,7835.75,7835.75,391
2026-10-06 03:09:00-04:00,7838.25,7838.25,7838.5,7837.25,7837.25,366
2026-10-06 03:10:00-04:00,7838.0,7838.0,7838.75,7838.0,7838.5,247
2026-10-06 03:11:00-04:00,7839.0,7839.0,7839.0,7837.5,7838.25,209
2026-10-06 03:12:00-04:00,7839.5,7839.5,7839.75,7838.75,7839.0,341
2026-10-06 03:13:00-04:00,7841.25,7841.25,7841.5,7839.25,7839.5,559
2026-10-06 03:14:00-04:00,7842.75,7842.75,7843.0,7841.0,7841.25,709
2026-10-06 03:15:00-04:00,7842.75,7842.75,7844.25,7842.5,7843.0,1173
2026-10-06 03:16:00-04:00,7843.5,7843.5,7844.25,7842.25,7842.75,481
2026-10-06 03:17:00-04:00,7842.0,7842.0,7844.0,7841.75,7843.5,401
2026-10-06 03:18:00-04:00,7842.25,7842.25,7842.5,7841.5,7841.75,297
2026-10-06 03:19:00-04:00,7842.0,7842.0,7842.5,7842.0,7842.25,243
2026-10-06 03:20:00-04:00,7842.5,7842.5,7842.75,7841.25,7842.0,353
2026-10-06 03:21:00-04:00,7841.75,7841.75,7842.5,7841.5,7842.25,315
2026-10-06 03:22:00-04:00,7841.75,7841.75,7842.0,7841.25,7841.5,268
2026-10-06 03:23:00-04:00,7841.75,7841.75,7841.75,7841.25,7841.75,213
2026-10-06 03:24:00-04:00,7842.0,7842.0,7842.5,7841.75,7842.0,336
2026-10-06 03:25:00-04:00,7841.75,7841.75,7842.25,7841.25,7842.0,365
2026-10-06 03:26:00-04:00,7842.0,7842.0,7842.25,7841.25,7841.5,278
2026-10-06 03:27:00-04:00,7842.25,7842.25,7843.0,7841.75,7842.0,405
2026-10-06 03:28:00-04:00,7841.5,7841.5,7842.25,7841.25,7842.25,229
2026-10-06 03:29:00-04:00,7841.0,7841.0,7842.25,7840.75,7841.75,364
2026-10-06 03:30:00-04:00,7839.5,7839.5,7841.25,7839.25,7841.0,504
2026-10-06 03:31:00-04:00,7837.5,7837.5,7839.5,7836.75,7839.5,657
2026-10-06 03:32:00-04:00,7839.25,7839.25,7839.25,7837.5,7837.5,516
2026-10-06 03:33:00-04:00,7841.75,7841.75,7842.5,7839.25,7839.25,482
2026-10-06 03:34:00-04:00,7841.5,7841.5,7842.0,7840.75,7841.75,320
2026-10-06 03:35:00-04:00,7841.5,7841.5,7842.0,7841.0,7841.5,231
2026-10-06 03:36:00-04:00,7841.5,7841.5,7842.0,7841.0,7841.75,296
2026-10-06 03:37:00-04:00,7841.75,7841.75,7842.25,7841.25,7841.25,245
2026-10-06 03:38:00-04:00,7842.0,7842.0,7842.25,7841.0,7841.75,328
2026-10-06 03:39:00-04:00,7841.75,7841.75,7842.5,7841.5,7842.0,201
2026-10-06 03:40:00-04:00,7842.75,7842.75,7842.75,7841.5,7841.75,349
2026-10-06 03:41:00-04:00,7842.25,7842.25,7842.75,7842.25,7842.75,199
2026-10-06 03:42:00-04:00,7841.5,7841.5,7842.5,7841.25,7842.25,245
2026-10-06 03:43:00-04:00,7842.5,7842.5,7843.25,7841.25,7841.5,502
2026-10-06 03:44:00-04:00,7842.75,7842.75,7843.5,7842.75,7842.75,160
2026-10-06 03:45:00-04:00,7842.75,7842.75,7843.75,7842.5,7842.75,228
2026-10-06 03:46:00-04:00,7842.75,7842.75,7843.0,7842.0,7842.75,277
2026-10-06 03:47:00-04:00,7842.25,7842.25,7843.0,7842.25,7843.0,151
2026-10-06 03:48:00-04:00,7841.75,7841.75,7842.5,7841.75,7842.5,132
2026-10-06 03:49:00-04:00,7841.0,7841.0,7842.25,7841.0,7842.0,357
2026-10-06 03:50:00-04:00,7841.75,7841.75,7842.75,7841.0,7841.0,375
2026-10-06 03:51:00-04:00,7841.5,7841.5,7841.75,7840.75,7841.75,188
2026-10-06 03:52:00-04:00,7842.25,7842.25,7842.25,7841.25,7841.5,250
2026-10-06 03:53:00-04:00,7842.0,7842.0,7842.75,7841.75,7842.0,239
2026-10-06 03:54:00-04:00,7841.75,7841.75,7842.25,7841.5,7842.0,212
2026-10-06 03:55:00-04:00,7842.0,7842.0,7842.25,7841.75,7841.75,365
2026-10-06 03:56:00-04:00,7841.25,7841.25,7842.75,7841.25,7842.25,252
2026-10-06 03:57:00-04:00,7842.25,7842.25,7842.75,7841.25,7841.25,265
2026-10-06 03:58:00-04:00,7842.0,7842.0,7842.25,7841.5,7842.25,259
2026-10-06 03:59:00-04:00,7842.25,7842.25,7842.5,7841.75,7841.75,185
2026-10-06 04:00:00-04:00,7843.25,7843.25,7843.25,7842.0,7842.0,919
2026-10-06 04:01:00-04:00,7843.75,7843.75,7844.5,7843.25,7843.25,537
2026-10-06 04:02:00-04:00,7843.75,7843.75,7844.0,7843.25,7843.75,235
2026-10-06 04:03:00-04:00,7844.5,7844.5,7844.75,7843.5,7843.75,516
2026-10-06 04:04:00-04:00,7842.75,7842.75,7844.75,7842.5,7844.5,321
2026-10-06 04:05:00-04:00,7842.5,7842.5,7843.25,7842.5,7843.0,322
2026-10-06 04:06:00-04:00,7844.75,7844.75,7845.0,7842.5,7842.5,508
2026-10-06 04:07:00-04:00,7844.75,7844.75,7845.75,7844.75,7845.0,475
2026-10-06 04:08:00-04:00,7843.75,7843.75,7845.0,7843.5,7844.75,349
2026-10-06 04:09:00-04:00,7844.75,7844.75,7844.75,7843.75,7844.0,225
2026-10-06 04:10:00-04:00,7843.75,7843.75,7844.75,7843.5,7844.75,271
2026-10-06 04:11:00-04:00,7843.5,7843.5,7844.0,7843.25,7843.75,286
2026-10-06 04:12:00-04:00,7844.0,7844.0,7844.0,7842.75,7843.5,259
2026-10-06 04:13:00-04:00,7844.0,7844.0,7844.5,7844.0,7844.25,269
2026-10-06 04:14:00-04:00,7843.5,7843.5,7844.25,7843.0,7844.25,331
2026-10-06 04:15:00-04:00,7845.0,7845.0,7845.0,7843.0,7843.25,331
2026-10-06 04:16:00-04:00,7845.5,7845.5,7846.0,7844.75,7844.75,291
2026-10-06 04:17:00-04:00,7844.25,7844.25,7845.5,7844.0,7845.5,127
2026-10-06 04:18:00-04:00,7845.0,7845.0,7845.25,7844.25,7844.25,278
2026-10-06 04:19:00-04:00,7844.75,7844.75,7845.25,7844.5,7845.0,226
2026-10-06 04:20:00-04:00,7844.25,7844.25,7844.75,7844.0,7844.75,180
2026-10-06 04:21:00-04:00,7844.75,7844.75,7845.0,7844.0,7844.25,145
2026-10-06 04:22:00-04:00,7844.75,7844.75,7845.0,7844.25,7845.0,171
2026-10-06 04:23:00-04:00,7844.25,7844.25,7845.0,7844.25,7844.75,147
2026-10-06 04:24:00-04:00,7843.25,7843.25,7844.0,7843.25,7844.0,181
2026-10-06 04:25:00-04:00,7843.0,7843.0,7843.5,7842.75,7843.5,243
2026-10-06 04:26:00-04:00,7842.75,7842.75,7843.0,7842.5,7843.0,212
2026-10-06 04:27:00-04:00,7843.5,7843.5,7843.75,7842.5,7842.5,176
2026-10-06 04:28:00-04:00,7843.0,7843.0,7843.75,7843.0,7843.5,155
2026-10-06 04:29:00-04:00,7843.0,7843.0,7843.0,7842.0,7843.0,185
2026-10-06 04:30:00-04:00,7843.0,7843.0,7843.0,7842.5,7842.75,208
2026-10-06 04:31:00-04:00,7843.0,7843.0,7843.5,7842.0,7843.25,253
2026-10-06 04:32:00-04:00,7842.25,7842.25,7843.5,7842.25,7843.0,219
2026-10-06 04:33:00-04:00,7842.75,7842.75,7843.0,7841.75,7842.25,252
2026-10-06 04:34:00-04:00,7843.5,7843.5,7844.0,7842.75,7843.0,191
2026-10-06 04:35:00-04:00,7843.25,7843.25,7843.5,7842.5,7843.25,266
2026-10-06 04:36:00-04:00,7843.25,7843.25,7843.5,7842.75,7843.25,184
2026-10-06 04:37:00-04:00,7843.0,7843.0,7844.5,7843.0,7843.5,693
2026-10-06 04:38:00-04:00,7843.5,7843.5,7843.75,7842.75,7843.25,212
2026-10-06 04:39:00-04:00,7843.0,7843.0,7843.75,7842.75,7843.5,283
2026-10-06 04:40:00-04:00,7842.75,7842.75,7843.5,7842.5,7843.0,390
2026-10-06 04:41:00-04:00,7844.25,7844.25,7844.25,7842.75,7842.75,455
2026-10-06 04:42:00-04:00,7845.0,7845.0,7845.5,7844.25,7844.25,552
2026-10-06 04:43:00-04:00,7845.75,7845.75,7845.75,7845.0,7845.0,456
2026-10-06 04:44:00-04:00,7846.5,7846.5,7847.0,7846.0,7846.0,799
2026-10-06 04:45:00-04:00,7846.25,7846.25,7846.75,7846.0,7846.5,281
2026-10-06 04:46:00-04:00,7846.0,7846.0,7846.5,7845.25,7846.25,324
2026-10-06 04:47:00-04:00,7846.0,7846.0,7846.0,7845.25,7846.0,268
2026-10-06 04:48:00-04:00,7845.75,7845.75,7846.25,7845.5,7846.0,164
2026-10-06 04:49:00-04:00,7845.25,7845.25,7845.75,7845.0,7845.75,260
2026-10-06 04:50:00-04:00,7846.25,7846.25,7846.5,7845.25,7845.25,234
2026-10-06 04:51:00-04:00,7846.75,7846.75,7847.0,7846.0,7846.0,214
2026-10-06 04:52:00-04:00,7846.5,7846.5,7846.75,7846.25,7846.5,238
2026-10-06 04:53:00-04:00,7846.0,7846.0,7846.75,7846.0,7846.25,246
2026-10-06 04:54:00-04:00,7845.0,7845.0,7846.25,7845.0,7846.25,218
2026-10-06 04:55:00-04:00,7845.25,7845.25,7845.5,7844.5,7845.0,347
2026-10-06 04:56:00-04:00,7846.0,7846.0,7846.0,7845.0,7845.25,264
2026-10-06 04:57:00-04:00,7845.75,7845.75,7846.5,7845.75,7846.0,231
2026-10-06 04:58:00-04:00,7845.0,7845.0,7846.0,7845.0,7846.0,272
2026-10-06 04:59:00-04:00,7844.75,7844.75,7845.25,7844.25,7845.0,381
2026-10-06 05:00:00-04:00,7845.0,7845.0,7845.25,7844.0,7844.5,595
2026-10-06 05:01:00-04:00,7846.25,7846.25,7846.25,7844.5,7844.75,511
2026-10-06 05:02:00-04:00,7847.5,7847.5,7847.5,7845.75,7846.0,459
2026-10-06 05:03:00-04:00,7846.5,7846.5,7847.5,7846.0,7847.25,423
2026-10-06 05:04:00-04:00,7845.5,7845.5,7847.25,7845.5,7846.5,431
2026-10-06 05:05:00-04:00,7845.5,7845.5,7845.75,7844.75,7845.5,401
2026-10-06 05:06:00-04:00,7846.0,7846.0,7846.0,7845.0,7845.25,213
2026-10-06 05:07:00-04:00,7845.75,7845.75,7846.5,7845.75,7845.75,318
2026-10-06 05:08:00-04:00,7844.75,7844.75,7846.0,7844.25,7845.75,276
2026-10-06 05:09:00-04:00,7844.5,7844.5,7845.5,7844.5,7845.0,163
2026-10-06 05:10:00-04:00,7843.5,7843.5,7844.75,7843.25,7844.75,273
2026-10-06 05:11:00-04:00,7844.75,7844.75,7847.5,7842.25,7843.25,2240
2026-10-06 05:12:00-04:00,7842.5,7842.5,7844.75,7842.5,7844.75,410
2026-10-06 05:13:00-04:00,7842.0,7842.0,7843.0,7841.75,7842.75,249
2026-10-06 05:14:00-04:00,7843.75,7843.75,7843.75,7842.0,7842.0,300
2026-10-06 05:15:00-04:00,7844.25,7844.25,7844.5,7843.5,7843.75,323
2026-10-06 05:16:00-04:00,7844.75,7844.75,7845.5,7844.25,7844.25,408
2026-10-06 05:17:00-04:00,7845.25,7845.25,7845.25,7844.75,7845.0,151
2026-10-06 05:18:00-04:00,7845.25,7845.25,7845.25,7844.75,7845.25,144
2026-10-06 05:19:00-04:00,7845.25,7845.25,7845.25,7844.25,7845.0,174
2026-10-06 05:20:00-04:00,7845.75,7845.75,7846.5,7845.25,7845.25,262
2026-10-06 05:21:00-04:00,7845.75,7845.75,7846.0,7845.75,7845.75,146
2026-10-06 05:22:00-04:00,7845.25,7845.25,7845.75,7845.25,7845.75,295
2026-10-06 05:23:00-04:00,7845.5,7845.5,7845.5,7845.0,7845.5,136
2026-10-06 05:24:00-04:00,7846.25,7846.25,7846.25,7845.25,7845.5,189
2026-10-06 05:25:00-04:00,7846.0,7846.0,7846.5,7845.75,7845.75,206
2026-10-06 05:26:00-04:00,7846.25,7846.25,7846.75,7845.75,7846.25,223
2026-10-06 05:27:00-04:00,7846.0,7846.0,7846.5,7845.75,7846.25,132
2026-10-06 05:28:00-04:00,7845.75,7845.75,7846.25,7845.75,7846.25,80
2026-10-06 05:29:00-04:00,7846.5,7846.5,7846.75,7845.5,7845.5,175
2026-10-06 05:30:00-04:00,7846.5,7846.5,7846.75,7846.0,7846.75,229
2026-10-06 05:31:00-04:00,7846.0,7846.0,7846.75,7845.5,7846.5,237
2026-10-06 05:32:00-04:00,7846.0,7846.0,7846.25,7845.5,7845.75,137
2026-10-06 05:33:00-04:00,7846.0,7846.0,7846.5,7845.75,7846.25,130
2026-10-06 05:34:00-04:00,7847.0,7847.0,7848.25,7845.75,7846.0,1600
2026-10-06 05:35:00-04:00,7846.75,7846.75,7847.25,7846.0,7847.25,560
2026-10-06 05:36:00-04:00,7846.25,7846.25,7846.75,7846.0,7846.5,290
2026-10-06 05:37:00-04:00,7846.25,7846.25,7846.5,7846.0,7846.25,216
2026-10-06 05:38:00-04:00,7846.25,7846.25,7847.0,7846.0,7846.25,286
2026-10-06 05:39:00-04:00,7846.25,7846.25,7846.5,7846.0,7846.5,112
2026-10-06 05:40:00-04:00,7846.0,7846.0,7846.5,7846.0,7846.5,218
2026-10-06 05:41:00-04:00,7846.5,7846.5,7846.5,7846.0,7846.0,177
2026-10-06 05:42:00-04:00,7846.25,7846.25,7846.5,7846.0,7846.5,107
2026-10-06 05:43:00-04:00,7845.75,7845.75,7846.75,7845.75,7846.5,284
2026-10-06 05:44:00-04:00,7846.0,7846.0,7846.0,7844.75,7845.75,518
2026-10-06 05:45:00-04:00,7845.75,7845.75,7846.25,7845.5,7845.75,346
2026-10-06 05:46:00-04:00,7845.0,7845.0,7846.25,7844.75,7846.0,206
2026-10-06 05:47:00-04:00,7845.0,7845.0,7845.5,7844.5,7845.0,125
2026-10-06 05:48:00-04:00,7845.5,7845.5,7845.5,7844.5,7845.0,135
2026-10-06 05:49:00-04:00,7845.75,7845.75,7845.75,7845.25,7845.5,109
2026-10-06 05:50:00-04:00,7845.75,7845.75,7845.75,7845.5,7845.75,85
2026-10-06 05:51:00-04:00,7846.0,7846.0,7847.0,7845.5,7845.75,435
2026-10-06 05:52:00-04:00,7844.75,7844.75,7846.0,7844.25,7846.0,245
2026-10-06 05:53:00-04:00,7845.0,7845.0,7845.25,7844.5,7844.5,218
2026-10-06 05:54:00-04:00,7844.25,7844.25,7845.0,7844.25,7845.0,135
2026-10-06 05:55:00-04:00,7844.25,7844.25,7844.25,7843.75,7844.25,195
2026-10-06 05:56:00-04:00,7843.25,7843.25,7844.25,7843.25,7844.25,310
2026-10-06 05:57:00-04:00,7843.5,7843.5,7844.25,7843.25,7843.5,344
2026-10-06 05:58:00-04:00,7843.25,7843.25,7843.5,7843.0,7843.5,172
2026-10-06 05:59:00-04:00,7843.25,7843.25,7843.5,7843.0,7843.25,110
2026-10-06 06:00:00-04:00,7843.0,7843.0,7843.25,7843.0,7843.25,254
2026-10-06 06:01:00-04:00,7842.5,7842.5,7843.25,7842.25,7843.25,203
2026-10-06 06:02:00-04:00,7841.75,7841.75,7842.75,7841.75,7842.5,222
2026-10-06 06:03:00-04:00,7840.5,7840.5,7842.25,7840.0,7842.0,450
2026-10-06 06:04:00-04:00,7840.5,7840.5,7840.75,7839.5,7840.75,430
2026-10-06 06:05:00-04:00,7841.5,7841.5,7841.75,7840.5,7840.5,289
2026-10-06 06:06:00-04:00,7841.5,7841.5,7842.5,7841.5,7841.75,217
2026-10-06 06:07:00-04:00,7842.75,7842.75,7843.25,7841.75,7841.75,251
2026-10-06 06:08:00-04:00,7843.5,7843.5,7843.75,7842.75,7843.0,135
2026-10-06 06:09:00-04:00,7843.25,7843.25,7843.75,7843.0,7843.5,161
2026-10-06 06:10:00-04:00,7842.75,7842.75,7843.25,7842.75,7843.25,105
2026-10-06 06:11:00-04:00,7843.0,7843.0,7843.5,7843.0,7843.0,100
2026-10-06 06:12:00-04:00,7842.75,7842.75,7844.5,7842.75,7843.0,757
2026-10-06 06:13:00-04:00,7843.25,7843.25,7843.5,7842.5,7842.75,152
2026-10-06 06:14:00-04:00,7843.25,7843.25,7843.5,7843.0,7843.25,142
2026-10-06 06:15:00-04:00,7843.5,7843.5,7843.5,7843.0,7843.25,135
2026-10-06 06:16:00-04:00,7842.75,7842.75,7843.75,7842.75,7843.25,343
2026-10-06 06:17:00-04:00,7842.5,7842.5,7843.0,7842.25,7842.75,150
2026-10-06 06:18:00-04:00,7842.75,7842.75,7842.75,7842.0,7842.25,197
2026-10-06 06:19:00-04:00,7843.0,7843.0,7843.0,7842.5,7842.75,113
2026-10-06 06:20:00-04:00,7843.25,7843.25,7843.5,7842.75,7843.0,140
2026-10-06 06:21:00-04:00,7844.5,7844.5,7844.5,7843.25,7843.25,242
2026-10-06 06:22:00-04:00,7845.25,7845.25,7845.5,7844.5,7844.5,402
2026-10-06 06:23:00-04:00,7845.75,7845.75,7846.0,7845.0,7845.25,208
2026-10-06 06:24:00-04:00,7846.0,7846.0,7846.75,7845.75,7846.0,243
2026-10-06 06:25:00-04:00,7845.25,7845.25,7846.25,7845.0,7846.0,390
2026-10-06 06:26:00-04:00,7845.0,7845.0,7845.25,7844.5,7845.0,196
2026-10-06 06:27:00-04:00,7845.5,7845.5,7845.5,7845.0,7845.0,72
2026-10-06 06:28:00-04:00,7845.25,7845.25,7845.75,7845.25,7845.5,149
2026-10-06 06:29:00-04:00,7845.25,7845.25,7845.75,7845.0,7845.25,252
2026-10-06 06:30:00-04:00,7845.0,7845.0,7845.75,7844.75,7845.5,134
2026-10-06 06:31:00-04:00,7845.0,7845.0,7845.5,7844.75,7845.0,96
2026-10-06 06:32:00-04:00,7845.75,7845.75,7846.0,7845.25,7845.25,155
2026-10-06 06:33:00-04:00,7845.5,7845.5,7846.0,7845.5,7846.0,93
2026-10-06 06:34:00-04:00,7845.0,7845.0,7845.75,7844.75,7845.25,277
2026-10-06 06:35:00-04:00,7846.0,7846.0,7846.0,7845.0,7845.25,151
2026-10-06 06:36:00-04:00,7846.0,7846.0,7846.5,7845.75,7846.0,166
2026-10-06 06:37:00-04:00,7846.25,7846.25,7846.25,7845.75,7846.25,94
2026-10-06 06:38:00-04:00,7846.25,7846.25,7846.5,7846.0,7846.25,146
2026-10-06 06:39:00-04:00,7846.0,7846.0,7846.25,7846.0,7846.25,45
2026-10-06 06:40:00-04:00,7846.5,7846.5,7846.5,7846.0,7846.0,214
2026-10-06 06:41:00-04:00,7847.5,7847.5,7847.75,7846.5,7846.75,439
2026-10-06 06:42:00-04:00,7846.75,7846.75,7847.5,7846.0,7847.25,259
2026-10-06 06:43:00-04:00,7848.0,7848.0,7848.0,7846.25,7846.5,318
2026-10-06 06:44:00-04:00,7848.75,7848.75,7849.5,7848.0,7848.0,625
2026-10-06 06:45:00-04:00,7849.5,7849.5,7850.0,7848.75,7848.75,457
2026-10-06 06:46:00-04:00,7849.5,7849.5,7849.75,7849.25,7849.5,187
2026-10-06 06:47:00-04:00,7849.5,7849.5,7849.75,7849.25,7849.5,105
2026-10-06 06:48:00-04:00,7849.25,7849.25,7850.0,7849.0,7849.75,268
2026-10-06 06:49:00-04:00,7849.25,7849.25,7850.0,7849.25,7849.5,217
2026-10-06 06:50:00-04:00,7849.25,7849.25,7850.25,7848.75,7849.75,269
2026-10-06 06:51:00-04:00,7849.5,7849.5,7849.75,7849.0,7849.5,129
2026-10-06 06:52:00-04:00,7849.25,7849.25,7849.25,7849.0,7849.25,97
2026-10-06 06:53:00-04:00,7849.75,7849.75,7849.75,7849.25,7849.5,134
2026-10-06 06:54:00-04:00,7849.75,7849.75,7849.75,7849.25,7849.5,113
2026-10-06 06:55:00-04:00,7849.75,7849.75,7850.25,7849.75,7850.0,323
2026-10-06 06:56:00-04:00,7849.25,7849.25,7849.75,7849.25,7849.5,124
2026-10-06 06:57:00-04:00,7848.5,7848.5,7849.25,7848.25,7849.25,258
2026-10-06 06:58:00-04:00,7848.0,7848.0,7848.75,7847.75,7848.5,282
2026-10-06 06:59:00-04:00,7848.25,7848.25,7848.5,7847.75,7847.75,225
2026-10-06 07:00:00-04:00,7848.0,7848.0,7849.0,7847.75,7848.25,512
2026-10-06 07:01:00-04:00,7849.75,7849.75,7849.75,7848.0,7848.0,393
2026-10-06 07:02:00-04:00,7850.0,7850.0,7850.0,7849.5,7849.75,126
2026-10-06 07:03:00-04:00,7850.0,7850.0,7850.25,7850.0,7850.0,162
2026-10-06 07:04:00-04:00,7848.75,7848.75,7849.75,7848.75,7849.75,140
2026-10-06 07:05:00-04:00,7850.0,7850.0,7850.0,7848.75,7849.0,200
2026-10-06 07:06:00-04:00,7849.25,7849.25,7850.0,7849.25,7850.0,189
2026-10-06 07:07:00-04:00,7850.0,7850.0,7850.75,7849.25,7849.25,343
2026-10-06 07:08:00-04:00,7850.0,7850.0,7850.75,7850.0,7850.25,136
2026-10-06 07:09:00-04:00,7850.5,7850.5,7850.75,7850.25,7850.25,244
2026-10-06 07:10:00-04:00,7850.25,7850.25,7850.75,7850.0,7850.5,134
2026-10-06 07:11:00-04:00,7852.75,7852.75,7852.75,7850.25,7850.5,922
2026-10-06 07:12:00-04:00,7852.25,7852.25,7852.5,7851.75,7852.5,375
2026-10-06 07:13:00-04:00,7853.5,7853.5,7854.25,7852.0,7852.25,786
2026-10-06 07:14:00-04:00,7854.5,7854.5,7854.5,7853.5,7853.75,448
2026-10-06 07:15:00-04:00,7856.25,7856.25,7857.75,7854.5,7854.5,1372
2026-10-06 07:16:00-04:00,7857.0,7857.0,7857.5,7855.0,7856.0,1001
2026-10-06 07:17:00-04:00,7857.5,7857.5,7858.25,7856.75,7856.75,501
2026-10-06 07:18:00-04:00,7857.0,7857.0,7858.25,7857.0,7857.5,647
2026-10-06 07:19:00-04:00,7857.0,7857.0,7857.25,7856.75,7857.0,306
2026-10-06 07:20:00-04:00,7856.75,7856.75,7857.25,7856.5,7857.0,558
2026-10-06 07:21:00-04:00,7857.25,7857.25,7857.5,7856.25,7856.5,595
2026-10-06 07:22:00-04:00,7859.5,7859.5,7859.5,7857.5,7857.5,513
2026-10-06 07:23:00-04:00,7861.25,7861.25,7861.75,7859.25,7859.5,1403
2026-10-06 07:24:00-04:00,7860.5,7860.5,7861.25,7860.0,7861.0,638
2026-10-06 07:25:00-04:00,7861.5,7861.5,7861.75,7860.5,7860.75,374
2026-10-06 07:26:00-04:00,7860.5,7860.5,7862.25,7860.5,7861.5,612
2026-10-06 07:27:00-04:00,7859.0,7859.0,7861.0,7859.0,7860.75,701
2026-10-06 07:28:00-04:00,7858.5,7858.5,7859.75,7858.25,7859.0,773
2026-10-06 07:29:00-04:00,7856.75,7856.75,7858.5,7856.75,7858.5,851
2026-10-06 07:30:00-04:00,7857.25,7857.25,7859.25,7855.75,7856.75,1398
2026-10-06 07:31:00-04:00,7857.25,7857.25,7857.5,7856.0,7857.5,750
2026-10-06 07:32:00-04:00,7857.75,7857.75,7858.25,7857.25,7857.25,332
2026-10-06 07:33:00-04:00,7858.5,7858.5,7858.5,7857.5,7857.75,246
2026-10-06 07:34:00-04:00,7859.5,7859.5,7860.5,7858.5,7858.5,478
2026-10-06 07:35:00-04:00,7859.5,7859.5,7860.0,7859.0,7859.75,208
2026-10-06 07:36:00-04:00,7857.5,7857.5,7859.5,7857.5,7859.5,326
2026-10-06 07:37:00-04:00,7858.0,7858.0,7858.25,7857.25,7857.75,187
2026-10-06 07:38:00-04:00,7860.0,7860.0,7860.75,7858.25,7858.25,437
2026-10-06 07:39:00-04:00,7860.5,7860.5,7861.5,7859.5,7859.75,353
2026-10-06 07:40:00-04:00,7860.5,7860.5,7860.75,7860.25,7860.25,218
2026-10-06 07:41:00-04:00,7860.25,7860.25,7860.25,7859.5,7860.25,310
2026-10-06 07:42:00-04:00,7861.5,7861.5,7861.5,7859.75,7860.25,339
2026-10-06 07:43:00-04:00,7861.25,7861.25,7861.75,7860.75,7861.5,521
2026-10-06 07:44:00-04:00,7862.0,7862.0,7862.0,7861.25,7861.5,241
2026-10-06 07:45:00-04:00,7863.0,7863.0,7863.25,7861.5,7861.75,623
2026-10-06 07:46:00-04:00,7862.25,7862.25,7863.25,7862.25,7863.25,224
2026-10-06 07:47:00-04:00,7863.25,7863.25,7864.0,7862.25,7862.25,337
2026-10-06 07:48:00-04:00,7863.0,7863.0,7863.25,7862.25,7863.25,371
2026-10-06 07:49:00-04:00,7863.25,7863.25,7863.5,7862.0,7863.25,345
2026-10-06 07:50:00-04:00,7863.25,7863.25,7863.5,7862.25,7863.0,306
2026-10-06 07:51:00-04:00,7863.75,7863.75,7864.0,7863.0,7863.25,417
2026-10-06 07:52:00-04:00,7863.75,7863.75,7864.0,7863.5,7863.75,222
2026-10-06 07:53:00-04:00,7864.75,7864.75,7865.25,7863.25,7863.5,1102
2026-10-06 07:54:00-04:00,7864.5,7864.5,7865.25,7864.0,7865.0,563
2026-10-06 07:55:00-04:00,7864.5,7864.5,7865.0,7864.0,7864.5,423
2026-10-06 07:56:00-04:00,7864.25,7864.25,7865.5,7864.0,7864.75,981
2026-10-06 07:57:00-04:00,7865.0,7865.0,7865.75,7864.5,7864.5,927
2026-10-06 07:58:00-04:00,7865.5,7865.5,7866.0,7865.0,7865.0,569
2026-10-06 07:59:00-04:00,7865.25,7865.25,7865.75,7865.0,7865.5,376
2026-10-06 08:00:00-04:00,7863.75,7863.75,7865.75,7863.5,7865.25,1436
2026-10-06 08:01:00-04:00,7863.25,7863.25,7863.75,7862.25,7863.75,704
2026-10-06 08:02:00-04:00,7864.5,7864.5,7864.5,7863.0,7863.0,329
2026-10-06 08:03:00-04:00,7865.0,7865.0,7865.75,7864.0,7864.25,391
2026-10-06 08:04:00-04:00,7865.5,7865.5,7866.0,7864.75,7865.0,376
2026-10-06 08:05:00-04:00,7865.5,7865.5,7866.5,7864.75,7865.5,671
2026-10-06 08:06:00-04:00,7864.75,7864.75,7865.5,7864.25,7865.5,409
2026-10-06 08:07:00-04:00,7864.75,7864.75,7865.0,7864.25,7864.5,501
2026-10-06 08:08:00-04:00,7866.0,7866.0,7866.0,7863.75,7864.75,648
2026-10-06 08:09:00-04:00,7865.5,7865.5,7866.5,7865.5,7866.25,379
2026-10-06 08:10:00-04:00,7865.75,7865.75,7866.0,7864.75,7865.25,357
2026-10-06 08:11:00-04:00,7866.25,7866.25,7866.25,7865.25,7865.75,380
2026-10-06 08:12:00-04:00,7866.75,7866.75,7866.75,7866.0,7866.25,528
2026-10-06 08:13:00-04:00,7866.25,7866.25,7867.25,7866.25,7866.75,523
2026-10-06 08:14:00-04:00,7866.25,7866.25,7866.5,7866.0,7866.25,164
2026-10-06 08:15:00-04:00,7866.0,7866.0,7866.75,7865.5,7866.25,350
2026-10-06 08:16:00-04:00,7867.5,7867.5,7867.75,7866.0,7866.25,551
2026-10-06 08:17:00-04:00,7865.25,7865.25,7867.5,7865.25,7867.5,514
2026-10-06 08:18:00-04:00,7866.25,7866.25,7867.0,7864.75,7865.25,569
2026-10-06 08:19:00-04:00,7867.25,7867.25,7867.5,7866.0,7866.25,320
2026-10-06 08:20:00-04:00,7866.25,7866.25,7867.25,7866.0,7867.25,350
2026-10-06 08:21:00-04:00,7865.5,7865.5,7867.0,7865.25,7866.5,482
2026-10-06 08:22:00-04:00,7864.25,7864.25,7865.5,7863.0,7865.5,732
2026-10-06 08:23:00-04:00,7863.5,7863.5,7864.75,7863.5,7864.25,459
2026-10-06 08:24:00-04:00,7863.0,7863.0,7864.0,7862.75,7863.5,696
2026-10-06 08:25:00-04:00,7863.5,7863.5,7863.5,7862.75,7863.0,560
2026-10-06 08:26:00-04:00,7862.5,7862.5,7863.5,7860.0,7863.25,1663
2026-10-06 08:27:00-04:00,7861.5,7861.5,7862.75,7860.75,7862.75,733
2026-10-06 08:28:00-04:00,7860.75,7860.75,7861.5,7859.75,7861.5,713
2026-10-06 08:29:00-04:00,7860.0,7860.0,7860.75,7859.75,7860.5,277
2026-10-06 08:30:00-04:00,7859.25,7859.25,7860.5,7859.0,7860.0,336
2026-10-06 08:31:00-04:00,7859.0,7859.0,7859.75,7858.75,7859.25,526
2026-10-06 08:32:00-04:00,7858.5,7858.5,7859.5,7858.25,7858.75,663
2026-10-06 08:33:00-04:00,7857.75,7857.75,7858.75,7857.25,7858.75,481
2026-10-06 08:34:00-04:00,7857.5,7857.5,7858.25,7857.0,7857.75,600
2026-10-06 08:35:00-04:00,7857.75,7857.75,7858.25,7856.5,7857.5,584
2026-10-06 08:36:00-04:00,7857.5,7857.5,7858.25,7857.0,7858.0,564
2026-10-06 08:37:00-04:00,7857.0,7857.0,7857.75,7856.5,7857.75,560
2026-10-06 08:38:00-04:00,7857.5,7857.5,7858.0,7856.75,7857.0,324
2026-10-06 08:39:00-04:00,7858.5,7858.5,7859.0,7857.5,7857.5,650
2026-10-06 08:40:00-04:00,7858.0,7858.0,7858.5,7857.5,7858.5,448
2026-10-06 08:41:00-04:00,7857.75,7857.75,7858.25,7857.25,7858.25,396
2026-10-06 08:42:00-04:00,7858.0,7858.0,7858.25,7856.75,7857.75,308
2026-10-06 08:43:00-04:00,7857.0,7857.0,7857.75,7857.0,7857.75,444
2026-10-06 08:44:00-04:00,7857.75,7857.75,7858.25,7856.75,7857.25,407
2026-10-06 08:45:00-04:00,7857.25,7857.25,7857.75,7856.75,7857.5,601
2026-10-06 08:46:00-04:00,7856.75,7856.75,7858.5,7856.5,7857.25,1223
2026-10-06 08:47:00-04:00,7856.0,7856.0,7857.25,7856.0,7856.75,455
2026-10-06 08:48:00-04:00,7855.5,7855.5,7856.25,7855.0,7856.25,544
2026-10-06 08:49:00-04:00,7854.75,7854.75,7855.75,7854.0,7855.25,940
2026-10-06 08:50:00-04:00,7858.25,7858.25,7861.25,7855.0,7855.0,4582
2026-10-06 08:51:00-04:00,7861.5,7861.5,7861.5,7857.0,7858.25,1468
2026-10-06 08:52:00-04:00,7860.75,7860.75,7861.5,7859.0,7861.25,976
2026-10-06 08:53:00-04:00,7861.0,7861.0,7861.25,7860.25,7860.75,595
2026-10-06 08:54:00-04:00,7859.5,7859.5,7861.0,7859.0,7860.75,733
2026-10-06 08:55:00-04:00,7859.75,7859.75,7859.75,7858.5,7859.5,514
2026-10-06 08:56:00-04:00,7858.5,7858.5,7860.25,7858.5,7859.75,266
2026-10-06 08:57:00-04:00,7860.0,7860.0,7860.25,7858.25,7858.75,441
2026-10-06 08:58:00-04:00,7859.5,7859.5,7859.75,7859.25,7859.75,244
2026-10-06 08:59:00-04:00,7859.5,7859.5,7860.75,7859.5,7859.75,460
2026-10-06 09:00:00-04:00,7860.0,7860.0,7860.25,7859.0,7859.75,654
2026-10-06 09:01:00-04:00,7860.25,7860.25,7860.75,7859.5,7860.0,436
2026-10-06 09:02:00-04:00,7860.0,7860.0,7860.75,7859.75,7860.25,560
2026-10-06 09:03:00-04:00,7860.25,7860.25,7860.5,7859.75,7860.0,284
2026-10-06 09:04:00-04:00,7860.5,7860.5,7860.75,7860.0,7860.25,367
2026-10-06 09:05:00-04:00,7862.0,7862.0,7862.0,7860.5,7860.5,673
2026-10-06 09:06:00-04:00,7863.0,7863.0,7863.5,7861.5,7861.75,1129
2026-10-06 09:07:00-04:00,7862.25,7862.25,7863.0,7862.25,7863.0,411
2026-10-06 09:08:00-04:00,7862.0,7862.0,7862.25,7861.25,7862.25,1028
2026-10-06 09:09:00-04:00,7862.5,7862.5,7863.25,7862.0,7862.25,655
2026-10-06 09:10:00-04:00,7862.5,7862.5,7862.75,7862.25,7862.75,377
2026-10-06 09:11:00-04:00,7862.25,7862.25,7862.75,7862.0,7862.75,384
2026-10-06 09:12:00-04:00,7864.0,7864.0,7864.0,7862.25,7862.5,653
2026-10-06 09:13:00-04:00,7862.25,7862.25,7863.75,7862.25,7863.75,607
2026-10-06 09:14:00-04:00,7861.5,7861.5,7862.5,7861.0,7862.25,600
2026-10-06 09:15:00-04:00,7860.75,7860.75,7861.5,7860.5,7861.5,743
2026-10-06 09:16:00-04:00,7861.5,7861.5,7862.5,7860.5,7860.5,1641
2026-10-06 09:17:00-04:00,7860.75,7860.75,7861.5,7860.5,7861.5,704
2026-10-06 09:18:00-04:00,7861.0,7861.0,7861.5,7860.0,7860.75,520
2026-10-06 09:19:00-04:00,7861.5,7861.5,7862.25,7861.0,7861.0,381
2026-10-06 09:20:00-04:00,7860.25,7860.25,7862.25,7859.5,7861.75,952
2026-10-06 09:21:00-04:00,7860.25,7860.25,7860.5,7859.5,7860.25,724
2026-10-06 09:22:00-04:00,7859.0,7859.0,7860.75,7858.75,7860.5,637
2026-10-06 09:23:00-04:00,7860.25,7860.25,7860.25,7858.75,7859.0,647
2026-10-06 09:24:00-04:00,7861.75,7861.75,7862.0,7860.25,7860.25,923
2026-10-06 09:25:00-04:00,7863.75,7863.75,7864.5,7861.5,7861.75,2321
2026-10-06 09:26:00-04:00,7863.0,7863.0,7864.25,7862.75,7863.5,620
2026-10-06 09:27:00-04:00,7862.5,7862.5,7863.25,7861.0,7863.0,1360
2026-10-06 09:28:00-04:00,7863.0,7863.0,7863.5,7861.25,7862.25,1125
2026-10-06 09:29:00-04:00,7862.75,7862.75,7863.75,7862.0,7863.0,1719
2026-10-06 09:30:00-04:00,7867.5,7867.5,7868.0,7861.0,7863.0,11367
2026-10-06 09:31:00-04:00,7864.5,7864.5,7869.0,7864.25,7867.5,8290
2026-10-06 09:32:00-04:00,7866.25,7866.25,7866.5,7863.25,7864.5,4370
2026-10-06 09:33:00-04:00,7864.5,7864.5,7866.25,7863.75,7866.25,3474
2026-10-06 09:34:00-04:00,7862.0,7862.0,7865.0,7862.0,7864.5,3973
2026-10-06 09:35:00-04:00,7863.25,7863.25,7864.75,7861.75,7862.25,3997
2026-10-06 09:36:00-04:00,7863.25,7863.25,7863.5,7860.25,7863.25,3695
2026-10-06 09:37:00-04:00,7861.5,7861.5,7863.5,7861.25,7863.25,2941
2026-10-06 09:38:00-04:00,7865.0,7865.0,7865.75,7861.5,7861.75,5304
2026-10-06 09:39:00-04:00,7865.0,7865.0,7866.25,7865.0,7865.25,3021
2026-10-06 09:40:00-04:00,7867.5,7867.5,7867.75,7863.5,7865.0,6392
2026-10-06 09:41:00-04:00,7868.75,7868.75,7869.0,7867.0,7867.5,3864
2026-10-06 09:42:00-04:00,7866.5,7866.5,7868.75,7864.5,7868.75,3295
2026-10-06 09:43:00-04:00,7865.25,7865.25,7867.0,7865.0,7866.5,2520
2026-10-06 09:44:00-04:00,7867.5,7867.5,7867.5,7864.25,7865.25,2916
2026-10-06 09:45:00-04:00,7866.25,7866.25,7869.0,7866.25,7867.75,3930
2026-10-06 09:46:00-04:00,7869.5,7869.5,7869.75,7865.25,7866.5,4241
2026-10-06 09:47:00-04:00,7869.25,7869.25,7871.0,7868.5,7869.5,3274
2026-10-06 09:48:00-04:00,7871.0,7871.0,7871.0,7869.0,7869.5,2349
2026-10-06 09:49:00-04:00,7871.5,7871.5,7871.5,7870.25,7871.0,2665
2026-10-06 09:50:00-04:00,7872.0,7872.0,7873.25,7870.5,7871.5,4595
2026-10-06 09:51:00-04:00,7872.5,7872.5,7873.0,7870.25,7872.0,3605
2026-10-06 09:52:00-04:00,7873.0,7873.0,7873.5,7871.5,7872.75,2634
2026-10-06 09:53:00-04:00,7872.0,7872.0,7872.75,7870.75,7872.75,3109
2026-10-06 09:54:00-04:00,7874.0,7874.0,7874.25,7872.0,7872.0,3718
2026-10-06 09:55:00-04:00,7876.0,7876.0,7876.5,7873.5,7873.75,6695
2026-10-06 09:56:00-04:00,7876.5,7876.5,7876.75,7875.0,7876.0,3540
2026-10-06 09:57:00-04:00,7880.5,7880.5,7880.75,7876.0,7876.5,5730
2026-10-06 09:58:00-04:00,7879.0,7879.0,7881.0,7878.75,7880.5,4196
2026-10-06 09:59:00-04:00,7878.75,7878.75,7879.75,7878.0,7879.0,3825
2026-10-06 10:00:00-04:00,7882.5,7882.5,7883.5,7878.25,7878.75,8330
2026-10-06 10:01:00-04:00,7882.25,7882.25,7883.0,7881.25,7882.5,4028
2026-10-06 10:02:00-04:00,7880.5,7880.5,7883.0,7880.0,7882.0,4050
2026-10-06 10:03:00-04:00,7878.25,7878.25,7880.5,7877.5,7880.25,5080
2026-10-06 10:04:00-04:00,7881.25,7881.25,7882.25,7877.75,7878.25,6051
2026-10-06 10:05:00-04:00,7879.75,7879.75,7882.5,7879.25,7881.0,3810
2026-10-06 10:06:00-04:00,7878.5,7878.5,7880.25,7878.0,7879.75,3219
2026-10-06 10:07:00-04:00,7883.5,7883.5,7884.5,7878.25,7878.5,5458
2026-10-06 10:08:00-04:00,7883.5,7883.5,7885.0,7883.0,7883.5,5024
2026-10-06 10:09:00-04:00,7886.25,7886.25,7886.25,7882.0,7883.5,5143
2026-10-06 10:10:00-04:00,7886.0,7886.0,7888.0,7885.0,7886.25,6402
2026-10-06 10:11:00-04:00,7884.75,7884.75,7886.0,7884.25,7886.0,3146
2026-10-06 10:12:00-04:00,7883.5,7883.5,7884.75,7883.0,7884.75,3704
2026-10-06 10:13:00-04:00,7881.75,7881.75,7884.5,7881.5,7883.5,4157
2026-10-06 10:14:00-04:00,7881.5,7881.5,7883.25,7880.25,7882.0,3723
2026-10-06 10:15:00-04:00,7883.75,7883.75,7884.0,7880.75,7881.5,4048
2026-10-06 10:16:00-04:00,7882.0,7882.0,7884.5,7882.0,7884.0,2828
2026-10-06 10:17:00-04:00,7881.5,7881.5,7882.75,7880.5,7881.75,3236
2026-10-06 10:18:00-04:00,7878.25,7878.25,7881.75,7878.0,7881.5,4076
2026-10-06 10:19:00-04:00,7877.25,7877.25,7880.0,7877.25,7878.25,3357
2026-10-06 10:20:00-04:00,7876.5,7876.5,7878.25,7876.25,7877.5,3374
2026-10-06 10:21:00-04:00,7878.25,7878.25,7878.5,7875.75,7876.5,3296
2026-10-06 10:22:00-04:00,7879.0,7879.0,7879.5,7877.75,7878.25,3051
2026-10-06 10:23:00-04:00,7875.0,7875.0,7879.0,7874.5,7879.0,5505
2026-10-06 10:24:00-04:00,7876.5,7876.5,7876.75,7874.75,7875.0,2992
2026-10-06 10:25:00-04:00,7874.5,7874.5,7876.75,7873.25,7876.5,4064
2026-10-06 10:26:00-04:00,7873.0,7873.0,7875.0,7872.75,7874.25,3073
2026-10-06 10:27:00-04:00,7872.25,7872.25,7874.75,7872.0,7873.25,3821
2026-10-06 10:28:00-04:00,7873.25,7873.25,7874.0,7872.25,7872.5,2291
2026-10-06 10:29:00-04:00,7869.25,7869.25,7873.5,7869.0,7873.5,4611
2026-10-06 10:30:00-04:00,7868.0,7868.0,7870.5,7866.25,7869.25,6750
2026-10-06 10:31:00-04:00,7869.75,7869.75,7870.5,7868.0,7868.0,3661
2026-10-06 10:32:00-04:00,7870.25,7870.25,7871.75,7868.75,7869.75,4590
2026-10-06 10:33:00-04:00,7872.25,7872.25,7872.5,7868.25,7870.25,3436
2026-10-06 10:34:00-04:00,7872.75,7872.75,7873.0,7871.0,7872.25,2833
2026-10-06 10:35:00-04:00,7874.75,7874.75,7875.0,7872.5,7872.75,3567
2026-10-06 10:36:00-04:00,7875.25,7875.25,7876.75,7873.75,7874.75,3578
2026-10-06 10:37:00-04:00,7875.5,7875.5,7876.75,7875.25,7875.5,2836
2026-10-06 10:38:00-04:00,7877.5,7877.5,7877.5,7873.0,7875.25,4412
2026-10-06 10:39:00-04:00,7878.0,7878.0,7878.0,7875.75,7877.25,3046
2026-10-06 10:40:00-04:00,7878.0,7878.0,7878.5,7877.5,7878.0,2908
2026-10-06 10:41:00-04:00,7880.75,7880.75,7880.75,7877.0,7877.75,3501
2026-10-06 10:42:00-04:00,7882.5,7882.5,7882.75,7880.0,7880.75,4533
2026-10-06 10:43:00-04:00,7882.25,7882.25,7883.0,7881.75,7882.5,2326
2026-10-06 10:44:00-04:00,7883.25,7883.25,7883.75,7881.5,7882.5,3304
2026-10-06 10:45:00-04:00,7882.0,7882.0,7883.25,7880.75,7883.0,4201
2026-10-06 10:46:00-04:00,7881.25,7881.25,7882.25,7880.75,7882.0,2579
2026-10-06 10:47:00-04:00,7880.5,7880.5,7881.75,7879.25,7881.5,3548
2026-10-06 10:48:00-04:00,7878.5,7878.5,7881.0,7877.75,7880.75,4520
2026-10-06 10:49:00-04:00,7879.75,7879.75,7880.25,7878.25,7878.25,2320
2026-10-06 10:50:00-04:00,7882.5,7882.5,7882.75,7879.75,7880.0,2841
2026-10-06 10:51:00-04:00,7882.5,7882.5,7883.75,7881.5,7882.25,2635
2026-10-06 10:52:00-04:00,7882.5,7882.5,7882.75,7881.0,7882.5,2368
2026-10-06 10:53:00-04:00,7884.25,7884.25,7884.75,7882.25,7882.5,2821
2026-10-06 10:54:00-04:00,7884.25,7884.25,7885.0,7883.0,7884.5,3185
2026-10-06 10:55:00-04:00,7883.25,7883.25,7884.75,7883.0,7884.25,2603
2026-10-06 10:56:00-04:00,7884.5,7884.5,7885.0,7882.5,7883.25,1658
2026-10-06 10:57:00-04:00,7884.0,7884.0,7884.75,7883.0,7884.75,1900
2026-10-06 10:58:00-04:00,7883.75,7883.75,7884.25,7882.25,7884.0,2123
2026-10-06 10:59:00-04:00,7885.5,7885.5,7886.5,7883.5,7883.75,3103
2026-10-06 11:00:00-04:00,7887.5,7887.5,7887.5,7885.0,7885.25,4150
2026-10-06 11:01:00-04:00,7887.0,7887.0,7887.75,7886.0,7887.5,2891
2026-10-06 11:02:00-04:00,7886.75,7886.75,7887.75,7885.0,7887.25,5261
2026-10-06 11:03:00-04:00,7887.5,7887.5,7887.75,7886.5,7886.75,2367
2026-10-06 11:04:00-04:00,7886.5,7886.5,7887.5,7886.25,7887.5,1757
2026-10-06 11:05:00-04:00,7889.0,7889.0,7889.75,7886.0,7886.5,3576
2026-10-06 11:06:00-04:00,7891.5,7891.5,7891.5,7889.0,7889.25,3547
2026-10-06 11:07:00-04:00,7888.75,7888.75,7891.5,7888.75,7891.25,2466
2026-10-06 11:08:00-04:00,7888.25,7888.25,7889.25,7888.0,7889.0,3096
2026-10-06 11:09:00-04:00,7888.75,7888.75,7889.75,7888.25,7888.25,1609
2026-10-06 11:10:00-04:00,7890.0,7890.0,7890.5,7888.5,7889.0,1706
2026-10-06 11:11:00-04:00,7890.0,7890.0,7890.25,7888.5,7890.25,1371
2026-10-06 11:12:00-04:00,7890.0,7890.0,7890.5,7889.0,7890.0,1425
2026-10-06 11:13:00-04:00,7892.25,7892.25,7892.25,7889.75,7890.0,1866
2026-10-06 11:14:00-04:00,7893.0,7893.0,7893.5,7891.75,7892.25,2502
2026-10-06 11:15:00-04:00,7894.75,7894.75,7895.25,7892.5,7893.0,3913
2026-10-06 11:16:00-04:00,7893.75,7893.75,7894.75,7893.25,7894.75,1741
2026-10-06 11:17:00-04:00,7893.0,7893.0,7894.25,7892.75,7893.75,2448
2026-10-06 11:18:00-04:00,7894.75,7894.75,7895.0,7892.25,7893.0,2890
2026-10-06 11:19:00-04:00,7895.25,7895.25,7895.5,7893.75,7894.75,2126
2026-10-06 11:20:00-04:00,7895.0,7895.0,7895.25,7894.0,7895.25,2183
2026-10-06 11:21:00-04:00,7895.0,7895.0,7896.25,7894.75,7895.0,2557
2026-10-06 11:22:00-04:00,7894.25,7894.25,7896.25,7893.75,7895.0,2750
2026-10-06 11:23:00-04:00,7894.25,7894.25,7895.25,7893.25,7894.0,3139
2026-10-06 11:24:00-04:00,7895.75,7895.75,7896.0,7893.5,7894.25,2702
2026-10-06 11:25:00-04:00,7895.5,7895.5,7896.75,7895.25,7895.5,2559
2026-10-06 11:26:00-04:00,7897.0,7897.0,7897.5,7895.0,7895.25,2880
2026-10-06 11:27:00-04:00,7895.75,7895.75,7897.25,7895.25,7897.0,3474
2026-10-06 11:28:00-04:00,7897.0,7897.0,7897.0,7895.0,7895.75,2627
2026-10-06 11:29:00-04:00,7894.75,7894.75,7897.0,7894.0,7896.75,2915
2026-10-06 11:30:00-04:00,7892.75,7892.75,7895.0,7891.0,7894.5,5955
2026-10-06 11:31:00-04:00,7893.5,7893.5,7893.5,7892.0,7892.5,2232
2026-10-06 11:32:00-04:00,7893.5,7893.5,7894.25,7892.5,7893.25,3320
2026-10-06 11:33:00-04:00,7893.0,7893.0,7893.75,7892.25,7893.5,2377
2026-10-06 11:34:00-04:00,7893.25,7893.25,7894.25,7892.5,7892.75,2362
2026-10-06 11:35:00-04:00,7893.0,7893.0,7894.25,7891.75,7893.5,3904
2026-10-06 11:36:00-04:00,7892.75,7892.75,7893.25,7891.5,7893.0,2137
2026-10-06 11:37:00-04:00,7893.0,7893.0,7893.25,7892.5,7892.5,2206
2026-10-06 11:38:00-04:00,7895.25,7895.25,7895.25,7892.75,7892.75,3380
2026-10-06 11:39:00-04:00,7895.25,7895.25,7896.25,7894.5,7895.25,1639
2026-10-06 11:40:00-04:00,7895.25,7895.25,7896.25,7893.75,7895.5,2659
2026-10-06 11:41:00-04:00,7895.25,7895.25,7896.25,7894.25,7895.5,1878
2026-10-06 11:42:00-04:00,7894.25,7894.25,7895.25,7893.25,7895.25,2090
2026-10-06 11:43:00-04:00,7893.5,7893.5,7894.25,7892.5,7894.25,2022
2026-10-06 11:44:00-04:00,7892.75,7892.75,7893.5,7892.25,7893.5,2271
2026-10-06 11:45:00-04:00,7890.0,7890.0,7893.0,7889.75,7893.0,2996
2026-10-06 11:46:00-04:00,7893.0,7893.0,7893.5,7889.75,7890.0,2489
2026-10-06 11:47:00-04:00,7892.5,7892.5,7893.25,7892.25,7892.75,1831
2026-10-06 11:48:00-04:00,7892.75,7892.75,7893.5,7892.0,7892.5,1791
2026-10-06 11:49:00-04:00,7893.25,7893.25,7893.75,7892.5,7892.75,1497
2026-10-06 11:50:00-04:00,7892.75,7892.75,7894.0,7892.75,7893.25,1589
2026-10-06 11:51:00-04:00,7892.75,7892.75,7894.25,7892.25,7892.75,1567
2026-10-06 11:52:00-04:00,7892.75,7892.75,7893.5,7892.25,7892.75,1377
2026-10-06 11:53:00-04:00,7893.0,7893.0,7893.0,7892.0,7892.75,1391
2026-10-06 11:54:00-04:00,7892.0,7892.0,7893.0,7892.0,7892.75,1178
2026-10-06 11:55:00-04:00,7891.0,7891.0,7892.75,7890.5,7892.0,1672
2026-10-06 11:56:00-04:00,7892.75,7892.75,7893.0,7890.75,7891.0,1864
2026-10-06 11:57:00-04:00,7891.75,7891.75,7893.0,7891.25,7892.75,1124
2026-10-06 11:58:00-04:00,7892.0,7892.0,7892.5,7891.5,7891.75,1164
2026-10-06 11:59:00-04:00,7892.0,7892.0,7892.75,7891.25,7892.0,1126
2026-10-06 12:00:00-04:00,7891.75,7891.75,7892.75,7891.0,7892.0,2087
2026-10-06 12:01:00-04:00,7892.25,7892.25,7893.5,7891.5,7891.75,1927
2026-10-06 12:02:00-04:00,7892.25,7892.25,7893.5,7892.25,7892.5,1500
2026-10-06 12:03:00-04:00,7892.75,7892.75,7893.25,7892.25,7892.25,1238
2026-10-06 12:04:00-04:00,7891.75,7891.75,7892.75,7890.25,7892.75,2255
2026-10-06 12:05:00-04:00,7893.25,7893.25,7893.25,7892.0,7892.0,1243
2026-10-06 12:06:00-04:00,7892.25,7892.25,7893.25,7892.25,7893.25,1433
2026-10-06 12:07:00-04:00,7892.75,7892.75,7893.0,7891.5,7892.25,1324
2026-10-06 12:08:00-04:00,7889.75,7889.75,7893.0,7889.25,7892.75,2341
2026-10-06 12:09:00-04:00,7888.75,7888.75,7889.75,7887.75,7889.75,3323
2026-10-06 12:10:00-04:00,7889.75,7889.75,7889.75,7888.25,7888.75,1869
2026-10-06 12:11:00-04:00,7890.5,7890.5,7890.5,7889.25,7889.5,1603
2026-10-06 12:12:00-04:00,7891.0,7891.0,7891.0,7889.5,7890.25,1532
2026-10-06 12:13:00-04:00,7891.25,7891.25,7892.0,7890.5,7891.0,1821
2026-10-06 12:14:00-04:00,7891.25,7891.25,7892.25,7891.0,7891.25,1316
2026-10-06 12:15:00-04:00,7888.0,7888.0,7891.25,7887.75,7891.25,1945
2026-10-06 12:16:00-04:00,7886.25,7886.25,7888.5,7886.0,7887.75,2920
2026-10-06 12:17:00-04:00,7887.5,7887.5,7887.5,7885.25,7886.5,2933
2026-10-06 12:18:00-04:00,7887.25,7887.25,7888.0,7886.75,7887.5,1492
2026-10-06 12:19:00-04:00,7887.5,7887.5,7888.0,7886.75,7887.25,1097
2026-10-06 12:20:00-04:00,7887.25,7887.25,7888.5,7886.5,7887.5,1505
2026-10-06 12:21:00-04:00,7888.25,7888.25,7888.5,7886.75,7887.25,1077
2026-10-06 12:22:00-04:00,7887.75,7887.75,7889.5,7887.75,7888.25,1612
2026-10-06 12:23:00-04:00,7887.75,7887.75,7888.0,7887.0,7887.75,932
2026-10-06 12:24:00-04:00,7887.75,7887.75,7888.25,7887.0,7887.5,1475
2026-10-06 12:25:00-04:00,7887.5,7887.5,7887.75,7886.75,7887.75,985
2026-10-06 12:26:00-04:00,7886.5,7886.5,7887.75,7886.25,7887.25,1104
2026-10-06 12:27:00-04:00,7885.0,7885.0,7886.5,7884.5,7886.25,1775
2026-10-06 12:28:00-04:00,7884.25,7884.25,7885.5,7884.0,7884.75,1652
2026-10-06 12:29:00-04:00,7883.75,7883.75,7885.0,7883.0,7884.25,2077
2026-10-06 12:30:00-04:00,7883.75,7883.75,7884.25,7882.5,7883.75,2363
2026-10-06 12:31:00-04:00,7883.75,7883.75,7884.25,7883.25,7884.0,1584
2026-10-06 12:32:00-04:00,7884.75,7884.75,7885.5,7883.75,7883.75,2823
2026-10-06 12:33:00-04:00,7884.75,7884.75,7886.0,7884.0,7884.75,1338
2026-10-06 12:34:00-04:00,7886.0,7886.0,7886.25,7884.75,7885.0,1446
2026-10-06 12:35:00-04:00,7884.75,7884.75,7886.0,7884.75,7885.75,1504
2026-10-06 12:36:00-04:00,7883.75,7883.75,7885.0,7883.75,7884.75,1296
2026-10-06 12:37:00-04:00,7882.0,7882.0,7884.0,7881.75,7883.75,2128
2026-10-06 12:38:00-04:00,7882.5,7882.5,7882.75,7881.0,7881.75,2143
2026-10-06 12:39:00-04:00,7883.5,7883.5,7883.75,7882.25,7882.5,1460
2026-10-06 12:40:00-04:00,7883.75,7883.75,7884.0,7883.0,7883.5,1736
2026-10-06 12:41:00-04:00,7883.0,7883.0,7884.75,7882.25,7883.75,1618
2026-10-06 12:42:00-04:00,7882.0,7882.0,7883.25,7882.0,7883.0,1113
2026-10-06 12:43:00-04:00,7883.25,7883.25,7883.75,7882.0,7882.0,914
2026-10-06 12:44:00-04:00,7884.75,7884.75,7886.0,7883.0,7883.0,2601
2026-10-06 12:45:00-04:00,7884.5,7884.5,7885.25,7884.0,7884.5,1759
2026-10-06 12:46:00-04:00,7885.0,7885.0,7885.5,7884.5,7884.5,1148
2026-10-06 12:47:00-04:00,7883.25,7883.25,7885.0,7883.25,7885.0,1681
2026-10-06 12:48:00-04:00,7880.0,7880.0,7883.75,7879.25,7883.25,3006
2026-10-06 12:49:00-04:00,7882.0,7882.0,7882.0,7879.75,7879.75,1742
2026-10-06 12:50:00-04:00,7882.25,7882.25,7882.5,7881.75,7881.75,1360
2026-10-06 12:51:00-04:00,7883.0,7883.0,7883.25,7881.5,7882.25,1253
2026-10-06 12:52:00-04:00,7884.0,7884.0,7884.25,7882.75,7883.0,1518
2026-10-06 12:53:00-04:00,7883.25,7883.25,7884.0,7882.75,7884.0,1111
2026-10-06 12:54:00-04:00,7881.25,7881.25,7883.25,7880.75,7883.25,1438
2026-10-06 12:55:00-04:00,7881.0,7881.0,7882.0,7879.75,7881.25,2709
2026-10-06 12:56:00-04:00,7881.25,7881.25,7881.25,7880.0,7881.0,914
2026-10-06 12:57:00-04:00,7880.75,7880.75,7882.0,7880.75,7881.25,815
2026-10-06 12:58:00-04:00,7881.25,7881.25,7881.5,7880.75,7880.75,796
2026-10-06 12:59:00-04:00,7881.0,7881.0,7881.75,7880.75,7881.25,999
2026-10-06 13:00:00-04:00,7881.25,7881.25,7882.0,7880.0,7881.0,1845
2026-10-06 13:01:00-04:00,7880.5,7880.5,7881.5,7880.0,7881.0,745
2026-10-06 13:02:00-04:00,7878.0,7878.0,7880.75,7877.5,7880.5,3547
2026-10-06 13:03:00-04:00,7879.5,7879.5,7879.75,7877.75,7878.0,1743
2026-10-06 13:04:00-04:00,7879.5,7879.5,7879.75,7878.5,7879.5,1148
2026-10-06 13:05:00-04:00,7880.0,7880.0,7880.25,7879.25,7879.75,1287
2026-10-06 13:06:00-04:00,7879.25,7879.25,7880.25,7877.75,7880.0,1627
2026-10-06 13:07:00-04:00,7879.75,7879.75,7879.75,7878.0,7879.0,1157
2026-10-06 13:08:00-04:00,7880.0,7880.0,7880.25,7879.25,7879.75,734
2026-10-06 13:09:00-04:00,7880.25,7880.25,7880.25,7878.75,7880.0,1038
2026-10-06 13:10:00-04:00,7880.0,7880.0,7880.5,7879.0,7880.0,1458
2026-10-06 13:11:00-04:00,7879.25,7879.25,7880.25,7879.25,7880.0,895
2026-10-06 13:12:00-04:00,7877.5,7877.5,7879.5,7876.25,7879.25,2231
2026-10-06 13:13:00-04:00,7876.25,7876.25,7877.5,7875.75,7877.25,1956
2026-10-06 13:14:00-04:00,7877.0,7877.0,7877.25,7875.75,7876.25,1555
2026-10-06 13:15:00-04:00,7876.0,7876.0,7877.75,7875.75,7877.0,1814
2026-10-06 13:16:00-04:00,7875.25,7875.25,7876.25,7875.25,7876.25,1376
2026-10-06 13:17:00-04:00,7873.75,7873.75,7876.0,7873.75,7875.5,2394
2026-10-06 13:18:00-04:00,7874.0,7874.0,7874.75,7873.25,7874.0,2275
2026-10-06 13:19:00-04:00,7873.0,7873.0,7875.5,7873.0,7874.0,2240
2026-10-06 13:20:00-04:00,7874.0,7874.0,7874.75,7871.75,7873.0,5349
2026-10-06 13:21:00-04:00,7872.25,7872.25,7874.75,7869.75,7874.25,4572
2026-10-06 13:22:00-04:00,7871.75,7871.75,7873.5,7870.25,7872.25,5536
2026-10-06 13:23:00-04:00,7871.25,7871.25,7872.5,7869.75,7871.75,2306
2026-10-06 13:24:00-04:00,7873.5,7873.5,7874.0,7871.25,7871.25,2828
2026-10-06 13:25:00-04:00,7874.75,7874.75,7875.25,7873.25,7873.5,2495
2026-10-06 13:26:00-04:00,7875.25,7875.25,7876.0,7874.0,7874.75,2375
2026-10-06 13:27:00-04:00,7875.75,7875.75,7876.25,7875.0,7875.25,1569
2026-10-06 13:28:00-04:00,7877.75,7877.75,7878.0,7876.0,7876.0,2223
2026-10-06 13:29:00-04:00,7877.75,7877.75,7878.5,7877.0,7878.0,1748
2026-10-06 13:30:00-04:00,7876.25,7876.25,7878.25,7875.75,7878.0,1862
2026-10-06 13:31:00-04:00,7877.25,7877.25,7877.5,7876.25,7876.5,1338
2026-10-06 13:32:00-04:00,7877.25,7877.25,7878.0,7876.75,7877.25,1359
2026-10-06 13:33:00-04:00,7878.0,7878.0,7878.5,7876.75,7877.25,1122
2026-10-06 13:34:00-04:00,7880.75,7880.75,7881.25,7878.0,7878.0,2577
2026-10-06 13:35:00-04:00,7881.5,7881.5,7881.75,7880.5,7880.75,2207
2026-10-06 13:36:00-04:00,7880.75,7880.75,7881.75,7879.0,7881.5,3151
2026-10-06 13:37:00-04:00,7880.75,7880.75,7882.0,7880.75,7881.0,1443
2026-10-06 13:38:00-04:00,7881.0,7881.0,7881.25,7879.75,7880.75,1200
2026-10-06 13:39:00-04:00,7879.5,7879.5,7881.0,7879.25,7881.0,2029
2026-10-06 13:40:00-04:00,7880.0,7880.0,7880.5,7878.75,7879.5,1181
2026-10-06 13:41:00-04:00,7879.5,7879.5,7880.25,7878.5,7880.0,989
2026-10-06 13:42:00-04:00,7879.75,7879.75,7880.0,7879.0,7879.5,966
2026-10-06 13:43:00-04:00,7880.25,7880.25,7881.0,7879.75,7879.75,1103
2026-10-06 13:44:00-04:00,7879.75,7879.75,7880.75,7879.75,7880.5,1151
2026-10-06 13:45:00-04:00,7880.25,7880.25,7881.0,7879.25,7879.75,1306
2026-10-06 13:46:00-04:00,7880.5,7880.5,7880.75,7879.75,7880.5,858
2026-10-06 13:47:00-04:00,7880.25,7880.25,7880.5,7879.5,7880.5,667
2026-10-06 13:48:00-04:00,7880.25,7880.25,7880.75,7879.75,7880.0,803
2026-10-06 13:49:00-04:00,7881.0,7881.0,7881.25,7879.75,7880.5,761
2026-10-06 13:50:00-04:00,7883.0,7883.0,7883.0,7880.75,7881.0,2183
2026-10-06 13:51:00-04:00,7881.75,7881.75,7883.0,7881.25,7882.75,1481
2026-10-06 13:52:00-04:00,7881.75,7881.75,7882.25,7881.25,7881.75,842
2026-10-06 13:53:00-04:00,7882.0,7882.0,7882.25,7881.5,7881.75,829
2026-10-06 13:54:00-04:00,7879.5,7879.5,7882.25,7878.75,7882.25,2587
2026-10-06 13:55:00-04:00,7877.75,7877.75,7879.75,7877.5,7879.5,1719
2026-10-06 13:56:00-04:00,7877.25,7877.25,7878.75,7876.75,7877.75,1767
2026-10-06 13:57:00-04:00,7878.75,7878.75,7879.0,7876.75,7877.0,1375
2026-10-06 13:58:00-04:00,7878.5,7878.5,7879.25,7877.5,7878.5,1482
2026-10-06 13:59:00-04:00,7879.25,7879.25,7879.5,7878.0,7878.5,1082
2026-10-06 14:00:00-04:00,7880.25,7880.25,7880.5,7879.0,7879.25,2061
2026-10-06 14:01:00-04:00,7881.25,7881.25,7881.75,7879.75,7880.5,1541
2026-10-06 14:02:00-04:00,7882.5,7882.5,7882.5,7881.0,7881.0,2039
2026-10-06 14:03:00-04:00,7883.0,7883.0,7883.0,7882.25,7882.5,1465
2026-10-06 14:04:00-04:00,7882.25,7882.25,7883.25,7882.0,7883.0,1476
2026-10-06 14:05:00-04:00,7882.5,7882.5,7883.0,7882.0,7882.25,972
2026-10-06 14:06:00-04:00,7882.5,7882.5,7882.75,7881.75,7882.5,857
2026-10-06 14:07:00-04:00,7882.0,7882.0,7883.0,7881.75,7882.5,570
2026-10-06 14:08:00-04:00,7882.5,7882.5,7883.5,7881.75,7882.0,1272
2026-10-06 14:09:00-04:00,7883.0,7883.0,7883.25,7882.25,7882.75,800
2026-10-06 14:10:00-04:00,7883.5,7883.5,7884.0,7882.5,7883.0,1306
2026-10-06 14:11:00-04:00,7883.75,7883.75,7884.5,7883.25,7883.75,988
2026-10-06 14:12:00-04:00,7882.75,7882.75,7884.0,7882.75,7884.0,895
2026-10-06 14:13:00-04:00,7882.5,7882.5,7883.0,7881.25,7882.75,1162
2026-10-06 14:14:00-04:00,7882.75,7882.75,7883.25,7882.25,7882.25,836
2026-10-06 14:15:00-04:00,7882.75,7882.75,7883.5,7882.75,7883.0,956
2026-10-06 14:16:00-04:00,7882.5,7882.5,7883.25,7882.5,7882.75,839
2026-10-06 14:17:00-04:00,7882.25,7882.25,7883.25,7882.25,7882.75,588
2026-10-06 14:18:00-04:00,7881.5,7881.5,7882.5,7881.5,7882.25,950
2026-10-06 14:19:00-04:00,7880.5,7880.5,7882.0,7880.5,7881.5,908
2026-10-06 14:20:00-04:00,7879.75,7879.75,7881.25,7879.5,7880.75,1741
2026-10-06 14:21:00-04:00,7879.5,7879.5,7880.5,7879.25,7879.75,958
2026-10-06 14:22:00-04:00,7879.0,7879.0,7879.5,7878.25,7879.5,1260
2026-10-06 14:23:00-04:00,7879.0,7879.0,7879.75,7879.0,7879.25,1198
2026-10-06 14:24:00-04:00,7880.0,7880.0,7880.25,7878.5,7879.0,1357
2026-10-06 14:25:00-04:00,7879.5,7879.5,7880.25,7879.0,7880.25,1322
2026-10-06 14:26:00-04:00,7880.25,7880.25,7880.75,7879.5,7879.5,1024
2026-10-06 14:27:00-04:00,7879.75,7879.75,7880.75,7879.75,7880.5,814
2026-10-06 14:28:00-04:00,7879.25,7879.25,7880.25,7878.75,7880.0,1330
2026-10-06 14:29:00-04:00,7879.0,7879.0,7879.5,7878.5,7879.25,927
2026-10-06 14:30:00-04:00,7878.0,7878.0,7879.5,7877.5,7879.0,2068
2026-10-06 14:31:00-04:00,7878.75,7878.75,7878.75,7877.5,7878.0,1539
2026-10-06 14:32:00-04:00,7879.25,7879.25,7880.0,7878.5,7878.75,1226
2026-10-06 14:33:00-04:00,7880.25,7880.25,7880.75,7879.0,7879.25,1090
2026-10-06 14:34:00-04:00,7879.75,7879.75,7881.25,7879.75,7880.25,817
2026-10-06 14:35:00-04:00,7880.0,7880.0,7880.25,7879.0,7880.0,931
2026-10-06 14:36:00-04:00,7879.25,7879.25,7880.75,7878.0,7880.25,1610
2026-10-06 14:37:00-04:00,7879.25,7879.25,7879.5,7878.25,7879.5,990
2026-10-06 14:38:00-04:00,7879.5,7879.5,7880.0,7879.0,7879.0,770
2026-10-06 14:39:00-04:00,7878.5,7878.5,7879.75,7878.25,7879.75,764
2026-10-06 14:40:00-04:00,7879.0,7879.0,7879.5,7878.5,7878.5,945
2026-10-06 14:41:00-04:00,7879.25,7879.25,7879.75,7878.75,7879.25,788
2026-10-06 14:42:00-04:00,7879.5,7879.5,7880.25,7879.0,7879.5,1322
2026-10-06 14:43:00-04:00,7879.5,7879.5,7880.5,7879.25,7879.75,1114
2026-10-06 14:44:00-04:00,7879.25,7879.25,7880.0,7879.25,7879.75,695
2026-10-06 14:45:00-04:00,7879.5,7879.5,7880.0,7879.0,7879.25,810
2026-10-06 14:46:00-04:00,7879.25,7879.25,7880.0,7878.5,7879.5,1158
2026-10-06 14:47:00-04:00,7880.75,7880.75,7881.25,7879.0,7879.25,1352
2026-10-06 14:48:00-04:00,7880.5,7880.5,7881.75,7880.0,7880.75,884
2026-10-06 14:49:00-04:00,7880.75,7880.75,7881.0,7880.0,7880.5,837
2026-10-06 14:50:00-04:00,7881.25,7881.25,7881.25,7880.5,7880.75,683
2026-10-06 14:51:00-04:00,7881.5,7881.5,7881.75,7880.75,7881.0,1249
2026-10-06 14:52:00-04:00,7880.75,7880.75,7881.75,7880.75,7881.75,663
2026-10-06 14:53:00-04:00,7881.25,7881.25,7881.5,7880.5,7880.75,1530
2026-10-06 14:54:00-04:00,7880.75,7880.75,7881.5,7880.5,7881.25,1126
2026-10-06 14:55:00-04:00,7882.5,7882.5,7882.5,7881.0,7881.0,1387
2026-10-06 14:56:00-04:00,7882.75,7882.75,7882.75,7881.75,7882.25,1201
2026-10-06 14:57:00-04:00,7881.75,7881.75,7882.75,7881.75,7882.5,1161
2026-10-06 14:58:00-04:00,7881.75,7881.75,7882.5,7881.25,7881.75,796
2026-10-06 14:59:00-04:00,7882.0,7882.0,7882.25,7881.25,7881.5,841
2026-10-06 15:00:00-04:00,7881.75,7881.75,7883.25,7881.75,7881.75,2114
2026-10-06 15:01:00-04:00,7881.75,7881.75,7882.5,7881.5,7881.75,832
2026-10-06 15:02:00-04:00,7882.0,7882.0,7882.5,7881.75,7881.75,1030
2026-10-06 15:03:00-04:00,7882.25,7882.25,7882.75,7882.0,7882.25,766
2026-10-06 15:04:00-04:00,7882.75,7882.75,7883.0,7881.75,7882.25,886
2026-10-06 15:05:00-04:00,7884.0,7884.0,7884.0,7882.75,7883.0,1190
2026-10-06 15:06:00-04:00,7881.0,7881.0,7884.0,7881.0,7884.0,1259
2026-10-06 15:07:00-04:00,7880.5,7880.5,7881.5,7880.25,7881.25,1208
2026-10-06 15:08:00-04:00,7879.75,7879.75,7881.0,7879.5,7880.5,1164
2026-10-06 15:09:00-04:00,7878.5,7878.5,7880.0,7878.25,7879.75,2173
2026-10-06 15:10:00-04:00,7879.5,7879.5,7879.75,7878.5,7878.5,1094
2026-10-06 15:11:00-04:00,7880.0,7880.0,7880.25,7879.5,7879.75,956
2026-10-06 15:12:00-04:00,7880.25,7880.25,7880.5,7879.75,7880.0,825
2026-10-06 15:13:00-04:00,7879.75,7879.75,7880.25,7879.0,7880.25,1240
2026-10-06 15:14:00-04:00,7879.75,7879.75,7880.25,7879.5,7879.75,961
2026-10-06 15:15:00-04:00,7880.5,7880.5,7880.75,7879.75,7880.0,1047
2026-10-06 15:16:00-04:00,7880.75,7880.75,7881.5,7880.5,7880.5,1025
2026-10-06 15:17:00-04:00,7879.75,7879.75,7880.75,7879.75,7880.75,1055
2026-10-06 15:18:00-04:00,7878.5,7878.5,7880.0,7878.0,7880.0,2028
2026-10-06 15:19:00-04:00,7879.25,7879.25,7879.25,7878.25,7878.5,883
2026-10-06 15:20:00-04:00,7879.0,7879.0,7880.0,7879.0,7879.25,1527
2026-10-06 15:21:00-04:00,7878.75,7878.75,7879.25,7878.5,7879.0,825
2026-10-06 15:22:00-04:00,7877.75,7877.75,7879.0,7877.5,7879.0,1408
2026-10-06 15:23:00-04:00,7878.0,7878.0,7878.5,7877.5,7877.75,902
2026-10-06 15:24:00-04:00,7877.75,7877.75,7878.5,7877.75,7878.0,1118
2026-10-06 15:25:00-04:00,7877.5,7877.5,7878.25,7877.0,7877.75,1643
2026-10-06 15:26:00-04:00,7878.0,7878.0,7878.25,7877.25,7877.25,1253
2026-10-06 15:27:00-04:00,7878.0,7878.0,7878.5,7877.0,7878.25,1097
2026-10-06 15:28:00-04:00,7878.0,7878.0,7879.0,7878.0,7878.25,1611
2026-10-06 15:29:00-04:00,7877.75,7877.75,7878.25,7877.5,7878.0,724
2026-10-06 15:30:00-04:00,7877.75,7877.75,7878.75,7877.25,7878.0,1898
2026-10-06 15:31:00-04:00,7879.0,7879.0,7879.5,7877.25,7877.75,1513
2026-10-06 15:32:00-04:00,7878.0,7878.0,7879.5,7878.0,7879.0,948
2026-10-06 15:33:00-04:00,7876.75,7876.75,7878.5,7876.75,7878.0,1418
2026-10-06 15:34:00-04:00,7876.75,7876.75,7877.25,7876.25,7876.75,1926
2026-10-06 15:35:00-04:00,7877.75,7877.75,7878.0,7876.25,7876.75,1665
2026-10-06 15:36:00-04:00,7876.75,7876.75,7877.75,7876.25,7877.75,2072
2026-10-06 15:37:00-04:00,7875.75,7875.75,7876.75,7875.75,7876.75,1298
2026-10-06 15:38:00-04:00,7876.25,7876.25,7876.75,7875.75,7875.75,1028
2026-10-06 15:39:00-04:00,7876.75,7876.75,7877.0,7875.75,7876.0,1126
2026-10-06 15:40:00-04:00,7877.75,7877.75,7878.0,7876.5,7876.75,1422
2026-10-06 15:41:00-04:00,7877.25,7877.25,7878.25,7877.25,7878.0,1502
2026-10-06 15:42:00-04:00,7875.75,7875.75,7877.75,7875.75,7877.5,1349
2026-10-06 15:43:00-04:00,7876.0,7876.0,7876.5,7875.25,7876.0,1283
2026-10-06 15:44:00-04:00,7876.5,7876.5,7877.25,7876.0,7876.25,1254
2026-10-06 15:45:00-04:00,7876.0,7876.0,7877.0,7875.75,7876.5,2492
2026-10-06 15:46:00-04:00,7875.5,7875.5,7876.25,7875.25,7876.0,1058
2026-10-06 15:47:00-04:00,7877.5,7877.5,7877.75,7875.5,7875.5,1436
2026-10-06 15:48:00-04:00,7877.25,7877.25,7877.5,7876.5,7877.5,1002
2026-10-06 15:49:00-04:00,7876.5,7876.5,7877.5,7876.0,7877.5,1236
2026-10-06 15:50:00-04:00,7875.25,7875.25,7876.75,7873.75,7876.25,4892
2026-10-06 15:51:00-04:00,7874.75,7874.75,7875.75,7874.25,7875.5,2248
2026-10-06 15:52:00-04:00,7875.0,7875.0,7875.75,7874.25,7874.75,2000
2026-10-06 15:53:00-04:00,7873.25,7873.25,7874.75,7873.0,7874.75,3733
2026-10-06 15:54:00-04:00,7872.5,7872.5,7874.25,7871.75,7873.25,6987
2026-10-06 15:55:00-04:00,7873.75,7873.75,7874.5,7872.25,7872.25,7097
2026-10-06 15:56:00-04:00,7872.75,7872.75,7874.25,7872.5,7874.0,3598
2026-10-06 15:57:00-04:00,7873.0,7873.0,7873.5,7872.0,7872.75,3970
2026-10-06 15:58:00-04:00,7874.5,7874.5,7875.25,7872.5,7872.75,10055
2026-10-06 15:59:00-04:00,7873.0,7873.0,7875.5,7872.5,7874.5,62826
2026-10-06 16:00:00-04:00,7874.5,7874.5,7874.75,7872.75,7873.0,10125
2026-10-06 16:01:00-04:00,7873.5,7873.5,7874.75,7873.5,7874.75,1964
2026-10-06 16:02:00-04:00,7873.5,7873.5,7873.75,7873.0,7873.5,1518
2026-10-06 16:03:00-04:00,7874.25,7874.25,7874.5,7873.5,7873.5,775
2026-10-06 16:04:00-04:00,7875.0,7875.0,7875.0,7874.0,7874.25,962
2026-10-06 16:05:00-04:00,7875.25,7875.25,7875.5,7874.5,7875.0,1381
2026-10-06 16:06:00-04:00,7876.25,7876.25,7876.25,7875.0,7875.0,904
2026-10-06 16:07:00-04:00,7875.75,7875.75,7876.25,7875.75,7876.0,612
2026-10-06 16:08:00-04:00,7875.75,7875.75,7876.5,7875.75,7875.75,619
2026-10-06 16:09:00-04:00,7876.25,7876.25,7876.25,7875.0,7875.75,414
2026-10-06 16:10:00-04:00,7876.25,7876.25,7876.25,7876.0,7876.25,332
2026-10-06 16:11:00-04:00,7875.0,7875.0,7876.0,7874.75,7876.0,643
2026-10-06 16:12:00-04:00,7875.25,7875.25,7875.75,7875.0,7875.25,542
2026-10-06 16:13:00-04:00,7875.75,7875.75,7876.25,7875.25,7875.25,568
2026-10-06 16:14:00-04:00,7875.25,7875.25,7876.0,7875.25,7875.75,788
2026-10-06 16:15:00-04:00,7875.75,7875.75,7876.0,7875.25,7875.25,417
2026-10-06 16:16:00-04:00,7876.25,7876.25,7876.5,7875.5,7875.75,1062
2026-10-06 16:17:00-04:00,7876.75,7876.75,7877.0,7876.25,7876.25,587
2026-10-06 16:18:00-04:00,7877.25,7877.25,7877.25,7876.5,7876.75,388
2026-10-06 16:19:00-04:00,7877.25,7877.25,7877.75,7876.75,7877.25,822
2026-10-06 16:20:00-04:00,7878.0,7878.0,7878.0,7877.25,7877.25,254
2026-10-06 16:21:00-04:00,7877.25,7877.25,7877.75,7877.0,7877.75,417
2026-10-06 16:22:00-04:00,7877.75,7877.75,7877.75,7877.0,7877.0,289
2026-10-06 16:23:00-04:00,7877.25,7877.25,7878.25,7876.75,7877.5,809
2026-10-06 16:24:00-04:00,7877.25,7877.25,7877.5,7876.75,7877.0,305
2026-10-06 16:25:00-04:00,7878.0,7878.0,7878.25,7877.25,7877.25,309
2026-10-06 16:26:00-04:00,7877.25,7877.25,7878.25,7877.0,7878.0,393
2026-10-06 16:27:00-04:00,7876.5,7876.5,7877.5,7876.5,7877.25,379
2026-10-06 16:28:00-04:00,7877.0,7877.0,7877.0,7876.5,7876.5,224
2026-10-06 16:29:00-04:00,7877.5,7877.5,7877.5,7877.0,7877.0,131
2026-10-06 16:30:00-04:00,7876.5,7876.5,7877.5,7876.0,7877.5,446
2026-10-06 16:31:00-04:00,7876.75,7876.75,7876.75,7876.25,7876.25,130
2026-10-06 16:32:00-04:00,7876.75,7876.75,7877.25,7876.75,7877.0,135
2026-10-06 16:33:00-04:00,7876.5,7876.5,7876.75,7876.0,7876.5,332
2026-10-06 16:34:00-04:00,7876.5,7876.5,7876.75,7876.25,7876.5,229
2026-10-06 16:35:00-04:00,7876.5,7876.5,7876.5,7876.0,7876.25,164
2026-10-06 16:36:00-04:00,7876.5,7876.5,7877.0,7876.25,7876.5,198
2026-10-06 16:37:00-04:00,7876.75,7876.75,7876.75,7876.5,7876.5,119
2026-10-06 16:38:00-04:00,7877.0,7877.0,7877.0,7876.75,7876.75,89
2026-10-06 16:39:00-04:00,7877.0,7877.0,7877.25,7876.75,7877.0,145
2026-10-06 16:40:00-04:00,7877.0,7877.0,7877.0,7876.75,7877.0,201
2026-10-06 16:41:00-04:00,7877.0,7877.0,7877.25,7877.0,7877.25,146
2026-10-06 16:42:00-04:00,7877.0,7877.0,7877.5,7876.75,7877.0,121
2026-10-06 16:43:00-04:00,7877.0,7877.0,7877.25,7877.0,7877.0,137
2026-10-06 16:44:00-04:00,7877.25,7877.25,7877.25,7877.0,7877.25,130
2026-10-06 16:45:00-04:00,7877.0,7877.0,7877.25,7876.75,7877.25,210
2026-10-06 16:46:00-04:00,7877.25,7877.25,7877.5,7876.75,7877.0,195
2026-10-06 16:47:00-04:00,7878.0,7878.0,7878.0,7877.0,7877.0,217
2026-10-06 16:48:00-04:00,7878.25,7878.25,7878.5,7877.75,7878.0,406
2026-10-06 16:49:00-04:00,7878.25,7878.25,7878.5,7878.25,7878.25,179
2026-10-06 16:50:00-04:00,7878.75,7878.75,7878.75,7878.25,7878.25,189
2026-10-06 16:51:00-04:00,7879.5,7879.5,7879.75,7878.5,7878.75,574
2026-10-06 16:52:00-04:00,7879.5,7879.5,7879.75,7879.25,7879.5,51
2026-10-06 16:53:00-04:00,7879.25,7879.25,7879.75,7879.25,7879.25,200
2026-10-06 16:54:00-04:00,7879.5,7879.5,7879.75,7879.25,7879.5,270
2026-10-06 16:55:00-04:00,7880.25,7880.25,7880.25,7879.5,7879.75,348
2026-10-06 16:56:00-04:00,7880.0,7880.0,7880.25,7879.75,7880.25,234
2026-10-06 16:57:00-04:00,7880.25,7880.25,7880.5,7879.75,7880.25,334
2026-10-06 16:58:00-04:00,7880.25,7880.25,7880.5,7880.0,7880.25,223
2026-10-06 16:59:00-04:00,7880.5,7880.5,7881.0,7880.25,7880.5,319
2026-10-06 18:00:00-04:00,7880.75,7880.75,7882.25,7880.0,7881.5,0
2026-10-06 18:01:00-04:00,7881.25,7881.25,7881.25,7880.25,7881.0,107
2026-10-06 18:02:00-04:00,7881.0,7881.0,7881.5,7880.75,7881.25,37
2026-10-06 18:03:00-04:00,7881.75,7881.75,7881.75,7880.75,7880.75,79
2026-10-06 18:04:00-04:00,7881.75,7881.75,7882.0,7881.25,7881.5,113
2026-10-06 18:05:00-04:00,7882.25,7882.25,7882.25,7881.5,7881.5,84
2026-10-06 18:06:00-04:00,7882.25,7882.25,7882.5,7882.0,7882.0,89
2026-10-06 18:07:00-04:00,7882.25,7882.25,7882.25,7881.75,7882.0,33
2026-10-06 18:08:00-04:00,7882.25,7882.25,7882.75,7882.25,7882.25,66
2026-10-06 18:09:00-04:00,7882.25,7882.25,7882.75,7882.25,7882.5,35
2026-10-06 18:10:00-04:00,7882.25,7882.25,7882.5,7882.25,7882.25,61
2026-10-06 18:11:00-04:00,7882.25,7882.25,7882.5,7882.25,7882.5,30
2026-10-06 18:12:00-04:00,7883.0,7883.0,7883.25,7882.5,7882.5,84
2026-10-06 18:13:00-04:00,7882.75,7882.75,7883.0,7882.5,7883.0,102
2026-10-06 18:14:00-04:00,7882.5,7882.5,7882.75,7882.25,7882.75,56
2026-10-06 18:15:00-04:00,7882.25,7882.25,7882.5,7882.0,7882.25,40
2026-10-06 18:16:00-04:00,7882.0,7882.0,7882.25,7881.75,7882.25,106
2026-10-06 18:17:00-04:00,7882.25,7882.25,7882.25,7882.25,7882.25,15
2026-10-06 18:18:00-04:00,7882.75,7882.75,7883.0,7882.0,7882.0,47
2026-10-06 18:19:00-04:00,7882.75,7882.75,7883.0,7882.75,7883.0,30
2026-10-06 18:20:00-04:00,7882.0,7882.0,7882.75,7881.75,7882.75,63
2026-10-06 18:21:00-04:00,7882.0,7882.0,7882.25,7882.0,7882.0,27
2026-10-06 18:22:00-04:00,7882.25,7882.25,7882.25,7882.0,7882.0,21
2026-10-06 18:23:00-04:00,7882.5,7882.5,7882.5,7882.0,7882.0,13
2026-10-06 18:24:00-04:00,7882.25,7882.25,7882.5,7882.25,7882.5,17
2026-10-06 18:25:00-04:00,7881.75,7881.75,7882.25,7881.5,7882.0,62
2026-10-06 18:26:00-04:00,7881.25,7881.25,7881.75,7881.25,7881.75,145
2026-10-06 18:27:00-04:00,7881.25,7881.25,7881.25,7881.0,7881.25,33
2026-10-06 18:28:00-04:00,7881.0,7881.0,7881.25,7881.0,7881.25,17
2026-10-06 18:29:00-04:00,7880.75,7880.75,7881.5,7880.75,7880.75,212
2026-10-06 18:30:00-04:00,7880.25,7880.25,7881.0,7880.25,7880.75,43
2026-10-06 18:31:00-04:00,7881.0,7881.0,7881.0,7880.5,7880.5,33
2026-10-06 18:32:00-04:00,7880.5,7880.5,7880.75,7880.5,7880.75,70
2026-10-06 18:33:00-04:00,7880.0,7880.0,7881.25,7880.0,7880.75,154
2026-10-06 18:34:00-04:00,7880.25,7880.25,7880.5,7880.0,7880.25,62
2026-10-06 18:35:00-04:00,7880.75,7880.75,7881.0,7878.75,7880.25,442
2026-10-06 18:36:00-04:00,7880.5,7880.5,7881.5,7880.5,7880.5,97
2026-10-06 18:37:00-04:00,7880.75,7880.75,7881.0,7880.5,7880.75,43
2026-10-06 18:38:00-04:00,7880.75,7880.75,7880.75,7880.5,7880.75,37
2026-10-06 18:39:00-04:00,7880.5,7880.5,7880.75,7880.5,7880.5,38
2026-10-06 18:40:00-04:00,7880.5,7880.5,7880.75,7880.0,7880.75,78
2026-10-06 18:41:00-04:00,7880.0,7880.0,7880.5,7879.75,7880.5,87
2026-10-06 18:42:00-04:00,7880.5,7880.5,7880.5,7880.0,7880.0,48
2026-10-06 18:43:00-04:00,7881.0,7881.0,7881.25,7880.5,7880.5,118
2026-10-06 18:44:00-04:00,7881.0,7881.0,7881.0,7881.0,7881.0,38
2026-10-06 18:45:00-04:00,7881.5,7881.5,7881.75,7880.75,7880.75,192
2026-10-06 18:46:00-04:00,7881.0,7881.0,7881.25,7880.5,7881.25,62
2026-10-06 18:47:00-04:00,7881.25,7881.25,7881.75,7881.0,7881.0,54
2026-10-06 18:48:00-04:00,7881.25,7881.25,7881.25,7881.0,7881.0,32
2026-10-06 18:49:00-04:00,7881.0,7881.0,7881.0,7880.75,7881.0,49
2026-10-06 18:50:00-04:00,7881.0,7881.0,7881.5,7880.75,7881.0,159
2026-10-06 18:51:00-04:00,7881.75,7881.75,7882.25,7881.25,7881.25,133
2026-10-06 18:52:00-04:00,7881.5,7881.5,7881.75,7881.5,7881.75,43
2026-10-06 18:53:00-04:00,7881.5,7881.5,7881.5,7881.25,7881.5,14
2026-10-06 18:54:00-04:00,7881.75,7881.75,7881.75,7881.25,7881.5,47
2026-10-06 18:55:00-04:00,7881.75,7881.75,7882.0,7881.75,7881.75,23
2026-10-06 18:56:00-04:00,7881.5,7881.5,7881.75,7881.0,7881.5,31
2026-10-06 18:57:00-04:00,7881.5,7881.5,7881.5,7881.25,7881.5,12
2026-10-06 18:58:00-04:00,7881.0,7881.0,7881.25,7881.0,7881.25,13
2026-10-06 18:59:00-04:00,7881.0,7881.0,7881.25,7880.75,7881.0,66
2026-10-06 19:00:00-04:00,7881.0,7881.0,7881.25,7880.75,7880.75,42
2026-10-06 19:01:00-04:00,7881.5,7881.5,7882.0,7881.25,7881.25,61
2026-10-06 19:02:00-04:00,7881.25,7881.25,7881.25,7881.25,7881.25,11
2026-10-06 19:03:00-04:00,7881.25,7881.25,7881.5,7881.0,7881.25,53
2026-10-06 19:04:00-04:00,7881.5,7881.5,7881.75,7881.25,7881.25,31
2026-10-06 19:05:00-04:00,7881.25,7881.25,7881.5,7881.0,7881.25,46
2026-10-06 19:06:00-04:00,7881.0,7881.0,7881.25,7880.75,7881.25,34
2026-10-06 19:07:00-04:00,7880.75,7880.75,7881.0,7880.5,7881.0,26
2026-10-06 19:08:00-04:00,7880.5,7880.5,7880.75,7880.5,7880.75,11
2026-10-06 19:09:00-04:00,7880.75,7880.75,7881.0,7880.75,7880.75,24
2026-10-06 19:10:00-04:00,7881.75,7881.75,7881.75,7880.75,7880.75,42
2026-10-06 19:11:00-04:00,7881.5,7881.5,7881.75,7881.5,7881.75,19
2026-10-06 19:12:00-04:00,7881.0,7881.0,7881.5,7881.0,7881.25,15
2026-10-06 19:13:00-04:00,7881.0,7881.0,7881.25,7881.0,7881.25,7
2026-10-06 19:14:00-04:00,7881.25,7881.25,7881.25,7881.0,7881.0,20
2026-10-06 19:15:00-04:00,7881.5,7881.5,7881.75,7881.25,7881.25,46
2026-10-06 19:16:00-04:00,7881.75,7881.75,7881.75,7881.25,7881.5,47
2026-10-06 19:17:00-04:00,7882.0,7882.0,7882.0,7881.75,7881.75,17
2026-10-06 19:18:00-04:00,7881.75,7881.75,7882.0,7881.75,7882.0,11
2026-10-06 19:19:00-04:00,7882.0,7882.0,7882.5,7882.0,7882.0,78
2026-10-06 19:20:00-04:00,7881.75,7881.75,7882.0,7881.75,7881.75,44
2026-10-06 19:21:00-04:00,7881.75,7881.75,7882.0,7881.75,7881.75,32
2026-10-06 19:22:00-04:00,7882.0,7882.0,7882.0,7881.75,7881.75,23
2026-10-06 19:23:00-04:00,7882.0,7882.0,7882.0,7882.0,7882.0,7
2026-10-06 19:24:00-04:00,7882.5,7882.5,7882.75,7882.25,7882.25,62
2026-10-06 19:25:00-04:00,7882.5,7882.5,7882.5,7882.25,7882.25,15
2026-10-06 19:26:00-04:00,7882.5,7882.5,7882.75,7882.5,7882.75,23
2026-10-06 19:27:00-04:00,7881.75,7881.75,7882.25,7881.75,7882.25,16
2026-10-06 19:28:00-04:00,7882.0,7882.0,7882.0,7881.75,7881.75,28
2026-10-06 19:29:00-04:00,7882.25,7882.25,7882.25,7882.0,7882.0,15
2026-10-06 19:30:00-04:00,7882.25,7882.25,7882.75,7882.25,7882.25,55
2026-10-06 19:31:00-04:00,7882.0,7882.0,7882.0,7881.75,7882.0,26
2026-10-06 19:32:00-04:00,7881.5,7881.5,7882.0,7881.5,7882.0,26
2026-10-06 19:33:00-04:00,7881.5,7881.5,7881.75,7881.5,7881.5,46
2026-10-06 19:34:00-04:00,7880.75,7880.75,7881.5,7880.75,7881.25,74
2026-10-06 19:35:00-04:00,7881.0,7881.0,7881.25,7881.0,7881.0,35
2026-10-06 19:36:00-04:00,7881.5,7881.5,7881.5,7881.0,7881.0,31
2026-10-06 19:37:00-04:00,7881.25,7881.25,7881.25,7881.25,7881.25,26
2026-10-06 19:38:00-04:00,7881.25,7881.25,7881.25,7881.25,7881.25,3
2026-10-06 19:39:00-04:00,7881.0,7881.0,7881.25,7880.75,7881.0,49
2026-10-06 19:40:00-04:00,7880.25,7880.25,7881.25,7880.25,7881.0,77
2026-10-06 19:41:00-04:00,7880.5,7880.5,7880.75,7880.25,7880.25,52
2026-10-06 19:42:00-04:00,7880.5,7880.5,7880.75,7880.25,7880.75,59
2026-10-06 19:43:00-04:00,7880.5,7880.5,7880.5,7880.25,7880.5,61
2026-10-06 19:44:00-04:00,7880.5,7880.5,7881.0,7880.25,7880.75,139
2026-10-06 19:45:00-04:00,7881.0,7881.0,7881.0,7880.5,7880.5,149
2026-10-06 19:46:00-04:00,7880.5,7880.5,7881.25,7880.25,7880.75,200
2026-10-06 19:47:00-04:00,7880.25,7880.25,7880.75,7879.75,7880.25,152
2026-10-06 19:48:00-04:00,7880.0,7880.0,7880.25,7880.0,7880.25,71
2026-10-06 19:49:00-04:00,7880.75,7880.75,7880.75,7880.25,7880.25,87
2026-10-06 19:50:00-04:00,7881.25,7881.25,7881.25,7880.75,7880.75,122
2026-10-06 19:51:00-04:00,7881.0,7881.0,7881.25,7880.75,7881.25,29
2026-10-06 19:52:00-04:00,7881.0,7881.0,7881.0,7880.75,7881.0,33
2026-10-06 19:53:00-04:00,7880.75,7880.75,7881.0,7880.75,7880.75,15
2026-10-06 19:54:00-04:00,7881.0,7881.0,7881.25,7881.0,7881.0,27
2026-10-06 19:55:00-04:00,7880.75,7880.75,7881.0,7880.5,7881.0,24
2026-10-06 19:56:00-04:00,7880.75,7880.75,7880.75,7880.5,7880.75,23
2026-10-06 19:57:00-04:00,7880.75,7880.75,7881.25,7880.75,7880.75,92
2026-10-06 19:58:00-04:00,7880.75,7880.75,7881.0,7880.75,7880.75,21
2026-10-06 19:59:00-04:00,7880.25,7880.25,7881.0,7880.25,7880.75,129
2026-10-06 20:00:00-04:00,7880.5,7880.5,7880.75,7880.0,7880.0,283
2026-10-06 20:01:00-04:00,7881.5,7881.5,7881.5,7880.25,7880.75,217
2026-10-06 20:02:00-04:00,7882.0,7882.0,7882.5,7881.5,7881.5,251
2026-10-06 20:03:00-04:00,7881.5,7881.5,7882.25,7881.25,7882.0,118
2026-10-06 20:04:00-04:00,7881.75,7881.75,7882.0,7881.5,7881.5,148
2026-10-06 20:05:00-04:00,7881.25,7881.25,7881.5,7881.0,7881.5,100
2026-10-06 20:06:00-04:00,7881.25,7881.25,7881.75,7881.25,7881.5,78
2026-10-06 20:07:00-04:00,7881.0,7881.0,7881.75,7881.0,7881.5,80
2026-10-06 20:08:00-04:00,7881.0,7881.0,7881.5,7881.0,7881.0,94
2026-10-06 20:09:00-04:00,7881.25,7881.25,7881.5,7880.75,7880.75,79
2026-10-06 20:10:00-04:00,7882.25,7882.25,7882.5,7881.25,7881.25,96
2026-10-06 20:11:00-04:00,7882.25,7882.25,7882.75,7882.0,7882.25,186
2026-10-06 20:12:00-04:00,7882.75,7882.75,7882.75,7881.75,7882.25,120
2026-10-06 20:13:00-04:00,7882.75,7882.75,7882.75,7882.25,7882.5,79
2026-10-06 20:14:00-04:00,7883.25,7883.25,7883.25,7883.0,7883.0,97
2026-10-06 20:15:00-04:00,7883.25,7883.25,7883.25,7882.5,7883.0,240
2026-10-06 20:16:00-04:00,7883.0,7883.0,7883.25,7883.0,7883.25,113
2026-10-06 20:17:00-04:00,7883.0,7883.0,7883.0,7882.25,7883.0,211
2026-10-06 20:18:00-04:00,7882.75,7882.75,7883.25,7882.75,7883.0,143
2026-10-06 20:19:00-04:00,7883.0,7883.0,7883.25,7882.75,7882.75,128
2026-10-06 20:20:00-04:00,7882.5,7882.5,7883.0,7882.25,7882.75,109
2026-10-06 20:21:00-04:00,7882.75,7882.75,7882.75,7882.25,7882.5,134
2026-10-06 20:22:00-04:00,7882.75,7882.75,7883.0,7882.75,7882.75,68
2026-10-06 20:23:00-04:00,7882.5,7882.5,7882.75,7882.25,7882.5,66
2026-10-06 20:24:00-04:00,7883.0,7883.0,7883.25,7882.5,7882.5,150
2026-10-06 20:25:00-04:00,7883.0,7883.0,7883.25,7882.75,7883.0,99
2026-10-06 20:26:00-04:00,7883.5,7883.5,7883.5,7883.0,7883.0,72
2026-10-06 20:27:00-04:00,7883.5,7883.5,7884.0,7883.5,7883.5,109
2026-10-06 20:28:00-04:00,7882.75,7882.75,7883.5,7882.75,7883.5,95
2026-10-06 20:29:00-04:00,7882.5,7882.5,7883.0,7882.25,7883.0,97
2026-10-06 20:30:00-04:00,7882.75,7882.75,7883.0,7882.25,7882.5,144
2026-10-06 20:31:00-04:00,7883.0,7883.0,7883.0,7882.5,7882.75,80
2026-10-06 20:32:00-04:00,7882.5,7882.5,7882.75,7881.75,7882.75,263
2026-10-06 20:33:00-04:00,7882.25,7882.25,7882.5,7882.25,7882.25,84
2026-10-06 20:34:00-04:00,7882.25,7882.25,7882.25,7882.0,7882.25,77
2026-10-06 20:35:00-04:00,7882.5,7882.5,7882.5,7882.25,7882.25,64
2026-10-06 20:36:00-04:00,7883.5,7883.5,7883.75,7882.75,7882.75,117
2026-10-06 20:37:00-04:00,7883.75,7883.75,7883.75,7883.25,7883.5,102
2026-10-06 20:38:00-04:00,7883.5,7883.5,7884.0,7883.5,7883.75,135
2026-10-06 20:39:00-04:00,7883.25,7883.25,7883.75,7883.25,7883.75,64
2026-10-06 20:40:00-04:00,7883.25,7883.25,7883.25,7882.75,7883.0,108
2026-10-06 20:41:00-04:00,7883.0,7883.0,7883.5,7882.75,7883.5,63
2026-10-06 20:42:00-04:00,7883.5,7883.5,7883.5,7883.0,7883.0,98
2026-10-06 20:43:00-04:00,7882.75,7882.75,7883.5,7882.5,7883.5,217
2026-10-06 20:44:00-04:00,7883.5,7883.5,7883.5,7882.75,7882.75,194
2026-10-06 20:45:00-04:00,7883.25,7883.25,7884.5,7883.0,7883.75,351
2026-10-06 20:46:00-04:00,7883.0,7883.0,7883.75,7883.0,7883.25,203
2026-10-06 20:47:00-04:00,7883.5,7883.5,7883.5,7882.75,7882.75,247
2026-10-06 20:48:00-04:00,7883.5,7883.5,7883.75,7883.25,7883.5,183
2026-10-06 20:49:00-04:00,7883.25,7883.25,7883.5,7882.75,7883.5,210
2026-10-06 20:50:00-04:00,7882.0,7882.0,7883.5,7882.0,7883.25,334
2026-10-06 20:51:00-04:00,7882.0,7882.0,7882.25,7881.5,7882.0,155
2026-10-06 20:52:00-04:00,7882.25,7882.25,7882.25,7880.75,7882.0,346
2026-10-06 20:53:00-04:00,7881.75,7881.75,7882.5,7881.75,7882.0,126
2026-10-06 20:54:00-04:00,7881.75,7881.75,7881.75,7881.25,7881.75,150
2026-10-06 20:55:00-04:00,7881.5,7881.5,7881.75,7881.5,7881.5,78
2026-10-06 20:56:00-04:00,7881.75,7881.75,7881.75,7881.5,7881.75,53
2026-10-06 20:57:00-04:00,7882.25,7882.25,7882.25,7881.5,7881.75,94
2026-10-06 20:58:00-04:00,7882.25,7882.25,7882.5,7882.25,7882.5,77
2026-10-06 20:59:00-04:00,7882.5,7882.5,7882.75,7882.25,7882.25,137
2026-10-06 21:00:00-04:00,7881.5,7881.5,7882.75,7881.5,7882.75,279
2026-10-06 21:01:00-04:00,7882.0,7882.0,7882.25,7881.75,7881.75,99
2026-10-06 21:02:00-04:00,7882.0,7882.0,7882.0,7881.5,7881.75,145
2026-10-06 21:03:00-04:00,7882.0,7882.0,7882.0,7881.75,7881.75,94
2026-10-06 21:04:00-04:00,7881.25,7881.25,7882.25,7881.0,7882.0,212
2026-10-06 21:05:00-04:00,7880.25,7880.25,7881.5,7880.25,7881.5,506
2026-10-06 21:06:00-04:00,7881.25,7881.25,7881.5,7880.25,7880.25,250
2026-10-06 21:07:00-04:00,7881.0,7881.0,7881.5,7881.0,7881.25,144
2026-10-06 21:08:00-04:00,7881.75,7881.75,7882.0,7881.0,7881.0,123
2026-10-06 21:09:00-04:00,7881.75,7881.75,7881.75,7881.25,7881.5,98
2026-10-06 21:10:00-04:00,7881.0,7881.0,7881.75,7880.75,7881.75,111
2026-10-06 21:11:00-04:00,7881.0,7881.0,7881.0,7880.75,7880.75,61
2026-10-06 21:12:00-04:00,7881.5,7881.5,7881.5,7881.0,7881.0,120
2026-10-06 21:13:00-04:00,7881.5,7881.5,7881.75,7881.5,7881.75,111
2026-10-06 21:14:00-04:00,7881.75,7881.75,7882.0,7881.5,7881.5,56
2026-10-06 21:15:00-04:00,7881.5,7881.5,7881.75,7881.25,7881.75,114
2026-10-06 21:16:00-04:00,7881.25,7881.25,7881.5,7881.0,7881.25,94
2026-10-06 21:17:00-04:00,7881.5,7881.5,7881.5,7880.75,7881.0,131
2026-10-06 21:18:00-04:00,7881.5,7881.5,7881.5,7881.25,7881.5,75
2026-10-06 21:19:00-04:00,7881.75,7881.75,7881.75,7881.5,7881.5,31
2026-10-06 21:20:00-04:00,7882.0,7882.0,7882.25,7881.75,7881.75,122
2026-10-06 21:21:00-04:00,7881.0,7881.0,7882.0,7881.0,7882.0,98
2026-10-06 21:22:00-04:00,7881.25,7881.25,7881.25,7880.75,7881.0,81
2026-10-06 21:23:00-04:00,7880.75,7880.75,7881.5,7880.75,7881.25,64
2026-10-06 21:24:00-04:00,7880.75,7880.75,7880.75,7880.75,7880.75,83
2026-10-06 21:25:00-04:00,7880.5,7880.5,7880.75,7880.5,7880.75,49
2026-10-06 21:26:00-04:00,7880.5,7880.5,7881.0,7880.5,7880.75,84
2026-10-06 21:27:00-04:00,7880.5,7880.5,7880.75,7880.25,7880.75,83
2026-10-06 21:28:00-04:00,7880.5,7880.5,7880.75,7880.25,7880.5,47
2026-10-06 21:29:00-04:00,7880.75,7880.75,7881.0,7880.5,7880.75,76
2026-10-06 21:30:00-04:00,7882.75,7882.75,7883.0,7880.75,7880.75,277
2026-10-06 21:31:00-04:00,7883.25,7883.25,7883.25,7882.75,7882.75,94
2026-10-06 21:32:00-04:00,7882.75,7882.75,7883.25,7882.5,7883.0,132
2026-10-06 21:33:00-04:00,7882.75,7882.75,7883.25,7882.75,7882.75,77
2026-10-06 21:34:00-04:00,7882.5,7882.5,7883.0,7882.5,7883.0,77
2026-10-06 21:35:00-04:00,7883.0,7883.0,7883.25,7882.5,7882.75,84
2026-10-06 21:36:00-04:00,7883.0,7883.0,7883.0,7882.75,7883.0,43
2026-10-06 21:37:00-04:00,7882.5,7882.5,7883.25,7882.5,7883.0,74
2026-10-06 21:38:00-04:00,7883.0,7883.0,7883.0,7882.5,7882.5,56
2026-10-06 21:39:00-04:00,7883.25,7883.25,7883.25,7883.0,7883.0,111
2026-10-06 21:40:00-04:00,7883.25,7883.25,7883.75,7883.0,7883.25,182
2026-10-06 21:41:00-04:00,7882.5,7882.5,7883.25,7882.5,7883.25,55
2026-10-06 21:42:00-04:00,7882.25,7882.25,7882.75,7882.25,7882.5,102
2026-10-06 21:43:00-04:00,7881.75,7881.75,7882.5,7881.75,7882.25,91
2026-10-06 21:44:00-04:00,7881.5,7881.5,7882.25,7881.25,7881.75,150
2026-10-06 21:45:00-04:00,7881.5,7881.5,7882.0,7881.25,7881.75,67
2026-10-06 21:46:00-04:00,7880.5,7880.5,7881.5,7880.25,7881.5,155
2026-10-06 21:47:00-04:00,7880.75,7880.75,7880.75,7880.25,7880.25,45
2026-10-06 21:48:00-04:00,7880.25,7880.25,7881.0,7880.0,7881.0,139
2026-10-06 21:49:00-04:00,7880.75,7880.75,7880.75,7879.75,7880.25,144
2026-10-06 21:50:00-04:00,7880.25,7880.25,7881.0,7880.0,7880.75,133
2026-10-06 21:51:00-04:00,7880.0,7880.0,7880.25,7879.75,7880.0,106
2026-10-06 21:52:00-04:00,7880.5,7880.5,7880.5,7880.25,7880.25,94
2026-10-06 21:53:00-04:00,7880.5,7880.5,7880.75,7880.25,7880.5,37
2026-10-06 21:54:00-04:00,7880.5,7880.5,7880.75,7880.5,7880.75,85
2026-10-06 21:55:00-04:00,7880.75,7880.75,7881.0,7880.5,7880.5,77
2026-10-06 21:56:00-04:00,7880.25,7880.25,7880.75,7880.25,7880.5,113
2026-10-06 21:57:00-04:00,7880.5,7880.5,7881.0,7880.25,7880.5,68
2026-10-06 21:58:00-04:00,7880.5,7880.5,7880.5,7880.25,7880.5,54
2026-10-06 21:59:00-04:00,7879.75,7879.75,7880.25,7879.75,7880.25,143
2026-10-06 22:00:00-04:00,7878.75,7878.75,7880.0,7878.75,7879.5,254
2026-10-06 22:01:00-04:00,7878.0,7878.0,7878.75,7877.25,7878.75,456
2026-10-06 22:02:00-04:00,7877.5,7877.5,7878.25,7877.5,7878.25,249
2026-10-06 22:03:00-04:00,7877.25,7877.25,7877.75,7876.75,7877.75,368
2026-10-06 22:04:00-04:00,7876.5,7876.5,7877.5,7876.25,7877.0,346
2026-10-06 22:05:00-04:00,7876.25,7876.25,7876.5,7875.5,7876.5,377
2026-10-06 22:06:00-04:00,7876.5,7876.5,7876.5,7875.75,7876.25,228
2026-10-06 22:07:00-04:00,7877.0,7877.0,7877.25,7876.25,7876.25,292
2026-10-06 22:08:00-04:00,7877.0,7877.0,7877.25,7876.25,7877.25,287
2026-10-06 22:09:00-04:00,7875.5,7875.5,7877.0,7875.25,7877.0,342
2026-10-06 22:10:00-04:00,7876.25,7876.25,7876.5,7875.25,7875.5,245
2026-10-06 22:11:00-04:00,7877.25,7877.25,7878.25,7876.5,7876.5,310
2026-10-06 22:12:00-04:00,7876.75,7876.75,7877.5,7876.5,7877.0,153
2026-10-06 22:13:00-04:00,7877.0,7877.0,7877.5,7876.5,7876.75,133
2026-10-06 22:14:00-04:00,7876.0,7876.0,7877.25,7876.0,7877.0,124
2026-10-06 22:15:00-04:00,7876.0,7876.0,7877.0,7876.0,7876.25,78
2026-10-06 22:16:00-04:00,7876.0,7876.0,7876.5,7875.75,7876.0,116
2026-10-06 22:17:00-04:00,7876.25,7876.25,7876.25,7875.25,7876.0,152
2026-10-06 22:18:00-04:00,7876.75,7876.75,7877.0,7876.25,7876.5,101
2026-10-06 22:19:00-04:00,7876.5,7876.5,7876.75,7876.25,7876.75,100
2026-10-06 22:20:00-04:00,7876.25,7876.25,7876.75,7875.75,7876.75,137
2026-10-06 22:21:00-04:00,7875.5,7875.5,7876.75,7875.5,7876.25,185
2026-10-06 22:22:00-04:00,7875.25,7875.25,7875.75,7875.25,7875.5,128
2026-10-06 22:23:00-04:00,7875.0,7875.0,7875.5,7875.0,7875.25,207
2026-10-06 22:24:00-04:00,7875.0,7875.0,7875.5,7875.0,7875.25,145
2026-10-06 22:25:00-04:00,7876.5,7876.5,7876.5,7875.0,7875.25,176
2026-10-06 22:26:00-04:00,7876.5,7876.5,7876.75,7876.0,7876.5,116
2026-10-06 22:27:00-04:00,7876.75,7876.75,7876.75,7876.25,7876.25,67
2026-10-06 22:28:00-04:00,7877.0,7877.0,7877.5,7876.75,7877.0,114
2026-10-06 22:29:00-04:00,7877.25,7877.25,7877.75,7877.0,7877.25,58
2026-10-06 22:30:00-04:00,7877.25,7877.25,7877.5,7876.75,7877.25,112
2026-10-06 22:31:00-04:00,7878.0,7878.0,7878.25,7877.0,7877.0,121
2026-10-06 22:32:00-04:00,7878.25,7878.25,7878.5,7877.75,7877.75,196
2026-10-06 22:33:00-04:00,7879.0,7879.0,7879.0,7878.25,7878.25,111
2026-10-06 22:34:00-04:00,7878.75,7878.75,7879.0,7878.5,7878.75,84
2026-10-06 22:35:00-04:00,7878.75,7878.75,7878.75,7878.5,7878.75,58
2026-10-06 22:36:00-04:00,7878.75,7878.75,7879.0,7878.5,7878.75,51
2026-10-06 22:37:00-04:00,7878.25,7878.25,7879.0,7878.25,7878.75,64
2026-10-06 22:38:00-04:00,7877.75,7877.75,7878.75,7877.75,7878.25,68
2026-10-06 22:39:00-04:00,7878.25,7878.25,7878.25,7877.75,7878.0,48
2026-10-06 22:40:00-04:00,7877.5,7877.5,7878.0,7877.0,7878.0,162
2026-10-06 22:41:00-04:00,7877.25,7877.25,7877.75,7877.25,7877.5,50
2026-10-06 22:42:00-04:00,7877.0,7877.0,7877.25,7876.75,7877.0,70
2026-10-06 22:43:00-04:00,7877.25,7877.25,7877.25,7877.0,7877.0,42
2026-10-06 22:44:00-04:00,7877.0,7877.0,7877.0,7876.75,7877.0,25
2026-10-06 22:45:00-04:00,7877.75,7877.75,7878.0,7877.0,7877.0,77
2026-10-06 22:46:00-04:00,7877.75,7877.75,7878.0,7877.5,7877.75,80
2026-10-06 22:47:00-04:00,7878.0,7878.0,7878.25,7878.0,7878.0,30
2026-10-06 22:48:00-04:00,7878.25,7878.25,7878.75,7878.0,7878.25,48
2026-10-06 22:49:00-04:00,7878.5,7878.5,7878.5,7878.25,7878.25,25
2026-10-06 22:50:00-04:00,7878.75,7878.75,7878.75,7878.5,7878.5,52
2026-10-06 22:51:00-04:00,7878.5,7878.5,7879.0,7878.0,7878.75,87
2026-10-06 22:52:00-04:00,7878.25,7878.25,7878.5,7878.25,7878.5,30
2026-10-06 22:53:00-04:00,7877.75,7877.75,7878.0,7877.5,7878.0,121
2026-10-06 22:54:00-04:00,7877.5,7877.5,7878.0,7877.5,7878.0,39
2026-10-06 22:55:00-04:00,7877.75,7877.75,7878.0,7877.5,7877.5,62
2026-10-06 22:56:00-04:00,7877.25,7877.25,7877.5,7877.0,7877.5,96
2026-10-06 22:57:00-04:00,7877.25,7877.25,7877.5,7877.0,7877.25,57
2026-10-06 22:58:00-04:00,7876.75,7876.75,7877.25,7876.75,7877.25,63
2026-10-06 22:59:00-04:00,7877.0,7877.0,7877.25,7877.0,7877.0,53
2026-10-06 23:00:00-04:00,7876.5,7876.5,7877.0,7876.25,7877.0,189
2026-10-06 23:01:00-04:00,7877.25,7877.25,7877.5,7876.75,7876.75,110
2026-10-06 23:02:00-04:00,7877.75,7877.75,7878.0,7877.0,7877.25,73
2026-10-06 23:03:00-04:00,7878.0,7878.0,7878.0,7877.75,7877.75,64
2026-10-06 23:04:00-04:00,7878.0,7878.0,7878.0,7877.75,7878.0,45
2026-10-06 23:05:00-04:00,7878.0,7878.0,7878.25,7877.5,7877.75,101
2026-10-06 23:06:00-04:00,7878.25,7878.25,7878.5,7878.0,7878.0,62
2026-10-06 23:07:00-04:00,7878.25,7878.25,7878.5,7878.0,7878.25,92
2026-10-06 23:08:00-04:00,7878.75,7878.75,7878.75,7878.25,7878.25,90
2026-10-06 23:09:00-04:00,7878.5,7878.5,7879.0,7878.25,7878.75,87
2026-10-06 23:10:00-04:00,7878.25,7878.25,7878.5,7878.25,7878.5,14
2026-10-06 23:11:00-04:00,7878.25,7878.25,7878.5,7878.25,7878.25,113
2026-10-06 23:12:00-04:00,7877.25,7877.25,7878.25,7877.25,7878.25,100
2026-10-06 23:13:00-04:00,7877.0,7877.0,7877.75,7877.0,7877.5,141
2026-10-06 23:14:00-04:00,7876.75,7876.75,7877.25,7876.0,7877.25,202
2026-10-06 23:15:00-04:00,7876.5,7876.5,7876.75,7876.25,7876.5,118
2026-10-06 23:16:00-04:00,7877.5,7877.5,7877.5,7876.5,7876.5,141
2026-10-06 23:17:00-04:00,7878.25,7878.25,7878.75,7877.5,7877.5,91
2026-10-06 23:18:00-04:00,7878.0,7878.0,7878.5,7878.0,7878.5,38
2026-10-06 23:19:00-04:00,7878.0,7878.0,7878.0,7877.75,7878.0,28
2026-10-06 23:20:00-04:00,7878.25,7878.25,7878.75,7878.25,7878.25,112
2026-10-06 23:21:00-04:00,7878.0,7878.0,7878.5,7878.0,7878.25,80
2026-10-06 23:22:00-04:00,7878.0,7878.0,7878.0,7877.75,7877.75,58
2026-10-06 23:23:00-04:00,7878.5,7878.5,7878.5,7878.0,7878.25,64
2026-10-06 23:24:00-04:00,7878.25,7878.25,7878.5,7878.25,7878.5,19
2026-10-06 23:25:00-04:00,7878.75,7878.75,7878.75,7878.25,7878.25,76
2026-10-06 23:26:00-04:00,7879.0,7879.0,7879.0,7878.5,7878.75,111
2026-10-06 23:27:00-04:00,7879.0,7879.0,7879.25,7879.0,7879.0,60
2026-10-06 23:28:00-04:00,7878.5,7878.5,7879.25,7878.5,7879.25,118
2026-10-06 23:29:00-04:00,7879.0,7879.0,7879.0,7878.5,7878.5,50
2026-10-06 23:30:00-04:00,7878.75,7878.75,7879.0,7878.5,7879.0,140
2026-10-06 23:31:00-04:00,7878.5,7878.5,7878.75,7878.25,7878.75,65
2026-10-06 23:32:00-04:00,7878.75,7878.75,7878.75,7878.5,7878.5,33
2026-10-06 23:33:00-04:00,7879.25,7879.25,7879.25,7878.75,7878.75,31
2026-10-06 23:34:00-04:00,7878.5,7878.5,7879.25,7878.5,7879.25,113
2026-10-06 23:35:00-04:00,7878.75,7878.75,7878.75,7878.25,7878.5,99
2026-10-06 23:36:00-04:00,7878.5,7878.5,7878.75,7878.5,7878.75,48
2026-10-06 23:37:00-04:00,7878.25,7878.25,7878.5,7878.0,7878.5,65
2026-10-06 23:38:00-04:00,7878.0,7878.0,7878.5,7878.0,7878.0,43
2026-10-06 23:39:00-04:00,7878.5,7878.5,7878.5,7878.0,7878.25,59
2026-10-06 23:40:00-04:00,7878.75,7878.75,7879.75,7878.75,7878.75,169
2026-10-06 23:41:00-04:00,7879.0,7879.0,7879.25,7878.75,7878.75,34
2026-10-06 23:42:00-04:00,7878.25,7878.25,7878.75,7878.25,7878.75,45
2026-10-06 23:43:00-04:00,7878.75,7878.75,7878.75,7878.5,7878.5,48
2026-10-06 23:44:00-04:00,7878.5,7878.5,7878.5,7878.25,7878.5,67
2026-10-06 23:45:00-04:00,7878.5,7878.5,7878.75,7878.5,7878.5,79
2026-10-06 23:46:00-04:00,7878.75,7878.75,7879.0,7878.5,7878.5,92
2026-10-06 23:47:00-04:00,7879.25,7879.25,7879.25,7878.25,7878.5,73
2026-10-06 23:48:00-04:00,7879.5,7879.5,7879.75,7879.25,7879.25,87
2026-10-06 23:49:00-04:00,7880.0,7880.0,7880.25,7879.5,7879.5,98
2026-10-06 23:50:00-04:00,7879.75,7879.75,7880.25,7879.75,7880.0,51
2026-10-06 23:51:00-04:00,7880.25,7880.25,7880.25,7879.75,7879.75,50
2026-10-06 23:52:00-04:00,7880.5,7880.5,7880.75,7880.25,7880.5,108
2026-10-06 23:53:00-04:00,7880.5,7880.5,7880.75,7880.5,7880.5,119
2026-10-06 23:54:00-04:00,7880.75,7880.75,7880.75,7880.25,7880.25,33
2026-10-06 23:55:00-04:00,7881.0,7881.0,7881.0,7880.75,7880.75,41
2026-10-06 23:56:00-04:00,7881.0,7881.0,7881.0,7880.5,7880.75,59
2026-10-06 23:57:00-04:00,7880.75,7880.75,7881.0,7880.5,7881.0,27
2026-10-06 23:58:00-04:00,7880.5,7880.5,7880.5,7880.5,7880.5,26
2026-10-07 00:09:00-04:00,7879.5,7879.5,7879.5,7878.75,7878.75,40
2026-10-07 00:10:00-04:00,7880.0,7880.0,7880.0,7879.5,7879.5,57
2026-10-07 00:11:00-04:00,7880.0,7880.0,7880.25,7879.75,7880.0,69
2026-10-07 00:12:00-04:00,7879.75,7879.75,7880.0,7879.5,7879.75,53
2026-10-07 00:13:00-04:00,7880.0,7880.0,7880.0,7879.5,7879.5,33
2026-10-07 00:14:00-04:00,7880.0,7880.0,7880.0,7879.75,7879.75,31
2026-10-07 00:15:00-04:00,7880.5,7880.5,7880.5,7880.0,7880.0,26
2026-10-07 00:16:00-04:00,7879.25,7879.25,7880.25,7879.25,7880.25,127
2026-10-07 00:17:00-04:00,7879.0,7879.0,7879.5,7878.75,7879.25,43
2026-10-07 00:18:00-04:00,7879.0,7879.0,7879.5,7878.75,7879.25,61
2026-10-07 00:19:00-04:00,7879.25,7879.25,7879.25,7879.0,7879.0,53
2026-10-07 00:20:00-04:00,7879.75,7879.75,7879.75,7879.25,7879.25,66
2026-10-07 00:21:00-04:00,7880.0,7880.0,7880.0,7879.75,7879.75,68
2026-10-07 00:22:00-04:00,7880.0,7880.0,7880.0,7879.75,7880.0,28
2026-10-07 00:23:00-04:00,7880.0,7880.0,7880.0,7880.0,7880.0,31
2026-10-07 00:24:00-04:00,7879.75,7879.75,7880.25,7879.75,7880.25,34
2026-10-07 00:25:00-04:00,7880.0,7880.0,7880.0,7879.75,7879.75,48
2026-10-07 00:26:00-04:00,7880.25,7880.25,7880.25,7879.5,7880.0,26
2026-10-07 00:27:00-04:00,7880.25,7880.25,7880.25,7880.0,7880.25,44
2026-10-07 00:28:00-04:00,7879.75,7879.75,7880.25,7879.75,7880.0,45
2026-10-07 00:29:00-04:00,7879.75,7879.75,7879.75,7879.5,7879.5,49
2026-10-07 00:30:00-04:00,7879.75,7879.75,7879.75,7879.25,7879.5,53
2026-10-07 00:31:00-04:00,7879.75,7879.75,7880.0,7879.75,7879.75,25
2026-10-07 00:32:00-04:00,7879.5,7879.5,7880.0,7879.5,7879.5,72
2026-10-07 00:33:00-04:00,7879.25,7879.25,7879.75,7879.25,7879.75,88
2026-10-07 00:34:00-04:00,7879.0,7879.0,7879.5,7878.75,7879.25,109
2026-10-07 00:35:00-04:00,7878.75,7878.75,7878.75,7878.75,7878.75,35
2026-10-07 00:36:00-04:00,7878.75,7878.75,7879.0,7878.75,7878.75,53
2026-10-07 00:37:00-04:00,7878.75,7878.75,7878.75,7878.0,7878.75,140
2026-10-07 00:38:00-04:00,7879.25,7879.25,7879.25,7878.75,7878.75,130
2026-10-07 00:39:00-04:00,7879.5,7879.5,7879.75,7879.5,7879.5,193
2026-10-07 00:40:00-04:00,7879.25,7879.25,7879.25,7879.0,7879.25,50
2026-10-07 00:41:00-04:00,7879.5,7879.5,7879.5,7879.25,7879.25,21
2026-10-07 00:42:00-04:00,7879.0,7879.0,7879.5,7879.0,7879.5,22
2026-10-07 00:43:00-04:00,7878.75,7878.75,7879.0,7878.75,7879.0,71
2026-10-07 00:44:00-04:00,7878.75,7878.75,7878.75,7878.5,7878.75,97
2026-10-07 00:45:00-04:00,7879.25,7879.25,7879.25,7879.0,7879.0,45
2026-10-07 00:46:00-04:00,7879.25,7879.25,7879.5,7879.25,7879.25,32
2026-10-07 00:47:00-04:00,7879.5,7879.5,7879.5,7879.25,7879.25,48
2026-10-07 00:48:00-04:00,7879.5,7879.5,7879.75,7879.25,7879.75,30
2026-10-07 00:49:00-04:00,7880.25,7880.25,7880.25,7879.75,7879.75,192
2026-10-07 00:50:00-04:00,7880.5,7880.5,7880.75,7880.25,7880.25,63
2026-10-07 00:51:00-04:00,7880.25,7880.25,7880.5,7880.25,7880.25,42
2026-10-07 00:52:00-04:00,7879.0,7879.0,7880.0,7879.0,7880.0,95
2026-10-07 00:53:00-04:00,7879.25,7879.25,7879.75,7879.0,7879.0,138
2026-10-07 00:54:00-04:00,7879.75,7879.75,7879.75,7879.25,7879.25,63
2026-10-07 00:55:00-04:00,7879.75,7879.75,7879.75,7879.0,7879.5,102
2026-10-07 00:56:00-04:00,7879.25,7879.25,7879.75,7879.25,7879.75,67
2026-10-07 00:57:00-04:00,7879.25,7879.25,7879.5,7879.0,7879.25,67
2026-10-07 00:58:00-04:00,7878.75,7878.75,7879.25,7878.75,7879.25,56
2026-10-07 00:59:00-04:00,7878.75,7878.75,7878.75,7878.0,7878.75,122
2026-10-07 01:00:00-04:00,7878.5,7878.5,7878.75,7878.25,7878.75,129
2026-10-07 01:01:00-04:00,7878.75,7878.75,7879.0,7878.25,7878.25,34
2026-10-07 01:02:00-04:00,7879.25,7879.25,7879.5,7879.0,7879.0,78
2026-10-07 01:03:00-04:00,7879.0,7879.0,7879.5,7879.0,7879.25,41
2026-10-07 01:04:00-04:00,7879.0,7879.0,7879.25,7878.75,7879.0,76
2026-10-07 01:05:00-04:00,7879.25,7879.25,7879.75,7879.25,7879.25,66
2026-10-07 01:06:00-04:00,7879.75,7879.75,7879.75,7879.25,7879.25,58
2026-10-07 01:07:00-04:00,7879.25,7879.25,7879.75,7879.25,7879.75,59
2026-10-07 01:08:00-04:00,7879.0,7879.0,7879.5,7879.0,7879.25,53
2026-10-07 01:09:00-04:00,7878.75,7878.75,7879.0,7878.75,7878.75,37
2026-10-07 01:10:00-04:00,7878.75,7878.75,7879.0,7878.5,7879.0,80
2026-10-07 01:11:00-04:00,7878.75,7878.75,7878.75,7878.75,7878.75,55
2026-10-07 01:12:00-04:00,7878.25,7878.25,7878.5,7878.0,7878.5,118
2026-10-07 01:13:00-04:00,7878.0,7878.0,7878.0,7877.75,7878.0,132
2026-10-07 01:14:00-04:00,7877.75,7877.75,7878.25,7877.75,7878.0,72
2026-10-07 01:15:00-04:00,7877.5,7877.5,7877.75,7877.5,7877.75,98
2026-10-07 01:16:00-04:00,7876.75,7876.75,7877.75,7876.75,7877.5,106
2026-10-07 01:17:00-04:00,7876.5,7876.5,7877.0,7876.5,7876.75,238
2026-10-07 01:18:00-04:00,7876.5,7876.5,7877.0,7876.0,7876.75,230
2026-10-07 01:19:00-04:00,7877.25,7877.25,7877.25,7876.75,7876.75,47
2026-10-07 01:20:00-04:00,7876.75,7876.75,7877.5,7876.75,7877.25,118
2026-10-07 01:21:00-04:00,7876.0,7876.0,7877.0,7876.0,7877.0,99
2026-10-07 01:22:00-04:00,7876.25,7876.25,7876.75,7875.75,7876.0,137
2026-10-07 01:23:00-04:00,7876.75,7876.75,7877.0,7876.25,7876.25,138
2026-10-07 01:24:00-04:00,7876.75,7876.75,7877.0,7876.5,7876.75,93
2026-10-07 01:25:00-04:00,7877.5,7877.5,7877.5,7876.5,7876.75,144
2026-10-07 01:26:00-04:00,7877.75,7877.75,7878.0,7877.5,7877.5,93
2026-10-07 01:27:00-04:00,7877.75,7877.75,7878.0,7877.75,7877.75,78
2026-10-07 01:28:00-04:00,7878.75,7878.75,7878.75,7878.0,7878.0,87
2026-10-07 01:29:00-04:00,7878.5,7878.5,7878.75,7878.5,7878.75,61
2026-10-07 01:30:00-04:00,7877.75,7877.75,7878.5,7877.5,7878.5,123
2026-10-07 01:31:00-04:00,7877.75,7877.75,7878.0,7877.5,7877.75,53
2026-10-07 01:32:00-04:00,7878.0,7878.0,7879.0,7878.0,7878.0,96
2026-10-07 01:33:00-04:00,7877.75,7877.75,7878.25,7877.5,7878.25,100
2026-10-07 01:34:00-04:00,7877.25,7877.25,7877.75,7877.25,7877.75,80
2026-10-07 01:35:00-04:00,7877.25,7877.25,7877.5,7877.25,7877.5,85
2026-10-07 01:36:00-04:00,7877.25,7877.25,7877.25,7876.75,7877.0,103
2026-10-07 01:37:00-04:00,7877.5,7877.5,7877.5,7877.25,7877.25,137
2026-10-07 01:38:00-04:00,7877.75,7877.75,7878.0,7877.25,7877.5,39
2026-10-07 01:39:00-04:00,7878.25,7878.25,7878.25,7877.5,7877.75,97
2026-10-07 01:40:00-04:00,7878.25,7878.25,7878.5,7878.25,7878.25,76
2026-10-07 01:41:00-04:00,7878.5,7878.5,7878.5,7878.25,7878.25,113
2026-10-07 01:42:00-04:00,7878.25,7878.25,7878.25,7878.0,7878.25,43
2026-10-07 01:43:00-04:00,7877.75,7877.75,7878.25,7877.75,7878.25,47
2026-10-07 01:44:00-04:00,7877.75,7877.75,7877.75,7877.5,7877.75,29
2026-10-07 01:45:00-04:00,7878.0,7878.0,7878.5,7878.0,7878.0,34
2026-10-07 01:46:00-04:00,7878.25,7878.25,7878.25,7877.75,7877.75,123
2026-10-07 01:47:00-04:00,7878.75,7878.75,7879.0,7878.25,7878.25,55
2026-10-07 01:48:00-04:00,7878.5,7878.5,7879.75,7878.5,7878.75,215
2026-10-07 01:49:00-04:00,7878.75,7878.75,7878.75,7878.25,7878.75,46
2026-10-07 01:50:00-04:00,7878.5,7878.5,7879.0,7878.25,7879.0,68
2026-10-07 01:51:00-04:00,7878.25,7878.25,7878.75,7877.75,7878.5,105
2026-10-07 01:52:00-04:00,7878.25,7878.25,7878.5,7878.25,7878.25,42
2026-10-07 01:53:00-04:00,7876.75,7876.75,7878.0,7876.75,7878.0,92
2026-10-07 01:54:00-04:00,7877.25,7877.25,7877.5,7876.75,7876.75,87
2026-10-07 01:55:00-04:00,7877.0,7877.0,7877.5,7877.0,7877.25,24
2026-10-07 01:56:00-04:00,7877.5,7877.5,7877.75,7877.5,7877.5,70
2026-10-07 01:57:00-04:00,7877.25,7877.25,7877.75,7877.25,7877.5,37
2026-10-07 01:58:00-04:00,7877.25,7877.25,7877.5,7877.25,7877.5,37
2026-10-07 01:59:00-04:00,7876.5,7876.5,7877.25,7876.25,7877.25,59
2026-10-07 02:00:00-04:00,7876.0,7876.0,7877.25,7875.75,7876.75,298
2026-10-07 02:01:00-04:00,7874.75,7874.75,7876.25,7874.5,7875.75,349
2026-10-07 02:02:00-04:00,7874.75,7874.75,7875.5,7874.5,7874.75,266
2026-10-07 02:03:00-04:00,7874.5,7874.5,7875.0,7874.0,7875.0,262
2026-10-07 02:04:00-04:00,7874.75,7874.75,7874.75,7874.25,7874.5,174
2026-10-07 02:05:00-04:00,7874.75,7874.75,7875.0,7874.5,7874.5,67
2026-10-07 02:06:00-04:00,7875.0,7875.0,7875.0,7874.5,7874.75,63
2026-10-07 02:07:00-04:00,7875.0,7875.0,7875.5,7874.75,7874.75,164
2026-10-07 02:08:00-04:00,7875.25,7875.25,7875.5,7874.75,7875.0,123
2026-10-07 02:09:00-04:00,7874.75,7874.75,7875.25,7874.75,7875.25,134
2026-10-07 02:10:00-04:00,7875.0,7875.0,7875.0,7874.75,7874.75,58
2026-10-07 02:11:00-04:00,7874.75,7874.75,7875.25,7874.75,7875.0,87
2026-10-07 02:12:00-04:00,7874.5,7874.5,7874.75,7874.0,7874.75,99
2026-10-07 02:13:00-04:00,7873.75,7873.75,7874.5,7873.75,7874.5,119
2026-10-07 02:14:00-04:00,7874.0,7874.0,7874.25,7873.75,7873.75,147
2026-10-07 02:15:00-04:00,7874.0,7874.0,7874.25,7873.5,7874.0,165
2026-10-07 02:16:00-04:00,7874.5,7874.5,7875.0,7874.25,7874.25,178
2026-10-07 02:17:00-04:00,7874.5,7874.5,7875.0,7874.5,7874.75,64
2026-10-07 02:18:00-04:00,7874.75,7874.75,7875.0,7874.0,7874.5,109
2026-10-07 02:19:00-04:00,7874.5,7874.5,7875.0,7874.5,7874.75,183
2026-10-07 02:20:00-04:00,7874.25,7874.25,7874.75,7874.25,7874.75,122
2026-10-07 02:21:00-04:00,7874.0,7874.0,7874.25,7874.0,7874.25,84
2026-10-07 02:22:00-04:00,7873.75,7873.75,7874.0,7873.75,7874.0,87
2026-10-07 02:23:00-04:00,7873.5,7873.5,7874.0,7873.5,7874.0,120
2026-10-07 02:24:00-04:00,7873.25,7873.25,7873.75,7873.25,7873.75,108
2026-10-07 02:25:00-04:00,7873.5,7873.5,7873.5,7873.0,7873.25,172
2026-10-07 02:26:00-04:00,7873.5,7873.5,7873.75,7873.25,7873.5,105
2026-10-07 02:27:00-04:00,7873.75,7873.75,7874.0,7873.0,7873.25,200
2026-10-07 02:28:00-04:00,7874.5,7874.5,7874.5,7873.75,7873.75,149
2026-10-07 02:29:00-04:00,7875.0,7875.0,7875.5,7874.5,7874.5,303
2026-10-07 02:30:00-04:00,7874.75,7874.75,7875.25,7874.25,7875.0,288
2026-10-07 02:31:00-04:00,7875.0,7875.0,7875.25,7874.5,7875.0,203
2026-10-07 02:32:00-04:00,7874.0,7874.0,7875.0,7873.5,7875.0,372
2026-10-07 02:33:00-04:00,7875.5,7875.5,7875.5,7874.0,7874.0,192
2026-10-07 02:34:00-04:00,7876.25,7876.25,7876.5,7875.5,7875.75,304
2026-10-07 02:35:00-04:00,7876.5,7876.5,7877.0,7876.25,7876.5,84
2026-10-07 02:36:00-04:00,7875.5,7875.5,7876.75,7875.5,7876.25,104
2026-10-07 02:37:00-04:00,7875.5,7875.5,7876.25,7875.25,7875.5,131
2026-10-07 02:38:00-04:00,7874.5,7874.5,7875.5,7874.25,7875.5,251
2026-10-07 02:39:00-04:00,7873.75,7873.75,7874.5,7873.5,7874.5,195
2026-10-07 02:40:00-04:00,7874.5,7874.5,7874.5,7873.5,7873.75,161
2026-10-07 02:41:00-04:00,7874.0,7874.0,7874.5,7873.75,7874.25,186
2026-10-07 02:42:00-04:00,7874.5,7874.5,7874.75,7874.25,7874.25,77
2026-10-07 02:43:00-04:00,7874.5,7874.5,7874.5,7874.25,7874.5,46
2026-10-07 02:44:00-04:00,7874.5,7874.5,7875.0,7874.25,7874.5,61
2026-10-07 02:45:00-04:00,7874.75,7874.75,7875.0,7874.5,7874.75,109
2026-10-07 02:46:00-04:00,7874.5,7874.5,7875.25,7874.5,7874.75,129
2026-10-07 02:47:00-04:00,7873.75,7873.75,7874.5,7873.75,7874.5,160
2026-10-07 02:48:00-04:00,7873.0,7873.0,7874.0,7873.0,7873.75,189
2026-10-07 02:49:00-04:00,7873.0,7873.0,7873.25,7872.75,7873.0,141
2026-10-07 02:50:00-04:00,7872.75,7872.75,7873.0,7872.75,7872.75,76
2026-10-07 02:51:00-04:00,7872.75,7872.75,7873.0,7872.5,7873.0,89
2026-10-07 02:52:00-04:00,7872.75,7872.75,7873.25,7872.75,7872.75,140
2026-10-07 02:53:00-04:00,7872.25,7872.25,7872.5,7872.25,7872.5,217
2026-10-07 02:54:00-04:00,7872.25,7872.25,7872.5,7872.0,7872.25,403
2026-10-07 02:55:00-04:00,7872.5,7872.5,7872.75,7872.25,7872.5,103
2026-10-07 02:56:00-04:00,7872.5,7872.5,7872.5,7872.25,7872.5,196
2026-10-07 02:57:00-04:00,7872.5,7872.5,7872.75,7872.0,7872.5,147
2026-10-07 02:58:00-04:00,7872.25,7872.25,7873.0,7872.25,7872.75,217
2026-10-07 02:59:00-04:00,7872.5,7872.5,7872.75,7872.0,7872.25,246
2026-10-07 03:00:00-04:00,7873.75,7873.75,7874.0,7872.0,7872.5,775
2026-10-07 03:01:00-04:00,7874.5,7874.5,7874.75,7873.0,7874.0,726
2026-10-07 03:02:00-04:00,7874.25,7874.25,7874.25,7873.5,7874.25,411
2026-10-07 03:03:00-04:00,7872.75,7872.75,7874.5,7872.5,7874.25,239
2026-10-07 03:04:00-04:00,7874.25,7874.25,7874.5,7872.75,7872.75,286
2026-10-07 03:05:00-04:00,7874.5,7874.5,7874.75,7874.0,7874.25,259
2026-10-07 03:06:00-04:00,7874.5,7874.5,7874.5,7874.25,7874.25,164
2026-10-07 03:07:00-04:00,7874.25,7874.25,7874.75,7874.25,7874.5,211
2026-10-07 03:08:00-04:00,7874.25,7874.25,7874.5,7873.75,7874.25,185
2026-10-07 03:09:00-04:00,7874.75,7874.75,7874.75,7873.5,7874.25,146
2026-10-07 03:10:00-04:00,7875.5,7875.5,7875.5,7874.5,7874.75,330
2026-10-07 03:11:00-04:00,7874.25,7874.25,7875.5,7873.75,7875.5,203
2026-10-07 03:12:00-04:00,7873.75,7873.75,7875.25,7873.5,7874.5,362
2026-10-07 03:13:00-04:00,7874.0,7874.0,7874.25,7873.25,7873.5,201
2026-10-07 03:14:00-04:00,7873.5,7873.5,7874.0,7873.0,7874.0,243
2026-10-07 03:15:00-04:00,7872.0,7872.0,7873.75,7872.0,7873.5,390
2026-10-07 03:16:00-04:00,7871.5,7871.5,7872.25,7871.5,7872.25,520
2026-10-07 03:17:00-04:00,7871.0,7871.0,7871.75,7870.75,7871.25,349
2026-10-07 03:18:00-04:00,7871.5,7871.5,7871.5,7871.0,7871.25,270
2026-10-07 03:19:00-04:00,7872.5,7872.5,7873.0,7871.25,7871.25,351
2026-10-07 03:20:00-04:00,7872.25,7872.25,7872.5,7871.75,7872.25,266
2026-10-07 03:21:00-04:00,7872.0,7872.0,7872.25,7871.25,7872.25,258
2026-10-07 03:22:00-04:00,7873.0,7873.0,7873.25,7872.0,7872.0,335
2026-10-07 03:23:00-04:00,7872.25,7872.25,7873.0,7872.25,7873.0,342
2026-10-07 03:24:00-04:00,7871.5,7871.5,7872.25,7871.5,7872.25,240
2026-10-07 03:25:00-04:00,7871.75,7871.75,7872.25,7871.5,7871.75,335
2026-10-07 03:26:00-04:00,7872.0,7872.0,7872.0,7871.5,7871.75,206
2026-10-07 03:27:00-04:00,7873.75,7873.75,7873.75,7872.0,7872.0,299
2026-10-07 03:28:00-04:00,7872.5,7872.5,7873.5,7872.5,7873.5,333
2026-10-07 03:29:00-04:00,7871.5,7871.5,7872.5,7871.5,7872.5,376
2026-10-07 03:30:00-04:00,7871.5,7871.5,7871.75,7871.0,7871.75,232
2026-10-07 03:31:00-04:00,7871.25,7871.25,7871.5,7870.75,7871.5,303
2026-10-07 03:32:00-04:00,7871.5,7871.5,7871.75,7871.25,7871.25,239
2026-10-07 03:33:00-04:00,7871.25,7871.25,7872.0,7871.25,7871.75,341
2026-10-07 03:34:00-04:00,7871.0,7871.0,7871.25,7870.5,7871.25,254
2026-10-07 03:35:00-04:00,7871.5,7871.5,7872.0,7870.75,7871.25,209
2026-10-07 03:36:00-04:00,7872.25,7872.25,7872.25,7871.25,7871.5,250
2026-10-07 03:37:00-04:00,7872.25,7872.25,7872.25,7871.75,7872.25,205
2026-10-07 03:38:00-04:00,7871.25,7871.25,7872.75,7871.0,7872.5,249
2026-10-07 03:39:00-04:00,7871.0,7871.0,7871.25,7870.5,7871.0,270
2026-10-07 03:40:00-04:00,7871.25,7871.25,7871.5,7871.0,7871.25,229
2026-10-07 03:41:00-04:00,7871.5,7871.5,7872.0,7871.0,7871.0,214
2026-10-07 03:42:00-04:00,7872.5,7872.5,7872.75,7871.5,7871.75,270
2026-10-07 03:43:00-04:00,7872.75,7872.75,7873.0,7872.25,7872.5,228
2026-10-07 03:44:00-04:00,7872.75,7872.75,7873.0,7872.25,7872.75,223
2026-10-07 03:45:00-04:00,7873.0,7873.0,7873.0,7872.25,7873.0,189
2026-10-07 03:46:00-04:00,7873.25,7873.25,7873.5,7873.0,7873.0,128
2026-10-07 03:47:00-04:00,7872.0,7872.0,7873.25,7872.0,7873.0,162
2026-10-07 03:48:00-04:00,7871.5,7871.5,7872.25,7871.25,7872.0,203
2026-10-07 03:49:00-04:00,7870.5,7870.5,7871.75,7870.25,7871.5,215
2026-10-07 03:50:00-04:00,7870.0,7870.0,7870.5,7870.0,7870.5,349
2026-10-07 03:51:00-04:00,7870.75,7870.75,7871.0,7869.0,7870.0,975
2026-10-07 03:52:00-04:00,7869.5,7869.5,7870.75,7869.0,7870.75,271
2026-10-07 03:53:00-04:00,7869.0,7869.0,7869.5,7868.5,7869.5,400
2026-10-07 03:54:00-04:00,7868.25,7868.25,7868.75,7868.0,7868.75,384
2026-10-07 03:55:00-04:00,7868.25,7868.25,7868.75,7868.0,7868.25,501
2026-10-07 03:56:00-04:00,7868.5,7868.5,7868.5,7867.5,7868.25,539
2026-10-07 03:57:00-04:00,7868.75,7868.75,7869.5,7868.25,7868.25,432
2026-10-07 03:58:00-04:00,7870.75,7870.75,7870.75,7868.25,7868.75,440
2026-10-07 03:59:00-04:00,7871.75,7871.75,7872.0,7870.25,7870.75,347
2026-10-07 04:00:00-04:00,7871.5,7871.5,7872.0,7871.0,7871.75,375
2026-10-07 04:01:00-04:00,7871.0,7871.0,7871.5,7870.25,7871.5,312
2026-10-07 04:02:00-04:00,7871.5,7871.5,7871.5,7870.25,7871.0,280
2026-10-07 04:03:00-04:00,7873.5,7873.5,7874.0,7871.25,7871.25,396
2026-10-07 04:04:00-04:00,7874.75,7874.75,7875.0,7873.25,7873.5,221
2026-10-07 04:05:00-04:00,7874.5,7874.5,7875.5,7874.0,7874.5,408
2026-10-07 04:06:00-04:00,7873.0,7873.0,7874.5,7872.75,7874.5,250
2026-10-07 04:07:00-04:00,7873.5,7873.5,7874.25,7872.75,7872.75,231
2026-10-07 04:08:00-04:00,7873.25,7873.25,7873.75,7873.0,7873.5,128
2026-10-07 04:09:00-04:00,7873.25,7873.25,7873.5,7872.5,7873.25,209
2026-10-07 04:10:00-04:00,7874.25,7874.25,7874.25,7873.25,7873.25,186
2026-10-07 04:11:00-04:00,7874.5,7874.5,7875.0,7874.0,7874.0,279
2026-10-07 04:12:00-04:00,7875.0,7875.0,7875.0,7874.25,7874.5,247
2026-10-07 04:13:00-04:00,7874.25,7874.25,7875.0,7873.0,7875.0,531
2026-10-07 04:14:00-04:00,7873.75,7873.75,7874.25,7873.25,7874.25,220
2026-10-07 04:15:00-04:00,7873.5,7873.5,7874.25,7873.25,7874.0,151
2026-10-07 04:16:00-04:00,7873.5,7873.5,7873.75,7872.5,7873.5,281
2026-10-07 04:17:00-04:00,7874.0,7874.0,7874.0,7873.25,7873.5,131
2026-10-07 04:18:00-04:00,7875.0,7875.0,7875.0,7873.75,7873.75,194
2026-10-07 04:19:00-04:00,7875.75,7875.75,7875.75,7874.5,7875.0,430
2026-10-07 04:20:00-04:00,7875.75,7875.75,7876.25,7875.0,7876.0,279
2026-10-07 04:21:00-04:00,7876.25,7876.25,7876.5,7875.75,7876.0,221
2026-10-07 04:22:00-04:00,7876.5,7876.5,7877.0,7876.0,7876.0,251
2026-10-07 04:23:00-04:00,7876.25,7876.25,7877.0,7876.25,7876.75,340
2026-10-07 04:24:00-04:00,7876.25,7876.25,7877.0,7876.25,7876.5,221
2026-10-07 04:25:00-04:00,7876.0,7876.0,7876.25,7875.25,7876.25,245
2026-10-07 04:26:00-04:00,7875.75,7875.75,7876.25,7875.5,7876.0,175
2026-10-07 04:27:00-04:00,7876.0,7876.0,7876.0,7875.5,7875.75,137
2026-10-07 04:28:00-04:00,7874.25,7874.25,7876.0,7874.25,7876.0,323
2026-10-07 04:29:00-04:00,7874.0,7874.0,7875.25,7874.0,7874.25,393
2026-10-07 04:30:00-04:00,7874.25,7874.25,7874.25,7872.5,7874.25,438
2026-10-07 04:31:00-04:00,7875.0,7875.0,7875.0,7873.75,7874.25,257
2026-10-07 04:32:00-04:00,7875.5,7875.5,7876.25,7874.75,7874.75,226
2026-10-07 04:33:00-04:00,7875.25,7875.25,7875.75,7874.75,7875.5,130
2026-10-07 04:34:00-04:00,7875.25,7875.25,7875.5,7875.25,7875.25,70
2026-10-07 04:35:00-04:00,7875.25,7875.25,7875.5,7875.0,7875.25,137
2026-10-07 04:36:00-04:00,7874.5,7874.5,7875.25,7874.25,7875.25,144
2026-10-07 04:37:00-04:00,7874.5,7874.5,7875.25,7874.25,7874.75,321
2026-10-07 04:38:00-04:00,7874.75,7874.75,7875.0,7874.5,7874.75,76
2026-10-07 04:39:00-04:00,7875.0,7875.0,7875.0,7874.75,7875.0,88
2026-10-07 04:40:00-04:00,7875.0,7875.0,7875.25,7875.0,7875.0,203
2026-10-07 04:41:00-04:00,7875.0,7875.0,7875.5,7875.0,7875.25,172
2026-10-07 04:42:00-04:00,7875.5,7875.5,7875.5,7875.0,7875.25,87
2026-10-07 04:43:00-04:00,7876.0,7876.0,7876.25,7875.5,7875.5,152
2026-10-07 04:44:00-04:00,7875.5,7875.5,7876.5,7875.5,7876.0,218
2026-10-07 04:45:00-04:00,7875.75,7875.75,7876.25,7875.5,7875.75,119
2026-10-07 04:46:00-04:00,7875.5,7875.5,7876.0,7875.25,7875.75,107
2026-10-07 04:47:00-04:00,7875.75,7875.75,7875.75,7875.5,7875.5,150
2026-10-07 04:48:00-04:00,7875.75,7875.75,7876.0,7875.5,7875.75,65
2026-10-07 04:49:00-04:00,7875.5,7875.5,7876.0,7875.5,7876.0,75
2026-10-07 04:50:00-04:00,7875.25,7875.25,7875.75,7875.0,7875.5,132
2026-10-07 04:51:00-04:00,7875.25,7875.25,7875.75,7874.75,7875.25,167
2026-10-07 04:52:00-04:00,7875.0,7875.0,7875.5,7874.25,7875.0,184
2026-10-07 04:53:00-04:00,7874.25,7874.25,7874.75,7873.75,7874.75,233
2026-10-07 04:54:00-04:00,7873.75,7873.75,7874.5,7873.75,7874.0,154
2026-10-07 04:55:00-04:00,7874.0,7874.0,7875.0,7873.75,7873.75,176
2026-10-07 04:56:00-04:00,7874.75,7874.75,7875.25,7874.25,7874.25,140
2026-10-07 04:57:00-04:00,7874.75,7874.75,7875.0,7874.25,7874.75,106
2026-10-07 04:58:00-04:00,7874.0,7874.0,7875.0,7873.75,7874.75,83
2026-10-07 04:59:00-04:00,7874.0,7874.0,7874.25,7874.0,7874.0,100
2026-10-07 05:00:00-04:00,7874.0,7874.0,7874.0,7873.5,7873.75,189
2026-10-07 05:01:00-04:00,7873.5,7873.5,7874.0,7873.0,7874.0,158
2026-10-07 05:02:00-04:00,7873.25,7873.25,7873.75,7872.75,7873.75,179
2026-10-07 05:03:00-04:00,7872.5,7872.5,7873.5,7872.25,7873.5,295
2026-10-07 05:04:00-04:00,7871.75,7871.75,7872.5,7871.5,7872.5,322
2026-10-07 05:05:00-04:00,7871.75,7871.75,7872.0,7871.5,7872.0,265
2026-10-07 05:06:00-04:00,7870.75,7870.75,7871.75,7870.25,7871.75,279
2026-10-07 05:07:00-04:00,7869.75,7869.75,7870.75,7869.5,7870.75,394
2026-10-07 05:08:00-04:00,7869.0,7869.0,7870.25,7868.25,7869.75,472
2026-10-07 05:09:00-04:00,7870.5,7870.5,7870.75,7869.0,7869.25,305
2026-10-07 05:10:00-04:00,7871.0,7871.0,7871.75,7870.5,7870.5,401
2026-10-07 05:11:00-04:00,7870.75,7870.75,7871.25,7870.5,7871.0,272
2026-10-07 05:12:00-04:00,7871.5,7871.5,7872.0,7870.5,7870.5,321
2026-10-07 05:13:00-04:00,7870.75,7870.75,7871.5,7870.75,7871.25,171
2026-10-07 05:14:00-04:00,7870.5,7870.5,7870.5,7870.25,7870.5,186
2026-10-07 05:15:00-04:00,7870.0,7870.0,7870.5,7870.0,7870.5,144
2026-10-07 05:16:00-04:00,7868.75,7868.75,7870.0,7868.75,7870.0,232
2026-10-07 05:17:00-04:00,7868.0,7868.0,7869.25,7868.0,7868.75,255
2026-10-07 05:18:00-04:00,7869.0,7869.0,7869.0,7868.0,7868.0,322
2026-10-07 05:19:00-04:00,7867.75,7867.75,7869.5,7867.75,7869.0,378
2026-10-07 05:20:00-04:00,7866.5,7866.5,7868.0,7866.25,7868.0,975
2026-10-07 05:21:00-04:00,7865.5,7865.5,7866.75,7865.5,7866.5,858
2026-10-07 05:22:00-04:00,7867.75,7867.75,7868.0,7865.75,7865.75,626
2026-10-07 05:23:00-04:00,7868.25,7868.25,7868.5,7867.25,7867.75,390
2026-10-07 05:24:00-04:00,7869.25,7869.25,7869.25,7868.5,7868.5,375
2026-10-07 05:25:00-04:00,7867.75,7867.75,7869.25,7867.25,7869.25,473
2026-10-07 05:26:00-04:00,7868.5,7868.5,7869.0,7867.5,7867.5,216
2026-10-07 05:27:00-04:00,7868.75,7868.75,7869.0,7868.0,7868.5,156
2026-10-07 05:28:00-04:00,7868.75,7868.75,7869.0,7868.0,7868.5,234
2026-10-07 05:29:00-04:00,7867.5,7867.5,7868.75,7867.25,7868.75,359
2026-10-07 05:30:00-04:00,7866.75,7866.75,7868.0,7866.5,7867.5,544
2026-10-07 05:31:00-04:00,7866.5,7866.5,7867.75,7866.5,7867.0,361
2026-10-07 05:32:00-04:00,7866.75,7866.75,7867.0,7865.75,7866.25,323
2026-10-07 05:33:00-04:00,7866.5,7866.5,7867.25,7866.5,7866.75,163
2026-10-07 05:34:00-04:00,7866.0,7866.0,7866.5,7865.5,7866.5,221
2026-10-07 05:35:00-04:00,7866.0,7866.0,7866.0,7865.5,7866.0,151
2026-10-07 05:36:00-04:00,7865.25,7865.25,7865.75,7865.0,7865.75,434
2026-10-07 05:37:00-04:00,7866.0,7866.0,7866.25,7865.25,7865.25,181
2026-10-07 05:38:00-04:00,7866.0,7866.0,7866.0,7865.5,7866.0,290
2026-10-07 05:39:00-04:00,7866.0,7866.0,7866.25,7865.25,7866.0,314
2026-10-07 05:40:00-04:00,7864.25,7864.25,7866.0,7864.25,7866.0,629
2026-10-07 05:41:00-04:00,7863.0,7863.0,7864.25,7862.5,7864.25,548
2026-10-07 05:42:00-04:00,7863.0,7863.0,7863.0,7862.5,7863.0,391
2026-10-07 05:43:00-04:00,7863.25,7863.25,7863.5,7862.75,7862.75,396
2026-10-07 05:44:00-04:00,7863.5,7863.5,7864.5,7863.25,7863.5,564
2026-10-07 05:45:00-04:00,7863.25,7863.25,7863.5,7863.0,7863.5,212
2026-10-07 05:46:00-04:00,7863.75,7863.75,7863.75,7862.75,7863.25,326
2026-10-07 05:47:00-04:00,7863.0,7863.0,7864.0,7862.75,7864.0,435
2026-10-07 05:48:00-04:00,7862.25,7862.25,7863.25,7862.25,7863.0,470
2026-10-07 05:49:00-04:00,7862.75,7862.75,7863.25,7862.0,7862.25,207
2026-10-07 05:50:00-04:00,7863.25,7863.25,7863.75,7862.25,7862.75,388
2026-10-07 05:51:00-04:00,7863.25,7863.25,7864.25,7863.25,7863.5,341
2026-10-07 05:52:00-04:00,7862.0,7862.0,7863.5,7861.75,7863.25,351
2026-10-07 05:53:00-04:00,7861.75,7861.75,7862.25,7861.0,7861.75,359
2026-10-07 05:54:00-04:00,7862.0,7862.0,7862.0,7861.0,7861.5,532
2026-10-07 05:55:00-04:00,7859.75,7859.75,7862.0,7859.5,7862.0,1108
2026-10-07 05:56:00-04:00,7859.0,7859.0,7860.0,7858.5,7859.75,803
2026-10-07 05:57:00-04:00,7861.0,7861.0,7861.5,7859.0,7859.0,1044
2026-10-07 05:58:00-04:00,7861.75,7861.75,7862.5,7861.0,7861.0,591
2026-10-07 05:59:00-04:00,7863.75,7863.75,7863.75,7861.0,7861.5,632
2026-10-07 06:00:00-04:00,7862.5,7862.5,7863.75,7862.25,7863.5,306
2026-10-07 06:01:00-04:00,7862.5,7862.5,7863.0,7861.75,7862.75,420
2026-10-07 06:02:00-04:00,7863.25,7863.25,7863.25,7862.5,7862.75,170
2026-10-07 06:03:00-04:00,7865.25,7865.25,7865.5,7863.25,7863.25,592
2026-10-07 06:04:00-04:00,7866.25,7866.25,7866.5,7865.0,7865.25,536
2026-10-07 06:05:00-04:00,7866.25,7866.25,7867.0,7865.75,7866.0,476
2026-10-07 06:06:00-04:00,7866.25,7866.25,7866.5,7864.25,7866.0,345
2026-10-07 06:07:00-04:00,7865.25,7865.25,7867.0,7865.0,7866.25,199
2026-10-07 06:08:00-04:00,7864.5,7864.5,7865.75,7863.5,7865.25,1292
2026-10-07 06:09:00-04:00,7863.75,7863.75,7864.75,7863.25,7864.5,202
2026-10-07 06:10:00-04:00,7863.5,7863.5,7863.75,7863.25,7863.5,145
2026-10-07 06:11:00-04:00,7864.0,7864.0,7864.25,7863.5,7863.5,129
2026-10-07 06:12:00-04:00,7863.5,7863.5,7864.25,7863.5,7864.0,233
2026-10-07 06:13:00-04:00,7863.25,7863.25,7863.75,7863.0,7863.5,268
2026-10-07 06:14:00-04:00,7863.0,7863.0,7863.75,7863.0,7863.25,220
2026-10-07 06:15:00-04:00,7863.25,7863.25,7863.5,7862.75,7863.0,202
2026-10-07 06:16:00-04:00,7861.75,7861.75,7863.5,7861.75,7863.5,351
2026-10-07 06:17:00-04:00,7861.75,7861.75,7862.5,7861.25,7861.5,335
2026-10-07 06:18:00-04:00,7861.0,7861.0,7861.75,7860.0,7861.75,366
2026-10-07 06:19:00-04:00,7860.75,7860.75,7861.25,7860.5,7861.0,200
2026-10-07 06:20:00-04:00,7860.0,7860.0,7861.25,7859.75,7860.75,768
2026-10-07 06:21:00-04:00,7860.0,7860.0,7860.25,7859.75,7860.0,281
2026-10-07 06:22:00-04:00,7860.25,7860.25,7860.5,7859.75,7860.0,377
2026-10-07 06:23:00-04:00,7860.25,7860.25,7860.25,7859.75,7860.0,256
2026-10-07 06:24:00-04:00,7860.75,7860.75,7861.0,7859.75,7860.0,194
2026-10-07 06:25:00-04:00,7861.5,7861.5,7861.75,7860.5,7860.75,307
2026-10-07 06:26:00-04:00,7862.0,7862.0,7862.5,7861.5,7861.75,566
2026-10-07 06:27:00-04:00,7861.0,7861.0,7862.5,7861.0,7861.75,376
2026-10-07 06:28:00-04:00,7861.0,7861.0,7861.5,7860.0,7860.75,462
2026-10-07 06:29:00-04:00,7859.5,7859.5,7861.0,7859.0,7860.75,515
2026-10-07 06:30:00-04:00,7858.5,7858.5,7859.5,7858.5,7859.5,587
2026-10-07 06:31:00-04:00,7857.75,7857.75,7858.75,7857.5,7858.5,557
2026-10-07 06:32:00-04:00,7857.25,7857.25,7858.0,7857.0,7857.5,638
2026-10-07 06:33:00-04:00,7857.25,7857.25,7858.5,7856.75,7857.5,409
2026-10-07 06:34:00-04:00,7857.75,7857.75,7857.75,7856.75,7857.25,376
2026-10-07 06:35:00-04:00,7858.0,7858.0,7858.0,7857.5,7857.5,503
2026-10-07 06:36:00-04:00,7857.75,7857.75,7858.25,7857.5,7858.0,711
2026-10-07 06:37:00-04:00,7858.25,7858.25,7858.25,7857.75,7857.75,448
2026-10-07 06:38:00-04:00,7858.75,7858.75,7859.25,7858.25,7858.25,370
2026-10-07 06:39:00-04:00,7858.75,7858.75,7859.25,7858.5,7858.75,201
2026-10-07 06:40:00-04:00,7858.5,7858.5,7859.0,7858.25,7859.0,327
2026-10-07 06:41:00-04:00,7858.0,7858.0,7858.75,7857.5,7858.75,183
2026-10-07 06:42:00-04:00,7856.0,7856.0,7858.25,7855.5,7858.0,1350
2026-10-07 06:43:00-04:00,7856.25,7856.25,7857.0,7856.0,7856.25,885
2026-10-07 06:44:00-04:00,7855.75,7855.75,7856.75,7855.5,7856.25,2175
2026-10-07 06:45:00-04:00,7854.75,7854.75,7856.0,7854.25,7855.5,2316
2026-10-07 06:46:00-04:00,7852.5,7852.5,7855.0,7852.0,7854.75,1954
2026-10-07 06:47:00-04:00,7851.75,7851.75,7853.25,7851.75,7852.25,690
2026-10-07 06:48:00-04:00,7852.5,7852.5,7852.75,7851.75,7851.75,670
2026-10-07 06:49:00-04:00,7851.25,7851.25,7853.25,7851.25,7852.25,881
2026-10-07 06:50:00-04:00,7853.25,7853.25,7853.5,7851.0,7851.25,1064
2026-10-07 06:51:00-04:00,7853.5,7853.5,7854.5,7853.5,7853.5,432
2026-10-07 06:52:00-04:00,7853.25,7853.25,7853.5,7852.5,7853.5,399
2026-10-07 06:53:00-04:00,7852.5,7852.5,7853.25,7852.25,7853.25,238
2026-10-07 06:54:00-04:00,7853.25,7853.25,7854.25,7852.25,7852.25,367
2026-10-07 06:55:00-04:00,7853.25,7853.25,7854.25,7853.0,7853.5,326
2026-10-07 06:56:00-04:00,7853.5,7853.5,7853.5,7852.75,7853.0,337
2026-10-07 06:57:00-04:00,7854.0,7854.0,7854.25,7853.5,7853.5,329
2026-10-07 06:58:00-04:00,7854.25,7854.25,7854.5,7854.0,7854.0,237
2026-10-07 06:59:00-04:00,7854.0,7854.0,7855.0,7853.75,7854.25,511
2026-10-07 07:00:00-04:00,7851.25,7851.25,7854.75,7850.75,7854.0,1484
2026-10-07 07:01:00-04:00,7850.5,7850.5,7851.5,7849.75,7851.25,1084
2026-10-07 07:02:00-04:00,7849.5,7849.5,7851.0,7849.25,7850.5,577
2026-10-07 07:03:00-04:00,7850.25,7850.25,7851.0,7849.5,7849.5,438
2026-10-07 07:04:00-04:00,7849.5,7849.5,7850.75,7849.25,7850.25,619
2026-10-07 07:05:00-04:00,7848.5,7848.5,7850.0,7848.0,7849.5,1323
2026-10-07 07:06:00-04:00,7848.0,7848.0,7849.25,7848.0,7848.5,513
2026-10-07 07:07:00-04:00,7849.75,7849.75,7850.0,7848.0,7848.25,684
2026-10-07 07:08:00-04:00,7848.75,7848.75,7850.0,7848.75,7849.75,380
2026-10-07 07:09:00-04:00,7847.5,7847.5,7849.0,7847.25,7848.75,933
2026-10-07 07:10:00-04:00,7847.5,7847.5,7848.0,7847.0,7847.75,441
2026-10-07 07:11:00-04:00,7849.25,7849.25,7849.25,7847.5,7847.5,706
2026-10-07 07:12:00-04:00,7849.75,7849.75,7850.0,7849.25,7849.25,365
2026-10-07 07:13:00-04:00,7850.0,7850.0,7851.25,7849.5,7849.5,491
2026-10-07 07:14:00-04:00,7850.75,7850.75,7851.0,7849.75,7850.0,399
2026-10-07 07:15:00-04:00,7849.0,7849.0,7851.0,7848.75,7850.75,421
2026-10-07 07:16:00-04:00,7849.25,7849.25,7849.75,7848.5,7849.25,424
2026-10-07 07:17:00-04:00,7848.0,7848.0,7849.5,7847.25,7849.25,418
2026-10-07 07:18:00-04:00,7848.5,7848.5,7849.25,7848.0,7848.25,304
2026-10-07 07:19:00-04:00,7847.0,7847.0,7848.75,7846.5,7848.5,354
2026-10-07 07:20:00-04:00,7845.0,7845.0,7847.25,7845.0,7847.0,839
2026-10-07 07:21:00-04:00,7846.0,7846.0,7846.75,7845.0,7845.25,782
2026-10-07 07:22:00-04:00,7846.0,7846.0,7846.5,7845.25,7845.75,579
2026-10-07 07:23:00-04:00,7845.75,7845.75,7846.25,7845.25,7846.0,658
2026-10-07 07:24:00-04:00,7845.5,7845.5,7846.0,7845.0,7845.75,348
2026-10-07 07:25:00-04:00,7845.25,7845.25,7847.5,7843.25,7845.5,1635
2026-10-07 07:26:00-04:00,7844.25,7844.25,7845.75,7844.0,7845.25,468
2026-10-07 07:27:00-04:00,7842.75,7842.75,7844.75,7842.5,7844.5,656
2026-10-07 07:28:00-04:00,7843.5,7843.5,7843.5,7842.0,7842.75,1121
2026-10-07 07:29:00-04:00,7843.25,7843.25,7847.25,7842.75,7843.5,2676
2026-10-07 07:30:00-04:00,7840.75,7840.75,7843.5,7836.25,7843.25,6698
2026-10-07 07:31:00-04:00,7841.25,7841.25,7843.25,7839.0,7841.0,2343
2026-10-07 07:32:00-04:00,7838.75,7838.75,7841.25,7838.25,7841.25,794
2026-10-07 07:33:00-04:00,7841.0,7841.0,7841.25,7839.0,7839.0,575
2026-10-07 07:34:00-04:00,7842.75,7842.75,7844.0,7841.25,7841.25,860
2026-10-07 07:35:00-04:00,7842.25,7842.25,7842.75,7841.25,7842.5,1116
2026-10-07 07:36:00-04:00,7842.0,7842.0,7843.0,7841.0,7842.25,685
2026-10-07 07:37:00-04:00,7841.75,7841.75,7842.0,7841.0,7841.75,395
2026-10-07 07:38:00-04:00,7839.0,7839.0,7842.0,7839.0,7841.75,502
2026-10-07 07:39:00-04:00,7838.0,7838.0,7839.25,7837.75,7839.25,622
2026-10-07 07:40:00-04:00,7837.5,7837.5,7838.0,7836.25,7837.75,1025
2026-10-07 07:41:00-04:00,7838.5,7838.5,7839.0,7837.5,7837.75,510
2026-10-07 07:42:00-04:00,7838.5,7838.5,7838.75,7837.75,7838.25,619
2026-10-07 07:43:00-04:00,7839.25,7839.25,7839.25,7838.0,7838.5,281
2026-10-07 07:44:00-04:00,7840.0,7840.0,7840.25,7838.75,7839.0,388
2026-10-07 07:45:00-04:00,7838.0,7838.0,7839.75,7837.5,7839.75,563
2026-10-07 07:46:00-04:00,7837.5,7837.5,7838.25,7836.75,7838.0,468
2026-10-07 07:47:00-04:00,7837.5,7837.5,7838.75,7837.0,7837.75,511
2026-10-07 07:48:00-04:00,7839.25,7839.25,7839.5,7837.5,7837.5,609
2026-10-07 07:49:00-04:00,7839.0,7839.0,7840.0,7838.75,7839.5,471
2026-10-07 07:50:00-04:00,7837.75,7837.75,7840.0,7837.75,7839.0,794
2026-10-07 07:51:00-04:00,7837.5,7837.5,7838.5,7835.5,7837.75,802
2026-10-07 07:52:00-04:00,7836.5,7836.5,7837.75,7836.5,7837.5,495
2026-10-07 07:53:00-04:00,7837.0,7837.0,7837.75,7836.25,7836.5,557
2026-10-07 07:54:00-04:00,7841.0,7841.0,7841.25,7836.75,7837.0,1345
2026-10-07 07:55:00-04:00,7843.0,7843.0,7843.75,7840.5,7840.75,1416
2026-10-07 07:56:00-04:00,7842.75,7842.75,7843.75,7842.25,7843.0,1128
2026-10-07 07:57:00-04:00,7842.0,7842.0,7842.75,7840.75,7842.5,899
2026-10-07 07:58:00-04:00,7845.0,7845.0,7845.0,7841.0,7842.0,1864
2026-10-07 07:59:00-04:00,7844.5,7844.5,7847.0,7843.5,7844.75,2510
2026-10-07 08:00:00-04:00,7844.0,7844.0,7845.25,7843.75,7844.5,853
2026-10-07 08:01:00-04:00,7844.5,7844.5,7844.75,7843.25,7844.25,629
2026-10-07 08:02:00-04:00,7843.75,7843.75,7845.75,7843.5,7844.25,597
2026-10-07 08:03:00-04:00,7844.5,7844.5,7845.25,7843.25,7844.0,575
2026-10-07 08:04:00-04:00,7844.5,7844.5,7845.0,7843.75,7844.5,405
2026-10-07 08:05:00-04:00,7843.5,7843.5,7844.5,7843.5,7844.5,426
2026-10-07 08:06:00-04:00,7844.0,7844.0,7844.75,7842.5,7843.75,461
2026-10-07 08:07:00-04:00,7844.0,7844.0,7845.0,7843.0,7843.75,474
2026-10-07 08:08:00-04:00,7843.75,7843.75,7845.0,7843.75,7844.0,379
2026-10-07 08:09:00-04:00,7843.0,7843.0,7844.0,7842.75,7843.75,250
2026-10-07 08:10:00-04:00,7843.0,7843.0,7843.5,7841.75,7843.0,394
2026-10-07 08:11:00-04:00,7843.75,7843.75,7844.25,7843.0,7843.0,531
2026-10-07 08:12:00-04:00,7844.25,7844.25,7845.25,7843.75,7844.0,634
2026-10-07 08:13:00-04:00,7844.75,7844.75,7845.5,7843.75,7844.0,423
2026-10-07 08:14:00-04:00,7844.25,7844.25,7844.75,7843.75,7844.75,312
2026-10-07 08:15:00-04:00,7843.75,7843.75,7845.0,7843.25,7844.25,503
2026-10-07 08:16:00-04:00,7845.75,7845.75,7846.25,7843.0,7843.75,846
2026-10-07 08:17:00-04:00,7844.25,7844.25,7846.5,7843.75,7845.75,571
2026-10-07 08:18:00-04:00,7841.75,7841.75,7845.5,7841.75,7844.5,685
2026-10-07 08:19:00-04:00,7841.25,7841.25,7842.5,7840.75,7841.75,859
2026-10-07 08:20:00-04:00,7841.75,7841.75,7846.0,7840.75,7841.0,2541
2026-10-07 08:21:00-04:00,7840.25,7840.25,7841.75,7840.0,7841.75,918
2026-10-07 08:22:00-04:00,7839.5,7839.5,7840.5,7839.25,7840.25,911
2026-10-07 08:23:00-04:00,7840.5,7840.5,7841.25,7838.75,7839.5,783
2026-10-07 08:24:00-04:00,7841.0,7841.0,7841.25,7840.0,7840.5,446
2026-10-07 08:25:00-04:00,7839.0,7839.0,7841.75,7838.75,7841.0,662
2026-10-07 08:26:00-04:00,7836.5,7836.5,7839.0,7836.25,7839.0,1100
2026-10-07 08:27:00-04:00,7835.0,7835.0,7836.75,7834.25,7836.5,1220
2026-10-07 08:28:00-04:00,7834.0,7834.0,7835.0,7832.5,7835.0,1292
2026-10-07 08:29:00-04:00,7836.25,7836.25,7836.5,7833.5,7833.75,1113
2026-10-07 08:30:00-04:00,7836.5,7836.5,7838.5,7835.5,7836.25,1583
2026-10-07 08:31:00-04:00,7838.5,7838.5,7839.25,7835.75,7836.25,1392
2026-10-07 08:32:00-04:00,7837.0,7837.0,7838.5,7836.5,7838.5,1184
2026-10-07 08:33:00-04:00,7838.0,7838.0,7839.5,7836.75,7837.0,1022
2026-10-07 08:34:00-04:00,7839.0,7839.0,7839.75,7837.5,7838.0,691
2026-10-07 08:35:00-04:00,7840.75,7840.75,7840.75,7838.75,7839.25,741
2026-10-07 08:36:00-04:00,7842.75,7842.75,7842.75,7840.5,7840.75,1009
2026-10-07 08:37:00-04:00,7842.5,7842.5,7843.5,7842.0,7842.5,767
2026-10-07 08:38:00-04:00,7843.5,7843.5,7843.5,7842.5,7842.75,536
2026-10-07 08:39:00-04:00,7842.75,7842.75,7844.0,7842.5,7843.5,506
2026-10-07 08:40:00-04:00,7842.25,7842.25,7843.0,7842.0,7842.75,493
2026-10-07 08:41:00-04:00,7842.5,7842.5,7843.0,7841.25,7842.0,653
2026-10-07 08:42:00-04:00,7842.75,7842.75,7842.75,7841.5,7842.5,297
2026-10-07 08:43:00-04:00,7841.75,7841.75,7843.0,7841.75,7842.75,256
2026-10-07 08:44:00-04:00,7840.25,7840.25,7841.75,7840.0,7841.5,616
2026-10-07 08:45:00-04:00,7839.5,7839.5,7840.5,7839.0,7840.25,588
2026-10-07 08:46:00-04:00,7838.5,7838.5,7839.5,7838.25,7839.25,858
2026-10-07 08:47:00-04:00,7840.25,7840.25,7840.75,7838.0,7838.75,3242
2026-10-07 08:48:00-04:00,7841.0,7841.0,7841.25,7840.0,7840.0,683
2026-10-07 08:49:00-04:00,7842.5,7842.5,7843.0,7840.5,7841.0,530
2026-10-07 08:50:00-04:00,7842.25,7842.25,7843.25,7841.5,7842.5,986
2026-10-07 08:51:00-04:00,7841.0,7841.0,7842.25,7840.5,7842.25,378
2026-10-07 08:52:00-04:00,7842.25,7842.25,7842.25,7841.0,7841.25,306
2026-10-07 08:53:00-04:00,7842.25,7842.25,7842.75,7841.75,7842.25,325
2026-10-07 08:54:00-04:00,7842.5,7842.5,7844.0,7842.25,7842.25,635
2026-10-07 08:55:00-04:00,7843.0,7843.0,7843.5,7842.0,7842.5,293
2026-10-07 08:56:00-04:00,7843.0,7843.0,7843.25,7842.0,7843.0,387
2026-10-07 08:57:00-04:00,7842.75,7842.75,7843.5,7842.5,7843.25,274
2026-10-07 08:58:00-04:00,7841.75,7841.75,7843.5,7841.5,7842.75,474
2026-10-07 08:59:00-04:00,7842.0,7842.0,7842.25,7840.5,7841.75,479
2026-10-07 09:00:00-04:00,7841.25,7841.25,7842.25,7840.5,7842.25,993
2026-10-07 09:01:00-04:00,7842.0,7842.0,7842.75,7840.75,7841.0,691
2026-10-07 09:02:00-04:00,7843.0,7843.0,7843.0,7842.0,7842.0,573
2026-10-07 09:03:00-04:00,7842.25,7842.25,7843.5,7842.0,7843.0,617
2026-10-07 09:04:00-04:00,7840.25,7840.25,7843.75,7840.0,7842.25,1021
2026-10-07 09:05:00-04:00,7842.0,7842.0,7842.25,7840.25,7840.25,721
2026-10-07 09:06:00-04:00,7842.0,7842.0,7842.75,7841.75,7842.0,622
2026-10-07 09:07:00-04:00,7841.5,7841.5,7842.25,7841.0,7841.75,560
2026-10-07 09:08:00-04:00,7841.75,7841.75,7841.75,7840.75,7841.5,346
2026-10-07 09:09:00-04:00,7841.0,7841.0,7842.0,7841.0,7841.5,420
2026-10-07 09:10:00-04:00,7840.5,7840.5,7841.5,7840.5,7841.25,505
2026-10-07 09:11:00-04:00,7840.5,7840.5,7841.0,7839.75,7840.75,615
2026-10-07 09:12:00-04:00,7840.5,7840.5,7841.0,7840.25,7840.5,355
2026-10-07 09:13:00-04:00,7840.25,7840.25,7840.75,7839.5,7840.75,542
2026-10-07 09:14:00-04:00,7840.5,7840.5,7840.5,7839.75,7840.25,390
2026-10-07 09:15:00-04:00,7840.5,7840.5,7841.0,7840.25,7840.5,506
2026-10-07 09:16:00-04:00,7842.0,7842.0,7842.25,7840.5,7840.5,948
2026-10-07 09:17:00-04:00,7841.0,7841.0,7842.25,7840.75,7842.0,394
2026-10-07 09:18:00-04:00,7840.75,7840.75,7841.5,7840.25,7841.25,383
2026-10-07 09:19:00-04:00,7840.75,7840.75,7840.75,7840.25,7840.75,356
2026-10-07 09:20:00-04:00,7840.5,7840.5,7841.0,7840.25,7840.5,351
2026-10-07 09:21:00-04:00,7839.25,7839.25,7840.5,7839.0,7840.5,582
2026-10-07 09:22:00-04:00,7837.75,7837.75,7839.75,7837.5,7839.25,619
2026-10-07 09:23:00-04:00,7839.5,7839.5,7839.5,7837.25,7837.75,672
2026-10-07 09:24:00-04:00,7836.75,7836.75,7839.75,7836.75,7839.75,1220
2026-10-07 09:25:00-04:00,7835.25,7835.25,7837.5,7835.25,7836.75,1474
2026-10-07 09:26:00-04:00,7835.75,7835.75,7836.25,7835.0,7835.25,792
2026-10-07 09:27:00-04:00,7836.75,7836.75,7836.75,7834.25,7836.0,1622
2026-10-07 09:28:00-04:00,7836.75,7836.75,7837.0,7834.75,7836.5,1428
2026-10-07 09:29:00-04:00,7837.25,7837.25,7839.5,7836.0,7836.5,2803
2026-10-07 09:30:00-04:00,7839.5,7839.5,7842.0,7836.5,7837.5,13175
2026-10-07 09:31:00-04:00,7840.0,7840.0,7842.0,7838.75,7839.75,6628
2026-10-07 09:32:00-04:00,7838.25,7838.25,7840.25,7836.25,7840.25,5867
2026-10-07 09:33:00-04:00,7839.0,7839.0,7840.0,7836.0,7838.25,4008
2026-10-07 09:34:00-04:00,7834.5,7834.5,7840.0,7834.5,7839.0,5072
2026-10-07 09:35:00-04:00,7832.75,7832.75,7835.5,7831.5,7834.5,7110
2026-10-07 09:36:00-04:00,7832.75,7832.75,7834.25,7831.75,7832.75,4898
2026-10-07 09:37:00-04:00,7830.5,7830.5,7833.5,7830.25,7832.75,4044
2026-10-07 09:38:00-04:00,7824.25,7824.25,7831.25,7823.0,7830.5,10786
2026-10-07 09:39:00-04:00,7824.75,7824.75,7825.25,7822.0,7824.5,6480
2026-10-07 09:40:00-04:00,7824.25,7824.25,7825.5,7822.25,7824.75,6309
2026-10-07 09:41:00-04:00,7824.5,7824.5,7825.25,7822.75,7824.25,5020
2026-10-07 09:42:00-04:00,7827.75,7827.75,7828.0,7824.5,7824.75,6631
2026-10-07 09:43:00-04:00,7825.25,7825.25,7828.0,7824.0,7828.0,4956
2026-10-07 09:44:00-04:00,7826.25,7826.25,7830.0,7824.5,7825.25,6414
2026-10-07 09:45:00-04:00,7828.0,7828.0,7828.5,7824.5,7826.5,5797
2026-10-07 09:46:00-04:00,7824.75,7824.75,7829.0,7824.75,7828.25,4901
2026-10-07 09:47:00-04:00,7821.0,7821.0,7826.0,7820.75,7824.75,5289
2026-10-07 09:48:00-04:00,7823.75,7823.75,7824.5,7820.75,7821.0,5070
2026-10-07 09:49:00-04:00,7823.0,7823.0,7825.5,7822.75,7823.75,4704
2026-10-07 09:50:00-04:00,7826.75,7826.75,7827.0,7822.5,7823.0,5221
2026-10-07 09:51:00-04:00,7827.25,7827.25,7828.75,7826.5,7826.75,5224
2026-10-07 09:52:00-04:00,7825.75,7825.75,7827.75,7825.25,7827.25,4464
2026-10-07 09:53:00-04:00,7827.0,7827.0,7830.0,7825.75,7825.75,5709
2026-10-07 09:54:00-04:00,7830.0,7830.0,7830.75,7826.0,7827.0,5405
2026-10-07 09:55:00-04:00,7828.5,7828.5,7831.5,7828.0,7830.0,5004
2026-10-07 09:56:00-04:00,7828.75,7828.75,7829.5,7827.5,7828.5,4187
2026-10-07 09:57:00-04:00,7826.75,7826.75,7828.5,7826.75,7828.5,3633
2026-10-07 09:58:00-04:00,7828.0,7828.0,7829.5,7826.25,7826.75,4363
2026-10-07 09:59:00-04:00,7827.75,7827.75,7829.5,7826.5,7828.0,3743
2026-10-07 10:00:00-04:00,7825.5,7825.5,7828.5,7823.75,7828.0,8014
2026-10-07 10:01:00-04:00,7825.0,7825.0,7826.75,7824.25,7825.5,4345
2026-10-07 10:02:00-04:00,7825.0,7825.0,7825.0,7821.75,7825.0,5140
2026-10-07 10:03:00-04:00,7826.5,7826.5,7827.0,7824.75,7824.75,4354
2026-10-07 10:04:00-04:00,7825.25,7825.25,7826.75,7824.5,7826.5,3272
2026-10-07 10:05:00-04:00,7825.0,7825.0,7826.25,7823.0,7825.25,3446
2026-10-07 10:06:00-04:00,7824.25,7824.25,7825.75,7822.75,7825.0,2727
2026-10-07 10:07:00-04:00,7822.5,7822.5,7824.5,7822.25,7824.25,2831
2026-10-07 10:08:00-04:00,7824.25,7824.25,7825.0,7821.25,7822.75,4476
2026-10-07 10:09:00-04:00,7824.5,7824.5,7825.25,7822.25,7824.5,3198
2026-10-07 10:10:00-04:00,7821.25,7821.25,7825.0,7820.5,7824.5,4797
2026-10-07 10:11:00-04:00,7822.0,7822.0,7822.25,7820.0,7821.25,3218
2026-10-07 10:12:00-04:00,7821.0,7821.0,7823.25,7821.0,7822.25,2735
2026-10-07 10:13:00-04:00,7820.5,7820.5,7822.0,7820.25,7821.0,2815
2026-10-07 10:14:00-04:00,7823.0,7823.0,7823.25,7820.5,7820.75,3001
2026-10-07 10:15:00-04:00,7821.75,7821.75,7825.0,7821.75,7823.0,3807
2026-10-07 10:16:00-04:00,7824.75,7824.75,7824.75,7820.25,7821.75,3289
2026-10-07 10:17:00-04:00,7825.0,7825.0,7826.25,7823.75,7825.0,3873
2026-10-07 10:18:00-04:00,7826.75,7826.75,7827.5,7824.0,7825.25,3772
2026-10-07 10:19:00-04:00,7827.0,7827.0,7827.25,7825.75,7826.75,3220
2026-10-07 10:20:00-04:00,7827.75,7827.75,7828.5,7826.0,7827.0,3720
2026-10-07 10:21:00-04:00,7829.25,7829.25,7830.0,7828.0,7828.0,4967
2026-10-07 10:22:00-04:00,7827.0,7827.0,7829.25,7827.0,7829.25,2796
2026-10-07 10:23:00-04:00,7826.0,7826.0,7827.5,7824.75,7827.0,3909
2026-10-07 10:24:00-04:00,7827.5,7827.5,7828.0,7825.75,7826.0,3359
2026-10-07 10:25:00-04:00,7827.25,7827.25,7829.75,7827.0,7827.5,4277
2026-10-07 10:26:00-04:00,7826.5,7826.5,7827.5,7825.25,7827.25,3385
2026-10-07 10:27:00-04:00,7824.0,7824.0,7826.5,7824.0,7826.5,3405
2026-10-07 10:28:00-04:00,7823.25,7823.25,7824.25,7822.0,7824.25,3590
2026-10-07 10:29:00-04:00,7824.25,7824.25,7824.5,7821.75,7823.25,3758
2026-10-07 10:30:00-04:00,7821.5,7821.5,7825.75,7821.5,7824.25,7218
2026-10-07 10:31:00-04:00,7826.5,7826.5,7826.75,7821.5,7821.75,3745
2026-10-07 10:32:00-04:00,7827.0,7827.0,7828.0,7826.0,7826.75,3892
2026-10-07 10:33:00-04:00,7825.25,7825.25,7828.0,7825.0,7827.0,2722
2026-10-07 10:34:00-04:00,7824.5,7824.5,7825.75,7823.75,7825.5,2119
2026-10-07 10:35:00-04:00,7826.0,7826.0,7826.5,7823.0,7824.5,2492
2026-10-07 10:36:00-04:00,7825.0,7825.0,7827.25,7825.0,7826.0,2736
2026-10-07 10:37:00-04:00,7824.25,7824.25,7825.25,7823.75,7825.25,1773
2026-10-07 10:38:00-04:00,7824.75,7824.75,7825.25,7823.0,7824.25,2215
2026-10-07 10:39:00-04:00,7826.25,7826.25,7826.5,7824.0,7824.75,1895
2026-10-07 10:40:00-04:00,7825.25,7825.25,7827.25,7825.0,7826.5,2788
2026-10-07 10:41:00-04:00,7825.25,7825.25,7826.75,7824.75,7825.5,2154
2026-10-07 10:42:00-04:00,7823.25,7823.25,7825.5,7823.25,7825.25,2494
2026-10-07 10:43:00-04:00,7820.75,7820.75,7823.5,7820.5,7823.25,4378
2026-10-07 10:44:00-04:00,7818.75,7818.75,7821.5,7818.5,7820.75,6473
2026-10-07 10:45:00-04:00,7819.5,7819.5,7820.5,7817.25,7818.75,5155
2026-10-07 10:46:00-04:00,7819.25,7819.25,7820.0,7818.25,7819.75,2543
2026-10-07 10:47:00-04:00,7819.25,7819.25,7820.25,7818.75,7819.5,2577
2026-10-07 10:48:00-04:00,7817.75,7817.75,7820.0,7817.75,7819.0,2721
2026-10-07 10:49:00-04:00,7818.0,7818.0,7818.75,7816.25,7817.75,3436
2026-10-07 10:50:00-04:00,7818.0,7818.0,7818.75,7816.25,7818.0,3286
2026-10-07 10:51:00-04:00,7817.75,7817.75,7819.25,7816.75,7818.0,2385
2026-10-07 10:52:00-04:00,7817.5,7817.5,7818.25,7817.0,7817.75,1821
2026-10-07 10:53:00-04:00,7816.0,7816.0,7818.25,7815.75,7817.75,3293
2026-10-07 10:54:00-04:00,7819.5,7819.5,7820.25,7816.0,7816.0,3683
2026-10-07 10:55:00-04:00,7820.5,7820.5,7821.0,7818.75,7819.75,3793
2026-10-07 10:56:00-04:00,7821.5,7821.5,7822.25,7819.75,7820.75,3756
2026-10-07 10:57:00-04:00,7822.5,7822.5,7823.0,7820.5,7821.5,3509
2026-10-07 10:58:00-04:00,7822.75,7822.75,7823.0,7820.75,7822.5,2375
2026-10-07 10:59:00-04:00,7823.5,7823.5,7824.5,7821.75,7823.0,2990
2026-10-07 11:00:00-04:00,7820.75,7820.75,7824.0,7820.75,7823.75,4099
2026-10-07 11:01:00-04:00,7819.25,7819.25,7821.25,7818.25,7821.0,3973
2026-10-07 11:02:00-04:00,7818.75,7818.75,7820.75,7818.75,7819.25,3369
2026-10-07 11:03:00-04:00,7818.5,7818.5,7819.25,7817.25,7818.75,2286
2026-10-07 11:04:00-04:00,7819.5,7819.5,7819.75,7817.5,7818.5,2352
2026-10-07 11:05:00-04:00,7820.75,7820.75,7822.0,7819.5,7819.5,3761
2026-10-07 11:06:00-04:00,7821.75,7821.75,7822.25,7820.5,7820.75,1956
2026-10-07 11:07:00-04:00,7822.75,7822.75,7823.0,7820.75,7821.75,2602
2026-10-07 11:08:00-04:00,7824.0,7824.0,7824.25,7822.25,7823.0,2441
2026-10-07 11:09:00-04:00,7823.5,7823.5,7824.75,7823.0,7824.0,2153
2026-10-07 11:10:00-04:00,7825.25,7825.25,7825.75,7823.0,7823.5,2879
2026-10-07 11:11:00-04:00,7825.75,7825.75,7826.5,7824.5,7825.5,2567
2026-10-07 11:12:00-04:00,7824.0,7824.0,7826.0,7823.75,7825.5,2202
2026-10-07 11:13:00-04:00,7830.5,7830.5,7833.0,7824.0,7824.0,12959
2026-10-07 11:14:00-04:00,7828.0,7828.0,7831.25,7828.0,7830.75,4022
2026-10-07 11:15:00-04:00,7829.5,7829.5,7830.25,7828.0,7828.0,3575
2026-10-07 11:16:00-04:00,7831.5,7831.5,7831.5,7828.75,7829.5,2681
2026-10-07 11:17:00-04:00,7830.0,7830.0,7831.75,7829.75,7831.5,2935
2026-10-07 11:18:00-04:00,7827.25,7827.25,7830.25,7826.5,7829.75,3740
2026-10-07 11:19:00-04:00,7828.25,7828.25,7828.5,7826.5,7827.5,2200
2026-10-07 11:20:00-04:00,7828.5,7828.5,7829.0,7827.25,7828.25,2117
2026-10-07 11:21:00-04:00,7825.0,7825.0,7828.75,7825.0,7828.75,2485
2026-10-07 11:22:00-04:00,7827.75,7827.75,7827.75,7823.75,7825.25,3371
2026-10-07 11:23:00-04:00,7826.25,7826.25,7828.0,7826.25,7827.75,1648
2026-10-07 11:24:00-04:00,7827.0,7827.0,7827.5,7825.75,7826.5,2254
2026-10-07 11:25:00-04:00,7827.5,7827.5,7828.0,7826.0,7827.0,1846
2026-10-07 11:26:00-04:00,7827.75,7827.75,7828.75,7825.25,7827.75,3112
2026-10-07 11:27:00-04:00,7826.25,7826.25,7828.25,7826.25,7827.75,1831
2026-10-07 11:28:00-04:00,7826.5,7826.5,7827.25,7825.75,7826.0,1118
2026-10-07 11:29:00-04:00,7827.25,7827.25,7828.0,7826.25,7826.75,2285
2026-10-07 11:30:00-04:00,7827.75,7827.75,7829.25,7826.5,7827.25,3747
2026-10-07 11:31:00-04:00,7829.5,7829.5,7829.75,7827.75,7828.0,2333
2026-10-07 11:32:00-04:00,7829.25,7829.25,7831.0,7829.0,7829.5,3715
2026-10-07 11:33:00-04:00,7829.5,7829.5,7830.75,7829.0,7829.0,3860
2026-10-07 11:34:00-04:00,7830.0,7830.0,7830.25,7829.25,7829.75,2293
2026-10-07 11:35:00-04:00,7834.25,7834.25,7834.5,7830.25,7830.25,4435
2026-10-07 11:36:00-04:00,7835.5,7835.5,7835.75,7833.25,7834.5,2711
2026-10-07 11:37:00-04:00,7838.25,7838.25,7838.75,7835.5,7835.75,4508
2026-10-07 11:38:00-04:00,7838.75,7838.75,7839.5,7838.0,7838.25,2739
2026-10-07 11:39:00-04:00,7837.75,7837.75,7839.5,7837.75,7838.75,3093
2026-10-07 11:40:00-04:00,7837.75,7837.75,7839.5,7837.0,7837.75,4242
2026-10-07 11:41:00-04:00,7839.0,7839.0,7839.5,7837.0,7837.75,2777
2026-10-07 11:42:00-04:00,7838.25,7838.25,7839.75,7838.25,7839.25,1825
2026-10-07 11:43:00-04:00,7837.25,7837.25,7838.5,7836.75,7838.5,2046
2026-10-07 11:44:00-04:00,7839.5,7839.5,7841.0,7837.0,7837.5,2763
2026-10-07 11:45:00-04:00,7840.5,7840.5,7841.0,7839.25,7839.5,2472
2026-10-07 11:46:00-04:00,7841.0,7841.0,7841.5,7839.25,7840.5,3488
2026-10-07 11:47:00-04:00,7841.0,7841.0,7841.75,7840.0,7840.75,3089
2026-10-07 11:48:00-04:00,7843.5,7843.5,7843.5,7840.5,7841.0,2838
2026-10-07 11:49:00-04:00,7842.75,7842.75,7844.75,7841.75,7843.5,3872
2026-10-07 11:50:00-04:00,7845.0,7845.0,7846.0,7842.5,7842.75,3383
2026-10-07 11:51:00-04:00,7844.25,7844.25,7846.25,7844.0,7844.75,2599
2026-10-07 11:52:00-04:00,7844.0,7844.0,7845.5,7842.75,7844.0,3590
2026-10-07 11:53:00-04:00,7843.25,7843.25,7844.5,7843.25,7844.0,2082
2026-10-07 11:54:00-04:00,7842.75,7842.75,7843.75,7842.0,7843.5,2311
2026-10-07 11:55:00-04:00,7843.25,7843.25,7843.75,7841.75,7842.75,2365
2026-10-07 11:56:00-04:00,7843.5,7843.5,7843.75,7842.25,7843.25,2243
2026-10-07 11:57:00-04:00,7843.25,7843.25,7845.0,7842.75,7843.25,2732
2026-10-07 11:58:00-04:00,7843.75,7843.75,7843.75,7841.5,7843.25,2214
2026-10-07 11:59:00-04:00,7843.5,7843.5,7844.0,7842.5,7843.75,1611
2026-10-07 12:00:00-04:00,7844.25,7844.25,7844.75,7842.5,7843.25,2592
2026-10-07 12:01:00-04:00,7840.25,7840.25,7845.75,7839.25,7844.0,8743
2026-10-07 12:02:00-04:00,7841.25,7841.25,7841.75,7838.0,7840.0,7591
2026-10-07 12:03:00-04:00,7842.25,7842.25,7842.5,7841.0,7841.0,2313
2026-10-07 12:04:00-04:00,7842.25,7842.25,7842.75,7841.75,7842.0,1796
2026-10-07 12:05:00-04:00,7843.5,7843.5,7844.0,7841.75,7842.0,2514
2026-10-07 12:06:00-04:00,7846.5,7846.5,7846.5,7843.25,7843.5,3107
2026-10-07 12:07:00-04:00,7845.5,7845.5,7846.75,7844.75,7846.25,2658
2026-10-07 12:08:00-04:00,7844.5,7844.5,7846.0,7844.0,7845.75,2286
2026-10-07 12:09:00-04:00,7845.0,7845.0,7845.5,7844.0,7844.25,1145
2026-10-07 12:10:00-04:00,7845.75,7845.75,7845.75,7844.75,7845.0,1385
2026-10-07 12:11:00-04:00,7845.75,7845.75,7846.0,7844.75,7845.5,1150
2026-10-07 12:12:00-04:00,7844.25,7844.25,7846.5,7844.0,7845.5,1463
2026-10-07 12:13:00-04:00,7846.5,7846.5,7846.75,7843.25,7844.0,2383
2026-10-07 12:14:00-04:00,7846.25,7846.25,7846.5,7845.5,7846.5,2067
2026-10-07 12:15:00-04:00,7845.75,7845.75,7846.5,7845.25,7846.25,1524
2026-10-07 12:16:00-04:00,7844.0,7844.0,7846.0,7843.75,7846.0,2074
2026-10-07 12:17:00-04:00,7845.0,7845.0,7845.0,7843.75,7844.25,1182
2026-10-07 12:18:00-04:00,7844.75,7844.75,7845.5,7844.25,7845.0,1107
2026-10-07 12:19:00-04:00,7845.75,7845.75,7845.75,7844.5,7844.75,1316
2026-10-07 12:20:00-04:00,7845.75,7845.75,7846.75,7845.25,7845.75,1164
2026-10-07 12:21:00-04:00,7845.5,7845.5,7846.25,7845.25,7845.75,920
2026-10-07 12:22:00-04:00,7848.5,7848.5,7849.0,7845.75,7845.75,2467
2026-10-07 12:23:00-04:00,7848.75,7848.75,7849.25,7848.0,7848.25,1336
2026-10-07 12:24:00-04:00,7847.75,7847.75,7849.25,7847.5,7848.75,1176
2026-10-07 12:25:00-04:00,7846.75,7846.75,7848.0,7846.75,7847.75,1359
2026-10-07 12:26:00-04:00,7847.0,7847.0,7847.5,7846.25,7846.75,1345
2026-10-07 12:27:00-04:00,7847.25,7847.25,7848.25,7846.25,7846.75,966
2026-10-07 12:28:00-04:00,7848.0,7848.0,7848.25,7847.0,7847.25,977
2026-10-07 12:29:00-04:00,7847.25,7847.25,7848.25,7846.75,7848.25,1355
2026-10-07 12:30:00-04:00,7846.25,7846.25,7847.25,7845.0,7847.0,2709
2026-10-07 12:31:00-04:00,7847.25,7847.25,7847.5,7846.0,7846.25,1629
2026-10-07 12:32:00-04:00,7848.25,7848.25,7849.0,7847.0,7847.25,1535
2026-10-07 12:33:00-04:00,7848.25,7848.25,7848.75,7848.0,7848.25,1005
2026-10-07 12:34:00-04:00,7847.25,7847.25,7848.75,7847.0,7848.25,1044
2026-10-07 12:35:00-04:00,7847.0,7847.0,7847.75,7846.5,7847.25,1000
2026-10-07 12:36:00-04:00,7846.25,7846.25,7847.25,7845.75,7846.75,1160
2026-10-07 12:37:00-04:00,7844.75,7844.75,7846.75,7844.25,7846.0,1919
2026-10-07 12:38:00-04:00,7846.0,7846.0,7847.5,7844.5,7844.75,3534
2026-10-07 12:39:00-04:00,7843.5,7843.5,7846.0,7843.25,7846.0,3389
2026-10-07 12:40:00-04:00,7844.0,7844.0,7844.25,7842.75,7843.5,1848
2026-10-07 12:41:00-04:00,7845.0,7845.0,7845.0,7843.75,7843.75,1314
2026-10-07 12:42:00-04:00,7844.5,7844.5,7845.25,7843.75,7845.0,1171
2026-10-07 12:43:00-04:00,7843.75,7843.75,7844.5,7843.5,7844.25,1127
2026-10-07 12:44:00-04:00,7845.25,7845.25,7845.25,7843.75,7844.0,1813
2026-10-07 12:45:00-04:00,7846.5,7846.5,7847.25,7845.0,7845.25,1997
2026-10-07 12:46:00-04:00,7846.0,7846.0,7849.25,7844.75,7846.5,7002
2026-10-07 12:47:00-04:00,7844.75,7844.75,7846.0,7844.0,7846.0,1416
2026-10-07 12:48:00-04:00,7844.25,7844.25,7844.75,7844.0,7844.5,1413
2026-10-07 12:49:00-04:00,7845.25,7845.25,7846.25,7844.25,7844.5,1267
2026-10-07 12:50:00-04:00,7846.5,7846.5,7847.0,7845.25,7845.25,1665
2026-10-07 12:51:00-04:00,7844.25,7844.25,7847.0,7844.25,7846.75,1795
2026-10-07 12:52:00-04:00,7844.25,7844.25,7844.75,7844.0,7844.25,1623
2026-10-07 12:53:00-04:00,7843.5,7843.5,7844.25,7843.0,7844.0,1957
2026-10-07 12:54:00-04:00,7843.75,7843.75,7844.5,7843.25,7843.25,1534
2026-10-07 12:55:00-04:00,7845.25,7845.25,7845.25,7843.5,7843.5,1375
2026-10-07 12:56:00-04:00,7844.0,7844.0,7845.25,7843.75,7845.0,1179
2026-10-07 12:57:00-04:00,7843.5,7843.5,7845.0,7843.0,7844.0,1620
2026-10-07 12:58:00-04:00,7843.5,7843.5,7843.75,7842.25,7843.5,1789
2026-10-07 12:59:00-04:00,7843.75,7843.75,7844.0,7843.0,7843.25,925
2026-10-07 13:00:00-04:00,7844.5,7844.5,7844.5,7842.25,7843.75,2059
2026-10-07 13:01:00-04:00,7841.5,7841.5,7844.5,7841.5,7844.5,1388
2026-10-07 13:02:00-04:00,7851.5,7851.5,7851.5,7841.25,7841.5,12211
2026-10-07 13:03:00-04:00,7848.5,7848.5,7852.75,7848.0,7851.25,6577
2026-10-07 13:04:00-04:00,7846.75,7846.75,7848.5,7846.5,7848.25,4026
2026-10-07 13:05:00-04:00,7848.25,7848.25,7849.0,7846.0,7846.5,3159
2026-10-07 13:06:00-04:00,7849.25,7849.25,7850.0,7847.0,7848.25,3249
2026-10-07 13:07:00-04:00,7850.75,7850.75,7850.75,7848.0,7849.0,1639
2026-10-07 13:08:00-04:00,7853.5,7853.5,7854.5,7850.5,7850.5,4099
2026-10-07 13:09:00-04:00,7853.25,7853.25,7854.25,7852.75,7853.25,2606
2026-10-07 13:10:00-04:00,7853.25,7853.25,7853.5,7851.75,7853.0,2722
2026-10-07 13:11:00-04:00,7852.75,7852.75,7854.5,7851.5,7853.0,3899
2026-10-07 13:12:00-04:00,7852.5,7852.5,7852.75,7850.5,7852.75,1974
2026-10-07 13:13:00-04:00,7852.25,7852.25,7852.25,7851.25,7852.25,1414
2026-10-07 13:14:00-04:00,7853.25,7853.25,7853.5,7851.25,7852.25,1760
2026-10-07 13:15:00-04:00,7851.5,7851.5,7853.5,7850.25,7853.25,2621
2026-10-07 13:16:00-04:00,7852.0,7852.0,7852.25,7851.25,7851.5,1781
2026-10-07 13:17:00-04:00,7851.5,7851.5,7852.0,7850.5,7852.0,1370
2026-10-07 13:18:00-04:00,7854.0,7854.0,7854.25,7851.25,7851.25,1915
2026-10-07 13:19:00-04:00,7854.75,7854.75,7855.25,7853.0,7853.75,2340
2026-10-07 13:20:00-04:00,7856.25,7856.25,7857.5,7854.75,7854.75,3251
2026-10-07 13:21:00-04:00,7856.25,7856.25,7856.5,7854.75,7856.25,2446
2026-10-07 13:22:00-04:00,7856.25,7856.25,7856.75,7855.25,7856.0,1299
2026-10-07 13:23:00-04:00,7855.75,7855.75,7856.25,7855.0,7856.25,1438
2026-10-07 13:24:00-04:00,7856.5,7856.5,7856.75,7855.25,7856.0,1351
2026-10-07 13:25:00-04:00,7856.25,7856.25,7857.25,7856.0,7856.25,1491
2026-10-07 13:26:00-04:00,7856.0,7856.0,7856.5,7855.5,7856.0,1368
2026-10-07 13:27:00-04:00,7854.75,7854.75,7857.0,7854.5,7855.75,1769
2026-10-07 13:28:00-04:00,7854.5,7854.5,7855.0,7853.25,7854.5,2150
2026-10-07 13:29:00-04:00,7853.25,7853.25,7854.25,7852.75,7854.25,1878
2026-10-07 13:30:00-04:00,7855.0,7855.0,7855.0,7852.25,7853.0,1974
2026-10-07 13:31:00-04:00,7854.25,7854.25,7855.5,7853.75,7855.0,1497
2026-10-07 13:32:00-04:00,7854.25,7854.25,7855.0,7853.75,7854.0,1190
2026-10-07 13:33:00-04:00,7854.5,7854.5,7855.0,7853.75,7854.25,799
2026-10-07 13:34:00-04:00,7855.5,7855.5,7855.5,7853.75,7854.5,1124
2026-10-07 13:35:00-04:00,7855.0,7855.0,7855.5,7854.25,7855.5,1061
2026-10-07 13:36:00-04:00,7853.25,7853.25,7855.25,7853.0,7855.0,1455
2026-10-07 13:37:00-04:00,7852.75,7852.75,7853.5,7851.75,7853.25,1579
2026-10-07 13:38:00-04:00,7852.75,7852.75,7852.75,7851.75,7852.5,1193
2026-10-07 13:39:00-04:00,7853.25,7853.25,7853.25,7852.5,7852.75,893
2026-10-07 13:40:00-04:00,7853.25,7853.25,7853.25,7851.5,7853.0,1756
2026-10-07 13:41:00-04:00,7853.5,7853.5,7854.5,7852.75,7853.0,1146
2026-10-07 13:42:00-04:00,7854.0,7854.0,7854.5,7853.25,7853.25,1204
2026-10-07 13:43:00-04:00,7854.75,7854.75,7854.75,7853.75,7853.75,1555
2026-10-07 13:44:00-04:00,7854.5,7854.5,7855.0,7853.75,7854.5,857
2026-10-07 13:45:00-04:00,7855.0,7855.0,7855.75,7854.0,7854.5,1227
2026-10-07 13:46:00-04:00,7856.25,7856.25,7857.0,7854.5,7855.0,2341
2026-10-07 13:47:00-04:00,7855.5,7855.5,7857.75,7855.5,7856.25,2165
2026-10-07 13:48:00-04:00,7855.25,7855.25,7856.0,7854.75,7855.5,1189
2026-10-07 13:49:00-04:00,7854.75,7854.75,7855.75,7854.75,7855.25,919
2026-10-07 13:50:00-04:00,7854.0,7854.0,7855.25,7852.75,7854.75,1790
2026-10-07 13:51:00-04:00,7853.5,7853.5,7854.0,7852.75,7854.0,1378
2026-10-07 13:52:00-04:00,7853.5,7853.5,7853.5,7852.5,7853.5,1140
2026-10-07 13:53:00-04:00,7853.5,7853.5,7853.75,7853.0,7853.25,756
2026-10-07 13:54:00-04:00,7852.25,7852.25,7853.75,7852.25,7853.25,965
2026-10-07 13:55:00-04:00,7851.75,7851.75,7852.5,7851.5,7852.25,1414
2026-10-07 13:56:00-04:00,7851.5,7851.5,7852.5,7851.0,7851.75,1511
2026-10-07 13:57:00-04:00,7852.25,7852.25,7852.5,7851.5,7851.5,958
2026-10-07 13:58:00-04:00,7853.5,7853.5,7853.75,7852.0,7852.25,930
2026-10-07 13:59:00-04:00,7853.0,7853.0,7853.75,7852.75,7853.5,641
2026-10-07 14:00:00-04:00,7852.0,7852.0,7853.5,7851.5,7853.0,972
2026-10-07 14:01:00-04:00,7850.25,7850.25,7852.5,7849.25,7852.0,2644
2026-10-07 14:02:00-04:00,7850.5,7850.5,7852.0,7850.0,7850.25,2033
2026-10-07 14:03:00-04:00,7851.25,7851.25,7851.5,7850.5,7850.5,875
2026-10-07 14:04:00-04:00,7854.0,7854.0,7855.0,7851.0,7851.25,1969
2026-10-07 14:05:00-04:00,7857.25,7857.25,7857.75,7854.25,7854.25,3065
2026-10-07 14:06:00-04:00,7857.0,7857.0,7858.0,7856.5,7857.25,1992
2026-10-07 14:07:00-04:00,7855.75,7855.75,7857.25,7855.25,7857.25,1583
2026-10-07 14:08:00-04:00,7855.5,7855.5,7856.0,7855.25,7856.0,1136
2026-10-07 14:09:00-04:00,7854.75,7854.75,7855.5,7854.25,7855.5,1560
2026-10-07 14:10:00-04:00,7854.75,7854.75,7855.5,7853.5,7854.75,1368
2026-10-07 14:11:00-04:00,7855.5,7855.5,7856.0,7854.0,7854.75,1432
2026-10-07 14:12:00-04:00,7854.5,7854.5,7855.5,7853.75,7855.5,1046
2026-10-07 14:13:00-04:00,7853.5,7853.5,7855.0,7853.0,7854.75,981
2026-10-07 14:14:00-04:00,7854.0,7854.0,7854.5,7853.25,7853.5,762
2026-10-07 14:15:00-04:00,7854.0,7854.0,7854.75,7853.5,7854.0,1023
2026-10-07 14:16:00-04:00,7854.0,7854.0,7854.75,7853.5,7854.25,823
2026-10-07 14:17:00-04:00,7854.75,7854.75,7855.25,7853.75,7854.0,1179
2026-10-07 14:18:00-04:00,7853.5,7853.5,7854.75,7853.5,7854.5,741
2026-10-07 14:19:00-04:00,7854.75,7854.75,7855.5,7853.25,7853.5,785
2026-10-07 14:20:00-04:00,7853.75,7853.75,7854.75,7852.5,7854.75,1872
2026-10-07 14:21:00-04:00,7854.25,7854.25,7854.25,7853.0,7853.75,999
2026-10-07 14:22:00-04:00,7854.25,7854.25,7854.5,7853.75,7854.25,651
2026-10-07 14:23:00-04:00,7854.0,7854.0,7854.5,7853.5,7854.25,712
2026-10-07 14:24:00-04:00,7854.5,7854.5,7854.75,7853.25,7853.75,730
2026-10-07 14:25:00-04:00,7853.25,7853.25,7854.5,7852.5,7854.25,1169
2026-10-07 14:26:00-04:00,7854.5,7854.5,7854.5,7852.75,7853.25,929
2026-10-07 14:27:00-04:00,7855.5,7855.5,7856.25,7854.5,7854.5,1511
2026-10-07 14:28:00-04:00,7855.0,7855.0,7856.75,7855.0,7855.5,1694
2026-10-07 14:29:00-04:00,7855.5,7855.5,7856.0,7854.75,7855.0,960
2026-10-07 14:30:00-04:00,7855.25,7855.25,7855.5,7854.25,7855.5,1283
2026-10-07 14:31:00-04:00,7856.25,7856.25,7856.25,7854.5,7855.0,1119
2026-10-07 14:32:00-04:00,7856.0,7856.0,7856.75,7855.5,7856.0,1134
2026-10-07 14:33:00-04:00,7855.75,7855.75,7857.5,7855.5,7856.25,2183
2026-10-07 14:34:00-04:00,7855.25,7855.25,7856.0,7854.75,7855.75,914
2026-10-07 14:35:00-04:00,7855.5,7855.5,7856.0,7854.0,7855.25,1857
2026-10-07 14:36:00-04:00,7855.0,7855.0,7855.75,7854.5,7855.5,954
2026-10-07 14:37:00-04:00,7854.5,7854.5,7855.25,7854.25,7855.0,932
2026-10-07 14:38:00-04:00,7851.75,7851.75,7854.5,7851.25,7854.5,2382
2026-10-07 14:39:00-04:00,7853.0,7853.0,7853.0,7851.25,7851.5,1419
2026-10-07 14:40:00-04:00,7853.0,7853.0,7853.25,7851.75,7852.75,1301
2026-10-07 14:41:00-04:00,7853.0,7853.0,7853.5,7852.25,7853.25,1159
2026-10-07 14:42:00-04:00,7853.0,7853.0,7853.5,7852.5,7853.0,1236
2026-10-07 14:43:00-04:00,7854.0,7854.0,7854.75,7853.25,7853.25,2142
2026-10-07 14:44:00-04:00,7855.0,7855.0,7855.25,7854.25,7854.25,1706
2026-10-07 14:45:00-04:00,7854.5,7854.5,7855.5,7854.5,7855.0,916
2026-10-07 14:46:00-04:00,7854.5,7854.5,7854.75,7853.75,7854.25,1076
2026-10-07 14:47:00-04:00,7854.0,7854.0,7854.75,7853.75,7854.25,1045
2026-10-07 14:48:00-04:00,7854.0,7854.0,7854.75,7853.75,7854.0,577
2026-10-07 14:49:00-04:00,7854.75,7854.75,7854.75,7853.75,7854.25,932
2026-10-07 14:50:00-04:00,7855.0,7855.0,7855.75,7853.75,7854.75,905
2026-10-07 14:51:00-04:00,7855.75,7855.75,7856.0,7855.0,7855.0,610
2026-10-07 14:52:00-04:00,7855.25,7855.25,7855.75,7855.0,7855.75,654
2026-10-07 14:53:00-04:00,7855.5,7855.5,7856.0,7855.0,7855.5,677
2026-10-07 14:54:00-04:00,7855.25,7855.25,7856.25,7855.0,7855.5,1464
2026-10-07 14:55:00-04:00,7856.0,7856.0,7857.0,7855.5,7855.5,1204
2026-10-07 14:56:00-04:00,7857.75,7857.75,7858.0,7855.5,7856.0,952
2026-10-07 14:57:00-04:00,7857.5,7857.5,7858.5,7857.25,7857.75,1532
2026-10-07 14:58:00-04:00,7856.5,7856.5,7857.75,7856.25,7857.75,1340
2026-10-07 14:59:00-04:00,7856.5,7856.5,7857.25,7856.25,7856.25,900
2026-10-07 15:00:00-04:00,7858.5,7858.5,7858.75,7856.5,7856.5,1777
2026-10-07 15:01:00-04:00,7858.75,7858.75,7859.5,7857.75,7858.5,1840
2026-10-07 15:02:00-04:00,7857.0,7857.0,7859.5,7855.5,7858.75,5178
2026-10-07 15:03:00-04:00,7854.0,7854.0,7857.5,7853.5,7857.0,5000
2026-10-07 15:04:00-04:00,7853.25,7853.25,7854.5,7851.5,7854.0,4149
2026-10-07 15:05:00-04:00,7853.75,7853.75,7854.25,7852.5,7853.0,2819
2026-10-07 15:06:00-04:00,7852.0,7852.0,7854.25,7850.25,7853.75,6211
2026-10-07 15:07:00-04:00,7853.5,7853.5,7854.0,7851.75,7852.25,1924
2026-10-07 15:08:00-04:00,7855.0,7855.0,7855.25,7852.75,7853.5,2062
2026-10-07 15:09:00-04:00,7853.75,7853.75,7855.25,7853.5,7855.0,1331
2026-10-07 15:10:00-04:00,7853.0,7853.0,7854.0,7852.75,7853.5,1021
2026-10-07 15:11:00-04:00,7853.25,7853.25,7854.75,7853.0,7853.25,1413
2026-10-07 15:12:00-04:00,7853.5,7853.5,7854.0,7852.75,7853.25,1255
2026-10-07 15:13:00-04:00,7853.75,7853.75,7854.25,7853.0,7853.5,662
2026-10-07 15:14:00-04:00,7852.25,7852.25,7853.75,7851.75,7853.75,1396
2026-10-07 15:15:00-04:00,7851.5,7851.5,7852.75,7850.5,7852.25,1986
2026-10-07 15:16:00-04:00,7851.5,7851.5,7852.0,7850.5,7851.5,1541
2026-10-07 15:17:00-04:00,7853.0,7853.0,7853.0,7851.25,7851.5,1159
2026-10-07 15:18:00-04:00,7853.0,7853.0,7853.75,7852.5,7853.0,1021
2026-10-07 15:19:00-04:00,7852.0,7852.0,7853.25,7851.75,7853.0,787
2026-10-07 15:20:00-04:00,7850.5,7850.5,7852.75,7850.25,7852.0,1844
2026-10-07 15:21:00-04:00,7850.5,7850.5,7850.75,7849.75,7850.5,1246
2026-10-07 15:22:00-04:00,7851.5,7851.5,7851.5,7849.5,7850.5,1721
2026-10-07 15:23:00-04:00,7851.75,7851.75,7851.75,7850.5,7851.25,913
2026-10-07 15:24:00-04:00,7852.25,7852.25,7853.25,7851.5,7851.5,1563
2026-10-07 15:25:00-04:00,7853.25,7853.25,7853.5,7852.25,7852.5,924
2026-10-07 15:26:00-04:00,7852.25,7852.25,7853.25,7851.5,7853.25,932
2026-10-07 15:27:00-04:00,7851.75,7851.75,7852.5,7851.75,7852.0,702
2026-10-07 15:28:00-04:00,7850.75,7850.75,7852.25,7850.5,7852.0,955
2026-10-07 15:29:00-04:00,7851.0,7851.0,7851.25,7850.5,7850.75,1107
2026-10-07 15:30:00-04:00,7851.25,7851.25,7851.75,7850.25,7851.0,1604
2026-10-07 15:31:00-04:00,7852.0,7852.0,7852.75,7850.5,7851.5,1447
2026-10-07 15:32:00-04:00,7851.25,7851.25,7852.25,7850.25,7852.0,1623
2026-10-07 15:33:00-04:00,7851.25,7851.25,7852.0,7850.5,7851.0,1112
2026-10-07 15:34:00-04:00,7852.0,7852.0,7852.0,7850.5,7851.25,750
2026-10-07 15:35:00-04:00,7852.25,7852.25,7853.0,7851.0,7852.0,1356
2026-10-07 15:36:00-04:00,7850.75,7850.75,7852.5,7850.5,7852.5,1316
2026-10-07 15:37:00-04:00,7849.5,7849.5,7851.25,7849.0,7850.75,2333
2026-10-07 15:38:00-04:00,7849.75,7849.75,7850.5,7849.25,7849.75,1250
2026-10-07 15:39:00-04:00,7849.25,7849.25,7850.5,7849.25,7849.75,1067
2026-10-07 15:40:00-04:00,7849.25,7849.25,7850.25,7848.5,7849.5,1503
2026-10-07 15:41:00-04:00,7849.75,7849.75,7850.0,7848.75,7849.25,1164
2026-10-07 15:42:00-04:00,7851.75,7851.75,7852.5,7849.5,7849.75,1890
2026-10-07 15:43:00-04:00,7853.0,7853.0,7853.25,7851.25,7852.0,1419
2026-10-07 15:44:00-04:00,7853.25,7853.25,7853.75,7852.75,7853.0,1899
2026-10-07 15:45:00-04:00,7851.75,7851.75,7853.25,7851.5,7853.25,2058
2026-10-07 15:46:00-04:00,7851.75,7851.75,7852.25,7851.0,7852.0,1696
2026-10-07 15:47:00-04:00,7850.75,7850.75,7851.5,7850.25,7851.5,1277
2026-10-07 15:48:00-04:00,7849.25,7849.25,7850.75,7848.75,7850.5,1587
2026-10-07 15:49:00-04:00,7850.0,7850.0,7850.25,7849.25,7849.25,1317
2026-10-07 15:50:00-04:00,7854.25,7854.25,7854.75,7850.25,7850.25,4526
2026-10-07 15:51:00-04:00,7852.5,7852.5,7854.75,7852.5,7854.25,2125
2026-10-07 15:52:00-04:00,7852.25,7852.25,7853.0,7851.0,7852.75,1859
2026-10-07 15:53:00-04:00,7853.0,7853.0,7853.25,7851.5,7852.0,2022
2026-10-07 15:54:00-04:00,7854.25,7854.25,7854.25,7851.5,7853.0,4330
2026-10-07 15:55:00-04:00,7855.0,7855.0,7856.5,7853.25,7854.5,5781
2026-10-07 15:56:00-04:00,7855.0,7855.0,7855.5,7853.75,7855.0,4577
2026-10-07 15:57:00-04:00,7855.0,7855.0,7856.0,7854.0,7855.25,4846
2026-10-07 15:58:00-04:00,7853.0,7853.0,7854.75,7852.75,7854.75,5147
2026-10-07 15:59:00-04:00,7851.0,7851.0,7855.75,7851.0,7853.25,55450
2026-10-07 16:00:00-04:00,7853.75,7853.75,7854.25,7850.75,7851.25,11921
2026-10-07 16:01:00-04:00,7854.0,7854.0,7854.75,7853.5,7854.0,1780
2026-10-07 16:02:00-04:00,7852.75,7852.75,7854.0,7852.25,7854.0,1106
2026-10-07 16:03:00-04:00,7852.5,7852.5,7853.25,7852.5,7852.75,465
2026-10-07 16:04:00-04:00,7853.0,7853.0,7853.25,7852.25,7852.5,972
2026-10-07 16:05:00-04:00,7853.0,7853.0,7853.5,7852.25,7853.0,815
2026-10-07 16:06:00-04:00,7853.25,7853.25,7853.5,7852.75,7853.25,636
2026-10-07 16:07:00-04:00,7853.5,7853.5,7854.0,7853.25,7853.25,834
2026-10-07 16:08:00-04:00,7853.0,7853.0,7853.75,7853.0,7853.5,623
2026-10-07 16:09:00-04:00,7854.0,7854.0,7854.0,7852.75,7853.25,921
2026-10-07 16:10:00-04:00,7853.25,7853.25,7854.25,7853.25,7853.75,619
2026-10-07 16:11:00-04:00,7852.5,7852.5,7853.5,7852.0,7853.25,828
2026-10-07 16:12:00-04:00,7853.0,7853.0,7853.25,7852.0,7852.25,649
2026-10-07 16:13:00-04:00,7853.25,7853.25,7853.25,7852.75,7853.0,401
2026-10-07 16:14:00-04:00,7853.0,7853.0,7854.0,7853.0,7853.0,676
2026-10-07 16:15:00-04:00,7852.75,7852.75,7853.25,7852.25,7853.0,474
2026-10-07 16:16:00-04:00,7851.5,7851.5,7852.75,7851.5,7852.75,998
2026-10-07 16:17:00-04:00,7852.0,7852.0,7852.25,7851.25,7851.5,217
2026-10-07 16:18:00-04:00,7851.0,7851.0,7852.25,7850.5,7852.25,556
2026-10-07 16:19:00-04:00,7851.0,7851.0,7851.5,7851.0,7851.25,174
2026-10-07 16:20:00-04:00,7850.75,7850.75,7851.0,7850.5,7851.0,177
2026-10-07 16:21:00-04:00,7850.25,7850.25,7850.75,7849.5,7850.75,407
2026-10-07 16:22:00-04:00,7850.5,7850.5,7851.0,7850.25,7850.25,196
2026-10-07 16:23:00-04:00,7850.5,7850.5,7850.5,7850.25,7850.5,287
2026-10-07 16:24:00-04:00,7850.5,7850.5,7851.0,7850.25,7850.25,349
2026-10-07 16:25:00-04:00,7850.75,7850.75,7850.75,7850.25,7850.5,212
2026-10-07 16:26:00-04:00,7850.5,7850.5,7850.75,7850.25,7850.75,100
2026-10-07 16:27:00-04:00,7851.25,7851.25,7851.75,7850.5,7850.5,404
2026-10-07 16:28:00-04:00,7851.25,7851.25,7851.25,7851.0,7851.25,253
2026-10-07 16:29:00-04:00,7851.0,7851.0,7851.5,7850.75,7851.25,141
2026-10-07 16:30:00-04:00,7850.75,7850.75,7851.0,7850.25,7851.0,300
2026-10-07 16:31:00-04:00,7850.75,7850.75,7851.0,7850.5,7850.75,149
2026-10-07 16:32:00-04:00,7850.75,7850.75,7851.0,7850.75,7850.75,280
2026-10-07 16:33:00-04:00,7849.5,7849.5,7850.5,7849.25,7850.5,359
2026-10-07 16:34:00-04:00,7849.0,7849.0,7849.75,7849.0,7849.25,232
2026-10-07 16:35:00-04:00,7850.0,7850.0,7850.0,7849.0,7849.0,106
2026-10-07 16:36:00-04:00,7848.75,7848.75,7850.25,7848.5,7849.75,379
2026-10-07 16:37:00-04:00,7848.5,7848.5,7848.75,7847.75,7848.75,389
2026-10-07 16:38:00-04:00,7848.75,7848.75,7848.75,7848.25,7848.5,170
2026-10-07 16:39:00-04:00,7848.75,7848.75,7848.75,7848.5,7848.75,71
2026-10-07 16:40:00-04:00,7849.0,7849.0,7849.0,7848.5,7848.75,513
2026-10-07 16:41:00-04:00,7848.5,7848.5,7849.0,7848.5,7849.0,216
2026-10-07 16:42:00-04:00,7848.75,7848.75,7848.75,7848.75,7848.75,143
2026-10-07 16:43:00-04:00,7850.25,7850.25,7850.25,7848.75,7848.75,472
2026-10-07 16:44:00-04:00,7850.5,7850.5,7850.5,7850.0,7850.0,289
2026-10-07 16:45:00-04:00,7850.25,7850.25,7850.75,7850.25,7850.75,215
2026-10-07 16:46:00-04:00,7850.5,7850.5,7850.75,7850.25,7850.5,110
2026-10-07 16:47:00-04:00,7849.75,7849.75,7850.75,7849.75,7850.75,121
2026-10-07 16:48:00-04:00,7850.25,7850.25,7850.5,7849.5,7849.75,320
2026-10-07 16:49:00-04:00,7850.25,7850.25,7850.75,7850.0,7850.5,274
2026-10-07 16:50:00-04:00,7850.75,7850.75,7850.75,7850.25,7850.25,127
2026-10-07 16:51:00-04:00,7850.75,7850.75,7850.75,7850.25,7850.75,125
2026-10-07 16:52:00-04:00,7851.0,7851.0,7851.0,7850.75,7850.75,121
2026-10-07 16:53:00-04:00,7850.0,7850.0,7851.0,7850.0,7851.0,196
2026-10-07 16:54:00-04:00,7850.5,7850.5,7850.5,7849.75,7850.0,227
2026-10-07 16:55:00-04:00,7850.0,7850.0,7850.75,7850.0,7850.5,217
2026-10-07 16:56:00-04:00,7850.5,7850.5,7850.75,7850.25,7850.25,200
2026-10-07 16:57:00-04:00,7850.75,7850.75,7850.75,7850.25,7850.5,151
2026-10-07 16:58:00-04:00,7850.5,7850.5,7851.0,7850.25,7851.0,236
2026-10-07 16:59:00-04:00,7850.25,7850.25,7850.5,7848.5,7850.5,873
2026-10-07 18:00:00-04:00,7852.5,7852.5,7853.25,7850.5,7850.75,0
2026-10-07 18:01:00-04:00,7851.5,7851.5,7853.25,7851.5,7852.75,124
2026-10-07 18:02:00-04:00,7853.0,7853.0,7853.5,7851.75,7852.0,156
2026-10-07 18:03:00-04:00,7852.5,7852.5,7853.25,7852.5,7853.25,72
2026-10-07 18:04:00-04:00,7853.5,7853.5,7853.75,7852.5,7852.5,77
2026-10-07 18:05:00-04:00,7853.75,7853.75,7854.0,7853.5,7853.5,64
2026-10-07 18:06:00-04:00,7853.5,7853.5,7853.5,7853.25,7853.5,6
2026-10-07 18:07:00-04:00,7853.5,7853.5,7853.5,7853.5,7853.5,17
2026-10-07 18:08:00-04:00,7853.75,7853.75,7853.75,7853.25,7853.5,14
2026-10-07 18:09:00-04:00,7854.25,7854.25,7855.5,7853.75,7854.0,184
2026-10-07 18:10:00-04:00,7854.25,7854.25,7854.5,7854.0,7854.25,39
2026-10-07 18:11:00-04:00,7854.0,7854.0,7854.5,7853.5,7854.25,52
2026-10-07 18:12:00-04:00,7853.75,7853.75,7854.25,7853.75,7854.0,40
2026-10-07 18:13:00-04:00,7853.75,7853.75,7853.75,7853.25,7853.75,71
2026-10-07 18:14:00-04:00,7854.0,7854.0,7854.0,7853.25,7853.5,19
2026-10-07 18:15:00-04:00,7853.25,7853.25,7854.0,7853.0,7853.75,106
2026-10-07 18:16:00-04:00,7852.75,7852.75,7853.25,7852.25,7853.25,80
2026-10-07 18:17:00-04:00,7852.5,7852.5,7853.0,7852.5,7853.0,14
2026-10-07 18:18:00-04:00,7853.0,7853.0,7853.0,7852.75,7853.0,9
2026-10-07 18:19:00-04:00,7853.0,7853.0,7853.25,7852.75,7853.0,61
2026-10-07 18:20:00-04:00,7853.0,7853.0,7853.75,7852.5,7852.75,90
2026-10-07 18:21:00-04:00,7853.0,7853.0,7853.25,7852.75,7853.0,25
2026-10-07 18:22:00-04:00,7853.25,7853.25,7853.25,7853.0,7853.0,9
2026-10-07 18:23:00-04:00,7853.5,7853.5,7853.5,7853.25,7853.5,18
2026-10-07 18:24:00-04:00,7854.5,7854.5,7854.5,7853.5,7853.5,34
2026-10-07 18:25:00-04:00,7853.5,7853.5,7854.5,7853.25,7854.25,122
2026-10-07 18:26:00-04:00,7853.5,7853.5,7853.75,7853.25,7853.5,12
2026-10-07 18:27:00-04:00,7853.5,7853.5,7853.5,7853.25,7853.25,55
2026-10-07 18:28:00-04:00,7854.0,7854.0,7854.25,7853.75,7853.75,47
2026-10-07 18:29:00-04:00,7854.0,7854.0,7854.25,7853.75,7854.25,27
2026-10-07 18:30:00-04:00,7854.0,7854.0,7854.25,7854.0,7854.0,40
2026-10-07 18:31:00-04:00,7854.5,7854.5,7854.75,7854.0,7854.0,73
2026-10-07 18:32:00-04:00,7855.0,7855.0,7855.0,7854.5,7854.5,62
2026-10-07 18:33:00-04:00,7853.75,7853.75,7854.75,7853.5,7854.75,87
2026-10-07 18:34:00-04:00,7853.5,7853.5,7853.75,7853.5,7853.75,38
2026-10-07 18:35:00-04:00,7852.25,7852.25,7853.5,7852.0,7853.5,278
2026-10-07 18:36:00-04:00,7852.25,7852.25,7852.25,7851.75,7852.25,59
2026-10-07 18:37:00-04:00,7852.5,7852.5,7853.0,7852.0,7852.25,89
2026-10-07 18:38:00-04:00,7852.75,7852.75,7852.75,7852.5,7852.5,27
2026-10-07 18:39:00-04:00,7852.75,7852.75,7852.75,7852.75,7852.75,6
2026-10-07 18:40:00-04:00,7853.75,7853.75,7853.75,7852.75,7852.75,49
2026-10-07 18:41:00-04:00,7853.75,7853.75,7854.25,7853.5,7854.0,243
2026-10-07 18:42:00-04:00,7854.25,7854.25,7854.25,7854.0,7854.0,40
2026-10-07 18:43:00-04:00,7854.25,7854.25,7854.5,7853.75,7854.25,49
2026-10-07 18:44:00-04:00,7854.0,7854.0,7854.25,7854.0,7854.25,50
2026-10-07 18:45:00-04:00,7852.75,7852.75,7854.0,7852.5,7853.75,101
2026-10-07 18:46:00-04:00,7853.5,7853.5,7853.5,7852.75,7852.75,19
2026-10-07 18:47:00-04:00,7853.5,7853.5,7853.5,7853.25,7853.25,9
2026-10-07 18:48:00-04:00,7853.5,7853.5,7853.75,7853.25,7853.5,72
2026-10-07 18:49:00-04:00,7853.75,7853.75,7853.75,7853.5,7853.5,23
2026-10-07 18:50:00-04:00,7854.0,7854.0,7854.0,7853.5,7853.5,94
2026-10-07 18:51:00-04:00,7854.25,7854.25,7854.5,7854.0,7854.0,56
2026-10-07 18:52:00-04:00,7854.0,7854.0,7854.25,7854.0,7854.25,25
2026-10-07 18:53:00-04:00,7854.0,7854.0,7854.0,7853.75,7853.75,22
2026-10-07 18:54:00-04:00,7853.75,7853.75,7854.0,7853.75,7853.75,9
2026-10-07 18:55:00-04:00,7852.75,7852.75,7853.75,7852.75,7853.75,48
2026-10-07 18:56:00-04:00,7852.75,7852.75,7853.0,7852.5,7853.0,45
2026-10-07 18:57:00-04:00,7853.0,7853.0,7853.0,7853.0,7853.0,39
2026-10-07 18:58:00-04:00,7852.75,7852.75,7852.75,7852.5,7852.75,21
2026-10-07 18:59:00-04:00,7853.0,7853.0,7853.0,7852.75,7852.75,34
2026-10-07 19:00:00-04:00,7853.25,7853.25,7853.25,7852.5,7852.75,88
2026-10-07 19:01:00-04:00,7854.25,7854.25,7854.25,7853.0,7853.25,141
2026-10-07 19:02:00-04:00,7854.5,7854.5,7854.75,7853.75,7854.0,81
2026-10-07 19:03:00-04:00,7854.75,7854.75,7855.0,7854.5,7854.5,49
2026-10-07 19:04:00-04:00,7855.75,7855.75,7855.75,7854.75,7854.75,130
2026-10-07 19:05:00-04:00,7854.5,7854.5,7855.75,7854.5,7855.75,142
2026-10-07 19:06:00-04:00,7855.0,7855.0,7855.0,7854.75,7854.75,32
2026-10-07 19:07:00-04:00,7855.5,7855.5,7855.5,7855.0,7855.0,39
2026-10-07 19:08:00-04:00,7856.0,7856.0,7856.0,7854.25,7855.5,372
2026-10-07 19:09:00-04:00,7856.0,7856.0,7856.25,7855.75,7856.25,46
2026-10-07 19:10:00-04:00,7855.75,7855.75,7856.0,7855.75,7856.0,73
2026-10-07 19:11:00-04:00,7855.75,7855.75,7855.75,7855.0,7855.5,49
2026-10-07 19:12:00-04:00,7856.0,7856.0,7856.0,7855.75,7855.75,25
2026-10-07 19:13:00-04:00,7856.0,7856.0,7856.25,7855.75,7855.75,61
2026-10-07 19:14:00-04:00,7856.25,7856.25,7856.25,7856.0,7856.0,23
2026-10-07 19:15:00-04:00,7857.25,7857.25,7857.75,7856.25,7856.25,152
2026-10-07 19:16:00-04:00,7856.75,7856.75,7857.75,7856.25,7857.5,158
2026-10-07 19:17:00-04:00,7857.0,7857.0,7857.25,7856.5,7857.0,59
2026-10-07 19:18:00-04:00,7857.0,7857.0,7857.25,7856.75,7857.0,49
2026-10-07 19:19:00-04:00,7856.75,7856.75,7857.25,7856.75,7857.0,38
2026-10-07 19:20:00-04:00,7856.75,7856.75,7856.75,7856.25,7856.75,54
2026-10-07 19:21:00-04:00,7856.75,7856.75,7857.0,7856.75,7856.75,35
2026-10-07 19:22:00-04:00,7856.75,7856.75,7857.0,7856.75,7857.0,37
2026-10-07 19:23:00-04:00,7857.0,7857.0,7857.0,7856.5,7856.75,42
2026-10-07 19:24:00-04:00,7856.5,7856.5,7857.0,7856.25,7857.0,37
2026-10-07 19:25:00-04:00,7856.5,7856.5,7856.75,7856.5,7856.75,24
2026-10-07 19:26:00-04:00,7857.0,7857.0,7857.0,7856.75,7856.75,27
2026-10-07 19:27:00-04:00,7857.0,7857.0,7857.0,7856.75,7857.0,30
2026-10-07 19:28:00-04:00,7856.5,7856.5,7857.0,7856.5,7857.0,43
2026-10-07 19:29:00-04:00,7856.0,7856.0,7856.75,7855.75,7856.5,96
2026-10-07 19:30:00-04:00,7856.75,7856.75,7856.75,7856.0,7856.25,85
2026-10-07 19:31:00-04:00,7856.75,7856.75,7857.0,7856.5,7856.5,93
2026-10-07 19:32:00-04:00,7856.75,7856.75,7857.0,7856.5,7856.75,66
2026-10-07 19:33:00-04:00,7857.25,7857.25,7857.5,7856.5,7856.5,183
2026-10-07 19:34:00-04:00,7857.5,7857.5,7857.75,7857.25,7857.25,71
2026-10-07 19:35:00-04:00,7858.0,7858.0,7858.25,7857.25,7857.5,132
2026-10-07 19:36:00-04:00,7857.0,7857.0,7858.0,7856.75,7858.0,110
2026-10-07 19:37:00-04:00,7857.25,7857.25,7857.5,7857.0,7857.25,101
2026-10-07 19:38:00-04:00,7857.75,7857.75,7857.75,7857.5,7857.5,54
2026-10-07 19:39:00-04:00,7857.25,7857.25,7857.75,7857.25,7857.75,32
2026-10-07 19:40:00-04:00,7857.5,7857.5,7857.5,7857.0,7857.25,57
2026-10-07 19:41:00-04:00,7857.25,7857.25,7857.5,7857.0,7857.25,105
2026-10-07 19:42:00-04:00,7857.5,7857.5,7857.5,7857.5,7857.5,26
2026-10-07 19:43:00-04:00,7857.0,7857.0,7857.25,7857.0,7857.25,63
2026-10-07 19:44:00-04:00,7857.0,7857.0,7857.0,7857.0,7857.0,81
2026-10-07 19:45:00-04:00,7854.5,7854.5,7857.5,7854.5,7857.0,1392
2026-10-07 19:46:00-04:00,7854.25,7854.25,7854.5,7853.25,7854.5,330
2026-10-07 19:47:00-04:00,7853.25,7853.25,7854.75,7853.0,7854.0,273
2026-10-07 19:48:00-04:00,7853.25,7853.25,7853.5,7852.75,7853.25,180
2026-10-07 19:49:00-04:00,7852.75,7852.75,7853.25,7852.5,7853.0,187
2026-10-07 19:50:00-04:00,7853.0,7853.0,7853.0,7852.5,7852.75,115
2026-10-07 19:51:00-04:00,7852.75,7852.75,7853.25,7852.5,7852.75,171
2026-10-07 19:52:00-04:00,7853.0,7853.0,7853.25,7853.0,7853.0,118
2026-10-07 19:53:00-04:00,7852.5,7852.5,7853.0,7852.25,7853.0,142
2026-10-07 19:54:00-04:00,7852.25,7852.25,7852.75,7851.75,7852.5,198
2026-10-07 19:55:00-04:00,7852.75,7852.75,7853.25,7852.0,7852.25,146
2026-10-07 19:56:00-04:00,7853.25,7853.25,7853.75,7853.0,7853.0,147
2026-10-07 19:57:00-04:00,7853.0,7853.0,7853.25,7853.0,7853.25,54
2026-10-07 19:58:00-04:00,7853.5,7853.5,7853.5,7853.25,7853.25,96
2026-10-07 19:59:00-04:00,7852.75,7852.75,7853.75,7852.75,7853.5,117
2026-10-07 20:00:00-04:00,7852.5,7852.5,7853.25,7852.25,7853.0,481
2026-10-07 20:01:00-04:00,7852.0,7852.0,7852.75,7851.25,7852.25,373
2026-10-07 20:02:00-04:00,7852.25,7852.25,7852.25,7851.5,7852.0,134
2026-10-07 20:03:00-04:00,7852.0,7852.0,7852.5,7851.5,7852.0,171
2026-10-07 20:04:00-04:00,7852.25,7852.25,7852.25,7851.75,7852.0,197
2026-10-07 20:05:00-04:00,7852.0,7852.0,7852.5,7851.75,7852.0,197
2026-10-07 20:06:00-04:00,7851.25,7851.25,7852.75,7850.75,7852.0,368
2026-10-07 20:07:00-04:00,7852.0,7852.0,7852.25,7851.25,7851.5,189
2026-10-07 20:08:00-04:00,7851.25,7851.25,7852.25,7851.25,7852.0,105
2026-10-07 20:09:00-04:00,7850.25,7850.25,7851.25,7850.0,7851.25,329
2026-10-07 20:10:00-04:00,7850.5,7850.5,7850.75,7849.5,7850.25,209
2026-10-07 20:11:00-04:00,7850.0,7850.0,7851.25,7849.75,7850.75,309
2026-10-07 20:12:00-04:00,7851.5,7851.5,7851.5,7849.75,7849.75,167
2026-10-07 20:13:00-04:00,7850.75,7850.75,7851.75,7850.5,7851.75,185
2026-10-07 20:14:00-04:00,7850.5,7850.5,7851.5,7850.5,7850.75,163
2026-10-07 20:15:00-04:00,7850.25,7850.25,7850.75,7849.25,7850.5,257
2026-10-07 20:16:00-04:00,7851.0,7851.0,7851.0,7850.0,7850.5,165
2026-10-07 20:17:00-04:00,7851.0,7851.0,7851.25,7850.5,7850.75,136
2026-10-07 20:18:00-04:00,7851.0,7851.0,7852.0,7850.25,7851.0,234
2026-10-07 20:19:00-04:00,7850.75,7850.75,7851.25,7850.5,7851.0,146
2026-10-07 20:20:00-04:00,7850.5,7850.5,7851.0,7850.25,7851.0,88
2026-10-07 20:21:00-04:00,7850.0,7850.0,7850.25,7849.75,7850.25,86
2026-10-07 20:22:00-04:00,7850.5,7850.5,7850.5,7849.75,7849.75,109
2026-10-07 20:23:00-04:00,7850.0,7850.0,7850.5,7849.75,7850.25,154
2026-10-07 20:24:00-04:00,7850.25,7850.25,7850.5,7850.0,7850.0,89
2026-10-07 20:25:00-04:00,7849.25,7849.25,7850.5,7849.0,7850.5,198
2026-10-07 20:26:00-04:00,7849.25,7849.25,7849.75,7849.0,7849.0,141
2026-10-07 20:27:00-04:00,7848.5,7848.5,7849.25,7848.25,7849.25,142
2026-10-07 20:28:00-04:00,7849.0,7849.0,7849.0,7848.5,7848.5,108
2026-10-07 20:29:00-04:00,7847.75,7847.75,7849.0,7847.0,7849.0,248
2026-10-07 20:30:00-04:00,7847.25,7847.25,7847.75,7846.5,7847.5,295
2026-10-07 20:31:00-04:00,7847.25,7847.25,7847.75,7847.25,7847.25,212
2026-10-07 20:32:00-04:00,7847.0,7847.0,7847.25,7846.75,7847.25,187
2026-10-07 20:33:00-04:00,7846.75,7846.75,7847.0,7846.25,7846.75,152
2026-10-07 20:34:00-04:00,7848.0,7848.0,7848.0,7847.0,7847.0,222
2026-10-07 20:35:00-04:00,7848.25,7848.25,7849.0,7847.75,7847.75,220
2026-10-07 20:36:00-04:00,7848.0,7848.0,7848.75,7847.75,7848.0,109
2026-10-07 20:37:00-04:00,7847.75,7847.75,7848.0,7847.5,7847.75,103
2026-10-07 20:38:00-04:00,7847.75,7847.75,7847.75,7847.5,7847.75,115
2026-10-07 20:39:00-04:00,7847.0,7847.0,7847.75,7846.75,7847.75,155
2026-10-07 20:40:00-04:00,7846.5,7846.5,7847.25,7846.5,7847.25,192
2026-10-07 20:41:00-04:00,7847.5,7847.5,7847.5,7846.5,7846.5,201
2026-10-07 20:42:00-04:00,7846.75,7846.75,7847.5,7846.0,7847.5,158
2026-10-07 20:43:00-04:00,7846.5,7846.5,7846.75,7846.25,7846.5,102
2026-10-07 20:44:00-04:00,7845.75,7845.75,7846.75,7845.25,7846.5,260
2026-10-07 20:45:00-04:00,7846.0,7846.0,7846.25,7845.5,7846.0,214
2026-10-07 20:46:00-04:00,7846.5,7846.5,7846.75,7845.75,7846.0,145
2026-10-07 20:47:00-04:00,7846.75,7846.75,7847.5,7846.25,7846.25,231
2026-10-07 20:48:00-04:00,7846.5,7846.5,7847.0,7846.5,7846.75,169
2026-10-07 20:49:00-04:00,7846.5,7846.5,7847.0,7846.5,7846.75,152
2026-10-07 20:50:00-04:00,7847.0,7847.0,7847.25,7846.25,7846.5,119
2026-10-07 20:51:00-04:00,7847.5,7847.5,7847.75,7847.25,7847.25,156
2026-10-07 20:52:00-04:00,7848.0,7848.0,7848.0,7847.25,7847.5,161
2026-10-07 20:53:00-04:00,7848.5,7848.5,7848.5,7847.5,7848.25,178
2026-10-07 20:54:00-04:00,7848.25,7848.25,7848.75,7848.25,7848.5,97
2026-10-07 20:55:00-04:00,7848.5,7848.5,7848.5,7847.5,7848.25,145
2026-10-07 20:56:00-04:00,7848.25,7848.25,7848.5,7848.0,7848.5,191
2026-10-07 20:57:00-04:00,7849.0,7849.0,7849.25,7848.25,7848.25,188
2026-10-07 20:58:00-04:00,7848.0,7848.0,7849.5,7848.0,7849.25,199
2026-10-07 20:59:00-04:00,7847.75,7847.75,7848.5,7847.5,7848.25,145
2026-10-07 21:00:00-04:00,7848.25,7848.25,7848.25,7847.25,7847.5,415
2026-10-07 21:01:00-04:00,7848.25,7848.25,7848.5,7847.75,7848.25,245
2026-10-07 21:02:00-04:00,7850.25,7850.25,7850.25,7848.0,7848.25,299
2026-10-07 21:03:00-04:00,7849.5,7849.5,7851.25,7848.5,7850.5,854
2026-10-07 21:04:00-04:00,7849.5,7849.5,7849.75,7849.0,7849.5,160
2026-10-07 21:05:00-04:00,7849.5,7849.5,7850.25,7849.5,7849.5,193
2026-10-07 21:06:00-04:00,7849.5,7849.5,7849.75,7849.0,7849.5,202
2026-10-07 21:07:00-04:00,7848.5,7848.5,7849.75,7848.5,7849.5,228
2026-10-07 21:08:00-04:00,7849.25,7849.25,7849.5,7848.5,7848.5,175
2026-10-07 21:09:00-04:00,7848.5,7848.5,7849.75,7848.5,7849.25,152
2026-10-07 21:10:00-04:00,7847.25,7847.25,7848.25,7846.75,7848.25,262
2026-10-07 21:11:00-04:00,7848.5,7848.5,7848.5,7847.25,7847.5,187
2026-10-07 21:12:00-04:00,7848.25,7848.25,7848.75,7848.0,7848.5,219
2026-10-07 21:13:00-04:00,7847.75,7847.75,7848.5,7847.75,7848.25,127
2026-10-07 21:14:00-04:00,7847.5,7847.5,7848.0,7847.25,7847.75,144
2026-10-07 21:15:00-04:00,7847.5,7847.5,7847.5,7846.75,7847.25,173
2026-10-07 21:16:00-04:00,7848.25,7848.25,7848.5,7847.0,7847.5,185
2026-10-07 21:17:00-04:00,7849.25,7849.25,7849.5,7848.5,7848.5,208
2026-10-07 21:18:00-04:00,7849.75,7849.75,7850.0,7849.25,7849.25,197
2026-10-07 21:19:00-04:00,7849.75,7849.75,7850.5,7849.5,7850.0,124
2026-10-07 21:20:00-04:00,7850.25,7850.25,7851.25,7849.75,7850.0,186
2026-10-07 21:21:00-04:00,7850.25,7850.25,7850.5,7850.0,7850.5,109
2026-10-07 21:22:00-04:00,7848.5,7848.5,7850.5,7848.25,7850.5,147
2026-10-07 21:23:00-04:00,7849.5,7849.5,7849.75,7848.25,7848.75,115
2026-10-07 21:24:00-04:00,7850.0,7850.0,7850.75,7849.75,7849.75,88
2026-10-07 21:25:00-04:00,7850.5,7850.5,7850.5,7850.0,7850.0,82
2026-10-07 21:26:00-04:00,7851.25,7851.25,7851.75,7850.5,7850.5,145
2026-10-07 21:27:00-04:00,7850.5,7850.5,7851.5,7850.5,7851.25,91
2026-10-07 21:28:00-04:00,7851.0,7851.0,7852.0,7850.25,7850.5,212
2026-10-07 21:29:00-04:00,7852.0,7852.0,7852.25,7851.0,7851.0,127
2026-10-07 21:30:00-04:00,7851.0,7851.0,7851.75,7850.25,7851.75,303
2026-10-07 21:31:00-04:00,7851.25,7851.25,7851.25,7850.5,7851.0,108
2026-10-07 21:32:00-04:00,7853.0,7853.0,7853.0,7851.25,7851.25,327
2026-10-07 21:33:00-04:00,7854.75,7854.75,7855.0,7853.0,7853.0,338
2026-10-07 21:34:00-04:00,7854.75,7854.75,7855.0,7854.5,7854.5,227
2026-10-07 21:35:00-04:00,7856.0,7856.0,7856.25,7855.0,7855.0,295
2026-10-07 21:36:00-04:00,7855.25,7855.25,7856.5,7855.0,7856.0,435
2026-10-07 21:37:00-04:00,7855.75,7855.75,7855.75,7855.0,7855.0,168
2026-10-07 21:38:00-04:00,7854.5,7854.5,7856.25,7854.5,7856.0,313
2026-10-07 21:39:00-04:00,7855.5,7855.5,7855.5,7854.5,7854.5,165
2026-10-07 21:40:00-04:00,7855.5,7855.5,7855.75,7855.0,7855.5,127
2026-10-07 21:41:00-04:00,7856.25,7856.25,7856.5,7855.5,7855.5,191
2026-10-07 21:42:00-04:00,7856.25,7856.25,7856.75,7856.0,7856.25,125
2026-10-07 21:43:00-04:00,7855.25,7855.25,7856.5,7855.25,7856.0,150
2026-10-07 21:44:00-04:00,7855.25,7855.25,7855.5,7855.0,7855.25,106
2026-10-07 21:45:00-04:00,7854.0,7854.0,7855.5,7854.0,7855.5,172
2026-10-07 21:46:00-04:00,7855.25,7855.25,7855.5,7853.75,7854.0,199
2026-10-07 21:47:00-04:00,7855.25,7855.25,7855.25,7855.0,7855.25,70
2026-10-07 21:48:00-04:00,7855.0,7855.0,7855.25,7854.75,7855.0,0
