Datetime,Adj Close,Close,High,Low,Open,Volume
2026-10-02 00:09:00-04:00,68525.0,68525.0,68550.0,68525.0,68550.0,0
2026-10-02 00:10:00-04:00,68480.0,68480.0,68515.0,68480.0,68515.0,10
2026-10-02 00:11:00-04:00,68490.0,68490.0,68515.0,68490.0,68505.0,6
2026-10-02 00:12:00-04:00,68490.0,68490.0,68490.0,68480.0,68480.0,4
2026-10-02 00:13:00-04:00,68530.0,68530.0,68530.0,68510.0,68510.0,3
2026-10-02 00:14:00-04:00,68520.0,68520.0,68520.0,68520.0,68520.0,1
2026-10-02 00:17:00-04:00,68520.0,68520.0,68520.0,68520.0,68520.0,2
2026-10-02 00:20:00-04:00,68475.0,68475.0,68480.0,68475.0,68480.0,2
2026-10-02 00:24:00-04:00,68520.0,68520.0,68520.0,68520.0,68520.0,2
2026-10-02 00:26:00-04:00,68535.0,68535.0,68535.0,68535.0,68535.0,1
2026-10-02 00:27:00-04:00,68540.0,68540.0,68540.0,68530.0,68530.0,3
2026-10-02 00:28:00-04:00,68505.0,68505.0,68530.0,68505.0,68530.0,5
2026-10-02 00:29:00-04:00,68455.0,68455.0,68470.0,68455.0,68470.0,10
2026-10-02 00:30:00-04:00,68470.0,68470.0,68475.0,68460.0,68465.0,24
2026-10-02 00:31:00-04:00,68485.0,68485.0,68485.0,68480.0,68480.0,2
2026-10-02 00:32:00-04:00,68430.0,68430.0,68470.0,68430.0,68460.0,13
2026-10-02 00:33:00-04:00,68445.0,68445.0,68445.0,68435.0,68440.0,9
2026-10-02 00:34:00-04:00,68445.0,68445.0,68455.0,68445.0,68455.0,3
2026-10-02 00:35:00-04:00,68430.0,68430.0,68440.0,68430.0,68440.0,4
2026-10-02 00:36:00-04:00,68425.0,68425.0,68430.0,68415.0,68420.0,6
2026-10-02 00:37:00-04:00,68430.0,68430.0,68430.0,68430.0,68430.0,2
2026-10-02 00:38:00-04:00,68430.0,68430.0,68450.0,68430.0,68440.0,8
2026-10-02 00:39:00-04:00,68435.0,68435.0,68440.0,68435.0,68440.0,4
2026-10-02 00:40:00-04:00,68445.0,68445.0,68455.0,68445.0,68455.0,5
2026-10-02 00:41:00-04:00,68440.0,68440.0,68440.0,68440.0,68440.0,2
2026-10-02 00:42:00-04:00,68420.0,68420.0,68445.0,68420.0,68445.0,3
2026-10-02 00:43:00-04:00,68405.0,68405.0,68420.0,68405.0,68415.0,14
2026-10-02 00:44:00-04:00,68420.0,68420.0,68420.0,68420.0,68420.0,1
2026-10-02 00:45:00-04:00,68415.0,68415.0,68430.0,68415.0,68425.0,41
2026-10-02 00:46:00-04:00,68415.0,68415.0,68415.0,68410.0,68410.0,10
2026-10-02 00:47:00-04:00,68405.0,68405.0,68405.0,68385.0,68400.0,15
2026-10-02 00:48:00-04:00,68410.0,68410.0,68410.0,68410.0,68410.0,2
2026-10-02 00:49:00-04:00,68435.0,68435.0,68440.0,68415.0,68415.0,13
2026-10-02 00:50:00-04:00,68445.0,68445.0,68455.0,68435.0,68440.0,10
2026-10-02 00:51:00-04:00,68440.0,68440.0,68460.0,68440.0,68450.0,15
2026-10-02 00:52:00-04:00,68470.0,68470.0,68470.0,68445.0,68445.0,3
2026-10-02 00:53:00-04:00,68475.0,68475.0,68485.0,68475.0,68475.0,7
2026-10-02 00:55:00-04:00,68490.0,68490.0,68500.0,68490.0,68500.0,3
2026-10-02 00:56:00-04:00,68440.0,68440.0,68485.0,68430.0,68485.0,5
2026-10-02 00:57:00-04:00,68450.0,68450.0,68450.0,68440.0,68445.0,3
2026-10-02 00:58:00-04:00,68475.0,68475.0,68475.0,68470.0,68470.0,4
2026-10-02 00:59:00-04:00,68525.0,68525.0,68525.0,68490.0,68490.0,15
2026-10-02 01:00:00-04:00,68495.0,68495.0,68515.0,68495.0,68515.0,13
2026-10-02 01:01:00-04:00,68535.0,68535.0,68560.0,68525.0,68530.0,48
2026-10-02 01:03:00-04:00,68520.0,68520.0,68530.0,68520.0,68530.0,3
2026-10-02 01:04:00-04:00,68450.0,68450.0,68485.0,68450.0,68485.0,4
2026-10-02 01:05:00-04:00,68430.0,68430.0,68450.0,68430.0,68450.0,13
2026-10-02 01:06:00-04:00,68415.0,68415.0,68420.0,68400.0,68420.0,11
2026-10-02 01:07:00-04:00,68455.0,68455.0,68460.0,68430.0,68430.0,5
2026-10-02 01:08:00-04:00,68485.0,68485.0,68485.0,68480.0,68480.0,5
2026-10-02 01:09:00-04:00,68485.0,68485.0,68485.0,68485.0,68485.0,1
2026-10-02 01:10:00-04:00,68485.0,68485.0,68485.0,68485.0,68485.0,1
2026-10-02 01:12:00-04:00,68470.0,68470.0,68495.0,68470.0,68495.0,11
2026-10-02 01:13:00-04:00,68470.0,68470.0,68470.0,68470.0,68470.0,1
2026-10-02 01:14:00-04:00,68445.0,68445.0,68470.0,68445.0,68470.0,3
2026-10-02 01:15:00-04:00,68435.0,68435.0,68435.0,68435.0,68435.0,1
2026-10-02 01:16:00-04:00,68435.0,68435.0,68445.0,68435.0,68435.0,7
2026-10-02 01:17:00-04:00,68465.0,68465.0,68470.0,68440.0,68440.0,5
2026-10-02 01:18:00-04:00,68500.0,68500.0,68500.0,68475.0,68475.0,11
2026-10-02 01:19:00-04:00,68510.0,68510.0,68515.0,68490.0,68500.0,11
2026-10-02 01:20:00-04:00,68480.0,68480.0,68480.0,68480.0,68480.0,1
2026-10-02 01:21:00-04:00,68485.0,68485.0,68485.0,68470.0,68475.0,4
2026-10-02 01:22:00-04:00,68490.0,68490.0,68490.0,68465.0,68465.0,5
2026-10-02 01:24:00-04:00,68450.0,68450.0,68475.0,68450.0,68475.0,8
2026-10-02 01:25:00-04:00,68420.0,68420.0,68440.0,68420.0,68430.0,6
2026-10-02 01:26:00-04:00,68400.0,68400.0,68400.0,68390.0,68400.0,5
2026-10-02 01:27:00-04:00,68380.0,68380.0,68405.0,68380.0,68405.0,9
2026-10-02 01:28:00-04:00,68420.0,68420.0,68420.0,68395.0,68395.0,7
2026-10-02 01:29:00-04:00,68415.0,68415.0,68425.0,68400.0,68410.0,12
2026-10-02 01:30:00-04:00,68375.0,68375.0,68410.0,68365.0,68410.0,61
2026-10-02 01:31:00-04:00,68375.0,68375.0,68385.0,68360.0,68375.0,148
2026-10-02 01:32:00-04:00,68365.0,68365.0,68370.0,68360.0,68360.0,12
2026-10-02 01:33:00-04:00,68390.0,68390.0,68390.0,68370.0,68370.0,4
2026-10-02 01:34:00-04:00,68420.0,68420.0,68420.0,68420.0,68420.0,5
2026-10-02 01:35:00-04:00,68400.0,68400.0,68415.0,68390.0,68415.0,13
2026-10-02 01:36:00-04:00,68410.0,68410.0,68410.0,68390.0,68390.0,9
2026-10-02 01:37:00-04:00,68375.0,68375.0,68385.0,68365.0,68385.0,12
2026-10-02 01:38:00-04:00,68395.0,68395.0,68395.0,68390.0,68390.0,4
2026-10-02 01:39:00-04:00,68385.0,68385.0,68395.0,68385.0,68390.0,4
2026-10-02 01:40:00-04:00,68395.0,68395.0,68395.0,68390.0,68390.0,2
2026-10-02 01:41:00-04:00,68420.0,68420.0,68430.0,68410.0,68415.0,15
2026-10-02 01:42:00-04:00,68440.0,68440.0,68440.0,68420.0,68420.0,5
2026-10-02 01:43:00-04:00,68440.0,68440.0,68440.0,68440.0,68440.0,1
2026-10-02 01:44:00-04:00,68450.0,68450.0,68450.0,68450.0,68450.0,1
2026-10-02 01:45:00-04:00,68400.0,68400.0,68450.0,68390.0,68450.0,13
2026-10-02 01:46:00-04:00,68380.0,68380.0,68380.0,68375.0,68380.0,4
2026-10-02 01:47:00-04:00,68365.0,68365.0,68390.0,68360.0,68390.0,13
2026-10-02 01:48:00-04:00,68365.0,68365.0,68370.0,68365.0,68365.0,7
2026-10-02 01:49:00-04:00,68370.0,68370.0,68370.0,68370.0,68370.0,1
2026-10-02 01:50:00-04:00,68385.0,68385.0,68385.0,68360.0,68370.0,8
2026-10-02 01:51:00-04:00,68390.0,68390.0,68390.0,68385.0,68385.0,7
2026-10-02 01:52:00-04:00,68380.0,68380.0,68380.0,68380.0,68380.0,5
2026-10-02 01:53:00-04:00,68385.0,68385.0,68385.0,68375.0,68375.0,16
2026-10-02 01:55:00-04:00,68390.0,68390.0,68395.0,68390.0,68395.0,2
2026-10-02 01:56:00-04:00,68400.0,68400.0,68400.0,68390.0,68400.0,6
2026-10-02 01:57:00-04:00,68410.0,68410.0,68410.0,68410.0,68410.0,1
2026-10-02 01:58:00-04:00,68440.0,68440.0,68440.0,68420.0,68420.0,33
2026-10-02 01:59:00-04:00,68430.0,68430.0,68430.0,68430.0,68430.0,1
2026-10-02 02:00:00-04:00,68455.0,68455.0,68460.0,68445.0,68455.0,16
2026-10-02 02:01:00-04:00,68430.0,68430.0,68475.0,68430.0,68455.0,27
2026-10-02 02:02:00-04:00,68400.0,68400.0,68400.0,68400.0,68400.0,3
2026-10-02 02:03:00-04:00,68400.0,68400.0,68400.0,68390.0,68400.0,3
2026-10-02 02:04:00-04:00,68400.0,68400.0,68400.0,68390.0,68395.0,3
2026-10-02 02:05:00-04:00,68400.0,68400.0,68405.0,68400.0,68405.0,4
2026-10-02 02:06:00-04:00,68390.0,68390.0,68395.0,68390.0,68390.0,4
2026-10-02 02:07:00-04:00,68425.0,68425.0,68435.0,68395.0,68395.0,9
2026-10-02 02:08:00-04:00,68455.0,68455.0,68455.0,68420.0,68425.0,8
2026-10-02 02:09:00-04:00,68425.0,68425.0,68445.0,68425.0,68445.0,10
2026-10-02 02:10:00-04:00,68415.0,68415.0,68435.0,68415.0,68425.0,8
2026-10-02 02:11:00-04:00,68405.0,68405.0,68405.0,68405.0,68405.0,2
2026-10-02 02:12:00-04:00,68400.0,68400.0,68400.0,68390.0,68390.0,3
2026-10-02 02:13:00-04:00,68410.0,68410.0,68415.0,68410.0,68410.0,3
2026-10-02 02:14:00-04:00,68395.0,68395.0,68395.0,68395.0,68395.0,1
2026-10-02 02:15:00-04:00,68390.0,68390.0,68395.0,68385.0,68390.0,7
2026-10-02 02:16:00-04:00,68380.0,68380.0,68400.0,68380.0,68395.0,9
2026-10-02 02:17:00-04:00,68395.0,68395.0,68395.0,68385.0,68385.0,14
2026-10-02 02:18:00-04:00,68385.0,68385.0,68400.0,68385.0,68390.0,5
2026-10-02 02:19:00-04:00,68370.0,68370.0,68385.0,68370.0,68380.0,3
2026-10-02 02:20:00-04:00,68395.0,68395.0,68400.0,68390.0,68390.0,34
2026-10-02 02:21:00-04:00,68400.0,68400.0,68425.0,68400.0,68410.0,31
2026-10-02 02:22:00-04:00,68395.0,68395.0,68410.0,68390.0,68405.0,23
2026-10-02 02:23:00-04:00,68400.0,68400.0,68400.0,68390.0,68395.0,10
2026-10-02 02:24:00-04:00,68380.0,68380.0,68395.0,68370.0,68395.0,9
2026-10-02 02:25:00-04:00,68400.0,68400.0,68400.0,68385.0,68390.0,53
2026-10-02 02:26:00-04:00,68430.0,68430.0,68440.0,68400.0,68400.0,38
2026-10-02 02:27:00-04:00,68415.0,68415.0,68440.0,68415.0,68430.0,54
2026-10-02 02:28:00-04:00,68430.0,68430.0,68440.0,68415.0,68420.0,47
2026-10-02 02:29:00-04:00,68365.0,68365.0,68435.0,68350.0,68435.0,117
2026-10-02 02:30:00-04:00,68520.0,68520.0,68545.0,68365.0,68370.0,287
2026-10-02 02:31:00-04:00,68560.0,68560.0,68570.0,68495.0,68525.0,107
2026-10-02 02:32:00-04:00,68585.0,68585.0,68620.0,68550.0,68550.0,126
2026-10-02 02:33:00-04:00,68595.0,68595.0,68615.0,68580.0,68580.0,66
2026-10-02 02:34:00-04:00,68590.0,68590.0,68640.0,68590.0,68615.0,20
2026-10-02 02:35:00-04:00,68590.0,68590.0,68610.0,68590.0,68610.0,9
2026-10-02 02:36:00-04:00,68610.0,68610.0,68630.0,68600.0,68600.0,27
2026-10-02 02:37:00-04:00,68560.0,68560.0,68610.0,68540.0,68600.0,44
2026-10-02 02:38:00-04:00,68590.0,68590.0,68590.0,68550.0,68550.0,7
2026-10-02 02:39:00-04:00,68605.0,68605.0,68615.0,68570.0,68570.0,51
2026-10-02 02:40:00-04:00,68595.0,68595.0,68650.0,68595.0,68615.0,74
2026-10-02 02:41:00-04:00,68595.0,68595.0,68615.0,68570.0,68600.0,46
2026-10-02 02:42:00-04:00,68620.0,68620.0,68635.0,68595.0,68595.0,62
2026-10-02 02:43:00-04:00,68630.0,68630.0,68645.0,68615.0,68620.0,70
2026-10-02 02:44:00-04:00,68635.0,68635.0,68640.0,68615.0,68635.0,143
2026-10-02 02:45:00-04:00,68625.0,68625.0,68650.0,68625.0,68640.0,39
2026-10-02 02:46:00-04:00,68600.0,68600.0,68625.0,68595.0,68625.0,18
2026-10-02 02:47:00-04:00,68600.0,68600.0,68610.0,68585.0,68605.0,30
2026-10-02 02:48:00-04:00,68590.0,68590.0,68605.0,68585.0,68605.0,10
2026-10-02 02:49:00-04:00,68615.0,68615.0,68625.0,68600.0,68600.0,4
2026-10-02 02:50:00-04:00,68610.0,68610.0,68620.0,68605.0,68610.0,17
2026-10-02 02:51:00-04:00,68625.0,68625.0,68635.0,68610.0,68610.0,7
2026-10-02 02:52:00-04:00,68640.0,68640.0,68640.0,68600.0,68620.0,16
2026-10-02 02:53:00-04:00,68630.0,68630.0,68630.0,68630.0,68630.0,4
2026-10-02 02:54:00-04:00,68705.0,68705.0,68705.0,68635.0,68635.0,55
2026-10-02 02:55:00-04:00,68740.0,68740.0,68740.0,68705.0,68705.0,12
2026-10-02 02:56:00-04:00,68750.0,68750.0,68750.0,68730.0,68740.0,15
2026-10-02 02:57:00-04:00,68735.0,68735.0,68755.0,68735.0,68750.0,12
2026-10-02 02:58:00-04:00,68765.0,68765.0,68770.0,68730.0,68730.0,21
2026-10-02 02:59:00-04:00,68765.0,68765.0,68775.0,68755.0,68760.0,51
2026-10-02 03:00:00-04:00,68775.0,68775.0,68790.0,68745.0,68760.0,33
2026-10-02 03:01:00-04:00,68800.0,68800.0,68800.0,68765.0,68780.0,16
2026-10-02 03:02:00-04:00,68765.0,68765.0,68815.0,68760.0,68800.0,12
2026-10-02 03:03:00-04:00,68785.0,68785.0,68790.0,68760.0,68760.0,13
2026-10-02 03:04:00-04:00,68790.0,68790.0,68815.0,68775.0,68795.0,24
2026-10-02 03:05:00-04:00,68840.0,68840.0,68850.0,68805.0,68805.0,13
2026-10-02 03:06:00-04:00,68800.0,68800.0,68830.0,68780.0,68825.0,35
2026-10-02 03:07:00-04:00,68780.0,68780.0,68820.0,68775.0,68805.0,18
2026-10-02 03:08:00-04:00,68835.0,68835.0,68835.0,68785.0,68790.0,27
2026-10-02 03:09:00-04:00,68820.0,68820.0,68825.0,68805.0,68825.0,10
2026-10-02 03:10:00-04:00,68820.0,68820.0,68835.0,68800.0,68805.0,20
2026-10-02 03:11:00-04:00,68835.0,68835.0,68850.0,68835.0,68835.0,21
2026-10-02 03:12:00-04:00,68865.0,68865.0,68870.0,68830.0,68840.0,8
2026-10-02 03:13:00-04:00,68880.0,68880.0,68880.0,68860.0,68865.0,50
2026-10-02 03:14:00-04:00,68905.0,68905.0,68905.0,68895.0,68895.0,11
2026-10-02 03:15:00-04:00,68890.0,68890.0,68905.0,68885.0,68905.0,28
2026-10-02 03:16:00-04:00,68855.0,68855.0,68880.0,68830.0,68880.0,26
2026-10-02 03:17:00-04:00,68830.0,68830.0,68840.0,68820.0,68840.0,22
2026-10-02 03:18:00-04:00,68875.0,68875.0,68875.0,68830.0,68830.0,31
2026-10-02 03:19:00-04:00,68855.0,68855.0,68860.0,68855.0,68860.0,13
2026-10-02 03:20:00-04:00,68820.0,68820.0,68825.0,68805.0,68805.0,8
2026-10-02 03:21:00-04:00,68790.0,68790.0,68815.0,68790.0,68815.0,4
2026-10-02 03:22:00-04:00,68825.0,68825.0,68835.0,68800.0,68800.0,8
2026-10-02 03:23:00-04:00,68810.0,68810.0,68835.0,68810.0,68835.0,11
2026-10-02 03:24:00-04:00,68840.0,68840.0,68840.0,68815.0,68820.0,6
2026-10-02 03:25:00-04:00,68855.0,68855.0,68855.0,68845.0,68845.0,10
2026-10-02 03:26:00-04:00,68825.0,68825.0,68845.0,68825.0,68845.0,18
2026-10-02 03:27:00-04:00,68795.0,68795.0,68835.0,68795.0,68830.0,10
2026-10-02 03:28:00-04:00,68780.0,68780.0,68795.0,68765.0,68790.0,17
2026-10-02 03:29:00-04:00,68780.0,68780.0,68780.0,68750.0,68770.0,11
2026-10-02 03:30:00-04:00,68770.0,68770.0,68785.0,68770.0,68785.0,3
2026-10-02 03:31:00-04:00,68795.0,68795.0,68795.0,68750.0,68750.0,7
2026-10-02 03:32:00-04:00,68795.0,68795.0,68800.0,68790.0,68790.0,7
2026-10-02 03:33:00-04:00,68810.0,68810.0,68825.0,68790.0,68790.0,13
2026-10-02 03:34:00-04:00,68795.0,68795.0,68800.0,68795.0,68800.0,6
2026-10-02 03:35:00-04:00,68825.0,68825.0,68830.0,68805.0,68805.0,11
2026-10-02 03:36:00-04:00,68805.0,68805.0,68820.0,68805.0,68820.0,6
2026-10-02 03:37:00-04:00,68835.0,68835.0,68835.0,68810.0,68830.0,13
2026-10-02 03:38:00-04:00,68850.0,68850.0,68860.0,68845.0,68845.0,28
2026-10-02 03:39:00-04:00,68865.0,68865.0,68865.0,68860.0,68860.0,4
2026-10-02 03:40:00-04:00,68845.0,68845.0,68855.0,68845.0,68850.0,12
2026-10-02 03:41:00-04:00,68860.0,68860.0,68860.0,68850.0,68850.0,2
2026-10-02 03:43:00-04:00,68820.0,68820.0,68830.0,68810.0,68830.0,5
2026-10-02 03:44:00-04:00,68815.0,68815.0,68840.0,68815.0,68840.0,87
2026-10-02 03:45:00-04:00,68830.0,68830.0,68835.0,68815.0,68820.0,16
2026-10-02 03:46:00-04:00,68845.0,68845.0,68845.0,68845.0,68845.0,1
2026-10-02 03:47:00-04:00,68840.0,68840.0,68845.0,68835.0,68835.0,5
2026-10-02 03:48:00-04:00,68830.0,68830.0,68860.0,68830.0,68850.0,11
2026-10-02 03:49:00-04:00,68875.0,68875.0,68875.0,68840.0,68840.0,18
2026-10-02 03:50:00-04:00,68910.0,68910.0,68910.0,68885.0,68890.0,27
2026-10-02 03:51:00-04:00,68915.0,68915.0,68920.0,68905.0,68905.0,17
2026-10-02 03:52:00-04:00,68920.0,68920.0,68920.0,68910.0,68915.0,11
2026-10-02 03:53:00-04:00,68960.0,68960.0,68960.0,68915.0,68915.0,47
2026-10-02 03:54:00-04:00,68975.0,68975.0,68985.0,68945.0,68950.0,68
2026-10-02 03:55:00-04:00,68970.0,68970.0,68970.0,68955.0,68965.0,6
2026-10-02 03:56:00-04:00,69025.0,69025.0,69025.0,68980.0,68980.0,26
2026-10-02 03:57:00-04:00,69120.0,69120.0,69145.0,69015.0,69025.0,132
2026-10-02 03:58:00-04:00,69025.0,69025.0,69125.0,69025.0,69120.0,85
2026-10-02 03:59:00-04:00,69045.0,69045.0,69045.0,68995.0,69005.0,100
2026-10-02 04:00:00-04:00,68940.0,68940.0,69055.0,68920.0,69040.0,188
2026-10-02 04:01:00-04:00,68885.0,68885.0,68930.0,68875.0,68930.0,76
2026-10-02 04:02:00-04:00,69010.0,69010.0,69025.0,68895.0,68895.0,44
2026-10-02 04:03:00-04:00,68995.0,68995.0,69030.0,68990.0,69020.0,32
2026-10-02 04:04:00-04:00,68960.0,68960.0,68995.0,68955.0,68995.0,63
2026-10-02 04:05:00-04:00,68970.0,68970.0,68975.0,68945.0,68965.0,91
2026-10-02 04:06:00-04:00,69020.0,69020.0,69020.0,68970.0,68980.0,46
2026-10-02 04:07:00-04:00,69125.0,69125.0,69125.0,69060.0,69065.0,66
2026-10-02 04:08:00-04:00,69125.0,69125.0,69140.0,69105.0,69125.0,35
2026-10-02 04:09:00-04:00,69165.0,69165.0,69165.0,69135.0,69135.0,22
2026-10-02 04:10:00-04:00,69160.0,69160.0,69175.0,69155.0,69170.0,22
2026-10-02 04:11:00-04:00,69210.0,69210.0,69210.0,69175.0,69175.0,36
2026-10-02 04:12:00-04:00,69185.0,69185.0,69210.0,69160.0,69205.0,50
2026-10-02 04:13:00-04:00,69215.0,69215.0,69230.0,69180.0,69185.0,74
2026-10-02 04:14:00-04:00,69155.0,69155.0,69215.0,69155.0,69215.0,14
2026-10-02 04:15:00-04:00,69140.0,69140.0,69165.0,69130.0,69165.0,12
2026-10-02 04:16:00-04:00,69145.0,69145.0,69165.0,69140.0,69155.0,41
2026-10-02 04:17:00-04:00,69195.0,69195.0,69195.0,69140.0,69145.0,14
2026-10-02 04:18:00-04:00,69160.0,69160.0,69165.0,69145.0,69165.0,36
2026-10-02 04:19:00-04:00,69150.0,69150.0,69150.0,69120.0,69150.0,23
2026-10-02 04:20:00-04:00,69160.0,69160.0,69165.0,69140.0,69140.0,28
2026-10-02 04:21:00-04:00,69225.0,69225.0,69235.0,69165.0,69165.0,116
2026-10-02 04:22:00-04:00,69255.0,69255.0,69275.0,69215.0,69220.0,93
2026-10-02 04:23:00-04:00,69190.0,69190.0,69245.0,69175.0,69245.0,47
2026-10-02 04:24:00-04:00,69200.0,69200.0,69220.0,69190.0,69190.0,13
2026-10-02 04:25:00-04:00,69215.0,69215.0,69220.0,69200.0,69200.0,25
2026-10-02 04:26:00-04:00,69260.0,69260.0,69270.0,69220.0,69220.0,40
2026-10-02 04:27:00-04:00,69255.0,69255.0,69265.0,69230.0,69260.0,9
2026-10-02 04:28:00-04:00,69255.0,69255.0,69270.0,69255.0,69260.0,13
2026-10-02 04:29:00-04:00,69260.0,69260.0,69260.0,69235.0,69235.0,25
2026-10-02 04:30:00-04:00,69265.0,69265.0,69280.0,69260.0,69260.0,8
2026-10-02 04:31:00-04:00,69275.0,69275.0,69300.0,69255.0,69255.0,12
2026-10-02 04:32:00-04:00,69235.0,69235.0,69280.0,69235.0,69270.0,21
2026-10-02 04:33:00-04:00,69185.0,69185.0,69220.0,69185.0,69220.0,2
2026-10-02 04:34:00-04:00,69175.0,69175.0,69175.0,69160.0,69165.0,7
2026-10-02 04:35:00-04:00,69200.0,69200.0,69200.0,69185.0,69190.0,5
2026-10-02 04:36:00-04:00,69245.0,69245.0,69245.0,69220.0,69220.0,3
2026-10-02 04:37:00-04:00,69230.0,69230.0,69235.0,69205.0,69235.0,13
2026-10-02 04:38:00-04:00,69220.0,69220.0,69220.0,69210.0,69220.0,5
2026-10-02 04:39:00-04:00,69225.0,69225.0,69225.0,69205.0,69210.0,4
2026-10-02 04:40:00-04:00,69225.0,69225.0,69240.0,69225.0,69230.0,21
2026-10-02 04:41:00-04:00,69195.0,69195.0,69225.0,69190.0,69225.0,18
2026-10-02 04:42:00-04:00,69195.0,69195.0,69205.0,69185.0,69205.0,7
2026-10-02 04:43:00-04:00,69200.0,69200.0,69200.0,69195.0,69195.0,4
2026-10-02 04:44:00-04:00,69165.0,69165.0,69185.0,69165.0,69185.0,9
2026-10-02 04:45:00-04:00,69190.0,69190.0,69195.0,69165.0,69175.0,22
2026-10-02 04:46:00-04:00,69185.0,69185.0,69200.0,69180.0,69180.0,171
2026-10-02 04:47:00-04:00,69185.0,69185.0,69210.0,69170.0,69170.0,25
2026-10-02 04:48:00-04:00,69235.0,69235.0,69240.0,69190.0,69190.0,19
2026-10-02 04:49:00-04:00,69245.0,69245.0,69245.0,69240.0,69240.0,7
2026-10-02 04:50:00-04:00,69265.0,69265.0,69265.0,69255.0,69265.0,10
2026-10-02 04:51:00-04:00,69240.0,69240.0,69255.0,69230.0,69250.0,12
2026-10-02 04:52:00-04:00,69240.0,69240.0,69240.0,69230.0,69230.0,2
2026-10-02 04:53:00-04:00,69240.0,69240.0,69240.0,69235.0,69235.0,5
2026-10-02 04:54:00-04:00,69300.0,69300.0,69300.0,69270.0,69270.0,15
2026-10-02 04:55:00-04:00,69285.0,69285.0,69295.0,69275.0,69290.0,15
2026-10-02 04:56:00-04:00,69295.0,69295.0,69315.0,69285.0,69285.0,23
2026-10-02 04:57:00-04:00,69265.0,69265.0,69290.0,69265.0,69290.0,6
2026-10-02 04:58:00-04:00,69260.0,69260.0,69265.0,69250.0,69250.0,5
2026-10-02 04:59:00-04:00,69250.0,69250.0,69270.0,69250.0,69255.0,48
2026-10-02 05:00:00-04:00,69185.0,69185.0,69250.0,69180.0,69250.0,17
2026-10-02 05:01:00-04:00,69130.0,69130.0,69185.0,69125.0,69185.0,91
2026-10-02 05:02:00-04:00,69130.0,69130.0,69130.0,69125.0,69130.0,12
2026-10-02 05:03:00-04:00,69160.0,69160.0,69160.0,69115.0,69130.0,19
2026-10-02 05:04:00-04:00,69140.0,69140.0,69150.0,69140.0,69150.0,4
2026-10-02 05:05:00-04:00,69145.0,69145.0,69150.0,69145.0,69150.0,2
2026-10-02 05:06:00-04:00,69125.0,69125.0,69140.0,69125.0,69135.0,5
2026-10-02 05:07:00-04:00,69110.0,69110.0,69120.0,69110.0,69120.0,5
2026-10-02 05:08:00-04:00,69115.0,69115.0,69125.0,69110.0,69110.0,19
2026-10-02 05:09:00-04:00,69130.0,69130.0,69130.0,69115.0,69120.0,8
2026-10-02 05:10:00-04:00,69175.0,69175.0,69175.0,69130.0,69150.0,158
2026-10-02 05:11:00-04:00,69170.0,69170.0,69190.0,69165.0,69180.0,46
2026-10-02 05:12:00-04:00,69185.0,69185.0,69200.0,69180.0,69180.0,151
2026-10-02 05:13:00-04:00,69235.0,69235.0,69245.0,69190.0,69190.0,42
2026-10-02 05:14:00-04:00,69235.0,69235.0,69245.0,69200.0,69240.0,20
2026-10-02 05:15:00-04:00,69230.0,69230.0,69250.0,69230.0,69235.0,14
2026-10-02 05:16:00-04:00,69250.0,69250.0,69290.0,69240.0,69240.0,87
2026-10-02 05:17:00-04:00,69245.0,69245.0,69245.0,69230.0,69235.0,25
2026-10-02 05:18:00-04:00,69225.0,69225.0,69250.0,69225.0,69245.0,9
2026-10-02 05:19:00-04:00,69215.0,69215.0,69230.0,69215.0,69230.0,8
2026-10-02 05:20:00-04:00,69230.0,69230.0,69235.0,69215.0,69215.0,9
2026-10-02 05:21:00-04:00,69195.0,69195.0,69235.0,69190.0,69235.0,5
2026-10-02 05:22:00-04:00,69195.0,69195.0,69200.0,69190.0,69200.0,4
2026-10-02 05:23:00-04:00,69200.0,69200.0,69210.0,69190.0,69210.0,20
2026-10-02 05:24:00-04:00,69205.0,69205.0,69205.0,69205.0,69205.0,2
2026-10-02 05:25:00-04:00,69225.0,69225.0,69230.0,69210.0,69210.0,12
2026-10-02 05:26:00-04:00,69220.0,69220.0,69230.0,69220.0,69225.0,5
2026-10-02 05:27:00-04:00,69220.0,69220.0,69220.0,69220.0,69220.0,3
2026-10-02 05:29:00-04:00,69210.0,69210.0,69210.0,69205.0,69205.0,7
2026-10-02 05:30:00-04:00,69225.0,69225.0,69225.0,69205.0,69205.0,4
2026-10-02 05:31:00-04:00,69245.0,69245.0,69245.0,69235.0,69235.0,3
2026-10-02 05:32:00-04:00,69275.0,69275.0,69275.0,69245.0,69245.0,13
2026-10-02 05:33:00-04:00,69280.0,69280.0,69280.0,69270.0,69270.0,13
2026-10-02 05:34:00-04:00,69255.0,69255.0,69280.0,69255.0,69280.0,9
2026-10-02 05:35:00-04:00,69265.0,69265.0,69275.0,69250.0,69250.0,17
2026-10-02 05:36:00-04:00,69285.0,69285.0,69290.0,69270.0,69285.0,20
2026-10-02 05:37:00-04:00,69340.0,69340.0,69345.0,69300.0,69300.0,41
2026-10-02 05:38:00-04:00,69380.0,69380.0,69385.0,69340.0,69345.0,89
2026-10-02 05:39:00-04:00,69405.0,69405.0,69420.0,69385.0,69390.0,77
2026-10-02 05:40:00-04:00,69445.0,69445.0,69455.0,69405.0,69405.0,38
2026-10-02 05:41:00-04:00,69435.0,69435.0,69450.0,69435.0,69445.0,27
2026-10-02 05:42:00-04:00,69405.0,69405.0,69455.0,69405.0,69440.0,25
2026-10-02 05:43:00-04:00,69395.0,69395.0,69430.0,69395.0,69420.0,19
2026-10-02 05:44:00-04:00,69405.0,69405.0,69405.0,69380.0,69385.0,10
2026-10-02 05:45:00-04:00,69405.0,69405.0,69405.0,69390.0,69390.0,3
2026-10-02 05:46:00-04:00,69375.0,69375.0,69390.0,69315.0,69390.0,141
2026-10-02 05:47:00-04:00,69330.0,69330.0,69365.0,69330.0,69365.0,23
2026-10-02 05:48:00-04:00,69410.0,69410.0,69410.0,69335.0,69340.0,26
2026-10-02 05:49:00-04:00,69445.0,69445.0,69490.0,69435.0,69440.0,93
2026-10-02 05:50:00-04:00,69455.0,69455.0,69485.0,69455.0,69465.0,33
2026-10-02 05:51:00-04:00,69470.0,69470.0,69495.0,69465.0,69465.0,9
2026-10-02 05:52:00-04:00,69455.0,69455.0,69485.0,69455.0,69485.0,16
2026-10-02 05:53:00-04:00,69415.0,69415.0,69460.0,69400.0,69450.0,34
2026-10-02 05:54:00-04:00,69430.0,69430.0,69440.0,69410.0,69415.0,47
2026-10-02 05:55:00-04:00,69435.0,69435.0,69435.0,69405.0,69410.0,6
2026-10-02 05:56:00-04:00,69430.0,69430.0,69430.0,69425.0,69425.0,5
2026-10-02 05:57:00-04:00,69430.0,69430.0,69430.0,69420.0,69420.0,2
2026-10-02 05:58:00-04:00,69425.0,69425.0,69425.0,69420.0,69420.0,3
2026-10-02 05:59:00-04:00,69410.0,69410.0,69410.0,69410.0,69410.0,2
2026-10-02 06:00:00-04:00,69410.0,69410.0,69415.0,69410.0,69415.0,2
2026-10-02 06:01:00-04:00,69400.0,69400.0,69400.0,69355.0,69355.0,8
2026-10-02 06:02:00-04:00,69355.0,69355.0,69395.0,69335.0,69395.0,13
2026-10-02 06:03:00-04:00,69345.0,69345.0,69360.0,69345.0,69360.0,6
2026-10-02 06:04:00-04:00,69345.0,69345.0,69395.0,69330.0,69330.0,78
2026-10-02 06:05:00-04:00,69295.0,69295.0,69335.0,69295.0,69335.0,10
2026-10-02 06:06:00-04:00,69285.0,69285.0,69320.0,69275.0,69300.0,13
2026-10-02 06:07:00-04:00,69285.0,69285.0,69305.0,69285.0,69305.0,2
2026-10-02 06:08:00-04:00,69295.0,69295.0,69295.0,69290.0,69290.0,3
2026-10-02 06:09:00-04:00,69285.0,69285.0,69305.0,69285.0,69305.0,6
2026-10-02 06:10:00-04:00,69270.0,69270.0,69285.0,69265.0,69285.0,11
2026-10-02 06:11:00-04:00,69230.0,69230.0,69260.0,69230.0,69260.0,22
2026-10-02 06:12:00-04:00,69250.0,69250.0,69260.0,69245.0,69245.0,12
2026-10-02 06:13:00-04:00,69220.0,69220.0,69245.0,69220.0,69245.0,5
2026-10-02 06:14:00-04:00,69250.0,69250.0,69250.0,69250.0,69250.0,2
2026-10-02 06:15:00-04:00,69250.0,69250.0,69255.0,69235.0,69250.0,24
2026-10-02 06:16:00-04:00,69275.0,69275.0,69280.0,69255.0,69255.0,3
2026-10-02 06:17:00-04:00,69280.0,69280.0,69280.0,69275.0,69275.0,2
2026-10-02 06:18:00-04:00,69290.0,69290.0,69290.0,69285.0,69290.0,4
2026-10-02 06:19:00-04:00,69275.0,69275.0,69275.0,69275.0,69275.0,2
2026-10-02 06:20:00-04:00,69260.0,69260.0,69275.0,69255.0,69275.0,8
2026-10-02 06:21:00-04:00,69250.0,69250.0,69270.0,69205.0,69255.0,54
2026-10-02 06:22:00-04:00,69265.0,69265.0,69265.0,69255.0,69255.0,8
2026-10-02 06:23:00-04:00,69220.0,69220.0,69250.0,69220.0,69250.0,10
2026-10-02 06:24:00-04:00,69200.0,69200.0,69200.0,69175.0,69200.0,9
2026-10-02 06:25:00-04:00,69240.0,69240.0,69245.0,69215.0,69220.0,9
2026-10-02 06:26:00-04:00,69250.0,69250.0,69250.0,69225.0,69235.0,16
2026-10-02 06:27:00-04:00,69300.0,69300.0,69300.0,69255.0,69255.0,5
2026-10-02 06:28:00-04:00,69325.0,69325.0,69325.0,69295.0,69305.0,7
2026-10-02 06:29:00-04:00,69330.0,69330.0,69335.0,69325.0,69325.0,8
2026-10-02 06:30:00-04:00,69340.0,69340.0,69340.0,69335.0,69335.0,3
2026-10-02 06:31:00-04:00,69335.0,69335.0,69355.0,69330.0,69345.0,12
2026-10-02 06:32:00-04:00,69310.0,69310.0,69310.0,69300.0,69305.0,4
2026-10-02 06:33:00-04:00,69325.0,69325.0,69325.0,69305.0,69305.0,2
2026-10-02 06:34:00-04:00,69380.0,69380.0,69380.0,69330.0,69330.0,15
2026-10-02 06:35:00-04:00,69390.0,69390.0,69395.0,69385.0,69395.0,7
2026-10-02 06:36:00-04:00,69410.0,69410.0,69410.0,69410.0,69410.0,2
2026-10-02 06:37:00-04:00,69410.0,69410.0,69425.0,69410.0,69425.0,5
2026-10-02 06:38:00-04:00,69400.0,69400.0,69400.0,69400.0,69400.0,4
2026-10-02 06:39:00-04:00,69400.0,69400.0,69405.0,69400.0,69400.0,11
2026-10-02 06:40:00-04:00,69410.0,69410.0,69420.0,69410.0,69415.0,9
2026-10-02 06:41:00-04:00,69420.0,69420.0,69420.0,69415.0,69415.0,8
2026-10-02 06:42:00-04:00,69400.0,69400.0,69415.0,69400.0,69415.0,10
2026-10-02 06:43:00-04:00,69400.0,69400.0,69400.0,69400.0,69400.0,1
2026-10-02 06:44:00-04:00,69395.0,69395.0,69395.0,69385.0,69395.0,5
2026-10-02 06:45:00-04:00,69390.0,69390.0,69400.0,69390.0,69400.0,4
2026-10-02 06:46:00-04:00,69400.0,69400.0,69400.0,69380.0,69380.0,6
2026-10-02 06:47:00-04:00,69405.0,69405.0,69405.0,69395.0,69395.0,4
2026-10-02 06:48:00-04:00,69415.0,69415.0,69420.0,69415.0,69420.0,6
2026-10-02 06:49:00-04:00,69415.0,69415.0,69415.0,69415.0,69415.0,2
2026-10-02 06:50:00-04:00,69420.0,69420.0,69420.0,69410.0,69410.0,4
2026-10-02 06:51:00-04:00,69430.0,69430.0,69435.0,69430.0,69435.0,4
2026-10-02 06:52:00-04:00,69440.0,69440.0,69450.0,69440.0,69440.0,5
2026-10-02 06:53:00-04:00,69450.0,69450.0,69450.0,69445.0,69450.0,5
2026-10-02 06:54:00-04:00,69445.0,69445.0,69445.0,69445.0,69445.0,1
2026-10-02 06:55:00-04:00,69450.0,69450.0,69455.0,69450.0,69455.0,8
2026-10-02 06:56:00-04:00,69465.0,69465.0,69470.0,69460.0,69460.0,21
2026-10-02 06:57:00-04:00,69460.0,69460.0,69460.0,69460.0,69460.0,4
2026-10-02 06:58:00-04:00,69485.0,69485.0,69485.0,69470.0,69470.0,5
2026-10-02 06:59:00-04:00,69485.0,69485.0,69490.0,69475.0,69475.0,5
2026-10-02 07:00:00-04:00,69490.0,69490.0,69520.0,69490.0,69490.0,41
2026-10-02 07:01:00-04:00,69485.0,69485.0,69495.0,69485.0,69490.0,7
2026-10-02 07:02:00-04:00,69495.0,69495.0,69495.0,69475.0,69475.0,16
2026-10-02 07:03:00-04:00,69480.0,69480.0,69485.0,69480.0,69480.0,7
2026-10-02 07:04:00-04:00,69475.0,69475.0,69485.0,69470.0,69480.0,8
2026-10-02 07:05:00-04:00,69520.0,69520.0,69525.0,69495.0,69495.0,11
2026-10-02 07:06:00-04:00,69550.0,69550.0,69550.0,69545.0,69545.0,7
2026-10-02 07:07:00-04:00,69550.0,69550.0,69555.0,69545.0,69545.0,9
2026-10-02 07:08:00-04:00,69510.0,69510.0,69535.0,69510.0,69535.0,6
2026-10-02 07:09:00-04:00,69515.0,69515.0,69515.0,69510.0,69510.0,4
2026-10-02 07:10:00-04:00,69520.0,69520.0,69520.0,69470.0,69520.0,35
2026-10-02 07:11:00-04:00,69505.0,69505.0,69530.0,69505.0,69525.0,22
2026-10-02 07:12:00-04:00,69490.0,69490.0,69505.0,69490.0,69500.0,17
2026-10-02 07:13:00-04:00,69500.0,69500.0,69500.0,69500.0,69500.0,2
2026-10-02 07:14:00-04:00,69515.0,69515.0,69515.0,69480.0,69480.0,5
2026-10-02 07:15:00-04:00,69535.0,69535.0,69535.0,69495.0,69510.0,69
2026-10-02 07:16:00-04:00,69510.0,69510.0,69515.0,69510.0,69515.0,7
2026-10-02 07:17:00-04:00,69510.0,69510.0,69510.0,69495.0,69495.0,25
2026-10-02 07:18:00-04:00,69510.0,69510.0,69510.0,69510.0,69510.0,2
2026-10-02 07:19:00-04:00,69535.0,69535.0,69535.0,69535.0,69535.0,3
2026-10-02 07:20:00-04:00,69560.0,69560.0,69565.0,69540.0,69540.0,12
2026-10-02 07:21:00-04:00,69550.0,69550.0,69570.0,69545.0,69570.0,8
2026-10-02 07:22:00-04:00,69540.0,69540.0,69545.0,69540.0,69545.0,2
2026-10-02 07:23:00-04:00,69575.0,69575.0,69575.0,69560.0,69560.0,4
2026-10-02 07:24:00-04:00,69580.0,69580.0,69590.0,69570.0,69570.0,5
2026-10-02 07:25:00-04:00,69575.0,69575.0,69585.0,69570.0,69585.0,9
2026-10-02 07:26:00-04:00,69585.0,69585.0,69585.0,69570.0,69570.0,6
2026-10-02 07:27:00-04:00,69585.0,69585.0,69585.0,69585.0,69585.0,3
2026-10-02 07:28:00-04:00,69570.0,69570.0,69585.0,69570.0,69585.0,7
2026-10-02 07:29:00-04:00,69570.0,69570.0,69580.0,69570.0,69575.0,10
2026-10-02 07:30:00-04:00,69605.0,69605.0,69605.0,69590.0,69590.0,26
2026-10-02 07:31:00-04:00,69610.0,69610.0,69620.0,69605.0,69615.0,10
2026-10-02 07:32:00-04:00,69630.0,69630.0,69645.0,69615.0,69615.0,40
2026-10-02 07:33:00-04:00,69610.0,69610.0,69625.0,69605.0,69625.0,7
2026-10-02 07:34:00-04:00,69560.0,69560.0,69620.0,69560.0,69620.0,5
2026-10-02 07:35:00-04:00,69565.0,69565.0,69565.0,69565.0,69565.0,2
2026-10-02 07:36:00-04:00,69560.0,69560.0,69570.0,69555.0,69555.0,15
2026-10-02 07:37:00-04:00,69560.0,69560.0,69560.0,69560.0,69560.0,3
2026-10-02 07:38:00-04:00,69550.0,69550.0,69550.0,69550.0,69550.0,4
2026-10-02 07:39:00-04:00,69540.0,69540.0,69540.0,69540.0,69540.0,3
2026-10-02 07:40:00-04:00,69530.0,69530.0,69535.0,69530.0,69535.0,4
2026-10-02 07:41:00-04:00,69505.0,69505.0,69505.0,69505.0,69505.0,1
2026-10-02 07:42:00-04:00,69485.0,69485.0,69495.0,69485.0,69490.0,9
2026-10-02 07:43:00-04:00,69480.0,69480.0,69500.0,69480.0,69480.0,10
2026-10-02 07:44:00-04:00,69485.0,69485.0,69485.0,69470.0,69470.0,4
2026-10-02 07:45:00-04:00,69480.0,69480.0,69495.0,69480.0,69490.0,9
2026-10-02 07:46:00-04:00,69480.0,69480.0,69500.0,69480.0,69495.0,7
2026-10-02 07:47:00-04:00,69465.0,69465.0,69480.0,69465.0,69475.0,19
2026-10-02 07:48:00-04:00,69450.0,69450.0,69465.0,69450.0,69465.0,3
2026-10-02 07:49:00-04:00,69480.0,69480.0,69485.0,69465.0,69470.0,15
2026-10-02 07:50:00-04:00,69470.0,69470.0,69480.0,69465.0,69480.0,6
2026-10-02 07:51:00-04:00,69485.0,69485.0,69485.0,69470.0,69470.0,4
2026-10-02 07:52:00-04:00,69485.0,69485.0,69485.0,69480.0,69480.0,4
2026-10-02 07:53:00-04:00,69475.0,69475.0,69485.0,69475.0,69485.0,9
2026-10-02 07:54:00-04:00,69500.0,69500.0,69505.0,69465.0,69470.0,26
2026-10-02 07:55:00-04:00,69475.0,69475.0,69505.0,69475.0,69505.0,3
2026-10-02 07:56:00-04:00,69480.0,69480.0,69485.0,69470.0,69470.0,7
2026-10-02 07:57:00-04:00,69505.0,69505.0,69510.0,69485.0,69495.0,35
2026-10-02 07:58:00-04:00,69510.0,69510.0,69510.0,69495.0,69505.0,22
2026-10-02 07:59:00-04:00,69505.0,69505.0,69515.0,69505.0,69510.0,10
2026-10-02 08:00:00-04:00,69505.0,69505.0,69510.0,69495.0,69505.0,12
2026-10-02 08:01:00-04:00,69480.0,69480.0,69500.0,69480.0,69500.0,11
2026-10-02 08:02:00-04:00,69465.0,69465.0,69480.0,69465.0,69475.0,24
2026-10-02 08:03:00-04:00,69460.0,69460.0,69470.0,69460.0,69470.0,10
2026-10-02 08:04:00-04:00,69450.0,69450.0,69460.0,69440.0,69460.0,13
2026-10-02 08:05:00-04:00,69455.0,69455.0,69460.0,69455.0,69455.0,5
2026-10-02 08:06:00-04:00,69470.0,69470.0,69470.0,69460.0,69460.0,2
2026-10-02 08:07:00-04:00,69465.0,69465.0,69470.0,69455.0,69460.0,15
2026-10-02 08:08:00-04:00,69490.0,69490.0,69490.0,69450.0,69465.0,31
2026-10-02 08:09:00-04:00,69465.0,69465.0,69505.0,69465.0,69505.0,9
2026-10-02 08:10:00-04:00,69475.0,69475.0,69475.0,69460.0,69460.0,6
2026-10-02 08:11:00-04:00,69480.0,69480.0,69480.0,69480.0,69480.0,1
2026-10-02 08:12:00-04:00,69480.0,69480.0,69495.0,69475.0,69475.0,13
2026-10-02 08:13:00-04:00,69460.0,69460.0,69475.0,69460.0,69475.0,7
2026-10-02 08:14:00-04:00,69460.0,69460.0,69460.0,69445.0,69450.0,4
2026-10-02 08:16:00-04:00,69460.0,69460.0,69460.0,69450.0,69450.0,2
2026-10-02 08:17:00-04:00,69445.0,69445.0,69460.0,69445.0,69455.0,11
2026-10-02 08:18:00-04:00,69465.0,69465.0,69465.0,69435.0,69435.0,7
2026-10-02 08:19:00-04:00,69480.0,69480.0,69495.0,69450.0,69460.0,53
2026-10-02 08:20:00-04:00,69500.0,69500.0,69500.0,69475.0,69480.0,20
2026-10-02 08:21:00-04:00,69550.0,69550.0,69550.0,69510.0,69510.0,29
2026-10-02 08:22:00-04:00,69545.0,69545.0,69580.0,69545.0,69550.0,20
2026-10-02 08:23:00-04:00,69530.0,69530.0,69550.0,69515.0,69550.0,13
2026-10-02 08:24:00-04:00,69535.0,69535.0,69535.0,69520.0,69520.0,3
2026-10-02 08:25:00-04:00,69580.0,69580.0,69580.0,69555.0,69560.0,13
2026-10-02 08:26:00-04:00,69565.0,69565.0,69575.0,69555.0,69575.0,31
2026-10-02 08:27:00-04:00,69595.0,69595.0,69595.0,69565.0,69565.0,17
2026-10-02 08:28:00-04:00,69605.0,69605.0,69610.0,69590.0,69600.0,22
2026-10-02 08:29:00-04:00,69655.0,69655.0,69655.0,69605.0,69625.0,26
2026-10-02 08:30:00-04:00,69720.0,69720.0,69970.0,69650.0,69660.0,216
2026-10-02 08:31:00-04:00,69680.0,69680.0,69775.0,69680.0,69690.0,75
2026-10-02 08:32:00-04:00,69710.0,69710.0,69715.0,69680.0,69690.0,41
2026-10-02 08:33:00-04:00,69745.0,69745.0,69760.0,69710.0,69730.0,84
2026-10-02 08:34:00-04:00,69830.0,69830.0,69840.0,69730.0,69735.0,44
2026-10-02 08:35:00-04:00,69810.0,69810.0,69860.0,69800.0,69850.0,87
2026-10-02 08:36:00-04:00,69795.0,69795.0,69805.0,69760.0,69800.0,43
2026-10-02 08:37:00-04:00,69780.0,69780.0,69790.0,69755.0,69780.0,31
2026-10-02 08:38:00-04:00,69755.0,69755.0,69790.0,69745.0,69780.0,18
2026-10-02 08:39:00-04:00,69745.0,69745.0,69745.0,69720.0,69730.0,11
2026-10-02 08:40:00-04:00,69680.0,69680.0,69725.0,69680.0,69725.0,12
2026-10-02 08:41:00-04:00,69670.0,69670.0,69700.0,69665.0,69690.0,33
2026-10-02 08:42:00-04:00,69705.0,69705.0,69705.0,69670.0,69670.0,8
2026-10-02 08:43:00-04:00,69745.0,69745.0,69750.0,69710.0,69710.0,9
2026-10-02 08:44:00-04:00,69735.0,69735.0,69760.0,69720.0,69755.0,12
2026-10-02 08:45:00-04:00,69725.0,69725.0,69745.0,69720.0,69735.0,23
2026-10-02 08:46:00-04:00,69735.0,69735.0,69745.0,69720.0,69720.0,33
2026-10-02 08:47:00-04:00,69745.0,69745.0,69750.0,69740.0,69740.0,5
2026-10-02 08:48:00-04:00,69765.0,69765.0,69765.0,69755.0,69755.0,7
2026-10-02 08:49:00-04:00,69815.0,69815.0,69815.0,69780.0,69780.0,12
2026-10-02 08:50:00-04:00,69810.0,69810.0,69825.0,69800.0,69800.0,12
2026-10-02 08:51:00-04:00,69780.0,69780.0,69810.0,69760.0,69805.0,31
2026-10-02 08:52:00-04:00,69775.0,69775.0,69775.0,69735.0,69750.0,29
2026-10-02 08:53:00-04:00,69780.0,69780.0,69795.0,69765.0,69780.0,19
2026-10-02 08:54:00-04:00,69820.0,69820.0,69825.0,69780.0,69780.0,13
2026-10-02 08:55:00-04:00,69840.0,69840.0,69845.0,69815.0,69830.0,41
2026-10-02 08:56:00-04:00,69845.0,69845.0,69845.0,69820.0,69820.0,4
2026-10-02 08:57:00-04:00,69805.0,69805.0,69805.0,69805.0,69805.0,6
2026-10-02 08:58:00-04:00,69805.0,69805.0,69805.0,69795.0,69795.0,3
2026-10-02 08:59:00-04:00,69840.0,69840.0,69840.0,69840.0,69840.0,1
2026-10-02 09:00:00-04:00,69810.0,69810.0,69835.0,69805.0,69830.0,30
2026-10-02 09:01:00-04:00,69830.0,69830.0,69860.0,69810.0,69825.0,59
2026-10-02 09:02:00-04:00,69840.0,69840.0,69840.0,69835.0,69835.0,3
2026-10-02 09:03:00-04:00,69860.0,69860.0,69875.0,69845.0,69845.0,48
2026-10-02 09:04:00-04:00,69865.0,69865.0,69885.0,69850.0,69855.0,41
2026-10-02 09:05:00-04:00,69870.0,69870.0,69885.0,69855.0,69855.0,48
2026-10-02 09:06:00-04:00,69850.0,69850.0,69875.0,69850.0,69875.0,5
2026-10-02 09:07:00-04:00,69790.0,69790.0,69845.0,69790.0,69845.0,5
2026-10-02 09:08:00-04:00,69810.0,69810.0,69815.0,69770.0,69795.0,35
2026-10-02 09:09:00-04:00,69820.0,69820.0,69830.0,69820.0,69820.0,7
2026-10-02 09:10:00-04:00,69820.0,69820.0,69820.0,69805.0,69810.0,7
2026-10-02 09:11:00-04:00,69805.0,69805.0,69815.0,69800.0,69805.0,25
2026-10-02 09:12:00-04:00,69815.0,69815.0,69825.0,69805.0,69815.0,24
2026-10-02 09:13:00-04:00,69800.0,69800.0,69840.0,69800.0,69815.0,35
2026-10-02 09:14:00-04:00,69795.0,69795.0,69815.0,69795.0,69805.0,8
2026-10-02 09:15:00-04:00,69775.0,69775.0,69800.0,69775.0,69800.0,24
2026-10-02 09:16:00-04:00,69770.0,69770.0,69795.0,69770.0,69785.0,9
2026-10-02 09:17:00-04:00,69800.0,69800.0,69800.0,69790.0,69795.0,8
2026-10-02 09:18:00-04:00,69805.0,69805.0,69805.0,69805.0,69805.0,2
2026-10-02 09:19:00-04:00,69795.0,69795.0,69810.0,69790.0,69790.0,16
2026-10-02 09:20:00-04:00,69790.0,69790.0,69795.0,69790.0,69790.0,3
2026-10-02 09:21:00-04:00,69790.0,69790.0,69800.0,69790.0,69800.0,6
2026-10-02 09:22:00-04:00,69780.0,69780.0,69790.0,69775.0,69790.0,13
2026-10-02 09:23:00-04:00,69775.0,69775.0,69785.0,69770.0,69775.0,7
2026-10-02 09:24:00-04:00,69790.0,69790.0,69790.0,69760.0,69770.0,11
2026-10-02 09:25:00-04:00,69820.0,69820.0,69825.0,69780.0,69805.0,41
2026-10-02 09:26:00-04:00,69845.0,69845.0,69855.0,69830.0,69830.0,34
2026-10-02 09:27:00-04:00,69825.0,69825.0,69830.0,69810.0,69825.0,8
2026-10-02 09:28:00-04:00,69810.0,69810.0,69845.0,69810.0,69840.0,20
2026-10-02 09:29:00-04:00,69800.0,69800.0,69800.0,69790.0,69800.0,13
2026-10-02 09:30:00-04:00,69730.0,69730.0,69820.0,69730.0,69810.0,62
2026-10-02 09:31:00-04:00,69695.0,69695.0,69740.0,69685.0,69730.0,51
2026-10-02 09:32:00-04:00,69665.0,69665.0,69710.0,69665.0,69705.0,42
2026-10-02 09:33:00-04:00,69720.0,69720.0,69725.0,69685.0,69685.0,24
2026-10-02 09:34:00-04:00,69760.0,69760.0,69760.0,69720.0,69730.0,16
2026-10-02 09:35:00-04:00,69755.0,69755.0,69795.0,69750.0,69795.0,23
2026-10-02 09:36:00-04:00,69800.0,69800.0,69800.0,69725.0,69755.0,24
2026-10-02 09:37:00-04:00,69855.0,69855.0,69870.0,69825.0,69825.0,74
2026-10-02 09:38:00-04:00,69860.0,69860.0,69865.0,69845.0,69850.0,31
2026-10-02 09:39:00-04:00,69850.0,69850.0,69855.0,69820.0,69840.0,28
2026-10-02 09:40:00-04:00,69835.0,69835.0,69845.0,69815.0,69845.0,18
2026-10-02 09:41:00-04:00,69815.0,69815.0,69835.0,69785.0,69825.0,31
2026-10-02 09:42:00-04:00,69820.0,69820.0,69830.0,69800.0,69820.0,17
2026-10-02 09:43:00-04:00,69860.0,69860.0,69880.0,69820.0,69820.0,40
2026-10-02 09:44:00-04:00,69885.0,69885.0,69885.0,69820.0,69840.0,45
2026-10-02 09:45:00-04:00,69900.0,69900.0,69925.0,69880.0,69890.0,34
2026-10-02 09:46:00-04:00,69920.0,69920.0,69925.0,69905.0,69905.0,21
2026-10-02 09:47:00-04:00,69950.0,69950.0,69965.0,69925.0,69925.0,56
2026-10-02 09:48:00-04:00,69875.0,69875.0,69950.0,69875.0,69945.0,120
2026-10-02 09:49:00-04:00,69905.0,69905.0,69905.0,69875.0,69880.0,40
2026-10-02 09:50:00-04:00,69920.0,69920.0,69920.0,69890.0,69905.0,16
2026-10-02 09:51:00-04:00,69900.0,69900.0,69900.0,69880.0,69895.0,43
2026-10-02 09:52:00-04:00,69900.0,69900.0,69920.0,69885.0,69915.0,33
2026-10-02 09:53:00-04:00,69885.0,69885.0,69890.0,69880.0,69890.0,12
2026-10-02 09:54:00-04:00,69825.0,69825.0,69895.0,69820.0,69895.0,7
2026-10-02 09:55:00-04:00,69780.0,69780.0,69810.0,69750.0,69800.0,31
2026-10-02 09:56:00-04:00,69745.0,69745.0,69760.0,69735.0,69745.0,36
2026-10-02 09:57:00-04:00,69765.0,69765.0,69830.0,69730.0,69730.0,143
2026-10-02 09:58:00-04:00,69830.0,69830.0,69860.0,69765.0,69765.0,77
2026-10-02 09:59:00-04:00,69850.0,69850.0,69855.0,69790.0,69825.0,22
2026-10-02 10:00:00-04:00,69830.0,69830.0,69845.0,69780.0,69845.0,33
2026-10-02 10:01:00-04:00,69940.0,69940.0,69945.0,69830.0,69840.0,31
2026-10-02 10:02:00-04:00,69950.0,69950.0,70005.0,69945.0,69945.0,71
2026-10-02 10:03:00-04:00,70025.0,70025.0,70025.0,69950.0,69960.0,45
2026-10-02 10:04:00-04:00,70110.0,70110.0,70115.0,70025.0,70030.0,99
2026-10-02 10:05:00-04:00,70095.0,70095.0,70155.0,70095.0,70105.0,133
2026-10-02 10:06:00-04:00,70085.0,70085.0,70125.0,70080.0,70090.0,23
2026-10-02 10:07:00-04:00,70090.0,70090.0,70105.0,70065.0,70085.0,42
2026-10-02 10:08:00-04:00,70140.0,70140.0,70155.0,70055.0,70085.0,62
2026-10-02 10:09:00-04:00,70125.0,70125.0,70180.0,70125.0,70145.0,60
2026-10-02 10:10:00-04:00,70165.0,70165.0,70180.0,70115.0,70125.0,15
2026-10-02 10:11:00-04:00,70105.0,70105.0,70170.0,70105.0,70170.0,29
2026-10-02 10:12:00-04:00,70105.0,70105.0,70120.0,70100.0,70110.0,22
2026-10-02 10:13:00-04:00,70100.0,70100.0,70105.0,70085.0,70105.0,11
2026-10-02 10:14:00-04:00,70100.0,70100.0,70100.0,70075.0,70090.0,46
2026-10-02 10:15:00-04:00,70090.0,70090.0,70115.0,70090.0,70110.0,8
2026-10-02 10:16:00-04:00,70085.0,70085.0,70090.0,70070.0,70085.0,16
2026-10-02 10:17:00-04:00,70115.0,70115.0,70145.0,70075.0,70080.0,44
2026-10-02 10:18:00-04:00,70135.0,70135.0,70160.0,70115.0,70130.0,36
2026-10-02 10:19:00-04:00,70140.0,70140.0,70150.0,70130.0,70135.0,16
2026-10-02 10:20:00-04:00,70135.0,70135.0,70160.0,70135.0,70160.0,7
2026-10-02 10:21:00-04:00,70090.0,70090.0,70125.0,70090.0,70125.0,12
2026-10-02 10:22:00-04:00,70090.0,70090.0,70090.0,70080.0,70080.0,12
2026-10-02 10:23:00-04:00,70090.0,70090.0,70110.0,70090.0,70100.0,30
2026-10-02 10:24:00-04:00,70140.0,70140.0,70140.0,70105.0,70105.0,13
2026-10-02 10:25:00-04:00,70135.0,70135.0,70150.0,70115.0,70150.0,15
2026-10-02 10:26:00-04:00,70165.0,70165.0,70170.0,70130.0,70140.0,25
2026-10-02 10:27:00-04:00,70155.0,70155.0,70160.0,70150.0,70155.0,10
2026-10-02 10:28:00-04:00,70145.0,70145.0,70150.0,70135.0,70135.0,12
2026-10-02 10:29:00-04:00,70145.0,70145.0,70160.0,70140.0,70145.0,23
2026-10-02 10:30:00-04:00,70125.0,70125.0,70150.0,70100.0,70150.0,101
2026-10-02 10:31:00-04:00,70160.0,70160.0,70160.0,70120.0,70125.0,59
2026-10-02 10:32:00-04:00,70140.0,70140.0,70175.0,70140.0,70175.0,35
2026-10-02 10:33:00-04:00,70150.0,70150.0,70155.0,70135.0,70135.0,15
2026-10-02 10:34:00-04:00,70145.0,70145.0,70145.0,70120.0,70145.0,25
2026-10-02 10:35:00-04:00,70125.0,70125.0,70140.0,70115.0,70140.0,39
2026-10-02 10:36:00-04:00,70135.0,70135.0,70145.0,70125.0,70135.0,21
2026-10-02 10:37:00-04:00,70125.0,70125.0,70140.0,70115.0,70140.0,18
2026-10-02 10:38:00-04:00,70125.0,70125.0,70150.0,70115.0,70115.0,14
2026-10-02 10:39:00-04:00,70130.0,70130.0,70130.0,70115.0,70125.0,15
2026-10-02 10:40:00-04:00,70120.0,70120.0,70135.0,70110.0,70135.0,39
2026-10-02 10:41:00-04:00,70130.0,70130.0,70130.0,70115.0,70130.0,29
2026-10-02 10:42:00-04:00,70110.0,70110.0,70150.0,70100.0,70135.0,54
2026-10-02 10:43:00-04:00,70090.0,70090.0,70110.0,70080.0,70095.0,35
2026-10-02 10:44:00-04:00,70080.0,70080.0,70090.0,70065.0,70085.0,17
2026-10-02 10:45:00-04:00,70050.0,70050.0,70070.0,70030.0,70040.0,32
2026-10-02 10:46:00-04:00,70060.0,70060.0,70080.0,70045.0,70045.0,29
2026-10-02 10:47:00-04:00,70065.0,70065.0,70070.0,70045.0,70055.0,5
2026-10-02 10:48:00-04:00,70095.0,70095.0,70100.0,70065.0,70075.0,18
2026-10-02 10:49:00-04:00,70090.0,70090.0,70090.0,70085.0,70090.0,5
2026-10-02 10:50:00-04:00,69995.0,69995.0,70065.0,69990.0,70065.0,47
2026-10-02 10:51:00-04:00,70015.0,70015.0,70020.0,69990.0,69990.0,71
2026-10-02 10:52:00-04:00,69980.0,69980.0,70010.0,69980.0,70005.0,127
2026-10-02 10:53:00-04:00,69965.0,69965.0,69995.0,69965.0,69990.0,26
2026-10-02 10:54:00-04:00,69920.0,69920.0,69970.0,69920.0,69970.0,25
2026-10-02 10:55:00-04:00,69965.0,69965.0,69965.0,69915.0,69915.0,17
2026-10-02 10:56:00-04:00,69985.0,69985.0,69985.0,69960.0,69965.0,13
2026-10-02 10:57:00-04:00,69980.0,69980.0,69980.0,69965.0,69970.0,7
2026-10-02 10:58:00-04:00,69975.0,69975.0,70015.0,69965.0,70015.0,21
2026-10-02 10:59:00-04:00,69970.0,69970.0,69990.0,69970.0,69980.0,16
2026-10-02 11:00:00-04:00,69985.0,69985.0,69995.0,69980.0,69990.0,27
2026-10-02 11:01:00-04:00,69990.0,69990.0,69990.0,69975.0,69980.0,9
2026-10-02 11:02:00-04:00,69950.0,69950.0,69990.0,69935.0,69990.0,29
2026-10-02 11:03:00-04:00,69890.0,69890.0,69945.0,69890.0,69940.0,25
2026-10-02 11:04:00-04:00,69870.0,69870.0,69890.0,69855.0,69880.0,46
2026-10-02 11:05:00-04:00,69830.0,69830.0,69885.0,69830.0,69875.0,58
2026-10-02 11:06:00-04:00,69800.0,69800.0,69835.0,69795.0,69815.0,76
2026-10-02 11:07:00-04:00,69755.0,69755.0,69815.0,69755.0,69815.0,67
2026-10-02 11:08:00-04:00,69785.0,69785.0,69785.0,69725.0,69750.0,133
2026-10-02 11:09:00-04:00,69700.0,69700.0,69800.0,69700.0,69800.0,60
2026-10-02 11:10:00-04:00,69690.0,69690.0,69730.0,69675.0,69700.0,17
2026-10-02 11:11:00-04:00,69715.0,69715.0,69715.0,69660.0,69695.0,27
2026-10-02 11:12:00-04:00,69650.0,69650.0,69720.0,69640.0,69720.0,79
2026-10-02 11:13:00-04:00,69670.0,69670.0,69685.0,69650.0,69650.0,34
2026-10-02 11:14:00-04:00,69695.0,69695.0,69705.0,69665.0,69680.0,37
2026-10-02 11:15:00-04:00,69640.0,69640.0,69720.0,69640.0,69685.0,41
2026-10-02 11:16:00-04:00,69560.0,69560.0,69630.0,69555.0,69620.0,114
2026-10-02 11:17:00-04:00,69560.0,69560.0,69580.0,69555.0,69565.0,29
2026-10-02 11:18:00-04:00,69560.0,69560.0,69585.0,69535.0,69545.0,42
2026-10-02 11:19:00-04:00,69555.0,69555.0,69595.0,69545.0,69570.0,43
2026-10-02 11:20:00-04:00,69510.0,69510.0,69560.0,69510.0,69560.0,19
2026-10-02 11:21:00-04:00,69545.0,69545.0,69545.0,69515.0,69515.0,21
2026-10-02 11:22:00-04:00,69550.0,69550.0,69560.0,69545.0,69555.0,11
2026-10-02 11:23:00-04:00,69550.0,69550.0,69565.0,69530.0,69555.0,14
2026-10-02 11:24:00-04:00,69440.0,69440.0,69555.0,69430.0,69545.0,93
2026-10-02 11:25:00-04:00,69465.0,69465.0,69465.0,69415.0,69425.0,50
2026-10-02 11:26:00-04:00,69525.0,69525.0,69530.0,69470.0,69480.0,23
2026-10-02 11:27:00-04:00,69560.0,69560.0,69580.0,69530.0,69530.0,38
2026-10-02 11:28:00-04:00,69585.0,69585.0,69590.0,69550.0,69560.0,52
2026-10-02 11:29:00-04:00,69610.0,69610.0,69620.0,69560.0,69575.0,24
2026-10-02 11:30:00-04:00,69585.0,69585.0,69620.0,69565.0,69620.0,113
2026-10-02 11:31:00-04:00,69625.0,69625.0,69630.0,69590.0,69590.0,24
2026-10-02 11:32:00-04:00,69650.0,69650.0,69650.0,69625.0,69630.0,46
2026-10-02 11:33:00-04:00,69675.0,69675.0,69675.0,69625.0,69640.0,28
2026-10-02 11:34:00-04:00,69680.0,69680.0,69700.0,69675.0,69675.0,33
2026-10-02 11:35:00-04:00,69685.0,69685.0,69690.0,69675.0,69685.0,12
2026-10-02 11:36:00-04:00,69675.0,69675.0,69700.0,69660.0,69670.0,106
2026-10-02 11:37:00-04:00,69650.0,69650.0,69690.0,69650.0,69690.0,36
2026-10-02 11:38:00-04:00,69665.0,69665.0,69670.0,69650.0,69655.0,9
2026-10-02 11:39:00-04:00,69680.0,69680.0,69690.0,69680.0,69685.0,12
2026-10-02 11:40:00-04:00,69700.0,69700.0,69705.0,69680.0,69690.0,20
2026-10-02 11:41:00-04:00,69635.0,69635.0,69650.0,69630.0,69650.0,17
2026-10-02 11:42:00-04:00,69690.0,69690.0,69690.0,69645.0,69645.0,3
2026-10-02 11:43:00-04:00,69675.0,69675.0,69700.0,69670.0,69695.0,13
2026-10-02 11:44:00-04:00,69685.0,69685.0,69695.0,69675.0,69690.0,46
2026-10-02 11:45:00-04:00,69690.0,69690.0,69715.0,69690.0,69695.0,66
2026-10-02 11:46:00-04:00,69710.0,69710.0,69720.0,69685.0,69695.0,22
2026-10-02 11:47:00-04:00,69720.0,69720.0,69720.0,69720.0,69720.0,1
2026-10-02 11:48:00-04:00,69730.0,69730.0,69740.0,69725.0,69725.0,6
2026-10-02 11:49:00-04:00,69710.0,69710.0,69730.0,69710.0,69715.0,7
2026-10-02 11:50:00-04:00,69700.0,69700.0,69725.0,69700.0,69725.0,9
2026-10-02 11:51:00-04:00,69740.0,69740.0,69750.0,69700.0,69700.0,14
2026-10-02 11:52:00-04:00,69740.0,69740.0,69755.0,69725.0,69730.0,10
2026-10-02 11:53:00-04:00,69740.0,69740.0,69740.0,69730.0,69740.0,3
2026-10-02 11:54:00-04:00,69705.0,69705.0,69725.0,69700.0,69715.0,18
2026-10-02 11:55:00-04:00,69735.0,69735.0,69735.0,69710.0,69715.0,6
2026-10-02 11:56:00-04:00,69725.0,69725.0,69765.0,69715.0,69750.0,21
2026-10-02 11:57:00-04:00,69715.0,69715.0,69715.0,69695.0,69715.0,18
2026-10-02 11:58:00-04:00,69740.0,69740.0,69750.0,69735.0,69740.0,6
2026-10-02 11:59:00-04:00,69775.0,69775.0,69775.0,69740.0,69750.0,78
2026-10-02 12:00:00-04:00,69800.0,69800.0,69800.0,69785.0,69790.0,23
2026-10-02 12:01:00-04:00,69815.0,69815.0,69825.0,69785.0,69805.0,16
2026-10-02 12:02:00-04:00,69810.0,69810.0,69825.0,69755.0,69810.0,97
2026-10-02 12:03:00-04:00,69770.0,69770.0,69815.0,69770.0,69815.0,21
2026-10-02 12:04:00-04:00,69795.0,69795.0,69795.0,69745.0,69770.0,18
2026-10-02 12:05:00-04:00,69800.0,69800.0,69800.0,69785.0,69785.0,7
2026-10-02 12:06:00-04:00,69795.0,69795.0,69795.0,69785.0,69790.0,15
2026-10-02 12:07:00-04:00,69820.0,69820.0,69820.0,69820.0,69820.0,1
2026-10-02 12:08:00-04:00,69805.0,69805.0,69810.0,69775.0,69775.0,6
2026-10-02 12:09:00-04:00,69795.0,69795.0,69800.0,69795.0,69800.0,2
2026-10-02 12:10:00-04:00,69785.0,69785.0,69800.0,69785.0,69800.0,2
2026-10-02 12:11:00-04:00,69790.0,69790.0,69790.0,69790.0,69790.0,1
2026-10-02 12:12:00-04:00,69770.0,69770.0,69790.0,69770.0,69780.0,3
2026-10-02 12:13:00-04:00,69805.0,69805.0,69805.0,69775.0,69775.0,8
2026-10-02 12:14:00-04:00,69790.0,69790.0,69810.0,69790.0,69810.0,20
2026-10-02 12:15:00-04:00,69795.0,69795.0,69805.0,69775.0,69775.0,25
2026-10-02 12:16:00-04:00,69820.0,69820.0,69825.0,69795.0,69795.0,7
2026-10-02 12:17:00-04:00,69820.0,69820.0,69830.0,69805.0,69825.0,8
2026-10-02 12:18:00-04:00,69820.0,69820.0,69820.0,69810.0,69810.0,2
2026-10-02 12:19:00-04:00,69820.0,69820.0,69825.0,69815.0,69820.0,6
2026-10-02 12:20:00-04:00,69820.0,69820.0,69820.0,69800.0,69800.0,3
2026-10-02 12:21:00-04:00,69810.0,69810.0,69825.0,69805.0,69825.0,13
2026-10-02 12:22:00-04:00,69790.0,69790.0,69795.0,69765.0,69795.0,36
2026-10-02 12:23:00-04:00,69765.0,69765.0,69780.0,69765.0,69780.0,9
2026-10-02 12:24:00-04:00,69745.0,69745.0,69780.0,69730.0,69780.0,98
2026-10-02 12:25:00-04:00,69740.0,69740.0,69780.0,69735.0,69745.0,37
2026-10-02 12:26:00-04:00,69735.0,69735.0,69760.0,69735.0,69740.0,19
2026-10-02 12:27:00-04:00,69755.0,69755.0,69755.0,69730.0,69735.0,11
2026-10-02 12:28:00-04:00,69755.0,69755.0,69760.0,69750.0,69760.0,4
2026-10-02 12:29:00-04:00,69710.0,69710.0,69740.0,69700.0,69740.0,43
2026-10-02 12:30:00-04:00,69730.0,69730.0,69730.0,69705.0,69705.0,8
2026-10-02 12:31:00-04:00,69710.0,69710.0,69735.0,69710.0,69725.0,51
2026-10-02 12:32:00-04:00,69655.0,69655.0,69710.0,69650.0,69710.0,53
2026-10-02 12:33:00-04:00,69650.0,69650.0,69660.0,69645.0,69660.0,16
2026-10-02 12:34:00-04:00,69660.0,69660.0,69665.0,69640.0,69655.0,38
2026-10-02 12:35:00-04:00,69645.0,69645.0,69660.0,69635.0,69660.0,30
2026-10-02 12:36:00-04:00,69715.0,69715.0,69715.0,69630.0,69630.0,35
2026-10-02 12:37:00-04:00,69700.0,69700.0,69700.0,69700.0,69700.0,3
2026-10-02 12:38:00-04:00,69715.0,69715.0,69720.0,69715.0,69715.0,4
2026-10-02 12:39:00-04:00,69725.0,69725.0,69735.0,69725.0,69735.0,2
2026-10-02 12:40:00-04:00,69670.0,69670.0,69720.0,69670.0,69720.0,8
2026-10-02 12:41:00-04:00,69635.0,69635.0,69675.0,69635.0,69675.0,26
2026-10-02 12:42:00-04:00,69645.0,69645.0,69650.0,69615.0,69630.0,33
2026-10-02 12:43:00-04:00,69645.0,69645.0,69650.0,69640.0,69650.0,4
2026-10-02 12:44:00-04:00,69650.0,69650.0,69665.0,69635.0,69635.0,8
2026-10-02 12:45:00-04:00,69665.0,69665.0,69665.0,69660.0,69660.0,5
2026-10-02 12:46:00-04:00,69675.0,69675.0,69685.0,69675.0,69675.0,9
2026-10-02 12:47:00-04:00,69660.0,69660.0,69680.0,69660.0,69675.0,9
2026-10-02 12:48:00-04:00,69690.0,69690.0,69690.0,69660.0,69660.0,7
2026-10-02 12:49:00-04:00,69690.0,69690.0,69690.0,69685.0,69685.0,6
2026-10-02 12:50:00-04:00,69670.0,69670.0,69690.0,69670.0,69685.0,14
2026-10-02 12:51:00-04:00,69695.0,69695.0,69700.0,69690.0,69690.0,4
2026-10-02 12:52:00-04:00,69740.0,69740.0,69740.0,69700.0,69705.0,13
2026-10-02 12:53:00-04:00,69765.0,69765.0,69765.0,69745.0,69745.0,3
2026-10-02 12:54:00-04:00,69770.0,69770.0,69785.0,69765.0,69770.0,19
2026-10-02 12:55:00-04:00,69785.0,69785.0,69785.0,69765.0,69775.0,10
2026-10-02 12:56:00-04:00,69770.0,69770.0,69775.0,69755.0,69775.0,12
2026-10-02 12:57:00-04:00,69775.0,69775.0,69775.0,69770.0,69775.0,5
2026-10-02 12:58:00-04:00,69780.0,69780.0,69795.0,69760.0,69760.0,12
2026-10-02 12:59:00-04:00,69770.0,69770.0,69775.0,69765.0,69775.0,7
2026-10-02 13:00:00-04:00,69820.0,69820.0,69820.0,69790.0,69790.0,12
2026-10-02 13:01:00-04:00,69815.0,69815.0,69855.0,69815.0,69825.0,24
2026-10-02 13:02:00-04:00,69820.0,69820.0,69820.0,69800.0,69810.0,27
2026-10-02 13:03:00-04:00,69815.0,69815.0,69815.0,69815.0,69815.0,4
2026-10-02 13:04:00-04:00,69820.0,69820.0,69830.0,69810.0,69815.0,8
2026-10-02 13:05:00-04:00,69835.0,69835.0,69840.0,69835.0,69840.0,4
2026-10-02 13:06:00-04:00,69785.0,69785.0,69815.0,69780.0,69815.0,5
2026-10-02 13:07:00-04:00,69770.0,69770.0,69785.0,69765.0,69780.0,14
2026-10-02 13:08:00-04:00,69755.0,69755.0,69790.0,69755.0,69790.0,7
2026-10-02 13:09:00-04:00,69785.0,69785.0,69785.0,69755.0,69755.0,20
2026-10-02 13:10:00-04:00,69800.0,69800.0,69800.0,69785.0,69790.0,9
2026-10-02 13:11:00-04:00,69785.0,69785.0,69805.0,69780.0,69805.0,17
2026-10-02 13:12:00-04:00,69780.0,69780.0,69790.0,69765.0,69785.0,14
2026-10-02 13:13:00-04:00,69775.0,69775.0,69785.0,69775.0,69785.0,10
2026-10-02 13:14:00-04:00,69785.0,69785.0,69790.0,69725.0,69785.0,96
2026-10-02 13:15:00-04:00,69780.0,69780.0,69785.0,69765.0,69775.0,11
2026-10-02 13:16:00-04:00,69825.0,69825.0,69825.0,69785.0,69785.0,11
2026-10-02 13:17:00-04:00,69805.0,69805.0,69825.0,69805.0,69825.0,5
2026-10-02 13:18:00-04:00,69780.0,69780.0,69795.0,69770.0,69795.0,6
2026-10-02 13:19:00-04:00,69795.0,69795.0,69800.0,69785.0,69785.0,19
2026-10-02 13:20:00-04:00,69775.0,69775.0,69795.0,69770.0,69790.0,16
2026-10-02 13:21:00-04:00,69725.0,69725.0,69750.0,69725.0,69750.0,8
2026-10-02 13:22:00-04:00,69720.0,69720.0,69730.0,69710.0,69710.0,8
2026-10-02 13:23:00-04:00,69690.0,69690.0,69720.0,69690.0,69720.0,7
2026-10-02 13:24:00-04:00,69665.0,69665.0,69680.0,69665.0,69665.0,7
2026-10-02 13:25:00-04:00,69660.0,69660.0,69680.0,69655.0,69675.0,21
2026-10-02 13:26:00-04:00,69620.0,69620.0,69650.0,69620.0,69645.0,16
2026-10-02 13:27:00-04:00,69620.0,69620.0,69630.0,69610.0,69625.0,21
2026-10-02 13:28:00-04:00,69620.0,69620.0,69635.0,69605.0,69620.0,23
2026-10-02 13:29:00-04:00,69600.0,69600.0,69630.0,69590.0,69630.0,23
2026-10-02 13:30:00-04:00,69620.0,69620.0,69645.0,69605.0,69605.0,10
2026-10-02 13:31:00-04:00,69675.0,69675.0,69675.0,69635.0,69635.0,8
2026-10-02 13:32:00-04:00,69685.0,69685.0,69685.0,69660.0,69680.0,42
2026-10-02 13:33:00-04:00,69690.0,69690.0,69690.0,69685.0,69685.0,2
2026-10-02 13:34:00-04:00,69690.0,69690.0,69715.0,69685.0,69700.0,11
2026-10-02 13:35:00-04:00,69690.0,69690.0,69695.0,69680.0,69690.0,9
2026-10-02 13:36:00-04:00,69660.0,69660.0,69685.0,69660.0,69680.0,3
2026-10-02 13:37:00-04:00,69685.0,69685.0,69690.0,69670.0,69670.0,6
2026-10-02 13:38:00-04:00,69695.0,69695.0,69695.0,69690.0,69690.0,8
2026-10-02 13:39:00-04:00,69695.0,69695.0,69695.0,69695.0,69695.0,1
2026-10-02 13:40:00-04:00,69705.0,69705.0,69705.0,69705.0,69705.0,2
2026-10-02 13:41:00-04:00,69705.0,69705.0,69705.0,69685.0,69685.0,15
2026-10-02 13:42:00-04:00,69695.0,69695.0,69700.0,69685.0,69700.0,18
2026-10-02 13:43:00-04:00,69700.0,69700.0,69700.0,69690.0,69695.0,7
2026-10-02 13:44:00-04:00,69725.0,69725.0,69725.0,69705.0,69705.0,3
2026-10-02 13:45:00-04:00,69715.0,69715.0,69745.0,69715.0,69720.0,5
2026-10-02 13:46:00-04:00,69725.0,69725.0,69725.0,69725.0,69725.0,1
2026-10-02 13:47:00-04:00,69725.0,69725.0,69730.0,69725.0,69730.0,4
2026-10-02 13:48:00-04:00,69730.0,69730.0,69730.0,69720.0,69720.0,4
2026-10-02 13:49:00-04:00,69750.0,69750.0,69750.0,69750.0,69750.0,1
2026-10-02 13:50:00-04:00,69740.0,69740.0,69750.0,69675.0,69750.0,96
2026-10-02 13:51:00-04:00,69775.0,69775.0,69785.0,69755.0,69755.0,15
2026-10-02 13:52:00-04:00,69765.0,69765.0,69770.0,69765.0,69765.0,4
2026-10-02 13:54:00-04:00,69780.0,69780.0,69780.0,69780.0,69780.0,1
2026-10-02 13:55:00-04:00,69770.0,69770.0,69770.0,69765.0,69765.0,3
2026-10-02 13:56:00-04:00,69770.0,69770.0,69770.0,69770.0,69770.0,1
2026-10-02 13:57:00-04:00,69745.0,69745.0,69760.0,69745.0,69755.0,7
2026-10-02 13:58:00-04:00,69750.0,69750.0,69765.0,69725.0,69725.0,23
2026-10-02 14:00:00-04:00,69765.0,69765.0,69770.0,69760.0,69770.0,4
2026-10-02 14:01:00-04:00,69760.0,69760.0,69760.0,69760.0,69760.0,4
2026-10-02 14:02:00-04:00,69735.0,69735.0,69760.0,69735.0,69760.0,4
2026-10-02 14:03:00-04:00,69745.0,69745.0,69745.0,69745.0,69745.0,1
2026-10-02 14:04:00-04:00,69765.0,69765.0,69765.0,69765.0,69765.0,1
2026-10-02 14:07:00-04:00,69755.0,69755.0,69755.0,69755.0,69755.0,1
2026-10-02 14:08:00-04:00,69750.0,69750.0,69755.0,69750.0,69755.0,7
2026-10-02 14:10:00-04:00,69755.0,69755.0,69755.0,69755.0,69755.0,1
2026-10-02 14:11:00-04:00,69770.0,69770.0,69770.0,69755.0,69755.0,3
2026-10-02 14:12:00-04:00,69765.0,69765.0,69765.0,69760.0,69760.0,2
2026-10-02 14:13:00-04:00,69785.0,69785.0,69785.0,69775.0,69775.0,3
2026-10-02 14:14:00-04:00,69795.0,69795.0,69795.0,69790.0,69790.0,4
2026-10-02 14:15:00-04:00,69780.0,69780.0,69785.0,69780.0,69780.0,15
2026-10-02 14:16:00-04:00,69755.0,69755.0,69785.0,69755.0,69785.0,8
2026-10-02 14:17:00-04:00,69755.0,69755.0,69760.0,69755.0,69760.0,3
2026-10-02 14:18:00-04:00,69745.0,69745.0,69755.0,69735.0,69735.0,9
2026-10-02 14:19:00-04:00,69745.0,69745.0,69745.0,69740.0,69740.0,3
2026-10-02 14:20:00-04:00,69745.0,69745.0,69755.0,69745.0,69745.0,4
2026-10-02 14:21:00-04:00,69745.0,69745.0,69745.0,69745.0,69745.0,3
2026-10-02 14:22:00-04:00,69735.0,69735.0,69735.0,69735.0,69735.0,4
2026-10-02 14:23:00-04:00,69705.0,69705.0,69730.0,69705.0,69715.0,7
2026-10-02 14:24:00-04:00,69705.0,69705.0,69705.0,69705.0,69705.0,3
2026-10-02 14:25:00-04:00,69730.0,69730.0,69730.0,69715.0,69715.0,3
2026-10-02 14:26:00-04:00,69725.0,69725.0,69725.0,69725.0,69725.0,2
2026-10-02 14:27:00-04:00,69700.0,69700.0,69730.0,69700.0,69730.0,9
2026-10-02 14:28:00-04:00,69745.0,69745.0,69745.0,69725.0,69725.0,15
2026-10-02 14:29:00-04:00,69740.0,69740.0,69740.0,69740.0,69740.0,1
2026-10-02 14:30:00-04:00,69750.0,69750.0,69755.0,69740.0,69740.0,6
2026-10-02 14:31:00-04:00,69735.0,69735.0,69755.0,69735.0,69755.0,6
2026-10-02 14:32:00-04:00,69780.0,69780.0,69780.0,69735.0,69735.0,7
2026-10-02 14:33:00-04:00,69780.0,69780.0,69795.0,69780.0,69790.0,8
2026-10-02 14:34:00-04:00,69775.0,69775.0,69775.0,69770.0,69775.0,14
2026-10-02 14:35:00-04:00,69770.0,69770.0,69770.0,69760.0,69765.0,12
2026-10-02 14:36:00-04:00,69785.0,69785.0,69785.0,69780.0,69780.0,2
2026-10-02 14:37:00-04:00,69790.0,69790.0,69800.0,69790.0,69800.0,3
2026-10-02 14:38:00-04:00,69780.0,69780.0,69780.0,69765.0,69770.0,9
2026-10-02 14:39:00-04:00,69755.0,69755.0,69765.0,69755.0,69765.0,8
2026-10-02 14:40:00-04:00,69745.0,69745.0,69750.0,69740.0,69750.0,20
2026-10-02 14:41:00-04:00,69760.0,69760.0,69765.0,69760.0,69765.0,10
2026-10-02 14:42:00-04:00,69780.0,69780.0,69780.0,69775.0,69775.0,2
2026-10-02 14:43:00-04:00,69780.0,69780.0,69800.0,69780.0,69795.0,8
2026-10-02 14:44:00-04:00,69770.0,69770.0,69775.0,69765.0,69775.0,5
2026-10-02 14:45:00-04:00,69775.0,69775.0,69775.0,69765.0,69765.0,9
2026-10-02 14:46:00-04:00,69770.0,69770.0,69770.0,69760.0,69770.0,4
2026-10-02 14:47:00-04:00,69770.0,69770.0,69770.0,69770.0,69770.0,1
2026-10-02 14:48:00-04:00,69750.0,69750.0,69750.0,69750.0,69750.0,3
2026-10-02 14:49:00-04:00,69770.0,69770.0,69780.0,69765.0,69770.0,22
2026-10-02 14:50:00-04:00,69765.0,69765.0,69765.0,69755.0,69755.0,5
2026-10-02 14:51:00-04:00,69770.0,69770.0,69770.0,69770.0,69770.0,2
2026-10-02 14:52:00-04:00,69765.0,69765.0,69765.0,69765.0,69765.0,1
2026-10-02 14:53:00-04:00,69770.0,69770.0,69770.0,69770.0,69770.0,3
2026-10-02 14:54:00-04:00,69775.0,69775.0,69775.0,69775.0,69775.0,1
2026-10-02 14:56:00-04:00,69760.0,69760.0,69775.0,69760.0,69770.0,10
2026-10-02 14:57:00-04:00,69770.0,69770.0,69770.0,69770.0,69770.0,1
2026-10-02 14:58:00-04:00,69770.0,69770.0,69775.0,69770.0,69775.0,4
2026-10-02 14:59:00-04:00,69765.0,69765.0,69775.0,69760.0,69775.0,12
2026-10-02 15:00:00-04:00,69790.0,69790.0,69800.0,69770.0,69770.0,28
2026-10-02 15:01:00-04:00,69780.0,69780.0,69780.0,69775.0,69775.0,5
2026-10-02 15:02:00-04:00,69770.0,69770.0,69775.0,69770.0,69775.0,7
2026-10-02 15:03:00-04:00,69780.0,69780.0,69780.0,69765.0,69765.0,5
2026-10-02 15:04:00-04:00,69790.0,69790.0,69790.0,69790.0,69790.0,2
2026-10-02 15:06:00-04:00,69795.0,69795.0,69795.0,69795.0,69795.0,4
2026-10-02 15:07:00-04:00,69785.0,69785.0,69800.0,69780.0,69800.0,7
2026-10-02 15:08:00-04:00,69780.0,69780.0,69780.0,69775.0,69775.0,2
2026-10-02 15:09:00-04:00,69785.0,69785.0,69785.0,69780.0,69780.0,3
2026-10-02 15:10:00-04:00,69805.0,69805.0,69805.0,69790.0,69795.0,7
2026-10-02 15:11:00-04:00,69795.0,69795.0,69810.0,69795.0,69810.0,7
2026-10-02 15:12:00-04:00,69795.0,69795.0,69805.0,69775.0,69800.0,63
2026-10-02 15:13:00-04:00,69810.0,69810.0,69820.0,69790.0,69805.0,59
2026-10-02 15:14:00-04:00,69810.0,69810.0,69815.0,69800.0,69815.0,14
2026-10-02 15:15:00-04:00,69810.0,69810.0,69815.0,69795.0,69810.0,43
2026-10-02 15:16:00-04:00,69790.0,69790.0,69810.0,69770.0,69810.0,88
2026-10-02 15:17:00-04:00,69785.0,69785.0,69810.0,69780.0,69795.0,54
2026-10-02 15:18:00-04:00,69805.0,69805.0,69810.0,69770.0,69780.0,63
2026-10-02 15:19:00-04:00,69790.0,69790.0,69815.0,69790.0,69815.0,50
2026-10-02 15:20:00-04:00,69805.0,69805.0,69820.0,69800.0,69800.0,27
2026-10-02 15:21:00-04:00,69815.0,69815.0,69820.0,69795.0,69810.0,83
2026-10-02 15:22:00-04:00,69810.0,69810.0,69825.0,69795.0,69810.0,60
2026-10-02 15:23:00-04:00,69815.0,69815.0,69820.0,69795.0,69805.0,38
2026-10-02 15:24:00-04:00,69850.0,69850.0,69850.0,69810.0,69815.0,37
2026-10-02 15:25:00-04:00,69865.0,69865.0,69885.0,69860.0,69860.0,43
2026-10-02 15:26:00-04:00,69865.0,69865.0,69875.0,69860.0,69875.0,36
2026-10-02 15:27:00-04:00,69850.0,69850.0,69860.0,69845.0,69855.0,27
2026-10-02 15:28:00-04:00,69860.0,69860.0,69860.0,69850.0,69855.0,7
2026-10-02 15:29:00-04:00,69870.0,69870.0,69870.0,69845.0,69855.0,37
2026-10-02 15:30:00-04:00,69890.0,69890.0,69890.0,69855.0,69870.0,125
2026-10-02 15:31:00-04:00,69860.0,69860.0,69900.0,69860.0,69880.0,27
2026-10-02 15:32:00-04:00,69850.0,69850.0,69855.0,69835.0,69855.0,48
2026-10-02 15:33:00-04:00,69850.0,69850.0,69850.0,69850.0,69850.0,7
2026-10-02 15:34:00-04:00,69880.0,69880.0,69885.0,69875.0,69880.0,17
2026-10-02 15:35:00-04:00,69880.0,69880.0,69885.0,69875.0,69885.0,12
2026-10-02 15:36:00-04:00,69900.0,69900.0,69920.0,69885.0,69885.0,21
2026-10-02 15:37:00-04:00,69900.0,69900.0,69900.0,69890.0,69895.0,15
2026-10-02 15:38:00-04:00,69915.0,69915.0,69925.0,69900.0,69900.0,7
2026-10-02 15:39:00-04:00,69880.0,69880.0,69895.0,69880.0,69895.0,3
2026-10-02 15:40:00-04:00,69895.0,69895.0,69895.0,69885.0,69890.0,14
2026-10-02 15:41:00-04:00,69895.0,69895.0,69900.0,69895.0,69895.0,7
2026-10-02 15:42:00-04:00,69885.0,69885.0,69885.0,69885.0,69885.0,1
2026-10-02 15:43:00-04:00,69890.0,69890.0,69890.0,69870.0,69870.0,18
2026-10-02 15:44:00-04:00,69900.0,69900.0,69900.0,69890.0,69890.0,11
2026-10-02 15:45:00-04:00,69920.0,69920.0,69940.0,69905.0,69905.0,49
2026-10-02 15:46:00-04:00,69935.0,69935.0,69940.0,69925.0,69925.0,9
2026-10-02 15:47:00-04:00,69950.0,69950.0,69955.0,69945.0,69945.0,21
2026-10-02 15:48:00-04:00,69940.0,69940.0,69945.0,69935.0,69945.0,18
2026-10-02 15:49:00-04:00,69915.0,69915.0,69940.0,69905.0,69940.0,29
2026-10-02 15:50:00-04:00,69950.0,69950.0,69960.0,69910.0,69915.0,98
2026-10-02 15:51:00-04:00,69950.0,69950.0,69965.0,69950.0,69955.0,19
2026-10-02 15:52:00-04:00,69935.0,69935.0,69945.0,69925.0,69945.0,17
2026-10-02 15:53:00-04:00,69935.0,69935.0,69940.0,69925.0,69925.0,9
2026-10-02 15:54:00-04:00,69920.0,69920.0,69940.0,69900.0,69940.0,72
2026-10-02 15:55:00-04:00,69900.0,69900.0,69930.0,69900.0,69920.0,30
2026-10-02 15:56:00-04:00,69905.0,69905.0,69915.0,69895.0,69900.0,36
2026-10-02 15:57:00-04:00,69920.0,69920.0,69930.0,69905.0,69905.0,47
2026-10-02 15:58:00-04:00,69925.0,69925.0,69935.0,69915.0,69920.0,53
2026-10-02 15:59:00-04:00,69920.0,69920.0,69930.0,69890.0,69920.0,251
2026-10-02 16:00:00-04:00,69930.0,69930.0,69950.0,69905.0,69925.0,57
2026-10-02 16:01:00-04:00,69920.0,69920.0,69925.0,69905.0,69925.0,51
2026-10-02 16:02:00-04:00,69920.0,69920.0,69925.0,69920.0,69925.0,10
2026-10-02 16:03:00-04:00,69905.0,69905.0,69910.0,69885.0,69910.0,13
2026-10-02 16:04:00-04:00,69905.0,69905.0,69905.0,69900.0,69905.0,5
2026-10-02 16:05:00-04:00,69895.0,69895.0,69895.0,69875.0,69880.0,5
2026-10-02 16:06:00-04:00,69880.0,69880.0,69890.0,69875.0,69890.0,11
2026-10-02 16:07:00-04:00,69885.0,69885.0,69890.0,69880.0,69880.0,7
2026-10-02 16:08:00-04:00,69880.0,69880.0,69885.0,69880.0,69885.0,3
2026-10-02 16:09:00-04:00,69875.0,69875.0,69885.0,69875.0,69880.0,7
2026-10-02 16:10:00-04:00,69865.0,69865.0,69865.0,69865.0,69865.0,1
2026-10-02 16:12:00-04:00,69870.0,69870.0,69870.0,69870.0,69870.0,1
2026-10-02 16:13:00-04:00,69885.0,69885.0,69890.0,69885.0,69890.0,5
2026-10-02 16:14:00-04:00,69900.0,69900.0,69900.0,69890.0,69890.0,3
2026-10-02 16:15:00-04:00,69875.0,69875.0,69880.0,69875.0,69880.0,2
2026-10-02 16:16:00-04:00,69875.0,69875.0,69875.0,69875.0,69875.0,2
2026-10-02 16:17:00-04:00,69870.0,69870.0,69870.0,69870.0,69870.0,1
2026-10-02 16:18:00-04:00,69870.0,69870.0,69870.0,69865.0,69865.0,2
2026-10-02 16:20:00-04:00,69845.0,69845.0,69845.0,69835.0,69845.0,3
2026-10-02 16:21:00-04:00,69850.0,69850.0,69850.0,69850.0,69850.0,3
2026-10-02 16:22:00-04:00,69835.0,69835.0,69840.0,69830.0,69840.0,6
2026-10-02 16:23:00-04:00,69845.0,69845.0,69845.0,69830.0,69830.0,8
2026-10-02 16:24:00-04:00,69850.0,69850.0,69850.0,69850.0,69850.0,1
2026-10-02 16:25:00-04:00,69850.0,69850.0,69850.0,69850.0,69850.0,1
2026-10-02 16:26:00-04:00,69865.0,69865.0,69865.0,69865.0,69865.0,1
2026-10-02 16:28:00-04:00,69870.0,69870.0,69870.0,69870.0,69870.0,1
2026-10-02 16:31:00-04:00,69850.0,69850.0,69860.0,69850.0,69860.0,7
2026-10-02 16:32:00-04:00,69860.0,69860.0,69860.0,69860.0,69860.0,1
2026-10-02 16:35:00-04:00,69860.0,69860.0,69860.0,69860.0,69860.0,1
2026-10-02 16:40:00-04:00,69840.0,69840.0,69850.0,69840.0,69850.0,2
2026-10-02 16:41:00-04:00,69835.0,69835.0,69835.0,69835.0,69835.0,1
2026-10-02 16:43:00-04:00,69820.0,69820.0,69825.0,69820.0,69825.0,3
2026-10-02 16:44:00-04:00,69815.0,69815.0,69815.0,69815.0,69815.0,1
2026-10-02 16:45:00-04:00,69810.0,69810.0,69825.0,69810.0,69815.0,14
2026-10-02 16:46:00-04:00,69805.0,69805.0,69810.0,69805.0,69810.0,4
2026-10-02 16:47:00-04:00,69795.0,69795.0,69800.0,69795.0,69800.0,2
2026-10-02 16:49:00-04:00,69810.0,69810.0,69810.0,69805.0,69805.0,3
2026-10-02 16:50:00-04:00,69810.0,69810.0,69815.0,69805.0,69815.0,8
2026-10-02 16:53:00-04:00,69825.0,69825.0,69825.0,69810.0,69810.0,2
2026-10-02 16:54:00-04:00,69830.0,69830.0,69830.0,69830.0,69830.0,2
2026-10-02 16:55:00-04:00,69775.0,69775.0,69830.0,69770.0,69830.0,24
2026-10-02 16:56:00-04:00,69740.0,69740.0,69770.0,69740.0,69770.0,12
2026-10-02 16:57:00-04:00,69750.0,69750.0,69755.0,69750.0,69755.0,2
2026-10-02 16:58:00-04:00,69750.0,69750.0,69770.0,69735.0,69735.0,14
2026-10-02 16:59:00-04:00,69910.0,69910.0,69910.0,69735.0,69735.0,22
2026-10-04 18:10:00-04:00,69735.0,69735.0,69745.0,69735.0,69745.0,0
2026-10-04 18:11:00-04:00,69725.0,69725.0,69730.0,69725.0,69730.0,2
2026-10-04 18:12:00-04:00,69715.0,69715.0,69725.0,69680.0,69725.0,29
2026-10-04 18:13:00-04:00,69750.0,69750.0,69750.0,69725.0,69725.0,3
2026-10-04 18:14:00-04:00,69790.0,69790.0,69805.0,69730.0,69750.0,30
2026-10-04 18:15:00-04:00,69810.0,69810.0,69810.0,69810.0,69810.0,1
2026-10-04 18:16:00-04:00,69790.0,69790.0,69835.0,69790.0,69820.0,18
2026-10-04 18:17:00-04:00,69805.0,69805.0,69805.0,69800.0,69800.0,4
2026-10-04 18:19:00-04:00,69865.0,69865.0,69865.0,69835.0,69835.0,9
2026-10-04 18:20:00-04:00,69865.0,69865.0,69865.0,69865.0,69865.0,7
2026-10-04 18:21:00-04:00,69860.0,69860.0,69870.0,69860.0,69870.0,3
2026-10-04 18:22:00-04:00,69855.0,69855.0,69855.0,69855.0,69855.0,1
2026-10-04 18:23:00-04:00,69845.0,69845.0,69845.0,69835.0,69835.0,2
2026-10-04 18:24:00-04:00,69855.0,69855.0,69855.0,69855.0,69855.0,1
2026-10-04 18:28:00-04:00,69880.0,69880.0,69880.0,69860.0,69860.0,5
2026-10-04 18:30:00-04:00,69900.0,69900.0,69900.0,69900.0,69900.0,2
2026-10-04 18:31:00-04:00,69950.0,69950.0,69950.0,69930.0,69940.0,6
2026-10-04 18:32:00-04:00,69960.0,69960.0,69960.0,69950.0,69950.0,4
2026-10-04 18:34:00-04:00,69965.0,69965.0,69965.0,69940.0,69945.0,7
2026-10-04 18:35:00-04:00,69910.0,69910.0,69980.0,69910.0,69965.0,13
2026-10-04 18:36:00-04:00,69915.0,69915.0,69915.0,69900.0,69900.0,4
2026-10-04 18:40:00-04:00,69935.0,69935.0,69935.0,69925.0,69925.0,3
2026-10-04 18:42:00-04:00,69940.0,69940.0,69940.0,69935.0,69935.0,2
2026-10-04 18:44:00-04:00,69900.0,69900.0,69905.0,69900.0,69905.0,6
2026-10-04 18:57:00-04:00,69905.0,69905.0,69905.0,69905.0,69905.0,1
2026-10-04 19:00:00-04:00,69900.0,69900.0,69940.0,69900.0,69925.0,5
2026-10-04 19:01:00-04:00,69855.0,69855.0,69885.0,69855.0,69885.0,3
2026-10-04 19:02:00-04:00,69845.0,69845.0,69845.0,69840.0,69840.0,3
2026-10-04 19:09:00-04:00,69865.0,69865.0,69865.0,69865.0,69865.0,1
2026-10-04 19:10:00-04:00,69845.0,69845.0,69850.0,69845.0,69850.0,4
2026-10-04 19:11:00-04:00,69860.0,69860.0,69860.0,69845.0,69850.0,7
2026-10-04 19:13:00-04:00,69825.0,69825.0,69860.0,69825.0,69860.0,12
2026-10-04 19:14:00-04:00,69830.0,69830.0,69830.0,69830.0,69830.0,1
2026-10-04 19:15:00-04:00,69830.0,69830.0,69830.0,69825.0,69825.0,6
2026-10-04 19:16:00-04:00,69825.0,69825.0,69825.0,69825.0,69825.0,1
2026-10-04 19:17:00-04:00,69840.0,69840.0,69840.0,69840.0,69840.0,3
2026-10-04 19:18:00-04:00,69855.0,69855.0,69855.0,69840.0,69840.0,2
2026-10-04 19:19:00-04:00,69840.0,69840.0,69855.0,69840.0,69850.0,12
2026-10-04 19:20:00-04:00,69825.0,69825.0,69825.0,69825.0,69825.0,1
2026-10-04 19:21:00-04:00,69830.0,69830.0,69830.0,69830.0,69830.0,1
2026-10-04 19:22:00-04:00,69825.0,69825.0,69825.0,69820.0,69820.0,3
2026-10-04 19:23:00-04:00,69810.0,69810.0,69815.0,69800.0,69810.0,13
2026-10-04 19:25:00-04:00,69830.0,69830.0,69830.0,69825.0,69825.0,2
2026-10-04 19:27:00-04:00,69820.0,69820.0,69820.0,69820.0,69820.0,2
2026-10-04 19:28:00-04:00,69835.0,69835.0,69840.0,69825.0,69825.0,7
2026-10-04 19:29:00-04:00,69835.0,69835.0,69835.0,69830.0,69830.0,5
2026-10-04 19:30:00-04:00,69865.0,69865.0,69880.0,69835.0,69845.0,40
2026-10-04 19:31:00-04:00,69910.0,69910.0,69920.0,69845.0,69860.0,35
2026-10-04 19:32:00-04:00,69910.0,69910.0,69910.0,69895.0,69910.0,8
2026-10-04 19:33:00-04:00,69910.0,69910.0,69910.0,69905.0,69905.0,6
2026-10-04 19:34:00-04:00,69910.0,69910.0,69910.0,69905.0,69905.0,6
2026-10-04 19:35:00-04:00,69910.0,69910.0,69910.0,69900.0,69905.0,14
2026-10-04 19:36:00-04:00,69870.0,69870.0,69905.0,69870.0,69905.0,10
2026-10-04 19:37:00-04:00,69880.0,69880.0,69880.0,69880.0,69880.0,4
2026-10-04 19:38:00-04:00,69875.0,69875.0,69890.0,69875.0,69890.0,7
2026-10-04 19:39:00-04:00,69895.0,69895.0,69900.0,69870.0,69880.0,21
2026-10-04 19:40:00-04:00,69925.0,69925.0,69940.0,69905.0,69905.0,16
2026-10-04 19:41:00-04:00,69905.0,69905.0,69905.0,69905.0,69905.0,4
2026-10-04 19:42:00-04:00,69885.0,69885.0,69895.0,69885.0,69895.0,7
2026-10-04 19:43:00-04:00,69925.0,69925.0,69935.0,69910.0,69910.0,4
2026-10-04 19:44:00-04:00,69905.0,69905.0,69920.0,69880.0,69915.0,24
2026-10-04 19:45:00-04:00,69835.0,69835.0,69955.0,69830.0,69900.0,133
2026-10-04 19:46:00-04:00,69885.0,69885.0,69910.0,69825.0,69840.0,68
2026-10-04 19:47:00-04:00,69835.0,69835.0,69900.0,69805.0,69895.0,44
2026-10-04 19:48:00-04:00,69835.0,69835.0,69835.0,69815.0,69835.0,8
2026-10-04 19:49:00-04:00,69775.0,69775.0,69810.0,69765.0,69810.0,40
2026-10-04 19:50:00-04:00,69760.0,69760.0,69780.0,69760.0,69780.0,31
2026-10-04 19:51:00-04:00,69730.0,69730.0,69795.0,69730.0,69760.0,27
2026-10-04 19:53:00-04:00,69735.0,69735.0,69755.0,69735.0,69755.0,5
2026-10-04 19:54:00-04:00,69680.0,69680.0,69725.0,69670.0,69725.0,21
2026-10-04 19:55:00-04:00,69725.0,69725.0,69735.0,69700.0,69710.0,74
2026-10-04 19:56:00-04:00,69690.0,69690.0,69720.0,69680.0,69720.0,20
2026-10-04 19:57:00-04:00,69680.0,69680.0,69685.0,69660.0,69685.0,14
2026-10-04 19:58:00-04:00,69735.0,69735.0,69735.0,69665.0,69680.0,24
2026-10-04 19:59:00-04:00,69800.0,69800.0,69840.0,69745.0,69750.0,119
2026-10-04 20:00:00-04:00,69610.0,69610.0,69800.0,69580.0,69800.0,160
2026-10-04 20:01:00-04:00,69630.0,69630.0,69650.0,69570.0,69625.0,89
2026-10-04 20:02:00-04:00,69625.0,69625.0,69690.0,69625.0,69640.0,47
2026-10-04 20:03:00-04:00,69700.0,69700.0,69730.0,69605.0,69605.0,62
2026-10-04 20:04:00-04:00,69720.0,69720.0,69730.0,69660.0,69695.0,26
2026-10-04 20:05:00-04:00,69810.0,69810.0,69830.0,69690.0,69725.0,60
2026-10-04 20:06:00-04:00,69835.0,69835.0,69845.0,69750.0,69815.0,73
2026-10-04 20:07:00-04:00,69805.0,69805.0,69850.0,69785.0,69850.0,60
2026-10-04 20:08:00-04:00,69840.0,69840.0,69870.0,69795.0,69795.0,69
2026-10-04 20:09:00-04:00,69840.0,69840.0,69865.0,69805.0,69845.0,33
2026-10-04 20:10:00-04:00,69800.0,69800.0,69850.0,69760.0,69840.0,65
2026-10-04 20:11:00-04:00,69880.0,69880.0,69885.0,69800.0,69805.0,81
2026-10-04 20:12:00-04:00,69840.0,69840.0,69880.0,69825.0,69880.0,30
2026-10-04 20:13:00-04:00,69945.0,69945.0,69945.0,69875.0,69875.0,42
2026-10-04 20:14:00-04:00,69950.0,69950.0,69970.0,69935.0,69940.0,64
2026-10-04 20:15:00-04:00,69960.0,69960.0,69970.0,69935.0,69955.0,46
2026-10-04 20:16:00-04:00,69900.0,69900.0,69965.0,69865.0,69965.0,54
2026-10-04 20:17:00-04:00,69940.0,69940.0,69980.0,69905.0,69905.0,47
2026-10-04 20:18:00-04:00,69945.0,69945.0,69945.0,69920.0,69930.0,30
2026-10-04 20:19:00-04:00,70020.0,70020.0,70030.0,69950.0,69955.0,45
2026-10-04 20:20:00-04:00,70045.0,70045.0,70070.0,70025.0,70030.0,31
2026-10-04 20:21:00-04:00,70060.0,70060.0,70060.0,70020.0,70030.0,79
2026-10-04 20:22:00-04:00,70075.0,70075.0,70095.0,70060.0,70060.0,21
2026-10-04 20:23:00-04:00,70095.0,70095.0,70110.0,70080.0,70080.0,34
2026-10-04 20:24:00-04:00,70055.0,70055.0,70085.0,70035.0,70085.0,30
2026-10-04 20:25:00-04:00,69965.0,69965.0,70065.0,69965.0,70065.0,90
2026-10-04 20:26:00-04:00,69950.0,69950.0,69970.0,69920.0,69965.0,49
2026-10-04 20:27:00-04:00,69925.0,69925.0,69965.0,69915.0,69945.0,16
2026-10-04 20:28:00-04:00,69890.0,69890.0,69920.0,69885.0,69920.0,11
2026-10-04 20:29:00-04:00,69845.0,69845.0,69900.0,69830.0,69895.0,21
2026-10-04 20:30:00-04:00,69870.0,69870.0,69880.0,69840.0,69855.0,70
2026-10-04 20:31:00-04:00,69780.0,69780.0,69870.0,69765.0,69870.0,49
2026-10-04 20:32:00-04:00,69765.0,69765.0,69800.0,69745.0,69800.0,61
2026-10-04 20:33:00-04:00,69765.0,69765.0,69765.0,69745.0,69760.0,18
2026-10-04 20:34:00-04:00,69815.0,69815.0,69825.0,69750.0,69750.0,38
2026-10-04 20:35:00-04:00,69865.0,69865.0,69865.0,69810.0,69820.0,42
2026-10-04 20:36:00-04:00,69860.0,69860.0,69875.0,69840.0,69865.0,28
2026-10-04 20:37:00-04:00,69875.0,69875.0,69890.0,69840.0,69875.0,29
2026-10-04 20:38:00-04:00,69885.0,69885.0,69895.0,69875.0,69875.0,25
2026-10-04 20:39:00-04:00,69940.0,69940.0,69940.0,69870.0,69885.0,13
2026-10-04 20:40:00-04:00,69955.0,69955.0,69985.0,69935.0,69935.0,19
2026-10-04 20:41:00-04:00,69950.0,69950.0,69955.0,69910.0,69935.0,23
2026-10-04 20:42:00-04:00,69995.0,69995.0,70000.0,69950.0,69955.0,28
2026-10-04 20:43:00-04:00,69970.0,69970.0,70015.0,69970.0,69990.0,14
2026-10-04 20:44:00-04:00,69980.0,69980.0,70005.0,69965.0,69965.0,17
2026-10-04 20:45:00-04:00,69960.0,69960.0,69990.0,69955.0,69980.0,13
2026-10-04 20:46:00-04:00,69965.0,69965.0,69985.0,69965.0,69970.0,7
2026-10-04 20:47:00-04:00,69965.0,69965.0,69980.0,69940.0,69940.0,18
2026-10-04 20:48:00-04:00,69995.0,69995.0,70005.0,69975.0,69975.0,13
2026-10-04 20:49:00-04:00,70005.0,70005.0,70010.0,69995.0,70010.0,8
2026-10-04 20:50:00-04:00,70060.0,70060.0,70060.0,70010.0,70020.0,52
2026-10-04 20:51:00-04:00,70025.0,70025.0,70080.0,70025.0,70070.0,34
2026-10-04 20:52:00-04:00,70035.0,70035.0,70055.0,70035.0,70045.0,37
2026-10-04 20:53:00-04:00,70030.0,70030.0,70060.0,70030.0,70040.0,21
2026-10-04 20:54:00-04:00,70030.0,70030.0,70045.0,70030.0,70040.0,6
2026-10-04 20:55:00-04:00,70040.0,70040.0,70050.0,70040.0,70040.0,35
2026-10-04 20:56:00-04:00,70035.0,70035.0,70035.0,70020.0,70025.0,12
2026-10-04 20:57:00-04:00,70050.0,70050.0,70055.0,70050.0,70055.0,2
2026-10-04 20:58:00-04:00,70055.0,70055.0,70055.0,70035.0,70035.0,3
2026-10-04 20:59:00-04:00,70035.0,70035.0,70060.0,70025.0,70060.0,11
2026-10-04 21:00:00-04:00,70025.0,70025.0,70040.0,70015.0,70040.0,9
2026-10-04 21:01:00-04:00,70045.0,70045.0,70055.0,70025.0,70025.0,20
2026-10-04 21:02:00-04:00,70030.0,70030.0,70050.0,70015.0,70050.0,15
2026-10-04 21:03:00-04:00,70015.0,70015.0,70035.0,70015.0,70030.0,17
2026-10-04 21:04:00-04:00,70015.0,70015.0,70015.0,69990.0,69995.0,8
2026-10-04 21:05:00-04:00,70070.0,70070.0,70095.0,70015.0,70015.0,31
2026-10-04 21:06:00-04:00,70100.0,70100.0,70100.0,70070.0,70080.0,13
2026-10-04 21:07:00-04:00,70090.0,70090.0,70100.0,70090.0,70100.0,2
2026-10-04 21:08:00-04:00,70045.0,70045.0,70070.0,70045.0,70070.0,8
2026-10-04 21:09:00-04:00,70055.0,70055.0,70070.0,70050.0,70050.0,9
2026-10-04 21:10:00-04:00,70075.0,70075.0,70080.0,70055.0,70055.0,8
2026-10-04 21:11:00-04:00,70005.0,70005.0,70015.0,70005.0,70015.0,3
2026-10-04 21:12:00-04:00,70040.0,70040.0,70045.0,70015.0,70015.0,3
2026-10-04 21:13:00-04:00,70040.0,70040.0,70040.0,70040.0,70040.0,3
2026-10-04 21:14:00-04:00,70015.0,70015.0,70050.0,70015.0,70050.0,4
2026-10-04 21:15:00-04:00,69990.0,69990.0,69990.0,69970.0,69970.0,3
2026-10-04 21:16:00-04:00,70025.0,70025.0,70025.0,69980.0,69990.0,12
2026-10-04 21:17:00-04:00,70035.0,70035.0,70050.0,70015.0,70020.0,8
2026-10-04 21:18:00-04:00,70030.0,70030.0,70035.0,70030.0,70035.0,5
2026-10-04 21:19:00-04:00,70060.0,70060.0,70060.0,70055.0,70055.0,2
2026-10-04 21:20:00-04:00,70080.0,70080.0,70095.0,70080.0,70095.0,3
2026-10-04 21:21:00-04:00,70080.0,70080.0,70090.0,70050.0,70065.0,17
2026-10-04 21:22:00-04:00,70080.0,70080.0,70080.0,70075.0,70080.0,9
2026-10-04 21:23:00-04:00,70130.0,70130.0,70130.0,70100.0,70105.0,10
2026-10-04 21:24:00-04:00,70110.0,70110.0,70135.0,70110.0,70135.0,8
2026-10-04 21:26:00-04:00,70080.0,70080.0,70080.0,70080.0,70080.0,2
2026-10-04 21:27:00-04:00,70150.0,70150.0,70155.0,70115.0,70120.0,11
2026-10-04 21:28:00-04:00,70150.0,70150.0,70160.0,70150.0,70160.0,7
2026-10-04 21:29:00-04:00,70100.0,70100.0,70140.0,70100.0,70140.0,7
2026-10-04 21:30:00-04:00,70135.0,70135.0,70135.0,70105.0,70115.0,5
2026-10-04 21:31:00-04:00,70145.0,70145.0,70170.0,70125.0,70170.0,38
2026-10-04 21:32:00-04:00,70180.0,70180.0,70185.0,70150.0,70165.0,29
2026-10-04 21:33:00-04:00,70195.0,70195.0,70225.0,70180.0,70180.0,67
2026-10-04 21:34:00-04:00,70170.0,70170.0,70190.0,70170.0,70185.0,11
2026-10-04 21:35:00-04:00,70170.0,70170.0,70175.0,70170.0,70175.0,4
2026-10-04 21:36:00-04:00,70200.0,70200.0,70200.0,70145.0,70145.0,11
2026-10-04 21:37:00-04:00,70215.0,70215.0,70220.0,70205.0,70210.0,15
2026-10-04 21:38:00-04:00,70195.0,70195.0,70220.0,70195.0,70220.0,18
2026-10-04 21:39:00-04:00,70205.0,70205.0,70205.0,70165.0,70185.0,17
2026-10-04 21:40:00-04:00,70200.0,70200.0,70205.0,70200.0,70205.0,5
2026-10-04 21:41:00-04:00,70215.0,70215.0,70215.0,70185.0,70190.0,6
2026-10-04 21:42:00-04:00,70230.0,70230.0,70230.0,70215.0,70230.0,193
2026-10-04 21:43:00-04:00,70245.0,70245.0,70245.0,70220.0,70230.0,37
2026-10-04 21:44:00-04:00,70230.0,70230.0,70260.0,70230.0,70260.0,12
2026-10-04 21:45:00-04:00,70220.0,70220.0,70235.0,70210.0,70235.0,7
2026-10-04 21:46:00-04:00,70220.0,70220.0,70235.0,70220.0,70230.0,7
2026-10-04 21:47:00-04:00,70215.0,70215.0,70220.0,70205.0,70210.0,5
2026-10-04 21:48:00-04:00,70235.0,70235.0,70250.0,70225.0,70245.0,8
2026-10-04 21:49:00-04:00,70220.0,70220.0,70230.0,70220.0,70225.0,5
2026-10-04 21:50:00-04:00,70200.0,70200.0,70210.0,70190.0,70205.0,8
2026-10-04 21:51:00-04:00,70200.0,70200.0,70210.0,70200.0,70205.0,8
2026-10-04 21:52:00-04:00,70195.0,70195.0,70205.0,70195.0,70195.0,5
2026-10-04 21:53:00-04:00,70200.0,70200.0,70200.0,70190.0,70190.0,5
2026-10-04 21:54:00-04:00,70230.0,70230.0,70230.0,70225.0,70225.0,3
2026-10-04 21:55:00-04:00,70195.0,70195.0,70225.0,70195.0,70225.0,6
2026-10-04 21:56:00-04:00,70170.0,70170.0,70180.0,70165.0,70180.0,12
2026-10-04 21:57:00-04:00,70175.0,70175.0,70195.0,70165.0,70165.0,8
2026-10-04 21:58:00-04:00,70140.0,70140.0,70170.0,70140.0,70170.0,4
2026-10-04 21:59:00-04:00,70160.0,70160.0,70160.0,70135.0,70135.0,4
2026-10-04 22:00:00-04:00,70170.0,70170.0,70170.0,70150.0,70150.0,5
2026-10-04 22:01:00-04:00,70150.0,70150.0,70170.0,70145.0,70160.0,7
2026-10-04 22:02:00-04:00,70150.0,70150.0,70150.0,70150.0,70150.0,4
2026-10-04 22:03:00-04:00,70135.0,70135.0,70140.0,70135.0,70140.0,3
2026-10-04 22:04:00-04:00,70110.0,70110.0,70140.0,70110.0,70140.0,17
2026-10-04 22:05:00-04:00,70120.0,70120.0,70120.0,70100.0,70110.0,6
2026-10-04 22:06:00-04:00,70150.0,70150.0,70150.0,70140.0,70140.0,3
2026-10-04 22:07:00-04:00,70140.0,70140.0,70150.0,70135.0,70145.0,9
2026-10-04 22:08:00-04:00,70130.0,70130.0,70130.0,70130.0,70130.0,1
2026-10-04 22:09:00-04:00,70180.0,70180.0,70185.0,70155.0,70155.0,5
2026-10-04 22:10:00-04:00,70195.0,70195.0,70195.0,70180.0,70180.0,4
2026-10-04 22:11:00-04:00,70195.0,70195.0,70195.0,70175.0,70175.0,2
2026-10-04 22:12:00-04:00,70210.0,70210.0,70215.0,70210.0,70210.0,6
2026-10-04 22:13:00-04:00,70220.0,70220.0,70220.0,70220.0,70220.0,1
2026-10-04 22:14:00-04:00,70225.0,70225.0,70225.0,70220.0,70220.0,4
2026-10-04 22:15:00-04:00,70220.0,70220.0,70230.0,70220.0,70230.0,6
2026-10-04 22:17:00-04:00,70200.0,70200.0,70200.0,70195.0,70195.0,2
2026-10-04 22:18:00-04:00,70225.0,70225.0,70235.0,70225.0,70235.0,2
2026-10-04 22:19:00-04:00,70205.0,70205.0,70205.0,70205.0,70205.0,1
2026-10-04 22:20:00-04:00,70215.0,70215.0,70215.0,70210.0,70210.0,3
2026-10-04 22:21:00-04:00,70210.0,70210.0,70220.0,70205.0,70215.0,12
2026-10-04 22:22:00-04:00,70220.0,70220.0,70230.0,70210.0,70210.0,7
2026-10-04 22:23:00-04:00,70230.0,70230.0,70230.0,70230.0,70230.0,3
2026-10-04 22:24:00-04:00,70215.0,70215.0,70220.0,70215.0,70220.0,3
2026-10-04 22:25:00-04:00,70220.0,70220.0,70220.0,70205.0,70215.0,17
2026-10-04 22:26:00-04:00,70210.0,70210.0,70225.0,70205.0,70225.0,10
2026-10-04 22:27:00-04:00,70230.0,70230.0,70240.0,70215.0,70220.0,16
2026-10-04 22:28:00-04:00,70225.0,70225.0,70240.0,70225.0,70225.0,11
2026-10-04 22:29:00-04:00,70200.0,70200.0,70200.0,70200.0,70200.0,3
2026-10-04 22:30:00-04:00,70180.0,70180.0,70190.0,70165.0,70185.0,7
2026-10-04 22:31:00-04:00,70175.0,70175.0,70175.0,70175.0,70175.0,1
2026-10-04 22:33:00-04:00,70160.0,70160.0,70175.0,70160.0,70170.0,9
2026-10-04 22:34:00-04:00,70115.0,70115.0,70155.0,70115.0,70150.0,7
2026-10-04 22:35:00-04:00,70125.0,70125.0,70125.0,70080.0,70115.0,23
2026-10-04 22:36:00-04:00,70155.0,70155.0,70155.0,70135.0,70140.0,7
2026-10-04 22:37:00-04:00,70135.0,70135.0,70145.0,70135.0,70145.0,3
2026-10-04 22:39:00-04:00,70135.0,70135.0,70140.0,70135.0,70140.0,7
2026-10-04 22:40:00-04:00,70145.0,70145.0,70160.0,70145.0,70150.0,4
2026-10-04 22:42:00-04:00,70155.0,70155.0,70160.0,70155.0,70160.0,2
2026-10-04 22:43:00-04:00,70135.0,70135.0,70155.0,70130.0,70155.0,13
2026-10-04 22:44:00-04:00,70150.0,70150.0,70155.0,70150.0,70155.0,2
2026-10-04 22:45:00-04:00,70155.0,70155.0,70155.0,70155.0,70155.0,1
2026-10-04 22:46:00-04:00,70145.0,70145.0,70145.0,70145.0,70145.0,2
2026-10-04 22:47:00-04:00,70145.0,70145.0,70155.0,70145.0,70155.0,11
2026-10-04 22:48:00-04:00,70140.0,70140.0,70140.0,70140.0,70140.0,1
2026-10-04 22:49:00-04:00,70110.0,70110.0,70155.0,70100.0,70155.0,40
2026-10-04 22:50:00-04:00,70120.0,70120.0,70120.0,70110.0,70115.0,6
2026-10-04 22:51:00-04:00,70135.0,70135.0,70145.0,70135.0,70145.0,3
2026-10-04 22:52:00-04:00,70120.0,70120.0,70130.0,70120.0,70130.0,4
2026-10-04 22:53:00-04:00,70145.0,70145.0,70145.0,70140.0,70145.0,6
2026-10-04 22:55:00-04:00,70095.0,70095.0,70145.0,70095.0,70145.0,14
2026-10-04 22:56:00-04:00,70100.0,70100.0,70100.0,70090.0,70090.0,4
2026-10-04 22:57:00-04:00,70120.0,70120.0,70125.0,70095.0,70110.0,26
2026-10-04 22:58:00-04:00,70105.0,70105.0,70120.0,70105.0,70120.0,3
2026-10-04 22:59:00-04:00,70050.0,70050.0,70065.0,70030.0,70065.0,25
2026-10-04 23:00:00-04:00,70035.0,70035.0,70045.0,70030.0,70045.0,4
2026-10-04 23:01:00-04:00,70030.0,70030.0,70035.0,70030.0,70035.0,2
2026-10-04 23:02:00-04:00,70040.0,70040.0,70040.0,70040.0,70040.0,1
2026-10-04 23:03:00-04:00,70000.0,70000.0,70000.0,70000.0,70000.0,1
2026-10-04 23:04:00-04:00,69935.0,69935.0,70000.0,69935.0,69985.0,49
2026-10-04 23:05:00-04:00,69940.0,69940.0,69955.0,69940.0,69950.0,15
2026-10-04 23:06:00-04:00,69930.0,69930.0,69945.0,69925.0,69945.0,5
2026-10-04 23:07:00-04:00,69935.0,69935.0,69940.0,69935.0,69940.0,4
2026-10-04 23:08:00-04:00,69950.0,69950.0,69950.0,69935.0,69935.0,2
2026-10-04 23:09:00-04:00,69955.0,69955.0,69955.0,69955.0,69955.0,2
2026-10-04 23:10:00-04:00,69965.0,69965.0,69970.0,69950.0,69955.0,5
2026-10-04 23:11:00-04:00,69955.0,69955.0,69975.0,69955.0,69975.0,4
2026-10-04 23:13:00-04:00,69985.0,69985.0,70005.0,69975.0,69975.0,30
2026-10-04 23:14:00-04:00,69985.0,69985.0,69990.0,69985.0,69990.0,3
2026-10-04 23:15:00-04:00,69985.0,69985.0,69995.0,69985.0,69995.0,2
2026-10-04 23:16:00-04:00,69980.0,69980.0,69980.0,69935.0,69935.0,3
2026-10-04 23:17:00-04:00,69985.0,69985.0,70000.0,69985.0,69985.0,6
2026-10-04 23:18:00-04:00,70015.0,70015.0,70020.0,70015.0,70015.0,4
2026-10-04 23:19:00-04:00,70035.0,70035.0,70045.0,70035.0,70045.0,12
2026-10-04 23:20:00-04:00,70045.0,70045.0,70045.0,70040.0,70040.0,2
2026-10-04 23:21:00-04:00,70050.0,70050.0,70050.0,70050.0,70050.0,1
2026-10-04 23:22:00-04:00,70050.0,70050.0,70050.0,70040.0,70045.0,8
2026-10-04 23:23:00-04:00,70055.0,70055.0,70055.0,70050.0,70050.0,6
2026-10-04 23:24:00-04:00,70060.0,70060.0,70060.0,70060.0,70060.0,1
2026-10-04 23:25:00-04:00,70050.0,70050.0,70050.0,70050.0,70050.0,1
2026-10-04 23:26:00-04:00,70090.0,70090.0,70090.0,70090.0,70090.0,1
2026-10-04 23:27:00-04:00,70110.0,70110.0,70110.0,70100.0,70100.0,3
2026-10-04 23:28:00-04:00,70115.0,70115.0,70115.0,70100.0,70105.0,4
2026-10-04 23:29:00-04:00,70135.0,70135.0,70135.0,70120.0,70120.0,7
2026-10-04 23:30:00-04:00,70090.0,70090.0,70165.0,70085.0,70130.0,26
2026-10-04 23:31:00-04:00,70065.0,70065.0,70075.0,70065.0,70075.0,4
2026-10-04 23:32:00-04:00,70060.0,70060.0,70085.0,70060.0,70080.0,7
2026-10-04 23:33:00-04:00,70065.0,70065.0,70065.0,70050.0,70065.0,7
2026-10-04 23:34:00-04:00,70075.0,70075.0,70075.0,70065.0,70065.0,4
2026-10-04 23:36:00-04:00,70100.0,70100.0,70100.0,70100.0,70100.0,1
2026-10-04 23:38:00-04:00,70030.0,70030.0,70055.0,70030.0,70030.0,31
2026-10-04 23:39:00-04:00,70010.0,70010.0,70015.0,69995.0,70015.0,5
2026-10-04 23:40:00-04:00,70005.0,70005.0,70005.0,69995.0,70005.0,8
2026-10-04 23:41:00-04:00,70020.0,70020.0,70020.0,70005.0,70010.0,6
2026-10-04 23:42:00-04:00,70020.0,70020.0,70020.0,70020.0,70020.0,1
2026-10-04 23:43:00-04:00,70000.0,70000.0,70020.0,70000.0,70015.0,9
2026-10-04 23:44:00-04:00,70015.0,70015.0,70015.0,70015.0,70015.0,1
2026-10-04 23:45:00-04:00,70050.0,70050.0,70050.0,70025.0,70035.0,6
2026-10-04 23:46:00-04:00,70040.0,70040.0,70060.0,70040.0,70055.0,4
2026-10-04 23:47:00-04:00,70050.0,70050.0,70050.0,70050.0,70050.0,1
2026-10-04 23:48:00-04:00,70040.0,70040.0,70050.0,70040.0,70050.0,6
2026-10-04 23:49:00-04:00,70040.0,70040.0,70040.0,70040.0,70040.0,1
2026-10-04 23:50:00-04:00,70000.0,70000.0,70000.0,69995.0,69995.0,2
2026-10-04 23:51:00-04:00,70025.0,70025.0,70025.0,70025.0,70025.0,1
2026-10-04 23:52:00-04:00,70010.0,70010.0,70010.0,70010.0,70010.0,1
2026-10-04 23:53:00-04:00,70010.0,70010.0,70015.0,70010.0,70015.0,2
2026-10-04 23:54:00-04:00,70010.0,70010.0,70010.0,70005.0,70005.0,2
2026-10-04 23:55:00-04:00,69950.0,69950.0,69980.0,69950.0,69980.0,7
2026-10-04 23:57:00-04:00,69920.0,69920.0,69935.0,69920.0,69920.0,4
2026-10-04 23:58:00-04:00,69935.0,69935.0,69935.0,69920.0,69920.0,3
2026-10-05 00:00:00-04:00,69930.0,69930.0,69930.0,69915.0,69915.0,4
2026-10-05 00:01:00-04:00,69980.0,69980.0,69980.0,69940.0,69940.0,10
2026-10-05 00:02:00-04:00,70000.0,70000.0,70010.0,70000.0,70000.0,4
2026-10-05 00:03:00-04:00,70005.0,70005.0,70015.0,70005.0,70010.0,4
2026-10-05 00:04:00-04:00,69990.0,69990.0,70000.0,69990.0,69990.0,3
2026-10-05 00:05:00-04:00,70000.0,70000.0,70005.0,69995.0,69995.0,4
2026-10-05 00:06:00-04:00,70020.0,70020.0,70020.0,70000.0,70000.0,2
2026-10-05 00:07:00-04:00,69995.0,69995.0,69995.0,69995.0,69995.0,1
2026-10-05 00:08:00-04:00,70005.0,70005.0,70005.0,69965.0,69970.0,13
2026-10-05 00:09:00-04:00,70035.0,70035.0,70035.0,70015.0,70015.0,3
2026-10-05 00:10:00-04:00,70025.0,70025.0,70025.0,70010.0,70010.0,3
2026-10-05 00:11:00-04:00,70040.0,70040.0,70040.0,70035.0,70035.0,2
2026-10-05 00:12:00-04:00,70085.0,70085.0,70085.0,70045.0,70045.0,11
2026-10-05 00:13:00-04:00,70075.0,70075.0,70085.0,70075.0,70085.0,2
2026-10-05 00:14:00-04:00,70115.0,70115.0,70120.0,70075.0,70080.0,25
2026-10-05 00:15:00-04:00,70100.0,70100.0,70130.0,70100.0,70110.0,20
2026-10-05 00:16:00-04:00,70080.0,70080.0,70080.0,70080.0,70080.0,3
2026-10-05 00:17:00-04:00,70080.0,70080.0,70100.0,70080.0,70100.0,6
2026-10-05 00:18:00-04:00,70075.0,70075.0,70090.0,70075.0,70090.0,4
2026-10-05 00:20:00-04:00,70080.0,70080.0,70080.0,70080.0,70080.0,1
2026-10-05 00:21:00-04:00,70075.0,70075.0,70080.0,70075.0,70075.0,5
2026-10-05 00:23:00-04:00,70030.0,70030.0,70070.0,70030.0,70070.0,3
2026-10-05 00:24:00-04:00,70055.0,70055.0,70055.0,70030.0,70030.0,3
2026-10-05 00:27:00-04:00,70040.0,70040.0,70045.0,70040.0,70045.0,2
2026-10-05 00:28:00-04:00,69995.0,69995.0,70005.0,69995.0,70005.0,7
2026-10-05 00:29:00-04:00,69930.0,69930.0,69970.0,69930.0,69970.0,15
2026-10-05 00:30:00-04:00,69985.0,69985.0,69985.0,69940.0,69940.0,12
2026-10-05 00:31:00-04:00,69930.0,69930.0,69985.0,69925.0,69985.0,21
2026-10-05 00:32:00-04:00,69895.0,69895.0,69900.0,69895.0,69900.0,4
2026-10-05 00:33:00-04:00,69915.0,69915.0,69915.0,69880.0,69880.0,3
2026-10-05 00:34:00-04:00,69895.0,69895.0,69920.0,69890.0,69920.0,13
2026-10-05 00:35:00-04:00,69840.0,69840.0,69885.0,69840.0,69870.0,9
2026-10-05 00:36:00-04:00,69870.0,69870.0,69870.0,69850.0,69850.0,5
2026-10-05 00:37:00-04:00,69910.0,69910.0,69920.0,69895.0,69895.0,5
2026-10-05 00:38:00-04:00,69930.0,69930.0,69935.0,69925.0,69930.0,5
2026-10-05 00:39:00-04:00,69910.0,69910.0,69930.0,69910.0,69925.0,16
2026-10-05 00:40:00-04:00,69920.0,69920.0,69930.0,69920.0,69930.0,6
2026-10-05 00:41:00-04:00,69920.0,69920.0,69920.0,69920.0,69920.0,1
2026-10-05 00:43:00-04:00,69910.0,69910.0,69920.0,69910.0,69920.0,3
2026-10-05 00:44:00-04:00,69880.0,69880.0,69900.0,69880.0,69900.0,7
2026-10-05 00:45:00-04:00,69900.0,69900.0,69900.0,69885.0,69890.0,6
2026-10-05 00:46:00-04:00,69910.0,69910.0,69910.0,69910.0,69910.0,1
2026-10-05 00:47:00-04:00,69920.0,69920.0,69930.0,69915.0,69930.0,8
2026-10-05 00:48:00-04:00,69950.0,69950.0,69950.0,69930.0,69930.0,3
2026-10-05 00:50:00-04:00,69945.0,69945.0,69950.0,69945.0,69950.0,3
2026-10-05 00:51:00-04:00,69900.0,69900.0,69900.0,69900.0,69900.0,12
2026-10-05 00:52:00-04:00,69880.0,69880.0,69890.0,69880.0,69890.0,2
2026-10-05 00:53:00-04:00,69900.0,69900.0,69900.0,69895.0,69895.0,4
2026-10-05 00:54:00-04:00,69900.0,69900.0,69900.0,69900.0,69900.0,1
2026-10-05 00:57:00-04:00,69920.0,69920.0,69920.0,69920.0,69920.0,1
2026-10-05 00:58:00-04:00,69920.0,69920.0,69920.0,69920.0,69920.0,4
2026-10-05 01:00:00-04:00,69880.0,69880.0,69890.0,69880.0,69880.0,5
2026-10-05 01:01:00-04:00,69860.0,69860.0,69860.0,69850.0,69850.0,2
2026-10-05 01:02:00-04:00,69880.0,69880.0,69890.0,69880.0,69880.0,4
2026-10-05 01:03:00-04:00,69890.0,69890.0,69905.0,69890.0,69905.0,6
2026-10-05 01:04:00-04:00,69910.0,69910.0,69910.0,69895.0,69900.0,4
2026-10-05 01:05:00-04:00,69900.0,69900.0,69915.0,69900.0,69905.0,7
2026-10-05 01:06:00-04:00,69920.0,69920.0,69920.0,69910.0,69910.0,3
2026-10-05 01:07:00-04:00,69910.0,69910.0,69910.0,69910.0,69910.0,2
2026-10-05 01:08:00-04:00,69885.0,69885.0,69885.0,69880.0,69885.0,3
2026-10-05 01:09:00-04:00,69915.0,69915.0,69915.0,69910.0,69910.0,2
2026-10-05 01:10:00-04:00,69915.0,69915.0,69915.0,69910.0,69910.0,2
2026-10-05 01:11:00-04:00,69925.0,69925.0,69925.0,69925.0,69925.0,3
2026-10-05 01:16:00-04:00,69895.0,69895.0,69915.0,69895.0,69910.0,7
2026-10-05 01:17:00-04:00,69880.0,69880.0,69880.0,69880.0,69880.0,1
2026-10-05 01:19:00-04:00,69900.0,69900.0,69900.0,69900.0,69900.0,2
2026-10-05 01:20:00-04:00,69860.0,69860.0,69905.0,69860.0,69905.0,3
2026-10-05 01:21:00-04:00,69865.0,69865.0,69900.0,69865.0,69900.0,4
2026-10-05 01:23:00-04:00,69875.0,69875.0,69875.0,69875.0,69875.0,1
2026-10-05 01:24:00-04:00,69850.0,69850.0,69850.0,69835.0,69845.0,17
2026-10-05 01:25:00-04:00,69850.0,69850.0,69850.0,69850.0,69850.0,1
2026-10-05 01:26:00-04:00,69880.0,69880.0,69880.0,69880.0,69880.0,1
2026-10-05 01:30:00-04:00,69895.0,69895.0,69895.0,69870.0,69870.0,5
2026-10-05 01:31:00-04:00,69915.0,69915.0,69915.0,69905.0,69910.0,11
2026-10-05 01:32:00-04:00,69945.0,69945.0,69945.0,69935.0,69935.0,4
2026-10-05 01:33:00-04:00,69960.0,69960.0,69965.0,69950.0,69955.0,13
2026-10-05 01:34:00-04:00,69960.0,69960.0,69960.0,69960.0,69960.0,2
2026-10-05 01:35:00-04:00,69930.0,69930.0,69930.0,69930.0,69930.0,1
2026-10-05 01:36:00-04:00,69950.0,69950.0,69950.0,69950.0,69950.0,1
2026-10-05 01:38:00-04:00,69960.0,69960.0,69960.0,69960.0,69960.0,1
2026-10-05 01:39:00-04:00,69970.0,69970.0,69970.0,69970.0,69970.0,1
2026-10-05 01:40:00-04:00,69995.0,69995.0,69995.0,69980.0,69980.0,4
2026-10-05 01:43:00-04:00,69980.0,69980.0,69980.0,69980.0,69980.0,1
2026-10-05 01:44:00-04:00,70000.0,70000.0,70000.0,69975.0,69975.0,17
2026-10-05 01:45:00-04:00,70010.0,70010.0,70020.0,70010.0,70015.0,3
2026-10-05 01:47:00-04:00,70010.0,70010.0,70015.0,70010.0,70015.0,2
2026-10-05 01:48:00-04:00,70030.0,70030.0,70030.0,70000.0,70000.0,6
2026-10-05 01:49:00-04:00,70065.0,70065.0,70065.0,70030.0,70030.0,5
2026-10-05 01:50:00-04:00,70100.0,70100.0,70105.0,70075.0,70075.0,22
2026-10-05 01:53:00-04:00,70090.0,70090.0,70090.0,70090.0,70090.0,1
2026-10-05 01:54:00-04:00,70085.0,70085.0,70085.0,70085.0,70085.0,1
2026-10-05 01:57:00-04:00,70070.0,70070.0,70070.0,70070.0,70070.0,1
2026-10-05 01:58:00-04:00,70060.0,70060.0,70070.0,70055.0,70055.0,8
2026-10-05 02:00:00-04:00,70105.0,70105.0,70115.0,70095.0,70100.0,26
2026-10-05 02:01:00-04:00,70105.0,70105.0,70115.0,70100.0,70110.0,11
2026-10-05 02:03:00-04:00,70095.0,70095.0,70110.0,70095.0,70110.0,6
2026-10-05 02:04:00-04:00,70095.0,70095.0,70095.0,70080.0,70095.0,9
2026-10-05 02:05:00-04:00,70090.0,70090.0,70100.0,70090.0,70100.0,5
2026-10-05 02:06:00-04:00,70125.0,70125.0,70145.0,70085.0,70090.0,18
2026-10-05 02:07:00-04:00,70135.0,70135.0,70135.0,70125.0,70130.0,8
2026-10-05 02:08:00-04:00,70100.0,70100.0,70130.0,70100.0,70130.0,15
2026-10-05 02:10:00-04:00,70135.0,70135.0,70140.0,70125.0,70135.0,10
2026-10-05 02:11:00-04:00,70145.0,70145.0,70150.0,70145.0,70150.0,2
2026-10-05 02:12:00-04:00,70135.0,70135.0,70140.0,70125.0,70140.0,4
2026-10-05 02:13:00-04:00,70155.0,70155.0,70160.0,70145.0,70145.0,8
2026-10-05 02:14:00-04:00,70150.0,70150.0,70160.0,70150.0,70160.0,8
2026-10-05 02:15:00-04:00,70130.0,70130.0,70130.0,70130.0,70130.0,1
2026-10-05 02:16:00-04:00,70140.0,70140.0,70155.0,70135.0,70155.0,15
2026-10-05 02:17:00-04:00,70140.0,70140.0,70160.0,70140.0,70145.0,11
2026-10-05 02:18:00-04:00,70125.0,70125.0,70135.0,70125.0,70130.0,9
2026-10-05 02:19:00-04:00,70110.0,70110.0,70130.0,70110.0,70130.0,7
2026-10-05 02:20:00-04:00,70100.0,70100.0,70110.0,70095.0,70110.0,8
2026-10-05 02:21:00-04:00,70090.0,70090.0,70095.0,70080.0,70085.0,10
2026-10-05 02:22:00-04:00,70120.0,70120.0,70120.0,70085.0,70095.0,11
2026-10-05 02:23:00-04:00,70120.0,70120.0,70120.0,70100.0,70100.0,4
2026-10-05 02:24:00-04:00,70150.0,70150.0,70150.0,70120.0,70120.0,18
2026-10-05 02:25:00-04:00,70140.0,70140.0,70160.0,70135.0,70150.0,13
2026-10-05 02:26:00-04:00,70095.0,70095.0,70135.0,70095.0,70135.0,11
2026-10-05 02:27:00-04:00,70085.0,70085.0,70090.0,70075.0,70090.0,20
2026-10-05 02:28:00-04:00,70110.0,70110.0,70110.0,70080.0,70085.0,17
2026-10-05 02:29:00-04:00,70120.0,70120.0,70170.0,70100.0,70120.0,87
2026-10-05 02:30:00-04:00,70120.0,70120.0,70140.0,70070.0,70115.0,93
2026-10-05 02:31:00-04:00,70075.0,70075.0,70110.0,70055.0,70100.0,36
2026-10-05 02:32:00-04:00,70075.0,70075.0,70085.0,70065.0,70070.0,14
2026-10-05 02:33:00-04:00,70050.0,70050.0,70085.0,70050.0,70085.0,29
2026-10-05 02:34:00-04:00,70105.0,70105.0,70110.0,70050.0,70050.0,62
2026-10-05 02:35:00-04:00,70105.0,70105.0,70120.0,70085.0,70110.0,81
2026-10-05 02:36:00-04:00,70075.0,70075.0,70105.0,70075.0,70100.0,27
2026-10-05 02:37:00-04:00,70115.0,70115.0,70115.0,70065.0,70065.0,12
2026-10-05 02:38:00-04:00,70110.0,70110.0,70110.0,70110.0,70110.0,1
2026-10-05 02:39:00-04:00,70100.0,70100.0,70115.0,70095.0,70100.0,30
2026-10-05 02:40:00-04:00,70065.0,70065.0,70085.0,70040.0,70085.0,36
2026-10-05 02:41:00-04:00,70080.0,70080.0,70090.0,70055.0,70060.0,47
2026-10-05 02:42:00-04:00,70090.0,70090.0,70100.0,70080.0,70085.0,93
2026-10-05 02:43:00-04:00,70115.0,70115.0,70125.0,70070.0,70080.0,239
2026-10-05 02:44:00-04:00,70080.0,70080.0,70130.0,70080.0,70125.0,174
2026-10-05 02:45:00-04:00,70105.0,70105.0,70105.0,70075.0,70085.0,28
2026-10-05 02:46:00-04:00,70105.0,70105.0,70105.0,70105.0,70105.0,2
2026-10-05 02:47:00-04:00,70110.0,70110.0,70120.0,70110.0,70120.0,10
2026-10-05 02:48:00-04:00,70120.0,70120.0,70140.0,70115.0,70120.0,17
2026-10-05 02:49:00-04:00,70115.0,70115.0,70120.0,70110.0,70120.0,8
2026-10-05 02:50:00-04:00,70105.0,70105.0,70110.0,70105.0,70110.0,2
2026-10-05 02:51:00-04:00,70110.0,70110.0,70110.0,70105.0,70110.0,3
2026-10-05 02:52:00-04:00,70110.0,70110.0,70110.0,70080.0,70100.0,21
2026-10-05 02:53:00-04:00,70175.0,70175.0,70175.0,70135.0,70140.0,27
2026-10-05 02:54:00-04:00,70125.0,70125.0,70180.0,70105.0,70180.0,36
2026-10-05 02:55:00-04:00,70125.0,70125.0,70180.0,70125.0,70135.0,78
2026-10-05 02:56:00-04:00,70095.0,70095.0,70125.0,70085.0,70125.0,78
2026-10-05 02:57:00-04:00,70125.0,70125.0,70125.0,70125.0,70125.0,1
2026-10-05 02:58:00-04:00,70180.0,70180.0,70190.0,70135.0,70145.0,35
2026-10-05 02:59:00-04:00,70190.0,70190.0,70200.0,70175.0,70185.0,42
2026-10-05 03:00:00-04:00,70170.0,70170.0,70200.0,70170.0,70200.0,18
2026-10-05 03:01:00-04:00,70165.0,70165.0,70170.0,70135.0,70160.0,110
2026-10-05 03:02:00-04:00,70185.0,70185.0,70185.0,70155.0,70175.0,19
2026-10-05 03:03:00-04:00,70205.0,70205.0,70225.0,70180.0,70180.0,26
2026-10-05 03:04:00-04:00,70235.0,70235.0,70235.0,70205.0,70210.0,20
2026-10-05 03:05:00-04:00,70275.0,70275.0,70285.0,70225.0,70230.0,31
2026-10-05 03:06:00-04:00,70255.0,70255.0,70300.0,70255.0,70280.0,31
2026-10-05 03:07:00-04:00,70270.0,70270.0,70275.0,70250.0,70265.0,14
2026-10-05 03:08:00-04:00,70225.0,70225.0,70265.0,70210.0,70265.0,18
2026-10-05 03:09:00-04:00,70210.0,70210.0,70230.0,70200.0,70225.0,49
2026-10-05 03:10:00-04:00,70230.0,70230.0,70230.0,70195.0,70215.0,40
2026-10-05 03:11:00-04:00,70235.0,70235.0,70255.0,70225.0,70245.0,69
2026-10-05 03:12:00-04:00,70305.0,70305.0,70305.0,70230.0,70230.0,49
2026-10-05 03:13:00-04:00,70310.0,70310.0,70325.0,70305.0,70305.0,100
2026-10-05 03:14:00-04:00,70300.0,70300.0,70315.0,70275.0,70305.0,54
2026-10-05 03:15:00-04:00,70275.0,70275.0,70300.0,70270.0,70300.0,7
2026-10-05 03:16:00-04:00,70245.0,70245.0,70260.0,70240.0,70260.0,57
2026-10-05 03:17:00-04:00,70235.0,70235.0,70275.0,70235.0,70275.0,9
2026-10-05 03:18:00-04:00,70225.0,70225.0,70245.0,70225.0,70245.0,38
2026-10-05 03:19:00-04:00,70200.0,70200.0,70230.0,70200.0,70225.0,82
2026-10-05 03:20:00-04:00,70200.0,70200.0,70225.0,70200.0,70220.0,30
2026-10-05 03:21:00-04:00,70200.0,70200.0,70220.0,70195.0,70200.0,10
2026-10-05 03:22:00-04:00,70155.0,70155.0,70200.0,70135.0,70200.0,20
2026-10-05 03:23:00-04:00,70140.0,70140.0,70155.0,70140.0,70145.0,11
2026-10-05 03:24:00-04:00,70155.0,70155.0,70155.0,70125.0,70130.0,10
2026-10-05 03:25:00-04:00,70205.0,70205.0,70205.0,70165.0,70165.0,11
2026-10-05 03:26:00-04:00,70220.0,70220.0,70220.0,70210.0,70215.0,8
2026-10-05 03:27:00-04:00,70210.0,70210.0,70230.0,70210.0,70225.0,13
2026-10-05 03:28:00-04:00,70200.0,70200.0,70210.0,70195.0,70195.0,3
2026-10-05 03:29:00-04:00,70195.0,70195.0,70195.0,70195.0,70195.0,2
2026-10-05 03:30:00-04:00,70225.0,70225.0,70250.0,70200.0,70205.0,35
2026-10-05 03:31:00-04:00,70235.0,70235.0,70250.0,70235.0,70235.0,16
2026-10-05 03:32:00-04:00,70265.0,70265.0,70265.0,70235.0,70235.0,11
2026-10-05 03:33:00-04:00,70260.0,70260.0,70280.0,70255.0,70255.0,7
2026-10-05 03:34:00-04:00,70245.0,70245.0,70275.0,70245.0,70275.0,25
2026-10-05 03:35:00-04:00,70210.0,70210.0,70220.0,70210.0,70220.0,15
2026-10-05 03:36:00-04:00,70220.0,70220.0,70220.0,70205.0,70215.0,24
2026-10-05 03:37:00-04:00,70240.0,70240.0,70245.0,70230.0,70245.0,8
2026-10-05 03:38:00-04:00,70225.0,70225.0,70250.0,70210.0,70250.0,23
2026-10-05 03:39:00-04:00,70215.0,70215.0,70215.0,70200.0,70205.0,3
2026-10-05 03:40:00-04:00,70255.0,70255.0,70255.0,70210.0,70210.0,7
2026-10-05 03:41:00-04:00,70235.0,70235.0,70260.0,70230.0,70260.0,30
2026-10-05 03:42:00-04:00,70255.0,70255.0,70260.0,70240.0,70245.0,8
2026-10-05 03:43:00-04:00,70245.0,70245.0,70270.0,70235.0,70260.0,75
2026-10-05 03:44:00-04:00,70250.0,70250.0,70250.0,70235.0,70245.0,19
2026-10-05 03:45:00-04:00,70250.0,70250.0,70265.0,70250.0,70255.0,18
2026-10-05 03:46:00-04:00,70220.0,70220.0,70250.0,70220.0,70250.0,3
2026-10-05 03:47:00-04:00,70255.0,70255.0,70255.0,70235.0,70235.0,5
2026-10-05 03:48:00-04:00,70225.0,70225.0,70240.0,70225.0,70240.0,4
2026-10-05 03:49:00-04:00,70220.0,70220.0,70225.0,70215.0,70225.0,4
2026-10-05 03:50:00-04:00,70235.0,70235.0,70235.0,70220.0,70225.0,7
2026-10-05 03:51:00-04:00,70285.0,70285.0,70290.0,70215.0,70215.0,10
2026-10-05 03:52:00-04:00,70290.0,70290.0,70300.0,70285.0,70285.0,17
2026-10-05 03:53:00-04:00,70265.0,70265.0,70270.0,70265.0,70270.0,3
2026-10-05 03:54:00-04:00,70250.0,70250.0,70260.0,70245.0,70255.0,7
2026-10-05 03:55:00-04:00,70220.0,70220.0,70235.0,70215.0,70230.0,10
2026-10-05 03:56:00-04:00,70205.0,70205.0,70205.0,70200.0,70205.0,3
2026-10-05 03:57:00-04:00,70230.0,70230.0,70230.0,70220.0,70220.0,14
2026-10-05 03:58:00-04:00,70215.0,70215.0,70230.0,70215.0,70220.0,47
2026-10-05 03:59:00-04:00,70220.0,70220.0,70220.0,70200.0,70210.0,45
2026-10-05 04:00:00-04:00,70105.0,70105.0,70250.0,70105.0,70235.0,108
2026-10-05 04:01:00-04:00,70090.0,70090.0,70135.0,70080.0,70110.0,41
2026-10-05 04:02:00-04:00,70080.0,70080.0,70105.0,70080.0,70100.0,16
2026-10-05 04:03:00-04:00,70065.0,70065.0,70080.0,70050.0,70080.0,14
2026-10-05 04:04:00-04:00,70080.0,70080.0,70090.0,70060.0,70070.0,106
2026-10-05 04:05:00-04:00,70080.0,70080.0,70080.0,70065.0,70080.0,31
2026-10-05 04:06:00-04:00,70135.0,70135.0,70150.0,70110.0,70110.0,15
2026-10-05 04:07:00-04:00,70170.0,70170.0,70175.0,70145.0,70155.0,27
2026-10-05 04:08:00-04:00,70165.0,70165.0,70195.0,70150.0,70170.0,41
2026-10-05 04:09:00-04:00,70185.0,70185.0,70215.0,70165.0,70180.0,107
2026-10-05 04:10:00-04:00,70240.0,70240.0,70240.0,70175.0,70175.0,12
2026-10-05 04:11:00-04:00,70225.0,70225.0,70235.0,70215.0,70230.0,31
2026-10-05 04:12:00-04:00,70230.0,70230.0,70235.0,70210.0,70210.0,10
2026-10-05 04:13:00-04:00,70200.0,70200.0,70240.0,70200.0,70220.0,66
2026-10-05 04:14:00-04:00,70110.0,70110.0,70185.0,70110.0,70185.0,77
2026-10-05 04:15:00-04:00,70170.0,70170.0,70170.0,70100.0,70110.0,28
2026-10-05 04:16:00-04:00,70175.0,70175.0,70175.0,70145.0,70170.0,17
2026-10-05 04:17:00-04:00,70160.0,70160.0,70170.0,70160.0,70165.0,6
2026-10-05 04:18:00-04:00,70105.0,70105.0,70150.0,70105.0,70150.0,40
2026-10-05 04:19:00-04:00,70060.0,70060.0,70085.0,70050.0,70080.0,32
2026-10-05 04:20:00-04:00,70060.0,70060.0,70065.0,70040.0,70040.0,15
2026-10-05 04:21:00-04:00,70065.0,70065.0,70075.0,70050.0,70050.0,28
2026-10-05 04:22:00-04:00,70080.0,70080.0,70105.0,70055.0,70055.0,41
2026-10-05 04:23:00-04:00,70095.0,70095.0,70095.0,70070.0,70070.0,10
2026-10-05 04:24:00-04:00,70090.0,70090.0,70105.0,70085.0,70105.0,9
2026-10-05 04:25:00-04:00,70080.0,70080.0,70090.0,70055.0,70090.0,70
2026-10-05 04:26:00-04:00,70130.0,70130.0,70135.0,70050.0,70070.0,17
2026-10-05 04:27:00-04:00,70145.0,70145.0,70145.0,70100.0,70100.0,5
2026-10-05 04:28:00-04:00,70115.0,70115.0,70160.0,70115.0,70145.0,9
2026-10-05 04:29:00-04:00,70110.0,70110.0,70110.0,70110.0,70110.0,1
2026-10-05 04:30:00-04:00,70140.0,70140.0,70150.0,70115.0,70125.0,37
2026-10-05 04:31:00-04:00,70140.0,70140.0,70145.0,70135.0,70135.0,10
2026-10-05 04:32:00-04:00,70155.0,70155.0,70155.0,70120.0,70135.0,24
2026-10-05 04:33:00-04:00,70130.0,70130.0,70145.0,70130.0,70145.0,3
2026-10-05 04:34:00-04:00,70040.0,70040.0,70105.0,70015.0,70105.0,125
2026-10-05 04:35:00-04:00,70015.0,70015.0,70075.0,70010.0,70055.0,52
2026-10-05 04:36:00-04:00,69965.0,69965.0,70025.0,69965.0,70025.0,60
2026-10-05 04:37:00-04:00,69980.0,69980.0,69980.0,69950.0,69960.0,46
2026-10-05 04:38:00-04:00,70000.0,70000.0,70005.0,69965.0,69975.0,55
2026-10-05 04:39:00-04:00,70000.0,70000.0,70025.0,70000.0,70025.0,21
2026-10-05 04:40:00-04:00,69960.0,69960.0,70010.0,69950.0,70005.0,14
2026-10-05 04:41:00-04:00,69950.0,69950.0,69975.0,69945.0,69960.0,20
2026-10-05 04:42:00-04:00,69925.0,69925.0,69950.0,69925.0,69945.0,9
2026-10-05 04:43:00-04:00,69965.0,69965.0,70000.0,69900.0,69900.0,113
2026-10-05 04:44:00-04:00,69880.0,69880.0,69960.0,69880.0,69960.0,22
2026-10-05 04:45:00-04:00,69820.0,69820.0,69880.0,69815.0,69880.0,32
2026-10-05 04:46:00-04:00,69785.0,69785.0,69815.0,69780.0,69815.0,24
2026-10-05 04:47:00-04:00,69770.0,69770.0,69780.0,69755.0,69780.0,53
2026-10-05 04:48:00-04:00,69855.0,69855.0,69855.0,69760.0,69770.0,47
2026-10-05 04:49:00-04:00,69910.0,69910.0,69940.0,69835.0,69885.0,171
2026-10-05 04:50:00-04:00,69930.0,69930.0,69930.0,69880.0,69895.0,17
2026-10-05 04:51:00-04:00,69965.0,69965.0,69985.0,69960.0,69970.0,30
2026-10-05 04:52:00-04:00,69945.0,69945.0,69975.0,69945.0,69965.0,12
2026-10-05 04:53:00-04:00,69880.0,69880.0,69945.0,69880.0,69945.0,23
2026-10-05 04:54:00-04:00,69825.0,69825.0,69880.0,69825.0,69880.0,7
2026-10-05 04:55:00-04:00,69845.0,69845.0,69855.0,69815.0,69815.0,13
2026-10-05 04:56:00-04:00,69800.0,69800.0,69815.0,69785.0,69815.0,24
2026-10-05 04:57:00-04:00,69820.0,69820.0,69830.0,69795.0,69800.0,29
2026-10-05 04:58:00-04:00,69810.0,69810.0,69820.0,69810.0,69820.0,5
2026-10-05 04:59:00-04:00,69850.0,69850.0,69850.0,69850.0,69850.0,1
2026-10-05 05:00:00-04:00,69850.0,69850.0,69870.0,69845.0,69870.0,22
2026-10-05 05:01:00-04:00,69860.0,69860.0,69870.0,69835.0,69835.0,9
2026-10-05 05:02:00-04:00,69860.0,69860.0,69865.0,69860.0,69860.0,6
2026-10-05 05:03:00-04:00,69845.0,69845.0,69855.0,69840.0,69850.0,8
2026-10-05 05:04:00-04:00,69830.0,69830.0,69860.0,69830.0,69860.0,4
2026-10-05 05:05:00-04:00,69850.0,69850.0,69880.0,69845.0,69855.0,15
2026-10-05 05:06:00-04:00,69840.0,69840.0,69855.0,69840.0,69855.0,5
2026-10-05 05:07:00-04:00,69835.0,69835.0,69850.0,69825.0,69850.0,4
2026-10-05 05:08:00-04:00,69865.0,69865.0,69885.0,69855.0,69855.0,15
2026-10-05 05:09:00-04:00,69875.0,69875.0,69875.0,69860.0,69860.0,2
2026-10-05 05:10:00-04:00,69870.0,69870.0,69870.0,69840.0,69855.0,7
2026-10-05 05:11:00-04:00,69845.0,69845.0,69860.0,69845.0,69860.0,2
2026-10-05 05:12:00-04:00,69840.0,69840.0,69840.0,69840.0,69840.0,2
2026-10-05 05:13:00-04:00,69845.0,69845.0,69845.0,69835.0,69840.0,10
2026-10-05 05:14:00-04:00,69835.0,69835.0,69845.0,69830.0,69830.0,9
2026-10-05 05:15:00-04:00,69835.0,69835.0,69850.0,69835.0,69840.0,22
2026-10-05 05:16:00-04:00,69850.0,69850.0,69850.0,69845.0,69845.0,2
2026-10-05 05:17:00-04:00,69855.0,69855.0,69855.0,69850.0,69850.0,2
2026-10-05 05:18:00-04:00,69845.0,69845.0,69845.0,69820.0,69830.0,6
2026-10-05 05:19:00-04:00,69855.0,69855.0,69855.0,69850.0,69850.0,3
2026-10-05 05:20:00-04:00,69875.0,69875.0,69875.0,69865.0,69870.0,15
2026-10-05 05:21:00-04:00,69860.0,69860.0,69880.0,69855.0,69880.0,6
2026-10-05 05:22:00-04:00,69880.0,69880.0,69880.0,69860.0,69860.0,5
2026-10-05 05:23:00-04:00,69865.0,69865.0,69865.0,69860.0,69860.0,2
2026-10-05 05:24:00-04:00,69875.0,69875.0,69875.0,69870.0,69870.0,6
2026-10-05 05:25:00-04:00,69870.0,69870.0,69880.0,69840.0,69845.0,8
2026-10-05 05:26:00-04:00,69860.0,69860.0,69860.0,69855.0,69855.0,2
2026-10-05 05:27:00-04:00,69895.0,69895.0,69910.0,69875.0,69875.0,28
2026-10-05 05:29:00-04:00,69885.0,69885.0,69885.0,69885.0,69885.0,1
2026-10-05 05:30:00-04:00,69870.0,69870.0,69880.0,69870.0,69875.0,7
2026-10-05 05:31:00-04:00,69880.0,69880.0,69880.0,69870.0,69870.0,5
2026-10-05 05:32:00-04:00,69870.0,69870.0,69880.0,69865.0,69875.0,6
2026-10-05 05:33:00-04:00,69860.0,69860.0,69870.0,69860.0,69870.0,2
2026-10-05 05:34:00-04:00,69865.0,69865.0,69870.0,69865.0,69870.0,3
2026-10-05 05:35:00-04:00,69855.0,69855.0,69855.0,69855.0,69855.0,1
2026-10-05 05:36:00-04:00,69840.0,69840.0,69860.0,69840.0,69850.0,6
2026-10-05 05:37:00-04:00,69830.0,69830.0,69845.0,69830.0,69835.0,11
2026-10-05 05:38:00-04:00,69830.0,69830.0,69835.0,69815.0,69815.0,5
2026-10-05 05:39:00-04:00,69805.0,69805.0,69805.0,69805.0,69805.0,1
2026-10-05 05:40:00-04:00,69800.0,69800.0,69800.0,69780.0,69795.0,14
2026-10-05 05:41:00-04:00,69810.0,69810.0,69810.0,69790.0,69795.0,7
2026-10-05 05:42:00-04:00,69795.0,69795.0,69795.0,69795.0,69795.0,2
2026-10-05 05:43:00-04:00,69790.0,69790.0,69790.0,69785.0,69785.0,2
2026-10-05 05:44:00-04:00,69835.0,69835.0,69835.0,69835.0,69835.0,1
2026-10-05 05:46:00-04:00,69815.0,69815.0,69815.0,69810.0,69815.0,3
2026-10-05 05:47:00-04:00,69840.0,69840.0,69840.0,69840.0,69840.0,3
2026-10-05 05:48:00-04:00,69845.0,69845.0,69845.0,69845.0,69845.0,1
2026-10-05 05:49:00-04:00,69840.0,69840.0,69840.0,69835.0,69835.0,4
2026-10-05 05:50:00-04:00,69845.0,69845.0,69845.0,69845.0,69845.0,6
2026-10-05 05:51:00-04:00,69855.0,69855.0,69860.0,69845.0,69845.0,10
2026-10-05 05:52:00-04:00,69865.0,69865.0,69870.0,69855.0,69870.0,6
2026-10-05 05:53:00-04:00,69865.0,69865.0,69870.0,69860.0,69870.0,5
2026-10-05 05:54:00-04:00,69860.0,69860.0,69865.0,69860.0,69865.0,2
2026-10-05 05:55:00-04:00,69860.0,69860.0,69875.0,69845.0,69875.0,15
2026-10-05 05:56:00-04:00,69865.0,69865.0,69865.0,69855.0,69855.0,3
2026-10-05 05:57:00-04:00,69860.0,69860.0,69875.0,69860.0,69875.0,10
2026-10-05 05:58:00-04:00,69860.0,69860.0,69860.0,69860.0,69860.0,1
2026-10-05 05:59:00-04:00,69825.0,69825.0,69845.0,69825.0,69845.0,23
2026-10-05 06:00:00-04:00,69800.0,69800.0,69830.0,69790.0,69820.0,43
2026-10-05 06:01:00-04:00,69775.0,69775.0,69805.0,69775.0,69795.0,20
2026-10-05 06:02:00-04:00,69790.0,69790.0,69795.0,69780.0,69785.0,5
2026-10-05 06:03:00-04:00,69830.0,69830.0,69840.0,69785.0,69785.0,44
2026-10-05 06:04:00-04:00,69830.0,69830.0,69830.0,69820.0,69825.0,5
2026-10-05 06:05:00-04:00,69820.0,69820.0,69830.0,69810.0,69825.0,7
2026-10-05 06:06:00-04:00,69850.0,69850.0,69855.0,69830.0,69830.0,6
2026-10-05 06:08:00-04:00,69870.0,69870.0,69870.0,69865.0,69865.0,2
2026-10-05 06:09:00-04:00,69855.0,69855.0,69885.0,69850.0,69870.0,13
2026-10-05 06:10:00-04:00,69870.0,69870.0,69890.0,69855.0,69865.0,28
2026-10-05 06:11:00-04:00,69850.0,69850.0,69855.0,69845.0,69850.0,9
2026-10-05 06:12:00-04:00,69840.0,69840.0,69845.0,69840.0,69845.0,4
2026-10-05 06:13:00-04:00,69825.0,69825.0,69825.0,69825.0,69825.0,1
2026-10-05 06:15:00-04:00,69850.0,69850.0,69850.0,69835.0,69850.0,5
2026-10-05 06:16:00-04:00,69850.0,69850.0,69850.0,69845.0,69845.0,2
2026-10-05 06:17:00-04:00,69815.0,69815.0,69825.0,69815.0,69825.0,8
2026-10-05 06:18:00-04:00,69825.0,69825.0,69840.0,69820.0,69840.0,13
2026-10-05 06:19:00-04:00,69820.0,69820.0,69825.0,69810.0,69815.0,9
2026-10-05 06:20:00-04:00,69825.0,69825.0,69825.0,69805.0,69820.0,22
2026-10-05 06:21:00-04:00,69845.0,69845.0,69845.0,69845.0,69845.0,1
2026-10-05 06:22:00-04:00,69820.0,69820.0,69835.0,69820.0,69835.0,2
2026-10-05 06:23:00-04:00,69845.0,69845.0,69845.0,69845.0,69845.0,1
2026-10-05 06:24:00-04:00,69870.0,69870.0,69870.0,69855.0,69855.0,13
2026-10-05 06:25:00-04:00,69875.0,69875.0,69880.0,69870.0,69870.0,9
2026-10-05 06:26:00-04:00,69870.0,69870.0,69870.0,69860.0,69860.0,7
2026-10-05 06:27:00-04:00,69835.0,69835.0,69865.0,69835.0,69860.0,13
2026-10-05 06:28:00-04:00,69870.0,69870.0,69870.0,69840.0,69840.0,13
2026-10-05 06:29:00-04:00,69855.0,69855.0,69855.0,69855.0,69855.0,1
2026-10-05 06:30:00-04:00,69830.0,69830.0,69835.0,69830.0,69835.0,6
2026-10-05 06:31:00-04:00,69820.0,69820.0,69820.0,69820.0,69820.0,1
2026-10-05 06:32:00-04:00,69825.0,69825.0,69825.0,69825.0,69825.0,1
2026-10-05 06:34:00-04:00,69815.0,69815.0,69830.0,69810.0,69830.0,9
2026-10-05 06:35:00-04:00,69815.0,69815.0,69815.0,69815.0,69815.0,1
2026-10-05 06:36:00-04:00,69805.0,69805.0,69805.0,69805.0,69805.0,1
2026-10-05 06:37:00-04:00,69815.0,69815.0,69820.0,69815.0,69820.0,3
2026-10-05 06:38:00-04:00,69785.0,69785.0,69795.0,69785.0,69795.0,6
2026-10-05 06:39:00-04:00,69790.0,69790.0,69790.0,69790.0,69790.0,1
2026-10-05 06:40:00-04:00,69800.0,69800.0,69810.0,69800.0,69810.0,5
2026-10-05 06:41:00-04:00,69795.0,69795.0,69795.0,69790.0,69790.0,2
2026-10-05 06:42:00-04:00,69815.0,69815.0,69815.0,69795.0,69795.0,9
2026-10-05 06:43:00-04:00,69825.0,69825.0,69835.0,69825.0,69830.0,8
2026-10-05 06:44:00-04:00,69820.0,69820.0,69820.0,69815.0,69820.0,6
2026-10-05 06:45:00-04:00,69825.0,69825.0,69825.0,69820.0,69825.0,3
2026-10-05 06:47:00-04:00,69850.0,69850.0,69850.0,69850.0,69850.0,1
2026-10-05 06:48:00-04:00,69890.0,69890.0,69890.0,69870.0,69870.0,9
2026-10-05 06:49:00-04:00,69890.0,69890.0,69895.0,69890.0,69890.0,6
2026-10-05 06:50:00-04:00,69855.0,69855.0,69890.0,69855.0,69890.0,7
2026-10-05 06:51:00-04:00,69850.0,69850.0,69860.0,69845.0,69850.0,4
2026-10-05 06:52:00-04:00,69860.0,69860.0,69860.0,69850.0,69850.0,3
2026-10-05 06:53:00-04:00,69875.0,69875.0,69875.0,69875.0,69875.0,1
2026-10-05 06:54:00-04:00,69920.0,69920.0,69960.0,69880.0,69880.0,102
2026-10-05 06:55:00-04:00,69985.0,69985.0,70035.0,69935.0,69935.0,108
2026-10-05 06:56:00-04:00,69970.0,69970.0,70000.0,69955.0,69985.0,86
2026-10-05 06:57:00-04:00,69980.0,69980.0,69980.0,69965.0,69970.0,29
2026-10-05 06:58:00-04:00,69935.0,69935.0,69950.0,69935.0,69950.0,5
2026-10-05 06:59:00-04:00,69970.0,69970.0,69970.0,69970.0,69970.0,2
2026-10-05 07:00:00-04:00,69900.0,69900.0,69985.0,69895.0,69980.0,28
2026-10-05 07:01:00-04:00,69910.0,69910.0,69910.0,69910.0,69910.0,2
2026-10-05 07:02:00-04:00,69850.0,69850.0,69915.0,69850.0,69910.0,12
2026-10-05 07:03:00-04:00,69855.0,69855.0,69860.0,69855.0,69855.0,7
2026-10-05 07:04:00-04:00,69910.0,69910.0,69910.0,69870.0,69870.0,21
2026-10-05 07:05:00-04:00,69910.0,69910.0,69915.0,69905.0,69905.0,6
2026-10-05 07:06:00-04:00,69910.0,69910.0,69910.0,69905.0,69905.0,4
2026-10-05 07:07:00-04:00,69905.0,69905.0,69905.0,69900.0,69900.0,3
2026-10-05 07:08:00-04:00,69890.0,69890.0,69900.0,69890.0,69895.0,4
2026-10-05 07:09:00-04:00,69865.0,69865.0,69885.0,69865.0,69885.0,4
2026-10-05 07:10:00-04:00,69870.0,69870.0,69870.0,69860.0,69860.0,7
2026-10-05 07:11:00-04:00,69875.0,69875.0,69875.0,69865.0,69865.0,3
2026-10-05 07:12:00-04:00,69880.0,69880.0,69880.0,69860.0,69860.0,2
2026-10-05 07:13:00-04:00,69920.0,69920.0,69920.0,69875.0,69875.0,9
2026-10-05 07:14:00-04:00,69910.0,69910.0,69920.0,69910.0,69920.0,4
2026-10-05 07:15:00-04:00,69935.0,69935.0,69935.0,69915.0,69915.0,2
2026-10-05 07:16:00-04:00,69915.0,69915.0,69940.0,69880.0,69940.0,88
2026-10-05 07:17:00-04:00,69935.0,69935.0,69935.0,69920.0,69920.0,24
2026-10-05 07:18:00-04:00,69975.0,69975.0,69975.0,69935.0,69935.0,39
2026-10-05 07:19:00-04:00,69985.0,69985.0,69990.0,69970.0,69975.0,35
2026-10-05 07:20:00-04:00,70010.0,70010.0,70015.0,69985.0,69990.0,46
2026-10-05 07:21:00-04:00,70015.0,70015.0,70015.0,70005.0,70005.0,5
2026-10-05 07:22:00-04:00,70025.0,70025.0,70025.0,70005.0,70005.0,13
2026-10-05 07:23:00-04:00,70040.0,70040.0,70040.0,70030.0,70035.0,9
2026-10-05 07:24:00-04:00,70055.0,70055.0,70055.0,70040.0,70040.0,8
2026-10-05 07:25:00-04:00,70060.0,70060.0,70070.0,70050.0,70050.0,11
2026-10-05 07:26:00-04:00,70060.0,70060.0,70070.0,70055.0,70065.0,19
2026-10-05 07:27:00-04:00,70115.0,70115.0,70170.0,70070.0,70070.0,177
2026-10-05 07:28:00-04:00,70115.0,70115.0,70115.0,70070.0,70110.0,25
2026-10-05 07:29:00-04:00,70130.0,70130.0,70130.0,70125.0,70130.0,5
2026-10-05 07:30:00-04:00,70135.0,70135.0,70180.0,70135.0,70180.0,12
2026-10-05 07:31:00-04:00,70145.0,70145.0,70145.0,70125.0,70125.0,4
2026-10-05 07:32:00-04:00,70130.0,70130.0,70145.0,70130.0,70145.0,7
2026-10-05 07:33:00-04:00,70105.0,70105.0,70125.0,70085.0,70120.0,45
2026-10-05 07:34:00-04:00,70070.0,70070.0,70105.0,70070.0,70100.0,28
2026-10-05 07:35:00-04:00,70065.0,70065.0,70070.0,70055.0,70070.0,9
2026-10-05 07:36:00-04:00,70090.0,70090.0,70090.0,70060.0,70065.0,14
2026-10-05 07:37:00-04:00,70090.0,70090.0,70090.0,70090.0,70090.0,2
2026-10-05 07:38:00-04:00,70090.0,70090.0,70095.0,70085.0,70090.0,6
2026-10-05 07:39:00-04:00,70095.0,70095.0,70120.0,70090.0,70090.0,11
2026-10-05 07:40:00-04:00,70120.0,70120.0,70125.0,70110.0,70110.0,8
2026-10-05 07:41:00-04:00,70115.0,70115.0,70120.0,70100.0,70115.0,26
2026-10-05 07:42:00-04:00,70070.0,70070.0,70100.0,70070.0,70095.0,13
2026-10-05 07:43:00-04:00,70070.0,70070.0,70070.0,70065.0,70070.0,3
2026-10-05 07:44:00-04:00,70045.0,70045.0,70065.0,70045.0,70065.0,17
2026-10-05 07:45:00-04:00,70030.0,70030.0,70045.0,70030.0,70040.0,38
2026-10-05 07:46:00-04:00,70015.0,70015.0,70035.0,70015.0,70035.0,9
2026-10-05 07:47:00-04:00,70035.0,70035.0,70035.0,70020.0,70020.0,4
2026-10-05 07:48:00-04:00,70040.0,70040.0,70050.0,70040.0,70040.0,4
2026-10-05 07:49:00-04:00,70045.0,70045.0,70050.0,70035.0,70035.0,8
2026-10-05 07:50:00-04:00,70050.0,70050.0,70055.0,70035.0,70045.0,13
2026-10-05 07:51:00-04:00,70025.0,70025.0,70065.0,70025.0,70065.0,11
2026-10-05 07:52:00-04:00,70050.0,70050.0,70050.0,70045.0,70045.0,4
2026-10-05 07:53:00-04:00,70010.0,70010.0,70010.0,70010.0,70010.0,1
2026-10-05 07:54:00-04:00,70020.0,70020.0,70020.0,70020.0,70020.0,2
2026-10-05 07:55:00-04:00,70035.0,70035.0,70035.0,70030.0,70030.0,4
2026-10-05 07:56:00-04:00,70065.0,70065.0,70065.0,70040.0,70040.0,13
2026-10-05 07:57:00-04:00,70060.0,70060.0,70065.0,70055.0,70055.0,9
2026-10-05 07:58:00-04:00,70060.0,70060.0,70080.0,70055.0,70065.0,33
2026-10-05 07:59:00-04:00,70060.0,70060.0,70060.0,70050.0,70055.0,11
2026-10-05 08:00:00-04:00,70055.0,70055.0,70070.0,70035.0,70060.0,57
2026-10-05 08:01:00-04:00,70060.0,70060.0,70060.0,70050.0,70055.0,20
2026-10-05 08:02:00-04:00,70010.0,70010.0,70065.0,70000.0,70065.0,13
2026-10-05 08:03:00-04:00,70045.0,70045.0,70045.0,70045.0,70045.0,2
2026-10-05 08:04:00-04:00,70065.0,70065.0,70065.0,70050.0,70050.0,5
2026-10-05 08:05:00-04:00,70055.0,70055.0,70060.0,70055.0,70060.0,3
2026-10-05 08:06:00-04:00,70060.0,70060.0,70060.0,70060.0,70060.0,2
2026-10-05 08:07:00-04:00,70045.0,70045.0,70045.0,70040.0,70040.0,10
2026-10-05 08:08:00-04:00,70035.0,70035.0,70035.0,70025.0,70025.0,6
2026-10-05 08:09:00-04:00,70045.0,70045.0,70045.0,70035.0,70045.0,4
2026-10-05 08:10:00-04:00,70060.0,70060.0,70075.0,70030.0,70030.0,34
2026-10-05 08:11:00-04:00,70060.0,70060.0,70065.0,70050.0,70065.0,11
2026-10-05 08:12:00-04:00,70065.0,70065.0,70065.0,70055.0,70055.0,5
2026-10-05 08:13:00-04:00,70060.0,70060.0,70060.0,70045.0,70060.0,9
2026-10-05 08:14:00-04:00,70065.0,70065.0,70065.0,70065.0,70065.0,3
2026-10-05 08:15:00-04:00,70045.0,70045.0,70055.0,70045.0,70055.0,27
2026-10-05 08:16:00-04:00,70070.0,70070.0,70070.0,70035.0,70035.0,7
2026-10-05 08:17:00-04:00,70080.0,70080.0,70090.0,70070.0,70070.0,5
2026-10-05 08:18:00-04:00,70070.0,70070.0,70075.0,70070.0,70075.0,5
2026-10-05 08:19:00-04:00,70085.0,70085.0,70085.0,70080.0,70080.0,4
2026-10-05 08:20:00-04:00,70065.0,70065.0,70065.0,70050.0,70065.0,7
2026-10-05 08:21:00-04:00,70060.0,70060.0,70065.0,70060.0,70065.0,4
2026-10-05 08:22:00-04:00,70055.0,70055.0,70065.0,70055.0,70065.0,3
2026-10-05 08:23:00-04:00,70035.0,70035.0,70040.0,70035.0,70040.0,4
2026-10-05 08:24:00-04:00,70020.0,70020.0,70030.0,70020.0,70030.0,3
2026-10-05 08:26:00-04:00,70020.0,70020.0,70035.0,70020.0,70035.0,7
2026-10-05 08:27:00-04:00,70025.0,70025.0,70025.0,70025.0,70025.0,3
2026-10-05 08:28:00-04:00,70035.0,70035.0,70040.0,70025.0,70025.0,6
2026-10-05 08:29:00-04:00,70045.0,70045.0,70045.0,70045.0,70045.0,2
2026-10-05 08:30:00-04:00,70075.0,70075.0,70075.0,70060.0,70065.0,26
2026-10-05 08:31:00-04:00,70050.0,70050.0,70075.0,70050.0,70075.0,37
2026-10-05 08:32:00-04:00,70055.0,70055.0,70060.0,70055.0,70060.0,2
2026-10-05 08:33:00-04:00,70050.0,70050.0,70050.0,70040.0,70040.0,2
2026-10-05 08:34:00-04:00,70030.0,70030.0,70040.0,70030.0,70040.0,2
2026-10-05 08:35:00-04:00,70025.0,70025.0,70035.0,70025.0,70025.0,4
2026-10-05 08:36:00-04:00,70035.0,70035.0,70035.0,70025.0,70025.0,6
2026-10-05 08:37:00-04:00,70035.0,70035.0,70035.0,70020.0,70030.0,10
2026-10-05 08:38:00-04:00,70045.0,70045.0,70045.0,70040.0,70040.0,2
2026-10-05 08:39:00-04:00,70040.0,70040.0,70040.0,70040.0,70040.0,2
2026-10-05 08:40:00-04:00,70065.0,70065.0,70065.0,70045.0,70055.0,33
2026-10-05 08:41:00-04:00,70030.0,70030.0,70060.0,70030.0,70060.0,4
2026-10-05 08:43:00-04:00,70030.0,70030.0,70030.0,70025.0,70025.0,2
2026-10-05 08:44:00-04:00,70005.0,70005.0,70030.0,70005.0,70030.0,5
2026-10-05 08:45:00-04:00,70010.0,70010.0,70015.0,70010.0,70010.0,4
2026-10-05 08:46:00-04:00,70015.0,70015.0,70035.0,70015.0,70035.0,4
2026-10-05 08:47:00-04:00,70020.0,70020.0,70020.0,69990.0,70015.0,44
2026-10-05 08:48:00-04:00,69965.0,69965.0,70010.0,69965.0,70010.0,8
2026-10-05 08:49:00-04:00,69975.0,69975.0,69975.0,69950.0,69950.0,6
2026-10-05 08:50:00-04:00,69975.0,69975.0,69975.0,69960.0,69965.0,44
2026-10-05 08:51:00-04:00,69980.0,69980.0,69985.0,69975.0,69975.0,5
2026-10-05 08:52:00-04:00,69965.0,69965.0,70030.0,69965.0,69975.0,40
2026-10-05 08:53:00-04:00,70015.0,70015.0,70015.0,70010.0,70010.0,4
2026-10-05 08:54:00-04:00,70045.0,70045.0,70045.0,70045.0,70045.0,2
2026-10-05 08:55:00-04:00,70015.0,70015.0,70040.0,70015.0,70040.0,8
2026-10-05 08:56:00-04:00,70025.0,70025.0,70025.0,70025.0,70025.0,1
2026-10-05 08:57:00-04:00,70025.0,70025.0,70025.0,70025.0,70025.0,1
2026-10-05 08:58:00-04:00,70045.0,70045.0,70050.0,70040.0,70040.0,5
2026-10-05 08:59:00-04:00,70055.0,70055.0,70055.0,70055.0,70055.0,2
2026-10-05 09:00:00-04:00,70085.0,70085.0,70085.0,70020.0,70025.0,15
2026-10-05 09:01:00-04:00,70050.0,70050.0,70065.0,70050.0,70065.0,3
2026-10-05 09:02:00-04:00,70040.0,70040.0,70060.0,70040.0,70060.0,3
2026-10-05 09:03:00-04:00,70045.0,70045.0,70055.0,70045.0,70055.0,3
2026-10-05 09:04:00-04:00,70045.0,70045.0,70045.0,70045.0,70045.0,1
2026-10-05 09:05:00-04:00,70005.0,70005.0,70025.0,70005.0,70025.0,6
2026-10-05 09:06:00-04:00,70000.0,70000.0,70015.0,70000.0,70015.0,9
2026-10-05 09:07:00-04:00,69990.0,69990.0,70005.0,69985.0,70005.0,6
2026-10-05 09:08:00-04:00,70005.0,70005.0,70005.0,69995.0,69995.0,10
2026-10-05 09:09:00-04:00,69990.0,69990.0,70005.0,69990.0,70000.0,20
2026-10-05 09:10:00-04:00,70005.0,70005.0,70005.0,69990.0,69990.0,5
2026-10-05 09:11:00-04:00,70020.0,70020.0,70030.0,70005.0,70005.0,20
2026-10-05 09:12:00-04:00,70055.0,70055.0,70055.0,70020.0,70020.0,8
2026-10-05 09:13:00-04:00,70065.0,70065.0,70065.0,70065.0,70065.0,2
2026-10-05 09:14:00-04:00,70030.0,70030.0,70075.0,70020.0,70075.0,35
2026-10-05 09:15:00-04:00,70045.0,70045.0,70045.0,70045.0,70045.0,4
2026-10-05 09:16:00-04:00,70065.0,70065.0,70065.0,70060.0,70065.0,5
2026-10-05 09:17:00-04:00,70070.0,70070.0,70070.0,70060.0,70060.0,7
2026-10-05 09:18:00-04:00,70080.0,70080.0,70080.0,70070.0,70070.0,11
2026-10-05 09:19:00-04:00,70060.0,70060.0,70060.0,70060.0,70060.0,2
2026-10-05 09:20:00-04:00,70070.0,70070.0,70070.0,70070.0,70070.0,1
2026-10-05 09:21:00-04:00,70080.0,70080.0,70085.0,70075.0,70075.0,5
2026-10-05 09:22:00-04:00,70055.0,70055.0,70055.0,70055.0,70055.0,1
2026-10-05 09:24:00-04:00,70020.0,70020.0,70060.0,70005.0,70060.0,38
2026-10-05 09:25:00-04:00,70045.0,70045.0,70045.0,70020.0,70020.0,13
2026-10-05 09:26:00-04:00,70050.0,70050.0,70055.0,70050.0,70050.0,4
2026-10-05 09:27:00-04:00,70090.0,70090.0,70090.0,70055.0,70065.0,12
2026-10-05 09:28:00-04:00,70065.0,70065.0,70095.0,70065.0,70095.0,19
2026-10-05 09:29:00-04:00,70075.0,70075.0,70075.0,70065.0,70065.0,4
2026-10-05 09:30:00-04:00,70040.0,70040.0,70095.0,70030.0,70070.0,66
2026-10-05 09:31:00-04:00,70075.0,70075.0,70080.0,70040.0,70040.0,41
2026-10-05 09:32:00-04:00,70105.0,70105.0,70155.0,70095.0,70100.0,70
2026-10-05 09:33:00-04:00,70140.0,70140.0,70140.0,70110.0,70125.0,15
2026-10-05 09:34:00-04:00,70125.0,70125.0,70160.0,70120.0,70155.0,38
2026-10-05 09:35:00-04:00,70095.0,70095.0,70135.0,70080.0,70125.0,45
2026-10-05 09:36:00-04:00,70100.0,70100.0,70110.0,70075.0,70085.0,31
2026-10-05 09:37:00-04:00,70080.0,70080.0,70110.0,70075.0,70105.0,14
2026-10-05 09:38:00-04:00,70045.0,70045.0,70085.0,70045.0,70085.0,24
2026-10-05 09:39:00-04:00,70050.0,70050.0,70055.0,70040.0,70040.0,7
2026-10-05 09:40:00-04:00,70040.0,70040.0,70050.0,70030.0,70045.0,7
2026-10-05 09:41:00-04:00,70075.0,70075.0,70075.0,70045.0,70045.0,11
2026-10-05 09:42:00-04:00,70095.0,70095.0,70095.0,70060.0,70090.0,43
2026-10-05 09:43:00-04:00,70030.0,70030.0,70095.0,70015.0,70095.0,39
2026-10-05 09:44:00-04:00,69985.0,69985.0,70020.0,69960.0,70020.0,57
2026-10-05 09:45:00-04:00,70005.0,70005.0,70055.0,69995.0,70000.0,72
2026-10-05 09:46:00-04:00,69920.0,69920.0,69985.0,69920.0,69985.0,19
2026-10-05 09:47:00-04:00,69960.0,69960.0,69960.0,69930.0,69930.0,14
2026-10-05 09:48:00-04:00,69950.0,69950.0,69980.0,69950.0,69980.0,9
2026-10-05 09:49:00-04:00,69985.0,69985.0,69985.0,69955.0,69955.0,4
2026-10-05 09:50:00-04:00,69975.0,69975.0,69975.0,69940.0,69950.0,15
2026-10-05 09:51:00-04:00,69980.0,69980.0,69990.0,69970.0,69970.0,9
2026-10-05 09:52:00-04:00,69935.0,69935.0,69975.0,69935.0,69975.0,16
2026-10-05 09:53:00-04:00,69910.0,69910.0,69935.0,69900.0,69925.0,51
2026-10-05 09:54:00-04:00,69930.0,69930.0,69955.0,69915.0,69915.0,55
2026-10-05 09:55:00-04:00,69975.0,69975.0,69980.0,69930.0,69930.0,16
2026-10-05 09:56:00-04:00,69950.0,69950.0,69970.0,69945.0,69970.0,7
2026-10-05 09:57:00-04:00,69975.0,69975.0,69985.0,69965.0,69965.0,7
2026-10-05 09:58:00-04:00,70000.0,70000.0,70020.0,69980.0,69980.0,15
2026-10-05 09:59:00-04:00,70015.0,70015.0,70030.0,69995.0,69995.0,15
2026-10-05 10:00:00-04:00,69930.0,69930.0,70020.0,69910.0,70015.0,99
2026-10-05 10:01:00-04:00,70050.0,70050.0,70050.0,69940.0,69940.0,26
2026-10-05 10:02:00-04:00,70040.0,70040.0,70045.0,70010.0,70045.0,16
2026-10-05 10:03:00-04:00,70030.0,70030.0,70030.0,70000.0,70005.0,9
2026-10-05 10:04:00-04:00,70035.0,70035.0,70055.0,70035.0,70035.0,18
2026-10-05 10:05:00-04:00,70060.0,70060.0,70060.0,70040.0,70040.0,17
2026-10-05 10:06:00-04:00,70030.0,70030.0,70060.0,70025.0,70060.0,52
2026-10-05 10:07:00-04:00,70035.0,70035.0,70040.0,70020.0,70030.0,9
2026-10-05 10:08:00-04:00,70105.0,70105.0,70140.0,70025.0,70030.0,83
2026-10-05 10:09:00-04:00,70145.0,70145.0,70150.0,70065.0,70110.0,49
2026-10-05 10:10:00-04:00,70150.0,70150.0,70165.0,70130.0,70165.0,52
2026-10-05 10:11:00-04:00,70165.0,70165.0,70190.0,70145.0,70160.0,35
2026-10-05 10:12:00-04:00,70200.0,70200.0,70210.0,70160.0,70160.0,26
2026-10-05 10:13:00-04:00,70190.0,70190.0,70200.0,70180.0,70200.0,15
2026-10-05 10:14:00-04:00,70185.0,70185.0,70195.0,70175.0,70195.0,5
2026-10-05 10:15:00-04:00,70220.0,70220.0,70220.0,70180.0,70180.0,22
2026-10-05 10:16:00-04:00,70230.0,70230.0,70235.0,70210.0,70210.0,13
2026-10-05 10:17:00-04:00,70225.0,70225.0,70255.0,70220.0,70255.0,7
2026-10-05 10:18:00-04:00,70230.0,70230.0,70240.0,70230.0,70230.0,6
2026-10-05 10:19:00-04:00,70240.0,70240.0,70240.0,70235.0,70235.0,4
2026-10-05 10:20:00-04:00,70315.0,70315.0,70315.0,70245.0,70245.0,34
2026-10-05 10:21:00-04:00,70315.0,70315.0,70325.0,70300.0,70315.0,145
2026-10-05 10:22:00-04:00,70290.0,70290.0,70340.0,70290.0,70310.0,65
2026-10-05 10:23:00-04:00,70245.0,70245.0,70295.0,70245.0,70285.0,32
2026-10-05 10:24:00-04:00,70250.0,70250.0,70250.0,70240.0,70245.0,3
2026-10-05 10:25:00-04:00,70270.0,70270.0,70275.0,70250.0,70255.0,20
2026-10-05 10:26:00-04:00,70280.0,70280.0,70295.0,70270.0,70275.0,12
2026-10-05 10:27:00-04:00,70260.0,70260.0,70265.0,70260.0,70265.0,6
2026-10-05 10:28:00-04:00,70270.0,70270.0,70275.0,70260.0,70265.0,11
2026-10-05 10:29:00-04:00,70265.0,70265.0,70270.0,70245.0,70250.0,54
2026-10-05 10:30:00-04:00,70250.0,70250.0,70280.0,70240.0,70270.0,78
2026-10-05 10:31:00-04:00,70240.0,70240.0,70255.0,70210.0,70245.0,20
2026-10-05 10:32:00-04:00,70235.0,70235.0,70255.0,70225.0,70230.0,11
2026-10-05 10:33:00-04:00,70230.0,70230.0,70250.0,70230.0,70235.0,10
2026-10-05 10:34:00-04:00,70210.0,70210.0,70210.0,70190.0,70195.0,17
2026-10-05 10:35:00-04:00,70205.0,70205.0,70210.0,70200.0,70210.0,12
2026-10-05 10:36:00-04:00,70180.0,70180.0,70200.0,70175.0,70200.0,8
2026-10-05 10:37:00-04:00,70175.0,70175.0,70195.0,70175.0,70180.0,16
2026-10-05 10:38:00-04:00,70155.0,70155.0,70180.0,70155.0,70180.0,7
2026-10-05 10:39:00-04:00,70145.0,70145.0,70165.0,70140.0,70160.0,25
2026-10-05 10:40:00-04:00,70175.0,70175.0,70175.0,70145.0,70150.0,4
2026-10-05 10:41:00-04:00,70185.0,70185.0,70200.0,70180.0,70180.0,20
2026-10-05 10:42:00-04:00,70155.0,70155.0,70180.0,70145.0,70180.0,33
2026-10-05 10:43:00-04:00,70145.0,70145.0,70160.0,70135.0,70155.0,45
2026-10-05 10:44:00-04:00,70150.0,70150.0,70170.0,70150.0,70165.0,6
2026-10-05 10:45:00-04:00,70135.0,70135.0,70145.0,70135.0,70145.0,4
2026-10-05 10:46:00-04:00,70130.0,70130.0,70145.0,70125.0,70145.0,12
2026-10-05 10:47:00-04:00,70140.0,70140.0,70140.0,70120.0,70130.0,9
2026-10-05 10:48:00-04:00,70125.0,70125.0,70145.0,70120.0,70140.0,36
2026-10-05 10:49:00-04:00,70145.0,70145.0,70145.0,70125.0,70125.0,9
2026-10-05 10:50:00-04:00,70155.0,70155.0,70170.0,70145.0,70150.0,8
2026-10-05 10:51:00-04:00,70150.0,70150.0,70155.0,70125.0,70155.0,54
2026-10-05 10:52:00-04:00,70155.0,70155.0,70170.0,70155.0,70160.0,15
2026-10-05 10:53:00-04:00,70165.0,70165.0,70180.0,70165.0,70175.0,7
2026-10-05 10:54:00-04:00,70165.0,70165.0,70180.0,70165.0,70175.0,11
2026-10-05 10:55:00-04:00,70150.0,70150.0,70160.0,70140.0,70160.0,10
2026-10-05 10:56:00-04:00,70175.0,70175.0,70175.0,70150.0,70150.0,14
2026-10-05 10:57:00-04:00,70185.0,70185.0,70185.0,70170.0,70180.0,9
2026-10-05 10:58:00-04:00,70190.0,70190.0,70195.0,70185.0,70185.0,10
2026-10-05 10:59:00-04:00,70195.0,70195.0,70200.0,70175.0,70175.0,11
2026-10-05 11:00:00-04:00,70180.0,70180.0,70205.0,70175.0,70205.0,24
2026-10-05 11:01:00-04:00,70180.0,70180.0,70185.0,70170.0,70180.0,20
2026-10-05 11:02:00-04:00,70155.0,70155.0,70185.0,70150.0,70185.0,12
2026-10-05 11:03:00-04:00,70135.0,70135.0,70160.0,70135.0,70150.0,19
2026-10-05 11:05:00-04:00,70085.0,70085.0,70135.0,70085.0,70135.0,19
2026-10-05 11:06:00-04:00,70080.0,70080.0,70090.0,70075.0,70085.0,40
2026-10-05 11:07:00-04:00,70045.0,70045.0,70065.0,70035.0,70065.0,28
2026-10-05 11:08:00-04:00,70025.0,70025.0,70045.0,70025.0,70045.0,3
2026-10-05 11:09:00-04:00,69995.0,69995.0,70025.0,69995.0,70020.0,9
2026-10-05 11:10:00-04:00,70005.0,70005.0,70005.0,69975.0,69980.0,43
2026-10-05 11:11:00-04:00,69995.0,69995.0,70010.0,69990.0,70005.0,60
2026-10-05 11:12:00-04:00,69980.0,69980.0,70010.0,69980.0,70000.0,18
2026-10-05 11:13:00-04:00,69970.0,69970.0,69990.0,69970.0,69985.0,11
2026-10-05 11:14:00-04:00,69990.0,69990.0,70000.0,69990.0,69990.0,7
2026-10-05 11:15:00-04:00,69965.0,69965.0,70005.0,69965.0,69990.0,20
2026-10-05 11:16:00-04:00,70000.0,70000.0,70000.0,69955.0,69955.0,16
2026-10-05 11:17:00-04:00,70020.0,70020.0,70020.0,70000.0,70005.0,10
2026-10-05 11:18:00-04:00,70015.0,70015.0,70030.0,70015.0,70020.0,4
2026-10-05 11:19:00-04:00,70025.0,70025.0,70025.0,70010.0,70025.0,11
2026-10-05 11:20:00-04:00,69985.0,69985.0,70020.0,69985.0,70020.0,4
2026-10-05 11:21:00-04:00,69970.0,69970.0,69985.0,69970.0,69985.0,11
2026-10-05 11:22:00-04:00,69950.0,69950.0,69985.0,69950.0,69975.0,8
2026-10-05 11:23:00-04:00,69985.0,69985.0,69985.0,69975.0,69975.0,4
2026-10-05 11:24:00-04:00,70010.0,70010.0,70025.0,69985.0,69985.0,8
2026-10-05 11:25:00-04:00,70010.0,70010.0,70010.0,70010.0,70010.0,2
2026-10-05 11:26:00-04:00,69980.0,69980.0,69990.0,69980.0,69990.0,3
2026-10-05 11:27:00-04:00,69970.0,69970.0,69980.0,69970.0,69970.0,15
2026-10-05 11:28:00-04:00,69970.0,69970.0,69975.0,69955.0,69965.0,8
2026-10-05 11:29:00-04:00,69995.0,69995.0,70005.0,69960.0,69960.0,33
2026-10-05 11:30:00-04:00,70035.0,70035.0,70035.0,70000.0,70000.0,13
2026-10-05 11:31:00-04:00,70025.0,70025.0,70035.0,70015.0,70025.0,21
2026-10-05 11:32:00-04:00,70040.0,70040.0,70040.0,70010.0,70020.0,18
2026-10-05 11:33:00-04:00,70015.0,70015.0,70035.0,70010.0,70035.0,91
2026-10-05 11:34:00-04:00,69985.0,69985.0,70015.0,69975.0,70015.0,47
2026-10-05 11:35:00-04:00,69980.0,69980.0,69990.0,69970.0,69990.0,35
2026-10-05 11:36:00-04:00,70005.0,70005.0,70015.0,69970.0,69975.0,24
2026-10-05 11:37:00-04:00,70030.0,70030.0,70030.0,70010.0,70015.0,22
2026-10-05 11:38:00-04:00,70020.0,70020.0,70035.0,70015.0,70035.0,8
2026-10-05 11:39:00-04:00,70035.0,70035.0,70035.0,70015.0,70015.0,29
2026-10-05 11:40:00-04:00,70055.0,70055.0,70055.0,70040.0,70050.0,16
2026-10-05 11:41:00-04:00,70070.0,70070.0,70070.0,70060.0,70060.0,16
2026-10-05 11:42:00-04:00,70060.0,70060.0,70085.0,70060.0,70085.0,15
2026-10-05 11:43:00-04:00,70055.0,70055.0,70055.0,70055.0,70055.0,1
2026-10-05 11:44:00-04:00,70085.0,70085.0,70085.0,70065.0,70080.0,45
2026-10-05 11:45:00-04:00,70050.0,70050.0,70085.0,70050.0,70085.0,45
2026-10-05 11:46:00-04:00,70045.0,70045.0,70050.0,70030.0,70050.0,9
2026-10-05 11:47:00-04:00,70050.0,70050.0,70050.0,70040.0,70045.0,6
2026-10-05 11:48:00-04:00,70065.0,70065.0,70070.0,70055.0,70055.0,14
2026-10-05 11:49:00-04:00,70075.0,70075.0,70075.0,70065.0,70070.0,9
2026-10-05 11:50:00-04:00,70050.0,70050.0,70075.0,70045.0,70075.0,12
2026-10-05 11:51:00-04:00,70065.0,70065.0,70065.0,70055.0,70060.0,8
2026-10-05 11:52:00-04:00,70065.0,70065.0,70065.0,70065.0,70065.0,1
2026-10-05 11:53:00-04:00,70075.0,70075.0,70075.0,70065.0,70065.0,8
2026-10-05 11:54:00-04:00,70080.0,70080.0,70095.0,70070.0,70070.0,23
2026-10-05 11:55:00-04:00,70075.0,70075.0,70080.0,70075.0,70080.0,8
2026-10-05 11:56:00-04:00,70080.0,70080.0,70085.0,70080.0,70085.0,7
2026-10-05 11:57:00-04:00,70075.0,70075.0,70085.0,70075.0,70080.0,7
2026-10-05 11:58:00-04:00,70070.0,70070.0,70080.0,70070.0,70080.0,8
2026-10-05 11:59:00-04:00,70060.0,70060.0,70075.0,70060.0,70075.0,10
2026-10-05 12:00:00-04:00,70045.0,70045.0,70060.0,70045.0,70060.0,14
2026-10-05 12:01:00-04:00,70035.0,70035.0,70040.0,70035.0,70040.0,12
2026-10-05 12:02:00-04:00,70025.0,70025.0,70030.0,70020.0,70030.0,10
2026-10-05 12:03:00-04:00,70005.0,70005.0,70005.0,69995.0,70000.0,9
2026-10-05 12:04:00-04:00,70015.0,70015.0,70020.0,70005.0,70005.0,20
2026-10-05 12:05:00-04:00,70020.0,70020.0,70025.0,70020.0,70025.0,5
2026-10-05 12:06:00-04:00,70040.0,70040.0,70040.0,70030.0,70030.0,7
2026-10-05 12:07:00-04:00,70055.0,70055.0,70060.0,70055.0,70060.0,3
2026-10-05 12:08:00-04:00,70055.0,70055.0,70065.0,70050.0,70060.0,29
2026-10-05 12:09:00-04:00,70050.0,70050.0,70050.0,70050.0,70050.0,2
2026-10-05 12:10:00-04:00,70050.0,70050.0,70065.0,70050.0,70065.0,6
2026-10-05 12:11:00-04:00,70050.0,70050.0,70055.0,70050.0,70050.0,15
2026-10-05 12:12:00-04:00,70050.0,70050.0,70050.0,70050.0,70050.0,2
2026-10-05 12:13:00-04:00,70060.0,70060.0,70060.0,70055.0,70055.0,3
2026-10-05 12:14:00-04:00,70045.0,70045.0,70060.0,70045.0,70060.0,8
2026-10-05 12:15:00-04:00,70025.0,70025.0,70025.0,70020.0,70020.0,5
2026-10-05 12:16:00-04:00,70045.0,70045.0,70045.0,70020.0,70020.0,5
2026-10-05 12:17:00-04:00,70035.0,70035.0,70055.0,70030.0,70050.0,9
2026-10-05 12:18:00-04:00,70035.0,70035.0,70040.0,70035.0,70040.0,2
2026-10-05 12:19:00-04:00,70045.0,70045.0,70050.0,70035.0,70035.0,12
2026-10-05 12:20:00-04:00,70035.0,70035.0,70040.0,70035.0,70040.0,7
2026-10-05 12:21:00-04:00,70025.0,70025.0,70040.0,70025.0,70040.0,6
2026-10-05 12:22:00-04:00,70045.0,70045.0,70045.0,70040.0,70040.0,3
2026-10-05 12:23:00-04:00,70060.0,70060.0,70070.0,70045.0,70045.0,12
2026-10-05 12:24:00-04:00,70065.0,70065.0,70075.0,70065.0,70065.0,14
2026-10-05 12:25:00-04:00,70055.0,70055.0,70070.0,70055.0,70070.0,7
2026-10-05 12:26:00-04:00,70055.0,70055.0,70055.0,70055.0,70055.0,4
2026-10-05 12:27:00-04:00,70050.0,70050.0,70060.0,70045.0,70050.0,5
2026-10-05 12:28:00-04:00,70060.0,70060.0,70060.0,70050.0,70050.0,4
2026-10-05 12:29:00-04:00,70045.0,70045.0,70060.0,70045.0,70060.0,3
2026-10-05 12:30:00-04:00,70050.0,70050.0,70050.0,70045.0,70045.0,4
2026-10-05 12:31:00-04:00,70045.0,70045.0,70060.0,70045.0,70060.0,8
2026-10-05 12:32:00-04:00,70035.0,70035.0,70045.0,70025.0,70045.0,57
2026-10-05 12:33:00-04:00,70030.0,70030.0,70045.0,70025.0,70035.0,19
2026-10-05 12:34:00-04:00,70030.0,70030.0,70040.0,70025.0,70035.0,7
2026-10-05 12:35:00-04:00,70050.0,70050.0,70050.0,70035.0,70035.0,6
2026-10-05 12:36:00-04:00,70050.0,70050.0,70055.0,70035.0,70040.0,18
2026-10-05 12:37:00-04:00,70045.0,70045.0,70045.0,70045.0,70045.0,1
2026-10-05 12:38:00-04:00,70040.0,70040.0,70040.0,70040.0,70040.0,2
2026-10-05 12:39:00-04:00,70040.0,70040.0,70040.0,70035.0,70040.0,6
2026-10-05 12:40:00-04:00,70035.0,70035.0,70040.0,70035.0,70040.0,15
2026-10-05 12:41:00-04:00,70080.0,70080.0,70080.0,70045.0,70045.0,48
2026-10-05 12:42:00-04:00,70080.0,70080.0,70085.0,70080.0,70080.0,17
2026-10-05 12:43:00-04:00,70100.0,70100.0,70105.0,70095.0,70095.0,16
2026-10-05 12:44:00-04:00,70110.0,70110.0,70120.0,70110.0,70115.0,6
2026-10-05 12:45:00-04:00,70095.0,70095.0,70115.0,70095.0,70110.0,12
2026-10-05 12:46:00-04:00,70095.0,70095.0,70105.0,70090.0,70090.0,15
2026-10-05 12:47:00-04:00,70080.0,70080.0,70100.0,70080.0,70095.0,71
2026-10-05 12:48:00-04:00,70095.0,70095.0,70095.0,70075.0,70080.0,14
2026-10-05 12:49:00-04:00,70085.0,70085.0,70095.0,70085.0,70095.0,18
2026-10-05 12:50:00-04:00,70090.0,70090.0,70090.0,70080.0,70085.0,7
2026-10-05 12:51:00-04:00,70085.0,70085.0,70095.0,70085.0,70090.0,5
2026-10-05 12:53:00-04:00,70075.0,70075.0,70075.0,70075.0,70075.0,1
2026-10-05 12:54:00-04:00,70055.0,70055.0,70070.0,70055.0,70070.0,7
2026-10-05 12:55:00-04:00,70050.0,70050.0,70055.0,70050.0,70055.0,7
2026-10-05 12:56:00-04:00,70070.0,70070.0,70095.0,70055.0,70055.0,68
2026-10-05 12:57:00-04:00,70060.0,70060.0,70060.0,70055.0,70055.0,2
2026-10-05 12:58:00-04:00,70040.0,70040.0,70045.0,70040.0,70045.0,10
2026-10-05 12:59:00-04:00,70020.0,70020.0,70040.0,70020.0,70040.0,31
2026-10-05 13:00:00-04:00,70015.0,70015.0,70030.0,70010.0,70020.0,19
2026-10-05 13:01:00-04:00,70025.0,70025.0,70030.0,70020.0,70020.0,5
2026-10-05 13:02:00-04:00,70020.0,70020.0,70025.0,70020.0,70025.0,2
2026-10-05 13:03:00-04:00,70015.0,70015.0,70020.0,70015.0,70020.0,2
2026-10-05 13:04:00-04:00,69990.0,69990.0,70020.0,69990.0,70020.0,9
2026-10-05 13:05:00-04:00,69995.0,69995.0,70000.0,69990.0,69990.0,14
2026-10-05 13:06:00-04:00,70005.0,70005.0,70005.0,70005.0,70005.0,2
2026-10-05 13:07:00-04:00,70040.0,70040.0,70040.0,70040.0,70040.0,1
2026-10-05 13:08:00-04:00,70040.0,70040.0,70040.0,70040.0,70040.0,1
2026-10-05 13:09:00-04:00,70040.0,70040.0,70050.0,70040.0,70050.0,5
2026-10-05 13:10:00-04:00,70035.0,70035.0,70040.0,70035.0,70035.0,14
2026-10-05 13:12:00-04:00,70030.0,70030.0,70040.0,70030.0,70040.0,5
2026-10-05 13:13:00-04:00,70035.0,70035.0,70035.0,70035.0,70035.0,4
2026-10-05 13:15:00-04:00,70055.0,70055.0,70055.0,70040.0,70040.0,7
2026-10-05 13:16:00-04:00,70050.0,70050.0,70060.0,70045.0,70055.0,10
2026-10-05 13:17:00-04:00,70040.0,70040.0,70045.0,70040.0,70045.0,3
2026-10-05 13:18:00-04:00,70040.0,70040.0,70040.0,70035.0,70040.0,5
2026-10-05 13:19:00-04:00,70040.0,70040.0,70040.0,70040.0,70040.0,1
2026-10-05 13:20:00-04:00,70040.0,70040.0,70040.0,70040.0,70040.0,1
2026-10-05 13:21:00-04:00,70035.0,70035.0,70035.0,70030.0,70035.0,6
2026-10-05 13:22:00-04:00,70045.0,70045.0,70050.0,70040.0,70040.0,6
2026-10-05 13:23:00-04:00,70045.0,70045.0,70045.0,70045.0,70045.0,2
2026-10-05 13:24:00-04:00,70040.0,70040.0,70045.0,70040.0,70045.0,3
2026-10-05 13:25:00-04:00,70040.0,70040.0,70045.0,70040.0,70040.0,11
2026-10-05 13:26:00-04:00,70030.0,70030.0,70040.0,70030.0,70040.0,4
2026-10-05 13:27:00-04:00,70025.0,70025.0,70025.0,70025.0,70025.0,5
2026-10-05 13:28:00-04:00,70025.0,70025.0,70025.0,70020.0,70020.0,2
2026-10-05 13:29:00-04:00,70025.0,70025.0,70025.0,70020.0,70020.0,5
2026-10-05 13:30:00-04:00,70005.0,70005.0,70020.0,70005.0,70020.0,5
2026-10-05 13:31:00-04:00,70035.0,70035.0,70035.0,70015.0,70015.0,24
2026-10-05 13:32:00-04:00,70035.0,70035.0,70035.0,70030.0,70030.0,3
2026-10-05 13:33:00-04:00,70020.0,70020.0,70020.0,70015.0,70015.0,3
2026-10-05 13:35:00-04:00,70030.0,70030.0,70030.0,70025.0,70025.0,3
2026-10-05 13:36:00-04:00,70025.0,70025.0,70040.0,70025.0,70030.0,4
2026-10-05 13:37:00-04:00,70015.0,70015.0,70015.0,70015.0,70015.0,6
2026-10-05 13:38:00-04:00,70020.0,70020.0,70020.0,70015.0,70015.0,2
2026-10-05 13:39:00-04:00,70005.0,70005.0,70005.0,70005.0,70005.0,2
2026-10-05 13:40:00-04:00,70005.0,70005.0,70005.0,70000.0,70005.0,4
2026-10-05 13:41:00-04:00,70015.0,70015.0,70015.0,70000.0,70000.0,3
2026-10-05 13:42:00-04:00,70015.0,70015.0,70015.0,70015.0,70015.0,1
2026-10-05 13:43:00-04:00,70015.0,70015.0,70015.0,70010.0,70010.0,2
2026-10-05 13:44:00-04:00,70070.0,70070.0,70070.0,70040.0,70040.0,15
2026-10-05 13:45:00-04:00,70055.0,70055.0,70075.0,70055.0,70070.0,12
2026-10-05 13:46:00-04:00,70050.0,70050.0,70055.0,70050.0,70050.0,4
2026-10-05 13:47:00-04:00,70050.0,70050.0,70050.0,70045.0,70050.0,10
2026-10-05 13:48:00-04:00,70050.0,70050.0,70050.0,70035.0,70045.0,11
2026-10-05 13:49:00-04:00,70060.0,70060.0,70060.0,70060.0,70060.0,3
2026-10-05 13:50:00-04:00,70065.0,70065.0,70075.0,70065.0,70075.0,5
2026-10-05 13:51:00-04:00,70070.0,70070.0,70070.0,70070.0,70070.0,3
2026-10-05 13:52:00-04:00,70065.0,70065.0,70075.0,70065.0,70065.0,11
2026-10-05 13:53:00-04:00,70080.0,70080.0,70085.0,70080.0,70085.0,14
2026-10-05 13:54:00-04:00,70070.0,70070.0,70080.0,70070.0,70080.0,5
2026-10-05 13:55:00-04:00,70070.0,70070.0,70075.0,70070.0,70070.0,11
2026-10-05 13:56:00-04:00,70065.0,70065.0,70075.0,70065.0,70075.0,7
2026-10-05 13:57:00-04:00,70070.0,70070.0,70075.0,70070.0,70075.0,6
2026-10-05 13:58:00-04:00,70070.0,70070.0,70075.0,70070.0,70075.0,3
2026-10-05 13:59:00-04:00,70075.0,70075.0,70075.0,70070.0,70070.0,13
2026-10-05 14:00:00-04:00,70075.0,70075.0,70080.0,70070.0,70075.0,8
2026-10-05 14:01:00-04:00,70085.0,70085.0,70085.0,70075.0,70075.0,8
2026-10-05 14:02:00-04:00,70085.0,70085.0,70090.0,70080.0,70090.0,10
2026-10-05 14:03:00-04:00,70085.0,70085.0,70085.0,70080.0,70080.0,7
2026-10-05 14:04:00-04:00,70080.0,70080.0,70090.0,70080.0,70090.0,3
2026-10-05 14:05:00-04:00,70085.0,70085.0,70095.0,70025.0,70090.0,171
2026-10-05 14:06:00-04:00,70075.0,70075.0,70080.0,70070.0,70080.0,4
2026-10-05 14:07:00-04:00,70095.0,70095.0,70095.0,70080.0,70080.0,15
2026-10-05 14:08:00-04:00,70100.0,70100.0,70100.0,70100.0,70100.0,4
2026-10-05 14:09:00-04:00,70095.0,70095.0,70095.0,70095.0,70095.0,1
2026-10-05 14:10:00-04:00,70095.0,70095.0,70100.0,70095.0,70100.0,2
2026-10-05 14:11:00-04:00,70085.0,70085.0,70090.0,70085.0,70090.0,10
2026-10-05 14:12:00-04:00,70090.0,70090.0,70090.0,70085.0,70085.0,2
2026-10-05 14:13:00-04:00,70085.0,70085.0,70095.0,70085.0,70095.0,3
2026-10-05 14:14:00-04:00,70095.0,70095.0,70095.0,70085.0,70090.0,4
2026-10-05 14:15:00-04:00,70095.0,70095.0,70095.0,70095.0,70095.0,2
2026-10-05 14:16:00-04:00,70125.0,70125.0,70125.0,70110.0,70110.0,3
2026-10-05 14:17:00-04:00,70125.0,70125.0,70135.0,70125.0,70125.0,15
2026-10-05 14:18:00-04:00,70120.0,70120.0,70125.0,70115.0,70125.0,13
2026-10-05 14:19:00-04:00,70120.0,70120.0,70120.0,70120.0,70120.0,4
2026-10-05 14:20:00-04:00,70125.0,70125.0,70125.0,70120.0,70120.0,3
2026-10-05 14:21:00-04:00,70145.0,70145.0,70145.0,70125.0,70125.0,7
2026-10-05 14:22:00-04:00,70125.0,70125.0,70130.0,70125.0,70130.0,3
2026-10-05 14:23:00-04:00,70130.0,70130.0,70130.0,70130.0,70130.0,3
2026-10-05 14:24:00-04:00,70130.0,70130.0,70130.0,70130.0,70130.0,8
2026-10-05 14:25:00-04:00,70135.0,70135.0,70135.0,70130.0,70130.0,7
2026-10-05 14:26:00-04:00,70140.0,70140.0,70140.0,70130.0,70135.0,22
2026-10-05 14:27:00-04:00,70145.0,70145.0,70150.0,70140.0,70140.0,14
2026-10-05 14:28:00-04:00,70170.0,70170.0,70175.0,70150.0,70150.0,22
2026-10-05 14:29:00-04:00,70165.0,70165.0,70175.0,70165.0,70175.0,4
2026-10-05 14:30:00-04:00,70160.0,70160.0,70165.0,70150.0,70165.0,18
2026-10-05 14:31:00-04:00,70145.0,70145.0,70165.0,70145.0,70165.0,12
2026-10-05 14:32:00-04:00,70135.0,70135.0,70135.0,70135.0,70135.0,5
2026-10-05 14:33:00-04:00,70125.0,70125.0,70135.0,70120.0,70135.0,10
2026-10-05 14:34:00-04:00,70135.0,70135.0,70135.0,70125.0,70125.0,10
2026-10-05 14:35:00-04:00,70145.0,70145.0,70155.0,70145.0,70155.0,5
2026-10-05 14:36:00-04:00,70160.0,70160.0,70160.0,70155.0,70155.0,2
2026-10-05 14:37:00-04:00,70150.0,70150.0,70160.0,70145.0,70160.0,7
2026-10-05 14:38:00-04:00,70135.0,70135.0,70145.0,70135.0,70145.0,16
2026-10-05 14:39:00-04:00,70135.0,70135.0,70140.0,70135.0,70140.0,2
2026-10-05 14:41:00-04:00,70140.0,70140.0,70145.0,70140.0,70145.0,4
2026-10-05 14:42:00-04:00,70145.0,70145.0,70145.0,70135.0,70135.0,4
2026-10-05 14:43:00-04:00,70135.0,70135.0,70140.0,70135.0,70140.0,2
2026-10-05 14:45:00-04:00,70130.0,70130.0,70130.0,70125.0,70125.0,3
2026-10-05 14:46:00-04:00,70135.0,70135.0,70135.0,70135.0,70135.0,6
2026-10-05 14:47:00-04:00,70125.0,70125.0,70125.0,70125.0,70125.0,1
2026-10-05 14:48:00-04:00,70125.0,70125.0,70125.0,70120.0,70125.0,3
2026-10-05 14:49:00-04:00,70120.0,70120.0,70125.0,70120.0,70125.0,2
2026-10-05 14:50:00-04:00,70105.0,70105.0,70125.0,70105.0,70125.0,4
2026-10-05 14:51:00-04:00,70120.0,70120.0,70120.0,70115.0,70115.0,10
2026-10-05 14:52:00-04:00,70110.0,70110.0,70120.0,70110.0,70120.0,3
2026-10-05 14:53:00-04:00,70100.0,70100.0,70110.0,70100.0,70110.0,4
2026-10-05 14:54:00-04:00,70090.0,70090.0,70090.0,70085.0,70085.0,2
2026-10-05 14:55:00-04:00,70100.0,70100.0,70110.0,70095.0,70095.0,20
2026-10-05 14:56:00-04:00,70105.0,70105.0,70105.0,70105.0,70105.0,2
2026-10-05 14:57:00-04:00,70125.0,70125.0,70125.0,70120.0,70120.0,8
2026-10-05 14:58:00-04:00,70125.0,70125.0,70130.0,70125.0,70125.0,8
2026-10-05 14:59:00-04:00,70130.0,70130.0,70130.0,70115.0,70130.0,48
2026-10-05 15:00:00-04:00,70135.0,70135.0,70135.0,70120.0,70125.0,69
2026-10-05 15:01:00-04:00,70140.0,70140.0,70145.0,70130.0,70135.0,16
2026-10-05 15:02:00-04:00,70160.0,70160.0,70160.0,70140.0,70140.0,14
2026-10-05 15:03:00-04:00,70160.0,70160.0,70165.0,70150.0,70165.0,39
2026-10-05 15:04:00-04:00,70145.0,70145.0,70160.0,70145.0,70155.0,12
2026-10-05 15:05:00-04:00,70160.0,70160.0,70160.0,70150.0,70150.0,6
2026-10-05 15:06:00-04:00,70170.0,70170.0,70175.0,70160.0,70165.0,23
2026-10-05 15:07:00-04:00,70160.0,70160.0,70160.0,70155.0,70155.0,9
2026-10-05 15:08:00-04:00,70155.0,70155.0,70165.0,70150.0,70165.0,14
2026-10-05 15:09:00-04:00,70170.0,70170.0,70170.0,70160.0,70160.0,12
2026-10-05 15:10:00-04:00,70165.0,70165.0,70170.0,70160.0,70165.0,15
2026-10-05 15:11:00-04:00,70180.0,70180.0,70180.0,70165.0,70165.0,5
2026-10-05 15:12:00-04:00,70185.0,70185.0,70185.0,70180.0,70180.0,2
2026-10-05 15:13:00-04:00,70190.0,70190.0,70195.0,70180.0,70190.0,46
2026-10-05 15:14:00-04:00,70190.0,70190.0,70205.0,70190.0,70195.0,19
2026-10-05 15:15:00-04:00,70190.0,70190.0,70190.0,70185.0,70190.0,7
2026-10-05 15:16:00-04:00,70175.0,70175.0,70185.0,70175.0,70185.0,8
2026-10-05 15:17:00-04:00,70180.0,70180.0,70190.0,70175.0,70180.0,11
2026-10-05 15:18:00-04:00,70205.0,70205.0,70205.0,70195.0,70195.0,42
2026-10-05 15:19:00-04:00,70215.0,70215.0,70235.0,70210.0,70210.0,60
2026-10-05 15:20:00-04:00,70235.0,70235.0,70240.0,70215.0,70215.0,97
2026-10-05 15:21:00-04:00,70220.0,70220.0,70235.0,70220.0,70230.0,70
2026-10-05 15:22:00-04:00,70215.0,70215.0,70230.0,70215.0,70215.0,35
2026-10-05 15:23:00-04:00,70215.0,70215.0,70215.0,70205.0,70210.0,7
2026-10-05 15:24:00-04:00,70200.0,70200.0,70210.0,70200.0,70210.0,6
2026-10-05 15:25:00-04:00,70215.0,70215.0,70215.0,70210.0,70215.0,6
2026-10-05 15:26:00-04:00,70205.0,70205.0,70205.0,70205.0,70205.0,1
2026-10-05 15:27:00-04:00,70200.0,70200.0,70200.0,70195.0,70200.0,5
2026-10-05 15:28:00-04:00,70205.0,70205.0,70210.0,70200.0,70200.0,10
2026-10-05 15:29:00-04:00,70200.0,70200.0,70205.0,70200.0,70205.0,16
2026-10-05 15:30:00-04:00,70205.0,70205.0,70215.0,70195.0,70200.0,27
2026-10-05 15:31:00-04:00,70225.0,70225.0,70235.0,70215.0,70215.0,21
2026-10-05 15:32:00-04:00,70200.0,70200.0,70220.0,70200.0,70220.0,6
2026-10-05 15:33:00-04:00,70205.0,70205.0,70205.0,70200.0,70200.0,4
2026-10-05 15:34:00-04:00,70200.0,70200.0,70210.0,70200.0,70205.0,6
2026-10-05 15:35:00-04:00,70195.0,70195.0,70205.0,70190.0,70205.0,11
2026-10-05 15:36:00-04:00,70205.0,70205.0,70205.0,70195.0,70195.0,15
2026-10-05 15:37:00-04:00,70215.0,70215.0,70215.0,70200.0,70205.0,9
2026-10-05 15:38:00-04:00,70205.0,70205.0,70215.0,70205.0,70210.0,8
2026-10-05 15:39:00-04:00,70200.0,70200.0,70205.0,70200.0,70200.0,15
2026-10-05 15:40:00-04:00,70190.0,70190.0,70195.0,70190.0,70190.0,11
2026-10-05 15:41:00-04:00,70180.0,70180.0,70195.0,70180.0,70190.0,35
2026-10-05 15:42:00-04:00,70180.0,70180.0,70180.0,70170.0,70180.0,13
2026-10-05 15:43:00-04:00,70175.0,70175.0,70190.0,70170.0,70185.0,21
2026-10-05 15:44:00-04:00,70180.0,70180.0,70180.0,70175.0,70175.0,21
2026-10-05 15:45:00-04:00,70160.0,70160.0,70180.0,70160.0,70180.0,58
2026-10-05 15:46:00-04:00,70155.0,70155.0,70170.0,70155.0,70160.0,13
2026-10-05 15:47:00-04:00,70150.0,70150.0,70150.0,70145.0,70150.0,11
2026-10-05 15:48:00-04:00,70165.0,70165.0,70175.0,70155.0,70155.0,24
2026-10-05 15:49:00-04:00,70170.0,70170.0,70170.0,70160.0,70160.0,19
2026-10-05 15:50:00-04:00,70135.0,70135.0,70170.0,70125.0,70170.0,58
2026-10-05 15:51:00-04:00,70135.0,70135.0,70135.0,70135.0,70135.0,5
2026-10-05 15:52:00-04:00,70130.0,70130.0,70150.0,70125.0,70135.0,56
2026-10-05 15:53:00-04:00,70120.0,70120.0,70125.0,70110.0,70125.0,21
2026-10-05 15:54:00-04:00,70125.0,70125.0,70125.0,70110.0,70120.0,16
2026-10-05 15:55:00-04:00,70090.0,70090.0,70120.0,70080.0,70120.0,50
2026-10-05 15:56:00-04:00,70105.0,70105.0,70115.0,70095.0,70100.0,30
2026-10-05 15:57:00-04:00,70120.0,70120.0,70125.0,70100.0,70100.0,24
2026-10-05 15:58:00-04:00,70135.0,70135.0,70150.0,70115.0,70125.0,55
2026-10-05 15:59:00-04:00,70165.0,70165.0,70165.0,70110.0,70135.0,98
2026-10-05 16:00:00-04:00,70155.0,70155.0,70170.0,70155.0,70160.0,32
2026-10-05 16:01:00-04:00,70175.0,70175.0,70175.0,70160.0,70160.0,27
2026-10-05 16:02:00-04:00,70165.0,70165.0,70175.0,70165.0,70175.0,9
2026-10-05 16:03:00-04:00,70175.0,70175.0,70175.0,70165.0,70165.0,11
2026-10-05 16:04:00-04:00,70195.0,70195.0,70200.0,70175.0,70180.0,11
2026-10-05 16:05:00-04:00,70175.0,70175.0,70195.0,70175.0,70195.0,5
2026-10-05 16:06:00-04:00,70180.0,70180.0,70185.0,70180.0,70180.0,5
2026-10-05 16:07:00-04:00,70190.0,70190.0,70190.0,70180.0,70180.0,2
2026-10-05 16:08:00-04:00,70190.0,70190.0,70195.0,70190.0,70190.0,7
2026-10-05 16:09:00-04:00,70180.0,70180.0,70190.0,70180.0,70185.0,4
2026-10-05 16:10:00-04:00,70170.0,70170.0,70170.0,70165.0,70170.0,6
2026-10-05 16:11:00-04:00,70165.0,70165.0,70165.0,70165.0,70165.0,5
2026-10-05 16:13:00-04:00,70160.0,70160.0,70160.0,70160.0,70160.0,1
2026-10-05 16:14:00-04:00,70165.0,70165.0,70165.0,70165.0,70165.0,1
2026-10-05 16:15:00-04:00,70165.0,70165.0,70170.0,70165.0,70165.0,11
2026-10-05 16:16:00-04:00,70155.0,70155.0,70175.0,70155.0,70175.0,20
2026-10-05 16:17:00-04:00,70160.0,70160.0,70160.0,70160.0,70160.0,2
2026-10-05 16:18:00-04:00,70165.0,70165.0,70175.0,70165.0,70170.0,14
2026-10-05 16:19:00-04:00,70160.0,70160.0,70160.0,70160.0,70160.0,1
2026-10-05 16:20:00-04:00,70175.0,70175.0,70175.0,70165.0,70165.0,12
2026-10-05 16:21:00-04:00,70180.0,70180.0,70180.0,70180.0,70180.0,3
2026-10-05 16:22:00-04:00,70180.0,70180.0,70180.0,70180.0,70180.0,1
2026-10-05 16:24:00-04:00,70170.0,70170.0,70170.0,70170.0,70170.0,1
2026-10-05 16:25:00-04:00,70175.0,70175.0,70175.0,70175.0,70175.0,2
2026-10-05 16:26:00-04:00,70175.0,70175.0,70175.0,70175.0,70175.0,2
2026-10-05 16:29:00-04:00,70180.0,70180.0,70180.0,70180.0,70180.0,7
2026-10-05 16:30:00-04:00,70180.0,70180.0,70180.0,70180.0,70180.0,1
2026-10-05 16:33:00-04:00,70170.0,70170.0,70180.0,70170.0,70180.0,5
2026-10-05 16:39:00-04:00,70175.0,70175.0,70175.0,70170.0,70170.0,3
2026-10-05 16:45:00-04:00,70180.0,70180.0,70180.0,70180.0,70180.0,2
2026-10-05 16:46:00-04:00,70185.0,70185.0,70185.0,70185.0,70185.0,2
2026-10-05 16:47:00-04:00,70185.0,70185.0,70185.0,70185.0,70185.0,1
2026-10-05 16:48:00-04:00,70195.0,70195.0,70195.0,70185.0,70185.0,8
2026-10-05 16:49:00-04:00,70200.0,70200.0,70200.0,70200.0,70200.0,6
2026-10-05 16:50:00-04:00,70190.0,70190.0,70195.0,70190.0,70195.0,3
2026-10-05 16:51:00-04:00,70195.0,70195.0,70195.0,70195.0,70195.0,1
2026-10-05 16:52:00-04:00,70195.0,70195.0,70200.0,70195.0,70200.0,4
2026-10-05 16:53:00-04:00,70185.0,70185.0,70195.0,70185.0,70195.0,8
2026-10-05 16:54:00-04:00,70185.0,70185.0,70190.0,70185.0,70190.0,2
2026-10-05 16:55:00-04:00,70170.0,70170.0,70180.0,70170.0,70180.0,6
2026-10-05 16:56:00-04:00,70170.0,70170.0,70175.0,70170.0,70175.0,5
2026-10-05 16:57:00-04:00,70175.0,70175.0,70175.0,70170.0,70170.0,2
2026-10-05 16:58:00-04:00,70185.0,70185.0,70185.0,70160.0,70170.0,9
2026-10-05 16:59:00-04:00,70185.0,70185.0,70195.0,70185.0,70195.0,7
2026-10-05 18:00:00-04:00,70180.0,70180.0,70180.0,70180.0,70180.0,0
2026-10-05 18:01:00-04:00,70160.0,70160.0,70180.0,70160.0,70180.0,5
2026-10-05 18:05:00-04:00,70150.0,70150.0,70150.0,70150.0,70150.0,1
2026-10-05 18:06:00-04:00,70140.0,70140.0,70140.0,70140.0,70140.0,2
2026-10-05 18:10:00-04:00,70130.0,70130.0,70130.0,70130.0,70130.0,1
2026-10-05 18:12:00-04:00,70165.0,70165.0,70165.0,70165.0,70165.0,2
2026-10-05 18:14:00-04:00,70175.0,70175.0,70175.0,70175.0,70175.0,3
2026-10-05 18:18:00-04:00,70200.0,70200.0,70200.0,70195.0,70195.0,3
2026-10-05 18:26:00-04:00,70205.0,70205.0,70205.0,70205.0,70205.0,2
2026-10-05 18:31:00-04:00,70175.0,70175.0,70175.0,70175.0,70175.0,3
2026-10-05 18:35:00-04:00,70185.0,70185.0,70185.0,70175.0,70175.0,5
2026-10-05 18:36:00-04:00,70155.0,70155.0,70160.0,70155.0,70160.0,3
2026-10-05 18:38:00-04:00,70170.0,70170.0,70170.0,70170.0,70170.0,1
2026-10-05 18:39:00-04:00,70160.0,70160.0,70160.0,70160.0,70160.0,2
2026-10-05 18:41:00-04:00,70175.0,70175.0,70175.0,70175.0,70175.0,2
2026-10-05 18:53:00-04:00,70175.0,70175.0,70180.0,70165.0,70180.0,6
2026-10-05 18:54:00-04:00,70180.0,70180.0,70180.0,70180.0,70180.0,2
2026-10-05 18:55:00-04:00,70195.0,70195.0,70195.0,70180.0,70180.0,5
2026-10-05 18:56:00-04:00,70180.0,70180.0,70205.0,70180.0,70205.0,3
2026-10-05 18:57:00-04:00,70200.0,70200.0,70200.0,70180.0,70180.0,3
2026-10-05 18:58:00-04:00,70205.0,70205.0,70205.0,70205.0,70205.0,4
2026-10-05 18:59:00-04:00,70175.0,70175.0,70210.0,70175.0,70210.0,9
2026-10-05 19:00:00-04:00,70155.0,70155.0,70155.0,70150.0,70150.0,5
2026-10-05 19:04:00-04:00,70200.0,70200.0,70200.0,70200.0,70200.0,1
2026-10-05 19:05:00-04:00,70190.0,70190.0,70190.0,70190.0,70190.0,2
2026-10-05 19:06:00-04:00,70200.0,70200.0,70200.0,70200.0,70200.0,2
2026-10-05 19:07:00-04:00,70215.0,70215.0,70215.0,70200.0,70200.0,4
2026-10-05 19:08:00-04:00,70335.0,70335.0,70335.0,70220.0,70220.0,57
2026-10-05 19:09:00-04:00,70280.0,70280.0,70320.0,70280.0,70320.0,24
2026-10-05 19:10:00-04:00,70280.0,70280.0,70310.0,70280.0,70290.0,4
2026-10-05 19:12:00-04:00,70300.0,70300.0,70300.0,70260.0,70280.0,10
2026-10-05 19:14:00-04:00,70300.0,70300.0,70315.0,70300.0,70315.0,2
2026-10-05 19:15:00-04:00,70330.0,70330.0,70330.0,70330.0,70330.0,1
2026-10-05 19:16:00-04:00,70335.0,70335.0,70335.0,70335.0,70335.0,1
2026-10-05 19:17:00-04:00,70335.0,70335.0,70335.0,70335.0,70335.0,1
2026-10-05 19:19:00-04:00,70320.0,70320.0,70320.0,70320.0,70320.0,10
2026-10-05 19:20:00-04:00,70300.0,70300.0,70320.0,70300.0,70320.0,5
2026-10-05 19:23:00-04:00,70310.0,70310.0,70310.0,70310.0,70310.0,1
2026-10-05 19:24:00-04:00,70285.0,70285.0,70295.0,70285.0,70295.0,5
2026-10-05 19:26:00-04:00,70250.0,70250.0,70250.0,70250.0,70250.0,1
2026-10-05 19:27:00-04:00,70185.0,70185.0,70245.0,70185.0,70245.0,56
2026-10-05 19:28:00-04:00,70185.0,70185.0,70185.0,70185.0,70185.0,2
2026-10-05 19:29:00-04:00,70175.0,70175.0,70195.0,70175.0,70195.0,20
2026-10-05 19:30:00-04:00,70155.0,70155.0,70180.0,70150.0,70180.0,34
2026-10-05 19:31:00-04:00,70175.0,70175.0,70175.0,70170.0,70170.0,6
2026-10-05 19:32:00-04:00,70165.0,70165.0,70170.0,70160.0,70170.0,10
2026-10-05 19:33:00-04:00,70155.0,70155.0,70155.0,70140.0,70150.0,6
2026-10-05 19:34:00-04:00,70125.0,70125.0,70140.0,70125.0,70140.0,11
2026-10-05 19:35:00-04:00,70140.0,70140.0,70140.0,70140.0,70140.0,1
2026-10-05 19:36:00-04:00,70140.0,70140.0,70140.0,70125.0,70130.0,10
2026-10-05 19:37:00-04:00,70130.0,70130.0,70140.0,70130.0,70140.0,6
2026-10-05 19:38:00-04:00,70120.0,70120.0,70150.0,70120.0,70145.0,17
2026-10-05 19:39:00-04:00,70115.0,70115.0,70135.0,70115.0,70120.0,39
2026-10-05 19:40:00-04:00,70115.0,70115.0,70115.0,70110.0,70110.0,6
2026-10-05 19:41:00-04:00,70135.0,70135.0,70145.0,70115.0,70115.0,10
2026-10-05 19:42:00-04:00,70120.0,70120.0,70135.0,70120.0,70135.0,11
2026-10-05 19:43:00-04:00,70095.0,70095.0,70110.0,70095.0,70110.0,9
2026-10-05 19:44:00-04:00,70110.0,70110.0,70115.0,70105.0,70105.0,33
2026-10-05 19:45:00-04:00,70175.0,70175.0,70235.0,70090.0,70115.0,276
2026-10-05 19:46:00-04:00,70205.0,70205.0,70220.0,70120.0,70190.0,68
2026-10-05 19:47:00-04:00,70160.0,70160.0,70215.0,70140.0,70200.0,27
2026-10-05 19:48:00-04:00,70175.0,70175.0,70175.0,70145.0,70150.0,40
2026-10-05 19:49:00-04:00,70185.0,70185.0,70190.0,70180.0,70185.0,24
2026-10-05 19:50:00-04:00,70170.0,70170.0,70190.0,70165.0,70185.0,64
2026-10-05 19:51:00-04:00,70220.0,70220.0,70220.0,70175.0,70175.0,21
2026-10-05 19:52:00-04:00,70230.0,70230.0,70255.0,70215.0,70215.0,34
2026-10-05 19:53:00-04:00,70230.0,70230.0,70240.0,70200.0,70225.0,46
2026-10-05 19:54:00-04:00,70245.0,70245.0,70250.0,70225.0,70225.0,19
2026-10-05 19:55:00-04:00,70265.0,70265.0,70265.0,70240.0,70240.0,18
2026-10-05 19:56:00-04:00,70225.0,70225.0,70225.0,70215.0,70215.0,7
2026-10-05 19:57:00-04:00,70230.0,70230.0,70230.0,70205.0,70210.0,26
2026-10-05 19:58:00-04:00,70260.0,70260.0,70260.0,70220.0,70225.0,33
2026-10-05 19:59:00-04:00,70185.0,70185.0,70265.0,70180.0,70260.0,43
2026-10-05 20:00:00-04:00,70050.0,70050.0,70225.0,70025.0,70175.0,361
2026-10-05 20:01:00-04:00,69995.0,69995.0,70065.0,69985.0,70060.0,145
2026-10-05 20:02:00-04:00,70030.0,70030.0,70040.0,69985.0,69990.0,87
2026-10-05 20:03:00-04:00,70075.0,70075.0,70075.0,70030.0,70050.0,22
2026-10-05 20:04:00-04:00,70120.0,70120.0,70120.0,70065.0,70065.0,24
2026-10-05 20:05:00-04:00,70175.0,70175.0,70180.0,70115.0,70130.0,54
2026-10-05 20:06:00-04:00,70150.0,70150.0,70180.0,70120.0,70180.0,33
2026-10-05 20:07:00-04:00,70260.0,70260.0,70260.0,70170.0,70180.0,42
2026-10-05 20:08:00-04:00,70265.0,70265.0,70280.0,70255.0,70280.0,12
2026-10-05 20:09:00-04:00,70265.0,70265.0,70285.0,70260.0,70280.0,14
2026-10-05 20:10:00-04:00,70290.0,70290.0,70295.0,70260.0,70265.0,26
2026-10-05 20:11:00-04:00,70300.0,70300.0,70305.0,70280.0,70285.0,23
2026-10-05 20:12:00-04:00,70280.0,70280.0,70285.0,70245.0,70275.0,60
2026-10-05 20:13:00-04:00,70295.0,70295.0,70305.0,70245.0,70305.0,64
2026-10-05 20:14:00-04:00,70325.0,70325.0,70335.0,70305.0,70305.0,40
2026-10-05 20:15:00-04:00,70440.0,70440.0,70440.0,70345.0,70345.0,96
2026-10-05 20:16:00-04:00,70415.0,70415.0,70435.0,70395.0,70435.0,131
2026-10-05 20:17:00-04:00,70420.0,70420.0,70430.0,70415.0,70420.0,24
2026-10-05 20:18:00-04:00,70380.0,70380.0,70415.0,70380.0,70415.0,12
2026-10-05 20:19:00-04:00,70425.0,70425.0,70435.0,70385.0,70395.0,15
2026-10-05 20:20:00-04:00,70385.0,70385.0,70425.0,70385.0,70405.0,16
2026-10-05 20:21:00-04:00,70420.0,70420.0,70425.0,70380.0,70385.0,33
2026-10-05 20:22:00-04:00,70420.0,70420.0,70445.0,70415.0,70435.0,50
2026-10-05 20:23:00-04:00,70450.0,70450.0,70450.0,70395.0,70395.0,13
2026-10-05 20:24:00-04:00,70425.0,70425.0,70440.0,70425.0,70440.0,3
2026-10-05 20:25:00-04:00,70310.0,70310.0,70400.0,70310.0,70400.0,25
2026-10-05 20:26:00-04:00,70360.0,70360.0,70365.0,70300.0,70315.0,32
2026-10-05 20:27:00-04:00,70380.0,70380.0,70380.0,70345.0,70345.0,6
2026-10-05 20:28:00-04:00,70445.0,70445.0,70450.0,70380.0,70380.0,12
2026-10-05 20:29:00-04:00,70445.0,70445.0,70455.0,70440.0,70445.0,15
2026-10-05 20:30:00-04:00,70460.0,70460.0,70465.0,70415.0,70420.0,22
2026-10-05 20:31:00-04:00,70490.0,70490.0,70490.0,70460.0,70460.0,15
2026-10-05 20:32:00-04:00,70525.0,70525.0,70525.0,70490.0,70490.0,26
2026-10-05 20:33:00-04:00,70440.0,70440.0,70535.0,70440.0,70535.0,21
2026-10-05 20:34:00-04:00,70425.0,70425.0,70450.0,70415.0,70450.0,10
2026-10-05 20:35:00-04:00,70420.0,70420.0,70440.0,70420.0,70440.0,14
2026-10-05 20:36:00-04:00,70385.0,70385.0,70405.0,70385.0,70400.0,9
2026-10-05 20:37:00-04:00,70405.0,70405.0,70415.0,70380.0,70380.0,5
2026-10-05 20:38:00-04:00,70390.0,70390.0,70390.0,70380.0,70380.0,9
2026-10-05 20:39:00-04:00,70360.0,70360.0,70385.0,70360.0,70385.0,5
2026-10-05 20:40:00-04:00,70365.0,70365.0,70375.0,70365.0,70375.0,2
2026-10-05 20:41:00-04:00,70345.0,70345.0,70380.0,70335.0,70375.0,15
2026-10-05 20:42:00-04:00,70315.0,70315.0,70350.0,70315.0,70345.0,8
2026-10-05 20:43:00-04:00,70305.0,70305.0,70340.0,70305.0,70320.0,21
2026-10-05 20:44:00-04:00,70290.0,70290.0,70300.0,70280.0,70300.0,14
2026-10-05 20:45:00-04:00,70260.0,70260.0,70295.0,70260.0,70295.0,13
2026-10-05 20:46:00-04:00,70300.0,70300.0,70300.0,70255.0,70255.0,10
2026-10-05 20:47:00-04:00,70325.0,70325.0,70340.0,70305.0,70305.0,17
2026-10-05 20:48:00-04:00,70360.0,70360.0,70360.0,70295.0,70325.0,29
2026-10-05 20:49:00-04:00,70340.0,70340.0,70365.0,70320.0,70365.0,37
2026-10-05 20:50:00-04:00,70370.0,70370.0,70370.0,70350.0,70355.0,11
2026-10-05 20:51:00-04:00,70360.0,70360.0,70400.0,70355.0,70375.0,12
2026-10-05 20:52:00-04:00,70315.0,70315.0,70335.0,70315.0,70335.0,6
2026-10-05 20:53:00-04:00,70295.0,70295.0,70295.0,70285.0,70290.0,13
2026-10-05 20:54:00-04:00,70275.0,70275.0,70310.0,70275.0,70310.0,8
2026-10-05 20:55:00-04:00,70220.0,70220.0,70275.0,70220.0,70275.0,17
2026-10-05 20:56:00-04:00,70280.0,70280.0,70280.0,70230.0,70230.0,14
2026-10-05 20:57:00-04:00,70285.0,70285.0,70290.0,70280.0,70290.0,14
2026-10-05 20:58:00-04:00,70295.0,70295.0,70295.0,70280.0,70290.0,4
2026-10-05 20:59:00-04:00,70350.0,70350.0,70350.0,70320.0,70320.0,13
2026-10-05 21:00:00-04:00,70345.0,70345.0,70355.0,70335.0,70355.0,10
2026-10-05 21:01:00-04:00,70405.0,70405.0,70425.0,70360.0,70360.0,27
2026-10-05 21:02:00-04:00,70405.0,70405.0,70430.0,70400.0,70400.0,9
2026-10-05 21:03:00-04:00,70425.0,70425.0,70440.0,70415.0,70415.0,23
2026-10-05 21:04:00-04:00,70415.0,70415.0,70445.0,70395.0,70425.0,20
2026-10-05 21:05:00-04:00,70470.0,70470.0,70470.0,70410.0,70420.0,20
2026-10-05 21:06:00-04:00,70540.0,70540.0,70550.0,70470.0,70470.0,127
2026-10-05 21:07:00-04:00,70525.0,70525.0,70565.0,70525.0,70545.0,64
2026-10-05 21:08:00-04:00,70505.0,70505.0,70535.0,70505.0,70535.0,11
2026-10-05 21:09:00-04:00,70545.0,70545.0,70550.0,70500.0,70500.0,33
2026-10-05 21:10:00-04:00,70555.0,70555.0,70570.0,70540.0,70550.0,32
2026-10-05 21:11:00-04:00,70595.0,70595.0,70600.0,70570.0,70570.0,25
2026-10-05 21:12:00-04:00,70570.0,70570.0,70585.0,70570.0,70580.0,11
2026-10-05 21:13:00-04:00,70510.0,70510.0,70555.0,70510.0,70555.0,24
2026-10-05 21:14:00-04:00,70525.0,70525.0,70525.0,70510.0,70510.0,10
2026-10-05 21:15:00-04:00,70455.0,70455.0,70520.0,70455.0,70520.0,10
2026-10-05 21:16:00-04:00,70445.0,70445.0,70470.0,70430.0,70460.0,39
2026-10-05 21:17:00-04:00,70425.0,70425.0,70440.0,70400.0,70440.0,34
2026-10-05 21:18:00-04:00,70405.0,70405.0,70440.0,70385.0,70415.0,43
2026-10-05 21:19:00-04:00,70345.0,70345.0,70390.0,70335.0,70385.0,34
2026-10-05 21:20:00-04:00,70350.0,70350.0,70350.0,70315.0,70335.0,16
2026-10-05 21:21:00-04:00,70360.0,70360.0,70380.0,70330.0,70340.0,17
2026-10-05 21:22:00-04:00,70350.0,70350.0,70365.0,70330.0,70330.0,9
2026-10-05 21:23:00-04:00,70340.0,70340.0,70370.0,70330.0,70355.0,8
2026-10-05 21:24:00-04:00,70315.0,70315.0,70350.0,70300.0,70335.0,16
2026-10-05 21:25:00-04:00,70360.0,70360.0,70360.0,70330.0,70330.0,9
2026-10-05 21:26:00-04:00,70330.0,70330.0,70350.0,70330.0,70345.0,11
2026-10-05 21:27:00-04:00,70265.0,70265.0,70320.0,70240.0,70320.0,48
2026-10-05 21:28:00-04:00,70275.0,70275.0,70290.0,70265.0,70265.0,10
2026-10-05 21:29:00-04:00,70310.0,70310.0,70310.0,70275.0,70280.0,13
2026-10-05 21:30:00-04:00,70330.0,70330.0,70350.0,70315.0,70315.0,35
2026-10-05 21:31:00-04:00,70370.0,70370.0,70370.0,70325.0,70325.0,8
2026-10-05 21:32:00-04:00,70360.0,70360.0,70375.0,70350.0,70370.0,28
2026-10-05 21:33:00-04:00,70355.0,70355.0,70355.0,70310.0,70350.0,15
2026-10-05 21:34:00-04:00,70325.0,70325.0,70355.0,70320.0,70355.0,8
2026-10-05 21:35:00-04:00,70305.0,70305.0,70330.0,70305.0,70330.0,36
2026-10-05 21:36:00-04:00,70320.0,70320.0,70320.0,70310.0,70320.0,4
2026-10-05 21:37:00-04:00,70315.0,70315.0,70340.0,70315.0,70320.0,12
2026-10-05 21:38:00-04:00,70315.0,70315.0,70330.0,70305.0,70320.0,23
2026-10-05 21:39:00-04:00,70320.0,70320.0,70320.0,70285.0,70300.0,17
2026-10-05 21:40:00-04:00,70255.0,70255.0,70300.0,70255.0,70295.0,11
2026-10-05 21:41:00-04:00,70270.0,70270.0,70280.0,70250.0,70250.0,30
2026-10-05 21:42:00-04:00,70300.0,70300.0,70300.0,70270.0,70270.0,15
2026-10-05 21:43:00-04:00,70330.0,70330.0,70330.0,70315.0,70315.0,6
2026-10-05 21:44:00-04:00,70340.0,70340.0,70350.0,70330.0,70330.0,4
2026-10-05 21:45:00-04:00,70305.0,70305.0,70330.0,70290.0,70325.0,7
2026-10-05 21:46:00-04:00,70275.0,70275.0,70290.0,70255.0,70290.0,18
2026-10-05 21:47:00-04:00,70290.0,70290.0,70290.0,70270.0,70275.0,8
2026-10-05 21:48:00-04:00,70285.0,70285.0,70315.0,70285.0,70290.0,14
2026-10-05 21:49:00-04:00,70285.0,70285.0,70310.0,70285.0,70290.0,7
2026-10-05 21:50:00-04:00,70290.0,70290.0,70290.0,70270.0,70290.0,9
2026-10-05 21:51:00-04:00,70350.0,70350.0,70350.0,70300.0,70300.0,4
2026-10-05 21:52:00-04:00,70320.0,70320.0,70345.0,70320.0,70345.0,8
2026-10-05 21:53:00-04:00,70320.0,70320.0,70320.0,70315.0,70320.0,3
2026-10-05 21:54:00-04:00,70315.0,70315.0,70325.0,70315.0,70315.0,4
2026-10-05 21:55:00-04:00,70335.0,70335.0,70335.0,70305.0,70310.0,7
2026-10-05 21:56:00-04:00,70355.0,70355.0,70355.0,70340.0,70340.0,2
2026-10-05 21:57:00-04:00,70360.0,70360.0,70360.0,70360.0,70360.0,2
2026-10-05 21:58:00-04:00,70335.0,70335.0,70335.0,70325.0,70325.0,5
2026-10-05 21:59:00-04:00,70325.0,70325.0,70325.0,70320.0,70320.0,3
2026-10-05 22:00:00-04:00,70370.0,70370.0,70380.0,70370.0,70380.0,6
2026-10-05 22:01:00-04:00,70380.0,70380.0,70390.0,70380.0,70390.0,10
2026-10-05 22:02:00-04:00,70370.0,70370.0,70370.0,70355.0,70355.0,5
2026-10-05 22:03:00-04:00,70365.0,70365.0,70370.0,70350.0,70355.0,8
2026-10-05 22:05:00-04:00,70315.0,70315.0,70315.0,70315.0,70315.0,1
2026-10-05 22:06:00-04:00,70295.0,70295.0,70330.0,70280.0,70330.0,13
2026-10-05 22:07:00-04:00,70310.0,70310.0,70310.0,70285.0,70295.0,9
2026-10-05 22:08:00-04:00,70270.0,70270.0,70300.0,70270.0,70300.0,6
2026-10-05 22:09:00-04:00,70290.0,70290.0,70290.0,70275.0,70280.0,7
2026-10-05 22:10:00-04:00,70285.0,70285.0,70300.0,70285.0,70300.0,3
2026-10-05 22:11:00-04:00,70295.0,70295.0,70295.0,70295.0,70295.0,2
2026-10-05 22:12:00-04:00,70305.0,70305.0,70305.0,70305.0,70305.0,1
2026-10-05 22:15:00-04:00,70370.0,70370.0,70370.0,70370.0,70370.0,1
2026-10-05 22:16:00-04:00,70365.0,70365.0,70365.0,70365.0,70365.0,1
2026-10-05 22:17:00-04:00,70330.0,70330.0,70330.0,70325.0,70325.0,4
2026-10-05 22:18:00-04:00,70325.0,70325.0,70330.0,70320.0,70320.0,5
2026-10-05 22:19:00-04:00,70300.0,70300.0,70300.0,70300.0,70300.0,1
2026-10-05 22:20:00-04:00,70300.0,70300.0,70300.0,70300.0,70300.0,2
2026-10-05 22:21:00-04:00,70310.0,70310.0,70310.0,70310.0,70310.0,1
2026-10-05 22:22:00-04:00,70330.0,70330.0,70330.0,70300.0,70300.0,5
2026-10-05 22:23:00-04:00,70320.0,70320.0,70325.0,70320.0,70320.0,4
2026-10-05 22:24:00-04:00,70325.0,70325.0,70325.0,70310.0,70315.0,6
2026-10-05 22:25:00-04:00,70325.0,70325.0,70325.0,70325.0,70325.0,1
2026-10-05 22:26:00-04:00,70265.0,70265.0,70270.0,70265.0,70270.0,3
2026-10-05 22:27:00-04:00,70260.0,70260.0,70260.0,70260.0,70260.0,3
2026-10-05 22:28:00-04:00,70265.0,70265.0,70265.0,70265.0,70265.0,1
2026-10-05 22:29:00-04:00,70265.0,70265.0,70265.0,70265.0,70265.0,1
2026-10-05 22:30:00-04:00,70250.0,70250.0,70250.0,70240.0,70250.0,7
2026-10-05 22:31:00-04:00,70260.0,70260.0,70260.0,70240.0,70240.0,7
2026-10-05 22:32:00-04:00,70275.0,70275.0,70280.0,70265.0,70265.0,4
2026-10-05 22:33:00-04:00,70280.0,70280.0,70280.0,70275.0,70280.0,7
2026-10-05 22:34:00-04:00,70265.0,70265.0,70280.0,70260.0,70260.0,10
2026-10-05 22:35:00-04:00,70275.0,70275.0,70280.0,70245.0,70255.0,50
2026-10-05 22:36:00-04:00,70295.0,70295.0,70295.0,70295.0,70295.0,4
2026-10-05 22:37:00-04:00,70315.0,70315.0,70315.0,70305.0,70305.0,2
2026-10-05 22:38:00-04:00,70340.0,70340.0,70345.0,70330.0,70330.0,11
2026-10-05 22:39:00-04:00,70345.0,70345.0,70345.0,70345.0,70345.0,1
2026-10-05 22:41:00-04:00,70315.0,70315.0,70315.0,70315.0,70315.0,1
2026-10-05 22:42:00-04:00,70320.0,70320.0,70320.0,70320.0,70320.0,2
2026-10-05 22:43:00-04:00,70345.0,70345.0,70345.0,70345.0,70345.0,1
2026-10-05 22:44:00-04:00,70350.0,70350.0,70350.0,70350.0,70350.0,2
2026-10-05 22:45:00-04:00,70340.0,70340.0,70340.0,70340.0,70340.0,5
2026-10-05 22:46:00-04:00,70290.0,70290.0,70305.0,70285.0,70295.0,13
2026-10-05 22:47:00-04:00,70290.0,70290.0,70290.0,70290.0,70290.0,1
2026-10-05 22:49:00-04:00,70310.0,70310.0,70310.0,70310.0,70310.0,1
2026-10-05 22:51:00-04:00,70300.0,70300.0,70305.0,70300.0,70305.0,2
2026-10-05 22:53:00-04:00,70295.0,70295.0,70310.0,70295.0,70305.0,8
2026-10-05 22:56:00-04:00,70280.0,70280.0,70290.0,70280.0,70290.0,3
2026-10-05 22:59:00-04:00,70305.0,70305.0,70305.0,70300.0,70300.0,2
2026-10-05 23:00:00-04:00,70300.0,70300.0,70305.0,70300.0,70300.0,7
2026-10-05 23:01:00-04:00,70335.0,70335.0,70335.0,70295.0,70295.0,4
2026-10-05 23:02:00-04:00,70330.0,70330.0,70330.0,70320.0,70320.0,6
2026-10-05 23:03:00-04:00,70340.0,70340.0,70340.0,70340.0,70340.0,1
2026-10-05 23:04:00-04:00,70355.0,70355.0,70355.0,70350.0,70350.0,6
2026-10-05 23:06:00-04:00,70315.0,70315.0,70315.0,70315.0,70315.0,2
2026-10-05 23:07:00-04:00,70320.0,70320.0,70335.0,70320.0,70335.0,3
2026-10-05 23:08:00-04:00,70280.0,70280.0,70285.0,70280.0,70285.0,4
2026-10-05 23:10:00-04:00,70300.0,70300.0,70300.0,70285.0,70285.0,9
2026-10-05 23:11:00-04:00,70320.0,70320.0,70320.0,70320.0,70320.0,2
2026-10-05 23:12:00-04:00,70340.0,70340.0,70340.0,70330.0,70330.0,4
2026-10-05 23:16:00-04:00,70360.0,70360.0,70360.0,70355.0,70360.0,5
2026-10-05 23:17:00-04:00,70340.0,70340.0,70350.0,70340.0,70350.0,14
2026-10-05 23:18:00-04:00,70340.0,70340.0,70340.0,70340.0,70340.0,7
2026-10-05 23:20:00-04:00,70330.0,70330.0,70330.0,70325.0,70325.0,2
2026-10-05 23:21:00-04:00,70330.0,70330.0,70335.0,70330.0,70335.0,5
2026-10-05 23:22:00-04:00,70340.0,70340.0,70340.0,70330.0,70330.0,6
2026-10-05 23:23:00-04:00,70350.0,70350.0,70350.0,70350.0,70350.0,2
2026-10-05 23:24:00-04:00,70345.0,70345.0,70345.0,70325.0,70325.0,4
2026-10-05 23:25:00-04:00,70350.0,70350.0,70350.0,70350.0,70350.0,1
2026-10-05 23:26:00-04:00,70375.0,70375.0,70375.0,70370.0,70370.0,4
2026-10-05 23:27:00-04:00,70360.0,70360.0,70370.0,70360.0,70365.0,6
2026-10-05 23:28:00-04:00,70360.0,70360.0,70360.0,70350.0,70350.0,4
2026-10-05 23:29:00-04:00,70360.0,70360.0,70360.0,70360.0,70360.0,1
2026-10-05 23:30:00-04:00,70425.0,70425.0,70450.0,70370.0,70370.0,57
2026-10-05 23:31:00-04:00,70455.0,70455.0,70455.0,70430.0,70440.0,13
2026-10-05 23:32:00-04:00,70475.0,70475.0,70475.0,70460.0,70460.0,2
2026-10-05 23:33:00-04:00,70490.0,70490.0,70495.0,70480.0,70485.0,18
2026-10-05 23:34:00-04:00,70480.0,70480.0,70485.0,70470.0,70480.0,18
2026-10-05 23:35:00-04:00,70520.0,70520.0,70525.0,70480.0,70480.0,73
2026-10-05 23:36:00-04:00,70510.0,70510.0,70540.0,70510.0,70525.0,7
2026-10-05 23:37:00-04:00,70540.0,70540.0,70550.0,70515.0,70515.0,21
2026-10-05 23:38:00-04:00,70590.0,70590.0,70595.0,70550.0,70550.0,18
2026-10-05 23:39:00-04:00,70525.0,70525.0,70580.0,70525.0,70580.0,11
2026-10-05 23:40:00-04:00,70500.0,70500.0,70510.0,70500.0,70505.0,5
2026-10-05 23:41:00-04:00,70515.0,70515.0,70515.0,70490.0,70490.0,30
2026-10-05 23:42:00-04:00,70520.0,70520.0,70530.0,70515.0,70520.0,25
2026-10-05 23:43:00-04:00,70530.0,70530.0,70530.0,70500.0,70505.0,9
2026-10-05 23:44:00-04:00,70530.0,70530.0,70540.0,70530.0,70535.0,9
2026-10-05 23:45:00-04:00,70500.0,70500.0,70520.0,70495.0,70520.0,11
2026-10-05 23:46:00-04:00,70495.0,70495.0,70520.0,70480.0,70495.0,67
2026-10-05 23:47:00-04:00,70515.0,70515.0,70515.0,70490.0,70490.0,30
2026-10-05 23:48:00-04:00,70535.0,70535.0,70540.0,70520.0,70525.0,52
2026-10-05 23:49:00-04:00,70520.0,70520.0,70535.0,70520.0,70530.0,9
2026-10-05 23:50:00-04:00,70510.0,70510.0,70535.0,70510.0,70520.0,35
2026-10-05 23:51:00-04:00,70530.0,70530.0,70545.0,70495.0,70495.0,60
2026-10-05 23:52:00-04:00,70530.0,70530.0,70530.0,70500.0,70510.0,14
2026-10-05 23:53:00-04:00,70540.0,70540.0,70540.0,70530.0,70530.0,9
2026-10-05 23:54:00-04:00,70480.0,70480.0,70530.0,70480.0,70530.0,8
2026-10-05 23:55:00-04:00,70510.0,70510.0,70510.0,70500.0,70505.0,9
2026-10-05 23:56:00-04:00,70495.0,70495.0,70510.0,70495.0,70510.0,6
2026-10-05 23:57:00-04:00,70500.0,70500.0,70505.0,70490.0,70500.0,7
2026-10-05 23:58:00-04:00,70490.0,70490.0,70500.0,70490.0,70490.0,8
2026-10-06 00:09:00-04:00,70635.0,70635.0,70645.0,70625.0,70645.0,29
2026-10-06 00:10:00-04:00,70620.0,70620.0,70630.0,70615.0,70630.0,14
2026-10-06 00:11:00-04:00,70630.0,70630.0,70630.0,70625.0,70625.0,13
2026-10-06 00:12:00-04:00,70650.0,70650.0,70650.0,70625.0,70645.0,21
2026-10-06 00:13:00-04:00,70675.0,70675.0,70680.0,70650.0,70650.0,16
2026-10-06 00:14:00-04:00,70685.0,70685.0,70695.0,70670.0,70675.0,39
2026-10-06 00:15:00-04:00,70670.0,70670.0,70690.0,70665.0,70690.0,19
2026-10-06 00:16:00-04:00,70665.0,70665.0,70680.0,70655.0,70655.0,11
2026-10-06 00:17:00-04:00,70640.0,70640.0,70660.0,70630.0,70660.0,17
2026-10-06 00:18:00-04:00,70615.0,70615.0,70645.0,70615.0,70630.0,43
2026-10-06 00:19:00-04:00,70645.0,70645.0,70645.0,70645.0,70645.0,2
2026-10-06 00:20:00-04:00,70655.0,70655.0,70655.0,70650.0,70650.0,6
2026-10-06 00:21:00-04:00,70680.0,70680.0,70680.0,70650.0,70650.0,4
2026-10-06 00:22:00-04:00,70680.0,70680.0,70680.0,70655.0,70665.0,16
2026-10-06 00:23:00-04:00,70670.0,70670.0,70680.0,70670.0,70680.0,3
2026-10-06 00:24:00-04:00,70660.0,70660.0,70665.0,70655.0,70655.0,11
2026-10-06 00:25:00-04:00,70705.0,70705.0,70710.0,70670.0,70670.0,33
2026-10-06 00:26:00-04:00,70705.0,70705.0,70715.0,70700.0,70700.0,9
2026-10-06 00:28:00-04:00,70700.0,70700.0,70705.0,70695.0,70705.0,16
2026-10-06 00:29:00-04:00,70700.0,70700.0,70700.0,70695.0,70700.0,5
2026-10-06 00:30:00-04:00,70710.0,70710.0,70720.0,70710.0,70715.0,11
2026-10-06 00:31:00-04:00,70710.0,70710.0,70710.0,70705.0,70705.0,12
2026-10-06 00:33:00-04:00,70705.0,70705.0,70715.0,70700.0,70710.0,22
2026-10-06 00:34:00-04:00,70695.0,70695.0,70695.0,70695.0,70695.0,1
2026-10-06 00:36:00-04:00,70720.0,70720.0,70720.0,70720.0,70720.0,1
2026-10-06 00:37:00-04:00,70690.0,70690.0,70690.0,70690.0,70690.0,4
2026-10-06 00:38:00-04:00,70670.0,70670.0,70670.0,70670.0,70670.0,2
2026-10-06 00:39:00-04:00,70675.0,70675.0,70675.0,70660.0,70660.0,3
2026-10-06 00:40:00-04:00,70665.0,70665.0,70665.0,70650.0,70655.0,7
2026-10-06 00:41:00-04:00,70665.0,70665.0,70665.0,70665.0,70665.0,2
2026-10-06 00:42:00-04:00,70660.0,70660.0,70660.0,70650.0,70655.0,9
2026-10-06 00:43:00-04:00,70670.0,70670.0,70675.0,70665.0,70670.0,5
2026-10-06 00:44:00-04:00,70675.0,70675.0,70680.0,70675.0,70675.0,5
2026-10-06 00:45:00-04:00,70690.0,70690.0,70690.0,70690.0,70690.0,1
2026-10-06 00:46:00-04:00,70670.0,70670.0,70685.0,70670.0,70685.0,6
2026-10-06 00:47:00-04:00,70670.0,70670.0,70670.0,70670.0,70670.0,2
2026-10-06 00:48:00-04:00,70650.0,70650.0,70650.0,70650.0,70650.0,1
2026-10-06 00:49:00-04:00,70650.0,70650.0,70655.0,70645.0,70655.0,8
2026-10-06 00:50:00-04:00,70645.0,70645.0,70645.0,70645.0,70645.0,2
2026-10-06 00:51:00-04:00,70660.0,70660.0,70660.0,70650.0,70655.0,21
2026-10-06 00:52:00-04:00,70650.0,70650.0,70650.0,70650.0,70650.0,1
2026-10-06 00:53:00-04:00,70660.0,70660.0,70660.0,70655.0,70655.0,3
2026-10-06 00:54:00-04:00,70660.0,70660.0,70665.0,70655.0,70660.0,10
2026-10-06 00:55:00-04:00,70650.0,70650.0,70675.0,70650.0,70660.0,9
2026-10-06 00:56:00-04:00,70620.0,70620.0,70650.0,70620.0,70650.0,16
2026-10-06 00:57:00-04:00,70640.0,70640.0,70640.0,70620.0,70620.0,2
2026-10-06 00:58:00-04:00,70650.0,70650.0,70650.0,70640.0,70640.0,5
2026-10-06 00:59:00-04:00,70650.0,70650.0,70655.0,70650.0,70655.0,2
2026-10-06 01:00:00-04:00,70690.0,70690.0,70690.0,70660.0,70660.0,3
2026-10-06 01:01:00-04:00,70675.0,70675.0,70690.0,70675.0,70690.0,3
2026-10-06 01:02:00-04:00,70690.0,70690.0,70690.0,70680.0,70680.0,3
2026-10-06 01:03:00-04:00,70695.0,70695.0,70695.0,70690.0,70690.0,3
2026-10-06 01:05:00-04:00,70710.0,70710.0,70720.0,70710.0,70720.0,7
2026-10-06 01:06:00-04:00,70700.0,70700.0,70700.0,70685.0,70685.0,3
2026-10-06 01:08:00-04:00,70710.0,70710.0,70715.0,70710.0,70715.0,3
2026-10-06 01:09:00-04:00,70720.0,70720.0,70720.0,70715.0,70715.0,2
2026-10-06 01:10:00-04:00,70695.0,70695.0,70715.0,70695.0,70715.0,3
2026-10-06 01:11:00-04:00,70700.0,70700.0,70710.0,70700.0,70710.0,2
2026-10-06 01:12:00-04:00,70725.0,70725.0,70725.0,70700.0,70700.0,7
2026-10-06 01:13:00-04:00,70710.0,70710.0,70720.0,70710.0,70720.0,8
2026-10-06 01:15:00-04:00,70725.0,70725.0,70725.0,70720.0,70720.0,6
2026-10-06 01:16:00-04:00,70730.0,70730.0,70730.0,70730.0,70730.0,2
2026-10-06 01:17:00-04:00,70740.0,70740.0,70740.0,70730.0,70730.0,7
2026-10-06 01:18:00-04:00,70725.0,70725.0,70740.0,70725.0,70725.0,23
2026-10-06 01:19:00-04:00,70745.0,70745.0,70745.0,70740.0,70740.0,11
2026-10-06 01:20:00-04:00,70765.0,70765.0,70765.0,70750.0,70750.0,16
2026-10-06 01:21:00-04:00,70825.0,70825.0,70825.0,70790.0,70795.0,27
2026-10-06 01:22:00-04:00,70790.0,70790.0,70830.0,70790.0,70830.0,18
2026-10-06 01:23:00-04:00,70800.0,70800.0,70800.0,70785.0,70785.0,4
2026-10-06 01:24:00-04:00,70835.0,70835.0,70835.0,70810.0,70810.0,5
2026-10-06 01:25:00-04:00,70865.0,70865.0,70875.0,70845.0,70845.0,13
2026-10-06 01:26:00-04:00,70845.0,70845.0,70865.0,70845.0,70865.0,12
2026-10-06 01:27:00-04:00,70845.0,70845.0,70850.0,70840.0,70840.0,9
2026-10-06 01:28:00-04:00,70865.0,70865.0,70865.0,70860.0,70860.0,2
2026-10-06 01:29:00-04:00,70870.0,70870.0,70870.0,70870.0,70870.0,4
2026-10-06 01:30:00-04:00,70900.0,70900.0,70905.0,70875.0,70875.0,20
2026-10-06 01:31:00-04:00,70920.0,70920.0,70930.0,70900.0,70900.0,14
2026-10-06 01:32:00-04:00,70920.0,70920.0,70930.0,70920.0,70925.0,21
2026-10-06 01:33:00-04:00,70890.0,70890.0,70915.0,70885.0,70915.0,6
2026-10-06 01:34:00-04:00,70905.0,70905.0,70910.0,70900.0,70900.0,5
2026-10-06 01:35:00-04:00,70895.0,70895.0,70895.0,70885.0,70890.0,8
2026-10-06 01:36:00-04:00,70920.0,70920.0,70920.0,70900.0,70900.0,4
2026-10-06 01:37:00-04:00,70910.0,70910.0,70915.0,70910.0,70910.0,3
2026-10-06 01:38:00-04:00,70925.0,70925.0,70935.0,70925.0,70930.0,3
2026-10-06 01:39:00-04:00,70915.0,70915.0,70915.0,70915.0,70915.0,1
2026-10-06 01:40:00-04:00,70915.0,70915.0,70915.0,70895.0,70905.0,28
2026-10-06 01:41:00-04:00,70915.0,70915.0,70920.0,70915.0,70915.0,4
2026-10-06 01:42:00-04:00,70900.0,70900.0,70905.0,70900.0,70905.0,21
2026-10-06 01:43:00-04:00,70910.0,70910.0,70915.0,70910.0,70915.0,2
2026-10-06 01:44:00-04:00,70890.0,70890.0,70895.0,70890.0,70895.0,3
2026-10-06 01:45:00-04:00,70920.0,70920.0,70925.0,70905.0,70915.0,25
2026-10-06 01:46:00-04:00,70930.0,70930.0,70930.0,70915.0,70915.0,8
2026-10-06 01:47:00-04:00,70930.0,70930.0,70935.0,70925.0,70925.0,5
2026-10-06 01:48:00-04:00,70895.0,70895.0,70925.0,70895.0,70925.0,7
2026-10-06 01:49:00-04:00,70915.0,70915.0,70915.0,70895.0,70900.0,15
2026-10-06 01:50:00-04:00,70915.0,70915.0,70930.0,70915.0,70920.0,19
2026-10-06 01:51:00-04:00,70935.0,70935.0,70935.0,70925.0,70925.0,7
2026-10-06 01:52:00-04:00,70925.0,70925.0,70935.0,70925.0,70935.0,2
2026-10-06 01:53:00-04:00,70940.0,70940.0,70940.0,70925.0,70925.0,6
2026-10-06 01:54:00-04:00,70945.0,70945.0,70945.0,70935.0,70935.0,2
2026-10-06 01:55:00-04:00,70945.0,70945.0,70955.0,70945.0,70945.0,20
2026-10-06 01:56:00-04:00,70930.0,70930.0,70945.0,70930.0,70945.0,19
2026-10-06 01:57:00-04:00,70925.0,70925.0,70930.0,70910.0,70925.0,30
2026-10-06 01:58:00-04:00,70945.0,70945.0,70945.0,70925.0,70925.0,4
2026-10-06 01:59:00-04:00,70940.0,70940.0,70940.0,70940.0,70940.0,1
2026-10-06 02:00:00-04:00,70930.0,70930.0,70940.0,70915.0,70935.0,46
2026-10-06 02:01:00-04:00,70920.0,70920.0,70940.0,70920.0,70930.0,37
2026-10-06 02:02:00-04:00,70915.0,70915.0,70915.0,70900.0,70915.0,9
2026-10-06 02:03:00-04:00,70925.0,70925.0,70925.0,70925.0,70925.0,3
2026-10-06 02:04:00-04:00,70910.0,70910.0,70910.0,70910.0,70910.0,3
2026-10-06 02:05:00-04:00,70900.0,70900.0,70920.0,70900.0,70915.0,9
2026-10-06 02:06:00-04:00,70910.0,70910.0,70920.0,70910.0,70920.0,3
2026-10-06 02:07:00-04:00,70905.0,70905.0,70910.0,70905.0,70910.0,2
2026-10-06 02:08:00-04:00,70905.0,70905.0,70925.0,70905.0,70920.0,6
2026-10-06 02:09:00-04:00,70915.0,70915.0,70920.0,70910.0,70920.0,6
2026-10-06 02:10:00-04:00,70910.0,70910.0,70910.0,70910.0,70910.0,1
2026-10-06 02:11:00-04:00,70920.0,70920.0,70925.0,70910.0,70910.0,13
2026-10-06 02:12:00-04:00,70935.0,70935.0,70945.0,70920.0,70920.0,24
2026-10-06 02:13:00-04:00,70930.0,70930.0,70945.0,70925.0,70935.0,30
2026-10-06 02:14:00-04:00,70940.0,70940.0,70940.0,70930.0,70940.0,13
2026-10-06 02:15:00-04:00,70960.0,70960.0,70960.0,70940.0,70940.0,19
2026-10-06 02:16:00-04:00,70990.0,70990.0,70990.0,70965.0,70965.0,51
2026-10-06 02:17:00-04:00,70975.0,70975.0,70995.0,70965.0,70990.0,14
2026-10-06 02:18:00-04:00,70965.0,70965.0,70975.0,70960.0,70970.0,20
2026-10-06 02:19:00-04:00,70950.0,70950.0,70970.0,70950.0,70970.0,8
2026-10-06 02:20:00-04:00,70955.0,70955.0,70955.0,70935.0,70935.0,5
2026-10-06 02:21:00-04:00,70950.0,70950.0,70955.0,70945.0,70950.0,27
2026-10-06 02:22:00-04:00,70950.0,70950.0,70955.0,70940.0,70945.0,38
2026-10-06 02:23:00-04:00,70970.0,70970.0,70970.0,70940.0,70940.0,7
2026-10-06 02:24:00-04:00,70945.0,70945.0,70965.0,70945.0,70965.0,17
2026-10-06 02:25:00-04:00,70935.0,70935.0,70960.0,70920.0,70960.0,26
2026-10-06 02:26:00-04:00,70970.0,70970.0,70975.0,70935.0,70940.0,17
2026-10-06 02:27:00-04:00,70980.0,70980.0,70980.0,70965.0,70965.0,5
2026-10-06 02:28:00-04:00,70980.0,70980.0,70980.0,70950.0,70975.0,33
2026-10-06 02:29:00-04:00,70965.0,70965.0,70990.0,70960.0,70985.0,46
2026-10-06 02:30:00-04:00,70960.0,70960.0,71025.0,70935.0,70970.0,182
2026-10-06 02:31:00-04:00,70985.0,70985.0,71000.0,70960.0,70960.0,28
2026-10-06 02:32:00-04:00,70970.0,70970.0,70985.0,70965.0,70985.0,32
2026-10-06 02:33:00-04:00,70985.0,70985.0,70990.0,70980.0,70990.0,11
2026-10-06 02:34:00-04:00,70945.0,70945.0,70985.0,70940.0,70985.0,29
2026-10-06 02:35:00-04:00,70950.0,70950.0,70975.0,70930.0,70940.0,14
2026-10-06 02:36:00-04:00,70935.0,70935.0,70940.0,70925.0,70940.0,12
2026-10-06 02:37:00-04:00,70935.0,70935.0,70935.0,70915.0,70920.0,6
2026-10-06 02:38:00-04:00,70930.0,70930.0,70940.0,70930.0,70935.0,4
2026-10-06 02:39:00-04:00,70930.0,70930.0,70940.0,70925.0,70925.0,18
2026-10-06 02:40:00-04:00,70950.0,70950.0,70980.0,70935.0,70935.0,97
2026-10-06 02:41:00-04:00,70900.0,70900.0,70955.0,70885.0,70955.0,92
2026-10-06 02:42:00-04:00,70915.0,70915.0,70930.0,70900.0,70900.0,58
2026-10-06 02:43:00-04:00,70895.0,70895.0,70930.0,70890.0,70920.0,33
2026-10-06 02:44:00-04:00,70915.0,70915.0,70915.0,70900.0,70900.0,38
2026-10-06 02:45:00-04:00,70930.0,70930.0,70930.0,70905.0,70915.0,18
2026-10-06 02:46:00-04:00,70940.0,70940.0,70945.0,70940.0,70940.0,9
2026-10-06 02:47:00-04:00,70940.0,70940.0,70940.0,70935.0,70940.0,8
2026-10-06 02:48:00-04:00,70935.0,70935.0,70940.0,70935.0,70935.0,5
2026-10-06 02:49:00-04:00,70920.0,70920.0,70925.0,70920.0,70920.0,4
2026-10-06 02:50:00-04:00,70905.0,70905.0,70910.0,70900.0,70905.0,27
2026-10-06 02:51:00-04:00,70920.0,70920.0,70920.0,70905.0,70905.0,34
2026-10-06 02:52:00-04:00,70910.0,70910.0,70920.0,70910.0,70920.0,10
2026-10-06 02:53:00-04:00,70900.0,70900.0,70915.0,70900.0,70915.0,19
2026-10-06 02:54:00-04:00,70880.0,70880.0,70885.0,70875.0,70885.0,13
2026-10-06 02:55:00-04:00,70855.0,70855.0,70875.0,70855.0,70875.0,10
2026-10-06 02:56:00-04:00,70865.0,70865.0,70865.0,70865.0,70865.0,1
2026-10-06 02:58:00-04:00,70870.0,70870.0,70880.0,70870.0,70875.0,8
2026-10-06 02:59:00-04:00,70860.0,70860.0,70865.0,70860.0,70865.0,3
2026-10-06 03:00:00-04:00,70835.0,70835.0,70870.0,70835.0,70870.0,12
2026-10-06 03:01:00-04:00,70835.0,70835.0,70840.0,70805.0,70830.0,19
2026-10-06 03:02:00-04:00,70840.0,70840.0,70850.0,70840.0,70850.0,2
2026-10-06 03:03:00-04:00,70845.0,70845.0,70845.0,70845.0,70845.0,2
2026-10-06 03:04:00-04:00,70845.0,70845.0,70855.0,70840.0,70840.0,10
2026-10-06 03:05:00-04:00,70850.0,70850.0,70855.0,70845.0,70855.0,4
2026-10-06 03:06:00-04:00,70845.0,70845.0,70845.0,70845.0,70845.0,1
2026-10-06 03:07:00-04:00,70775.0,70775.0,70825.0,70765.0,70825.0,28
2026-10-06 03:08:00-04:00,70780.0,70780.0,70795.0,70775.0,70780.0,50
2026-10-06 03:09:00-04:00,70810.0,70810.0,70820.0,70790.0,70790.0,97
2026-10-06 03:10:00-04:00,70830.0,70830.0,70835.0,70825.0,70830.0,23
2026-10-06 03:11:00-04:00,70845.0,70845.0,70850.0,70835.0,70835.0,22
2026-10-06 03:12:00-04:00,70840.0,70840.0,70855.0,70835.0,70850.0,31
2026-10-06 03:13:00-04:00,70855.0,70855.0,70860.0,70830.0,70840.0,41
2026-10-06 03:14:00-04:00,70910.0,70910.0,70910.0,70860.0,70865.0,14
2026-10-06 03:15:00-04:00,70895.0,70895.0,70920.0,70890.0,70910.0,28
2026-10-06 03:16:00-04:00,70900.0,70900.0,70900.0,70880.0,70895.0,24
2026-10-06 03:17:00-04:00,70875.0,70875.0,70895.0,70875.0,70895.0,7
2026-10-06 03:18:00-04:00,70845.0,70845.0,70850.0,70840.0,70840.0,3
2026-10-06 03:19:00-04:00,70835.0,70835.0,70845.0,70835.0,70845.0,10
2026-10-06 03:20:00-04:00,70845.0,70845.0,70845.0,70815.0,70830.0,41
2026-10-06 03:21:00-04:00,70835.0,70835.0,70845.0,70835.0,70840.0,12
2026-10-06 03:22:00-04:00,70825.0,70825.0,70840.0,70825.0,70825.0,13
2026-10-06 03:23:00-04:00,70835.0,70835.0,70840.0,70825.0,70840.0,15
2026-10-06 03:24:00-04:00,70850.0,70850.0,70850.0,70845.0,70845.0,2
2026-10-06 03:25:00-04:00,70855.0,70855.0,70860.0,70840.0,70855.0,24
2026-10-06 03:26:00-04:00,70870.0,70870.0,70870.0,70855.0,70855.0,6
2026-10-06 03:27:00-04:00,70875.0,70875.0,70875.0,70870.0,70870.0,9
2026-10-06 03:28:00-04:00,70860.0,70860.0,70860.0,70860.0,70860.0,1
2026-10-06 03:29:00-04:00,70850.0,70850.0,70850.0,70840.0,70845.0,7
2026-10-06 03:30:00-04:00,70840.0,70840.0,70840.0,70825.0,70835.0,17
2026-10-06 03:31:00-04:00,70820.0,70820.0,70835.0,70820.0,70825.0,9
2026-10-06 03:33:00-04:00,70920.0,70920.0,70925.0,70885.0,70885.0,12
2026-10-06 03:34:00-04:00,70910.0,70910.0,70910.0,70910.0,70910.0,1
2026-10-06 03:35:00-04:00,70920.0,70920.0,70920.0,70920.0,70920.0,5
2026-10-06 03:37:00-04:00,70930.0,70930.0,70930.0,70920.0,70920.0,4
2026-10-06 03:38:00-04:00,70935.0,70935.0,70940.0,70930.0,70930.0,16
2026-10-06 03:39:00-04:00,70940.0,70940.0,70940.0,70920.0,70920.0,13
2026-10-06 03:40:00-04:00,70935.0,70935.0,70940.0,70925.0,70940.0,14
2026-10-06 03:41:00-04:00,70950.0,70950.0,70950.0,70935.0,70935.0,4
2026-10-06 03:42:00-04:00,70925.0,70925.0,70935.0,70925.0,70935.0,3
2026-10-06 03:43:00-04:00,70930.0,70930.0,70930.0,70930.0,70930.0,1
2026-10-06 03:44:00-04:00,70950.0,70950.0,70965.0,70940.0,70955.0,83
2026-10-06 03:45:00-04:00,70950.0,70950.0,70960.0,70950.0,70955.0,9
2026-10-06 03:46:00-04:00,70925.0,70925.0,70925.0,70925.0,70925.0,1
2026-10-06 03:47:00-04:00,70940.0,70940.0,70940.0,70935.0,70935.0,3
2026-10-06 03:49:00-04:00,70925.0,70925.0,70925.0,70925.0,70925.0,1
2026-10-06 03:50:00-04:00,70935.0,70935.0,70935.0,70930.0,70935.0,4
2026-10-06 03:51:00-04:00,70930.0,70930.0,70930.0,70925.0,70930.0,7
2026-10-06 03:52:00-04:00,70945.0,70945.0,70945.0,70935.0,70935.0,7
2026-10-06 03:53:00-04:00,70945.0,70945.0,70960.0,70940.0,70950.0,12
2026-10-06 03:54:00-04:00,70940.0,70940.0,70940.0,70935.0,70935.0,3
2026-10-06 03:55:00-04:00,70955.0,70955.0,70955.0,70945.0,70945.0,3
2026-10-06 03:56:00-04:00,70945.0,70945.0,70965.0,70940.0,70955.0,231
2026-10-06 03:57:00-04:00,70970.0,70970.0,70970.0,70945.0,70945.0,11
2026-10-06 03:58:00-04:00,70965.0,70965.0,70970.0,70955.0,70955.0,26
2026-10-06 03:59:00-04:00,70960.0,70960.0,70970.0,70950.0,70970.0,51
2026-10-06 04:00:00-04:00,71075.0,71075.0,71075.0,70940.0,70965.0,121
2026-10-06 04:01:00-04:00,71145.0,71145.0,71150.0,71080.0,71085.0,78
2026-10-06 04:02:00-04:00,71110.0,71110.0,71155.0,71110.0,71130.0,38
2026-10-06 04:03:00-04:00,71105.0,71105.0,71115.0,71085.0,71115.0,9
2026-10-06 04:04:00-04:00,71055.0,71055.0,71120.0,71055.0,71105.0,16
2026-10-06 04:05:00-04:00,71085.0,71085.0,71085.0,71080.0,71080.0,9
2026-10-06 04:06:00-04:00,71065.0,71065.0,71070.0,71065.0,71070.0,3
2026-10-06 04:07:00-04:00,71070.0,71070.0,71080.0,71070.0,71075.0,15
2026-10-06 04:08:00-04:00,71025.0,71025.0,71055.0,71025.0,71040.0,8
2026-10-06 04:09:00-04:00,71065.0,71065.0,71065.0,71035.0,71035.0,4
2026-10-06 04:10:00-04:00,71045.0,71045.0,71065.0,71045.0,71065.0,5
2026-10-06 04:11:00-04:00,71050.0,71050.0,71060.0,71035.0,71040.0,17
2026-10-06 04:12:00-04:00,71045.0,71045.0,71045.0,71045.0,71045.0,1
2026-10-06 04:13:00-04:00,71020.0,71020.0,71030.0,71020.0,71030.0,3
2026-10-06 04:14:00-04:00,71005.0,71005.0,71015.0,71005.0,71015.0,6
2026-10-06 04:15:00-04:00,71100.0,71100.0,71100.0,71015.0,71015.0,15
2026-10-06 04:16:00-04:00,71145.0,71145.0,71145.0,71110.0,71110.0,101
2026-10-06 04:17:00-04:00,71100.0,71100.0,71130.0,71100.0,71130.0,9
2026-10-06 04:18:00-04:00,71070.0,71070.0,71080.0,71070.0,71080.0,3
2026-10-06 04:19:00-04:00,71060.0,71060.0,71070.0,71060.0,71070.0,2
2026-10-06 04:20:00-04:00,71055.0,71055.0,71055.0,71055.0,71055.0,2
2026-10-06 04:21:00-04:00,71065.0,71065.0,71065.0,71055.0,71060.0,10
2026-10-06 04:22:00-04:00,71050.0,71050.0,71070.0,71050.0,71070.0,3
2026-10-06 04:23:00-04:00,71080.0,71080.0,71085.0,71060.0,71060.0,21
2026-10-06 04:24:00-04:00,71040.0,71040.0,71055.0,71040.0,71055.0,4
2026-10-06 04:25:00-04:00,71040.0,71040.0,71055.0,71040.0,71050.0,7
2026-10-06 04:27:00-04:00,71050.0,71050.0,71050.0,71035.0,71035.0,5
2026-10-06 04:28:00-04:00,71060.0,71060.0,71075.0,71060.0,71065.0,8
2026-10-06 04:29:00-04:00,71055.0,71055.0,71055.0,71035.0,71045.0,10
2026-10-06 04:30:00-04:00,71035.0,71035.0,71055.0,71035.0,71045.0,33
2026-10-06 04:31:00-04:00,71040.0,71040.0,71050.0,71030.0,71050.0,17
2026-10-06 04:32:00-04:00,71025.0,71025.0,71045.0,71025.0,71045.0,14
2026-10-06 04:33:00-04:00,71025.0,71025.0,71025.0,71020.0,71020.0,3
2026-10-06 04:34:00-04:00,71045.0,71045.0,71045.0,71045.0,71045.0,1
2026-10-06 04:35:00-04:00,71015.0,71015.0,71020.0,71015.0,71020.0,2
2026-10-06 04:36:00-04:00,71010.0,71010.0,71010.0,71005.0,71005.0,9
2026-10-06 04:37:00-04:00,71045.0,71045.0,71060.0,71030.0,71030.0,24
2026-10-06 04:38:00-04:00,71050.0,71050.0,71050.0,71045.0,71045.0,11
2026-10-06 04:39:00-04:00,71040.0,71040.0,71045.0,71035.0,71045.0,7
2026-10-06 04:40:00-04:00,71020.0,71020.0,71025.0,71010.0,71025.0,11
2026-10-06 04:41:00-04:00,71025.0,71025.0,71025.0,71015.0,71015.0,6
2026-10-06 04:42:00-04:00,71055.0,71055.0,71060.0,71045.0,71045.0,5
2026-10-06 04:43:00-04:00,71075.0,71075.0,71075.0,71065.0,71065.0,7
2026-10-06 04:44:00-04:00,71090.0,71090.0,71100.0,71080.0,71080.0,11
2026-10-06 04:45:00-04:00,71120.0,71120.0,71120.0,71095.0,71105.0,8
2026-10-06 04:46:00-04:00,71130.0,71130.0,71130.0,71130.0,71130.0,1
2026-10-06 04:48:00-04:00,71140.0,71140.0,71140.0,71140.0,71140.0,3
2026-10-06 04:50:00-04:00,71130.0,71130.0,71130.0,71125.0,71125.0,2
2026-10-06 04:53:00-04:00,71120.0,71120.0,71120.0,71110.0,71110.0,3
2026-10-06 04:54:00-04:00,71110.0,71110.0,71110.0,71110.0,71110.0,2
2026-10-06 04:55:00-04:00,71100.0,71100.0,71100.0,71085.0,71085.0,4
2026-10-06 04:56:00-04:00,71130.0,71130.0,71130.0,71090.0,71090.0,51
2026-10-06 04:57:00-04:00,71120.0,71120.0,71120.0,71120.0,71120.0,4
2026-10-06 04:58:00-04:00,71080.0,71080.0,71100.0,71070.0,71100.0,12
2026-10-06 04:59:00-04:00,71075.0,71075.0,71075.0,71075.0,71075.0,1
2026-10-06 05:00:00-04:00,71060.0,71060.0,71070.0,71050.0,71055.0,7
2026-10-06 05:01:00-04:00,71100.0,71100.0,71100.0,71075.0,71075.0,4
2026-10-06 05:02:00-04:00,71100.0,71100.0,71105.0,71090.0,71105.0,8
2026-10-06 05:03:00-04:00,71085.0,71085.0,71085.0,71075.0,71075.0,2
2026-10-06 05:04:00-04:00,71095.0,71095.0,71100.0,71095.0,71100.0,4
2026-10-06 05:05:00-04:00,71085.0,71085.0,71085.0,71080.0,71080.0,4
2026-10-06 05:06:00-04:00,71065.0,71065.0,71075.0,71065.0,71075.0,10
2026-10-06 05:07:00-04:00,71075.0,71075.0,71085.0,71075.0,71085.0,2
2026-10-06 05:08:00-04:00,71040.0,71040.0,71080.0,71040.0,71080.0,4
2026-10-06 05:09:00-04:00,71060.0,71060.0,71075.0,71060.0,71065.0,7
2026-10-06 05:10:00-04:00,71020.0,71020.0,71035.0,71015.0,71035.0,6
2026-10-06 05:11:00-04:00,71050.0,71050.0,71090.0,70995.0,71015.0,61
2026-10-06 05:12:00-04:00,71000.0,71000.0,71015.0,71000.0,71015.0,7
2026-10-06 05:13:00-04:00,70990.0,70990.0,70990.0,70990.0,70990.0,3
2026-10-06 05:14:00-04:00,71025.0,71025.0,71025.0,71025.0,71025.0,2
2026-10-06 05:17:00-04:00,71035.0,71035.0,71035.0,71035.0,71035.0,1
2026-10-06 05:19:00-04:00,71015.0,71015.0,71015.0,71015.0,71015.0,3
2026-10-06 05:20:00-04:00,71010.0,71010.0,71015.0,71010.0,71015.0,3
2026-10-06 05:23:00-04:00,70970.0,70970.0,70970.0,70970.0,70970.0,2
2026-10-06 05:24:00-04:00,70975.0,70975.0,70975.0,70975.0,70975.0,3
2026-10-06 05:25:00-04:00,70990.0,70990.0,70990.0,70970.0,70970.0,11
2026-10-06 05:26:00-04:00,71005.0,71005.0,71005.0,70985.0,70985.0,25
2026-10-06 05:27:00-04:00,70995.0,70995.0,71015.0,70995.0,71015.0,7
2026-10-06 05:28:00-04:00,71005.0,71005.0,71005.0,71005.0,71005.0,1
2026-10-06 05:29:00-04:00,71010.0,71010.0,71010.0,71010.0,71010.0,2
2026-10-06 05:30:00-04:00,71035.0,71035.0,71035.0,71035.0,71035.0,3
2026-10-06 05:31:00-04:00,71010.0,71010.0,71020.0,71010.0,71020.0,3
2026-10-06 05:32:00-04:00,71010.0,71010.0,71010.0,71010.0,71010.0,1
2026-10-06 05:33:00-04:00,71010.0,71010.0,71010.0,71010.0,71010.0,2
2026-10-06 05:34:00-04:00,71060.0,71060.0,71060.0,71020.0,71020.0,32
2026-10-06 05:35:00-04:00,71035.0,71035.0,71035.0,71025.0,71035.0,5
2026-10-06 05:36:00-04:00,71035.0,71035.0,71035.0,71035.0,71035.0,1
2026-10-06 05:38:00-04:00,71025.0,71025.0,71025.0,71025.0,71025.0,1
2026-10-06 05:43:00-04:00,71045.0,71045.0,71045.0,71045.0,71045.0,2
2026-10-06 05:44:00-04:00,71045.0,71045.0,71045.0,71035.0,71035.0,2
2026-10-06 05:46:00-04:00,71030.0,71030.0,71060.0,71030.0,71055.0,8
2026-10-06 05:47:00-04:00,71025.0,71025.0,71025.0,71025.0,71025.0,1
2026-10-06 05:49:00-04:00,71045.0,71045.0,71045.0,71040.0,71040.0,2
2026-10-06 05:50:00-04:00,71055.0,71055.0,71055.0,71055.0,71055.0,1
2026-10-06 05:51:00-04:00,71090.0,71090.0,71090.0,71070.0,71070.0,4
2026-10-06 05:52:00-04:00,71040.0,71040.0,71055.0,71040.0,71055.0,4
2026-10-06 05:53:00-04:00,71030.0,71030.0,71035.0,71025.0,71035.0,5
2026-10-06 05:54:00-04:00,71015.0,71015.0,71015.0,71015.0,71015.0,1
2026-10-06 05:55:00-04:00,71025.0,71025.0,71030.0,71025.0,71025.0,5
2026-10-06 05:56:00-04:00,71020.0,71020.0,71020.0,71020.0,71020.0,3
2026-10-06 05:57:00-04:00,70995.0,70995.0,71035.0,70995.0,71035.0,8
2026-10-06 05:58:00-04:00,70985.0,70985.0,70995.0,70985.0,70995.0,2
2026-10-06 05:59:00-04:00,70970.0,70970.0,70980.0,70970.0,70980.0,2
2026-10-06 06:00:00-04:00,70965.0,70965.0,70965.0,70965.0,70965.0,4
2026-10-06 06:01:00-04:00,70985.0,70985.0,70985.0,70975.0,70975.0,2
2026-10-06 06:02:00-04:00,70965.0,70965.0,70975.0,70965.0,70975.0,3
2026-10-06 06:03:00-04:00,70945.0,70945.0,70985.0,70945.0,70980.0,11
2026-10-06 06:04:00-04:00,70950.0,70950.0,70950.0,70940.0,70945.0,3
2026-10-06 06:05:00-04:00,70985.0,70985.0,70985.0,70970.0,70970.0,3
2026-10-06 06:06:00-04:00,70985.0,70985.0,71000.0,70985.0,71000.0,8
2026-10-06 06:07:00-04:00,71025.0,71025.0,71025.0,71025.0,71025.0,4
2026-10-06 06:08:00-04:00,71055.0,71055.0,71055.0,71040.0,71040.0,3
2026-10-06 06:09:00-04:00,71060.0,71060.0,71075.0,71060.0,71065.0,4
2026-10-06 06:10:00-04:00,71060.0,71060.0,71060.0,71055.0,71060.0,6
2026-10-06 06:11:00-04:00,71085.0,71085.0,71085.0,71070.0,71070.0,3
2026-10-06 06:12:00-04:00,71085.0,71085.0,71115.0,71075.0,71085.0,18
2026-10-06 06:13:00-04:00,71100.0,71100.0,71100.0,71090.0,71090.0,8
2026-10-06 06:14:00-04:00,71095.0,71095.0,71095.0,71095.0,71095.0,1
2026-10-06 06:15:00-04:00,71110.0,71110.0,71110.0,71100.0,71105.0,9
2026-10-06 06:16:00-04:00,71110.0,71110.0,71125.0,71110.0,71120.0,6
2026-10-06 06:18:00-04:00,71075.0,71075.0,71075.0,71075.0,71075.0,2
2026-10-06 06:19:00-04:00,71090.0,71090.0,71090.0,71090.0,71090.0,2
2026-10-06 06:21:00-04:00,71135.0,71135.0,71135.0,71125.0,71125.0,2
2026-10-06 06:22:00-04:00,71130.0,71130.0,71135.0,71130.0,71135.0,2
2026-10-06 06:24:00-04:00,71145.0,71145.0,71150.0,71145.0,71150.0,6
2026-10-06 06:25:00-04:00,71150.0,71150.0,71170.0,71150.0,71160.0,7
2026-10-06 06:26:00-04:00,71125.0,71125.0,71125.0,71125.0,71125.0,1
2026-10-06 06:27:00-04:00,71125.0,71125.0,71125.0,71115.0,71115.0,6
2026-10-06 06:29:00-04:00,71120.0,71120.0,71120.0,71120.0,71120.0,1
2026-10-06 06:31:00-04:00,71125.0,71125.0,71125.0,71110.0,71110.0,3
2026-10-06 06:32:00-04:00,71145.0,71145.0,71145.0,71145.0,71145.0,2
2026-10-06 06:33:00-04:00,71150.0,71150.0,71165.0,71150.0,71155.0,10
2026-10-06 06:34:00-04:00,71140.0,71140.0,71140.0,71135.0,71140.0,7
2026-10-06 06:35:00-04:00,71165.0,71165.0,71165.0,71150.0,71150.0,4
2026-10-06 06:36:00-04:00,71165.0,71165.0,71165.0,71165.0,71165.0,1
2026-10-06 06:37:00-04:00,71150.0,71150.0,71155.0,71150.0,71155.0,4
2026-10-06 06:38:00-04:00,71160.0,71160.0,71160.0,71155.0,71155.0,4
2026-10-06 06:39:00-04:00,71155.0,71155.0,71155.0,71155.0,71155.0,3
2026-10-06 06:40:00-04:00,71155.0,71155.0,71160.0,71150.0,71150.0,12
2026-10-06 06:41:00-04:00,71160.0,71160.0,71170.0,71160.0,71160.0,17
2026-10-06 06:42:00-04:00,71165.0,71165.0,71165.0,71155.0,71160.0,9
2026-10-06 06:43:00-04:00,71190.0,71190.0,71190.0,71180.0,71185.0,6
2026-10-06 06:44:00-04:00,71220.0,71220.0,71225.0,71195.0,71195.0,38
2026-10-06 06:45:00-04:00,71245.0,71245.0,71250.0,71215.0,71225.0,86
2026-10-06 06:46:00-04:00,71255.0,71255.0,71265.0,71240.0,71245.0,53
2026-10-06 06:47:00-04:00,71245.0,71245.0,71245.0,71240.0,71245.0,6
2026-10-06 06:48:00-04:00,71210.0,71210.0,71235.0,71205.0,71235.0,15
2026-10-06 06:49:00-04:00,71235.0,71235.0,71235.0,71210.0,71215.0,9
2026-10-06 06:50:00-04:00,71235.0,71235.0,71245.0,71235.0,71245.0,6
2026-10-06 06:51:00-04:00,71240.0,71240.0,71240.0,71235.0,71240.0,4
2026-10-06 06:52:00-04:00,71235.0,71235.0,71240.0,71235.0,71240.0,4
2026-10-06 06:53:00-04:00,71235.0,71235.0,71235.0,71235.0,71235.0,3
2026-10-06 06:54:00-04:00,71240.0,71240.0,71240.0,71235.0,71235.0,2
2026-10-06 06:55:00-04:00,71240.0,71240.0,71240.0,71235.0,71235.0,2
2026-10-06 06:57:00-04:00,71225.0,71225.0,71235.0,71220.0,71235.0,10
2026-10-06 06:58:00-04:00,71225.0,71225.0,71225.0,71210.0,71220.0,12
2026-10-06 06:59:00-04:00,71230.0,71230.0,71235.0,71230.0,71235.0,7
2026-10-06 07:00:00-04:00,71230.0,71230.0,71250.0,71225.0,71230.0,22
2026-10-06 07:01:00-04:00,71230.0,71230.0,71235.0,71220.0,71230.0,37
2026-10-06 07:02:00-04:00,71225.0,71225.0,71240.0,71215.0,71240.0,7
2026-10-06 07:03:00-04:00,71220.0,71220.0,71235.0,71220.0,71225.0,6
2026-10-06 07:04:00-04:00,71215.0,71215.0,71225.0,71215.0,71225.0,2
2026-10-06 07:05:00-04:00,71215.0,71215.0,71225.0,71215.0,71225.0,5
2026-10-06 07:06:00-04:00,71195.0,71195.0,71200.0,71195.0,71200.0,7
2026-10-06 07:07:00-04:00,71215.0,71215.0,71225.0,71190.0,71190.0,5
2026-10-06 07:08:00-04:00,71200.0,71200.0,71215.0,71200.0,71215.0,4
2026-10-06 07:09:00-04:00,71205.0,71205.0,71215.0,71205.0,71215.0,2
2026-10-06 07:10:00-04:00,71195.0,71195.0,71205.0,71190.0,71205.0,5
2026-10-06 07:11:00-04:00,71215.0,71215.0,71220.0,71205.0,71205.0,13
2026-10-06 07:12:00-04:00,71205.0,71205.0,71210.0,71195.0,71210.0,9
2026-10-06 07:13:00-04:00,71215.0,71215.0,71215.0,71200.0,71200.0,17
2026-10-06 07:14:00-04:00,71230.0,71230.0,71230.0,71230.0,71230.0,2
2026-10-06 07:15:00-04:00,71270.0,71270.0,71285.0,71250.0,71255.0,6
2026-10-06 07:17:00-04:00,71300.0,71300.0,71310.0,71290.0,71290.0,13
2026-10-06 07:18:00-04:00,71330.0,71330.0,71330.0,71310.0,71315.0,19
2026-10-06 07:19:00-04:00,71320.0,71320.0,71330.0,71320.0,71330.0,12
2026-10-06 07:20:00-04:00,71330.0,71330.0,71340.0,71325.0,71325.0,10
2026-10-06 07:21:00-04:00,71335.0,71335.0,71335.0,71330.0,71335.0,5
2026-10-06 07:22:00-04:00,71370.0,71370.0,71370.0,71340.0,71345.0,18
2026-10-06 07:23:00-04:00,71400.0,71400.0,71405.0,71375.0,71380.0,9
2026-10-06 07:24:00-04:00,71390.0,71390.0,71400.0,71385.0,71390.0,7
2026-10-06 07:25:00-04:00,71405.0,71405.0,71405.0,71380.0,71385.0,18
2026-10-06 07:26:00-04:00,71415.0,71415.0,71425.0,71400.0,71410.0,15
2026-10-06 07:27:00-04:00,71415.0,71415.0,71420.0,71415.0,71420.0,6
2026-10-06 07:28:00-04:00,71420.0,71420.0,71420.0,71410.0,71415.0,8
2026-10-06 07:29:00-04:00,71410.0,71410.0,71415.0,71405.0,71415.0,11
2026-10-06 07:30:00-04:00,71410.0,71410.0,71450.0,71405.0,71410.0,56
2026-10-06 07:31:00-04:00,71375.0,71375.0,71405.0,71370.0,71400.0,30
2026-10-06 07:32:00-04:00,71385.0,71385.0,71385.0,71380.0,71380.0,2
2026-10-06 07:33:00-04:00,71380.0,71380.0,71380.0,71365.0,71365.0,5
2026-10-06 07:34:00-04:00,71380.0,71380.0,71390.0,71380.0,71385.0,5
2026-10-06 07:35:00-04:00,71380.0,71380.0,71380.0,71380.0,71380.0,3
2026-10-06 07:36:00-04:00,71365.0,71365.0,71370.0,71365.0,71370.0,3
2026-10-06 07:37:00-04:00,71340.0,71340.0,71345.0,71340.0,71345.0,3
2026-10-06 07:38:00-04:00,71360.0,71360.0,71360.0,71350.0,71350.0,2
2026-10-06 07:39:00-04:00,71405.0,71405.0,71415.0,71380.0,71380.0,9
2026-10-06 07:40:00-04:00,71405.0,71405.0,71405.0,71400.0,71405.0,5
2026-10-06 07:41:00-04:00,71400.0,71400.0,71400.0,71390.0,71390.0,7
2026-10-06 07:42:00-04:00,71440.0,71440.0,71445.0,71390.0,71405.0,69
2026-10-06 07:43:00-04:00,71440.0,71440.0,71450.0,71435.0,71440.0,54
2026-10-06 07:44:00-04:00,71440.0,71440.0,71445.0,71435.0,71435.0,17
2026-10-06 07:45:00-04:00,71440.0,71440.0,71455.0,71435.0,71440.0,31
2026-10-06 07:46:00-04:00,71435.0,71435.0,71440.0,71435.0,71440.0,8
2026-10-06 07:47:00-04:00,71465.0,71465.0,71470.0,71440.0,71440.0,10
2026-10-06 07:48:00-04:00,71445.0,71445.0,71450.0,71440.0,71450.0,6
2026-10-06 07:49:00-04:00,71455.0,71455.0,71455.0,71445.0,71450.0,9
2026-10-06 07:50:00-04:00,71470.0,71470.0,71470.0,71455.0,71455.0,5
2026-10-06 07:51:00-04:00,71480.0,71480.0,71480.0,71465.0,71465.0,5
2026-10-06 07:52:00-04:00,71480.0,71480.0,71485.0,71480.0,71480.0,5
2026-10-06 07:53:00-04:00,71480.0,71480.0,71485.0,71475.0,71475.0,12
2026-10-06 07:54:00-04:00,71465.0,71465.0,71475.0,71465.0,71475.0,5
2026-10-06 07:55:00-04:00,71470.0,71470.0,71475.0,71465.0,71465.0,13
2026-10-06 07:56:00-04:00,71460.0,71460.0,71475.0,71460.0,71475.0,6
2026-10-06 07:57:00-04:00,71455.0,71455.0,71470.0,71455.0,71465.0,57
2026-10-06 07:58:00-04:00,71465.0,71465.0,71465.0,71455.0,71455.0,34
2026-10-06 07:59:00-04:00,71445.0,71445.0,71460.0,71440.0,71460.0,6
2026-10-06 08:00:00-04:00,71440.0,71440.0,71455.0,71435.0,71435.0,8
2026-10-06 08:01:00-04:00,71465.0,71465.0,71465.0,71435.0,71440.0,11
2026-10-06 08:02:00-04:00,71475.0,71475.0,71475.0,71465.0,71465.0,7
2026-10-06 08:03:00-04:00,71495.0,71495.0,71505.0,71475.0,71475.0,9
2026-10-06 08:04:00-04:00,71510.0,71510.0,71510.0,71510.0,71510.0,1
2026-10-06 08:05:00-04:00,71495.0,71495.0,71510.0,71495.0,71510.0,6
2026-10-06 08:06:00-04:00,71475.0,71475.0,71490.0,71475.0,71490.0,2
2026-10-06 08:07:00-04:00,71465.0,71465.0,71475.0,71465.0,71475.0,10
2026-10-06 08:08:00-04:00,71470.0,71470.0,71475.0,71460.0,71460.0,6
2026-10-06 08:09:00-04:00,71470.0,71470.0,71475.0,71470.0,71475.0,3
2026-10-06 08:10:00-04:00,71470.0,71470.0,71470.0,71460.0,71460.0,5
2026-10-06 08:11:00-04:00,71475.0,71475.0,71475.0,71465.0,71470.0,6
2026-10-06 08:12:00-04:00,71485.0,71485.0,71485.0,71480.0,71480.0,5
2026-10-06 08:13:00-04:00,71485.0,71485.0,71485.0,71485.0,71485.0,4
2026-10-06 08:14:00-04:00,71485.0,71485.0,71485.0,71480.0,71480.0,7
2026-10-06 08:15:00-04:00,71470.0,71470.0,71490.0,71470.0,71490.0,13
2026-10-06 08:16:00-04:00,71485.0,71485.0,71485.0,71465.0,71465.0,10
2026-10-06 08:17:00-04:00,71450.0,71450.0,71485.0,71450.0,71485.0,11
2026-10-06 08:18:00-04:00,71475.0,71475.0,71475.0,71465.0,71470.0,5
2026-10-06 08:19:00-04:00,71475.0,71475.0,71480.0,71475.0,71480.0,3
2026-10-06 08:20:00-04:00,71450.0,71450.0,71475.0,71450.0,71475.0,8
2026-10-06 08:21:00-04:00,71435.0,71435.0,71460.0,71435.0,71460.0,11
2026-10-06 08:22:00-04:00,71405.0,71405.0,71420.0,71400.0,71420.0,14
2026-10-06 08:23:00-04:00,71410.0,71410.0,71420.0,71410.0,71420.0,5
2026-10-06 08:24:00-04:00,71415.0,71415.0,71415.0,71405.0,71405.0,4
2026-10-06 08:25:00-04:00,71410.0,71410.0,71410.0,71400.0,71405.0,9
2026-10-06 08:26:00-04:00,71410.0,71410.0,71415.0,71370.0,71415.0,78
2026-10-06 08:27:00-04:00,71385.0,71385.0,71415.0,71385.0,71415.0,17
2026-10-06 08:28:00-04:00,71365.0,71365.0,71390.0,71360.0,71390.0,9
2026-10-06 08:29:00-04:00,71360.0,71360.0,71360.0,71350.0,71350.0,2
2026-10-06 08:30:00-04:00,71355.0,71355.0,71370.0,71355.0,71370.0,12
2026-10-06 08:31:00-04:00,71330.0,71330.0,71350.0,71330.0,71350.0,8
2026-10-06 08:32:00-04:00,71340.0,71340.0,71350.0,71330.0,71330.0,23
2026-10-06 08:33:00-04:00,71320.0,71320.0,71335.0,71320.0,71335.0,8
2026-10-06 08:35:00-04:00,71340.0,71340.0,71340.0,71340.0,71340.0,2
2026-10-06 08:36:00-04:00,71335.0,71335.0,71340.0,71335.0,71340.0,2
2026-10-06 08:37:00-04:00,71335.0,71335.0,71345.0,71335.0,71345.0,7
2026-10-06 08:39:00-04:00,71335.0,71335.0,71340.0,71335.0,71340.0,6
2026-10-06 08:40:00-04:00,71355.0,71355.0,71365.0,71355.0,71365.0,4
2026-10-06 08:41:00-04:00,71340.0,71340.0,71350.0,71340.0,71350.0,4
2026-10-06 08:42:00-04:00,71315.0,71315.0,71315.0,71315.0,71315.0,2
2026-10-06 08:43:00-04:00,71290.0,71290.0,71300.0,71290.0,71300.0,11
2026-10-06 08:44:00-04:00,71285.0,71285.0,71295.0,71285.0,71295.0,4
2026-10-06 08:45:00-04:00,71280.0,71280.0,71295.0,71265.0,71265.0,30
2026-10-06 08:46:00-04:00,71255.0,71255.0,71275.0,71255.0,71275.0,6
2026-10-06 08:47:00-04:00,71230.0,71230.0,71260.0,71230.0,71260.0,31
2026-10-06 08:48:00-04:00,71190.0,71190.0,71230.0,71190.0,71230.0,34
2026-10-06 08:49:00-04:00,71210.0,71210.0,71210.0,71180.0,71190.0,34
2026-10-06 08:50:00-04:00,71280.0,71280.0,71310.0,71225.0,71225.0,109
2026-10-06 08:51:00-04:00,71315.0,71315.0,71315.0,71250.0,71270.0,29
2026-10-06 08:52:00-04:00,71275.0,71275.0,71300.0,71265.0,71300.0,7
2026-10-06 08:53:00-04:00,71270.0,71270.0,71280.0,71265.0,71280.0,5
2026-10-06 08:54:00-04:00,71245.0,71245.0,71280.0,71245.0,71280.0,10
2026-10-06 08:55:00-04:00,71240.0,71240.0,71240.0,71240.0,71240.0,1
2026-10-06 08:56:00-04:00,71250.0,71250.0,71250.0,71250.0,71250.0,1
2026-10-06 08:57:00-04:00,71285.0,71285.0,71285.0,71275.0,71275.0,5
2026-10-06 08:58:00-04:00,71270.0,71270.0,71270.0,71270.0,71270.0,1
2026-10-06 08:59:00-04:00,71280.0,71280.0,71280.0,71280.0,71280.0,1
2026-10-06 09:00:00-04:00,71290.0,71290.0,71290.0,71260.0,71260.0,12
2026-10-06 09:01:00-04:00,71325.0,71325.0,71325.0,71290.0,71290.0,10
2026-10-06 09:02:00-04:00,71320.0,71320.0,71325.0,71315.0,71315.0,18
2026-10-06 09:03:00-04:00,71320.0,71320.0,71320.0,71310.0,71310.0,4
2026-10-06 09:04:00-04:00,71310.0,71310.0,71330.0,71310.0,71330.0,11
2026-10-06 09:05:00-04:00,71335.0,71335.0,71335.0,71335.0,71335.0,1
2026-10-06 09:06:00-04:00,71320.0,71320.0,71325.0,71320.0,71325.0,2
2026-10-06 09:07:00-04:00,71330.0,71330.0,71330.0,71320.0,71320.0,7
2026-10-06 09:08:00-04:00,71325.0,71325.0,71330.0,71315.0,71325.0,15
2026-10-06 09:09:00-04:00,71345.0,71345.0,71345.0,71325.0,71325.0,4
2026-10-06 09:10:00-04:00,71335.0,71335.0,71345.0,71335.0,71345.0,5
2026-10-06 09:11:00-04:00,71310.0,71310.0,71320.0,71310.0,71315.0,19
2026-10-06 09:12:00-04:00,71320.0,71320.0,71320.0,71320.0,71320.0,2
2026-10-06 09:13:00-04:00,71305.0,71305.0,71315.0,71305.0,71315.0,10
2026-10-06 09:14:00-04:00,71285.0,71285.0,71300.0,71270.0,71300.0,14
2026-10-06 09:16:00-04:00,71250.0,71250.0,71275.0,71250.0,71275.0,10
2026-10-06 09:17:00-04:00,71230.0,71230.0,71235.0,71225.0,71230.0,28
2026-10-06 09:18:00-04:00,71225.0,71225.0,71240.0,71215.0,71225.0,55
2026-10-06 09:19:00-04:00,71245.0,71245.0,71250.0,71230.0,71235.0,73
2026-10-06 09:20:00-04:00,71240.0,71240.0,71270.0,71240.0,71245.0,98
2026-10-06 09:21:00-04:00,71265.0,71265.0,71280.0,71250.0,71250.0,73
2026-10-06 09:22:00-04:00,71225.0,71225.0,71275.0,71225.0,71270.0,38
2026-10-06 09:23:00-04:00,71215.0,71215.0,71220.0,71205.0,71210.0,24
2026-10-06 09:24:00-04:00,71235.0,71235.0,71240.0,71200.0,71215.0,22
2026-10-06 09:25:00-04:00,71245.0,71245.0,71250.0,71235.0,71235.0,33
2026-10-06 09:26:00-04:00,71240.0,71240.0,71245.0,71240.0,71245.0,2
2026-10-06 09:27:00-04:00,71245.0,71245.0,71245.0,71245.0,71245.0,1
2026-10-06 09:28:00-04:00,71265.0,71265.0,71265.0,71245.0,71245.0,9
2026-10-06 09:29:00-04:00,71250.0,71250.0,71260.0,71230.0,71260.0,17
2026-10-06 09:30:00-04:00,71295.0,71295.0,71295.0,71220.0,71235.0,45
2026-10-06 09:31:00-04:00,71230.0,71230.0,71310.0,71205.0,71305.0,36
2026-10-06 09:32:00-04:00,71215.0,71215.0,71250.0,71195.0,71235.0,36
2026-10-06 09:33:00-04:00,71195.0,71195.0,71225.0,71190.0,71215.0,20
2026-10-06 09:34:00-04:00,71250.0,71250.0,71260.0,71200.0,71200.0,34
2026-10-06 09:35:00-04:00,71265.0,71265.0,71295.0,71250.0,71255.0,46
2026-10-06 09:36:00-04:00,71280.0,71280.0,71280.0,71240.0,71265.0,15
2026-10-06 09:37:00-04:00,71270.0,71270.0,71280.0,71255.0,71280.0,16
2026-10-06 09:38:00-04:00,71260.0,71260.0,71285.0,71245.0,71275.0,71
2026-10-06 09:39:00-04:00,71290.0,71290.0,71300.0,71245.0,71255.0,44
2026-10-06 09:40:00-04:00,71280.0,71280.0,71285.0,71270.0,71285.0,15
2026-10-06 09:41:00-04:00,71310.0,71310.0,71320.0,71290.0,71300.0,22
2026-10-06 09:42:00-04:00,71295.0,71295.0,71315.0,71270.0,71305.0,35
2026-10-06 09:43:00-04:00,71315.0,71315.0,71320.0,71300.0,71300.0,5
2026-10-06 09:44:00-04:00,71285.0,71285.0,71325.0,71280.0,71315.0,18
2026-10-06 09:45:00-04:00,71285.0,71285.0,71300.0,71285.0,71285.0,20
2026-10-06 09:46:00-04:00,71315.0,71315.0,71315.0,71255.0,71255.0,18
2026-10-06 09:47:00-04:00,71350.0,71350.0,71350.0,71315.0,71315.0,56
2026-10-06 09:48:00-04:00,71325.0,71325.0,71350.0,71315.0,71345.0,65
2026-10-06 09:49:00-04:00,71270.0,71270.0,71325.0,71250.0,71320.0,140
2026-10-06 09:50:00-04:00,71280.0,71280.0,71280.0,71260.0,71270.0,21
2026-10-06 09:51:00-04:00,71310.0,71310.0,71310.0,71275.0,71275.0,16
2026-10-06 09:52:00-04:00,71320.0,71320.0,71320.0,71315.0,71315.0,3
2026-10-06 09:53:00-04:00,71360.0,71360.0,71360.0,71330.0,71335.0,13
2026-10-06 09:54:00-04:00,71385.0,71385.0,71385.0,71355.0,71355.0,21
2026-10-06 09:55:00-04:00,71420.0,71420.0,71420.0,71385.0,71385.0,23
2026-10-06 09:56:00-04:00,71430.0,71430.0,71430.0,71415.0,71430.0,15
2026-10-06 09:57:00-04:00,71410.0,71410.0,71430.0,71410.0,71430.0,16
2026-10-06 09:58:00-04:00,71405.0,71405.0,71410.0,71400.0,71410.0,7
2026-10-06 09:59:00-04:00,71355.0,71355.0,71395.0,71355.0,71395.0,13
2026-10-06 10:00:00-04:00,71360.0,71360.0,71375.0,71355.0,71355.0,26
2026-10-06 10:01:00-04:00,71400.0,71400.0,71400.0,71365.0,71365.0,45
2026-10-06 10:02:00-04:00,71410.0,71410.0,71410.0,71375.0,71405.0,36
2026-10-06 10:03:00-04:00,71425.0,71425.0,71430.0,71400.0,71410.0,17
2026-10-06 10:04:00-04:00,71460.0,71460.0,71480.0,71415.0,71430.0,117
2026-10-06 10:05:00-04:00,71390.0,71390.0,71470.0,71385.0,71470.0,40
2026-10-06 10:06:00-04:00,71435.0,71435.0,71445.0,71400.0,71410.0,21
2026-10-06 10:07:00-04:00,71470.0,71470.0,71475.0,71435.0,71435.0,7
2026-10-06 10:08:00-04:00,71455.0,71455.0,71475.0,71455.0,71475.0,10
2026-10-06 10:09:00-04:00,71465.0,71465.0,71475.0,71445.0,71450.0,16
2026-10-06 10:10:00-04:00,71430.0,71430.0,71470.0,71430.0,71465.0,17
2026-10-06 10:11:00-04:00,71395.0,71395.0,71425.0,71395.0,71425.0,21
2026-10-06 10:12:00-04:00,71380.0,71380.0,71400.0,71375.0,71395.0,14
2026-10-06 10:13:00-04:00,71365.0,71365.0,71380.0,71365.0,71380.0,4
2026-10-06 10:14:00-04:00,71370.0,71370.0,71370.0,71355.0,71365.0,28
2026-10-06 10:15:00-04:00,71395.0,71395.0,71410.0,71370.0,71370.0,39
2026-10-06 10:16:00-04:00,71390.0,71390.0,71395.0,71390.0,71395.0,6
2026-10-06 10:17:00-04:00,71360.0,71360.0,71385.0,71355.0,71375.0,18
2026-10-06 10:18:00-04:00,71330.0,71330.0,71355.0,71325.0,71355.0,40
2026-10-06 10:19:00-04:00,71325.0,71325.0,71345.0,71315.0,71325.0,13
2026-10-06 10:20:00-04:00,71315.0,71315.0,71335.0,71300.0,71330.0,33
2026-10-06 10:21:00-04:00,71315.0,71315.0,71315.0,71300.0,71315.0,23
2026-10-06 10:22:00-04:00,71295.0,71295.0,71315.0,71285.0,71305.0,29
2026-10-06 10:23:00-04:00,71280.0,71280.0,71310.0,71280.0,71295.0,28
2026-10-06 10:24:00-04:00,71295.0,71295.0,71295.0,71280.0,71285.0,6
2026-10-06 10:25:00-04:00,71245.0,71245.0,71290.0,71245.0,71290.0,14
2026-10-06 10:26:00-04:00,71260.0,71260.0,71265.0,71250.0,71250.0,47
2026-10-06 10:27:00-04:00,71235.0,71235.0,71270.0,71225.0,71255.0,29
2026-10-06 10:28:00-04:00,71220.0,71220.0,71250.0,71210.0,71245.0,13
2026-10-06 10:29:00-04:00,71215.0,71215.0,71235.0,71210.0,71210.0,21
2026-10-06 10:30:00-04:00,71185.0,71185.0,71220.0,71155.0,71220.0,52
2026-10-06 10:31:00-04:00,71205.0,71205.0,71240.0,71185.0,71185.0,140
2026-10-06 10:32:00-04:00,71185.0,71185.0,71210.0,71175.0,71195.0,140
2026-10-06 10:33:00-04:00,71180.0,71180.0,71190.0,71120.0,71185.0,179
2026-10-06 10:34:00-04:00,71200.0,71200.0,71210.0,71175.0,71175.0,16
2026-10-06 10:35:00-04:00,71190.0,71190.0,71190.0,71185.0,71185.0,13
2026-10-06 10:36:00-04:00,71185.0,71185.0,71210.0,71185.0,71205.0,16
2026-10-06 10:37:00-04:00,71180.0,71180.0,71215.0,71180.0,71190.0,35
2026-10-06 10:38:00-04:00,71175.0,71175.0,71180.0,71145.0,71175.0,20
2026-10-06 10:39:00-04:00,71190.0,71190.0,71190.0,71175.0,71175.0,17
2026-10-06 10:40:00-04:00,71180.0,71180.0,71205.0,71180.0,71205.0,4
2026-10-06 10:41:00-04:00,71220.0,71220.0,71220.0,71180.0,71180.0,12
2026-10-06 10:42:00-04:00,71230.0,71230.0,71230.0,71210.0,71220.0,19
2026-10-06 10:43:00-04:00,71200.0,71200.0,71220.0,71190.0,71220.0,60
2026-10-06 10:44:00-04:00,71190.0,71190.0,71195.0,71170.0,71190.0,19
2026-10-06 10:45:00-04:00,71185.0,71185.0,71185.0,71185.0,71185.0,2
2026-10-06 10:46:00-04:00,71185.0,71185.0,71190.0,71180.0,71180.0,5
2026-10-06 10:47:00-04:00,71225.0,71225.0,71225.0,71205.0,71205.0,9
2026-10-06 10:48:00-04:00,71205.0,71205.0,71210.0,71200.0,71210.0,6
2026-10-06 10:49:00-04:00,71230.0,71230.0,71230.0,71215.0,71220.0,6
2026-10-06 10:50:00-04:00,71250.0,71250.0,71250.0,71210.0,71210.0,8
2026-10-06 10:51:00-04:00,71270.0,71270.0,71270.0,71260.0,71260.0,6
2026-10-06 10:52:00-04:00,71260.0,71260.0,71285.0,71260.0,71285.0,8
2026-10-06 10:53:00-04:00,71275.0,71275.0,71275.0,71265.0,71265.0,3
2026-10-06 10:54:00-04:00,71280.0,71280.0,71300.0,71270.0,71300.0,11
2026-10-06 10:55:00-04:00,71260.0,71260.0,71260.0,71255.0,71260.0,4
2026-10-06 10:56:00-04:00,71240.0,71240.0,71255.0,71240.0,71245.0,5
2026-10-06 10:57:00-04:00,71235.0,71235.0,71235.0,71235.0,71235.0,2
2026-10-06 10:58:00-04:00,71260.0,71260.0,71260.0,71235.0,71235.0,7
2026-10-06 10:59:00-04:00,71260.0,71260.0,71275.0,71260.0,71275.0,5
2026-10-06 11:00:00-04:00,71285.0,71285.0,71285.0,71260.0,71260.0,15
2026-10-06 11:01:00-04:00,71260.0,71260.0,71260.0,71255.0,71255.0,6
2026-10-06 11:02:00-04:00,71260.0,71260.0,71275.0,71230.0,71265.0,54
2026-10-06 11:03:00-04:00,71280.0,71280.0,71280.0,71275.0,71275.0,8
2026-10-06 11:04:00-04:00,71285.0,71285.0,71285.0,71285.0,71285.0,12
2026-10-06 11:05:00-04:00,71275.0,71275.0,71280.0,71275.0,71275.0,15
2026-10-06 11:06:00-04:00,71300.0,71300.0,71300.0,71285.0,71285.0,8
2026-10-06 11:07:00-04:00,71290.0,71290.0,71305.0,71290.0,71305.0,10
2026-10-06 11:08:00-04:00,71295.0,71295.0,71305.0,71295.0,71295.0,5
2026-10-06 11:09:00-04:00,71295.0,71295.0,71295.0,71295.0,71295.0,1
2026-10-06 11:10:00-04:00,71300.0,71300.0,71300.0,71285.0,71285.0,7
2026-10-06 11:11:00-04:00,71300.0,71300.0,71300.0,71285.0,71300.0,39
2026-10-06 11:12:00-04:00,71285.0,71285.0,71295.0,71285.0,71295.0,4
2026-10-06 11:13:00-04:00,71305.0,71305.0,71305.0,71285.0,71285.0,12
2026-10-06 11:14:00-04:00,71315.0,71315.0,71315.0,71310.0,71310.0,6
2026-10-06 11:15:00-04:00,71305.0,71305.0,71305.0,71295.0,71300.0,9
2026-10-06 11:16:00-04:00,71295.0,71295.0,71300.0,71290.0,71300.0,5
2026-10-06 11:17:00-04:00,71275.0,71275.0,71290.0,71275.0,71285.0,12
2026-10-06 11:18:00-04:00,71300.0,71300.0,71300.0,71275.0,71285.0,37
2026-10-06 11:19:00-04:00,71300.0,71300.0,71300.0,71285.0,71295.0,38
2026-10-06 11:20:00-04:00,71315.0,71315.0,71315.0,71290.0,71305.0,17
2026-10-06 11:21:00-04:00,71315.0,71315.0,71325.0,71315.0,71325.0,7
2026-10-06 11:22:00-04:00,71290.0,71290.0,71315.0,71290.0,71305.0,16
2026-10-06 11:23:00-04:00,71225.0,71225.0,71265.0,71225.0,71260.0,7
2026-10-06 11:24:00-04:00,71235.0,71235.0,71235.0,71225.0,71225.0,6
2026-10-06 11:25:00-04:00,71220.0,71220.0,71230.0,71220.0,71230.0,8
2026-10-06 11:26:00-04:00,71225.0,71225.0,71225.0,71205.0,71205.0,11
2026-10-06 11:27:00-04:00,71245.0,71245.0,71245.0,71215.0,71220.0,63
2026-10-06 11:28:00-04:00,71245.0,71245.0,71245.0,71235.0,71240.0,18
2026-10-06 11:29:00-04:00,71235.0,71235.0,71245.0,71230.0,71245.0,8
2026-10-06 11:30:00-04:00,71245.0,71245.0,71265.0,71235.0,71235.0,25
2026-10-06 11:31:00-04:00,71235.0,71235.0,71245.0,71230.0,71240.0,22
2026-10-06 11:32:00-04:00,71205.0,71205.0,71240.0,71205.0,71240.0,15
2026-10-06 11:33:00-04:00,71180.0,71180.0,71210.0,71180.0,71210.0,12
2026-10-06 11:34:00-04:00,71180.0,71180.0,71200.0,71180.0,71180.0,27
2026-10-06 11:35:00-04:00,71200.0,71200.0,71200.0,71185.0,71190.0,12
2026-10-06 11:36:00-04:00,71210.0,71210.0,71230.0,71205.0,71210.0,58
2026-10-06 11:37:00-04:00,71205.0,71205.0,71225.0,71205.0,71220.0,79
2026-10-06 11:38:00-04:00,71195.0,71195.0,71200.0,71185.0,71200.0,16
2026-10-06 11:39:00-04:00,71200.0,71200.0,71200.0,71195.0,71195.0,2
2026-10-06 11:40:00-04:00,71190.0,71190.0,71190.0,71180.0,71190.0,41
2026-10-06 11:41:00-04:00,71190.0,71190.0,71200.0,71190.0,71200.0,7
2026-10-06 11:42:00-04:00,71185.0,71185.0,71190.0,71185.0,71185.0,3
2026-10-06 11:43:00-04:00,71210.0,71210.0,71215.0,71190.0,71190.0,5
2026-10-06 11:44:00-04:00,71200.0,71200.0,71200.0,71200.0,71200.0,5
2026-10-06 11:45:00-04:00,71200.0,71200.0,71210.0,71200.0,71205.0,11
2026-10-06 11:46:00-04:00,71225.0,71225.0,71225.0,71215.0,71215.0,10
2026-10-06 11:47:00-04:00,71245.0,71245.0,71245.0,71235.0,71240.0,10
2026-10-06 11:48:00-04:00,71245.0,71245.0,71245.0,71240.0,71240.0,5
2026-10-06 11:49:00-04:00,71235.0,71235.0,71235.0,71235.0,71235.0,3
2026-10-06 11:51:00-04:00,71240.0,71240.0,71240.0,71235.0,71235.0,2
2026-10-06 11:52:00-04:00,71235.0,71235.0,71235.0,71230.0,71230.0,4
2026-10-06 11:53:00-04:00,71250.0,71250.0,71250.0,71245.0,71250.0,11
2026-10-06 11:54:00-04:00,71240.0,71240.0,71240.0,71240.0,71240.0,1
2026-10-06 11:55:00-04:00,71235.0,71235.0,71235.0,71230.0,71230.0,4
2026-10-06 11:56:00-04:00,71220.0,71220.0,71220.0,71210.0,71220.0,8
2026-10-06 11:57:00-04:00,71225.0,71225.0,71225.0,71210.0,71215.0,15
2026-10-06 11:58:00-04:00,71225.0,71225.0,71230.0,71215.0,71220.0,21
2026-10-06 11:59:00-04:00,71210.0,71210.0,71235.0,71210.0,71230.0,23
2026-10-06 12:00:00-04:00,71195.0,71195.0,71220.0,71195.0,71205.0,16
2026-10-06 12:01:00-04:00,71170.0,71170.0,71190.0,71170.0,71190.0,10
2026-10-06 12:02:00-04:00,71160.0,71160.0,71175.0,71160.0,71170.0,9
2026-10-06 12:03:00-04:00,71150.0,71150.0,71165.0,71150.0,71165.0,11
2026-10-06 12:04:00-04:00,71155.0,71155.0,71155.0,71150.0,71150.0,10
2026-10-06 12:05:00-04:00,71155.0,71155.0,71160.0,71155.0,71155.0,5
2026-10-06 12:06:00-04:00,71155.0,71155.0,71160.0,71150.0,71160.0,9
2026-10-06 12:07:00-04:00,71155.0,71155.0,71160.0,71155.0,71160.0,3
2026-10-06 12:08:00-04:00,71130.0,71130.0,71155.0,71125.0,71155.0,8
2026-10-06 12:09:00-04:00,71135.0,71135.0,71135.0,71115.0,71125.0,31
2026-10-06 12:10:00-04:00,71140.0,71140.0,71140.0,71125.0,71130.0,31
2026-10-06 12:11:00-04:00,71140.0,71140.0,71140.0,71130.0,71135.0,23
2026-10-06 12:12:00-04:00,71135.0,71135.0,71140.0,71130.0,71140.0,6
2026-10-06 12:13:00-04:00,71130.0,71130.0,71140.0,71130.0,71140.0,2
2026-10-06 12:14:00-04:00,71135.0,71135.0,71150.0,71135.0,71145.0,14
2026-10-06 12:15:00-04:00,71120.0,71120.0,71135.0,71120.0,71130.0,11
2026-10-06 12:16:00-04:00,71105.0,71105.0,71140.0,71105.0,71140.0,15
2026-10-06 12:17:00-04:00,71110.0,71110.0,71115.0,71105.0,71110.0,25
2026-10-06 12:18:00-04:00,71110.0,71110.0,71110.0,71105.0,71110.0,13
2026-10-06 12:19:00-04:00,71090.0,71090.0,71105.0,71090.0,71105.0,12
2026-10-06 12:20:00-04:00,71105.0,71105.0,71105.0,71095.0,71095.0,9
2026-10-06 12:21:00-04:00,71105.0,71105.0,71115.0,71105.0,71110.0,10
2026-10-06 12:23:00-04:00,71105.0,71105.0,71110.0,71105.0,71110.0,2
2026-10-06 12:24:00-04:00,71110.0,71110.0,71115.0,71105.0,71105.0,5
2026-10-06 12:25:00-04:00,71110.0,71110.0,71110.0,71095.0,71100.0,6
2026-10-06 12:26:00-04:00,71095.0,71095.0,71100.0,71095.0,71100.0,7
2026-10-06 12:27:00-04:00,71095.0,71095.0,71105.0,71090.0,71100.0,15
2026-10-06 12:28:00-04:00,71085.0,71085.0,71095.0,71080.0,71090.0,10
2026-10-06 12:29:00-04:00,71085.0,71085.0,71095.0,71080.0,71090.0,10
2026-10-06 12:30:00-04:00,71085.0,71085.0,71090.0,71080.0,71090.0,31
2026-10-06 12:31:00-04:00,71100.0,71100.0,71100.0,71095.0,71095.0,3
2026-10-06 12:32:00-04:00,71120.0,71120.0,71120.0,71110.0,71110.0,5
2026-10-06 12:33:00-04:00,71120.0,71120.0,71120.0,71105.0,71105.0,6
2026-10-06 12:34:00-04:00,71110.0,71110.0,71115.0,71110.0,71115.0,3
2026-10-06 12:35:00-04:00,71115.0,71115.0,71115.0,71115.0,71115.0,3
2026-10-06 12:36:00-04:00,71095.0,71095.0,71110.0,71095.0,71110.0,6
2026-10-06 12:37:00-04:00,71075.0,71075.0,71075.0,71075.0,71075.0,1
2026-10-06 12:38:00-04:00,71090.0,71090.0,71090.0,71070.0,71075.0,12
2026-10-06 12:39:00-04:00,71085.0,71085.0,71085.0,71085.0,71085.0,3
2026-10-06 12:40:00-04:00,71090.0,71090.0,71090.0,71085.0,71085.0,2
2026-10-06 12:41:00-04:00,71090.0,71090.0,71095.0,71085.0,71095.0,3
2026-10-06 12:42:00-04:00,71075.0,71075.0,71085.0,71075.0,71085.0,2
2026-10-06 12:44:00-04:00,71095.0,71095.0,71100.0,71085.0,71085.0,10
2026-10-06 12:45:00-04:00,71095.0,71095.0,71095.0,71090.0,71090.0,2
2026-10-06 12:46:00-04:00,71095.0,71095.0,71095.0,71090.0,71090.0,3
2026-10-06 12:47:00-04:00,71075.0,71075.0,71085.0,71075.0,71085.0,5
2026-10-06 12:48:00-04:00,71045.0,71045.0,71075.0,71045.0,71075.0,28
2026-10-06 12:49:00-04:00,71085.0,71085.0,71085.0,71050.0,71050.0,9
2026-10-06 12:50:00-04:00,71080.0,71080.0,71090.0,71080.0,71090.0,3
2026-10-06 12:51:00-04:00,71080.0,71080.0,71080.0,71075.0,71075.0,4
2026-10-06 12:52:00-04:00,71100.0,71100.0,71100.0,71085.0,71085.0,3
2026-10-06 12:53:00-04:00,71095.0,71095.0,71100.0,71095.0,71095.0,6
2026-10-06 12:54:00-04:00,71075.0,71075.0,71080.0,71070.0,71080.0,11
2026-10-06 12:55:00-04:00,71075.0,71075.0,71075.0,71050.0,71065.0,34
2026-10-06 12:57:00-04:00,71085.0,71085.0,71085.0,71085.0,71085.0,2
2026-10-06 12:59:00-04:00,71090.0,71090.0,71090.0,71085.0,71085.0,2
2026-10-06 13:00:00-04:00,71080.0,71080.0,71090.0,71080.0,71085.0,8
2026-10-06 13:02:00-04:00,71035.0,71035.0,71040.0,71030.0,71040.0,8
2026-10-06 13:03:00-04:00,71035.0,71035.0,71035.0,71030.0,71030.0,2
2026-10-06 13:04:00-04:00,71055.0,71055.0,71055.0,71045.0,71045.0,4
2026-10-06 13:05:00-04:00,71065.0,71065.0,71065.0,71055.0,71060.0,12
2026-10-06 13:06:00-04:00,71060.0,71060.0,71065.0,71060.0,71060.0,4
2026-10-06 13:07:00-04:00,71075.0,71075.0,71075.0,71070.0,71070.0,4
2026-10-06 13:08:00-04:00,71075.0,71075.0,71080.0,71070.0,71075.0,4
2026-10-06 13:09:00-04:00,71075.0,71075.0,71085.0,71065.0,71065.0,13
2026-10-06 13:10:00-04:00,71065.0,71065.0,71070.0,71065.0,71070.0,2
2026-10-06 13:11:00-04:00,71065.0,71065.0,71065.0,71065.0,71065.0,4
2026-10-06 13:12:00-04:00,71040.0,71040.0,71040.0,71035.0,71035.0,3
2026-10-06 13:13:00-04:00,71035.0,71035.0,71040.0,71030.0,71040.0,5
2026-10-06 13:14:00-04:00,71040.0,71040.0,71040.0,71035.0,71035.0,2
2026-10-06 13:15:00-04:00,71050.0,71050.0,71050.0,71050.0,71050.0,1
2026-10-06 13:16:00-04:00,71050.0,71050.0,71050.0,71045.0,71045.0,7
2026-10-06 13:17:00-04:00,71055.0,71055.0,71055.0,71055.0,71055.0,1
2026-10-06 13:18:00-04:00,71030.0,71030.0,71030.0,71030.0,71030.0,1
2026-10-06 13:19:00-04:00,71030.0,71030.0,71030.0,71025.0,71030.0,11
2026-10-06 13:20:00-04:00,71025.0,71025.0,71040.0,71005.0,71025.0,25
2026-10-06 13:21:00-04:00,71025.0,71025.0,71050.0,71025.0,71050.0,6
2026-10-06 13:22:00-04:00,71035.0,71035.0,71055.0,71005.0,71050.0,42
2026-10-06 13:23:00-04:00,71025.0,71025.0,71025.0,71010.0,71020.0,14
2026-10-06 13:24:00-04:00,71055.0,71055.0,71055.0,71040.0,71040.0,4
2026-10-06 13:25:00-04:00,71065.0,71065.0,71065.0,71060.0,71060.0,4
2026-10-06 13:26:00-04:00,71080.0,71080.0,71080.0,71070.0,71070.0,12
2026-10-06 13:27:00-04:00,71085.0,71085.0,71085.0,71080.0,71085.0,3
2026-10-06 13:30:00-04:00,71075.0,71075.0,71080.0,71075.0,71080.0,3
2026-10-06 13:31:00-04:00,71070.0,71070.0,71075.0,71070.0,71075.0,3
2026-10-06 13:32:00-04:00,71075.0,71075.0,71080.0,71075.0,71075.0,7
2026-10-06 13:33:00-04:00,71085.0,71085.0,71085.0,71085.0,71085.0,3
2026-10-06 13:34:00-04:00,71105.0,71105.0,71105.0,71085.0,71085.0,3
2026-10-06 13:35:00-04:00,71115.0,71115.0,71115.0,71110.0,71110.0,2
2026-10-06 13:36:00-04:00,71120.0,71120.0,71120.0,71105.0,71110.0,12
2026-10-06 13:37:00-04:00,71125.0,71125.0,71125.0,71125.0,71125.0,3
2026-10-06 13:38:00-04:00,71120.0,71120.0,71120.0,71120.0,71120.0,1
2026-10-06 13:39:00-04:00,71095.0,71095.0,71100.0,71095.0,71100.0,4
2026-10-06 13:40:00-04:00,71090.0,71090.0,71090.0,71090.0,71090.0,2
2026-10-06 13:42:00-04:00,71105.0,71105.0,71110.0,71105.0,71110.0,5
2026-10-06 13:43:00-04:00,71110.0,71110.0,71110.0,71110.0,71110.0,5
2026-10-06 13:44:00-04:00,71110.0,71110.0,71115.0,71110.0,71115.0,2
2026-10-06 13:45:00-04:00,71095.0,71095.0,71105.0,71090.0,71100.0,9
2026-10-06 13:46:00-04:00,71095.0,71095.0,71095.0,71095.0,71095.0,4
2026-10-06 13:48:00-04:00,71095.0,71095.0,71095.0,71095.0,71095.0,1
2026-10-06 13:50:00-04:00,71120.0,71120.0,71125.0,71120.0,71125.0,4
2026-10-06 13:51:00-04:00,71130.0,71130.0,71130.0,71130.0,71130.0,9
2026-10-06 13:52:00-04:00,71125.0,71125.0,71140.0,71125.0,71135.0,16
2026-10-06 13:53:00-04:00,71130.0,71130.0,71130.0,71130.0,71130.0,3
2026-10-06 13:54:00-04:00,71125.0,71125.0,71125.0,71115.0,71120.0,8
2026-10-06 13:55:00-04:00,71125.0,71125.0,71125.0,71125.0,71125.0,2
2026-10-06 13:56:00-04:00,71100.0,71100.0,71110.0,71100.0,71110.0,5
2026-10-06 13:57:00-04:00,71095.0,71095.0,71095.0,71095.0,71095.0,1
2026-10-06 13:58:00-04:00,71115.0,71115.0,71115.0,71100.0,71105.0,5
2026-10-06 13:59:00-04:00,71100.0,71100.0,71110.0,71100.0,71110.0,24
2026-10-06 14:00:00-04:00,71105.0,71105.0,71110.0,71090.0,71110.0,22
2026-10-06 14:01:00-04:00,71135.0,71135.0,71135.0,71110.0,71110.0,7
2026-10-06 14:02:00-04:00,71130.0,71130.0,71130.0,71125.0,71125.0,6
2026-10-06 14:03:00-04:00,71130.0,71130.0,71135.0,71125.0,71125.0,9
2026-10-06 14:04:00-04:00,71115.0,71115.0,71120.0,71115.0,71115.0,11
2026-10-06 14:05:00-04:00,71105.0,71105.0,71105.0,71105.0,71105.0,3
2026-10-06 14:06:00-04:00,71100.0,71100.0,71100.0,71090.0,71100.0,12
2026-10-06 14:07:00-04:00,71100.0,71100.0,71100.0,71100.0,71100.0,3
2026-10-06 14:08:00-04:00,71100.0,71100.0,71100.0,71100.0,71100.0,1
2026-10-06 14:10:00-04:00,71090.0,71090.0,71095.0,71085.0,71090.0,17
2026-10-06 14:11:00-04:00,71090.0,71090.0,71090.0,71090.0,71090.0,5
2026-10-06 14:12:00-04:00,71085.0,71085.0,71095.0,71085.0,71090.0,6
2026-10-06 14:13:00-04:00,71075.0,71075.0,71075.0,71070.0,71070.0,3
2026-10-06 14:14:00-04:00,71085.0,71085.0,71085.0,71080.0,71080.0,5
2026-10-06 14:15:00-04:00,71075.0,71075.0,71080.0,71075.0,71080.0,3
2026-10-06 14:16:00-04:00,71070.0,71070.0,71070.0,71070.0,71070.0,2
2026-10-06 14:17:00-04:00,71055.0,71055.0,71060.0,71055.0,71060.0,3
2026-10-06 14:18:00-04:00,71060.0,71060.0,71060.0,71060.0,71060.0,1
2026-10-06 14:19:00-04:00,71040.0,71040.0,71045.0,71040.0,71045.0,4
2026-10-06 14:20:00-04:00,71020.0,71020.0,71020.0,71015.0,71020.0,3
2026-10-06 14:22:00-04:00,71015.0,71015.0,71015.0,71010.0,71010.0,5
2026-10-06 14:23:00-04:00,71010.0,71010.0,71010.0,71010.0,71010.0,7
2026-10-06 14:24:00-04:00,71005.0,71005.0,71015.0,71000.0,71005.0,16
2026-10-06 14:25:00-04:00,70995.0,70995.0,70995.0,70990.0,70995.0,4
2026-10-06 14:26:00-04:00,70995.0,70995.0,71000.0,70995.0,71000.0,4
2026-10-06 14:27:00-04:00,71000.0,71000.0,71000.0,71000.0,71000.0,2
2026-10-06 14:28:00-04:00,70990.0,70990.0,70990.0,70990.0,70990.0,9
2026-10-06 14:29:00-04:00,70985.0,70985.0,70985.0,70985.0,70985.0,6
2026-10-06 14:30:00-04:00,70975.0,70975.0,70990.0,70975.0,70990.0,6
2026-10-06 14:31:00-04:00,70965.0,70965.0,70970.0,70955.0,70970.0,25
2026-10-06 14:32:00-04:00,70970.0,70970.0,70975.0,70970.0,70975.0,7
2026-10-06 14:33:00-04:00,70975.0,70975.0,70975.0,70975.0,70975.0,1
2026-10-06 14:34:00-04:00,70970.0,70970.0,70970.0,70970.0,70970.0,5
2026-10-06 14:35:00-04:00,70975.0,70975.0,70975.0,70975.0,70975.0,2
2026-10-06 14:36:00-04:00,70955.0,70955.0,70955.0,70945.0,70950.0,5
2026-10-06 14:37:00-04:00,70960.0,70960.0,70960.0,70960.0,70960.0,1
2026-10-06 14:38:00-04:00,70980.0,70980.0,70980.0,70970.0,70975.0,4
2026-10-06 14:39:00-04:00,70960.0,70960.0,70965.0,70960.0,70965.0,3
2026-10-06 14:40:00-04:00,70965.0,70965.0,70965.0,70965.0,70965.0,7
2026-10-06 14:41:00-04:00,70950.0,70950.0,70965.0,70950.0,70965.0,4
2026-10-06 14:42:00-04:00,70960.0,70960.0,70960.0,70950.0,70950.0,3
2026-10-06 14:43:00-04:00,70960.0,70960.0,70960.0,70960.0,70960.0,1
2026-10-06 14:44:00-04:00,70965.0,70965.0,70965.0,70965.0,70965.0,2
2026-10-06 14:45:00-04:00,70960.0,70960.0,70960.0,70960.0,70960.0,1
2026-10-06 14:46:00-04:00,70940.0,70940.0,70950.0,70940.0,70950.0,7
2026-10-06 14:47:00-04:00,70955.0,70955.0,70965.0,70950.0,70955.0,46
2026-10-06 14:48:00-04:00,70950.0,70950.0,70960.0,70950.0,70955.0,13
2026-10-06 14:49:00-04:00,70950.0,70950.0,70950.0,70945.0,70945.0,7
2026-10-06 14:50:00-04:00,70965.0,70965.0,70965.0,70960.0,70965.0,5
2026-10-06 14:51:00-04:00,70960.0,70960.0,70960.0,70960.0,70960.0,1
2026-10-06 14:53:00-04:00,70955.0,70955.0,70955.0,70955.0,70955.0,1
2026-10-06 14:54:00-04:00,70950.0,70950.0,70955.0,70950.0,70950.0,9
2026-10-06 14:55:00-04:00,70965.0,70965.0,70970.0,70950.0,70950.0,11
2026-10-06 14:56:00-04:00,70955.0,70955.0,70960.0,70950.0,70960.0,12
2026-10-06 14:57:00-04:00,70960.0,70960.0,70960.0,70955.0,70955.0,6
2026-10-06 14:58:00-04:00,70975.0,70975.0,70975.0,70965.0,70965.0,20
2026-10-06 14:59:00-04:00,70965.0,70965.0,70970.0,70965.0,70970.0,15
2026-10-06 15:00:00-04:00,70960.0,70960.0,70985.0,70960.0,70980.0,6
2026-10-06 15:01:00-04:00,70950.0,70950.0,70960.0,70950.0,70960.0,7
2026-10-06 15:02:00-04:00,70960.0,70960.0,70960.0,70955.0,70960.0,5
2026-10-06 15:03:00-04:00,70960.0,70960.0,70960.0,70960.0,70960.0,1
2026-10-06 15:04:00-04:00,70965.0,70965.0,70965.0,70960.0,70960.0,3
2026-10-06 15:06:00-04:00,70950.0,70950.0,70975.0,70950.0,70975.0,5
2026-10-06 15:07:00-04:00,70950.0,70950.0,70950.0,70950.0,70950.0,3
2026-10-06 15:08:00-04:00,70945.0,70945.0,70950.0,70940.0,70950.0,11
2026-10-06 15:09:00-04:00,70925.0,70925.0,70940.0,70925.0,70940.0,16
2026-10-06 15:10:00-04:00,70930.0,70930.0,70930.0,70930.0,70930.0,3
2026-10-06 15:11:00-04:00,70915.0,70915.0,70925.0,70915.0,70925.0,11
2026-10-06 15:12:00-04:00,70935.0,70935.0,70935.0,70925.0,70925.0,10
2026-10-06 15:13:00-04:00,70940.0,70940.0,70940.0,70930.0,70930.0,21
2026-10-06 15:14:00-04:00,70945.0,70945.0,70950.0,70945.0,70950.0,4
2026-10-06 15:15:00-04:00,70950.0,70950.0,70950.0,70945.0,70945.0,6
2026-10-06 15:16:00-04:00,70960.0,70960.0,70965.0,70960.0,70960.0,8
2026-10-06 15:17:00-04:00,70955.0,70955.0,70960.0,70955.0,70960.0,9
2026-10-06 15:18:00-04:00,70940.0,70940.0,70955.0,70935.0,70955.0,8
2026-10-06 15:19:00-04:00,70945.0,70945.0,70945.0,70940.0,70945.0,3
2026-10-06 15:20:00-04:00,70945.0,70945.0,70955.0,70945.0,70955.0,11
2026-10-06 15:21:00-04:00,70950.0,70950.0,70950.0,70945.0,70950.0,20
2026-10-06 15:22:00-04:00,70940.0,70940.0,70945.0,70940.0,70945.0,11
2026-10-06 15:23:00-04:00,70940.0,70940.0,70940.0,70935.0,70935.0,3
2026-10-06 15:24:00-04:00,70945.0,70945.0,70945.0,70945.0,70945.0,1
2026-10-06 15:25:00-04:00,70935.0,70935.0,70940.0,70935.0,70940.0,4
2026-10-06 15:26:00-04:00,70940.0,70940.0,70940.0,70925.0,70925.0,3
2026-10-06 15:27:00-04:00,70935.0,70935.0,70935.0,70935.0,70935.0,3
2026-10-06 15:28:00-04:00,70940.0,70940.0,70940.0,70940.0,70940.0,4
2026-10-06 15:29:00-04:00,70935.0,70935.0,70935.0,70930.0,70930.0,7
2026-10-06 15:30:00-04:00,70910.0,70910.0,70930.0,70905.0,70930.0,31
2026-10-06 15:31:00-04:00,70920.0,70920.0,70920.0,70910.0,70910.0,12
2026-10-06 15:32:00-04:00,70910.0,70910.0,70915.0,70910.0,70915.0,6
2026-10-06 15:33:00-04:00,70915.0,70915.0,70915.0,70910.0,70910.0,3
2026-10-06 15:34:00-04:00,70905.0,70905.0,70910.0,70905.0,70910.0,4
2026-10-06 15:35:00-04:00,70905.0,70905.0,70905.0,70900.0,70905.0,10
2026-10-06 15:36:00-04:00,70890.0,70890.0,70890.0,70885.0,70890.0,4
2026-10-06 15:37:00-04:00,70870.0,70870.0,70880.0,70865.0,70880.0,25
2026-10-06 15:38:00-04:00,70870.0,70870.0,70875.0,70870.0,70870.0,16
2026-10-06 15:39:00-04:00,70870.0,70870.0,70880.0,70870.0,70870.0,14
2026-10-06 15:40:00-04:00,70895.0,70895.0,70895.0,70865.0,70865.0,10
2026-10-06 15:41:00-04:00,70875.0,70875.0,70885.0,70875.0,70885.0,5
2026-10-06 15:42:00-04:00,70870.0,70870.0,70875.0,70870.0,70875.0,10
2026-10-06 15:43:00-04:00,70870.0,70870.0,70870.0,70865.0,70865.0,5
2026-10-06 15:44:00-04:00,70880.0,70880.0,70880.0,70870.0,70870.0,13
2026-10-06 15:45:00-04:00,70885.0,70885.0,70885.0,70885.0,70885.0,1
2026-10-06 15:46:00-04:00,70870.0,70870.0,70880.0,70870.0,70880.0,12
2026-10-06 15:47:00-04:00,70895.0,70895.0,70895.0,70875.0,70875.0,12
2026-10-06 15:48:00-04:00,70895.0,70895.0,70895.0,70890.0,70895.0,4
2026-10-06 15:49:00-04:00,70885.0,70885.0,70890.0,70885.0,70890.0,4
2026-10-06 15:50:00-04:00,70895.0,70895.0,70910.0,70875.0,70880.0,45
2026-10-06 15:51:00-04:00,70900.0,70900.0,70900.0,70890.0,70890.0,2
2026-10-06 15:52:00-04:00,70885.0,70885.0,70895.0,70885.0,70895.0,7
2026-10-06 15:53:00-04:00,70880.0,70880.0,70880.0,70870.0,70880.0,8
2026-10-06 15:54:00-04:00,70860.0,70860.0,70875.0,70860.0,70865.0,33
2026-10-06 15:55:00-04:00,70875.0,70875.0,70880.0,70860.0,70860.0,58
2026-10-06 15:56:00-04:00,70875.0,70875.0,70890.0,70875.0,70885.0,19
2026-10-06 15:57:00-04:00,70875.0,70875.0,70875.0,70870.0,70870.0,7
2026-10-06 15:58:00-04:00,70885.0,70885.0,70895.0,70865.0,70865.0,53
2026-10-06 15:59:00-04:00,70875.0,70875.0,70885.0,70865.0,70880.0,98
2026-10-06 16:00:00-04:00,70875.0,70875.0,70880.0,70870.0,70870.0,18
2026-10-06 16:01:00-04:00,70885.0,70885.0,70885.0,70880.0,70880.0,6
2026-10-06 16:02:00-04:00,70880.0,70880.0,70880.0,70880.0,70880.0,5
2026-10-06 16:03:00-04:00,70890.0,70890.0,70895.0,70885.0,70885.0,12
2026-10-06 16:04:00-04:00,70895.0,70895.0,70895.0,70895.0,70895.0,2
2026-10-06 16:05:00-04:00,70895.0,70895.0,70895.0,70895.0,70895.0,1
2026-10-06 16:07:00-04:00,70910.0,70910.0,70910.0,70910.0,70910.0,4
2026-10-06 16:08:00-04:00,70905.0,70905.0,70910.0,70905.0,70910.0,2
2026-10-06 16:09:00-04:00,70905.0,70905.0,70905.0,70895.0,70895.0,4
2026-10-06 16:11:00-04:00,70890.0,70890.0,70890.0,70885.0,70890.0,8
2026-10-06 16:13:00-04:00,70890.0,70890.0,70890.0,70885.0,70885.0,6
2026-10-06 16:14:00-04:00,70890.0,70890.0,70890.0,70890.0,70890.0,1
2026-10-06 16:15:00-04:00,70885.0,70885.0,70885.0,70880.0,70885.0,17
2026-10-06 16:16:00-04:00,70880.0,70880.0,70880.0,70880.0,70880.0,3
2026-10-06 16:17:00-04:00,70885.0,70885.0,70885.0,70885.0,70885.0,4
2026-10-06 16:20:00-04:00,70905.0,70905.0,70905.0,70905.0,70905.0,1
2026-10-06 16:21:00-04:00,70905.0,70905.0,70910.0,70905.0,70910.0,5
2026-10-06 16:22:00-04:00,70910.0,70910.0,70910.0,70910.0,70910.0,6
2026-10-06 16:23:00-04:00,70925.0,70925.0,70930.0,70925.0,70930.0,2
2026-10-06 16:25:00-04:00,70920.0,70920.0,70925.0,70920.0,70925.0,2
2026-10-06 16:28:00-04:00,70905.0,70905.0,70905.0,70905.0,70905.0,2
2026-10-06 16:29:00-04:00,70915.0,70915.0,70915.0,70915.0,70915.0,2
2026-10-06 16:33:00-04:00,70910.0,70910.0,70910.0,70910.0,70910.0,1
2026-10-06 16:34:00-04:00,70910.0,70910.0,70915.0,70910.0,70915.0,2
2026-10-06 16:36:00-04:00,70920.0,70920.0,70920.0,70920.0,70920.0,1
2026-10-06 16:38:00-04:00,70925.0,70925.0,70925.0,70925.0,70925.0,3
2026-10-06 16:39:00-04:00,70925.0,70925.0,70925.0,70920.0,70920.0,2
2026-10-06 16:40:00-04:00,70920.0,70920.0,70920.0,70920.0,70920.0,4
2026-10-06 16:41:00-04:00,70925.0,70925.0,70930.0,70925.0,70930.0,3
2026-10-06 16:42:00-04:00,70925.0,70925.0,70930.0,70925.0,70930.0,6
2026-10-06 16:43:00-04:00,70930.0,70930.0,70930.0,70925.0,70925.0,3
2026-10-06 16:46:00-04:00,70930.0,70930.0,70930.0,70930.0,70930.0,2
2026-10-06 16:47:00-04:00,70935.0,70935.0,70935.0,70935.0,70935.0,2
2026-10-06 16:49:00-04:00,70945.0,70945.0,70945.0,70945.0,70945.0,4
2026-10-06 16:50:00-04:00,70955.0,70955.0,70955.0,70950.0,70950.0,2
2026-10-06 16:52:00-04:00,70970.0,70970.0,70970.0,70970.0,70970.0,1
2026-10-06 16:54:00-04:00,70965.0,70965.0,70965.0,70965.0,70965.0,2
2026-10-06 16:55:00-04:00,70995.0,70995.0,70995.0,70960.0,70960.0,47
2026-10-06 16:56:00-04:00,70995.0,70995.0,71005.0,70995.0,70995.0,7
2026-10-06 16:57:00-04:00,71015.0,71015.0,71015.0,71000.0,71000.0,5
2026-10-06 16:58:00-04:00,71015.0,71015.0,71015.0,71015.0,71015.0,1
2026-10-06 16:59:00-04:00,71030.0,71030.0,71030.0,71020.0,71020.0,14
2026-10-06 18:00:00-04:00,70950.0,70950.0,70955.0,70950.0,70955.0,0
2026-10-06 18:01:00-04:00,70990.0,70990.0,70990.0,70990.0,70990.0,1
2026-10-06 18:02:00-04:00,71030.0,71030.0,71030.0,71030.0,71030.0,1
2026-10-06 18:08:00-04:00,71050.0,71050.0,71050.0,71040.0,71040.0,4
2026-10-06 18:09:00-04:00,71050.0,71050.0,71050.0,71050.0,71050.0,5
2026-10-06 18:11:00-04:00,71070.0,71070.0,71070.0,71070.0,71070.0,1
2026-10-06 18:14:00-04:00,71035.0,71035.0,71055.0,71035.0,71055.0,4
2026-10-06 18:16:00-04:00,71015.0,71015.0,71025.0,71015.0,71025.0,2
2026-10-06 18:18:00-04:00,71025.0,71025.0,71025.0,71025.0,71025.0,2
2026-10-06 18:20:00-04:00,71005.0,71005.0,71005.0,71005.0,71005.0,1
2026-10-06 18:21:00-04:00,71030.0,71030.0,71030.0,71025.0,71025.0,2
2026-10-06 18:23:00-04:00,71005.0,71005.0,71030.0,71005.0,71030.0,3
2026-10-06 18:25:00-04:00,71020.0,71020.0,71020.0,71020.0,71020.0,2
2026-10-06 18:26:00-04:00,71025.0,71025.0,71025.0,71020.0,71020.0,7
2026-10-06 18:27:00-04:00,71010.0,71010.0,71020.0,71010.0,71020.0,7
2026-10-06 18:28:00-04:00,70995.0,70995.0,71005.0,70995.0,71005.0,2
2026-10-06 18:29:00-04:00,70995.0,70995.0,70995.0,70995.0,70995.0,2
2026-10-06 18:31:00-04:00,70980.0,70980.0,70980.0,70980.0,70980.0,1
2026-10-06 18:36:00-04:00,70985.0,70985.0,70985.0,70985.0,70985.0,1
2026-10-06 18:37:00-04:00,71010.0,71010.0,71010.0,70995.0,70995.0,6
2026-10-06 18:38:00-04:00,70995.0,70995.0,70995.0,70995.0,70995.0,2
2026-10-06 18:39:00-04:00,71005.0,71005.0,71005.0,71005.0,71005.0,2
2026-10-06 18:41:00-04:00,71010.0,71010.0,71010.0,71010.0,71010.0,2
2026-10-06 18:42:00-04:00,71015.0,71015.0,71015.0,71010.0,71010.0,2
2026-10-06 18:44:00-04:00,71025.0,71025.0,71025.0,71020.0,71020.0,2
2026-10-06 18:47:00-04:00,70985.0,70985.0,70985.0,70985.0,70985.0,3
2026-10-06 18:48:00-04:00,70965.0,70965.0,70980.0,70965.0,70980.0,3
2026-10-06 18:49:00-04:00,70980.0,70980.0,70980.0,70980.0,70980.0,2
2026-10-06 18:50:00-04:00,71000.0,71000.0,71000.0,70995.0,70995.0,4
2026-10-06 18:51:00-04:00,71000.0,71000.0,71000.0,70995.0,70995.0,2
2026-10-06 18:56:00-04:00,70990.0,70990.0,70995.0,70990.0,70995.0,5
2026-10-06 19:01:00-04:00,71000.0,71000.0,71000.0,70990.0,70990.0,2
2026-10-06 19:03:00-04:00,71020.0,71020.0,71020.0,71005.0,71005.0,2
2026-10-06 19:10:00-04:00,71000.0,71000.0,71000.0,70995.0,71000.0,7
2026-10-06 19:15:00-04:00,70995.0,70995.0,71010.0,70995.0,71010.0,12
2026-10-06 19:16:00-04:00,71005.0,71005.0,71010.0,70990.0,71010.0,7
2026-10-06 19:18:00-04:00,70980.0,70980.0,71005.0,70980.0,71005.0,20
2026-10-06 19:19:00-04:00,70990.0,70990.0,70995.0,70985.0,70990.0,6
2026-10-06 19:20:00-04:00,70970.0,70970.0,70990.0,70970.0,70990.0,4
2026-10-06 19:21:00-04:00,70975.0,70975.0,70975.0,70970.0,70970.0,2
2026-10-06 19:24:00-04:00,70980.0,70980.0,70980.0,70975.0,70975.0,8
2026-10-06 19:26:00-04:00,70995.0,70995.0,70995.0,70985.0,70985.0,4
2026-10-06 19:27:00-04:00,70965.0,70965.0,71000.0,70965.0,71000.0,11
2026-10-06 19:28:00-04:00,70960.0,70960.0,70965.0,70955.0,70955.0,6
2026-10-06 19:30:00-04:00,70960.0,70960.0,70985.0,70960.0,70985.0,9
2026-10-06 19:33:00-04:00,70920.0,70920.0,70935.0,70920.0,70935.0,9
2026-10-06 19:34:00-04:00,70900.0,70900.0,70915.0,70900.0,70915.0,15
2026-10-06 19:35:00-04:00,70905.0,70905.0,70910.0,70905.0,70910.0,8
2026-10-06 19:36:00-04:00,70930.0,70930.0,70930.0,70905.0,70905.0,6
2026-10-06 19:37:00-04:00,70920.0,70920.0,70930.0,70910.0,70925.0,13
2026-10-06 19:39:00-04:00,70930.0,70930.0,70935.0,70915.0,70915.0,5
2026-10-06 19:40:00-04:00,70910.0,70910.0,70935.0,70910.0,70925.0,16
2026-10-06 19:41:00-04:00,70920.0,70920.0,70920.0,70915.0,70915.0,2
2026-10-06 19:42:00-04:00,70915.0,70915.0,70915.0,70915.0,70915.0,5
2026-10-06 19:43:00-04:00,70885.0,70885.0,70930.0,70885.0,70925.0,40
2026-10-06 19:44:00-04:00,70885.0,70885.0,70890.0,70880.0,70890.0,14
2026-10-06 19:45:00-04:00,70910.0,70910.0,71000.0,70895.0,70910.0,178
2026-10-06 19:46:00-04:00,70930.0,70930.0,70950.0,70900.0,70900.0,98
2026-10-06 19:47:00-04:00,70920.0,70920.0,70940.0,70895.0,70915.0,24
2026-10-06 19:48:00-04:00,70900.0,70900.0,70910.0,70880.0,70910.0,22
2026-10-06 19:49:00-04:00,70930.0,70930.0,70930.0,70895.0,70895.0,25
2026-10-06 19:50:00-04:00,70940.0,70940.0,70940.0,70915.0,70915.0,15
2026-10-06 19:51:00-04:00,70920.0,70920.0,70930.0,70920.0,70930.0,21
2026-10-06 19:52:00-04:00,70930.0,70930.0,70940.0,70915.0,70915.0,14
2026-10-06 19:53:00-04:00,70930.0,70930.0,70940.0,70920.0,70920.0,9
2026-10-06 19:54:00-04:00,70920.0,70920.0,70940.0,70920.0,70925.0,13
2026-10-06 19:55:00-04:00,70920.0,70920.0,70925.0,70910.0,70925.0,16
2026-10-06 19:56:00-04:00,70950.0,70950.0,70950.0,70930.0,70935.0,13
2026-10-06 19:57:00-04:00,70975.0,70975.0,70980.0,70935.0,70950.0,17
2026-10-06 19:58:00-04:00,70945.0,70945.0,70980.0,70940.0,70975.0,51
2026-10-06 19:59:00-04:00,70880.0,70880.0,70945.0,70870.0,70945.0,56
2026-10-06 20:00:00-04:00,70850.0,70850.0,70925.0,70765.0,70875.0,291
2026-10-06 20:01:00-04:00,70840.0,70840.0,70880.0,70805.0,70860.0,89
2026-10-06 20:02:00-04:00,70915.0,70915.0,70940.0,70815.0,70840.0,46
2026-10-06 20:03:00-04:00,70920.0,70920.0,70920.0,70885.0,70915.0,17
2026-10-06 20:04:00-04:00,70935.0,70935.0,70940.0,70905.0,70915.0,20
2026-10-06 20:05:00-04:00,70910.0,70910.0,70935.0,70900.0,70925.0,30
2026-10-06 20:06:00-04:00,70850.0,70850.0,70900.0,70845.0,70895.0,38
2026-10-06 20:07:00-04:00,70830.0,70830.0,70885.0,70825.0,70840.0,20
2026-10-06 20:08:00-04:00,70800.0,70800.0,70870.0,70800.0,70865.0,15
2026-10-06 20:09:00-04:00,70790.0,70790.0,70810.0,70775.0,70810.0,24
2026-10-06 20:10:00-04:00,70810.0,70810.0,70810.0,70780.0,70780.0,40
2026-10-06 20:11:00-04:00,70850.0,70850.0,70865.0,70810.0,70825.0,71
2026-10-06 20:12:00-04:00,70925.0,70925.0,70940.0,70810.0,70840.0,27
2026-10-06 20:13:00-04:00,70900.0,70900.0,70920.0,70865.0,70920.0,46
2026-10-06 20:14:00-04:00,70900.0,70900.0,70925.0,70895.0,70920.0,17
2026-10-06 20:15:00-04:00,70900.0,70900.0,70930.0,70890.0,70905.0,36
2026-10-06 20:16:00-04:00,70910.0,70910.0,70925.0,70890.0,70895.0,28
2026-10-06 20:17:00-04:00,70880.0,70880.0,70905.0,70855.0,70905.0,22
2026-10-06 20:18:00-04:00,70870.0,70870.0,70905.0,70860.0,70885.0,23
2026-10-06 20:19:00-04:00,70880.0,70880.0,70885.0,70860.0,70870.0,15
2026-10-06 20:20:00-04:00,70900.0,70900.0,70900.0,70855.0,70880.0,23
2026-10-06 20:21:00-04:00,70950.0,70950.0,70970.0,70910.0,70910.0,61
2026-10-06 20:22:00-04:00,70920.0,70920.0,70950.0,70920.0,70950.0,9
2026-10-06 20:23:00-04:00,70940.0,70940.0,70960.0,70910.0,70920.0,19
2026-10-06 20:24:00-04:00,70940.0,70940.0,70955.0,70925.0,70950.0,15
2026-10-06 20:25:00-04:00,70950.0,70950.0,70965.0,70950.0,70950.0,24
2026-10-06 20:26:00-04:00,70915.0,70915.0,70970.0,70900.0,70970.0,63
2026-10-06 20:27:00-04:00,70935.0,70935.0,70960.0,70925.0,70960.0,6
2026-10-06 20:28:00-04:00,70950.0,70950.0,70970.0,70945.0,70950.0,17
2026-10-06 20:29:00-04:00,70980.0,70980.0,70985.0,70960.0,70975.0,18
2026-10-06 20:30:00-04:00,70955.0,70955.0,70975.0,70920.0,70975.0,41
2026-10-06 20:31:00-04:00,70935.0,70935.0,70945.0,70920.0,70935.0,21
2026-10-06 20:32:00-04:00,70900.0,70900.0,70905.0,70880.0,70905.0,18
2026-10-06 20:33:00-04:00,70900.0,70900.0,70900.0,70895.0,70900.0,4
2026-10-06 20:34:00-04:00,70875.0,70875.0,70890.0,70870.0,70880.0,6
2026-10-06 20:35:00-04:00,70895.0,70895.0,70900.0,70875.0,70875.0,14
2026-10-06 20:36:00-04:00,70900.0,70900.0,70910.0,70880.0,70885.0,12
2026-10-06 20:37:00-04:00,70880.0,70880.0,70905.0,70875.0,70875.0,9
2026-10-06 20:39:00-04:00,70850.0,70850.0,70870.0,70850.0,70860.0,17
2026-10-06 20:40:00-04:00,70810.0,70810.0,70835.0,70805.0,70835.0,6
2026-10-06 20:41:00-04:00,70805.0,70805.0,70805.0,70805.0,70805.0,3
2026-10-06 20:42:00-04:00,70800.0,70800.0,70815.0,70790.0,70795.0,40
2026-10-06 20:43:00-04:00,70830.0,70830.0,70830.0,70790.0,70800.0,15
2026-10-06 20:44:00-04:00,70825.0,70825.0,70825.0,70810.0,70825.0,14
2026-10-06 20:45:00-04:00,70845.0,70845.0,70860.0,70835.0,70835.0,16
2026-10-06 20:46:00-04:00,70785.0,70785.0,70840.0,70785.0,70840.0,6
2026-10-06 20:47:00-04:00,70740.0,70740.0,70790.0,70740.0,70785.0,29
2026-10-06 20:48:00-04:00,70730.0,70730.0,70740.0,70730.0,70735.0,9
2026-10-06 20:49:00-04:00,70710.0,70710.0,70725.0,70695.0,70720.0,18
2026-10-06 20:50:00-04:00,70680.0,70680.0,70700.0,70680.0,70695.0,19
2026-10-06 20:51:00-04:00,70665.0,70665.0,70680.0,70645.0,70675.0,20
2026-10-06 20:52:00-04:00,70685.0,70685.0,70685.0,70630.0,70650.0,37
2026-10-06 20:53:00-04:00,70720.0,70720.0,70725.0,70680.0,70680.0,11
2026-10-06 20:54:00-04:00,70735.0,70735.0,70735.0,70710.0,70715.0,12
2026-10-06 20:55:00-04:00,70705.0,70705.0,70710.0,70690.0,70705.0,10
2026-10-06 20:56:00-04:00,70650.0,70650.0,70705.0,70650.0,70705.0,6
2026-10-06 20:57:00-04:00,70655.0,70655.0,70655.0,70655.0,70655.0,2
2026-10-06 20:58:00-04:00,70690.0,70690.0,70705.0,70690.0,70705.0,2
2026-10-06 20:59:00-04:00,70670.0,70670.0,70690.0,70670.0,70690.0,24
2026-10-06 21:00:00-04:00,70650.0,70650.0,70685.0,70650.0,70685.0,12
2026-10-06 21:01:00-04:00,70675.0,70675.0,70690.0,70645.0,70645.0,31
2026-10-06 21:02:00-04:00,70675.0,70675.0,70695.0,70675.0,70690.0,5
2026-10-06 21:03:00-04:00,70650.0,70650.0,70665.0,70650.0,70650.0,4
2026-10-06 21:04:00-04:00,70660.0,70660.0,70660.0,70650.0,70650.0,5
2026-10-06 21:05:00-04:00,70620.0,70620.0,70655.0,70620.0,70640.0,10
2026-10-06 21:06:00-04:00,70680.0,70680.0,70680.0,70640.0,70640.0,11
2026-10-06 21:07:00-04:00,70655.0,70655.0,70680.0,70655.0,70680.0,11
2026-10-06 21:08:00-04:00,70675.0,70675.0,70685.0,70670.0,70675.0,10
2026-10-06 21:09:00-04:00,70690.0,70690.0,70690.0,70675.0,70675.0,6
2026-10-06 21:10:00-04:00,70650.0,70650.0,70680.0,70635.0,70680.0,11
2026-10-06 21:11:00-04:00,70645.0,70645.0,70660.0,70645.0,70660.0,8
2026-10-06 21:12:00-04:00,70660.0,70660.0,70660.0,70650.0,70650.0,6
2026-10-06 21:13:00-04:00,70655.0,70655.0,70665.0,70655.0,70660.0,4
2026-10-06 21:14:00-04:00,70655.0,70655.0,70660.0,70655.0,70660.0,5
2026-10-06 21:15:00-04:00,70670.0,70670.0,70675.0,70655.0,70655.0,5
2026-10-06 21:16:00-04:00,70640.0,70640.0,70640.0,70640.0,70640.0,7
2026-10-06 21:17:00-04:00,70635.0,70635.0,70635.0,70635.0,70635.0,2
2026-10-06 21:18:00-04:00,70645.0,70645.0,70655.0,70645.0,70650.0,7
2026-10-06 21:19:00-04:00,70645.0,70645.0,70645.0,70645.0,70645.0,1
2026-10-06 21:20:00-04:00,70665.0,70665.0,70695.0,70655.0,70655.0,21
2026-10-06 21:21:00-04:00,70620.0,70620.0,70640.0,70620.0,70640.0,3
2026-10-06 21:22:00-04:00,70615.0,70615.0,70625.0,70605.0,70620.0,11
2026-10-06 21:23:00-04:00,70565.0,70565.0,70610.0,70565.0,70610.0,17
2026-10-06 21:24:00-04:00,70585.0,70585.0,70585.0,70580.0,70585.0,10
2026-10-06 21:25:00-04:00,70600.0,70600.0,70600.0,70590.0,70595.0,14
2026-10-06 21:26:00-04:00,70570.0,70570.0,70595.0,70570.0,70595.0,9
2026-10-06 21:27:00-04:00,70550.0,70550.0,70560.0,70535.0,70560.0,20
2026-10-06 21:28:00-04:00,70540.0,70540.0,70550.0,70540.0,70540.0,6
2026-10-06 21:29:00-04:00,70530.0,70530.0,70530.0,70530.0,70530.0,4
2026-10-06 21:30:00-04:00,70550.0,70550.0,70555.0,70525.0,70525.0,22
2026-10-06 21:31:00-04:00,70560.0,70560.0,70570.0,70550.0,70550.0,4
2026-10-06 21:32:00-04:00,70520.0,70520.0,70550.0,70520.0,70550.0,7
2026-10-06 21:33:00-04:00,70555.0,70555.0,70560.0,70540.0,70540.0,5
2026-10-06 21:34:00-04:00,70540.0,70540.0,70550.0,70540.0,70550.0,4
2026-10-06 21:35:00-04:00,70570.0,70570.0,70570.0,70555.0,70555.0,2
2026-10-06 21:36:00-04:00,70585.0,70585.0,70590.0,70585.0,70590.0,8
2026-10-06 21:37:00-04:00,70560.0,70560.0,70585.0,70555.0,70585.0,6
2026-10-06 21:38:00-04:00,70550.0,70550.0,70555.0,70545.0,70545.0,4
2026-10-06 21:39:00-04:00,70600.0,70600.0,70600.0,70600.0,70600.0,1
2026-10-06 21:40:00-04:00,70605.0,70605.0,70620.0,70600.0,70600.0,9
2026-10-06 21:41:00-04:00,70565.0,70565.0,70575.0,70565.0,70575.0,2
2026-10-06 21:42:00-04:00,70565.0,70565.0,70565.0,70565.0,70565.0,2
2026-10-06 21:43:00-04:00,70540.0,70540.0,70540.0,70540.0,70540.0,1
2026-10-06 21:44:00-04:00,70560.0,70560.0,70580.0,70540.0,70540.0,15
2026-10-06 21:45:00-04:00,70555.0,70555.0,70590.0,70555.0,70560.0,7
2026-10-06 21:46:00-04:00,70540.0,70540.0,70540.0,70535.0,70535.0,6
2026-10-06 21:47:00-04:00,70545.0,70545.0,70545.0,70530.0,70530.0,5
2026-10-06 21:48:00-04:00,70540.0,70540.0,70555.0,70535.0,70550.0,7
2026-10-06 21:49:00-04:00,70570.0,70570.0,70590.0,70545.0,70545.0,26
2026-10-06 21:50:00-04:00,70590.0,70590.0,70590.0,70570.0,70590.0,7
2026-10-06 21:51:00-04:00,70585.0,70585.0,70585.0,70580.0,70580.0,3
2026-10-06 21:52:00-04:00,70590.0,70590.0,70590.0,70590.0,70590.0,1
2026-10-06 21:53:00-04:00,70585.0,70585.0,70600.0,70585.0,70600.0,5
2026-10-06 21:54:00-04:00,70580.0,70580.0,70580.0,70580.0,70580.0,2
2026-10-06 21:55:00-04:00,70555.0,70555.0,70555.0,70555.0,70555.0,1
2026-10-06 21:56:00-04:00,70560.0,70560.0,70570.0,70560.0,70565.0,4
2026-10-06 21:57:00-04:00,70570.0,70570.0,70570.0,70560.0,70560.0,2
2026-10-06 21:58:00-04:00,70540.0,70540.0,70540.0,70540.0,70540.0,2
2026-10-06 21:59:00-04:00,70515.0,70515.0,70525.0,70515.0,70525.0,6
2026-10-06 22:00:00-04:00,70495.0,70495.0,70530.0,70495.0,70505.0,11
2026-10-06 22:01:00-04:00,70470.0,70470.0,70500.0,70470.0,70495.0,9
2026-10-06 22:02:00-04:00,70430.0,70430.0,70470.0,70430.0,70460.0,31
2026-10-06 22:03:00-04:00,70380.0,70380.0,70440.0,70380.0,70430.0,19
2026-10-06 22:04:00-04:00,70360.0,70360.0,70385.0,70355.0,70370.0,31
2026-10-06 22:05:00-04:00,70370.0,70370.0,70370.0,70345.0,70355.0,27
2026-10-06 22:06:00-04:00,70340.0,70340.0,70370.0,70335.0,70370.0,17
2026-10-06 22:07:00-04:00,70315.0,70315.0,70330.0,70305.0,70330.0,20
2026-10-06 22:08:00-04:00,70305.0,70305.0,70325.0,70295.0,70320.0,41
2026-10-06 22:09:00-04:00,70260.0,70260.0,70305.0,70260.0,70305.0,15
2026-10-06 22:10:00-04:00,70305.0,70305.0,70320.0,70255.0,70255.0,44
2026-10-06 22:11:00-04:00,70370.0,70370.0,70380.0,70305.0,70305.0,41
2026-10-06 22:12:00-04:00,70360.0,70360.0,70370.0,70360.0,70360.0,7
2026-10-06 22:13:00-04:00,70380.0,70380.0,70385.0,70345.0,70375.0,21
2026-10-06 22:14:00-04:00,70320.0,70320.0,70365.0,70320.0,70360.0,7
2026-10-06 22:15:00-04:00,70320.0,70320.0,70320.0,70315.0,70315.0,8
2026-10-06 22:16:00-04:00,70305.0,70305.0,70305.0,70290.0,70300.0,12
2026-10-06 22:17:00-04:00,70290.0,70290.0,70290.0,70270.0,70290.0,10
2026-10-06 22:18:00-04:00,70310.0,70310.0,70315.0,70310.0,70315.0,3
2026-10-06 22:19:00-04:00,70310.0,70310.0,70330.0,70310.0,70330.0,11
2026-10-06 22:20:00-04:00,70290.0,70290.0,70325.0,70285.0,70315.0,16
2026-10-06 22:21:00-04:00,70260.0,70260.0,70305.0,70260.0,70290.0,3
2026-10-06 22:22:00-04:00,70250.0,70250.0,70260.0,70250.0,70260.0,7
2026-10-06 22:23:00-04:00,70225.0,70225.0,70240.0,70225.0,70240.0,5
2026-10-06 22:24:00-04:00,70220.0,70220.0,70220.0,70205.0,70215.0,13
2026-10-06 22:25:00-04:00,70240.0,70240.0,70240.0,70220.0,70220.0,4
2026-10-06 22:26:00-04:00,70235.0,70235.0,70245.0,70235.0,70245.0,3
2026-10-06 22:27:00-04:00,70265.0,70265.0,70270.0,70240.0,70240.0,12
2026-10-06 22:28:00-04:00,70270.0,70270.0,70275.0,70260.0,70270.0,14
2026-10-06 22:29:00-04:00,70260.0,70260.0,70285.0,70255.0,70265.0,17
2026-10-06 22:30:00-04:00,70260.0,70260.0,70290.0,70245.0,70270.0,18
2026-10-06 22:31:00-04:00,70270.0,70270.0,70280.0,70260.0,70260.0,20
2026-10-06 22:32:00-04:00,70275.0,70275.0,70290.0,70275.0,70290.0,7
2026-10-06 22:33:00-04:00,70305.0,70305.0,70305.0,70295.0,70295.0,4
2026-10-06 22:34:00-04:00,70315.0,70315.0,70315.0,70290.0,70305.0,5
2026-10-06 22:35:00-04:00,70315.0,70315.0,70320.0,70315.0,70320.0,2
2026-10-06 22:36:00-04:00,70335.0,70335.0,70335.0,70320.0,70330.0,5
2026-10-06 22:37:00-04:00,70325.0,70325.0,70330.0,70315.0,70325.0,9
2026-10-06 22:38:00-04:00,70340.0,70340.0,70345.0,70335.0,70335.0,4
2026-10-06 22:40:00-04:00,70325.0,70325.0,70335.0,70325.0,70335.0,3
2026-10-06 22:41:00-04:00,70320.0,70320.0,70320.0,70320.0,70320.0,1
2026-10-06 22:42:00-04:00,70330.0,70330.0,70330.0,70330.0,70330.0,1
2026-10-06 22:45:00-04:00,70365.0,70365.0,70380.0,70360.0,70370.0,11
2026-10-06 22:47:00-04:00,70385.0,70385.0,70385.0,70375.0,70375.0,3
2026-10-06 22:49:00-04:00,70380.0,70380.0,70385.0,70380.0,70380.0,6
2026-10-06 22:50:00-04:00,70385.0,70385.0,70385.0,70385.0,70385.0,2
2026-10-06 22:51:00-04:00,70375.0,70375.0,70390.0,70375.0,70390.0,6
2026-10-06 22:52:00-04:00,70400.0,70400.0,70405.0,70395.0,70400.0,10
2026-10-06 22:53:00-04:00,70390.0,70390.0,70390.0,70390.0,70390.0,1
2026-10-06 22:54:00-04:00,70390.0,70390.0,70390.0,70390.0,70390.0,7
2026-10-06 22:55:00-04:00,70400.0,70400.0,70400.0,70395.0,70395.0,7
2026-10-06 22:56:00-04:00,70370.0,70370.0,70380.0,70370.0,70380.0,5
2026-10-06 22:57:00-04:00,70350.0,70350.0,70360.0,70350.0,70360.0,3
2026-10-06 22:58:00-04:00,70330.0,70330.0,70330.0,70330.0,70330.0,4
2026-10-06 22:59:00-04:00,70350.0,70350.0,70350.0,70340.0,70340.0,2
2026-10-06 23:00:00-04:00,70340.0,70340.0,70350.0,70335.0,70345.0,11
2026-10-06 23:01:00-04:00,70355.0,70355.0,70355.0,70355.0,70355.0,1
2026-10-06 23:04:00-04:00,70390.0,70390.0,70390.0,70390.0,70390.0,5
2026-10-06 23:05:00-04:00,70410.0,70410.0,70410.0,70385.0,70385.0,4
2026-10-06 23:06:00-04:00,70420.0,70420.0,70420.0,70420.0,70420.0,2
2026-10-06 23:07:00-04:00,70430.0,70430.0,70430.0,70430.0,70430.0,1
2026-10-06 23:08:00-04:00,70430.0,70430.0,70430.0,70420.0,70420.0,3
2026-10-06 23:09:00-04:00,70430.0,70430.0,70430.0,70430.0,70430.0,2
2026-10-06 23:12:00-04:00,70390.0,70390.0,70390.0,70390.0,70390.0,4
2026-10-06 23:14:00-04:00,70370.0,70370.0,70370.0,70370.0,70370.0,3
2026-10-06 23:15:00-04:00,70375.0,70375.0,70380.0,70375.0,70380.0,3
2026-10-06 23:17:00-04:00,70390.0,70390.0,70390.0,70390.0,70390.0,1
2026-10-06 23:19:00-04:00,70390.0,70390.0,70390.0,70390.0,70390.0,3
2026-10-06 23:20:00-04:00,70400.0,70400.0,70400.0,70400.0,70400.0,2
2026-10-06 23:21:00-04:00,70395.0,70395.0,70395.0,70395.0,70395.0,1
2026-10-06 23:22:00-04:00,70395.0,70395.0,70395.0,70395.0,70395.0,1
2026-10-06 23:24:00-04:00,70425.0,70425.0,70425.0,70410.0,70410.0,24
2026-10-06 23:25:00-04:00,70450.0,70450.0,70450.0,70425.0,70425.0,6
2026-10-06 23:28:00-04:00,70470.0,70470.0,70475.0,70470.0,70475.0,2
2026-10-06 23:29:00-04:00,70455.0,70455.0,70460.0,70455.0,70460.0,3
2026-10-06 23:30:00-04:00,70455.0,70455.0,70455.0,70410.0,70445.0,33
2026-10-06 23:31:00-04:00,70460.0,70460.0,70480.0,70460.0,70470.0,16
2026-10-06 23:32:00-04:00,70465.0,70465.0,70470.0,70450.0,70450.0,6
2026-10-06 23:33:00-04:00,70485.0,70485.0,70485.0,70485.0,70485.0,1
2026-10-06 23:34:00-04:00,70465.0,70465.0,70465.0,70460.0,70460.0,6
2026-10-06 23:35:00-04:00,70460.0,70460.0,70465.0,70445.0,70465.0,21
2026-10-06 23:36:00-04:00,70440.0,70440.0,70450.0,70435.0,70450.0,7
2026-10-06 23:37:00-04:00,70380.0,70380.0,70405.0,70380.0,70405.0,11
2026-10-06 23:38:00-04:00,70375.0,70375.0,70380.0,70375.0,70380.0,6
2026-10-06 23:40:00-04:00,70355.0,70355.0,70400.0,70355.0,70400.0,41
2026-10-06 23:41:00-04:00,70360.0,70360.0,70365.0,70350.0,70350.0,8
2026-10-06 23:42:00-04:00,70340.0,70340.0,70355.0,70340.0,70355.0,3
2026-10-06 23:44:00-04:00,70365.0,70365.0,70365.0,70360.0,70360.0,4
2026-10-06 23:45:00-04:00,70350.0,70350.0,70360.0,70350.0,70360.0,5
2026-10-06 23:46:00-04:00,70315.0,70315.0,70340.0,70315.0,70340.0,6
2026-10-06 23:47:00-04:00,70370.0,70370.0,70370.0,70325.0,70325.0,9
2026-10-06 23:48:00-04:00,70405.0,70405.0,70405.0,70370.0,70370.0,11
2026-10-06 23:49:00-04:00,70390.0,70390.0,70390.0,70390.0,70390.0,5
2026-10-06 23:52:00-04:00,70410.0,70410.0,70415.0,70410.0,70415.0,2
2026-10-06 23:53:00-04:00,70400.0,70400.0,70400.0,70395.0,70395.0,6
2026-10-06 23:54:00-04:00,70400.0,70400.0,70400.0,70400.0,70400.0,1
2026-10-06 23:55:00-04:00,70425.0,70425.0,70440.0,70425.0,70430.0,17
2026-10-06 23:56:00-04:00,70425.0,70425.0,70430.0,70425.0,70430.0,3
2026-10-06 23:57:00-04:00,70435.0,70435.0,70435.0,70435.0,70435.0,1
2026-10-07 00:09:00-04:00,70380.0,70380.0,70380.0,70360.0,70360.0,4
2026-10-07 00:14:00-04:00,70360.0,70360.0,70370.0,70360.0,70370.0,7
2026-10-07 00:15:00-04:00,70365.0,70365.0,70365.0,70365.0,70365.0,2
2026-10-07 00:16:00-04:00,70325.0,70325.0,70345.0,70325.0,70345.0,2
2026-10-07 00:17:00-04:00,70335.0,70335.0,70335.0,70320.0,70320.0,3
2026-10-07 00:18:00-04:00,70335.0,70335.0,70335.0,70335.0,70335.0,3
2026-10-07 00:19:00-04:00,70340.0,70340.0,70340.0,70340.0,70340.0,1
2026-10-07 00:20:00-04:00,70340.0,70340.0,70345.0,70340.0,70345.0,3
2026-10-07 00:21:00-04:00,70350.0,70350.0,70350.0,70350.0,70350.0,3
2026-10-07 00:22:00-04:00,70355.0,70355.0,70355.0,70355.0,70355.0,1
2026-10-07 00:23:00-04:00,70350.0,70350.0,70350.0,70350.0,70350.0,1
2026-10-07 00:25:00-04:00,70335.0,70335.0,70335.0,70315.0,70315.0,7
2026-10-07 00:27:00-04:00,70330.0,70330.0,70330.0,70330.0,70330.0,2
2026-10-07 00:28:00-04:00,70315.0,70315.0,70320.0,70315.0,70315.0,7
2026-10-07 00:29:00-04:00,70300.0,70300.0,70320.0,70300.0,70315.0,21
2026-10-07 00:30:00-04:00,70320.0,70320.0,70320.0,70300.0,70305.0,16
2026-10-07 00:31:00-04:00,70320.0,70320.0,70325.0,70320.0,70325.0,4
2026-10-07 00:32:00-04:00,70315.0,70315.0,70315.0,70300.0,70310.0,13
2026-10-07 00:34:00-04:00,70315.0,70315.0,70315.0,70315.0,70315.0,1
2026-10-07 00:37:00-04:00,70310.0,70310.0,70310.0,70310.0,70310.0,2
2026-10-07 00:38:00-04:00,70320.0,70320.0,70320.0,70315.0,70315.0,3
2026-10-07 00:39:00-04:00,70310.0,70310.0,70315.0,70310.0,70315.0,2
2026-10-07 00:40:00-04:00,70300.0,70300.0,70300.0,70300.0,70300.0,4
2026-10-07 00:41:00-04:00,70305.0,70305.0,70305.0,70305.0,70305.0,4
2026-10-07 00:42:00-04:00,70280.0,70280.0,70280.0,70280.0,70280.0,6
2026-10-07 00:43:00-04:00,70280.0,70280.0,70285.0,70280.0,70285.0,5
2026-10-07 00:44:00-04:00,70275.0,70275.0,70275.0,70275.0,70275.0,3
2026-10-07 00:45:00-04:00,70280.0,70280.0,70300.0,70270.0,70270.0,18
2026-10-07 00:46:00-04:00,70310.0,70310.0,70310.0,70280.0,70280.0,5
2026-10-07 00:47:00-04:00,70305.0,70305.0,70310.0,70305.0,70310.0,2
2026-10-07 00:48:00-04:00,70295.0,70295.0,70310.0,70295.0,70310.0,4
2026-10-07 00:49:00-04:00,70295.0,70295.0,70295.0,70285.0,70285.0,4
2026-10-07 00:50:00-04:00,70360.0,70360.0,70360.0,70325.0,70325.0,3
2026-10-07 00:51:00-04:00,70370.0,70370.0,70370.0,70365.0,70365.0,3
2026-10-07 00:52:00-04:00,70325.0,70325.0,70360.0,70325.0,70360.0,8
2026-10-07 00:53:00-04:00,70360.0,70360.0,70360.0,70330.0,70330.0,5
2026-10-07 00:54:00-04:00,70355.0,70355.0,70355.0,70355.0,70355.0,3
2026-10-07 00:58:00-04:00,70335.0,70335.0,70335.0,70335.0,70335.0,2
2026-10-07 00:59:00-04:00,70325.0,70325.0,70330.0,70325.0,70330.0,2
2026-10-07 01:00:00-04:00,70335.0,70335.0,70335.0,70335.0,70335.0,1
2026-10-07 01:01:00-04:00,70340.0,70340.0,70340.0,70340.0,70340.0,1
2026-10-07 01:02:00-04:00,70430.0,70430.0,70430.0,70390.0,70390.0,10
2026-10-07 01:03:00-04:00,70440.0,70440.0,70440.0,70420.0,70420.0,10
2026-10-07 01:04:00-04:00,70440.0,70440.0,70440.0,70430.0,70430.0,6
2026-10-07 01:05:00-04:00,70465.0,70465.0,70465.0,70440.0,70440.0,22
2026-10-07 01:06:00-04:00,70465.0,70465.0,70465.0,70450.0,70455.0,4
2026-10-07 01:07:00-04:00,70455.0,70455.0,70455.0,70450.0,70450.0,2
2026-10-07 01:08:00-04:00,70460.0,70460.0,70480.0,70460.0,70465.0,17
2026-10-07 01:09:00-04:00,70455.0,70455.0,70465.0,70455.0,70465.0,2
2026-10-07 01:10:00-04:00,70460.0,70460.0,70460.0,70460.0,70460.0,1
2026-10-07 01:12:00-04:00,70430.0,70430.0,70445.0,70420.0,70445.0,6
2026-10-07 01:14:00-04:00,70415.0,70415.0,70415.0,70415.0,70415.0,1
2026-10-07 01:15:00-04:00,70420.0,70420.0,70420.0,70420.0,70420.0,1
2026-10-07 01:16:00-04:00,70395.0,70395.0,70410.0,70395.0,70410.0,5
2026-10-07 01:19:00-04:00,70415.0,70415.0,70415.0,70395.0,70395.0,20
2026-10-07 01:20:00-04:00,70415.0,70415.0,70415.0,70415.0,70415.0,1
2026-10-07 01:22:00-04:00,70435.0,70435.0,70435.0,70415.0,70415.0,7
2026-10-07 01:23:00-04:00,70450.0,70450.0,70455.0,70450.0,70455.0,5
2026-10-07 01:25:00-04:00,70475.0,70475.0,70475.0,70430.0,70440.0,10
2026-10-07 01:26:00-04:00,70485.0,70485.0,70485.0,70485.0,70485.0,2
2026-10-07 01:27:00-04:00,70480.0,70480.0,70510.0,70480.0,70500.0,19
2026-10-07 01:28:00-04:00,70520.0,70520.0,70520.0,70490.0,70490.0,5
2026-10-07 01:29:00-04:00,70510.0,70510.0,70510.0,70510.0,70510.0,2
2026-10-07 01:30:00-04:00,70520.0,70520.0,70520.0,70505.0,70505.0,9
2026-10-07 01:31:00-04:00,70540.0,70540.0,70545.0,70540.0,70545.0,2
2026-10-07 01:32:00-04:00,70550.0,70550.0,70560.0,70545.0,70545.0,7
2026-10-07 01:33:00-04:00,70530.0,70530.0,70540.0,70520.0,70540.0,6
2026-10-07 01:34:00-04:00,70530.0,70530.0,70530.0,70530.0,70530.0,1
2026-10-07 01:35:00-04:00,70495.0,70495.0,70510.0,70495.0,70510.0,22
2026-10-07 01:36:00-04:00,70520.0,70520.0,70520.0,70480.0,70500.0,10
2026-10-07 01:37:00-04:00,70520.0,70520.0,70520.0,70520.0,70520.0,2
2026-10-07 01:38:00-04:00,70495.0,70495.0,70495.0,70495.0,70495.0,1
2026-10-07 01:39:00-04:00,70490.0,70490.0,70490.0,70490.0,70490.0,1
2026-10-07 01:40:00-04:00,70495.0,70495.0,70495.0,70495.0,70495.0,1
2026-10-07 01:42:00-04:00,70480.0,70480.0,70480.0,70480.0,70480.0,1
2026-10-07 01:43:00-04:00,70490.0,70490.0,70490.0,70485.0,70490.0,4
2026-10-07 01:44:00-04:00,70490.0,70490.0,70490.0,70490.0,70490.0,1
2026-10-07 01:46:00-04:00,70505.0,70505.0,70515.0,70505.0,70515.0,10
2026-10-07 01:47:00-04:00,70520.0,70520.0,70520.0,70520.0,70520.0,1
2026-10-07 01:48:00-04:00,70555.0,70555.0,70555.0,70550.0,70550.0,3
2026-10-07 01:50:00-04:00,70525.0,70525.0,70545.0,70520.0,70545.0,3
2026-10-07 01:52:00-04:00,70545.0,70545.0,70545.0,70545.0,70545.0,2
2026-10-07 01:53:00-04:00,70525.0,70525.0,70525.0,70525.0,70525.0,1
2026-10-07 01:57:00-04:00,70495.0,70495.0,70495.0,70495.0,70495.0,2
2026-10-07 01:59:00-04:00,70485.0,70485.0,70485.0,70485.0,70485.0,1
2026-10-07 02:00:00-04:00,70475.0,70475.0,70500.0,70475.0,70480.0,10
2026-10-07 02:01:00-04:00,70455.0,70455.0,70465.0,70455.0,70465.0,12
2026-10-07 02:02:00-04:00,70450.0,70450.0,70450.0,70450.0,70450.0,1
2026-10-07 02:03:00-04:00,70430.0,70430.0,70430.0,70430.0,70430.0,3
2026-10-07 02:04:00-04:00,70435.0,70435.0,70435.0,70435.0,70435.0,1
2026-10-07 02:05:00-04:00,70430.0,70430.0,70430.0,70430.0,70430.0,7
2026-10-07 02:07:00-04:00,70425.0,70425.0,70430.0,70425.0,70430.0,3
2026-10-07 02:08:00-04:00,70430.0,70430.0,70430.0,70420.0,70420.0,3
2026-10-07 02:09:00-04:00,70420.0,70420.0,70420.0,70420.0,70420.0,2
2026-10-07 02:10:00-04:00,70410.0,70410.0,70410.0,70410.0,70410.0,1
2026-10-07 02:11:00-04:00,70410.0,70410.0,70430.0,70410.0,70430.0,4
2026-10-07 02:12:00-04:00,70425.0,70425.0,70425.0,70420.0,70420.0,7
2026-10-07 02:14:00-04:00,70380.0,70380.0,70395.0,70380.0,70395.0,4
2026-10-07 02:15:00-04:00,70380.0,70380.0,70380.0,70380.0,70380.0,5
2026-10-07 02:16:00-04:00,70410.0,70410.0,70415.0,70410.0,70415.0,2
2026-10-07 02:18:00-04:00,70410.0,70410.0,70410.0,70390.0,70410.0,12
2026-10-07 02:19:00-04:00,70400.0,70400.0,70405.0,70400.0,70405.0,2
2026-10-07 02:20:00-04:00,70400.0,70400.0,70405.0,70390.0,70400.0,8
2026-10-07 02:21:00-04:00,70400.0,70400.0,70400.0,70400.0,70400.0,2
2026-10-07 02:22:00-04:00,70385.0,70385.0,70395.0,70365.0,70390.0,13
2026-10-07 02:23:00-04:00,70385.0,70385.0,70400.0,70385.0,70390.0,6
2026-10-07 02:24:00-04:00,70370.0,70370.0,70400.0,70370.0,70370.0,63
2026-10-07 02:25:00-04:00,70335.0,70335.0,70365.0,70330.0,70365.0,12
2026-10-07 02:26:00-04:00,70325.0,70325.0,70335.0,70320.0,70330.0,29
2026-10-07 02:27:00-04:00,70345.0,70345.0,70350.0,70320.0,70325.0,30
2026-10-07 02:28:00-04:00,70330.0,70330.0,70350.0,70325.0,70345.0,31
2026-10-07 02:29:00-04:00,70320.0,70320.0,70340.0,70305.0,70330.0,68
2026-10-07 02:30:00-04:00,70285.0,70285.0,70310.0,70235.0,70310.0,239
2026-10-07 02:31:00-04:00,70280.0,70280.0,70295.0,70270.0,70285.0,24
2026-10-07 02:32:00-04:00,70270.0,70270.0,70285.0,70260.0,70280.0,68
2026-10-07 02:33:00-04:00,70295.0,70295.0,70295.0,70260.0,70260.0,29
2026-10-07 02:34:00-04:00,70300.0,70300.0,70315.0,70290.0,70300.0,38
2026-10-07 02:35:00-04:00,70295.0,70295.0,70305.0,70280.0,70300.0,26
2026-10-07 02:36:00-04:00,70280.0,70280.0,70300.0,70280.0,70295.0,11
2026-10-07 02:37:00-04:00,70290.0,70290.0,70300.0,70290.0,70300.0,12
2026-10-07 02:38:00-04:00,70265.0,70265.0,70300.0,70265.0,70300.0,8
2026-10-07 02:39:00-04:00,70275.0,70275.0,70275.0,70260.0,70270.0,12
2026-10-07 02:40:00-04:00,70290.0,70290.0,70290.0,70280.0,70280.0,20
2026-10-07 02:41:00-04:00,70280.0,70280.0,70305.0,70275.0,70305.0,36
2026-10-07 02:42:00-04:00,70325.0,70325.0,70330.0,70295.0,70295.0,128
2026-10-07 02:43:00-04:00,70350.0,70350.0,70350.0,70325.0,70325.0,97
2026-10-07 02:44:00-04:00,70320.0,70320.0,70375.0,70275.0,70350.0,336
2026-10-07 02:45:00-04:00,70340.0,70340.0,70350.0,70320.0,70320.0,66
2026-10-07 02:46:00-04:00,70335.0,70335.0,70340.0,70330.0,70330.0,9
2026-10-07 02:47:00-04:00,70310.0,70310.0,70320.0,70305.0,70320.0,14
2026-10-07 02:48:00-04:00,70295.0,70295.0,70315.0,70295.0,70305.0,18
2026-10-07 02:49:00-04:00,70295.0,70295.0,70295.0,70290.0,70290.0,9
2026-10-07 02:50:00-04:00,70290.0,70290.0,70300.0,70285.0,70285.0,42
2026-10-07 02:51:00-04:00,70290.0,70290.0,70295.0,70280.0,70285.0,9
2026-10-07 02:52:00-04:00,70285.0,70285.0,70295.0,70285.0,70295.0,13
2026-10-07 02:53:00-04:00,70280.0,70280.0,70280.0,70270.0,70275.0,23
2026-10-07 02:54:00-04:00,70280.0,70280.0,70290.0,70280.0,70280.0,11
2026-10-07 02:55:00-04:00,70285.0,70285.0,70285.0,70275.0,70275.0,22
2026-10-07 02:56:00-04:00,70280.0,70280.0,70285.0,70275.0,70285.0,19
2026-10-07 02:57:00-04:00,70305.0,70305.0,70305.0,70290.0,70290.0,38
2026-10-07 02:58:00-04:00,70330.0,70330.0,70335.0,70310.0,70310.0,9
2026-10-07 02:59:00-04:00,70320.0,70320.0,70335.0,70315.0,70330.0,17
2026-10-07 03:00:00-04:00,70350.0,70350.0,70350.0,70310.0,70320.0,32
2026-10-07 03:01:00-04:00,70365.0,70365.0,70370.0,70350.0,70350.0,25
2026-10-07 03:02:00-04:00,70360.0,70360.0,70365.0,70345.0,70360.0,18
2026-10-07 03:03:00-04:00,70350.0,70350.0,70350.0,70350.0,70350.0,1
2026-10-07 03:04:00-04:00,70375.0,70375.0,70375.0,70335.0,70335.0,23
2026-10-07 03:05:00-04:00,70360.0,70360.0,70370.0,70360.0,70370.0,5
2026-10-07 03:07:00-04:00,70380.0,70380.0,70380.0,70380.0,70380.0,2
2026-10-07 03:08:00-04:00,70370.0,70370.0,70370.0,70370.0,70370.0,5
2026-10-07 03:09:00-04:00,70375.0,70375.0,70385.0,70365.0,70380.0,34
2026-10-07 03:10:00-04:00,70395.0,70395.0,70395.0,70370.0,70375.0,43
2026-10-07 03:11:00-04:00,70360.0,70360.0,70400.0,70360.0,70395.0,12
2026-10-07 03:12:00-04:00,70350.0,70350.0,70380.0,70345.0,70380.0,5
2026-10-07 03:13:00-04:00,70360.0,70360.0,70360.0,70345.0,70345.0,3
2026-10-07 03:14:00-04:00,70350.0,70350.0,70350.0,70340.0,70340.0,4
2026-10-07 03:15:00-04:00,70335.0,70335.0,70355.0,70335.0,70355.0,4
2026-10-07 03:16:00-04:00,70290.0,70290.0,70305.0,70285.0,70300.0,7
2026-10-07 03:17:00-04:00,70285.0,70285.0,70295.0,70280.0,70285.0,15
2026-10-07 03:18:00-04:00,70275.0,70275.0,70275.0,70275.0,70275.0,2
2026-10-07 03:19:00-04:00,70315.0,70315.0,70315.0,70290.0,70290.0,3
2026-10-07 03:20:00-04:00,70325.0,70325.0,70325.0,70325.0,70325.0,1
2026-10-07 03:21:00-04:00,70280.0,70280.0,70305.0,70270.0,70305.0,48
2026-10-07 03:22:00-04:00,70295.0,70295.0,70295.0,70270.0,70285.0,34
2026-10-07 03:23:00-04:00,70305.0,70305.0,70305.0,70295.0,70300.0,5
2026-10-07 03:24:00-04:00,70285.0,70285.0,70285.0,70285.0,70285.0,4
2026-10-07 03:25:00-04:00,70290.0,70290.0,70300.0,70290.0,70290.0,8
2026-10-07 03:26:00-04:00,70285.0,70285.0,70285.0,70285.0,70285.0,2
2026-10-07 03:27:00-04:00,70315.0,70315.0,70315.0,70315.0,70315.0,12
2026-10-07 03:29:00-04:00,70295.0,70295.0,70300.0,70295.0,70300.0,6
2026-10-07 03:31:00-04:00,70270.0,70270.0,70275.0,70265.0,70265.0,13
2026-10-07 03:32:00-04:00,70275.0,70275.0,70285.0,70275.0,70285.0,3
2026-10-07 03:33:00-04:00,70300.0,70300.0,70325.0,70300.0,70300.0,71
2026-10-07 03:34:00-04:00,70270.0,70270.0,70280.0,70270.0,70280.0,13
2026-10-07 03:35:00-04:00,70290.0,70290.0,70290.0,70275.0,70275.0,2
2026-10-07 03:36:00-04:00,70290.0,70290.0,70290.0,70275.0,70280.0,4
2026-10-07 03:37:00-04:00,70285.0,70285.0,70285.0,70280.0,70280.0,4
2026-10-07 03:38:00-04:00,70265.0,70265.0,70290.0,70255.0,70290.0,20
2026-10-07 03:39:00-04:00,70285.0,70285.0,70285.0,70260.0,70260.0,21
2026-10-07 03:40:00-04:00,70270.0,70270.0,70275.0,70270.0,70275.0,2
2026-10-07 03:41:00-04:00,70285.0,70285.0,70285.0,70285.0,70285.0,1
2026-10-07 03:42:00-04:00,70320.0,70320.0,70320.0,70275.0,70280.0,18
2026-10-07 03:43:00-04:00,70320.0,70320.0,70325.0,70310.0,70320.0,10
2026-10-07 03:44:00-04:00,70315.0,70315.0,70315.0,70315.0,70315.0,3
2026-10-07 03:45:00-04:00,70315.0,70315.0,70320.0,70315.0,70320.0,9
2026-10-07 03:47:00-04:00,70320.0,70320.0,70320.0,70320.0,70320.0,1
2026-10-07 03:48:00-04:00,70300.0,70300.0,70315.0,70295.0,70310.0,16
2026-10-07 03:49:00-04:00,70295.0,70295.0,70295.0,70295.0,70295.0,1
2026-10-07 03:50:00-04:00,70265.0,70265.0,70265.0,70260.0,70265.0,8
2026-10-07 03:51:00-04:00,70240.0,70240.0,70260.0,70215.0,70260.0,23
2026-10-07 03:52:00-04:00,70210.0,70210.0,70240.0,70200.0,70240.0,17
2026-10-07 03:53:00-04:00,70220.0,70220.0,70220.0,70200.0,70220.0,42
2026-10-07 03:54:00-04:00,70180.0,70180.0,70215.0,70170.0,70215.0,155
2026-10-07 03:55:00-04:00,70195.0,70195.0,70200.0,70180.0,70185.0,25
2026-10-07 03:56:00-04:00,70180.0,70180.0,70200.0,70170.0,70195.0,35
2026-10-07 03:57:00-04:00,70200.0,70200.0,70200.0,70185.0,70185.0,4
2026-10-07 03:58:00-04:00,70255.0,70255.0,70255.0,70200.0,70200.0,21
2026-10-07 03:59:00-04:00,70270.0,70270.0,70275.0,70250.0,70250.0,17
2026-10-07 04:00:00-04:00,70250.0,70250.0,70270.0,70210.0,70270.0,93
2026-10-07 04:01:00-04:00,70205.0,70205.0,70255.0,70175.0,70250.0,56
2026-10-07 04:02:00-04:00,70230.0,70230.0,70230.0,70195.0,70200.0,39
2026-10-07 04:03:00-04:00,70270.0,70270.0,70270.0,70225.0,70230.0,9
2026-10-07 04:04:00-04:00,70290.0,70290.0,70290.0,70260.0,70270.0,29
2026-10-07 04:05:00-04:00,70280.0,70280.0,70310.0,70270.0,70290.0,9
2026-10-07 04:06:00-04:00,70210.0,70210.0,70220.0,70210.0,70220.0,28
2026-10-07 04:07:00-04:00,70235.0,70235.0,70245.0,70210.0,70210.0,10
2026-10-07 04:08:00-04:00,70215.0,70215.0,70235.0,70215.0,70220.0,8
2026-10-07 04:09:00-04:00,70215.0,70215.0,70220.0,70185.0,70210.0,8
2026-10-07 04:10:00-04:00,70255.0,70255.0,70260.0,70210.0,70215.0,16
2026-10-07 04:11:00-04:00,70275.0,70275.0,70285.0,70245.0,70245.0,10
2026-10-07 04:12:00-04:00,70260.0,70260.0,70285.0,70260.0,70285.0,11
2026-10-07 04:13:00-04:00,70245.0,70245.0,70245.0,70210.0,70240.0,41
2026-10-07 04:14:00-04:00,70195.0,70195.0,70235.0,70195.0,70235.0,9
2026-10-07 04:15:00-04:00,70200.0,70200.0,70200.0,70190.0,70190.0,7
2026-10-07 04:16:00-04:00,70190.0,70190.0,70215.0,70170.0,70190.0,29
2026-10-07 04:17:00-04:00,70185.0,70185.0,70190.0,70175.0,70185.0,10
2026-10-07 04:18:00-04:00,70210.0,70210.0,70220.0,70205.0,70205.0,19
2026-10-07 04:19:00-04:00,70230.0,70230.0,70230.0,70190.0,70210.0,47
2026-10-07 04:20:00-04:00,70245.0,70245.0,70245.0,70235.0,70245.0,12
2026-10-07 04:21:00-04:00,70265.0,70265.0,70270.0,70250.0,70250.0,11
2026-10-07 04:22:00-04:00,70270.0,70270.0,70270.0,70265.0,70265.0,4
2026-10-07 04:23:00-04:00,70280.0,70280.0,70295.0,70280.0,70285.0,11
2026-10-07 04:24:00-04:00,70265.0,70265.0,70280.0,70265.0,70275.0,126
2026-10-07 04:25:00-04:00,70265.0,70265.0,70265.0,70260.0,70260.0,5
2026-10-07 04:26:00-04:00,70270.0,70270.0,70270.0,70270.0,70270.0,2
2026-10-07 04:27:00-04:00,70265.0,70265.0,70270.0,70265.0,70270.0,2
2026-10-07 04:28:00-04:00,70235.0,70235.0,70260.0,70235.0,70260.0,12
2026-10-07 04:29:00-04:00,70215.0,70215.0,70235.0,70215.0,70235.0,10
2026-10-07 04:30:00-04:00,70195.0,70195.0,70225.0,70170.0,70220.0,17
2026-10-07 04:31:00-04:00,70180.0,70180.0,70180.0,70180.0,70180.0,6
2026-10-07 04:32:00-04:00,70240.0,70240.0,70250.0,70200.0,70200.0,9
2026-10-07 04:33:00-04:00,70220.0,70220.0,70240.0,70220.0,70240.0,5
2026-10-07 04:34:00-04:00,70240.0,70240.0,70245.0,70220.0,70220.0,14
2026-10-07 04:35:00-04:00,70245.0,70245.0,70250.0,70235.0,70240.0,13
2026-10-07 04:36:00-04:00,70225.0,70225.0,70225.0,70215.0,70215.0,11
2026-10-07 04:37:00-04:00,70230.0,70230.0,70230.0,70215.0,70230.0,8
2026-10-07 04:38:00-04:00,70265.0,70265.0,70265.0,70245.0,70245.0,2
2026-10-07 04:39:00-04:00,70260.0,70260.0,70265.0,70260.0,70265.0,8
2026-10-07 04:40:00-04:00,70260.0,70260.0,70265.0,70255.0,70260.0,12
2026-10-07 04:41:00-04:00,70245.0,70245.0,70250.0,70245.0,70250.0,7
2026-10-07 04:43:00-04:00,70265.0,70265.0,70270.0,70265.0,70265.0,5
2026-10-07 04:44:00-04:00,70240.0,70240.0,70275.0,70240.0,70275.0,4
2026-10-07 04:45:00-04:00,70220.0,70220.0,70245.0,70220.0,70245.0,6
2026-10-07 04:46:00-04:00,70210.0,70210.0,70210.0,70210.0,70210.0,3
2026-10-07 04:47:00-04:00,70235.0,70235.0,70235.0,70225.0,70225.0,3
2026-10-07 04:48:00-04:00,70230.0,70230.0,70240.0,70225.0,70240.0,7
2026-10-07 04:49:00-04:00,70235.0,70235.0,70240.0,70230.0,70235.0,7
2026-10-07 04:50:00-04:00,70170.0,70170.0,70225.0,70170.0,70225.0,9
2026-10-07 04:51:00-04:00,70150.0,70150.0,70170.0,70150.0,70170.0,6
2026-10-07 04:52:00-04:00,70170.0,70170.0,70170.0,70165.0,70170.0,3
2026-10-07 04:53:00-04:00,70180.0,70180.0,70180.0,70160.0,70160.0,11
2026-10-07 04:54:00-04:00,70190.0,70190.0,70195.0,70190.0,70195.0,3
2026-10-07 04:55:00-04:00,70195.0,70195.0,70205.0,70190.0,70190.0,27
2026-10-07 04:56:00-04:00,70190.0,70190.0,70200.0,70190.0,70200.0,11
2026-10-07 04:57:00-04:00,70195.0,70195.0,70195.0,70190.0,70190.0,6
2026-10-07 04:58:00-04:00,70185.0,70185.0,70200.0,70185.0,70200.0,5
2026-10-07 04:59:00-04:00,70220.0,70220.0,70220.0,70195.0,70195.0,3
2026-10-07 05:00:00-04:00,70225.0,70225.0,70235.0,70215.0,70215.0,31
2026-10-07 05:01:00-04:00,70195.0,70195.0,70210.0,70190.0,70210.0,10
2026-10-07 05:02:00-04:00,70190.0,70190.0,70195.0,70175.0,70190.0,12
2026-10-07 05:03:00-04:00,70165.0,70165.0,70185.0,70150.0,70185.0,30
2026-10-07 05:04:00-04:00,70160.0,70160.0,70170.0,70150.0,70160.0,7
2026-10-07 05:05:00-04:00,70155.0,70155.0,70160.0,70150.0,70160.0,15
2026-10-07 05:06:00-04:00,70125.0,70125.0,70140.0,70110.0,70140.0,23
2026-10-07 05:07:00-04:00,70110.0,70110.0,70125.0,70100.0,70125.0,26
2026-10-07 05:08:00-04:00,70110.0,70110.0,70115.0,70085.0,70115.0,17
2026-10-07 05:09:00-04:00,70130.0,70130.0,70130.0,70095.0,70115.0,16
2026-10-07 05:10:00-04:00,70115.0,70115.0,70135.0,70115.0,70120.0,9
2026-10-07 05:11:00-04:00,70110.0,70110.0,70120.0,70110.0,70120.0,4
2026-10-07 05:12:00-04:00,70135.0,70135.0,70145.0,70110.0,70110.0,11
2026-10-07 05:13:00-04:00,70125.0,70125.0,70125.0,70125.0,70125.0,2
2026-10-07 05:14:00-04:00,70110.0,70110.0,70115.0,70110.0,70110.0,6
2026-10-07 05:15:00-04:00,70115.0,70115.0,70115.0,70110.0,70110.0,20
2026-10-07 05:16:00-04:00,70105.0,70105.0,70125.0,70105.0,70115.0,15
2026-10-07 05:17:00-04:00,70110.0,70110.0,70110.0,70110.0,70110.0,3
2026-10-07 05:18:00-04:00,70110.0,70110.0,70110.0,70095.0,70100.0,12
2026-10-07 05:19:00-04:00,70095.0,70095.0,70130.0,70095.0,70115.0,22
2026-10-07 05:20:00-04:00,70070.0,70070.0,70095.0,70065.0,70095.0,19
2026-10-07 05:21:00-04:00,70060.0,70060.0,70070.0,70045.0,70060.0,16
2026-10-07 05:22:00-04:00,70105.0,70105.0,70105.0,70075.0,70075.0,13
2026-10-07 05:23:00-04:00,70140.0,70140.0,70140.0,70115.0,70115.0,7
2026-10-07 05:24:00-04:00,70160.0,70160.0,70160.0,70150.0,70160.0,19
2026-10-07 05:25:00-04:00,70145.0,70145.0,70155.0,70135.0,70150.0,7
2026-10-07 05:26:00-04:00,70140.0,70140.0,70145.0,70140.0,70145.0,7
2026-10-07 05:27:00-04:00,70140.0,70140.0,70140.0,70140.0,70140.0,1
2026-10-07 05:28:00-04:00,70140.0,70140.0,70140.0,70130.0,70130.0,7
2026-10-07 05:29:00-04:00,70125.0,70125.0,70135.0,70125.0,70135.0,3
2026-10-07 05:30:00-04:00,70105.0,70105.0,70110.0,70105.0,70105.0,6
2026-10-07 05:31:00-04:00,70075.0,70075.0,70110.0,70075.0,70110.0,20
2026-10-07 05:32:00-04:00,70070.0,70070.0,70070.0,70065.0,70065.0,8
2026-10-07 05:33:00-04:00,70065.0,70065.0,70090.0,70065.0,70090.0,5
2026-10-07 05:34:00-04:00,70075.0,70075.0,70075.0,70045.0,70055.0,15
2026-10-07 05:35:00-04:00,70080.0,70080.0,70080.0,70055.0,70065.0,11
2026-10-07 05:36:00-04:00,70085.0,70085.0,70085.0,70070.0,70070.0,12
2026-10-07 05:37:00-04:00,70105.0,70105.0,70105.0,70095.0,70095.0,7
2026-10-07 05:38:00-04:00,70085.0,70085.0,70105.0,70075.0,70105.0,63
2026-10-07 05:39:00-04:00,70100.0,70100.0,70105.0,70100.0,70100.0,7
2026-10-07 05:40:00-04:00,70060.0,70060.0,70080.0,70050.0,70080.0,15
2026-10-07 05:41:00-04:00,70040.0,70040.0,70045.0,70035.0,70045.0,9
2026-10-07 05:42:00-04:00,70040.0,70040.0,70045.0,70040.0,70045.0,7
2026-10-07 05:43:00-04:00,70045.0,70045.0,70050.0,70040.0,70040.0,36
2026-10-07 05:44:00-04:00,70050.0,70050.0,70070.0,70015.0,70050.0,140
2026-10-07 05:45:00-04:00,70055.0,70055.0,70060.0,70055.0,70055.0,10
2026-10-07 05:46:00-04:00,70060.0,70060.0,70060.0,70055.0,70055.0,4
2026-10-07 05:47:00-04:00,70045.0,70045.0,70055.0,70045.0,70055.0,18
2026-10-07 05:48:00-04:00,70050.0,70050.0,70050.0,70050.0,70050.0,1
2026-10-07 05:49:00-04:00,70035.0,70035.0,70045.0,70035.0,70045.0,4
2026-10-07 05:50:00-04:00,70050.0,70050.0,70050.0,70030.0,70035.0,13
2026-10-07 05:51:00-04:00,70055.0,70055.0,70060.0,70055.0,70055.0,5
2026-10-07 05:52:00-04:00,70035.0,70035.0,70045.0,70030.0,70045.0,8
2026-10-07 05:53:00-04:00,70020.0,70020.0,70020.0,70020.0,70020.0,2
2026-10-07 05:54:00-04:00,70035.0,70035.0,70035.0,70015.0,70015.0,112
2026-10-07 05:55:00-04:00,70010.0,70010.0,70045.0,70010.0,70045.0,11
2026-10-07 05:56:00-04:00,70005.0,70005.0,70010.0,69990.0,70005.0,32
2026-10-07 05:57:00-04:00,70055.0,70055.0,70055.0,70010.0,70010.0,7
2026-10-07 05:58:00-04:00,70055.0,70055.0,70060.0,70050.0,70050.0,13
2026-10-07 05:59:00-04:00,70090.0,70090.0,70095.0,70045.0,70045.0,26
2026-10-07 06:00:00-04:00,70055.0,70055.0,70090.0,70055.0,70090.0,12
2026-10-07 06:01:00-04:00,70050.0,70050.0,70050.0,70050.0,70050.0,2
2026-10-07 06:02:00-04:00,70050.0,70050.0,70055.0,70045.0,70045.0,7
2026-10-07 06:03:00-04:00,70070.0,70070.0,70070.0,70060.0,70060.0,16
2026-10-07 06:04:00-04:00,70080.0,70080.0,70080.0,70080.0,70080.0,4
2026-10-07 06:05:00-04:00,70095.0,70095.0,70105.0,70090.0,70090.0,25
2026-10-07 06:06:00-04:00,70095.0,70095.0,70095.0,70075.0,70075.0,6
2026-10-07 06:07:00-04:00,70075.0,70075.0,70100.0,70075.0,70100.0,10
2026-10-07 06:08:00-04:00,70075.0,70075.0,70090.0,70065.0,70085.0,57
2026-10-07 06:09:00-04:00,70060.0,70060.0,70070.0,70060.0,70070.0,4
2026-10-07 06:10:00-04:00,70060.0,70060.0,70060.0,70055.0,70055.0,6
2026-10-07 06:12:00-04:00,70065.0,70065.0,70065.0,70065.0,70065.0,19
2026-10-07 06:13:00-04:00,70055.0,70055.0,70060.0,70055.0,70060.0,2
2026-10-07 06:14:00-04:00,70050.0,70050.0,70060.0,70050.0,70060.0,2
2026-10-07 06:15:00-04:00,70060.0,70060.0,70060.0,70055.0,70055.0,5
2026-10-07 06:16:00-04:00,70025.0,70025.0,70060.0,70025.0,70060.0,10
2026-10-07 06:17:00-04:00,70025.0,70025.0,70025.0,70025.0,70025.0,1
2026-10-07 06:18:00-04:00,70000.0,70000.0,70030.0,70000.0,70030.0,6
2026-10-07 06:19:00-04:00,70010.0,70010.0,70025.0,70010.0,70010.0,12
2026-10-07 06:20:00-04:00,69980.0,69980.0,69995.0,69960.0,69995.0,41
2026-10-07 06:21:00-04:00,69995.0,69995.0,69995.0,69980.0,69980.0,6
2026-10-07 06:22:00-04:00,69970.0,69970.0,69990.0,69955.0,69990.0,173
2026-10-07 06:23:00-04:00,69970.0,69970.0,69970.0,69960.0,69970.0,17
2026-10-07 06:24:00-04:00,69985.0,69985.0,69985.0,69960.0,69965.0,133
2026-10-07 06:25:00-04:00,70000.0,70000.0,70000.0,69980.0,69980.0,12
2026-10-07 06:26:00-04:00,70015.0,70015.0,70020.0,70010.0,70010.0,4
2026-10-07 06:27:00-04:00,70020.0,70020.0,70025.0,70020.0,70025.0,8
2026-10-07 06:28:00-04:00,70020.0,70020.0,70020.0,70005.0,70015.0,3
2026-10-07 06:29:00-04:00,69975.0,69975.0,70015.0,69975.0,70015.0,8
2026-10-07 06:30:00-04:00,69970.0,69970.0,69980.0,69970.0,69975.0,7
2026-10-07 06:31:00-04:00,69950.0,69950.0,69960.0,69950.0,69955.0,4
2026-10-07 06:32:00-04:00,69950.0,69950.0,69970.0,69950.0,69955.0,11
2026-10-07 06:33:00-04:00,69970.0,69970.0,69980.0,69965.0,69965.0,10
2026-10-07 06:34:00-04:00,69980.0,69980.0,69980.0,69980.0,69980.0,2
2026-10-07 06:35:00-04:00,69970.0,69970.0,69970.0,69970.0,69970.0,1
2026-10-07 06:36:00-04:00,69965.0,69965.0,69975.0,69960.0,69975.0,5
2026-10-07 06:37:00-04:00,69955.0,69955.0,69960.0,69940.0,69955.0,141
2026-10-07 06:38:00-04:00,69955.0,69955.0,69970.0,69950.0,69950.0,6
2026-10-07 06:39:00-04:00,69960.0,69960.0,69960.0,69955.0,69955.0,6
2026-10-07 06:40:00-04:00,69950.0,69950.0,69955.0,69950.0,69955.0,12
2026-10-07 06:41:00-04:00,69945.0,69945.0,69955.0,69945.0,69955.0,2
2026-10-07 06:42:00-04:00,69890.0,69890.0,69935.0,69890.0,69935.0,65
2026-10-07 06:43:00-04:00,69900.0,69900.0,69925.0,69900.0,69915.0,24
2026-10-07 06:44:00-04:00,69875.0,69875.0,69890.0,69860.0,69890.0,23
2026-10-07 06:45:00-04:00,69855.0,69855.0,69875.0,69850.0,69875.0,41
2026-10-07 06:46:00-04:00,69830.0,69830.0,69850.0,69825.0,69850.0,15
2026-10-07 06:47:00-04:00,69835.0,69835.0,69840.0,69830.0,69830.0,5
2026-10-07 06:48:00-04:00,69840.0,69840.0,69840.0,69830.0,69830.0,6
2026-10-07 06:49:00-04:00,69810.0,69810.0,69835.0,69810.0,69830.0,11
2026-10-07 06:50:00-04:00,69850.0,69850.0,69850.0,69810.0,69815.0,12
2026-10-07 06:51:00-04:00,69875.0,69875.0,69875.0,69855.0,69855.0,9
2026-10-07 06:52:00-04:00,69855.0,69855.0,69855.0,69845.0,69850.0,7
2026-10-07 06:53:00-04:00,69855.0,69855.0,69865.0,69855.0,69860.0,6
2026-10-07 06:54:00-04:00,69865.0,69865.0,69865.0,69850.0,69850.0,2
2026-10-07 06:55:00-04:00,69875.0,69875.0,69880.0,69870.0,69870.0,5
2026-10-07 06:56:00-04:00,69880.0,69880.0,69880.0,69860.0,69860.0,23
2026-10-07 06:57:00-04:00,69895.0,69895.0,69905.0,69885.0,69885.0,11
2026-10-07 06:58:00-04:00,69910.0,69910.0,69910.0,69895.0,69900.0,6
2026-10-07 06:59:00-04:00,69910.0,69910.0,69910.0,69910.0,69910.0,1
2026-10-07 07:00:00-04:00,69825.0,69825.0,69895.0,69825.0,69895.0,24
2026-10-07 07:01:00-04:00,69825.0,69825.0,69835.0,69820.0,69830.0,11
2026-10-07 07:02:00-04:00,69775.0,69775.0,69820.0,69775.0,69820.0,55
2026-10-07 07:03:00-04:00,69805.0,69805.0,69805.0,69780.0,69780.0,12
2026-10-07 07:04:00-04:00,69800.0,69800.0,69805.0,69800.0,69805.0,6
2026-10-07 07:05:00-04:00,69820.0,69820.0,69825.0,69810.0,69825.0,19
2026-10-07 07:06:00-04:00,69810.0,69810.0,69820.0,69810.0,69820.0,5
2026-10-07 07:07:00-04:00,69860.0,69860.0,69860.0,69810.0,69810.0,12
2026-10-07 07:08:00-04:00,69840.0,69840.0,69850.0,69835.0,69850.0,7
2026-10-07 07:09:00-04:00,69830.0,69830.0,69835.0,69825.0,69835.0,5
2026-10-07 07:10:00-04:00,69810.0,69810.0,69810.0,69810.0,69810.0,23
2026-10-07 07:11:00-04:00,69860.0,69860.0,69860.0,69845.0,69855.0,18
2026-10-07 07:12:00-04:00,69855.0,69855.0,69865.0,69855.0,69860.0,9
2026-10-07 07:13:00-04:00,69860.0,69860.0,69860.0,69860.0,69860.0,2
2026-10-07 07:14:00-04:00,69870.0,69870.0,69870.0,69855.0,69855.0,2
2026-10-07 07:15:00-04:00,69860.0,69860.0,69870.0,69860.0,69870.0,7
2026-10-07 07:16:00-04:00,69860.0,69860.0,69860.0,69860.0,69860.0,1
2026-10-07 07:17:00-04:00,69830.0,69830.0,69855.0,69830.0,69845.0,5
2026-10-07 07:18:00-04:00,69860.0,69860.0,69860.0,69830.0,69830.0,9
2026-10-07 07:19:00-04:00,69860.0,69860.0,69860.0,69860.0,69860.0,1
2026-10-07 07:20:00-04:00,69825.0,69825.0,69840.0,69825.0,69825.0,13
2026-10-07 07:21:00-04:00,69830.0,69830.0,69830.0,69825.0,69825.0,4
2026-10-07 07:22:00-04:00,69835.0,69835.0,69840.0,69835.0,69840.0,2
2026-10-07 07:23:00-04:00,69860.0,69860.0,69860.0,69850.0,69850.0,5
2026-10-07 07:25:00-04:00,69830.0,69830.0,69875.0,69820.0,69860.0,23
2026-10-07 07:26:00-04:00,69835.0,69835.0,69840.0,69835.0,69840.0,4
2026-10-07 07:27:00-04:00,69835.0,69835.0,69835.0,69835.0,69835.0,1
2026-10-07 07:28:00-04:00,69840.0,69840.0,69840.0,69810.0,69810.0,6
2026-10-07 07:29:00-04:00,69835.0,69835.0,69895.0,69835.0,69845.0,90
2026-10-07 07:30:00-04:00,69815.0,69815.0,69825.0,69760.0,69825.0,148
2026-10-07 07:31:00-04:00,69850.0,69850.0,69855.0,69800.0,69815.0,131
2026-10-07 07:32:00-04:00,69790.0,69790.0,69845.0,69790.0,69845.0,15
2026-10-07 07:33:00-04:00,69820.0,69820.0,69820.0,69805.0,69805.0,9
2026-10-07 07:34:00-04:00,69860.0,69860.0,69870.0,69830.0,69840.0,26
2026-10-07 07:35:00-04:00,69850.0,69850.0,69850.0,69850.0,69850.0,1
2026-10-07 07:36:00-04:00,69825.0,69825.0,69830.0,69800.0,69825.0,39
2026-10-07 07:37:00-04:00,69815.0,69815.0,69815.0,69800.0,69805.0,20
2026-10-07 07:38:00-04:00,69785.0,69785.0,69810.0,69785.0,69805.0,16
2026-10-07 07:39:00-04:00,69780.0,69780.0,69790.0,69780.0,69790.0,4
2026-10-07 07:40:00-04:00,69770.0,69770.0,69780.0,69760.0,69770.0,19
2026-10-07 07:41:00-04:00,69770.0,69770.0,69785.0,69770.0,69780.0,14
2026-10-07 07:42:00-04:00,69775.0,69775.0,69775.0,69775.0,69775.0,3
2026-10-07 07:43:00-04:00,69775.0,69775.0,69790.0,69770.0,69785.0,9
2026-10-07 07:44:00-04:00,69795.0,69795.0,69795.0,69780.0,69790.0,7
2026-10-07 07:45:00-04:00,69780.0,69780.0,69800.0,69780.0,69795.0,20
2026-10-07 07:46:00-04:00,69785.0,69785.0,69785.0,69770.0,69775.0,8
2026-10-07 07:47:00-04:00,69780.0,69780.0,69790.0,69780.0,69780.0,5
2026-10-07 07:48:00-04:00,69800.0,69800.0,69805.0,69780.0,69780.0,15
2026-10-07 07:49:00-04:00,69810.0,69810.0,69810.0,69805.0,69805.0,4
2026-10-07 07:50:00-04:00,69785.0,69785.0,69820.0,69785.0,69820.0,4
2026-10-07 07:51:00-04:00,69785.0,69785.0,69790.0,69750.0,69790.0,10
2026-10-07 07:52:00-04:00,69770.0,69770.0,69770.0,69765.0,69770.0,3
2026-10-07 07:53:00-04:00,69765.0,69765.0,69765.0,69755.0,69755.0,5
2026-10-07 07:54:00-04:00,69775.0,69775.0,69775.0,69775.0,69775.0,2
2026-10-07 07:55:00-04:00,69800.0,69800.0,69810.0,69775.0,69790.0,18
2026-10-07 07:56:00-04:00,69795.0,69795.0,69820.0,69795.0,69805.0,46
2026-10-07 07:57:00-04:00,69790.0,69790.0,69790.0,69780.0,69790.0,9
2026-10-07 07:58:00-04:00,69825.0,69825.0,69825.0,69770.0,69790.0,60
2026-10-07 07:59:00-04:00,69825.0,69825.0,69850.0,69790.0,69835.0,151
2026-10-07 08:00:00-04:00,69805.0,69805.0,69830.0,69805.0,69825.0,20
2026-10-07 08:01:00-04:00,69830.0,69830.0,69830.0,69810.0,69810.0,14
2026-10-07 08:02:00-04:00,69815.0,69815.0,69830.0,69805.0,69820.0,22
2026-10-07 08:03:00-04:00,69825.0,69825.0,69835.0,69815.0,69820.0,19
2026-10-07 08:04:00-04:00,69810.0,69810.0,69810.0,69800.0,69800.0,3
2026-10-07 08:05:00-04:00,69800.0,69800.0,69800.0,69800.0,69800.0,2
2026-10-07 08:06:00-04:00,69805.0,69805.0,69815.0,69795.0,69795.0,11
2026-10-07 08:07:00-04:00,69795.0,69795.0,69800.0,69790.0,69800.0,9
2026-10-07 08:08:00-04:00,69790.0,69790.0,69805.0,69790.0,69805.0,11
2026-10-07 08:09:00-04:00,69770.0,69770.0,69775.0,69770.0,69775.0,3
2026-10-07 08:10:00-04:00,69770.0,69770.0,69770.0,69755.0,69760.0,23
2026-10-07 08:11:00-04:00,69780.0,69780.0,69780.0,69770.0,69770.0,2
2026-10-07 08:12:00-04:00,69780.0,69780.0,69780.0,69770.0,69770.0,3
2026-10-07 08:13:00-04:00,69775.0,69775.0,69780.0,69775.0,69780.0,4
2026-10-07 08:14:00-04:00,69755.0,69755.0,69765.0,69755.0,69765.0,4
2026-10-07 08:15:00-04:00,69740.0,69740.0,69765.0,69740.0,69760.0,9
2026-10-07 08:16:00-04:00,69770.0,69770.0,69775.0,69735.0,69740.0,26
2026-10-07 08:17:00-04:00,69710.0,69710.0,69780.0,69710.0,69775.0,22
2026-10-07 08:18:00-04:00,69695.0,69695.0,69725.0,69695.0,69720.0,29
2026-10-07 08:19:00-04:00,69695.0,69695.0,69705.0,69695.0,69705.0,4
2026-10-07 08:20:00-04:00,69710.0,69710.0,69765.0,69680.0,69685.0,129
2026-10-07 08:21:00-04:00,69665.0,69665.0,69705.0,69665.0,69705.0,17
2026-10-07 08:22:00-04:00,69670.0,69670.0,69670.0,69650.0,69665.0,28
2026-10-07 08:23:00-04:00,69685.0,69685.0,69705.0,69665.0,69665.0,34
2026-10-07 08:24:00-04:00,69685.0,69685.0,69690.0,69675.0,69690.0,17
2026-10-07 08:25:00-04:00,69690.0,69690.0,69700.0,69690.0,69690.0,8
2026-10-07 08:26:00-04:00,69620.0,69620.0,69665.0,69620.0,69665.0,24
2026-10-07 08:27:00-04:00,69590.0,69590.0,69610.0,69580.0,69610.0,33
2026-10-07 08:28:00-04:00,69580.0,69580.0,69590.0,69570.0,69590.0,45
2026-10-07 08:29:00-04:00,69625.0,69625.0,69625.0,69580.0,69585.0,22
2026-10-07 08:30:00-04:00,69620.0,69620.0,69640.0,69620.0,69625.0,14
2026-10-07 08:31:00-04:00,69665.0,69665.0,69670.0,69615.0,69615.0,30
2026-10-07 08:32:00-04:00,69655.0,69655.0,69670.0,69645.0,69660.0,14
2026-10-07 08:33:00-04:00,69650.0,69650.0,69670.0,69645.0,69650.0,15
2026-10-07 08:34:00-04:00,69670.0,69670.0,69670.0,69645.0,69645.0,13
2026-10-07 08:35:00-04:00,69690.0,69690.0,69690.0,69670.0,69680.0,13
2026-10-07 08:36:00-04:00,69720.0,69720.0,69720.0,69705.0,69705.0,3
2026-10-07 08:37:00-04:00,69695.0,69695.0,69735.0,69695.0,69725.0,10
2026-10-07 08:38:00-04:00,69690.0,69690.0,69715.0,69690.0,69715.0,28
2026-10-07 08:39:00-04:00,69685.0,69685.0,69715.0,69680.0,69700.0,7
2026-10-07 08:41:00-04:00,69675.0,69675.0,69690.0,69670.0,69685.0,9
2026-10-07 08:42:00-04:00,69655.0,69655.0,69660.0,69650.0,69660.0,6
2026-10-07 08:43:00-04:00,69635.0,69635.0,69660.0,69635.0,69660.0,7
2026-10-07 08:44:00-04:00,69615.0,69615.0,69630.0,69610.0,69630.0,9
2026-10-07 08:45:00-04:00,69600.0,69600.0,69615.0,69600.0,69615.0,9
2026-10-07 08:46:00-04:00,69610.0,69610.0,69610.0,69580.0,69590.0,25
2026-10-07 08:47:00-04:00,69605.0,69605.0,69640.0,69590.0,69590.0,70
2026-10-07 08:48:00-04:00,69600.0,69600.0,69610.0,69595.0,69600.0,21
2026-10-07 08:49:00-04:00,69620.0,69620.0,69620.0,69600.0,69600.0,7
2026-10-07 08:50:00-04:00,69610.0,69610.0,69625.0,69610.0,69625.0,7
2026-10-07 08:51:00-04:00,69600.0,69600.0,69620.0,69590.0,69620.0,7
2026-10-07 08:52:00-04:00,69635.0,69635.0,69635.0,69610.0,69610.0,17
2026-10-07 08:53:00-04:00,69635.0,69635.0,69645.0,69635.0,69645.0,3
2026-10-07 08:54:00-04:00,69670.0,69670.0,69670.0,69645.0,69645.0,8
2026-10-07 08:55:00-04:00,69670.0,69670.0,69675.0,69670.0,69675.0,4
2026-10-07 08:56:00-04:00,69655.0,69655.0,69665.0,69645.0,69665.0,7
2026-10-07 08:57:00-04:00,69645.0,69645.0,69650.0,69630.0,69650.0,5
2026-10-07 08:58:00-04:00,69625.0,69625.0,69650.0,69625.0,69650.0,12
2026-10-07 08:59:00-04:00,69630.0,69630.0,69630.0,69610.0,69620.0,13
2026-10-07 09:00:00-04:00,69635.0,69635.0,69635.0,69610.0,69615.0,10
2026-10-07 09:01:00-04:00,69650.0,69650.0,69650.0,69620.0,69620.0,5
2026-10-07 09:02:00-04:00,69650.0,69650.0,69650.0,69630.0,69635.0,7
2026-10-07 09:03:00-04:00,69640.0,69640.0,69640.0,69635.0,69640.0,6
2026-10-07 09:04:00-04:00,69610.0,69610.0,69675.0,69610.0,69650.0,52
2026-10-07 09:05:00-04:00,69630.0,69630.0,69630.0,69620.0,69620.0,4
2026-10-07 09:06:00-04:00,69640.0,69640.0,69640.0,69640.0,69640.0,1
2026-10-07 09:07:00-04:00,69650.0,69650.0,69650.0,69645.0,69645.0,4
2026-10-07 09:08:00-04:00,69630.0,69630.0,69630.0,69620.0,69630.0,24
2026-10-07 09:09:00-04:00,69615.0,69615.0,69625.0,69615.0,69625.0,8
2026-10-07 09:10:00-04:00,69625.0,69625.0,69630.0,69625.0,69625.0,7
2026-10-07 09:11:00-04:00,69625.0,69625.0,69625.0,69615.0,69615.0,7
2026-10-07 09:12:00-04:00,69630.0,69630.0,69630.0,69630.0,69630.0,1
2026-10-07 09:13:00-04:00,69585.0,69585.0,69630.0,69585.0,69625.0,30
2026-10-07 09:14:00-04:00,69590.0,69590.0,69595.0,69590.0,69595.0,3
2026-10-07 09:15:00-04:00,69600.0,69600.0,69600.0,69600.0,69600.0,2
2026-10-07 09:16:00-04:00,69605.0,69605.0,69615.0,69600.0,69600.0,19
2026-10-07 09:17:00-04:00,69595.0,69595.0,69605.0,69590.0,69595.0,22
2026-10-07 09:18:00-04:00,69600.0,69600.0,69615.0,69585.0,69585.0,39
2026-10-07 09:19:00-04:00,69600.0,69600.0,69605.0,69595.0,69605.0,9
2026-10-07 09:20:00-04:00,69600.0,69600.0,69620.0,69600.0,69605.0,21
2026-10-07 09:21:00-04:00,69585.0,69585.0,69595.0,69580.0,69595.0,8
2026-10-07 09:22:00-04:00,69565.0,69565.0,69585.0,69565.0,69585.0,5
2026-10-07 09:23:00-04:00,69575.0,69575.0,69575.0,69550.0,69550.0,49
2026-10-07 09:24:00-04:00,69545.0,69545.0,69575.0,69545.0,69575.0,67
2026-10-07 09:25:00-04:00,69545.0,69545.0,69545.0,69525.0,69540.0,60
2026-10-07 09:26:00-04:00,69525.0,69525.0,69535.0,69515.0,69535.0,19
2026-10-07 09:27:00-04:00,69520.0,69520.0,69530.0,69515.0,69530.0,16
2026-10-07 09:28:00-04:00,69500.0,69500.0,69525.0,69495.0,69525.0,21
2026-10-07 09:29:00-04:00,69515.0,69515.0,69525.0,69505.0,69505.0,23
2026-10-07 09:30:00-04:00,69515.0,69515.0,69540.0,69495.0,69520.0,68
2026-10-07 09:31:00-04:00,69505.0,69505.0,69540.0,69495.0,69515.0,145
2026-10-07 09:32:00-04:00,69470.0,69470.0,69505.0,69450.0,69505.0,55
2026-10-07 09:33:00-04:00,69470.0,69470.0,69490.0,69450.0,69470.0,48
2026-10-07 09:34:00-04:00,69455.0,69455.0,69480.0,69440.0,69470.0,68
2026-10-07 09:35:00-04:00,69470.0,69470.0,69490.0,69445.0,69455.0,48
2026-10-07 09:36:00-04:00,69440.0,69440.0,69480.0,69425.0,69475.0,27
2026-10-07 09:37:00-04:00,69325.0,69325.0,69430.0,69325.0,69430.0,78
2026-10-07 09:38:00-04:00,69265.0,69265.0,69325.0,69255.0,69325.0,131
2026-10-07 09:39:00-04:00,69280.0,69280.0,69285.0,69245.0,69255.0,149
2026-10-07 09:40:00-04:00,69245.0,69245.0,69275.0,69230.0,69270.0,45
2026-10-07 09:41:00-04:00,69225.0,69225.0,69255.0,69210.0,69240.0,28
2026-10-07 09:42:00-04:00,69255.0,69255.0,69255.0,69215.0,69220.0,20
2026-10-07 09:43:00-04:00,69230.0,69230.0,69265.0,69230.0,69260.0,29
2026-10-07 09:44:00-04:00,69285.0,69285.0,69325.0,69245.0,69245.0,69
2026-10-07 09:45:00-04:00,69315.0,69315.0,69325.0,69265.0,69290.0,37
2026-10-07 09:46:00-04:00,69260.0,69260.0,69320.0,69260.0,69320.0,24
2026-10-07 09:47:00-04:00,69230.0,69230.0,69260.0,69225.0,69255.0,45
2026-10-07 09:48:00-04:00,69280.0,69280.0,69305.0,69225.0,69225.0,30
2026-10-07 09:49:00-04:00,69295.0,69295.0,69310.0,69260.0,69265.0,50
2026-10-07 09:50:00-04:00,69355.0,69355.0,69360.0,69290.0,69290.0,135
2026-10-07 09:51:00-04:00,69355.0,69355.0,69360.0,69345.0,69355.0,37
2026-10-07 09:52:00-04:00,69340.0,69340.0,69355.0,69320.0,69350.0,22
2026-10-07 09:53:00-04:00,69310.0,69310.0,69355.0,69300.0,69335.0,16
2026-10-07 09:54:00-04:00,69315.0,69315.0,69355.0,69310.0,69320.0,28
2026-10-07 09:55:00-04:00,69280.0,69280.0,69330.0,69275.0,69320.0,20
2026-10-07 09:56:00-04:00,69265.0,69265.0,69295.0,69260.0,69285.0,38
2026-10-07 09:57:00-04:00,69295.0,69295.0,69295.0,69260.0,69260.0,17
2026-10-07 09:58:00-04:00,69355.0,69355.0,69360.0,69295.0,69300.0,22
2026-10-07 09:59:00-04:00,69370.0,69370.0,69370.0,69360.0,69370.0,16
2026-10-07 10:00:00-04:00,69305.0,69305.0,69365.0,69280.0,69365.0,48
2026-10-07 10:01:00-04:00,69330.0,69330.0,69355.0,69310.0,69310.0,19
2026-10-07 10:02:00-04:00,69295.0,69295.0,69325.0,69280.0,69325.0,20
2026-10-07 10:03:00-04:00,69330.0,69330.0,69330.0,69310.0,69315.0,14
2026-10-07 10:04:00-04:00,69320.0,69320.0,69325.0,69310.0,69325.0,23
2026-10-07 10:05:00-04:00,69345.0,69345.0,69345.0,69315.0,69315.0,22
2026-10-07 10:06:00-04:00,69345.0,69345.0,69345.0,69330.0,69330.0,3
2026-10-07 10:07:00-04:00,69320.0,69320.0,69355.0,69320.0,69340.0,15
2026-10-07 10:08:00-04:00,69325.0,69325.0,69335.0,69320.0,69330.0,19
2026-10-07 10:09:00-04:00,69305.0,69305.0,69325.0,69285.0,69325.0,75
2026-10-07 10:10:00-04:00,69300.0,69300.0,69310.0,69280.0,69310.0,22
2026-10-07 10:11:00-04:00,69310.0,69310.0,69315.0,69295.0,69300.0,102
2026-10-07 10:12:00-04:00,69280.0,69280.0,69320.0,69280.0,69320.0,26
2026-10-07 10:13:00-04:00,69250.0,69250.0,69285.0,69250.0,69275.0,57
2026-10-07 10:14:00-04:00,69280.0,69280.0,69290.0,69255.0,69255.0,65
2026-10-07 10:15:00-04:00,69285.0,69285.0,69310.0,69275.0,69280.0,46
2026-10-07 10:16:00-04:00,69310.0,69310.0,69310.0,69265.0,69265.0,41
2026-10-07 10:17:00-04:00,69335.0,69335.0,69345.0,69325.0,69330.0,38
2026-10-07 10:18:00-04:00,69330.0,69330.0,69360.0,69330.0,69340.0,26
2026-10-07 10:19:00-04:00,69320.0,69320.0,69335.0,69310.0,69320.0,74
2026-10-07 10:20:00-04:00,69330.0,69330.0,69350.0,69320.0,69325.0,30
2026-10-07 10:21:00-04:00,69375.0,69375.0,69380.0,69350.0,69380.0,30
2026-10-07 10:22:00-04:00,69360.0,69360.0,69380.0,69355.0,69380.0,22
2026-10-07 10:23:00-04:00,69365.0,69365.0,69370.0,69345.0,69360.0,27
2026-10-07 10:24:00-04:00,69405.0,69405.0,69410.0,69360.0,69370.0,26
2026-10-07 10:25:00-04:00,69430.0,69430.0,69440.0,69415.0,69415.0,18
2026-10-07 10:26:00-04:00,69430.0,69430.0,69445.0,69425.0,69425.0,29
2026-10-07 10:27:00-04:00,69445.0,69445.0,69445.0,69430.0,69430.0,3
2026-10-07 10:28:00-04:00,69435.0,69435.0,69440.0,69415.0,69430.0,17
2026-10-07 10:29:00-04:00,69435.0,69435.0,69435.0,69420.0,69430.0,21
2026-10-07 10:30:00-04:00,69415.0,69415.0,69455.0,69415.0,69430.0,53
2026-10-07 10:31:00-04:00,69485.0,69485.0,69485.0,69410.0,69415.0,18
2026-10-07 10:32:00-04:00,69495.0,69495.0,69515.0,69490.0,69490.0,30
2026-10-07 10:33:00-04:00,69490.0,69490.0,69515.0,69490.0,69500.0,11
2026-10-07 10:34:00-04:00,69500.0,69500.0,69500.0,69480.0,69480.0,4
2026-10-07 10:35:00-04:00,69490.0,69490.0,69490.0,69475.0,69490.0,6
2026-10-07 10:36:00-04:00,69485.0,69485.0,69520.0,69485.0,69490.0,58
2026-10-07 10:37:00-04:00,69495.0,69495.0,69495.0,69460.0,69485.0,29
2026-10-07 10:38:00-04:00,69510.0,69510.0,69510.0,69490.0,69500.0,6
2026-10-07 10:39:00-04:00,69530.0,69530.0,69530.0,69500.0,69500.0,8
2026-10-07 10:40:00-04:00,69550.0,69550.0,69555.0,69540.0,69540.0,11
2026-10-07 10:41:00-04:00,69580.0,69580.0,69585.0,69565.0,69570.0,22
2026-10-07 10:42:00-04:00,69585.0,69585.0,69595.0,69580.0,69585.0,16
2026-10-07 10:43:00-04:00,69570.0,69570.0,69585.0,69570.0,69585.0,49
2026-10-07 10:44:00-04:00,69580.0,69580.0,69585.0,69550.0,69565.0,26
2026-10-07 10:45:00-04:00,69540.0,69540.0,69575.0,69540.0,69565.0,16
2026-10-07 10:46:00-04:00,69515.0,69515.0,69545.0,69515.0,69540.0,14
2026-10-07 10:47:00-04:00,69540.0,69540.0,69550.0,69510.0,69515.0,18
2026-10-07 10:48:00-04:00,69535.0,69535.0,69555.0,69535.0,69545.0,6
2026-10-07 10:49:00-04:00,69540.0,69540.0,69540.0,69515.0,69515.0,6
2026-10-07 10:50:00-04:00,69545.0,69545.0,69550.0,69530.0,69540.0,18
2026-10-07 10:51:00-04:00,69570.0,69570.0,69570.0,69530.0,69555.0,31
2026-10-07 10:52:00-04:00,69560.0,69560.0,69570.0,69555.0,69555.0,34
2026-10-07 10:53:00-04:00,69555.0,69555.0,69570.0,69545.0,69550.0,15
2026-10-07 10:54:00-04:00,69610.0,69610.0,69640.0,69540.0,69540.0,175
2026-10-07 10:55:00-04:00,69620.0,69620.0,69620.0,69595.0,69605.0,44
2026-10-07 10:56:00-04:00,69620.0,69620.0,69650.0,69620.0,69635.0,35
2026-10-07 10:57:00-04:00,69650.0,69650.0,69650.0,69610.0,69615.0,17
2026-10-07 10:58:00-04:00,69635.0,69635.0,69635.0,69620.0,69630.0,50
2026-10-07 10:59:00-04:00,69660.0,69660.0,69665.0,69640.0,69645.0,123
2026-10-07 11:00:00-04:00,69615.0,69615.0,69655.0,69615.0,69655.0,31
2026-10-07 11:01:00-04:00,69595.0,69595.0,69620.0,69595.0,69615.0,14
2026-10-07 11:02:00-04:00,69610.0,69610.0,69625.0,69610.0,69615.0,10
2026-10-07 11:03:00-04:00,69590.0,69590.0,69590.0,69570.0,69585.0,12
2026-10-07 11:04:00-04:00,69620.0,69620.0,69625.0,69580.0,69580.0,21
2026-10-07 11:05:00-04:00,69635.0,69635.0,69660.0,69625.0,69625.0,20
2026-10-07 11:06:00-04:00,69635.0,69635.0,69640.0,69625.0,69630.0,44
2026-10-07 11:07:00-04:00,69615.0,69615.0,69640.0,69615.0,69640.0,12
2026-10-07 11:08:00-04:00,69635.0,69635.0,69640.0,69615.0,69625.0,12
2026-10-07 11:09:00-04:00,69635.0,69635.0,69635.0,69630.0,69630.0,9
2026-10-07 11:10:00-04:00,69615.0,69615.0,69620.0,69605.0,69620.0,9
2026-10-07 11:11:00-04:00,69640.0,69640.0,69640.0,69625.0,69625.0,8
2026-10-07 11:12:00-04:00,69635.0,69635.0,69650.0,69630.0,69645.0,10
2026-10-07 11:13:00-04:00,69715.0,69715.0,69735.0,69635.0,69635.0,153
2026-10-07 11:14:00-04:00,69675.0,69675.0,69710.0,69675.0,69710.0,68
2026-10-07 11:15:00-04:00,69670.0,69670.0,69680.0,69665.0,69665.0,5
2026-10-07 11:16:00-04:00,69650.0,69650.0,69665.0,69635.0,69665.0,66
2026-10-07 11:17:00-04:00,69605.0,69605.0,69650.0,69605.0,69650.0,60
2026-10-07 11:18:00-04:00,69595.0,69595.0,69610.0,69585.0,69600.0,27
2026-10-07 11:19:00-04:00,69585.0,69585.0,69595.0,69585.0,69590.0,19
2026-10-07 11:20:00-04:00,69595.0,69595.0,69595.0,69580.0,69595.0,11
2026-10-07 11:21:00-04:00,69565.0,69565.0,69565.0,69565.0,69565.0,3
2026-10-07 11:22:00-04:00,69570.0,69570.0,69570.0,69540.0,69555.0,18
2026-10-07 11:23:00-04:00,69570.0,69570.0,69570.0,69565.0,69565.0,4
2026-10-07 11:24:00-04:00,69560.0,69560.0,69560.0,69555.0,69560.0,3
2026-10-07 11:25:00-04:00,69570.0,69570.0,69570.0,69545.0,69545.0,8
2026-10-07 11:26:00-04:00,69590.0,69590.0,69590.0,69590.0,69590.0,1
2026-10-07 11:27:00-04:00,69595.0,69595.0,69615.0,69590.0,69615.0,12
2026-10-07 11:28:00-04:00,69610.0,69610.0,69610.0,69590.0,69590.0,4
2026-10-07 11:29:00-04:00,69620.0,69620.0,69630.0,69610.0,69610.0,12
2026-10-07 11:30:00-04:00,69630.0,69630.0,69630.0,69605.0,69630.0,60
2026-10-07 11:31:00-04:00,69635.0,69635.0,69635.0,69615.0,69615.0,18
2026-10-07 11:32:00-04:00,69640.0,69640.0,69670.0,69640.0,69655.0,10
2026-10-07 11:33:00-04:00,69650.0,69650.0,69665.0,69635.0,69645.0,78
2026-10-07 11:34:00-04:00,69645.0,69645.0,69645.0,69635.0,69635.0,13
2026-10-07 11:35:00-04:00,69685.0,69685.0,69685.0,69655.0,69655.0,17
2026-10-07 11:36:00-04:00,69710.0,69710.0,69710.0,69685.0,69700.0,50
2026-10-07 11:37:00-04:00,69735.0,69735.0,69740.0,69715.0,69715.0,36
2026-10-07 11:38:00-04:00,69745.0,69745.0,69745.0,69730.0,69740.0,15
2026-10-07 11:39:00-04:00,69730.0,69730.0,69750.0,69730.0,69740.0,16
2026-10-07 11:40:00-04:00,69740.0,69740.0,69740.0,69720.0,69735.0,22
2026-10-07 11:41:00-04:00,69745.0,69745.0,69750.0,69725.0,69735.0,14
2026-10-07 11:42:00-04:00,69730.0,69730.0,69740.0,69725.0,69725.0,40
2026-10-07 11:43:00-04:00,69735.0,69735.0,69740.0,69730.0,69730.0,16
2026-10-07 11:44:00-04:00,69745.0,69745.0,69755.0,69725.0,69730.0,18
2026-10-07 11:45:00-04:00,69750.0,69750.0,69750.0,69740.0,69740.0,6
2026-10-07 11:46:00-04:00,69765.0,69765.0,69770.0,69755.0,69755.0,40
2026-10-07 11:47:00-04:00,69765.0,69765.0,69775.0,69760.0,69765.0,14
2026-10-07 11:48:00-04:00,69790.0,69790.0,69790.0,69770.0,69770.0,14
2026-10-07 11:49:00-04:00,69770.0,69770.0,69785.0,69760.0,69785.0,13
2026-10-07 11:50:00-04:00,69795.0,69795.0,69805.0,69770.0,69770.0,23
2026-10-07 11:51:00-04:00,69785.0,69785.0,69805.0,69785.0,69790.0,15
2026-10-07 11:52:00-04:00,69785.0,69785.0,69785.0,69775.0,69780.0,7
2026-10-07 11:53:00-04:00,69780.0,69780.0,69780.0,69775.0,69780.0,7
2026-10-07 11:54:00-04:00,69785.0,69785.0,69785.0,69775.0,69775.0,2
2026-10-07 11:55:00-04:00,69795.0,69795.0,69795.0,69775.0,69785.0,12
2026-10-07 11:56:00-04:00,69795.0,69795.0,69800.0,69795.0,69795.0,6
2026-10-07 11:57:00-04:00,69800.0,69800.0,69805.0,69790.0,69790.0,15
2026-10-07 11:58:00-04:00,69790.0,69790.0,69805.0,69790.0,69800.0,5
2026-10-07 11:59:00-04:00,69790.0,69790.0,69790.0,69785.0,69790.0,4
2026-10-07 12:00:00-04:00,69815.0,69815.0,69815.0,69785.0,69785.0,12
2026-10-07 12:01:00-04:00,69760.0,69760.0,69830.0,69745.0,69810.0,183
2026-10-07 12:02:00-04:00,69795.0,69795.0,69795.0,69740.0,69760.0,142
2026-10-07 12:03:00-04:00,69810.0,69810.0,69825.0,69805.0,69810.0,18
2026-10-07 12:04:00-04:00,69825.0,69825.0,69825.0,69810.0,69815.0,9
2026-10-07 12:05:00-04:00,69835.0,69835.0,69835.0,69815.0,69820.0,5
2026-10-07 12:06:00-04:00,69855.0,69855.0,69855.0,69830.0,69835.0,39
2026-10-07 12:07:00-04:00,69845.0,69845.0,69865.0,69845.0,69865.0,9
2026-10-07 12:08:00-04:00,69825.0,69825.0,69850.0,69825.0,69850.0,12
2026-10-07 12:09:00-04:00,69830.0,69830.0,69835.0,69825.0,69830.0,9
2026-10-07 12:10:00-04:00,69830.0,69830.0,69840.0,69825.0,69825.0,11
2026-10-07 12:11:00-04:00,69835.0,69835.0,69840.0,69825.0,69830.0,5
2026-10-07 12:12:00-04:00,69825.0,69825.0,69845.0,69820.0,69835.0,8
2026-10-07 12:13:00-04:00,69825.0,69825.0,69825.0,69810.0,69810.0,4
2026-10-07 12:14:00-04:00,69820.0,69820.0,69825.0,69805.0,69825.0,8
2026-10-07 12:15:00-04:00,69810.0,69810.0,69810.0,69810.0,69810.0,1
2026-10-07 12:16:00-04:00,69795.0,69795.0,69815.0,69790.0,69815.0,6
2026-10-07 12:17:00-04:00,69795.0,69795.0,69800.0,69790.0,69800.0,17
2026-10-07 12:18:00-04:00,69795.0,69795.0,69795.0,69795.0,69795.0,14
2026-10-07 12:19:00-04:00,69785.0,69785.0,69785.0,69785.0,69785.0,4
2026-10-07 12:20:00-04:00,69790.0,69790.0,69795.0,69785.0,69785.0,7
2026-10-07 12:21:00-04:00,69795.0,69795.0,69795.0,69780.0,69780.0,3
2026-10-07 12:22:00-04:00,69815.0,69815.0,69815.0,69800.0,69800.0,20
2026-10-07 12:23:00-04:00,69810.0,69810.0,69815.0,69810.0,69815.0,6
2026-10-07 12:24:00-04:00,69805.0,69805.0,69825.0,69805.0,69825.0,5
2026-10-07 12:25:00-04:00,69800.0,69800.0,69815.0,69790.0,69815.0,18
2026-10-07 12:26:00-04:00,69795.0,69795.0,69810.0,69790.0,69810.0,14
2026-10-07 12:27:00-04:00,69790.0,69790.0,69795.0,69790.0,69790.0,7
2026-10-07 12:28:00-04:00,69785.0,69785.0,69795.0,69780.0,69795.0,10
2026-10-07 12:29:00-04:00,69780.0,69780.0,69790.0,69780.0,69790.0,19
2026-10-07 12:30:00-04:00,69775.0,69775.0,69780.0,69760.0,69780.0,38
2026-10-07 12:31:00-04:00,69770.0,69770.0,69775.0,69770.0,69770.0,27
2026-10-07 12:32:00-04:00,69780.0,69780.0,69785.0,69770.0,69775.0,20
2026-10-07 12:33:00-04:00,69785.0,69785.0,69785.0,69780.0,69780.0,14
2026-10-07 12:34:00-04:00,69760.0,69760.0,69780.0,69760.0,69780.0,13
2026-10-07 12:35:00-04:00,69750.0,69750.0,69755.0,69745.0,69750.0,5
2026-10-07 12:36:00-04:00,69755.0,69755.0,69755.0,69750.0,69750.0,7
2026-10-07 12:37:00-04:00,69745.0,69745.0,69765.0,69745.0,69765.0,5
2026-10-07 12:38:00-04:00,69760.0,69760.0,69785.0,69760.0,69760.0,26
2026-10-07 12:39:00-04:00,69745.0,69745.0,69755.0,69745.0,69755.0,13
2026-10-07 12:40:00-04:00,69750.0,69750.0,69750.0,69750.0,69750.0,1
2026-10-07 12:41:00-04:00,69755.0,69755.0,69760.0,69750.0,69755.0,14
2026-10-07 12:42:00-04:00,69740.0,69740.0,69750.0,69740.0,69750.0,3
2026-10-07 12:43:00-04:00,69735.0,69735.0,69740.0,69735.0,69740.0,7
2026-10-07 12:44:00-04:00,69750.0,69750.0,69750.0,69745.0,69745.0,4
2026-10-07 12:45:00-04:00,69770.0,69770.0,69780.0,69770.0,69770.0,7
2026-10-07 12:46:00-04:00,69770.0,69770.0,69815.0,69770.0,69780.0,65
2026-10-07 12:47:00-04:00,69750.0,69750.0,69770.0,69745.0,69770.0,20
2026-10-07 12:48:00-04:00,69750.0,69750.0,69765.0,69750.0,69765.0,12
2026-10-07 12:49:00-04:00,69765.0,69765.0,69775.0,69755.0,69755.0,8
2026-10-07 12:50:00-04:00,69760.0,69760.0,69770.0,69760.0,69770.0,3
2026-10-07 12:51:00-04:00,69770.0,69770.0,69770.0,69770.0,69770.0,3
2026-10-07 12:52:00-04:00,69750.0,69750.0,69755.0,69750.0,69755.0,3
2026-10-07 12:53:00-04:00,69740.0,69740.0,69750.0,69740.0,69750.0,4
2026-10-07 12:54:00-04:00,69740.0,69740.0,69745.0,69740.0,69745.0,3
2026-10-07 12:55:00-04:00,69750.0,69750.0,69750.0,69730.0,69730.0,6
2026-10-07 12:56:00-04:00,69750.0,69750.0,69750.0,69745.0,69750.0,10
2026-10-07 12:57:00-04:00,69750.0,69750.0,69750.0,69745.0,69745.0,6
2026-10-07 12:58:00-04:00,69740.0,69740.0,69740.0,69740.0,69740.0,3
2026-10-07 12:59:00-04:00,69750.0,69750.0,69750.0,69745.0,69745.0,2
2026-10-07 13:00:00-04:00,69740.0,69740.0,69750.0,69735.0,69750.0,4
2026-10-07 13:01:00-04:00,69730.0,69730.0,69745.0,69730.0,69745.0,6
2026-10-07 13:02:00-04:00,69835.0,69835.0,69840.0,69725.0,69725.0,245
2026-10-07 13:03:00-04:00,69810.0,69810.0,69865.0,69810.0,69835.0,35
2026-10-07 13:04:00-04:00,69805.0,69805.0,69815.0,69805.0,69810.0,19
2026-10-07 13:05:00-04:00,69810.0,69810.0,69810.0,69810.0,69810.0,1
2026-10-07 13:06:00-04:00,69840.0,69840.0,69860.0,69810.0,69810.0,27
2026-10-07 13:07:00-04:00,69825.0,69825.0,69830.0,69820.0,69830.0,8
2026-10-07 13:08:00-04:00,69860.0,69860.0,69875.0,69840.0,69845.0,33
2026-10-07 13:09:00-04:00,69870.0,69870.0,69875.0,69865.0,69865.0,9
2026-10-07 13:10:00-04:00,69855.0,69855.0,69860.0,69835.0,69860.0,35
2026-10-07 13:11:00-04:00,69850.0,69850.0,69870.0,69845.0,69850.0,35
2026-10-07 13:12:00-04:00,69840.0,69840.0,69840.0,69840.0,69840.0,3
2026-10-07 13:13:00-04:00,69830.0,69830.0,69830.0,69830.0,69830.0,1
2026-10-07 13:14:00-04:00,69850.0,69850.0,69850.0,69835.0,69840.0,4
2026-10-07 13:15:00-04:00,69830.0,69830.0,69835.0,69825.0,69830.0,19
2026-10-07 13:16:00-04:00,69840.0,69840.0,69845.0,69835.0,69835.0,9
2026-10-07 13:17:00-04:00,69830.0,69830.0,69840.0,69830.0,69840.0,5
2026-10-07 13:18:00-04:00,69860.0,69860.0,69860.0,69855.0,69855.0,3
2026-10-07 13:19:00-04:00,69860.0,69860.0,69860.0,69860.0,69860.0,2
2026-10-07 13:20:00-04:00,69880.0,69880.0,69905.0,69875.0,69875.0,19
2026-10-07 13:21:00-04:00,69870.0,69870.0,69875.0,69865.0,69875.0,4
2026-10-07 13:22:00-04:00,69865.0,69865.0,69875.0,69865.0,69875.0,4
2026-10-07 13:23:00-04:00,69880.0,69880.0,69880.0,69865.0,69870.0,11
2026-10-07 13:24:00-04:00,69855.0,69855.0,69875.0,69855.0,69875.0,11
2026-10-07 13:25:00-04:00,69850.0,69850.0,69855.0,69850.0,69850.0,8
2026-10-07 13:27:00-04:00,69830.0,69830.0,69835.0,69830.0,69835.0,2
2026-10-07 13:29:00-04:00,69820.0,69820.0,69820.0,69820.0,69820.0,3
2026-10-07 13:30:00-04:00,69820.0,69820.0,69820.0,69800.0,69805.0,9
2026-10-07 13:31:00-04:00,69810.0,69810.0,69830.0,69810.0,69820.0,10
2026-10-07 13:32:00-04:00,69810.0,69810.0,69810.0,69810.0,69810.0,3
2026-10-07 13:33:00-04:00,69815.0,69815.0,69825.0,69815.0,69825.0,2
2026-10-07 13:35:00-04:00,69830.0,69830.0,69840.0,69830.0,69840.0,2
2026-10-07 13:36:00-04:00,69825.0,69825.0,69825.0,69825.0,69825.0,3
2026-10-07 13:37:00-04:00,69805.0,69805.0,69815.0,69805.0,69815.0,3
2026-10-07 13:38:00-04:00,69810.0,69810.0,69810.0,69810.0,69810.0,1
2026-10-07 13:39:00-04:00,69815.0,69815.0,69815.0,69810.0,69810.0,5
2026-10-07 13:41:00-04:00,69825.0,69825.0,69825.0,69825.0,69825.0,1
2026-10-07 13:42:00-04:00,69820.0,69820.0,69820.0,69820.0,69820.0,1
2026-10-07 13:45:00-04:00,69825.0,69825.0,69825.0,69825.0,69825.0,4
2026-10-07 13:46:00-04:00,69825.0,69825.0,69845.0,69825.0,69825.0,11
2026-10-07 13:47:00-04:00,69815.0,69815.0,69845.0,69815.0,69835.0,8
2026-10-07 13:48:00-04:00,69810.0,69810.0,69810.0,69805.0,69805.0,2
2026-10-07 13:49:00-04:00,69800.0,69800.0,69800.0,69800.0,69800.0,2
2026-10-07 13:50:00-04:00,69780.0,69780.0,69795.0,69780.0,69795.0,34
2026-10-07 13:51:00-04:00,69780.0,69780.0,69790.0,69780.0,69790.0,2
2026-10-07 13:52:00-04:00,69780.0,69780.0,69780.0,69780.0,69780.0,1
2026-10-07 13:53:00-04:00,69785.0,69785.0,69785.0,69785.0,69785.0,2
2026-10-07 13:54:00-04:00,69775.0,69775.0,69780.0,69770.0,69780.0,13
2026-10-07 13:56:00-04:00,69780.0,69780.0,69780.0,69775.0,69780.0,13
2026-10-07 13:57:00-04:00,69785.0,69785.0,69785.0,69780.0,69780.0,3
2026-10-07 13:58:00-04:00,69790.0,69790.0,69790.0,69785.0,69785.0,5
2026-10-07 13:59:00-04:00,69810.0,69810.0,69815.0,69805.0,69805.0,9
2026-10-07 14:00:00-04:00,69795.0,69795.0,69820.0,69785.0,69805.0,57
2026-10-07 14:01:00-04:00,69775.0,69775.0,69805.0,69775.0,69805.0,10
2026-10-07 14:02:00-04:00,69775.0,69775.0,69775.0,69765.0,69765.0,5
2026-10-07 14:03:00-04:00,69785.0,69785.0,69785.0,69785.0,69785.0,2
2026-10-07 14:04:00-04:00,69835.0,69835.0,69835.0,69795.0,69795.0,4
2026-10-07 14:05:00-04:00,69875.0,69875.0,69875.0,69845.0,69845.0,17
2026-10-07 14:06:00-04:00,69870.0,69870.0,69880.0,69865.0,69875.0,22
2026-10-07 14:07:00-04:00,69835.0,69835.0,69865.0,69835.0,69865.0,6
2026-10-07 14:08:00-04:00,69830.0,69830.0,69840.0,69830.0,69840.0,3
2026-10-07 14:09:00-04:00,69835.0,69835.0,69835.0,69835.0,69835.0,2
2026-10-07 14:10:00-04:00,69835.0,69835.0,69840.0,69835.0,69840.0,3
2026-10-07 14:12:00-04:00,69845.0,69845.0,69845.0,69845.0,69845.0,1
2026-10-07 14:13:00-04:00,69835.0,69835.0,69835.0,69835.0,69835.0,1
2026-10-07 14:14:00-04:00,69840.0,69840.0,69840.0,69840.0,69840.0,1
2026-10-07 14:15:00-04:00,69845.0,69845.0,69845.0,69845.0,69845.0,1
2026-10-07 14:16:00-04:00,69845.0,69845.0,69845.0,69845.0,69845.0,2
2026-10-07 14:17:00-04:00,69845.0,69845.0,69850.0,69845.0,69850.0,3
2026-10-07 14:18:00-04:00,69840.0,69840.0,69840.0,69840.0,69840.0,1
2026-10-07 14:19:00-04:00,69840.0,69840.0,69840.0,69840.0,69840.0,1
2026-10-07 14:20:00-04:00,69840.0,69840.0,69850.0,69840.0,69850.0,8
2026-10-07 14:21:00-04:00,69835.0,69835.0,69835.0,69835.0,69835.0,1
2026-10-07 14:22:00-04:00,69850.0,69850.0,69850.0,69850.0,69850.0,2
2026-10-07 14:23:00-04:00,69840.0,69840.0,69840.0,69840.0,69840.0,2
2026-10-07 14:25:00-04:00,69840.0,69840.0,69840.0,69840.0,69840.0,1
2026-10-07 14:26:00-04:00,69860.0,69860.0,69860.0,69840.0,69840.0,2
2026-10-07 14:27:00-04:00,69870.0,69870.0,69875.0,69870.0,69875.0,3
2026-10-07 14:28:00-04:00,69880.0,69880.0,69885.0,69880.0,69885.0,5
2026-10-07 14:29:00-04:00,69880.0,69880.0,69885.0,69870.0,69870.0,11
2026-10-07 14:30:00-04:00,69880.0,69880.0,69880.0,69875.0,69880.0,4
2026-10-07 14:31:00-04:00,69875.0,69875.0,69880.0,69875.0,69880.0,9
2026-10-07 14:32:00-04:00,69890.0,69890.0,69890.0,69890.0,69890.0,5
2026-10-07 14:33:00-04:00,69875.0,69875.0,69890.0,69875.0,69890.0,4
2026-10-07 14:34:00-04:00,69860.0,69860.0,69865.0,69860.0,69865.0,4
2026-10-07 14:35:00-04:00,69870.0,69870.0,69875.0,69850.0,69860.0,22
2026-10-07 14:36:00-04:00,69845.0,69845.0,69860.0,69845.0,69860.0,3
2026-10-07 14:37:00-04:00,69840.0,69840.0,69845.0,69840.0,69845.0,2
2026-10-07 14:38:00-04:00,69815.0,69815.0,69815.0,69815.0,69815.0,1
2026-10-07 14:40:00-04:00,69810.0,69810.0,69810.0,69805.0,69805.0,3
2026-10-07 14:42:00-04:00,69820.0,69820.0,69825.0,69815.0,69815.0,5
2026-10-07 14:43:00-04:00,69815.0,69815.0,69840.0,69815.0,69825.0,18
2026-10-07 14:44:00-04:00,69830.0,69830.0,69830.0,69830.0,69830.0,4
2026-10-07 14:45:00-04:00,69830.0,69830.0,69835.0,69825.0,69825.0,3
2026-10-07 14:46:00-04:00,69850.0,69850.0,69850.0,69815.0,69815.0,42
2026-10-07 14:47:00-04:00,69845.0,69845.0,69845.0,69845.0,69845.0,2
2026-10-07 14:49:00-04:00,69860.0,69860.0,69860.0,69845.0,69845.0,5
2026-10-07 14:50:00-04:00,69865.0,69865.0,69870.0,69855.0,69855.0,4
2026-10-07 14:51:00-04:00,69865.0,69865.0,69865.0,69860.0,69860.0,4
2026-10-07 14:52:00-04:00,69865.0,69865.0,69865.0,69865.0,69865.0,2
2026-10-07 14:53:00-04:00,69855.0,69855.0,69865.0,69855.0,69865.0,2
2026-10-07 14:55:00-04:00,69870.0,69870.0,69875.0,69870.0,69870.0,9
2026-10-07 14:56:00-04:00,69875.0,69875.0,69875.0,69870.0,69870.0,2
2026-10-07 14:57:00-04:00,69875.0,69875.0,69875.0,69875.0,69875.0,2
2026-10-07 14:58:00-04:00,69850.0,69850.0,69865.0,69850.0,69865.0,3
2026-10-07 14:59:00-04:00,69855.0,69855.0,69855.0,69850.0,69855.0,3
2026-10-07 15:00:00-04:00,69855.0,69855.0,69870.0,69855.0,69870.0,11
2026-10-07 15:01:00-04:00,69870.0,69870.0,69870.0,69860.0,69865.0,5
2026-10-07 15:02:00-04:00,69850.0,69850.0,69860.0,69825.0,69860.0,64
2026-10-07 15:03:00-04:00,69795.0,69795.0,69845.0,69795.0,69845.0,55
2026-10-07 15:04:00-04:00,69790.0,69790.0,69800.0,69790.0,69790.0,26
2026-10-07 15:05:00-04:00,69820.0,69820.0,69820.0,69800.0,69800.0,5
2026-10-07 15:06:00-04:00,69780.0,69780.0,69810.0,69765.0,69810.0,70
2026-10-07 15:07:00-04:00,69785.0,69785.0,69795.0,69785.0,69790.0,12
2026-10-07 15:08:00-04:00,69810.0,69810.0,69810.0,69795.0,69795.0,4
2026-10-07 15:09:00-04:00,69825.0,69825.0,69825.0,69820.0,69820.0,9
2026-10-07 15:10:00-04:00,69825.0,69825.0,69830.0,69820.0,69820.0,5
2026-10-07 15:11:00-04:00,69845.0,69845.0,69850.0,69830.0,69830.0,8
2026-10-07 15:12:00-04:00,69845.0,69845.0,69850.0,69835.0,69835.0,10
2026-10-07 15:13:00-04:00,69840.0,69840.0,69855.0,69840.0,69845.0,8
2026-10-07 15:14:00-04:00,69830.0,69830.0,69840.0,69830.0,69840.0,9
2026-10-07 15:15:00-04:00,69815.0,69815.0,69825.0,69815.0,69825.0,2
2026-10-07 15:16:00-04:00,69825.0,69825.0,69830.0,69815.0,69815.0,6
2026-10-07 15:17:00-04:00,69860.0,69860.0,69860.0,69840.0,69840.0,5
2026-10-07 15:18:00-04:00,69865.0,69865.0,69865.0,69860.0,69860.0,2
2026-10-07 15:20:00-04:00,69815.0,69815.0,69845.0,69815.0,69845.0,3
2026-10-07 15:21:00-04:00,69820.0,69820.0,69825.0,69815.0,69815.0,4
2026-10-07 15:22:00-04:00,69830.0,69830.0,69830.0,69820.0,69820.0,4
2026-10-07 15:23:00-04:00,69830.0,69830.0,69830.0,69825.0,69825.0,12
2026-10-07 15:24:00-04:00,69840.0,69840.0,69845.0,69835.0,69835.0,6
2026-10-07 15:25:00-04:00,69835.0,69835.0,69835.0,69835.0,69835.0,1
2026-10-07 15:26:00-04:00,69850.0,69850.0,69850.0,69845.0,69850.0,3
2026-10-07 15:27:00-04:00,69845.0,69845.0,69845.0,69840.0,69840.0,3
2026-10-07 15:28:00-04:00,69845.0,69845.0,69845.0,69845.0,69845.0,3
2026-10-07 15:29:00-04:00,69840.0,69840.0,69840.0,69840.0,69840.0,1
2026-10-07 15:30:00-04:00,69880.0,69880.0,69880.0,69850.0,69850.0,13
2026-10-07 15:31:00-04:00,69880.0,69880.0,69890.0,69875.0,69885.0,36
2026-10-07 15:32:00-04:00,69875.0,69875.0,69880.0,69870.0,69870.0,16
2026-10-07 15:33:00-04:00,69885.0,69885.0,69885.0,69875.0,69875.0,9
2026-10-07 15:34:00-04:00,69875.0,69875.0,69890.0,69870.0,69890.0,10
2026-10-07 15:35:00-04:00,69865.0,69865.0,69870.0,69860.0,69870.0,14
2026-10-07 15:36:00-04:00,69855.0,69855.0,69860.0,69850.0,69860.0,8
2026-10-07 15:37:00-04:00,69850.0,69850.0,69855.0,69835.0,69855.0,21
2026-10-07 15:38:00-04:00,69865.0,69865.0,69865.0,69855.0,69855.0,16
2026-10-07 15:39:00-04:00,69850.0,69850.0,69865.0,69850.0,69865.0,13
2026-10-07 15:40:00-04:00,69845.0,69845.0,69855.0,69845.0,69850.0,13
2026-10-07 15:41:00-04:00,69850.0,69850.0,69850.0,69850.0,69850.0,1
2026-10-07 15:42:00-04:00,69870.0,69870.0,69870.0,69855.0,69860.0,4
2026-10-07 15:43:00-04:00,69870.0,69870.0,69870.0,69865.0,69870.0,8
2026-10-07 15:44:00-04:00,69875.0,69875.0,69875.0,69865.0,69865.0,7
2026-10-07 15:45:00-04:00,69870.0,69870.0,69875.0,69870.0,69870.0,16
2026-10-07 15:46:00-04:00,69860.0,69860.0,69865.0,69860.0,69865.0,6
2026-10-07 15:47:00-04:00,69855.0,69855.0,69860.0,69845.0,69860.0,24
2026-10-07 15:48:00-04:00,69820.0,69820.0,69850.0,69820.0,69850.0,16
2026-10-07 15:49:00-04:00,69825.0,69825.0,69825.0,69825.0,69825.0,6
2026-10-07 15:50:00-04:00,69860.0,69860.0,69865.0,69830.0,69830.0,43
2026-10-07 15:51:00-04:00,69855.0,69855.0,69865.0,69855.0,69865.0,2
2026-10-07 15:52:00-04:00,69830.0,69830.0,69835.0,69830.0,69835.0,3
2026-10-07 15:54:00-04:00,69850.0,69850.0,69855.0,69840.0,69855.0,15
2026-10-07 15:55:00-04:00,69880.0,69880.0,69885.0,69850.0,69855.0,43
2026-10-07 15:56:00-04:00,69865.0,69865.0,69875.0,69860.0,69875.0,7
2026-10-07 15:57:00-04:00,69860.0,69860.0,69870.0,69855.0,69865.0,26
2026-10-07 15:58:00-04:00,69845.0,69845.0,69860.0,69845.0,69855.0,23
2026-10-07 15:59:00-04:00,69845.0,69845.0,69865.0,69845.0,69845.0,78
2026-10-07 16:00:00-04:00,69840.0,69840.0,69850.0,69825.0,69845.0,33
2026-10-07 16:01:00-04:00,69845.0,69845.0,69850.0,69845.0,69845.0,7
2026-10-07 16:02:00-04:00,69825.0,69825.0,69835.0,69815.0,69835.0,11
2026-10-07 16:03:00-04:00,69820.0,69820.0,69825.0,69820.0,69825.0,2
2026-10-07 16:04:00-04:00,69825.0,69825.0,69825.0,69810.0,69810.0,7
2026-10-07 16:05:00-04:00,69830.0,69830.0,69830.0,69825.0,69825.0,4
2026-10-07 16:06:00-04:00,69830.0,69830.0,69830.0,69825.0,69830.0,5
2026-10-07 16:07:00-04:00,69840.0,69840.0,69850.0,69840.0,69845.0,6
2026-10-07 16:08:00-04:00,69830.0,69830.0,69845.0,69830.0,69845.0,5
2026-10-07 16:09:00-04:00,69820.0,69820.0,69830.0,69820.0,69830.0,7
2026-10-07 16:11:00-04:00,69820.0,69820.0,69820.0,69810.0,69810.0,8
2026-10-07 16:12:00-04:00,69825.0,69825.0,69825.0,69825.0,69825.0,2
2026-10-07 16:15:00-04:00,69850.0,69850.0,69850.0,69830.0,69830.0,8
2026-10-07 16:16:00-04:00,69840.0,69840.0,69845.0,69840.0,69845.0,4
2026-10-07 16:17:00-04:00,69845.0,69845.0,69845.0,69845.0,69845.0,1
2026-10-07 16:18:00-04:00,69825.0,69825.0,69840.0,69825.0,69840.0,16
2026-10-07 16:19:00-04:00,69825.0,69825.0,69825.0,69820.0,69820.0,4
2026-10-07 16:21:00-04:00,69820.0,69820.0,69820.0,69820.0,69820.0,1
2026-10-07 16:22:00-04:00,69825.0,69825.0,69825.0,69825.0,69825.0,2
2026-10-07 16:25:00-04:00,69830.0,69830.0,69830.0,69825.0,69825.0,3
2026-10-07 16:27:00-04:00,69835.0,69835.0,69835.0,69835.0,69835.0,1
2026-10-07 16:34:00-04:00,69825.0,69825.0,69825.0,69825.0,69825.0,1
2026-10-07 16:36:00-04:00,69810.0,69810.0,69815.0,69810.0,69815.0,5
2026-10-07 16:37:00-04:00,69805.0,69805.0,69805.0,69805.0,69805.0,1
2026-10-07 16:40:00-04:00,69815.0,69815.0,69815.0,69805.0,69805.0,5
2026-10-07 16:43:00-04:00,69815.0,69815.0,69815.0,69815.0,69815.0,3
2026-10-07 16:46:00-04:00,69840.0,69840.0,69840.0,69840.0,69840.0,1
2026-10-07 16:48:00-04:00,69835.0,69835.0,69835.0,69835.0,69835.0,3
2026-10-07 16:49:00-04:00,69835.0,69835.0,69835.0,69835.0,69835.0,1
2026-10-07 16:50:00-04:00,69840.0,69840.0,69840.0,69840.0,69840.0,1
2026-10-07 16:51:00-04:00,69840.0,69840.0,69840.0,69840.0,69840.0,2
2026-10-07 16:52:00-04:00,69835.0,69835.0,69835.0,69835.0,69835.0,2
2026-10-07 16:54:00-04:00,69825.0,69825.0,69840.0,69825.0,69840.0,5
2026-10-07 16:55:00-04:00,69825.0,69825.0,69825.0,69820.0,69825.0,6
2026-10-07 16:56:00-04:00,69815.0,69815.0,69820.0,69815.0,69820.0,4
2026-10-07 16:57:00-04:00,69810.0,69810.0,69815.0,69805.0,69810.0,5
2026-10-07 16:58:00-04:00,69810.0,69810.0,69815.0,69805.0,69810.0,10
2026-10-07 16:59:00-04:00,69805.0,69805.0,69810.0,69805.0,69805.0,4
2026-10-07 18:04:00-04:00,69850.0,69850.0,69850.0,69850.0,69850.0,0
2026-10-07 18:05:00-04:00,70015.0,70015.0,70015.0,69935.0,69935.0,15
2026-10-07 18:06:00-04:00,69975.0,69975.0,69990.0,69975.0,69990.0,9
2026-10-07 18:07:00-04:00,69925.0,69925.0,69940.0,69920.0,69940.0,8
2026-10-07 18:09:00-04:00,69925.0,69925.0,69925.0,69925.0,69925.0,2
2026-10-07 18:15:00-04:00,69945.0,69945.0,69945.0,69930.0,69930.0,6
2026-10-07 18:17:00-04:00,69935.0,69935.0,69945.0,69935.0,69945.0,2
2026-10-07 18:19:00-04:00,69945.0,69945.0,69945.0,69945.0,69945.0,1
2026-10-07 18:20:00-04:00,69955.0,69955.0,69955.0,69955.0,69955.0,2
2026-10-07 18:23:00-04:00,69975.0,69975.0,69975.0,69975.0,69975.0,2
2026-10-07 18:24:00-04:00,69975.0,69975.0,69975.0,69960.0,69965.0,6
2026-10-07 18:25:00-04:00,69950.0,69950.0,69950.0,69950.0,69950.0,2
2026-10-07 18:29:00-04:00,69960.0,69960.0,69980.0,69955.0,69955.0,11
2026-10-07 18:31:00-04:00,69965.0,69965.0,69965.0,69960.0,69960.0,3
2026-10-07 18:45:00-04:00,69895.0,69895.0,69920.0,69895.0,69920.0,14
2026-10-07 18:47:00-04:00,69905.0,69905.0,69915.0,69905.0,69915.0,3
2026-10-07 18:56:00-04:00,69895.0,69895.0,69900.0,69895.0,69900.0,4
2026-10-07 18:58:00-04:00,69880.0,69880.0,69880.0,69880.0,69880.0,2
2026-10-07 19:00:00-04:00,69895.0,69895.0,69895.0,69890.0,69890.0,2
2026-10-07 19:01:00-04:00,69885.0,69885.0,69900.0,69885.0,69900.0,8
2026-10-07 19:02:00-04:00,69920.0,69920.0,69930.0,69915.0,69915.0,6
2026-10-07 19:04:00-04:00,69935.0,69935.0,69935.0,69930.0,69935.0,40
2026-10-07 19:05:00-04:00,69920.0,69920.0,69935.0,69915.0,69935.0,7
2026-10-07 19:08:00-04:00,69910.0,69910.0,69910.0,69910.0,69910.0,1
2026-10-07 19:10:00-04:00,69915.0,69915.0,69915.0,69915.0,69915.0,2
2026-10-07 19:11:00-04:00,69915.0,69915.0,69915.0,69910.0,69915.0,3
2026-10-07 19:12:00-04:00,69910.0,69910.0,69910.0,69910.0,69910.0,2
2026-10-07 19:13:00-04:00,69915.0,69915.0,69915.0,69915.0,69915.0,4
2026-10-07 19:14:00-04:00,69920.0,69920.0,69920.0,69920.0,69920.0,1
2026-10-07 19:15:00-04:00,69955.0,69955.0,69955.0,69925.0,69925.0,6
2026-10-07 19:16:00-04:00,69955.0,69955.0,69955.0,69935.0,69955.0,11
2026-10-07 19:19:00-04:00,69970.0,69970.0,69970.0,69965.0,69965.0,4
2026-10-07 19:20:00-04:00,69955.0,69955.0,69965.0,69955.0,69965.0,2
2026-10-07 19:21:00-04:00,69955.0,69955.0,69965.0,69955.0,69960.0,20
2026-10-07 19:22:00-04:00,69980.0,69980.0,69980.0,69965.0,69965.0,13
2026-10-07 19:23:00-04:00,69980.0,69980.0,69985.0,69975.0,69975.0,7
2026-10-07 19:24:00-04:00,69980.0,69980.0,69980.0,69980.0,69980.0,4
2026-10-07 19:25:00-04:00,69955.0,69955.0,69960.0,69955.0,69960.0,5
2026-10-07 19:26:00-04:00,69955.0,69955.0,69955.0,69955.0,69955.0,3
2026-10-07 19:27:00-04:00,69955.0,69955.0,69955.0,69955.0,69955.0,3
2026-10-07 19:28:00-04:00,69945.0,69945.0,69955.0,69945.0,69955.0,4
2026-10-07 19:29:00-04:00,69925.0,69925.0,69940.0,69920.0,69940.0,21
2026-10-07 19:30:00-04:00,69920.0,69920.0,69940.0,69910.0,69920.0,29
2026-10-07 19:31:00-04:00,69935.0,69935.0,69945.0,69930.0,69930.0,27
2026-10-07 19:32:00-04:00,69930.0,69930.0,69935.0,69930.0,69930.0,5
2026-10-07 19:33:00-04:00,69945.0,69945.0,69955.0,69925.0,69925.0,7
2026-10-07 19:35:00-04:00,69955.0,69955.0,69960.0,69955.0,69960.0,6
2026-10-07 19:36:00-04:00,69960.0,69960.0,69975.0,69955.0,69955.0,10
2026-10-07 19:37:00-04:00,69945.0,69945.0,69955.0,69945.0,69945.0,9
2026-10-07 19:38:00-04:00,69960.0,69960.0,69960.0,69950.0,69950.0,2
2026-10-07 19:40:00-04:00,69960.0,69960.0,69960.0,69960.0,69960.0,1
2026-10-07 19:41:00-04:00,69950.0,69950.0,69970.0,69950.0,69970.0,17
2026-10-07 19:42:00-04:00,69950.0,69950.0,69950.0,69950.0,69950.0,2
2026-10-07 19:43:00-04:00,69955.0,69955.0,69955.0,69950.0,69950.0,9
2026-10-07 19:44:00-04:00,69985.0,69985.0,70005.0,69965.0,69965.0,40
2026-10-07 19:45:00-04:00,69935.0,69935.0,70020.0,69925.0,69990.0,375
2026-10-07 19:46:00-04:00,69965.0,69965.0,69975.0,69915.0,69940.0,82
2026-10-07 19:47:00-04:00,69940.0,69940.0,70000.0,69940.0,69975.0,73
2026-10-07 19:48:00-04:00,69975.0,69975.0,69985.0,69930.0,69935.0,28
2026-10-07 19:49:00-04:00,69990.0,69990.0,70000.0,69975.0,69985.0,23
2026-10-07 19:50:00-04:00,70035.0,70035.0,70045.0,69985.0,69995.0,23
2026-10-07 19:51:00-04:00,70060.0,70060.0,70095.0,70020.0,70035.0,54
2026-10-07 19:52:00-04:00,70075.0,70075.0,70100.0,70050.0,70055.0,50
2026-10-07 19:53:00-04:00,70060.0,70060.0,70115.0,70040.0,70085.0,51
2026-10-07 19:54:00-04:00,70090.0,70090.0,70090.0,70050.0,70065.0,26
2026-10-07 19:55:00-04:00,70030.0,70030.0,70100.0,70030.0,70085.0,42
2026-10-07 19:56:00-04:00,70025.0,70025.0,70060.0,70010.0,70030.0,25
2026-10-07 19:57:00-04:00,70040.0,70040.0,70060.0,70035.0,70035.0,21
2026-10-07 19:58:00-04:00,70025.0,70025.0,70055.0,69995.0,70035.0,66
2026-10-07 19:59:00-04:00,70025.0,70025.0,70045.0,69940.0,70045.0,127
2026-10-07 20:00:00-04:00,69990.0,69990.0,70140.0,69985.0,70040.0,349
2026-10-07 20:01:00-04:00,69880.0,69880.0,70030.0,69865.0,69960.0,113
2026-10-07 20:02:00-04:00,69890.0,69890.0,69950.0,69860.0,69875.0,80
2026-10-07 20:03:00-04:00,69870.0,69870.0,69880.0,69850.0,69875.0,34
2026-10-07 20:04:00-04:00,69800.0,69800.0,69865.0,69785.0,69860.0,62
2026-10-07 20:05:00-04:00,69820.0,69820.0,69870.0,69790.0,69820.0,50
2026-10-07 20:06:00-04:00,69810.0,69810.0,69870.0,69810.0,69835.0,42
2026-10-07 20:07:00-04:00,69825.0,69825.0,69845.0,69805.0,69820.0,17
2026-10-07 20:08:00-04:00,69770.0,69770.0,69815.0,69770.0,69815.0,12
2026-10-07 20:09:00-04:00,69775.0,69775.0,69800.0,69745.0,69750.0,30
2026-10-07 20:10:00-04:00,69730.0,69730.0,69780.0,69725.0,69780.0,13
2026-10-07 20:11:00-04:00,69735.0,69735.0,69760.0,69730.0,69750.0,21
2026-10-07 20:12:00-04:00,69820.0,69820.0,69830.0,69720.0,69735.0,37
2026-10-07 20:13:00-04:00,69770.0,69770.0,69810.0,69770.0,69810.0,24
2026-10-07 20:14:00-04:00,69720.0,69720.0,69770.0,69715.0,69770.0,23
2026-10-07 20:15:00-04:00,69740.0,69740.0,69770.0,69725.0,69725.0,27
2026-10-07 20:16:00-04:00,69735.0,69735.0,69740.0,69695.0,69725.0,27
2026-10-07 20:17:00-04:00,69820.0,69820.0,69820.0,69745.0,69745.0,33
2026-10-07 20:18:00-04:00,69850.0,69850.0,69865.0,69815.0,69825.0,30
2026-10-07 20:19:00-04:00,69780.0,69780.0,69830.0,69765.0,69825.0,26
2026-10-07 20:20:00-04:00,69810.0,69810.0,69855.0,69795.0,69820.0,37
2026-10-07 20:21:00-04:00,69810.0,69810.0,69835.0,69790.0,69795.0,23
2026-10-07 20:22:00-04:00,69860.0,69860.0,69895.0,69855.0,69860.0,31
2026-10-07 20:23:00-04:00,69860.0,69860.0,69905.0,69860.0,69865.0,11
2026-10-07 20:24:00-04:00,69795.0,69795.0,69900.0,69795.0,69890.0,24
2026-10-07 20:25:00-04:00,69750.0,69750.0,69790.0,69750.0,69770.0,13
2026-10-07 20:26:00-04:00,69755.0,69755.0,69765.0,69735.0,69745.0,17
2026-10-07 20:27:00-04:00,69750.0,69750.0,69775.0,69740.0,69760.0,13
2026-10-07 20:28:00-04:00,69730.0,69730.0,69750.0,69725.0,69730.0,7
2026-10-07 20:29:00-04:00,69675.0,69675.0,69735.0,69655.0,69735.0,18
2026-10-07 20:30:00-04:00,69660.0,69660.0,69670.0,69635.0,69655.0,42
2026-10-07 20:31:00-04:00,69635.0,69635.0,69670.0,69620.0,69625.0,24
2026-10-07 20:32:00-04:00,69580.0,69580.0,69625.0,69575.0,69615.0,35
2026-10-07 20:33:00-04:00,69610.0,69610.0,69610.0,69585.0,69600.0,23
2026-10-07 20:34:00-04:00,69595.0,69595.0,69625.0,69590.0,69595.0,21
2026-10-07 20:35:00-04:00,69550.0,69550.0,69600.0,69540.0,69600.0,19
2026-10-07 20:36:00-04:00,69560.0,69560.0,69570.0,69545.0,69545.0,24
2026-10-07 20:37:00-04:00,69530.0,69530.0,69550.0,69530.0,69550.0,11
2026-10-07 20:38:00-04:00,69530.0,69530.0,69555.0,69530.0,69540.0,8
2026-10-07 20:39:00-04:00,69490.0,69490.0,69535.0,69490.0,69530.0,12
2026-10-07 20:40:00-04:00,69435.0,69435.0,69490.0,69420.0,69485.0,37
2026-10-07 20:41:00-04:00,69420.0,69420.0,69450.0,69360.0,69440.0,101
2026-10-07 20:42:00-04:00,69435.0,69435.0,69435.0,69360.0,69410.0,109
2026-10-07 20:43:00-04:00,69445.0,69445.0,69470.0,69445.0,69470.0,12
2026-10-07 20:44:00-04:00,69420.0,69420.0,69450.0,69410.0,69445.0,37
2026-10-07 20:45:00-04:00,69480.0,69480.0,69485.0,69415.0,69435.0,56
2026-10-07 20:46:00-04:00,69490.0,69490.0,69495.0,69450.0,69460.0,17
2026-10-07 20:47:00-04:00,69475.0,69475.0,69485.0,69460.0,69475.0,19
2026-10-07 20:48:00-04:00,69455.0,69455.0,69495.0,69430.0,69475.0,13
2026-10-07 20:49:00-04:00,69440.0,69440.0,69475.0,69440.0,69470.0,25
2026-10-07 20:50:00-04:00,69470.0,69470.0,69475.0,69425.0,69425.0,10
2026-10-07 20:51:00-04:00,69495.0,69495.0,69500.0,69475.0,69485.0,14
2026-10-07 20:52:00-04:00,69565.0,69565.0,69565.0,69495.0,69510.0,30
2026-10-07 20:53:00-04:00,69570.0,69570.0,69585.0,69565.0,69575.0,11
2026-10-07 20:54:00-04:00,69585.0,69585.0,69595.0,69575.0,69585.0,11
2026-10-07 20:55:00-04:00,69535.0,69535.0,69575.0,69530.0,69575.0,16
2026-10-07 20:56:00-04:00,69500.0,69500.0,69535.0,69495.0,69525.0,23
2026-10-07 20:57:00-04:00,69500.0,69500.0,69510.0,69470.0,69490.0,19
2026-10-07 20:58:00-04:00,69490.0,69490.0,69515.0,69490.0,69515.0,10
2026-10-07 20:59:00-04:00,69500.0,69500.0,69500.0,69485.0,69495.0,8
2026-10-07 21:00:00-04:00,69530.0,69530.0,69530.0,69495.0,69495.0,18
2026-10-07 21:01:00-04:00,69550.0,69550.0,69550.0,69530.0,69535.0,13
2026-10-07 21:02:00-04:00,69550.0,69550.0,69550.0,69500.0,69525.0,13
2026-10-07 21:03:00-04:00,69530.0,69530.0,69575.0,69520.0,69565.0,37
2026-10-07 21:04:00-04:00,69515.0,69515.0,69535.0,69500.0,69535.0,26
2026-10-07 21:05:00-04:00,69490.0,69490.0,69520.0,69490.0,69520.0,11
2026-10-07 21:06:00-04:00,69485.0,69485.0,69525.0,69485.0,69490.0,22
2026-10-07 21:07:00-04:00,69475.0,69475.0,69495.0,69475.0,69485.0,9
2026-10-07 21:08:00-04:00,69485.0,69485.0,69500.0,69480.0,69480.0,9
2026-10-07 21:09:00-04:00,69475.0,69475.0,69515.0,69475.0,69485.0,57
2026-10-07 21:10:00-04:00,69435.0,69435.0,69465.0,69435.0,69465.0,14
2026-10-07 21:11:00-04:00,69500.0,69500.0,69500.0,69435.0,69455.0,15
2026-10-07 21:12:00-04:00,69545.0,69545.0,69585.0,69500.0,69500.0,59
2026-10-07 21:13:00-04:00,69515.0,69515.0,69555.0,69515.0,69545.0,16
2026-10-07 21:14:00-04:00,69525.0,69525.0,69535.0,69515.0,69535.0,8
2026-10-07 21:15:00-04:00,69520.0,69520.0,69530.0,69490.0,69530.0,16
2026-10-07 21:16:00-04:00,69575.0,69575.0,69580.0,69525.0,69525.0,9
2026-10-07 21:17:00-04:00,69605.0,69605.0,69605.0,69580.0,69580.0,14
2026-10-07 21:18:00-04:00,69600.0,69600.0,69620.0,69600.0,69610.0,10
2026-10-07 21:19:00-04:00,69590.0,69590.0,69610.0,69575.0,69600.0,14
2026-10-07 21:20:00-04:00,69585.0,69585.0,69645.0,69585.0,69585.0,31
2026-10-07 21:21:00-04:00,69575.0,69575.0,69590.0,69570.0,69585.0,15
2026-10-07 21:22:00-04:00,69555.0,69555.0,69570.0,69555.0,69570.0,3
2026-10-07 21:23:00-04:00,69585.0,69585.0,69585.0,69535.0,69535.0,8
2026-10-07 21:24:00-04:00,69585.0,69585.0,69615.0,69585.0,69585.0,13
2026-10-07 21:25:00-04:00,69570.0,69570.0,69600.0,69550.0,69595.0,11
2026-10-07 21:26:00-04:00,69560.0,69560.0,69585.0,69545.0,69555.0,18
2026-10-07 21:27:00-04:00,69535.0,69535.0,69565.0,69535.0,69565.0,9
2026-10-07 21:28:00-04:00,69545.0,69545.0,69555.0,69505.0,69530.0,15
2026-10-07 21:29:00-04:00,69565.0,69565.0,69575.0,69560.0,69560.0,9
2026-10-07 21:30:00-04:00,69555.0,69555.0,69555.0,69535.0,69545.0,14
2026-10-07 21:31:00-04:00,69545.0,69545.0,69555.0,69545.0,69545.0,7
2026-10-07 21:32:00-04:00,69595.0,69595.0,69600.0,69560.0,69560.0,30
2026-10-07 21:33:00-04:00,69665.0,69665.0,69670.0,69600.0,69600.0,31
2026-10-07 21:34:00-04:00,69640.0,69640.0,69665.0,69640.0,69655.0,17
2026-10-07 21:35:00-04:00,69650.0,69650.0,69655.0,69645.0,69650.0,8
2026-10-07 21:36:00-04:00,69625.0,69625.0,69645.0,69625.0,69645.0,5
2026-10-07 21:37:00-04:00,69620.0,69620.0,69625.0,69610.0,69625.0,10
2026-10-07 21:38:00-04:00,69585.0,69585.0,69625.0,69585.0,69620.0,22
2026-10-07 21:39:00-04:00,69655.0,69655.0,69655.0,69595.0,69595.0,10
2026-10-07 21:40:00-04:00,69660.0,69660.0,69665.0,69640.0,69655.0,36
2026-10-07 21:41:00-04:00,69655.0,69655.0,69680.0,69655.0,69660.0,21
2026-10-07 21:42:00-04:00,69680.0,69680.0,69690.0,69655.0,69655.0,18
2026-10-07 21:43:00-04:00,69695.0,69695.0,69710.0,69685.0,69685.0,15
2026-10-07 21:44:00-04:00,69655.0,69655.0,69685.0,69650.0,69685.0,13
2026-10-07 21:45:00-04:00,69670.0,69670.0,69680.0,69655.0,69655.0,11
2026-10-07 21:46:00-04:00,69755.0,69755.0,69755.0,69690.0,69690.0,14
2026-10-07 21:47:00-04:00,69790.0,69790.0,69790.0,69755.0,69770.0,29
2026-10-07 21:48:00-04:00,69750.0,69750.0,69780.0,69735.0,69780.0,16
2026-10-07 21:49:00-04:00,69785.0,69785.0,69790.0,69750.0,69750.0,11
2026-10-07 21:50:00-04:00,69780.0,69780.0,69810.0,69775.0,69805.0,10
2026-10-07 21:51:00-04:00,69750.0,69750.0,69780.0,69750.0,69780.0,4
2026-10-07 21:52:00-04:00,69720.0,69720.0,69765.0,69715.0,69755.0,6
2026-10-07 21:53:00-04:00,69700.0,69700.0,69710.0,69700.0,69705.0,6
2026-10-07 21:54:00-04:00,69680.0,69680.0,69705.0,69675.0,69695.0,11
2026-10-07 21:55:00-04:00,69655.0,69655.0,69675.0,69655.0,69670.0,14
2026-10-07 21:56:00-04:00,69665.0,69665.0,69695.0,69665.0,69695.0,4
2026-10-07 21:57:00-04:00,69660.0,69660.0,69660.0,69660.0,69660.0,1
2026-10-07 21:58:00-04:00,69615.0,69615.0,69660.0,69615.0,69660.0,5
2026-10-07 21:59:00-04:00,69610.0,69610.0,69610.0,69590.0,69605.0,8
2026-10-07 22:00:00-04:00,69590.0,69590.0,69630.0,69590.0,69630.0,12
2026-10-07 22:01:00-04:00,69585.0,69585.0,69610.0,69575.0,69575.0,9
2026-10-07 22:02:00-04:00,69555.0,69555.0,69585.0,69540.0,69585.0,19
2026-10-07 22:03:00-04:00,69565.0,69565.0,69565.0,69565.0,69565.0,1
2026-10-07 22:04:00-04:00,69565.0,69565.0,69580.0,69565.0,69580.0,2
2026-10-07 22:05:00-04:00,69570.0,69570.0,69575.0,69560.0,69575.0,4
2026-10-07 22:06:00-04:00,69580.0,69580.0,69595.0,69580.0,69595.0,5
2026-10-07 22:07:00-04:00,69540.0,69540.0,69600.0,69540.0,69600.0,6
2026-10-07 22:08:00-04:00,69555.0,69555.0,69560.0,69550.0,69555.0,9
2026-10-07 22:09:00-04:00,69545.0,69545.0,69565.0,69545.0,69565.0,4
2026-10-07 22:10:00-04:00,69530.0,69530.0,69535.0,69520.0,69530.0,8
2026-10-07 22:11:00-04:00,69515.0,69515.0,69520.0,69505.0,69520.0,4
2026-10-07 22:12:00-04:00,69510.0,69510.0,69515.0,69510.0,69515.0,2
2026-10-07 22:13:00-04:00,69520.0,69520.0,69520.0,69500.0,69505.0,10
2026-10-07 22:14:00-04:00,69500.0,69500.0,69515.0,69500.0,69515.0,4
2026-10-07 22:15:00-04:00,69535.0,69535.0,69535.0,69525.0,69525.0,5
2026-10-07 22:16:00-04:00,69535.0,69535.0,69535.0,69515.0,69515.0,4
2026-10-07 22:17:00-04:00,69555.0,69555.0,69555.0,69550.0,69550.0,2
2026-10-07 22:18:00-04:00,69570.0,69570.0,69580.0,69565.0,69565.0,17
2026-10-07 22:19:00-04:00,69570.0,69570.0,69570.0,69555.0,69555.0,4
2026-10-07 22:20:00-04:00,69600.0,69600.0,69605.0,69590.0,69590.0,5
2026-10-07 22:21:00-04:00,69595.0,69595.0,69600.0,69595.0,69600.0,4
2026-10-07 22:22:00-04:00,69635.0,69635.0,69635.0,69575.0,69575.0,4
2026-10-07 22:23:00-04:00,69630.0,69630.0,69630.0,69615.0,69620.0,8
2026-10-07 22:24:00-04:00,69605.0,69605.0,69605.0,69605.0,69605.0,1
2026-10-07 22:25:00-04:00,69595.0,69595.0,69600.0,69595.0,69600.0,4
2026-10-07 22:26:00-04:00,69625.0,69625.0,69625.0,69615.0,69615.0,6
2026-10-07 22:27:00-04:00,69595.0,69595.0,69615.0,69595.0,69615.0,3
2026-10-07 22:28:00-04:00,69575.0,69575.0,69575.0,69575.0,69575.0,2
2026-10-07 22:29:00-04:00,69545.0,69545.0,69570.0,69545.0,69570.0,7
2026-10-07 22:30:00-04:00,69590.0,69590.0,69590.0,69590.0,69590.0,1
2026-10-07 22:31:00-04:00,69625.0,69625.0,69630.0,69625.0,69630.0,5
2026-10-07 22:32:00-04:00,69685.0,69685.0,69685.0,69680.0,69680.0,7
2026-10-07 22:33:00-04:00,69695.0,69695.0,69695.0,69680.0,69685.0,7
2026-10-07 22:34:00-04:00,69735.0,69735.0,69740.0,69715.0,69720.0,9
2026-10-07 22:35:00-04:00,69755.0,69755.0,69760.0,69745.0,69745.0,7
2026-10-07 22:36:00-04:00,69715.0,69715.0,69740.0,69715.0,69740.0,8
2026-10-07 22:37:00-04:00,69730.0,69730.0,69745.0,69730.0,69740.0,6
2026-10-07 22:38:00-04:00,69740.0,69740.0,69740.0,69740.0,69740.0,1
2026-10-07 22:39:00-04:00,69690.0,69690.0,69725.0,69690.0,69720.0,6
2026-10-07 22:40:00-04:00,69700.0,69700.0,69700.0,69690.0,69690.0,2
2026-10-07 22:41:00-04:00,69670.0,69670.0,69675.0,69670.0,69675.0,6
2026-10-07 22:42:00-04:00,69695.0,69695.0,69695.0,69695.0,69695.0,2
2026-10-07 22:43:00-04:00,69700.0,69700.0,69700.0,69695.0,69695.0,2
2026-10-07 22:44:00-04:00,69695.0,69695.0,69710.0,69695.0,69710.0,4
2026-10-07 22:45:00-04:00,69690.0,69690.0,69690.0,69680.0,69690.0,3
2026-10-07 22:46:00-04:00,69725.0,69725.0,69725.0,69710.0,69710.0,8
2026-10-07 22:47:00-04:00,69675.0,69675.0,69705.0,69670.0,69705.0,14
2026-10-07 22:48:00-04:00,69670.0,69670.0,69670.0,69670.0,69670.0,1
2026-10-07 22:49:00-04:00,69675.0,69675.0,69675.0,69675.0,69675.0,3
2026-10-07 22:51:00-04:00,69690.0,69690.0,69690.0,69680.0,69680.0,4
2026-10-07 22:52:00-04:00,69690.0,69690.0,69690.0,69685.0,69685.0,2
2026-10-07 22:53:00-04:00,69665.0,69665.0,69670.0,69660.0,69670.0,5
2026-10-07 22:54:00-04:00,69645.0,69645.0,69645.0,69645.0,69645.0,1
2026-10-07 22:55:00-04:00,69665.0,69665.0,69665.0,69640.0,69650.0,8
2026-10-07 22:56:00-04:00,69650.0,69650.0,69650.0,69625.0,69650.0,8
2026-10-07 22:57:00-04:00,69655.0,69655.0,69655.0,69640.0,69645.0,4
2026-10-07 22:58:00-04:00,69675.0,69675.0,69675.0,69665.0,69670.0,4
2026-10-07 22:59:00-04:00,69695.0,69695.0,69705.0,69650.0,69655.0,7
2026-10-07 23:00:00-04:00,69735.0,69735.0,69735.0,69700.0,69710.0,14
2026-10-07 23:01:00-04:00,69735.0,69735.0,69755.0,69735.0,69755.0,6
2026-10-07 23:02:00-04:00,69710.0,69710.0,69740.0,69700.0,69740.0,8
2026-10-07 23:03:00-04:00,69695.0,69695.0,69705.0,69695.0,69705.0,4
2026-10-07 23:04:00-04:00,69685.0,69685.0,69685.0,69685.0,69685.0,1
2026-10-07 23:05:00-04:00,69720.0,69720.0,69720.0,69710.0,69710.0,6
2026-10-07 23:06:00-04:00,69710.0,69710.0,69710.0,69710.0,69710.0,1
2026-10-07 23:07:00-04:00,69695.0,69695.0,69700.0,69695.0,69700.0,3
2026-10-07 23:08:00-04:00,69700.0,69700.0,69700.0,69690.0,69690.0,3
2026-10-07 23:09:00-04:00,69690.0,69690.0,69690.0,69690.0,69690.0,1
2026-10-07 23:11:00-04:00,69680.0,69680.0,69680.0,69680.0,69680.0,1
2026-10-07 23:12:00-04:00,69640.0,69640.0,69640.0,69640.0,69640.0,2
2026-10-07 23:13:00-04:00,69660.0,69660.0,69660.0,69660.0,69660.0,2
2026-10-07 23:14:00-04:00,69620.0,69620.0,69645.0,69620.0,69635.0,15
2026-10-07 23:15:00-04:00,69615.0,69615.0,69620.0,69615.0,69620.0,5
2026-10-07 23:16:00-04:00,69605.0,69605.0,69610.0,69580.0,69580.0,10
2026-10-07 23:17:00-04:00,69645.0,69645.0,69645.0,69610.0,69610.0,6
2026-10-07 23:18:00-04:00,69660.0,69660.0,69660.0,69635.0,69640.0,4
2026-10-07 23:20:00-04:00,69675.0,69675.0,69675.0,69675.0,69675.0,2
2026-10-07 23:22:00-04:00,69660.0,69660.0,69660.0,69660.0,69660.0,3
2026-10-07 23:23:00-04:00,69660.0,69660.0,69660.0,69660.0,69660.0,1
2026-10-07 23:24:00-04:00,69680.0,69680.0,69680.0,69680.0,69680.0,1
2026-10-07 23:25:00-04:00,69675.0,69675.0,69675.0,69670.0,69670.0,3
2026-10-07 23:26:00-04:00,69675.0,69675.0,69675.0,69660.0,69660.0,7
2026-10-07 23:27:00-04:00,69710.0,69710.0,69710.0,69680.0,69680.0,6
2026-10-07 23:28:00-04:00,69710.0,69710.0,69710.0,69705.0,69705.0,8
2026-10-07 23:29:00-04:00,69695.0,69695.0,69720.0,69695.0,69705.0,12
2026-10-07 23:30:00-04:00,69650.0,69650.0,69725.0,69640.0,69725.0,26
2026-10-07 23:31:00-04:00,69625.0,69625.0,69650.0,69615.0,69650.0,35
2026-10-07 23:32:00-04:00,69610.0,69610.0,69610.0,69595.0,69610.0,11
2026-10-07 23:33:00-04:00,69565.0,69565.0,69605.0,69565.0,69605.0,13
2026-10-07 23:34:00-04:00,69560.0,69560.0,69560.0,69535.0,69540.0,9
2026-10-07 23:35:00-04:00,69530.0,69530.0,69550.0,69525.0,69550.0,35
2026-10-07 23:36:00-04:00,69545.0,69545.0,69545.0,69530.0,69530.0,6
2026-10-07 23:37:00-04:00,69515.0,69515.0,69525.0,69515.0,69525.0,6
2026-10-07 23:38:00-04:00,69510.0,69510.0,69520.0,69505.0,69510.0,5
2026-10-07 23:39:00-04:00,69475.0,69475.0,69495.0,69475.0,69495.0,17
2026-10-07 23:40:00-04:00,69445.0,69445.0,69470.0,69445.0,69465.0,10
2026-10-07 23:41:00-04:00,69480.0,69480.0,69480.0,69445.0,69445.0,11
2026-10-07 23:42:00-04:00,69430.0,69430.0,69500.0,69430.0,69490.0,9
2026-10-07 23:43:00-04:00,69415.0,69415.0,69420.0,69395.0,69405.0,9
2026-10-07 23:44:00-04:00,69465.0,69465.0,69465.0,69410.0,69410.0,8
2026-10-07 23:45:00-04:00,69475.0,69475.0,69480.0,69450.0,69450.0,16
2026-10-07 23:46:00-04:00,69520.0,69520.0,69520.0,69480.0,69480.0,3
2026-10-07 23:47:00-04:00,69520.0,69520.0,69525.0,69520.0,69525.0,6
2026-10-07 23:48:00-04:00,69525.0,69525.0,69525.0,69500.0,69500.0,7
2026-10-07 23:50:00-04:00,69490.0,69490.0,69525.0,69490.0,69525.0,4
2026-10-07 23:51:00-04:00,69480.0,69480.0,69505.0,69480.0,69505.0,4
2026-10-07 23:52:00-04:00,69450.0,69450.0,69460.0,69450.0,69455.0,5
2026-10-07 23:53:00-04:00,69470.0,69470.0,69480.0,69435.0,69435.0,8
2026-10-07 23:54:00-04:00,69455.0,69455.0,69470.0,69450.0,69460.0,9
2026-10-07 23:55:00-04:00,69420.0,69420.0,69445.0,69420.0,69445.0,5
2026-10-07 23:56:00-04:00,69400.0,69400.0,69415.0,69400.0,69415.0,12
2026-10-07 23:57:00-04:00,69410.0,69410.0,69410.0,69410.0,69410.0,1
2026-10-08 00:09:00-04:00,69445.0,69445.0,69445.0,69445.0,69445.0,5
2026-10-08 00:10:00-04:00,69460.0,69460.0,69460.0,69435.0,69435.0,4
2026-10-08 00:12:00-04:00,69450.0,69450.0,69455.0,69450.0,69455.0,6
2026-10-08 00:13:00-04:00,69450.0,69450.0,69455.0,69450.0,69455.0,2
2026-10-08 00:14:00-04:00,69450.0,69450.0,69455.0,69450.0,69455.0,2
2026-10-08 00:17:00-04:00,69475.0,69475.0,69475.0,69455.0,69460.0,4
2026-10-08 00:19:00-04:00,69510.0,69510.0,69510.0,69485.0,69485.0,11
2026-10-08 00:20:00-04:00,69475.0,69475.0,69500.0,69475.0,69500.0,3
2026-10-08 00:21:00-04:00,69475.0,69475.0,69475.0,69450.0,69450.0,2
2026-10-08 00:22:00-04:00,69500.0,69500.0,69500.0,69485.0,69490.0,5
2026-10-08 00:23:00-04:00,69490.0,69490.0,69490.0,69490.0,69490.0,1
2026-10-08 00:24:00-04:00,69490.0,69490.0,69490.0,69490.0,69490.0,2
2026-10-08 00:25:00-04:00,69540.0,69540.0,69540.0,69540.0,69540.0,1
2026-10-08 00:26:00-04:00,69555.0,69555.0,69560.0,69535.0,69540.0,16
2026-10-08 00:27:00-04:00,69585.0,69585.0,69595.0,69580.0,69580.0,9
2026-10-08 00:28:00-04:00,69585.0,69585.0,69585.0,69585.0,69585.0,6
2026-10-08 00:30:00-04:00,69590.0,69590.0,69590.0,69580.0,69580.0,4
2026-10-08 00:31:00-04:00,69590.0,69590.0,69590.0,69590.0,69590.0,1
2026-10-08 00:32:00-04:00,69595.0,69595.0,69595.0,69565.0,69565.0,9
2026-10-08 00:33:00-04:00,69625.0,69625.0,69625.0,69610.0,69610.0,3
2026-10-08 00:34:00-04:00,69615.0,69615.0,69620.0,69615.0,69620.0,6
2026-10-08 00:35:00-04:00,69620.0,69620.0,69620.0,69620.0,69620.0,1
2026-10-08 00:36:00-04:00,69620.0,69620.0,69620.0,69600.0,69610.0,17
2026-10-08 00:37:00-04:00,69575.0,69575.0,69615.0,69575.0,69615.0,10
2026-10-08 00:38:00-04:00,69550.0,69550.0,69560.0,69545.0,69555.0,10
2026-10-08 00:39:00-04:00,69560.0,69560.0,69560.0,69555.0,69560.0,6
2026-10-08 00:40:00-04:00,69565.0,69565.0,69575.0,69565.0,69565.0,11
2026-10-08 00:41:00-04:00,69570.0,69570.0,69570.0,69560.0,69560.0,6
2026-10-08 00:42:00-04:00,69565.0,69565.0,69585.0,69560.0,69560.0,16
2026-10-08 00:43:00-04:00,69610.0,69610.0,69615.0,69610.0,69615.0,2
2026-10-08 00:44:00-04:00,69620.0,69620.0,69625.0,69605.0,69605.0,4
2026-10-08 00:45:00-04:00,69640.0,69640.0,69640.0,69640.0,69640.0,1
2026-10-08 00:46:00-04:00,69595.0,69595.0,69630.0,69595.0,69620.0,5
2026-10-08 00:47:00-04:00,69590.0,69590.0,69590.0,69590.0,69590.0,1
2026-10-08 00:49:00-04:00,69585.0,69585.0,69595.0,69585.0,69595.0,4
2026-10-08 00:50:00-04:00,69590.0,69590.0,69605.0,69585.0,69585.0,11
2026-10-08 00:51:00-04:00,69600.0,69600.0,69610.0,69600.0,69610.0,2
2026-10-08 00:52:00-04:00,69620.0,69620.0,69630.0,69620.0,69625.0,3
2026-10-08 00:53:00-04:00,69610.0,69610.0,69610.0,69600.0,69605.0,5
2026-10-08 00:55:00-04:00,69665.0,69665.0,69685.0,69665.0,69675.0,5
2026-10-08 00:57:00-04:00,69670.0,69670.0,69670.0,69630.0,69645.0,17
2026-10-08 00:58:00-04:00,69680.0,69680.0,69680.0,69670.0,69670.0,10
2026-10-08 00:59:00-04:00,69680.0,69680.0,69680.0,69675.0,69675.0,3
2026-10-08 01:00:00-04:00,69650.0,69650.0,69680.0,69650.0,69680.0,5
2026-10-08 01:01:00-04:00,69650.0,69650.0,69650.0,69640.0,69640.0,9
2026-10-08 01:02:00-04:00,69640.0,69640.0,69645.0,69640.0,69645.0,4
2026-10-08 01:03:00-04:00,69635.0,69635.0,69635.0,69635.0,69635.0,1
2026-10-08 01:04:00-04:00,69675.0,69675.0,69675.0,69665.0,69665.0,2
2026-10-08 01:05:00-04:00,69690.0,69690.0,69690.0,69690.0,69690.0,1
2026-10-08 01:06:00-04:00,69700.0,69700.0,69715.0,69700.0,69715.0,4
2026-10-08 01:07:00-04:00,69735.0,69735.0,69735.0,69705.0,69705.0,2
2026-10-08 01:08:00-04:00,69750.0,69750.0,69755.0,69740.0,69740.0,127
2026-10-08 01:09:00-04:00,69725.0,69725.0,69735.0,69715.0,69735.0,17
2026-10-08 01:10:00-04:00,69755.0,69755.0,69755.0,69755.0,69755.0,3
2026-10-08 01:11:00-04:00,69755.0,69755.0,69765.0,69745.0,69765.0,7
2026-10-08 01:12:00-04:00,69725.0,69725.0,69755.0,69725.0,69755.0,7
2026-10-08 01:13:00-04:00,69710.0,69710.0,69710.0,69705.0,69710.0,15
2026-10-08 01:14:00-04:00,69695.0,69695.0,69695.0,69695.0,69695.0,2
2026-10-08 01:15:00-04:00,69720.0,69720.0,69735.0,69665.0,69665.0,48
2026-10-08 01:16:00-04:00,69740.0,69740.0,69740.0,69740.0,69740.0,1
2026-10-08 01:17:00-04:00,69740.0,69740.0,69740.0,69720.0,69720.0,3
2026-10-08 01:18:00-04:00,69720.0,69720.0,69725.0,69720.0,69720.0,7
2026-10-08 01:19:00-04:00,69750.0,69750.0,69750.0,69750.0,69750.0,5
2026-10-08 01:20:00-04:00,69745.0,69745.0,69760.0,69745.0,69760.0,3
2026-10-08 01:21:00-04:00,69720.0,69720.0,69745.0,69720.0,69740.0,8
2026-10-08 01:22:00-04:00,69735.0,69735.0,69735.0,69725.0,69730.0,3
2026-10-08 01:24:00-04:00,69745.0,69745.0,69750.0,69745.0,69750.0,2
2026-10-08 01:25:00-04:00,69710.0,69710.0,69730.0,69700.0,69730.0,8
2026-10-08 01:26:00-04:00,69730.0,69730.0,69735.0,69730.0,69735.0,2
2026-10-08 01:27:00-04:00,69700.0,69700.0,69735.0,69700.0,69735.0,3
2026-10-08 01:28:00-04:00,69730.0,69730.0,69740.0,69730.0,69730.0,4
2026-10-08 01:29:00-04:00,69735.0,69735.0,69735.0,69735.0,69735.0,2
2026-10-08 01:30:00-04:00,69725.0,69725.0,69725.0,69700.0,69720.0,17
2026-10-08 01:31:00-04:00,69735.0,69735.0,69740.0,69720.0,69740.0,13
2026-10-08 01:33:00-04:00,69750.0,69750.0,69750.0,69750.0,69750.0,1
2026-10-08 01:34:00-04:00,69775.0,69775.0,69775.0,69760.0,69760.0,11
2026-10-08 01:35:00-04:00,69775.0,69775.0,69780.0,69765.0,69765.0,6
2026-10-08 01:36:00-04:00,69765.0,69765.0,69795.0,69765.0,69795.0,5
2026-10-08 01:37:00-04:00,69745.0,69745.0,69770.0,69745.0,69770.0,2
2026-10-08 01:38:00-04:00,69750.0,69750.0,69750.0,69750.0,69750.0,2
2026-10-08 01:39:00-04:00,69740.0,69740.0,69740.0,69740.0,69740.0,2
2026-10-08 01:41:00-04:00,69720.0,69720.0,69720.0,69715.0,69720.0,4
2026-10-08 01:42:00-04:00,69705.0,69705.0,69705.0,69705.0,69705.0,1
2026-10-08 01:43:00-04:00,69690.0,69690.0,69695.0,69690.0,69695.0,2
2026-10-08 01:44:00-04:00,69695.0,69695.0,69695.0,69690.0,69690.0,6
2026-10-08 01:45:00-04:00,69685.0,69685.0,69700.0,69685.0,69685.0,34
2026-10-08 01:46:00-04:00,69680.0,69680.0,69685.0,69675.0,69680.0,7
2026-10-08 01:47:00-04:00,69710.0,69710.0,69710.0,69685.0,69685.0,23
2026-10-08 01:48:00-04:00,69725.0,69725.0,69725.0,69710.0,69710.0,11
2026-10-08 01:49:00-04:00,69725.0,69725.0,69725.0,69725.0,69725.0,2
2026-10-08 01:50:00-04:00,69650.0,69650.0,69690.0,69640.0,69690.0,7
2026-10-08 01:51:00-04:00,69625.0,69625.0,69645.0,69610.0,69625.0,109
2026-10-08 01:52:00-04:00,69600.0,69600.0,69625.0,69595.0,69625.0,69
2026-10-08 01:53:00-04:00,69555.0,69555.0,69595.0,69535.0,69595.0,35
2026-10-08 01:54:00-04:00,69540.0,69540.0,69560.0,69525.0,69555.0,19
2026-10-08 01:55:00-04:00,69470.0,69470.0,69535.0,69470.0,69535.0,48
2026-10-08 01:56:00-04:00,69420.0,69420.0,69475.0,69420.0,69475.0,38
2026-10-08 01:57:00-04:00,69430.0,69430.0,69460.0,69430.0,69430.0,16
2026-10-08 01:58:00-04:00,69415.0,69415.0,69415.0,69405.0,69410.0,8
2026-10-08 01:59:00-04:00,69465.0,69465.0,69480.0,69400.0,69400.0,16
2026-10-08 02:00:00-04:00,69465.0,69465.0,69480.0,69445.0,69470.0,41
2026-10-08 02:01:00-04:00,69420.0,69420.0,69445.0,69420.0,69445.0,9
2026-10-08 02:02:00-04:00,69440.0,69440.0,69455.0,69440.0,69455.0,3
2026-10-08 02:03:00-04:00,69470.0,69470.0,69480.0,69455.0,69455.0,25
2026-10-08 02:04:00-04:00,69480.0,69480.0,69500.0,69465.0,69470.0,14
2026-10-08 02:05:00-04:00,69500.0,69500.0,69510.0,69490.0,69490.0,16
2026-10-08 02:06:00-04:00,69490.0,69490.0,69515.0,69480.0,69515.0,4
2026-10-08 02:07:00-04:00,69480.0,69480.0,69480.0,69470.0,69470.0,5
2026-10-08 02:10:00-04:00,69530.0,69530.0,69530.0,69530.0,69530.0,1
2026-10-08 02:11:00-04:00,69560.0,69560.0,69560.0,69530.0,69530.0,18
2026-10-08 02:12:00-04:00,69570.0,69570.0,69570.0,69570.0,69570.0,2
2026-10-08 02:13:00-04:00,69555.0,69555.0,69590.0,69555.0,69590.0,14
2026-10-08 02:14:00-04:00,69570.0,69570.0,69570.0,69540.0,69545.0,10
2026-10-08 02:15:00-04:00,69565.0,69565.0,69570.0,69565.0,69570.0,2
2026-10-08 02:17:00-04:00,69540.0,69540.0,69555.0,69540.0,69540.0,4
2026-10-08 02:18:00-04:00,69525.0,69525.0,69545.0,69515.0,69545.0,12
2026-10-08 02:19:00-04:00,69500.0,69500.0,69500.0,69460.0,69495.0,27
2026-10-08 02:20:00-04:00,69440.0,69440.0,69480.0,69440.0,69480.0,32
2026-10-08 02:21:00-04:00,69460.0,69460.0,69460.0,69450.0,69450.0,7
2026-10-08 02:22:00-04:00,69440.0,69440.0,69450.0,69435.0,69450.0,14
2026-10-08 02:23:00-04:00,69395.0,69395.0,69410.0,69395.0,69410.0,10
2026-10-08 02:24:00-04:00,69410.0,69410.0,69420.0,69395.0,69405.0,8
2026-10-08 02:25:00-04:00,69385.0,69385.0,69435.0,69365.0,69425.0,39
2026-10-08 02:26:00-04:00,69375.0,69375.0,69380.0,69360.0,69380.0,21
2026-10-08 02:27:00-04:00,69355.0,69355.0,69375.0,69335.0,69370.0,33
2026-10-08 02:28:00-04:00,69340.0,69340.0,69350.0,69320.0,69350.0,35
2026-10-08 02:29:00-04:00,69280.0,69280.0,69340.0,69270.0,69335.0,164
2026-10-08 02:30:00-04:00,69325.0,69325.0,69380.0,69250.0,69290.0,180
2026-10-08 02:31:00-04:00,69275.0,69275.0,69365.0,69270.0,69325.0,160
2026-10-08 02:32:00-04:00,69295.0,69295.0,69305.0,69290.0,69290.0,18
2026-10-08 02:33:00-04:00,69300.0,69300.0,69310.0,69290.0,69290.0,43
2026-10-08 02:34:00-04:00,69280.0,69280.0,69295.0,69275.0,69295.0,24
2026-10-08 02:35:00-04:00,69275.0,69275.0,69275.0,69250.0,69270.0,9
2026-10-08 02:36:00-04:00,69245.0,69245.0,69275.0,69240.0,69270.0,21
2026-10-08 02:37:00-04:00,69245.0,69245.0,69255.0,69230.0,69240.0,68
2026-10-08 02:38:00-04:00,69200.0,69200.0,69275.0,69195.0,69255.0,63
2026-10-08 02:39:00-04:00,69205.0,69205.0,69220.0,69195.0,69205.0,45
2026-10-08 02:40:00-04:00,69215.0,69215.0,69265.0,69180.0,69205.0,62
2026-10-08 02:41:00-04:00,69190.0,69190.0,69215.0,69190.0,69210.0,60
2026-10-08 02:42:00-04:00,69170.0,69170.0,69220.0,69170.0,69195.0,210
2026-10-08 02:43:00-04:00,69175.0,69175.0,69195.0,69170.0,69170.0,97
2026-10-08 02:44:00-04:00,69135.0,69135.0,69195.0,69130.0,69180.0,198
2026-10-08 02:45:00-04:00,69110.0,69110.0,69150.0,69105.0,69145.0,66
2026-10-08 02:46:00-04:00,69110.0,69110.0,69110.0,69095.0,69105.0,11
2026-10-08 02:47:00-04:00,69080.0,69080.0,69110.0,69075.0,69110.0,21
2026-10-08 02:48:00-04:00,69075.0,69075.0,69080.0,69065.0,69070.0,39
2026-10-08 02:49:00-04:00,69105.0,69105.0,69105.0,69080.0,69085.0,21
2026-10-08 02:50:00-04:00,69095.0,69095.0,69095.0,69085.0,69095.0,24
2026-10-08 02:51:00-04:00,69095.0,69095.0,69115.0,69090.0,69095.0,53
2026-10-08 02:52:00-04:00,69085.0,69085.0,69100.0,69085.0,69100.0,29
2026-10-08 02:53:00-04:00,69100.0,69100.0,69115.0,69090.0,69090.0,45
2026-10-08 02:54:00-04:00,69100.0,69100.0,69115.0,69090.0,69090.0,33
2026-10-08 02:55:00-04:00,69095.0,69095.0,69105.0,69095.0,69100.0,15
2026-10-08 02:56:00-04:00,69100.0,69100.0,69115.0,69095.0,69095.0,22
2026-10-08 02:57:00-04:00,69120.0,69120.0,69120.0,69100.0,69100.0,8
2026-10-08 02:58:00-04:00,69135.0,69135.0,69135.0,69100.0,69105.0,45
2026-10-08 02:59:00-04:00,69065.0,69065.0,69155.0,69060.0,69125.0,150
2026-10-08 03:00:00-04:00,69025.0,69025.0,69055.0,68980.0,69055.0,144
2026-10-08 03:01:00-04:00,68955.0,68955.0,69020.0,68955.0,69015.0,45
2026-10-08 03:02:00-04:00,68940.0,68940.0,68970.0,68930.0,68965.0,43
2026-10-08 03:03:00-04:00,68875.0,68875.0,68925.0,68860.0,68925.0,32
2026-10-08 03:04:00-04:00,68935.0,68935.0,68935.0,68870.0,68870.0,47
2026-10-08 03:05:00-04:00,68910.0,68910.0,68950.0,68910.0,68945.0,15
2026-10-08 03:06:00-04:00,68865.0,68865.0,68895.0,68825.0,68885.0,41
2026-10-08 03:07:00-04:00,68870.0,68870.0,68890.0,68840.0,68850.0,34
2026-10-08 03:08:00-04:00,68840.0,68840.0,68885.0,68840.0,68850.0,17
2026-10-08 03:09:00-04:00,68905.0,68905.0,68905.0,68830.0,68830.0,19
2026-10-08 03:10:00-04:00,68890.0,68890.0,68920.0,68880.0,68915.0,29
2026-10-08 03:11:00-04:00,68860.0,68860.0,68885.0,68830.0,68885.0,28
2026-10-08 03:12:00-04:00,68835.0,68835.0,68880.0,68835.0,68865.0,83
2026-10-08 03:13:00-04:00,68835.0,68835.0,68840.0,68810.0,68830.0,28
2026-10-08 03:14:00-04:00,68835.0,68835.0,68845.0,68835.0,68840.0,11
2026-10-08 03:15:00-04:00,68825.0,68825.0,68850.0,68825.0,68835.0,14
2026-10-08 03:16:00-04:00,68915.0,68915.0,68915.0,68825.0,68825.0,21
2026-10-08 03:17:00-04:00,68920.0,68920.0,68930.0,68910.0,68925.0,13
2026-10-08 03:18:00-04:00,68900.0,68900.0,68925.0,68900.0,68910.0,8
2026-10-08 03:19:00-04:00,68960.0,68960.0,68960.0,68915.0,68915.0,16
2026-10-08 03:20:00-04:00,68950.0,68950.0,68980.0,68945.0,68970.0,40
2026-10-08 03:21:00-04:00,68945.0,68945.0,68945.0,68935.0,68945.0,12
2026-10-08 03:22:00-04:00,68985.0,68985.0,68985.0,68955.0,68955.0,15
2026-10-08 03:23:00-04:00,68990.0,68990.0,69005.0,68990.0,69000.0,17
2026-10-08 03:24:00-04:00,69020.0,69020.0,69050.0,69020.0,69035.0,40
2026-10-08 03:25:00-04:00,68955.0,68955.0,69025.0,68950.0,69025.0,80
2026-10-08 03:26:00-04:00,68900.0,68900.0,68960.0,68890.0,68955.0,83
2026-10-08 03:27:00-04:00,68880.0,68880.0,68910.0,68880.0,68905.0,17
2026-10-08 03:28:00-04:00,68940.0,68940.0,68940.0,68900.0,68900.0,42
2026-10-08 03:29:00-04:00,68960.0,68960.0,68960.0,68930.0,68930.0,6
2026-10-08 03:30:00-04:00,68935.0,68935.0,68960.0,68935.0,68955.0,7
2026-10-08 03:31:00-04:00,68925.0,68925.0,68930.0,68925.0,68930.0,7
2026-10-08 03:32:00-04:00,68910.0,68910.0,68920.0,68910.0,68920.0,6
2026-10-08 03:33:00-04:00,68910.0,68910.0,68910.0,68895.0,68900.0,12
2026-10-08 03:34:00-04:00,68945.0,68945.0,68960.0,68905.0,68905.0,47
2026-10-08 03:35:00-04:00,68930.0,68930.0,68930.0,68930.0,68930.0,1
2026-10-08 03:36:00-04:00,68890.0,68890.0,68905.0,68890.0,68905.0,5
2026-10-08 03:37:00-04:00,68900.0,68900.0,68920.0,68900.0,68920.0,2
2026-10-08 03:38:00-04:00,68940.0,68940.0,68940.0,68940.0,68940.0,2
2026-10-08 03:39:00-04:00,68945.0,68945.0,68945.0,68945.0,68945.0,2
2026-10-08 03:40:00-04:00,68945.0,68945.0,68945.0,68920.0,68930.0,4
2026-10-08 03:41:00-04:00,68940.0,68940.0,68955.0,68940.0,68955.0,6
2026-10-08 03:42:00-04:00,68920.0,68920.0,68940.0,68920.0,68940.0,3
2026-10-08 03:43:00-04:00,68890.0,68890.0,68895.0,68885.0,68895.0,12
2026-10-08 03:44:00-04:00,68885.0,68885.0,68885.0,68885.0,68885.0,1
2026-10-08 03:45:00-04:00,68880.0,68880.0,68880.0,68845.0,68855.0,15
2026-10-08 03:46:00-04:00,68875.0,68875.0,68875.0,68875.0,68875.0,1
2026-10-08 03:47:00-04:00,68865.0,68865.0,68890.0,68860.0,68890.0,4
2026-10-08 03:48:00-04:00,68875.0,68875.0,68875.0,68860.0,68860.0,8
2026-10-08 03:49:00-04:00,68860.0,68860.0,68860.0,68850.0,68850.0,4
2026-10-08 03:50:00-04:00,68845.0,68845.0,68860.0,68840.0,68860.0,12
2026-10-08 03:51:00-04:00,68890.0,68890.0,68890.0,68845.0,68845.0,16
2026-10-08 03:52:00-04:00,68890.0,68890.0,68895.0,68880.0,68885.0,16
2026-10-08 03:53:00-04:00,68875.0,68875.0,68890.0,68875.0,68890.0,3
2026-10-08 03:54:00-04:00,68820.0,68820.0,68835.0,68810.0,68825.0,59
2026-10-08 03:55:00-04:00,68820.0,68820.0,68850.0,68820.0,68835.0,27
2026-10-08 03:56:00-04:00,68815.0,68815.0,68840.0,68815.0,68825.0,30
2026-10-08 03:57:00-04:00,68820.0,68820.0,68825.0,68820.0,68825.0,4
2026-10-08 03:58:00-04:00,68785.0,68785.0,68810.0,68780.0,68800.0,47
2026-10-08 03:59:00-04:00,68750.0,68750.0,68780.0,68745.0,68780.0,95
2026-10-08 04:00:00-04:00,68765.0,68765.0,68785.0,68720.0,68755.0,148
2026-10-08 04:01:00-04:00,68925.0,68925.0,68930.0,68750.0,68765.0,111
2026-10-08 04:02:00-04:00,68910.0,68910.0,68955.0,68910.0,68935.0,65
2026-10-08 04:03:00-04:00,68850.0,68850.0,68980.0,68850.0,68940.0,112
2026-10-08 04:04:00-04:00,68960.0,68960.0,68960.0,68855.0,68855.0,23
2026-10-08 04:05:00-04:00,69000.0,69000.0,69005.0,68975.0,68980.0,86
2026-10-08 04:06:00-04:00,68980.0,68980.0,69010.0,68970.0,69010.0,17
2026-10-08 04:07:00-04:00,68990.0,68990.0,68990.0,68965.0,68965.0,8
2026-10-08 04:08:00-04:00,68975.0,68975.0,69000.0,68975.0,68990.0,7
2026-10-08 04:09:00-04:00,68990.0,68990.0,69000.0,68970.0,68970.0,7
2026-10-08 04:10:00-04:00,68960.0,68960.0,68985.0,68910.0,68985.0,25
2026-10-08 04:11:00-04:00,68985.0,68985.0,68995.0,68965.0,68965.0,7
2026-10-08 04:12:00-04:00,69005.0,69005.0,69005.0,68985.0,68990.0,4
2026-10-08 04:13:00-04:00,68995.0,68995.0,69005.0,68985.0,68985.0,4
2026-10-08 04:14:00-04:00,69025.0,69025.0,69025.0,68965.0,68980.0,17
2026-10-08 04:15:00-04:00,68990.0,68990.0,69020.0,68990.0,69020.0,15
2026-10-08 04:16:00-04:00,68955.0,68955.0,68980.0,68955.0,68980.0,8
2026-10-08 04:17:00-04:00,68965.0,68965.0,68970.0,68945.0,68945.0,3
2026-10-08 04:18:00-04:00,68995.0,68995.0,68995.0,68975.0,68975.0,9
2026-10-08 04:19:00-04:00,68975.0,68975.0,69005.0,68975.0,69005.0,3
2026-10-08 04:20:00-04:00,68995.0,68995.0,68995.0,68995.0,68995.0,2
2026-10-08 04:21:00-04:00,69005.0,69005.0,69005.0,68985.0,68985.0,5
2026-10-08 04:22:00-04:00,68980.0,68980.0,69015.0,68970.0,69005.0,52
2026-10-08 04:23:00-04:00,69015.0,69015.0,69015.0,68975.0,68975.0,10
2026-10-08 04:24:00-04:00,69035.0,69035.0,69040.0,69005.0,69015.0,23
2026-10-08 04:25:00-04:00,69070.0,69070.0,69070.0,69020.0,69020.0,31
2026-10-08 04:26:00-04:00,69035.0,69035.0,69070.0,69030.0,69070.0,10
2026-10-08 04:27:00-04:00,69040.0,69040.0,69040.0,69025.0,69035.0,8
2026-10-08 04:28:00-04:00,69070.0,69070.0,69070.0,69045.0,69065.0,9
2026-10-08 04:29:00-04:00,69065.0,69065.0,69090.0,69065.0,69075.0,12
2026-10-08 04:30:00-04:00,69065.0,69065.0,69140.0,69050.0,69050.0,114
2026-10-08 04:31:00-04:00,69050.0,69050.0,69080.0,69050.0,69060.0,4
2026-10-08 04:32:00-04:00,69010.0,69010.0,69055.0,69010.0,69050.0,19
2026-10-08 04:33:00-04:00,69060.0,69060.0,69065.0,69050.0,69050.0,5
2026-10-08 04:34:00-04:00,69065.0,69065.0,69070.0,69060.0,69070.0,3
2026-10-08 04:35:00-04:00,69080.0,69080.0,69080.0,69080.0,69080.0,2
2026-10-08 04:36:00-04:00,69050.0,69050.0,69080.0,69050.0,69080.0,4
2026-10-08 04:37:00-04:00,69035.0,69035.0,69055.0,69035.0,69055.0,5
2026-10-08 04:39:00-04:00,69045.0,69045.0,69045.0,69035.0,69040.0,4
2026-10-08 04:40:00-04:00,69035.0,69035.0,69040.0,69035.0,69040.0,5
2026-10-08 04:41:00-04:00,69010.0,69010.0,69040.0,69000.0,69030.0,17
2026-10-08 04:42:00-04:00,69030.0,69030.0,69030.0,69020.0,69020.0,3
2026-10-08 04:43:00-04:00,69045.0,69045.0,69045.0,69045.0,69045.0,4
2026-10-08 04:44:00-04:00,69080.0,69080.0,69080.0,69060.0,69060.0,5
2026-10-08 04:45:00-04:00,69085.0,69085.0,69105.0,69075.0,69075.0,7
2026-10-08 04:46:00-04:00,69075.0,69075.0,69080.0,69075.0,69080.0,2
2026-10-08 04:47:00-04:00,69075.0,69075.0,69080.0,69075.0,69080.0,6
2026-10-08 04:48:00-04:00,69055.0,69055.0,69070.0,69055.0,69070.0,3
2026-10-08 04:49:00-04:00,69065.0,69065.0,69080.0,69060.0,69060.0,8
2026-10-08 04:50:00-04:00,69085.0,69085.0,69085.0,69080.0,69080.0,7
2026-10-08 04:51:00-04:00,69065.0,69065.0,69065.0,69065.0,69065.0,1
2026-10-08 04:52:00-04:00,69060.0,69060.0,69060.0,69055.0,69060.0,7
2026-10-08 04:53:00-04:00,69050.0,69050.0,69060.0,69050.0,69060.0,10
2026-10-08 04:54:00-04:00,69040.0,69040.0,69050.0,69040.0,69050.0,8
2026-10-08 04:55:00-04:00,69045.0,69045.0,69045.0,69040.0,69040.0,4
2026-10-08 04:56:00-04:00,69050.0,69050.0,69060.0,69035.0,69055.0,17
2026-10-08 04:57:00-04:00,69040.0,69040.0,69040.0,69040.0,69040.0,1
2026-10-08 04:58:00-04:00,69050.0,69050.0,69050.0,69045.0,69045.0,4
2026-10-08 04:59:00-04:00,69015.0,69015.0,69045.0,69015.0,69045.0,4
2026-10-08 05:00:00-04:00,69095.0,69095.0,69110.0,69020.0,69025.0,57
2026-10-08 05:01:00-04:00,69070.0,69070.0,69085.0,69055.0,69075.0,7
2026-10-08 05:02:00-04:00,69090.0,69090.0,69090.0,69060.0,69060.0,10
2026-10-08 05:03:00-04:00,69045.0,69045.0,69100.0,69045.0,69100.0,15
2026-10-08 05:04:00-04:00,69075.0,69075.0,69075.0,69035.0,69035.0,8
2026-10-08 05:05:00-04:00,69070.0,69070.0,69090.0,69070.0,69085.0,24
2026-10-08 05:06:00-04:00,69075.0,69075.0,69075.0,69060.0,69060.0,12
2026-10-08 05:07:00-04:00,69085.0,69085.0,69085.0,69065.0,69065.0,5
2026-10-08 05:08:00-04:00,69100.0,69100.0,69110.0,69080.0,69095.0,14
2026-10-08 05:09:00-04:00,69140.0,69140.0,69145.0,69120.0,69120.0,18
2026-10-08 05:10:00-04:00,69145.0,69145.0,69155.0,69145.0,69155.0,6
2026-10-08 05:11:00-04:00,69110.0,69110.0,69145.0,69110.0,69135.0,5
2026-10-08 05:12:00-04:00,69100.0,69100.0,69110.0,69100.0,69105.0,8
2026-10-08 05:13:00-04:00,69115.0,69115.0,69115.0,69095.0,69100.0,4
2026-10-08 05:14:00-04:00,69120.0,69120.0,69120.0,69120.0,69120.0,1
2026-10-08 05:15:00-04:00,69065.0,69065.0,69100.0,69065.0,69100.0,15
2026-10-08 05:16:00-04:00,69050.0,69050.0,69055.0,69050.0,69055.0,8
2026-10-08 05:17:00-04:00,69035.0,69035.0,69050.0,69020.0,69050.0,25
2026-10-08 05:18:00-04:00,69045.0,69045.0,69045.0,69040.0,69040.0,3
2026-10-08 05:19:00-04:00,69040.0,69040.0,69045.0,69035.0,69045.0,18
2026-10-08 05:20:00-04:00,69030.0,69030.0,69035.0,69025.0,69035.0,5
2026-10-08 05:21:00-04:00,69045.0,69045.0,69050.0,69030.0,69050.0,14
2026-10-08 05:22:00-04:00,69035.0,69035.0,69055.0,69035.0,69055.0,10
2026-10-08 05:23:00-04:00,69045.0,69045.0,69060.0,69045.0,69045.0,7
2026-10-08 05:24:00-04:00,69035.0,69035.0,69035.0,69035.0,69035.0,1
2026-10-08 05:25:00-04:00,69030.0,69030.0,69030.0,69025.0,69030.0,18
2026-10-08 05:26:00-04:00,69050.0,69050.0,69050.0,69020.0,69025.0,14
2026-10-08 05:27:00-04:00,69040.0,69040.0,69050.0,69035.0,69050.0,3
2026-10-08 05:29:00-04:00,69105.0,69105.0,69110.0,69075.0,69075.0,11
2026-10-08 05:30:00-04:00,69090.0,69090.0,69090.0,69090.0,69090.0,3
2026-10-08 05:31:00-04:00,69105.0,69105.0,69130.0,69100.0,69100.0,38
2026-10-08 05:32:00-04:00,69145.0,69145.0,69150.0,69120.0,69120.0,6
2026-10-08 05:34:00-04:00,69100.0,69100.0,69130.0,69055.0,69130.0,100
2026-10-08 05:35:00-04:00,69145.0,69145.0,69165.0,69105.0,69105.0,29
2026-10-08 05:36:00-04:00,69180.0,69180.0,69180.0,69135.0,69145.0,33
2026-10-08 05:37:00-04:00,69200.0,69200.0,69215.0,69175.0,69175.0,19
2026-10-08 05:38:00-04:00,69200.0,69200.0,69225.0,69200.0,69205.0,17
2026-10-08 05:39:00-04:00,69180.0,69180.0,69190.0,69175.0,69190.0,12
2026-10-08 05:40:00-04:00,69190.0,69190.0,69190.0,69170.0,69175.0,7
2026-10-08 05:41:00-04:00,69200.0,69200.0,69220.0,69200.0,69205.0,11
2026-10-08 05:42:00-04:00,69205.0,69205.0,69215.0,69180.0,69180.0,14
2026-10-08 05:43:00-04:00,69130.0,69130.0,69190.0,69130.0,69190.0,23
2026-10-08 05:44:00-04:00,69130.0,69130.0,69140.0,69110.0,69125.0,29
2026-10-08 05:45:00-04:00,69160.0,69160.0,69160.0,69145.0,69145.0,6
2026-10-08 05:46:00-04:00,69145.0,69145.0,69145.0,69135.0,69135.0,3
2026-10-08 05:48:00-04:00,69110.0,69110.0,69110.0,69095.0,69110.0,7
2026-10-08 05:49:00-04:00,69080.0,69080.0,69085.0,69065.0,69085.0,23
2026-10-08 05:50:00-04:00,69080.0,69080.0,69080.0,69075.0,69075.0,3
2026-10-08 05:51:00-04:00,69105.0,69105.0,69105.0,69065.0,69080.0,4
2026-10-08 05:53:00-04:00,69105.0,69105.0,69115.0,69105.0,69115.0,4
2026-10-08 05:54:00-04:00,69105.0,69105.0,69105.0,69105.0,69105.0,2
2026-10-08 05:55:00-04:00,69120.0,69120.0,69120.0,69110.0,69110.0,6
2026-10-08 05:56:00-04:00,69125.0,69125.0,69145.0,69115.0,69115.0,30
2026-10-08 05:57:00-04:00,69105.0,69105.0,69105.0,69075.0,69090.0,17
2026-10-08 05:58:00-04:00,69095.0,69095.0,69100.0,69095.0,69095.0,6
2026-10-08 05:59:00-04:00,69095.0,69095.0,69100.0,69080.0,69095.0,8
2026-10-08 06:00:00-04:00,69115.0,69115.0,69120.0,69100.0,69100.0,33
2026-10-08 06:01:00-04:00,69100.0,69100.0,69100.0,69095.0,69095.0,3
2026-10-08 06:02:00-04:00,69090.0,69090.0,69090.0,69090.0,69090.0,1
2026-10-08 06:04:00-04:00,69090.0,69090.0,69090.0,69090.0,69090.0,1
2026-10-08 06:05:00-04:00,69085.0,69085.0,69085.0,69085.0,69085.0,1
2026-10-08 06:06:00-04:00,69105.0,69105.0,69105.0,69105.0,69105.0,1
2026-10-08 06:07:00-04:00,69140.0,69140.0,69145.0,69140.0,69145.0,2
2026-10-08 06:08:00-04:00,69120.0,69120.0,69120.0,69120.0,69120.0,2
2026-10-08 06:09:00-04:00,69100.0,69100.0,69100.0,69095.0,69100.0,4
2026-10-08 06:10:00-04:00,69110.0,69110.0,69115.0,69110.0,69110.0,3
2026-10-08 06:12:00-04:00,69120.0,69120.0,69120.0,69120.0,69120.0,3
2026-10-08 06:14:00-04:00,69100.0,69100.0,69105.0,69100.0,69105.0,4
2026-10-08 06:15:00-04:00,69075.0,69075.0,69085.0,69075.0,69085.0,3
2026-10-08 06:16:00-04:00,69050.0,69050.0,69070.0,69050.0,69070.0,5
2026-10-08 06:17:00-04:00,69060.0,69060.0,69075.0,69060.0,69075.0,6
2026-10-08 06:18:00-04:00,69060.0,69060.0,69060.0,69045.0,69060.0,6
2026-10-08 06:19:00-04:00,69035.0,69035.0,69060.0,69030.0,69055.0,16
2026-10-08 06:20:00-04:00,69040.0,69040.0,69045.0,69020.0,69045.0,21
2026-10-08 06:21:00-04:00,69025.0,69025.0,69025.0,69025.0,69025.0,3
2026-10-08 06:22:00-04:00,69045.0,69045.0,69045.0,69015.0,69015.0,26
2026-10-08 06:23:00-04:00,69015.0,69015.0,69045.0,69010.0,69045.0,13
2026-10-08 06:24:00-04:00,68995.0,68995.0,69030.0,68980.0,69020.0,59
2026-10-08 06:25:00-04:00,68895.0,68895.0,68995.0,68895.0,68995.0,123
2026-10-08 06:26:00-04:00,68890.0,68890.0,68900.0,68880.0,68890.0,34
2026-10-08 06:27:00-04:00,68935.0,68935.0,68940.0,68895.0,68895.0,8
2026-10-08 06:28:00-04:00,68945.0,68945.0,68975.0,68935.0,68950.0,26
2026-10-08 06:29:00-04:00,68890.0,68890.0,68940.0,68890.0,68940.0,45
2026-10-08 06:30:00-04:00,68885.0,68885.0,68920.0,68870.0,68870.0,31
2026-10-08 06:31:00-04:00,68865.0,68865.0,68895.0,68865.0,68895.0,7
2026-10-08 06:32:00-04:00,68825.0,68825.0,68875.0,68825.0,68870.0,14
2026-10-08 06:33:00-04:00,68815.0,68815.0,68835.0,68815.0,68835.0,52
2026-10-08 06:34:00-04:00,68830.0,68830.0,68835.0,68805.0,68810.0,18
2026-10-08 06:35:00-04:00,68870.0,68870.0,68875.0,68815.0,68830.0,18
2026-10-08 06:36:00-04:00,68860.0,68860.0,68860.0,68860.0,68860.0,1
2026-10-08 06:37:00-04:00,68810.0,68810.0,68840.0,68810.0,68840.0,35
2026-10-08 06:38:00-04:00,68855.0,68855.0,68860.0,68810.0,68825.0,7
2026-10-08 06:39:00-04:00,68860.0,68860.0,68860.0,68815.0,68815.0,2
2026-10-08 06:40:00-04:00,68855.0,68855.0,68910.0,68850.0,68890.0,35
2026-10-08 06:41:00-04:00,68830.0,68830.0,68870.0,68830.0,68870.0,4
2026-10-08 06:42:00-04:00,68795.0,68795.0,68835.0,68795.0,68830.0,9
2026-10-08 06:43:00-04:00,68820.0,68820.0,68820.0,68805.0,68805.0,9
2026-10-08 06:44:00-04:00,68865.0,68865.0,68870.0,68810.0,68810.0,14
2026-10-08 06:45:00-04:00,68860.0,68860.0,68875.0,68860.0,68865.0,9
2026-10-08 06:46:00-04:00,68830.0,68830.0,68850.0,68820.0,68850.0,22
2026-10-08 06:47:00-04:00,68850.0,68850.0,68850.0,68815.0,68820.0,11
2026-10-08 06:48:00-04:00,68890.0,68890.0,68895.0,68850.0,68850.0,5
2026-10-08 06:49:00-04:00,68920.0,68920.0,68920.0,68920.0,68920.0,2
2026-10-08 06:50:00-04:00,68900.0,68900.0,68900.0,68900.0,68900.0,1
2026-10-08 06:51:00-04:00,68905.0,68905.0,68905.0,68905.0,68905.0,1
2026-10-08 06:52:00-04:00,68915.0,68915.0,68915.0,68915.0,68915.0,1
2026-10-08 06:53:00-04:00,68910.0,68910.0,68910.0,68910.0,68910.0,1
2026-10-08 06:54:00-04:00,68915.0,68915.0,68915.0,68900.0,68905.0,65
2026-10-08 06:55:00-04:00,68940.0,68940.0,68945.0,68915.0,68915.0,41
2026-10-08 06:56:00-04:00,68955.0,68955.0,68965.0,68940.0,68940.0,36
2026-10-08 06:57:00-04:00,68930.0,68930.0,68945.0,68930.0,68945.0,157
2026-10-08 06:58:00-04:00,68975.0,68975.0,68975.0,68930.0,68930.0,234
2026-10-08 06:59:00-04:00,68970.0,68970.0,68975.0,68965.0,68965.0,25
2026-10-08 07:00:00-04:00,68935.0,68935.0,68980.0,68935.0,68970.0,24
2026-10-08 07:01:00-04:00,68900.0,68900.0,68935.0,68900.0,68930.0,21
2026-10-08 07:02:00-04:00,68915.0,68915.0,68925.0,68900.0,68905.0,16
2026-10-08 07:03:00-04:00,68920.0,68920.0,68935.0,68920.0,68920.0,6
2026-10-08 07:04:00-04:00,68880.0,68880.0,68895.0,68860.0,68895.0,8
2026-10-08 07:05:00-04:00,68895.0,68895.0,68895.0,68870.0,68870.0,12
2026-10-08 07:06:00-04:00,68880.0,68880.0,68880.0,68855.0,68870.0,4
2026-10-08 07:07:00-04:00,68885.0,68885.0,68890.0,68865.0,68890.0,13
2026-10-08 07:08:00-04:00,68880.0,68880.0,68880.0,68880.0,68880.0,1
2026-10-08 07:10:00-04:00,68860.0,68860.0,68870.0,68860.0,68870.0,5
2026-10-08 07:11:00-04:00,68860.0,68860.0,68860.0,68840.0,68845.0,21
2026-10-08 07:12:00-04:00,68890.0,68890.0,68895.0,68855.0,68855.0,17
2026-10-08 07:13:00-04:00,68890.0,68890.0,68895.0,68890.0,68890.0,11
2026-10-08 07:14:00-04:00,68895.0,68895.0,68900.0,68890.0,68890.0,6
2026-10-08 07:15:00-04:00,68895.0,68895.0,68895.0,68895.0,68895.0,3
2026-10-08 07:16:00-04:00,68900.0,68900.0,68905.0,68900.0,68900.0,10
2026-10-08 07:17:00-04:00,68880.0,68880.0,68895.0,68875.0,68895.0,25
2026-10-08 07:18:00-04:00,68910.0,68910.0,68910.0,68875.0,68885.0,17
2026-10-08 07:19:00-04:00,68915.0,68915.0,68920.0,68910.0,68910.0,40
2026-10-08 07:20:00-04:00,68920.0,68920.0,68925.0,68910.0,68910.0,14
2026-10-08 07:21:00-04:00,68940.0,68940.0,68940.0,68905.0,68925.0,45
2026-10-08 07:22:00-04:00,68930.0,68930.0,68935.0,68930.0,68930.0,14
2026-10-08 07:23:00-04:00,68955.0,68955.0,68955.0,68945.0,68945.0,22
2026-10-08 07:24:00-04:00,68960.0,68960.0,68960.0,68960.0,68960.0,1
2026-10-08 07:25:00-04:00,68960.0,68960.0,68960.0,68960.0,68960.0,1
2026-10-08 07:26:00-04:00,68975.0,68975.0,68975.0,68960.0,68960.0,4
2026-10-08 07:27:00-04:00,68990.0,68990.0,68990.0,68970.0,68975.0,9
2026-10-08 07:28:00-04:00,69005.0,69005.0,69005.0,68995.0,68995.0,8
2026-10-08 07:29:00-04:00,69015.0,69015.0,69025.0,69005.0,69020.0,18
2026-10-08 07:30:00-04:00,68985.0,68985.0,69010.0,68985.0,69010.0,13
2026-10-08 07:31:00-04:00,68965.0,68965.0,68980.0,68960.0,68980.0,19
2026-10-08 07:32:00-04:00,68915.0,68915.0,68945.0,68910.0,68945.0,21
2026-10-08 07:33:00-04:00,68915.0,68915.0,68920.0,68895.0,68905.0,13
2026-10-08 07:34:00-04:00,68875.0,68875.0,68910.0,68875.0,68910.0,12
2026-10-08 07:35:00-04:00,68915.0,68915.0,68920.0,68865.0,68870.0,72
2026-10-08 07:36:00-04:00,68915.0,68915.0,68915.0,68905.0,68905.0,5
2026-10-08 07:37:00-04:00,68965.0,68965.0,68995.0,68915.0,68915.0,167
2026-10-08 07:38:00-04:00,68910.0,68910.0,68950.0,68910.0,68940.0,58
2026-10-08 07:39:00-04:00,68955.0,68955.0,68975.0,68895.0,68895.0,54
2026-10-08 07:40:00-04:00,69035.0,69035.0,69065.0,68955.0,68975.0,119
2026-10-08 07:41:00-04:00,69040.0,69040.0,69070.0,69040.0,69060.0,18
2026-10-08 07:42:00-04:00,69015.0,69015.0,69030.0,69005.0,69030.0,35
2026-10-08 07:43:00-04:00,68985.0,68985.0,69015.0,68985.0,69005.0,7
2026-10-08 07:44:00-04:00,68975.0,68975.0,68995.0,68955.0,68985.0,24
2026-10-08 07:45:00-04:00,68990.0,68990.0,68990.0,68990.0,68990.0,5
2026-10-08 07:46:00-04:00,68980.0,68980.0,68995.0,68980.0,68995.0,4
2026-10-08 07:47:00-04:00,69015.0,69015.0,69015.0,69015.0,69015.0,1
2026-10-08 07:48:00-04:00,68965.0,68965.0,69005.0,68965.0,69005.0,19
2026-10-08 07:49:00-04:00,68995.0,68995.0,68995.0,68965.0,68965.0,4
2026-10-08 07:50:00-04:00,69010.0,69010.0,69010.0,68995.0,69000.0,9
2026-10-08 07:51:00-04:00,69000.0,69000.0,69005.0,68995.0,69005.0,4
2026-10-08 07:52:00-04:00,68990.0,68990.0,69000.0,68985.0,68990.0,13
2026-10-08 07:53:00-04:00,68990.0,68990.0,68990.0,68990.0,68990.0,1
2026-10-08 07:54:00-04:00,68980.0,68980.0,68980.0,68975.0,68975.0,6
2026-10-08 07:55:00-04:00,68980.0,68980.0,68985.0,68980.0,68985.0,3
2026-10-08 07:56:00-04:00,68985.0,68985.0,68985.0,68970.0,68970.0,20
2026-10-08 07:57:00-04:00,69000.0,69000.0,69010.0,69000.0,69000.0,30
2026-10-08 07:59:00-04:00,69000.0,69000.0,69000.0,68990.0,68990.0,3
2026-10-08 08:00:00-04:00,68995.0,68995.0,69010.0,68980.0,69010.0,12
2026-10-08 08:01:00-04:00,69010.0,69010.0,69015.0,69000.0,69005.0,18
2026-10-08 08:02:00-04:00,69045.0,69045.0,69065.0,69030.0,69030.0,19
2026-10-08 08:03:00-04:00,69055.0,69055.0,69065.0,69035.0,69045.0,47
2026-10-08 08:04:00-04:00,69065.0,69065.0,69065.0,69060.0,69060.0,6
2026-10-08 08:05:00-04:00,69070.0,69070.0,69080.0,69035.0,69035.0,17
2026-10-08 08:06:00-04:00,69050.0,69050.0,69060.0,69050.0,69060.0,20
2026-10-08 08:07:00-04:00,69080.0,69080.0,69080.0,69050.0,69050.0,8
2026-10-08 08:08:00-04:00,69100.0,69100.0,69100.0,69085.0,69085.0,5
2026-10-08 08:09:00-04:00,69055.0,69055.0,69065.0,69055.0,69065.0,8
2026-10-08 08:10:00-04:00,69055.0,69055.0,69060.0,69045.0,69045.0,7
2026-10-08 08:11:00-04:00,69050.0,69050.0,69055.0,69050.0,69055.0,2
2026-10-08 08:12:00-04:00,69060.0,69060.0,69070.0,69055.0,69065.0,7
2026-10-08 08:13:00-04:00,69010.0,69010.0,69055.0,69000.0,69055.0,62
2026-10-08 08:14:00-04:00,69010.0,69010.0,69020.0,69010.0,69020.0,4
2026-10-08 08:15:00-04:00,68995.0,68995.0,69010.0,68970.0,68990.0,75
2026-10-08 08:16:00-04:00,68990.0,68990.0,68995.0,68970.0,68990.0,19
2026-10-08 08:17:00-04:00,68995.0,68995.0,69000.0,68985.0,68995.0,8
2026-10-08 08:18:00-04:00,68980.0,68980.0,68995.0,68975.0,68995.0,6
2026-10-08 08:19:00-04:00,69015.0,69015.0,69015.0,68990.0,68990.0,6
2026-10-08 08:20:00-04:00,69065.0,69065.0,69070.0,69025.0,69030.0,29
2026-10-08 08:21:00-04:00,69040.0,69040.0,69065.0,69040.0,69060.0,20
2026-10-08 08:22:00-04:00,69025.0,69025.0,69035.0,69025.0,69030.0,4
2026-10-08 08:23:00-04:00,69010.0,69010.0,69070.0,69010.0,69055.0,43
2026-10-08 08:24:00-04:00,69025.0,69025.0,69025.0,68995.0,69010.0,39
2026-10-08 08:25:00-04:00,69050.0,69050.0,69065.0,69025.0,69025.0,11
2026-10-08 08:26:00-04:00,69010.0,69010.0,69065.0,69010.0,69065.0,20
2026-10-08 08:27:00-04:00,69045.0,69045.0,69050.0,69045.0,69050.0,3
2026-10-08 08:28:00-04:00,69065.0,69065.0,69075.0,69045.0,69045.0,24
2026-10-08 08:29:00-04:00,69085.0,69085.0,69090.0,69055.0,69070.0,25
2026-10-08 08:30:00-04:00,69030.0,69030.0,69085.0,69030.0,69080.0,10
2026-10-08 08:31:00-04:00,69075.0,69075.0,69075.0,69040.0,69040.0,18
2026-10-08 08:32:00-04:00,69070.0,69070.0,69110.0,69065.0,69065.0,13
2026-10-08 08:33:00-04:00,69060.0,69060.0,69065.0,69045.0,69065.0,7
2026-10-08 08:34:00-04:00,69010.0,69010.0,69060.0,69010.0,69055.0,18
2026-10-08 08:35:00-04:00,69025.0,69025.0,69055.0,68990.0,69000.0,60
2026-10-08 08:36:00-04:00,68990.0,68990.0,69005.0,68985.0,69005.0,9
2026-10-08 08:37:00-04:00,69000.0,69000.0,69025.0,69000.0,69025.0,5
2026-10-08 08:38:00-04:00,68975.0,68975.0,68995.0,68975.0,68985.0,7
2026-10-08 08:39:00-04:00,68975.0,68975.0,68990.0,68975.0,68980.0,7
2026-10-08 08:40:00-04:00,68990.0,68990.0,68995.0,68990.0,68990.0,3
2026-10-08 08:43:00-04:00,69040.0,69040.0,69040.0,69020.0,69020.0,4
2026-10-08 08:44:00-04:00,69005.0,69005.0,69030.0,69005.0,69030.0,4
2026-10-08 08:45:00-04:00,68960.0,68960.0,69010.0,68960.0,69010.0,18
2026-10-08 08:46:00-04:00,68975.0,68975.0,68975.0,68960.0,68960.0,19
2026-10-08 08:47:00-04:00,68965.0,68965.0,68975.0,68955.0,68965.0,7
2026-10-08 08:48:00-04:00,68960.0,68960.0,68960.0,68945.0,68945.0,5
2026-10-08 08:49:00-04:00,68970.0,68970.0,68990.0,68960.0,68960.0,7
2026-10-08 08:50:00-04:00,68975.0,68975.0,68975.0,68950.0,68955.0,12
2026-10-08 08:51:00-04:00,68960.0,68960.0,68975.0,68950.0,68970.0,16
2026-10-08 08:52:00-04:00,68970.0,68970.0,68980.0,68970.0,68980.0,4
2026-10-08 08:53:00-04:00,68985.0,68985.0,68990.0,68965.0,68965.0,5
2026-10-08 08:54:00-04:00,69035.0,69035.0,69035.0,69005.0,69010.0,17
2026-10-08 08:55:00-04:00,69005.0,69005.0,69035.0,69005.0,69030.0,20
2026-10-08 08:56:00-04:00,68970.0,68970.0,69000.0,68970.0,69000.0,3
2026-10-08 08:57:00-04:00,69010.0,69010.0,69010.0,69005.0,69010.0,7
2026-10-08 08:58:00-04:00,69015.0,69015.0,69020.0,69005.0,69010.0,7
2026-10-08 08:59:00-04:00,69015.0,69015.0,69015.0,68995.0,69000.0,7
2026-10-08 09:00:00-04:00,69010.0,69010.0,69025.0,68990.0,69010.0,20
2026-10-08 09:01:00-04:00,69045.0,69045.0,69050.0,69030.0,69030.0,8
2026-10-08 09:02:00-04:00,69055.0,69055.0,69060.0,69050.0,69050.0,11
2026-10-08 09:03:00-04:00,69090.0,69090.0,69090.0,69075.0,69075.0,16
2026-10-08 09:04:00-04:00,69105.0,69105.0,69115.0,69095.0,69095.0,10
2026-10-08 09:05:00-04:00,69125.0,69125.0,69130.0,69105.0,69105.0,33
2026-10-08 09:06:00-04:00,69140.0,69140.0,69140.0,69115.0,69130.0,27
2026-10-08 09:07:00-04:00,69145.0,69145.0,69155.0,69135.0,69150.0,11
2026-10-08 09:08:00-04:00,69165.0,69165.0,69175.0,69140.0,69140.0,17
2026-10-08 09:09:00-04:00,69140.0,69140.0,69155.0,69140.0,69145.0,5
2026-10-08 09:10:00-04:00,69135.0,69135.0,69165.0,69135.0,69165.0,11
2026-10-08 09:11:00-04:00,69150.0,69150.0,69150.0,69130.0,69135.0,14
2026-10-08 09:12:00-04:00,69150.0,69150.0,69165.0,69150.0,69165.0,24
2026-10-08 09:13:00-04:00,69135.0,69135.0,69145.0,69120.0,69145.0,9
2026-10-08 09:14:00-04:00,69145.0,69145.0,69145.0,69125.0,69125.0,13
2026-10-08 09:15:00-04:00,69145.0,69145.0,69145.0,69145.0,69145.0,4
2026-10-08 09:16:00-04:00,69165.0,69165.0,69165.0,69165.0,69165.0,2
2026-10-08 09:17:00-04:00,69180.0,69180.0,69180.0,69175.0,69175.0,2
2026-10-08 09:18:00-04:00,69165.0,69165.0,69175.0,69155.0,69175.0,24
2026-10-08 09:19:00-04:00,69190.0,69190.0,69190.0,69180.0,69180.0,4
2026-10-08 09:20:00-04:00,69210.0,69210.0,69215.0,69195.0,69195.0,18
2026-10-08 09:21:00-04:00,69240.0,69240.0,69240.0,69220.0,69220.0,14
2026-10-08 09:22:00-04:00,69235.0,69235.0,69245.0,69230.0,69235.0,96
2026-10-08 09:23:00-04:00,69225.0,69225.0,69255.0,69225.0,69245.0,44
2026-10-08 09:24:00-04:00,69180.0,69180.0,69215.0,69180.0,69215.0,8
2026-10-08 09:25:00-04:00,69170.0,69170.0,69190.0,69165.0,69185.0,33
2026-10-08 09:26:00-04:00,69170.0,69170.0,69175.0,69160.0,69160.0,14
2026-10-08 09:27:00-04:00,69160.0,69160.0,69165.0,69155.0,69165.0,22
2026-10-08 09:28:00-04:00,69165.0,69165.0,69165.0,69165.0,69165.0,5
2026-10-08 09:29:00-04:00,69160.0,69160.0,69170.0,69160.0,69165.0,12
2026-10-08 09:30:00-04:00,69130.0,69130.0,69180.0,69100.0,69160.0,98
2026-10-08 09:31:00-04:00,69160.0,69160.0,69160.0,69110.0,69125.0,53
2026-10-08 09:32:00-04:00,69170.0,69170.0,69205.0,69150.0,69185.0,37
2026-10-08 09:33:00-04:00,69150.0,69150.0,69220.0,69130.0,69185.0,28
2026-10-08 09:34:00-04:00,69190.0,69190.0,69190.0,69155.0,69155.0,22
2026-10-08 09:35:00-04:00,69125.0,69125.0,69175.0,69125.0,69170.0,43
2026-10-08 09:36:00-04:00,69095.0,69095.0,69135.0,69085.0,69120.0,18
2026-10-08 09:37:00-04:00,69085.0,69085.0,69105.0,69075.0,69100.0,10
2026-10-08 09:38:00-04:00,69110.0,69110.0,69110.0,69105.0,69105.0,5
2026-10-08 09:39:00-04:00,69095.0,69095.0,69100.0,69080.0,69100.0,26
2026-10-08 09:40:00-04:00,69030.0,69030.0,69060.0,69015.0,69060.0,28
2026-10-08 09:41:00-04:00,69030.0,69030.0,69080.0,69015.0,69025.0,27
2026-10-08 09:42:00-04:00,69025.0,69025.0,69040.0,69015.0,69030.0,10
2026-10-08 09:43:00-04:00,69055.0,69055.0,69055.0,69025.0,69025.0,2
2026-10-08 09:44:00-04:00,69060.0,69060.0,69065.0,69045.0,69065.0,28
2026-10-08 09:45:00-04:00,69080.0,69080.0,69085.0,69065.0,69065.0,32
2026-10-08 09:46:00-04:00,69060.0,69060.0,69105.0,69060.0,69075.0,49
2026-10-08 09:47:00-04:00,69055.0,69055.0,69065.0,69050.0,69065.0,14
2026-10-08 09:48:00-04:00,69050.0,69050.0,69060.0,69035.0,69045.0,13
2026-10-08 09:49:00-04:00,69085.0,69085.0,69085.0,69055.0,69055.0,8
2026-10-08 09:50:00-04:00,69065.0,69065.0,69080.0,69050.0,69080.0,10
2026-10-08 09:51:00-04:00,69110.0,69110.0,69115.0,69085.0,69085.0,25
2026-10-08 09:52:00-04:00,69055.0,69055.0,69105.0,69055.0,69105.0,5
2026-10-08 09:53:00-04:00,69070.0,69070.0,69095.0,69060.0,69085.0,16
2026-10-08 09:54:00-04:00,68990.0,68990.0,69050.0,68990.0,69050.0,33
2026-10-08 09:55:00-04:00,69005.0,69005.0,69015.0,68980.0,68990.0,40
2026-10-08 09:56:00-04:00,69015.0,69015.0,69020.0,68985.0,69015.0,21
2026-10-08 09:57:00-04:00,69010.0,69010.0,69020.0,68985.0,69000.0,10
2026-10-08 09:58:00-04:00,69015.0,69015.0,69025.0,69015.0,69020.0,13
2026-10-08 09:59:00-04:00,68995.0,68995.0,69060.0,68995.0,69045.0,161
2026-10-08 10:00:00-04:00,69020.0,69020.0,69030.0,68980.0,68990.0,30
2026-10-08 10:01:00-04:00,69030.0,69030.0,69035.0,68990.0,69020.0,22
2026-10-08 10:02:00-04:00,69065.0,69065.0,69085.0,69020.0,69025.0,192
2026-10-08 10:03:00-04:00,69070.0,69070.0,69100.0,69065.0,69070.0,16
2026-10-08 10:04:00-04:00,69075.0,69075.0,69105.0,69070.0,69070.0,11
2026-10-08 10:05:00-04:00,69090.0,69090.0,69110.0,69085.0,69085.0,6
2026-10-08 10:06:00-04:00,69100.0,69100.0,69125.0,69090.0,69090.0,10
2026-10-08 10:07:00-04:00,69140.0,69140.0,69140.0,69120.0,69120.0,6
2026-10-08 10:08:00-04:00,69125.0,69125.0,69140.0,69125.0,69140.0,14
2026-10-08 10:09:00-04:00,69180.0,69180.0,69180.0,69115.0,69115.0,44
2026-10-08 10:10:00-04:00,69165.0,69165.0,69185.0,69160.0,69175.0,31
2026-10-08 10:11:00-04:00,69165.0,69165.0,69170.0,69160.0,69160.0,8
2026-10-08 10:12:00-04:00,69190.0,69190.0,69190.0,69170.0,69170.0,11
2026-10-08 10:13:00-04:00,69155.0,69155.0,69185.0,69155.0,69185.0,14
2026-10-08 10:14:00-04:00,69120.0,69120.0,69155.0,69120.0,69155.0,16
2026-10-08 10:15:00-04:00,69135.0,69135.0,69145.0,69130.0,69145.0,64
2026-10-08 10:16:00-04:00,69145.0,69145.0,69145.0,69135.0,69135.0,7
2026-10-08 10:17:00-04:00,69155.0,69155.0,69165.0,69140.0,69140.0,15
2026-10-08 10:18:00-04:00,69205.0,69205.0,69210.0,69185.0,69185.0,15
2026-10-08 10:19:00-04:00,69200.0,69200.0,69205.0,69190.0,69200.0,21
2026-10-08 10:20:00-04:00,69205.0,69205.0,69225.0,69200.0,69210.0,29
2026-10-08 10:21:00-04:00,69180.0,69180.0,69210.0,69180.0,69195.0,12
2026-10-08 10:22:00-04:00,69165.0,69165.0,69175.0,69165.0,69175.0,6
2026-10-08 10:23:00-04:00,69220.0,69220.0,69240.0,69220.0,69240.0,13
2026-10-08 10:24:00-04:00,69290.0,69290.0,69290.0,69240.0,69240.0,6
2026-10-08 10:25:00-04:00,69320.0,69320.0,69320.0,69290.0,69295.0,10
2026-10-08 10:26:00-04:00,69310.0,69310.0,69320.0,69310.0,69315.0,9
2026-10-08 10:27:00-04:00,69335.0,69335.0,69335.0,69295.0,69295.0,8
2026-10-08 10:28:00-04:00,69385.0,69385.0,69385.0,69330.0,69330.0,24
2026-10-08 10:29:00-04:00,69410.0,69410.0,69410.0,69380.0,69380.0,84
2026-10-08 10:30:00-04:00,69380.0,69380.0,69405.0,69360.0,69405.0,24
2026-10-08 10:31:00-04:00,69370.0,69370.0,69380.0,69350.0,69375.0,27
2026-10-08 10:32:00-04:00,69335.0,69335.0,69365.0,69335.0,69365.0,11
2026-10-08 10:33:00-04:00,69320.0,69320.0,69355.0,69320.0,69350.0,45
2026-10-08 10:34:00-04:00,69345.0,69345.0,69345.0,69325.0,69335.0,6
2026-10-08 10:35:00-04:00,69310.0,69310.0,69325.0,69295.0,69325.0,7
2026-10-08 10:36:00-04:00,69330.0,69330.0,69330.0,69315.0,69330.0,8
2026-10-08 10:37:00-04:00,69285.0,69285.0,69320.0,69285.0,69305.0,8
2026-10-08 10:38:00-04:00,69285.0,69285.0,69290.0,69280.0,69285.0,9
2026-10-08 10:39:00-04:00,69220.0,69220.0,69260.0,69220.0,69260.0,13
2026-10-08 10:40:00-04:00,69225.0,69225.0,69245.0,69225.0,69230.0,15
2026-10-08 10:41:00-04:00,69205.0,69205.0,69215.0,69185.0,69215.0,43
2026-10-08 10:42:00-04:00,69200.0,69200.0,69210.0,69200.0,69210.0,6
2026-10-08 10:43:00-04:00,69175.0,69175.0,69180.0,69165.0,69180.0,16
2026-10-08 10:44:00-04:00,69190.0,69190.0,69195.0,69165.0,69175.0,40
2026-10-08 10:45:00-04:00,69190.0,69190.0,69195.0,69170.0,69175.0,34
2026-10-08 10:46:00-04:00,69195.0,69195.0,69205.0,69180.0,69190.0,14
2026-10-08 10:47:00-04:00,69200.0,69200.0,69205.0,69180.0,69190.0,11
2026-10-08 10:48:00-04:00,69170.0,69170.0,69170.0,69150.0,69155.0,25
2026-10-08 10:49:00-04:00,69140.0,69140.0,69145.0,69130.0,69135.0,18
2026-10-08 10:50:00-04:00,69155.0,69155.0,69160.0,69145.0,69145.0,20
2026-10-08 10:51:00-04:00,69135.0,69135.0,69150.0,69135.0,69145.0,12
2026-10-08 10:52:00-04:00,69155.0,69155.0,69170.0,69145.0,69150.0,32
2026-10-08 10:53:00-04:00,69105.0,69105.0,69135.0,69090.0,69120.0,52
2026-10-08 10:54:00-04:00,69070.0,69070.0,69090.0,69060.0,69090.0,88
2026-10-08 10:55:00-04:00,69075.0,69075.0,69075.0,69050.0,69075.0,44
2026-10-08 10:56:00-04:00,69080.0,69080.0,69085.0,69070.0,69075.0,9
2026-10-08 10:57:00-04:00,69070.0,69070.0,69090.0,69070.0,69090.0,11
2026-10-08 10:58:00-04:00,69085.0,69085.0,69095.0,69065.0,69070.0,22
2026-10-08 10:59:00-04:00,69085.0,69085.0,69095.0,69075.0,69080.0,32
2026-10-08 11:00:00-04:00,69070.0,69070.0,69100.0,69070.0,69085.0,16
2026-10-08 11:01:00-04:00,69070.0,69070.0,69090.0,69070.0,69075.0,22
2026-10-08 11:02:00-04:00,69060.0,69060.0,69065.0,69045.0,69065.0,17
2026-10-08 11:03:00-04:00,69020.0,69020.0,69080.0,69020.0,69055.0,42
2026-10-08 11:04:00-04:00,69060.0,69060.0,69065.0,69035.0,69035.0,16
2026-10-08 11:05:00-04:00,69040.0,69040.0,69075.0,69040.0,69075.0,17
2026-10-08 11:06:00-04:00,69040.0,69040.0,69055.0,69040.0,69045.0,6
2026-10-08 11:07:00-04:00,69020.0,69020.0,69025.0,69005.0,69020.0,13
2026-10-08 11:08:00-04:00,69000.0,69000.0,69025.0,69000.0,69020.0,11
2026-10-08 11:09:00-04:00,68990.0,68990.0,69030.0,68990.0,69025.0,31
2026-10-08 11:10:00-04:00,68995.0,68995.0,68995.0,68990.0,68995.0,5
2026-10-08 11:11:00-04:00,69040.0,69040.0,69040.0,68995.0,68995.0,7
2026-10-08 11:12:00-04:00,69055.0,69055.0,69060.0,69025.0,69025.0,13
2026-10-08 11:13:00-04:00,69040.0,69040.0,69050.0,69020.0,69045.0,53
2026-10-08 11:14:00-04:00,68975.0,68975.0,69030.0,68975.0,69030.0,70
2026-10-08 11:15:00-04:00,69000.0,69000.0,69005.0,68960.0,68960.0,22
2026-10-08 11:16:00-04:00,69010.0,69010.0,69030.0,69010.0,69010.0,13
2026-10-08 11:17:00-04:00,69025.0,69025.0,69030.0,69005.0,69010.0,18
2026-10-08 11:18:00-04:00,69020.0,69020.0,69025.0,69015.0,69025.0,8
2026-10-08 11:19:00-04:00,69000.0,69000.0,69010.0,68975.0,69010.0,24
2026-10-08 11:20:00-04:00,69010.0,69010.0,69015.0,68990.0,69000.0,25
2026-10-08 11:21:00-04:00,69010.0,69010.0,69025.0,68995.0,69000.0,76
2026-10-08 11:22:00-04:00,68980.0,68980.0,69015.0,68980.0,68995.0,17
2026-10-08 11:23:00-04:00,68950.0,68950.0,68980.0,68945.0,68980.0,15
2026-10-08 11:24:00-04:00,68955.0,68955.0,68960.0,68945.0,68955.0,33
2026-10-08 11:25:00-04:00,68920.0,68920.0,68955.0,68920.0,68955.0,57
2026-10-08 11:26:00-04:00,68940.0,68940.0,68950.0,68915.0,68925.0,20
2026-10-08 11:27:00-04:00,68975.0,68975.0,68975.0,68940.0,68940.0,16
2026-10-08 11:28:00-04:00,68990.0,68990.0,68995.0,68980.0,68980.0,8
2026-10-08 11:29:00-04:00,68965.0,68965.0,69010.0,68965.0,69005.0,85
2026-10-08 11:30:00-04:00,68970.0,68970.0,68970.0,68955.0,68965.0,15
2026-10-08 11:31:00-04:00,68940.0,68940.0,68960.0,68940.0,68960.0,3
2026-10-08 11:32:00-04:00,68930.0,68930.0,68940.0,68915.0,68940.0,6
2026-10-08 11:33:00-04:00,68910.0,68910.0,68920.0,68905.0,68915.0,25
2026-10-08 11:34:00-04:00,68880.0,68880.0,68885.0,68870.0,68885.0,15
2026-10-08 11:35:00-04:00,68865.0,68865.0,68880.0,68865.0,68875.0,13
2026-10-08 11:36:00-04:00,68870.0,68870.0,68870.0,68855.0,68865.0,22
2026-10-08 11:37:00-04:00,68855.0,68855.0,68870.0,68855.0,68865.0,13
2026-10-08 11:38:00-04:00,68840.0,68840.0,68840.0,68835.0,68835.0,2
2026-10-08 11:39:00-04:00,68850.0,68850.0,68850.0,68835.0,68840.0,43
2026-10-08 11:40:00-04:00,68835.0,68835.0,68845.0,68825.0,68825.0,21
2026-10-08 11:41:00-04:00,68825.0,68825.0,68840.0,68825.0,68830.0,11
2026-10-08 11:42:00-04:00,68850.0,68850.0,68850.0,68830.0,68830.0,6
2026-10-08 11:43:00-04:00,68855.0,68855.0,68860.0,68850.0,68860.0,20
2026-10-08 11:44:00-04:00,68870.0,68870.0,68870.0,68860.0,68865.0,16
2026-10-08 11:45:00-04:00,68845.0,68845.0,68870.0,68845.0,68870.0,43
2026-10-08 11:46:00-04:00,68855.0,68855.0,68865.0,68835.0,68860.0,108
2026-10-08 11:47:00-04:00,68865.0,68865.0,68875.0,68855.0,68860.0,40
2026-10-08 11:48:00-04:00,68865.0,68865.0,68875.0,68860.0,68870.0,7
2026-10-08 11:49:00-04:00,68835.0,68835.0,68850.0,68830.0,68850.0,16
2026-10-08 11:50:00-04:00,68860.0,68860.0,68860.0,68835.0,68835.0,4
2026-10-08 11:51:00-04:00,68875.0,68875.0,68875.0,68870.0,68870.0,12
2026-10-08 11:52:00-04:00,68855.0,68855.0,68875.0,68845.0,68875.0,13
2026-10-08 11:53:00-04:00,68860.0,68860.0,68860.0,68845.0,68850.0,6
2026-10-08 11:54:00-04:00,68845.0,68845.0,68865.0,68845.0,68865.0,7
2026-10-08 11:55:00-04:00,68815.0,68815.0,68845.0,68815.0,68840.0,11
2026-10-08 11:56:00-04:00,68820.0,68820.0,68820.0,68815.0,68820.0,3
2026-10-08 11:57:00-04:00,68820.0,68820.0,68820.0,68810.0,68810.0,6
2026-10-08 11:58:00-04:00,68830.0,68830.0,68830.0,68820.0,68825.0,4
2026-10-08 11:59:00-04:00,68860.0,68860.0,68860.0,68835.0,68835.0,6
2026-10-08 12:00:00-04:00,68850.0,68850.0,68860.0,68845.0,68845.0,11
2026-10-08 12:01:00-04:00,68825.0,68825.0,68840.0,68810.0,68840.0,12
2026-10-08 12:02:00-04:00,68830.0,68830.0,68835.0,68825.0,68825.0,8
2026-10-08 12:03:00-04:00,68800.0,68800.0,68810.0,68795.0,68810.0,40
2026-10-08 12:04:00-04:00,68815.0,68815.0,68815.0,68790.0,68800.0,11
2026-10-08 12:05:00-04:00,68825.0,68825.0,68825.0,68800.0,68810.0,7
2026-10-08 12:06:00-04:00,68810.0,68810.0,68815.0,68800.0,68815.0,7
2026-10-08 12:07:00-04:00,68815.0,68815.0,68820.0,68815.0,68815.0,9
2026-10-08 12:08:00-04:00,68860.0,68860.0,68865.0,68855.0,68860.0,14
2026-10-08 12:09:00-04:00,68870.0,68870.0,68870.0,68855.0,68860.0,9
2026-10-08 12:10:00-04:00,68875.0,68875.0,68885.0,68875.0,68880.0,6
2026-10-08 12:11:00-04:00,68885.0,68885.0,68885.0,68865.0,68875.0,11
2026-10-08 12:12:00-04:00,68910.0,68910.0,68910.0,68885.0,68890.0,15
2026-10-08 12:13:00-04:00,68880.0,68880.0,68905.0,68875.0,68905.0,56
2026-10-08 12:14:00-04:00,68885.0,68885.0,68890.0,68870.0,68870.0,6
2026-10-08 12:15:00-04:00,68895.0,68895.0,68915.0,68895.0,68895.0,8
2026-10-08 12:16:00-04:00,68880.0,68880.0,68890.0,68875.0,68890.0,8
2026-10-08 12:17:00-04:00,69185.0,69185.0,69295.0,68880.0,68880.0,602
2026-10-08 12:18:00-04:00,69110.0,69110.0,69195.0,69085.0,69175.0,60
2026-10-08 12:19:00-04:00,69055.0,69055.0,69095.0,69055.0,69085.0,30
2026-10-08 12:20:00-04:00,69095.0,69095.0,69105.0,69045.0,69060.0,20
2026-10-08 12:21:00-04:00,69120.0,69120.0,69120.0,69090.0,69090.0,17
2026-10-08 12:22:00-04:00,69070.0,69070.0,69105.0,69070.0,69105.0,15
2026-10-08 12:23:00-04:00,69145.0,69145.0,69145.0,69060.0,69060.0,45
2026-10-08 12:24:00-04:00,69130.0,69130.0,69145.0,69120.0,69140.0,18
2026-10-08 12:25:00-04:00,69120.0,69120.0,69135.0,69120.0,69135.0,4
2026-10-08 12:26:00-04:00,69135.0,69135.0,69135.0,69095.0,69095.0,8
2026-10-08 12:27:00-04:00,69110.0,69110.0,69120.0,69105.0,69120.0,5
2026-10-08 12:28:00-04:00,69120.0,69120.0,69130.0,69110.0,69110.0,12
2026-10-08 12:29:00-04:00,69095.0,69095.0,69095.0,69090.0,69095.0,7
2026-10-08 12:30:00-04:00,69090.0,69090.0,69105.0,69090.0,69090.0,4
2026-10-08 12:31:00-04:00,69075.0,69075.0,69090.0,69075.0,69080.0,7
2026-10-08 12:32:00-04:00,69120.0,69120.0,69120.0,69085.0,69085.0,12
2026-10-08 12:33:00-04:00,69095.0,69095.0,69110.0,69095.0,69105.0,8
2026-10-08 12:34:00-04:00,69090.0,69090.0,69090.0,69070.0,69070.0,7
2026-10-08 12:35:00-04:00,69110.0,69110.0,69110.0,69105.0,69105.0,3
2026-10-08 12:36:00-04:00,69065.0,69065.0,69090.0,69065.0,69090.0,4
2026-10-08 12:37:00-04:00,69045.0,69045.0,69100.0,69045.0,69045.0,44
2026-10-08 12:38:00-04:00,68995.0,68995.0,69030.0,68995.0,69030.0,5
2026-10-08 12:39:00-04:00,69055.0,69055.0,69055.0,68995.0,68995.0,14
2026-10-08 12:40:00-04:00,69115.0,69115.0,69135.0,69055.0,69055.0,26
2026-10-08 12:41:00-04:00,69110.0,69110.0,69115.0,69110.0,69115.0,5
2026-10-08 12:42:00-04:00,69075.0,69075.0,69130.0,69065.0,69105.0,148
2026-10-08 12:43:00-04:00,68980.0,68980.0,69070.0,68980.0,69070.0,296
2026-10-08 12:44:00-04:00,68995.0,68995.0,68995.0,68965.0,68980.0,123
2026-10-08 12:45:00-04:00,68940.0,68940.0,68985.0,68935.0,68985.0,47
2026-10-08 12:46:00-04:00,68950.0,68950.0,68955.0,68930.0,68940.0,24
2026-10-08 12:47:00-04:00,68855.0,68855.0,68945.0,68855.0,68945.0,17
2026-10-08 12:48:00-04:00,68790.0,68790.0,68830.0,68785.0,68825.0,30
2026-10-08 12:49:00-04:00,68745.0,68745.0,68800.0,68740.0,68780.0,52
2026-10-08 12:50:00-04:00,68645.0,68645.0,68760.0,68640.0,68745.0,153
2026-10-08 12:51:00-04:00,68670.0,68670.0,68675.0,68605.0,68640.0,121
2026-10-08 12:52:00-04:00,68585.0,68585.0,68675.0,68580.0,68675.0,42
2026-10-08 12:53:00-04:00,68570.0,68570.0,68580.0,68525.0,68560.0,125
2026-10-08 12:54:00-04:00,68515.0,68515.0,68555.0,68475.0,68555.0,245
2026-10-08 12:55:00-04:00,68520.0,68520.0,68555.0,68480.0,68530.0,70
2026-10-08 12:56:00-04:00,68445.0,68445.0,68540.0,68420.0,68515.0,141
2026-10-08 12:57:00-04:00,68390.0,68390.0,68495.0,68390.0,68425.0,188
2026-10-08 12:58:00-04:00,68400.0,68400.0,68405.0,68350.0,68380.0,78
2026-10-08 12:59:00-04:00,68375.0,68375.0,68450.0,68375.0,68405.0,54
2026-10-08 13:00:00-04:00,68205.0,68205.0,68365.0,68200.0,68350.0,196
2026-10-08 13:01:00-04:00,68235.0,68235.0,68285.0,68185.0,68200.0,135
2026-10-08 13:02:00-04:00,68335.0,68335.0,68345.0,68230.0,68230.0,338
2026-10-08 13:03:00-04:00,68200.0,68200.0,68340.0,68185.0,68340.0,53
2026-10-08 13:04:00-04:00,68145.0,68145.0,68205.0,68145.0,68205.0,161
2026-10-08 13:05:00-04:00,68110.0,68110.0,68180.0,68110.0,68155.0,427
2026-10-08 13:06:00-04:00,68170.0,68170.0,68170.0,68105.0,68110.0,79
2026-10-08 13:07:00-04:00,68270.0,68270.0,68290.0,68165.0,68170.0,59
2026-10-08 13:08:00-04:00,68310.0,68310.0,68335.0,68275.0,68275.0,47
2026-10-08 13:09:00-04:00,68305.0,68305.0,68340.0,68300.0,68310.0,21
2026-10-08 13:10:00-04:00,68255.0,68255.0,68305.0,68255.0,68300.0,36
2026-10-08 13:11:00-04:00,68250.0,68250.0,68275.0,68210.0,68240.0,74
2026-10-08 13:12:00-04:00,68360.0,68360.0,68365.0,68250.0,68250.0,78
2026-10-08 13:13:00-04:00,68390.0,68390.0,68400.0,68355.0,68375.0,50
2026-10-08 13:14:00-04:00,68415.0,68415.0,68425.0,68380.0,68380.0,18
2026-10-08 13:15:00-04:00,68400.0,68400.0,68450.0,68385.0,68415.0,142
2026-10-08 13:16:00-04:00,68300.0,68300.0,68430.0,68290.0,68400.0,136
2026-10-08 13:17:00-04:00,68245.0,68245.0,68280.0,68245.0,68280.0,37
2026-10-08 13:18:00-04:00,68275.0,68275.0,68330.0,68265.0,68275.0,34
2026-10-08 13:19:00-04:00,68265.0,68265.0,68325.0,68265.0,68285.0,31
2026-10-08 13:20:00-04:00,68270.0,68270.0,68270.0,68205.0,68260.0,22
2026-10-08 13:21:00-04:00,68215.0,68215.0,68265.0,68210.0,68250.0,6
2026-10-08 13:22:00-04:00,68200.0,68200.0,68205.0,68175.0,68195.0,32
2026-10-08 13:23:00-04:00,68220.0,68220.0,68230.0,68165.0,68175.0,20
2026-10-08 13:24:00-04:00,68225.0,68225.0,68225.0,68210.0,68215.0,11
2026-10-08 13:25:00-04:00,68195.0,68195.0,68250.0,68190.0,68240.0,63
2026-10-08 13:26:00-04:00,68080.0,68080.0,68200.0,68050.0,68200.0,150
2026-10-08 13:27:00-04:00,68035.0,68035.0,68085.0,68035.0,68070.0,121
2026-10-08 13:28:00-04:00,68075.0,68075.0,68085.0,68015.0,68040.0,75
2026-10-08 13:29:00-04:00,68075.0,68075.0,68105.0,68060.0,68070.0,45
2026-10-08 13:30:00-04:00,68095.0,68095.0,68095.0,68040.0,68080.0,44
2026-10-08 13:31:00-04:00,68105.0,68105.0,68115.0,68065.0,68095.0,47
2026-10-08 13:32:00-04:00,68120.0,68120.0,68155.0,68110.0,68115.0,65
2026-10-08 13:33:00-04:00,68175.0,68175.0,68185.0,68120.0,68125.0,27
2026-10-08 13:34:00-04:00,68205.0,68205.0,68215.0,68165.0,68190.0,19
2026-10-08 13:35:00-04:00,68190.0,68190.0,68245.0,68180.0,68200.0,26
2026-10-08 13:36:00-04:00,68200.0,68200.0,68200.0,68195.0,68200.0,10
2026-10-08 13:37:00-04:00,68230.0,68230.0,68230.0,68190.0,68195.0,17
2026-10-08 13:38:00-04:00,68235.0,68235.0,68235.0,68225.0,68225.0,3
2026-10-08 13:39:00-04:00,68330.0,68330.0,68335.0,68220.0,68220.0,93
2026-10-08 13:40:00-04:00,68335.0,68335.0,68335.0,68305.0,68325.0,24
2026-10-08 13:41:00-04:00,68310.0,68310.0,68365.0,68310.0,68345.0,52
2026-10-08 13:42:00-04:00,68290.0,68290.0,68340.0,68285.0,68305.0,25
2026-10-08 13:43:00-04:00,68310.0,68310.0,68310.0,68280.0,68295.0,9
2026-10-08 13:44:00-04:00,68275.0,68275.0,68290.0,68275.0,68290.0,17
2026-10-08 13:45:00-04:00,68290.0,68290.0,68305.0,68250.0,68290.0,20
2026-10-08 13:46:00-04:00,68210.0,68210.0,68275.0,68200.0,68275.0,38
2026-10-08 13:47:00-04:00,68215.0,68215.0,68230.0,68200.0,68205.0,35
2026-10-08 13:48:00-04:00,68180.0,68180.0,68210.0,68170.0,68205.0,46
2026-10-08 13:49:00-04:00,68160.0,68160.0,68190.0,68160.0,68190.0,23
2026-10-08 13:50:00-04:00,68170.0,68170.0,68175.0,68160.0,68160.0,4
2026-10-08 13:51:00-04:00,68175.0,68175.0,68175.0,68160.0,68170.0,6
2026-10-08 13:52:00-04:00,68200.0,68200.0,68210.0,68165.0,68185.0,42
2026-10-08 13:53:00-04:00,68150.0,68150.0,68190.0,68150.0,68190.0,3
2026-10-08 13:54:00-04:00,68185.0,68185.0,68195.0,68185.0,68185.0,10
2026-10-08 13:55:00-04:00,68195.0,68195.0,68215.0,68180.0,68200.0,26
2026-10-08 13:56:00-04:00,68185.0,68185.0,68195.0,68170.0,68185.0,11
2026-10-08 13:57:00-04:00,68240.0,68240.0,68240.0,68205.0,68205.0,6
2026-10-08 13:58:00-04:00,68245.0,68245.0,68250.0,68240.0,68245.0,11
2026-10-08 13:59:00-04:00,68235.0,68235.0,68255.0,68235.0,68255.0,3
2026-10-08 14:00:00-04:00,68185.0,68185.0,68260.0,68185.0,68260.0,28
2026-10-08 14:01:00-04:00,68165.0,68165.0,68170.0,68140.0,68165.0,23
2026-10-08 14:02:00-04:00,68215.0,68215.0,68220.0,68180.0,68180.0,25
2026-10-08 14:03:00-04:00,68210.0,68210.0,68225.0,68210.0,68215.0,10
2026-10-08 14:04:00-04:00,68195.0,68195.0,68240.0,68190.0,68210.0,14
2026-10-08 14:05:00-04:00,68210.0,68210.0,68210.0,68170.0,68195.0,25
2026-10-08 14:06:00-04:00,68215.0,68215.0,68215.0,68205.0,68205.0,6
2026-10-08 14:07:00-04:00,68220.0,68220.0,68235.0,68210.0,68230.0,16
2026-10-08 14:08:00-04:00,68250.0,68250.0,68265.0,68200.0,68200.0,28
2026-10-08 14:09:00-04:00,68245.0,68245.0,68285.0,68245.0,68245.0,17
2026-10-08 14:10:00-04:00,68285.0,68285.0,68295.0,68245.0,68245.0,13
2026-10-08 14:11:00-04:00,68300.0,68300.0,68310.0,68285.0,68285.0,7
2026-10-08 14:12:00-04:00,68315.0,68315.0,68315.0,68295.0,68300.0,17
2026-10-08 14:13:00-04:00,68340.0,68340.0,68340.0,68315.0,68320.0,12
2026-10-08 14:14:00-04:00,68390.0,68390.0,68395.0,68355.0,68355.0,40
2026-10-08 14:15:00-04:00,68405.0,68405.0,68405.0,68380.0,68385.0,6
2026-10-08 14:16:00-04:00,68420.0,68420.0,68420.0,68400.0,68420.0,59
2026-10-08 14:17:00-04:00,68385.0,68385.0,68415.0,68385.0,68415.0,13
2026-10-08 14:18:00-04:00,68390.0,68390.0,68395.0,68385.0,68385.0,4
2026-10-08 14:19:00-04:00,68415.0,68415.0,68425.0,68395.0,68400.0,11
2026-10-08 14:20:00-04:00,68395.0,68395.0,68425.0,68395.0,68425.0,4
2026-10-08 14:21:00-04:00,68395.0,68395.0,68415.0,68390.0,68390.0,11
2026-10-08 14:22:00-04:00,68415.0,68415.0,68415.0,68375.0,68375.0,19
2026-10-08 14:23:00-04:00,68455.0,68455.0,68455.0,68420.0,68420.0,11
2026-10-08 14:24:00-04:00,68470.0,68470.0,68470.0,68450.0,68450.0,8
2026-10-08 14:25:00-04:00,68475.0,68475.0,68485.0,68470.0,68475.0,31
2026-10-08 14:26:00-04:00,68465.0,68465.0,68475.0,68455.0,68470.0,12
2026-10-08 14:27:00-04:00,68450.0,68450.0,68460.0,68450.0,68455.0,7
2026-10-08 14:28:00-04:00,68485.0,68485.0,68505.0,68460.0,68460.0,11
2026-10-08 14:29:00-04:00,68450.0,68450.0,68450.0,68425.0,68445.0,6
2026-10-08 14:30:00-04:00,68400.0,68400.0,68440.0,68400.0,68440.0,19
2026-10-08 14:31:00-04:00,68390.0,68390.0,68400.0,68390.0,68395.0,11
2026-10-08 14:32:00-04:00,68400.0,68400.0,68400.0,68385.0,68385.0,3
2026-10-08 14:33:00-04:00,68365.0,68365.0,68395.0,68360.0,68395.0,31
2026-10-08 14:34:00-04:00,68375.0,68375.0,68375.0,68370.0,68370.0,12
2026-10-08 14:35:00-04:00,68360.0,68360.0,68380.0,68360.0,68380.0,2
2026-10-08 14:36:00-04:00,68355.0,68355.0,68360.0,68340.0,68350.0,12
2026-10-08 14:37:00-04:00,68360.0,68360.0,68360.0,68335.0,68350.0,13
2026-10-08 14:38:00-04:00,68345.0,68345.0,68360.0,68335.0,68360.0,32
2026-10-08 14:39:00-04:00,68340.0,68340.0,68340.0,68330.0,68340.0,6
2026-10-08 14:40:00-04:00,68345.0,68345.0,68350.0,68340.0,68350.0,6
2026-10-08 14:41:00-04:00,68335.0,68335.0,68345.0,68335.0,68345.0,14
2026-10-08 14:42:00-04:00,68325.0,68325.0,68335.0,68320.0,68335.0,3
2026-10-08 14:43:00-04:00,68325.0,68325.0,68325.0,68320.0,68325.0,3
2026-10-08 14:44:00-04:00,68325.0,68325.0,68325.0,68300.0,68300.0,11
2026-10-08 14:45:00-04:00,68295.0,68295.0,68320.0,68295.0,68320.0,5
2026-10-08 14:46:00-04:00,68300.0,68300.0,68305.0,68300.0,68300.0,3
2026-10-08 14:47:00-04:00,68295.0,68295.0,68315.0,68290.0,68315.0,5
2026-10-08 14:48:00-04:00,68310.0,68310.0,68310.0,68300.0,68300.0,9
2026-10-08 14:49:00-04:00,68335.0,68335.0,68335.0,68315.0,68315.0,8
2026-10-08 14:50:00-04:00,68335.0,68335.0,68355.0,68335.0,68340.0,11
2026-10-08 14:51:00-04:00,68315.0,68315.0,68335.0,68300.0,68330.0,17
2026-10-08 14:52:00-04:00,68310.0,68310.0,68320.0,68310.0,68315.0,13
2026-10-08 14:53:00-04:00,68310.0,68310.0,68315.0,68305.0,68310.0,13
2026-10-08 14:54:00-04:00,68355.0,68355.0,68355.0,68350.0,68350.0,3
2026-10-08 14:55:00-04:00,68335.0,68335.0,68355.0,68335.0,68350.0,10
2026-10-08 14:56:00-04:00,68345.0,68345.0,68345.0,68340.0,68340.0,5
2026-10-08 14:57:00-04:00,68350.0,68350.0,68350.0,68330.0,68330.0,3
2026-10-08 14:58:00-04:00,68355.0,68355.0,68360.0,68355.0,68360.0,3
2026-10-08 14:59:00-04:00,68340.0,68340.0,68350.0,68335.0,68350.0,23
2026-10-08 15:00:00-04:00,68315.0,68315.0,68335.0,68315.0,68335.0,14
2026-10-08 15:01:00-04:00,68315.0,68315.0,68340.0,68315.0,68320.0,28
2026-10-08 15:02:00-04:00,68335.0,68335.0,68340.0,68330.0,68330.0,11
2026-10-08 15:03:00-04:00,68325.0,68325.0,68340.0,68320.0,68340.0,6
2026-10-08 15:04:00-04:00,68325.0,68325.0,68325.0,68315.0,68325.0,3
2026-10-08 15:06:00-04:00,68325.0,68325.0,68325.0,68325.0,68325.0,2
2026-10-08 15:07:00-04:00,68290.0,68290.0,68315.0,68280.0,68310.0,10
2026-10-08 15:08:00-04:00,68330.0,68330.0,68335.0,68300.0,68300.0,28
2026-10-08 15:09:00-04:00,68320.0,68320.0,68340.0,68320.0,68325.0,8
2026-10-08 15:10:00-04:00,68325.0,68325.0,68325.0,68315.0,68315.0,8
2026-10-08 15:11:00-04:00,68315.0,68315.0,68330.0,68305.0,68325.0,31
2026-10-08 15:12:00-04:00,68295.0,68295.0,68305.0,68285.0,68305.0,12
2026-10-08 15:13:00-04:00,68315.0,68315.0,68320.0,68285.0,68290.0,38
2026-10-08 15:14:00-04:00,68320.0,68320.0,68325.0,68315.0,68315.0,32
2026-10-08 15:15:00-04:00,68275.0,68275.0,68305.0,68260.0,68300.0,23
2026-10-08 15:16:00-04:00,68290.0,68290.0,68295.0,68265.0,68270.0,15
2026-10-08 15:17:00-04:00,68280.0,68280.0,68305.0,68280.0,68300.0,23
2026-10-08 15:18:00-04:00,68255.0,68255.0,68280.0,68245.0,68280.0,12
2026-10-08 15:19:00-04:00,68275.0,68275.0,68275.0,68265.0,68265.0,6
2026-10-08 15:20:00-04:00,68275.0,68275.0,68290.0,68265.0,68280.0,21
2026-10-08 15:21:00-04:00,68300.0,68300.0,68305.0,68290.0,68290.0,13
2026-10-08 15:22:00-04:00,68335.0,68335.0,68340.0,68295.0,68295.0,16
2026-10-08 15:23:00-04:00,68365.0,68365.0,68365.0,68335.0,68340.0,34
2026-10-08 15:24:00-04:00,68380.0,68380.0,68390.0,68380.0,68380.0,10
2026-10-08 15:25:00-04:00,68355.0,68355.0,68360.0,68355.0,68355.0,14
2026-10-08 15:26:00-04:00,68365.0,68365.0,68365.0,68345.0,68350.0,15
2026-10-08 15:27:00-04:00,68350.0,68350.0,68375.0,68350.0,68370.0,8
2026-10-08 15:28:00-04:00,68295.0,68295.0,68365.0,68290.0,68360.0,43
2026-10-08 15:29:00-04:00,68295.0,68295.0,68295.0,68270.0,68285.0,33
2026-10-08 15:30:00-04:00,68280.0,68280.0,68325.0,68280.0,68300.0,57
2026-10-08 15:31:00-04:00,68260.0,68260.0,68280.0,68260.0,68280.0,21
2026-10-08 15:32:00-04:00,68280.0,68280.0,68280.0,68250.0,68255.0,18
2026-10-08 15:33:00-04:00,68285.0,68285.0,68290.0,68275.0,68280.0,19
2026-10-08 15:34:00-04:00,68290.0,68290.0,68295.0,68270.0,68270.0,24
2026-10-08 15:35:00-04:00,68285.0,68285.0,68290.0,68270.0,68275.0,14
2026-10-08 15:36:00-04:00,68270.0,68270.0,68280.0,68270.0,68275.0,7
2026-10-08 15:37:00-04:00,68275.0,68275.0,68275.0,68250.0,68250.0,23
2026-10-08 15:38:00-04:00,68275.0,68275.0,68280.0,68270.0,68270.0,28
2026-10-08 15:39:00-04:00,68270.0,68270.0,68270.0,68265.0,68265.0,8
2026-10-08 15:40:00-04:00,68265.0,68265.0,68265.0,68255.0,68260.0,24
2026-10-08 15:41:00-04:00,68275.0,68275.0,68275.0,68260.0,68265.0,12
2026-10-08 15:42:00-04:00,68280.0,68280.0,68280.0,68270.0,68270.0,12
2026-10-08 15:43:00-04:00,68260.0,68260.0,68260.0,68255.0,68255.0,24
2026-10-08 15:44:00-04:00,68270.0,68270.0,68275.0,68250.0,68250.0,13
2026-10-08 15:45:00-04:00,68280.0,68280.0,68290.0,68270.0,68270.0,31
2026-10-08 15:46:00-04:00,68290.0,68290.0,68300.0,68290.0,68300.0,7
2026-10-08 15:47:00-04:00,68280.0,68280.0,68290.0,68270.0,68285.0,22
2026-10-08 15:48:00-04:00,68300.0,68300.0,68300.0,68275.0,68290.0,22
2026-10-08 15:49:00-04:00,68305.0,68305.0,68315.0,68300.0,68305.0,26
2026-10-08 15:50:00-04:00,68370.0,68370.0,68390.0,68305.0,68310.0,89
2026-10-08 15:51:00-04:00,68360.0,68360.0,68380.0,68340.0,68380.0,25
2026-10-08 15:52:00-04:00,68350.0,68350.0,68355.0,68340.0,68355.0,31
2026-10-08 15:53:00-04:00,68330.0,68330.0,68345.0,68325.0,68345.0,7
2026-10-08 15:54:00-04:00,68345.0,68345.0,68355.0,68320.0,68330.0,41
2026-10-08 15:55:00-04:00,68365.0,68365.0,68375.0,68345.0,68360.0,51
2026-10-08 15:56:00-04:00,68385.0,68385.0,68385.0,68360.0,68365.0,30
2026-10-08 15:57:00-04:00,68380.0,68380.0,68395.0,68380.0,68385.0,29
2026-10-08 15:58:00-04:00,68420.0,68420.0,68420.0,68385.0,68385.0,50
2026-10-08 15:59:00-04:00,68410.0,68410.0,68435.0,68380.0,68425.0,114
2026-10-08 16:00:00-04:00,68430.0,68430.0,68440.0,68415.0,68415.0,21
2026-10-08 16:01:00-04:00,68440.0,68440.0,68445.0,68420.0,68440.0,16
2026-10-08 16:02:00-04:00,68440.0,68440.0,68450.0,68425.0,68425.0,6
2026-10-08 16:03:00-04:00,68425.0,68425.0,68425.0,68425.0,68425.0,1
2026-10-08 16:06:00-04:00,68405.0,68405.0,68405.0,68405.0,68405.0,1
2026-10-08 16:10:00-04:00,68425.0,68425.0,68425.0,68425.0,68425.0,1
2026-10-08 16:11:00-04:00,68415.0,68415.0,68415.0,68415.0,68415.0,3
2026-10-08 16:13:00-04:00,68390.0,68390.0,68390.0,68390.0,68390.0,1
2026-10-08 16:14:00-04:00,68390.0,68390.0,68390.0,68390.0,68390.0,1
2026-10-08 16:16:00-04:00,68405.0,68405.0,68405.0,68405.0,68405.0,1
2026-10-08 16:17:00-04:00,68425.0,68425.0,68425.0,68425.0,68425.0,1
2026-10-08 16:18:00-04:00,68425.0,68425.0,68425.0,68415.0,68415.0,6
2026-10-08 16:19:00-04:00,68410.0,68410.0,68420.0,68405.0,68420.0,5
2026-10-08 16:20:00-04:00,68415.0,68415.0,68420.0,68415.0,68420.0,2
2026-10-08 16:23:00-04:00,68410.0,68410.0,68415.0,68410.0,68415.0,2
2026-10-08 16:25:00-04:00,68435.0,68435.0,68435.0,68430.0,68430.0,2
2026-10-08 16:26:00-04:00,68425.0,68425.0,68425.0,68425.0,68425.0,1
2026-10-08 16:28:00-04:00,68435.0,68435.0,68435.0,68435.0,68435.0,1
2026-10-08 16:29:00-04:00,68435.0,68435.0,68435.0,68435.0,68435.0,2
2026-10-08 16:30:00-04:00,68430.0,68430.0,68435.0,68420.0,68430.0,12
2026-10-08 16:31:00-04:00,68445.0,68445.0,68445.0,68435.0,68435.0,4
2026-10-08 16:32:00-04:00,68445.0,68445.0,68445.0,68445.0,68445.0,2
2026-10-08 16:33:00-04:00,68435.0,68435.0,68435.0,68430.0,68435.0,3
2026-10-08 16:34:00-04:00,68435.0,68435.0,68435.0,68435.0,68435.0,2
2026-10-08 16:37:00-04:00,68415.0,68415.0,68430.0,68415.0,68430.0,2
2026-10-08 16:38:00-04:00,68435.0,68435.0,68435.0,68425.0,68425.0,5
2026-10-08 16:39:00-04:00,68430.0,68430.0,68430.0,68425.0,68425.0,3
2026-10-08 16:40:00-04:00,68435.0,68435.0,68435.0,68435.0,68435.0,1
2026-10-08 16:41:00-04:00,68435.0,68435.0,68440.0,68435.0,68440.0,5
2026-10-08 16:42:00-04:00,68425.0,68425.0,68425.0,68425.0,68425.0,1
2026-10-08 16:44:00-04:00,68400.0,68400.0,68405.0,68400.0,68405.0,5
2026-10-08 16:45:00-04:00,68405.0,68405.0,68405.0,68405.0,68405.0,1
2026-10-08 16:47:00-04:00,68395.0,68395.0,68395.0,68395.0,68395.0,3
2026-10-08 16:48:00-04:00,68390.0,68390.0,68390.0,68390.0,68390.0,1
2026-10-08 16:49:00-04:00,68410.0,68410.0,68410.0,68410.0,68410.0,2
2026-10-08 16:50:00-04:00,68420.0,68420.0,68420.0,68415.0,68420.0,17
2026-10-08 16:52:00-04:00,68415.0,68415.0,68415.0,68415.0,68415.0,1
2026-10-08 16:53:00-04:00,68415.0,68415.0,68415.0,68415.0,68415.0,3
2026-10-08 16:54:00-04:00,68405.0,68405.0,68405.0,68405.0,68405.0,1
2026-10-08 16:55:00-04:00,68380.0,68380.0,68390.0,68380.0,68390.0,8
2026-10-08 16:56:00-04:00,68385.0,68385.0,68385.0,68375.0,68375.0,10
2026-10-08 16:57:00-04:00,68380.0,68380.0,68400.0,68380.0,68395.0,6
2026-10-08 16:58:00-04:00,68395.0,68395.0,68395.0,68380.0,68380.0,7
2026-10-08 16:59:00-04:00,68395.0,68395.0,68400.0,68395.0,68395.0,14
2026-10-08 18:02:00-04:00,68395.0,68395.0,68395.0,68395.0,68395.0,0
2026-10-08 18:03:00-04:00,68400.0,68400.0,68400.0,68400.0,68400.0,2
2026-10-08 18:04:00-04:00,68425.0,68425.0,68425.0,68420.0,68420.0,3
2026-10-08 18:05:00-04:00,68470.0,68470.0,68470.0,68445.0,68445.0,2
2026-10-08 18:08:00-04:00,68480.0,68480.0,68480.0,68480.0,68480.0,1
2026-10-08 18:09:00-04:00,68525.0,68525.0,68525.0,68500.0,68500.0,3
2026-10-08 18:10:00-04:00,68510.0,68510.0,68510.0,68510.0,68510.0,1
2026-10-08 18:15:00-04:00,68560.0,68560.0,68560.0,68560.0,68560.0,1
2026-10-08 18:16:00-04:00,68555.0,68555.0,68555.0,68555.0,68555.0,1
2026-10-08 18:18:00-04:00,68545.0,68545.0,68545.0,68545.0,68545.0,2
2026-10-08 18:19:00-04:00,68530.0,68530.0,68530.0,68530.0,68530.0,1
2026-10-08 18:23:00-04:00,68525.0,68525.0,68525.0,68525.0,68525.0,1
2026-10-08 18:26:00-04:00,68540.0,68540.0,68540.0,68540.0,68540.0,1
2026-10-08 18:31:00-04:00,68525.0,68525.0,68525.0,68525.0,68525.0,1
2026-10-08 18:32:00-04:00,68505.0,68505.0,68505.0,68505.0,68505.0,2
2026-10-08 18:33:00-04:00,68535.0,68535.0,68535.0,68495.0,68500.0,6
2026-10-08 18:51:00-04:00,68505.0,68505.0,68505.0,68500.0,68500.0,2
2026-10-08 19:00:00-04:00,68505.0,68505.0,68505.0,68505.0,68505.0,2
2026-10-08 19:01:00-04:00,68500.0,68500.0,68505.0,68500.0,68505.0,3
2026-10-08 19:04:00-04:00,68490.0,68490.0,68490.0,68490.0,68490.0,1
2026-10-08 19:06:00-04:00,68485.0,68485.0,68485.0,68485.0,68485.0,1
2026-10-08 19:08:00-04:00,68470.0,68470.0,68480.0,68460.0,68480.0,19
2026-10-08 19:09:00-04:00,68470.0,68470.0,68495.0,68470.0,68485.0,21
2026-10-08 19:10:00-04:00,68455.0,68455.0,68465.0,68450.0,68465.0,5
2026-10-08 19:11:00-04:00,68460.0,68460.0,68460.0,68450.0,68450.0,6
2026-10-08 19:14:00-04:00,68445.0,68445.0,68445.0,68445.0,68445.0,2
2026-10-08 19:15:00-04:00,68440.0,68440.0,68440.0,68440.0,68440.0,1
2026-10-08 19:18:00-04:00,68440.0,68440.0,68440.0,68440.0,68440.0,1
2026-10-08 19:20:00-04:00,68460.0,68460.0,68460.0,68440.0,68440.0,7
2026-10-08 19:21:00-04:00,68460.0,68460.0,68470.0,68455.0,68460.0,9
2026-10-08 19:22:00-04:00,68450.0,68450.0,68465.0,68450.0,68460.0,10
2026-10-08 19:23:00-04:00,68430.0,68430.0,68435.0,68430.0,68430.0,3
2026-10-08 19:24:00-04:00,68430.0,68430.0,68430.0,68420.0,68430.0,6
2026-10-08 19:25:00-04:00,68390.0,68390.0,68420.0,68390.0,68420.0,24
2026-10-08 19:26:00-04:00,68400.0,68400.0,68400.0,68395.0,68395.0,9
2026-10-08 19:27:00-04:00,68395.0,68395.0,68395.0,68395.0,68395.0,2
2026-10-08 19:28:00-04:00,68405.0,68405.0,68405.0,68400.0,68400.0,3
2026-10-08 19:29:00-04:00,68415.0,68415.0,68425.0,68410.0,68410.0,13
2026-10-08 19:30:00-04:00,68390.0,68390.0,68440.0,68390.0,68420.0,39
2026-10-08 19:31:00-04:00,68410.0,68410.0,68410.0,68410.0,68410.0,2
2026-10-08 19:32:00-04:00,68465.0,68465.0,68465.0,68460.0,68460.0,2
2026-10-08 19:33:00-04:00,68445.0,68445.0,68455.0,68445.0,68455.0,6
2026-10-08 19:34:00-04:00,68420.0,68420.0,68420.0,68420.0,68420.0,1
2026-10-08 19:36:00-04:00,68390.0,68390.0,68400.0,68385.0,68400.0,8
2026-10-08 19:37:00-04:00,68380.0,68380.0,68380.0,68380.0,68380.0,2
2026-10-08 19:38:00-04:00,68360.0,68360.0,68405.0,68360.0,68390.0,20
2026-10-08 19:39:00-04:00,68360.0,68360.0,68360.0,68360.0,68360.0,3
2026-10-08 19:40:00-04:00,68355.0,68355.0,68355.0,68340.0,68355.0,12
2026-10-08 19:41:00-04:00,68365.0,68365.0,68370.0,68355.0,68370.0,12
2026-10-08 19:42:00-04:00,68345.0,68345.0,68370.0,68345.0,68370.0,20
2026-10-08 19:43:00-04:00,68325.0,68325.0,68340.0,68325.0,68340.0,14
2026-10-08 19:44:00-04:00,68375.0,68375.0,68380.0,68320.0,68320.0,38
2026-10-08 19:45:00-04:00,68385.0,68385.0,68470.0,68355.0,68380.0,225
2026-10-08 19:46:00-04:00,68315.0,68315.0,68385.0,68275.0,68380.0,107
2026-10-08 19:47:00-04:00,68320.0,68320.0,68320.0,68270.0,68270.0,27
2026-10-08 19:48:00-04:00,68300.0,68300.0,68330.0,68295.0,68320.0,22
2026-10-08 19:49:00-04:00,68320.0,68320.0,68340.0,68275.0,68290.0,19
2026-10-08 19:50:00-04:00,68305.0,68305.0,68345.0,68295.0,68325.0,20
2026-10-08 19:51:00-04:00,68305.0,68305.0,68315.0,68275.0,68310.0,21
2026-10-08 19:52:00-04:00,68335.0,68335.0,68335.0,68315.0,68325.0,5
2026-10-08 19:53:00-04:00,68340.0,68340.0,68370.0,68335.0,68365.0,13
2026-10-08 19:54:00-04:00,68355.0,68355.0,68360.0,68320.0,68325.0,13
2026-10-08 19:55:00-04:00,68425.0,68425.0,68430.0,68385.0,68385.0,22
2026-10-08 19:56:00-04:00,68475.0,68475.0,68505.0,68430.0,68430.0,31
2026-10-08 19:57:00-04:00,68580.0,68580.0,68590.0,68475.0,68475.0,83
2026-10-08 19:58:00-04:00,68625.0,68625.0,68650.0,68580.0,68600.0,51
2026-10-08 19:59:00-04:00,68655.0,68655.0,68670.0,68490.0,68605.0,145
2026-10-08 20:00:00-04:00,68370.0,68370.0,68680.0,68360.0,68675.0,302
2026-10-08 20:01:00-04:00,68465.0,68465.0,68520.0,68360.0,68380.0,178
2026-10-08 20:02:00-04:00,68405.0,68405.0,68465.0,68365.0,68450.0,65
2026-10-08 20:03:00-04:00,68455.0,68455.0,68480.0,68375.0,68410.0,101
2026-10-08 20:04:00-04:00,68515.0,68515.0,68560.0,68445.0,68445.0,66
2026-10-08 20:05:00-04:00,68540.0,68540.0,68585.0,68505.0,68525.0,98
2026-10-08 20:06:00-04:00,68630.0,68630.0,68635.0,68540.0,68540.0,86
2026-10-08 20:07:00-04:00,68725.0,68725.0,68735.0,68615.0,68625.0,76
2026-10-08 20:08:00-04:00,68530.0,68530.0,68765.0,68530.0,68725.0,59
2026-10-08 20:09:00-04:00,68445.0,68445.0,68530.0,68445.0,68525.0,82
2026-10-08 20:10:00-04:00,68590.0,68590.0,68605.0,68420.0,68435.0,34
2026-10-08 20:11:00-04:00,68430.0,68430.0,68590.0,68425.0,68590.0,24
2026-10-08 20:12:00-04:00,68400.0,68400.0,68460.0,68400.0,68420.0,15
2026-10-08 20:13:00-04:00,68410.0,68410.0,68450.0,68395.0,68395.0,8
2026-10-08 20:14:00-04:00,68395.0,68395.0,68420.0,68370.0,68410.0,16
2026-10-08 20:15:00-04:00,68430.0,68430.0,68460.0,68390.0,68390.0,30
2026-10-08 20:16:00-04:00,68425.0,68425.0,68445.0,68400.0,68435.0,34
2026-10-08 20:17:00-04:00,68435.0,68435.0,68465.0,68430.0,68430.0,13
2026-10-08 20:18:00-04:00,68385.0,68385.0,68435.0,68370.0,68425.0,24
2026-10-08 20:19:00-04:00,68345.0,68345.0,68385.0,68330.0,68370.0,31
2026-10-08 20:20:00-04:00,68415.0,68415.0,68425.0,68320.0,68330.0,25
2026-10-08 20:21:00-04:00,68460.0,68460.0,68490.0,68440.0,68440.0,28
2026-10-08 20:22:00-04:00,68460.0,68460.0,68470.0,68445.0,68445.0,5
2026-10-08 20:23:00-04:00,68405.0,68405.0,68450.0,68380.0,68450.0,10
2026-10-08 20:24:00-04:00,68400.0,68400.0,68415.0,68400.0,68415.0,10
2026-10-08 20:25:00-04:00,68455.0,68455.0,68460.0,68420.0,68440.0,6
2026-10-08 20:26:00-04:00,68435.0,68435.0,68480.0,68425.0,68450.0,19
2026-10-08 20:27:00-04:00,68460.0,68460.0,68490.0,68455.0,68455.0,3
2026-10-08 20:28:00-04:00,68450.0,68450.0,68450.0,68450.0,68450.0,2
2026-10-08 20:29:00-04:00,68500.0,68500.0,68520.0,68450.0,68450.0,14
2026-10-08 20:30:00-04:00,68580.0,68580.0,68585.0,68500.0,68510.0,18
2026-10-08 20:31:00-04:00,68605.0,68605.0,68620.0,68570.0,68600.0,11
2026-10-08 20:32:00-04:00,68670.0,68670.0,68675.0,68620.0,68625.0,16
2026-10-08 20:33:00-04:00,68785.0,68785.0,68785.0,68695.0,68700.0,47
2026-10-08 20:34:00-04:00,68805.0,68805.0,68810.0,68780.0,68790.0,53
2026-10-08 20:35:00-04:00,68805.0,68805.0,68820.0,68790.0,68820.0,38
2026-10-08 20:36:00-04:00,68780.0,68780.0,68810.0,68765.0,68810.0,20
2026-10-08 20:37:00-04:00,68755.0,68755.0,68780.0,68755.0,68775.0,5
2026-10-08 20:38:00-04:00,68725.0,68725.0,68730.0,68725.0,68730.0,3
2026-10-08 20:39:00-04:00,68725.0,68725.0,68725.0,68690.0,68705.0,7
2026-10-08 20:40:00-04:00,68780.0,68780.0,68790.0,68735.0,68745.0,58
2026-10-08 20:41:00-04:00,68805.0,68805.0,68835.0,68805.0,68825.0,5
2026-10-08 20:42:00-04:00,68810.0,68810.0,68830.0,68790.0,68790.0,13
2026-10-08 20:43:00-04:00,68800.0,68800.0,68810.0,68800.0,68805.0,8
2026-10-08 20:44:00-04:00,68825.0,68825.0,68840.0,68810.0,68840.0,11
2026-10-08 20:45:00-04:00,68820.0,68820.0,68835.0,68820.0,68830.0,3
2026-10-08 20:46:00-04:00,68820.0,68820.0,68855.0,68820.0,68830.0,9
2026-10-08 20:47:00-04:00,68800.0,68800.0,68820.0,68790.0,68805.0,35
2026-10-08 20:48:00-04:00,68720.0,68720.0,68785.0,68720.0,68785.0,18
2026-10-08 20:49:00-04:00,68745.0,68745.0,68745.0,68710.0,68725.0,44
2026-10-08 20:50:00-04:00,68740.0,68740.0,68750.0,68740.0,68745.0,5
2026-10-08 20:51:00-04:00,68610.0,68610.0,68705.0,68605.0,68700.0,18
2026-10-08 20:52:00-04:00,68615.0,68615.0,68615.0,68580.0,68610.0,19
2026-10-08 20:53:00-04:00,68620.0,68620.0,68620.0,68585.0,68595.0,7
2026-10-08 20:54:00-04:00,68550.0,68550.0,68605.0,68550.0,68605.0,10
2026-10-08 20:55:00-04:00,68550.0,68550.0,68555.0,68545.0,68550.0,6
2026-10-08 20:56:00-04:00,68540.0,68540.0,68575.0,68540.0,68570.0,16
2026-10-08 20:57:00-04:00,68565.0,68565.0,68570.0,68530.0,68530.0,7
2026-10-08 20:58:00-04:00,68525.0,68525.0,68530.0,68520.0,68530.0,3
2026-10-08 20:59:00-04:00,68510.0,68510.0,68535.0,68505.0,68515.0,37
2026-10-08 21:00:00-04:00,68510.0,68510.0,68520.0,68490.0,68515.0,25
2026-10-08 21:01:00-04:00,68480.0,68480.0,68525.0,68480.0,68515.0,20
2026-10-08 21:02:00-04:00,68540.0,68540.0,68560.0,68495.0,68495.0,15
2026-10-08 21:03:00-04:00,68515.0,68515.0,68515.0,68515.0,68515.0,1
2026-10-08 21:04:00-04:00,68470.0,68470.0,68470.0,68450.0,68460.0,5
2026-10-08 21:05:00-04:00,68515.0,68515.0,68515.0,68495.0,68505.0,8
2026-10-08 21:06:00-04:00,68515.0,68515.0,68520.0,68510.0,68510.0,5
2026-10-08 21:07:00-04:00,68460.0,68460.0,68510.0,68460.0,68505.0,12
2026-10-08 21:08:00-04:00,68460.0,68460.0,68460.0,68450.0,68450.0,2
2026-10-08 21:09:00-04:00,68440.0,68440.0,68445.0,68440.0,68445.0,3
2026-10-08 21:10:00-04:00,68405.0,68405.0,68420.0,68405.0,68420.0,8
2026-10-08 21:11:00-04:00,68415.0,68415.0,68415.0,68380.0,68390.0,8
2026-10-08 21:12:00-04:00,68430.0,68430.0,68435.0,68380.0,68415.0,22
2026-10-08 21:13:00-04:00,68435.0,68435.0,68440.0,68415.0,68440.0,12
2026-10-08 21:14:00-04:00,68450.0,68450.0,68450.0,68450.0,68450.0,1
2026-10-08 21:15:00-04:00,68450.0,68450.0,68515.0,68450.0,68485.0,42
2026-10-08 21:16:00-04:00,68440.0,68440.0,68455.0,68425.0,68450.0,14
2026-10-08 21:17:00-04:00,68430.0,68430.0,68460.0,68425.0,68450.0,13
2026-10-08 21:19:00-04:00,68420.0,68420.0,68420.0,68420.0,68420.0,1
2026-10-08 21:20:00-04:00,68410.0,68410.0,68410.0,68410.0,68410.0,3
2026-10-08 21:22:00-04:00,68435.0,68435.0,68435.0,68435.0,68435.0,0
2026-10-08 21:23:00-04:00,68480.0,68480.0,68495.0,68480.0,68495.0,3417
2026-10-08 21:24:00-04:00,68470.0,68470.0,68485.0,68470.0,68485.0,2
2026-10-08 21:25:00-04:00,68525.0,68525.0,68525.0,68505.0,68510.0,51
2026-10-08 21:26:00-04:00,68550.0,68550.0,68550.0,68510.0,68525.0,24
2026-10-08 21:27:00-04:00,68585.0,68585.0,68615.0,68565.0,68565.0,34
2026-10-08 21:28:00-04:00,68575.0,68575.0,68600.0,68565.0,68585.0,21
2026-10-08 21:29:00-04:00,68555.0,68555.0,68580.0,68540.0,68565.0,19
2026-10-08 21:30:00-04:00,68560.0,68560.0,68565.0,68540.0,68565.0,5
2026-10-08 21:31:00-04:00,68520.0,68520.0,68550.0,68520.0,68550.0,4
2026-10-08 21:32:00-04:00,68505.0,68505.0,68525.0,68505.0,68525.0,6
2026-10-08 21:33:00-04:00,68510.0,68510.0,68535.0,68510.0,68530.0,4
2026-10-08 21:34:00-04:00,68465.0,68465.0,68495.0,68465.0,68495.0,5
2026-10-08 21:35:00-04:00,68495.0,68495.0,68515.0,68490.0,68495.0,8
2026-10-08 21:36:00-04:00,68515.0,68515.0,68535.0,68510.0,68525.0,23
2026-10-08 21:37:00-04:00,68535.0,68535.0,68540.0,68520.0,68520.0,15
2026-10-08 21:38:00-04:00,68570.0,68570.0,68570.0,68560.0,68560.0,3
2026-10-08 21:39:00-04:00,68595.0,68595.0,68595.0,68570.0,68575.0,18
2026-10-08 21:40:00-04:00,68535.0,68535.0,68600.0,68510.0,68595.0,29
2026-10-08 21:41:00-04:00,68620.0,68620.0,68620.0,68535.0,68535.0,27
2026-10-08 21:42:00-04:00,68620.0,68620.0,68640.0,68610.0,68620.0,14
2026-10-08 21:43:00-04:00,68595.0,68595.0,68610.0,68595.0,68610.0,2
2026-10-08 21:44:00-04:00,68650.0,68650.0,68655.0,68645.0,68650.0,59
2026-10-08 21:45:00-04:00,68705.0,68705.0,68720.0,68665.0,68670.0,65
2026-10-08 21:46:00-04:00,68720.0,68720.0,68765.0,68705.0,68705.0,187
2026-10-08 21:47:00-04:00,68765.0,68765.0,68770.0,68720.0,68725.0,54
2026-10-08 21:48:00-04:00,68780.0,68780.0,68800.0,68760.0,68765.0,64
2026-10-08 21:49:00-04:00,68770.0,68770.0,68790.0,68770.0,68785.0,61
2026-10-08 21:50:00-04:00,68790.0,68790.0,68815.0,68770.0,68770.0,92
2026-10-08 21:51:00-04:00,68780.0,68780.0,68800.0,68775.0,68800.0,104
2026-10-08 21:52:00-04:00,68810.0,68810.0,68810.0,68760.0,68780.0,76
2026-10-08 21:53:00-04:00,68780.0,68780.0,68800.0,68770.0,68790.0,84
2026-10-08 21:54:00-04:00,68855.0,68855.0,68875.0,68835.0,68835.0,49
2026-10-08 21:55:00-04:00,68810.0,68810.0,68860.0,68810.0,68860.0,111
2026-10-08 21:56:00-04:00,68810.0,68810.0,68825.0,68810.0,68820.0,40
2026-10-08 21:57:00-04:00,68815.0,68815.0,68835.0,68800.0,68800.0,66
2026-10-08 21:58:00-04:00,68855.0,68855.0,68855.0,68820.0,68820.0,33
2026-10-08 21:59:00-04:00,68840.0,68840.0,68870.0,68830.0,68855.0,40
2026-10-08 22:00:00-04:00,68800.0,68800.0,68855.0,68795.0,68850.0,24
2026-10-08 22:01:00-04:00,68785.0,68785.0,68795.0,68775.0,68795.0,16
2026-10-08 22:02:00-04:00,68815.0,68815.0,68815.0,68785.0,68790.0,15
2026-10-08 22:03:00-04:00,68775.0,68775.0,68815.0,68765.0,68810.0,35
2026-10-08 22:04:00-04:00,68745.0,68745.0,68765.0,68745.0,68760.0,7
2026-10-08 22:05:00-04:00,68715.0,68715.0,68715.0,68710.0,68710.0,3
2026-10-08 22:06:00-04:00,68700.0,68700.0,68720.0,68700.0,68720.0,3
2026-10-08 22:07:00-04:00,68665.0,68665.0,68700.0,68665.0,68685.0,15
2026-10-08 22:08:00-04:00,68645.0,68645.0,68655.0,68635.0,68655.0,18
2026-10-08 22:09:00-04:00,68645.0,68645.0,68645.0,68630.0,68645.0,10
2026-10-08 22:10:00-04:00,68625.0,68625.0,68650.0,68625.0,68650.0,24
2026-10-08 22:11:00-04:00,68670.0,68670.0,68670.0,68615.0,68615.0,9
2026-10-08 22:12:00-04:00,68630.0,68630.0,68660.0,68630.0,68660.0,5
2026-10-08 22:13:00-04:00,68665.0,68665.0,68665.0,68640.0,68640.0,3
2026-10-08 22:14:00-04:00,68635.0,68635.0,68665.0,68635.0,68665.0,4
2026-10-08 22:15:00-04:00,68625.0,68625.0,68635.0,68625.0,68635.0,2
2026-10-08 22:16:00-04:00,68620.0,68620.0,68620.0,68620.0,68620.0,3
2026-10-08 22:17:00-04:00,68640.0,68640.0,68645.0,68625.0,68625.0,5
2026-10-08 22:18:00-04:00,68645.0,68645.0,68645.0,68645.0,68645.0,2
2026-10-08 22:19:00-04:00,68655.0,68655.0,68655.0,68640.0,68640.0,3
2026-10-08 22:20:00-04:00,68665.0,68665.0,68675.0,68665.0,68675.0,5
2026-10-08 22:21:00-04:00,68640.0,68640.0,68660.0,68640.0,68660.0,3
2026-10-08 22:22:00-04:00,68650.0,68650.0,68650.0,68650.0,68650.0,2
2026-10-08 22:23:00-04:00,68655.0,68655.0,68655.0,68655.0,68655.0,2
2026-10-08 22:25:00-04:00,68655.0,68655.0,68655.0,68655.0,68655.0,1
2026-10-08 22:26:00-04:00,68665.0,68665.0,68665.0,68665.0,68665.0,4
2026-10-08 22:27:00-04:00,68675.0,68675.0,68690.0,68675.0,68690.0,3
2026-10-08 22:28:00-04:00,68670.0,68670.0,68675.0,68670.0,68675.0,2
2026-10-08 22:30:00-04:00,68650.0,68650.0,68680.0,68650.0,68680.0,11
2026-10-08 22:31:00-04:00,68675.0,68675.0,68675.0,68635.0,68635.0,5
2026-10-08 22:32:00-04:00,68690.0,68690.0,68700.0,68680.0,68690.0,13
2026-10-08 22:33:00-04:00,68700.0,68700.0,68705.0,68680.0,68690.0,6
2026-10-08 22:34:00-04:00,68695.0,68695.0,68700.0,68695.0,68700.0,4
2026-10-08 22:35:00-04:00,68700.0,68700.0,68700.0,68700.0,68700.0,1
2026-10-08 22:36:00-04:00,68670.0,68670.0,68715.0,68670.0,68710.0,7
2026-10-08 22:37:00-04:00,68665.0,68665.0,68665.0,68665.0,68665.0,1
2026-10-08 22:38:00-04:00,68655.0,68655.0,68655.0,68650.0,68650.0,4
2026-10-08 22:41:00-04:00,68685.0,68685.0,68685.0,68685.0,68685.0,1
2026-10-08 22:42:00-04:00,68745.0,68745.0,68745.0,68740.0,68740.0,8
2026-10-08 22:43:00-04:00,68760.0,68760.0,68760.0,68740.0,68740.0,8
2026-10-08 22:44:00-04:00,68755.0,68755.0,68760.0,68755.0,68760.0,2
2026-10-08 22:46:00-04:00,68760.0,68760.0,68760.0,68755.0,68755.0,5
2026-10-08 22:47:00-04:00,68775.0,68775.0,68775.0,68760.0,68760.0,7
2026-10-08 22:48:00-04:00,68800.0,68800.0,68800.0,68780.0,68780.0,7
2026-10-08 22:49:00-04:00,68800.0,68800.0,68805.0,68800.0,68805.0,8
2026-10-08 22:50:00-04:00,68805.0,68805.0,68815.0,68800.0,68805.0,6
2026-10-08 22:51:00-04:00,68790.0,68790.0,68810.0,68790.0,68810.0,12
2026-10-08 22:52:00-04:00,68790.0,68790.0,68790.0,68770.0,68785.0,12
2026-10-08 22:54:00-04:00,68795.0,68795.0,68795.0,68795.0,68795.0,2
2026-10-08 22:56:00-04:00,68825.0,68825.0,68835.0,68825.0,68835.0,4
2026-10-08 22:57:00-04:00,68830.0,68830.0,68830.0,68830.0,68830.0,2
2026-10-08 22:58:00-04:00,68830.0,68830.0,68835.0,68830.0,68830.0,9
2026-10-08 22:59:00-04:00,68820.0,68820.0,68820.0,68820.0,68820.0,2
2026-10-08 23:00:00-04:00,68835.0,68835.0,68835.0,68825.0,68830.0,3
2026-10-08 23:01:00-04:00,68830.0,68830.0,68835.0,68830.0,68835.0,4
2026-10-08 23:02:00-04:00,68805.0,68805.0,68805.0,68805.0,68805.0,1
2026-10-08 23:03:00-04:00,68770.0,68770.0,68775.0,68770.0,68775.0,4
2026-10-08 23:04:00-04:00,68775.0,68775.0,68775.0,68770.0,68770.0,3
2026-10-08 23:05:00-04:00,68765.0,68765.0,68765.0,68745.0,68765.0,14
2026-10-08 23:06:00-04:00,68720.0,68720.0,68720.0,68720.0,68720.0,2
2026-10-08 23:07:00-04:00,68745.0,68745.0,68745.0,68730.0,68740.0,7
2026-10-08 23:08:00-04:00,68730.0,68730.0,68730.0,68730.0,68730.0,2
2026-10-08 23:09:00-04:00,68710.0,68710.0,68730.0,68710.0,68730.0,4
2026-10-08 23:10:00-04:00,68685.0,68685.0,68695.0,68675.0,68695.0,46
2026-10-08 23:11:00-04:00,68685.0,68685.0,68685.0,68680.0,68685.0,5
2026-10-08 23:12:00-04:00,68670.0,68670.0,68675.0,68670.0,68675.0,2
2026-10-08 23:13:00-04:00,68660.0,68660.0,68660.0,68660.0,68660.0,1
2026-10-08 23:14:00-04:00,68665.0,68665.0,68665.0,68665.0,68665.0,2
2026-10-08 23:15:00-04:00,68675.0,68675.0,68675.0,68675.0,68675.0,1
2026-10-08 23:16:00-04:00,68660.0,68660.0,68660.0,68660.0,68660.0,2
2026-10-08 23:17:00-04:00,68685.0,68685.0,68685.0,68685.0,68685.0,1
2026-10-08 23:20:00-04:00,68735.0,68735.0,68735.0,68730.0,68730.0,4
2026-10-08 23:21:00-04:00,68770.0,68770.0,68770.0,68750.0,68750.0,14
2026-10-08 23:22:00-04:00,68730.0,68730.0,68755.0,68730.0,68755.0,13
2026-10-08 23:23:00-04:00,68720.0,68720.0,68720.0,68720.0,68720.0,2
2026-10-08 23:24:00-04:00,68715.0,68715.0,68715.0,68715.0,68715.0,2
2026-10-08 23:26:00-04:00,68695.0,68695.0,68725.0,68695.0,68725.0,3
2026-10-08 23:27:00-04:00,68685.0,68685.0,68695.0,68685.0,68690.0,6
2026-10-08 23:29:00-04:00,68755.0,68755.0,68765.0,68755.0,68765.0,8
2026-10-08 23:30:00-04:00,68755.0,68755.0,68780.0,68725.0,68750.0,47
2026-10-08 23:31:00-04:00,68750.0,68750.0,68775.0,68725.0,68725.0,18
2026-10-08 23:32:00-04:00,68700.0,68700.0,68750.0,68700.0,68750.0,16
2026-10-08 23:33:00-04:00,68735.0,68735.0,68735.0,68695.0,68695.0,6
2026-10-08 23:34:00-04:00,68760.0,68760.0,68785.0,68740.0,68740.0,20
2026-10-08 23:35:00-04:00,68800.0,68800.0,68815.0,68775.0,68775.0,31
2026-10-08 23:36:00-04:00,68810.0,68810.0,68815.0,68795.0,68815.0,6
2026-10-08 23:37:00-04:00,68800.0,68800.0,68825.0,68800.0,68825.0,12
2026-10-08 23:38:00-04:00,68760.0,68760.0,68810.0,68760.0,68810.0,6
2026-10-08 23:39:00-04:00,68775.0,68775.0,68785.0,68775.0,68785.0,8
2026-10-08 23:40:00-04:00,68795.0,68795.0,68795.0,68770.0,68770.0,6
2026-10-08 23:41:00-04:00,68875.0,68875.0,68875.0,68825.0,68825.0,8
2026-10-08 23:42:00-04:00,68915.0,68915.0,68920.0,68890.0,68890.0,18
2026-10-08 23:43:00-04:00,68900.0,68900.0,68920.0,68900.0,68920.0,2
2026-10-08 23:44:00-04:00,68880.0,68880.0,68890.0,68865.0,68890.0,3
2026-10-08 23:45:00-04:00,68870.0,68870.0,68885.0,68870.0,68875.0,3
2026-10-08 23:46:00-04:00,68860.0,68860.0,68860.0,68845.0,68860.0,7
2026-10-08 23:47:00-04:00,68815.0,68815.0,68855.0,68815.0,68855.0,4
2026-10-08 23:48:00-04:00,68850.0,68850.0,68850.0,68850.0,68850.0,1
2026-10-08 23:49:00-04:00,68830.0,68830.0,68840.0,68830.0,68840.0,3
2026-10-08 23:50:00-04:00,68925.0,68925.0,68930.0,68875.0,68880.0,17
2026-10-08 23:51:00-04:00,68935.0,68935.0,68950.0,68935.0,68950.0,3
2026-10-08 23:52:00-04:00,68930.0,68930.0,68945.0,68930.0,68930.0,82
2026-10-08 23:53:00-04:00,68925.0,68925.0,68925.0,68920.0,68920.0,5
2026-10-08 23:54:00-04:00,68945.0,68945.0,68945.0,68930.0,68930.0,7
2026-10-08 23:55:00-04:00,68955.0,68955.0,68955.0,68940.0,68940.0,2
2026-10-08 23:56:00-04:00,68985.0,68985.0,68990.0,68965.0,68970.0,12
2026-10-08 23:57:00-04:00,68985.0,68985.0,68985.0,68985.0,68985.0,3
2026-10-08 23:58:00-04:00,69000.0,69000.0,69010.0,69000.0,69000.0,7
2026-10-09 00:09:00-04:00,68985.0,68985.0,68990.0,68970.0,68970.0,8
2026-10-09 00:10:00-04:00,68965.0,68965.0,68980.0,68965.0,68980.0,3
2026-10-09 00:11:00-04:00,68990.0,68990.0,68990.0,68990.0,68990.0,1
2026-10-09 00:12:00-04:00,69030.0,69030.0,69040.0,69015.0,69025.0,119
2026-10-09 00:13:00-04:00,69015.0,69015.0,69045.0,69015.0,69030.0,16
2026-10-09 00:14:00-04:00,69030.0,69030.0,69040.0,69025.0,69025.0,6
2026-10-09 00:15:00-04:00,68970.0,68970.0,69015.0,68970.0,69010.0,9
2026-10-09 00:16:00-04:00,68995.0,68995.0,68995.0,68970.0,68970.0,10
2026-10-09 00:18:00-04:00,69015.0,69015.0,69025.0,69010.0,69025.0,10
2026-10-09 00:19:00-04:00,68990.0,68990.0,68995.0,68985.0,68995.0,4
2026-10-09 00:20:00-04:00,69010.0,69010.0,69015.0,69000.0,69010.0,24
2026-10-09 00:21:00-04:00,69000.0,69000.0,69005.0,68990.0,69005.0,6
2026-10-09 00:22:00-04:00,68980.0,68980.0,68980.0,68980.0,68980.0,7
2026-10-09 00:23:00-04:00,68995.0,68995.0,68995.0,68995.0,68995.0,2
2026-10-09 00:24:00-04:00,69045.0,69045.0,69050.0,69040.0,69050.0,24
2026-10-09 00:25:00-04:00,69045.0,69045.0,69045.0,69035.0,69040.0,5
2026-10-09 00:26:00-04:00,69050.0,69050.0,69060.0,69050.0,69055.0,10
2026-10-09 00:27:00-04:00,69050.0,69050.0,69055.0,69050.0,69055.0,2
2026-10-09 00:28:00-04:00,69035.0,69035.0,69040.0,69035.0,69040.0,2
2026-10-09 00:29:00-04:00,69045.0,69045.0,69045.0,69025.0,69035.0,10
2026-10-09 00:30:00-04:00,69015.0,69015.0,69020.0,68995.0,69020.0,15
2026-10-09 00:31:00-04:00,69035.0,69035.0,69035.0,69035.0,69035.0,3
2026-10-09 00:32:00-04:00,69055.0,69055.0,69055.0,69040.0,69055.0,5
2026-10-09 00:33:00-04:00,69060.0,69060.0,69075.0,69060.0,69065.0,5
2026-10-09 00:34:00-04:00,69120.0,69120.0,69125.0,69070.0,69070.0,21
2026-10-09 00:35:00-04:00,69140.0,69140.0,69140.0,69120.0,69120.0,37
2026-10-09 00:36:00-04:00,69105.0,69105.0,69135.0,69095.0,69135.0,41
2026-10-09 00:37:00-04:00,69090.0,69090.0,69115.0,69090.0,69100.0,15
2026-10-09 00:38:00-04:00,69110.0,69110.0,69115.0,69110.0,69115.0,2
2026-10-09 00:39:00-04:00,69120.0,69120.0,69125.0,69120.0,69120.0,18
2026-10-09 00:40:00-04:00,69140.0,69140.0,69145.0,69130.0,69130.0,9
2026-10-09 00:41:00-04:00,69140.0,69140.0,69140.0,69140.0,69140.0,1
2026-10-09 00:42:00-04:00,69140.0,69140.0,69140.0,69130.0,69130.0,2
2026-10-09 00:43:00-04:00,69135.0,69135.0,69135.0,69120.0,69120.0,9
2026-10-09 00:44:00-04:00,69090.0,69090.0,69105.0,69090.0,69105.0,2
2026-10-09 00:45:00-04:00,69095.0,69095.0,69105.0,69080.0,69105.0,6
2026-10-09 00:46:00-04:00,69095.0,69095.0,69100.0,69090.0,69100.0,4
2026-10-09 00:47:00-04:00,69065.0,69065.0,69070.0,69065.0,69070.0,2
2026-10-09 00:48:00-04:00,69065.0,69065.0,69070.0,69055.0,69070.0,5
2026-10-09 00:49:00-04:00,69050.0,69050.0,69060.0,69045.0,69060.0,4
2026-10-09 00:50:00-04:00,69050.0,69050.0,69055.0,69050.0,69055.0,3
2026-10-09 00:51:00-04:00,69055.0,69055.0,69055.0,69040.0,69040.0,11
2026-10-09 00:52:00-04:00,69080.0,69080.0,69080.0,69065.0,69075.0,13
2026-10-09 00:53:00-04:00,69090.0,69090.0,69090.0,69090.0,69090.0,1
2026-10-09 00:54:00-04:00,69130.0,69130.0,69130.0,69125.0,69125.0,9
2026-10-09 00:55:00-04:00,69140.0,69140.0,69140.0,69120.0,69140.0,7
2026-10-09 00:56:00-04:00,69140.0,69140.0,69145.0,69140.0,69145.0,3
2026-10-09 00:57:00-04:00,69135.0,69135.0,69145.0,69125.0,69145.0,6
2026-10-09 00:58:00-04:00,69135.0,69135.0,69135.0,69135.0,69135.0,1
2026-10-09 00:59:00-04:00,69130.0,69130.0,69145.0,69130.0,69145.0,6
2026-10-09 01:00:00-04:00,69185.0,69185.0,69190.0,69135.0,69135.0,12
2026-10-09 01:01:00-04:00,69180.0,69180.0,69180.0,69165.0,69165.0,2
2026-10-09 01:02:00-04:00,69170.0,69170.0,69180.0,69170.0,69180.0,4
2026-10-09 01:03:00-04:00,69170.0,69170.0,69170.0,69165.0,69170.0,6
2026-10-09 01:04:00-04:00,69170.0,69170.0,69175.0,69170.0,69175.0,2
2026-10-09 01:05:00-04:00,69140.0,69140.0,69155.0,69135.0,69155.0,4
2026-10-09 01:06:00-04:00,69150.0,69150.0,69150.0,69135.0,69135.0,24
2026-10-09 01:07:00-04:00,69155.0,69155.0,69155.0,69155.0,69155.0,2
2026-10-09 01:08:00-04:00,69175.0,69175.0,69175.0,69175.0,69175.0,1
2026-10-09 01:09:00-04:00,69190.0,69190.0,69190.0,69180.0,69180.0,2
2026-10-09 01:10:00-04:00,69175.0,69175.0,69180.0,69170.0,69180.0,5
2026-10-09 01:12:00-04:00,69160.0,69160.0,69160.0,69155.0,69155.0,2
2026-10-09 01:13:00-04:00,69150.0,69150.0,69150.0,69145.0,69145.0,2
2026-10-09 01:14:00-04:00,69155.0,69155.0,69155.0,69155.0,69155.0,2
2026-10-09 01:16:00-04:00,69180.0,69180.0,69180.0,69180.0,69180.0,1
2026-10-09 01:17:00-04:00,69185.0,69185.0,69185.0,69165.0,69175.0,4
2026-10-09 01:18:00-04:00,69150.0,69150.0,69150.0,69145.0,69145.0,2
2026-10-09 01:19:00-04:00,69150.0,69150.0,69150.0,69150.0,69150.0,1
2026-10-09 01:20:00-04:00,69135.0,69135.0,69145.0,69135.0,69145.0,24
2026-10-09 01:21:00-04:00,69145.0,69145.0,69145.0,69135.0,69135.0,6
2026-10-09 01:22:00-04:00,69155.0,69155.0,69155.0,69150.0,69150.0,5
2026-10-09 01:23:00-04:00,69140.0,69140.0,69145.0,69125.0,69135.0,73
2026-10-09 01:26:00-04:00,69160.0,69160.0,69165.0,69160.0,69165.0,4
2026-10-09 01:27:00-04:00,69165.0,69165.0,69165.0,69160.0,69160.0,2
2026-10-09 01:28:00-04:00,69160.0,69160.0,69160.0,69160.0,69160.0,1
2026-10-09 01:29:00-04:00,69155.0,69155.0,69155.0,69155.0,69155.0,1
2026-10-09 01:30:00-04:00,69180.0,69180.0,69180.0,69160.0,69160.0,8
2026-10-09 01:31:00-04:00,69185.0,69185.0,69200.0,69185.0,69195.0,15
2026-10-09 01:32:00-04:00,69155.0,69155.0,69155.0,69155.0,69155.0,3
2026-10-09 01:33:00-04:00,69165.0,69165.0,69170.0,69160.0,69160.0,5
2026-10-09 01:34:00-04:00,69170.0,69170.0,69175.0,69165.0,69170.0,5
2026-10-09 01:36:00-04:00,69180.0,69180.0,69180.0,69175.0,69180.0,14
2026-10-09 01:37:00-04:00,69175.0,69175.0,69175.0,69165.0,69165.0,5
2026-10-09 01:38:00-04:00,69190.0,69190.0,69190.0,69185.0,69190.0,4
2026-10-09 01:39:00-04:00,69205.0,69205.0,69205.0,69185.0,69185.0,15
2026-10-09 01:40:00-04:00,69170.0,69170.0,69190.0,69165.0,69190.0,11
2026-10-09 01:41:00-04:00,69180.0,69180.0,69180.0,69165.0,69165.0,6
2026-10-09 01:42:00-04:00,69195.0,69195.0,69200.0,69185.0,69200.0,11
2026-10-09 01:43:00-04:00,69210.0,69210.0,69215.0,69190.0,69190.0,15
2026-10-09 01:44:00-04:00,69200.0,69200.0,69210.0,69195.0,69210.0,5
2026-10-09 01:45:00-04:00,69190.0,69190.0,69210.0,69190.0,69210.0,2
2026-10-09 01:47:00-04:00,69165.0,69165.0,69165.0,69160.0,69160.0,3
2026-10-09 01:48:00-04:00,69175.0,69175.0,69175.0,69175.0,69175.0,1
2026-10-09 01:49:00-04:00,69190.0,69190.0,69205.0,69190.0,69205.0,4
2026-10-09 01:50:00-04:00,69160.0,69160.0,69175.0,69160.0,69175.0,6
2026-10-09 01:51:00-04:00,69155.0,69155.0,69155.0,69150.0,69155.0,4
2026-10-09 01:52:00-04:00,69150.0,69150.0,69160.0,69150.0,69160.0,5
2026-10-09 01:53:00-04:00,69160.0,69160.0,69160.0,69160.0,69160.0,1
2026-10-09 01:54:00-04:00,69155.0,69155.0,69155.0,69155.0,69155.0,1
2026-10-09 01:55:00-04:00,69170.0,69170.0,69175.0,69170.0,69175.0,2
2026-10-09 01:56:00-04:00,69190.0,69190.0,69195.0,69190.0,69190.0,6
2026-10-09 01:57:00-04:00,69200.0,69200.0,69200.0,69180.0,69180.0,4
2026-10-09 01:58:00-04:00,69190.0,69190.0,69205.0,69190.0,69195.0,11
2026-10-09 01:59:00-04:00,69175.0,69175.0,69185.0,69165.0,69185.0,17
2026-10-09 02:00:00-04:00,69200.0,69200.0,69200.0,69170.0,69180.0,10
2026-10-09 02:01:00-04:00,69245.0,69245.0,69245.0,69215.0,69215.0,37
2026-10-09 02:02:00-04:00,69265.0,69265.0,69265.0,69240.0,69250.0,48
2026-10-09 02:03:00-04:00,69240.0,69240.0,69265.0,69235.0,69265.0,10
2026-10-09 02:04:00-04:00,69240.0,69240.0,69245.0,69235.0,69235.0,5
2026-10-09 02:05:00-04:00,69240.0,69240.0,69245.0,69240.0,69245.0,2
2026-10-09 02:06:00-04:00,69230.0,69230.0,69250.0,69225.0,69245.0,5
2026-10-09 02:07:00-04:00,69225.0,69225.0,69225.0,69225.0,69225.0,1
2026-10-09 02:08:00-04:00,69240.0,69240.0,69250.0,69230.0,69230.0,7
2026-10-09 02:09:00-04:00,69255.0,69255.0,69270.0,69245.0,69245.0,7
2026-10-09 02:10:00-04:00,69265.0,69265.0,69265.0,69255.0,69255.0,6
2026-10-09 02:11:00-04:00,69250.0,69250.0,69265.0,69250.0,69265.0,3
2026-10-09 02:12:00-04:00,69250.0,69250.0,69255.0,69245.0,69255.0,24
2026-10-09 02:13:00-04:00,69240.0,69240.0,69240.0,69225.0,69235.0,7
2026-10-09 02:14:00-04:00,69245.0,69245.0,69245.0,69235.0,69235.0,4
2026-10-09 02:15:00-04:00,69280.0,69280.0,69280.0,69250.0,69250.0,10
2026-10-09 02:16:00-04:00,69270.0,69270.0,69280.0,69270.0,69280.0,4
2026-10-09 02:17:00-04:00,69260.0,69260.0,69290.0,69260.0,69285.0,4
2026-10-09 02:18:00-04:00,69280.0,69280.0,69280.0,69265.0,69265.0,12
2026-10-09 02:19:00-04:00,69285.0,69285.0,69290.0,69275.0,69285.0,11
2026-10-09 02:20:00-04:00,69280.0,69280.0,69305.0,69280.0,69290.0,18
2026-10-09 02:21:00-04:00,69240.0,69240.0,69265.0,69240.0,69265.0,32
2026-10-09 02:22:00-04:00,69215.0,69215.0,69240.0,69215.0,69235.0,152
2026-10-09 02:23:00-04:00,69195.0,69195.0,69220.0,69175.0,69215.0,56
2026-10-09 02:24:00-04:00,69185.0,69185.0,69195.0,69175.0,69190.0,52
2026-10-09 02:25:00-04:00,69215.0,69215.0,69215.0,69185.0,69185.0,20
2026-10-09 02:26:00-04:00,69235.0,69235.0,69235.0,69195.0,69205.0,30
2026-10-09 02:27:00-04:00,69235.0,69235.0,69250.0,69225.0,69240.0,12
2026-10-09 02:28:00-04:00,69225.0,69225.0,69230.0,69210.0,69230.0,13
2026-10-09 02:29:00-04:00,69180.0,69180.0,69220.0,69170.0,69205.0,49
2026-10-09 02:30:00-04:00,69285.0,69285.0,69295.0,69175.0,69190.0,140
2026-10-09 02:31:00-04:00,69285.0,69285.0,69295.0,69280.0,69285.0,22
2026-10-09 02:32:00-04:00,69305.0,69305.0,69305.0,69275.0,69290.0,55
2026-10-09 02:33:00-04:00,69310.0,69310.0,69315.0,69295.0,69305.0,36
2026-10-09 02:34:00-04:00,69310.0,69310.0,69335.0,69300.0,69310.0,59
2026-10-09 02:35:00-04:00,69345.0,69345.0,69350.0,69320.0,69325.0,45
2026-10-09 02:36:00-04:00,69345.0,69345.0,69345.0,69330.0,69340.0,4
2026-10-09 02:37:00-04:00,69330.0,69330.0,69335.0,69320.0,69335.0,18
2026-10-09 02:38:00-04:00,69345.0,69345.0,69350.0,69320.0,69325.0,18
2026-10-09 02:39:00-04:00,69375.0,69375.0,69380.0,69365.0,69370.0,18
2026-10-09 02:40:00-04:00,69380.0,69380.0,69380.0,69370.0,69380.0,24
2026-10-09 02:41:00-04:00,69370.0,69370.0,69380.0,69370.0,69370.0,44
2026-10-09 02:42:00-04:00,69390.0,69390.0,69400.0,69370.0,69375.0,87
2026-10-09 02:43:00-04:00,69395.0,69395.0,69400.0,69380.0,69390.0,235
2026-10-09 02:44:00-04:00,69440.0,69440.0,69455.0,69380.0,69385.0,199
2026-10-09 02:45:00-04:00,69425.0,69425.0,69465.0,69420.0,69440.0,41
2026-10-09 02:46:00-04:00,69415.0,69415.0,69435.0,69395.0,69435.0,29
2026-10-09 02:47:00-04:00,69395.0,69395.0,69415.0,69385.0,69415.0,61
2026-10-09 02:48:00-04:00,69390.0,69390.0,69405.0,69390.0,69395.0,33
2026-10-09 02:49:00-04:00,69385.0,69385.0,69385.0,69345.0,69345.0,16
2026-10-09 02:50:00-04:00,69360.0,69360.0,69360.0,69345.0,69355.0,7
2026-10-09 02:51:00-04:00,69335.0,69335.0,69360.0,69335.0,69355.0,3
2026-10-09 02:52:00-04:00,69340.0,69340.0,69340.0,69335.0,69340.0,3
2026-10-09 02:53:00-04:00,69315.0,69315.0,69330.0,69315.0,69330.0,6
2026-10-09 02:54:00-04:00,69340.0,69340.0,69340.0,69300.0,69305.0,8
2026-10-09 02:55:00-04:00,69350.0,69350.0,69355.0,69345.0,69345.0,18
2026-10-09 02:56:00-04:00,69380.0,69380.0,69385.0,69350.0,69350.0,42
2026-10-09 02:57:00-04:00,69380.0,69380.0,69380.0,69375.0,69375.0,4
2026-10-09 02:58:00-04:00,69340.0,69340.0,69350.0,69340.0,69350.0,2
2026-10-09 02:59:00-04:00,69315.0,69315.0,69330.0,69310.0,69330.0,14
2026-10-09 03:00:00-04:00,69340.0,69340.0,69340.0,69305.0,69305.0,7
2026-10-09 03:01:00-04:00,69345.0,69345.0,69350.0,69325.0,69330.0,11
2026-10-09 03:02:00-04:00,69335.0,69335.0,69355.0,69330.0,69355.0,13
2026-10-09 03:03:00-04:00,69325.0,69325.0,69340.0,69315.0,69340.0,8
2026-10-09 03:04:00-04:00,69355.0,69355.0,69355.0,69340.0,69345.0,7
2026-10-09 03:05:00-04:00,69355.0,69355.0,69385.0,69355.0,69360.0,7
2026-10-09 03:06:00-04:00,69370.0,69370.0,69385.0,69370.0,69380.0,16
2026-10-09 03:07:00-04:00,69350.0,69350.0,69370.0,69350.0,69370.0,51
2026-10-09 03:09:00-04:00,69350.0,69350.0,69355.0,69330.0,69340.0,11
2026-10-09 03:10:00-04:00,69350.0,69350.0,69350.0,69340.0,69345.0,13
2026-10-09 03:11:00-04:00,69355.0,69355.0,69370.0,69340.0,69340.0,5
2026-10-09 03:12:00-04:00,69370.0,69370.0,69370.0,69370.0,69370.0,2
2026-10-09 03:13:00-04:00,69370.0,69370.0,69375.0,69370.0,69370.0,6
2026-10-09 03:14:00-04:00,69325.0,69325.0,69355.0,69325.0,69355.0,12
2026-10-09 03:15:00-04:00,69350.0,69350.0,69350.0,69325.0,69325.0,6
2026-10-09 03:16:00-04:00,69350.0,69350.0,69360.0,69340.0,69360.0,5
2026-10-09 03:17:00-04:00,69360.0,69360.0,69360.0,69360.0,69360.0,1
2026-10-09 03:18:00-04:00,69375.0,69375.0,69375.0,69375.0,69375.0,2
2026-10-09 03:19:00-04:00,69355.0,69355.0,69365.0,69345.0,69365.0,10
2026-10-09 03:20:00-04:00,69375.0,69375.0,69375.0,69370.0,69370.0,2
2026-10-09 03:21:00-04:00,69400.0,69400.0,69400.0,69385.0,69385.0,5
2026-10-09 03:22:00-04:00,69375.0,69375.0,69390.0,69375.0,69385.0,6
2026-10-09 03:23:00-04:00,69390.0,69390.0,69400.0,69385.0,69385.0,9
2026-10-09 03:24:00-04:00,69420.0,69420.0,69420.0,69395.0,69400.0,9
2026-10-09 03:25:00-04:00,69425.0,69425.0,69430.0,69415.0,69420.0,84
2026-10-09 03:26:00-04:00,69410.0,69410.0,69410.0,69405.0,69410.0,7
2026-10-09 03:27:00-04:00,69440.0,69440.0,69440.0,69420.0,69420.0,6
2026-10-09 03:28:00-04:00,69440.0,69440.0,69440.0,69435.0,69440.0,5
2026-10-09 03:29:00-04:00,69430.0,69430.0,69435.0,69430.0,69435.0,3
2026-10-09 03:30:00-04:00,69430.0,69430.0,69450.0,69415.0,69440.0,58
2026-10-09 03:31:00-04:00,69420.0,69420.0,69420.0,69410.0,69420.0,5
2026-10-09 03:32:00-04:00,69400.0,69400.0,69415.0,69400.0,69415.0,3
2026-10-09 03:33:00-04:00,69385.0,69385.0,69400.0,69385.0,69390.0,22
2026-10-09 03:34:00-04:00,69360.0,69360.0,69395.0,69360.0,69395.0,3
2026-10-09 03:35:00-04:00,69370.0,69370.0,69390.0,69365.0,69370.0,14
2026-10-09 03:36:00-04:00,69360.0,69360.0,69365.0,69360.0,69365.0,2
2026-10-09 03:37:00-04:00,69345.0,69345.0,69355.0,69340.0,69350.0,7
2026-10-09 03:38:00-04:00,69330.0,69330.0,69340.0,69320.0,69340.0,12
2026-10-09 03:39:00-04:00,69340.0,69340.0,69340.0,69340.0,69340.0,2
2026-10-09 03:40:00-04:00,69365.0,69365.0,69365.0,69350.0,69350.0,12
2026-10-09 03:41:00-04:00,69370.0,69370.0,69385.0,69365.0,69365.0,5
2026-10-09 03:42:00-04:00,69350.0,69350.0,69365.0,69350.0,69365.0,4
2026-10-09 03:43:00-04:00,69355.0,69355.0,69355.0,69355.0,69355.0,3
2026-10-09 03:44:00-04:00,69385.0,69385.0,69385.0,69370.0,69370.0,7
2026-10-09 03:45:00-04:00,69365.0,69365.0,69365.0,69360.0,69360.0,3
2026-10-09 03:46:00-04:00,69400.0,69400.0,69400.0,69375.0,69375.0,10
2026-10-09 03:47:00-04:00,69390.0,69390.0,69390.0,69390.0,69390.0,5
2026-10-09 03:48:00-04:00,69380.0,69380.0,69395.0,69365.0,69395.0,14
2026-10-09 03:49:00-04:00,69385.0,69385.0,69390.0,69385.0,69390.0,3
2026-10-09 03:50:00-04:00,69390.0,69390.0,69390.0,69390.0,69390.0,2
2026-10-09 03:51:00-04:00,69395.0,69395.0,69395.0,69390.0,69390.0,3
2026-10-09 03:52:00-04:00,69440.0,69440.0,69440.0,69390.0,69400.0,18
2026-10-09 03:53:00-04:00,69420.0,69420.0,69425.0,69415.0,69425.0,7
2026-10-09 03:54:00-04:00,69435.0,69435.0,69435.0,69425.0,69425.0,2
2026-10-09 03:55:00-04:00,69420.0,69420.0,69420.0,69420.0,69420.0,2
2026-10-09 03:56:00-04:00,69425.0,69425.0,69425.0,69425.0,69425.0,4
2026-10-09 03:57:00-04:00,69440.0,69440.0,69450.0,69440.0,69450.0,3
2026-10-09 03:58:00-04:00,69460.0,69460.0,69460.0,69435.0,69440.0,17
2026-10-09 03:59:00-04:00,69475.0,69475.0,69475.0,69460.0,69465.0,41
2026-10-09 04:00:00-04:00,69500.0,69500.0,69515.0,69455.0,69480.0,136
2026-10-09 04:01:00-04:00,69505.0,69505.0,69520.0,69475.0,69505.0,42
2026-10-09 04:02:00-04:00,69385.0,69385.0,69500.0,69375.0,69500.0,47
2026-10-09 04:03:00-04:00,69415.0,69415.0,69425.0,69370.0,69370.0,43
2026-10-09 04:04:00-04:00,69420.0,69420.0,69420.0,69390.0,69405.0,11
2026-10-09 04:05:00-04:00,69420.0,69420.0,69425.0,69420.0,69425.0,10
2026-10-09 04:06:00-04:00,69425.0,69425.0,69435.0,69420.0,69430.0,4
2026-10-09 04:07:00-04:00,69400.0,69400.0,69440.0,69400.0,69435.0,14
2026-10-09 04:08:00-04:00,69370.0,69370.0,69410.0,69370.0,69410.0,11
2026-10-09 04:09:00-04:00,69380.0,69380.0,69400.0,69365.0,69365.0,24
2026-10-09 04:10:00-04:00,69370.0,69370.0,69400.0,69365.0,69390.0,28
2026-10-09 04:11:00-04:00,69330.0,69330.0,69365.0,69330.0,69365.0,16
2026-10-09 04:12:00-04:00,69325.0,69325.0,69330.0,69325.0,69330.0,5
2026-10-09 04:13:00-04:00,69320.0,69320.0,69340.0,69320.0,69335.0,8
2026-10-09 04:14:00-04:00,69335.0,69335.0,69355.0,69330.0,69335.0,21
2026-10-09 04:15:00-04:00,69360.0,69360.0,69360.0,69335.0,69335.0,4
2026-10-09 04:16:00-04:00,69360.0,69360.0,69380.0,69360.0,69375.0,16
2026-10-09 04:17:00-04:00,69360.0,69360.0,69365.0,69350.0,69355.0,14
2026-10-09 04:18:00-04:00,69390.0,69390.0,69390.0,69365.0,69365.0,3
2026-10-09 04:19:00-04:00,69370.0,69370.0,69380.0,69365.0,69365.0,5
2026-10-09 04:20:00-04:00,69390.0,69390.0,69390.0,69385.0,69385.0,3
2026-10-09 04:21:00-04:00,69420.0,69420.0,69440.0,69415.0,69425.0,13
2026-10-09 04:22:00-04:00,69410.0,69410.0,69410.0,69385.0,69390.0,22
2026-10-09 04:23:00-04:00,69390.0,69390.0,69400.0,69390.0,69400.0,8
2026-10-09 04:24:00-04:00,69350.0,69350.0,69350.0,69335.0,69350.0,10
2026-10-09 04:25:00-04:00,69360.0,69360.0,69375.0,69340.0,69345.0,14
2026-10-09 04:26:00-04:00,69360.0,69360.0,69365.0,69355.0,69365.0,7
2026-10-09 04:27:00-04:00,69365.0,69365.0,69370.0,69350.0,69350.0,13
2026-10-09 04:28:00-04:00,69360.0,69360.0,69375.0,69360.0,69370.0,7
2026-10-09 04:29:00-04:00,69385.0,69385.0,69385.0,69370.0,69370.0,8
2026-10-09 04:30:00-04:00,69330.0,69330.0,69370.0,69330.0,69370.0,96
2026-10-09 04:31:00-04:00,69350.0,69350.0,69365.0,69335.0,69340.0,94
2026-10-09 04:32:00-04:00,69360.0,69360.0,69380.0,69345.0,69355.0,90
2026-10-09 04:33:00-04:00,69370.0,69370.0,69380.0,69350.0,69360.0,39
2026-10-09 04:34:00-04:00,69370.0,69370.0,69385.0,69360.0,69385.0,27
2026-10-09 04:35:00-04:00,69390.0,69390.0,69390.0,69375.0,69375.0,7
2026-10-09 04:36:00-04:00,69410.0,69410.0,69410.0,69410.0,69410.0,2
2026-10-09 04:37:00-04:00,69400.0,69400.0,69420.0,69400.0,69415.0,8
2026-10-09 04:38:00-04:00,69420.0,69420.0,69435.0,69415.0,69415.0,8
2026-10-09 04:39:00-04:00,69405.0,69405.0,69420.0,69405.0,69415.0,10
2026-10-09 04:40:00-04:00,69375.0,69375.0,69385.0,69375.0,69375.0,9
2026-10-09 04:41:00-04:00,69370.0,69370.0,69370.0,69370.0,69370.0,4
2026-10-09 04:42:00-04:00,69395.0,69395.0,69395.0,69395.0,69395.0,4
2026-10-09 04:43:00-04:00,69390.0,69390.0,69390.0,69375.0,69380.0,5
2026-10-09 04:44:00-04:00,69395.0,69395.0,69395.0,69395.0,69395.0,2
2026-10-09 04:45:00-04:00,69415.0,69415.0,69415.0,69415.0,69415.0,1
2026-10-09 04:46:00-04:00,69405.0,69405.0,69415.0,69395.0,69415.0,9
2026-10-09 04:47:00-04:00,69395.0,69395.0,69400.0,69390.0,69400.0,3
2026-10-09 04:48:00-04:00,69425.0,69425.0,69425.0,69425.0,69425.0,2
2026-10-09 04:49:00-04:00,69405.0,69405.0,69410.0,69400.0,69410.0,7
2026-10-09 04:50:00-04:00,69395.0,69395.0,69395.0,69395.0,69395.0,3
2026-10-09 04:51:00-04:00,69380.0,69380.0,69380.0,69375.0,69375.0,4
2026-10-09 04:52:00-04:00,69365.0,69365.0,69375.0,69355.0,69375.0,18
2026-10-09 04:53:00-04:00,69345.0,69345.0,69360.0,69345.0,69360.0,2
2026-10-09 04:54:00-04:00,69360.0,69360.0,69360.0,69335.0,69355.0,14
2026-10-09 04:55:00-04:00,69325.0,69325.0,69340.0,69325.0,69340.0,3
2026-10-09 04:56:00-04:00,69320.0,69320.0,69320.0,69320.0,69320.0,1
2026-10-09 04:57:00-04:00,69325.0,69325.0,69325.0,69310.0,69320.0,16
2026-10-09 04:58:00-04:00,69300.0,69300.0,69315.0,69300.0,69310.0,12
2026-10-09 04:59:00-04:00,69285.0,69285.0,69305.0,69285.0,69305.0,11
2026-10-09 05:00:00-04:00,69275.0,69275.0,69285.0,69275.0,69285.0,7
2026-10-09 05:01:00-04:00,69265.0,69265.0,69270.0,69250.0,69260.0,23
2026-10-09 05:02:00-04:00,69270.0,69270.0,69275.0,69260.0,69265.0,11
2026-10-09 05:03:00-04:00,69270.0,69270.0,69280.0,69270.0,69275.0,9
2026-10-09 05:04:00-04:00,69260.0,69260.0,69265.0,69260.0,69265.0,2
2026-10-09 05:05:00-04:00,69265.0,69265.0,69265.0,69265.0,69265.0,2
2026-10-09 05:06:00-04:00,69255.0,69255.0,69270.0,69250.0,69270.0,12
2026-10-09 05:07:00-04:00,69285.0,69285.0,69285.0,69255.0,69255.0,16
2026-10-09 05:08:00-04:00,69320.0,69320.0,69320.0,69295.0,69295.0,4
2026-10-09 05:09:00-04:00,69300.0,69300.0,69315.0,69295.0,69315.0,5
2026-10-09 05:10:00-04:00,69285.0,69285.0,69295.0,69275.0,69275.0,20
2026-10-09 05:11:00-04:00,69265.0,69265.0,69270.0,69260.0,69270.0,7
2026-10-09 05:12:00-04:00,69260.0,69260.0,69260.0,69255.0,69255.0,2
2026-10-09 05:13:00-04:00,69270.0,69270.0,69275.0,69270.0,69275.0,4
2026-10-09 05:15:00-04:00,69275.0,69275.0,69275.0,69275.0,69275.0,2
2026-10-09 05:16:00-04:00,69250.0,69250.0,69260.0,69245.0,69260.0,5
2026-10-09 05:17:00-04:00,69250.0,69250.0,69250.0,69250.0,69250.0,1
2026-10-09 05:18:00-04:00,69255.0,69255.0,69270.0,69255.0,69270.0,4
2026-10-09 05:19:00-04:00,69265.0,69265.0,69270.0,69265.0,69270.0,2
2026-10-09 05:20:00-04:00,69275.0,69275.0,69275.0,69270.0,69270.0,2
2026-10-09 05:21:00-04:00,69250.0,69250.0,69265.0,69250.0,69265.0,5
2026-10-09 05:22:00-04:00,69255.0,69255.0,69260.0,69255.0,69255.0,4
2026-10-09 05:23:00-04:00,69275.0,69275.0,69285.0,69265.0,69265.0,26
2026-10-09 05:24:00-04:00,69280.0,69280.0,69290.0,69270.0,69290.0,11
2026-10-09 05:25:00-04:00,69275.0,69275.0,69275.0,69270.0,69270.0,4
2026-10-09 05:26:00-04:00,69295.0,69295.0,69295.0,69295.0,69295.0,1
2026-10-09 05:27:00-04:00,69280.0,69280.0,69285.0,69280.0,69285.0,3
2026-10-09 05:28:00-04:00,69295.0,69295.0,69300.0,69295.0,69295.0,4
2026-10-09 05:30:00-04:00,69285.0,69285.0,69290.0,69280.0,69285.0,6
2026-10-09 05:31:00-04:00,69255.0,69255.0,69285.0,69245.0,69285.0,8
2026-10-09 05:32:00-04:00,69245.0,69245.0,69250.0,69245.0,69250.0,3
2026-10-09 05:33:00-04:00,69245.0,69245.0,69245.0,69235.0,69245.0,6
2026-10-09 05:34:00-04:00,69265.0,69265.0,69265.0,69255.0,69255.0,3
2026-10-09 05:35:00-04:00,69270.0,69270.0,69280.0,69260.0,69265.0,11
2026-10-09 05:36:00-04:00,69275.0,69275.0,69280.0,69265.0,69265.0,4
2026-10-09 05:37:00-04:00,69265.0,69265.0,69280.0,69265.0,69280.0,2
2026-10-09 05:38:00-04:00,69255.0,69255.0,69255.0,69245.0,69250.0,7
2026-10-09 05:40:00-04:00,69260.0,69260.0,69265.0,69260.0,69260.0,4
2026-10-09 05:43:00-04:00,69250.0,69250.0,69255.0,69250.0,69255.0,7
2026-10-09 05:44:00-04:00,69225.0,69225.0,69240.0,69220.0,69235.0,5
2026-10-09 05:45:00-04:00,69205.0,69205.0,69225.0,69200.0,69225.0,9
2026-10-09 05:46:00-04:00,69210.0,69210.0,69215.0,69210.0,69210.0,6
2026-10-09 05:47:00-04:00,69220.0,69220.0,69220.0,69220.0,69220.0,5
2026-10-09 05:48:00-04:00,69215.0,69215.0,69215.0,69215.0,69215.0,2
2026-10-09 05:49:00-04:00,69240.0,69240.0,69240.0,69200.0,69200.0,4
2026-10-09 05:50:00-04:00,69240.0,69240.0,69255.0,69240.0,69245.0,6
2026-10-09 05:52:00-04:00,69260.0,69260.0,69265.0,69260.0,69265.0,5
2026-10-09 05:53:00-04:00,69260.0,69260.0,69260.0,69260.0,69260.0,2
2026-10-09 05:54:00-04:00,69255.0,69255.0,69255.0,69255.0,69255.0,1
2026-10-09 05:56:00-04:00,69250.0,69250.0,69255.0,69245.0,69245.0,6
2026-10-09 05:57:00-04:00,69240.0,69240.0,69255.0,69235.0,69255.0,30
2026-10-09 05:58:00-04:00,69255.0,69255.0,69260.0,69250.0,69250.0,17
2026-10-09 05:59:00-04:00,69230.0,69230.0,69250.0,69230.0,69250.0,11
2026-10-09 06:00:00-04:00,69225.0,69225.0,69235.0,69225.0,69235.0,4
2026-10-09 06:02:00-04:00,69240.0,69240.0,69240.0,69240.0,69240.0,2
2026-10-09 06:03:00-04:00,69265.0,69265.0,69265.0,69265.0,69265.0,10
2026-10-09 06:04:00-04:00,69270.0,69270.0,69270.0,69265.0,69265.0,3
2026-10-09 06:06:00-04:00,69285.0,69285.0,69285.0,69285.0,69285.0,5
2026-10-09 06:07:00-04:00,69280.0,69280.0,69280.0,69280.0,69280.0,1
2026-10-09 06:08:00-04:00,69265.0,69265.0,69265.0,69265.0,69265.0,5
2026-10-09 06:09:00-04:00,69265.0,69265.0,69265.0,69250.0,69265.0,4
2026-10-09 06:10:00-04:00,69255.0,69255.0,69260.0,69255.0,69260.0,7
2026-10-09 06:11:00-04:00,69250.0,69250.0,69250.0,69245.0,69245.0,4
2026-10-09 06:12:00-04:00,69235.0,69235.0,69235.0,69235.0,69235.0,1
2026-10-09 06:13:00-04:00,69250.0,69250.0,69250.0,69250.0,69250.0,1
2026-10-09 06:15:00-04:00,69255.0,69255.0,69255.0,69255.0,69255.0,1
2026-10-09 06:16:00-04:00,69250.0,69250.0,69250.0,69250.0,69250.0,1
2026-10-09 06:17:00-04:00,69250.0,69250.0,69250.0,69240.0,69245.0,7
2026-10-09 06:18:00-04:00,69225.0,69225.0,69230.0,69225.0,69230.0,3
2026-10-09 06:19:00-04:00,69220.0,69220.0,69225.0,69220.0,69225.0,4
2026-10-09 06:20:00-04:00,69250.0,69250.0,69250.0,69235.0,69235.0,16
2026-10-09 06:21:00-04:00,69235.0,69235.0,69235.0,69235.0,69235.0,1
2026-10-09 06:22:00-04:00,69225.0,69225.0,69225.0,69210.0,69215.0,8
2026-10-09 06:23:00-04:00,69220.0,69220.0,69225.0,69210.0,69215.0,6
2026-10-09 06:24:00-04:00,69210.0,69210.0,69220.0,69210.0,69220.0,10
2026-10-09 06:25:00-04:00,69220.0,69220.0,69220.0,69210.0,69215.0,5
2026-10-09 06:26:00-04:00,69230.0,69230.0,69235.0,69225.0,69225.0,3
2026-10-09 06:27:00-04:00,69225.0,69225.0,69225.0,69225.0,69225.0,4
2026-10-09 06:28:00-04:00,69200.0,69200.0,69200.0,69195.0,69200.0,6
2026-10-09 06:29:00-04:00,69205.0,69205.0,69215.0,69205.0,69215.0,4
2026-10-09 06:30:00-04:00,69185.0,69185.0,69215.0,69185.0,69215.0,9
2026-10-09 06:31:00-04:00,69180.0,69180.0,69195.0,69170.0,69185.0,26
2026-10-09 06:32:00-04:00,69180.0,69180.0,69185.0,69180.0,69185.0,4
2026-10-09 06:33:00-04:00,69175.0,69175.0,69180.0,69165.0,69180.0,14
2026-10-09 06:34:00-04:00,69160.0,69160.0,69165.0,69145.0,69160.0,11
2026-10-09 06:35:00-04:00,69175.0,69175.0,69175.0,69160.0,69160.0,5
2026-10-09 06:38:00-04:00,69175.0,69175.0,69175.0,69175.0,69175.0,1
2026-10-09 06:39:00-04:00,69180.0,69180.0,69180.0,69180.0,69180.0,2
2026-10-09 06:40:00-04:00,69165.0,69165.0,69175.0,69165.0,69170.0,6
2026-10-09 06:41:00-04:00,69145.0,69145.0,69175.0,69145.0,69170.0,10
2026-10-09 06:42:00-04:00,69165.0,69165.0,69165.0,69155.0,69155.0,2
2026-10-09 06:43:00-04:00,69135.0,69135.0,69150.0,69135.0,69150.0,10
2026-10-09 06:44:00-04:00,69165.0,69165.0,69175.0,69160.0,69165.0,12
2026-10-09 06:45:00-04:00,69170.0,69170.0,69170.0,69170.0,69170.0,1
2026-10-09 06:46:00-04:00,69155.0,69155.0,69165.0,69155.0,69165.0,11
2026-10-09 06:47:00-04:00,69160.0,69160.0,69160.0,69150.0,69150.0,13
2026-10-09 06:48:00-04:00,69140.0,69140.0,69170.0,69140.0,69160.0,7
2026-10-09 06:49:00-04:00,69135.0,69135.0,69145.0,69130.0,69145.0,5
2026-10-09 06:50:00-04:00,69115.0,69115.0,69125.0,69100.0,69120.0,26
2026-10-09 06:51:00-04:00,69140.0,69140.0,69145.0,69120.0,69120.0,19
2026-10-09 06:52:00-04:00,69155.0,69155.0,69155.0,69140.0,69140.0,15
2026-10-09 06:53:00-04:00,69150.0,69150.0,69165.0,69150.0,69155.0,16
2026-10-09 06:54:00-04:00,69120.0,69120.0,69135.0,69110.0,69135.0,10
2026-10-09 06:55:00-04:00,69090.0,69090.0,69100.0,69090.0,69100.0,2
2026-10-09 06:56:00-04:00,69170.0,69170.0,69170.0,69095.0,69095.0,131
2026-10-09 06:57:00-04:00,69170.0,69170.0,69170.0,69150.0,69165.0,20
2026-10-09 06:58:00-04:00,69105.0,69105.0,69150.0,69105.0,69145.0,28
2026-10-09 06:59:00-04:00,69065.0,69065.0,69110.0,69060.0,69100.0,31
2026-10-09 07:00:00-04:00,69075.0,69075.0,69085.0,69055.0,69080.0,15
2026-10-09 07:01:00-04:00,69075.0,69075.0,69125.0,69065.0,69070.0,35
2026-10-09 07:02:00-04:00,69090.0,69090.0,69110.0,69075.0,69080.0,25
2026-10-09 07:03:00-04:00,69080.0,69080.0,69095.0,69080.0,69080.0,15
2026-10-09 07:04:00-04:00,69070.0,69070.0,69090.0,69070.0,69080.0,17
2026-10-09 07:05:00-04:00,69055.0,69055.0,69065.0,69035.0,69060.0,14
2026-10-09 07:06:00-04:00,69050.0,69050.0,69060.0,69040.0,69050.0,18
2026-10-09 07:07:00-04:00,69080.0,69080.0,69080.0,69045.0,69050.0,44
2026-10-09 07:08:00-04:00,69090.0,69090.0,69110.0,69080.0,69080.0,16
2026-10-09 07:09:00-04:00,69080.0,69080.0,69095.0,69080.0,69095.0,2
2026-10-09 07:10:00-04:00,69070.0,69070.0,69075.0,69060.0,69070.0,11
2026-10-09 07:11:00-04:00,69060.0,69060.0,69100.0,69045.0,69075.0,43
2026-10-09 07:12:00-04:00,69045.0,69045.0,69070.0,69045.0,69070.0,31
2026-10-09 07:13:00-04:00,69040.0,69040.0,69050.0,69030.0,69030.0,25
2026-10-09 07:14:00-04:00,69070.0,69070.0,69075.0,69045.0,69050.0,18
2026-10-09 07:15:00-04:00,69085.0,69085.0,69095.0,69085.0,69095.0,4
2026-10-09 07:16:00-04:00,69130.0,69130.0,69130.0,69085.0,69085.0,24
2026-10-09 07:17:00-04:00,69135.0,69135.0,69155.0,69130.0,69135.0,24
2026-10-09 07:18:00-04:00,69125.0,69125.0,69130.0,69120.0,69125.0,5
2026-10-09 07:19:00-04:00,69155.0,69155.0,69160.0,69135.0,69135.0,5
2026-10-09 07:20:00-04:00,69160.0,69160.0,69175.0,69160.0,69175.0,9
2026-10-09 07:21:00-04:00,69140.0,69140.0,69160.0,69140.0,69160.0,7
2026-10-09 07:22:00-04:00,69150.0,69150.0,69150.0,69115.0,69125.0,18
2026-10-09 07:23:00-04:00,69145.0,69145.0,69155.0,69145.0,69145.0,12
2026-10-09 07:24:00-04:00,69165.0,69165.0,69165.0,69140.0,69140.0,8
2026-10-09 07:25:00-04:00,69165.0,69165.0,69165.0,69155.0,69160.0,3
2026-10-09 07:26:00-04:00,69165.0,69165.0,69165.0,69165.0,69165.0,1
2026-10-09 07:27:00-04:00,69165.0,69165.0,69165.0,69160.0,69160.0,6
2026-10-09 07:28:00-04:00,69195.0,69195.0,69195.0,69175.0,69175.0,4
2026-10-09 07:29:00-04:00,69190.0,69190.0,69195.0,69185.0,69185.0,12
2026-10-09 07:30:00-04:00,69215.0,69215.0,69215.0,69210.0,69210.0,3
2026-10-09 07:31:00-04:00,69210.0,69210.0,69210.0,69210.0,69210.0,6
2026-10-09 07:32:00-04:00,69220.0,69220.0,69235.0,69220.0,69225.0,27
2026-10-09 07:33:00-04:00,69225.0,69225.0,69225.0,69210.0,69220.0,26
2026-10-09 07:34:00-04:00,69215.0,69215.0,69225.0,69215.0,69220.0,7
2026-10-09 07:35:00-04:00,69210.0,69210.0,69215.0,69210.0,69215.0,5
2026-10-09 07:36:00-04:00,69190.0,69190.0,69205.0,69180.0,69205.0,16
2026-10-09 07:37:00-04:00,69200.0,69200.0,69210.0,69200.0,69210.0,5
2026-10-09 07:38:00-04:00,69210.0,69210.0,69210.0,69200.0,69200.0,4
2026-10-09 07:39:00-04:00,69200.0,69200.0,69200.0,69180.0,69180.0,5
2026-10-09 07:40:00-04:00,69195.0,69195.0,69195.0,69190.0,69190.0,4
2026-10-09 07:41:00-04:00,69185.0,69185.0,69185.0,69165.0,69170.0,7
2026-10-09 07:42:00-04:00,69185.0,69185.0,69195.0,69180.0,69180.0,6
2026-10-09 07:43:00-04:00,69185.0,69185.0,69190.0,69180.0,69190.0,6
2026-10-09 07:44:00-04:00,69190.0,69190.0,69190.0,69175.0,69185.0,9
2026-10-09 07:45:00-04:00,69190.0,69190.0,69190.0,69180.0,69180.0,5
2026-10-09 07:46:00-04:00,69185.0,69185.0,69185.0,69180.0,69180.0,2
2026-10-09 07:47:00-04:00,69195.0,69195.0,69195.0,69180.0,69180.0,2
2026-10-09 07:48:00-04:00,69210.0,69210.0,69210.0,69210.0,69210.0,1
2026-10-09 07:49:00-04:00,69190.0,69190.0,69190.0,69190.0,69190.0,1
2026-10-09 07:51:00-04:00,69190.0,69190.0,69190.0,69190.0,69190.0,1
2026-10-09 07:52:00-04:00,69200.0,69200.0,69210.0,69200.0,69210.0,4
2026-10-09 07:53:00-04:00,69225.0,69225.0,69225.0,69205.0,69210.0,10
2026-10-09 07:54:00-04:00,69230.0,69230.0,69240.0,69230.0,69230.0,6
2026-10-09 07:55:00-04:00,69245.0,69245.0,69250.0,69220.0,69220.0,27
2026-10-09 07:56:00-04:00,69230.0,69230.0,69230.0,69230.0,69230.0,1
2026-10-09 07:57:00-04:00,69235.0,69235.0,69235.0,69225.0,69225.0,6
2026-10-09 07:59:00-04:00,69245.0,69245.0,69245.0,69245.0,69245.0,2
2026-10-09 08:00:00-04:00,69270.0,69270.0,69270.0,69250.0,69250.0,16
2026-10-09 08:01:00-04:00,69295.0,69295.0,69295.0,69260.0,69270.0,30
2026-10-09 08:02:00-04:00,69290.0,69290.0,69295.0,69290.0,69290.0,5
2026-10-09 08:03:00-04:00,69265.0,69265.0,69290.0,69255.0,69285.0,12
2026-10-09 08:04:00-04:00,69215.0,69215.0,69240.0,69215.0,69240.0,4
2026-10-09 08:05:00-04:00,69190.0,69190.0,69200.0,69190.0,69200.0,6
2026-10-09 08:06:00-04:00,69175.0,69175.0,69185.0,69170.0,69170.0,3
2026-10-09 08:07:00-04:00,69190.0,69190.0,69195.0,69190.0,69195.0,4
2026-10-09 08:08:00-04:00,69185.0,69185.0,69185.0,69175.0,69185.0,7
2026-10-09 08:09:00-04:00,69160.0,69160.0,69165.0,69160.0,69165.0,2
2026-10-09 08:10:00-04:00,69150.0,69150.0,69185.0,69150.0,69165.0,17
2026-10-09 08:11:00-04:00,69170.0,69170.0,69170.0,69170.0,69170.0,1
2026-10-09 08:12:00-04:00,69205.0,69205.0,69205.0,69180.0,69180.0,2
2026-10-09 08:13:00-04:00,69190.0,69190.0,69210.0,69190.0,69210.0,5
2026-10-09 08:14:00-04:00,69165.0,69165.0,69165.0,69155.0,69165.0,6
2026-10-09 08:15:00-04:00,69180.0,69180.0,69180.0,69170.0,69170.0,5
2026-10-09 08:17:00-04:00,69165.0,69165.0,69165.0,69165.0,69165.0,2
2026-10-09 08:18:00-04:00,69180.0,69180.0,69185.0,69155.0,69155.0,8
2026-10-09 08:19:00-04:00,69185.0,69185.0,69185.0,69180.0,69180.0,3
2026-10-09 08:20:00-04:00,69180.0,69180.0,69180.0,69180.0,69180.0,1
2026-10-09 08:21:00-04:00,69200.0,69200.0,69200.0,69200.0,69200.0,1
2026-10-09 08:24:00-04:00,69205.0,69205.0,69210.0,69190.0,69190.0,12
2026-10-09 08:25:00-04:00,69215.0,69215.0,69230.0,69215.0,69225.0,70
2026-10-09 08:26:00-04:00,69225.0,69225.0,69225.0,69215.0,69215.0,9
2026-10-09 08:27:00-04:00,69215.0,69215.0,69215.0,69210.0,69215.0,5
2026-10-09 08:28:00-04:00,69215.0,69215.0,69220.0,69215.0,69215.0,3
2026-10-09 08:29:00-04:00,69190.0,69190.0,69210.0,69190.0,69210.0,10
2026-10-09 08:30:00-04:00,69210.0,69210.0,69230.0,69195.0,69195.0,46
2026-10-09 08:31:00-04:00,69195.0,69195.0,69210.0,69195.0,69210.0,18
2026-10-09 08:32:00-04:00,69175.0,69175.0,69195.0,69170.0,69170.0,8
2026-10-09 08:33:00-04:00,69185.0,69185.0,69185.0,69160.0,69160.0,9
2026-10-09 08:34:00-04:00,69165.0,69165.0,69165.0,69165.0,69165.0,1
2026-10-09 08:35:00-04:00,69165.0,69165.0,69165.0,69145.0,69150.0,3
2026-10-09 08:36:00-04:00,69120.0,69120.0,69160.0,69120.0,69160.0,15
2026-10-09 08:37:00-04:00,69135.0,69135.0,69135.0,69120.0,69120.0,12
2026-10-09 08:38:00-04:00,69165.0,69165.0,69185.0,69150.0,69150.0,42
2026-10-09 08:39:00-04:00,69120.0,69120.0,69120.0,69115.0,69115.0,2
2026-10-09 08:40:00-04:00,69120.0,69120.0,69120.0,69110.0,69115.0,8
2026-10-09 08:41:00-04:00,69130.0,69130.0,69130.0,69120.0,69120.0,8
2026-10-09 08:42:00-04:00,69135.0,69135.0,69145.0,69135.0,69135.0,5
2026-10-09 08:43:00-04:00,69075.0,69075.0,69100.0,69075.0,69100.0,13
2026-10-09 08:44:00-04:00,69065.0,69065.0,69085.0,69065.0,69080.0,13
2026-10-09 08:45:00-04:00,69075.0,69075.0,69075.0,69050.0,69070.0,21
2026-10-09 08:46:00-04:00,69085.0,69085.0,69090.0,69070.0,69070.0,6
2026-10-09 08:47:00-04:00,69070.0,69070.0,69080.0,69055.0,69075.0,25
2026-10-09 08:48:00-04:00,69055.0,69055.0,69075.0,69045.0,69070.0,15
2026-10-09 08:49:00-04:00,69075.0,69075.0,69080.0,69075.0,69075.0,4
2026-10-09 08:50:00-04:00,69035.0,69035.0,69075.0,69035.0,69075.0,20
2026-10-09 08:51:00-04:00,69035.0,69035.0,69040.0,69035.0,69035.0,3
2026-10-09 08:52:00-04:00,69025.0,69025.0,69030.0,69020.0,69025.0,8
2026-10-09 08:53:00-04:00,69005.0,69005.0,69020.0,68985.0,69020.0,44
2026-10-09 08:54:00-04:00,68995.0,68995.0,69000.0,68995.0,69000.0,5
2026-10-09 08:55:00-04:00,69035.0,69035.0,69035.0,69005.0,69010.0,6
2026-10-09 08:56:00-04:00,69050.0,69050.0,69050.0,69035.0,69035.0,6
2026-10-09 08:57:00-04:00,69105.0,69105.0,69105.0,69065.0,69065.0,9
2026-10-09 08:58:00-04:00,69145.0,69145.0,69160.0,69115.0,69115.0,22
2026-10-09 08:59:00-04:00,69190.0,69190.0,69195.0,69145.0,69145.0,11
2026-10-09 09:00:00-04:00,69170.0,69170.0,69210.0,69170.0,69190.0,20
2026-10-09 09:02:00-04:00,69200.0,69200.0,69200.0,69165.0,69165.0,8
2026-10-09 09:03:00-04:00,69195.0,69195.0,69205.0,69190.0,69205.0,5
2026-10-09 09:04:00-04:00,69185.0,69185.0,69185.0,69185.0,69185.0,1
2026-10-09 09:05:00-04:00,69205.0,69205.0,69220.0,69170.0,69185.0,52
2026-10-09 09:06:00-04:00,69200.0,69200.0,69200.0,69195.0,69195.0,6
2026-10-09 09:07:00-04:00,69255.0,69255.0,69255.0,69210.0,69210.0,13
2026-10-09 09:08:00-04:00,69230.0,69230.0,69240.0,69230.0,69240.0,3
2026-10-09 09:09:00-04:00,69210.0,69210.0,69220.0,69200.0,69220.0,10
2026-10-09 09:10:00-04:00,69170.0,69170.0,69190.0,69170.0,69190.0,2
2026-10-09 09:11:00-04:00,69195.0,69195.0,69195.0,69165.0,69165.0,6
2026-10-09 09:12:00-04:00,69185.0,69185.0,69185.0,69185.0,69185.0,1
2026-10-09 09:14:00-04:00,69225.0,69225.0,69225.0,69225.0,69225.0,1
2026-10-09 09:15:00-04:00,69230.0,69230.0,69230.0,69225.0,69225.0,4
2026-10-09 09:16:00-04:00,69255.0,69255.0,69255.0,69250.0,69250.0,2
2026-10-09 09:17:00-04:00,69260.0,69260.0,69260.0,69255.0,69260.0,8
2026-10-09 09:18:00-04:00,69270.0,69270.0,69270.0,69255.0,69265.0,7
2026-10-09 09:20:00-04:00,69240.0,69240.0,69240.0,69240.0,69240.0,1
2026-10-09 09:21:00-04:00,69190.0,69190.0,69200.0,69190.0,69195.0,3
2026-10-09 09:22:00-04:00,69165.0,69165.0,69170.0,69160.0,69170.0,6
2026-10-09 09:23:00-04:00,69165.0,69165.0,69165.0,69160.0,69160.0,4
2026-10-09 09:24:00-04:00,69165.0,69165.0,69165.0,69155.0,69160.0,5
2026-10-09 09:25:00-04:00,69165.0,69165.0,69185.0,69145.0,69180.0,18
2026-10-09 09:26:00-04:00,69140.0,69140.0,69165.0,69140.0,69160.0,24
2026-10-09 09:27:00-04:00,69155.0,69155.0,69180.0,69145.0,69150.0,63
2026-10-09 09:28:00-04:00,69130.0,69130.0,69160.0,69130.0,69155.0,10
2026-10-09 09:29:00-04:00,69125.0,69125.0,69135.0,69115.0,69135.0,10
2026-10-09 09:30:00-04:00,69105.0,69105.0,69125.0,69080.0,69125.0,63
2026-10-09 09:31:00-04:00,69175.0,69175.0,69185.0,69110.0,69120.0,57
2026-10-09 09:32:00-04:00,69105.0,69105.0,69175.0,69100.0,69170.0,71
2026-10-09 09:33:00-04:00,69070.0,69070.0,69115.0,69060.0,69115.0,90
2026-10-09 09:34:00-04:00,69075.0,69075.0,69105.0,69070.0,69070.0,20
2026-10-09 09:35:00-04:00,69065.0,69065.0,69085.0,69045.0,69085.0,35
2026-10-09 09:36:00-04:00,69060.0,69060.0,69065.0,69055.0,69055.0,28
2026-10-09 09:37:00-04:00,69090.0,69090.0,69100.0,69055.0,69080.0,49
2026-10-09 09:38:00-04:00,69125.0,69125.0,69140.0,69040.0,69100.0,153
2026-10-09 09:39:00-04:00,69170.0,69170.0,69170.0,69120.0,69130.0,36
2026-10-09 09:40:00-04:00,69130.0,69130.0,69185.0,69130.0,69170.0,71
2026-10-09 09:41:00-04:00,69165.0,69165.0,69205.0,69140.0,69145.0,26
2026-10-09 09:42:00-04:00,69085.0,69085.0,69170.0,69075.0,69170.0,31
2026-10-09 09:43:00-04:00,69070.0,69070.0,69080.0,69035.0,69070.0,27
2026-10-09 09:44:00-04:00,69015.0,69015.0,69065.0,68995.0,69065.0,54
2026-10-09 09:45:00-04:00,68995.0,68995.0,69045.0,68985.0,69025.0,63
2026-10-09 09:46:00-04:00,68980.0,68980.0,69000.0,68960.0,69000.0,29
2026-10-09 09:47:00-04:00,69060.0,69060.0,69060.0,68960.0,68980.0,73
2026-10-09 09:48:00-04:00,69015.0,69015.0,69065.0,69000.0,69060.0,18
2026-10-09 09:49:00-04:00,69060.0,69060.0,69060.0,69035.0,69040.0,12
2026-10-09 09:50:00-04:00,69055.0,69055.0,69055.0,69030.0,69055.0,14
2026-10-09 09:51:00-04:00,69015.0,69015.0,69035.0,69015.0,69030.0,26
2026-10-09 09:52:00-04:00,69085.0,69085.0,69085.0,69025.0,69025.0,30
2026-10-09 09:53:00-04:00,69070.0,69070.0,69085.0,69065.0,69075.0,18
2026-10-09 09:54:00-04:00,69030.0,69030.0,69065.0,69025.0,69065.0,15
2026-10-09 09:55:00-04:00,69035.0,69035.0,69040.0,69005.0,69025.0,34
2026-10-09 09:56:00-04:00,69070.0,69070.0,69070.0,69045.0,69050.0,12
2026-10-09 09:57:00-04:00,69060.0,69060.0,69075.0,69060.0,69075.0,12
2026-10-09 09:58:00-04:00,69065.0,69065.0,69075.0,69065.0,69075.0,4
2026-10-09 09:59:00-04:00,69070.0,69070.0,69090.0,69050.0,69090.0,29
2026-10-09 10:00:00-04:00,69080.0,69080.0,69090.0,69055.0,69070.0,25
2026-10-09 10:01:00-04:00,69015.0,69015.0,69065.0,69015.0,69055.0,33
2026-10-09 10:02:00-04:00,69065.0,69065.0,69090.0,69005.0,69005.0,18
2026-10-09 10:03:00-04:00,69030.0,69030.0,69070.0,69015.0,69065.0,49
2026-10-09 10:04:00-04:00,69080.0,69080.0,69080.0,69025.0,69030.0,26
2026-10-09 10:05:00-04:00,69050.0,69050.0,69090.0,69050.0,69080.0,9
2026-10-09 10:06:00-04:00,69080.0,69080.0,69080.0,69055.0,69055.0,17
2026-10-09 10:07:00-04:00,69115.0,69115.0,69115.0,69100.0,69100.0,19
2026-10-09 10:08:00-04:00,69100.0,69100.0,69125.0,69100.0,69125.0,10
2026-10-09 10:09:00-04:00,69065.0,69065.0,69110.0,69060.0,69110.0,13
2026-10-09 10:10:00-04:00,69025.0,69025.0,69055.0,69025.0,69055.0,34
2026-10-09 10:11:00-04:00,68995.0,68995.0,69025.0,68975.0,69025.0,90
2026-10-09 10:12:00-04:00,69045.0,69045.0,69045.0,69010.0,69025.0,21
2026-10-09 10:13:00-04:00,69040.0,69040.0,69040.0,69025.0,69025.0,5
2026-10-09 10:14:00-04:00,69035.0,69035.0,69035.0,69010.0,69010.0,4
2026-10-09 10:15:00-04:00,69040.0,69040.0,69040.0,69040.0,69040.0,5
2026-10-09 10:16:00-04:00,69020.0,69020.0,69060.0,69020.0,69055.0,20
2026-10-09 10:17:00-04:00,69025.0,69025.0,69040.0,69025.0,69030.0,15
2026-10-09 10:18:00-04:00,69015.0,69015.0,69045.0,69015.0,69045.0,9
2026-10-09 10:19:00-04:00,69050.0,69050.0,69050.0,69020.0,69020.0,8
2026-10-09 10:21:00-04:00,69050.0,69050.0,69050.0,69050.0,69050.0,5
2026-10-09 10:22:00-04:00,69020.0,69020.0,69020.0,69005.0,69005.0,3
2026-10-09 10:23:00-04:00,69035.0,69035.0,69035.0,69005.0,69005.0,3
2026-10-09 10:24:00-04:00,69015.0,69015.0,69035.0,69015.0,69035.0,10
2026-10-09 10:25:00-04:00,69010.0,69010.0,69020.0,69000.0,69020.0,7
2026-10-09 10:26:00-04:00,69000.0,69000.0,69000.0,69000.0,69000.0,1
2026-10-09 10:27:00-04:00,69020.0,69020.0,69030.0,69015.0,69025.0,16
2026-10-09 10:28:00-04:00,69000.0,69000.0,69035.0,69000.0,69030.0,12
2026-10-09 10:29:00-04:00,69000.0,69000.0,69010.0,69000.0,69010.0,23
2026-10-09 10:30:00-04:00,69030.0,69030.0,69030.0,69005.0,69010.0,7
2026-10-09 10:31:00-04:00,69065.0,69065.0,69065.0,69040.0,69040.0,12
2026-10-09 10:32:00-04:00,69060.0,69060.0,69065.0,69060.0,69065.0,2
2026-10-09 10:33:00-04:00,69065.0,69065.0,69065.0,69025.0,69035.0,10
2026-10-09 10:34:00-04:00,69075.0,69075.0,69080.0,69070.0,69070.0,7
2026-10-09 10:35:00-04:00,69055.0,69055.0,69065.0,69025.0,69065.0,6
2026-10-09 10:36:00-04:00,69050.0,69050.0,69065.0,69050.0,69060.0,9
2026-10-09 10:37:00-04:00,69015.0,69015.0,69030.0,69015.0,69030.0,3
2026-10-09 10:38:00-04:00,69025.0,69025.0,69025.0,69015.0,69015.0,4
2026-10-09 10:39:00-04:00,69015.0,69015.0,69020.0,69015.0,69020.0,3
2026-10-09 10:40:00-04:00,68995.0,68995.0,69000.0,68990.0,68990.0,3
2026-10-09 10:41:00-04:00,68960.0,68960.0,68985.0,68960.0,68975.0,7
2026-10-09 10:42:00-04:00,68965.0,68965.0,68970.0,68965.0,68970.0,6
2026-10-09 10:43:00-04:00,68970.0,68970.0,68970.0,68970.0,68970.0,2
2026-10-09 10:44:00-04:00,69000.0,69000.0,69000.0,68990.0,68990.0,3
2026-10-09 10:45:00-04:00,69020.0,69020.0,69025.0,69005.0,69005.0,6
2026-10-09 10:46:00-04:00,69015.0,69015.0,69015.0,68995.0,69010.0,9
2026-10-09 10:47:00-04:00,68965.0,68965.0,68990.0,68965.0,68990.0,8
2026-10-09 10:48:00-04:00,68940.0,68940.0,68945.0,68920.0,68945.0,44
2026-10-09 10:49:00-04:00,68950.0,68950.0,68955.0,68945.0,68950.0,6
2026-10-09 10:50:00-04:00,69035.0,69035.0,69035.0,68995.0,68995.0,4
2026-10-09 10:51:00-04:00,69070.0,69070.0,69080.0,69025.0,69025.0,29
2026-10-09 10:52:00-04:00,69080.0,69080.0,69080.0,69045.0,69045.0,90
2026-10-09 10:53:00-04:00,69075.0,69075.0,69080.0,69070.0,69080.0,5
2026-10-09 10:54:00-04:00,69055.0,69055.0,69070.0,69045.0,69070.0,18
2026-10-09 10:55:00-04:00,69055.0,69055.0,69070.0,69055.0,69065.0,8
2026-10-09 10:56:00-04:00,69080.0,69080.0,69080.0,69040.0,69040.0,12
2026-10-09 10:57:00-04:00,69060.0,69060.0,69090.0,69060.0,69075.0,6
2026-10-09 10:58:00-04:00,69065.0,69065.0,69065.0,69065.0,69065.0,4
2026-10-09 10:59:00-04:00,69035.0,69035.0,69055.0,69035.0,69055.0,3
2026-10-09 11:00:00-04:00,69060.0,69060.0,69060.0,69040.0,69040.0,17
2026-10-09 11:01:00-04:00,69050.0,69050.0,69065.0,69045.0,69055.0,23
2026-10-09 11:02:00-04:00,69090.0,69090.0,69090.0,69030.0,69030.0,45
2026-10-09 11:03:00-04:00,69040.0,69040.0,69110.0,69030.0,69090.0,62
2026-10-09 11:04:00-04:00,69070.0,69070.0,69085.0,69045.0,69050.0,33
2026-10-09 11:05:00-04:00,69030.0,69030.0,69070.0,69030.0,69070.0,11
2026-10-09 11:06:00-04:00,68990.0,68990.0,69030.0,68990.0,69025.0,23
2026-10-09 11:07:00-04:00,68950.0,68950.0,68980.0,68950.0,68980.0,15
2026-10-09 11:08:00-04:00,68940.0,68940.0,68960.0,68940.0,68955.0,21
2026-10-09 11:09:00-04:00,68965.0,68965.0,68965.0,68940.0,68940.0,66
2026-10-09 11:10:00-04:00,68975.0,68975.0,68980.0,68960.0,68960.0,17
2026-10-09 11:11:00-04:00,68970.0,68970.0,68990.0,68970.0,68980.0,10
2026-10-09 11:12:00-04:00,68975.0,68975.0,68975.0,68970.0,68975.0,8
2026-10-09 11:13:00-04:00,68965.0,68965.0,68965.0,68955.0,68965.0,6
2026-10-09 11:14:00-04:00,68930.0,68930.0,68950.0,68925.0,68950.0,15
2026-10-09 11:15:00-04:00,68930.0,68930.0,68930.0,68910.0,68920.0,13
2026-10-09 11:16:00-04:00,68975.0,68975.0,68975.0,68920.0,68925.0,7
2026-10-09 11:17:00-04:00,68955.0,68955.0,68960.0,68955.0,68960.0,3
2026-10-09 11:18:00-04:00,69000.0,69000.0,69000.0,68985.0,68985.0,11
2026-10-09 11:19:00-04:00,69000.0,69000.0,69005.0,68985.0,69000.0,43
2026-10-09 11:20:00-04:00,69000.0,69000.0,69010.0,68980.0,69000.0,71
2026-10-09 11:21:00-04:00,69010.0,69010.0,69010.0,68975.0,68995.0,16
2026-10-09 11:22:00-04:00,69000.0,69000.0,69005.0,68995.0,69005.0,8
2026-10-09 11:23:00-04:00,68980.0,68980.0,68980.0,68980.0,68980.0,3
2026-10-09 11:24:00-04:00,69030.0,69030.0,69030.0,68980.0,68980.0,17
2026-10-09 11:25:00-04:00,69000.0,69000.0,69030.0,69000.0,69030.0,12
2026-10-09 11:26:00-04:00,69005.0,69005.0,69005.0,69005.0,69005.0,3
2026-10-09 11:27:00-04:00,68990.0,68990.0,68995.0,68990.0,68995.0,4
2026-10-09 11:28:00-04:00,68935.0,68935.0,68980.0,68935.0,68980.0,15
2026-10-09 11:29:00-04:00,68935.0,68935.0,68950.0,68930.0,68945.0,34
2026-10-09 11:30:00-04:00,68960.0,68960.0,68960.0,68920.0,68920.0,12
2026-10-09 11:31:00-04:00,68960.0,68960.0,68970.0,68950.0,68970.0,13
2026-10-09 11:32:00-04:00,68960.0,68960.0,68965.0,68955.0,68965.0,16
2026-10-09 11:33:00-04:00,68955.0,68955.0,68970.0,68940.0,68970.0,85
2026-10-09 11:34:00-04:00,68960.0,68960.0,68960.0,68940.0,68955.0,144
2026-10-09 11:35:00-04:00,68945.0,68945.0,68975.0,68940.0,68945.0,85
2026-10-09 11:36:00-04:00,68970.0,68970.0,68975.0,68940.0,68940.0,88
2026-10-09 11:37:00-04:00,68960.0,68960.0,68965.0,68940.0,68965.0,18
2026-10-09 11:38:00-04:00,69005.0,69005.0,69010.0,68965.0,68965.0,23
2026-10-09 11:39:00-04:00,69000.0,69000.0,69005.0,68990.0,68995.0,8
2026-10-09 11:40:00-04:00,68985.0,68985.0,69000.0,68985.0,69000.0,5
2026-10-09 11:41:00-04:00,68965.0,68965.0,68980.0,68965.0,68980.0,5
2026-10-09 11:42:00-04:00,68985.0,68985.0,68990.0,68960.0,68960.0,14
2026-10-09 11:43:00-04:00,68965.0,68965.0,68975.0,68965.0,68975.0,2
2026-10-09 11:44:00-04:00,68970.0,68970.0,68980.0,68955.0,68955.0,13
2026-10-09 11:45:00-04:00,68920.0,68920.0,68965.0,68920.0,68965.0,27
2026-10-09 11:46:00-04:00,68925.0,68925.0,68925.0,68925.0,68925.0,1
2026-10-09 11:47:00-04:00,68955.0,68955.0,68955.0,68955.0,68955.0,1
2026-10-09 11:48:00-04:00,68950.0,68950.0,68950.0,68950.0,68950.0,1
2026-10-09 11:50:00-04:00,68975.0,68975.0,68985.0,68950.0,68950.0,32
2026-10-09 11:51:00-04:00,68985.0,68985.0,68995.0,68970.0,68970.0,32
2026-10-09 11:52:00-04:00,68975.0,68975.0,68975.0,68965.0,68965.0,6
2026-10-09 11:53:00-04:00,68955.0,68955.0,68970.0,68955.0,68970.0,9
2026-10-09 11:54:00-04:00,68970.0,68970.0,68975.0,68970.0,68975.0,2
2026-10-09 11:55:00-04:00,68965.0,68965.0,68970.0,68965.0,68970.0,4
2026-10-09 11:56:00-04:00,68960.0,68960.0,68960.0,68960.0,68960.0,1
2026-10-09 11:57:00-04:00,68975.0,68975.0,68975.0,68955.0,68965.0,5
2026-10-09 11:58:00-04:00,68965.0,68965.0,68970.0,68965.0,68970.0,8
2026-10-09 11:59:00-04:00,68960.0,68960.0,68960.0,68960.0,68960.0,3
2026-10-09 12:00:00-04:00,68910.0,68910.0,68960.0,68910.0,68955.0,7
2026-10-09 12:01:00-04:00,68920.0,68920.0,68930.0,68915.0,68915.0,11
2026-10-09 12:02:00-04:00,68935.0,68935.0,68935.0,68930.0,68935.0,4
2026-10-09 12:03:00-04:00,68930.0,68930.0,68940.0,68930.0,68940.0,12
2026-10-09 12:04:00-04:00,68960.0,68960.0,68960.0,68940.0,68940.0,7
2026-10-09 12:05:00-04:00,69000.0,69000.0,69010.0,68960.0,68960.0,38
2026-10-09 12:06:00-04:00,69010.0,69010.0,69010.0,69000.0,69005.0,17
2026-10-09 12:07:00-04:00,69005.0,69005.0,69020.0,69005.0,69015.0,5
2026-10-09 12:08:00-04:00,69005.0,69005.0,69005.0,69000.0,69000.0,14
2026-10-09 12:09:00-04:00,69005.0,69005.0,69005.0,69005.0,69005.0,3
2026-10-09 12:10:00-04:00,68985.0,68985.0,68985.0,68975.0,68980.0,6
2026-10-09 12:12:00-04:00,68985.0,68985.0,68985.0,68985.0,68985.0,1
2026-10-09 12:14:00-04:00,68985.0,68985.0,68985.0,68985.0,68985.0,2
2026-10-09 12:15:00-04:00,68990.0,68990.0,68990.0,68990.0,68990.0,1
2026-10-09 12:16:00-04:00,68995.0,68995.0,68995.0,68990.0,68990.0,3
2026-10-09 12:17:00-04:00,69005.0,69005.0,69005.0,69005.0,69005.0,1
2026-10-09 12:19:00-04:00,68980.0,68980.0,68980.0,68980.0,68980.0,1
2026-10-09 12:21:00-04:00,68965.0,68965.0,68970.0,68965.0,68970.0,3
2026-10-09 12:22:00-04:00,68965.0,68965.0,68965.0,68965.0,68965.0,2
2026-10-09 12:23:00-04:00,68960.0,68960.0,68965.0,68960.0,68965.0,2
2026-10-09 12:24:00-04:00,68945.0,68945.0,68945.0,68945.0,68945.0,2
2026-10-09 12:25:00-04:00,68945.0,68945.0,68960.0,68945.0,68960.0,15
2026-10-09 12:26:00-04:00,68955.0,68955.0,68955.0,68955.0,68955.0,1
2026-10-09 12:27:00-04:00,68965.0,68965.0,68965.0,68965.0,68965.0,1
2026-10-09 12:28:00-04:00,68950.0,68950.0,68950.0,68950.0,68950.0,3
2026-10-09 12:29:00-04:00,68975.0,68975.0,68975.0,68975.0,68975.0,1
2026-10-09 12:30:00-04:00,68975.0,68975.0,68975.0,68970.0,68975.0,3
2026-10-09 12:31:00-04:00,68975.0,68975.0,68975.0,68975.0,68975.0,6
2026-10-09 12:32:00-04:00,68970.0,68970.0,68975.0,68970.0,68970.0,13
2026-10-09 12:33:00-04:00,68975.0,68975.0,68975.0,68970.0,68970.0,2
2026-10-09 12:34:00-04:00,68965.0,68965.0,68970.0,68965.0,68970.0,3
2026-10-09 12:35:00-04:00,68955.0,68955.0,68955.0,68955.0,68955.0,1
2026-10-09 12:36:00-04:00,68945.0,68945.0,68945.0,68945.0,68945.0,1
2026-10-09 12:37:00-04:00,68950.0,68950.0,68950.0,68950.0,68950.0,1
2026-10-09 12:38:00-04:00,68965.0,68965.0,68965.0,68965.0,68965.0,1
2026-10-09 12:39:00-04:00,68965.0,68965.0,68965.0,68965.0,68965.0,1
2026-10-09 12:40:00-04:00,68945.0,68945.0,68955.0,68945.0,68955.0,3
2026-10-09 12:41:00-04:00,68945.0,68945.0,68945.0,68945.0,68945.0,4
2026-10-09 12:42:00-04:00,68940.0,68940.0,68945.0,68940.0,68945.0,4
2026-10-09 12:44:00-04:00,68945.0,68945.0,68945.0,68940.0,68940.0,4
2026-10-09 12:45:00-04:00,68955.0,68955.0,68960.0,68955.0,68960.0,5
2026-10-09 12:46:00-04:00,68980.0,68980.0,68980.0,68980.0,68980.0,1
2026-10-09 12:47:00-04:00,68985.0,68985.0,68985.0,68980.0,68980.0,2
2026-10-09 12:48:00-04:00,68985.0,68985.0,68985.0,68980.0,68985.0,8
2026-10-09 12:49:00-04:00,68975.0,68975.0,68975.0,68965.0,68965.0,9
2026-10-09 12:50:00-04:00,68995.0,68995.0,68995.0,68980.0,68980.0,6
2026-10-09 12:51:00-04:00,68995.0,68995.0,69015.0,68995.0,68995.0,3
2026-10-09 12:52:00-04:00,68975.0,68975.0,68995.0,68975.0,68995.0,8
2026-10-09 12:53:00-04:00,68945.0,68945.0,68950.0,68945.0,68950.0,5
2026-10-09 12:54:00-04:00,68945.0,68945.0,68955.0,68945.0,68950.0,5
2026-10-09 12:55:00-04:00,68925.0,68925.0,68955.0,68925.0,68940.0,56
2026-10-09 12:56:00-04:00,68950.0,68950.0,68950.0,68935.0,68935.0,9
2026-10-09 12:57:00-04:00,68935.0,68935.0,68940.0,68935.0,68940.0,5
2026-10-09 12:58:00-04:00,68930.0,68930.0,68930.0,68925.0,68925.0,16
2026-10-09 12:59:00-04:00,68930.0,68930.0,68930.0,68930.0,68930.0,1
2026-10-09 13:02:00-04:00,68950.0,68950.0,68950.0,68950.0,68950.0,1
2026-10-09 13:03:00-04:00,68950.0,68950.0,68950.0,68950.0,68950.0,1
2026-10-09 13:05:00-04:00,68940.0,68940.0,68945.0,68940.0,68945.0,3
2026-10-09 13:06:00-04:00,68905.0,68905.0,68925.0,68905.0,68920.0,5
2026-10-09 13:07:00-04:00,68905.0,68905.0,68910.0,68895.0,68900.0,15
2026-10-09 13:08:00-04:00,68905.0,68905.0,68905.0,68905.0,68905.0,1
2026-10-09 13:09:00-04:00,68900.0,68900.0,68900.0,68900.0,68900.0,1
2026-10-09 13:10:00-04:00,68890.0,68890.0,68890.0,68880.0,68885.0,16
2026-10-09 13:11:00-04:00,68895.0,68895.0,68895.0,68895.0,68895.0,3
2026-10-09 13:12:00-04:00,68900.0,68900.0,68900.0,68895.0,68900.0,3
2026-10-09 13:13:00-04:00,68920.0,68920.0,68920.0,68920.0,68920.0,1
2026-10-09 13:14:00-04:00,68905.0,68905.0,68915.0,68905.0,68915.0,4
2026-10-09 13:15:00-04:00,68920.0,68920.0,68920.0,68920.0,68920.0,2
2026-10-09 13:16:00-04:00,68915.0,68915.0,68915.0,68915.0,68915.0,1
2026-10-09 13:17:00-04:00,68925.0,68925.0,68925.0,68925.0,68925.0,1
2026-10-09 13:18:00-04:00,68920.0,68920.0,68920.0,68920.0,68920.0,1
2026-10-09 13:21:00-04:00,68945.0,68945.0,68945.0,68945.0,68945.0,2
2026-10-09 13:22:00-04:00,68935.0,68935.0,68950.0,68925.0,68950.0,12
2026-10-09 13:23:00-04:00,68945.0,68945.0,68950.0,68940.0,68940.0,7
2026-10-09 13:24:00-04:00,68930.0,68930.0,68930.0,68925.0,68925.0,5
2026-10-09 13:25:00-04:00,68930.0,68930.0,68930.0,68930.0,68930.0,1
2026-10-09 13:26:00-04:00,68920.0,68920.0,68940.0,68920.0,68935.0,8
2026-10-09 13:27:00-04:00,68955.0,68955.0,68955.0,68955.0,68955.0,1
2026-10-09 13:28:00-04:00,68950.0,68950.0,68950.0,68950.0,68950.0,5
2026-10-09 13:31:00-04:00,68945.0,68945.0,68945.0,68945.0,68945.0,3
2026-10-09 13:32:00-04:00,68945.0,68945.0,68985.0,68940.0,68955.0,49
2026-10-09 13:33:00-04:00,68940.0,68940.0,68945.0,68935.0,68945.0,30
2026-10-09 13:34:00-04:00,68940.0,68940.0,68950.0,68940.0,68950.0,6
2026-10-09 13:35:00-04:00,68940.0,68940.0,68940.0,68940.0,68940.0,2
2026-10-09 13:37:00-04:00,68940.0,68940.0,68940.0,68940.0,68940.0,5
2026-10-09 13:38:00-04:00,68940.0,68940.0,68945.0,68940.0,68945.0,3
2026-10-09 13:39:00-04:00,68945.0,68945.0,68945.0,68945.0,68945.0,1
2026-10-09 13:40:00-04:00,68945.0,68945.0,68945.0,68940.0,68940.0,2
2026-10-09 13:41:00-04:00,68950.0,68950.0,68950.0,68950.0,68950.0,1
2026-10-09 13:42:00-04:00,68960.0,68960.0,68965.0,68960.0,68960.0,7
2026-10-09 13:43:00-04:00,68945.0,68945.0,68955.0,68945.0,68955.0,11
2026-10-09 13:44:00-04:00,68935.0,68935.0,68935.0,68935.0,68935.0,2
2026-10-09 13:45:00-04:00,68935.0,68935.0,68935.0,68935.0,68935.0,3
2026-10-09 13:46:00-04:00,68975.0,68975.0,68985.0,68945.0,68945.0,48
2026-10-09 13:47:00-04:00,68945.0,68945.0,68950.0,68940.0,68950.0,4
2026-10-09 13:48:00-04:00,68940.0,68940.0,68940.0,68940.0,68940.0,4
2026-10-09 13:49:00-04:00,68955.0,68955.0,68955.0,68945.0,68945.0,5
2026-10-09 13:50:00-04:00,68960.0,68960.0,68965.0,68960.0,68965.0,3
2026-10-09 13:51:00-04:00,68955.0,68955.0,68955.0,68955.0,68955.0,1
2026-10-09 13:52:00-04:00,68950.0,68950.0,68955.0,68940.0,68955.0,9
2026-10-09 13:54:00-04:00,68965.0,68965.0,68965.0,68960.0,68960.0,3
2026-10-09 13:57:00-04:00,68975.0,68975.0,68975.0,68965.0,68970.0,10
2026-10-09 13:58:00-04:00,68985.0,68985.0,68985.0,68975.0,68975.0,9
2026-10-09 13:59:00-04:00,68980.0,68980.0,68985.0,68980.0,68985.0,6
2026-10-09 14:00:00-04:00,68975.0,68975.0,68980.0,68975.0,68980.0,10
2026-10-09 14:01:00-04:00,68965.0,68965.0,68965.0,68965.0,68965.0,2
2026-10-09 14:02:00-04:00,68965.0,68965.0,68965.0,68965.0,68965.0,1
2026-10-09 14:03:00-04:00,68950.0,68950.0,68950.0,68950.0,68950.0,1
2026-10-09 14:04:00-04:00,68950.0,68950.0,68955.0,68950.0,68955.0,4
2026-10-09 14:05:00-04:00,68970.0,68970.0,68970.0,68950.0,68950.0,6
2026-10-09 14:07:00-04:00,68990.0,68990.0,68990.0,68980.0,68980.0,2
2026-10-09 14:08:00-04:00,68995.0,68995.0,68995.0,68995.0,68995.0,8
2026-10-09 14:09:00-04:00,69000.0,69000.0,69000.0,68995.0,68995.0,3
2026-10-09 14:10:00-04:00,69010.0,69010.0,69015.0,69010.0,69015.0,4
2026-10-09 14:11:00-04:00,69010.0,69010.0,69020.0,69010.0,69015.0,4
2026-10-09 14:13:00-04:00,68995.0,68995.0,69000.0,68995.0,69000.0,3
2026-10-09 14:14:00-04:00,69000.0,69000.0,69000.0,69000.0,69000.0,1
2026-10-09 14:15:00-04:00,69000.0,69000.0,69000.0,69000.0,69000.0,1
2026-10-09 14:16:00-04:00,69000.0,69000.0,69000.0,68995.0,69000.0,4
2026-10-09 14:17:00-04:00,69000.0,69000.0,69000.0,69000.0,69000.0,4
2026-10-09 14:18:00-04:00,68995.0,68995.0,69000.0,68995.0,68995.0,6
2026-10-09 14:19:00-04:00,69000.0,69000.0,69000.0,68995.0,68995.0,2
2026-10-09 14:20:00-04:00,69005.0,69005.0,69010.0,69000.0,69000.0,6
2026-10-09 14:21:00-04:00,69015.0,69015.0,69020.0,69005.0,69005.0,8
2026-10-09 14:22:00-04:00,69015.0,69015.0,69015.0,69010.0,69010.0,4
2026-10-09 14:23:00-04:00,69015.0,69015.0,69015.0,69015.0,69015.0,2
2026-10-09 14:24:00-04:00,69015.0,69015.0,69025.0,69015.0,69025.0,3
2026-10-09 14:25:00-04:00,69020.0,69020.0,69020.0,69020.0,69020.0,3
2026-10-09 14:27:00-04:00,69020.0,69020.0,69020.0,69015.0,69020.0,13
2026-10-09 14:28:00-04:00,69010.0,69010.0,69010.0,69010.0,69010.0,2
2026-10-09 14:29:00-04:00,69010.0,69010.0,69010.0,69005.0,69005.0,3
2026-10-09 14:30:00-04:00,69005.0,69005.0,69005.0,69005.0,69005.0,4
2026-10-09 14:31:00-04:00,69010.0,69010.0,69010.0,69010.0,69010.0,8
2026-10-09 14:32:00-04:00,69015.0,69015.0,69015.0,69010.0,69010.0,3
2026-10-09 14:33:00-04:00,69000.0,69000.0,69015.0,69000.0,69015.0,10
2026-10-09 14:34:00-04:00,69005.0,69005.0,69010.0,69005.0,69005.0,5
2026-10-09 14:35:00-04:00,69010.0,69010.0,69010.0,69010.0,69010.0,2
2026-10-09 14:36:00-04:00,69005.0,69005.0,69010.0,69005.0,69010.0,6
2026-10-09 14:37:00-04:00,69000.0,69000.0,69000.0,69000.0,69000.0,2
2026-10-09 14:38:00-04:00,69000.0,69000.0,69000.0,69000.0,69000.0,1
2026-10-09 14:39:00-04:00,68995.0,68995.0,69000.0,68995.0,68995.0,4
2026-10-09 14:40:00-04:00,68995.0,68995.0,69000.0,68995.0,69000.0,6
2026-10-09 14:41:00-04:00,68995.0,68995.0,68995.0,68995.0,68995.0,2
2026-10-09 14:43:00-04:00,68985.0,68985.0,68985.0,68985.0,68985.0,1
2026-10-09 14:44:00-04:00,68990.0,68990.0,68990.0,68990.0,68990.0,2
2026-10-09 14:45:00-04:00,68990.0,68990.0,68995.0,68990.0,68995.0,6
2026-10-09 14:46:00-04:00,69050.0,69050.0,69070.0,68995.0,68995.0,145
2026-10-09 14:47:00-04:00,69055.0,69055.0,69080.0,69045.0,69050.0,22
2026-10-09 14:48:00-04:00,69015.0,69015.0,69035.0,69015.0,69025.0,12
2026-10-09 14:49:00-04:00,69050.0,69050.0,69055.0,69020.0,69020.0,34
2026-10-09 14:50:00-04:00,69095.0,69095.0,69095.0,69040.0,69045.0,22
2026-10-09 14:51:00-04:00,69060.0,69060.0,69100.0,69060.0,69100.0,10
2026-10-09 14:52:00-04:00,69040.0,69040.0,69055.0,69040.0,69050.0,3
2026-10-09 14:53:00-04:00,69015.0,69015.0,69020.0,69015.0,69020.0,4
2026-10-09 14:54:00-04:00,68995.0,68995.0,69000.0,68995.0,69000.0,2
2026-10-09 14:56:00-04:00,69010.0,69010.0,69010.0,69000.0,69000.0,5
2026-10-09 14:57:00-04:00,69000.0,69000.0,69000.0,69000.0,69000.0,1
2026-10-09 14:58:00-04:00,68990.0,68990.0,69000.0,68990.0,69000.0,2
2026-10-09 14:59:00-04:00,69025.0,69025.0,69025.0,69000.0,69000.0,5
2026-10-09 15:00:00-04:00,69030.0,69030.0,69045.0,69030.0,69030.0,13
2026-10-09 15:01:00-04:00,69025.0,69025.0,69025.0,69025.0,69025.0,3
2026-10-09 15:02:00-04:00,69030.0,69030.0,69030.0,69030.0,69030.0,1
2026-10-09 15:03:00-04:00,69035.0,69035.0,69035.0,69035.0,69035.0,8
2026-10-09 15:04:00-04:00,69030.0,69030.0,69040.0,69025.0,69030.0,6
2026-10-09 15:05:00-04:00,69035.0,69035.0,69035.0,69030.0,69035.0,8
2026-10-09 15:06:00-04:00,69055.0,69055.0,69055.0,69040.0,69045.0,4
2026-10-09 15:07:00-04:00,69055.0,69055.0,69060.0,69055.0,69060.0,4
2026-10-09 15:08:00-04:00,69055.0,69055.0,69060.0,69055.0,69060.0,2
2026-10-09 15:09:00-04:00,69060.0,69060.0,69060.0,69045.0,69055.0,10
2026-10-09 15:10:00-04:00,69060.0,69060.0,69060.0,69055.0,69055.0,7
2026-10-09 15:11:00-04:00,69060.0,69060.0,69075.0,69060.0,69075.0,10
2026-10-09 15:12:00-04:00,69060.0,69060.0,69065.0,69060.0,69060.0,4
2026-10-09 15:13:00-04:00,69060.0,69060.0,69065.0,69060.0,69065.0,4
2026-10-09 15:14:00-04:00,69070.0,69070.0,69070.0,69065.0,69065.0,2
2026-10-09 15:15:00-04:00,69070.0,69070.0,69075.0,69060.0,69060.0,10
2026-10-09 15:16:00-04:00,69065.0,69065.0,69070.0,69060.0,69070.0,5
2026-10-09 15:17:00-04:00,69060.0,69060.0,69065.0,69060.0,69065.0,2
2026-10-09 15:18:00-04:00,69070.0,69070.0,69070.0,69065.0,69065.0,2
2026-10-09 15:19:00-04:00,69075.0,69075.0,69085.0,69075.0,69080.0,3
2026-10-09 15:20:00-04:00,69090.0,69090.0,69090.0,69080.0,69085.0,25
2026-10-09 15:21:00-04:00,69085.0,69085.0,69090.0,69085.0,69085.0,16
2026-10-09 15:22:00-04:00,69090.0,69090.0,69095.0,69085.0,69085.0,19
2026-10-09 15:23:00-04:00,69085.0,69085.0,69090.0,69085.0,69090.0,11
2026-10-09 15:24:00-04:00,69090.0,69090.0,69090.0,69090.0,69090.0,3
2026-10-09 15:25:00-04:00,69085.0,69085.0,69085.0,69080.0,69085.0,3
2026-10-09 15:26:00-04:00,69095.0,69095.0,69100.0,69085.0,69085.0,8
2026-10-09 15:27:00-04:00,69075.0,69075.0,69090.0,69075.0,69090.0,5
2026-10-09 15:28:00-04:00,69070.0,69070.0,69070.0,69070.0,69070.0,2
2026-10-09 15:29:00-04:00,69065.0,69065.0,69070.0,69065.0,69070.0,4
2026-10-09 15:30:00-04:00,69045.0,69045.0,69065.0,69045.0,69065.0,5
2026-10-09 15:31:00-04:00,69060.0,69060.0,69060.0,69055.0,69055.0,4
2026-10-09 15:32:00-04:00,69055.0,69055.0,69065.0,69055.0,69060.0,7
2026-10-09 15:33:00-04:00,69065.0,69065.0,69065.0,69060.0,69060.0,9
2026-10-09 15:34:00-04:00,69075.0,69075.0,69080.0,69065.0,69065.0,11
2026-10-09 15:35:00-04:00,69065.0,69065.0,69075.0,69065.0,69075.0,2
2026-10-09 15:36:00-04:00,69035.0,69035.0,69040.0,69035.0,69040.0,12
2026-10-09 15:37:00-04:00,69035.0,69035.0,69040.0,69035.0,69040.0,29
2026-10-09 15:38:00-04:00,69035.0,69035.0,69040.0,69030.0,69040.0,8
2026-10-09 15:39:00-04:00,69035.0,69035.0,69055.0,69035.0,69040.0,20
2026-10-09 15:40:00-04:00,69035.0,69035.0,69035.0,69030.0,69030.0,5
2026-10-09 15:41:00-04:00,69045.0,69045.0,69045.0,69035.0,69035.0,4
2026-10-09 15:42:00-04:00,69035.0,69035.0,69035.0,69035.0,69035.0,4
2026-10-09 15:43:00-04:00,69035.0,69035.0,69040.0,69035.0,69035.0,4
2026-10-09 15:44:00-04:00,69030.0,69030.0,69030.0,69030.0,69030.0,2
2026-10-09 15:45:00-04:00,69055.0,69055.0,69060.0,69040.0,69040.0,21
2026-10-09 15:46:00-04:00,69065.0,69065.0,69065.0,69060.0,69060.0,3
2026-10-09 15:47:00-04:00,69065.0,69065.0,69065.0,69055.0,69060.0,10
2026-10-09 15:48:00-04:00,69065.0,69065.0,69065.0,69055.0,69060.0,6
2026-10-09 15:49:00-04:00,69060.0,69060.0,69070.0,69055.0,69065.0,12
2026-10-09 15:50:00-04:00,69060.0,69060.0,69070.0,69050.0,69055.0,36
2026-10-09 15:51:00-04:00,69050.0,69050.0,69070.0,69050.0,69065.0,7
2026-10-09 15:52:00-04:00,69060.0,69060.0,69060.0,69050.0,69050.0,2
2026-10-09 15:53:00-04:00,69070.0,69070.0,69070.0,69055.0,69055.0,8
2026-10-09 15:54:00-04:00,69090.0,69090.0,69105.0,69075.0,69075.0,42
2026-10-09 15:55:00-04:00,69095.0,69095.0,69105.0,69090.0,69090.0,23
2026-10-09 15:56:00-04:00,69100.0,69100.0,69100.0,69090.0,69095.0,14
2026-10-09 15:57:00-04:00,69085.0,69085.0,69100.0,69085.0,69095.0,9
2026-10-09 15:58:00-04:00,69080.0,69080.0,69090.0,69080.0,69090.0,31
2026-10-09 15:59:00-04:00,69090.0,69090.0,69095.0,69070.0,69080.0,104
2026-10-09 16:00:00-04:00,69080.0,69080.0,69095.0,69070.0,69090.0,52
2026-10-09 16:01:00-04:00,69050.0,69050.0,69085.0,69050.0,69075.0,16
2026-10-09 16:02:00-04:00,69085.0,69085.0,69085.0,69060.0,69060.0,9
2026-10-09 16:03:00-04:00,69090.0,69090.0,69095.0,69090.0,69090.0,6
2026-10-09 16:04:00-04:00,69100.0,69100.0,69105.0,69090.0,69090.0,7
2026-10-09 16:05:00-04:00,69080.0,69080.0,69105.0,69080.0,69100.0,13
2026-10-09 16:06:00-04:00,69090.0,69090.0,69090.0,69090.0,69090.0,2
2026-10-09 16:08:00-04:00,69080.0,69080.0,69080.0,69075.0,69080.0,12
2026-10-09 16:09:00-04:00,69080.0,69080.0,69080.0,69080.0,69080.0,4
2026-10-09 16:11:00-04:00,69095.0,69095.0,69110.0,69080.0,69080.0,28
2026-10-09 16:12:00-04:00,69080.0,69080.0,69080.0,69080.0,69080.0,1
2026-10-09 16:15:00-04:00,69085.0,69085.0,69085.0,69085.0,69085.0,2
2026-10-09 16:16:00-04:00,69075.0,69075.0,69085.0,69065.0,69085.0,17
2026-10-09 16:17:00-04:00,69075.0,69075.0,69075.0,69075.0,69075.0,1
2026-10-09 16:19:00-04:00,69075.0,69075.0,69075.0,69075.0,69075.0,2
2026-10-09 16:22:00-04:00,69095.0,69095.0,69095.0,69095.0,69095.0,3
2026-10-09 16:23:00-04:00,69095.0,69095.0,69095.0,69095.0,69095.0,1
2026-10-09 16:24:00-04:00,69065.0,69065.0,69080.0,69065.0,69080.0,18
2026-10-09 16:25:00-04:00,69070.0,69070.0,69070.0,69065.0,69070.0,10
2026-10-09 16:28:00-04:00,69070.0,69070.0,69070.0,69065.0,69065.0,2
2026-10-09 16:29:00-04:00,69060.0,69060.0,69060.0,69060.0,69060.0,1
2026-10-09 16:30:00-04:00,69070.0,69070.0,69070.0,69070.0,69070.0,1
2026-10-09 16:31:00-04:00,69065.0,69065.0,69065.0,69065.0,69065.0,1
2026-10-09 16:34:00-04:00,69060.0,69060.0,69060.0,69055.0,69060.0,8
2026-10-09 16:36:00-04:00,69060.0,69060.0,69060.0,69060.0,69060.0,1
2026-10-09 16:37:00-04:00,69060.0,69060.0,69075.0,69060.0,69060.0,22
2026-10-09 16:40:00-04:00,69075.0,69075.0,69075.0,69075.0,69075.0,1
2026-10-09 16:41:00-04:00,69080.0,69080.0,69080.0,69080.0,69080.0,1
2026-10-09 16:46:00-04:00,69070.0,69070.0,69070.0,69070.0,69070.0,1
2026-10-09 16:48:00-04:00,69100.0,69100.0,69100.0,69080.0,69080.0,13
2026-10-09 16:49:00-04:00,69090.0,69090.0,69095.0,69090.0,69095.0,4
2026-10-09 16:50:00-04:00,69085.0,69085.0,69100.0,69085.0,69095.0,8
2026-10-09 16:51:00-04:00,69090.0,69090.0,69090.0,69090.0,69090.0,2
2026-10-09 16:52:00-04:00,69080.0,69080.0,69080.0,69080.0,69080.0,1
2026-10-09 16:53:00-04:00,69080.0,69080.0,69080.0,69080.0,69080.0,5
2026-10-09 16:54:00-04:00,69080.0,69080.0,69085.0,69080.0,69080.0,11
2026-10-09 16:55:00-04:00,69070.0,69070.0,69080.0,69070.0,69080.0,6
2026-10-09 16:56:00-04:00,69065.0,69065.0,69065.0,69065.0,69065.0,1
2026-10-09 16:58:00-04:00,69060.0,69060.0,69085.0,69060.0,69075.0,25
2026-10-09 16:59:00-04:00,69050.0,69050.0,69070.0,69050.0,69060.0,26
