Datetime,Adj Close,Close,High,Low,Open,Volume
2026-09-01 00:00:00-04:00,53268.0,53268.0,53268.0,53264.0,53265.0,0
2026-09-01 00:01:00-04:00,53271.0,53271.0,53271.0,53268.0,53268.0,9
2026-09-01 00:02:00-04:00,53269.0,53269.0,53270.0,53269.0,53270.0,5
2026-09-01 00:03:00-04:00,53262.0,53262.0,53267.0,53262.0,53267.0,4
2026-09-01 00:04:00-04:00,53262.0,53262.0,53262.0,53260.0,53260.0,4
2026-09-01 00:05:00-04:00,53260.0,53260.0,53261.0,53260.0,53261.0,5
2026-09-01 00:06:00-04:00,53260.0,53260.0,53261.0,53260.0,53261.0,5
2026-09-01 00:07:00-04:00,53259.0,53259.0,53260.0,53259.0,53259.0,8
2026-09-01 00:08:00-04:00,53261.0,53261.0,53261.0,53260.0,53260.0,9
2026-09-01 00:09:00-04:00,53260.0,53260.0,53260.0,53258.0,53259.0,12
2026-09-01 00:10:00-04:00,53262.0,53262.0,53262.0,53260.0,53261.0,5
2026-09-01 00:11:00-04:00,53264.0,53264.0,53264.0,53263.0,53263.0,4
2026-09-01 00:12:00-04:00,53263.0,53263.0,53264.0,53261.0,53264.0,4
2026-09-01 00:13:00-04:00,53263.0,53263.0,53263.0,53263.0,53263.0,2
2026-09-01 00:14:00-04:00,53259.0,53259.0,53261.0,53259.0,53261.0,2
2026-09-01 00:15:00-04:00,53263.0,53263.0,53263.0,53261.0,53261.0,9
2026-09-01 00:16:00-04:00,53267.0,53267.0,53267.0,53266.0,53266.0,3
2026-09-01 00:17:00-04:00,53267.0,53267.0,53268.0,53266.0,53268.0,5
2026-09-01 00:18:00-04:00,53265.0,53265.0,53267.0,53265.0,53267.0,4
2026-09-01 00:20:00-04:00,53264.0,53264.0,53266.0,53264.0,53265.0,6
2026-09-01 00:21:00-04:00,53265.0,53265.0,53265.0,53265.0,53265.0,3
2026-09-01 00:22:00-04:00,53262.0,53262.0,53267.0,53262.0,53267.0,6
2026-09-01 00:23:00-04:00,53263.0,53263.0,53263.0,53263.0,53263.0,4
2026-09-01 00:24:00-04:00,53263.0,53263.0,53263.0,53262.0,53262.0,4
2026-09-01 00:25:00-04:00,53264.0,53264.0,53264.0,53262.0,53262.0,9
2026-09-01 00:26:00-04:00,53262.0,53262.0,53262.0,53261.0,53261.0,4
2026-09-01 00:27:00-04:00,53259.0,53259.0,53263.0,53259.0,53263.0,8
2026-09-01 00:28:00-04:00,53250.0,53250.0,53254.0,53250.0,53252.0,18
2026-09-01 00:29:00-04:00,53256.0,53256.0,53256.0,53249.0,53250.0,15
2026-09-01 00:30:00-04:00,53260.0,53260.0,53260.0,53254.0,53254.0,5
2026-09-01 00:31:00-04:00,53259.0,53259.0,53262.0,53256.0,53259.0,16
2026-09-01 00:32:00-04:00,53259.0,53259.0,53260.0,53257.0,53260.0,11
2026-09-01 00:33:00-04:00,53255.0,53255.0,53255.0,53255.0,53255.0,3
2026-09-01 00:34:00-04:00,53257.0,53257.0,53257.0,53256.0,53256.0,3
2026-09-01 00:35:00-04:00,53258.0,53258.0,53258.0,53258.0,53258.0,2
2026-09-01 00:36:00-04:00,53255.0,53255.0,53257.0,53255.0,53256.0,8
2026-09-01 00:37:00-04:00,53257.0,53257.0,53257.0,53255.0,53257.0,9
2026-09-01 00:38:00-04:00,53254.0,53254.0,53256.0,53254.0,53256.0,2
2026-09-01 00:39:00-04:00,53250.0,53250.0,53255.0,53249.0,53254.0,8
2026-09-01 00:40:00-04:00,53253.0,53253.0,53254.0,53253.0,53254.0,2
2026-09-01 00:41:00-04:00,53244.0,53244.0,53251.0,53243.0,53251.0,14
2026-09-01 00:42:00-04:00,53246.0,53246.0,53248.0,53243.0,53245.0,13
2026-09-01 00:43:00-04:00,53248.0,53248.0,53249.0,53247.0,53247.0,5
2026-09-01 00:44:00-04:00,53251.0,53251.0,53252.0,53248.0,53249.0,10
2026-09-01 00:45:00-04:00,53250.0,53250.0,53250.0,53250.0,53250.0,1
2026-09-01 00:46:00-04:00,53259.0,53259.0,53259.0,53252.0,53253.0,7
2026-09-01 00:47:00-04:00,53259.0,53259.0,53261.0,53259.0,53259.0,7
2026-09-01 00:48:00-04:00,53258.0,53258.0,53258.0,53257.0,53258.0,4
2026-09-01 00:49:00-04:00,53255.0,53255.0,53257.0,53255.0,53257.0,4
2026-09-01 00:51:00-04:00,53248.0,53248.0,53249.0,53248.0,53249.0,4
2026-09-01 00:52:00-04:00,53248.0,53248.0,53248.0,53248.0,53248.0,1
2026-09-01 00:53:00-04:00,53247.0,53247.0,53248.0,53247.0,53248.0,4
2026-09-01 00:54:00-04:00,53243.0,53243.0,53244.0,53243.0,53244.0,3
2026-09-01 00:55:00-04:00,53241.0,53241.0,53242.0,53240.0,53241.0,9
2026-09-01 00:56:00-04:00,53240.0,53240.0,53240.0,53237.0,53239.0,5
2026-09-01 00:57:00-04:00,53238.0,53238.0,53240.0,53238.0,53240.0,15
2026-09-01 00:58:00-04:00,53237.0,53237.0,53241.0,53234.0,53238.0,21
2026-09-01 00:59:00-04:00,53237.0,53237.0,53237.0,53237.0,53237.0,2
2026-09-01 01:00:00-04:00,53232.0,53232.0,53238.0,53232.0,53238.0,15
2026-09-01 01:01:00-04:00,53235.0,53235.0,53239.0,53228.0,53231.0,34
2026-09-01 01:02:00-04:00,53240.0,53240.0,53241.0,53239.0,53239.0,8
2026-09-01 01:03:00-04:00,53243.0,53243.0,53243.0,53239.0,53239.0,7
2026-09-01 01:04:00-04:00,53243.0,53243.0,53243.0,53243.0,53243.0,3
2026-09-01 01:05:00-04:00,53244.0,53244.0,53244.0,53242.0,53242.0,2
2026-09-01 01:06:00-04:00,53243.0,53243.0,53243.0,53243.0,53243.0,2
2026-09-01 01:07:00-04:00,53244.0,53244.0,53244.0,53242.0,53242.0,3
2026-09-01 01:08:00-04:00,53245.0,53245.0,53245.0,53245.0,53245.0,1
2026-09-01 01:09:00-04:00,53247.0,53247.0,53247.0,53247.0,53247.0,1
2026-09-01 01:10:00-04:00,53242.0,53242.0,53244.0,53242.0,53244.0,2
2026-09-01 01:11:00-04:00,53238.0,53238.0,53241.0,53238.0,53240.0,7
2026-09-01 01:12:00-04:00,53242.0,53242.0,53242.0,53240.0,53240.0,3
2026-09-01 01:13:00-04:00,53242.0,53242.0,53242.0,53242.0,53242.0,2
2026-09-01 01:14:00-04:00,53236.0,53236.0,53243.0,53236.0,53241.0,9
2026-09-01 01:15:00-04:00,53240.0,53240.0,53240.0,53240.0,53240.0,1
2026-09-01 01:16:00-04:00,53240.0,53240.0,53240.0,53240.0,53240.0,1
2026-09-01 01:17:00-04:00,53240.0,53240.0,53241.0,53240.0,53241.0,2
2026-09-01 01:18:00-04:00,53240.0,53240.0,53241.0,53240.0,53241.0,2
2026-09-01 01:19:00-04:00,53238.0,53238.0,53239.0,53237.0,53237.0,6
2026-09-01 01:20:00-04:00,53239.0,53239.0,53239.0,53235.0,53235.0,5
2026-09-01 01:21:00-04:00,53235.0,53235.0,53235.0,53235.0,53235.0,1
2026-09-01 01:22:00-04:00,53234.0,53234.0,53236.0,53234.0,53235.0,4
2026-09-01 01:23:00-04:00,53232.0,53232.0,53236.0,53232.0,53236.0,3
2026-09-01 01:24:00-04:00,53235.0,53235.0,53235.0,53230.0,53230.0,4
2026-09-01 01:25:00-04:00,53238.0,53238.0,53238.0,53235.0,53235.0,4
2026-09-01 01:26:00-04:00,53240.0,53240.0,53243.0,53240.0,53243.0,2
2026-09-01 01:27:00-04:00,53241.0,53241.0,53243.0,53240.0,53240.0,7
2026-09-01 01:28:00-04:00,53246.0,53246.0,53247.0,53244.0,53245.0,11
2026-09-01 01:29:00-04:00,53254.0,53254.0,53254.0,53246.0,53246.0,5
2026-09-01 01:30:00-04:00,53248.0,53248.0,53249.0,53240.0,53249.0,137
2026-09-01 01:31:00-04:00,53251.0,53251.0,53251.0,53248.0,53248.0,6
2026-09-01 01:32:00-04:00,53255.0,53255.0,53255.0,53250.0,53250.0,4
2026-09-01 01:33:00-04:00,53246.0,53246.0,53250.0,53246.0,53250.0,7
2026-09-01 01:35:00-04:00,53248.0,53248.0,53250.0,53248.0,53250.0,2
2026-09-01 01:36:00-04:00,53263.0,53263.0,53263.0,53251.0,53251.0,5
2026-09-01 01:37:00-04:00,53266.0,53266.0,53266.0,53262.0,53262.0,9
2026-09-01 01:38:00-04:00,53284.0,53284.0,53287.0,53269.0,53271.0,38
2026-09-01 01:39:00-04:00,53281.0,53281.0,53291.0,53280.0,53285.0,24
2026-09-01 01:40:00-04:00,53279.0,53279.0,53280.0,53278.0,53278.0,6
2026-09-01 01:41:00-04:00,53279.0,53279.0,53279.0,53279.0,53279.0,1
2026-09-01 01:42:00-04:00,53284.0,53284.0,53285.0,53280.0,53285.0,7
2026-09-01 01:43:00-04:00,53291.0,53291.0,53292.0,53288.0,53288.0,11
2026-09-01 01:44:00-04:00,53299.0,53299.0,53301.0,53290.0,53292.0,32
2026-09-01 01:45:00-04:00,53298.0,53298.0,53300.0,53296.0,53299.0,17
2026-09-01 01:46:00-04:00,53294.0,53294.0,53303.0,53292.0,53298.0,13
2026-09-01 01:47:00-04:00,53290.0,53290.0,53292.0,53290.0,53292.0,5
2026-09-01 01:48:00-04:00,53294.0,53294.0,53296.0,53293.0,53296.0,8
2026-09-01 01:49:00-04:00,53295.0,53295.0,53295.0,53295.0,53295.0,1
2026-09-01 01:51:00-04:00,53291.0,53291.0,53293.0,53289.0,53293.0,8
2026-09-01 01:52:00-04:00,53296.0,53296.0,53296.0,53296.0,53296.0,1
2026-09-01 01:53:00-04:00,53296.0,53296.0,53298.0,53293.0,53296.0,9
2026-09-01 01:54:00-04:00,53297.0,53297.0,53298.0,53296.0,53296.0,7
2026-09-01 01:55:00-04:00,53307.0,53307.0,53307.0,53298.0,53298.0,19
2026-09-01 01:56:00-04:00,53300.0,53300.0,53306.0,53300.0,53306.0,18
2026-09-01 01:57:00-04:00,53304.0,53304.0,53304.0,53297.0,53299.0,23
2026-09-01 01:58:00-04:00,53301.0,53301.0,53304.0,53300.0,53304.0,8
2026-09-01 01:59:00-04:00,53300.0,53300.0,53300.0,53300.0,53300.0,1
2026-09-01 02:00:00-04:00,53295.0,53295.0,53297.0,53293.0,53295.0,38
2026-09-01 02:01:00-04:00,53298.0,53298.0,53298.0,53292.0,53296.0,34
2026-09-01 02:02:00-04:00,53298.0,53298.0,53300.0,53296.0,53297.0,20
2026-09-01 02:03:00-04:00,53282.0,53282.0,53299.0,53280.0,53299.0,22
2026-09-01 02:04:00-04:00,53282.0,53282.0,53283.0,53281.0,53283.0,4
2026-09-01 02:05:00-04:00,53277.0,53277.0,53281.0,53275.0,53281.0,22
2026-09-01 02:06:00-04:00,53279.0,53279.0,53280.0,53274.0,53280.0,5
2026-09-01 02:07:00-04:00,53284.0,53284.0,53284.0,53277.0,53279.0,25
2026-09-01 02:08:00-04:00,53268.0,53268.0,53279.0,53267.0,53279.0,28
2026-09-01 02:09:00-04:00,53267.0,53267.0,53270.0,53261.0,53269.0,39
2026-09-01 02:10:00-04:00,53259.0,53259.0,53264.0,53258.0,53263.0,30
2026-09-01 02:11:00-04:00,53263.0,53263.0,53266.0,53260.0,53262.0,17
2026-09-01 02:12:00-04:00,53258.0,53258.0,53264.0,53256.0,53263.0,23
2026-09-01 02:13:00-04:00,53251.0,53251.0,53254.0,53246.0,53254.0,31
2026-09-01 02:14:00-04:00,53254.0,53254.0,53254.0,53251.0,53252.0,16
2026-09-01 02:15:00-04:00,53250.0,53250.0,53253.0,53244.0,53253.0,32
2026-09-01 02:16:00-04:00,53255.0,53255.0,53257.0,53242.0,53248.0,59
2026-09-01 02:17:00-04:00,53254.0,53254.0,53257.0,53253.0,53254.0,7
2026-09-01 02:18:00-04:00,53258.0,53258.0,53259.0,53254.0,53255.0,13
2026-09-01 02:19:00-04:00,53255.0,53255.0,53258.0,53253.0,53257.0,10
2026-09-01 02:20:00-04:00,53258.0,53258.0,53259.0,53255.0,53257.0,5
2026-09-01 02:21:00-04:00,53257.0,53257.0,53261.0,53257.0,53257.0,9
2026-09-01 02:22:00-04:00,53249.0,53249.0,53254.0,53249.0,53254.0,4
2026-09-01 02:23:00-04:00,53252.0,53252.0,53252.0,53247.0,53247.0,5
2026-09-01 02:24:00-04:00,53255.0,53255.0,53255.0,53252.0,53252.0,7
2026-09-01 02:25:00-04:00,53261.0,53261.0,53263.0,53255.0,53255.0,11
2026-09-01 02:26:00-04:00,53263.0,53263.0,53264.0,53262.0,53262.0,4
2026-09-01 02:27:00-04:00,53257.0,53257.0,53258.0,53257.0,53258.0,5
2026-09-01 02:28:00-04:00,53257.0,53257.0,53263.0,53257.0,53263.0,4
2026-09-01 02:29:00-04:00,53252.0,53252.0,53258.0,53251.0,53258.0,11
2026-09-01 02:30:00-04:00,53253.0,53253.0,53253.0,53248.0,53248.0,6
2026-09-01 02:31:00-04:00,53262.0,53262.0,53262.0,53260.0,53260.0,5
2026-09-01 02:32:00-04:00,53263.0,53263.0,53265.0,53263.0,53265.0,9
2026-09-01 02:34:00-04:00,53258.0,53258.0,53263.0,53258.0,53262.0,4
2026-09-01 02:35:00-04:00,53250.0,53250.0,53253.0,53250.0,53253.0,2
2026-09-01 02:36:00-04:00,53250.0,53250.0,53252.0,53248.0,53252.0,8
2026-09-01 02:37:00-04:00,53245.0,53245.0,53249.0,53244.0,53249.0,5
2026-09-01 02:38:00-04:00,53260.0,53260.0,53261.0,53244.0,53244.0,18
2026-09-01 02:39:00-04:00,53266.0,53266.0,53266.0,53262.0,53262.0,3
2026-09-01 02:40:00-04:00,53267.0,53267.0,53268.0,53267.0,53268.0,2
2026-09-01 02:41:00-04:00,53265.0,53265.0,53265.0,53265.0,53265.0,3
2026-09-01 02:43:00-04:00,53264.0,53264.0,53267.0,53264.0,53267.0,4
2026-09-01 02:44:00-04:00,53266.0,53266.0,53266.0,53261.0,53261.0,3
2026-09-01 02:45:00-04:00,53265.0,53265.0,53265.0,53264.0,53264.0,2
2026-09-01 02:46:00-04:00,53261.0,53261.0,53263.0,53261.0,53263.0,4
2026-09-01 02:47:00-04:00,53256.0,53256.0,53262.0,53256.0,53260.0,11
2026-09-01 02:48:00-04:00,53257.0,53257.0,53257.0,53257.0,53257.0,1
2026-09-01 02:49:00-04:00,53259.0,53259.0,53259.0,53259.0,53259.0,3
2026-09-01 02:50:00-04:00,53258.0,53258.0,53258.0,53258.0,53258.0,1
2026-09-01 02:51:00-04:00,53260.0,53260.0,53263.0,53260.0,53263.0,7
2026-09-01 02:52:00-04:00,53260.0,53260.0,53260.0,53258.0,53258.0,7
2026-09-01 02:53:00-04:00,53266.0,53266.0,53266.0,53266.0,53266.0,2
2026-09-01 02:54:00-04:00,53268.0,53268.0,53268.0,53265.0,53267.0,5
2026-09-01 02:55:00-04:00,53270.0,53270.0,53270.0,53266.0,53267.0,6
2026-09-01 02:56:00-04:00,53262.0,53262.0,53266.0,53262.0,53266.0,7
2026-09-01 02:57:00-04:00,53260.0,53260.0,53262.0,53259.0,53262.0,6
2026-09-01 02:58:00-04:00,53259.0,53259.0,53264.0,53259.0,53263.0,6
2026-09-01 02:59:00-04:00,53252.0,53252.0,53261.0,53252.0,53260.0,60
2026-09-01 03:00:00-04:00,53270.0,53270.0,53270.0,53245.0,53251.0,52
2026-09-01 03:01:00-04:00,53287.0,53287.0,53287.0,53269.0,53269.0,28
2026-09-01 03:02:00-04:00,53291.0,53291.0,53294.0,53285.0,53288.0,33
2026-09-01 03:03:00-04:00,53280.0,53280.0,53290.0,53277.0,53290.0,34
2026-09-01 03:04:00-04:00,53301.0,53301.0,53302.0,53280.0,53280.0,25
2026-09-01 03:05:00-04:00,53285.0,53285.0,53305.0,53284.0,53301.0,63
2026-09-01 03:06:00-04:00,53273.0,53273.0,53288.0,53273.0,53286.0,44
2026-09-01 03:07:00-04:00,53272.0,53272.0,53277.0,53271.0,53273.0,42
2026-09-01 03:08:00-04:00,53275.0,53275.0,53279.0,53268.0,53271.0,30
2026-09-01 03:09:00-04:00,53258.0,53258.0,53274.0,53258.0,53274.0,66
2026-09-01 03:10:00-04:00,53254.0,53254.0,53273.0,53252.0,53261.0,53
2026-09-01 03:11:00-04:00,53263.0,53263.0,53264.0,53253.0,53255.0,25
2026-09-01 03:12:00-04:00,53266.0,53266.0,53266.0,53254.0,53266.0,143
2026-09-01 03:13:00-04:00,53272.0,53272.0,53272.0,53263.0,53263.0,12
2026-09-01 03:14:00-04:00,53297.0,53297.0,53297.0,53274.0,53274.0,29
2026-09-01 03:15:00-04:00,53287.0,53287.0,53297.0,53282.0,53295.0,165
2026-09-01 03:16:00-04:00,53280.0,53280.0,53288.0,53279.0,53288.0,50
2026-09-01 03:17:00-04:00,53278.0,53278.0,53283.0,53272.0,53279.0,26
2026-09-01 03:18:00-04:00,53264.0,53264.0,53274.0,53264.0,53271.0,24
2026-09-01 03:19:00-04:00,53276.0,53276.0,53276.0,53262.0,53263.0,14
2026-09-01 03:20:00-04:00,53274.0,53274.0,53277.0,53270.0,53277.0,8
2026-09-01 03:21:00-04:00,53286.0,53286.0,53288.0,53274.0,53278.0,13
2026-09-01 03:22:00-04:00,53280.0,53280.0,53290.0,53280.0,53290.0,8
2026-09-01 03:23:00-04:00,53274.0,53274.0,53286.0,53273.0,53286.0,20
2026-09-01 03:24:00-04:00,53270.0,53270.0,53276.0,53269.0,53275.0,12
2026-09-01 03:25:00-04:00,53272.0,53272.0,53274.0,53267.0,53267.0,12
2026-09-01 03:26:00-04:00,53272.0,53272.0,53274.0,53272.0,53274.0,7
2026-09-01 03:27:00-04:00,53265.0,53265.0,53267.0,53263.0,53266.0,31
2026-09-01 03:28:00-04:00,53260.0,53260.0,53268.0,53260.0,53267.0,26
2026-09-01 03:29:00-04:00,53261.0,53261.0,53263.0,53261.0,53261.0,9
2026-09-01 03:30:00-04:00,53245.0,53245.0,53258.0,53244.0,53258.0,31
2026-09-01 03:31:00-04:00,53265.0,53265.0,53266.0,53248.0,53251.0,214
2026-09-01 03:32:00-04:00,53256.0,53256.0,53265.0,53256.0,53264.0,146
2026-09-01 03:33:00-04:00,53258.0,53258.0,53258.0,53258.0,53258.0,2
2026-09-01 03:34:00-04:00,53236.0,53236.0,53259.0,53235.0,53259.0,32
2026-09-01 03:35:00-04:00,53228.0,53228.0,53235.0,53226.0,53233.0,30
2026-09-01 03:36:00-04:00,53221.0,53221.0,53229.0,53221.0,53229.0,25
2026-09-01 03:37:00-04:00,53216.0,53216.0,53221.0,53211.0,53220.0,62
2026-09-01 03:38:00-04:00,53214.0,53214.0,53220.0,53212.0,53216.0,32
2026-09-01 03:39:00-04:00,53208.0,53208.0,53216.0,53207.0,53216.0,23
2026-09-01 03:40:00-04:00,53210.0,53210.0,53215.0,53206.0,53209.0,29
2026-09-01 03:41:00-04:00,53209.0,53209.0,53213.0,53207.0,53209.0,20
2026-09-01 03:42:00-04:00,53205.0,53205.0,53210.0,53200.0,53210.0,36
2026-09-01 03:43:00-04:00,53200.0,53200.0,53202.0,53194.0,53200.0,30
2026-09-01 03:44:00-04:00,53195.0,53195.0,53199.0,53194.0,53199.0,18
2026-09-01 03:45:00-04:00,53180.0,53180.0,53195.0,53179.0,53194.0,48
2026-09-01 03:46:00-04:00,53176.0,53176.0,53177.0,53166.0,53177.0,43
2026-09-01 03:47:00-04:00,53189.0,53189.0,53189.0,53175.0,53175.0,23
2026-09-01 03:48:00-04:00,53201.0,53201.0,53201.0,53188.0,53188.0,16
2026-09-01 03:49:00-04:00,53202.0,53202.0,53205.0,53199.0,53201.0,10
2026-09-01 03:50:00-04:00,53205.0,53205.0,53205.0,53203.0,53204.0,11
2026-09-01 03:51:00-04:00,53210.0,53210.0,53214.0,53207.0,53209.0,29
2026-09-01 03:52:00-04:00,53211.0,53211.0,53221.0,53211.0,53212.0,34
2026-09-01 03:53:00-04:00,53207.0,53207.0,53210.0,53205.0,53210.0,15
2026-09-01 03:54:00-04:00,53210.0,53210.0,53213.0,53205.0,53205.0,20
2026-09-01 03:55:00-04:00,53214.0,53214.0,53214.0,53206.0,53206.0,21
2026-09-01 03:56:00-04:00,53211.0,53211.0,53216.0,53208.0,53216.0,10
2026-09-01 03:57:00-04:00,53201.0,53201.0,53212.0,53201.0,53208.0,48
2026-09-01 03:58:00-04:00,53209.0,53209.0,53209.0,53206.0,53206.0,4
2026-09-01 03:59:00-04:00,53211.0,53211.0,53214.0,53206.0,53207.0,12
2026-09-01 04:00:00-04:00,53199.0,53199.0,53214.0,53188.0,53212.0,48
2026-09-01 04:01:00-04:00,53200.0,53200.0,53201.0,53197.0,53200.0,10
2026-09-01 04:02:00-04:00,53202.0,53202.0,53208.0,53199.0,53199.0,23
2026-09-01 04:03:00-04:00,53194.0,53194.0,53203.0,53194.0,53203.0,3
2026-09-01 04:04:00-04:00,53198.0,53198.0,53198.0,53192.0,53197.0,14
2026-09-01 04:05:00-04:00,53181.0,53181.0,53225.0,53181.0,53196.0,107
2026-09-01 04:06:00-04:00,53174.0,53174.0,53202.0,53169.0,53181.0,227
2026-09-01 04:07:00-04:00,53164.0,53164.0,53176.0,53150.0,53176.0,89
2026-09-01 04:08:00-04:00,53156.0,53156.0,53169.0,53152.0,53169.0,32
2026-09-01 04:09:00-04:00,53127.0,53127.0,53164.0,53119.0,53158.0,116
2026-09-01 04:10:00-04:00,53127.0,53127.0,53135.0,53122.0,53126.0,81
2026-09-01 04:11:00-04:00,53111.0,53111.0,53126.0,53111.0,53123.0,94
2026-09-01 04:12:00-04:00,53131.0,53131.0,53131.0,53109.0,53114.0,71
2026-09-01 04:13:00-04:00,53120.0,53120.0,53133.0,53118.0,53126.0,53
2026-09-01 04:14:00-04:00,53123.0,53123.0,53134.0,53122.0,53128.0,27
2026-09-01 04:15:00-04:00,53137.0,53137.0,53137.0,53126.0,53130.0,21
2026-09-01 04:16:00-04:00,53114.0,53114.0,53135.0,53112.0,53134.0,26
2026-09-01 04:17:00-04:00,53102.0,53102.0,53116.0,53095.0,53116.0,78
2026-09-01 04:18:00-04:00,53086.0,53086.0,53105.0,53063.0,53102.0,112
2026-09-01 04:19:00-04:00,53093.0,53093.0,53096.0,53080.0,53087.0,45
2026-09-01 04:20:00-04:00,53091.0,53091.0,53091.0,53085.0,53091.0,26
2026-09-01 04:21:00-04:00,53085.0,53085.0,53096.0,53073.0,53089.0,38
2026-09-01 04:22:00-04:00,53079.0,53079.0,53087.0,53077.0,53087.0,31
2026-09-01 04:23:00-04:00,53071.0,53071.0,53082.0,53071.0,53081.0,18
2026-09-01 04:24:00-04:00,53071.0,53071.0,53074.0,53063.0,53073.0,29
2026-09-01 04:25:00-04:00,53063.0,53063.0,53072.0,53063.0,53068.0,28
2026-09-01 04:26:00-04:00,53066.0,53066.0,53069.0,53061.0,53065.0,27
2026-09-01 04:27:00-04:00,53047.0,53047.0,53062.0,53039.0,53060.0,135
2026-09-01 04:28:00-04:00,53040.0,53040.0,53043.0,53036.0,53038.0,35
2026-09-01 04:29:00-04:00,53035.0,53035.0,53044.0,53033.0,53041.0,36
2026-09-01 04:30:00-04:00,53028.0,53028.0,53039.0,53025.0,53035.0,60
2026-09-01 04:31:00-04:00,53024.0,53024.0,53033.0,53013.0,53033.0,63
2026-09-01 04:32:00-04:00,53023.0,53023.0,53028.0,53013.0,53020.0,50
2026-09-01 04:33:00-04:00,53030.0,53030.0,53035.0,53021.0,53021.0,70
2026-09-01 04:34:00-04:00,53022.0,53022.0,53031.0,53020.0,53031.0,27
2026-09-01 04:35:00-04:00,53010.0,53010.0,53029.0,53010.0,53024.0,45
2026-09-01 04:36:00-04:00,53018.0,53018.0,53027.0,53013.0,53013.0,25
2026-09-01 04:37:00-04:00,53007.0,53007.0,53019.0,53004.0,53017.0,44
2026-09-01 04:38:00-04:00,53010.0,53010.0,53013.0,53001.0,53004.0,27
2026-09-01 04:39:00-04:00,53016.0,53016.0,53020.0,53005.0,53011.0,23
2026-09-01 04:40:00-04:00,53019.0,53019.0,53025.0,53009.0,53014.0,36
2026-09-01 04:41:00-04:00,53013.0,53013.0,53020.0,53005.0,53019.0,47
2026-09-01 04:42:00-04:00,52998.0,52998.0,53012.0,52996.0,53012.0,121
2026-09-01 04:43:00-04:00,52986.0,52986.0,52994.0,52975.0,52994.0,79
2026-09-01 04:44:00-04:00,52985.0,52985.0,52989.0,52983.0,52987.0,36
2026-09-01 04:45:00-04:00,52986.0,52986.0,52994.0,52977.0,52977.0,25
2026-09-01 04:46:00-04:00,52992.0,52992.0,52994.0,52987.0,52987.0,25
2026-09-01 04:47:00-04:00,52990.0,52990.0,52990.0,52980.0,52986.0,23
2026-09-01 04:48:00-04:00,52978.0,52978.0,52988.0,52972.0,52988.0,42
2026-09-01 04:49:00-04:00,52991.0,52991.0,52993.0,52972.0,52980.0,35
2026-09-01 04:50:00-04:00,52982.0,52982.0,52991.0,52979.0,52991.0,37
2026-09-01 04:51:00-04:00,52985.0,52985.0,52987.0,52981.0,52983.0,19
2026-09-01 04:52:00-04:00,52998.0,52998.0,52998.0,52984.0,52984.0,37
2026-09-01 04:53:00-04:00,53005.0,53005.0,53015.0,53001.0,53001.0,66
2026-09-01 04:54:00-04:00,53016.0,53016.0,53020.0,53008.0,53011.0,41
2026-09-01 04:55:00-04:00,53029.0,53029.0,53036.0,53021.0,53022.0,78
2026-09-01 04:56:00-04:00,53007.0,53007.0,53029.0,53005.0,53029.0,39
2026-09-01 04:57:00-04:00,53010.0,53010.0,53010.0,53005.0,53007.0,7
2026-09-01 04:58:00-04:00,52999.0,52999.0,53006.0,52996.0,53006.0,27
2026-09-01 04:59:00-04:00,52983.0,52983.0,53002.0,52982.0,53001.0,48
2026-09-01 05:00:00-04:00,52975.0,52975.0,52988.0,52973.0,52982.0,81
2026-09-01 05:01:00-04:00,52979.0,52979.0,52984.0,52968.0,52975.0,66
2026-09-01 05:02:00-04:00,52978.0,52978.0,52981.0,52974.0,52974.0,26
2026-09-01 05:03:00-04:00,52973.0,52973.0,52979.0,52970.0,52978.0,37
2026-09-01 05:04:00-04:00,52986.0,52986.0,52989.0,52971.0,52973.0,36
2026-09-01 05:05:00-04:00,52980.0,52980.0,52987.0,52978.0,52985.0,34
2026-09-01 05:06:00-04:00,52957.0,52957.0,52977.0,52954.0,52977.0,45
2026-09-01 05:07:00-04:00,52962.0,52962.0,52963.0,52956.0,52960.0,27
2026-09-01 05:08:00-04:00,52950.0,52950.0,52962.0,52949.0,52960.0,83
2026-09-01 05:09:00-04:00,52944.0,52944.0,52957.0,52943.0,52948.0,30
2026-09-01 05:10:00-04:00,52950.0,52950.0,52956.0,52943.0,52943.0,38
2026-09-01 05:11:00-04:00,52945.0,52945.0,52955.0,52945.0,52949.0,15
2026-09-01 05:12:00-04:00,52943.0,52943.0,52951.0,52937.0,52949.0,32
2026-09-01 05:13:00-04:00,52934.0,52934.0,52944.0,52932.0,52943.0,22
2026-09-01 05:14:00-04:00,52933.0,52933.0,52943.0,52932.0,52935.0,25
2026-09-01 05:15:00-04:00,52927.0,52927.0,52933.0,52920.0,52933.0,150
2026-09-01 05:16:00-04:00,52938.0,52938.0,52940.0,52924.0,52926.0,15
2026-09-01 05:17:00-04:00,52937.0,52937.0,52942.0,52933.0,52938.0,25
2026-09-01 05:18:00-04:00,52930.0,52930.0,52940.0,52930.0,52938.0,17
2026-09-01 05:19:00-04:00,52932.0,52932.0,52938.0,52927.0,52927.0,15
2026-09-01 05:20:00-04:00,52925.0,52925.0,52932.0,52919.0,52932.0,22
2026-09-01 05:21:00-04:00,52928.0,52928.0,52935.0,52927.0,52927.0,19
2026-09-01 05:22:00-04:00,52931.0,52931.0,52931.0,52924.0,52928.0,13
2026-09-01 05:23:00-04:00,52926.0,52926.0,52927.0,52923.0,52927.0,17
2026-09-01 05:24:00-04:00,52912.0,52912.0,52925.0,52912.0,52925.0,22
2026-09-01 05:25:00-04:00,52911.0,52911.0,52917.0,52910.0,52914.0,21
2026-09-01 05:26:00-04:00,52899.0,52899.0,52910.0,52897.0,52910.0,110
2026-09-01 05:27:00-04:00,52894.0,52894.0,52902.0,52892.0,52898.0,34
2026-09-01 05:28:00-04:00,52901.0,52901.0,52901.0,52891.0,52891.0,18
2026-09-01 05:29:00-04:00,52914.0,52914.0,52915.0,52905.0,52905.0,12
2026-09-01 05:30:00-04:00,52910.0,52910.0,52920.0,52910.0,52913.0,26
2026-09-01 05:31:00-04:00,52905.0,52905.0,52910.0,52904.0,52907.0,26
2026-09-01 05:32:00-04:00,52911.0,52911.0,52914.0,52904.0,52909.0,26
2026-09-01 05:33:00-04:00,52909.0,52909.0,52921.0,52909.0,52911.0,21
2026-09-01 05:34:00-04:00,52917.0,52917.0,52917.0,52912.0,52912.0,18
2026-09-01 05:35:00-04:00,52908.0,52908.0,52917.0,52908.0,52912.0,32
2026-09-01 05:36:00-04:00,52903.0,52903.0,52912.0,52902.0,52907.0,28
2026-09-01 05:37:00-04:00,52899.0,52899.0,52904.0,52895.0,52902.0,18
2026-09-01 05:38:00-04:00,52887.0,52887.0,52895.0,52884.0,52895.0,45
2026-09-01 05:39:00-04:00,52891.0,52891.0,52892.0,52887.0,52892.0,5
2026-09-01 05:40:00-04:00,52896.0,52896.0,52896.0,52887.0,52891.0,19
2026-09-01 05:41:00-04:00,52887.0,52887.0,52896.0,52884.0,52895.0,20
2026-09-01 05:42:00-04:00,52891.0,52891.0,52896.0,52886.0,52889.0,31
2026-09-01 05:43:00-04:00,52894.0,52894.0,52897.0,52893.0,52893.0,9
2026-09-01 05:44:00-04:00,52891.0,52891.0,52896.0,52890.0,52893.0,22
2026-09-01 05:45:00-04:00,52905.0,52905.0,52905.0,52893.0,52895.0,19
2026-09-01 05:46:00-04:00,52913.0,52913.0,52916.0,52903.0,52903.0,31
2026-09-01 05:47:00-04:00,52914.0,52914.0,52917.0,52906.0,52917.0,14
2026-09-01 05:48:00-04:00,52914.0,52914.0,52918.0,52914.0,52915.0,6
2026-09-01 05:49:00-04:00,52911.0,52911.0,52912.0,52908.0,52912.0,19
2026-09-01 05:50:00-04:00,52926.0,52926.0,52926.0,52924.0,52924.0,5
2026-09-01 05:51:00-04:00,52921.0,52921.0,52923.0,52914.0,52922.0,17
2026-09-01 05:52:00-04:00,52911.0,52911.0,52915.0,52909.0,52914.0,13
2026-09-01 05:53:00-04:00,52912.0,52912.0,52913.0,52906.0,52913.0,13
2026-09-01 05:54:00-04:00,52907.0,52907.0,52909.0,52904.0,52909.0,10
2026-09-01 05:55:00-04:00,52901.0,52901.0,52910.0,52901.0,52908.0,10
2026-09-01 05:56:00-04:00,52900.0,52900.0,52907.0,52900.0,52904.0,12
2026-09-01 05:57:00-04:00,52902.0,52902.0,52903.0,52901.0,52903.0,22
2026-09-01 05:58:00-04:00,52896.0,52896.0,52906.0,52896.0,52900.0,37
2026-09-01 05:59:00-04:00,52893.0,52893.0,52900.0,52891.0,52896.0,38
2026-09-01 06:00:00-04:00,52896.0,52896.0,52896.0,52891.0,52892.0,20
2026-09-01 06:01:00-04:00,52890.0,52890.0,52899.0,52890.0,52893.0,44
2026-09-01 06:02:00-04:00,52892.0,52892.0,52899.0,52888.0,52889.0,46
2026-09-01 06:03:00-04:00,52878.0,52878.0,52894.0,52876.0,52894.0,42
2026-09-01 06:04:00-04:00,52884.0,52884.0,52884.0,52871.0,52877.0,75
2026-09-01 06:05:00-04:00,52896.0,52896.0,52899.0,52884.0,52885.0,32
2026-09-01 06:06:00-04:00,52891.0,52891.0,52891.0,52885.0,52891.0,12
2026-09-01 06:07:00-04:00,52894.0,52894.0,52894.0,52884.0,52884.0,24
2026-09-01 06:08:00-04:00,52898.0,52898.0,52900.0,52894.0,52894.0,16
2026-09-01 06:09:00-04:00,52893.0,52893.0,52900.0,52891.0,52898.0,9
2026-09-01 06:10:00-04:00,52902.0,52902.0,52902.0,52890.0,52891.0,12
2026-09-01 06:11:00-04:00,52911.0,52911.0,52912.0,52903.0,52904.0,22
2026-09-01 06:12:00-04:00,52917.0,52917.0,52920.0,52912.0,52912.0,17
2026-09-01 06:13:00-04:00,52911.0,52911.0,52919.0,52909.0,52917.0,42
2026-09-01 06:14:00-04:00,52918.0,52918.0,52919.0,52911.0,52912.0,39
2026-09-01 06:15:00-04:00,52927.0,52927.0,52927.0,52917.0,52922.0,43
2026-09-01 06:16:00-04:00,52928.0,52928.0,52929.0,52925.0,52929.0,25
2026-09-01 06:17:00-04:00,52930.0,52930.0,52930.0,52918.0,52925.0,36
2026-09-01 06:18:00-04:00,52912.0,52912.0,52931.0,52912.0,52931.0,26
2026-09-01 06:19:00-04:00,52925.0,52925.0,52926.0,52916.0,52916.0,15
2026-09-01 06:20:00-04:00,52930.0,52930.0,52930.0,52929.0,52929.0,4
2026-09-01 06:21:00-04:00,52967.0,52967.0,52967.0,52934.0,52936.0,46
2026-09-01 06:22:00-04:00,52970.0,52970.0,52977.0,52968.0,52968.0,44
2026-09-01 06:23:00-04:00,52985.0,52985.0,52988.0,52973.0,52973.0,53
2026-09-01 06:24:00-04:00,52995.0,52995.0,52995.0,52984.0,52985.0,163
2026-09-01 06:25:00-04:00,53001.0,53001.0,53004.0,52991.0,52991.0,122
2026-09-01 06:26:00-04:00,53006.0,53006.0,53008.0,52999.0,53001.0,41
2026-09-01 06:27:00-04:00,53001.0,53001.0,53005.0,53000.0,53005.0,18
2026-09-01 06:28:00-04:00,52995.0,52995.0,53000.0,52990.0,53000.0,24
2026-09-01 06:29:00-04:00,53001.0,53001.0,53002.0,52990.0,52990.0,14
2026-09-01 06:30:00-04:00,53012.0,53012.0,53012.0,52998.0,52999.0,33
2026-09-01 06:31:00-04:00,53008.0,53008.0,53014.0,53004.0,53012.0,61
2026-09-01 06:32:00-04:00,53014.0,53014.0,53017.0,52999.0,53001.0,41
2026-09-01 06:33:00-04:00,53024.0,53024.0,53029.0,53018.0,53018.0,78
2026-09-01 06:34:00-04:00,53027.0,53027.0,53032.0,53022.0,53027.0,25
2026-09-01 06:35:00-04:00,53023.0,53023.0,53033.0,53022.0,53027.0,54
2026-09-01 06:36:00-04:00,53027.0,53027.0,53027.0,53020.0,53024.0,28
2026-09-01 06:37:00-04:00,53027.0,53027.0,53031.0,53027.0,53027.0,16
2026-09-01 06:38:00-04:00,53027.0,53027.0,53028.0,53020.0,53023.0,19
2026-09-01 06:39:00-04:00,53009.0,53009.0,53025.0,53009.0,53024.0,24
2026-09-01 06:40:00-04:00,53000.0,53000.0,53011.0,52999.0,53011.0,24
2026-09-01 06:41:00-04:00,52998.0,52998.0,53000.0,52998.0,52998.0,8
2026-09-01 06:42:00-04:00,52989.0,52989.0,53000.0,52988.0,52998.0,19
2026-09-01 06:43:00-04:00,52994.0,52994.0,52994.0,52985.0,52990.0,28
2026-09-01 06:44:00-04:00,52985.0,52985.0,52999.0,52984.0,52995.0,51
2026-09-01 06:45:00-04:00,52971.0,52971.0,52987.0,52971.0,52985.0,29
2026-09-01 06:46:00-04:00,52970.0,52970.0,52973.0,52966.0,52969.0,46
2026-09-01 06:47:00-04:00,52983.0,52983.0,52999.0,52959.0,52973.0,164
2026-09-01 06:48:00-04:00,52976.0,52976.0,52997.0,52972.0,52979.0,59
2026-09-01 06:49:00-04:00,52976.0,52976.0,52976.0,52966.0,52974.0,45
2026-09-01 06:50:00-04:00,52959.0,52959.0,52971.0,52957.0,52971.0,18
2026-09-01 06:51:00-04:00,52944.0,52944.0,52962.0,52944.0,52960.0,41
2026-09-01 06:52:00-04:00,52946.0,52946.0,52948.0,52940.0,52944.0,16
2026-09-01 06:53:00-04:00,52944.0,52944.0,52948.0,52944.0,52948.0,8
2026-09-01 06:54:00-04:00,52941.0,52941.0,52946.0,52940.0,52945.0,11
2026-09-01 06:55:00-04:00,52942.0,52942.0,52945.0,52940.0,52945.0,5
2026-09-01 06:56:00-04:00,52939.0,52939.0,52945.0,52936.0,52945.0,19
2026-09-01 06:57:00-04:00,52945.0,52945.0,52945.0,52940.0,52940.0,16
2026-09-01 06:58:00-04:00,52946.0,52946.0,52946.0,52944.0,52946.0,6
2026-09-01 06:59:00-04:00,52942.0,52942.0,52948.0,52942.0,52948.0,3
2026-09-01 07:00:00-04:00,52926.0,52926.0,52948.0,52926.0,52944.0,73
2026-09-01 07:01:00-04:00,52928.0,52928.0,52935.0,52927.0,52928.0,28
2026-09-01 07:02:00-04:00,52934.0,52934.0,52935.0,52927.0,52932.0,23
2026-09-01 07:03:00-04:00,52939.0,52939.0,52942.0,52931.0,52931.0,69
2026-09-01 07:04:00-04:00,52939.0,52939.0,52943.0,52935.0,52936.0,22
2026-09-01 07:05:00-04:00,52925.0,52925.0,52938.0,52916.0,52938.0,95
2026-09-01 07:06:00-04:00,52933.0,52933.0,52937.0,52925.0,52926.0,17
2026-09-01 07:07:00-04:00,52947.0,52947.0,52947.0,52930.0,52931.0,20
2026-09-01 07:08:00-04:00,52941.0,52941.0,52948.0,52941.0,52946.0,46
2026-09-01 07:09:00-04:00,52953.0,52953.0,52953.0,52939.0,52943.0,23
2026-09-01 07:10:00-04:00,52953.0,52953.0,52958.0,52953.0,52954.0,14
2026-09-01 07:11:00-04:00,52947.0,52947.0,52953.0,52944.0,52953.0,12
2026-09-01 07:12:00-04:00,52942.0,52942.0,52947.0,52942.0,52945.0,13
2026-09-01 07:13:00-04:00,52951.0,52951.0,52951.0,52943.0,52944.0,15
2026-09-01 07:14:00-04:00,52936.0,52936.0,52941.0,52934.0,52941.0,20
2026-09-01 07:15:00-04:00,52944.0,52944.0,52945.0,52937.0,52937.0,22
2026-09-01 07:16:00-04:00,52937.0,52937.0,52943.0,52935.0,52943.0,30
2026-09-01 07:17:00-04:00,52932.0,52932.0,52938.0,52931.0,52938.0,16
2026-09-01 07:18:00-04:00,52942.0,52942.0,52942.0,52934.0,52934.0,6
2026-09-01 07:19:00-04:00,52943.0,52943.0,52944.0,52943.0,52944.0,4
2026-09-01 07:20:00-04:00,52944.0,52944.0,52947.0,52939.0,52944.0,12
2026-09-01 07:21:00-04:00,52941.0,52941.0,52947.0,52940.0,52944.0,14
2026-09-01 07:22:00-04:00,52941.0,52941.0,52944.0,52934.0,52939.0,29
2026-09-01 07:23:00-04:00,52944.0,52944.0,52948.0,52941.0,52941.0,18
2026-09-01 07:24:00-04:00,52937.0,52937.0,52943.0,52927.0,52943.0,24
2026-09-01 07:25:00-04:00,52935.0,52935.0,52938.0,52931.0,52935.0,16
2026-09-01 07:26:00-04:00,52943.0,52943.0,52943.0,52930.0,52932.0,20
2026-09-01 07:27:00-04:00,52948.0,52948.0,52951.0,52943.0,52943.0,12
2026-09-01 07:28:00-04:00,52949.0,52949.0,52951.0,52944.0,52946.0,20
2026-09-01 07:29:00-04:00,52943.0,52943.0,52944.0,52943.0,52943.0,3
2026-09-01 07:30:00-04:00,52950.0,52950.0,52957.0,52944.0,52944.0,20
2026-09-01 07:31:00-04:00,52946.0,52946.0,52955.0,52944.0,52950.0,27
2026-09-01 07:32:00-04:00,52950.0,52950.0,52950.0,52946.0,52947.0,21
2026-09-01 07:33:00-04:00,52947.0,52947.0,52950.0,52946.0,52946.0,8
2026-09-01 07:34:00-04:00,52939.0,52939.0,52943.0,52937.0,52940.0,8
2026-09-01 07:35:00-04:00,52937.0,52937.0,52940.0,52934.0,52937.0,11
2026-09-01 07:36:00-04:00,52960.0,52960.0,52960.0,52940.0,52940.0,33
2026-09-01 07:37:00-04:00,52957.0,52957.0,52957.0,52952.0,52957.0,7
2026-09-01 07:38:00-04:00,52958.0,52958.0,52959.0,52956.0,52956.0,5
2026-09-01 07:39:00-04:00,52970.0,52970.0,52970.0,52965.0,52965.0,9
2026-09-01 07:40:00-04:00,52980.0,52980.0,52981.0,52974.0,52974.0,35
2026-09-01 07:41:00-04:00,52985.0,52985.0,52990.0,52979.0,52981.0,40
2026-09-01 07:42:00-04:00,52993.0,52993.0,52994.0,52984.0,52986.0,44
2026-09-01 07:43:00-04:00,52978.0,52978.0,52995.0,52978.0,52991.0,32
2026-09-01 07:44:00-04:00,52971.0,52971.0,52977.0,52971.0,52977.0,14
2026-09-01 07:45:00-04:00,52977.0,52977.0,52977.0,52967.0,52972.0,25
2026-09-01 07:46:00-04:00,52978.0,52978.0,52979.0,52977.0,52977.0,6
2026-09-01 07:47:00-04:00,52970.0,52970.0,52976.0,52969.0,52976.0,13
2026-09-01 07:48:00-04:00,52991.0,52991.0,52991.0,52971.0,52972.0,32
2026-09-01 07:49:00-04:00,52983.0,52983.0,52983.0,52977.0,52979.0,9
2026-09-01 07:50:00-04:00,52972.0,52972.0,52978.0,52972.0,52974.0,8
2026-09-01 07:51:00-04:00,52974.0,52974.0,52974.0,52967.0,52970.0,15
2026-09-01 07:52:00-04:00,52965.0,52965.0,52972.0,52961.0,52970.0,41
2026-09-01 07:53:00-04:00,52964.0,52964.0,52967.0,52961.0,52966.0,19
2026-09-01 07:54:00-04:00,52950.0,52950.0,52965.0,52949.0,52964.0,29
2026-09-01 07:55:00-04:00,52934.0,52934.0,52947.0,52928.0,52946.0,47
2026-09-01 07:56:00-04:00,52925.0,52925.0,52937.0,52919.0,52936.0,33
2026-09-01 07:57:00-04:00,52921.0,52921.0,52931.0,52920.0,52926.0,34
2026-09-01 07:58:00-04:00,52913.0,52913.0,52921.0,52907.0,52920.0,29
2026-09-01 07:59:00-04:00,52920.0,52920.0,52921.0,52914.0,52914.0,15
2026-09-01 08:00:00-04:00,52904.0,52904.0,52918.0,52900.0,52918.0,84
2026-09-01 08:01:00-04:00,52898.0,52898.0,52916.0,52897.0,52902.0,40
2026-09-01 08:02:00-04:00,52916.0,52916.0,52917.0,52895.0,52900.0,52
2026-09-01 08:03:00-04:00,52913.0,52913.0,52916.0,52908.0,52916.0,19
2026-09-01 08:04:00-04:00,52907.0,52907.0,52913.0,52905.0,52905.0,27
2026-09-01 08:05:00-04:00,52899.0,52899.0,52909.0,52896.0,52909.0,89
2026-09-01 08:06:00-04:00,52894.0,52894.0,52902.0,52890.0,52898.0,41
2026-09-01 08:07:00-04:00,52904.0,52904.0,52906.0,52890.0,52890.0,26
2026-09-01 08:08:00-04:00,52906.0,52906.0,52909.0,52903.0,52906.0,27
2026-09-01 08:09:00-04:00,52896.0,52896.0,52910.0,52893.0,52907.0,24
2026-09-01 08:10:00-04:00,52869.0,52869.0,52896.0,52868.0,52896.0,106
2026-09-01 08:11:00-04:00,52875.0,52875.0,52879.0,52871.0,52871.0,41
2026-09-01 08:12:00-04:00,52884.0,52884.0,52886.0,52869.0,52875.0,36
2026-09-01 08:13:00-04:00,52884.0,52884.0,52889.0,52882.0,52884.0,45
2026-09-01 08:14:00-04:00,52901.0,52901.0,52901.0,52885.0,52885.0,43
2026-09-01 08:15:00-04:00,52920.0,52920.0,52922.0,52903.0,52903.0,91
2026-09-01 08:16:00-04:00,52921.0,52921.0,52926.0,52913.0,52919.0,74
2026-09-01 08:17:00-04:00,52933.0,52933.0,52933.0,52918.0,52920.0,61
2026-09-01 08:18:00-04:00,52916.0,52916.0,52928.0,52912.0,52928.0,40
2026-09-01 08:19:00-04:00,52905.0,52905.0,52919.0,52904.0,52915.0,36
2026-09-01 08:20:00-04:00,52907.0,52907.0,52910.0,52893.0,52906.0,52
2026-09-01 08:21:00-04:00,52904.0,52904.0,52904.0,52897.0,52902.0,29
2026-09-01 08:22:00-04:00,52906.0,52906.0,52916.0,52901.0,52906.0,48
2026-09-01 08:23:00-04:00,52903.0,52903.0,52904.0,52886.0,52903.0,50
2026-09-01 08:24:00-04:00,52897.0,52897.0,52908.0,52894.0,52904.0,43
2026-09-01 08:25:00-04:00,52895.0,52895.0,52902.0,52892.0,52897.0,44
2026-09-01 08:26:00-04:00,52905.0,52905.0,52908.0,52896.0,52896.0,35
2026-09-01 08:27:00-04:00,52910.0,52910.0,52914.0,52904.0,52906.0,40
2026-09-01 08:28:00-04:00,52921.0,52921.0,52925.0,52911.0,52911.0,28
2026-09-01 08:29:00-04:00,52913.0,52913.0,52921.0,52908.0,52918.0,51
2026-09-01 08:30:00-04:00,52902.0,52902.0,52910.0,52902.0,52910.0,28
2026-09-01 08:31:00-04:00,52887.0,52887.0,52900.0,52885.0,52899.0,23
2026-09-01 08:32:00-04:00,52886.0,52886.0,52889.0,52873.0,52888.0,46
2026-09-01 08:33:00-04:00,52892.0,52892.0,52892.0,52886.0,52886.0,19
2026-09-01 08:34:00-04:00,52894.0,52894.0,52900.0,52890.0,52894.0,15
2026-09-01 08:35:00-04:00,52886.0,52886.0,52894.0,52883.0,52893.0,14
2026-09-01 08:36:00-04:00,52877.0,52877.0,52880.0,52873.0,52880.0,22
2026-09-01 08:37:00-04:00,52876.0,52876.0,52881.0,52875.0,52878.0,30
2026-09-01 08:38:00-04:00,52884.0,52884.0,52885.0,52874.0,52877.0,46
2026-09-01 08:39:00-04:00,52897.0,52897.0,52913.0,52880.0,52886.0,61
2026-09-01 08:40:00-04:00,52904.0,52904.0,52905.0,52892.0,52896.0,43
2026-09-01 08:41:00-04:00,52910.0,52910.0,52913.0,52901.0,52903.0,61
2026-09-01 08:42:00-04:00,52903.0,52903.0,52909.0,52888.0,52909.0,33
2026-09-01 08:43:00-04:00,52888.0,52888.0,52905.0,52888.0,52905.0,35
2026-09-01 08:44:00-04:00,52900.0,52900.0,52900.0,52891.0,52891.0,11
2026-09-01 08:45:00-04:00,52906.0,52906.0,52911.0,52903.0,52903.0,28
2026-09-01 08:46:00-04:00,52915.0,52915.0,52919.0,52906.0,52906.0,40
2026-09-01 08:47:00-04:00,52932.0,52932.0,52936.0,52918.0,52918.0,72
2026-09-01 08:48:00-04:00,52916.0,52916.0,52934.0,52914.0,52932.0,35
2026-09-01 08:49:00-04:00,52921.0,52921.0,52924.0,52914.0,52917.0,33
2026-09-01 08:50:00-04:00,52910.0,52910.0,52911.0,52907.0,52911.0,17
2026-09-01 08:51:00-04:00,52933.0,52933.0,52934.0,52919.0,52919.0,28
2026-09-01 08:52:00-04:00,52927.0,52927.0,52930.0,52915.0,52930.0,88
2026-09-01 08:53:00-04:00,52925.0,52925.0,52929.0,52924.0,52928.0,7
2026-09-01 08:54:00-04:00,52917.0,52917.0,52923.0,52913.0,52923.0,30
2026-09-01 08:55:00-04:00,52919.0,52919.0,52922.0,52915.0,52916.0,11
2026-09-01 08:56:00-04:00,52923.0,52923.0,52923.0,52915.0,52923.0,20
2026-09-01 08:57:00-04:00,52926.0,52926.0,52933.0,52925.0,52929.0,10
2026-09-01 08:58:00-04:00,52923.0,52923.0,52927.0,52922.0,52926.0,9
2026-09-01 08:59:00-04:00,52922.0,52922.0,52925.0,52922.0,52925.0,8
2026-09-01 09:00:00-04:00,52915.0,52915.0,52923.0,52914.0,52920.0,34
2026-09-01 09:01:00-04:00,52918.0,52918.0,52924.0,52901.0,52916.0,80
2026-09-01 09:02:00-04:00,52920.0,52920.0,52930.0,52915.0,52917.0,65
2026-09-01 09:03:00-04:00,52895.0,52895.0,52923.0,52895.0,52923.0,105
2026-09-01 09:04:00-04:00,52901.0,52901.0,52907.0,52895.0,52898.0,36
2026-09-01 09:05:00-04:00,52903.0,52903.0,52907.0,52892.0,52902.0,47
2026-09-01 09:06:00-04:00,52907.0,52907.0,52909.0,52902.0,52906.0,65
2026-09-01 09:07:00-04:00,52921.0,52921.0,52921.0,52907.0,52910.0,30
2026-09-01 09:08:00-04:00,52924.0,52924.0,52924.0,52915.0,52915.0,16
2026-09-01 09:09:00-04:00,52915.0,52915.0,52928.0,52910.0,52928.0,21
2026-09-01 09:10:00-04:00,52923.0,52923.0,52926.0,52915.0,52918.0,38
2026-09-01 09:11:00-04:00,52922.0,52922.0,52925.0,52919.0,52925.0,25
2026-09-01 09:12:00-04:00,52923.0,52923.0,52923.0,52916.0,52922.0,41
2026-09-01 09:13:00-04:00,52930.0,52930.0,52930.0,52923.0,52923.0,26
2026-09-01 09:14:00-04:00,52923.0,52923.0,52929.0,52923.0,52929.0,21
2026-09-01 09:15:00-04:00,52941.0,52941.0,52943.0,52926.0,52926.0,59
2026-09-01 09:16:00-04:00,52937.0,52937.0,52948.0,52937.0,52943.0,60
2026-09-01 09:17:00-04:00,52936.0,52936.0,52937.0,52931.0,52936.0,34
2026-09-01 09:18:00-04:00,52937.0,52937.0,52938.0,52928.0,52935.0,23
2026-09-01 09:19:00-04:00,52955.0,52955.0,52955.0,52937.0,52937.0,41
2026-09-01 09:20:00-04:00,52952.0,52952.0,52955.0,52947.0,52955.0,40
2026-09-01 09:21:00-04:00,52963.0,52963.0,52966.0,52953.0,52953.0,61
2026-09-01 09:22:00-04:00,52960.0,52960.0,52963.0,52954.0,52962.0,57
2026-09-01 09:23:00-04:00,52960.0,52960.0,52964.0,52957.0,52959.0,41
2026-09-01 09:24:00-04:00,52964.0,52964.0,52966.0,52958.0,52963.0,59
2026-09-01 09:25:00-04:00,52943.0,52943.0,52965.0,52943.0,52962.0,77
2026-09-01 09:26:00-04:00,52952.0,52952.0,52956.0,52939.0,52946.0,63
2026-09-01 09:27:00-04:00,52952.0,52952.0,52959.0,52940.0,52953.0,140
2026-09-01 09:28:00-04:00,52943.0,52943.0,52956.0,52936.0,52954.0,92
2026-09-01 09:29:00-04:00,52935.0,52935.0,52955.0,52922.0,52946.0,246
2026-09-01 09:30:00-04:00,52879.0,52879.0,52974.0,52864.0,52937.0,1556
2026-09-01 09:31:00-04:00,52978.0,52978.0,53009.0,52881.0,52881.0,1062
2026-09-01 09:32:00-04:00,52940.0,52940.0,52986.0,52940.0,52977.0,622
2026-09-01 09:33:00-04:00,52973.0,52973.0,52978.0,52927.0,52942.0,434
2026-09-01 09:34:00-04:00,52978.0,52978.0,52988.0,52955.0,52976.0,415
2026-09-01 09:35:00-04:00,53006.0,53006.0,53013.0,52972.0,52983.0,487
2026-09-01 09:36:00-04:00,52987.0,52987.0,53015.0,52970.0,53012.0,424
2026-09-01 09:37:00-04:00,53013.0,53013.0,53017.0,52983.0,52988.0,297
2026-09-01 09:38:00-04:00,53027.0,53027.0,53029.0,52999.0,53013.0,401
2026-09-01 09:39:00-04:00,53016.0,53016.0,53036.0,53005.0,53027.0,301
2026-09-01 09:40:00-04:00,53038.0,53038.0,53049.0,53018.0,53018.0,513
2026-09-01 09:41:00-04:00,53042.0,53042.0,53047.0,53018.0,53038.0,372
2026-09-01 09:42:00-04:00,53017.0,53017.0,53043.0,53008.0,53039.0,300
2026-09-01 09:43:00-04:00,53022.0,53022.0,53023.0,53003.0,53015.0,200
2026-09-01 09:44:00-04:00,53037.0,53037.0,53040.0,53007.0,53025.0,179
2026-09-01 09:45:00-04:00,52991.0,52991.0,53039.0,52990.0,53037.0,258
2026-09-01 09:46:00-04:00,52955.0,52955.0,52998.0,52953.0,52993.0,273
2026-09-01 09:47:00-04:00,52973.0,52973.0,52979.0,52953.0,52955.0,166
2026-09-01 09:48:00-04:00,52975.0,52975.0,52986.0,52970.0,52974.0,124
2026-09-01 09:49:00-04:00,52975.0,52975.0,52985.0,52958.0,52978.0,175
2026-09-01 09:50:00-04:00,52996.0,52996.0,53010.0,52970.0,52976.0,216
2026-09-01 09:51:00-04:00,52981.0,52981.0,53003.0,52972.0,52995.0,144
2026-09-01 09:52:00-04:00,52981.0,52981.0,52990.0,52963.0,52982.0,162
2026-09-01 09:53:00-04:00,52956.0,52956.0,52980.0,52956.0,52978.0,76
2026-09-01 09:54:00-04:00,52943.0,52943.0,52957.0,52938.0,52957.0,374
2026-09-01 09:55:00-04:00,52923.0,52923.0,52946.0,52910.0,52946.0,350
2026-09-01 09:56:00-04:00,52936.0,52936.0,52944.0,52921.0,52922.0,234
2026-09-01 09:57:00-04:00,52950.0,52950.0,52955.0,52940.0,52940.0,250
2026-09-01 09:58:00-04:00,52955.0,52955.0,52969.0,52947.0,52950.0,86
2026-09-01 09:59:00-04:00,52988.0,52988.0,52995.0,52956.0,52956.0,204
2026-09-01 10:00:00-04:00,52976.0,52976.0,52995.0,52956.0,52984.0,255
2026-09-01 10:01:00-04:00,53026.0,53026.0,53027.0,52973.0,52973.0,309
2026-09-01 10:02:00-04:00,53014.0,53014.0,53023.0,53001.0,53022.0,168
2026-09-01 10:03:00-04:00,53037.0,53037.0,53042.0,53005.0,53013.0,202
2026-09-01 10:04:00-04:00,53018.0,53018.0,53042.0,53018.0,53035.0,197
2026-09-01 10:05:00-04:00,53025.0,53025.0,53033.0,53018.0,53021.0,106
2026-09-01 10:06:00-04:00,53024.0,53024.0,53041.0,53013.0,53022.0,215
2026-09-01 10:07:00-04:00,53039.0,53039.0,53039.0,53019.0,53022.0,91
2026-09-01 10:08:00-04:00,53053.0,53053.0,53062.0,53030.0,53039.0,288
2026-09-01 10:09:00-04:00,53066.0,53066.0,53066.0,53047.0,53056.0,117
2026-09-01 10:10:00-04:00,53065.0,53065.0,53070.0,53044.0,53067.0,206
2026-09-01 10:11:00-04:00,53059.0,53059.0,53071.0,53043.0,53063.0,179
2026-09-01 10:12:00-04:00,53057.0,53057.0,53066.0,53047.0,53055.0,131
2026-09-01 10:13:00-04:00,53093.0,53093.0,53093.0,53053.0,53057.0,352
2026-09-01 10:14:00-04:00,53116.0,53116.0,53124.0,53088.0,53092.0,368
2026-09-01 10:15:00-04:00,53135.0,53135.0,53135.0,53113.0,53116.0,273
2026-09-01 10:16:00-04:00,53151.0,53151.0,53154.0,53131.0,53136.0,204
2026-09-01 10:17:00-04:00,53155.0,53155.0,53159.0,53140.0,53153.0,151
2026-09-01 10:18:00-04:00,53146.0,53146.0,53161.0,53144.0,53155.0,215
2026-09-01 10:19:00-04:00,53173.0,53173.0,53173.0,53145.0,53147.0,147
2026-09-01 10:20:00-04:00,53177.0,53177.0,53180.0,53170.0,53171.0,329
2026-09-01 10:21:00-04:00,53186.0,53186.0,53197.0,53177.0,53178.0,146
2026-09-01 10:22:00-04:00,53210.0,53210.0,53219.0,53177.0,53186.0,285
2026-09-01 10:23:00-04:00,53219.0,53219.0,53220.0,53205.0,53210.0,228
2026-09-01 10:24:00-04:00,53205.0,53205.0,53232.0,53203.0,53220.0,254
2026-09-01 10:25:00-04:00,53209.0,53209.0,53222.0,53205.0,53208.0,136
2026-09-01 10:26:00-04:00,53209.0,53209.0,53219.0,53206.0,53210.0,104
2026-09-01 10:27:00-04:00,53205.0,53205.0,53213.0,53193.0,53209.0,197
2026-09-01 10:28:00-04:00,53216.0,53216.0,53216.0,53202.0,53206.0,92
2026-09-01 10:29:00-04:00,53195.0,53195.0,53216.0,53186.0,53216.0,155
2026-09-01 10:30:00-04:00,53210.0,53210.0,53211.0,53194.0,53197.0,236
2026-09-01 10:31:00-04:00,53206.0,53206.0,53218.0,53202.0,53210.0,181
2026-09-01 10:32:00-04:00,53202.0,53202.0,53212.0,53197.0,53205.0,124
2026-09-01 10:33:00-04:00,53219.0,53219.0,53221.0,53193.0,53204.0,192
2026-09-01 10:34:00-04:00,53222.0,53222.0,53229.0,53212.0,53216.0,167
2026-09-01 10:35:00-04:00,53207.0,53207.0,53233.0,53205.0,53224.0,177
2026-09-01 10:36:00-04:00,53195.0,53195.0,53211.0,53188.0,53208.0,181
2026-09-01 10:37:00-04:00,53200.0,53200.0,53217.0,53194.0,53195.0,133
2026-09-01 10:38:00-04:00,53197.0,53197.0,53217.0,53196.0,53201.0,92
2026-09-01 10:39:00-04:00,53192.0,53192.0,53205.0,53186.0,53197.0,69
2026-09-01 10:40:00-04:00,53186.0,53186.0,53204.0,53182.0,53197.0,132
2026-09-01 10:41:00-04:00,53170.0,53170.0,53186.0,53170.0,53183.0,147
2026-09-01 10:42:00-04:00,53150.0,53150.0,53169.0,53150.0,53168.0,265
2026-09-01 10:43:00-04:00,53143.0,53143.0,53159.0,53143.0,53151.0,97
2026-09-01 10:44:00-04:00,53144.0,53144.0,53146.0,53134.0,53141.0,122
2026-09-01 10:45:00-04:00,53133.0,53133.0,53146.0,53129.0,53144.0,141
2026-09-01 10:46:00-04:00,53127.0,53127.0,53134.0,53120.0,53130.0,124
2026-09-01 10:47:00-04:00,53132.0,53132.0,53146.0,53124.0,53127.0,278
2026-09-01 10:48:00-04:00,53110.0,53110.0,53130.0,53109.0,53128.0,125
2026-09-01 10:49:00-04:00,53088.0,53088.0,53114.0,53087.0,53113.0,173
2026-09-01 10:50:00-04:00,53075.0,53075.0,53090.0,53068.0,53090.0,345
2026-09-01 10:51:00-04:00,53068.0,53068.0,53077.0,53062.0,53072.0,195
2026-09-01 10:52:00-04:00,53068.0,53068.0,53071.0,53055.0,53068.0,110
2026-09-01 10:53:00-04:00,53046.0,53046.0,53075.0,53043.0,53066.0,141
2026-09-01 10:54:00-04:00,53060.0,53060.0,53061.0,53043.0,53047.0,110
2026-09-01 10:55:00-04:00,53062.0,53062.0,53064.0,53053.0,53060.0,169
2026-09-01 10:56:00-04:00,53061.0,53061.0,53075.0,53058.0,53063.0,145
2026-09-01 10:57:00-04:00,53049.0,53049.0,53065.0,53045.0,53061.0,65
2026-09-01 10:58:00-04:00,53032.0,53032.0,53050.0,53032.0,53048.0,160
2026-09-01 10:59:00-04:00,53038.0,53038.0,53041.0,53026.0,53032.0,129
2026-09-01 11:00:00-04:00,53037.0,53037.0,53051.0,53034.0,53041.0,168
2026-09-01 11:01:00-04:00,53041.0,53041.0,53045.0,53035.0,53039.0,81
2026-09-01 11:02:00-04:00,53041.0,53041.0,53049.0,53038.0,53039.0,98
2026-09-01 11:03:00-04:00,53029.0,53029.0,53050.0,53027.0,53042.0,86
2026-09-01 11:04:00-04:00,53025.0,53025.0,53028.0,53015.0,53028.0,159
2026-09-01 11:05:00-04:00,53027.0,53027.0,53032.0,53017.0,53023.0,110
2026-09-01 11:06:00-04:00,53026.0,53026.0,53031.0,53021.0,53027.0,277
2026-09-01 11:07:00-04:00,53023.0,53023.0,53032.0,53015.0,53024.0,102
2026-09-01 11:08:00-04:00,53035.0,53035.0,53035.0,53026.0,53026.0,78
2026-09-01 11:09:00-04:00,53031.0,53031.0,53042.0,53027.0,53036.0,98
2026-09-01 11:10:00-04:00,53044.0,53044.0,53053.0,53021.0,53030.0,132
2026-09-01 11:11:00-04:00,53040.0,53040.0,53047.0,53036.0,53043.0,56
2026-09-01 11:12:00-04:00,53043.0,53043.0,53047.0,53032.0,53039.0,43
2026-09-01 11:13:00-04:00,53057.0,53057.0,53061.0,53042.0,53046.0,120
2026-09-01 11:14:00-04:00,53053.0,53053.0,53060.0,53049.0,53059.0,71
2026-09-01 11:15:00-04:00,53043.0,53043.0,53050.0,53036.0,53050.0,92
2026-09-01 11:16:00-04:00,53030.0,53030.0,53043.0,53026.0,53042.0,70
2026-09-01 11:17:00-04:00,53042.0,53042.0,53042.0,53031.0,53031.0,57
2026-09-01 11:18:00-04:00,53034.0,53034.0,53045.0,53031.0,53036.0,80
2026-09-01 11:19:00-04:00,53038.0,53038.0,53040.0,53033.0,53035.0,41
2026-09-01 11:20:00-04:00,53027.0,53027.0,53042.0,53025.0,53040.0,94
2026-09-01 11:21:00-04:00,53023.0,53023.0,53033.0,53017.0,53029.0,128
2026-09-01 11:22:00-04:00,53024.0,53024.0,53033.0,53018.0,53021.0,57
2026-09-01 11:23:00-04:00,53027.0,53027.0,53034.0,53011.0,53023.0,133
2026-09-01 11:24:00-04:00,53022.0,53022.0,53035.0,53020.0,53034.0,103
2026-09-01 11:25:00-04:00,53010.0,53010.0,53025.0,53008.0,53020.0,140
2026-09-01 11:26:00-04:00,53023.0,53023.0,53033.0,53010.0,53010.0,88
2026-09-01 11:27:00-04:00,53023.0,53023.0,53027.0,53018.0,53023.0,58
2026-09-01 11:28:00-04:00,53020.0,53020.0,53021.0,53009.0,53018.0,72
2026-09-01 11:29:00-04:00,53029.0,53029.0,53029.0,53016.0,53017.0,94
2026-09-01 11:30:00-04:00,53037.0,53037.0,53037.0,53018.0,53029.0,164
2026-09-01 11:31:00-04:00,53013.0,53013.0,53039.0,53012.0,53036.0,164
2026-09-01 11:32:00-04:00,53015.0,53015.0,53023.0,53011.0,53016.0,54
2026-09-01 11:33:00-04:00,53034.0,53034.0,53034.0,53015.0,53015.0,52
2026-09-01 11:34:00-04:00,53028.0,53028.0,53038.0,53025.0,53035.0,49
2026-09-01 11:35:00-04:00,53020.0,53020.0,53028.0,53015.0,53026.0,71
2026-09-01 11:36:00-04:00,53024.0,53024.0,53026.0,53019.0,53021.0,32
2026-09-01 11:37:00-04:00,53041.0,53041.0,53041.0,53023.0,53025.0,48
2026-09-01 11:38:00-04:00,53035.0,53035.0,53045.0,53030.0,53040.0,81
2026-09-01 11:39:00-04:00,53038.0,53038.0,53040.0,53032.0,53037.0,28
2026-09-01 11:40:00-04:00,53046.0,53046.0,53051.0,53040.0,53043.0,97
2026-09-01 11:41:00-04:00,53030.0,53030.0,53047.0,53028.0,53045.0,46
2026-09-01 11:42:00-04:00,53040.0,53040.0,53040.0,53028.0,53030.0,47
2026-09-01 11:43:00-04:00,53030.0,53030.0,53042.0,53030.0,53039.0,34
2026-09-01 11:44:00-04:00,53037.0,53037.0,53037.0,53021.0,53029.0,53
2026-09-01 11:45:00-04:00,53034.0,53034.0,53040.0,53025.0,53034.0,83
2026-09-01 11:46:00-04:00,53038.0,53038.0,53046.0,53030.0,53033.0,65
2026-09-01 11:47:00-04:00,53044.0,53044.0,53047.0,53035.0,53044.0,115
2026-09-01 11:48:00-04:00,53045.0,53045.0,53051.0,53042.0,53046.0,48
2026-09-01 11:49:00-04:00,53049.0,53049.0,53053.0,53043.0,53045.0,48
2026-09-01 11:50:00-04:00,53033.0,53033.0,53051.0,53030.0,53051.0,108
2026-09-01 11:51:00-04:00,53034.0,53034.0,53042.0,53033.0,53034.0,45
2026-09-01 11:52:00-04:00,53030.0,53030.0,53036.0,53027.0,53034.0,53
2026-09-01 11:53:00-04:00,53042.0,53042.0,53045.0,53028.0,53031.0,60
2026-09-01 11:54:00-04:00,53037.0,53037.0,53042.0,53027.0,53042.0,87
2026-09-01 11:55:00-04:00,53034.0,53034.0,53038.0,53027.0,53038.0,36
2026-09-01 11:56:00-04:00,53025.0,53025.0,53035.0,53025.0,53035.0,56
2026-09-01 11:57:00-04:00,53018.0,53018.0,53032.0,53016.0,53025.0,55
2026-09-01 11:58:00-04:00,53017.0,53017.0,53020.0,53012.0,53016.0,42
2026-09-01 11:59:00-04:00,53022.0,53022.0,53031.0,53017.0,53017.0,47
2026-09-01 12:00:00-04:00,53036.0,53036.0,53040.0,53020.0,53022.0,89
2026-09-01 12:01:00-04:00,53038.0,53038.0,53044.0,53032.0,53038.0,70
2026-09-01 12:02:00-04:00,53034.0,53034.0,53037.0,53028.0,53035.0,91
2026-09-01 12:03:00-04:00,53036.0,53036.0,53038.0,53029.0,53031.0,36
2026-09-01 12:04:00-04:00,53052.0,53052.0,53053.0,53035.0,53035.0,106
2026-09-01 12:05:00-04:00,53054.0,53054.0,53061.0,53049.0,53051.0,70
2026-09-01 12:06:00-04:00,53041.0,53041.0,53058.0,53040.0,53056.0,58
2026-09-01 12:07:00-04:00,53039.0,53039.0,53053.0,53037.0,53040.0,58
2026-09-01 12:08:00-04:00,53025.0,53025.0,53040.0,53015.0,53039.0,99
2026-09-01 12:09:00-04:00,53020.0,53020.0,53030.0,53018.0,53024.0,36
2026-09-01 12:10:00-04:00,53024.0,53024.0,53026.0,53011.0,53021.0,98
2026-09-01 12:11:00-04:00,53029.0,53029.0,53030.0,53020.0,53023.0,49
2026-09-01 12:12:00-04:00,53030.0,53030.0,53043.0,53027.0,53030.0,67
2026-09-01 12:13:00-04:00,53025.0,53025.0,53038.0,53024.0,53031.0,76
2026-09-01 12:14:00-04:00,53001.0,53001.0,53024.0,52997.0,53022.0,152
2026-09-01 12:15:00-04:00,53009.0,53009.0,53012.0,52999.0,53003.0,128
2026-09-01 12:16:00-04:00,53000.0,53000.0,53009.0,52993.0,53004.0,78
2026-09-01 12:17:00-04:00,52988.0,52988.0,52999.0,52981.0,52995.0,106
2026-09-01 12:18:00-04:00,52980.0,52980.0,52992.0,52980.0,52989.0,79
2026-09-01 12:19:00-04:00,52976.0,52976.0,52991.0,52972.0,52981.0,63
2026-09-01 12:20:00-04:00,52943.0,52943.0,52976.0,52942.0,52975.0,125
2026-09-01 12:21:00-04:00,52932.0,52932.0,52944.0,52926.0,52942.0,176
2026-09-01 12:22:00-04:00,52928.0,52928.0,52940.0,52919.0,52930.0,234
2026-09-01 12:23:00-04:00,52934.0,52934.0,52943.0,52925.0,52928.0,172
2026-09-01 12:24:00-04:00,52929.0,52929.0,52935.0,52912.0,52935.0,138
2026-09-01 12:25:00-04:00,52922.0,52922.0,52931.0,52913.0,52928.0,138
2026-09-01 12:26:00-04:00,52881.0,52881.0,52926.0,52877.0,52926.0,526
2026-09-01 12:27:00-04:00,52876.0,52876.0,52894.0,52873.0,52881.0,306
2026-09-01 12:28:00-04:00,52875.0,52875.0,52887.0,52869.0,52876.0,184
2026-09-01 12:29:00-04:00,52880.0,52880.0,52886.0,52872.0,52874.0,115
2026-09-01 12:30:00-04:00,52831.0,52831.0,52883.0,52825.0,52879.0,636
2026-09-01 12:31:00-04:00,52836.0,52836.0,52838.0,52824.0,52832.0,241
2026-09-01 12:32:00-04:00,52824.0,52824.0,52835.0,52822.0,52835.0,114
2026-09-01 12:33:00-04:00,52826.0,52826.0,52838.0,52821.0,52825.0,121
2026-09-01 12:34:00-04:00,52804.0,52804.0,52825.0,52797.0,52825.0,266
2026-09-01 12:35:00-04:00,52825.0,52825.0,52826.0,52804.0,52806.0,216
2026-09-01 12:36:00-04:00,52808.0,52808.0,52827.0,52802.0,52827.0,167
2026-09-01 12:37:00-04:00,52829.0,52829.0,52831.0,52803.0,52805.0,96
2026-09-01 12:38:00-04:00,52840.0,52840.0,52842.0,52830.0,52830.0,125
2026-09-01 12:39:00-04:00,52845.0,52845.0,52849.0,52840.0,52841.0,238
2026-09-01 12:40:00-04:00,52836.0,52836.0,52850.0,52836.0,52843.0,164
2026-09-01 12:41:00-04:00,52864.0,52864.0,52870.0,52838.0,52838.0,166
2026-09-01 12:42:00-04:00,52830.0,52830.0,52864.0,52830.0,52864.0,96
2026-09-01 12:43:00-04:00,52841.0,52841.0,52844.0,52829.0,52830.0,98
2026-09-01 12:44:00-04:00,52824.0,52824.0,52842.0,52824.0,52839.0,80
2026-09-01 12:45:00-04:00,52831.0,52831.0,52833.0,52821.0,52825.0,92
2026-09-01 12:46:00-04:00,52825.0,52825.0,52836.0,52825.0,52832.0,67
2026-09-01 12:47:00-04:00,52823.0,52823.0,52840.0,52822.0,52827.0,77
2026-09-01 12:48:00-04:00,52826.0,52826.0,52832.0,52824.0,52825.0,48
2026-09-01 12:49:00-04:00,52818.0,52818.0,52827.0,52817.0,52827.0,59
2026-09-01 12:50:00-04:00,52827.0,52827.0,52827.0,52810.0,52820.0,83
2026-09-01 12:51:00-04:00,52813.0,52813.0,52827.0,52812.0,52827.0,36
2026-09-01 12:52:00-04:00,52808.0,52808.0,52816.0,52807.0,52816.0,76
2026-09-01 12:53:00-04:00,52802.0,52802.0,52812.0,52802.0,52807.0,53
2026-09-01 12:54:00-04:00,52810.0,52810.0,52811.0,52800.0,52802.0,44
2026-09-01 12:55:00-04:00,52817.0,52817.0,52821.0,52810.0,52811.0,78
2026-09-01 12:56:00-04:00,52821.0,52821.0,52823.0,52807.0,52818.0,67
2026-09-01 12:57:00-04:00,52818.0,52818.0,52831.0,52816.0,52825.0,92
2026-09-01 12:58:00-04:00,52822.0,52822.0,52827.0,52818.0,52818.0,79
2026-09-01 12:59:00-04:00,52817.0,52817.0,52827.0,52816.0,52824.0,59
2026-09-01 13:00:00-04:00,52811.0,52811.0,52822.0,52802.0,52818.0,159
2026-09-01 13:01:00-04:00,52807.0,52807.0,52817.0,52805.0,52811.0,63
2026-09-01 13:02:00-04:00,52812.0,52812.0,52823.0,52805.0,52810.0,60
2026-09-01 13:03:00-04:00,52806.0,52806.0,52818.0,52804.0,52812.0,45
2026-09-01 13:04:00-04:00,52799.0,52799.0,52815.0,52798.0,52801.0,47
2026-09-01 13:05:00-04:00,52806.0,52806.0,52808.0,52798.0,52801.0,51
2026-09-01 13:06:00-04:00,52804.0,52804.0,52809.0,52802.0,52803.0,62
2026-09-01 13:07:00-04:00,52800.0,52800.0,52808.0,52796.0,52804.0,110
2026-09-01 13:08:00-04:00,52807.0,52807.0,52815.0,52796.0,52801.0,84
2026-09-01 13:09:00-04:00,52816.0,52816.0,52818.0,52805.0,52806.0,63
2026-09-01 13:10:00-04:00,52821.0,52821.0,52821.0,52810.0,52810.0,92
2026-09-01 13:11:00-04:00,52828.0,52828.0,52828.0,52817.0,52820.0,109
2026-09-01 13:12:00-04:00,52830.0,52830.0,52830.0,52822.0,52827.0,109
2026-09-01 13:13:00-04:00,52829.0,52829.0,52837.0,52826.0,52828.0,108
2026-09-01 13:14:00-04:00,52839.0,52839.0,52844.0,52828.0,52829.0,77
2026-09-01 13:15:00-04:00,52842.0,52842.0,52842.0,52831.0,52838.0,41
2026-09-01 13:16:00-04:00,52821.0,52821.0,52842.0,52815.0,52837.0,115
2026-09-01 13:17:00-04:00,52812.0,52812.0,52822.0,52810.0,52820.0,62
2026-09-01 13:18:00-04:00,52807.0,52807.0,52818.0,52805.0,52811.0,93
2026-09-01 13:19:00-04:00,52804.0,52804.0,52807.0,52797.0,52806.0,103
2026-09-01 13:20:00-04:00,52804.0,52804.0,52810.0,52802.0,52804.0,70
2026-09-01 13:21:00-04:00,52810.0,52810.0,52813.0,52796.0,52806.0,70
2026-09-01 13:22:00-04:00,52810.0,52810.0,52815.0,52807.0,52810.0,23
2026-09-01 13:23:00-04:00,52807.0,52807.0,52811.0,52807.0,52811.0,21
2026-09-01 13:24:00-04:00,52811.0,52811.0,52814.0,52805.0,52809.0,32
2026-09-01 13:25:00-04:00,52795.0,52795.0,52819.0,52763.0,52812.0,534
2026-09-01 13:26:00-04:00,52791.0,52791.0,52801.0,52783.0,52795.0,175
2026-09-01 13:27:00-04:00,52801.0,52801.0,52804.0,52787.0,52790.0,63
2026-09-01 13:28:00-04:00,52800.0,52800.0,52804.0,52788.0,52803.0,63
2026-09-01 13:29:00-04:00,52814.0,52814.0,52816.0,52799.0,52803.0,79
2026-09-01 13:30:00-04:00,52830.0,52830.0,52833.0,52811.0,52812.0,141
2026-09-01 13:31:00-04:00,52833.0,52833.0,52838.0,52826.0,52829.0,71
2026-09-01 13:32:00-04:00,52827.0,52827.0,52835.0,52824.0,52830.0,87
2026-09-01 13:33:00-04:00,52828.0,52828.0,52828.0,52815.0,52821.0,79
2026-09-01 13:34:00-04:00,52835.0,52835.0,52843.0,52827.0,52829.0,93
2026-09-01 13:35:00-04:00,52840.0,52840.0,52849.0,52836.0,52837.0,56
2026-09-01 13:36:00-04:00,52836.0,52836.0,52843.0,52831.0,52841.0,50
2026-09-01 13:37:00-04:00,52831.0,52831.0,52836.0,52828.0,52834.0,48
2026-09-01 13:38:00-04:00,52832.0,52832.0,52832.0,52817.0,52829.0,65
2026-09-01 13:39:00-04:00,52830.0,52830.0,52838.0,52829.0,52829.0,40
2026-09-01 13:40:00-04:00,52835.0,52835.0,52843.0,52830.0,52840.0,48
2026-09-01 13:41:00-04:00,52847.0,52847.0,52850.0,52831.0,52833.0,88
2026-09-01 13:42:00-04:00,52852.0,52852.0,52855.0,52841.0,52848.0,51
2026-09-01 13:43:00-04:00,52837.0,52837.0,52850.0,52837.0,52850.0,73
2026-09-01 13:44:00-04:00,52841.0,52841.0,52843.0,52836.0,52838.0,51
2026-09-01 13:45:00-04:00,52844.0,52844.0,52849.0,52838.0,52840.0,54
2026-09-01 13:46:00-04:00,52830.0,52830.0,52846.0,52830.0,52844.0,38
2026-09-01 13:47:00-04:00,52836.0,52836.0,52839.0,52834.0,52834.0,22
2026-09-01 13:48:00-04:00,52832.0,52832.0,52840.0,52827.0,52839.0,34
2026-09-01 13:49:00-04:00,52825.0,52825.0,52835.0,52824.0,52833.0,45
2026-09-01 13:50:00-04:00,52826.0,52826.0,52830.0,52818.0,52825.0,58
2026-09-01 13:51:00-04:00,52825.0,52825.0,52827.0,52821.0,52827.0,19
2026-09-01 13:52:00-04:00,52823.0,52823.0,52830.0,52820.0,52821.0,46
2026-09-01 13:53:00-04:00,52812.0,52812.0,52821.0,52812.0,52821.0,41
2026-09-01 13:54:00-04:00,52812.0,52812.0,52815.0,52809.0,52813.0,23
2026-09-01 13:55:00-04:00,52811.0,52811.0,52818.0,52809.0,52812.0,26
2026-09-01 13:56:00-04:00,52812.0,52812.0,52815.0,52811.0,52811.0,33
2026-09-01 13:57:00-04:00,52809.0,52809.0,52812.0,52805.0,52810.0,29
2026-09-01 13:58:00-04:00,52814.0,52814.0,52814.0,52803.0,52810.0,93
2026-09-01 13:59:00-04:00,52822.0,52822.0,52826.0,52818.0,52818.0,76
2026-09-01 14:00:00-04:00,52825.0,52825.0,52831.0,52818.0,52819.0,63
2026-09-01 14:01:00-04:00,52813.0,52813.0,52823.0,52813.0,52823.0,53
2026-09-01 14:02:00-04:00,52826.0,52826.0,52829.0,52812.0,52812.0,86
2026-09-01 14:03:00-04:00,52823.0,52823.0,52832.0,52823.0,52826.0,77
2026-09-01 14:04:00-04:00,52817.0,52817.0,52824.0,52809.0,52824.0,63
2026-09-01 14:05:00-04:00,52818.0,52818.0,52822.0,52812.0,52816.0,60
2026-09-01 14:06:00-04:00,52815.0,52815.0,52820.0,52814.0,52816.0,110
2026-09-01 14:07:00-04:00,52824.0,52824.0,52824.0,52815.0,52815.0,48
2026-09-01 14:08:00-04:00,52831.0,52831.0,52832.0,52822.0,52822.0,58
2026-09-01 14:09:00-04:00,52832.0,52832.0,52835.0,52825.0,52830.0,75
2026-09-01 14:10:00-04:00,52832.0,52832.0,52838.0,52827.0,52832.0,120
2026-09-01 14:11:00-04:00,52836.0,52836.0,52846.0,52832.0,52832.0,68
2026-09-01 14:12:00-04:00,52841.0,52841.0,52843.0,52839.0,52840.0,53
2026-09-01 14:13:00-04:00,52835.0,52835.0,52840.0,52830.0,52840.0,42
2026-09-01 14:14:00-04:00,52830.0,52830.0,52833.0,52828.0,52832.0,33
2026-09-01 14:15:00-04:00,52840.0,52840.0,52841.0,52828.0,52831.0,121
2026-09-01 14:16:00-04:00,52854.0,52854.0,52855.0,52840.0,52840.0,77
2026-09-01 14:17:00-04:00,52858.0,52858.0,52859.0,52845.0,52852.0,121
2026-09-01 14:18:00-04:00,52852.0,52852.0,52859.0,52849.0,52856.0,30
2026-09-01 14:19:00-04:00,52857.0,52857.0,52857.0,52850.0,52850.0,25
2026-09-01 14:20:00-04:00,52861.0,52861.0,52862.0,52854.0,52856.0,64
2026-09-01 14:21:00-04:00,52851.0,52851.0,52864.0,52850.0,52860.0,26
2026-09-01 14:22:00-04:00,52855.0,52855.0,52855.0,52847.0,52850.0,29
2026-09-01 14:23:00-04:00,52851.0,52851.0,52856.0,52842.0,52854.0,87
2026-09-01 14:24:00-04:00,52856.0,52856.0,52856.0,52844.0,52846.0,12
2026-09-01 14:25:00-04:00,52847.0,52847.0,52854.0,52835.0,52854.0,115
2026-09-01 14:26:00-04:00,52840.0,52840.0,52849.0,52839.0,52847.0,26
2026-09-01 14:27:00-04:00,52829.0,52829.0,52840.0,52829.0,52839.0,33
2026-09-01 14:28:00-04:00,52815.0,52815.0,52827.0,52815.0,52826.0,58
2026-09-01 14:29:00-04:00,52817.0,52817.0,52817.0,52808.0,52814.0,44
2026-09-01 14:30:00-04:00,52809.0,52809.0,52819.0,52804.0,52816.0,102
2026-09-01 14:31:00-04:00,52799.0,52799.0,52815.0,52798.0,52808.0,99
2026-09-01 14:32:00-04:00,52813.0,52813.0,52814.0,52799.0,52799.0,49
2026-09-01 14:33:00-04:00,52808.0,52808.0,52813.0,52803.0,52813.0,69
2026-09-01 14:34:00-04:00,52802.0,52802.0,52808.0,52798.0,52807.0,90
2026-09-01 14:35:00-04:00,52802.0,52802.0,52807.0,52798.0,52802.0,73
2026-09-01 14:36:00-04:00,52798.0,52798.0,52808.0,52797.0,52801.0,82
2026-09-01 14:37:00-04:00,52791.0,52791.0,52799.0,52787.0,52797.0,67
2026-09-01 14:38:00-04:00,52786.0,52786.0,52796.0,52785.0,52792.0,56
2026-09-01 14:39:00-04:00,52789.0,52789.0,52791.0,52779.0,52787.0,99
2026-09-01 14:40:00-04:00,52793.0,52793.0,52798.0,52789.0,52789.0,57
2026-09-01 14:41:00-04:00,52786.0,52786.0,52796.0,52786.0,52793.0,82
2026-09-01 14:42:00-04:00,52773.0,52773.0,52790.0,52771.0,52787.0,120
2026-09-01 14:43:00-04:00,52765.0,52765.0,52781.0,52762.0,52772.0,112
2026-09-01 14:44:00-04:00,52756.0,52756.0,52767.0,52754.0,52766.0,104
2026-09-01 14:45:00-04:00,52748.0,52748.0,52760.0,52747.0,52755.0,103
2026-09-01 14:46:00-04:00,52761.0,52761.0,52762.0,52748.0,52748.0,101
2026-09-01 14:47:00-04:00,52772.0,52772.0,52772.0,52758.0,52763.0,209
2026-09-01 14:48:00-04:00,52769.0,52769.0,52775.0,52759.0,52772.0,140
2026-09-01 14:49:00-04:00,52782.0,52782.0,52787.0,52769.0,52769.0,87
2026-09-01 14:50:00-04:00,52782.0,52782.0,52786.0,52776.0,52781.0,54
2026-09-01 14:51:00-04:00,52785.0,52785.0,52790.0,52775.0,52780.0,85
2026-09-01 14:52:00-04:00,52789.0,52789.0,52794.0,52782.0,52784.0,86
2026-09-01 14:53:00-04:00,52782.0,52782.0,52790.0,52779.0,52788.0,80
2026-09-01 14:54:00-04:00,52778.0,52778.0,52780.0,52773.0,52776.0,33
2026-09-01 14:55:00-04:00,52782.0,52782.0,52787.0,52770.0,52775.0,107
2026-09-01 14:56:00-04:00,52797.0,52797.0,52799.0,52776.0,52779.0,130
2026-09-01 14:57:00-04:00,52794.0,52794.0,52797.0,52789.0,52795.0,49
2026-09-01 14:58:00-04:00,52804.0,52804.0,52808.0,52795.0,52797.0,66
2026-09-01 14:59:00-04:00,52792.0,52792.0,52803.0,52792.0,52803.0,45
2026-09-01 15:00:00-04:00,52802.0,52802.0,52809.0,52785.0,52794.0,179
2026-09-01 15:01:00-04:00,52809.0,52809.0,52809.0,52800.0,52808.0,53
2026-09-01 15:02:00-04:00,52799.0,52799.0,52809.0,52796.0,52809.0,48
2026-09-01 15:03:00-04:00,52811.0,52811.0,52811.0,52796.0,52798.0,48
2026-09-01 15:04:00-04:00,52825.0,52825.0,52827.0,52810.0,52812.0,113
2026-09-01 15:05:00-04:00,52815.0,52815.0,52826.0,52814.0,52826.0,101
2026-09-01 15:06:00-04:00,52825.0,52825.0,52825.0,52814.0,52814.0,37
2026-09-01 15:07:00-04:00,52811.0,52811.0,52821.0,52808.0,52821.0,47
2026-09-01 15:08:00-04:00,52816.0,52816.0,52818.0,52808.0,52809.0,48
2026-09-01 15:09:00-04:00,52816.0,52816.0,52818.0,52806.0,52817.0,38
2026-09-01 15:10:00-04:00,52818.0,52818.0,52826.0,52815.0,52819.0,37
2026-09-01 15:11:00-04:00,52826.0,52826.0,52835.0,52819.0,52819.0,52
2026-09-01 15:12:00-04:00,52839.0,52839.0,52841.0,52821.0,52825.0,96
2026-09-01 15:13:00-04:00,52843.0,52843.0,52846.0,52835.0,52839.0,63
2026-09-01 15:14:00-04:00,52854.0,52854.0,52855.0,52842.0,52842.0,80
2026-09-01 15:15:00-04:00,52860.0,52860.0,52863.0,52852.0,52854.0,104
2026-09-01 15:16:00-04:00,52842.0,52842.0,52862.0,52842.0,52862.0,82
2026-09-01 15:17:00-04:00,52839.0,52839.0,52850.0,52838.0,52843.0,47
2026-09-01 15:18:00-04:00,52829.0,52829.0,52847.0,52829.0,52839.0,47
2026-09-01 15:19:00-04:00,52841.0,52841.0,52841.0,52831.0,52834.0,30
2026-09-01 15:20:00-04:00,52831.0,52831.0,52844.0,52831.0,52841.0,58
2026-09-01 15:21:00-04:00,52827.0,52827.0,52836.0,52826.0,52832.0,35
2026-09-01 15:22:00-04:00,52834.0,52834.0,52835.0,52818.0,52825.0,40
2026-09-01 15:23:00-04:00,52833.0,52833.0,52834.0,52826.0,52832.0,41
2026-09-01 15:24:00-04:00,52822.0,52822.0,52831.0,52822.0,52831.0,25
2026-09-01 15:25:00-04:00,52824.0,52824.0,52833.0,52820.0,52824.0,51
2026-09-01 15:26:00-04:00,52821.0,52821.0,52824.0,52820.0,52823.0,31
2026-09-01 15:27:00-04:00,52825.0,52825.0,52827.0,52822.0,52823.0,65
2026-09-01 15:28:00-04:00,52825.0,52825.0,52827.0,52821.0,52824.0,31
2026-09-01 15:29:00-04:00,52826.0,52826.0,52831.0,52818.0,52826.0,39
2026-09-01 15:30:00-04:00,52805.0,52805.0,52826.0,52803.0,52826.0,114
2026-09-01 15:31:00-04:00,52808.0,52808.0,52811.0,52805.0,52806.0,49
2026-09-01 15:32:00-04:00,52799.0,52799.0,52809.0,52798.0,52804.0,100
2026-09-01 15:33:00-04:00,52801.0,52801.0,52804.0,52797.0,52799.0,88
2026-09-01 15:34:00-04:00,52815.0,52815.0,52815.0,52797.0,52800.0,69
2026-09-01 15:35:00-04:00,52825.0,52825.0,52828.0,52812.0,52814.0,75
2026-09-01 15:36:00-04:00,52808.0,52808.0,52821.0,52806.0,52821.0,59
2026-09-01 15:37:00-04:00,52811.0,52811.0,52811.0,52804.0,52809.0,34
2026-09-01 15:38:00-04:00,52801.0,52801.0,52809.0,52800.0,52807.0,47
2026-09-01 15:39:00-04:00,52795.0,52795.0,52802.0,52793.0,52798.0,100
2026-09-01 15:40:00-04:00,52808.0,52808.0,52809.0,52790.0,52796.0,83
2026-09-01 15:41:00-04:00,52807.0,52807.0,52819.0,52805.0,52808.0,64
2026-09-01 15:42:00-04:00,52792.0,52792.0,52810.0,52792.0,52808.0,43
2026-09-01 15:43:00-04:00,52795.0,52795.0,52798.0,52790.0,52790.0,78
2026-09-01 15:44:00-04:00,52797.0,52797.0,52800.0,52791.0,52794.0,56
2026-09-01 15:45:00-04:00,52798.0,52798.0,52806.0,52793.0,52797.0,223
2026-09-01 15:46:00-04:00,52798.0,52798.0,52802.0,52793.0,52796.0,95
2026-09-01 15:47:00-04:00,52812.0,52812.0,52812.0,52795.0,52797.0,98
2026-09-01 15:48:00-04:00,52800.0,52800.0,52815.0,52800.0,52811.0,240
2026-09-01 15:49:00-04:00,52802.0,52802.0,52809.0,52792.0,52802.0,143
2026-09-01 15:50:00-04:00,52797.0,52797.0,52803.0,52782.0,52803.0,234
2026-09-01 15:51:00-04:00,52793.0,52793.0,52801.0,52787.0,52795.0,84
2026-09-01 15:52:00-04:00,52796.0,52796.0,52798.0,52790.0,52794.0,106
2026-09-01 15:53:00-04:00,52789.0,52789.0,52794.0,52781.0,52794.0,120
2026-09-01 15:54:00-04:00,52802.0,52802.0,52806.0,52785.0,52789.0,189
2026-09-01 15:55:00-04:00,52787.0,52787.0,52812.0,52786.0,52802.0,277
2026-09-01 15:56:00-04:00,52784.0,52784.0,52789.0,52774.0,52788.0,168
2026-09-01 15:57:00-04:00,52782.0,52782.0,52789.0,52777.0,52786.0,91
2026-09-01 15:58:00-04:00,52801.0,52801.0,52802.0,52776.0,52783.0,379
2026-09-01 15:59:00-04:00,52839.0,52839.0,52845.0,52794.0,52800.0,2574
2026-09-01 16:00:00-04:00,52812.0,52812.0,52855.0,52810.0,52840.0,1001
2026-09-01 16:01:00-04:00,52809.0,52809.0,52821.0,52809.0,52813.0,105
2026-09-01 16:02:00-04:00,52804.0,52804.0,52815.0,52804.0,52808.0,42
2026-09-01 16:03:00-04:00,52805.0,52805.0,52805.0,52798.0,52802.0,25
2026-09-01 16:04:00-04:00,52818.0,52818.0,52825.0,52807.0,52807.0,147
2026-09-01 16:05:00-04:00,52817.0,52817.0,52827.0,52810.0,52820.0,88
2026-09-01 16:06:00-04:00,52817.0,52817.0,52828.0,52816.0,52820.0,76
2026-09-01 16:07:00-04:00,52817.0,52817.0,52820.0,52814.0,52817.0,29
2026-09-01 16:08:00-04:00,52816.0,52816.0,52817.0,52814.0,52815.0,23
2026-09-01 16:09:00-04:00,52812.0,52812.0,52819.0,52811.0,52816.0,38
2026-09-01 16:10:00-04:00,52818.0,52818.0,52818.0,52810.0,52812.0,60
2026-09-01 16:11:00-04:00,52818.0,52818.0,52822.0,52814.0,52818.0,38
2026-09-01 16:12:00-04:00,52811.0,52811.0,52818.0,52810.0,52818.0,33
2026-09-01 16:13:00-04:00,52812.0,52812.0,52816.0,52808.0,52812.0,66
2026-09-01 16:14:00-04:00,52815.0,52815.0,52820.0,52812.0,52814.0,29
2026-09-01 16:15:00-04:00,52817.0,52817.0,52820.0,52816.0,52818.0,14
2026-09-01 16:16:00-04:00,52830.0,52830.0,52833.0,52817.0,52818.0,74
2026-09-01 16:17:00-04:00,52828.0,52828.0,52832.0,52826.0,52830.0,55
2026-09-01 16:18:00-04:00,52831.0,52831.0,52835.0,52828.0,52833.0,31
2026-09-01 16:19:00-04:00,52833.0,52833.0,52835.0,52831.0,52831.0,18
2026-09-01 16:20:00-04:00,52840.0,52840.0,52841.0,52833.0,52833.0,14
2026-09-01 16:21:00-04:00,52833.0,52833.0,52838.0,52833.0,52838.0,10
2026-09-01 16:22:00-04:00,52834.0,52834.0,52834.0,52832.0,52832.0,5
2026-09-01 16:23:00-04:00,52834.0,52834.0,52835.0,52833.0,52833.0,7
2026-09-01 16:24:00-04:00,52836.0,52836.0,52837.0,52834.0,52835.0,13
2026-09-01 16:25:00-04:00,52837.0,52837.0,52838.0,52836.0,52836.0,4
2026-09-01 16:26:00-04:00,52839.0,52839.0,52839.0,52836.0,52839.0,10
2026-09-01 16:27:00-04:00,52839.0,52839.0,52840.0,52837.0,52839.0,19
2026-09-01 16:28:00-04:00,52840.0,52840.0,52840.0,52837.0,52839.0,32
2026-09-01 16:29:00-04:00,52835.0,52835.0,52838.0,52834.0,52838.0,12
2026-09-01 16:30:00-04:00,52831.0,52831.0,52835.0,52831.0,52833.0,26
2026-09-01 16:31:00-04:00,52832.0,52832.0,52835.0,52832.0,52832.0,13
2026-09-01 16:32:00-04:00,52830.0,52830.0,52833.0,52830.0,52831.0,9
2026-09-01 16:33:00-04:00,52829.0,52829.0,52832.0,52829.0,52832.0,5
2026-09-01 16:34:00-04:00,52830.0,52830.0,52830.0,52827.0,52828.0,10
2026-09-01 16:35:00-04:00,52831.0,52831.0,52832.0,52829.0,52830.0,11
2026-09-01 16:36:00-04:00,52832.0,52832.0,52832.0,52829.0,52829.0,5
2026-09-01 16:37:00-04:00,52833.0,52833.0,52833.0,52829.0,52829.0,2
2026-09-01 16:38:00-04:00,52830.0,52830.0,52831.0,52830.0,52831.0,2
2026-09-01 16:39:00-04:00,52832.0,52832.0,52834.0,52830.0,52830.0,19
2026-09-01 16:40:00-04:00,52832.0,52832.0,52835.0,52831.0,52832.0,10
2026-09-01 16:41:00-04:00,52831.0,52831.0,52831.0,52831.0,52831.0,5
2026-09-01 16:42:00-04:00,52844.0,52844.0,52850.0,52831.0,52831.0,60
2026-09-01 16:43:00-04:00,52840.0,52840.0,52840.0,52840.0,52840.0,1
2026-09-01 16:44:00-04:00,52840.0,52840.0,52842.0,52840.0,52842.0,5
2026-09-01 16:45:00-04:00,52837.0,52837.0,52842.0,52837.0,52838.0,11
2026-09-01 16:46:00-04:00,52833.0,52833.0,52837.0,52833.0,52837.0,5
2026-09-01 16:47:00-04:00,52835.0,52835.0,52836.0,52834.0,52836.0,3
2026-09-01 16:48:00-04:00,52839.0,52839.0,52840.0,52835.0,52835.0,14
2026-09-01 16:49:00-04:00,52838.0,52838.0,52841.0,52837.0,52839.0,8
2026-09-01 16:50:00-04:00,52845.0,52845.0,52846.0,52839.0,52839.0,22
2026-09-01 16:51:00-04:00,52845.0,52845.0,52847.0,52843.0,52845.0,6
2026-09-01 16:52:00-04:00,52848.0,52848.0,52850.0,52848.0,52848.0,13
2026-09-01 16:53:00-04:00,52847.0,52847.0,52849.0,52847.0,52847.0,18
2026-09-01 16:54:00-04:00,52850.0,52850.0,52850.0,52844.0,52844.0,13
2026-09-01 16:55:00-04:00,52849.0,52849.0,52852.0,52848.0,52848.0,11
2026-09-01 16:56:00-04:00,52847.0,52847.0,52849.0,52844.0,52849.0,6
2026-09-01 16:57:00-04:00,52843.0,52843.0,52848.0,52843.0,52848.0,5
2026-09-01 16:58:00-04:00,52844.0,52844.0,52847.0,52840.0,52847.0,18
2026-09-01 16:59:00-04:00,52846.0,52846.0,52850.0,52841.0,52842.0,15
2026-09-01 17:00:00-04:00,52847.0,52847.0,52847.0,52847.0,52847.0,1
2026-09-01 18:00:00-04:00,52839.0,52839.0,52854.0,52839.0,52844.0,0
2026-09-01 18:01:00-04:00,52830.0,52830.0,52843.0,52830.0,52843.0,31
2026-09-01 18:02:00-04:00,52836.0,52836.0,52836.0,52827.0,52832.0,22
2026-09-01 18:03:00-04:00,52834.0,52834.0,52847.0,52826.0,52833.0,20
2026-09-01 18:04:00-04:00,52830.0,52830.0,52842.0,52830.0,52839.0,19
2026-09-01 18:05:00-04:00,52830.0,52830.0,52833.0,52825.0,52830.0,9
2026-09-01 18:06:00-04:00,52829.0,52829.0,52832.0,52824.0,52824.0,6
2026-09-01 18:07:00-04:00,52834.0,52834.0,52834.0,52822.0,52822.0,6
2026-09-01 18:08:00-04:00,52841.0,52841.0,52841.0,52833.0,52833.0,12
2026-09-01 18:09:00-04:00,52829.0,52829.0,52837.0,52827.0,52837.0,11
2026-09-01 18:10:00-04:00,52831.0,52831.0,52831.0,52830.0,52830.0,3
2026-09-01 18:15:00-04:00,52838.0,52838.0,52838.0,52836.0,52836.0,3
2026-09-01 18:16:00-04:00,52838.0,52838.0,52838.0,52833.0,52837.0,5
2026-09-01 18:17:00-04:00,52835.0,52835.0,52837.0,52835.0,52837.0,2
2026-09-01 18:18:00-04:00,52835.0,52835.0,52835.0,52832.0,52834.0,7
2026-09-01 18:21:00-04:00,52833.0,52833.0,52833.0,52833.0,52833.0,1
2026-09-01 18:22:00-04:00,52832.0,52832.0,52832.0,52832.0,52832.0,1
2026-09-01 18:23:00-04:00,52834.0,52834.0,52835.0,52834.0,52834.0,9
2026-09-01 18:24:00-04:00,52836.0,52836.0,52836.0,52833.0,52833.0,7
2026-09-01 18:25:00-04:00,52836.0,52836.0,52836.0,52836.0,52836.0,2
2026-09-01 18:26:00-04:00,52836.0,52836.0,52836.0,52836.0,52836.0,4
2026-09-01 18:27:00-04:00,52833.0,52833.0,52837.0,52833.0,52837.0,5
2026-09-01 18:28:00-04:00,52835.0,52835.0,52836.0,52834.0,52834.0,4
2026-09-01 18:29:00-04:00,52835.0,52835.0,52835.0,52835.0,52835.0,1
2026-09-01 18:30:00-04:00,52833.0,52833.0,52833.0,52833.0,52833.0,1
2026-09-01 18:31:00-04:00,52836.0,52836.0,52836.0,52836.0,52836.0,1
2026-09-01 18:32:00-04:00,52834.0,52834.0,52834.0,52834.0,52834.0,1
2026-09-01 18:33:00-04:00,52837.0,52837.0,52837.0,52835.0,52835.0,4
2026-09-01 18:35:00-04:00,52832.0,52832.0,52832.0,52832.0,52832.0,1
2026-09-01 18:36:00-04:00,52836.0,52836.0,52836.0,52836.0,52836.0,2
2026-09-01 18:37:00-04:00,52839.0,52839.0,52839.0,52837.0,52837.0,5
2026-09-01 18:39:00-04:00,52836.0,52836.0,52836.0,52836.0,52836.0,1
2026-09-01 18:40:00-04:00,52834.0,52834.0,52841.0,52834.0,52841.0,8
2026-09-01 18:41:00-04:00,52833.0,52833.0,52834.0,52833.0,52834.0,2
2026-09-01 18:46:00-04:00,52836.0,52836.0,52836.0,52836.0,52836.0,1
2026-09-01 18:47:00-04:00,52836.0,52836.0,52836.0,52836.0,52836.0,1
2026-09-01 18:48:00-04:00,52839.0,52839.0,52839.0,52837.0,52837.0,2
2026-09-01 18:49:00-04:00,52844.0,52844.0,52844.0,52841.0,52841.0,2
2026-09-01 18:51:00-04:00,52845.0,52845.0,52848.0,52840.0,52840.0,3
2026-09-01 18:52:00-04:00,52847.0,52847.0,52847.0,52844.0,52844.0,2
2026-09-01 18:53:00-04:00,52845.0,52845.0,52845.0,52845.0,52845.0,1
2026-09-01 18:55:00-04:00,52842.0,52842.0,52842.0,52842.0,52842.0,1
2026-09-01 18:56:00-04:00,52838.0,52838.0,52838.0,52838.0,52838.0,1
2026-09-01 18:58:00-04:00,52840.0,52840.0,52840.0,52838.0,52840.0,4
2026-09-01 19:01:00-04:00,52840.0,52840.0,52842.0,52840.0,52840.0,3
2026-09-01 19:02:00-04:00,52838.0,52838.0,52838.0,52838.0,52838.0,5
2026-09-01 19:03:00-04:00,52839.0,52839.0,52839.0,52839.0,52839.0,1
2026-09-01 19:05:00-04:00,52836.0,52836.0,52836.0,52836.0,52836.0,1
2026-09-01 19:06:00-04:00,52838.0,52838.0,52838.0,52838.0,52838.0,2
2026-09-01 19:07:00-04:00,52833.0,52833.0,52835.0,52831.0,52835.0,4
2026-09-01 19:08:00-04:00,52840.0,52840.0,52841.0,52835.0,52835.0,37
2026-09-01 19:10:00-04:00,52837.0,52837.0,52837.0,52837.0,52837.0,2
2026-09-01 19:11:00-04:00,52838.0,52838.0,52838.0,52837.0,52837.0,3
2026-09-01 19:12:00-04:00,52837.0,52837.0,52837.0,52837.0,52837.0,1
2026-09-01 19:13:00-04:00,52838.0,52838.0,52838.0,52838.0,52838.0,2
2026-09-01 19:15:00-04:00,52839.0,52839.0,52839.0,52837.0,52837.0,2
2026-09-01 19:16:00-04:00,52837.0,52837.0,52837.0,52837.0,52837.0,2
2026-09-01 19:18:00-04:00,52839.0,52839.0,52839.0,52839.0,52839.0,1
2026-09-01 19:19:00-04:00,52837.0,52837.0,52837.0,52837.0,52837.0,3
2026-09-01 19:21:00-04:00,52833.0,52833.0,52833.0,52833.0,52833.0,2
2026-09-01 19:22:00-04:00,52835.0,52835.0,52835.0,52835.0,52835.0,2
2026-09-01 19:23:00-04:00,52836.0,52836.0,52836.0,52836.0,52836.0,1
2026-09-01 19:24:00-04:00,52837.0,52837.0,52840.0,52836.0,52837.0,12
2026-09-01 19:25:00-04:00,52835.0,52835.0,52836.0,52835.0,52836.0,2
2026-09-01 19:26:00-04:00,52838.0,52838.0,52838.0,52837.0,52837.0,4
2026-09-01 19:28:00-04:00,52837.0,52837.0,52837.0,52837.0,52837.0,2
2026-09-01 19:29:00-04:00,52839.0,52839.0,52839.0,52839.0,52839.0,1
2026-09-01 19:30:00-04:00,52839.0,52839.0,52839.0,52838.0,52838.0,6
2026-09-01 19:31:00-04:00,52838.0,52838.0,52839.0,52838.0,52839.0,4
2026-09-01 19:32:00-04:00,52839.0,52839.0,52839.0,52839.0,52839.0,2
2026-09-01 19:35:00-04:00,52838.0,52838.0,52838.0,52837.0,52837.0,2
2026-09-01 19:36:00-04:00,52838.0,52838.0,52838.0,52836.0,52836.0,2
2026-09-01 19:37:00-04:00,52839.0,52839.0,52839.0,52839.0,52839.0,1
2026-09-01 19:38:00-04:00,52841.0,52841.0,52841.0,52841.0,52841.0,2
2026-09-01 19:40:00-04:00,52837.0,52837.0,52837.0,52837.0,52837.0,1
2026-09-01 19:42:00-04:00,52835.0,52835.0,52837.0,52835.0,52837.0,3
2026-09-01 19:44:00-04:00,52839.0,52839.0,52839.0,52837.0,52837.0,3
2026-09-01 19:45:00-04:00,52834.0,52834.0,52840.0,52834.0,52840.0,10
2026-09-01 19:46:00-04:00,52839.0,52839.0,52840.0,52838.0,52839.0,5
2026-09-01 19:47:00-04:00,52836.0,52836.0,52838.0,52836.0,52838.0,3
2026-09-01 19:48:00-04:00,52837.0,52837.0,52837.0,52837.0,52837.0,2
2026-09-01 19:49:00-04:00,52837.0,52837.0,52837.0,52837.0,52837.0,1
2026-09-01 19:50:00-04:00,52837.0,52837.0,52838.0,52837.0,52838.0,4
2026-09-01 19:51:00-04:00,52832.0,52832.0,52836.0,52832.0,52836.0,6
2026-09-01 19:52:00-04:00,52833.0,52833.0,52834.0,52833.0,52834.0,4
2026-09-01 19:53:00-04:00,52836.0,52836.0,52837.0,52834.0,52834.0,3
2026-09-01 19:54:00-04:00,52831.0,52831.0,52833.0,52831.0,52833.0,8
2026-09-01 19:55:00-04:00,52836.0,52836.0,52836.0,52833.0,52834.0,11
2026-09-01 19:56:00-04:00,52836.0,52836.0,52836.0,52833.0,52833.0,5
2026-09-01 19:57:00-04:00,52836.0,52836.0,52836.0,52836.0,52836.0,2
2026-09-01 19:58:00-04:00,52837.0,52837.0,52837.0,52835.0,52836.0,4
2026-09-01 19:59:00-04:00,52838.0,52838.0,52839.0,52837.0,52838.0,7
2026-09-01 20:00:00-04:00,52829.0,52829.0,52838.0,52826.0,52838.0,33
2026-09-01 20:01:00-04:00,52834.0,52834.0,52835.0,52830.0,52831.0,11
2026-09-01 20:02:00-04:00,52831.0,52831.0,52832.0,52830.0,52831.0,14
2026-09-01 20:03:00-04:00,52832.0,52832.0,52835.0,52831.0,52835.0,8
2026-09-01 20:04:00-04:00,52836.0,52836.0,52836.0,52836.0,52836.0,4
2026-09-01 20:05:00-04:00,52829.0,52829.0,52830.0,52826.0,52830.0,8
2026-09-01 20:06:00-04:00,52824.0,52824.0,52831.0,52823.0,52830.0,24
2026-09-01 20:07:00-04:00,52823.0,52823.0,52827.0,52822.0,52825.0,11
2026-09-01 20:08:00-04:00,52825.0,52825.0,52826.0,52824.0,52825.0,6
2026-09-01 20:09:00-04:00,52832.0,52832.0,52838.0,52829.0,52829.0,16
2026-09-01 20:10:00-04:00,52826.0,52826.0,52828.0,52826.0,52828.0,9
2026-09-01 20:11:00-04:00,52820.0,52820.0,52826.0,52819.0,52826.0,19
2026-09-01 20:12:00-04:00,52826.0,52826.0,52829.0,52822.0,52822.0,7
2026-09-01 20:13:00-04:00,52832.0,52832.0,52832.0,52822.0,52823.0,16
2026-09-01 20:14:00-04:00,52825.0,52825.0,52832.0,52824.0,52831.0,14
2026-09-01 20:15:00-04:00,52831.0,52831.0,52839.0,52828.0,52832.0,35
2026-09-01 20:16:00-04:00,52832.0,52832.0,52834.0,52831.0,52832.0,11
2026-09-01 20:17:00-04:00,52830.0,52830.0,52832.0,52830.0,52832.0,9
2026-09-01 20:18:00-04:00,52832.0,52832.0,52834.0,52830.0,52830.0,5
2026-09-01 20:19:00-04:00,52826.0,52826.0,52830.0,52825.0,52828.0,11
2026-09-01 20:20:00-04:00,52829.0,52829.0,52830.0,52829.0,52829.0,3
2026-09-01 20:21:00-04:00,52832.0,52832.0,52832.0,52832.0,52832.0,3
2026-09-01 20:22:00-04:00,52846.0,52846.0,52864.0,52830.0,52830.0,106
2026-09-01 20:23:00-04:00,52842.0,52842.0,52852.0,52842.0,52847.0,50
2026-09-01 20:24:00-04:00,52835.0,52835.0,52837.0,52834.0,52837.0,5
2026-09-01 20:25:00-04:00,52829.0,52829.0,52829.0,52828.0,52828.0,2
2026-09-01 20:26:00-04:00,52834.0,52834.0,52834.0,52834.0,52834.0,2
2026-09-01 20:27:00-04:00,52828.0,52828.0,52832.0,52825.0,52832.0,13
2026-09-01 20:28:00-04:00,52829.0,52829.0,52829.0,52823.0,52825.0,15
2026-09-01 20:29:00-04:00,52825.0,52825.0,52830.0,52825.0,52830.0,5
2026-09-01 20:30:00-04:00,52818.0,52818.0,52826.0,52818.0,52825.0,21
2026-09-01 20:31:00-04:00,52825.0,52825.0,52828.0,52814.0,52817.0,43
2026-09-01 20:32:00-04:00,52839.0,52839.0,52839.0,52826.0,52826.0,9
2026-09-01 20:33:00-04:00,52828.0,52828.0,52831.0,52828.0,52831.0,3
2026-09-01 20:34:00-04:00,52827.0,52827.0,52829.0,52827.0,52829.0,2
2026-09-01 20:35:00-04:00,52826.0,52826.0,52826.0,52826.0,52826.0,3
2026-09-01 20:36:00-04:00,52826.0,52826.0,52832.0,52826.0,52832.0,8
2026-09-01 20:37:00-04:00,52835.0,52835.0,52835.0,52827.0,52827.0,6
2026-09-01 20:38:00-04:00,52833.0,52833.0,52835.0,52833.0,52835.0,2
2026-09-01 20:39:00-04:00,52828.0,52828.0,52828.0,52826.0,52827.0,8
2026-09-01 20:40:00-04:00,52812.0,52812.0,52827.0,52812.0,52827.0,24
2026-09-01 20:41:00-04:00,52818.0,52818.0,52820.0,52811.0,52811.0,22
2026-09-01 20:42:00-04:00,52823.0,52823.0,52823.0,52820.0,52820.0,3
2026-09-01 20:43:00-04:00,52824.0,52824.0,52824.0,52822.0,52824.0,6
2026-09-01 20:45:00-04:00,52828.0,52828.0,52828.0,52826.0,52826.0,2
2026-09-01 20:46:00-04:00,52827.0,52827.0,52830.0,52827.0,52830.0,4
2026-09-01 20:47:00-04:00,52829.0,52829.0,52829.0,52826.0,52826.0,5
2026-09-01 20:48:00-04:00,52824.0,52824.0,52824.0,52824.0,52824.0,3
2026-09-01 20:50:00-04:00,52822.0,52822.0,52825.0,52821.0,52821.0,6
2026-09-01 20:51:00-04:00,52824.0,52824.0,52825.0,52823.0,52823.0,8
2026-09-01 20:52:00-04:00,52824.0,52824.0,52824.0,52824.0,52824.0,1
2026-09-01 20:54:00-04:00,52821.0,52821.0,52824.0,52820.0,52820.0,3
2026-09-01 20:55:00-04:00,52824.0,52824.0,52824.0,52824.0,52824.0,1
2026-09-01 20:56:00-04:00,52824.0,52824.0,52824.0,52824.0,52824.0,1
2026-09-01 20:57:00-04:00,52823.0,52823.0,52823.0,52823.0,52823.0,1
2026-09-01 20:58:00-04:00,52827.0,52827.0,52827.0,52827.0,52827.0,2
2026-09-01 20:59:00-04:00,52803.0,52803.0,52819.0,52803.0,52819.0,38
2026-09-01 21:00:00-04:00,52808.0,52808.0,52814.0,52796.0,52802.0,63
2026-09-01 21:01:00-04:00,52801.0,52801.0,52809.0,52800.0,52808.0,15
2026-09-01 21:02:00-04:00,52801.0,52801.0,52804.0,52799.0,52801.0,11
2026-09-01 21:03:00-04:00,52807.0,52807.0,52807.0,52800.0,52804.0,22
2026-09-01 21:04:00-04:00,52807.0,52807.0,52810.0,52807.0,52810.0,3
2026-09-01 21:05:00-04:00,52802.0,52802.0,52802.0,52802.0,52802.0,1
2026-09-01 21:06:00-04:00,52794.0,52794.0,52798.0,52792.0,52798.0,20
2026-09-01 21:07:00-04:00,52801.0,52801.0,52801.0,52793.0,52797.0,18
2026-09-01 21:08:00-04:00,52797.0,52797.0,52800.0,52797.0,52798.0,12
2026-09-01 21:09:00-04:00,52794.0,52794.0,52798.0,52794.0,52798.0,8
2026-09-01 21:10:00-04:00,52795.0,52795.0,52795.0,52793.0,52793.0,6
2026-09-01 21:11:00-04:00,52792.0,52792.0,52795.0,52788.0,52795.0,54
2026-09-01 21:12:00-04:00,52795.0,52795.0,52795.0,52794.0,52794.0,6
2026-09-01 21:13:00-04:00,52788.0,52788.0,52794.0,52776.0,52794.0,59
2026-09-01 21:14:00-04:00,52789.0,52789.0,52793.0,52786.0,52786.0,6
2026-09-01 21:15:00-04:00,52799.0,52799.0,52801.0,52785.0,52787.0,32
2026-09-01 21:16:00-04:00,52797.0,52797.0,52799.0,52792.0,52794.0,15
2026-09-01 21:17:00-04:00,52797.0,52797.0,52797.0,52797.0,52797.0,2
2026-09-01 21:18:00-04:00,52802.0,52802.0,52802.0,52802.0,52802.0,2
2026-09-01 21:19:00-04:00,52797.0,52797.0,52798.0,52797.0,52798.0,3
2026-09-01 21:21:00-04:00,52801.0,52801.0,52801.0,52801.0,52801.0,3
2026-09-01 21:22:00-04:00,52793.0,52793.0,52803.0,52793.0,52800.0,9
2026-09-01 21:23:00-04:00,52805.0,52805.0,52805.0,52795.0,52795.0,6
2026-09-01 21:24:00-04:00,52806.0,52806.0,52806.0,52802.0,52804.0,4
2026-09-01 21:25:00-04:00,52806.0,52806.0,52810.0,52806.0,52807.0,6
2026-09-01 21:26:00-04:00,52810.0,52810.0,52810.0,52810.0,52810.0,2
2026-09-01 21:27:00-04:00,52806.0,52806.0,52808.0,52806.0,52808.0,2
2026-09-01 21:28:00-04:00,52803.0,52803.0,52803.0,52801.0,52801.0,2
2026-09-01 21:29:00-04:00,52804.0,52804.0,52804.0,52803.0,52803.0,4
2026-09-01 21:30:00-04:00,52795.0,52795.0,52802.0,52792.0,52802.0,12
2026-09-01 21:31:00-04:00,52803.0,52803.0,52804.0,52800.0,52800.0,3
2026-09-01 21:32:00-04:00,52807.0,52807.0,52807.0,52801.0,52807.0,5
2026-09-01 21:33:00-04:00,52805.0,52805.0,52805.0,52804.0,52805.0,42
2026-09-01 21:34:00-04:00,52808.0,52808.0,52808.0,52804.0,52804.0,4
2026-09-01 21:35:00-04:00,52804.0,52804.0,52810.0,52801.0,52809.0,13
2026-09-01 21:36:00-04:00,52801.0,52801.0,52804.0,52799.0,52804.0,6
2026-09-01 21:37:00-04:00,52797.0,52797.0,52802.0,52797.0,52800.0,9
2026-09-01 21:38:00-04:00,52796.0,52796.0,52797.0,52794.0,52796.0,5
2026-09-01 21:39:00-04:00,52798.0,52798.0,52798.0,52794.0,52794.0,9
2026-09-01 21:40:00-04:00,52793.0,52793.0,52797.0,52793.0,52797.0,13
2026-09-01 21:41:00-04:00,52796.0,52796.0,52796.0,52793.0,52795.0,7
2026-09-01 21:42:00-04:00,52796.0,52796.0,52796.0,52796.0,52796.0,1
2026-09-01 21:43:00-04:00,52794.0,52794.0,52800.0,52794.0,52797.0,13
2026-09-01 21:44:00-04:00,52792.0,52792.0,52795.0,52791.0,52794.0,5
2026-09-01 21:45:00-04:00,52794.0,52794.0,52796.0,52794.0,52795.0,5
2026-09-01 21:47:00-04:00,52790.0,52790.0,52793.0,52790.0,52793.0,6
2026-09-01 21:48:00-04:00,52788.0,52788.0,52792.0,52788.0,52792.0,4
2026-09-01 21:49:00-04:00,52793.0,52793.0,52793.0,52790.0,52790.0,14
2026-09-01 21:50:00-04:00,52779.0,52779.0,52789.0,52778.0,52789.0,9
2026-09-01 21:51:00-04:00,52784.0,52784.0,52785.0,52779.0,52779.0,7
2026-09-01 21:52:00-04:00,52780.0,52780.0,52780.0,52777.0,52777.0,8
2026-09-01 21:53:00-04:00,52783.0,52783.0,52785.0,52779.0,52785.0,13
2026-09-01 21:54:00-04:00,52787.0,52787.0,52790.0,52785.0,52785.0,17
2026-09-01 21:55:00-04:00,52795.0,52795.0,52795.0,52787.0,52787.0,5
2026-09-01 21:56:00-04:00,52801.0,52801.0,52801.0,52795.0,52795.0,6
2026-09-01 21:57:00-04:00,52792.0,52792.0,52792.0,52792.0,52792.0,1
2026-09-01 21:58:00-04:00,52799.0,52799.0,52799.0,52791.0,52791.0,10
2026-09-01 21:59:00-04:00,52800.0,52800.0,52800.0,52795.0,52800.0,5
2026-09-01 22:00:00-04:00,52801.0,52801.0,52804.0,52800.0,52801.0,74
2026-09-01 22:01:00-04:00,52801.0,52801.0,52802.0,52799.0,52799.0,10
2026-09-01 22:02:00-04:00,52798.0,52798.0,52799.0,52797.0,52799.0,4
2026-09-01 22:03:00-04:00,52791.0,52791.0,52797.0,52791.0,52797.0,9
2026-09-01 22:04:00-04:00,52794.0,52794.0,52794.0,52790.0,52792.0,8
2026-09-01 22:05:00-04:00,52798.0,52798.0,52798.0,52794.0,52795.0,10
2026-09-01 22:06:00-04:00,52802.0,52802.0,52803.0,52798.0,52800.0,8
2026-09-01 22:07:00-04:00,52807.0,52807.0,52809.0,52804.0,52805.0,15
2026-09-01 22:08:00-04:00,52803.0,52803.0,52803.0,52803.0,52803.0,1
2026-09-01 22:09:00-04:00,52800.0,52800.0,52802.0,52800.0,52802.0,6
2026-09-01 22:10:00-04:00,52808.0,52808.0,52808.0,52806.0,52806.0,2
2026-09-01 22:11:00-04:00,52806.0,52806.0,52809.0,52803.0,52804.0,15
2026-09-01 22:12:00-04:00,52804.0,52804.0,52807.0,52804.0,52805.0,5
2026-09-01 22:13:00-04:00,52806.0,52806.0,52809.0,52803.0,52803.0,15
2026-09-01 22:14:00-04:00,52807.0,52807.0,52808.0,52805.0,52808.0,3
2026-09-01 22:15:00-04:00,52810.0,52810.0,52810.0,52808.0,52809.0,15
2026-09-01 22:16:00-04:00,52817.0,52817.0,52818.0,52812.0,52812.0,16
2026-09-01 22:17:00-04:00,52817.0,52817.0,52819.0,52817.0,52819.0,2
2026-09-01 22:18:00-04:00,52820.0,52820.0,52824.0,52819.0,52819.0,5
2026-09-01 22:19:00-04:00,52824.0,52824.0,52827.0,52822.0,52822.0,44
2026-09-01 22:20:00-04:00,52836.0,52836.0,52836.0,52828.0,52828.0,5
2026-09-01 22:21:00-04:00,52833.0,52833.0,52838.0,52832.0,52836.0,12
2026-09-01 22:22:00-04:00,52824.0,52824.0,52833.0,52824.0,52832.0,15
2026-09-01 22:23:00-04:00,52830.0,52830.0,52830.0,52824.0,52824.0,8
2026-09-01 22:24:00-04:00,52837.0,52837.0,52837.0,52834.0,52834.0,8
2026-09-01 22:25:00-04:00,52841.0,52841.0,52842.0,52837.0,52837.0,6
2026-09-01 22:26:00-04:00,52839.0,52839.0,52839.0,52836.0,52838.0,10
2026-09-01 22:27:00-04:00,52841.0,52841.0,52841.0,52840.0,52840.0,3
2026-09-01 22:28:00-04:00,52842.0,52842.0,52842.0,52842.0,52842.0,1
2026-09-01 22:29:00-04:00,52837.0,52837.0,52839.0,52835.0,52839.0,5
2026-09-01 22:30:00-04:00,52836.0,52836.0,52837.0,52833.0,52837.0,15
2026-09-01 22:31:00-04:00,52831.0,52831.0,52837.0,52831.0,52835.0,7
2026-09-01 22:32:00-04:00,52834.0,52834.0,52834.0,52834.0,52834.0,1
2026-09-01 22:33:00-04:00,52834.0,52834.0,52835.0,52834.0,52834.0,7
2026-09-01 22:34:00-04:00,52834.0,52834.0,52834.0,52834.0,52834.0,1
2026-09-01 22:35:00-04:00,52834.0,52834.0,52834.0,52834.0,52834.0,1
2026-09-01 22:36:00-04:00,52831.0,52831.0,52831.0,52831.0,52831.0,2
2026-09-01 22:37:00-04:00,52832.0,52832.0,52832.0,52829.0,52830.0,5
2026-09-01 22:38:00-04:00,52832.0,52832.0,52832.0,52831.0,52831.0,2
2026-09-01 22:39:00-04:00,52832.0,52832.0,52832.0,52830.0,52831.0,6
2026-09-01 22:41:00-04:00,52837.0,52837.0,52837.0,52837.0,52837.0,1
2026-09-01 22:42:00-04:00,52837.0,52837.0,52839.0,52837.0,52839.0,2
2026-09-01 22:43:00-04:00,52840.0,52840.0,52840.0,52839.0,52839.0,3
2026-09-01 22:44:00-04:00,52837.0,52837.0,52840.0,52837.0,52840.0,2
2026-09-01 22:45:00-04:00,52840.0,52840.0,52840.0,52836.0,52836.0,11
2026-09-01 22:46:00-04:00,52841.0,52841.0,52842.0,52841.0,52842.0,3
2026-09-01 22:48:00-04:00,52843.0,52843.0,52844.0,52843.0,52844.0,3
2026-09-01 22:50:00-04:00,52851.0,52851.0,52851.0,52845.0,52847.0,18
2026-09-01 22:51:00-04:00,52845.0,52845.0,52847.0,52844.0,52845.0,7
2026-09-01 22:52:00-04:00,52848.0,52848.0,52848.0,52848.0,52848.0,1
2026-09-01 22:53:00-04:00,52847.0,52847.0,52848.0,52847.0,52847.0,5
2026-09-01 22:54:00-04:00,52848.0,52848.0,52848.0,52847.0,52847.0,3
2026-09-01 22:55:00-04:00,52844.0,52844.0,52848.0,52843.0,52848.0,5
2026-09-01 22:56:00-04:00,52845.0,52845.0,52845.0,52844.0,52844.0,3
2026-09-01 22:57:00-04:00,52848.0,52848.0,52848.0,52843.0,52843.0,9
2026-09-01 22:58:00-04:00,52846.0,52846.0,52850.0,52845.0,52848.0,9
2026-09-01 22:59:00-04:00,52849.0,52849.0,52850.0,52847.0,52847.0,19
2026-09-01 23:00:00-04:00,52851.0,52851.0,52851.0,52850.0,52851.0,6
2026-09-01 23:01:00-04:00,52851.0,52851.0,52857.0,52851.0,52855.0,9
2026-09-01 23:02:00-04:00,52845.0,52845.0,52845.0,52845.0,52845.0,1
2026-09-01 23:03:00-04:00,52843.0,52843.0,52846.0,52843.0,52846.0,3
2026-09-01 23:04:00-04:00,52845.0,52845.0,52845.0,52845.0,52845.0,1
2026-09-01 23:05:00-04:00,52841.0,52841.0,52843.0,52840.0,52843.0,7
2026-09-01 23:06:00-04:00,52837.0,52837.0,52840.0,52836.0,52840.0,16
2026-09-01 23:07:00-04:00,52837.0,52837.0,52837.0,52836.0,52836.0,3
2026-09-01 23:09:00-04:00,52839.0,52839.0,52839.0,52839.0,52839.0,2
2026-09-01 23:10:00-04:00,52849.0,52849.0,52849.0,52846.0,52846.0,3
2026-09-01 23:11:00-04:00,52847.0,52847.0,52847.0,52847.0,52847.0,1
2026-09-01 23:12:00-04:00,52847.0,52847.0,52847.0,52846.0,52846.0,2
2026-09-01 23:17:00-04:00,52842.0,52842.0,52842.0,52842.0,52842.0,1
2026-09-01 23:18:00-04:00,52843.0,52843.0,52843.0,52843.0,52843.0,1
2026-09-01 23:19:00-04:00,52844.0,52844.0,52844.0,52844.0,52844.0,1
2026-09-01 23:21:00-04:00,52839.0,52839.0,52839.0,52839.0,52839.0,1
2026-09-01 23:22:00-04:00,52838.0,52838.0,52838.0,52837.0,52837.0,3
2026-09-01 23:23:00-04:00,52835.0,52835.0,52836.0,52835.0,52836.0,3
2026-09-01 23:24:00-04:00,52836.0,52836.0,52836.0,52834.0,52834.0,4
2026-09-01 23:25:00-04:00,52839.0,52839.0,52840.0,52839.0,52840.0,2
2026-09-01 23:27:00-04:00,52840.0,52840.0,52840.0,52836.0,52836.0,4
2026-09-01 23:29:00-04:00,52829.0,52829.0,52832.0,52829.0,52832.0,7
2026-09-01 23:30:00-04:00,52821.0,52821.0,52828.0,52821.0,52827.0,12
2026-09-01 23:31:00-04:00,52818.0,52818.0,52819.0,52818.0,52819.0,9
2026-09-01 23:32:00-04:00,52821.0,52821.0,52821.0,52817.0,52817.0,3
2026-09-01 23:34:00-04:00,52819.0,52819.0,52819.0,52818.0,52818.0,2
2026-09-01 23:35:00-04:00,52822.0,52822.0,52826.0,52815.0,52815.0,30
2026-09-01 23:36:00-04:00,52815.0,52815.0,52821.0,52815.0,52821.0,20
2026-09-01 23:37:00-04:00,52819.0,52819.0,52821.0,52819.0,52821.0,4
2026-09-01 23:38:00-04:00,52819.0,52819.0,52819.0,52819.0,52819.0,1
2026-09-01 23:39:00-04:00,52822.0,52822.0,52822.0,52822.0,52822.0,2
2026-09-01 23:40:00-04:00,52823.0,52823.0,52823.0,52823.0,52823.0,1
2026-09-01 23:42:00-04:00,52813.0,52813.0,52813.0,52813.0,52813.0,1
2026-09-01 23:43:00-04:00,52815.0,52815.0,52818.0,52815.0,52818.0,2
2026-09-01 23:44:00-04:00,52817.0,52817.0,52817.0,52817.0,52817.0,1
2026-09-01 23:45:00-04:00,52821.0,52821.0,52821.0,52816.0,52816.0,5
2026-09-01 23:46:00-04:00,52817.0,52817.0,52820.0,52817.0,52819.0,4
2026-09-01 23:47:00-04:00,52819.0,52819.0,52819.0,52819.0,52819.0,3
2026-09-01 23:49:00-04:00,52816.0,52816.0,52816.0,52816.0,52816.0,1
2026-09-01 23:50:00-04:00,52817.0,52817.0,52817.0,52815.0,52815.0,8
2026-09-01 23:51:00-04:00,52816.0,52816.0,52816.0,52814.0,52815.0,8
2026-09-01 23:52:00-04:00,52812.0,52812.0,52812.0,52811.0,52811.0,3
2026-09-01 23:54:00-04:00,52817.0,52817.0,52817.0,52814.0,52814.0,3
2026-09-01 23:55:00-04:00,52816.0,52816.0,52816.0,52816.0,52816.0,1
2026-09-01 23:57:00-04:00,52814.0,52814.0,52814.0,52814.0,52814.0,2
2026-09-01 23:58:00-04:00,52819.0,52819.0,52819.0,52816.0,52816.0,5
2026-09-02 00:00:00-04:00,52817.0,52817.0,52821.0,52817.0,52820.0,9
2026-09-02 00:03:00-04:00,52815.0,52815.0,52815.0,52815.0,52815.0,1
2026-09-02 00:07:00-04:00,52820.0,52820.0,52820.0,52819.0,52819.0,2
2026-09-02 00:08:00-04:00,52819.0,52819.0,52819.0,52817.0,52817.0,3
2026-09-02 00:09:00-04:00,52807.0,52807.0,52814.0,52806.0,52814.0,9
2026-09-02 00:10:00-04:00,52807.0,52807.0,52809.0,52807.0,52808.0,3
2026-09-02 00:11:00-04:00,52807.0,52807.0,52807.0,52807.0,52807.0,1
2026-09-02 00:12:00-04:00,52807.0,52807.0,52807.0,52807.0,52807.0,2
2026-09-02 00:13:00-04:00,52805.0,52805.0,52805.0,52805.0,52805.0,1
2026-09-02 00:15:00-04:00,52821.0,52821.0,52821.0,52813.0,52813.0,2
2026-09-02 00:16:00-04:00,52820.0,52820.0,52821.0,52819.0,52821.0,4
2026-09-02 00:18:00-04:00,52818.0,52818.0,52818.0,52817.0,52818.0,5
2026-09-02 00:19:00-04:00,52816.0,52816.0,52816.0,52816.0,52816.0,1
2026-09-02 00:20:00-04:00,52817.0,52817.0,52817.0,52817.0,52817.0,1
2026-09-02 00:21:00-04:00,52815.0,52815.0,52816.0,52815.0,52816.0,4
2026-09-02 00:23:00-04:00,52814.0,52814.0,52814.0,52814.0,52814.0,1
2026-09-02 00:24:00-04:00,52814.0,52814.0,52814.0,52814.0,52814.0,1
2026-09-02 00:25:00-04:00,52813.0,52813.0,52813.0,52813.0,52813.0,1
2026-09-02 00:26:00-04:00,52816.0,52816.0,52816.0,52816.0,52816.0,1
2026-09-02 00:27:00-04:00,52816.0,52816.0,52817.0,52815.0,52817.0,3
2026-09-02 00:28:00-04:00,52813.0,52813.0,52813.0,52813.0,52813.0,1
2026-09-02 00:29:00-04:00,52812.0,52812.0,52812.0,52812.0,52812.0,1
2026-09-02 00:30:00-04:00,52814.0,52814.0,52814.0,52814.0,52814.0,2
2026-09-02 00:31:00-04:00,52822.0,52822.0,52822.0,52818.0,52818.0,5
2026-09-02 00:32:00-04:00,52824.0,52824.0,52825.0,52823.0,52823.0,5
2026-09-02 00:33:00-04:00,52822.0,52822.0,52825.0,52822.0,52823.0,4
2026-09-02 00:34:00-04:00,52822.0,52822.0,52822.0,52819.0,52819.0,3
2026-09-02 00:35:00-04:00,52817.0,52817.0,52820.0,52817.0,52820.0,2
2026-09-02 00:36:00-04:00,52820.0,52820.0,52820.0,52820.0,52820.0,1
2026-09-02 00:37:00-04:00,52819.0,52819.0,52820.0,52818.0,52818.0,4
2026-09-02 00:39:00-04:00,52815.0,52815.0,52815.0,52815.0,52815.0,2
2026-09-02 00:40:00-04:00,52816.0,52816.0,52818.0,52815.0,52818.0,4
2026-09-02 00:41:00-04:00,52814.0,52814.0,52814.0,52814.0,52814.0,2
2026-09-02 00:42:00-04:00,52816.0,52816.0,52816.0,52813.0,52813.0,3
2026-09-02 00:44:00-04:00,52814.0,52814.0,52816.0,52814.0,52814.0,3
2026-09-02 00:45:00-04:00,52821.0,52821.0,52821.0,52816.0,52816.0,4
2026-09-02 00:46:00-04:00,52819.0,52819.0,52819.0,52819.0,52819.0,1
2026-09-02 00:47:00-04:00,52815.0,52815.0,52819.0,52815.0,52819.0,9
2026-09-02 00:48:00-04:00,52819.0,52819.0,52819.0,52817.0,52817.0,3
2026-09-02 00:49:00-04:00,52813.0,52813.0,52821.0,52811.0,52821.0,11
2026-09-02 00:50:00-04:00,52815.0,52815.0,52815.0,52813.0,52814.0,3
2026-09-02 00:51:00-04:00,52816.0,52816.0,52817.0,52815.0,52816.0,8
2026-09-02 00:52:00-04:00,52815.0,52815.0,52815.0,52815.0,52815.0,1
2026-09-02 00:54:00-04:00,52820.0,52820.0,52821.0,52820.0,52820.0,3
2026-09-02 00:55:00-04:00,52819.0,52819.0,52820.0,52818.0,52820.0,6
2026-09-02 00:56:00-04:00,52818.0,52818.0,52821.0,52816.0,52820.0,5
2026-09-02 00:57:00-04:00,52818.0,52818.0,52818.0,52818.0,52818.0,1
2026-09-02 01:00:00-04:00,52822.0,52822.0,52824.0,52816.0,52816.0,12
2026-09-02 01:01:00-04:00,52813.0,52813.0,52823.0,52813.0,52823.0,7
2026-09-02 01:02:00-04:00,52809.0,52809.0,52815.0,52809.0,52811.0,12
2026-09-02 01:03:00-04:00,52814.0,52814.0,52814.0,52814.0,52814.0,4
2026-09-02 01:04:00-04:00,52813.0,52813.0,52813.0,52813.0,52813.0,1
2026-09-02 01:05:00-04:00,52815.0,52815.0,52815.0,52815.0,52815.0,1
2026-09-02 01:06:00-04:00,52814.0,52814.0,52814.0,52814.0,52814.0,1
2026-09-02 01:07:00-04:00,52812.0,52812.0,52812.0,52811.0,52811.0,4
2026-09-02 01:08:00-04:00,52810.0,52810.0,52811.0,52810.0,52811.0,3
2026-09-02 01:09:00-04:00,52811.0,52811.0,52811.0,52810.0,52811.0,3
2026-09-02 01:10:00-04:00,52812.0,52812.0,52812.0,52812.0,52812.0,2
2026-09-02 01:11:00-04:00,52818.0,52818.0,52821.0,52818.0,52820.0,8
2026-09-02 01:12:00-04:00,52820.0,52820.0,52820.0,52820.0,52820.0,2
2026-09-02 01:13:00-04:00,52827.0,52827.0,52828.0,52826.0,52826.0,6
2026-09-02 01:14:00-04:00,52827.0,52827.0,52831.0,52826.0,52828.0,14
2026-09-02 01:15:00-04:00,52828.0,52828.0,52828.0,52827.0,52828.0,4
2026-09-02 01:16:00-04:00,52830.0,52830.0,52831.0,52828.0,52830.0,7
2026-09-02 01:17:00-04:00,52832.0,52832.0,52832.0,52827.0,52828.0,7
2026-09-02 01:18:00-04:00,52835.0,52835.0,52837.0,52832.0,52834.0,23
2026-09-02 01:19:00-04:00,52837.0,52837.0,52840.0,52837.0,52838.0,5
2026-09-02 01:20:00-04:00,52835.0,52835.0,52838.0,52834.0,52838.0,4
2026-09-02 01:21:00-04:00,52834.0,52834.0,52836.0,52834.0,52836.0,4
2026-09-02 01:22:00-04:00,52832.0,52832.0,52833.0,52832.0,52833.0,2
2026-09-02 01:23:00-04:00,52834.0,52834.0,52834.0,52829.0,52831.0,6
2026-09-02 01:24:00-04:00,52836.0,52836.0,52836.0,52834.0,52834.0,4
2026-09-02 01:25:00-04:00,52841.0,52841.0,52841.0,52836.0,52837.0,7
2026-09-02 01:26:00-04:00,52842.0,52842.0,52844.0,52842.0,52843.0,9
2026-09-02 01:27:00-04:00,52840.0,52840.0,52845.0,52840.0,52842.0,13
2026-09-02 01:28:00-04:00,52846.0,52846.0,52846.0,52840.0,52845.0,6
2026-09-02 01:29:00-04:00,52849.0,52849.0,52849.0,52847.0,52847.0,2
2026-09-02 01:30:00-04:00,52862.0,52862.0,52862.0,52850.0,52850.0,22
2026-09-02 01:31:00-04:00,52852.0,52852.0,52864.0,52852.0,52860.0,26
2026-09-02 01:32:00-04:00,52852.0,52852.0,52852.0,52851.0,52851.0,3
2026-09-02 01:33:00-04:00,52853.0,52853.0,52853.0,52851.0,52852.0,13
2026-09-02 01:34:00-04:00,52843.0,52843.0,52854.0,52841.0,52854.0,46
2026-09-02 01:35:00-04:00,52841.0,52841.0,52841.0,52839.0,52841.0,5
2026-09-02 01:36:00-04:00,52834.0,52834.0,52834.0,52832.0,52834.0,6
2026-09-02 01:37:00-04:00,52836.0,52836.0,52840.0,52836.0,52836.0,7
2026-09-02 01:38:00-04:00,52831.0,52831.0,52831.0,52831.0,52831.0,1
2026-09-02 01:39:00-04:00,52827.0,52827.0,52827.0,52827.0,52827.0,1
2026-09-02 01:40:00-04:00,52834.0,52834.0,52834.0,52826.0,52826.0,2
2026-09-02 01:41:00-04:00,52840.0,52840.0,52840.0,52834.0,52834.0,2
2026-09-02 01:42:00-04:00,52846.0,52846.0,52849.0,52844.0,52844.0,4
2026-09-02 01:43:00-04:00,52851.0,52851.0,52851.0,52850.0,52850.0,4
2026-09-02 01:44:00-04:00,52851.0,52851.0,52852.0,52851.0,52852.0,2
2026-09-02 01:45:00-04:00,52852.0,52852.0,52861.0,52852.0,52853.0,24
2026-09-02 01:46:00-04:00,52849.0,52849.0,52850.0,52849.0,52850.0,4
2026-09-02 01:47:00-04:00,52850.0,52850.0,52850.0,52850.0,52850.0,1
2026-09-02 01:48:00-04:00,52852.0,52852.0,52852.0,52847.0,52850.0,6
2026-09-02 01:49:00-04:00,52848.0,52848.0,52848.0,52848.0,52848.0,2
2026-09-02 01:50:00-04:00,52840.0,52840.0,52848.0,52840.0,52848.0,11
2026-09-02 01:51:00-04:00,52840.0,52840.0,52841.0,52840.0,52841.0,3
2026-09-02 01:52:00-04:00,52834.0,52834.0,52838.0,52832.0,52838.0,4
2026-09-02 01:53:00-04:00,52830.0,52830.0,52834.0,52830.0,52834.0,7
2026-09-02 01:54:00-04:00,52823.0,52823.0,52827.0,52823.0,52827.0,5
2026-09-02 01:55:00-04:00,52825.0,52825.0,52826.0,52820.0,52824.0,50
2026-09-02 01:56:00-04:00,52831.0,52831.0,52832.0,52825.0,52825.0,7
2026-09-02 01:57:00-04:00,52830.0,52830.0,52830.0,52830.0,52830.0,1
2026-09-02 01:58:00-04:00,52834.0,52834.0,52834.0,52830.0,52830.0,7
2026-09-02 01:59:00-04:00,52830.0,52830.0,52832.0,52830.0,52832.0,3
2026-09-02 02:00:00-04:00,52838.0,52838.0,52840.0,52831.0,52831.0,14
2026-09-02 02:01:00-04:00,52833.0,52833.0,52835.0,52829.0,52835.0,6
2026-09-02 02:02:00-04:00,52829.0,52829.0,52833.0,52828.0,52831.0,19
2026-09-02 02:03:00-04:00,52823.0,52823.0,52826.0,52823.0,52826.0,3
2026-09-02 02:04:00-04:00,52823.0,52823.0,52823.0,52819.0,52819.0,4
2026-09-02 02:05:00-04:00,52820.0,52820.0,52821.0,52819.0,52820.0,5
2026-09-02 02:06:00-04:00,52821.0,52821.0,52821.0,52821.0,52821.0,2
2026-09-02 02:07:00-04:00,52825.0,52825.0,52825.0,52824.0,52824.0,4
2026-09-02 02:08:00-04:00,52824.0,52824.0,52825.0,52824.0,52825.0,3
2026-09-02 02:09:00-04:00,52829.0,52829.0,52829.0,52827.0,52828.0,6
2026-09-02 02:10:00-04:00,52832.0,52832.0,52836.0,52832.0,52833.0,11
2026-09-02 02:11:00-04:00,52830.0,52830.0,52833.0,52830.0,52833.0,5
2026-09-02 02:12:00-04:00,52834.0,52834.0,52834.0,52834.0,52834.0,1
2026-09-02 02:13:00-04:00,52843.0,52843.0,52843.0,52836.0,52836.0,11
2026-09-02 02:14:00-04:00,52828.0,52828.0,52843.0,52828.0,52840.0,8
2026-09-02 02:15:00-04:00,52832.0,52832.0,52837.0,52832.0,52837.0,3
2026-09-02 02:16:00-04:00,52823.0,52823.0,52823.0,52823.0,52823.0,1
2026-09-02 02:18:00-04:00,52812.0,52812.0,52816.0,52810.0,52815.0,15
2026-09-02 02:19:00-04:00,52811.0,52811.0,52811.0,52811.0,52811.0,1
2026-09-02 02:20:00-04:00,52815.0,52815.0,52815.0,52813.0,52813.0,2
2026-09-02 02:21:00-04:00,52813.0,52813.0,52813.0,52813.0,52813.0,1
2026-09-02 02:22:00-04:00,52808.0,52808.0,52813.0,52806.0,52813.0,7
2026-09-02 02:23:00-04:00,52813.0,52813.0,52813.0,52813.0,52813.0,1
2026-09-02 02:24:00-04:00,52815.0,52815.0,52816.0,52814.0,52814.0,3
2026-09-02 02:25:00-04:00,52830.0,52830.0,52830.0,52816.0,52818.0,12
2026-09-02 02:26:00-04:00,52832.0,52832.0,52832.0,52828.0,52828.0,6
2026-09-02 02:27:00-04:00,52819.0,52819.0,52829.0,52819.0,52829.0,10
2026-09-02 02:28:00-04:00,52818.0,52818.0,52819.0,52818.0,52819.0,5
2026-09-02 02:29:00-04:00,52810.0,52810.0,52817.0,52810.0,52815.0,11
2026-09-02 02:30:00-04:00,52814.0,52814.0,52815.0,52809.0,52809.0,11
2026-09-02 02:31:00-04:00,52816.0,52816.0,52816.0,52816.0,52816.0,1
2026-09-02 02:32:00-04:00,52822.0,52822.0,52822.0,52817.0,52817.0,8
2026-09-02 02:33:00-04:00,52813.0,52813.0,52813.0,52813.0,52813.0,1
2026-09-02 02:34:00-04:00,52812.0,52812.0,52812.0,52812.0,52812.0,2
2026-09-02 02:35:00-04:00,52825.0,52825.0,52825.0,52825.0,52825.0,2
2026-09-02 02:36:00-04:00,52827.0,52827.0,52831.0,52827.0,52831.0,3
2026-09-02 02:37:00-04:00,52818.0,52818.0,52820.0,52818.0,52820.0,3
2026-09-02 02:38:00-04:00,52821.0,52821.0,52821.0,52821.0,52821.0,1
2026-09-02 02:39:00-04:00,52844.0,52844.0,52844.0,52832.0,52833.0,16
2026-09-02 02:40:00-04:00,52850.0,52850.0,52851.0,52845.0,52848.0,8
2026-09-02 02:41:00-04:00,52859.0,52859.0,52860.0,52850.0,52850.0,14
2026-09-02 02:42:00-04:00,52862.0,52862.0,52863.0,52857.0,52858.0,19
2026-09-02 02:43:00-04:00,52863.0,52863.0,52870.0,52862.0,52864.0,23
2026-09-02 02:44:00-04:00,52859.0,52859.0,52864.0,52858.0,52864.0,13
2026-09-02 02:45:00-04:00,52855.0,52855.0,52855.0,52852.0,52855.0,10
2026-09-02 02:46:00-04:00,52847.0,52847.0,52854.0,52847.0,52853.0,4
2026-09-02 02:47:00-04:00,52852.0,52852.0,52852.0,52852.0,52852.0,6
2026-09-02 02:48:00-04:00,52850.0,52850.0,52850.0,52850.0,52850.0,3
2026-09-02 02:49:00-04:00,52848.0,52848.0,52850.0,52848.0,52850.0,2
2026-09-02 02:50:00-04:00,52845.0,52845.0,52846.0,52844.0,52845.0,6
2026-09-02 02:51:00-04:00,52844.0,52844.0,52850.0,52844.0,52846.0,7
2026-09-02 02:52:00-04:00,52852.0,52852.0,52858.0,52847.0,52847.0,35
2026-09-02 02:53:00-04:00,52848.0,52848.0,52852.0,52848.0,52852.0,4
2026-09-02 02:54:00-04:00,52851.0,52851.0,52852.0,52851.0,52851.0,6
2026-09-02 02:55:00-04:00,52859.0,52859.0,52861.0,52852.0,52852.0,20
2026-09-02 02:56:00-04:00,52863.0,52863.0,52867.0,52856.0,52856.0,21
2026-09-02 02:57:00-04:00,52865.0,52865.0,52868.0,52864.0,52865.0,19
2026-09-02 02:58:00-04:00,52872.0,52872.0,52874.0,52868.0,52869.0,20
2026-09-02 02:59:00-04:00,52880.0,52880.0,52882.0,52870.0,52872.0,37
2026-09-02 03:00:00-04:00,52885.0,52885.0,52891.0,52867.0,52881.0,112
2026-09-02 03:01:00-04:00,52884.0,52884.0,52886.0,52878.0,52885.0,19
2026-09-02 03:02:00-04:00,52895.0,52895.0,52899.0,52884.0,52884.0,37
2026-09-02 03:03:00-04:00,52893.0,52893.0,52894.0,52881.0,52891.0,42
2026-09-02 03:04:00-04:00,52888.0,52888.0,52894.0,52886.0,52894.0,18
2026-09-02 03:05:00-04:00,52886.0,52886.0,52890.0,52883.0,52888.0,16
2026-09-02 03:06:00-04:00,52902.0,52902.0,52907.0,52887.0,52887.0,51
2026-09-02 03:07:00-04:00,52906.0,52906.0,52911.0,52901.0,52901.0,40
2026-09-02 03:08:00-04:00,52908.0,52908.0,52911.0,52905.0,52906.0,31
2026-09-02 03:09:00-04:00,52920.0,52920.0,52920.0,52909.0,52910.0,35
2026-09-02 03:10:00-04:00,52916.0,52916.0,52924.0,52914.0,52918.0,22
2026-09-02 03:11:00-04:00,52907.0,52907.0,52913.0,52906.0,52913.0,15
2026-09-02 03:12:00-04:00,52900.0,52900.0,52907.0,52900.0,52907.0,16
2026-09-02 03:13:00-04:00,52889.0,52889.0,52900.0,52889.0,52899.0,20
2026-09-02 03:14:00-04:00,52883.0,52883.0,52891.0,52879.0,52890.0,22
2026-09-02 03:15:00-04:00,52881.0,52881.0,52884.0,52878.0,52880.0,13
2026-09-02 03:16:00-04:00,52889.0,52889.0,52890.0,52877.0,52884.0,33
2026-09-02 03:17:00-04:00,52891.0,52891.0,52893.0,52885.0,52888.0,8
2026-09-02 03:18:00-04:00,52894.0,52894.0,52896.0,52893.0,52893.0,6
2026-09-02 03:19:00-04:00,52896.0,52896.0,52899.0,52896.0,52897.0,11
2026-09-02 03:20:00-04:00,52884.0,52884.0,52888.0,52882.0,52888.0,76
2026-09-02 03:21:00-04:00,52876.0,52876.0,52884.0,52872.0,52883.0,108
2026-09-02 03:22:00-04:00,52862.0,52862.0,52875.0,52862.0,52875.0,21
2026-09-02 03:23:00-04:00,52873.0,52873.0,52873.0,52862.0,52864.0,11
2026-09-02 03:24:00-04:00,52861.0,52861.0,52866.0,52858.0,52863.0,19
2026-09-02 03:25:00-04:00,52847.0,52847.0,52860.0,52843.0,52860.0,64
2026-09-02 03:26:00-04:00,52859.0,52859.0,52859.0,52847.0,52847.0,21
2026-09-02 03:27:00-04:00,52863.0,52863.0,52864.0,52853.0,52860.0,20
2026-09-02 03:28:00-04:00,52861.0,52861.0,52861.0,52856.0,52857.0,5
2026-09-02 03:29:00-04:00,52866.0,52866.0,52866.0,52862.0,52862.0,8
2026-09-02 03:30:00-04:00,52861.0,52861.0,52863.0,52858.0,52863.0,16
2026-09-02 03:31:00-04:00,52866.0,52866.0,52868.0,52862.0,52865.0,18
2026-09-02 03:32:00-04:00,52866.0,52866.0,52868.0,52865.0,52866.0,7
2026-09-02 03:33:00-04:00,52862.0,52862.0,52869.0,52861.0,52869.0,26
2026-09-02 03:34:00-04:00,52868.0,52868.0,52870.0,52866.0,52866.0,6
2026-09-02 03:35:00-04:00,52855.0,52855.0,52875.0,52855.0,52871.0,21
2026-09-02 03:36:00-04:00,52857.0,52857.0,52857.0,52857.0,52857.0,1
2026-09-02 03:37:00-04:00,52856.0,52856.0,52859.0,52856.0,52859.0,4
2026-09-02 03:38:00-04:00,52856.0,52856.0,52862.0,52856.0,52857.0,11
2026-09-02 03:39:00-04:00,52844.0,52844.0,52855.0,52844.0,52854.0,17
2026-09-02 03:40:00-04:00,52846.0,52846.0,52848.0,52839.0,52846.0,34
2026-09-02 03:41:00-04:00,52848.0,52848.0,52850.0,52845.0,52848.0,46
2026-09-02 03:42:00-04:00,52852.0,52852.0,52854.0,52848.0,52850.0,49
2026-09-02 03:43:00-04:00,52853.0,52853.0,52858.0,52853.0,52853.0,8
2026-09-02 03:44:00-04:00,52845.0,52845.0,52854.0,52845.0,52853.0,16
2026-09-02 03:45:00-04:00,52831.0,52831.0,52841.0,52831.0,52839.0,12
2026-09-02 03:46:00-04:00,52836.0,52836.0,52837.0,52829.0,52832.0,11
2026-09-02 03:47:00-04:00,52840.0,52840.0,52841.0,52836.0,52836.0,4
2026-09-02 03:48:00-04:00,52839.0,52839.0,52846.0,52839.0,52840.0,16
2026-09-02 03:49:00-04:00,52831.0,52831.0,52837.0,52830.0,52837.0,9
2026-09-02 03:50:00-04:00,52830.0,52830.0,52834.0,52825.0,52828.0,32
2026-09-02 03:51:00-04:00,52830.0,52830.0,52832.0,52829.0,52829.0,4
2026-09-02 03:52:00-04:00,52822.0,52822.0,52829.0,52822.0,52829.0,7
2026-09-02 03:53:00-04:00,52827.0,52827.0,52827.0,52819.0,52819.0,11
2026-09-02 03:54:00-04:00,52848.0,52848.0,52849.0,52834.0,52835.0,13
2026-09-02 03:55:00-04:00,52845.0,52845.0,52845.0,52842.0,52845.0,9
2026-09-02 03:56:00-04:00,52841.0,52841.0,52844.0,52841.0,52844.0,4
2026-09-02 03:57:00-04:00,52843.0,52843.0,52843.0,52843.0,52843.0,3
2026-09-02 03:58:00-04:00,52841.0,52841.0,52848.0,52841.0,52845.0,5
2026-09-02 03:59:00-04:00,52838.0,52838.0,52842.0,52838.0,52842.0,3
2026-09-02 04:00:00-04:00,52836.0,52836.0,52849.0,52835.0,52837.0,36
2026-09-02 04:01:00-04:00,52841.0,52841.0,52844.0,52839.0,52839.0,18
2026-09-02 04:02:00-04:00,52846.0,52846.0,52847.0,52839.0,52843.0,17
2026-09-02 04:03:00-04:00,52852.0,52852.0,52855.0,52839.0,52839.0,8
2026-09-02 04:04:00-04:00,52865.0,52865.0,52865.0,52852.0,52852.0,9
2026-09-02 04:05:00-04:00,52854.0,52854.0,52857.0,52850.0,52857.0,13
2026-09-02 04:06:00-04:00,52848.0,52848.0,52857.0,52842.0,52855.0,12
2026-09-02 04:07:00-04:00,52858.0,52858.0,52860.0,52858.0,52860.0,5
2026-09-02 04:08:00-04:00,52859.0,52859.0,52859.0,52854.0,52856.0,7
2026-09-02 04:09:00-04:00,52857.0,52857.0,52857.0,52852.0,52852.0,8
2026-09-02 04:10:00-04:00,52870.0,52870.0,52870.0,52860.0,52860.0,20
2026-09-02 04:11:00-04:00,52862.0,52862.0,52869.0,52861.0,52869.0,13
2026-09-02 04:12:00-04:00,52860.0,52860.0,52861.0,52856.0,52861.0,15
2026-09-02 04:13:00-04:00,52859.0,52859.0,52860.0,52859.0,52860.0,6
2026-09-02 04:14:00-04:00,52854.0,52854.0,52855.0,52848.0,52855.0,8
2026-09-02 04:15:00-04:00,52849.0,52849.0,52857.0,52849.0,52852.0,9
2026-09-02 04:16:00-04:00,52849.0,52849.0,52849.0,52847.0,52847.0,3
2026-09-02 04:17:00-04:00,52842.0,52842.0,52851.0,52840.0,52851.0,9
2026-09-02 04:18:00-04:00,52848.0,52848.0,52848.0,52843.0,52843.0,6
2026-09-02 04:19:00-04:00,52838.0,52838.0,52842.0,52838.0,52842.0,6
2026-09-02 04:20:00-04:00,52831.0,52831.0,52841.0,52831.0,52838.0,14
2026-09-02 04:21:00-04:00,52834.0,52834.0,52834.0,52827.0,52832.0,29
2026-09-02 04:22:00-04:00,52842.0,52842.0,52843.0,52833.0,52833.0,13
2026-09-02 04:23:00-04:00,52835.0,52835.0,52841.0,52834.0,52841.0,8
2026-09-02 04:24:00-04:00,52829.0,52829.0,52837.0,52829.0,52837.0,8
2026-09-02 04:25:00-04:00,52835.0,52835.0,52837.0,52833.0,52833.0,5
2026-09-02 04:26:00-04:00,52834.0,52834.0,52835.0,52834.0,52835.0,2
2026-09-02 04:27:00-04:00,52839.0,52839.0,52839.0,52832.0,52836.0,7
2026-09-02 04:28:00-04:00,52835.0,52835.0,52843.0,52835.0,52839.0,4
2026-09-02 04:29:00-04:00,52833.0,52833.0,52835.0,52827.0,52830.0,13
2026-09-02 04:30:00-04:00,52842.0,52842.0,52845.0,52832.0,52832.0,9
2026-09-02 04:31:00-04:00,52842.0,52842.0,52848.0,52842.0,52845.0,8
2026-09-02 04:32:00-04:00,52847.0,52847.0,52848.0,52842.0,52842.0,23
2026-09-02 04:33:00-04:00,52838.0,52838.0,52845.0,52838.0,52843.0,18
2026-09-02 04:34:00-04:00,52836.0,52836.0,52839.0,52836.0,52836.0,10
2026-09-02 04:35:00-04:00,52840.0,52840.0,52840.0,52831.0,52831.0,7
2026-09-02 04:36:00-04:00,52841.0,52841.0,52843.0,52839.0,52839.0,10
2026-09-02 04:37:00-04:00,52839.0,52839.0,52840.0,52839.0,52840.0,3
2026-09-02 04:38:00-04:00,52844.0,52844.0,52845.0,52840.0,52840.0,9
2026-09-02 04:39:00-04:00,52841.0,52841.0,52846.0,52841.0,52843.0,9
2026-09-02 04:40:00-04:00,52842.0,52842.0,52844.0,52841.0,52842.0,8
2026-09-02 04:41:00-04:00,52834.0,52834.0,52840.0,52834.0,52840.0,7
2026-09-02 04:42:00-04:00,52820.0,52820.0,52826.0,52819.0,52826.0,15
2026-09-02 04:43:00-04:00,52818.0,52818.0,52823.0,52818.0,52821.0,10
2026-09-02 04:44:00-04:00,52821.0,52821.0,52822.0,52817.0,52822.0,14
2026-09-02 04:45:00-04:00,52819.0,52819.0,52821.0,52819.0,52821.0,7
2026-09-02 04:46:00-04:00,52818.0,52818.0,52818.0,52816.0,52816.0,8
2026-09-02 04:47:00-04:00,52811.0,52811.0,52819.0,52810.0,52818.0,16
2026-09-02 04:48:00-04:00,52811.0,52811.0,52811.0,52808.0,52810.0,7
2026-09-02 04:49:00-04:00,52809.0,52809.0,52814.0,52809.0,52812.0,5
2026-09-02 04:50:00-04:00,52808.0,52808.0,52813.0,52804.0,52813.0,30
2026-09-02 04:51:00-04:00,52795.0,52795.0,52803.0,52793.0,52802.0,50
2026-09-02 04:52:00-04:00,52790.0,52790.0,52795.0,52789.0,52795.0,44
2026-09-02 04:53:00-04:00,52778.0,52778.0,52792.0,52777.0,52792.0,65
2026-09-02 04:54:00-04:00,52770.0,52770.0,52779.0,52768.0,52778.0,91
2026-09-02 04:55:00-04:00,52779.0,52779.0,52781.0,52762.0,52768.0,60
2026-09-02 04:56:00-04:00,52786.0,52786.0,52789.0,52779.0,52781.0,49
2026-09-02 04:57:00-04:00,52778.0,52778.0,52784.0,52776.0,52784.0,13
2026-09-02 04:58:00-04:00,52785.0,52785.0,52785.0,52778.0,52779.0,13
2026-09-02 04:59:00-04:00,52782.0,52782.0,52786.0,52782.0,52784.0,9
2026-09-02 05:00:00-04:00,52784.0,52784.0,52794.0,52784.0,52787.0,49
2026-09-02 05:01:00-04:00,52785.0,52785.0,52791.0,52783.0,52783.0,27
2026-09-02 05:02:00-04:00,52798.0,52798.0,52801.0,52787.0,52787.0,18
2026-09-02 05:03:00-04:00,52798.0,52798.0,52800.0,52785.0,52789.0,15
2026-09-02 05:04:00-04:00,52786.0,52786.0,52786.0,52786.0,52786.0,1
2026-09-02 05:05:00-04:00,52807.0,52807.0,52811.0,52795.0,52795.0,25
2026-09-02 05:06:00-04:00,52804.0,52804.0,52809.0,52804.0,52809.0,12
2026-09-02 05:07:00-04:00,52795.0,52795.0,52799.0,52793.0,52799.0,6
2026-09-02 05:08:00-04:00,52794.0,52794.0,52796.0,52792.0,52796.0,20
2026-09-02 05:09:00-04:00,52800.0,52800.0,52800.0,52794.0,52794.0,8
2026-09-02 05:10:00-04:00,52797.0,52797.0,52798.0,52794.0,52795.0,26
2026-09-02 05:11:00-04:00,52787.0,52787.0,52800.0,52787.0,52800.0,8
2026-09-02 05:12:00-04:00,52789.0,52789.0,52790.0,52789.0,52790.0,5
2026-09-02 05:13:00-04:00,52777.0,52777.0,52784.0,52777.0,52784.0,16
2026-09-02 05:14:00-04:00,52765.0,52765.0,52771.0,52762.0,52770.0,42
2026-09-02 05:15:00-04:00,52763.0,52763.0,52767.0,52756.0,52763.0,39
2026-09-02 05:16:00-04:00,52766.0,52766.0,52769.0,52763.0,52763.0,19
2026-09-02 05:17:00-04:00,52768.0,52768.0,52769.0,52759.0,52762.0,13
2026-09-02 05:18:00-04:00,52777.0,52777.0,52777.0,52766.0,52766.0,9
2026-09-02 05:19:00-04:00,52782.0,52782.0,52783.0,52776.0,52776.0,10
2026-09-02 05:20:00-04:00,52777.0,52777.0,52779.0,52777.0,52778.0,5
2026-09-02 05:21:00-04:00,52768.0,52768.0,52775.0,52768.0,52775.0,9
2026-09-02 05:22:00-04:00,52770.0,52770.0,52770.0,52770.0,52770.0,2
2026-09-02 05:23:00-04:00,52762.0,52762.0,52762.0,52762.0,52762.0,3
2026-09-02 05:24:00-04:00,52758.0,52758.0,52759.0,52754.0,52757.0,14
2026-09-02 05:25:00-04:00,52757.0,52757.0,52758.0,52757.0,52758.0,6
2026-09-02 05:26:00-04:00,52756.0,52756.0,52758.0,52753.0,52756.0,26
2026-09-02 05:27:00-04:00,52764.0,52764.0,52765.0,52755.0,52756.0,19
2026-09-02 05:28:00-04:00,52758.0,52758.0,52758.0,52756.0,52758.0,11
2026-09-02 05:29:00-04:00,52764.0,52764.0,52765.0,52761.0,52765.0,12
2026-09-02 05:30:00-04:00,52761.0,52761.0,52766.0,52757.0,52765.0,19
2026-09-02 05:31:00-04:00,52747.0,52747.0,52760.0,52738.0,52760.0,85
2026-09-02 05:32:00-04:00,52737.0,52737.0,52746.0,52737.0,52746.0,47
2026-09-02 05:33:00-04:00,52729.0,52729.0,52738.0,52729.0,52738.0,50
2026-09-02 05:34:00-04:00,52732.0,52732.0,52732.0,52729.0,52729.0,6
2026-09-02 05:35:00-04:00,52736.0,52736.0,52742.0,52731.0,52731.0,21
2026-09-02 05:36:00-04:00,52733.0,52733.0,52739.0,52733.0,52739.0,22
2026-09-02 05:37:00-04:00,52748.0,52748.0,52749.0,52739.0,52739.0,21
2026-09-02 05:38:00-04:00,52752.0,52752.0,52759.0,52745.0,52745.0,18
2026-09-02 05:39:00-04:00,52756.0,52756.0,52758.0,52753.0,52753.0,12
2026-09-02 05:40:00-04:00,52757.0,52757.0,52758.0,52756.0,52758.0,14
2026-09-02 05:41:00-04:00,52762.0,52762.0,52762.0,52759.0,52761.0,10
2026-09-02 05:42:00-04:00,52755.0,52755.0,52760.0,52752.0,52760.0,9
2026-09-02 05:43:00-04:00,52752.0,52752.0,52754.0,52752.0,52752.0,5
2026-09-02 05:44:00-04:00,52748.0,52748.0,52750.0,52748.0,52749.0,5
2026-09-02 05:45:00-04:00,52750.0,52750.0,52756.0,52750.0,52751.0,8
2026-09-02 05:46:00-04:00,52749.0,52749.0,52751.0,52747.0,52747.0,9
2026-09-02 05:47:00-04:00,52758.0,52758.0,52761.0,52751.0,52751.0,29
2026-09-02 05:48:00-04:00,52765.0,52765.0,52770.0,52761.0,52761.0,21
2026-09-02 05:49:00-04:00,52764.0,52764.0,52768.0,52761.0,52767.0,12
2026-09-02 05:50:00-04:00,52763.0,52763.0,52764.0,52760.0,52763.0,15
2026-09-02 05:51:00-04:00,52757.0,52757.0,52763.0,52755.0,52763.0,9
2026-09-02 05:52:00-04:00,52757.0,52757.0,52760.0,52757.0,52760.0,4
2026-09-02 05:53:00-04:00,52761.0,52761.0,52761.0,52756.0,52758.0,9
2026-09-02 05:54:00-04:00,52758.0,52758.0,52759.0,52757.0,52757.0,6
2026-09-02 05:55:00-04:00,52756.0,52756.0,52757.0,52752.0,52757.0,36
2026-09-02 05:56:00-04:00,52755.0,52755.0,52762.0,52755.0,52759.0,22
2026-09-02 05:57:00-04:00,52753.0,52753.0,52759.0,52753.0,52756.0,10
2026-09-02 05:58:00-04:00,52751.0,52751.0,52755.0,52751.0,52755.0,7
2026-09-02 05:59:00-04:00,52755.0,52755.0,52756.0,52750.0,52751.0,9
2026-09-02 06:00:00-04:00,52756.0,52756.0,52759.0,52753.0,52755.0,17
2026-09-02 06:01:00-04:00,52753.0,52753.0,52760.0,52751.0,52753.0,26
2026-09-02 06:02:00-04:00,52750.0,52750.0,52754.0,52747.0,52752.0,11
2026-09-02 06:03:00-04:00,52745.0,52745.0,52750.0,52743.0,52750.0,8
2026-09-02 06:04:00-04:00,52742.0,52742.0,52747.0,52742.0,52747.0,6
2026-09-02 06:05:00-04:00,52745.0,52745.0,52745.0,52740.0,52740.0,11
2026-09-02 06:06:00-04:00,52737.0,52737.0,52744.0,52732.0,52744.0,17
2026-09-02 06:07:00-04:00,52738.0,52738.0,52739.0,52736.0,52737.0,8
2026-09-02 06:08:00-04:00,52736.0,52736.0,52737.0,52734.0,52737.0,26
2026-09-02 06:09:00-04:00,52732.0,52732.0,52737.0,52731.0,52734.0,10
2026-09-02 06:10:00-04:00,52736.0,52736.0,52737.0,52732.0,52732.0,9
2026-09-02 06:11:00-04:00,52736.0,52736.0,52736.0,52730.0,52731.0,7
2026-09-02 06:12:00-04:00,52735.0,52735.0,52735.0,52729.0,52732.0,13
2026-09-02 06:13:00-04:00,52749.0,52749.0,52749.0,52734.0,52734.0,20
2026-09-02 06:14:00-04:00,52757.0,52757.0,52757.0,52747.0,52750.0,25
2026-09-02 06:15:00-04:00,52755.0,52755.0,52761.0,52755.0,52756.0,23
2026-09-02 06:16:00-04:00,52753.0,52753.0,52756.0,52753.0,52755.0,13
2026-09-02 06:17:00-04:00,52761.0,52761.0,52761.0,52754.0,52754.0,14
2026-09-02 06:18:00-04:00,52752.0,52752.0,52761.0,52752.0,52761.0,12
2026-09-02 06:19:00-04:00,52748.0,52748.0,52751.0,52748.0,52751.0,6
2026-09-02 06:20:00-04:00,52753.0,52753.0,52753.0,52745.0,52747.0,19
2026-09-02 06:21:00-04:00,52752.0,52752.0,52755.0,52748.0,52754.0,20
2026-09-02 06:22:00-04:00,52745.0,52745.0,52750.0,52744.0,52750.0,13
2026-09-02 06:23:00-04:00,52744.0,52744.0,52747.0,52744.0,52747.0,11
2026-09-02 06:24:00-04:00,52752.0,52752.0,52752.0,52741.0,52742.0,17
2026-09-02 06:25:00-04:00,52757.0,52757.0,52757.0,52749.0,52749.0,8
2026-09-02 06:26:00-04:00,52769.0,52769.0,52771.0,52750.0,52755.0,299
2026-09-02 06:27:00-04:00,52767.0,52767.0,52771.0,52765.0,52769.0,14
2026-09-02 06:28:00-04:00,52765.0,52765.0,52766.0,52765.0,52766.0,5
2026-09-02 06:29:00-04:00,52761.0,52761.0,52761.0,52758.0,52761.0,5
2026-09-02 06:30:00-04:00,52758.0,52758.0,52762.0,52754.0,52762.0,19
2026-09-02 06:31:00-04:00,52749.0,52749.0,52753.0,52746.0,52753.0,13
2026-09-02 06:32:00-04:00,52747.0,52747.0,52754.0,52747.0,52748.0,17
2026-09-02 06:33:00-04:00,52756.0,52756.0,52759.0,52746.0,52746.0,14
2026-09-02 06:34:00-04:00,52760.0,52760.0,52761.0,52757.0,52757.0,8
2026-09-02 06:35:00-04:00,52755.0,52755.0,52760.0,52755.0,52760.0,6
2026-09-02 06:36:00-04:00,52752.0,52752.0,52754.0,52752.0,52752.0,10
2026-09-02 06:37:00-04:00,52753.0,52753.0,52754.0,52751.0,52752.0,17
2026-09-02 06:38:00-04:00,52744.0,52744.0,52754.0,52744.0,52751.0,8
2026-09-02 06:39:00-04:00,52743.0,52743.0,52745.0,52739.0,52745.0,17
2026-09-02 06:40:00-04:00,52746.0,52746.0,52746.0,52744.0,52744.0,3
2026-09-02 06:41:00-04:00,52744.0,52744.0,52745.0,52742.0,52742.0,7
2026-09-02 06:42:00-04:00,52746.0,52746.0,52749.0,52742.0,52744.0,17
2026-09-02 06:43:00-04:00,52746.0,52746.0,52748.0,52743.0,52748.0,11
2026-09-02 06:44:00-04:00,52750.0,52750.0,52750.0,52748.0,52749.0,7
2026-09-02 06:45:00-04:00,52744.0,52744.0,52751.0,52743.0,52748.0,13
2026-09-02 06:46:00-04:00,52744.0,52744.0,52747.0,52744.0,52747.0,3
2026-09-02 06:47:00-04:00,52755.0,52755.0,52755.0,52746.0,52746.0,11
2026-09-02 06:48:00-04:00,52755.0,52755.0,52755.0,52750.0,52753.0,6
2026-09-02 06:49:00-04:00,52761.0,52761.0,52761.0,52756.0,52756.0,12
2026-09-02 06:51:00-04:00,52748.0,52748.0,52748.0,52746.0,52746.0,2
2026-09-02 06:52:00-04:00,52738.0,52738.0,52743.0,52738.0,52743.0,8
2026-09-02 06:53:00-04:00,52753.0,52753.0,52753.0,52740.0,52740.0,12
2026-09-02 06:54:00-04:00,52754.0,52754.0,52755.0,52753.0,52754.0,9
2026-09-02 06:55:00-04:00,52754.0,52754.0,52754.0,52750.0,52750.0,2
2026-09-02 06:56:00-04:00,52750.0,52750.0,52752.0,52750.0,52752.0,4
2026-09-02 06:57:00-04:00,52749.0,52749.0,52749.0,52749.0,52749.0,1
2026-09-02 06:58:00-04:00,52752.0,52752.0,52752.0,52751.0,52751.0,3
2026-09-02 06:59:00-04:00,52771.0,52771.0,52773.0,52749.0,52749.0,22
2026-09-02 07:00:00-04:00,52744.0,52744.0,52769.0,52743.0,52766.0,40
2026-09-02 07:01:00-04:00,52737.0,52737.0,52741.0,52733.0,52740.0,36
2026-09-02 07:02:00-04:00,52734.0,52734.0,52744.0,52734.0,52737.0,14
2026-09-02 07:03:00-04:00,52725.0,52725.0,52735.0,52720.0,52733.0,48
2026-09-02 07:04:00-04:00,52731.0,52731.0,52731.0,52723.0,52725.0,23
2026-09-02 07:05:00-04:00,52736.0,52736.0,52736.0,52732.0,52733.0,19
2026-09-02 07:06:00-04:00,52741.0,52741.0,52742.0,52735.0,52739.0,15
2026-09-02 07:07:00-04:00,52752.0,52752.0,52752.0,52736.0,52739.0,21
2026-09-02 07:08:00-04:00,52765.0,52765.0,52766.0,52751.0,52756.0,27
2026-09-02 07:09:00-04:00,52784.0,52784.0,52795.0,52763.0,52766.0,116
2026-09-02 07:10:00-04:00,52796.0,52796.0,52800.0,52773.0,52781.0,61
2026-09-02 07:11:00-04:00,52792.0,52792.0,52796.0,52787.0,52789.0,20
2026-09-02 07:12:00-04:00,52805.0,52805.0,52808.0,52791.0,52791.0,24
2026-09-02 07:13:00-04:00,52798.0,52798.0,52802.0,52793.0,52802.0,11
2026-09-02 07:14:00-04:00,52837.0,52837.0,52848.0,52797.0,52800.0,165
2026-09-02 07:15:00-04:00,52824.0,52824.0,52838.0,52821.0,52834.0,55
2026-09-02 07:16:00-04:00,52825.0,52825.0,52831.0,52818.0,52825.0,25
2026-09-02 07:17:00-04:00,52813.0,52813.0,52819.0,52806.0,52819.0,25
2026-09-02 07:18:00-04:00,52810.0,52810.0,52811.0,52806.0,52811.0,13
2026-09-02 07:19:00-04:00,52827.0,52827.0,52827.0,52808.0,52809.0,10
2026-09-02 07:20:00-04:00,52816.0,52816.0,52830.0,52816.0,52830.0,14
2026-09-02 07:21:00-04:00,52823.0,52823.0,52823.0,52820.0,52820.0,3
2026-09-02 07:22:00-04:00,52829.0,52829.0,52829.0,52823.0,52827.0,7
2026-09-02 07:23:00-04:00,52837.0,52837.0,52838.0,52825.0,52828.0,24
2026-09-02 07:24:00-04:00,52836.0,52836.0,52840.0,52835.0,52840.0,6
2026-09-02 07:25:00-04:00,52833.0,52833.0,52836.0,52832.0,52836.0,7
2026-09-02 07:26:00-04:00,52838.0,52838.0,52842.0,52834.0,52836.0,14
2026-09-02 07:27:00-04:00,52859.0,52859.0,52861.0,52843.0,52843.0,34
2026-09-02 07:28:00-04:00,52858.0,52858.0,52866.0,52858.0,52859.0,35
2026-09-02 07:29:00-04:00,52858.0,52858.0,52861.0,52850.0,52861.0,15
2026-09-02 07:30:00-04:00,52872.0,52872.0,52872.0,52856.0,52860.0,27
2026-09-02 07:31:00-04:00,52862.0,52862.0,52871.0,52859.0,52871.0,21
2026-09-02 07:32:00-04:00,52879.0,52879.0,52881.0,52860.0,52861.0,89
2026-09-02 07:33:00-04:00,52886.0,52886.0,52890.0,52878.0,52880.0,43
2026-09-02 07:34:00-04:00,52893.0,52893.0,52893.0,52884.0,52888.0,21
2026-09-02 07:35:00-04:00,52899.0,52899.0,52900.0,52886.0,52891.0,27
2026-09-02 07:36:00-04:00,52894.0,52894.0,52900.0,52891.0,52900.0,28
2026-09-02 07:37:00-04:00,52894.0,52894.0,52898.0,52894.0,52897.0,13
2026-09-02 07:38:00-04:00,52898.0,52898.0,52904.0,52896.0,52897.0,19
2026-09-02 07:39:00-04:00,52897.0,52897.0,52899.0,52896.0,52899.0,6
2026-09-02 07:40:00-04:00,52894.0,52894.0,52897.0,52888.0,52895.0,40
2026-09-02 07:41:00-04:00,52883.0,52883.0,52898.0,52882.0,52898.0,10
2026-09-02 07:42:00-04:00,52885.0,52885.0,52886.0,52880.0,52880.0,13
2026-09-02 07:43:00-04:00,52881.0,52881.0,52887.0,52879.0,52885.0,51
2026-09-02 07:44:00-04:00,52882.0,52882.0,52883.0,52876.0,52883.0,20
2026-09-02 07:45:00-04:00,52886.0,52886.0,52886.0,52876.0,52877.0,19
2026-09-02 07:46:00-04:00,52894.0,52894.0,52894.0,52881.0,52885.0,15
2026-09-02 07:47:00-04:00,52894.0,52894.0,52896.0,52894.0,52896.0,5
2026-09-02 07:48:00-04:00,52897.0,52897.0,52901.0,52897.0,52897.0,19
2026-09-02 07:49:00-04:00,52900.0,52900.0,52900.0,52895.0,52895.0,11
2026-09-02 07:50:00-04:00,52902.0,52902.0,52902.0,52898.0,52898.0,14
2026-09-02 07:51:00-04:00,52897.0,52897.0,52902.0,52896.0,52898.0,20
2026-09-02 07:52:00-04:00,52906.0,52906.0,52909.0,52896.0,52896.0,24
2026-09-02 07:53:00-04:00,52907.0,52907.0,52913.0,52906.0,52908.0,34
2026-09-02 07:54:00-04:00,52913.0,52913.0,52919.0,52903.0,52905.0,36
2026-09-02 07:55:00-04:00,52914.0,52914.0,52915.0,52908.0,52913.0,17
2026-09-02 07:56:00-04:00,52913.0,52913.0,52919.0,52908.0,52918.0,30
2026-09-02 07:57:00-04:00,52933.0,52933.0,52933.0,52911.0,52913.0,45
2026-09-02 07:58:00-04:00,52933.0,52933.0,52935.0,52927.0,52934.0,26
2026-09-02 07:59:00-04:00,52952.0,52952.0,52954.0,52934.0,52936.0,80
2026-09-02 08:00:00-04:00,52955.0,52955.0,52959.0,52942.0,52952.0,92
2026-09-02 08:01:00-04:00,52959.0,52959.0,52961.0,52954.0,52957.0,49
2026-09-02 08:02:00-04:00,52953.0,52953.0,52960.0,52952.0,52958.0,44
2026-09-02 08:03:00-04:00,52957.0,52957.0,52961.0,52951.0,52955.0,50
2026-09-02 08:04:00-04:00,52964.0,52964.0,52967.0,52954.0,52959.0,42
2026-09-02 08:05:00-04:00,52986.0,52986.0,52986.0,52966.0,52966.0,95
2026-09-02 08:06:00-04:00,52988.0,52988.0,52994.0,52980.0,52987.0,90
2026-09-02 08:07:00-04:00,52975.0,52975.0,52990.0,52972.0,52989.0,42
2026-09-02 08:08:00-04:00,52962.0,52962.0,52979.0,52961.0,52977.0,56
2026-09-02 08:09:00-04:00,52945.0,52945.0,52963.0,52945.0,52959.0,55
2026-09-02 08:10:00-04:00,52947.0,52947.0,52950.0,52937.0,52948.0,57
2026-09-02 08:11:00-04:00,52950.0,52950.0,52954.0,52944.0,52947.0,41
2026-09-02 08:12:00-04:00,52952.0,52952.0,52954.0,52946.0,52951.0,24
2026-09-02 08:13:00-04:00,52965.0,52965.0,52968.0,52957.0,52959.0,30
2026-09-02 08:14:00-04:00,52978.0,52978.0,52985.0,52959.0,52965.0,69
2026-09-02 08:15:00-04:00,52961.0,52961.0,52982.0,52959.0,52982.0,41
2026-09-02 08:16:00-04:00,52955.0,52955.0,52960.0,52954.0,52960.0,27
2026-09-02 08:17:00-04:00,52964.0,52964.0,52965.0,52954.0,52956.0,24
2026-09-02 08:18:00-04:00,52964.0,52964.0,52968.0,52959.0,52961.0,28
2026-09-02 08:19:00-04:00,52960.0,52960.0,52965.0,52959.0,52964.0,19
2026-09-02 08:20:00-04:00,53004.0,53004.0,53005.0,52954.0,52958.0,251
2026-09-02 08:21:00-04:00,52996.0,52996.0,53020.0,52996.0,53005.0,212
2026-09-02 08:22:00-04:00,52976.0,52976.0,52997.0,52975.0,52995.0,66
2026-09-02 08:23:00-04:00,52968.0,52968.0,52989.0,52964.0,52979.0,53
2026-09-02 08:24:00-04:00,52976.0,52976.0,52977.0,52969.0,52969.0,17
2026-09-02 08:25:00-04:00,52962.0,52962.0,52980.0,52961.0,52977.0,43
2026-09-02 08:26:00-04:00,52970.0,52970.0,52973.0,52966.0,52967.0,12
2026-09-02 08:27:00-04:00,52955.0,52955.0,52968.0,52955.0,52968.0,58
2026-09-02 08:28:00-04:00,52959.0,52959.0,52966.0,52956.0,52956.0,22
2026-09-02 08:29:00-04:00,52956.0,52956.0,52963.0,52956.0,52960.0,24
2026-09-02 08:30:00-04:00,52952.0,52952.0,52962.0,52948.0,52955.0,41
2026-09-02 08:31:00-04:00,52948.0,52948.0,52953.0,52946.0,52951.0,36
2026-09-02 08:32:00-04:00,52949.0,52949.0,52950.0,52944.0,52945.0,22
2026-09-02 08:33:00-04:00,52941.0,52941.0,52950.0,52941.0,52949.0,29
2026-09-02 08:34:00-04:00,52944.0,52944.0,52945.0,52936.0,52940.0,50
2026-09-02 08:35:00-04:00,52953.0,52953.0,52953.0,52941.0,52944.0,27
2026-09-02 08:36:00-04:00,52948.0,52948.0,52952.0,52947.0,52949.0,34
2026-09-02 08:37:00-04:00,52946.0,52946.0,52950.0,52944.0,52948.0,18
2026-09-02 08:38:00-04:00,52942.0,52942.0,52949.0,52942.0,52946.0,20
2026-09-02 08:39:00-04:00,52944.0,52944.0,52946.0,52933.0,52939.0,55
2026-09-02 08:40:00-04:00,52943.0,52943.0,52947.0,52939.0,52942.0,19
2026-09-02 08:41:00-04:00,52933.0,52933.0,52944.0,52933.0,52944.0,28
2026-09-02 08:42:00-04:00,52935.0,52935.0,52937.0,52931.0,52934.0,32
2026-09-02 08:43:00-04:00,52938.0,52938.0,52938.0,52932.0,52938.0,17
2026-09-02 08:44:00-04:00,52935.0,52935.0,52935.0,52930.0,52934.0,21
2026-09-02 08:45:00-04:00,52934.0,52934.0,52938.0,52929.0,52938.0,27
2026-09-02 08:46:00-04:00,52933.0,52933.0,52939.0,52933.0,52937.0,18
2026-09-02 08:47:00-04:00,52940.0,52940.0,52942.0,52932.0,52935.0,15
2026-09-02 08:48:00-04:00,52944.0,52944.0,52946.0,52938.0,52941.0,25
2026-09-02 08:49:00-04:00,52943.0,52943.0,52944.0,52939.0,52944.0,10
2026-09-02 08:50:00-04:00,52939.0,52939.0,52945.0,52937.0,52945.0,22
2026-09-02 08:51:00-04:00,52934.0,52934.0,52938.0,52933.0,52935.0,19
2026-09-02 08:52:00-04:00,52924.0,52924.0,52937.0,52923.0,52935.0,30
2026-09-02 08:53:00-04:00,52924.0,52924.0,52926.0,52919.0,52925.0,41
2026-09-02 08:54:00-04:00,52921.0,52921.0,52929.0,52921.0,52927.0,15
2026-09-02 08:55:00-04:00,52920.0,52920.0,52922.0,52917.0,52917.0,41
2026-09-02 08:56:00-04:00,52920.0,52920.0,52922.0,52913.0,52918.0,11
2026-09-02 08:57:00-04:00,52913.0,52913.0,52915.0,52910.0,52915.0,13
2026-09-02 08:58:00-04:00,52913.0,52913.0,52918.0,52912.0,52915.0,26
2026-09-02 08:59:00-04:00,52911.0,52911.0,52912.0,52907.0,52912.0,23
2026-09-02 09:00:00-04:00,52921.0,52921.0,52932.0,52910.0,52911.0,50
2026-09-02 09:01:00-04:00,52920.0,52920.0,52923.0,52915.0,52918.0,20
2026-09-02 09:02:00-04:00,52931.0,52931.0,52933.0,52922.0,52922.0,74
2026-09-02 09:03:00-04:00,52928.0,52928.0,52930.0,52926.0,52930.0,12
2026-09-02 09:04:00-04:00,52928.0,52928.0,52930.0,52926.0,52927.0,16
2026-09-02 09:05:00-04:00,52939.0,52939.0,52939.0,52930.0,52930.0,35
2026-09-02 09:06:00-04:00,52944.0,52944.0,52944.0,52935.0,52935.0,16
2026-09-02 09:07:00-04:00,52941.0,52941.0,52946.0,52940.0,52946.0,11
2026-09-02 09:08:00-04:00,52944.0,52944.0,52946.0,52940.0,52941.0,13
2026-09-02 09:09:00-04:00,52940.0,52940.0,52945.0,52940.0,52943.0,11
2026-09-02 09:10:00-04:00,52939.0,52939.0,52941.0,52936.0,52937.0,17
2026-09-02 09:11:00-04:00,52941.0,52941.0,52949.0,52938.0,52938.0,19
2026-09-02 09:12:00-04:00,52937.0,52937.0,52937.0,52934.0,52937.0,6
2026-09-02 09:13:00-04:00,52934.0,52934.0,52941.0,52930.0,52937.0,22
2026-09-02 09:14:00-04:00,52928.0,52928.0,52933.0,52927.0,52932.0,20
2026-09-02 09:15:00-04:00,52925.0,52925.0,52929.0,52923.0,52928.0,21
2026-09-02 09:16:00-04:00,52930.0,52930.0,52936.0,52928.0,52928.0,13
2026-09-02 09:17:00-04:00,52932.0,52932.0,52933.0,52928.0,52930.0,13
2026-09-02 09:18:00-04:00,52939.0,52939.0,52939.0,52931.0,52931.0,7
2026-09-02 09:19:00-04:00,52938.0,52938.0,52945.0,52938.0,52940.0,19
2026-09-02 09:20:00-04:00,52943.0,52943.0,52948.0,52939.0,52939.0,15
2026-09-02 09:21:00-04:00,52954.0,52954.0,52954.0,52944.0,52945.0,19
2026-09-02 09:22:00-04:00,52954.0,52954.0,52962.0,52952.0,52955.0,39
2026-09-02 09:23:00-04:00,52965.0,52965.0,52966.0,52955.0,52956.0,39
2026-09-02 09:24:00-04:00,52974.0,52974.0,52976.0,52966.0,52966.0,51
2026-09-02 09:25:00-04:00,52985.0,52985.0,52987.0,52970.0,52972.0,83
2026-09-02 09:26:00-04:00,53020.0,53020.0,53022.0,52982.0,52983.0,178
2026-09-02 09:27:00-04:00,53017.0,53017.0,53025.0,53007.0,53023.0,150
2026-09-02 09:28:00-04:00,53018.0,53018.0,53023.0,53011.0,53015.0,147
2026-09-02 09:29:00-04:00,53018.0,53018.0,53033.0,53007.0,53024.0,355
2026-09-02 09:30:00-04:00,53001.0,53001.0,53039.0,52997.0,53017.0,1360
2026-09-02 09:31:00-04:00,53023.0,53023.0,53025.0,52988.0,52999.0,706
2026-09-02 09:32:00-04:00,53063.0,53063.0,53071.0,53020.0,53020.0,788
2026-09-02 09:33:00-04:00,53044.0,53044.0,53079.0,53026.0,53060.0,515
2026-09-02 09:34:00-04:00,53065.0,53065.0,53073.0,53039.0,53046.0,346
2026-09-02 09:35:00-04:00,53044.0,53044.0,53065.0,53021.0,53065.0,407
2026-09-02 09:36:00-04:00,53043.0,53043.0,53063.0,53040.0,53045.0,242
2026-09-02 09:37:00-04:00,53070.0,53070.0,53072.0,53038.0,53043.0,248
2026-09-02 09:38:00-04:00,53102.0,53102.0,53110.0,53067.0,53069.0,440
2026-09-02 09:39:00-04:00,53095.0,53095.0,53106.0,53074.0,53101.0,328
2026-09-02 09:40:00-04:00,53067.0,53067.0,53094.0,53058.0,53094.0,349
2026-09-02 09:41:00-04:00,53040.0,53040.0,53077.0,53035.0,53067.0,457
2026-09-02 09:42:00-04:00,53008.0,53008.0,53047.0,53008.0,53039.0,413
2026-09-02 09:43:00-04:00,53050.0,53050.0,53056.0,53005.0,53011.0,352
2026-09-02 09:44:00-04:00,53078.0,53078.0,53080.0,53040.0,53049.0,159
2026-09-02 09:45:00-04:00,53020.0,53020.0,53080.0,53019.0,53075.0,528
2026-09-02 09:46:00-04:00,53021.0,53021.0,53039.0,53012.0,53024.0,260
2026-09-02 09:47:00-04:00,53006.0,53006.0,53020.0,52992.0,53020.0,223
2026-09-02 09:48:00-04:00,53019.0,53019.0,53024.0,53006.0,53006.0,117
2026-09-02 09:49:00-04:00,53007.0,53007.0,53027.0,52997.0,53018.0,138
2026-09-02 09:50:00-04:00,53011.0,53011.0,53023.0,53004.0,53007.0,133
2026-09-02 09:51:00-04:00,53025.0,53025.0,53028.0,53014.0,53014.0,196
2026-09-02 09:52:00-04:00,53051.0,53051.0,53058.0,53023.0,53025.0,273
2026-09-02 09:53:00-04:00,53069.0,53069.0,53075.0,53051.0,53053.0,178
2026-09-02 09:54:00-04:00,53082.0,53082.0,53087.0,53063.0,53066.0,243
2026-09-02 09:55:00-04:00,53070.0,53070.0,53084.0,53054.0,53084.0,181
2026-09-02 09:56:00-04:00,53084.0,53084.0,53084.0,53070.0,53070.0,140
2026-09-02 09:57:00-04:00,53086.0,53086.0,53094.0,53076.0,53082.0,149
2026-09-02 09:58:00-04:00,53095.0,53095.0,53102.0,53084.0,53088.0,142
2026-09-02 09:59:00-04:00,53101.0,53101.0,53104.0,53092.0,53095.0,174
2026-09-02 10:00:00-04:00,53137.0,53137.0,53137.0,53091.0,53102.0,331
2026-09-02 10:01:00-04:00,53130.0,53130.0,53153.0,53129.0,53138.0,391
2026-09-02 10:02:00-04:00,53127.0,53127.0,53138.0,53111.0,53131.0,402
2026-09-02 10:03:00-04:00,53123.0,53123.0,53129.0,53114.0,53127.0,111
2026-09-02 10:04:00-04:00,53150.0,53150.0,53156.0,53124.0,53124.0,144
2026-09-02 10:05:00-04:00,53153.0,53153.0,53157.0,53141.0,53148.0,195
2026-09-02 10:06:00-04:00,53170.0,53170.0,53170.0,53148.0,53153.0,236
2026-09-02 10:07:00-04:00,53159.0,53159.0,53173.0,53154.0,53169.0,190
2026-09-02 10:08:00-04:00,53160.0,53160.0,53166.0,53146.0,53159.0,173
2026-09-02 10:09:00-04:00,53140.0,53140.0,53163.0,53132.0,53161.0,186
2026-09-02 10:10:00-04:00,53154.0,53154.0,53160.0,53133.0,53140.0,190
2026-09-02 10:11:00-04:00,53150.0,53150.0,53154.0,53135.0,53152.0,139
2026-09-02 10:12:00-04:00,53142.0,53142.0,53154.0,53137.0,53152.0,152
2026-09-02 10:13:00-04:00,53163.0,53163.0,53169.0,53140.0,53145.0,195
2026-09-02 10:14:00-04:00,53172.0,53172.0,53188.0,53164.0,53164.0,227
2026-09-02 10:15:00-04:00,53169.0,53169.0,53183.0,53159.0,53174.0,158
2026-09-02 10:16:00-04:00,53173.0,53173.0,53176.0,53158.0,53167.0,231
2026-09-02 10:17:00-04:00,53187.0,53187.0,53190.0,53170.0,53171.0,256
2026-09-02 10:18:00-04:00,53185.0,53185.0,53190.0,53173.0,53187.0,93
2026-09-02 10:19:00-04:00,53194.0,53194.0,53215.0,53189.0,53189.0,312
2026-09-02 10:20:00-04:00,53195.0,53195.0,53211.0,53190.0,53192.0,235
2026-09-02 10:21:00-04:00,53212.0,53212.0,53212.0,53196.0,53196.0,150
2026-09-02 10:22:00-04:00,53197.0,53197.0,53222.0,53192.0,53210.0,303
2026-09-02 10:23:00-04:00,53187.0,53187.0,53199.0,53177.0,53198.0,194
2026-09-02 10:24:00-04:00,53191.0,53191.0,53196.0,53186.0,53188.0,90
2026-09-02 10:25:00-04:00,53203.0,53203.0,53204.0,53187.0,53190.0,156
2026-09-02 10:26:00-04:00,53222.0,53222.0,53225.0,53199.0,53202.0,173
2026-09-02 10:27:00-04:00,53202.0,53202.0,53222.0,53200.0,53220.0,211
2026-09-02 10:28:00-04:00,53197.0,53197.0,53203.0,53193.0,53200.0,149
2026-09-02 10:29:00-04:00,53187.0,53187.0,53205.0,53185.0,53199.0,104
2026-09-02 10:30:00-04:00,53187.0,53187.0,53191.0,53179.0,53186.0,178
2026-09-02 10:31:00-04:00,53187.0,53187.0,53189.0,53174.0,53187.0,148
2026-09-02 10:32:00-04:00,53181.0,53181.0,53197.0,53180.0,53186.0,161
2026-09-02 10:33:00-04:00,53169.0,53169.0,53179.0,53162.0,53178.0,191
2026-09-02 10:34:00-04:00,53196.0,53196.0,53196.0,53164.0,53169.0,166
2026-09-02 10:35:00-04:00,53201.0,53201.0,53208.0,53191.0,53195.0,245
2026-09-02 10:36:00-04:00,53215.0,53215.0,53216.0,53194.0,53202.0,125
2026-09-02 10:37:00-04:00,53230.0,53230.0,53234.0,53215.0,53216.0,139
2026-09-02 10:38:00-04:00,53235.0,53235.0,53236.0,53222.0,53229.0,155
2026-09-02 10:39:00-04:00,53252.0,53252.0,53254.0,53226.0,53235.0,173
2026-09-02 10:40:00-04:00,53256.0,53256.0,53260.0,53244.0,53251.0,171
2026-09-02 10:41:00-04:00,53256.0,53256.0,53261.0,53250.0,53256.0,113
2026-09-02 10:42:00-04:00,53259.0,53259.0,53266.0,53252.0,53255.0,145
2026-09-02 10:43:00-04:00,53261.0,53261.0,53262.0,53254.0,53258.0,123
2026-09-02 10:44:00-04:00,53276.0,53276.0,53283.0,53262.0,53262.0,157
2026-09-02 10:45:00-04:00,53263.0,53263.0,53278.0,53262.0,53274.0,82
2026-09-02 10:46:00-04:00,53259.0,53259.0,53265.0,53252.0,53261.0,124
2026-09-02 10:47:00-04:00,53264.0,53264.0,53266.0,53253.0,53259.0,129
2026-09-02 10:48:00-04:00,53262.0,53262.0,53271.0,53258.0,53265.0,60
2026-09-02 10:49:00-04:00,53264.0,53264.0,53264.0,53254.0,53263.0,53
2026-09-02 10:50:00-04:00,53246.0,53246.0,53263.0,53246.0,53263.0,96
2026-09-02 10:51:00-04:00,53246.0,53246.0,53248.0,53237.0,53245.0,166
2026-09-02 10:52:00-04:00,53257.0,53257.0,53257.0,53241.0,53246.0,110
2026-09-02 10:53:00-04:00,53248.0,53248.0,53256.0,53242.0,53256.0,107
2026-09-02 10:54:00-04:00,53257.0,53257.0,53257.0,53247.0,53248.0,45
2026-09-02 10:55:00-04:00,53252.0,53252.0,53261.0,53247.0,53253.0,76
2026-09-02 10:56:00-04:00,53241.0,53241.0,53253.0,53240.0,53253.0,77
2026-09-02 10:57:00-04:00,53244.0,53244.0,53247.0,53233.0,53246.0,95
2026-09-02 10:58:00-04:00,53233.0,53233.0,53248.0,53230.0,53245.0,66
2026-09-02 10:59:00-04:00,53238.0,53238.0,53241.0,53230.0,53234.0,51
2026-09-02 11:00:00-04:00,53236.0,53236.0,53244.0,53231.0,53237.0,111
2026-09-02 11:01:00-04:00,53235.0,53235.0,53249.0,53231.0,53234.0,107
2026-09-02 11:02:00-04:00,53221.0,53221.0,53242.0,53220.0,53233.0,112
2026-09-02 11:03:00-04:00,53223.0,53223.0,53228.0,53219.0,53221.0,99
2026-09-02 11:04:00-04:00,53194.0,53194.0,53222.0,53193.0,53221.0,191
2026-09-02 11:05:00-04:00,53195.0,53195.0,53204.0,53180.0,53193.0,211
2026-09-02 11:06:00-04:00,53187.0,53187.0,53207.0,53180.0,53196.0,92
2026-09-02 11:07:00-04:00,53171.0,53171.0,53189.0,53171.0,53187.0,105
2026-09-02 11:08:00-04:00,53166.0,53166.0,53175.0,53159.0,53170.0,245
2026-09-02 11:09:00-04:00,53162.0,53162.0,53167.0,53157.0,53166.0,124
2026-09-02 11:10:00-04:00,53168.0,53168.0,53174.0,53151.0,53162.0,234
2026-09-02 11:11:00-04:00,53189.0,53189.0,53189.0,53160.0,53166.0,242
2026-09-02 11:12:00-04:00,53168.0,53168.0,53193.0,53168.0,53189.0,113
2026-09-02 11:13:00-04:00,53147.0,53147.0,53169.0,53147.0,53167.0,110
2026-09-02 11:14:00-04:00,53160.0,53160.0,53161.0,53141.0,53147.0,115
2026-09-02 11:15:00-04:00,53155.0,53155.0,53164.0,53150.0,53158.0,72
2026-09-02 11:16:00-04:00,53158.0,53158.0,53166.0,53153.0,53154.0,93
2026-09-02 11:17:00-04:00,53142.0,53142.0,53157.0,53138.0,53157.0,136
2026-09-02 11:18:00-04:00,53150.0,53150.0,53151.0,53138.0,53141.0,77
2026-09-02 11:19:00-04:00,53155.0,53155.0,53160.0,53142.0,53154.0,190
2026-09-02 11:20:00-04:00,53139.0,53139.0,53161.0,53136.0,53156.0,75
2026-09-02 11:21:00-04:00,53135.0,53135.0,53142.0,53129.0,53139.0,148
2026-09-02 11:22:00-04:00,53145.0,53145.0,53146.0,53133.0,53134.0,129
2026-09-02 11:23:00-04:00,53136.0,53136.0,53154.0,53130.0,53145.0,155
2026-09-02 11:24:00-04:00,53124.0,53124.0,53144.0,53124.0,53139.0,89
2026-09-02 11:25:00-04:00,53124.0,53124.0,53134.0,53122.0,53123.0,99
2026-09-02 11:26:00-04:00,53112.0,53112.0,53130.0,53111.0,53124.0,169
2026-09-02 11:27:00-04:00,53119.0,53119.0,53129.0,53113.0,53113.0,124
2026-09-02 11:28:00-04:00,53135.0,53135.0,53148.0,53120.0,53120.0,159
2026-09-02 11:29:00-04:00,53139.0,53139.0,53141.0,53126.0,53135.0,111
2026-09-02 11:30:00-04:00,53140.0,53140.0,53152.0,53134.0,53139.0,136
2026-09-02 11:31:00-04:00,53128.0,53128.0,53138.0,53122.0,53133.0,106
2026-09-02 11:32:00-04:00,53150.0,53150.0,53151.0,53127.0,53129.0,68
2026-09-02 11:33:00-04:00,53144.0,53144.0,53153.0,53138.0,53148.0,45
2026-09-02 11:34:00-04:00,53122.0,53122.0,53142.0,53122.0,53141.0,67
2026-09-02 11:35:00-04:00,53123.0,53123.0,53138.0,53122.0,53122.0,43
2026-09-02 11:36:00-04:00,53119.0,53119.0,53128.0,53119.0,53126.0,64
2026-09-02 11:37:00-04:00,53120.0,53120.0,53126.0,53115.0,53118.0,85
2026-09-02 11:38:00-04:00,53117.0,53117.0,53125.0,53114.0,53122.0,58
2026-09-02 11:39:00-04:00,53107.0,53107.0,53120.0,53104.0,53117.0,119
2026-09-02 11:40:00-04:00,53107.0,53107.0,53114.0,53103.0,53108.0,98
2026-09-02 11:41:00-04:00,53112.0,53112.0,53114.0,53098.0,53108.0,165
2026-09-02 11:42:00-04:00,53111.0,53111.0,53117.0,53103.0,53111.0,105
2026-09-02 11:43:00-04:00,53096.0,53096.0,53112.0,53088.0,53112.0,165
2026-09-02 11:44:00-04:00,53086.0,53086.0,53099.0,53085.0,53097.0,64
2026-09-02 11:45:00-04:00,53068.0,53068.0,53084.0,53067.0,53084.0,238
2026-09-02 11:46:00-04:00,53076.0,53076.0,53079.0,53062.0,53069.0,88
2026-09-02 11:47:00-04:00,53074.0,53074.0,53083.0,53071.0,53075.0,117
2026-09-02 11:48:00-04:00,53067.0,53067.0,53078.0,53067.0,53077.0,72
2026-09-02 11:49:00-04:00,53058.0,53058.0,53068.0,53049.0,53065.0,104
2026-09-02 11:50:00-04:00,53073.0,53073.0,53076.0,53057.0,53058.0,131
2026-09-02 11:51:00-04:00,53074.0,53074.0,53075.0,53066.0,53073.0,67
2026-09-02 11:52:00-04:00,53088.0,53088.0,53088.0,53071.0,53071.0,83
2026-09-02 11:53:00-04:00,53093.0,53093.0,53098.0,53081.0,53090.0,148
2026-09-02 11:54:00-04:00,53084.0,53084.0,53097.0,53084.0,53094.0,61
2026-09-02 11:55:00-04:00,53081.0,53081.0,53088.0,53076.0,53083.0,49
2026-09-02 11:56:00-04:00,53081.0,53081.0,53083.0,53075.0,53078.0,67
2026-09-02 11:57:00-04:00,53092.0,53092.0,53094.0,53081.0,53081.0,58
2026-09-02 11:58:00-04:00,53104.0,53104.0,53109.0,53093.0,53093.0,138
2026-09-02 11:59:00-04:00,53119.0,53119.0,53122.0,53105.0,53105.0,106
2026-09-02 12:00:00-04:00,53115.0,53115.0,53119.0,53109.0,53119.0,116
2026-09-02 12:01:00-04:00,53104.0,53104.0,53117.0,53101.0,53117.0,55
2026-09-02 12:02:00-04:00,53091.0,53091.0,53114.0,53090.0,53103.0,138
2026-09-02 12:03:00-04:00,53088.0,53088.0,53094.0,53083.0,53091.0,98
2026-09-02 12:04:00-04:00,53093.0,53093.0,53094.0,53087.0,53089.0,64
2026-09-02 12:05:00-04:00,53102.0,53102.0,53102.0,53081.0,53094.0,70
2026-09-02 12:06:00-04:00,53097.0,53097.0,53101.0,53091.0,53100.0,54
2026-09-02 12:07:00-04:00,53098.0,53098.0,53103.0,53094.0,53098.0,46
2026-09-02 12:08:00-04:00,53095.0,53095.0,53102.0,53095.0,53100.0,42
2026-09-02 12:09:00-04:00,53093.0,53093.0,53098.0,53089.0,53098.0,63
2026-09-02 12:10:00-04:00,53094.0,53094.0,53095.0,53091.0,53093.0,27
2026-09-02 12:11:00-04:00,53079.0,53079.0,53094.0,53079.0,53094.0,50
2026-09-02 12:12:00-04:00,53086.0,53086.0,53091.0,53080.0,53081.0,66
2026-09-02 12:13:00-04:00,53094.0,53094.0,53094.0,53084.0,53090.0,40
2026-09-02 12:14:00-04:00,53107.0,53107.0,53112.0,53091.0,53094.0,140
2026-09-02 12:15:00-04:00,53097.0,53097.0,53108.0,53094.0,53107.0,62
2026-09-02 12:16:00-04:00,53079.0,53079.0,53096.0,53078.0,53095.0,68
2026-09-02 12:17:00-04:00,53078.0,53078.0,53084.0,53072.0,53082.0,35
2026-09-02 12:18:00-04:00,53078.0,53078.0,53081.0,53074.0,53074.0,41
2026-09-02 12:19:00-04:00,53081.0,53081.0,53089.0,53078.0,53078.0,21
2026-09-02 12:20:00-04:00,53082.0,53082.0,53085.0,53073.0,53085.0,192
2026-09-02 12:21:00-04:00,53068.0,53068.0,53083.0,53066.0,53082.0,70
2026-09-02 12:22:00-04:00,53078.0,53078.0,53078.0,53066.0,53066.0,60
2026-09-02 12:23:00-04:00,53056.0,53056.0,53078.0,53055.0,53078.0,66
2026-09-02 12:24:00-04:00,53039.0,53039.0,53057.0,53039.0,53054.0,123
2026-09-02 12:25:00-04:00,53042.0,53042.0,53051.0,53038.0,53039.0,120
2026-09-02 12:26:00-04:00,53039.0,53039.0,53045.0,53037.0,53044.0,78
2026-09-02 12:27:00-04:00,53035.0,53035.0,53047.0,53033.0,53039.0,114
2026-09-02 12:28:00-04:00,53022.0,53022.0,53039.0,53020.0,53036.0,96
2026-09-02 12:29:00-04:00,53022.0,53022.0,53027.0,53015.0,53021.0,73
2026-09-02 12:30:00-04:00,53021.0,53021.0,53029.0,53018.0,53021.0,74
2026-09-02 12:31:00-04:00,53043.0,53043.0,53044.0,53019.0,53024.0,60
2026-09-02 12:32:00-04:00,53046.0,53046.0,53056.0,53041.0,53042.0,109
2026-09-02 12:33:00-04:00,53045.0,53045.0,53052.0,53044.0,53049.0,51
2026-09-02 12:34:00-04:00,53051.0,53051.0,53058.0,53045.0,53046.0,70
2026-09-02 12:35:00-04:00,53055.0,53055.0,53058.0,53048.0,53052.0,36
2026-09-02 12:36:00-04:00,53052.0,53052.0,53059.0,53045.0,53055.0,101
2026-09-02 12:37:00-04:00,53065.0,53065.0,53067.0,53050.0,53054.0,51
2026-09-02 12:38:00-04:00,53060.0,53060.0,53066.0,53058.0,53064.0,32
2026-09-02 12:39:00-04:00,53062.0,53062.0,53068.0,53057.0,53061.0,37
2026-09-02 12:40:00-04:00,53054.0,53054.0,53063.0,53049.0,53063.0,43
2026-09-02 12:41:00-04:00,53054.0,53054.0,53054.0,53046.0,53051.0,28
2026-09-02 12:42:00-04:00,53049.0,53049.0,53055.0,53048.0,53053.0,34
2026-09-02 12:43:00-04:00,53043.0,53043.0,53047.0,53040.0,53047.0,37
2026-09-02 12:44:00-04:00,53036.0,53036.0,53045.0,53036.0,53043.0,18
2026-09-02 12:45:00-04:00,53046.0,53046.0,53049.0,53038.0,53038.0,48
2026-09-02 12:46:00-04:00,53046.0,53046.0,53056.0,53044.0,53046.0,64
2026-09-02 12:47:00-04:00,53049.0,53049.0,53052.0,53047.0,53047.0,25
2026-09-02 12:48:00-04:00,53051.0,53051.0,53054.0,53045.0,53047.0,27
2026-09-02 12:49:00-04:00,53056.0,53056.0,53056.0,53048.0,53050.0,37
2026-09-02 12:50:00-04:00,53050.0,53050.0,53056.0,53050.0,53056.0,30
2026-09-02 12:51:00-04:00,53051.0,53051.0,53059.0,53046.0,53050.0,29
2026-09-02 12:52:00-04:00,53058.0,53058.0,53061.0,53050.0,53050.0,31
2026-09-02 12:53:00-04:00,53062.0,53062.0,53064.0,53049.0,53056.0,69
2026-09-02 12:54:00-04:00,53061.0,53061.0,53065.0,53053.0,53062.0,45
2026-09-02 12:55:00-04:00,53057.0,53057.0,53068.0,53057.0,53064.0,39
2026-09-02 12:56:00-04:00,53055.0,53055.0,53059.0,53050.0,53055.0,43
2026-09-02 12:57:00-04:00,53054.0,53054.0,53057.0,53052.0,53056.0,33
2026-09-02 12:58:00-04:00,53049.0,53049.0,53059.0,53048.0,53055.0,59
2026-09-02 12:59:00-04:00,53044.0,53044.0,53048.0,53040.0,53048.0,33
2026-09-02 13:00:00-04:00,53053.0,53053.0,53060.0,53042.0,53043.0,92
2026-09-02 13:01:00-04:00,53066.0,53066.0,53068.0,53054.0,53054.0,111
2026-09-02 13:02:00-04:00,53071.0,53071.0,53071.0,53063.0,53065.0,23
2026-09-02 13:03:00-04:00,53082.0,53082.0,53082.0,53064.0,53070.0,61
2026-09-02 13:04:00-04:00,53092.0,53092.0,53092.0,53078.0,53078.0,51
2026-09-02 13:05:00-04:00,53084.0,53084.0,53094.0,53083.0,53093.0,36
2026-09-02 13:06:00-04:00,53080.0,53080.0,53090.0,53080.0,53085.0,35
2026-09-02 13:07:00-04:00,53075.0,53075.0,53082.0,53069.0,53081.0,73
2026-09-02 13:08:00-04:00,53073.0,53073.0,53082.0,53071.0,53077.0,49
2026-09-02 13:09:00-04:00,53068.0,53068.0,53076.0,53064.0,53073.0,57
2026-09-02 13:10:00-04:00,53066.0,53066.0,53073.0,53064.0,53069.0,40
2026-09-02 13:11:00-04:00,53073.0,53073.0,53077.0,53065.0,53066.0,53
2026-09-02 13:12:00-04:00,53077.0,53077.0,53080.0,53074.0,53074.0,32
2026-09-02 13:13:00-04:00,53077.0,53077.0,53079.0,53070.0,53077.0,60
2026-09-02 13:14:00-04:00,53067.0,53067.0,53078.0,53067.0,53076.0,30
2026-09-02 13:15:00-04:00,53069.0,53069.0,53069.0,53058.0,53067.0,34
2026-09-02 13:16:00-04:00,53066.0,53066.0,53068.0,53064.0,53068.0,19
2026-09-02 13:17:00-04:00,53054.0,53054.0,53066.0,53054.0,53066.0,56
2026-09-02 13:18:00-04:00,53039.0,53039.0,53056.0,53039.0,53056.0,117
2026-09-02 13:19:00-04:00,53043.0,53043.0,53043.0,53038.0,53041.0,32
2026-09-02 13:20:00-04:00,53033.0,53033.0,53042.0,53031.0,53041.0,42
2026-09-02 13:21:00-04:00,53036.0,53036.0,53038.0,53027.0,53032.0,79
2026-09-02 13:22:00-04:00,53038.0,53038.0,53043.0,53033.0,53037.0,62
2026-09-02 13:23:00-04:00,53046.0,53046.0,53048.0,53038.0,53038.0,24
2026-09-02 13:24:00-04:00,53037.0,53037.0,53046.0,53036.0,53043.0,33
2026-09-02 13:25:00-04:00,53043.0,53043.0,53043.0,53031.0,53031.0,26
2026-09-02 13:26:00-04:00,53041.0,53041.0,53049.0,53040.0,53043.0,38
2026-09-02 13:27:00-04:00,53030.0,53030.0,53041.0,53029.0,53041.0,42
2026-09-02 13:28:00-04:00,53039.0,53039.0,53042.0,53028.0,53030.0,29
2026-09-02 13:29:00-04:00,53028.0,53028.0,53037.0,53025.0,53037.0,40
2026-09-02 13:30:00-04:00,53026.0,53026.0,53031.0,53019.0,53028.0,67
2026-09-02 13:31:00-04:00,53032.0,53032.0,53032.0,53020.0,53025.0,74
2026-09-02 13:32:00-04:00,53020.0,53020.0,53034.0,53019.0,53033.0,64
2026-09-02 13:33:00-04:00,53017.0,53017.0,53021.0,53014.0,53020.0,54
2026-09-02 13:34:00-04:00,53010.0,53010.0,53017.0,53009.0,53017.0,45
2026-09-02 13:35:00-04:00,53018.0,53018.0,53019.0,53010.0,53010.0,54
2026-09-02 13:36:00-04:00,53016.0,53016.0,53020.0,53011.0,53015.0,69
2026-09-02 13:37:00-04:00,53020.0,53020.0,53024.0,53016.0,53017.0,49
2026-09-02 13:38:00-04:00,53018.0,53018.0,53019.0,53010.0,53016.0,20
2026-09-02 13:39:00-04:00,53023.0,53023.0,53031.0,53014.0,53014.0,51
2026-09-02 13:40:00-04:00,53025.0,53025.0,53031.0,53023.0,53023.0,37
2026-09-02 13:41:00-04:00,53031.0,53031.0,53033.0,53022.0,53026.0,44
2026-09-02 13:42:00-04:00,53040.0,53040.0,53047.0,53030.0,53030.0,192
2026-09-02 13:43:00-04:00,53043.0,53043.0,53050.0,53039.0,53039.0,26
2026-09-02 13:44:00-04:00,53056.0,53056.0,53057.0,53041.0,53049.0,177
2026-09-02 13:45:00-04:00,53078.0,53078.0,53078.0,53054.0,53055.0,102
2026-09-02 13:46:00-04:00,53080.0,53080.0,53085.0,53075.0,53078.0,75
2026-09-02 13:47:00-04:00,53075.0,53075.0,53079.0,53070.0,53079.0,32
2026-09-02 13:48:00-04:00,53068.0,53068.0,53081.0,53068.0,53076.0,63
2026-09-02 13:49:00-04:00,53063.0,53063.0,53072.0,53062.0,53068.0,46
2026-09-02 13:50:00-04:00,53065.0,53065.0,53069.0,53057.0,53062.0,45
2026-09-02 13:51:00-04:00,53066.0,53066.0,53071.0,53059.0,53066.0,75
2026-09-02 13:52:00-04:00,53069.0,53069.0,53073.0,53063.0,53067.0,35
2026-09-02 13:53:00-04:00,53071.0,53071.0,53071.0,53060.0,53066.0,25
2026-09-02 13:54:00-04:00,53064.0,53064.0,53076.0,53064.0,53072.0,30
2026-09-02 13:55:00-04:00,53075.0,53075.0,53075.0,53059.0,53068.0,50
2026-09-02 13:56:00-04:00,53076.0,53076.0,53079.0,53072.0,53077.0,23
2026-09-02 13:57:00-04:00,53089.0,53089.0,53091.0,53077.0,53078.0,56
2026-09-02 13:58:00-04:00,53080.0,53080.0,53090.0,53080.0,53090.0,42
2026-09-02 13:59:00-04:00,53083.0,53083.0,53084.0,53077.0,53081.0,30
2026-09-02 14:00:00-04:00,53064.0,53064.0,53090.0,53064.0,53085.0,173
2026-09-02 14:01:00-04:00,53058.0,53058.0,53064.0,53055.0,53063.0,57
2026-09-02 14:02:00-04:00,53079.0,53079.0,53079.0,53058.0,53059.0,48
2026-09-02 14:03:00-04:00,53098.0,53098.0,53101.0,53077.0,53079.0,55
2026-09-02 14:04:00-04:00,53101.0,53101.0,53106.0,53098.0,53099.0,98
2026-09-02 14:05:00-04:00,53099.0,53099.0,53102.0,53096.0,53098.0,32
2026-09-02 14:06:00-04:00,53100.0,53100.0,53104.0,53095.0,53099.0,42
2026-09-02 14:07:00-04:00,53086.0,53086.0,53100.0,53080.0,53100.0,79
2026-09-02 14:08:00-04:00,53086.0,53086.0,53089.0,53085.0,53088.0,24
2026-09-02 14:09:00-04:00,53080.0,53080.0,53085.0,53078.0,53085.0,34
2026-09-02 14:10:00-04:00,53089.0,53089.0,53092.0,53080.0,53080.0,34
2026-09-02 14:11:00-04:00,53085.0,53085.0,53093.0,53085.0,53089.0,37
2026-09-02 14:12:00-04:00,53084.0,53084.0,53087.0,53083.0,53087.0,26
2026-09-02 14:13:00-04:00,53089.0,53089.0,53093.0,53085.0,53085.0,34
2026-09-02 14:14:00-04:00,53083.0,53083.0,53087.0,53078.0,53087.0,62
2026-09-02 14:15:00-04:00,53087.0,53087.0,53088.0,53081.0,53081.0,24
2026-09-02 14:16:00-04:00,53093.0,53093.0,53095.0,53090.0,53093.0,23
2026-09-02 14:17:00-04:00,53091.0,53091.0,53095.0,53084.0,53094.0,24
2026-09-02 14:18:00-04:00,53116.0,53116.0,53143.0,53088.0,53088.0,725
2026-09-02 14:19:00-04:00,53109.0,53109.0,53117.0,53105.0,53115.0,68
2026-09-02 14:20:00-04:00,53107.0,53107.0,53112.0,53100.0,53109.0,116
2026-09-02 14:21:00-04:00,53094.0,53094.0,53116.0,53091.0,53105.0,74
2026-09-02 14:22:00-04:00,53086.0,53086.0,53096.0,53082.0,53096.0,127
2026-09-02 14:23:00-04:00,53080.0,53080.0,53087.0,53078.0,53084.0,30
2026-09-02 14:24:00-04:00,53077.0,53077.0,53080.0,53073.0,53080.0,92
2026-09-02 14:25:00-04:00,53073.0,53073.0,53082.0,53071.0,53076.0,47
2026-09-02 14:26:00-04:00,53070.0,53070.0,53075.0,53068.0,53069.0,30
2026-09-02 14:27:00-04:00,53062.0,53062.0,53073.0,53058.0,53071.0,46
2026-09-02 14:28:00-04:00,53061.0,53061.0,53065.0,53061.0,53061.0,29
2026-09-02 14:29:00-04:00,53072.0,53072.0,53075.0,53065.0,53065.0,43
2026-09-02 14:30:00-04:00,53079.0,53079.0,53081.0,53071.0,53072.0,49
2026-09-02 14:31:00-04:00,53077.0,53077.0,53081.0,53074.0,53081.0,27
2026-09-02 14:32:00-04:00,53079.0,53079.0,53081.0,53076.0,53077.0,45
2026-09-02 14:33:00-04:00,53074.0,53074.0,53082.0,53074.0,53079.0,32
2026-09-02 14:34:00-04:00,53064.0,53064.0,53074.0,53064.0,53071.0,49
2026-09-02 14:35:00-04:00,53063.0,53063.0,53067.0,53062.0,53063.0,25
2026-09-02 14:36:00-04:00,53055.0,53055.0,53065.0,53053.0,53064.0,28
2026-09-02 14:37:00-04:00,53047.0,53047.0,53056.0,53047.0,53054.0,65
2026-09-02 14:38:00-04:00,53051.0,53051.0,53054.0,53046.0,53048.0,60
2026-09-02 14:39:00-04:00,53043.0,53043.0,53050.0,53041.0,53048.0,57
2026-09-02 14:40:00-04:00,53043.0,53043.0,53047.0,53043.0,53045.0,19
2026-09-02 14:41:00-04:00,53041.0,53041.0,53044.0,53039.0,53042.0,39
2026-09-02 14:42:00-04:00,53040.0,53040.0,53049.0,53040.0,53045.0,52
2026-09-02 14:43:00-04:00,53043.0,53043.0,53046.0,53040.0,53041.0,29
2026-09-02 14:44:00-04:00,53042.0,53042.0,53044.0,53038.0,53042.0,14
2026-09-02 14:45:00-04:00,53047.0,53047.0,53049.0,53042.0,53045.0,37
2026-09-02 14:46:00-04:00,53042.0,53042.0,53048.0,53038.0,53046.0,45
2026-09-02 14:47:00-04:00,53046.0,53046.0,53046.0,53037.0,53039.0,26
2026-09-02 14:48:00-04:00,53056.0,53056.0,53056.0,53045.0,53045.0,36
2026-09-02 14:49:00-04:00,53053.0,53053.0,53059.0,53053.0,53056.0,52
2026-09-02 14:50:00-04:00,53057.0,53057.0,53061.0,53055.0,53055.0,47
2026-09-02 14:51:00-04:00,53069.0,53069.0,53070.0,53058.0,53058.0,51
2026-09-02 14:52:00-04:00,53069.0,53069.0,53070.0,53064.0,53068.0,42
2026-09-02 14:53:00-04:00,53080.0,53080.0,53080.0,53072.0,53072.0,40
2026-09-02 14:54:00-04:00,53077.0,53077.0,53081.0,53076.0,53079.0,48
2026-09-02 14:55:00-04:00,53076.0,53076.0,53080.0,53075.0,53078.0,39
2026-09-02 14:56:00-04:00,53082.0,53082.0,53082.0,53074.0,53076.0,41
2026-09-02 14:57:00-04:00,53067.0,53067.0,53085.0,53067.0,53082.0,70
2026-09-02 14:58:00-04:00,53065.0,53065.0,53069.0,53063.0,53066.0,24
2026-09-02 14:59:00-04:00,53069.0,53069.0,53069.0,53063.0,53064.0,18
2026-09-02 15:00:00-04:00,53065.0,53065.0,53071.0,53062.0,53069.0,51
2026-09-02 15:01:00-04:00,53065.0,53065.0,53070.0,53060.0,53064.0,47
2026-09-02 15:02:00-04:00,53075.0,53075.0,53077.0,53066.0,53066.0,39
2026-09-02 15:03:00-04:00,53072.0,53072.0,53080.0,53072.0,53078.0,36
2026-09-02 15:04:00-04:00,53075.0,53075.0,53076.0,53071.0,53071.0,19
2026-09-02 15:05:00-04:00,53085.0,53085.0,53088.0,53076.0,53076.0,42
2026-09-02 15:06:00-04:00,53086.0,53086.0,53088.0,53084.0,53084.0,12
2026-09-02 15:07:00-04:00,53084.0,53084.0,53090.0,53082.0,53085.0,44
2026-09-02 15:08:00-04:00,53093.0,53093.0,53094.0,53082.0,53083.0,203
2026-09-02 15:09:00-04:00,53103.0,53103.0,53108.0,53092.0,53092.0,90
2026-09-02 15:10:00-04:00,53107.0,53107.0,53110.0,53102.0,53105.0,82
2026-09-02 15:11:00-04:00,53109.0,53109.0,53112.0,53105.0,53107.0,83
2026-09-02 15:12:00-04:00,53107.0,53107.0,53109.0,53102.0,53106.0,27
2026-09-02 15:13:00-04:00,53111.0,53111.0,53112.0,53105.0,53105.0,24
2026-09-02 15:14:00-04:00,53119.0,53119.0,53119.0,53110.0,53110.0,63
2026-09-02 15:15:00-04:00,53111.0,53111.0,53121.0,53111.0,53119.0,43
2026-09-02 15:16:00-04:00,53117.0,53117.0,53118.0,53112.0,53112.0,49
2026-09-02 15:17:00-04:00,53113.0,53113.0,53118.0,53110.0,53117.0,31
2026-09-02 15:18:00-04:00,53112.0,53112.0,53117.0,53112.0,53114.0,64
2026-09-02 15:19:00-04:00,53123.0,53123.0,53125.0,53107.0,53111.0,57
2026-09-02 15:20:00-04:00,53106.0,53106.0,53122.0,53103.0,53122.0,74
2026-09-02 15:21:00-04:00,53109.0,53109.0,53113.0,53105.0,53105.0,44
2026-09-02 15:22:00-04:00,53123.0,53123.0,53124.0,53107.0,53107.0,46
2026-09-02 15:23:00-04:00,53115.0,53115.0,53123.0,53113.0,53122.0,35
2026-09-02 15:24:00-04:00,53121.0,53121.0,53122.0,53114.0,53114.0,69
2026-09-02 15:25:00-04:00,53128.0,53128.0,53129.0,53122.0,53122.0,38
2026-09-02 15:26:00-04:00,53146.0,53146.0,53149.0,53129.0,53129.0,106
2026-09-02 15:27:00-04:00,53145.0,53145.0,53146.0,53139.0,53145.0,60
2026-09-02 15:28:00-04:00,53146.0,53146.0,53147.0,53143.0,53146.0,44
2026-09-02 15:29:00-04:00,53150.0,53150.0,53152.0,53144.0,53146.0,70
2026-09-02 15:30:00-04:00,53146.0,53146.0,53151.0,53144.0,53150.0,44
2026-09-02 15:31:00-04:00,53143.0,53143.0,53146.0,53141.0,53146.0,60
2026-09-02 15:32:00-04:00,53147.0,53147.0,53148.0,53134.0,53145.0,106
2026-09-02 15:33:00-04:00,53144.0,53144.0,53154.0,53143.0,53148.0,75
2026-09-02 15:34:00-04:00,53134.0,53134.0,53143.0,53122.0,53143.0,105
2026-09-02 15:35:00-04:00,53136.0,53136.0,53138.0,53133.0,53136.0,59
2026-09-02 15:36:00-04:00,53141.0,53141.0,53143.0,53135.0,53138.0,61
2026-09-02 15:37:00-04:00,53139.0,53139.0,53146.0,53139.0,53141.0,85
2026-09-02 15:38:00-04:00,53137.0,53137.0,53138.0,53134.0,53137.0,31
2026-09-02 15:39:00-04:00,53131.0,53131.0,53139.0,53130.0,53138.0,29
2026-09-02 15:40:00-04:00,53137.0,53137.0,53140.0,53132.0,53133.0,65
2026-09-02 15:41:00-04:00,53135.0,53135.0,53140.0,53130.0,53138.0,46
2026-09-02 15:42:00-04:00,53141.0,53141.0,53142.0,53132.0,53136.0,60
2026-09-02 15:43:00-04:00,53151.0,53151.0,53151.0,53140.0,53140.0,80
2026-09-02 15:44:00-04:00,53146.0,53146.0,53151.0,53143.0,53151.0,54
2026-09-02 15:45:00-04:00,53151.0,53151.0,53159.0,53146.0,53146.0,191
2026-09-02 15:46:00-04:00,53152.0,53152.0,53156.0,53147.0,53153.0,163
2026-09-02 15:47:00-04:00,53144.0,53144.0,53151.0,53142.0,53151.0,121
2026-09-02 15:48:00-04:00,53138.0,53138.0,53145.0,53136.0,53145.0,57
2026-09-02 15:49:00-04:00,53151.0,53151.0,53154.0,53139.0,53140.0,72
2026-09-02 15:50:00-04:00,53143.0,53143.0,53153.0,53138.0,53150.0,220
2026-09-02 15:51:00-04:00,53134.0,53134.0,53143.0,53129.0,53141.0,77
2026-09-02 15:52:00-04:00,53131.0,53131.0,53139.0,53127.0,53133.0,135
2026-09-02 15:53:00-04:00,53123.0,53123.0,53131.0,53122.0,53131.0,75
2026-09-02 15:54:00-04:00,53129.0,53129.0,53136.0,53119.0,53122.0,206
2026-09-02 15:55:00-04:00,53128.0,53128.0,53134.0,53121.0,53130.0,259
2026-09-02 15:56:00-04:00,53130.0,53130.0,53131.0,53119.0,53125.0,173
2026-09-02 15:57:00-04:00,53124.0,53124.0,53134.0,53122.0,53131.0,283
2026-09-02 15:58:00-04:00,53124.0,53124.0,53134.0,53123.0,53124.0,216
2026-09-02 15:59:00-04:00,53130.0,53130.0,53138.0,53105.0,53125.0,2457
2026-09-02 16:00:00-04:00,53138.0,53138.0,53141.0,53128.0,53132.0,644
2026-09-02 16:01:00-04:00,53144.0,53144.0,53145.0,53135.0,53139.0,58
2026-09-02 16:02:00-04:00,53144.0,53144.0,53146.0,53140.0,53146.0,41
2026-09-02 16:03:00-04:00,53146.0,53146.0,53146.0,53141.0,53144.0,22
2026-09-02 16:04:00-04:00,53152.0,53152.0,53152.0,53145.0,53148.0,64
2026-09-02 16:05:00-04:00,53147.0,53147.0,53152.0,53146.0,53151.0,63
2026-09-02 16:06:00-04:00,53157.0,53157.0,53157.0,53150.0,53150.0,35
2026-09-02 16:07:00-04:00,53155.0,53155.0,53159.0,53153.0,53157.0,22
2026-09-02 16:08:00-04:00,53150.0,53150.0,53152.0,53148.0,53152.0,15
2026-09-02 16:09:00-04:00,53149.0,53149.0,53152.0,53145.0,53151.0,26
2026-09-02 16:10:00-04:00,53150.0,53150.0,53153.0,53148.0,53151.0,31
2026-09-02 16:11:00-04:00,53147.0,53147.0,53152.0,53147.0,53150.0,15
2026-09-02 16:12:00-04:00,53153.0,53153.0,53154.0,53150.0,53150.0,20
2026-09-02 16:13:00-04:00,53153.0,53153.0,53155.0,53151.0,53153.0,24
2026-09-02 16:14:00-04:00,53155.0,53155.0,53156.0,53152.0,53152.0,34
2026-09-02 16:15:00-04:00,53163.0,53163.0,53171.0,53139.0,53154.0,412
2026-09-02 16:16:00-04:00,53159.0,53159.0,53163.0,53156.0,53162.0,79
2026-09-02 16:17:00-04:00,53159.0,53159.0,53164.0,53158.0,53161.0,31
2026-09-02 16:18:00-04:00,53166.0,53166.0,53168.0,53157.0,53157.0,45
2026-09-02 16:19:00-04:00,53159.0,53159.0,53167.0,53153.0,53167.0,56
2026-09-02 16:20:00-04:00,53158.0,53158.0,53160.0,53154.0,53158.0,49
2026-09-02 16:21:00-04:00,53158.0,53158.0,53162.0,53158.0,53160.0,15
2026-09-02 16:22:00-04:00,53159.0,53159.0,53159.0,53156.0,53158.0,20
2026-09-02 16:23:00-04:00,53159.0,53159.0,53164.0,53158.0,53162.0,16
2026-09-02 16:24:00-04:00,53152.0,53152.0,53158.0,53152.0,53158.0,36
2026-09-02 16:25:00-04:00,53155.0,53155.0,53156.0,53151.0,53151.0,22
2026-09-02 16:26:00-04:00,53157.0,53157.0,53159.0,53155.0,53158.0,10
2026-09-02 16:27:00-04:00,53160.0,53160.0,53160.0,53155.0,53155.0,8
2026-09-02 16:28:00-04:00,53158.0,53158.0,53159.0,53157.0,53159.0,8
2026-09-02 16:29:00-04:00,53156.0,53156.0,53158.0,53155.0,53155.0,11
2026-09-02 16:30:00-04:00,53158.0,53158.0,53158.0,53151.0,53155.0,40
2026-09-02 16:31:00-04:00,53159.0,53159.0,53159.0,53156.0,53159.0,9
2026-09-02 16:32:00-04:00,53154.0,53154.0,53158.0,53154.0,53157.0,9
2026-09-02 16:33:00-04:00,53158.0,53158.0,53159.0,53157.0,53157.0,8
2026-09-02 16:34:00-04:00,53156.0,53156.0,53158.0,53156.0,53158.0,2
2026-09-02 16:35:00-04:00,53159.0,53159.0,53159.0,53155.0,53155.0,6
2026-09-02 16:36:00-04:00,53155.0,53155.0,53155.0,53152.0,53154.0,11
2026-09-02 16:37:00-04:00,53154.0,53154.0,53154.0,53154.0,53154.0,1
2026-09-02 16:38:00-04:00,53148.0,53148.0,53152.0,53148.0,53151.0,10
2026-09-02 16:39:00-04:00,53148.0,53148.0,53150.0,53148.0,53149.0,6
2026-09-02 16:40:00-04:00,53143.0,53143.0,53147.0,53141.0,53147.0,18
2026-09-02 16:41:00-04:00,53133.0,53133.0,53141.0,53133.0,53141.0,37
2026-09-02 16:42:00-04:00,53133.0,53133.0,53134.0,53130.0,53133.0,32
2026-09-02 16:43:00-04:00,53134.0,53134.0,53138.0,53133.0,53135.0,15
2026-09-02 16:44:00-04:00,53141.0,53141.0,53141.0,53136.0,53136.0,8
2026-09-02 16:45:00-04:00,53134.0,53134.0,53136.0,53133.0,53136.0,5
2026-09-02 16:46:00-04:00,53141.0,53141.0,53141.0,53137.0,53137.0,9
2026-09-02 16:47:00-04:00,53148.0,53148.0,53148.0,53141.0,53141.0,20
2026-09-02 16:48:00-04:00,53144.0,53144.0,53148.0,53144.0,53148.0,10
2026-09-02 16:49:00-04:00,53144.0,53144.0,53145.0,53140.0,53145.0,14
2026-09-02 16:50:00-04:00,53145.0,53145.0,53145.0,53139.0,53140.0,16
2026-09-02 16:51:00-04:00,53148.0,53148.0,53148.0,53143.0,53143.0,13
2026-09-02 16:52:00-04:00,53143.0,53143.0,53147.0,53143.0,53147.0,6
2026-09-02 16:53:00-04:00,53149.0,53149.0,53149.0,53148.0,53148.0,4
2026-09-02 16:54:00-04:00,53148.0,53148.0,53149.0,53145.0,53146.0,15
2026-09-02 16:55:00-04:00,53145.0,53145.0,53146.0,53143.0,53146.0,14
2026-09-02 16:56:00-04:00,53140.0,53140.0,53145.0,53140.0,53142.0,4
2026-09-02 16:57:00-04:00,53138.0,53138.0,53141.0,53138.0,53141.0,9
2026-09-02 16:58:00-04:00,53135.0,53135.0,53138.0,53134.0,53134.0,6
2026-09-02 16:59:00-04:00,53136.0,53136.0,53140.0,53134.0,53134.0,16
2026-09-02 18:00:00-04:00,53103.0,53103.0,53130.0,53093.0,53120.0,0
2026-09-02 18:01:00-04:00,53115.0,53115.0,53120.0,53105.0,53105.0,25
2026-09-02 18:02:00-04:00,53116.0,53116.0,53117.0,53111.0,53115.0,13
2026-09-02 18:03:00-04:00,53119.0,53119.0,53123.0,53119.0,53123.0,3
2026-09-02 18:05:00-04:00,53113.0,53113.0,53117.0,53113.0,53117.0,3
2026-09-02 18:07:00-04:00,53121.0,53121.0,53121.0,53121.0,53121.0,1
2026-09-02 18:08:00-04:00,53124.0,53124.0,53124.0,53114.0,53120.0,4
2026-09-02 18:09:00-04:00,53126.0,53126.0,53129.0,53121.0,53121.0,3
2026-09-02 18:10:00-04:00,53129.0,53129.0,53129.0,53119.0,53127.0,6
2026-09-02 18:11:00-04:00,53130.0,53130.0,53131.0,53130.0,53131.0,3
2026-09-02 18:12:00-04:00,53133.0,53133.0,53134.0,53130.0,53132.0,8
2026-09-02 18:13:00-04:00,53137.0,53137.0,53137.0,53135.0,53135.0,2
2026-09-02 18:14:00-04:00,53135.0,53135.0,53135.0,53135.0,53135.0,2
2026-09-02 18:15:00-04:00,53129.0,53129.0,53131.0,53129.0,53131.0,4
2026-09-02 18:16:00-04:00,53130.0,53130.0,53130.0,53130.0,53130.0,2
2026-09-02 18:18:00-04:00,53128.0,53128.0,53128.0,53128.0,53128.0,3
2026-09-02 18:19:00-04:00,53132.0,53132.0,53132.0,53128.0,53128.0,5
2026-09-02 18:20:00-04:00,53135.0,53135.0,53135.0,53135.0,53135.0,1
2026-09-02 18:21:00-04:00,53135.0,53135.0,53137.0,53135.0,53137.0,14
2026-09-02 18:22:00-04:00,53133.0,53133.0,53134.0,53133.0,53134.0,3
2026-09-02 18:23:00-04:00,53140.0,53140.0,53141.0,53135.0,53135.0,7
2026-09-02 18:24:00-04:00,53136.0,53136.0,53137.0,53136.0,53137.0,3
2026-09-02 18:25:00-04:00,53135.0,53135.0,53135.0,53135.0,53135.0,2
2026-09-02 18:27:00-04:00,53136.0,53136.0,53138.0,53136.0,53136.0,4
2026-09-02 18:28:00-04:00,53141.0,53141.0,53141.0,53141.0,53141.0,1
2026-09-02 18:29:00-04:00,53136.0,53136.0,53138.0,53136.0,53138.0,3
2026-09-02 18:30:00-04:00,53142.0,53142.0,53142.0,53142.0,53142.0,1
2026-09-02 18:31:00-04:00,53138.0,53138.0,53138.0,53138.0,53138.0,3
2026-09-02 18:32:00-04:00,53140.0,53140.0,53140.0,53140.0,53140.0,1
2026-09-02 18:33:00-04:00,53140.0,53140.0,53141.0,53140.0,53140.0,8
2026-09-02 18:35:00-04:00,53143.0,53143.0,53143.0,53140.0,53140.0,3
2026-09-02 18:37:00-04:00,53141.0,53141.0,53143.0,53141.0,53142.0,4
2026-09-02 18:38:00-04:00,53141.0,53141.0,53141.0,53140.0,53140.0,4
2026-09-02 18:39:00-04:00,53141.0,53141.0,53141.0,53141.0,53141.0,1
2026-09-02 18:40:00-04:00,53142.0,53142.0,53142.0,53142.0,53142.0,1
2026-09-02 18:41:00-04:00,53144.0,53144.0,53144.0,53141.0,53141.0,2
2026-09-02 18:42:00-04:00,53142.0,53142.0,53142.0,53141.0,53142.0,5
2026-09-02 18:43:00-04:00,53143.0,53143.0,53143.0,53143.0,53143.0,1
2026-09-02 18:44:00-04:00,53143.0,53143.0,53143.0,53143.0,53143.0,2
2026-09-02 18:47:00-04:00,53143.0,53143.0,53143.0,53140.0,53140.0,6
2026-09-02 18:48:00-04:00,53146.0,53146.0,53146.0,53145.0,53145.0,9
2026-09-02 18:49:00-04:00,53147.0,53147.0,53148.0,53146.0,53146.0,5
2026-09-02 18:50:00-04:00,53143.0,53143.0,53146.0,53143.0,53146.0,4
2026-09-02 18:52:00-04:00,53140.0,53140.0,53143.0,53140.0,53143.0,3
2026-09-02 18:59:00-04:00,53141.0,53141.0,53141.0,53141.0,53141.0,1
2026-09-02 19:00:00-04:00,53146.0,53146.0,53146.0,53145.0,53145.0,2
2026-09-02 19:02:00-04:00,53146.0,53146.0,53146.0,53146.0,53146.0,2
2026-09-02 19:03:00-04:00,53148.0,53148.0,53148.0,53148.0,53148.0,1
2026-09-02 19:04:00-04:00,53149.0,53149.0,53150.0,53149.0,53150.0,5
2026-09-02 19:05:00-04:00,53149.0,53149.0,53149.0,53149.0,53149.0,1
2026-09-02 19:06:00-04:00,53150.0,53150.0,53156.0,53150.0,53150.0,12
2026-09-02 19:08:00-04:00,53148.0,53148.0,53148.0,53148.0,53148.0,1
2026-09-02 19:09:00-04:00,53146.0,53146.0,53149.0,53146.0,53149.0,3
2026-09-02 19:10:00-04:00,53142.0,53142.0,53145.0,53142.0,53143.0,4
2026-09-02 19:11:00-04:00,53142.0,53142.0,53143.0,53142.0,53143.0,2
2026-09-02 19:12:00-04:00,53139.0,53139.0,53141.0,53139.0,53141.0,8
2026-09-02 19:14:00-04:00,53136.0,53136.0,53139.0,53134.0,53139.0,9
2026-09-02 19:15:00-04:00,53138.0,53138.0,53139.0,53137.0,53137.0,7
2026-09-02 19:16:00-04:00,53135.0,53135.0,53137.0,53135.0,53136.0,6
2026-09-02 19:17:00-04:00,53137.0,53137.0,53137.0,53137.0,53137.0,1
2026-09-02 19:18:00-04:00,53137.0,53137.0,53137.0,53137.0,53137.0,2
2026-09-02 19:19:00-04:00,53138.0,53138.0,53138.0,53138.0,53138.0,2
2026-09-02 19:20:00-04:00,53138.0,53138.0,53139.0,53138.0,53138.0,3
2026-09-02 19:21:00-04:00,53139.0,53139.0,53142.0,53133.0,53137.0,52
2026-09-02 19:22:00-04:00,53138.0,53138.0,53138.0,53138.0,53138.0,1
2026-09-02 19:24:00-04:00,53138.0,53138.0,53138.0,53138.0,53138.0,2
2026-09-02 19:25:00-04:00,53139.0,53139.0,53139.0,53138.0,53138.0,3
2026-09-02 19:26:00-04:00,53140.0,53140.0,53140.0,53140.0,53140.0,3
2026-09-02 19:27:00-04:00,53139.0,53139.0,53140.0,53139.0,53140.0,7
2026-09-02 19:28:00-04:00,53141.0,53141.0,53141.0,53141.0,53141.0,1
2026-09-02 19:29:00-04:00,53143.0,53143.0,53143.0,53143.0,53143.0,1
2026-09-02 19:30:00-04:00,53143.0,53143.0,53144.0,53140.0,53140.0,6
2026-09-02 19:31:00-04:00,53143.0,53143.0,53145.0,53143.0,53145.0,5
2026-09-02 19:33:00-04:00,53140.0,53140.0,53140.0,53140.0,53140.0,1
2026-09-02 19:34:00-04:00,53142.0,53142.0,53142.0,53141.0,53141.0,3
2026-09-02 19:36:00-04:00,53141.0,53141.0,53141.0,53138.0,53138.0,2
2026-09-02 19:37:00-04:00,53139.0,53139.0,53139.0,53138.0,53138.0,3
2026-09-02 19:38:00-04:00,53137.0,53137.0,53137.0,53137.0,53137.0,1
2026-09-02 19:39:00-04:00,53142.0,53142.0,53142.0,53140.0,53140.0,5
2026-09-02 19:40:00-04:00,53144.0,53144.0,53144.0,53144.0,53144.0,1
2026-09-02 19:41:00-04:00,53147.0,53147.0,53147.0,53143.0,53143.0,3
2026-09-02 19:43:00-04:00,53143.0,53143.0,53143.0,53141.0,53143.0,6
2026-09-02 19:44:00-04:00,53144.0,53144.0,53145.0,53144.0,53145.0,5
2026-09-02 19:45:00-04:00,53155.0,53155.0,53155.0,53144.0,53144.0,24
2026-09-02 19:46:00-04:00,53156.0,53156.0,53159.0,53154.0,53154.0,6
2026-09-02 19:47:00-04:00,53164.0,53164.0,53164.0,53158.0,53158.0,18
2026-09-02 19:48:00-04:00,53154.0,53154.0,53162.0,53152.0,53162.0,7
2026-09-02 19:49:00-04:00,53155.0,53155.0,53155.0,53154.0,53154.0,4
2026-09-02 19:50:00-04:00,53156.0,53156.0,53157.0,53156.0,53156.0,3
2026-09-02 19:51:00-04:00,53153.0,53153.0,53156.0,53153.0,53156.0,9
2026-09-02 19:52:00-04:00,53152.0,53152.0,53153.0,53151.0,53153.0,6
2026-09-02 19:53:00-04:00,53152.0,53152.0,53152.0,53152.0,53152.0,1
2026-09-02 19:54:00-04:00,53152.0,53152.0,53152.0,53152.0,53152.0,1
2026-09-02 19:55:00-04:00,53151.0,53151.0,53152.0,53151.0,53152.0,2
2026-09-02 19:56:00-04:00,53152.0,53152.0,53155.0,53151.0,53151.0,15
2026-09-02 19:57:00-04:00,53152.0,53152.0,53152.0,53152.0,53152.0,1
2026-09-02 19:58:00-04:00,53155.0,53155.0,53155.0,53153.0,53153.0,4
2026-09-02 19:59:00-04:00,53150.0,53150.0,53155.0,53150.0,53155.0,6
2026-09-02 20:00:00-04:00,53151.0,53151.0,53154.0,53145.0,53151.0,77
2026-09-02 20:01:00-04:00,53149.0,53149.0,53151.0,53147.0,53151.0,23
2026-09-02 20:02:00-04:00,53140.0,53140.0,53146.0,53139.0,53146.0,26
2026-09-02 20:03:00-04:00,53145.0,53145.0,53146.0,53142.0,53142.0,14
2026-09-02 20:04:00-04:00,53152.0,53152.0,53153.0,53146.0,53146.0,21
2026-09-02 20:05:00-04:00,53151.0,53151.0,53154.0,53150.0,53151.0,20
2026-09-02 20:06:00-04:00,53153.0,53153.0,53153.0,53148.0,53152.0,10
2026-09-02 20:07:00-04:00,53149.0,53149.0,53156.0,53149.0,53156.0,10
2026-09-02 20:08:00-04:00,53148.0,53148.0,53148.0,53148.0,53148.0,2
2026-09-02 20:09:00-04:00,53152.0,53152.0,53152.0,53151.0,53152.0,8
2026-09-02 20:10:00-04:00,53154.0,53154.0,53155.0,53150.0,53155.0,37
2026-09-02 20:11:00-04:00,53159.0,53159.0,53161.0,53155.0,53155.0,11
2026-09-02 20:12:00-04:00,53159.0,53159.0,53161.0,53157.0,53161.0,13
2026-09-02 20:13:00-04:00,53155.0,53155.0,53157.0,53154.0,53157.0,10
2026-09-02 20:14:00-04:00,53157.0,53157.0,53157.0,53153.0,53154.0,10
2026-09-02 20:15:00-04:00,53143.0,53143.0,53156.0,53142.0,53156.0,32
2026-09-02 20:16:00-04:00,53145.0,53145.0,53145.0,53137.0,53142.0,17
2026-09-02 20:17:00-04:00,53148.0,53148.0,53148.0,53143.0,53143.0,4
2026-09-02 20:18:00-04:00,53147.0,53147.0,53150.0,53147.0,53147.0,8
2026-09-02 20:19:00-04:00,53147.0,53147.0,53147.0,53147.0,53147.0,1
2026-09-02 20:20:00-04:00,53148.0,53148.0,53150.0,53148.0,53149.0,22
2026-09-02 20:21:00-04:00,53146.0,53146.0,53149.0,53146.0,53148.0,9
2026-09-02 20:22:00-04:00,53144.0,53144.0,53149.0,53144.0,53149.0,11
2026-09-02 20:23:00-04:00,53147.0,53147.0,53147.0,53145.0,53145.0,2
2026-09-02 20:24:00-04:00,53147.0,53147.0,53148.0,53147.0,53148.0,3
2026-09-02 20:25:00-04:00,53147.0,53147.0,53147.0,53147.0,53147.0,1
2026-09-02 20:26:00-04:00,53144.0,53144.0,53149.0,53144.0,53149.0,5
2026-09-02 20:27:00-04:00,53146.0,53146.0,53146.0,53144.0,53144.0,6
2026-09-02 20:28:00-04:00,53151.0,53151.0,53153.0,53146.0,53146.0,7
2026-09-02 20:29:00-04:00,53150.0,53150.0,53150.0,53149.0,53149.0,5
2026-09-02 20:30:00-04:00,53148.0,53148.0,53149.0,53148.0,53149.0,3
2026-09-02 20:31:00-04:00,53147.0,53147.0,53147.0,53146.0,53146.0,4
2026-09-02 20:32:00-04:00,53141.0,53141.0,53145.0,53141.0,53143.0,6
2026-09-02 20:33:00-04:00,53142.0,53142.0,53143.0,53140.0,53143.0,6
2026-09-02 20:34:00-04:00,53140.0,53140.0,53142.0,53140.0,53141.0,8
2026-09-02 20:35:00-04:00,53140.0,53140.0,53141.0,53138.0,53138.0,15
2026-09-02 20:36:00-04:00,53142.0,53142.0,53142.0,53140.0,53142.0,7
2026-09-02 20:37:00-04:00,53141.0,53141.0,53141.0,53141.0,53141.0,1
2026-09-02 20:38:00-04:00,53147.0,53147.0,53147.0,53144.0,53144.0,3
2026-09-02 20:39:00-04:00,53146.0,53146.0,53148.0,53146.0,53148.0,2
2026-09-02 20:40:00-04:00,53146.0,53146.0,53146.0,53145.0,53145.0,2
2026-09-02 20:41:00-04:00,53148.0,53148.0,53148.0,53143.0,53144.0,6
2026-09-02 20:42:00-04:00,53144.0,53144.0,53144.0,53142.0,53142.0,2
2026-09-02 20:43:00-04:00,53144.0,53144.0,53145.0,53144.0,53144.0,3
2026-09-02 20:44:00-04:00,53143.0,53143.0,53145.0,53143.0,53145.0,3
2026-09-02 20:45:00-04:00,53146.0,53146.0,53147.0,53143.0,53143.0,5
2026-09-02 20:46:00-04:00,53145.0,53145.0,53145.0,53145.0,53145.0,2
2026-09-02 20:47:00-04:00,53142.0,53142.0,53143.0,53142.0,53143.0,5
2026-09-02 20:48:00-04:00,53142.0,53142.0,53144.0,53137.0,53144.0,18
2026-09-02 20:49:00-04:00,53144.0,53144.0,53144.0,53143.0,53143.0,3
2026-09-02 20:50:00-04:00,53146.0,53146.0,53146.0,53146.0,53146.0,1
2026-09-02 20:52:00-04:00,53146.0,53146.0,53146.0,53146.0,53146.0,1
2026-09-02 20:53:00-04:00,53145.0,53145.0,53145.0,53145.0,53145.0,1
2026-09-02 20:55:00-04:00,53148.0,53148.0,53148.0,53148.0,53148.0,1
2026-09-02 20:56:00-04:00,53144.0,53144.0,53145.0,53144.0,53145.0,3
2026-09-02 20:57:00-04:00,53138.0,53138.0,53144.0,53138.0,53144.0,5
2026-09-02 20:58:00-04:00,53141.0,53141.0,53141.0,53141.0,53141.0,2
2026-09-02 20:59:00-04:00,53140.0,53140.0,53140.0,53140.0,53140.0,1
2026-09-02 21:00:00-04:00,53139.0,53139.0,53143.0,53139.0,53142.0,8
2026-09-02 21:01:00-04:00,53144.0,53144.0,53144.0,53141.0,53141.0,6
2026-09-02 21:02:00-04:00,53139.0,53139.0,53139.0,53136.0,53139.0,9
2026-09-02 21:03:00-04:00,53139.0,53139.0,53139.0,53139.0,53139.0,1
2026-09-02 21:04:00-04:00,53142.0,53142.0,53142.0,53141.0,53142.0,4
2026-09-02 21:05:00-04:00,53153.0,53153.0,53154.0,53144.0,53145.0,15
2026-09-02 21:06:00-04:00,53146.0,53146.0,53152.0,53145.0,53152.0,6
2026-09-02 21:07:00-04:00,53151.0,53151.0,53152.0,53147.0,53147.0,6
2026-09-02 21:08:00-04:00,53147.0,53147.0,53148.0,53147.0,53148.0,6
2026-09-02 21:09:00-04:00,53147.0,53147.0,53147.0,53147.0,53147.0,3
2026-09-02 21:10:00-04:00,53139.0,53139.0,53142.0,53139.0,53142.0,4
2026-09-02 21:11:00-04:00,53149.0,53149.0,53149.0,53139.0,53139.0,6
2026-09-02 21:12:00-04:00,53149.0,53149.0,53150.0,53149.0,53149.0,3
2026-09-02 21:13:00-04:00,53151.0,53151.0,53153.0,53150.0,53152.0,6
2026-09-02 21:14:00-04:00,53156.0,53156.0,53156.0,53154.0,53154.0,4
2026-09-02 21:15:00-04:00,53160.0,53160.0,53160.0,53156.0,53156.0,11
2026-09-02 21:16:00-04:00,53158.0,53158.0,53159.0,53158.0,53158.0,5
2026-09-02 21:17:00-04:00,53162.0,53162.0,53162.0,53161.0,53161.0,5
2026-09-02 21:18:00-04:00,53161.0,53161.0,53161.0,53161.0,53161.0,2
2026-09-02 21:19:00-04:00,53166.0,53166.0,53167.0,53164.0,53164.0,12
2026-09-02 21:20:00-04:00,53166.0,53166.0,53167.0,53164.0,53166.0,8
2026-09-02 21:21:00-04:00,53164.0,53164.0,53166.0,53164.0,53165.0,7
2026-09-02 21:22:00-04:00,53163.0,53163.0,53163.0,53162.0,53163.0,3
2026-09-02 21:23:00-04:00,53159.0,53159.0,53163.0,53159.0,53161.0,7
2026-09-02 21:24:00-04:00,53152.0,53152.0,53159.0,53152.0,53159.0,16
2026-09-02 21:25:00-04:00,53147.0,53147.0,53150.0,53147.0,53148.0,7
2026-09-02 21:26:00-04:00,53154.0,53154.0,53154.0,53148.0,53148.0,5
2026-09-02 21:27:00-04:00,53154.0,53154.0,53154.0,53154.0,53154.0,3
2026-09-02 21:28:00-04:00,53160.0,53160.0,53160.0,53155.0,53156.0,5
2026-09-02 21:29:00-04:00,53165.0,53165.0,53165.0,53160.0,53160.0,12
2026-09-02 21:30:00-04:00,53168.0,53168.0,53170.0,53164.0,53165.0,23
2026-09-02 21:31:00-04:00,53177.0,53177.0,53178.0,53170.0,53170.0,14
2026-09-02 21:32:00-04:00,53172.0,53172.0,53176.0,53172.0,53175.0,11
2026-09-02 21:33:00-04:00,53175.0,53175.0,53175.0,53171.0,53173.0,14
2026-09-02 21:34:00-04:00,53179.0,53179.0,53180.0,53173.0,53173.0,17
2026-09-02 21:35:00-04:00,53171.0,53171.0,53180.0,53167.0,53179.0,36
2026-09-02 21:36:00-04:00,53172.0,53172.0,53173.0,53169.0,53171.0,10
2026-09-02 21:37:00-04:00,53167.0,53167.0,53169.0,53165.0,53169.0,7
2026-09-02 21:38:00-04:00,53171.0,53171.0,53172.0,53170.0,53170.0,4
2026-09-02 21:39:00-04:00,53173.0,53173.0,53173.0,53170.0,53170.0,4
2026-09-02 21:40:00-04:00,53172.0,53172.0,53175.0,53172.0,53175.0,5
2026-09-02 21:41:00-04:00,53170.0,53170.0,53173.0,53170.0,53173.0,6
2026-09-02 21:42:00-04:00,53166.0,53166.0,53167.0,53166.0,53167.0,2
2026-09-02 21:43:00-04:00,53163.0,53163.0,53164.0,53161.0,53164.0,20
2026-09-02 21:44:00-04:00,53161.0,53161.0,53162.0,53160.0,53162.0,3
2026-09-02 21:45:00-04:00,53164.0,53164.0,53164.0,53158.0,53160.0,11
2026-09-02 21:46:00-04:00,53158.0,53158.0,53160.0,53157.0,53160.0,3
2026-09-02 21:47:00-04:00,53158.0,53158.0,53158.0,53156.0,53156.0,2
2026-09-02 21:48:00-04:00,53162.0,53162.0,53162.0,53160.0,53160.0,4
2026-09-02 21:49:00-04:00,53172.0,53172.0,53172.0,53164.0,53164.0,4
2026-09-02 21:50:00-04:00,53170.0,53170.0,53171.0,53170.0,53171.0,3
2026-09-02 21:51:00-04:00,53161.0,53161.0,53163.0,53161.0,53163.0,2
2026-09-02 21:52:00-04:00,53162.0,53162.0,53165.0,53162.0,53165.0,3
2026-09-02 21:53:00-04:00,53166.0,53166.0,53166.0,53166.0,53166.0,1
2026-09-02 21:54:00-04:00,53162.0,53162.0,53165.0,53160.0,53165.0,3
2026-09-02 21:56:00-04:00,53161.0,53161.0,53163.0,53161.0,53161.0,3
2026-09-02 21:57:00-04:00,53154.0,53154.0,53156.0,53154.0,53156.0,7
2026-09-02 21:58:00-04:00,53153.0,53153.0,53158.0,53153.0,53158.0,8
2026-09-02 21:59:00-04:00,53153.0,53153.0,53154.0,53152.0,53154.0,5
2026-09-02 22:00:00-04:00,53154.0,53154.0,53154.0,53151.0,53153.0,13
2026-09-02 22:01:00-04:00,53155.0,53155.0,53157.0,53155.0,53155.0,8
2026-09-02 22:02:00-04:00,53155.0,53155.0,53157.0,53155.0,53157.0,3
2026-09-02 22:03:00-04:00,53158.0,53158.0,53159.0,53157.0,53157.0,5
2026-09-02 22:04:00-04:00,53157.0,53157.0,53158.0,53156.0,53158.0,5
2026-09-02 22:05:00-04:00,53161.0,53161.0,53161.0,53161.0,53161.0,1
2026-09-02 22:06:00-04:00,53161.0,53161.0,53164.0,53161.0,53161.0,7
2026-09-02 22:08:00-04:00,53170.0,53170.0,53170.0,53170.0,53170.0,1
2026-09-02 22:09:00-04:00,53169.0,53169.0,53170.0,53168.0,53168.0,3
2026-09-02 22:10:00-04:00,53180.0,53180.0,53180.0,53177.0,53178.0,8
2026-09-02 22:11:00-04:00,53182.0,53182.0,53184.0,53182.0,53184.0,3
2026-09-02 22:12:00-04:00,53183.0,53183.0,53183.0,53183.0,53183.0,5
2026-09-02 22:13:00-04:00,53187.0,53187.0,53187.0,53182.0,53184.0,45
2026-09-02 22:14:00-04:00,53186.0,53186.0,53189.0,53184.0,53188.0,5
2026-09-02 22:15:00-04:00,53183.0,53183.0,53189.0,53182.0,53187.0,5
2026-09-02 22:16:00-04:00,53186.0,53186.0,53186.0,53181.0,53182.0,10
2026-09-02 22:17:00-04:00,53176.0,53176.0,53182.0,53176.0,53182.0,4
2026-09-02 22:18:00-04:00,53179.0,53179.0,53181.0,53179.0,53179.0,5
2026-09-02 22:19:00-04:00,53184.0,53184.0,53184.0,53182.0,53183.0,10
2026-09-02 22:21:00-04:00,53181.0,53181.0,53182.0,53180.0,53180.0,4
2026-09-02 22:22:00-04:00,53183.0,53183.0,53183.0,53183.0,53183.0,3
2026-09-02 22:24:00-04:00,53179.0,53179.0,53179.0,53179.0,53179.0,2
2026-09-02 22:25:00-04:00,53178.0,53178.0,53178.0,53174.0,53175.0,3
2026-09-02 22:26:00-04:00,53175.0,53175.0,53175.0,53175.0,53175.0,1
2026-09-02 22:27:00-04:00,53181.0,53181.0,53181.0,53178.0,53178.0,2
2026-09-02 22:28:00-04:00,53182.0,53182.0,53182.0,53180.0,53181.0,3
2026-09-02 22:29:00-04:00,53180.0,53180.0,53181.0,53180.0,53181.0,3
2026-09-02 22:30:00-04:00,53184.0,53184.0,53184.0,53178.0,53178.0,8
2026-09-02 22:31:00-04:00,53187.0,53187.0,53187.0,53185.0,53185.0,5
2026-09-02 22:32:00-04:00,53185.0,53185.0,53185.0,53185.0,53185.0,1
2026-09-02 22:33:00-04:00,53188.0,53188.0,53189.0,53186.0,53186.0,5
2026-09-02 22:34:00-04:00,53189.0,53189.0,53190.0,53189.0,53190.0,6
2026-09-02 22:35:00-04:00,53184.0,53184.0,53187.0,53184.0,53187.0,4
2026-09-02 22:38:00-04:00,53178.0,53178.0,53178.0,53178.0,53178.0,1
2026-09-02 22:39:00-04:00,53177.0,53177.0,53177.0,53177.0,53177.0,1
2026-09-02 22:41:00-04:00,53176.0,53176.0,53177.0,53176.0,53177.0,4
2026-09-02 22:44:00-04:00,53173.0,53173.0,53173.0,53173.0,53173.0,2
2026-09-02 22:45:00-04:00,53170.0,53170.0,53172.0,53170.0,53172.0,7
2026-09-02 22:46:00-04:00,53170.0,53170.0,53170.0,53170.0,53170.0,1
2026-09-02 22:47:00-04:00,53173.0,53173.0,53173.0,53172.0,53172.0,7
2026-09-02 22:48:00-04:00,53179.0,53179.0,53179.0,53177.0,53177.0,4
2026-09-02 22:49:00-04:00,53187.0,53187.0,53187.0,53181.0,53182.0,8
2026-09-02 22:50:00-04:00,53183.0,53183.0,53185.0,53183.0,53185.0,2
2026-09-02 22:51:00-04:00,53182.0,53182.0,53182.0,53181.0,53181.0,3
2026-09-02 22:52:00-04:00,53183.0,53183.0,53183.0,53183.0,53183.0,2
2026-09-02 22:55:00-04:00,53180.0,53180.0,53180.0,53180.0,53180.0,1
2026-09-02 22:57:00-04:00,53181.0,53181.0,53181.0,53180.0,53180.0,2
2026-09-02 22:58:00-04:00,53181.0,53181.0,53181.0,53181.0,53181.0,1
2026-09-02 23:00:00-04:00,53175.0,53175.0,53178.0,53175.0,53178.0,5
2026-09-02 23:01:00-04:00,53173.0,53173.0,53176.0,53173.0,53176.0,7
2026-09-02 23:02:00-04:00,53174.0,53174.0,53174.0,53174.0,53174.0,1
2026-09-02 23:03:00-04:00,53179.0,53179.0,53179.0,53173.0,53173.0,6
2026-09-02 23:04:00-04:00,53180.0,53180.0,53180.0,53180.0,53180.0,3
2026-09-02 23:05:00-04:00,53179.0,53179.0,53180.0,53178.0,53178.0,3
2026-09-02 23:06:00-04:00,53178.0,53178.0,53179.0,53178.0,53178.0,3
2026-09-02 23:07:00-04:00,53176.0,53176.0,53178.0,53175.0,53176.0,20
2026-09-02 23:08:00-04:00,53174.0,53174.0,53178.0,53172.0,53176.0,64
2026-09-02 23:09:00-04:00,53169.0,53169.0,53170.0,53168.0,53170.0,3
2026-09-02 23:10:00-04:00,53167.0,53167.0,53170.0,53167.0,53169.0,7
2026-09-02 23:11:00-04:00,53167.0,53167.0,53169.0,53166.0,53168.0,5
2026-09-02 23:12:00-04:00,53169.0,53169.0,53169.0,53168.0,53168.0,3
2026-09-02 23:13:00-04:00,53173.0,53173.0,53173.0,53173.0,53173.0,1
2026-09-02 23:14:00-04:00,53171.0,53171.0,53172.0,53171.0,53172.0,3
2026-09-02 23:15:00-04:00,53174.0,53174.0,53177.0,53173.0,53174.0,10
2026-09-02 23:17:00-04:00,53175.0,53175.0,53175.0,53175.0,53175.0,1
2026-09-02 23:18:00-04:00,53182.0,53182.0,53182.0,53179.0,53179.0,8
2026-09-02 23:19:00-04:00,53175.0,53175.0,53181.0,53175.0,53181.0,12
2026-09-02 23:20:00-04:00,53179.0,53179.0,53179.0,53176.0,53176.0,10
2026-09-02 23:21:00-04:00,53178.0,53178.0,53178.0,53178.0,53178.0,1
2026-09-02 23:22:00-04:00,53177.0,53177.0,53177.0,53177.0,53177.0,1
2026-09-02 23:23:00-04:00,53174.0,53174.0,53174.0,53174.0,53174.0,1
2026-09-02 23:25:00-04:00,53178.0,53178.0,53178.0,53177.0,53177.0,4
2026-09-02 23:26:00-04:00,53180.0,53180.0,53180.0,53180.0,53180.0,1
2026-09-02 23:27:00-04:00,53179.0,53179.0,53179.0,53179.0,53179.0,1
2026-09-02 23:28:00-04:00,53181.0,53181.0,53181.0,53181.0,53181.0,1
2026-09-02 23:29:00-04:00,53178.0,53178.0,53180.0,53176.0,53180.0,10
2026-09-02 23:30:00-04:00,53180.0,53180.0,53180.0,53177.0,53177.0,9
2026-09-02 23:31:00-04:00,53178.0,53178.0,53178.0,53175.0,53176.0,3
2026-09-02 23:32:00-04:00,53180.0,53180.0,53181.0,53177.0,53177.0,4
2026-09-02 23:33:00-04:00,53178.0,53178.0,53178.0,53177.0,53177.0,5
2026-09-02 23:34:00-04:00,53179.0,53179.0,53179.0,53179.0,53179.0,1
2026-09-02 23:35:00-04:00,53176.0,53176.0,53176.0,53175.0,53176.0,3
2026-09-02 23:36:00-04:00,53176.0,53176.0,53176.0,53175.0,53175.0,3
2026-09-02 23:37:00-04:00,53178.0,53178.0,53178.0,53175.0,53175.0,3
2026-09-02 23:38:00-04:00,53178.0,53178.0,53178.0,53178.0,53178.0,7
2026-09-02 23:40:00-04:00,53178.0,53178.0,53178.0,53177.0,53177.0,5
2026-09-02 23:41:00-04:00,53177.0,53177.0,53177.0,53176.0,53177.0,9
2026-09-02 23:43:00-04:00,53176.0,53176.0,53176.0,53176.0,53176.0,1
2026-09-02 23:45:00-04:00,53177.0,53177.0,53177.0,53173.0,53173.0,4
2026-09-02 23:47:00-04:00,53175.0,53175.0,53175.0,53175.0,53175.0,2
2026-09-02 23:48:00-04:00,53176.0,53176.0,53176.0,53176.0,53176.0,1
2026-09-02 23:49:00-04:00,53176.0,53176.0,53176.0,53175.0,53175.0,4
2026-09-02 23:50:00-04:00,53175.0,53175.0,53175.0,53174.0,53174.0,2
2026-09-02 23:52:00-04:00,53177.0,53177.0,53177.0,53177.0,53177.0,1
2026-09-02 23:53:00-04:00,53177.0,53177.0,53179.0,53177.0,53179.0,2
2026-09-02 23:54:00-04:00,53178.0,53178.0,53178.0,53178.0,53178.0,1
2026-09-02 23:55:00-04:00,53177.0,53177.0,53178.0,53177.0,53178.0,2
2026-09-02 23:56:00-04:00,53176.0,53176.0,53177.0,53175.0,53175.0,5
2026-09-02 23:57:00-04:00,53173.0,53173.0,53176.0,53173.0,53176.0,3
2026-09-02 23:58:00-04:00,53174.0,53174.0,53174.0,53174.0,53174.0,1
2026-09-03 00:00:00-04:00,53176.0,53176.0,53176.0,53174.0,53174.0,7
2026-09-03 00:02:00-04:00,53173.0,53173.0,53173.0,53173.0,53173.0,1
2026-09-03 00:03:00-04:00,53175.0,53175.0,53175.0,53173.0,53173.0,6
2026-09-03 00:04:00-04:00,53174.0,53174.0,53175.0,53174.0,53175.0,2
2026-09-03 00:06:00-04:00,53173.0,53173.0,53174.0,53173.0,53174.0,2
2026-09-03 00:07:00-04:00,53171.0,53171.0,53173.0,53170.0,53173.0,5
2026-09-03 00:08:00-04:00,53173.0,53173.0,53174.0,53172.0,53172.0,12
2026-09-03 00:09:00-04:00,53168.0,53168.0,53170.0,53168.0,53170.0,4
2026-09-03 00:10:00-04:00,53172.0,53172.0,53172.0,53172.0,53172.0,4
2026-09-03 00:11:00-04:00,53173.0,53173.0,53173.0,53168.0,53168.0,2
2026-09-03 00:12:00-04:00,53170.0,53170.0,53170.0,53170.0,53170.0,3
2026-09-03 00:13:00-04:00,53171.0,53171.0,53171.0,53171.0,53171.0,1
2026-09-03 00:15:00-04:00,53169.0,53169.0,53170.0,53168.0,53170.0,4
2026-09-03 00:16:00-04:00,53170.0,53170.0,53171.0,53168.0,53170.0,8
2026-09-03 00:18:00-04:00,53172.0,53172.0,53173.0,53171.0,53171.0,7
2026-09-03 00:20:00-04:00,53168.0,53168.0,53170.0,53168.0,53170.0,20
2026-09-03 00:21:00-04:00,53167.0,53167.0,53169.0,53167.0,53169.0,3
2026-09-03 00:22:00-04:00,53166.0,53166.0,53167.0,53166.0,53166.0,3
2026-09-03 00:23:00-04:00,53169.0,53169.0,53169.0,53168.0,53168.0,5
2026-09-03 00:24:00-04:00,53172.0,53172.0,53172.0,53170.0,53170.0,2
2026-09-03 00:26:00-04:00,53172.0,53172.0,53173.0,53172.0,53172.0,4
2026-09-03 00:27:00-04:00,53171.0,53171.0,53171.0,53171.0,53171.0,1
2026-09-03 00:28:00-04:00,53166.0,53166.0,53169.0,53166.0,53168.0,12
2026-09-03 00:29:00-04:00,53168.0,53168.0,53169.0,53167.0,53167.0,5
2026-09-03 00:30:00-04:00,53165.0,53165.0,53167.0,53165.0,53167.0,3
2026-09-03 00:31:00-04:00,53170.0,53170.0,53170.0,53169.0,53169.0,4
2026-09-03 00:32:00-04:00,53171.0,53171.0,53173.0,53171.0,53172.0,6
2026-09-03 00:33:00-04:00,53177.0,53177.0,53177.0,53173.0,53173.0,6
2026-09-03 00:34:00-04:00,53174.0,53174.0,53174.0,53174.0,53174.0,1
2026-09-03 00:35:00-04:00,53174.0,53174.0,53176.0,53174.0,53176.0,18
2026-09-03 00:36:00-04:00,53169.0,53169.0,53174.0,53169.0,53174.0,2
2026-09-03 00:37:00-04:00,53169.0,53169.0,53169.0,53169.0,53169.0,1
2026-09-03 00:38:00-04:00,53171.0,53171.0,53171.0,53171.0,53171.0,1
2026-09-03 00:39:00-04:00,53168.0,53168.0,53171.0,53168.0,53171.0,3
2026-09-03 00:40:00-04:00,53169.0,53169.0,53169.0,53169.0,53169.0,2
2026-09-03 00:41:00-04:00,53169.0,53169.0,53169.0,53167.0,53167.0,4
2026-09-03 00:42:00-04:00,53167.0,53167.0,53167.0,53167.0,53167.0,3
2026-09-03 00:44:00-04:00,53171.0,53171.0,53171.0,53171.0,53171.0,1
2026-09-03 00:46:00-04:00,53173.0,53173.0,53173.0,53170.0,53170.0,4
2026-09-03 00:48:00-04:00,53169.0,53169.0,53169.0,53168.0,53168.0,4
2026-09-03 00:49:00-04:00,53171.0,53171.0,53171.0,53171.0,53171.0,1
2026-09-03 00:51:00-04:00,53168.0,53168.0,53168.0,53168.0,53168.0,5
2026-09-03 00:54:00-04:00,53168.0,53168.0,53169.0,53166.0,53166.0,8
2026-09-03 00:55:00-04:00,53166.0,53166.0,53167.0,53165.0,53167.0,5
2026-09-03 00:56:00-04:00,53166.0,53166.0,53168.0,53166.0,53167.0,9
2026-09-03 00:57:00-04:00,53169.0,53169.0,53169.0,53168.0,53169.0,5
2026-09-03 00:58:00-04:00,53169.0,53169.0,53169.0,53168.0,53169.0,4
2026-09-03 00:59:00-04:00,53170.0,53170.0,53170.0,53169.0,53170.0,3
2026-09-03 01:00:00-04:00,53172.0,53172.0,53174.0,53171.0,53173.0,13
2026-09-03 01:01:00-04:00,53175.0,53175.0,53178.0,53173.0,53174.0,124
2026-09-03 01:02:00-04:00,53173.0,53173.0,53176.0,53172.0,53174.0,16
2026-09-03 01:03:00-04:00,53167.0,53167.0,53172.0,53167.0,53172.0,9
2026-09-03 01:04:00-04:00,53169.0,53169.0,53169.0,53167.0,53167.0,19
2026-09-03 01:05:00-04:00,53169.0,53169.0,53169.0,53166.0,53168.0,17
2026-09-03 01:06:00-04:00,53164.0,53164.0,53166.0,53162.0,53166.0,14
2026-09-03 01:07:00-04:00,53161.0,53161.0,53165.0,53161.0,53163.0,26
2026-09-03 01:08:00-04:00,53156.0,53156.0,53161.0,53154.0,53161.0,9
2026-09-03 01:09:00-04:00,53155.0,53155.0,53155.0,53152.0,53153.0,8
2026-09-03 01:10:00-04:00,53159.0,53159.0,53159.0,53155.0,53155.0,7
2026-09-03 01:11:00-04:00,53157.0,53157.0,53159.0,53156.0,53159.0,10
2026-09-03 01:12:00-04:00,53157.0,53157.0,53161.0,53157.0,53158.0,7
2026-09-03 01:13:00-04:00,53159.0,53159.0,53159.0,53155.0,53156.0,15
2026-09-03 01:14:00-04:00,53157.0,53157.0,53160.0,53156.0,53159.0,9
2026-09-03 01:15:00-04:00,53156.0,53156.0,53157.0,53156.0,53157.0,3
2026-09-03 01:16:00-04:00,53153.0,53153.0,53156.0,53152.0,53156.0,12
2026-09-03 01:17:00-04:00,53148.0,53148.0,53153.0,53147.0,53152.0,29
2026-09-03 01:18:00-04:00,53144.0,53144.0,53149.0,53144.0,53149.0,22
2026-09-03 01:19:00-04:00,53131.0,53131.0,53143.0,53131.0,53143.0,30
2026-09-03 01:20:00-04:00,53125.0,53125.0,53135.0,53125.0,53133.0,21
2026-09-03 01:21:00-04:00,53128.0,53128.0,53128.0,53122.0,53126.0,23
2026-09-03 01:22:00-04:00,53123.0,53123.0,53126.0,53120.0,53126.0,15
2026-09-03 01:23:00-04:00,53120.0,53120.0,53122.0,53114.0,53121.0,36
2026-09-03 01:24:00-04:00,53125.0,53125.0,53125.0,53117.0,53120.0,24
2026-09-03 01:25:00-04:00,53120.0,53120.0,53132.0,53119.0,53126.0,13
2026-09-03 01:26:00-04:00,53118.0,53118.0,53125.0,53116.0,53125.0,11
2026-09-03 01:27:00-04:00,53115.0,53115.0,53120.0,53112.0,53117.0,25
2026-09-03 01:28:00-04:00,53124.0,53124.0,53126.0,53114.0,53117.0,19
2026-09-03 01:29:00-04:00,53120.0,53120.0,53123.0,53119.0,53120.0,10
2026-09-03 01:30:00-04:00,53127.0,53127.0,53130.0,53120.0,53121.0,26
2026-09-03 01:31:00-04:00,53125.0,53125.0,53125.0,53122.0,53125.0,20
2026-09-03 01:32:00-04:00,53130.0,53130.0,53130.0,53128.0,53128.0,3
2026-09-03 01:33:00-04:00,53139.0,53139.0,53139.0,53129.0,53130.0,10
2026-09-03 01:34:00-04:00,53145.0,53145.0,53145.0,53137.0,53141.0,11
2026-09-03 01:35:00-04:00,53145.0,53145.0,53151.0,53145.0,53148.0,22
2026-09-03 01:36:00-04:00,53147.0,53147.0,53147.0,53139.0,53146.0,14
2026-09-03 01:37:00-04:00,53148.0,53148.0,53152.0,53144.0,53147.0,12
2026-09-03 01:38:00-04:00,53147.0,53147.0,53150.0,53147.0,53148.0,6
2026-09-03 01:39:00-04:00,53154.0,53154.0,53154.0,53152.0,53152.0,6
2026-09-03 01:40:00-04:00,53146.0,53146.0,53148.0,53146.0,53148.0,3
2026-09-03 01:41:00-04:00,53144.0,53144.0,53149.0,53144.0,53147.0,9
2026-09-03 01:42:00-04:00,53148.0,53148.0,53148.0,53145.0,53145.0,4
2026-09-03 01:43:00-04:00,53155.0,53155.0,53158.0,53149.0,53149.0,19
2026-09-03 01:44:00-04:00,53157.0,53157.0,53158.0,53153.0,53153.0,11
2026-09-03 01:45:00-04:00,53156.0,53156.0,53160.0,53155.0,53155.0,9
2026-09-03 01:46:00-04:00,53155.0,53155.0,53156.0,53155.0,53155.0,3
2026-09-03 01:47:00-04:00,53166.0,53166.0,53166.0,53152.0,53152.0,15
2026-09-03 01:48:00-04:00,53171.0,53171.0,53171.0,53164.0,53167.0,22
2026-09-03 01:49:00-04:00,53184.0,53184.0,53184.0,53172.0,53172.0,30
2026-09-03 01:50:00-04:00,53193.0,53193.0,53195.0,53182.0,53182.0,47
2026-09-03 01:51:00-04:00,53199.0,53199.0,53199.0,53192.0,53196.0,23
2026-09-03 01:52:00-04:00,53203.0,53203.0,53205.0,53199.0,53200.0,23
2026-09-03 01:53:00-04:00,53199.0,53199.0,53201.0,53199.0,53199.0,12
2026-09-03 01:54:00-04:00,53189.0,53189.0,53199.0,53189.0,53198.0,11
2026-09-03 01:55:00-04:00,53192.0,53192.0,53193.0,53191.0,53191.0,3
2026-09-03 01:56:00-04:00,53207.0,53207.0,53207.0,53201.0,53201.0,9
2026-09-03 01:57:00-04:00,53204.0,53204.0,53206.0,53201.0,53206.0,7
2026-09-03 01:58:00-04:00,53208.0,53208.0,53209.0,53205.0,53205.0,11
2026-09-03 01:59:00-04:00,53210.0,53210.0,53215.0,53208.0,53208.0,22
2026-09-03 02:00:00-04:00,53205.0,53205.0,53211.0,53205.0,53210.0,19
2026-09-03 02:01:00-04:00,53197.0,53197.0,53204.0,53193.0,53201.0,24
2026-09-03 02:02:00-04:00,53195.0,53195.0,53196.0,53193.0,53193.0,9
2026-09-03 02:03:00-04:00,53199.0,53199.0,53201.0,53197.0,53197.0,11
2026-09-03 02:04:00-04:00,53203.0,53203.0,53206.0,53201.0,53204.0,14
2026-09-03 02:05:00-04:00,53211.0,53211.0,53213.0,53205.0,53205.0,16
2026-09-03 02:06:00-04:00,53213.0,53213.0,53221.0,53213.0,53214.0,20
2026-09-03 02:07:00-04:00,53210.0,53210.0,53214.0,53209.0,53213.0,12
2026-09-03 02:08:00-04:00,53212.0,53212.0,53212.0,53210.0,53210.0,2
2026-09-03 02:09:00-04:00,53210.0,53210.0,53212.0,53210.0,53212.0,2
2026-09-03 02:10:00-04:00,53201.0,53201.0,53206.0,53201.0,53206.0,9
2026-09-03 02:11:00-04:00,53198.0,53198.0,53205.0,53198.0,53205.0,11
2026-09-03 02:12:00-04:00,53204.0,53204.0,53204.0,53198.0,53198.0,11
2026-09-03 02:13:00-04:00,53200.0,53200.0,53205.0,53199.0,53205.0,4
2026-09-03 02:14:00-04:00,53210.0,53210.0,53210.0,53205.0,53205.0,17
2026-09-03 02:15:00-04:00,53213.0,53213.0,53216.0,53208.0,53208.0,15
2026-09-03 02:16:00-04:00,53207.0,53207.0,53213.0,53207.0,53213.0,7
2026-09-03 02:17:00-04:00,53209.0,53209.0,53209.0,53209.0,53209.0,4
2026-09-03 02:18:00-04:00,53213.0,53213.0,53215.0,53210.0,53210.0,22
2026-09-03 02:19:00-04:00,53210.0,53210.0,53211.0,53210.0,53210.0,5
2026-09-03 02:20:00-04:00,53212.0,53212.0,53214.0,53211.0,53214.0,5
2026-09-03 02:21:00-04:00,53208.0,53208.0,53212.0,53208.0,53212.0,3
2026-09-03 02:22:00-04:00,53210.0,53210.0,53212.0,53210.0,53212.0,3
2026-09-03 02:23:00-04:00,53205.0,53205.0,53207.0,53205.0,53207.0,3
2026-09-03 02:24:00-04:00,53191.0,53191.0,53204.0,53190.0,53204.0,9
2026-09-03 02:25:00-04:00,53190.0,53190.0,53195.0,53190.0,53195.0,5
2026-09-03 02:26:00-04:00,53192.0,53192.0,53192.0,53185.0,53188.0,16
2026-09-03 02:27:00-04:00,53194.0,53194.0,53194.0,53192.0,53194.0,3
2026-09-03 02:28:00-04:00,53191.0,53191.0,53192.0,53191.0,53192.0,2
2026-09-03 02:29:00-04:00,53193.0,53193.0,53193.0,53191.0,53191.0,3
2026-09-03 02:30:00-04:00,53191.0,53191.0,53192.0,53184.0,53190.0,50
2026-09-03 02:31:00-04:00,53190.0,53190.0,53192.0,53188.0,53188.0,5
2026-09-03 02:32:00-04:00,53178.0,53178.0,53188.0,53178.0,53188.0,16
2026-09-03 02:33:00-04:00,53176.0,53176.0,53177.0,53168.0,53175.0,9
2026-09-03 02:34:00-04:00,53179.0,53179.0,53179.0,53174.0,53174.0,10
2026-09-03 02:35:00-04:00,53178.0,53178.0,53178.0,53177.0,53177.0,2
2026-09-03 02:36:00-04:00,53178.0,53178.0,53183.0,53178.0,53183.0,4
2026-09-03 02:37:00-04:00,53177.0,53177.0,53177.0,53177.0,53177.0,1
2026-09-03 02:38:00-04:00,53169.0,53169.0,53177.0,53169.0,53177.0,6
2026-09-03 02:39:00-04:00,53173.0,53173.0,53173.0,53168.0,53168.0,2
2026-09-03 02:41:00-04:00,53178.0,53178.0,53178.0,53173.0,53173.0,4
2026-09-03 02:42:00-04:00,53177.0,53177.0,53177.0,53177.0,53177.0,1
2026-09-03 02:44:00-04:00,53174.0,53174.0,53176.0,53174.0,53175.0,6
2026-09-03 02:45:00-04:00,53171.0,53171.0,53173.0,53171.0,53173.0,4
2026-09-03 02:46:00-04:00,53165.0,53165.0,53173.0,53165.0,53172.0,17
2026-09-03 02:47:00-04:00,53166.0,53166.0,53167.0,53164.0,53166.0,13
2026-09-03 02:48:00-04:00,53166.0,53166.0,53166.0,53164.0,53164.0,2
2026-09-03 02:49:00-04:00,53166.0,53166.0,53166.0,53166.0,53166.0,1
2026-09-03 02:50:00-04:00,53163.0,53163.0,53163.0,53160.0,53163.0,6
2026-09-03 02:51:00-04:00,53158.0,53158.0,53162.0,53152.0,53162.0,28
2026-09-03 02:52:00-04:00,53157.0,53157.0,53157.0,53157.0,53157.0,1
2026-09-03 02:53:00-04:00,53153.0,53153.0,53156.0,53153.0,53155.0,3
2026-09-03 02:54:00-04:00,53156.0,53156.0,53156.0,53150.0,53151.0,15
2026-09-03 02:55:00-04:00,53152.0,53152.0,53153.0,53152.0,53153.0,2
2026-09-03 02:56:00-04:00,53154.0,53154.0,53154.0,53154.0,53154.0,1
2026-09-03 02:57:00-04:00,53147.0,53147.0,53149.0,53147.0,53149.0,5
2026-09-03 02:58:00-04:00,53146.0,53146.0,53146.0,53140.0,53142.0,12
2026-09-03 02:59:00-04:00,53156.0,53156.0,53158.0,53144.0,53144.0,23
2026-09-03 03:00:00-04:00,53169.0,53169.0,53169.0,53144.0,53156.0,45
2026-09-03 03:01:00-04:00,53166.0,53166.0,53166.0,53162.0,53166.0,6
2026-09-03 03:02:00-04:00,53175.0,53175.0,53176.0,53160.0,53160.0,21
2026-09-03 03:03:00-04:00,53167.0,53167.0,53180.0,53167.0,53178.0,17
2026-09-03 03:04:00-04:00,53185.0,53185.0,53185.0,53175.0,53175.0,23
2026-09-03 03:05:00-04:00,53203.0,53203.0,53205.0,53186.0,53186.0,36
2026-09-03 03:06:00-04:00,53185.0,53185.0,53199.0,53181.0,53199.0,24
2026-09-03 03:07:00-04:00,53173.0,53173.0,53179.0,53173.0,53179.0,8
2026-09-03 03:08:00-04:00,53179.0,53179.0,53179.0,53179.0,53179.0,1
2026-09-03 03:09:00-04:00,53171.0,53171.0,53178.0,53168.0,53171.0,11
2026-09-03 03:10:00-04:00,53167.0,53167.0,53168.0,53164.0,53167.0,7
2026-09-03 03:11:00-04:00,53179.0,53179.0,53182.0,53179.0,53180.0,10
2026-09-03 03:12:00-04:00,53172.0,53172.0,53181.0,53171.0,53181.0,11
2026-09-03 03:13:00-04:00,53182.0,53182.0,53182.0,53172.0,53174.0,5
2026-09-03 03:14:00-04:00,53178.0,53178.0,53179.0,53178.0,53179.0,3
2026-09-03 03:15:00-04:00,53177.0,53177.0,53182.0,53177.0,53179.0,4
2026-09-03 03:16:00-04:00,53184.0,53184.0,53190.0,53181.0,53183.0,13
2026-09-03 03:17:00-04:00,53177.0,53177.0,53181.0,53177.0,53181.0,3
2026-09-03 03:18:00-04:00,53182.0,53182.0,53182.0,53180.0,53181.0,4
2026-09-03 03:19:00-04:00,53179.0,53179.0,53179.0,53179.0,53179.0,1
2026-09-03 03:20:00-04:00,53184.0,53184.0,53184.0,53184.0,53184.0,3
2026-09-03 03:21:00-04:00,53175.0,53175.0,53181.0,53175.0,53181.0,6
2026-09-03 03:22:00-04:00,53177.0,53177.0,53177.0,53177.0,53177.0,1
2026-09-03 03:23:00-04:00,53175.0,53175.0,53175.0,53175.0,53175.0,2
2026-09-03 03:24:00-04:00,53173.0,53173.0,53173.0,53173.0,53173.0,1
2026-09-03 03:25:00-04:00,53152.0,53152.0,53171.0,53152.0,53171.0,34
2026-09-03 03:26:00-04:00,53149.0,53149.0,53152.0,53149.0,53152.0,8
2026-09-03 03:27:00-04:00,53162.0,53162.0,53164.0,53150.0,53150.0,15
2026-09-03 03:28:00-04:00,53173.0,53173.0,53173.0,53167.0,53167.0,23
2026-09-03 03:29:00-04:00,53169.0,53169.0,53175.0,53169.0,53175.0,6
2026-09-03 03:30:00-04:00,53178.0,53178.0,53178.0,53171.0,53171.0,8
2026-09-03 03:32:00-04:00,53182.0,53182.0,53182.0,53180.0,53180.0,3
2026-09-03 03:33:00-04:00,53186.0,53186.0,53186.0,53186.0,53186.0,1
2026-09-03 03:34:00-04:00,53188.0,53188.0,53189.0,53188.0,53189.0,2
2026-09-03 03:35:00-04:00,53186.0,53186.0,53197.0,53185.0,53188.0,18
2026-09-03 03:36:00-04:00,53181.0,53181.0,53186.0,53181.0,53186.0,3
2026-09-03 03:37:00-04:00,53187.0,53187.0,53187.0,53185.0,53185.0,4
2026-09-03 03:38:00-04:00,53191.0,53191.0,53192.0,53188.0,53191.0,8
2026-09-03 03:39:00-04:00,53205.0,53205.0,53205.0,53195.0,53195.0,8
2026-09-03 03:40:00-04:00,53206.0,53206.0,53206.0,53201.0,53201.0,5
2026-09-03 03:41:00-04:00,53212.0,53212.0,53212.0,53205.0,53205.0,11
2026-09-03 03:42:00-04:00,53214.0,53214.0,53216.0,53211.0,53216.0,10
2026-09-03 03:43:00-04:00,53219.0,53219.0,53219.0,53215.0,53215.0,13
2026-09-03 03:44:00-04:00,53208.0,53208.0,53210.0,53208.0,53208.0,6
2026-09-03 03:45:00-04:00,53201.0,53201.0,53203.0,53198.0,53201.0,11
2026-09-03 03:46:00-04:00,53191.0,53191.0,53192.0,53185.0,53192.0,16
2026-09-03 03:47:00-04:00,53178.0,53178.0,53191.0,53178.0,53190.0,17
2026-09-03 03:48:00-04:00,53177.0,53177.0,53182.0,53174.0,53181.0,11
2026-09-03 03:49:00-04:00,53171.0,53171.0,53178.0,53169.0,53178.0,20
2026-09-03 03:50:00-04:00,53165.0,53165.0,53174.0,53165.0,53173.0,14
2026-09-03 03:51:00-04:00,53160.0,53160.0,53163.0,53156.0,53162.0,17
2026-09-03 03:52:00-04:00,53176.0,53176.0,53176.0,53163.0,53163.0,16
2026-09-03 03:53:00-04:00,53185.0,53185.0,53186.0,53179.0,53179.0,7
2026-09-03 03:54:00-04:00,53191.0,53191.0,53192.0,53186.0,53186.0,21
2026-09-03 03:55:00-04:00,53188.0,53188.0,53191.0,53188.0,53189.0,6
2026-09-03 03:57:00-04:00,53198.0,53198.0,53201.0,53194.0,53194.0,16
2026-09-03 03:58:00-04:00,53199.0,53199.0,53200.0,53199.0,53199.0,4
2026-09-03 03:59:00-04:00,53196.0,53196.0,53202.0,53196.0,53202.0,4
2026-09-03 04:00:00-04:00,53217.0,53217.0,53236.0,53192.0,53192.0,348
2026-09-03 04:01:00-04:00,53225.0,53225.0,53231.0,53215.0,53215.0,14
2026-09-03 04:02:00-04:00,53218.0,53218.0,53227.0,53218.0,53225.0,21
2026-09-03 04:03:00-04:00,53272.0,53272.0,53276.0,53211.0,53215.0,225
2026-09-03 04:04:00-04:00,53245.0,53245.0,53270.0,53237.0,53270.0,54
2026-09-03 04:05:00-04:00,53264.0,53264.0,53292.0,53248.0,53248.0,104
2026-09-03 04:06:00-04:00,53266.0,53266.0,53277.0,53260.0,53267.0,46
2026-09-03 04:07:00-04:00,53301.0,53301.0,53302.0,53274.0,53279.0,82
2026-09-03 04:08:00-04:00,53284.0,53284.0,53297.0,53275.0,53296.0,35
2026-09-03 04:09:00-04:00,53253.0,53253.0,53283.0,53253.0,53283.0,32
2026-09-03 04:10:00-04:00,53255.0,53255.0,53255.0,53246.0,53253.0,30
2026-09-03 04:11:00-04:00,53251.0,53251.0,53260.0,53251.0,53253.0,24
2026-09-03 04:12:00-04:00,53243.0,53243.0,53252.0,53243.0,53251.0,15
2026-09-03 04:13:00-04:00,53242.0,53242.0,53248.0,53242.0,53245.0,12
2026-09-03 04:14:00-04:00,53253.0,53253.0,53253.0,53244.0,53244.0,6
2026-09-03 04:15:00-04:00,53244.0,53244.0,53249.0,53244.0,53247.0,11
2026-09-03 04:16:00-04:00,53237.0,53237.0,53247.0,53237.0,53240.0,17
2026-09-03 04:17:00-04:00,53250.0,53250.0,53253.0,53244.0,53244.0,14
2026-09-03 04:18:00-04:00,53246.0,53246.0,53247.0,53242.0,53243.0,5
2026-09-03 04:19:00-04:00,53258.0,53258.0,53260.0,53249.0,53249.0,20
2026-09-03 04:20:00-04:00,53273.0,53273.0,53273.0,53257.0,53257.0,24
2026-09-03 04:21:00-04:00,53274.0,53274.0,53274.0,53268.0,53271.0,17
2026-09-03 04:22:00-04:00,53264.0,53264.0,53274.0,53260.0,53273.0,106
2026-09-03 04:23:00-04:00,53256.0,53256.0,53264.0,53256.0,53264.0,20
2026-09-03 04:24:00-04:00,53268.0,53268.0,53268.0,53261.0,53261.0,12
2026-09-03 04:25:00-04:00,53270.0,53270.0,53271.0,53268.0,53268.0,6
2026-09-03 04:26:00-04:00,53265.0,53265.0,53272.0,53265.0,53268.0,17
2026-09-03 04:27:00-04:00,53269.0,53269.0,53270.0,53263.0,53263.0,13
2026-09-03 04:28:00-04:00,53259.0,53259.0,53273.0,53259.0,53271.0,23
2026-09-03 04:29:00-04:00,53266.0,53266.0,53268.0,53255.0,53260.0,12
2026-09-03 04:30:00-04:00,53259.0,53259.0,53260.0,53253.0,53257.0,9
2026-09-03 04:31:00-04:00,53259.0,53259.0,53261.0,53255.0,53261.0,7
2026-09-03 04:32:00-04:00,53260.0,53260.0,53260.0,53259.0,53259.0,4
2026-09-03 04:33:00-04:00,53254.0,53254.0,53260.0,53252.0,53260.0,16
2026-09-03 04:34:00-04:00,53258.0,53258.0,53258.0,53254.0,53254.0,3
2026-09-03 04:35:00-04:00,53256.0,53256.0,53257.0,53254.0,53257.0,7
2026-09-03 04:36:00-04:00,53258.0,53258.0,53261.0,53257.0,53261.0,6
2026-09-03 04:37:00-04:00,53255.0,53255.0,53255.0,53255.0,53255.0,1
2026-09-03 04:38:00-04:00,53258.0,53258.0,53259.0,53258.0,53258.0,5
2026-09-03 04:39:00-04:00,53248.0,53248.0,53255.0,53248.0,53254.0,9
2026-09-03 04:40:00-04:00,53255.0,53255.0,53255.0,53247.0,53249.0,11
2026-09-03 04:41:00-04:00,53260.0,53260.0,53260.0,53255.0,53255.0,3
2026-09-03 04:42:00-04:00,53256.0,53256.0,53262.0,53255.0,53260.0,7
2026-09-03 04:43:00-04:00,53258.0,53258.0,53260.0,53254.0,53254.0,10
2026-09-03 04:44:00-04:00,53248.0,53248.0,53257.0,53248.0,53257.0,5
2026-09-03 04:45:00-04:00,53248.0,53248.0,53250.0,53247.0,53249.0,11
2026-09-03 04:46:00-04:00,53250.0,53250.0,53253.0,53250.0,53252.0,4
2026-09-03 04:47:00-04:00,53250.0,53250.0,53250.0,53250.0,53250.0,1
2026-09-03 04:48:00-04:00,53248.0,53248.0,53252.0,53247.0,53250.0,19
2026-09-03 04:49:00-04:00,53249.0,53249.0,53249.0,53245.0,53245.0,10
2026-09-03 04:50:00-04:00,53245.0,53245.0,53250.0,53245.0,53250.0,7
2026-09-03 04:51:00-04:00,53236.0,53236.0,53245.0,53236.0,53244.0,15
2026-09-03 04:52:00-04:00,53230.0,53230.0,53236.0,53228.0,53235.0,17
2026-09-03 04:53:00-04:00,53228.0,53228.0,53230.0,53228.0,53228.0,19
2026-09-03 04:54:00-04:00,53223.0,53223.0,53228.0,53223.0,53228.0,31
2026-09-03 04:55:00-04:00,53220.0,53220.0,53223.0,53220.0,53223.0,15
2026-09-03 04:56:00-04:00,53216.0,53216.0,53223.0,53216.0,53217.0,22
2026-09-03 04:57:00-04:00,53223.0,53223.0,53224.0,53218.0,53218.0,4
2026-09-03 04:58:00-04:00,53226.0,53226.0,53226.0,53226.0,53226.0,1
2026-09-03 04:59:00-04:00,53220.0,53220.0,53227.0,53219.0,53227.0,16
2026-09-03 05:00:00-04:00,53222.0,53222.0,53227.0,53221.0,53223.0,24
2026-09-03 05:01:00-04:00,53226.0,53226.0,53227.0,53219.0,53227.0,8
2026-09-03 05:02:00-04:00,53230.0,53230.0,53233.0,53229.0,53229.0,7
2026-09-03 05:03:00-04:00,53234.0,53234.0,53234.0,53232.0,53232.0,4
2026-09-03 05:04:00-04:00,53236.0,53236.0,53237.0,53234.0,53234.0,7
2026-09-03 05:05:00-04:00,53233.0,53233.0,53239.0,53233.0,53239.0,10
2026-09-03 05:06:00-04:00,53229.0,53229.0,53233.0,53228.0,53233.0,6
2026-09-03 05:07:00-04:00,53228.0,53228.0,53232.0,53228.0,53232.0,3
2026-09-03 05:08:00-04:00,53230.0,53230.0,53231.0,53230.0,53231.0,4
2026-09-03 05:09:00-04:00,53230.0,53230.0,53231.0,53230.0,53231.0,3
2026-09-03 05:10:00-04:00,53240.0,53240.0,53240.0,53235.0,53236.0,7
2026-09-03 05:11:00-04:00,53238.0,53238.0,53238.0,53238.0,53238.0,1
2026-09-03 05:12:00-04:00,53241.0,53241.0,53242.0,53236.0,53238.0,14
2026-09-03 05:13:00-04:00,53244.0,53244.0,53245.0,53239.0,53239.0,15
2026-09-03 05:14:00-04:00,53240.0,53240.0,53245.0,53239.0,53245.0,9
2026-09-03 05:15:00-04:00,53248.0,53248.0,53252.0,53242.0,53242.0,16
2026-09-03 05:16:00-04:00,53245.0,53245.0,53248.0,53244.0,53248.0,5
2026-09-03 05:17:00-04:00,53248.0,53248.0,53250.0,53246.0,53250.0,5
2026-09-03 05:18:00-04:00,53253.0,53253.0,53257.0,53250.0,53250.0,15
2026-09-03 05:19:00-04:00,53240.0,53240.0,53251.0,53240.0,53251.0,9
2026-09-03 05:20:00-04:00,53239.0,53239.0,53247.0,53239.0,53247.0,6
2026-09-03 05:21:00-04:00,53236.0,53236.0,53244.0,53236.0,53240.0,14
2026-09-03 05:22:00-04:00,53240.0,53240.0,53244.0,53236.0,53236.0,5
2026-09-03 05:23:00-04:00,53248.0,53248.0,53252.0,53243.0,53243.0,13
2026-09-03 05:24:00-04:00,53244.0,53244.0,53248.0,53244.0,53245.0,4
2026-09-03 05:25:00-04:00,53239.0,53239.0,53243.0,53239.0,53243.0,2
2026-09-03 05:26:00-04:00,53240.0,53240.0,53241.0,53237.0,53240.0,11
2026-09-03 05:27:00-04:00,53239.0,53239.0,53239.0,53238.0,53238.0,2
2026-09-03 05:28:00-04:00,53240.0,53240.0,53244.0,53240.0,53244.0,6
2026-09-03 05:29:00-04:00,53231.0,53231.0,53239.0,53231.0,53239.0,4
2026-09-03 05:30:00-04:00,53225.0,53225.0,53236.0,53225.0,53233.0,13
2026-09-03 05:31:00-04:00,53222.0,53222.0,53230.0,53222.0,53226.0,14
2026-09-03 05:32:00-04:00,53222.0,53222.0,53222.0,53219.0,53221.0,13
2026-09-03 05:33:00-04:00,53227.0,53227.0,53227.0,53223.0,53223.0,6
2026-09-03 05:34:00-04:00,53229.0,53229.0,53229.0,53228.0,53228.0,2
2026-09-03 05:35:00-04:00,53223.0,53223.0,53224.0,53219.0,53219.0,7
2026-09-03 05:36:00-04:00,53219.0,53219.0,53223.0,53219.0,53223.0,11
2026-09-03 05:37:00-04:00,53220.0,53220.0,53220.0,53219.0,53220.0,3
2026-09-03 05:38:00-04:00,53219.0,53219.0,53223.0,53219.0,53222.0,7
2026-09-03 05:39:00-04:00,53216.0,53216.0,53222.0,53215.0,53221.0,5
2026-09-03 05:40:00-04:00,53206.0,53206.0,53218.0,53206.0,53218.0,20
2026-09-03 05:41:00-04:00,53213.0,53213.0,53213.0,53207.0,53207.0,20
2026-09-03 05:42:00-04:00,53210.0,53210.0,53213.0,53210.0,53213.0,6
2026-09-03 05:43:00-04:00,53217.0,53217.0,53217.0,53213.0,53213.0,3
2026-09-03 05:44:00-04:00,53213.0,53213.0,53215.0,53213.0,53215.0,3
2026-09-03 05:45:00-04:00,53205.0,53205.0,53208.0,53205.0,53206.0,11
2026-09-03 05:46:00-04:00,53203.0,53203.0,53206.0,53203.0,53205.0,7
2026-09-03 05:47:00-04:00,53196.0,53196.0,53202.0,53196.0,53201.0,48
2026-09-03 05:48:00-04:00,53199.0,53199.0,53199.0,53195.0,53196.0,9
2026-09-03 05:49:00-04:00,53192.0,53192.0,53198.0,53186.0,53197.0,57
2026-09-03 05:50:00-04:00,53191.0,53191.0,53195.0,53189.0,53192.0,37
2026-09-03 05:51:00-04:00,53191.0,53191.0,53191.0,53185.0,53188.0,16
2026-09-03 05:52:00-04:00,53188.0,53188.0,53190.0,53188.0,53190.0,3
2026-09-03 05:53:00-04:00,53184.0,53184.0,53193.0,53183.0,53189.0,21
2026-09-03 05:54:00-04:00,53174.0,53174.0,53185.0,53174.0,53185.0,13
2026-09-03 05:55:00-04:00,53176.0,53176.0,53176.0,53167.0,53174.0,37
2026-09-03 05:56:00-04:00,53173.0,53173.0,53176.0,53169.0,53176.0,18
2026-09-03 05:57:00-04:00,53180.0,53180.0,53180.0,53173.0,53173.0,5
2026-09-03 05:58:00-04:00,53162.0,53162.0,53181.0,53156.0,53181.0,33
2026-09-03 05:59:00-04:00,53168.0,53168.0,53170.0,53164.0,53165.0,13
2026-09-03 06:00:00-04:00,53165.0,53165.0,53178.0,53163.0,53169.0,42
2026-09-03 06:01:00-04:00,53177.0,53177.0,53179.0,53167.0,53167.0,17
2026-09-03 06:02:00-04:00,53172.0,53172.0,53180.0,53172.0,53180.0,9
2026-09-03 06:03:00-04:00,53176.0,53176.0,53176.0,53169.0,53174.0,12
2026-09-03 06:04:00-04:00,53181.0,53181.0,53181.0,53173.0,53175.0,12
2026-09-03 06:05:00-04:00,53181.0,53181.0,53185.0,53181.0,53184.0,16
2026-09-03 06:06:00-04:00,53182.0,53182.0,53185.0,53177.0,53177.0,9
2026-09-03 06:08:00-04:00,53186.0,53186.0,53188.0,53185.0,53186.0,11
2026-09-03 06:09:00-04:00,53166.0,53166.0,53182.0,53166.0,53182.0,12
2026-09-03 06:10:00-04:00,53161.0,53161.0,53164.0,53157.0,53164.0,19
2026-09-03 06:11:00-04:00,53166.0,53166.0,53166.0,53164.0,53164.0,6
2026-09-03 06:12:00-04:00,53155.0,53155.0,53167.0,53155.0,53162.0,13
2026-09-03 06:13:00-04:00,53154.0,53154.0,53157.0,53151.0,53157.0,22
2026-09-03 06:14:00-04:00,53163.0,53163.0,53163.0,53154.0,53155.0,13
2026-09-03 06:15:00-04:00,53166.0,53166.0,53166.0,53160.0,53161.0,12
2026-09-03 06:16:00-04:00,53163.0,53163.0,53166.0,53160.0,53165.0,18
2026-09-03 06:17:00-04:00,53163.0,53163.0,53163.0,53163.0,53163.0,1
2026-09-03 06:18:00-04:00,53170.0,53170.0,53170.0,53167.0,53167.0,7
2026-09-03 06:19:00-04:00,53168.0,53168.0,53170.0,53164.0,53170.0,10
2026-09-03 06:20:00-04:00,53158.0,53158.0,53164.0,53158.0,53164.0,7
2026-09-03 06:21:00-04:00,53156.0,53156.0,53158.0,53154.0,53158.0,9
2026-09-03 06:22:00-04:00,53150.0,53150.0,53154.0,53150.0,53154.0,8
2026-09-03 06:23:00-04:00,53142.0,53142.0,53148.0,53142.0,53148.0,30
2026-09-03 06:24:00-04:00,53142.0,53142.0,53146.0,53141.0,53145.0,16
2026-09-03 06:25:00-04:00,53147.0,53147.0,53147.0,53142.0,53142.0,14
2026-09-03 06:26:00-04:00,53142.0,53142.0,53144.0,53141.0,53144.0,20
2026-09-03 06:27:00-04:00,53142.0,53142.0,53146.0,53137.0,53143.0,22
2026-09-03 06:28:00-04:00,53140.0,53140.0,53145.0,53140.0,53145.0,13
2026-09-03 06:29:00-04:00,53142.0,53142.0,53142.0,53138.0,53138.0,5
2026-09-03 06:30:00-04:00,53141.0,53141.0,53146.0,53138.0,53146.0,11
2026-09-03 06:31:00-04:00,53141.0,53141.0,53144.0,53138.0,53143.0,16
2026-09-03 06:32:00-04:00,53129.0,53129.0,53137.0,53129.0,53137.0,45
2026-09-03 06:33:00-04:00,53137.0,53137.0,53138.0,53129.0,53132.0,48
2026-09-03 06:34:00-04:00,53133.0,53133.0,53139.0,53130.0,53139.0,16
2026-09-03 06:35:00-04:00,53134.0,53134.0,53134.0,53134.0,53134.0,1
2026-09-03 06:36:00-04:00,53131.0,53131.0,53136.0,53129.0,53133.0,8
2026-09-03 06:37:00-04:00,53124.0,53124.0,53130.0,53114.0,53129.0,44
2026-09-03 06:38:00-04:00,53127.0,53127.0,53127.0,53123.0,53123.0,9
2026-09-03 06:39:00-04:00,53128.0,53128.0,53133.0,53128.0,53130.0,13
2026-09-03 06:40:00-04:00,53125.0,53125.0,53125.0,53122.0,53124.0,25
2026-09-03 06:41:00-04:00,53138.0,53138.0,53140.0,53127.0,53127.0,18
2026-09-03 06:42:00-04:00,53129.0,53129.0,53131.0,53129.0,53131.0,4
2026-09-03 06:43:00-04:00,53133.0,53133.0,53133.0,53131.0,53131.0,5
2026-09-03 06:44:00-04:00,53139.0,53139.0,53140.0,53138.0,53138.0,12
2026-09-03 06:45:00-04:00,53137.0,53137.0,53139.0,53133.0,53136.0,14
2026-09-03 06:46:00-04:00,53126.0,53126.0,53136.0,53126.0,53135.0,14
2026-09-03 06:47:00-04:00,53132.0,53132.0,53132.0,53130.0,53130.0,5
2026-09-03 06:48:00-04:00,53126.0,53126.0,53133.0,53125.0,53133.0,13
2026-09-03 06:49:00-04:00,53126.0,53126.0,53127.0,53123.0,53127.0,14
2026-09-03 06:50:00-04:00,53135.0,53135.0,53135.0,53130.0,53130.0,5
2026-09-03 06:51:00-04:00,53132.0,53132.0,53136.0,53132.0,53136.0,4
2026-09-03 06:52:00-04:00,53139.0,53139.0,53139.0,53136.0,53136.0,3
2026-09-03 06:53:00-04:00,53145.0,53145.0,53148.0,53140.0,53140.0,18
2026-09-03 06:54:00-04:00,53150.0,53150.0,53150.0,53144.0,53145.0,5
2026-09-03 06:55:00-04:00,53147.0,53147.0,53150.0,53147.0,53150.0,6
2026-09-03 06:56:00-04:00,53134.0,53134.0,53140.0,53134.0,53140.0,9
2026-09-03 06:57:00-04:00,53131.0,53131.0,53136.0,53129.0,53136.0,17
2026-09-03 06:58:00-04:00,53131.0,53131.0,53134.0,53129.0,53132.0,13
2026-09-03 06:59:00-04:00,53149.0,53149.0,53149.0,53132.0,53132.0,16
2026-09-03 07:00:00-04:00,53148.0,53148.0,53161.0,53145.0,53146.0,44
2026-09-03 07:01:00-04:00,53152.0,53152.0,53152.0,53143.0,53145.0,16
2026-09-03 07:02:00-04:00,53149.0,53149.0,53154.0,53149.0,53153.0,7
2026-09-03 07:03:00-04:00,53169.0,53169.0,53169.0,53147.0,53147.0,17
2026-09-03 07:04:00-04:00,53169.0,53169.0,53170.0,53165.0,53168.0,21
2026-09-03 07:05:00-04:00,53187.0,53187.0,53189.0,53168.0,53168.0,23
2026-09-03 07:06:00-04:00,53189.0,53189.0,53191.0,53182.0,53182.0,18
2026-09-03 07:07:00-04:00,53184.0,53184.0,53189.0,53183.0,53187.0,15
2026-09-03 07:08:00-04:00,53204.0,53204.0,53218.0,53186.0,53188.0,65
2026-09-03 07:09:00-04:00,53218.0,53218.0,53220.0,53207.0,53207.0,47
2026-09-03 07:10:00-04:00,53222.0,53222.0,53226.0,53213.0,53217.0,45
2026-09-03 07:11:00-04:00,53222.0,53222.0,53232.0,53219.0,53220.0,28
2026-09-03 07:12:00-04:00,53224.0,53224.0,53224.0,53216.0,53224.0,10
2026-09-03 07:13:00-04:00,53225.0,53225.0,53226.0,53219.0,53219.0,9
2026-09-03 07:14:00-04:00,53226.0,53226.0,53226.0,53224.0,53225.0,13
2026-09-03 07:15:00-04:00,53232.0,53232.0,53237.0,53224.0,53224.0,23
2026-09-03 07:16:00-04:00,53236.0,53236.0,53236.0,53230.0,53236.0,11
2026-09-03 07:17:00-04:00,53224.0,53224.0,53236.0,53223.0,53236.0,21
2026-09-03 07:18:00-04:00,53230.0,53230.0,53247.0,53221.0,53221.0,77
2026-09-03 07:19:00-04:00,53226.0,53226.0,53230.0,53226.0,53229.0,10
2026-09-03 07:20:00-04:00,53216.0,53216.0,53224.0,53216.0,53224.0,16
2026-09-03 07:21:00-04:00,53223.0,53223.0,53223.0,53215.0,53215.0,11
2026-09-03 07:22:00-04:00,53222.0,53222.0,53222.0,53222.0,53222.0,2
2026-09-03 07:23:00-04:00,53216.0,53216.0,53221.0,53216.0,53221.0,5
2026-09-03 07:24:00-04:00,53244.0,53244.0,53244.0,53223.0,53223.0,16
2026-09-03 07:25:00-04:00,53241.0,53241.0,53244.0,53239.0,53241.0,19
2026-09-03 07:26:00-04:00,53245.0,53245.0,53250.0,53241.0,53242.0,13
2026-09-03 07:27:00-04:00,53234.0,53234.0,53241.0,53234.0,53240.0,7
2026-09-03 07:28:00-04:00,53233.0,53233.0,53233.0,53227.0,53231.0,15
2026-09-03 07:29:00-04:00,53239.0,53239.0,53239.0,53235.0,53235.0,5
2026-09-03 07:30:00-04:00,53237.0,53237.0,53242.0,53237.0,53239.0,12
2026-09-03 07:31:00-04:00,53219.0,53219.0,53236.0,53163.0,53236.0,250
2026-09-03 07:32:00-04:00,53227.0,53227.0,53229.0,53219.0,53219.0,19
2026-09-03 07:33:00-04:00,53241.0,53241.0,53241.0,53231.0,53231.0,40
2026-09-03 07:34:00-04:00,53240.0,53240.0,53241.0,53237.0,53238.0,6
2026-09-03 07:35:00-04:00,53240.0,53240.0,53244.0,53240.0,53244.0,4
2026-09-03 07:36:00-04:00,53246.0,53246.0,53250.0,53242.0,53242.0,16
2026-09-03 07:37:00-04:00,53237.0,53237.0,53242.0,53232.0,53242.0,11
2026-09-03 07:38:00-04:00,53237.0,53237.0,53240.0,53237.0,53240.0,16
2026-09-03 07:39:00-04:00,53231.0,53231.0,53238.0,53231.0,53237.0,17
2026-09-03 07:40:00-04:00,53228.0,53228.0,53228.0,53220.0,53220.0,6
2026-09-03 07:41:00-04:00,53228.0,53228.0,53228.0,53225.0,53228.0,6
2026-09-03 07:42:00-04:00,53233.0,53233.0,53233.0,53230.0,53230.0,4
2026-09-03 07:43:00-04:00,53239.0,53239.0,53240.0,53231.0,53234.0,17
2026-09-03 07:44:00-04:00,53235.0,53235.0,53235.0,53235.0,53235.0,1
2026-09-03 07:45:00-04:00,53233.0,53233.0,53234.0,53226.0,53234.0,8
2026-09-03 07:46:00-04:00,53224.0,53224.0,53235.0,53224.0,53234.0,4
2026-09-03 07:47:00-04:00,53224.0,53224.0,53224.0,53222.0,53222.0,4
2026-09-03 07:48:00-04:00,53209.0,53209.0,53220.0,53207.0,53220.0,18
2026-09-03 07:49:00-04:00,53204.0,53204.0,53208.0,53204.0,53207.0,11
2026-09-03 07:50:00-04:00,53208.0,53208.0,53208.0,53205.0,53206.0,10
2026-09-03 07:51:00-04:00,53205.0,53205.0,53213.0,53205.0,53212.0,15
2026-09-03 07:52:00-04:00,53215.0,53215.0,53215.0,53209.0,53209.0,12
2026-09-03 07:53:00-04:00,53210.0,53210.0,53218.0,53210.0,53218.0,25
2026-09-03 07:54:00-04:00,53212.0,53212.0,53218.0,53211.0,53216.0,15
2026-09-03 07:55:00-04:00,53217.0,53217.0,53217.0,53208.0,53208.0,7
2026-09-03 07:56:00-04:00,53216.0,53216.0,53217.0,53215.0,53215.0,4
2026-09-03 07:57:00-04:00,53220.0,53220.0,53220.0,53213.0,53217.0,11
2026-09-03 07:58:00-04:00,53223.0,53223.0,53223.0,53220.0,53220.0,7
2026-09-03 07:59:00-04:00,53220.0,53220.0,53224.0,53220.0,53224.0,8
2026-09-03 08:00:00-04:00,53218.0,53218.0,53221.0,53212.0,53213.0,16
2026-09-03 08:01:00-04:00,53218.0,53218.0,53224.0,53218.0,53221.0,13
2026-09-03 08:02:00-04:00,53222.0,53222.0,53222.0,53214.0,53221.0,11
2026-09-03 08:03:00-04:00,53224.0,53224.0,53230.0,53224.0,53225.0,15
2026-09-03 08:04:00-04:00,53236.0,53236.0,53236.0,53203.0,53223.0,52
2026-09-03 08:05:00-04:00,53233.0,53233.0,53235.0,53231.0,53235.0,4
2026-09-03 08:06:00-04:00,53225.0,53225.0,53229.0,53222.0,53228.0,13
2026-09-03 08:07:00-04:00,53229.0,53229.0,53229.0,53224.0,53224.0,14
2026-09-03 08:08:00-04:00,53230.0,53230.0,53234.0,53230.0,53230.0,14
2026-09-03 08:09:00-04:00,53238.0,53238.0,53238.0,53228.0,53228.0,16
2026-09-03 08:10:00-04:00,53258.0,53258.0,53258.0,53236.0,53237.0,58
2026-09-03 08:11:00-04:00,53259.0,53259.0,53263.0,53257.0,53259.0,43
2026-09-03 08:12:00-04:00,53251.0,53251.0,53260.0,53250.0,53260.0,29
2026-09-03 08:13:00-04:00,53249.0,53249.0,53255.0,53240.0,53251.0,30
2026-09-03 08:14:00-04:00,53251.0,53251.0,53252.0,53247.0,53248.0,73
2026-09-03 08:15:00-04:00,53252.0,53252.0,53252.0,53247.0,53250.0,19
2026-09-03 08:16:00-04:00,53251.0,53251.0,53261.0,53244.0,53256.0,39
2026-09-03 08:17:00-04:00,53251.0,53251.0,53251.0,53248.0,53248.0,14
2026-09-03 08:18:00-04:00,53250.0,53250.0,53256.0,53250.0,53255.0,29
2026-09-03 08:19:00-04:00,53248.0,53248.0,53251.0,53246.0,53249.0,14
2026-09-03 08:20:00-04:00,53247.0,53247.0,53247.0,53236.0,53245.0,28
2026-09-03 08:21:00-04:00,53251.0,53251.0,53251.0,53241.0,53248.0,8
2026-09-03 08:22:00-04:00,53258.0,53258.0,53259.0,53248.0,53249.0,37
2026-09-03 08:23:00-04:00,53262.0,53262.0,53268.0,53256.0,53258.0,60
2026-09-03 08:24:00-04:00,53271.0,53271.0,53273.0,53266.0,53267.0,30
2026-09-03 08:25:00-04:00,53272.0,53272.0,53274.0,53267.0,53270.0,42
2026-09-03 08:26:00-04:00,53285.0,53285.0,53285.0,53270.0,53273.0,49
2026-09-03 08:27:00-04:00,53283.0,53283.0,53288.0,53282.0,53285.0,35
2026-09-03 08:28:00-04:00,53276.0,53276.0,53285.0,53274.0,53285.0,33
2026-09-03 08:29:00-04:00,53267.0,53267.0,53273.0,53262.0,53273.0,56
2026-09-03 08:30:00-04:00,53335.0,53335.0,53415.0,53261.0,53265.0,677
2026-09-03 08:31:00-04:00,53355.0,53355.0,53361.0,53335.0,53338.0,77
2026-09-03 08:32:00-04:00,53367.0,53367.0,53373.0,53353.0,53357.0,114
2026-09-03 08:33:00-04:00,53361.0,53361.0,53365.0,53356.0,53365.0,36
2026-09-03 08:34:00-04:00,53359.0,53359.0,53367.0,53356.0,53357.0,50
2026-09-03 08:35:00-04:00,53331.0,53331.0,53359.0,53331.0,53357.0,57
2026-09-03 08:36:00-04:00,53343.0,53343.0,53343.0,53329.0,53335.0,61
2026-09-03 08:37:00-04:00,53341.0,53341.0,53356.0,53334.0,53345.0,53
2026-09-03 08:38:00-04:00,53361.0,53361.0,53363.0,53340.0,53340.0,57
2026-09-03 08:39:00-04:00,53360.0,53360.0,53361.0,53354.0,53360.0,38
2026-09-03 08:40:00-04:00,53366.0,53366.0,53368.0,53356.0,53356.0,81
2026-09-03 08:41:00-04:00,53349.0,53349.0,53368.0,53349.0,53366.0,37
2026-09-03 08:42:00-04:00,53360.0,53360.0,53360.0,53344.0,53348.0,47
2026-09-03 08:43:00-04:00,53353.0,53353.0,53362.0,53344.0,53358.0,54
2026-09-03 08:44:00-04:00,53349.0,53349.0,53352.0,53344.0,53352.0,22
2026-09-03 08:45:00-04:00,53351.0,53351.0,53354.0,53344.0,53352.0,95
2026-09-03 08:46:00-04:00,53368.0,53368.0,53368.0,53349.0,53349.0,41
2026-09-03 08:47:00-04:00,53368.0,53368.0,53375.0,53362.0,53367.0,38
2026-09-03 08:48:00-04:00,53383.0,53383.0,53386.0,53368.0,53368.0,67
2026-09-03 08:49:00-04:00,53380.0,53380.0,53386.0,53375.0,53381.0,30
2026-09-03 08:50:00-04:00,53398.0,53398.0,53400.0,53379.0,53382.0,60
2026-09-03 08:51:00-04:00,53397.0,53397.0,53400.0,53392.0,53396.0,60
2026-09-03 08:52:00-04:00,53406.0,53406.0,53407.0,53395.0,53397.0,86
2026-09-03 08:53:00-04:00,53426.0,53426.0,53431.0,53406.0,53408.0,111
2026-09-03 08:54:00-04:00,53436.0,53436.0,53443.0,53422.0,53425.0,89
2026-09-03 08:55:00-04:00,53449.0,53449.0,53450.0,53436.0,53439.0,75
2026-09-03 08:56:00-04:00,53443.0,53443.0,53453.0,53433.0,53447.0,111
2026-09-03 08:57:00-04:00,53461.0,53461.0,53462.0,53443.0,53444.0,119
2026-09-03 08:58:00-04:00,53466.0,53466.0,53466.0,53452.0,53458.0,90
2026-09-03 08:59:00-04:00,53453.0,53453.0,53461.0,53448.0,53460.0,37
2026-09-03 09:00:00-04:00,53420.0,53420.0,53452.0,53413.0,53452.0,152
2026-09-03 09:01:00-04:00,53412.0,53412.0,53426.0,53412.0,53422.0,74
2026-09-03 09:02:00-04:00,53412.0,53412.0,53413.0,53401.0,53413.0,82
2026-09-03 09:03:00-04:00,53408.0,53408.0,53413.0,53396.0,53412.0,89
2026-09-03 09:04:00-04:00,53401.0,53401.0,53413.0,53399.0,53408.0,46
2026-09-03 09:05:00-04:00,53411.0,53411.0,53416.0,53400.0,53404.0,50
2026-09-03 09:06:00-04:00,53403.0,53403.0,53412.0,53402.0,53412.0,40
2026-09-03 09:07:00-04:00,53413.0,53413.0,53413.0,53392.0,53401.0,51
2026-09-03 09:08:00-04:00,53411.0,53411.0,53416.0,53409.0,53413.0,23
2026-09-03 09:09:00-04:00,53400.0,53400.0,53409.0,53399.0,53409.0,33
2026-09-03 09:10:00-04:00,53404.0,53404.0,53412.0,53401.0,53403.0,43
2026-09-03 09:11:00-04:00,53421.0,53421.0,53421.0,53403.0,53405.0,45
2026-09-03 09:12:00-04:00,53428.0,53428.0,53428.0,53415.0,53416.0,32
2026-09-03 09:13:00-04:00,53431.0,53431.0,53432.0,53422.0,53429.0,31
2026-09-03 09:14:00-04:00,53439.0,53439.0,53444.0,53431.0,53431.0,60
2026-09-03 09:15:00-04:00,53436.0,53436.0,53444.0,53435.0,53438.0,28
2026-09-03 09:16:00-04:00,53442.0,53442.0,53444.0,53439.0,53441.0,29
2026-09-03 09:17:00-04:00,53443.0,53443.0,53449.0,53440.0,53445.0,32
2026-09-03 09:18:00-04:00,53424.0,53424.0,53438.0,53423.0,53438.0,22
2026-09-03 09:19:00-04:00,53429.0,53429.0,53433.0,53422.0,53426.0,56
2026-09-03 09:20:00-04:00,53441.0,53441.0,53442.0,53426.0,53429.0,40
2026-09-03 09:21:00-04:00,53444.0,53444.0,53448.0,53441.0,53443.0,27
2026-09-03 09:22:00-04:00,53448.0,53448.0,53452.0,53442.0,53445.0,100
2026-09-03 09:23:00-04:00,53451.0,53451.0,53454.0,53443.0,53447.0,31
2026-09-03 09:24:00-04:00,53466.0,53466.0,53467.0,53451.0,53452.0,80
2026-09-03 09:25:00-04:00,53475.0,53475.0,53480.0,53455.0,53464.0,142
2026-09-03 09:26:00-04:00,53469.0,53469.0,53476.0,53465.0,53476.0,75
2026-09-03 09:27:00-04:00,53473.0,53473.0,53478.0,53459.0,53467.0,89
2026-09-03 09:28:00-04:00,53481.0,53481.0,53484.0,53470.0,53472.0,175
2026-09-03 09:29:00-04:00,53469.0,53469.0,53495.0,53465.0,53479.0,310
2026-09-03 09:30:00-04:00,53470.0,53470.0,53497.0,53451.0,53467.0,1211
2026-09-03 09:31:00-04:00,53480.0,53480.0,53528.0,53464.0,53472.0,913
2026-09-03 09:32:00-04:00,53494.0,53494.0,53503.0,53459.0,53482.0,547
2026-09-03 09:33:00-04:00,53553.0,53553.0,53570.0,53491.0,53495.0,642
2026-09-03 09:34:00-04:00,53521.0,53521.0,53558.0,53504.0,53555.0,463
2026-09-03 09:35:00-04:00,53555.0,53555.0,53564.0,53501.0,53522.0,438
2026-09-03 09:36:00-04:00,53561.0,53561.0,53571.0,53540.0,53553.0,293
2026-09-03 09:37:00-04:00,53594.0,53594.0,53598.0,53560.0,53561.0,469
2026-09-03 09:38:00-04:00,53557.0,53557.0,53604.0,53554.0,53590.0,438
2026-09-03 09:39:00-04:00,53513.0,53513.0,53558.0,53503.0,53553.0,440
2026-09-03 09:40:00-04:00,53491.0,53491.0,53520.0,53476.0,53514.0,462
2026-09-03 09:41:00-04:00,53539.0,53539.0,53539.0,53487.0,53493.0,280
2026-09-03 09:42:00-04:00,53563.0,53563.0,53570.0,53531.0,53541.0,282
2026-09-03 09:43:00-04:00,53559.0,53559.0,53567.0,53544.0,53561.0,160
2026-09-03 09:44:00-04:00,53586.0,53586.0,53593.0,53557.0,53559.0,226
2026-09-03 09:45:00-04:00,53602.0,53602.0,53610.0,53588.0,53592.0,361
2026-09-03 09:46:00-04:00,53555.0,53555.0,53605.0,53552.0,53600.0,343
2026-09-03 09:47:00-04:00,53573.0,53573.0,53578.0,53546.0,53558.0,198
2026-09-03 09:48:00-04:00,53540.0,53540.0,53575.0,53540.0,53571.0,162
2026-09-03 09:49:00-04:00,53519.0,53519.0,53538.0,53508.0,53538.0,323
2026-09-03 09:50:00-04:00,53573.0,53573.0,53578.0,53516.0,53520.0,264
2026-09-03 09:51:00-04:00,53588.0,53588.0,53596.0,53568.0,53573.0,174
2026-09-03 09:52:00-04:00,53608.0,53608.0,53621.0,53587.0,53587.0,287
2026-09-03 09:53:00-04:00,53585.0,53585.0,53608.0,53582.0,53608.0,212
2026-09-03 09:54:00-04:00,53565.0,53565.0,53588.0,53550.0,53583.0,224
2026-09-03 09:55:00-04:00,53553.0,53553.0,53567.0,53541.0,53563.0,222
2026-09-03 09:56:00-04:00,53561.0,53561.0,53576.0,53542.0,53554.0,168
2026-09-03 09:57:00-04:00,53562.0,53562.0,53572.0,53552.0,53564.0,119
2026-09-03 09:58:00-04:00,53558.0,53558.0,53566.0,53549.0,53563.0,80
2026-09-03 09:59:00-04:00,53565.0,53565.0,53571.0,53555.0,53555.0,122
2026-09-03 10:00:00-04:00,53517.0,53517.0,53562.0,53514.0,53562.0,265
2026-09-03 10:01:00-04:00,53474.0,53474.0,53521.0,53470.0,53516.0,392
2026-09-03 10:02:00-04:00,53452.0,53452.0,53478.0,53444.0,53469.0,402
2026-09-03 10:03:00-04:00,53460.0,53460.0,53467.0,53447.0,53453.0,276
2026-09-03 10:04:00-04:00,53426.0,53426.0,53462.0,53420.0,53461.0,440
2026-09-03 10:05:00-04:00,53427.0,53427.0,53439.0,53414.0,53427.0,288
2026-09-03 10:06:00-04:00,53415.0,53415.0,53433.0,53401.0,53428.0,309
2026-09-03 10:07:00-04:00,53394.0,53394.0,53421.0,53391.0,53418.0,280
2026-09-03 10:08:00-04:00,53380.0,53380.0,53406.0,53374.0,53393.0,323
2026-09-03 10:09:00-04:00,53374.0,53374.0,53385.0,53360.0,53375.0,274
2026-09-03 10:10:00-04:00,53362.0,53362.0,53378.0,53354.0,53376.0,264
2026-09-03 10:11:00-04:00,53386.0,53386.0,53386.0,53362.0,53363.0,204
2026-09-03 10:12:00-04:00,53399.0,53399.0,53408.0,53380.0,53385.0,283
2026-09-03 10:13:00-04:00,53406.0,53406.0,53416.0,53383.0,53398.0,199
2026-09-03 10:14:00-04:00,53404.0,53404.0,53411.0,53387.0,53404.0,134
2026-09-03 10:15:00-04:00,53416.0,53416.0,53426.0,53398.0,53404.0,239
2026-09-03 10:16:00-04:00,53404.0,53404.0,53422.0,53400.0,53418.0,164
2026-09-03 10:17:00-04:00,53408.0,53408.0,53418.0,53395.0,53405.0,104
2026-09-03 10:18:00-04:00,53409.0,53409.0,53418.0,53400.0,53408.0,98
2026-09-03 10:19:00-04:00,53451.0,53451.0,53453.0,53408.0,53408.0,309
2026-09-03 10:20:00-04:00,53440.0,53440.0,53451.0,53428.0,53451.0,278
2026-09-03 10:21:00-04:00,53430.0,53430.0,53446.0,53424.0,53441.0,211
2026-09-03 10:22:00-04:00,53427.0,53427.0,53442.0,53420.0,53430.0,184
2026-09-03 10:23:00-04:00,53431.0,53431.0,53433.0,53418.0,53426.0,116
2026-09-03 10:24:00-04:00,53436.0,53436.0,53454.0,53433.0,53433.0,148
2026-09-03 10:25:00-04:00,53417.0,53417.0,53434.0,53414.0,53434.0,160
2026-09-03 10:26:00-04:00,53411.0,53411.0,53437.0,53411.0,53416.0,126
2026-09-03 10:27:00-04:00,53418.0,53418.0,53422.0,53410.0,53411.0,53
2026-09-03 10:28:00-04:00,53404.0,53404.0,53422.0,53400.0,53418.0,111
2026-09-03 10:29:00-04:00,53410.0,53410.0,53417.0,53406.0,53410.0,54
2026-09-03 10:30:00-04:00,53425.0,53425.0,53432.0,53399.0,53411.0,125
2026-09-03 10:31:00-04:00,53428.0,53428.0,53428.0,53401.0,53427.0,158
2026-09-03 10:32:00-04:00,53437.0,53437.0,53444.0,53417.0,53428.0,138
2026-09-03 10:33:00-04:00,53423.0,53423.0,53450.0,53421.0,53438.0,105
2026-09-03 10:34:00-04:00,53415.0,53415.0,53423.0,53411.0,53422.0,99
2026-09-03 10:35:00-04:00,53448.0,53448.0,53448.0,53411.0,53414.0,94
2026-09-03 10:36:00-04:00,53461.0,53461.0,53464.0,53440.0,53449.0,158
2026-09-03 10:37:00-04:00,53480.0,53480.0,53480.0,53455.0,53461.0,136
2026-09-03 10:38:00-04:00,53490.0,53490.0,53498.0,53478.0,53480.0,218
2026-09-03 10:39:00-04:00,53480.0,53480.0,53490.0,53472.0,53490.0,96
2026-09-03 10:40:00-04:00,53477.0,53477.0,53494.0,53473.0,53483.0,228
2026-09-03 10:41:00-04:00,53501.0,53501.0,53505.0,53476.0,53476.0,177
2026-09-03 10:42:00-04:00,53509.0,53509.0,53520.0,53499.0,53502.0,278
2026-09-03 10:43:00-04:00,53479.0,53479.0,53512.0,53476.0,53510.0,167
2026-09-03 10:44:00-04:00,53481.0,53481.0,53486.0,53473.0,53482.0,79
2026-09-03 10:45:00-04:00,53494.0,53494.0,53498.0,53475.0,53479.0,111
2026-09-03 10:46:00-04:00,53496.0,53496.0,53498.0,53483.0,53495.0,76
2026-09-03 10:47:00-04:00,53541.0,53541.0,53546.0,53497.0,53497.0,299
2026-09-03 10:48:00-04:00,53551.0,53551.0,53555.0,53532.0,53542.0,139
2026-09-03 10:49:00-04:00,53536.0,53536.0,53558.0,53530.0,53550.0,147
2026-09-03 10:50:00-04:00,53534.0,53534.0,53544.0,53521.0,53537.0,172
2026-09-03 10:51:00-04:00,53519.0,53519.0,53536.0,53504.0,53531.0,169
2026-09-03 10:52:00-04:00,53517.0,53517.0,53524.0,53513.0,53517.0,86
2026-09-03 10:53:00-04:00,53518.0,53518.0,53523.0,53513.0,53517.0,48
2026-09-03 10:54:00-04:00,53540.0,53540.0,53540.0,53520.0,53520.0,147
2026-09-03 10:55:00-04:00,53540.0,53540.0,53547.0,53536.0,53540.0,118
2026-09-03 10:56:00-04:00,53508.0,53508.0,53542.0,53419.0,53540.0,850
2026-09-03 10:57:00-04:00,53531.0,53531.0,53532.0,53504.0,53512.0,113
2026-09-03 10:58:00-04:00,53545.0,53545.0,53548.0,53530.0,53532.0,114
2026-09-03 10:59:00-04:00,53570.0,53570.0,53579.0,53543.0,53543.0,284
2026-09-03 11:00:00-04:00,53567.0,53567.0,53575.0,53557.0,53569.0,178
2026-09-03 11:01:00-04:00,53585.0,53585.0,53588.0,53562.0,53564.0,187
2026-09-03 11:02:00-04:00,53588.0,53588.0,53599.0,53583.0,53583.0,218
2026-09-03 11:03:00-04:00,53585.0,53585.0,53601.0,53580.0,53589.0,299
2026-09-03 11:04:00-04:00,53613.0,53613.0,53615.0,53583.0,53585.0,255
2026-09-03 11:05:00-04:00,53630.0,53630.0,53635.0,53613.0,53614.0,524
2026-09-03 11:06:00-04:00,53621.0,53621.0,53636.0,53614.0,53630.0,203
2026-09-03 11:07:00-04:00,53640.0,53640.0,53643.0,53620.0,53624.0,255
2026-09-03 11:08:00-04:00,53646.0,53646.0,53646.0,53630.0,53639.0,136
2026-09-03 11:09:00-04:00,53640.0,53640.0,53649.0,53631.0,53646.0,120
2026-09-03 11:10:00-04:00,53636.0,53636.0,53644.0,53626.0,53641.0,123
2026-09-03 11:11:00-04:00,53650.0,53650.0,53655.0,53630.0,53636.0,169
2026-09-03 11:12:00-04:00,53660.0,53660.0,53661.0,53645.0,53650.0,163
2026-09-03 11:13:00-04:00,53667.0,53667.0,53670.0,53651.0,53656.0,191
2026-09-03 11:14:00-04:00,53678.0,53678.0,53680.0,53662.0,53666.0,270
2026-09-03 11:15:00-04:00,53685.0,53685.0,53689.0,53668.0,53677.0,292
2026-09-03 11:16:00-04:00,53692.0,53692.0,53693.0,53676.0,53683.0,196
2026-09-03 11:17:00-04:00,53682.0,53682.0,53701.0,53677.0,53692.0,229
2026-09-03 11:18:00-04:00,53703.0,53703.0,53708.0,53674.0,53680.0,144
2026-09-03 11:19:00-04:00,53728.0,53728.0,53728.0,53707.0,53708.0,232
2026-09-03 11:20:00-04:00,53702.0,53702.0,53735.0,53702.0,53728.0,322
2026-09-03 11:21:00-04:00,53715.0,53715.0,53719.0,53701.0,53704.0,166
2026-09-03 11:22:00-04:00,53732.0,53732.0,53741.0,53713.0,53716.0,134
2026-09-03 11:23:00-04:00,53747.0,53747.0,53756.0,53729.0,53730.0,185
2026-09-03 11:24:00-04:00,53748.0,53748.0,53759.0,53747.0,53748.0,129
2026-09-03 11:25:00-04:00,53756.0,53756.0,53756.0,53748.0,53751.0,96
2026-09-03 11:26:00-04:00,53758.0,53758.0,53765.0,53753.0,53755.0,159
2026-09-03 11:27:00-04:00,53765.0,53765.0,53772.0,53754.0,53757.0,205
2026-09-03 11:28:00-04:00,53774.0,53774.0,53778.0,53760.0,53766.0,147
2026-09-03 11:29:00-04:00,53794.0,53794.0,53795.0,53777.0,53777.0,249
2026-09-03 11:30:00-04:00,53825.0,53825.0,53827.0,53788.0,53795.0,458
2026-09-03 11:31:00-04:00,53810.0,53810.0,53825.0,53808.0,53823.0,237
2026-09-03 11:32:00-04:00,53810.0,53810.0,53812.0,53799.0,53809.0,206
2026-09-03 11:33:00-04:00,53783.0,53783.0,53810.0,53779.0,53810.0,333
2026-09-03 11:34:00-04:00,53793.0,53793.0,53794.0,53774.0,53782.0,139
2026-09-03 11:35:00-04:00,53780.0,53780.0,53798.0,53780.0,53791.0,170
2026-09-03 11:36:00-04:00,53758.0,53758.0,53779.0,53758.0,53777.0,216
2026-09-03 11:37:00-04:00,53750.0,53750.0,53764.0,53747.0,53757.0,159
2026-09-03 11:38:00-04:00,53745.0,53745.0,53751.0,53741.0,53749.0,172
2026-09-03 11:39:00-04:00,53742.0,53742.0,53756.0,53739.0,53749.0,125
2026-09-03 11:40:00-04:00,53743.0,53743.0,53755.0,53740.0,53741.0,84
2026-09-03 11:41:00-04:00,53757.0,53757.0,53759.0,53738.0,53742.0,124
2026-09-03 11:42:00-04:00,53770.0,53770.0,53775.0,53754.0,53757.0,129
2026-09-03 11:43:00-04:00,53779.0,53779.0,53780.0,53765.0,53769.0,68
2026-09-03 11:44:00-04:00,53766.0,53766.0,53779.0,53761.0,53779.0,93
2026-09-03 11:45:00-04:00,53777.0,53777.0,53778.0,53766.0,53767.0,62
2026-09-03 11:46:00-04:00,53780.0,53780.0,53784.0,53774.0,53782.0,91
2026-09-03 11:47:00-04:00,53788.0,53788.0,53788.0,53774.0,53780.0,84
2026-09-03 11:48:00-04:00,53792.0,53792.0,53798.0,53785.0,53788.0,148
2026-09-03 11:49:00-04:00,53797.0,53797.0,53805.0,53790.0,53793.0,159
2026-09-03 11:50:00-04:00,53797.0,53797.0,53805.0,53797.0,53798.0,100
2026-09-03 11:51:00-04:00,53806.0,53806.0,53812.0,53796.0,53799.0,123
2026-09-03 11:52:00-04:00,53802.0,53802.0,53808.0,53802.0,53805.0,109
2026-09-03 11:53:00-04:00,53796.0,53796.0,53805.0,53787.0,53803.0,158
2026-09-03 11:54:00-04:00,53790.0,53790.0,53796.0,53787.0,53796.0,113
2026-09-03 11:55:00-04:00,53787.0,53787.0,53798.0,53784.0,53790.0,120
2026-09-03 11:56:00-04:00,53778.0,53778.0,53789.0,53776.0,53789.0,161
2026-09-03 11:57:00-04:00,53784.0,53784.0,53786.0,53771.0,53778.0,154
2026-09-03 11:58:00-04:00,53788.0,53788.0,53793.0,53783.0,53784.0,78
2026-09-03 11:59:00-04:00,53794.0,53794.0,53794.0,53780.0,53786.0,85
2026-09-03 12:00:00-04:00,53785.0,53785.0,53795.0,53785.0,53793.0,113
2026-09-03 12:01:00-04:00,53777.0,53777.0,53793.0,53773.0,53785.0,346
2026-09-03 12:02:00-04:00,53777.0,53777.0,53781.0,53771.0,53778.0,98
2026-09-03 12:03:00-04:00,53775.0,53775.0,53780.0,53772.0,53780.0,103
2026-09-03 12:04:00-04:00,53759.0,53759.0,53776.0,53756.0,53775.0,185
2026-09-03 12:05:00-04:00,53753.0,53753.0,53756.0,53745.0,53755.0,144
2026-09-03 12:06:00-04:00,53737.0,53737.0,53751.0,53737.0,53751.0,122
2026-09-03 12:07:00-04:00,53725.0,53725.0,53737.0,53725.0,53737.0,139
2026-09-03 12:08:00-04:00,53722.0,53722.0,53729.0,53718.0,53726.0,105
2026-09-03 12:09:00-04:00,53718.0,53718.0,53726.0,53717.0,53724.0,96
2026-09-03 12:10:00-04:00,53718.0,53718.0,53719.0,53708.0,53716.0,159
2026-09-03 12:11:00-04:00,53711.0,53711.0,53718.0,53703.0,53716.0,190
2026-09-03 12:12:00-04:00,53699.0,53699.0,53716.0,53698.0,53711.0,71
2026-09-03 12:13:00-04:00,53708.0,53708.0,53711.0,53696.0,53699.0,156
2026-09-03 12:14:00-04:00,53723.0,53723.0,53726.0,53708.0,53708.0,144
2026-09-03 12:15:00-04:00,53723.0,53723.0,53730.0,53715.0,53723.0,112
2026-09-03 12:16:00-04:00,53724.0,53724.0,53725.0,53714.0,53723.0,76
2026-09-03 12:17:00-04:00,53717.0,53717.0,53723.0,53713.0,53723.0,52
2026-09-03 12:18:00-04:00,53724.0,53724.0,53725.0,53712.0,53714.0,36
2026-09-03 12:19:00-04:00,53722.0,53722.0,53732.0,53720.0,53725.0,76
2026-09-03 12:20:00-04:00,53725.0,53725.0,53725.0,53716.0,53721.0,44
2026-09-03 12:21:00-04:00,53731.0,53731.0,53734.0,53726.0,53728.0,95
2026-09-03 12:22:00-04:00,53728.0,53728.0,53742.0,53726.0,53734.0,87
2026-09-03 12:23:00-04:00,53733.0,53733.0,53736.0,53724.0,53729.0,31
2026-09-03 12:24:00-04:00,53738.0,53738.0,53743.0,53731.0,53733.0,98
2026-09-03 12:25:00-04:00,53720.0,53720.0,53736.0,53717.0,53736.0,74
2026-09-03 12:26:00-04:00,53716.0,53716.0,53719.0,53712.0,53718.0,71
2026-09-03 12:27:00-04:00,53729.0,53729.0,53729.0,53716.0,53716.0,68
2026-09-03 12:28:00-04:00,53730.0,53730.0,53730.0,53722.0,53730.0,47
2026-09-03 12:29:00-04:00,53730.0,53730.0,53734.0,53727.0,53732.0,52
2026-09-03 12:30:00-04:00,53738.0,53738.0,53740.0,53727.0,53731.0,109
2026-09-03 12:31:00-04:00,53741.0,53741.0,53745.0,53732.0,53740.0,66
2026-09-03 12:32:00-04:00,53736.0,53736.0,53742.0,53730.0,53739.0,64
2026-09-03 12:33:00-04:00,53751.0,53751.0,53752.0,53734.0,53734.0,111
2026-09-03 12:34:00-04:00,53747.0,53747.0,53755.0,53744.0,53751.0,92
2026-09-03 12:35:00-04:00,53747.0,53747.0,53750.0,53743.0,53747.0,59
2026-09-03 12:36:00-04:00,53748.0,53748.0,53756.0,53748.0,53751.0,43
2026-09-03 12:37:00-04:00,53749.0,53749.0,53749.0,53739.0,53749.0,103
2026-09-03 12:38:00-04:00,53767.0,53767.0,53767.0,53748.0,53750.0,162
2026-09-03 12:39:00-04:00,53765.0,53765.0,53776.0,53765.0,53768.0,107
2026-09-03 12:40:00-04:00,53767.0,53767.0,53768.0,53759.0,53765.0,56
2026-09-03 12:41:00-04:00,53768.0,53768.0,53779.0,53766.0,53768.0,69
2026-09-03 12:42:00-04:00,53771.0,53771.0,53776.0,53769.0,53770.0,35
2026-09-03 12:43:00-04:00,53772.0,53772.0,53775.0,53769.0,53771.0,39
2026-09-03 12:44:00-04:00,53771.0,53771.0,53777.0,53769.0,53773.0,54
2026-09-03 12:45:00-04:00,53774.0,53774.0,53778.0,53769.0,53771.0,109
2026-09-03 12:46:00-04:00,53773.0,53773.0,53779.0,53768.0,53776.0,79
2026-09-03 12:47:00-04:00,53778.0,53778.0,53782.0,53770.0,53772.0,92
2026-09-03 12:48:00-04:00,53768.0,53768.0,53778.0,53764.0,53778.0,60
2026-09-03 12:49:00-04:00,53770.0,53770.0,53778.0,53767.0,53769.0,40
2026-09-03 12:50:00-04:00,53765.0,53765.0,53771.0,53760.0,53770.0,80
2026-09-03 12:51:00-04:00,53761.0,53761.0,53767.0,53755.0,53764.0,160
2026-09-03 12:52:00-04:00,53758.0,53758.0,53763.0,53756.0,53760.0,91
2026-09-03 12:53:00-04:00,53755.0,53755.0,53760.0,53752.0,53759.0,121
2026-09-03 12:54:00-04:00,53759.0,53759.0,53761.0,53752.0,53754.0,112
2026-09-03 12:55:00-04:00,53755.0,53755.0,53766.0,53753.0,53759.0,79
2026-09-03 12:56:00-04:00,53746.0,53746.0,53755.0,53744.0,53755.0,38
2026-09-03 12:57:00-04:00,53749.0,53749.0,53751.0,53744.0,53746.0,37
2026-09-03 12:58:00-04:00,53742.0,53742.0,53746.0,53739.0,53746.0,80
2026-09-03 12:59:00-04:00,53738.0,53738.0,53746.0,53738.0,53743.0,100
2026-09-03 13:00:00-04:00,53729.0,53729.0,53742.0,53726.0,53738.0,109
2026-09-03 13:01:00-04:00,53730.0,53730.0,53735.0,53729.0,53729.0,43
2026-09-03 13:02:00-04:00,53727.0,53727.0,53729.0,53721.0,53728.0,76
2026-09-03 13:03:00-04:00,53732.0,53732.0,53734.0,53727.0,53727.0,71
2026-09-03 13:04:00-04:00,53731.0,53731.0,53734.0,53730.0,53733.0,47
2026-09-03 13:05:00-04:00,53738.0,53738.0,53744.0,53729.0,53729.0,79
2026-09-03 13:06:00-04:00,53723.0,53723.0,53738.0,53720.0,53738.0,107
2026-09-03 13:07:00-04:00,53717.0,53717.0,53723.0,53712.0,53722.0,65
2026-09-03 13:08:00-04:00,53716.0,53716.0,53720.0,53715.0,53717.0,38
2026-09-03 13:09:00-04:00,53709.0,53709.0,53719.0,53705.0,53714.0,62
2026-09-03 13:10:00-04:00,53709.0,53709.0,53711.0,53704.0,53707.0,56
2026-09-03 13:11:00-04:00,53708.0,53708.0,53711.0,53705.0,53710.0,78
2026-09-03 13:12:00-04:00,53707.0,53707.0,53716.0,53707.0,53710.0,63
2026-09-03 13:13:00-04:00,53721.0,53721.0,53723.0,53709.0,53709.0,64
2026-09-03 13:14:00-04:00,53723.0,53723.0,53726.0,53717.0,53720.0,101
2026-09-03 13:15:00-04:00,53728.0,53728.0,53730.0,53723.0,53725.0,55
2026-09-03 13:16:00-04:00,53717.0,53717.0,53729.0,53714.0,53729.0,55
2026-09-03 13:17:00-04:00,53723.0,53723.0,53726.0,53715.0,53717.0,34
2026-09-03 13:18:00-04:00,53716.0,53716.0,53723.0,53715.0,53723.0,32
2026-09-03 13:19:00-04:00,53718.0,53718.0,53722.0,53717.0,53717.0,22
2026-09-03 13:20:00-04:00,53719.0,53719.0,53719.0,53714.0,53717.0,62
2026-09-03 13:21:00-04:00,53726.0,53726.0,53726.0,53718.0,53719.0,33
2026-09-03 13:22:00-04:00,53723.0,53723.0,53728.0,53720.0,53726.0,80
2026-09-03 13:23:00-04:00,53731.0,53731.0,53734.0,53721.0,53723.0,136
2026-09-03 13:24:00-04:00,53733.0,53733.0,53734.0,53724.0,53729.0,52
2026-09-03 13:25:00-04:00,53743.0,53743.0,53745.0,53733.0,53734.0,90
2026-09-03 13:26:00-04:00,53746.0,53746.0,53749.0,53741.0,53742.0,58
2026-09-03 13:27:00-04:00,53748.0,53748.0,53753.0,53744.0,53745.0,43
2026-09-03 13:28:00-04:00,53749.0,53749.0,53754.0,53746.0,53750.0,123
2026-09-03 13:29:00-04:00,53758.0,53758.0,53759.0,53745.0,53748.0,115
2026-09-03 13:30:00-04:00,53765.0,53765.0,53766.0,53757.0,53759.0,180
2026-09-03 13:31:00-04:00,53772.0,53772.0,53774.0,53763.0,53765.0,136
2026-09-03 13:32:00-04:00,53776.0,53776.0,53776.0,53770.0,53771.0,51
2026-09-03 13:33:00-04:00,53782.0,53782.0,53783.0,53772.0,53775.0,66
2026-09-03 13:34:00-04:00,53782.0,53782.0,53789.0,53780.0,53782.0,65
2026-09-03 13:35:00-04:00,53788.0,53788.0,53792.0,53783.0,53783.0,126
2026-09-03 13:36:00-04:00,53786.0,53786.0,53793.0,53782.0,53789.0,128
2026-09-03 13:37:00-04:00,53783.0,53783.0,53791.0,53783.0,53789.0,69
2026-09-03 13:38:00-04:00,53786.0,53786.0,53792.0,53781.0,53782.0,70
2026-09-03 13:39:00-04:00,53788.0,53788.0,53788.0,53780.0,53786.0,32
2026-09-03 13:40:00-04:00,53775.0,53775.0,53792.0,53770.0,53787.0,133
2026-09-03 13:41:00-04:00,53776.0,53776.0,53781.0,53773.0,53774.0,48
2026-09-03 13:42:00-04:00,53773.0,53773.0,53776.0,53771.0,53776.0,49
2026-09-03 13:43:00-04:00,53767.0,53767.0,53776.0,53765.0,53773.0,54
2026-09-03 13:44:00-04:00,53767.0,53767.0,53769.0,53764.0,53768.0,46
2026-09-03 13:45:00-04:00,53771.0,53771.0,53774.0,53764.0,53765.0,47
2026-09-03 13:46:00-04:00,53767.0,53767.0,53772.0,53761.0,53772.0,55
2026-09-03 13:47:00-04:00,53761.0,53761.0,53765.0,53757.0,53765.0,53
2026-09-03 13:48:00-04:00,53758.0,53758.0,53763.0,53758.0,53761.0,39
2026-09-03 13:49:00-04:00,53761.0,53761.0,53761.0,53756.0,53757.0,64
2026-09-03 13:50:00-04:00,53762.0,53762.0,53764.0,53759.0,53760.0,71
2026-09-03 13:51:00-04:00,53769.0,53769.0,53771.0,53764.0,53764.0,63
2026-09-03 13:52:00-04:00,53767.0,53767.0,53774.0,53765.0,53768.0,140
2026-09-03 13:53:00-04:00,53767.0,53767.0,53771.0,53766.0,53766.0,50
2026-09-03 13:54:00-04:00,53768.0,53768.0,53770.0,53766.0,53766.0,10
2026-09-03 13:55:00-04:00,53765.0,53765.0,53765.0,53762.0,53762.0,91
2026-09-03 13:56:00-04:00,53761.0,53761.0,53768.0,53759.0,53766.0,42
2026-09-03 13:57:00-04:00,53752.0,53752.0,53760.0,53750.0,53760.0,116
2026-09-03 13:58:00-04:00,53753.0,53753.0,53754.0,53748.0,53751.0,36
2026-09-03 14:00:00-04:00,53777.0,53777.0,53779.0,53765.0,53765.0,317
2026-09-03 14:01:00-04:00,53779.0,53779.0,53785.0,53776.0,53777.0,102
2026-09-03 14:02:00-04:00,53772.0,53772.0,53782.0,53771.0,53782.0,60
2026-09-03 14:03:00-04:00,53776.0,53776.0,53777.0,53772.0,53772.0,51
2026-09-03 14:04:00-04:00,53764.0,53764.0,53774.0,53762.0,53774.0,57
2026-09-03 14:05:00-04:00,53757.0,53757.0,53765.0,53756.0,53763.0,61
2026-09-03 14:06:00-04:00,53763.0,53763.0,53768.0,53756.0,53758.0,78
2026-09-03 14:07:00-04:00,53762.0,53762.0,53770.0,53760.0,53764.0,52
2026-09-03 14:08:00-04:00,53760.0,53760.0,53764.0,53758.0,53764.0,51
2026-09-03 14:09:00-04:00,53765.0,53765.0,53769.0,53755.0,53759.0,56
2026-09-03 14:10:00-04:00,53764.0,53764.0,53769.0,53757.0,53764.0,30
2026-09-03 14:11:00-04:00,53769.0,53769.0,53773.0,53764.0,53765.0,53
2026-09-03 14:12:00-04:00,53764.0,53764.0,53769.0,53763.0,53767.0,24
2026-09-03 14:13:00-04:00,53778.0,53778.0,53778.0,53761.0,53765.0,101
2026-09-03 14:14:00-04:00,53774.0,53774.0,53781.0,53774.0,53777.0,77
2026-09-03 14:15:00-04:00,53782.0,53782.0,53782.0,53774.0,53774.0,40
2026-09-03 14:16:00-04:00,53772.0,53772.0,53785.0,53772.0,53785.0,67
2026-09-03 14:17:00-04:00,53772.0,53772.0,53776.0,53770.0,53774.0,17
2026-09-03 14:18:00-04:00,53763.0,53763.0,53770.0,53759.0,53770.0,34
2026-09-03 14:19:00-04:00,53765.0,53765.0,53765.0,53757.0,53763.0,52
2026-09-03 14:20:00-04:00,53763.0,53763.0,53772.0,53757.0,53765.0,93
2026-09-03 14:21:00-04:00,53764.0,53764.0,53768.0,53762.0,53763.0,35
2026-09-03 14:22:00-04:00,53765.0,53765.0,53766.0,53762.0,53763.0,60
2026-09-03 14:23:00-04:00,53761.0,53761.0,53766.0,53758.0,53766.0,21
2026-09-03 14:24:00-04:00,53770.0,53770.0,53770.0,53760.0,53760.0,28
2026-09-03 14:25:00-04:00,53766.0,53766.0,53771.0,53766.0,53770.0,29
2026-09-03 14:26:00-04:00,53768.0,53768.0,53772.0,53766.0,53767.0,29
2026-09-03 14:27:00-04:00,53767.0,53767.0,53769.0,53761.0,53765.0,43
2026-09-03 14:28:00-04:00,53770.0,53770.0,53771.0,53764.0,53766.0,28
2026-09-03 14:29:00-04:00,53767.0,53767.0,53771.0,53765.0,53771.0,44
2026-09-03 14:30:00-04:00,53766.0,53766.0,53769.0,53755.0,53767.0,103
2026-09-03 14:31:00-04:00,53756.0,53756.0,53767.0,53755.0,53766.0,56
2026-09-03 14:32:00-04:00,53758.0,53758.0,53759.0,53757.0,53757.0,24
2026-09-03 14:33:00-04:00,53766.0,53766.0,53766.0,53757.0,53757.0,21
2026-09-03 14:34:00-04:00,53762.0,53762.0,53767.0,53761.0,53765.0,44
2026-09-03 14:35:00-04:00,53758.0,53758.0,53765.0,53757.0,53764.0,31
2026-09-03 14:36:00-04:00,53762.0,53762.0,53763.0,53759.0,53763.0,34
2026-09-03 14:37:00-04:00,53760.0,53760.0,53767.0,53760.0,53761.0,61
2026-09-03 14:38:00-04:00,53760.0,53760.0,53764.0,53757.0,53760.0,25
2026-09-03 14:39:00-04:00,53756.0,53756.0,53761.0,53756.0,53760.0,24
2026-09-03 14:40:00-04:00,53750.0,53750.0,53756.0,53744.0,53755.0,81
2026-09-03 14:41:00-04:00,53752.0,53752.0,53760.0,53752.0,53754.0,22
2026-09-03 14:42:00-04:00,53743.0,53743.0,53751.0,53742.0,53750.0,33
2026-09-03 14:43:00-04:00,53743.0,53743.0,53745.0,53741.0,53743.0,39
2026-09-03 14:44:00-04:00,53749.0,53749.0,53750.0,53743.0,53743.0,37
2026-09-03 14:45:00-04:00,53747.0,53747.0,53751.0,53747.0,53749.0,23
2026-09-03 14:46:00-04:00,53746.0,53746.0,53752.0,53746.0,53747.0,60
2026-09-03 14:47:00-04:00,53756.0,53756.0,53756.0,53741.0,53746.0,25
2026-09-03 14:48:00-04:00,53752.0,53752.0,53755.0,53752.0,53753.0,12
2026-09-03 14:49:00-04:00,53749.0,53749.0,53751.0,53747.0,53750.0,30
2026-09-03 14:50:00-04:00,53748.0,53748.0,53752.0,53746.0,53748.0,24
2026-09-03 14:51:00-04:00,53749.0,53749.0,53754.0,53747.0,53747.0,45
2026-09-03 14:52:00-04:00,53746.0,53746.0,53750.0,53743.0,53748.0,66
2026-09-03 14:53:00-04:00,53754.0,53754.0,53754.0,53748.0,53748.0,29
2026-09-03 14:54:00-04:00,53752.0,53752.0,53753.0,53748.0,53751.0,31
2026-09-03 14:55:00-04:00,53747.0,53747.0,53752.0,53745.0,53752.0,43
2026-09-03 14:56:00-04:00,53745.0,53745.0,53748.0,53740.0,53748.0,88
2026-09-03 14:57:00-04:00,53743.0,53743.0,53743.0,53737.0,53743.0,36
2026-09-03 14:58:00-04:00,53749.0,53749.0,53749.0,53740.0,53742.0,75
2026-09-03 14:59:00-04:00,53753.0,53753.0,53753.0,53747.0,53751.0,15
2026-09-03 15:00:00-04:00,53743.0,53743.0,53756.0,53740.0,53753.0,105
2026-09-03 15:01:00-04:00,53757.0,53757.0,53760.0,53744.0,53744.0,64
2026-09-03 15:02:00-04:00,53752.0,53752.0,53758.0,53749.0,53756.0,91
2026-09-03 15:03:00-04:00,53753.0,53753.0,53756.0,53750.0,53750.0,50
2026-09-03 15:04:00-04:00,53758.0,53758.0,53762.0,53753.0,53753.0,62
2026-09-03 15:05:00-04:00,53758.0,53758.0,53759.0,53754.0,53757.0,34
2026-09-03 15:06:00-04:00,53755.0,53755.0,53759.0,53752.0,53759.0,32
2026-09-03 15:07:00-04:00,53756.0,53756.0,53763.0,53755.0,53757.0,39
2026-09-03 15:08:00-04:00,53756.0,53756.0,53758.0,53752.0,53754.0,15
2026-09-03 15:09:00-04:00,53756.0,53756.0,53757.0,53755.0,53756.0,30
2026-09-03 15:10:00-04:00,53752.0,53752.0,53761.0,53752.0,53760.0,45
2026-09-03 15:11:00-04:00,53747.0,53747.0,53754.0,53741.0,53754.0,83
2026-09-03 15:12:00-04:00,53748.0,53748.0,53752.0,53746.0,53747.0,47
2026-09-03 15:13:00-04:00,53749.0,53749.0,53754.0,53746.0,53750.0,53
2026-09-03 15:14:00-04:00,53738.0,53738.0,53750.0,53738.0,53748.0,53
2026-09-03 15:15:00-04:00,53736.0,53736.0,53737.0,53731.0,53737.0,109
2026-09-03 15:16:00-04:00,53740.0,53740.0,53742.0,53730.0,53735.0,51
2026-09-03 15:17:00-04:00,53739.0,53739.0,53743.0,53735.0,53739.0,35
2026-09-03 15:18:00-04:00,53743.0,53743.0,53744.0,53736.0,53737.0,51
2026-09-03 15:19:00-04:00,53744.0,53744.0,53746.0,53741.0,53741.0,35
2026-09-03 15:20:00-04:00,53737.0,53737.0,53744.0,53735.0,53744.0,56
2026-09-03 15:21:00-04:00,53737.0,53737.0,53742.0,53735.0,53736.0,48
2026-09-03 15:22:00-04:00,53735.0,53735.0,53741.0,53735.0,53735.0,36
2026-09-03 15:23:00-04:00,53735.0,53735.0,53738.0,53734.0,53734.0,39
2026-09-03 15:24:00-04:00,53727.0,53727.0,53736.0,53725.0,53736.0,50
2026-09-03 15:25:00-04:00,53728.0,53728.0,53730.0,53725.0,53730.0,55
2026-09-03 15:26:00-04:00,53736.0,53736.0,53737.0,53726.0,53729.0,71
2026-09-03 15:27:00-04:00,53732.0,53732.0,53739.0,53732.0,53737.0,40
2026-09-03 15:28:00-04:00,53742.0,53742.0,53743.0,53729.0,53732.0,49
2026-09-03 15:29:00-04:00,53741.0,53741.0,53744.0,53739.0,53743.0,60
2026-09-03 15:30:00-04:00,53748.0,53748.0,53753.0,53741.0,53742.0,203
2026-09-03 15:31:00-04:00,53759.0,53759.0,53762.0,53748.0,53748.0,129
2026-09-03 15:32:00-04:00,53761.0,53761.0,53761.0,53754.0,53759.0,129
2026-09-03 15:33:00-04:00,53749.0,53749.0,53761.0,53747.0,53760.0,74
2026-09-03 15:34:00-04:00,53754.0,53754.0,53756.0,53746.0,53750.0,72
2026-09-03 15:35:00-04:00,53759.0,53759.0,53762.0,53753.0,53753.0,72
2026-09-03 15:36:00-04:00,53771.0,53771.0,53773.0,53759.0,53759.0,84
2026-09-03 15:37:00-04:00,53773.0,53773.0,53776.0,53766.0,53771.0,119
2026-09-03 15:38:00-04:00,53773.0,53773.0,53778.0,53769.0,53774.0,78
2026-09-03 15:39:00-04:00,53768.0,53768.0,53773.0,53766.0,53772.0,115
2026-09-03 15:40:00-04:00,53762.0,53762.0,53771.0,53762.0,53769.0,153
2026-09-03 15:41:00-04:00,53760.0,53760.0,53764.0,53757.0,53763.0,144
2026-09-03 15:42:00-04:00,53762.0,53762.0,53764.0,53754.0,53761.0,42
2026-09-03 15:43:00-04:00,53763.0,53763.0,53767.0,53761.0,53763.0,85
2026-09-03 15:44:00-04:00,53759.0,53759.0,53766.0,53758.0,53763.0,76
2026-09-03 15:45:00-04:00,53757.0,53757.0,53764.0,53754.0,53758.0,197
2026-09-03 15:46:00-04:00,53748.0,53748.0,53758.0,53747.0,53757.0,199
2026-09-03 15:47:00-04:00,53750.0,53750.0,53751.0,53744.0,53748.0,119
2026-09-03 15:48:00-04:00,53757.0,53757.0,53757.0,53747.0,53751.0,68
2026-09-03 15:49:00-04:00,53765.0,53765.0,53768.0,53756.0,53758.0,130
2026-09-03 15:50:00-04:00,53758.0,53758.0,53770.0,53750.0,53767.0,250
2026-09-03 15:51:00-04:00,53763.0,53763.0,53768.0,53757.0,53760.0,112
2026-09-03 15:52:00-04:00,53755.0,53755.0,53768.0,53755.0,53762.0,146
2026-09-03 15:53:00-04:00,53748.0,53748.0,53755.0,53748.0,53755.0,85
2026-09-03 15:54:00-04:00,53751.0,53751.0,53752.0,53744.0,53750.0,200
2026-09-03 15:55:00-04:00,53742.0,53742.0,53758.0,53735.0,53751.0,410
2026-09-03 15:56:00-04:00,53738.0,53738.0,53746.0,53736.0,53743.0,207
2026-09-03 15:57:00-04:00,53743.0,53743.0,53746.0,53736.0,53737.0,145
2026-09-03 15:58:00-04:00,53743.0,53743.0,53749.0,53735.0,53744.0,345
2026-09-03 15:59:00-04:00,53755.0,53755.0,53763.0,53727.0,53743.0,2006
2026-09-03 16:00:00-04:00,53741.0,53741.0,53762.0,53740.0,53756.0,546
2026-09-03 16:01:00-04:00,53751.0,53751.0,53751.0,53739.0,53739.0,126
2026-09-03 16:02:00-04:00,53752.0,53752.0,53759.0,53751.0,53751.0,107
2026-09-03 16:03:00-04:00,53754.0,53754.0,53754.0,53749.0,53752.0,77
2026-09-03 16:04:00-04:00,53750.0,53750.0,53758.0,53750.0,53754.0,48
2026-09-03 16:05:00-04:00,53748.0,53748.0,53752.0,53746.0,53751.0,45
2026-09-03 16:06:00-04:00,53751.0,53751.0,53752.0,53747.0,53747.0,41
2026-09-03 16:07:00-04:00,53750.0,53750.0,53754.0,53749.0,53752.0,24
2026-09-03 16:08:00-04:00,53752.0,53752.0,53755.0,53750.0,53750.0,38
2026-09-03 16:09:00-04:00,53749.0,53749.0,53757.0,53749.0,53756.0,38
2026-09-03 16:10:00-04:00,53749.0,53749.0,53751.0,53748.0,53750.0,34
2026-09-03 16:11:00-04:00,53751.0,53751.0,53753.0,53749.0,53750.0,27
2026-09-03 16:12:00-04:00,53747.0,53747.0,53751.0,53747.0,53751.0,21
2026-09-03 16:13:00-04:00,53749.0,53749.0,53752.0,53747.0,53748.0,26
2026-09-03 16:14:00-04:00,53750.0,53750.0,53751.0,53745.0,53749.0,65
2026-09-03 16:15:00-04:00,53749.0,53749.0,53753.0,53749.0,53751.0,32
2026-09-03 16:16:00-04:00,53745.0,53745.0,53748.0,53743.0,53747.0,16
2026-09-03 16:17:00-04:00,53746.0,53746.0,53746.0,53746.0,53746.0,4
2026-09-03 16:18:00-04:00,53746.0,53746.0,53747.0,53744.0,53747.0,8
2026-09-03 16:19:00-04:00,53731.0,53731.0,53745.0,53731.0,53745.0,52
2026-09-03 16:20:00-04:00,53730.0,53730.0,53733.0,53728.0,53732.0,12
2026-09-03 16:21:00-04:00,53731.0,53731.0,53732.0,53728.0,53729.0,15
2026-09-03 16:22:00-04:00,53736.0,53736.0,53738.0,53736.0,53737.0,3
2026-09-03 16:23:00-04:00,53734.0,53734.0,53739.0,53734.0,53735.0,10
2026-09-03 16:24:00-04:00,53731.0,53731.0,53733.0,53731.0,53733.0,10
2026-09-03 16:25:00-04:00,53734.0,53734.0,53734.0,53732.0,53733.0,4
2026-09-03 16:26:00-04:00,53733.0,53733.0,53734.0,53732.0,53734.0,8
2026-09-03 16:27:00-04:00,53733.0,53733.0,53733.0,53732.0,53732.0,6
2026-09-03 16:28:00-04:00,53734.0,53734.0,53734.0,53732.0,53734.0,6
2026-09-03 16:29:00-04:00,53729.0,53729.0,53732.0,53728.0,53731.0,12
2026-09-03 16:30:00-04:00,53727.0,53727.0,53730.0,53727.0,53730.0,10
2026-09-03 16:31:00-04:00,53729.0,53729.0,53729.0,53725.0,53725.0,11
2026-09-03 16:32:00-04:00,53728.0,53728.0,53728.0,53728.0,53728.0,3
2026-09-03 16:33:00-04:00,53731.0,53731.0,53731.0,53726.0,53727.0,6
2026-09-03 16:34:00-04:00,53730.0,53730.0,53730.0,53730.0,53730.0,2
2026-09-03 16:35:00-04:00,53732.0,53732.0,53733.0,53729.0,53731.0,13
2026-09-03 16:36:00-04:00,53732.0,53732.0,53734.0,53731.0,53734.0,7
2026-09-03 16:37:00-04:00,53736.0,53736.0,53737.0,53732.0,53732.0,7
2026-09-03 16:38:00-04:00,53734.0,53734.0,53735.0,53734.0,53734.0,58
2026-09-03 16:39:00-04:00,53731.0,53731.0,53735.0,53731.0,53735.0,9
2026-09-03 16:40:00-04:00,53735.0,53735.0,53735.0,53732.0,53732.0,6
2026-09-03 16:41:00-04:00,53730.0,53730.0,53731.0,53730.0,53731.0,4
2026-09-03 16:42:00-04:00,53731.0,53731.0,53732.0,53729.0,53729.0,7
2026-09-03 16:43:00-04:00,53730.0,53730.0,53730.0,53730.0,53730.0,1
2026-09-03 16:44:00-04:00,53728.0,53728.0,53729.0,53728.0,53729.0,7
2026-09-03 16:45:00-04:00,53730.0,53730.0,53730.0,53727.0,53727.0,16
2026-09-03 16:46:00-04:00,53720.0,53720.0,53727.0,53720.0,53727.0,10
2026-09-03 16:47:00-04:00,53723.0,53723.0,53728.0,53723.0,53725.0,8
2026-09-03 16:48:00-04:00,53722.0,53722.0,53724.0,53722.0,53723.0,5
2026-09-03 16:49:00-04:00,53722.0,53722.0,53724.0,53718.0,53724.0,17
2026-09-03 16:50:00-04:00,53717.0,53717.0,53720.0,53714.0,53720.0,19
2026-09-03 16:51:00-04:00,53720.0,53720.0,53720.0,53715.0,53716.0,15
2026-09-03 16:52:00-04:00,53715.0,53715.0,53718.0,53714.0,53718.0,4
2026-09-03 16:53:00-04:00,53715.0,53715.0,53716.0,53715.0,53715.0,8
2026-09-03 16:54:00-04:00,53719.0,53719.0,53720.0,53714.0,53718.0,16
2026-09-03 16:55:00-04:00,53718.0,53718.0,53722.0,53717.0,53722.0,11
2026-09-03 16:56:00-04:00,53721.0,53721.0,53722.0,53719.0,53719.0,8
2026-09-03 16:57:00-04:00,53720.0,53720.0,53721.0,53719.0,53721.0,10
2026-09-03 16:58:00-04:00,53721.0,53721.0,53723.0,53718.0,53718.0,14
2026-09-03 16:59:00-04:00,53720.0,53720.0,53720.0,53715.0,53718.0,15
2026-09-03 18:00:00-04:00,53729.0,53729.0,53734.0,53703.0,53707.0,0
2026-09-03 18:01:00-04:00,53733.0,53733.0,53733.0,53725.0,53732.0,30
2026-09-03 18:02:00-04:00,53733.0,53733.0,53734.0,53732.0,53732.0,8
2026-09-03 18:03:00-04:00,53734.0,53734.0,53735.0,53734.0,53734.0,5
2026-09-03 18:04:00-04:00,53730.0,53730.0,53735.0,53730.0,53735.0,4
2026-09-03 18:05:00-04:00,53723.0,53723.0,53729.0,53722.0,53729.0,4
2026-09-03 18:06:00-04:00,53723.0,53723.0,53723.0,53723.0,53723.0,14
2026-09-03 18:08:00-04:00,53714.0,53714.0,53722.0,53714.0,53722.0,3
2026-09-03 18:10:00-04:00,53720.0,53720.0,53720.0,53717.0,53717.0,4
2026-09-03 18:11:00-04:00,53729.0,53729.0,53730.0,53719.0,53719.0,11
2026-09-03 18:12:00-04:00,53733.0,53733.0,53733.0,53730.0,53730.0,4
2026-09-03 18:13:00-04:00,53732.0,53732.0,53732.0,53732.0,53732.0,1
2026-09-03 18:14:00-04:00,53728.0,53728.0,53730.0,53728.0,53730.0,4
2026-09-03 18:15:00-04:00,53737.0,53737.0,53741.0,53731.0,53731.0,20
2026-09-03 18:16:00-04:00,53740.0,53740.0,53740.0,53738.0,53738.0,2
2026-09-03 18:17:00-04:00,53742.0,53742.0,53742.0,53742.0,53742.0,1
2026-09-03 18:18:00-04:00,53738.0,53738.0,53742.0,53737.0,53740.0,11
2026-09-03 18:19:00-04:00,53736.0,53736.0,53743.0,53736.0,53739.0,33
2026-09-03 18:20:00-04:00,53733.0,53733.0,53737.0,53732.0,53737.0,5
2026-09-03 18:24:00-04:00,53735.0,53735.0,53735.0,53735.0,53735.0,1
2026-09-03 18:25:00-04:00,53735.0,53735.0,53735.0,53732.0,53733.0,6
2026-09-03 18:26:00-04:00,53737.0,53737.0,53737.0,53736.0,53736.0,4
2026-09-03 18:29:00-04:00,53736.0,53736.0,53736.0,53736.0,53736.0,1
2026-09-03 18:30:00-04:00,53736.0,53736.0,53744.0,53736.0,53738.0,23
2026-09-03 18:32:00-04:00,53738.0,53738.0,53738.0,53736.0,53736.0,2
2026-09-03 18:34:00-04:00,53743.0,53743.0,53743.0,53742.0,53742.0,3
2026-09-03 18:35:00-04:00,53741.0,53741.0,53744.0,53740.0,53744.0,8
2026-09-03 18:36:00-04:00,53743.0,53743.0,53743.0,53743.0,53743.0,1
2026-09-03 18:37:00-04:00,53742.0,53742.0,53742.0,53742.0,53742.0,1
2026-09-03 18:39:00-04:00,53740.0,53740.0,53742.0,53740.0,53742.0,4
2026-09-03 18:41:00-04:00,53738.0,53738.0,53739.0,53730.0,53739.0,25
2026-09-03 18:42:00-04:00,53737.0,53737.0,53737.0,53737.0,53737.0,3
2026-09-03 18:46:00-04:00,53738.0,53738.0,53739.0,53738.0,53739.0,2
2026-09-03 18:47:00-04:00,53735.0,53735.0,53739.0,53735.0,53737.0,7
2026-09-03 18:48:00-04:00,53734.0,53734.0,53734.0,53734.0,53734.0,1
2026-09-03 18:49:00-04:00,53740.0,53740.0,53740.0,53737.0,53737.0,8
2026-09-03 18:50:00-04:00,53739.0,53739.0,53740.0,53739.0,53740.0,3
2026-09-03 18:52:00-04:00,53741.0,53741.0,53741.0,53741.0,53741.0,1
2026-09-03 18:53:00-04:00,53743.0,53743.0,53743.0,53743.0,53743.0,2
2026-09-03 18:54:00-04:00,53744.0,53744.0,53744.0,53744.0,53744.0,1
2026-09-03 18:55:00-04:00,53744.0,53744.0,53744.0,53744.0,53744.0,1
2026-09-03 18:56:00-04:00,53741.0,53741.0,53744.0,53741.0,53744.0,2
2026-09-03 18:58:00-04:00,53742.0,53742.0,53742.0,53742.0,53742.0,3
2026-09-03 18:59:00-04:00,53741.0,53741.0,53741.0,53739.0,53739.0,3
2026-09-03 19:00:00-04:00,53742.0,53742.0,53745.0,53742.0,53743.0,7
2026-09-03 19:01:00-04:00,53740.0,53740.0,53740.0,53739.0,53740.0,3
2026-09-03 19:02:00-04:00,53742.0,53742.0,53746.0,53741.0,53741.0,13
2026-09-03 19:03:00-04:00,53743.0,53743.0,53743.0,53743.0,53743.0,6
2026-09-03 19:04:00-04:00,53744.0,53744.0,53744.0,53744.0,53744.0,3
2026-09-03 19:05:00-04:00,53743.0,53743.0,53743.0,53743.0,53743.0,1
2026-09-03 19:06:00-04:00,53744.0,53744.0,53744.0,53742.0,53742.0,6
2026-09-03 19:07:00-04:00,53742.0,53742.0,53742.0,53741.0,53741.0,2
2026-09-03 19:08:00-04:00,53743.0,53743.0,53743.0,53743.0,53743.0,1
2026-09-03 19:09:00-04:00,53743.0,53743.0,53744.0,53743.0,53743.0,4
2026-09-03 19:10:00-04:00,53743.0,53743.0,53746.0,53743.0,53746.0,8
2026-09-03 19:11:00-04:00,53742.0,53742.0,53742.0,53742.0,53742.0,1
2026-09-03 19:13:00-04:00,53739.0,53739.0,53739.0,53738.0,53738.0,5
2026-09-03 19:14:00-04:00,53739.0,53739.0,53739.0,53739.0,53739.0,1
2026-09-03 19:16:00-04:00,53738.0,53738.0,53738.0,53737.0,53737.0,2
2026-09-03 19:17:00-04:00,53733.0,53733.0,53736.0,53733.0,53734.0,7
2026-09-03 19:18:00-04:00,53735.0,53735.0,53736.0,53734.0,53734.0,6
2026-09-03 19:19:00-04:00,53739.0,53739.0,53739.0,53737.0,53737.0,3
2026-09-03 19:20:00-04:00,53737.0,53737.0,53737.0,53737.0,53737.0,3
2026-09-03 19:22:00-04:00,53738.0,53738.0,53738.0,53736.0,53736.0,4
2026-09-03 19:23:00-04:00,53739.0,53739.0,53739.0,53739.0,53739.0,1
2026-09-03 19:24:00-04:00,53738.0,53738.0,53738.0,53738.0,53738.0,1
2026-09-03 19:25:00-04:00,53736.0,53736.0,53736.0,53736.0,53736.0,1
2026-09-03 19:26:00-04:00,53738.0,53738.0,53738.0,53738.0,53738.0,4
2026-09-03 19:27:00-04:00,53741.0,53741.0,53741.0,53739.0,53739.0,3
2026-09-03 19:28:00-04:00,53742.0,53742.0,53742.0,53739.0,53739.0,3
2026-09-03 19:30:00-04:00,53738.0,53738.0,53739.0,53738.0,53739.0,6
2026-09-03 19:31:00-04:00,53739.0,53739.0,53739.0,53739.0,53739.0,1
2026-09-03 19:32:00-04:00,53739.0,53739.0,53739.0,53739.0,53739.0,1
2026-09-03 19:35:00-04:00,53737.0,53737.0,53737.0,53734.0,53734.0,5
2026-09-03 19:36:00-04:00,53737.0,53737.0,53738.0,53737.0,53738.0,13
2026-09-03 19:38:00-04:00,53737.0,53737.0,53737.0,53736.0,53736.0,2
2026-09-03 19:39:00-04:00,53736.0,53736.0,53736.0,53736.0,53736.0,2
2026-09-03 19:40:00-04:00,53739.0,53739.0,53739.0,53738.0,53739.0,3
2026-09-03 19:43:00-04:00,53739.0,53739.0,53739.0,53739.0,53739.0,1
2026-09-03 19:44:00-04:00,53740.0,53740.0,53741.0,53740.0,53741.0,3
2026-09-03 19:45:00-04:00,53738.0,53738.0,53739.0,53736.0,53736.0,10
2026-09-03 19:46:00-04:00,53740.0,53740.0,53740.0,53740.0,53740.0,3
2026-09-03 19:47:00-04:00,53739.0,53739.0,53742.0,53739.0,53742.0,4
2026-09-03 19:48:00-04:00,53738.0,53738.0,53740.0,53738.0,53740.0,3
2026-09-03 19:49:00-04:00,53739.0,53739.0,53739.0,53739.0,53739.0,1
2026-09-03 19:50:00-04:00,53744.0,53744.0,53744.0,53742.0,53742.0,5
2026-09-03 19:51:00-04:00,53743.0,53743.0,53743.0,53742.0,53742.0,4
2026-09-03 19:52:00-04:00,53741.0,53741.0,53741.0,53740.0,53740.0,3
2026-09-03 19:53:00-04:00,53736.0,53736.0,53740.0,53736.0,53740.0,9
2026-09-03 19:54:00-04:00,53738.0,53738.0,53739.0,53737.0,53737.0,7
2026-09-03 19:55:00-04:00,53741.0,53741.0,53741.0,53739.0,53739.0,9
2026-09-03 19:56:00-04:00,53743.0,53743.0,53743.0,53741.0,53741.0,4
2026-09-03 19:57:00-04:00,53743.0,53743.0,53743.0,53743.0,53743.0,1
2026-09-03 19:58:00-04:00,53742.0,53742.0,53742.0,53742.0,53742.0,1
2026-09-03 19:59:00-04:00,53744.0,53744.0,53744.0,53743.0,53744.0,5
2026-09-03 20:00:00-04:00,53737.0,53737.0,53744.0,53736.0,53741.0,43
2026-09-03 20:01:00-04:00,53739.0,53739.0,53742.0,53736.0,53737.0,9
2026-09-03 20:02:00-04:00,53741.0,53741.0,53741.0,53741.0,53741.0,2
2026-09-03 20:03:00-04:00,53737.0,53737.0,53739.0,53737.0,53739.0,7
2026-09-03 20:04:00-04:00,53737.0,53737.0,53737.0,53736.0,53736.0,5
2026-09-03 20:05:00-04:00,53731.0,53731.0,53739.0,53729.0,53739.0,63
2026-09-03 20:06:00-04:00,53731.0,53731.0,53732.0,53731.0,53732.0,8
2026-09-03 20:07:00-04:00,53735.0,53735.0,53735.0,53729.0,53729.0,8
2026-09-03 20:08:00-04:00,53736.0,53736.0,53736.0,53736.0,53736.0,3
2026-09-03 20:09:00-04:00,53735.0,53735.0,53735.0,53734.0,53735.0,5
2026-09-03 20:10:00-04:00,53731.0,53731.0,53735.0,53731.0,53733.0,18
2026-09-03 20:11:00-04:00,53734.0,53734.0,53737.0,53728.0,53730.0,25
2026-09-03 20:12:00-04:00,53732.0,53732.0,53732.0,53731.0,53731.0,6
2026-09-03 20:13:00-04:00,53734.0,53734.0,53734.0,53734.0,53734.0,2
2026-09-03 20:14:00-04:00,53736.0,53736.0,53736.0,53736.0,53736.0,1
2026-09-03 20:15:00-04:00,53730.0,53730.0,53734.0,53728.0,53733.0,16
2026-09-03 20:16:00-04:00,53737.0,53737.0,53737.0,53734.0,53734.0,5
2026-09-03 20:17:00-04:00,53738.0,53738.0,53738.0,53737.0,53738.0,6
2026-09-03 20:18:00-04:00,53738.0,53738.0,53739.0,53738.0,53739.0,5
2026-09-03 20:19:00-04:00,53741.0,53741.0,53741.0,53739.0,53739.0,6
2026-09-03 20:20:00-04:00,53746.0,53746.0,53748.0,53746.0,53746.0,3
2026-09-03 20:21:00-04:00,53745.0,53745.0,53747.0,53744.0,53747.0,7
2026-09-03 20:22:00-04:00,53749.0,53749.0,53749.0,53744.0,53744.0,6
2026-09-03 20:23:00-04:00,53745.0,53745.0,53751.0,53744.0,53749.0,28
2026-09-03 20:24:00-04:00,53746.0,53746.0,53746.0,53746.0,53746.0,2
2026-09-03 20:25:00-04:00,53744.0,53744.0,53745.0,53742.0,53745.0,14
2026-09-03 20:26:00-04:00,53743.0,53743.0,53744.0,53743.0,53744.0,3
2026-09-03 20:27:00-04:00,53743.0,53743.0,53745.0,53743.0,53744.0,4
2026-09-03 20:28:00-04:00,53740.0,53740.0,53743.0,53740.0,53742.0,6
2026-09-03 20:29:00-04:00,53741.0,53741.0,53743.0,53741.0,53742.0,3
2026-09-03 20:30:00-04:00,53744.0,53744.0,53744.0,53742.0,53743.0,9
2026-09-03 20:31:00-04:00,53748.0,53748.0,53748.0,53741.0,53743.0,5
2026-09-03 20:32:00-04:00,53749.0,53749.0,53749.0,53748.0,53748.0,8
2026-09-03 20:33:00-04:00,53748.0,53748.0,53751.0,53748.0,53749.0,9
2026-09-03 20:34:00-04:00,53749.0,53749.0,53749.0,53748.0,53748.0,2
2026-09-03 20:35:00-04:00,53750.0,53750.0,53752.0,53750.0,53752.0,8
2026-09-03 20:36:00-04:00,53751.0,53751.0,53751.0,53749.0,53749.0,10
2026-09-03 20:37:00-04:00,53752.0,53752.0,53752.0,53751.0,53752.0,9
2026-09-03 20:38:00-04:00,53752.0,53752.0,53752.0,53752.0,53752.0,3
2026-09-03 20:39:00-04:00,53758.0,53758.0,53758.0,53755.0,53755.0,6
2026-09-03 20:40:00-04:00,53758.0,53758.0,53758.0,53755.0,53756.0,6
2026-09-03 20:41:00-04:00,53755.0,53755.0,53759.0,53755.0,53759.0,10
2026-09-03 20:42:00-04:00,53755.0,53755.0,53756.0,53754.0,53754.0,10
2026-09-03 20:43:00-04:00,53758.0,53758.0,53758.0,53754.0,53754.0,15
2026-09-03 20:44:00-04:00,53757.0,53757.0,53757.0,53757.0,53757.0,2
2026-09-03 20:45:00-04:00,53761.0,53761.0,53764.0,53757.0,53758.0,17
2026-09-03 20:46:00-04:00,53763.0,53763.0,53763.0,53761.0,53761.0,16
2026-09-03 20:47:00-04:00,53763.0,53763.0,53763.0,53756.0,53762.0,34
2026-09-03 20:48:00-04:00,53763.0,53763.0,53765.0,53763.0,53763.0,4
2026-09-03 20:49:00-04:00,53763.0,53763.0,53763.0,53762.0,53763.0,11
2026-09-03 20:50:00-04:00,53762.0,53762.0,53762.0,53759.0,53761.0,13
2026-09-03 20:51:00-04:00,53763.0,53763.0,53763.0,53762.0,53763.0,7
2026-09-03 20:52:00-04:00,53766.0,53766.0,53766.0,53764.0,53764.0,4
2026-09-03 20:53:00-04:00,53768.0,53768.0,53772.0,53768.0,53768.0,11
2026-09-03 20:54:00-04:00,53768.0,53768.0,53768.0,53768.0,53768.0,1
2026-09-03 20:55:00-04:00,53769.0,53769.0,53769.0,53766.0,53767.0,7
2026-09-03 20:56:00-04:00,53768.0,53768.0,53768.0,53767.0,53767.0,5
2026-09-03 20:57:00-04:00,53767.0,53767.0,53768.0,53767.0,53768.0,5
2026-09-03 20:58:00-04:00,53768.0,53768.0,53768.0,53767.0,53767.0,5
2026-09-03 20:59:00-04:00,53768.0,53768.0,53768.0,53768.0,53768.0,1
2026-09-03 21:00:00-04:00,53764.0,53764.0,53766.0,53763.0,53766.0,16
2026-09-03 21:01:00-04:00,53764.0,53764.0,53766.0,53761.0,53762.0,11
2026-09-03 21:02:00-04:00,53758.0,53758.0,53763.0,53758.0,53763.0,3
2026-09-03 21:03:00-04:00,53757.0,53757.0,53759.0,53757.0,53757.0,6
2026-09-03 21:04:00-04:00,53755.0,53755.0,53758.0,53755.0,53758.0,3
2026-09-03 21:05:00-04:00,53753.0,53753.0,53756.0,53753.0,53756.0,8
2026-09-03 21:06:00-04:00,53755.0,53755.0,53755.0,53753.0,53753.0,2
2026-09-03 21:07:00-04:00,53758.0,53758.0,53759.0,53758.0,53759.0,5
2026-09-03 21:08:00-04:00,53758.0,53758.0,53758.0,53757.0,53757.0,3
2026-09-03 21:09:00-04:00,53760.0,53760.0,53761.0,53757.0,53757.0,14
2026-09-03 21:10:00-04:00,53763.0,53763.0,53763.0,53761.0,53762.0,6
2026-09-03 21:11:00-04:00,53764.0,53764.0,53767.0,53763.0,53763.0,26
2026-09-03 21:12:00-04:00,53765.0,53765.0,53765.0,53764.0,53765.0,9
2026-09-03 21:13:00-04:00,53757.0,53757.0,53764.0,53757.0,53764.0,31
2026-09-03 21:14:00-04:00,53756.0,53756.0,53756.0,53756.0,53756.0,3
2026-09-03 21:15:00-04:00,53759.0,53759.0,53760.0,53755.0,53755.0,9
2026-09-03 21:16:00-04:00,53757.0,53757.0,53758.0,53754.0,53757.0,9
2026-09-03 21:17:00-04:00,53759.0,53759.0,53759.0,53759.0,53759.0,1
2026-09-03 21:18:00-04:00,53759.0,53759.0,53761.0,53759.0,53761.0,7
2026-09-03 21:19:00-04:00,53758.0,53758.0,53758.0,53758.0,53758.0,1
2026-09-03 21:20:00-04:00,53761.0,53761.0,53761.0,53758.0,53758.0,8
2026-09-03 21:21:00-04:00,53763.0,53763.0,53763.0,53759.0,53762.0,10
2026-09-03 21:22:00-04:00,53764.0,53764.0,53765.0,53764.0,53764.0,3
2026-09-03 21:23:00-04:00,53767.0,53767.0,53767.0,53767.0,53767.0,2
2026-09-03 21:24:00-04:00,53765.0,53765.0,53769.0,53765.0,53769.0,14
2026-09-03 21:25:00-04:00,53764.0,53764.0,53764.0,53764.0,53764.0,1
2026-09-03 21:26:00-04:00,53761.0,53761.0,53761.0,53761.0,53761.0,1
2026-09-03 21:27:00-04:00,53757.0,53757.0,53758.0,53756.0,53757.0,6
2026-09-03 21:28:00-04:00,53761.0,53761.0,53761.0,53759.0,53759.0,5
2026-09-03 21:29:00-04:00,53760.0,53760.0,53762.0,53760.0,53762.0,3
2026-09-03 21:30:00-04:00,53759.0,53759.0,53760.0,53757.0,53757.0,5
2026-09-03 21:31:00-04:00,53759.0,53759.0,53761.0,53759.0,53761.0,2
2026-09-03 21:32:00-04:00,53758.0,53758.0,53758.0,53756.0,53756.0,2
2026-09-03 21:33:00-04:00,53759.0,53759.0,53760.0,53757.0,53760.0,9
2026-09-03 21:34:00-04:00,53759.0,53759.0,53759.0,53756.0,53759.0,16
2026-09-03 21:35:00-04:00,53762.0,53762.0,53762.0,53759.0,53759.0,2
2026-09-03 21:36:00-04:00,53767.0,53767.0,53767.0,53761.0,53761.0,4
2026-09-03 21:37:00-04:00,53763.0,53763.0,53767.0,53763.0,53767.0,4
2026-09-03 21:38:00-04:00,53758.0,53758.0,53759.0,53758.0,53759.0,2
2026-09-03 21:39:00-04:00,53758.0,53758.0,53759.0,53758.0,53758.0,6
2026-09-03 21:40:00-04:00,53757.0,53757.0,53762.0,53757.0,53760.0,7
2026-09-03 21:41:00-04:00,53762.0,53762.0,53762.0,53762.0,53762.0,1
2026-09-03 21:42:00-04:00,53763.0,53763.0,53764.0,53762.0,53762.0,10
2026-09-03 21:43:00-04:00,53762.0,53762.0,53762.0,53762.0,53762.0,2
2026-09-03 21:44:00-04:00,53767.0,53767.0,53767.0,53764.0,53764.0,3
2026-09-03 21:45:00-04:00,53766.0,53766.0,53767.0,53765.0,53765.0,4
2026-09-03 21:46:00-04:00,53764.0,53764.0,53764.0,53764.0,53764.0,2
2026-09-03 21:47:00-04:00,53764.0,53764.0,53764.0,53764.0,53764.0,1
2026-09-03 21:48:00-04:00,53763.0,53763.0,53766.0,53763.0,53766.0,3
2026-09-03 21:49:00-04:00,53759.0,53759.0,53764.0,53759.0,53764.0,5
2026-09-03 21:50:00-04:00,53759.0,53759.0,53761.0,53757.0,53760.0,7
2026-09-03 21:51:00-04:00,53756.0,53756.0,53758.0,53756.0,53758.0,4
2026-09-03 21:52:00-04:00,53759.0,53759.0,53759.0,53758.0,53758.0,2
2026-09-03 21:53:00-04:00,53760.0,53760.0,53760.0,53760.0,53760.0,1
2026-09-03 21:55:00-04:00,53755.0,53755.0,53757.0,53753.0,53757.0,10
2026-09-03 21:56:00-04:00,53756.0,53756.0,53756.0,53755.0,53756.0,6
2026-09-03 21:57:00-04:00,53760.0,53760.0,53760.0,53756.0,53757.0,10
2026-09-03 21:58:00-04:00,53761.0,53761.0,53761.0,53759.0,53760.0,12
2026-09-03 21:59:00-04:00,53760.0,53760.0,53760.0,53760.0,53760.0,2
2026-09-03 22:00:00-04:00,53760.0,53760.0,53761.0,53760.0,53761.0,11
2026-09-03 22:01:00-04:00,53758.0,53758.0,53761.0,53756.0,53761.0,9
2026-09-03 22:02:00-04:00,53759.0,53759.0,53759.0,53759.0,53759.0,1
2026-09-03 22:03:00-04:00,53766.0,53766.0,53767.0,53764.0,53764.0,3
2026-09-03 22:04:00-04:00,53763.0,53763.0,53765.0,53763.0,53764.0,17
2026-09-03 22:05:00-04:00,53759.0,53759.0,53760.0,53759.0,53760.0,2
2026-09-03 22:06:00-04:00,53761.0,53761.0,53761.0,53761.0,53761.0,1
2026-09-03 22:07:00-04:00,53761.0,53761.0,53763.0,53761.0,53763.0,4
2026-09-03 22:09:00-04:00,53763.0,53763.0,53763.0,53763.0,53763.0,1
2026-09-03 22:10:00-04:00,53763.0,53763.0,53763.0,53763.0,53763.0,1
2026-09-03 22:12:00-04:00,53766.0,53766.0,53766.0,53766.0,53766.0,2
2026-09-03 22:13:00-04:00,53764.0,53764.0,53764.0,53764.0,53764.0,1
2026-09-03 22:14:00-04:00,53764.0,53764.0,53765.0,53763.0,53765.0,4
2026-09-03 22:15:00-04:00,53763.0,53763.0,53765.0,53763.0,53763.0,3
2026-09-03 22:18:00-04:00,53759.0,53759.0,53761.0,53759.0,53761.0,5
2026-09-03 22:19:00-04:00,53764.0,53764.0,53764.0,53764.0,53764.0,1
2026-09-03 22:21:00-04:00,53762.0,53762.0,53764.0,53762.0,53764.0,5
2026-09-03 22:22:00-04:00,53764.0,53764.0,53764.0,53762.0,53762.0,4
2026-09-03 22:24:00-04:00,53765.0,53765.0,53765.0,53764.0,53764.0,3
2026-09-03 22:25:00-04:00,53768.0,53768.0,53768.0,53768.0,53768.0,2
2026-09-03 22:26:00-04:00,53766.0,53766.0,53766.0,53766.0,53766.0,1
2026-09-03 22:30:00-04:00,53766.0,53766.0,53769.0,53766.0,53766.0,13
2026-09-03 22:32:00-04:00,53763.0,53763.0,53765.0,53763.0,53765.0,4
2026-09-03 22:33:00-04:00,53766.0,53766.0,53766.0,53766.0,53766.0,1
2026-09-03 22:34:00-04:00,53761.0,53761.0,53764.0,53761.0,53764.0,4
2026-09-03 22:35:00-04:00,53758.0,53758.0,53758.0,53755.0,53756.0,6
2026-09-03 22:38:00-04:00,53761.0,53761.0,53761.0,53761.0,53761.0,2
2026-09-03 22:39:00-04:00,53763.0,53763.0,53763.0,53761.0,53761.0,2
2026-09-03 22:41:00-04:00,53765.0,53765.0,53765.0,53765.0,53765.0,1
2026-09-03 22:42:00-04:00,53764.0,53764.0,53764.0,53764.0,53764.0,1
2026-09-03 22:43:00-04:00,53761.0,53761.0,53762.0,53761.0,53762.0,3
2026-09-03 22:44:00-04:00,53760.0,53760.0,53761.0,53760.0,53761.0,7
2026-09-03 22:45:00-04:00,53760.0,53760.0,53760.0,53756.0,53758.0,9
2026-09-03 22:46:00-04:00,53760.0,53760.0,53761.0,53760.0,53761.0,2
2026-09-03 22:48:00-04:00,53762.0,53762.0,53763.0,53762.0,53763.0,5
2026-09-03 22:49:00-04:00,53763.0,53763.0,53763.0,53763.0,53763.0,1
2026-09-03 22:50:00-04:00,53764.0,53764.0,53764.0,53762.0,53762.0,3
2026-09-03 22:51:00-04:00,53763.0,53763.0,53763.0,53762.0,53762.0,2
2026-09-03 22:52:00-04:00,53761.0,53761.0,53763.0,53761.0,53763.0,2
2026-09-03 22:54:00-04:00,53762.0,53762.0,53764.0,53762.0,53762.0,7
2026-09-03 22:55:00-04:00,53764.0,53764.0,53764.0,53764.0,53764.0,2
2026-09-03 22:56:00-04:00,53763.0,53763.0,53763.0,53763.0,53763.0,1
2026-09-03 22:57:00-04:00,53765.0,53765.0,53765.0,53763.0,53764.0,4
2026-09-03 22:58:00-04:00,53764.0,53764.0,53764.0,53764.0,53764.0,1
2026-09-03 22:59:00-04:00,53763.0,53763.0,53764.0,53763.0,53764.0,2
2026-09-03 23:00:00-04:00,53760.0,53760.0,53764.0,53759.0,53764.0,8
2026-09-03 23:01:00-04:00,53760.0,53760.0,53760.0,53759.0,53759.0,5
2026-09-03 23:02:00-04:00,53761.0,53761.0,53761.0,53761.0,53761.0,1
2026-09-03 23:03:00-04:00,53762.0,53762.0,53762.0,53762.0,53762.0,1
2026-09-03 23:06:00-04:00,53760.0,53760.0,53760.0,53760.0,53760.0,1
2026-09-03 23:09:00-04:00,53758.0,53758.0,53759.0,53758.0,53759.0,2
2026-09-03 23:11:00-04:00,53755.0,53755.0,53755.0,53754.0,53755.0,3
2026-09-03 23:12:00-04:00,53755.0,53755.0,53755.0,53755.0,53755.0,3
2026-09-03 23:13:00-04:00,53755.0,53755.0,53755.0,53755.0,53755.0,2
2026-09-03 23:14:00-04:00,53753.0,53753.0,53756.0,53751.0,53756.0,15
2026-09-03 23:15:00-04:00,53755.0,53755.0,53755.0,53753.0,53754.0,11
2026-09-03 23:16:00-04:00,53755.0,53755.0,53756.0,53753.0,53755.0,8
2026-09-03 23:17:00-04:00,53752.0,53752.0,53752.0,53752.0,53752.0,5
2026-09-03 23:18:00-04:00,53751.0,53751.0,53753.0,53750.0,53751.0,20
2026-09-03 23:19:00-04:00,53751.0,53751.0,53754.0,53751.0,53752.0,10
2026-09-03 23:20:00-04:00,53752.0,53752.0,53753.0,53749.0,53750.0,14
2026-09-03 23:21:00-04:00,53753.0,53753.0,53753.0,53752.0,53752.0,4
2026-09-03 23:22:00-04:00,53752.0,53752.0,53752.0,53752.0,53752.0,2
2026-09-03 23:23:00-04:00,53752.0,53752.0,53753.0,53751.0,53753.0,3
2026-09-03 23:24:00-04:00,53749.0,53749.0,53750.0,53748.0,53750.0,7
2026-09-03 23:25:00-04:00,53748.0,53748.0,53749.0,53748.0,53749.0,3
2026-09-03 23:26:00-04:00,53749.0,53749.0,53749.0,53749.0,53749.0,2
2026-09-03 23:27:00-04:00,53747.0,53747.0,53747.0,53746.0,53746.0,2
2026-09-03 23:28:00-04:00,53746.0,53746.0,53746.0,53746.0,53746.0,2
2026-09-03 23:29:00-04:00,53743.0,53743.0,53744.0,53743.0,53744.0,4
2026-09-03 23:30:00-04:00,53751.0,53751.0,53752.0,53744.0,53744.0,9
2026-09-03 23:31:00-04:00,53750.0,53750.0,53752.0,53750.0,53752.0,8
2026-09-03 23:32:00-04:00,53748.0,53748.0,53751.0,53748.0,53751.0,7
2026-09-03 23:33:00-04:00,53747.0,53747.0,53749.0,53747.0,53749.0,4
2026-09-03 23:34:00-04:00,53749.0,53749.0,53749.0,53749.0,53749.0,1
2026-09-03 23:35:00-04:00,53752.0,53752.0,53752.0,53750.0,53750.0,6
2026-09-03 23:36:00-04:00,53753.0,53753.0,53753.0,53753.0,53753.0,3
2026-09-03 23:37:00-04:00,53751.0,53751.0,53753.0,53749.0,53753.0,7
2026-09-03 23:39:00-04:00,53752.0,53752.0,53752.0,53751.0,53751.0,2
2026-09-03 23:40:00-04:00,53750.0,53750.0,53750.0,53750.0,53750.0,1
2026-09-03 23:41:00-04:00,53750.0,53750.0,53750.0,53750.0,53750.0,1
2026-09-03 23:42:00-04:00,53748.0,53748.0,53749.0,53748.0,53749.0,2
2026-09-03 23:43:00-04:00,53749.0,53749.0,53749.0,53749.0,53749.0,2
2026-09-03 23:45:00-04:00,53746.0,53746.0,53746.0,53746.0,53746.0,2
2026-09-03 23:47:00-04:00,53742.0,53742.0,53742.0,53741.0,53741.0,4
2026-09-03 23:48:00-04:00,53742.0,53742.0,53744.0,53742.0,53744.0,3
2026-09-03 23:49:00-04:00,53744.0,53744.0,53744.0,53744.0,53744.0,2
2026-09-03 23:51:00-04:00,53743.0,53743.0,53744.0,53743.0,53744.0,4
2026-09-03 23:52:00-04:00,53742.0,53742.0,53742.0,53742.0,53742.0,1
2026-09-03 23:53:00-04:00,53742.0,53742.0,53742.0,53741.0,53741.0,2
2026-09-03 23:54:00-04:00,53743.0,53743.0,53743.0,53743.0,53743.0,2
2026-09-03 23:55:00-04:00,53742.0,53742.0,53743.0,53742.0,53743.0,6
2026-09-03 23:56:00-04:00,53744.0,53744.0,53744.0,53743.0,53743.0,3
2026-09-03 23:58:00-04:00,53745.0,53745.0,53745.0,53744.0,53744.0,4
2026-09-04 00:00:00-04:00,53740.0,53740.0,53742.0,53740.0,53742.0,8
2026-09-04 00:01:00-04:00,53744.0,53744.0,53747.0,53741.0,53741.0,24
2026-09-04 00:02:00-04:00,53739.0,53739.0,53744.0,53739.0,53744.0,8
2026-09-04 00:03:00-04:00,53741.0,53741.0,53742.0,53738.0,53739.0,7
2026-09-04 00:04:00-04:00,53738.0,53738.0,53738.0,53738.0,53738.0,1
2026-09-04 00:05:00-04:00,53737.0,53737.0,53738.0,53737.0,53738.0,3
2026-09-04 00:06:00-04:00,53734.0,53734.0,53737.0,53734.0,53737.0,2
2026-09-04 00:08:00-04:00,53736.0,53736.0,53736.0,53734.0,53734.0,8
2026-09-04 00:09:00-04:00,53737.0,53737.0,53737.0,53736.0,53736.0,2
2026-09-04 00:10:00-04:00,53740.0,53740.0,53740.0,53740.0,53740.0,1
2026-09-04 00:13:00-04:00,53744.0,53744.0,53745.0,53743.0,53743.0,3
2026-09-04 00:14:00-04:00,53748.0,53748.0,53748.0,53745.0,53745.0,2
2026-09-04 00:15:00-04:00,53747.0,53747.0,53747.0,53746.0,53747.0,4
2026-09-04 00:17:00-04:00,53746.0,53746.0,53746.0,53745.0,53745.0,2
2026-09-04 00:18:00-04:00,53745.0,53745.0,53745.0,53745.0,53745.0,1
2026-09-04 00:21:00-04:00,53750.0,53750.0,53750.0,53750.0,53750.0,1
2026-09-04 00:22:00-04:00,53751.0,53751.0,53751.0,53751.0,53751.0,1
2026-09-04 00:23:00-04:00,53751.0,53751.0,53752.0,53751.0,53751.0,3
2026-09-04 00:24:00-04:00,53751.0,53751.0,53752.0,53751.0,53751.0,6
2026-09-04 00:25:00-04:00,53748.0,53748.0,53748.0,53748.0,53748.0,1
2026-09-04 00:26:00-04:00,53750.0,53750.0,53750.0,53749.0,53749.0,4
2026-09-04 00:27:00-04:00,53751.0,53751.0,53752.0,53748.0,53748.0,10
2026-09-04 00:28:00-04:00,53753.0,53753.0,53753.0,53752.0,53752.0,5
2026-09-04 00:29:00-04:00,53756.0,53756.0,53756.0,53754.0,53754.0,8
2026-09-04 00:30:00-04:00,53758.0,53758.0,53759.0,53755.0,53755.0,32
2026-09-04 00:31:00-04:00,53756.0,53756.0,53758.0,53756.0,53757.0,11
2026-09-04 00:32:00-04:00,53751.0,53751.0,53756.0,53751.0,53756.0,8
2026-09-04 00:33:00-04:00,53753.0,53753.0,53755.0,53753.0,53754.0,5
2026-09-04 00:34:00-04:00,53755.0,53755.0,53755.0,53755.0,53755.0,1
2026-09-04 00:35:00-04:00,53757.0,53757.0,53757.0,53757.0,53757.0,1
2026-09-04 00:36:00-04:00,53757.0,53757.0,53757.0,53757.0,53757.0,1
2026-09-04 00:37:00-04:00,53758.0,53758.0,53760.0,53758.0,53759.0,5
2026-09-04 00:38:00-04:00,53755.0,53755.0,53755.0,53755.0,53755.0,3
2026-09-04 00:39:00-04:00,53752.0,53752.0,53753.0,53752.0,53753.0,3
2026-09-04 00:40:00-04:00,53751.0,53751.0,53752.0,53751.0,53752.0,2
2026-09-04 00:41:00-04:00,53752.0,53752.0,53752.0,53750.0,53751.0,7
2026-09-04 00:45:00-04:00,53754.0,53754.0,53754.0,53754.0,53754.0,1
2026-09-04 00:46:00-04:00,53754.0,53754.0,53754.0,53754.0,53754.0,1
2026-09-04 00:47:00-04:00,53753.0,53753.0,53753.0,53753.0,53753.0,1
2026-09-04 00:48:00-04:00,53753.0,53753.0,53756.0,53753.0,53755.0,3
2026-09-04 00:49:00-04:00,53753.0,53753.0,53753.0,53752.0,53752.0,2
2026-09-04 00:50:00-04:00,53754.0,53754.0,53754.0,53754.0,53754.0,2
2026-09-04 00:51:00-04:00,53754.0,53754.0,53754.0,53754.0,53754.0,1
2026-09-04 00:52:00-04:00,53756.0,53756.0,53756.0,53754.0,53754.0,3
2026-09-04 00:53:00-04:00,53754.0,53754.0,53756.0,53754.0,53756.0,2
2026-09-04 00:55:00-04:00,53752.0,53752.0,53753.0,53752.0,53753.0,3
2026-09-04 00:56:00-04:00,53749.0,53749.0,53751.0,53748.0,53750.0,9
2026-09-04 00:57:00-04:00,53751.0,53751.0,53751.0,53749.0,53750.0,5
2026-09-04 00:58:00-04:00,53752.0,53752.0,53752.0,53751.0,53751.0,3
2026-09-04 00:59:00-04:00,53753.0,53753.0,53753.0,53753.0,53753.0,1
2026-09-04 01:00:00-04:00,53756.0,53756.0,53759.0,53756.0,53759.0,8
2026-09-04 01:01:00-04:00,53755.0,53755.0,53755.0,53755.0,53755.0,1
2026-09-04 01:02:00-04:00,53757.0,53757.0,53757.0,53754.0,53755.0,6
2026-09-04 01:03:00-04:00,53759.0,53759.0,53759.0,53757.0,53757.0,7
2026-09-04 01:04:00-04:00,53761.0,53761.0,53761.0,53758.0,53758.0,6
2026-09-04 01:05:00-04:00,53760.0,53760.0,53761.0,53760.0,53761.0,2
2026-09-04 01:06:00-04:00,53760.0,53760.0,53760.0,53759.0,53760.0,6
2026-09-04 01:07:00-04:00,53761.0,53761.0,53761.0,53760.0,53760.0,7
2026-09-04 01:08:00-04:00,53761.0,53761.0,53762.0,53761.0,53762.0,7
2026-09-04 01:09:00-04:00,53760.0,53760.0,53762.0,53760.0,53760.0,10
2026-09-04 01:11:00-04:00,53759.0,53759.0,53760.0,53756.0,53756.0,6
2026-09-04 01:13:00-04:00,53757.0,53757.0,53759.0,53757.0,53759.0,6
2026-09-04 01:14:00-04:00,53758.0,53758.0,53758.0,53758.0,53758.0,3
2026-09-04 01:15:00-04:00,53755.0,53755.0,53759.0,53755.0,53757.0,6
2026-09-04 01:16:00-04:00,53755.0,53755.0,53757.0,53755.0,53756.0,8
2026-09-04 01:17:00-04:00,53755.0,53755.0,53756.0,53755.0,53756.0,11
2026-09-04 01:18:00-04:00,53759.0,53759.0,53759.0,53756.0,53756.0,15
2026-09-04 01:19:00-04:00,53757.0,53757.0,53758.0,53756.0,53758.0,10
2026-09-04 01:20:00-04:00,53757.0,53757.0,53759.0,53757.0,53758.0,6
2026-09-04 01:21:00-04:00,53755.0,53755.0,53757.0,53755.0,53756.0,4
2026-09-04 01:22:00-04:00,53755.0,53755.0,53755.0,53753.0,53753.0,6
2026-09-04 01:23:00-04:00,53755.0,53755.0,53756.0,53755.0,53756.0,7
2026-09-04 01:24:00-04:00,53758.0,53758.0,53758.0,53756.0,53756.0,5
2026-09-04 01:25:00-04:00,53759.0,53759.0,53759.0,53758.0,53758.0,3
2026-09-04 01:26:00-04:00,53760.0,53760.0,53760.0,53760.0,53760.0,1
2026-09-04 01:27:00-04:00,53756.0,53756.0,53758.0,53756.0,53758.0,7
2026-09-04 01:28:00-04:00,53755.0,53755.0,53757.0,53755.0,53755.0,10
2026-09-04 01:29:00-04:00,53753.0,53753.0,53755.0,53753.0,53754.0,8
2026-09-04 01:30:00-04:00,53754.0,53754.0,53755.0,53752.0,53755.0,6
2026-09-04 01:31:00-04:00,53754.0,53754.0,53754.0,53753.0,53753.0,2
2026-09-04 01:32:00-04:00,53757.0,53757.0,53758.0,53756.0,53756.0,6
2026-09-04 01:33:00-04:00,53759.0,53759.0,53760.0,53758.0,53758.0,9
2026-09-04 01:34:00-04:00,53764.0,53764.0,53764.0,53761.0,53762.0,5
2026-09-04 01:35:00-04:00,53766.0,53766.0,53766.0,53764.0,53765.0,22
2026-09-04 01:36:00-04:00,53763.0,53763.0,53764.0,53763.0,53764.0,3
2026-09-04 01:37:00-04:00,53767.0,53767.0,53767.0,53764.0,53764.0,3
2026-09-04 01:38:00-04:00,53765.0,53765.0,53766.0,53764.0,53766.0,8
2026-09-04 01:39:00-04:00,53765.0,53765.0,53767.0,53765.0,53765.0,5
2026-09-04 01:40:00-04:00,53762.0,53762.0,53763.0,53762.0,53763.0,3
2026-09-04 01:41:00-04:00,53760.0,53760.0,53762.0,53760.0,53762.0,16
2026-09-04 01:42:00-04:00,53757.0,53757.0,53758.0,53756.0,53758.0,12
2026-09-04 01:43:00-04:00,53757.0,53757.0,53758.0,53755.0,53757.0,14
2026-09-04 01:44:00-04:00,53756.0,53756.0,53758.0,53756.0,53758.0,6
2026-09-04 01:45:00-04:00,53760.0,53760.0,53761.0,53760.0,53761.0,2
2026-09-04 01:46:00-04:00,53760.0,53760.0,53762.0,53760.0,53762.0,8
2026-09-04 01:47:00-04:00,53757.0,53757.0,53760.0,53756.0,53760.0,17
2026-09-04 01:48:00-04:00,53752.0,53752.0,53758.0,53752.0,53756.0,18
2026-09-04 01:49:00-04:00,53751.0,53751.0,53753.0,53751.0,53751.0,13
2026-09-04 01:50:00-04:00,53746.0,53746.0,53750.0,53746.0,53750.0,19
2026-09-04 01:51:00-04:00,53742.0,53742.0,53747.0,53742.0,53747.0,49
2026-09-04 01:52:00-04:00,53743.0,53743.0,53744.0,53741.0,53742.0,26
2026-09-04 01:53:00-04:00,53742.0,53742.0,53745.0,53739.0,53741.0,44
2026-09-04 01:54:00-04:00,53745.0,53745.0,53745.0,53743.0,53743.0,5
2026-09-04 01:55:00-04:00,53747.0,53747.0,53747.0,53744.0,53746.0,16
2026-09-04 01:56:00-04:00,53750.0,53750.0,53750.0,53745.0,53747.0,16
2026-09-04 01:57:00-04:00,53747.0,53747.0,53749.0,53747.0,53749.0,3
2026-09-04 01:58:00-04:00,53750.0,53750.0,53752.0,53749.0,53749.0,10
2026-09-04 01:59:00-04:00,53754.0,53754.0,53754.0,53751.0,53751.0,2
2026-09-04 02:00:00-04:00,53750.0,53750.0,53752.0,53747.0,53751.0,44
2026-09-04 02:01:00-04:00,53742.0,53742.0,53751.0,53742.0,53751.0,57
2026-09-04 02:02:00-04:00,53742.0,53742.0,53746.0,53741.0,53741.0,17
2026-09-04 02:03:00-04:00,53737.0,53737.0,53740.0,53736.0,53739.0,33
2026-09-04 02:04:00-04:00,53735.0,53735.0,53736.0,53735.0,53736.0,3
2026-09-04 02:05:00-04:00,53738.0,53738.0,53743.0,53736.0,53736.0,34
2026-09-04 02:06:00-04:00,53740.0,53740.0,53740.0,53736.0,53738.0,21
2026-09-04 02:07:00-04:00,53739.0,53739.0,53739.0,53738.0,53739.0,15
2026-09-04 02:08:00-04:00,53742.0,53742.0,53742.0,53739.0,53739.0,8
2026-09-04 02:09:00-04:00,53740.0,53740.0,53744.0,53739.0,53744.0,14
2026-09-04 02:10:00-04:00,53751.0,53751.0,53751.0,53739.0,53739.0,13
2026-09-04 02:11:00-04:00,53751.0,53751.0,53752.0,53749.0,53752.0,6
2026-09-04 02:12:00-04:00,53751.0,53751.0,53752.0,53751.0,53751.0,4
2026-09-04 02:13:00-04:00,53757.0,53757.0,53757.0,53756.0,53756.0,5
2026-09-04 02:14:00-04:00,53760.0,53760.0,53760.0,53759.0,53759.0,4
2026-09-04 02:15:00-04:00,53752.0,53752.0,53757.0,53752.0,53757.0,10
2026-09-04 02:16:00-04:00,53752.0,53752.0,53753.0,53752.0,53753.0,2
2026-09-04 02:17:00-04:00,53746.0,53746.0,53750.0,53746.0,53750.0,5
2026-09-04 02:18:00-04:00,53747.0,53747.0,53747.0,53744.0,53747.0,6
2026-09-04 02:19:00-04:00,53753.0,53753.0,53753.0,53748.0,53749.0,10
2026-09-04 02:20:00-04:00,53755.0,53755.0,53759.0,53754.0,53754.0,6
2026-09-04 02:21:00-04:00,53760.0,53760.0,53760.0,53755.0,53755.0,5
2026-09-04 02:22:00-04:00,53754.0,53754.0,53763.0,53754.0,53763.0,27
2026-09-04 02:23:00-04:00,53756.0,53756.0,53756.0,53754.0,53754.0,7
2026-09-04 02:24:00-04:00,53755.0,53755.0,53758.0,53755.0,53758.0,8
2026-09-04 02:25:00-04:00,53758.0,53758.0,53759.0,53753.0,53754.0,14
2026-09-04 02:26:00-04:00,53759.0,53759.0,53759.0,53759.0,53759.0,1
2026-09-04 02:28:00-04:00,53761.0,53761.0,53761.0,53760.0,53760.0,2
2026-09-04 02:29:00-04:00,53756.0,53756.0,53759.0,53756.0,53759.0,8
2026-09-04 02:30:00-04:00,53750.0,53750.0,53755.0,53750.0,53754.0,13
2026-09-04 02:31:00-04:00,53748.0,53748.0,53756.0,53748.0,53754.0,14
2026-09-04 02:32:00-04:00,53749.0,53749.0,53749.0,53748.0,53748.0,4
2026-09-04 02:33:00-04:00,53750.0,53750.0,53752.0,53750.0,53752.0,5
2026-09-04 02:34:00-04:00,53746.0,53746.0,53748.0,53745.0,53748.0,5
2026-09-04 02:35:00-04:00,53743.0,53743.0,53749.0,53743.0,53749.0,10
2026-09-04 02:36:00-04:00,53741.0,53741.0,53743.0,53739.0,53740.0,19
2026-09-04 02:37:00-04:00,53741.0,53741.0,53744.0,53741.0,53742.0,6
2026-09-04 02:38:00-04:00,53746.0,53746.0,53746.0,53743.0,53743.0,9
2026-09-04 02:39:00-04:00,53747.0,53747.0,53747.0,53745.0,53745.0,17
2026-09-04 02:40:00-04:00,53744.0,53744.0,53747.0,53742.0,53747.0,16
2026-09-04 02:41:00-04:00,53747.0,53747.0,53749.0,53744.0,53744.0,6
2026-09-04 02:42:00-04:00,53748.0,53748.0,53748.0,53747.0,53747.0,6
2026-09-04 02:43:00-04:00,53750.0,53750.0,53750.0,53750.0,53750.0,1
2026-09-04 02:44:00-04:00,53745.0,53745.0,53747.0,53745.0,53747.0,3
2026-09-04 02:45:00-04:00,53743.0,53743.0,53748.0,53743.0,53747.0,4
2026-09-04 02:46:00-04:00,53739.0,53739.0,53744.0,53739.0,53744.0,12
2026-09-04 02:47:00-04:00,53739.0,53739.0,53740.0,53737.0,53740.0,13
2026-09-04 02:48:00-04:00,53738.0,53738.0,53740.0,53737.0,53737.0,3
2026-09-04 02:49:00-04:00,53733.0,53733.0,53737.0,53733.0,53737.0,10
2026-09-04 02:50:00-04:00,53726.0,53726.0,53733.0,53726.0,53731.0,26
2026-09-04 02:51:00-04:00,53725.0,53725.0,53729.0,53725.0,53727.0,8
2026-09-04 02:52:00-04:00,53721.0,53721.0,53723.0,53721.0,53723.0,11
2026-09-04 02:53:00-04:00,53725.0,53725.0,53725.0,53721.0,53721.0,6
2026-09-04 02:54:00-04:00,53722.0,53722.0,53724.0,53722.0,53724.0,6
2026-09-04 02:55:00-04:00,53720.0,53720.0,53722.0,53720.0,53721.0,11
2026-09-04 02:56:00-04:00,53723.0,53723.0,53725.0,53723.0,53724.0,5
2026-09-04 02:57:00-04:00,53720.0,53720.0,53722.0,53720.0,53722.0,6
2026-09-04 02:58:00-04:00,53723.0,53723.0,53723.0,53721.0,53721.0,5
2026-09-04 02:59:00-04:00,53720.0,53720.0,53724.0,53716.0,53721.0,14
2026-09-04 03:00:00-04:00,53712.0,53712.0,53721.0,53710.0,53721.0,50
2026-09-04 03:01:00-04:00,53700.0,53700.0,53713.0,53700.0,53711.0,51
2026-09-04 03:02:00-04:00,53706.0,53706.0,53708.0,53702.0,53702.0,24
2026-09-04 03:03:00-04:00,53693.0,53693.0,53705.0,53692.0,53705.0,72
2026-09-04 03:04:00-04:00,53697.0,53697.0,53706.0,53695.0,53695.0,45
2026-09-04 03:05:00-04:00,53691.0,53691.0,53698.0,53689.0,53697.0,38
2026-09-04 03:06:00-04:00,53697.0,53697.0,53697.0,53689.0,53689.0,16
2026-09-04 03:07:00-04:00,53704.0,53704.0,53704.0,53696.0,53696.0,14
2026-09-04 03:08:00-04:00,53707.0,53707.0,53710.0,53704.0,53704.0,16
2026-09-04 03:09:00-04:00,53708.0,53708.0,53712.0,53708.0,53712.0,23
2026-09-04 03:10:00-04:00,53709.0,53709.0,53709.0,53707.0,53708.0,21
2026-09-04 03:11:00-04:00,53711.0,53711.0,53713.0,53710.0,53711.0,8
2026-09-04 03:12:00-04:00,53714.0,53714.0,53714.0,53710.0,53711.0,17
2026-09-04 03:13:00-04:00,53715.0,53715.0,53716.0,53714.0,53714.0,10
2026-09-04 03:14:00-04:00,53712.0,53712.0,53720.0,53710.0,53716.0,22
2026-09-04 03:15:00-04:00,53710.0,53710.0,53710.0,53708.0,53710.0,9
2026-09-04 03:16:00-04:00,53706.0,53706.0,53710.0,53694.0,53710.0,21
2026-09-04 03:17:00-04:00,53717.0,53717.0,53717.0,53711.0,53711.0,9
2026-09-04 03:18:00-04:00,53719.0,53719.0,53720.0,53714.0,53716.0,14
2026-09-04 03:19:00-04:00,53725.0,53725.0,53725.0,53719.0,53719.0,17
2026-09-04 03:20:00-04:00,53721.0,53721.0,53727.0,53718.0,53726.0,27
2026-09-04 03:21:00-04:00,53718.0,53718.0,53722.0,53716.0,53722.0,12
2026-09-04 03:22:00-04:00,53719.0,53719.0,53719.0,53717.0,53717.0,3
2026-09-04 03:23:00-04:00,53715.0,53715.0,53721.0,53715.0,53717.0,5
2026-09-04 03:24:00-04:00,53720.0,53720.0,53722.0,53720.0,53721.0,5
2026-09-04 03:25:00-04:00,53708.0,53708.0,53716.0,53707.0,53716.0,56
2026-09-04 03:26:00-04:00,53700.0,53700.0,53704.0,53700.0,53704.0,11
2026-09-04 03:27:00-04:00,53709.0,53709.0,53711.0,53699.0,53699.0,55
2026-09-04 03:28:00-04:00,53713.0,53713.0,53715.0,53712.0,53713.0,34
2026-09-04 03:29:00-04:00,53714.0,53714.0,53714.0,53712.0,53713.0,18
2026-09-04 03:30:00-04:00,53719.0,53719.0,53723.0,53717.0,53717.0,23
2026-09-04 03:31:00-04:00,53719.0,53719.0,53725.0,53715.0,53722.0,39
2026-09-04 03:32:00-04:00,53718.0,53718.0,53721.0,53717.0,53721.0,10
2026-09-04 03:33:00-04:00,53731.0,53731.0,53733.0,53725.0,53725.0,17
2026-09-04 03:34:00-04:00,53735.0,53735.0,53737.0,53734.0,53734.0,7
2026-09-04 03:35:00-04:00,53734.0,53734.0,53735.0,53730.0,53730.0,11
2026-09-04 03:36:00-04:00,53730.0,53730.0,53736.0,53729.0,53736.0,18
2026-09-04 03:37:00-04:00,53735.0,53735.0,53735.0,53728.0,53728.0,23
2026-09-04 03:38:00-04:00,53738.0,53738.0,53739.0,53733.0,53733.0,7
2026-09-04 03:39:00-04:00,53738.0,53738.0,53738.0,53738.0,53738.0,1
2026-09-04 03:40:00-04:00,53744.0,53744.0,53745.0,53738.0,53738.0,16
2026-09-04 03:41:00-04:00,53750.0,53750.0,53750.0,53744.0,53744.0,25
2026-09-04 03:42:00-04:00,53751.0,53751.0,53751.0,53746.0,53750.0,19
2026-09-04 03:43:00-04:00,53749.0,53749.0,53750.0,53748.0,53748.0,10
2026-09-04 03:44:00-04:00,53746.0,53746.0,53746.0,53746.0,53746.0,2
2026-09-04 03:45:00-04:00,53746.0,53746.0,53746.0,53744.0,53745.0,5
2026-09-04 03:46:00-04:00,53744.0,53744.0,53746.0,53743.0,53746.0,7
2026-09-04 03:47:00-04:00,53749.0,53749.0,53750.0,53743.0,53744.0,26
2026-09-04 03:48:00-04:00,53751.0,53751.0,53751.0,53750.0,53750.0,9
2026-09-04 03:49:00-04:00,53749.0,53749.0,53751.0,53749.0,53751.0,9
2026-09-04 03:50:00-04:00,53735.0,53735.0,53741.0,53735.0,53741.0,10
2026-09-04 03:51:00-04:00,53731.0,53731.0,53734.0,53727.0,53734.0,12
2026-09-04 03:52:00-04:00,53733.0,53733.0,53734.0,53728.0,53729.0,17
2026-09-04 03:53:00-04:00,53728.0,53728.0,53732.0,53725.0,53732.0,33
2026-09-04 03:54:00-04:00,53723.0,53723.0,53726.0,53723.0,53726.0,2
2026-09-04 03:55:00-04:00,53716.0,53716.0,53721.0,53716.0,53721.0,5
2026-09-04 03:56:00-04:00,53715.0,53715.0,53716.0,53707.0,53711.0,23
2026-09-04 03:57:00-04:00,53712.0,53712.0,53712.0,53708.0,53712.0,11
2026-09-04 03:58:00-04:00,53719.0,53719.0,53719.0,53719.0,53719.0,3
2026-09-04 03:59:00-04:00,53714.0,53714.0,53717.0,53713.0,53717.0,7
2026-09-04 04:00:00-04:00,53712.0,53712.0,53718.0,53706.0,53714.0,34
2026-09-04 04:01:00-04:00,53705.0,53705.0,53714.0,53705.0,53714.0,13
2026-09-04 04:02:00-04:00,53709.0,53709.0,53716.0,53709.0,53710.0,19
2026-09-04 04:03:00-04:00,53709.0,53709.0,53722.0,53707.0,53707.0,70
2026-09-04 04:04:00-04:00,53704.0,53704.0,53711.0,53704.0,53708.0,16
2026-09-04 04:05:00-04:00,53704.0,53704.0,53708.0,53701.0,53702.0,17
2026-09-04 04:06:00-04:00,53708.0,53708.0,53708.0,53702.0,53705.0,22
2026-09-04 04:07:00-04:00,53691.0,53691.0,53703.0,53690.0,53703.0,32
2026-09-04 04:08:00-04:00,53688.0,53688.0,53692.0,53686.0,53691.0,25
2026-09-04 04:09:00-04:00,53689.0,53689.0,53691.0,53687.0,53688.0,19
2026-09-04 04:10:00-04:00,53696.0,53696.0,53700.0,53693.0,53693.0,20
2026-09-04 04:11:00-04:00,53699.0,53699.0,53701.0,53695.0,53698.0,18
2026-09-04 04:12:00-04:00,53701.0,53701.0,53705.0,53700.0,53703.0,12
2026-09-04 04:13:00-04:00,53710.0,53710.0,53711.0,53700.0,53702.0,15
2026-09-04 04:14:00-04:00,53705.0,53705.0,53709.0,53704.0,53709.0,14
2026-09-04 04:15:00-04:00,53708.0,53708.0,53709.0,53702.0,53707.0,18
2026-09-04 04:16:00-04:00,53712.0,53712.0,53714.0,53707.0,53708.0,16
2026-09-04 04:17:00-04:00,53709.0,53709.0,53712.0,53708.0,53712.0,4
2026-09-04 04:18:00-04:00,53705.0,53705.0,53712.0,53705.0,53712.0,11
2026-09-04 04:19:00-04:00,53704.0,53704.0,53704.0,53704.0,53704.0,1
2026-09-04 04:20:00-04:00,53702.0,53702.0,53706.0,53702.0,53704.0,9
2026-09-04 04:21:00-04:00,53701.0,53701.0,53701.0,53696.0,53700.0,11
2026-09-04 04:22:00-04:00,53700.0,53700.0,53702.0,53697.0,53702.0,22
2026-09-04 04:23:00-04:00,53705.0,53705.0,53705.0,53700.0,53700.0,13
2026-09-04 04:24:00-04:00,53702.0,53702.0,53706.0,53701.0,53706.0,11
2026-09-04 04:25:00-04:00,53693.0,53693.0,53702.0,53693.0,53702.0,9
2026-09-04 04:26:00-04:00,53699.0,53699.0,53701.0,53697.0,53697.0,12
2026-09-04 04:27:00-04:00,53703.0,53703.0,53703.0,53694.0,53697.0,14
2026-09-04 04:28:00-04:00,53705.0,53705.0,53706.0,53701.0,53701.0,7
2026-09-04 04:29:00-04:00,53704.0,53704.0,53706.0,53700.0,53704.0,23
2026-09-04 04:30:00-04:00,53712.0,53712.0,53712.0,53706.0,53706.0,12
2026-09-04 04:31:00-04:00,53701.0,53701.0,53704.0,53701.0,53703.0,6
2026-09-04 04:32:00-04:00,53708.0,53708.0,53708.0,53700.0,53702.0,12
2026-09-04 04:33:00-04:00,53709.0,53709.0,53711.0,53705.0,53705.0,14
2026-09-04 04:34:00-04:00,53710.0,53710.0,53711.0,53710.0,53711.0,6
2026-09-04 04:35:00-04:00,53714.0,53714.0,53717.0,53711.0,53712.0,30
2026-09-04 04:36:00-04:00,53707.0,53707.0,53714.0,53707.0,53714.0,10
2026-09-04 04:37:00-04:00,53702.0,53702.0,53706.0,53702.0,53706.0,13
2026-09-04 04:38:00-04:00,53701.0,53701.0,53702.0,53700.0,53701.0,16
2026-09-04 04:39:00-04:00,53706.0,53706.0,53706.0,53698.0,53699.0,11
2026-09-04 04:40:00-04:00,53704.0,53704.0,53705.0,53704.0,53705.0,9
2026-09-04 04:41:00-04:00,53702.0,53702.0,53705.0,53700.0,53705.0,15
2026-09-04 04:42:00-04:00,53708.0,53708.0,53708.0,53699.0,53702.0,15
2026-09-04 04:43:00-04:00,53709.0,53709.0,53712.0,53705.0,53706.0,12
2026-09-04 04:44:00-04:00,53718.0,53718.0,53718.0,53709.0,53709.0,8
2026-09-04 04:45:00-04:00,53720.0,53720.0,53720.0,53715.0,53715.0,10
2026-09-04 04:46:00-04:00,53718.0,53718.0,53718.0,53713.0,53718.0,21
2026-09-04 04:47:00-04:00,53716.0,53716.0,53718.0,53712.0,53716.0,23
2026-09-04 04:48:00-04:00,53715.0,53715.0,53717.0,53712.0,53716.0,9
2026-09-04 04:49:00-04:00,53709.0,53709.0,53717.0,53709.0,53717.0,9
2026-09-04 04:50:00-04:00,53714.0,53714.0,53714.0,53709.0,53709.0,9
2026-09-04 04:51:00-04:00,53712.0,53712.0,53715.0,53712.0,53715.0,4
2026-09-04 04:52:00-04:00,53715.0,53715.0,53719.0,53712.0,53712.0,14
2026-09-04 04:53:00-04:00,53717.0,53717.0,53718.0,53715.0,53715.0,8
2026-09-04 04:54:00-04:00,53724.0,53724.0,53725.0,53718.0,53718.0,13
2026-09-04 04:55:00-04:00,53726.0,53726.0,53729.0,53723.0,53726.0,24
2026-09-04 04:56:00-04:00,53738.0,53738.0,53739.0,53726.0,53726.0,30
2026-09-04 04:57:00-04:00,53736.0,53736.0,53738.0,53736.0,53738.0,8
2026-09-04 04:58:00-04:00,53727.0,53727.0,53733.0,53726.0,53733.0,13
2026-09-04 04:59:00-04:00,53727.0,53727.0,53727.0,53724.0,53726.0,7
2026-09-04 05:00:00-04:00,53723.0,53723.0,53726.0,53721.0,53726.0,12
2026-09-04 05:01:00-04:00,53724.0,53724.0,53725.0,53720.0,53723.0,7
2026-09-04 05:02:00-04:00,53740.0,53740.0,53741.0,53733.0,53733.0,17
2026-09-04 05:03:00-04:00,53746.0,53746.0,53746.0,53738.0,53740.0,11
2026-09-04 05:04:00-04:00,53745.0,53745.0,53746.0,53744.0,53746.0,19
2026-09-04 05:05:00-04:00,53735.0,53735.0,53744.0,53735.0,53744.0,17
2026-09-04 05:06:00-04:00,53728.0,53728.0,53738.0,53728.0,53738.0,12
2026-09-04 05:07:00-04:00,53726.0,53726.0,53731.0,53726.0,53728.0,10
2026-09-04 05:08:00-04:00,53728.0,53728.0,53728.0,53727.0,53728.0,20
2026-09-04 05:09:00-04:00,53729.0,53729.0,53731.0,53728.0,53730.0,14
2026-09-04 05:10:00-04:00,53732.0,53732.0,53732.0,53731.0,53732.0,7
2026-09-04 05:11:00-04:00,53720.0,53720.0,53730.0,53720.0,53730.0,11
2026-09-04 05:12:00-04:00,53722.0,53722.0,53724.0,53720.0,53720.0,11
2026-09-04 05:13:00-04:00,53716.0,53716.0,53718.0,53715.0,53717.0,5
2026-09-04 05:14:00-04:00,53715.0,53715.0,53716.0,53714.0,53714.0,10
2026-09-04 05:15:00-04:00,53713.0,53713.0,53715.0,53709.0,53714.0,40
2026-09-04 05:16:00-04:00,53712.0,53712.0,53714.0,53712.0,53713.0,14
2026-09-04 05:17:00-04:00,53711.0,53711.0,53712.0,53709.0,53710.0,12
2026-09-04 05:18:00-04:00,53708.0,53708.0,53710.0,53706.0,53709.0,8
2026-09-04 05:19:00-04:00,53706.0,53706.0,53706.0,53704.0,53706.0,5
2026-09-04 05:20:00-04:00,53701.0,53701.0,53703.0,53700.0,53703.0,12
2026-09-04 05:21:00-04:00,53693.0,53693.0,53704.0,53693.0,53700.0,15
2026-09-04 05:22:00-04:00,53695.0,53695.0,53695.0,53691.0,53693.0,8
2026-09-04 05:23:00-04:00,53693.0,53693.0,53695.0,53693.0,53693.0,6
2026-09-04 05:24:00-04:00,53689.0,53689.0,53694.0,53689.0,53693.0,5
2026-09-04 05:25:00-04:00,53688.0,53688.0,53689.0,53685.0,53689.0,32
2026-09-04 05:26:00-04:00,53694.0,53694.0,53694.0,53689.0,53689.0,13
2026-09-04 05:27:00-04:00,53703.0,53703.0,53703.0,53694.0,53694.0,15
2026-09-04 05:28:00-04:00,53698.0,53698.0,53704.0,53698.0,53703.0,5
2026-09-04 05:29:00-04:00,53698.0,53698.0,53698.0,53697.0,53697.0,4
2026-09-04 05:30:00-04:00,53697.0,53697.0,53698.0,53697.0,53698.0,3
2026-09-04 05:31:00-04:00,53698.0,53698.0,53698.0,53698.0,53698.0,2
2026-09-04 05:32:00-04:00,53698.0,53698.0,53699.0,53696.0,53699.0,9
2026-09-04 05:33:00-04:00,53699.0,53699.0,53699.0,53699.0,53699.0,1
2026-09-04 05:34:00-04:00,53698.0,53698.0,53699.0,53695.0,53696.0,6
2026-09-04 05:35:00-04:00,53696.0,53696.0,53696.0,53692.0,53692.0,3
2026-09-04 05:36:00-04:00,53697.0,53697.0,53697.0,53697.0,53697.0,1
2026-09-04 05:37:00-04:00,53701.0,53701.0,53701.0,53697.0,53697.0,8
2026-09-04 05:38:00-04:00,53705.0,53705.0,53706.0,53702.0,53702.0,10
2026-09-04 05:39:00-04:00,53705.0,53705.0,53705.0,53705.0,53705.0,1
2026-09-04 05:40:00-04:00,53712.0,53712.0,53713.0,53705.0,53705.0,8
2026-09-04 05:41:00-04:00,53709.0,53709.0,53712.0,53709.0,53712.0,3
2026-09-04 05:42:00-04:00,53707.0,53707.0,53710.0,53707.0,53710.0,4
2026-09-04 05:43:00-04:00,53703.0,53703.0,53705.0,53703.0,53705.0,6
2026-09-04 05:44:00-04:00,53698.0,53698.0,53701.0,53698.0,53701.0,10
2026-09-04 05:45:00-04:00,53698.0,53698.0,53700.0,53695.0,53700.0,11
2026-09-04 05:46:00-04:00,53695.0,53695.0,53698.0,53695.0,53696.0,8
2026-09-04 05:47:00-04:00,53696.0,53696.0,53699.0,53695.0,53695.0,9
2026-09-04 05:48:00-04:00,53696.0,53696.0,53697.0,53696.0,53696.0,3
2026-09-04 05:49:00-04:00,53698.0,53698.0,53700.0,53697.0,53698.0,11
2026-09-04 05:50:00-04:00,53695.0,53695.0,53700.0,53695.0,53700.0,12
2026-09-04 05:51:00-04:00,53694.0,53694.0,53697.0,53694.0,53697.0,6
2026-09-04 05:52:00-04:00,53698.0,53698.0,53698.0,53694.0,53695.0,45
2026-09-04 05:53:00-04:00,53695.0,53695.0,53698.0,53695.0,53697.0,4
2026-09-04 05:54:00-04:00,53691.0,53691.0,53699.0,53691.0,53695.0,22
2026-09-04 05:55:00-04:00,53692.0,53692.0,53693.0,53690.0,53691.0,21
2026-09-04 05:56:00-04:00,53705.0,53705.0,53705.0,53698.0,53698.0,19
2026-09-04 05:57:00-04:00,53701.0,53701.0,53704.0,53701.0,53703.0,7
2026-09-04 05:58:00-04:00,53694.0,53694.0,53694.0,53688.0,53693.0,12
2026-09-04 05:59:00-04:00,53690.0,53690.0,53694.0,53690.0,53694.0,7
2026-09-04 06:00:00-04:00,53684.0,53684.0,53694.0,53683.0,53692.0,20
2026-09-04 06:01:00-04:00,53681.0,53681.0,53686.0,53678.0,53683.0,38
2026-09-04 06:02:00-04:00,53685.0,53685.0,53685.0,53680.0,53682.0,11
2026-09-04 06:03:00-04:00,53692.0,53692.0,53692.0,53686.0,53687.0,8
2026-09-04 06:04:00-04:00,53688.0,53688.0,53692.0,53688.0,53691.0,7
2026-09-04 06:05:00-04:00,53688.0,53688.0,53689.0,53687.0,53687.0,11
2026-09-04 06:06:00-04:00,53688.0,53688.0,53692.0,53688.0,53692.0,4
2026-09-04 06:07:00-04:00,53695.0,53695.0,53697.0,53691.0,53691.0,17
2026-09-04 06:08:00-04:00,53699.0,53699.0,53699.0,53693.0,53694.0,7
2026-09-04 06:09:00-04:00,53702.0,53702.0,53702.0,53696.0,53699.0,4
2026-09-04 06:10:00-04:00,53698.0,53698.0,53703.0,53696.0,53701.0,16
2026-09-04 06:11:00-04:00,53701.0,53701.0,53704.0,53697.0,53698.0,16
2026-09-04 06:12:00-04:00,53706.0,53706.0,53707.0,53703.0,53703.0,7
2026-09-04 06:13:00-04:00,53700.0,53700.0,53701.0,53695.0,53701.0,13
2026-09-04 06:14:00-04:00,53702.0,53702.0,53702.0,53701.0,53701.0,3
2026-09-04 06:15:00-04:00,53702.0,53702.0,53702.0,53699.0,53702.0,11
2026-09-04 06:16:00-04:00,53705.0,53705.0,53705.0,53697.0,53700.0,12
2026-09-04 06:17:00-04:00,53699.0,53699.0,53701.0,53697.0,53701.0,9
2026-09-04 06:18:00-04:00,53704.0,53704.0,53704.0,53697.0,53697.0,10
2026-09-04 06:19:00-04:00,53706.0,53706.0,53706.0,53702.0,53703.0,6
2026-09-04 06:20:00-04:00,53709.0,53709.0,53710.0,53707.0,53707.0,11
2026-09-04 06:21:00-04:00,53703.0,53703.0,53708.0,53703.0,53708.0,4
2026-09-04 06:22:00-04:00,53699.0,53699.0,53699.0,53699.0,53699.0,3
2026-09-04 06:23:00-04:00,53700.0,53700.0,53701.0,53699.0,53700.0,8
2026-09-04 06:24:00-04:00,53698.0,53698.0,53700.0,53696.0,53699.0,6
2026-09-04 06:25:00-04:00,53716.0,53716.0,53727.0,53697.0,53697.0,98
2026-09-04 06:26:00-04:00,53694.0,53694.0,53718.0,53691.0,53714.0,53
2026-09-04 06:27:00-04:00,53703.0,53703.0,53703.0,53695.0,53697.0,18
2026-09-04 06:28:00-04:00,53698.0,53698.0,53701.0,53698.0,53701.0,14
2026-09-04 06:29:00-04:00,53693.0,53693.0,53693.0,53690.0,53690.0,4
2026-09-04 06:30:00-04:00,53685.0,53685.0,53693.0,53685.0,53691.0,19
2026-09-04 06:31:00-04:00,53680.0,53680.0,53689.0,53680.0,53687.0,31
2026-09-04 06:32:00-04:00,53676.0,53676.0,53684.0,53676.0,53682.0,14
2026-09-04 06:33:00-04:00,53670.0,53670.0,53675.0,53669.0,53675.0,28
2026-09-04 06:34:00-04:00,53668.0,53668.0,53671.0,53668.0,53668.0,19
2026-09-04 06:35:00-04:00,53668.0,53668.0,53672.0,53664.0,53668.0,25
2026-09-04 06:36:00-04:00,53665.0,53665.0,53670.0,53663.0,53670.0,13
2026-09-04 06:37:00-04:00,53666.0,53666.0,53670.0,53666.0,53668.0,16
2026-09-04 06:38:00-04:00,53672.0,53672.0,53672.0,53667.0,53668.0,6
2026-09-04 06:39:00-04:00,53681.0,53681.0,53681.0,53673.0,53673.0,14
2026-09-04 06:40:00-04:00,53677.0,53677.0,53680.0,53677.0,53680.0,8
2026-09-04 06:41:00-04:00,53685.0,53685.0,53687.0,53679.0,53679.0,27
2026-09-04 06:42:00-04:00,53691.0,53691.0,53692.0,53686.0,53686.0,16
2026-09-04 06:43:00-04:00,53697.0,53697.0,53697.0,53694.0,53694.0,5
2026-09-04 06:44:00-04:00,53690.0,53690.0,53694.0,53690.0,53694.0,4
2026-09-04 06:45:00-04:00,53696.0,53696.0,53699.0,53693.0,53693.0,8
2026-09-04 06:46:00-04:00,53703.0,53703.0,53704.0,53694.0,53694.0,20
2026-09-04 06:47:00-04:00,53708.0,53708.0,53708.0,53704.0,53704.0,7
2026-09-04 06:48:00-04:00,53707.0,53707.0,53709.0,53707.0,53708.0,13
2026-09-04 06:49:00-04:00,53703.0,53703.0,53707.0,53703.0,53705.0,7
2026-09-04 06:50:00-04:00,53708.0,53708.0,53711.0,53708.0,53711.0,2
2026-09-04 06:51:00-04:00,53698.0,53698.0,53707.0,53698.0,53705.0,12
2026-09-04 06:52:00-04:00,53704.0,53704.0,53709.0,53698.0,53698.0,20
2026-09-04 06:53:00-04:00,53697.0,53697.0,53697.0,53697.0,53697.0,1
2026-09-04 06:54:00-04:00,53700.0,53700.0,53700.0,53698.0,53698.0,7
2026-09-04 06:55:00-04:00,53696.0,53696.0,53696.0,53696.0,53696.0,2
2026-09-04 06:56:00-04:00,53697.0,53697.0,53698.0,53697.0,53698.0,7
2026-09-04 06:57:00-04:00,53696.0,53696.0,53697.0,53696.0,53697.0,14
2026-09-04 06:58:00-04:00,53700.0,53700.0,53702.0,53692.0,53694.0,35
2026-09-04 06:59:00-04:00,53699.0,53699.0,53701.0,53697.0,53701.0,10
2026-09-04 07:00:00-04:00,53703.0,53703.0,53703.0,53696.0,53698.0,23
2026-09-04 07:01:00-04:00,53690.0,53690.0,53700.0,53690.0,53700.0,25
2026-09-04 07:02:00-04:00,53684.0,53684.0,53690.0,53683.0,53690.0,17
2026-09-04 07:03:00-04:00,53679.0,53679.0,53686.0,53679.0,53686.0,12
2026-09-04 07:04:00-04:00,53683.0,53683.0,53687.0,53679.0,53681.0,21
2026-09-04 07:05:00-04:00,53692.0,53692.0,53692.0,53683.0,53683.0,19
2026-09-04 07:06:00-04:00,53691.0,53691.0,53692.0,53690.0,53692.0,13
2026-09-04 07:07:00-04:00,53687.0,53687.0,53690.0,53685.0,53690.0,6
2026-09-04 07:08:00-04:00,53696.0,53696.0,53696.0,53695.0,53695.0,3
2026-09-04 07:09:00-04:00,53692.0,53692.0,53695.0,53691.0,53695.0,9
2026-09-04 07:10:00-04:00,53688.0,53688.0,53694.0,53688.0,53693.0,6
2026-09-04 07:11:00-04:00,53680.0,53680.0,53688.0,53678.0,53686.0,21
2026-09-04 07:12:00-04:00,53687.0,53687.0,53687.0,53681.0,53681.0,11
2026-09-04 07:13:00-04:00,53689.0,53689.0,53691.0,53689.0,53690.0,3
2026-09-04 07:14:00-04:00,53688.0,53688.0,53689.0,53687.0,53689.0,3
2026-09-04 07:15:00-04:00,53689.0,53689.0,53689.0,53688.0,53689.0,7
2026-09-04 07:16:00-04:00,53684.0,53684.0,53685.0,53680.0,53685.0,3
2026-09-04 07:17:00-04:00,53686.0,53686.0,53686.0,53685.0,53685.0,6
2026-09-04 07:18:00-04:00,53684.0,53684.0,53686.0,53684.0,53686.0,16
2026-09-04 07:19:00-04:00,53690.0,53690.0,53691.0,53690.0,53690.0,3
2026-09-04 07:20:00-04:00,53692.0,53692.0,53692.0,53689.0,53689.0,5
2026-09-04 07:21:00-04:00,53692.0,53692.0,53692.0,53689.0,53690.0,7
2026-09-04 07:22:00-04:00,53698.0,53698.0,53698.0,53692.0,53692.0,11
2026-09-04 07:23:00-04:00,53701.0,53701.0,53703.0,53697.0,53697.0,11
2026-09-04 07:24:00-04:00,53700.0,53700.0,53709.0,53700.0,53702.0,18
2026-09-04 07:25:00-04:00,53698.0,53698.0,53699.0,53695.0,53695.0,4
2026-09-04 07:26:00-04:00,53699.0,53699.0,53700.0,53697.0,53697.0,9
2026-09-04 07:27:00-04:00,53697.0,53697.0,53699.0,53697.0,53699.0,5
2026-09-04 07:28:00-04:00,53695.0,53695.0,53698.0,53695.0,53698.0,3
2026-09-04 07:29:00-04:00,53686.0,53686.0,53697.0,53686.0,53696.0,9
2026-09-04 07:30:00-04:00,53696.0,53696.0,53698.0,53690.0,53690.0,11
2026-09-04 07:31:00-04:00,53703.0,53703.0,53703.0,53696.0,53696.0,16
2026-09-04 07:32:00-04:00,53704.0,53704.0,53705.0,53703.0,53703.0,8
2026-09-04 07:33:00-04:00,53699.0,53699.0,53700.0,53698.0,53698.0,5
2026-09-04 07:34:00-04:00,53701.0,53701.0,53706.0,53701.0,53701.0,11
2026-09-04 07:35:00-04:00,53700.0,53700.0,53700.0,53697.0,53699.0,9
2026-09-04 07:36:00-04:00,53701.0,53701.0,53702.0,53701.0,53702.0,6
2026-09-04 07:37:00-04:00,53699.0,53699.0,53702.0,53698.0,53699.0,17
2026-09-04 07:38:00-04:00,53708.0,53708.0,53710.0,53700.0,53700.0,13
2026-09-04 07:39:00-04:00,53706.0,53706.0,53708.0,53705.0,53706.0,6
2026-09-04 07:40:00-04:00,53717.0,53717.0,53718.0,53706.0,53706.0,19
2026-09-04 07:41:00-04:00,53717.0,53717.0,53720.0,53714.0,53714.0,10
2026-09-04 07:42:00-04:00,53711.0,53711.0,53717.0,53710.0,53715.0,13
2026-09-04 07:43:00-04:00,53717.0,53717.0,53717.0,53712.0,53712.0,5
2026-09-04 07:44:00-04:00,53716.0,53716.0,53716.0,53714.0,53715.0,7
2026-09-04 07:45:00-04:00,53717.0,53717.0,53718.0,53715.0,53715.0,12
2026-09-04 07:46:00-04:00,53716.0,53716.0,53718.0,53715.0,53717.0,9
2026-09-04 07:47:00-04:00,53721.0,53721.0,53723.0,53720.0,53720.0,9
2026-09-04 07:48:00-04:00,53719.0,53719.0,53720.0,53716.0,53716.0,15
2026-09-04 07:49:00-04:00,53710.0,53710.0,53717.0,53710.0,53717.0,9
2026-09-04 07:50:00-04:00,53712.0,53712.0,53717.0,53712.0,53712.0,13
2026-09-04 07:51:00-04:00,53717.0,53717.0,53717.0,53717.0,53717.0,1
2026-09-04 07:52:00-04:00,53703.0,53703.0,53718.0,53703.0,53718.0,14
2026-09-04 07:53:00-04:00,53715.0,53715.0,53715.0,53703.0,53705.0,12
2026-09-04 07:54:00-04:00,53715.0,53715.0,53715.0,53708.0,53709.0,13
2026-09-04 07:55:00-04:00,53716.0,53716.0,53716.0,53714.0,53714.0,2
2026-09-04 07:56:00-04:00,53720.0,53720.0,53726.0,53720.0,53724.0,19
2026-09-04 07:57:00-04:00,53716.0,53716.0,53716.0,53714.0,53715.0,3
2026-09-04 07:58:00-04:00,53714.0,53714.0,53717.0,53714.0,53717.0,9
2026-09-04 07:59:00-04:00,53710.0,53710.0,53711.0,53705.0,53709.0,9
2026-09-04 08:00:00-04:00,53697.0,53697.0,53719.0,53697.0,53715.0,39
2026-09-04 08:01:00-04:00,53678.0,53678.0,53698.0,53677.0,53697.0,56
2026-09-04 08:02:00-04:00,53672.0,53672.0,53681.0,53672.0,53679.0,23
2026-09-04 08:03:00-04:00,53670.0,53670.0,53677.0,53665.0,53671.0,39
2026-09-04 08:04:00-04:00,53670.0,53670.0,53670.0,53658.0,53664.0,39
2026-09-04 08:05:00-04:00,53664.0,53664.0,53669.0,53662.0,53665.0,28
2026-09-04 08:06:00-04:00,53652.0,53652.0,53662.0,53648.0,53662.0,43
2026-09-04 08:07:00-04:00,53667.0,53667.0,53667.0,53648.0,53650.0,67
2026-09-04 08:08:00-04:00,53688.0,53688.0,53690.0,53669.0,53669.0,45
2026-09-04 08:09:00-04:00,53677.0,53677.0,53689.0,53677.0,53687.0,29
2026-09-04 08:10:00-04:00,53671.0,53671.0,53684.0,53670.0,53678.0,66
2026-09-04 08:11:00-04:00,53673.0,53673.0,53675.0,53665.0,53671.0,21
2026-09-04 08:12:00-04:00,53666.0,53666.0,53675.0,53661.0,53674.0,22
2026-09-04 08:13:00-04:00,53660.0,53660.0,53663.0,53655.0,53663.0,24
2026-09-04 08:14:00-04:00,53657.0,53657.0,53661.0,53654.0,53658.0,23
2026-09-04 08:15:00-04:00,53665.0,53665.0,53665.0,53658.0,53660.0,18
2026-09-04 08:16:00-04:00,53655.0,53655.0,53664.0,53655.0,53664.0,20
2026-09-04 08:17:00-04:00,53657.0,53657.0,53660.0,53652.0,53655.0,15
2026-09-04 08:18:00-04:00,53652.0,53652.0,53659.0,53651.0,53653.0,26
2026-09-04 08:19:00-04:00,53670.0,53670.0,53670.0,53647.0,53651.0,39
2026-09-04 08:20:00-04:00,53672.0,53672.0,53676.0,53668.0,53672.0,35
2026-09-04 08:21:00-04:00,53683.0,53683.0,53688.0,53670.0,53671.0,44
2026-09-04 08:22:00-04:00,53681.0,53681.0,53685.0,53680.0,53685.0,26
2026-09-04 08:23:00-04:00,53682.0,53682.0,53687.0,53680.0,53684.0,23
2026-09-04 08:24:00-04:00,53690.0,53690.0,53691.0,53682.0,53682.0,37
2026-09-04 08:25:00-04:00,53694.0,53694.0,53696.0,53681.0,53693.0,47
2026-09-04 08:26:00-04:00,53692.0,53692.0,53701.0,53691.0,53693.0,38
2026-09-04 08:27:00-04:00,53703.0,53703.0,53707.0,53692.0,53692.0,20
2026-09-04 08:28:00-04:00,53705.0,53705.0,53706.0,53697.0,53701.0,27
2026-09-04 08:29:00-04:00,53717.0,53717.0,53727.0,53699.0,53702.0,89
2026-09-04 08:30:00-04:00,53589.0,53589.0,53720.0,53523.0,53707.0,1372
2026-09-04 08:31:00-04:00,53605.0,53605.0,53626.0,53588.0,53591.0,207
2026-09-04 08:32:00-04:00,53590.0,53590.0,53611.0,53570.0,53605.0,251
2026-09-04 08:33:00-04:00,53603.0,53603.0,53608.0,53583.0,53590.0,164
2026-09-04 08:34:00-04:00,53587.0,53587.0,53612.0,53586.0,53602.0,149
2026-09-04 08:35:00-04:00,53592.0,53592.0,53606.0,53588.0,53589.0,95
2026-09-04 08:36:00-04:00,53595.0,53595.0,53606.0,53588.0,53597.0,97
2026-09-04 08:37:00-04:00,53628.0,53628.0,53630.0,53594.0,53595.0,104
2026-09-04 08:38:00-04:00,53616.0,53616.0,53641.0,53611.0,53625.0,240
2026-09-04 08:39:00-04:00,53619.0,53619.0,53630.0,53610.0,53617.0,54
2026-09-04 08:40:00-04:00,53624.0,53624.0,53629.0,53607.0,53617.0,68
2026-09-04 08:41:00-04:00,53618.0,53618.0,53631.0,53616.0,53626.0,97
2026-09-04 08:42:00-04:00,53621.0,53621.0,53631.0,53614.0,53623.0,47
2026-09-04 08:43:00-04:00,53598.0,53598.0,53618.0,53592.0,53617.0,58
2026-09-04 08:44:00-04:00,53599.0,53599.0,53616.0,53599.0,53599.0,57
2026-09-04 08:45:00-04:00,53588.0,53588.0,53602.0,53582.0,53598.0,82
2026-09-04 08:46:00-04:00,53558.0,53558.0,53589.0,53556.0,53589.0,155
2026-09-04 08:47:00-04:00,53551.0,53551.0,53560.0,53542.0,53559.0,128
2026-09-04 08:48:00-04:00,53560.0,53560.0,53563.0,53545.0,53553.0,105
2026-09-04 08:49:00-04:00,53572.0,53572.0,53578.0,53556.0,53556.0,140
2026-09-04 08:50:00-04:00,53586.0,53586.0,53591.0,53567.0,53568.0,74
2026-09-04 08:51:00-04:00,53591.0,53591.0,53594.0,53567.0,53580.0,52
2026-09-04 08:52:00-04:00,53588.0,53588.0,53595.0,53586.0,53593.0,53
2026-09-04 08:53:00-04:00,53602.0,53602.0,53602.0,53581.0,53590.0,111
2026-09-04 08:54:00-04:00,53592.0,53592.0,53614.0,53587.0,53609.0,110
2026-09-04 08:55:00-04:00,53593.0,53593.0,53593.0,53585.0,53592.0,42
2026-09-04 08:56:00-04:00,53581.0,53581.0,53597.0,53578.0,53596.0,29
2026-09-04 08:57:00-04:00,53589.0,53589.0,53590.0,53584.0,53585.0,12
2026-09-04 08:58:00-04:00,53598.0,53598.0,53604.0,53595.0,53595.0,25
2026-09-04 08:59:00-04:00,53589.0,53589.0,53596.0,53582.0,53596.0,44
2026-09-04 09:00:00-04:00,53575.0,53575.0,53589.0,53567.0,53589.0,40
2026-09-04 09:01:00-04:00,53560.0,53560.0,53572.0,53559.0,53570.0,93
2026-09-04 09:02:00-04:00,53552.0,53552.0,53571.0,53552.0,53561.0,227
2026-09-04 09:03:00-04:00,53565.0,53565.0,53566.0,53551.0,53554.0,50
2026-09-04 09:04:00-04:00,53558.0,53558.0,53574.0,53555.0,53565.0,49
2026-09-04 09:05:00-04:00,53577.0,53577.0,53579.0,53557.0,53559.0,25
2026-09-04 09:06:00-04:00,53558.0,53558.0,53576.0,53554.0,53576.0,27
2026-09-04 09:07:00-04:00,53549.0,53549.0,53554.0,53544.0,53551.0,20
2026-09-04 09:08:00-04:00,53557.0,53557.0,53558.0,53550.0,53550.0,35
2026-09-04 09:09:00-04:00,53561.0,53561.0,53565.0,53559.0,53559.0,31
2026-09-04 09:10:00-04:00,53560.0,53560.0,53568.0,53558.0,53563.0,25
2026-09-04 09:11:00-04:00,53567.0,53567.0,53568.0,53558.0,53558.0,31
2026-09-04 09:12:00-04:00,53570.0,53570.0,53571.0,53562.0,53570.0,34
2026-09-04 09:13:00-04:00,53569.0,53569.0,53575.0,53568.0,53572.0,32
2026-09-04 09:14:00-04:00,53573.0,53573.0,53573.0,53559.0,53566.0,18
2026-09-04 09:15:00-04:00,53575.0,53575.0,53583.0,53573.0,53573.0,33
2026-09-04 09:16:00-04:00,53580.0,53580.0,53587.0,53575.0,53576.0,48
2026-09-04 09:17:00-04:00,53553.0,53553.0,53577.0,53553.0,53577.0,29
2026-09-04 09:18:00-04:00,53562.0,53562.0,53562.0,53554.0,53555.0,40
2026-09-04 09:19:00-04:00,53562.0,53562.0,53564.0,53554.0,53560.0,58
2026-09-04 09:20:00-04:00,53569.0,53569.0,53571.0,53562.0,53562.0,62
2026-09-04 09:21:00-04:00,53576.0,53576.0,53576.0,53558.0,53569.0,57
2026-09-04 09:22:00-04:00,53564.0,53564.0,53579.0,53564.0,53575.0,43
2026-09-04 09:23:00-04:00,53566.0,53566.0,53567.0,53557.0,53565.0,35
2026-09-04 09:24:00-04:00,53576.0,53576.0,53579.0,53564.0,53566.0,60
2026-09-04 09:25:00-04:00,53569.0,53569.0,53582.0,53569.0,53574.0,100
2026-09-04 09:26:00-04:00,53562.0,53562.0,53572.0,53562.0,53571.0,88
2026-09-04 09:27:00-04:00,53559.0,53559.0,53568.0,53554.0,53565.0,151
2026-09-04 09:28:00-04:00,53548.0,53548.0,53559.0,53540.0,53559.0,184
2026-09-04 09:29:00-04:00,53557.0,53557.0,53576.0,53529.0,53547.0,409
2026-09-04 09:30:00-04:00,53632.0,53632.0,53648.0,53534.0,53557.0,1394
2026-09-04 09:31:00-04:00,53643.0,53643.0,53671.0,53626.0,53634.0,767
2026-09-04 09:32:00-04:00,53645.0,53645.0,53665.0,53623.0,53640.0,421
2026-09-04 09:33:00-04:00,53645.0,53645.0,53661.0,53634.0,53638.0,286
2026-09-04 09:34:00-04:00,53622.0,53622.0,53658.0,53617.0,53645.0,313
2026-09-04 09:35:00-04:00,53627.0,53627.0,53651.0,53621.0,53622.0,289
2026-09-04 09:36:00-04:00,53600.0,53600.0,53640.0,53591.0,53629.0,427
2026-09-04 09:37:00-04:00,53591.0,53591.0,53603.0,53576.0,53600.0,357
2026-09-04 09:38:00-04:00,53565.0,53565.0,53596.0,53559.0,53591.0,292
2026-09-04 09:39:00-04:00,53583.0,53583.0,53599.0,53565.0,53572.0,273
2026-09-04 09:40:00-04:00,53557.0,53557.0,53585.0,53554.0,53581.0,300
2026-09-04 09:41:00-04:00,53575.0,53575.0,53588.0,53548.0,53554.0,277
2026-09-04 09:42:00-04:00,53588.0,53588.0,53590.0,53557.0,53576.0,305
2026-09-04 09:43:00-04:00,53575.0,53575.0,53592.0,53568.0,53589.0,160
2026-09-04 09:44:00-04:00,53566.0,53566.0,53590.0,53551.0,53575.0,552
2026-09-04 09:45:00-04:00,53601.0,53601.0,53607.0,53566.0,53566.0,250
2026-09-04 09:46:00-04:00,53610.0,53610.0,53624.0,53590.0,53599.0,260
2026-09-04 09:47:00-04:00,53615.0,53615.0,53624.0,53610.0,53612.0,148
2026-09-04 09:48:00-04:00,53624.0,53624.0,53636.0,53610.0,53615.0,149
2026-09-04 09:49:00-04:00,53631.0,53631.0,53640.0,53622.0,53622.0,136
2026-09-04 09:50:00-04:00,53586.0,53586.0,53631.0,53584.0,53631.0,238
2026-09-04 09:51:00-04:00,53589.0,53589.0,53599.0,53582.0,53586.0,138
2026-09-04 09:52:00-04:00,53586.0,53586.0,53596.0,53579.0,53591.0,127
2026-09-04 09:53:00-04:00,53565.0,53565.0,53593.0,53563.0,53585.0,169
2026-09-04 09:54:00-04:00,53564.0,53564.0,53570.0,53557.0,53566.0,176
2026-09-04 09:55:00-04:00,53554.0,53554.0,53564.0,53549.0,53564.0,122
2026-09-04 09:56:00-04:00,53551.0,53551.0,53559.0,53545.0,53552.0,131
2026-09-04 09:57:00-04:00,53543.0,53543.0,53552.0,53536.0,53550.0,127
2026-09-04 09:58:00-04:00,53545.0,53545.0,53562.0,53541.0,53542.0,167
2026-09-04 09:59:00-04:00,53533.0,53533.0,53546.0,53531.0,53544.0,177
2026-09-04 10:00:00-04:00,53550.0,53550.0,53551.0,53531.0,53538.0,178
2026-09-04 10:01:00-04:00,53539.0,53539.0,53552.0,53533.0,53552.0,136
2026-09-04 10:02:00-04:00,53513.0,53513.0,53541.0,53505.0,53540.0,346
2026-09-04 10:03:00-04:00,53501.0,53501.0,53527.0,53500.0,53511.0,166
2026-09-04 10:04:00-04:00,53501.0,53501.0,53510.0,53499.0,53505.0,134
2026-09-04 10:05:00-04:00,53515.0,53515.0,53528.0,53499.0,53503.0,203
2026-09-04 10:06:00-04:00,53507.0,53507.0,53517.0,53493.0,53516.0,234
2026-09-04 10:07:00-04:00,53515.0,53515.0,53518.0,53494.0,53508.0,133
2026-09-04 10:08:00-04:00,53490.0,53490.0,53517.0,53489.0,53516.0,197
2026-09-04 10:09:00-04:00,53485.0,53485.0,53502.0,53482.0,53489.0,183
2026-09-04 10:10:00-04:00,53470.0,53470.0,53483.0,53467.0,53482.0,284
2026-09-04 10:11:00-04:00,53452.0,53452.0,53474.0,53448.0,53472.0,187
2026-09-04 10:12:00-04:00,53448.0,53448.0,53461.0,53444.0,53453.0,222
2026-09-04 10:13:00-04:00,53459.0,53459.0,53467.0,53437.0,53446.0,152
2026-09-04 10:14:00-04:00,53483.0,53483.0,53486.0,53456.0,53461.0,183
2026-09-04 10:15:00-04:00,53459.0,53459.0,53490.0,53456.0,53485.0,205
2026-09-04 10:16:00-04:00,53472.0,53472.0,53472.0,53447.0,53461.0,205
2026-09-04 10:17:00-04:00,53474.0,53474.0,53482.0,53471.0,53473.0,155
2026-09-04 10:18:00-04:00,53457.0,53457.0,53475.0,53456.0,53475.0,86
2026-09-04 10:19:00-04:00,53443.0,53443.0,53461.0,53439.0,53455.0,106
2026-09-04 10:20:00-04:00,53438.0,53438.0,53452.0,53432.0,53445.0,156
2026-09-04 10:21:00-04:00,53444.0,53444.0,53449.0,53434.0,53437.0,213
2026-09-04 10:22:00-04:00,53452.0,53452.0,53453.0,53442.0,53442.0,147
2026-09-04 10:23:00-04:00,53449.0,53449.0,53457.0,53445.0,53456.0,73
2026-09-04 10:24:00-04:00,53451.0,53451.0,53452.0,53442.0,53450.0,75
2026-09-04 10:25:00-04:00,53456.0,53456.0,53459.0,53439.0,53450.0,125
2026-09-04 10:26:00-04:00,53441.0,53441.0,53459.0,53437.0,53454.0,142
2026-09-04 10:27:00-04:00,53457.0,53457.0,53457.0,53441.0,53443.0,58
2026-09-04 10:28:00-04:00,53467.0,53467.0,53470.0,53449.0,53454.0,166
2026-09-04 10:29:00-04:00,53457.0,53457.0,53470.0,53455.0,53467.0,130
2026-09-04 10:30:00-04:00,53443.0,53443.0,53465.0,53443.0,53459.0,173
2026-09-04 10:31:00-04:00,53460.0,53460.0,53461.0,53444.0,53444.0,93
2026-09-04 10:32:00-04:00,53467.0,53467.0,53472.0,53453.0,53458.0,100
2026-09-04 10:33:00-04:00,53470.0,53470.0,53476.0,53464.0,53471.0,69
2026-09-04 10:34:00-04:00,53474.0,53474.0,53474.0,53457.0,53471.0,95
2026-09-04 10:35:00-04:00,53481.0,53481.0,53481.0,53472.0,53472.0,82
2026-09-04 10:36:00-04:00,53458.0,53458.0,53486.0,53455.0,53478.0,188
2026-09-04 10:37:00-04:00,53460.0,53460.0,53463.0,53446.0,53458.0,103
2026-09-04 10:38:00-04:00,53474.0,53474.0,53475.0,53456.0,53460.0,149
2026-09-04 10:39:00-04:00,53482.0,53482.0,53487.0,53474.0,53474.0,125
2026-09-04 10:40:00-04:00,53467.0,53467.0,53483.0,53467.0,53483.0,120
2026-09-04 10:41:00-04:00,53471.0,53471.0,53478.0,53465.0,53468.0,97
2026-09-04 10:42:00-04:00,53458.0,53458.0,53474.0,53457.0,53474.0,131
2026-09-04 10:43:00-04:00,53441.0,53441.0,53464.0,53437.0,53459.0,165
2026-09-04 10:44:00-04:00,53442.0,53442.0,53445.0,53438.0,53442.0,309
2026-09-04 10:45:00-04:00,53462.0,53462.0,53464.0,53442.0,53443.0,142
2026-09-04 10:46:00-04:00,53443.0,53443.0,53462.0,53438.0,53462.0,79
2026-09-04 10:47:00-04:00,53426.0,53426.0,53445.0,53420.0,53444.0,274
2026-09-04 10:48:00-04:00,53422.0,53422.0,53427.0,53410.0,53427.0,157
2026-09-04 10:49:00-04:00,53392.0,53392.0,53424.0,53387.0,53422.0,214
2026-09-04 10:50:00-04:00,53393.0,53393.0,53397.0,53382.0,53391.0,231
2026-09-04 10:51:00-04:00,53397.0,53397.0,53404.0,53394.0,53394.0,226
2026-09-04 10:52:00-04:00,53401.0,53401.0,53412.0,53390.0,53394.0,116
2026-09-04 10:53:00-04:00,53380.0,53380.0,53408.0,53378.0,53402.0,130
2026-09-04 10:54:00-04:00,53361.0,53361.0,53384.0,53359.0,53381.0,188
2026-09-04 10:55:00-04:00,53365.0,53365.0,53372.0,53359.0,53363.0,124
2026-09-04 10:56:00-04:00,53344.0,53344.0,53368.0,53343.0,53368.0,194
2026-09-04 10:57:00-04:00,53350.0,53350.0,53357.0,53338.0,53344.0,235
2026-09-04 10:58:00-04:00,53363.0,53363.0,53366.0,53352.0,53352.0,115
2026-09-04 10:59:00-04:00,53349.0,53349.0,53361.0,53341.0,53361.0,96
2026-09-04 11:00:00-04:00,53351.0,53351.0,53362.0,53340.0,53348.0,171
2026-09-04 11:01:00-04:00,53346.0,53346.0,53352.0,53340.0,53350.0,99
2026-09-04 11:02:00-04:00,53345.0,53345.0,53356.0,53330.0,53347.0,214
2026-09-04 11:03:00-04:00,53360.0,53360.0,53363.0,53341.0,53347.0,124
2026-09-04 11:04:00-04:00,53369.0,53369.0,53372.0,53353.0,53358.0,127
2026-09-04 11:05:00-04:00,53363.0,53363.0,53374.0,53359.0,53368.0,146
2026-09-04 11:06:00-04:00,53359.0,53359.0,53374.0,53355.0,53363.0,107
2026-09-04 11:07:00-04:00,53359.0,53359.0,53371.0,53354.0,53360.0,141
2026-09-04 11:08:00-04:00,53348.0,53348.0,53362.0,53348.0,53360.0,127
2026-09-04 11:09:00-04:00,53359.0,53359.0,53360.0,53348.0,53350.0,63
2026-09-04 11:10:00-04:00,53351.0,53351.0,53362.0,53349.0,53361.0,91
2026-09-04 11:11:00-04:00,53339.0,53339.0,53363.0,53334.0,53353.0,123
2026-09-04 11:12:00-04:00,53351.0,53351.0,53353.0,53335.0,53336.0,109
2026-09-04 11:13:00-04:00,53363.0,53363.0,53368.0,53346.0,53349.0,187
2026-09-04 11:14:00-04:00,53378.0,53378.0,53378.0,53362.0,53365.0,101
2026-09-04 11:15:00-04:00,53376.0,53376.0,53383.0,53373.0,53377.0,153
2026-09-04 11:16:00-04:00,53380.0,53380.0,53387.0,53374.0,53376.0,129
2026-09-04 11:17:00-04:00,53366.0,53366.0,53382.0,53358.0,53379.0,140
2026-09-04 11:18:00-04:00,53363.0,53363.0,53365.0,53354.0,53363.0,98
2026-09-04 11:19:00-04:00,53358.0,53358.0,53370.0,53358.0,53361.0,62
2026-09-04 11:20:00-04:00,53366.0,53366.0,53368.0,53355.0,53360.0,85
2026-09-04 11:21:00-04:00,53356.0,53356.0,53374.0,53350.0,53365.0,143
2026-09-04 11:22:00-04:00,53373.0,53373.0,53373.0,53357.0,53357.0,110
2026-09-04 11:23:00-04:00,53346.0,53346.0,53373.0,53346.0,53373.0,128
2026-09-04 11:24:00-04:00,53352.0,53352.0,53360.0,53347.0,53347.0,70
2026-09-04 11:25:00-04:00,53353.0,53353.0,53354.0,53341.0,53351.0,73
2026-09-04 11:26:00-04:00,53345.0,53345.0,53353.0,53343.0,53353.0,62
2026-09-04 11:27:00-04:00,53354.0,53354.0,53356.0,53338.0,53344.0,87
2026-09-04 11:28:00-04:00,53364.0,53364.0,53367.0,53352.0,53354.0,56
2026-09-04 11:29:00-04:00,53366.0,53366.0,53369.0,53361.0,53366.0,41
2026-09-04 11:30:00-04:00,53347.0,53347.0,53365.0,53345.0,53364.0,116
2026-09-04 11:31:00-04:00,53347.0,53347.0,53353.0,53345.0,53348.0,144
2026-09-04 11:32:00-04:00,53342.0,53342.0,53347.0,53338.0,53343.0,161
2026-09-04 11:33:00-04:00,53363.0,53363.0,53363.0,53340.0,53342.0,151
2026-09-04 11:34:00-04:00,53364.0,53364.0,53366.0,53353.0,53364.0,56
2026-09-04 11:35:00-04:00,53371.0,53371.0,53376.0,53361.0,53364.0,77
2026-09-04 11:36:00-04:00,53367.0,53367.0,53377.0,53364.0,53371.0,66
2026-09-04 11:37:00-04:00,53365.0,53365.0,53370.0,53359.0,53369.0,70
2026-09-04 11:38:00-04:00,53369.0,53369.0,53373.0,53364.0,53365.0,70
2026-09-04 11:39:00-04:00,53376.0,53376.0,53377.0,53366.0,53369.0,78
2026-09-04 11:40:00-04:00,53388.0,53388.0,53389.0,53376.0,53378.0,95
2026-09-04 11:41:00-04:00,53398.0,53398.0,53401.0,53386.0,53388.0,105
2026-09-04 11:42:00-04:00,53409.0,53409.0,53413.0,53398.0,53399.0,169
2026-09-04 11:43:00-04:00,53410.0,53410.0,53416.0,53408.0,53410.0,214
2026-09-04 11:44:00-04:00,53413.0,53413.0,53419.0,53409.0,53410.0,139
2026-09-04 11:45:00-04:00,53419.0,53419.0,53421.0,53401.0,53412.0,91
2026-09-04 11:46:00-04:00,53415.0,53415.0,53421.0,53411.0,53419.0,104
2026-09-04 11:47:00-04:00,53416.0,53416.0,53418.0,53405.0,53414.0,103
2026-09-04 11:48:00-04:00,53430.0,53430.0,53432.0,53414.0,53420.0,128
2026-09-04 11:49:00-04:00,53423.0,53423.0,53428.0,53416.0,53428.0,69
2026-09-04 11:50:00-04:00,53421.0,53421.0,53430.0,53419.0,53424.0,120
2026-09-04 11:51:00-04:00,53426.0,53426.0,53434.0,53423.0,53423.0,56
2026-09-04 11:52:00-04:00,53427.0,53427.0,53437.0,53424.0,53425.0,122
2026-09-04 11:53:00-04:00,53430.0,53430.0,53431.0,53422.0,53428.0,111
2026-09-04 11:54:00-04:00,53426.0,53426.0,53434.0,53425.0,53429.0,40
2026-09-04 11:55:00-04:00,53433.0,53433.0,53437.0,53427.0,53427.0,65
2026-09-04 11:56:00-04:00,53415.0,53415.0,53433.0,53415.0,53433.0,94
2026-09-04 11:57:00-04:00,53418.0,53418.0,53423.0,53406.0,53415.0,161
2026-09-04 11:58:00-04:00,53424.0,53424.0,53426.0,53415.0,53420.0,56
2026-09-04 11:59:00-04:00,53413.0,53413.0,53428.0,53413.0,53427.0,71
2026-09-04 12:00:00-04:00,53430.0,53430.0,53432.0,53415.0,53415.0,72
2026-09-04 12:01:00-04:00,53426.0,53426.0,53433.0,53423.0,53432.0,97
2026-09-04 12:02:00-04:00,53434.0,53434.0,53434.0,53419.0,53425.0,68
2026-09-04 12:03:00-04:00,53425.0,53425.0,53436.0,53425.0,53434.0,34
2026-09-04 12:04:00-04:00,53448.0,53448.0,53450.0,53427.0,53427.0,95
2026-09-04 12:05:00-04:00,53445.0,53445.0,53456.0,53443.0,53449.0,93
2026-09-04 12:06:00-04:00,53436.0,53436.0,53446.0,53429.0,53446.0,104
2026-09-04 12:07:00-04:00,53440.0,53440.0,53440.0,53430.0,53432.0,48
2026-09-04 12:08:00-04:00,53452.0,53452.0,53453.0,53440.0,53441.0,39
2026-09-04 12:09:00-04:00,53449.0,53449.0,53456.0,53447.0,53454.0,77
2026-09-04 12:10:00-04:00,53462.0,53462.0,53463.0,53449.0,53449.0,44
2026-09-04 12:11:00-04:00,53466.0,53466.0,53466.0,53461.0,53463.0,55
2026-09-04 12:12:00-04:00,53458.0,53458.0,53463.0,53454.0,53461.0,82
2026-09-04 12:13:00-04:00,53474.0,53474.0,53474.0,53458.0,53459.0,93
2026-09-04 12:14:00-04:00,53484.0,53484.0,53487.0,53473.0,53474.0,67
2026-09-04 12:15:00-04:00,53477.0,53477.0,53486.0,53477.0,53485.0,61
2026-09-04 12:16:00-04:00,53475.0,53475.0,53483.0,53474.0,53477.0,61
2026-09-04 12:17:00-04:00,53493.0,53493.0,53495.0,53475.0,53475.0,120
2026-09-04 12:18:00-04:00,53491.0,53491.0,53502.0,53489.0,53492.0,103
2026-09-04 12:19:00-04:00,53502.0,53502.0,53503.0,53491.0,53491.0,24
2026-09-04 12:20:00-04:00,53509.0,53509.0,53512.0,53499.0,53505.0,103
2026-09-04 12:21:00-04:00,53504.0,53504.0,53515.0,53503.0,53511.0,111
2026-09-04 12:22:00-04:00,53501.0,53501.0,53507.0,53496.0,53506.0,44
2026-09-04 12:23:00-04:00,53492.0,53492.0,53498.0,53492.0,53498.0,46
2026-09-04 12:24:00-04:00,53489.0,53489.0,53492.0,53479.0,53492.0,108
2026-09-04 12:25:00-04:00,53479.0,53479.0,53488.0,53479.0,53488.0,51
2026-09-04 12:26:00-04:00,53475.0,53475.0,53481.0,53471.0,53478.0,49
2026-09-04 12:27:00-04:00,53474.0,53474.0,53474.0,53468.0,53472.0,49
2026-09-04 12:28:00-04:00,53472.0,53472.0,53477.0,53469.0,53471.0,60
2026-09-04 12:29:00-04:00,53469.0,53469.0,53474.0,53465.0,53474.0,25
2026-09-04 12:30:00-04:00,53463.0,53463.0,53467.0,53461.0,53467.0,77
2026-09-04 12:31:00-04:00,53460.0,53460.0,53472.0,53458.0,53463.0,85
2026-09-04 12:32:00-04:00,53478.0,53478.0,53480.0,53462.0,53463.0,70
2026-09-04 12:33:00-04:00,53471.0,53471.0,53476.0,53469.0,53476.0,46
2026-09-04 12:34:00-04:00,53478.0,53478.0,53479.0,53472.0,53473.0,40
2026-09-04 12:35:00-04:00,53469.0,53469.0,53480.0,53467.0,53479.0,62
2026-09-04 12:36:00-04:00,53461.0,53461.0,53471.0,53460.0,53470.0,46
2026-09-04 12:37:00-04:00,53463.0,53463.0,53466.0,53459.0,53463.0,91
2026-09-04 12:38:00-04:00,53461.0,53461.0,53467.0,53458.0,53461.0,46
2026-09-04 12:39:00-04:00,53465.0,53465.0,53467.0,53462.0,53464.0,62
2026-09-04 12:40:00-04:00,53470.0,53470.0,53470.0,53463.0,53463.0,32
2026-09-04 12:41:00-04:00,53462.0,53462.0,53469.0,53456.0,53468.0,76
2026-09-04 12:42:00-04:00,53468.0,53468.0,53470.0,53459.0,53462.0,47
2026-09-04 12:43:00-04:00,53473.0,53473.0,53476.0,53462.0,53469.0,27
2026-09-04 12:44:00-04:00,53476.0,53476.0,53482.0,53474.0,53478.0,83
2026-09-04 12:45:00-04:00,53476.0,53476.0,53480.0,53474.0,53477.0,45
2026-09-04 12:46:00-04:00,53477.0,53477.0,53479.0,53475.0,53478.0,35
2026-09-04 12:47:00-04:00,53484.0,53484.0,53484.0,53474.0,53478.0,77
2026-09-04 12:48:00-04:00,53476.0,53476.0,53483.0,53475.0,53483.0,30
2026-09-04 12:49:00-04:00,53477.0,53477.0,53481.0,53475.0,53479.0,62
2026-09-04 12:50:00-04:00,53476.0,53476.0,53482.0,53472.0,53478.0,61
2026-09-04 12:51:00-04:00,53483.0,53483.0,53486.0,53475.0,53480.0,38
2026-09-04 12:52:00-04:00,53489.0,53489.0,53494.0,53483.0,53484.0,68
2026-09-04 12:53:00-04:00,53483.0,53483.0,53491.0,53483.0,53491.0,51
2026-09-04 12:54:00-04:00,53480.0,53480.0,53483.0,53478.0,53483.0,41
2026-09-04 12:55:00-04:00,53485.0,53485.0,53489.0,53480.0,53480.0,23
2026-09-04 12:56:00-04:00,53481.0,53481.0,53490.0,53477.0,53487.0,70
2026-09-04 12:57:00-04:00,53480.0,53480.0,53499.0,53473.0,53482.0,249
2026-09-04 12:58:00-04:00,53482.0,53482.0,53483.0,53478.0,53480.0,23
2026-09-04 12:59:00-04:00,53468.0,53468.0,53482.0,53467.0,53482.0,46
2026-09-04 13:00:00-04:00,53473.0,53473.0,53473.0,53457.0,53471.0,93
2026-09-04 13:01:00-04:00,53471.0,53471.0,53477.0,53466.0,53471.0,81
2026-09-04 13:02:00-04:00,53464.0,53464.0,53470.0,53462.0,53470.0,55
2026-09-04 13:03:00-04:00,53450.0,53450.0,53467.0,53450.0,53461.0,70
2026-09-04 13:04:00-04:00,53448.0,53448.0,53451.0,53444.0,53448.0,84
2026-09-04 13:05:00-04:00,53451.0,53451.0,53462.0,53442.0,53448.0,201
2026-09-04 13:06:00-04:00,53448.0,53448.0,53457.0,53447.0,53450.0,41
2026-09-04 13:07:00-04:00,53461.0,53461.0,53461.0,53446.0,53448.0,65
2026-09-04 13:08:00-04:00,53457.0,53457.0,53467.0,53453.0,53460.0,35
2026-09-04 13:09:00-04:00,53456.0,53456.0,53460.0,53448.0,53453.0,64
2026-09-04 13:10:00-04:00,53456.0,53456.0,53458.0,53453.0,53453.0,12
2026-09-04 13:11:00-04:00,53459.0,53459.0,53462.0,53457.0,53457.0,35
2026-09-04 13:12:00-04:00,53460.0,53460.0,53460.0,53453.0,53455.0,43
2026-09-04 13:13:00-04:00,53459.0,53459.0,53461.0,53455.0,53460.0,15
2026-09-04 13:14:00-04:00,53460.0,53460.0,53463.0,53455.0,53462.0,20
2026-09-04 13:15:00-04:00,53459.0,53459.0,53462.0,53455.0,53462.0,20
2026-09-04 13:16:00-04:00,53457.0,53457.0,53461.0,53453.0,53459.0,74
2026-09-04 13:17:00-04:00,53469.0,53469.0,53471.0,53458.0,53458.0,42
2026-09-04 13:18:00-04:00,53466.0,53466.0,53471.0,53465.0,53465.0,52
2026-09-04 13:19:00-04:00,53462.0,53462.0,53467.0,53461.0,53467.0,44
2026-09-04 13:20:00-04:00,53468.0,53468.0,53469.0,53465.0,53466.0,19
2026-09-04 13:21:00-04:00,53456.0,53456.0,53470.0,53454.0,53467.0,51
2026-09-04 13:22:00-04:00,53461.0,53461.0,53461.0,53453.0,53453.0,13
2026-09-04 13:23:00-04:00,53454.0,53454.0,53462.0,53454.0,53462.0,6
2026-09-04 13:24:00-04:00,53453.0,53453.0,53457.0,53451.0,53451.0,28
2026-09-04 13:25:00-04:00,53458.0,53458.0,53458.0,53452.0,53453.0,27
2026-09-04 13:26:00-04:00,53450.0,53450.0,53459.0,53449.0,53454.0,27
2026-09-04 13:27:00-04:00,53445.0,53445.0,53451.0,53444.0,53449.0,71
2026-09-04 13:28:00-04:00,53445.0,53445.0,53447.0,53443.0,53446.0,51
2026-09-04 13:29:00-04:00,53431.0,53431.0,53441.0,53426.0,53441.0,52
2026-09-04 13:30:00-04:00,53416.0,53416.0,53432.0,53414.0,53429.0,90
2026-09-04 13:31:00-04:00,53424.0,53424.0,53424.0,53413.0,53415.0,72
2026-09-04 13:32:00-04:00,53427.0,53427.0,53430.0,53418.0,53427.0,40
2026-09-04 13:33:00-04:00,53425.0,53425.0,53435.0,53422.0,53425.0,49
2026-09-04 13:34:00-04:00,53436.0,53436.0,53438.0,53425.0,53426.0,40
2026-09-04 13:35:00-04:00,53437.0,53437.0,53446.0,53430.0,53437.0,63
2026-09-04 13:36:00-04:00,53429.0,53429.0,53433.0,53427.0,53433.0,23
2026-09-04 13:37:00-04:00,53436.0,53436.0,53437.0,53429.0,53429.0,25
2026-09-04 13:38:00-04:00,53442.0,53442.0,53449.0,53436.0,53436.0,64
2026-09-04 13:39:00-04:00,53444.0,53444.0,53444.0,53437.0,53443.0,47
2026-09-04 13:40:00-04:00,53438.0,53438.0,53441.0,53432.0,53441.0,25
2026-09-04 13:41:00-04:00,53434.0,53434.0,53438.0,53432.0,53437.0,20
2026-09-04 13:42:00-04:00,53422.0,53422.0,53433.0,53421.0,53431.0,33
2026-09-04 13:43:00-04:00,53426.0,53426.0,53429.0,53422.0,53422.0,49
2026-09-04 13:44:00-04:00,53417.0,53417.0,53425.0,53417.0,53423.0,32
2026-09-04 13:45:00-04:00,53411.0,53411.0,53421.0,53407.0,53420.0,145
2026-09-04 13:46:00-04:00,53417.0,53417.0,53420.0,53407.0,53411.0,45
2026-09-04 13:47:00-04:00,53424.0,53424.0,53428.0,53412.0,53418.0,69
2026-09-04 13:48:00-04:00,53415.0,53415.0,53426.0,53411.0,53425.0,77
2026-09-04 13:49:00-04:00,53418.0,53418.0,53419.0,53411.0,53414.0,31
2026-09-04 13:50:00-04:00,53416.0,53416.0,53420.0,53413.0,53413.0,39
2026-09-04 13:51:00-04:00,53407.0,53407.0,53414.0,53402.0,53413.0,97
2026-09-04 13:52:00-04:00,53415.0,53415.0,53418.0,53404.0,53407.0,121
2026-09-04 13:53:00-04:00,53415.0,53415.0,53421.0,53414.0,53418.0,41
2026-09-04 13:54:00-04:00,53416.0,53416.0,53418.0,53410.0,53415.0,34
2026-09-04 13:55:00-04:00,53415.0,53415.0,53417.0,53412.0,53415.0,29
2026-09-04 13:56:00-04:00,53414.0,53414.0,53424.0,53412.0,53417.0,30
2026-09-04 13:57:00-04:00,53418.0,53418.0,53419.0,53414.0,53414.0,19
2026-09-04 13:58:00-04:00,53425.0,53425.0,53431.0,53416.0,53416.0,46
2026-09-04 13:59:00-04:00,53427.0,53427.0,53429.0,53425.0,53426.0,24
2026-09-04 14:00:00-04:00,53448.0,53448.0,53450.0,53427.0,53428.0,133
2026-09-04 14:01:00-04:00,53431.0,53431.0,53447.0,53424.0,53446.0,67
2026-09-04 14:02:00-04:00,53436.0,53436.0,53437.0,53429.0,53429.0,23
2026-09-04 14:03:00-04:00,53440.0,53440.0,53441.0,53436.0,53436.0,36
2026-09-04 14:04:00-04:00,53438.0,53438.0,53444.0,53435.0,53438.0,35
2026-09-04 14:05:00-04:00,53437.0,53437.0,53441.0,53434.0,53441.0,28
2026-09-04 14:06:00-04:00,53441.0,53441.0,53448.0,53437.0,53437.0,56
2026-09-04 14:07:00-04:00,53438.0,53438.0,53447.0,53438.0,53441.0,24
2026-09-04 14:08:00-04:00,53450.0,53450.0,53451.0,53438.0,53439.0,36
2026-09-04 14:09:00-04:00,53455.0,53455.0,53456.0,53446.0,53451.0,83
2026-09-04 14:10:00-04:00,53463.0,53463.0,53463.0,53454.0,53455.0,68
2026-09-04 14:11:00-04:00,53463.0,53463.0,53464.0,53460.0,53462.0,94
2026-09-04 14:12:00-04:00,53464.0,53464.0,53468.0,53459.0,53462.0,40
2026-09-04 14:13:00-04:00,53463.0,53463.0,53466.0,53461.0,53463.0,27
2026-09-04 14:14:00-04:00,53460.0,53460.0,53465.0,53459.0,53463.0,59
2026-09-04 14:15:00-04:00,53453.0,53453.0,53467.0,53453.0,53462.0,49
2026-09-04 14:16:00-04:00,53459.0,53459.0,53459.0,53454.0,53454.0,38
2026-09-04 14:17:00-04:00,53460.0,53460.0,53461.0,53455.0,53458.0,16
2026-09-04 14:18:00-04:00,53463.0,53463.0,53465.0,53459.0,53459.0,31
2026-09-04 14:19:00-04:00,53458.0,53458.0,53462.0,53456.0,53462.0,30
2026-09-04 14:20:00-04:00,53461.0,53461.0,53464.0,53455.0,53462.0,36
2026-09-04 14:21:00-04:00,53465.0,53465.0,53469.0,53459.0,53459.0,42
2026-09-04 14:22:00-04:00,53468.0,53468.0,53470.0,53464.0,53464.0,26
2026-09-04 14:23:00-04:00,53459.0,53459.0,53468.0,53457.0,53468.0,23
2026-09-04 14:24:00-04:00,53466.0,53466.0,53468.0,53457.0,53457.0,14
2026-09-04 14:25:00-04:00,53466.0,53466.0,53471.0,53464.0,53467.0,34
2026-09-04 14:26:00-04:00,53460.0,53460.0,53469.0,53457.0,53465.0,39
2026-09-04 14:27:00-04:00,53468.0,53468.0,53468.0,53454.0,53460.0,28
2026-09-04 14:28:00-04:00,53458.0,53458.0,53468.0,53458.0,53468.0,27
2026-09-04 14:29:00-04:00,53462.0,53462.0,53462.0,53454.0,53457.0,25
2026-09-04 14:30:00-04:00,53467.0,53467.0,53472.0,53463.0,53463.0,52
2026-09-04 14:31:00-04:00,53461.0,53461.0,53468.0,53459.0,53467.0,85
2026-09-04 14:32:00-04:00,53464.0,53464.0,53465.0,53457.0,53462.0,31
2026-09-04 14:33:00-04:00,53476.0,53476.0,53479.0,53466.0,53467.0,99
2026-09-04 14:34:00-04:00,53475.0,53475.0,53477.0,53472.0,53476.0,58
2026-09-04 14:35:00-04:00,53470.0,53470.0,53474.0,53468.0,53473.0,26
2026-09-04 14:36:00-04:00,53465.0,53465.0,53469.0,53462.0,53468.0,49
2026-09-04 14:37:00-04:00,53460.0,53460.0,53463.0,53456.0,53463.0,47
2026-09-04 14:38:00-04:00,53463.0,53463.0,53463.0,53458.0,53459.0,16
2026-09-04 14:39:00-04:00,53460.0,53460.0,53461.0,53457.0,53461.0,38
2026-09-04 14:40:00-04:00,53464.0,53464.0,53468.0,53456.0,53457.0,67
2026-09-04 14:41:00-04:00,53467.0,53467.0,53468.0,53453.0,53466.0,163
2026-09-04 14:42:00-04:00,53465.0,53465.0,53470.0,53465.0,53467.0,22
2026-09-04 14:43:00-04:00,53473.0,53473.0,53473.0,53466.0,53466.0,25
2026-09-04 14:44:00-04:00,53476.0,53476.0,53478.0,53472.0,53472.0,18
2026-09-04 14:45:00-04:00,53466.0,53466.0,53477.0,53466.0,53476.0,31
2026-09-04 14:46:00-04:00,53470.0,53470.0,53473.0,53466.0,53468.0,41
2026-09-04 14:47:00-04:00,53472.0,53472.0,53474.0,53468.0,53470.0,51
2026-09-04 14:48:00-04:00,53468.0,53468.0,53475.0,53468.0,53474.0,35
2026-09-04 14:49:00-04:00,53468.0,53468.0,53470.0,53467.0,53468.0,15
2026-09-04 14:50:00-04:00,53468.0,53468.0,53469.0,53464.0,53469.0,25
2026-09-04 14:51:00-04:00,53469.0,53469.0,53469.0,53464.0,53468.0,33
2026-09-04 14:52:00-04:00,53470.0,53470.0,53473.0,53468.0,53469.0,36
2026-09-04 14:53:00-04:00,53459.0,53459.0,53469.0,53458.0,53469.0,60
2026-09-04 14:54:00-04:00,53457.0,53457.0,53463.0,53457.0,53457.0,32
2026-09-04 14:55:00-04:00,53457.0,53457.0,53458.0,53452.0,53458.0,42
2026-09-04 14:56:00-04:00,53452.0,53452.0,53458.0,53452.0,53458.0,56
2026-09-04 14:57:00-04:00,53458.0,53458.0,53458.0,53453.0,53453.0,41
2026-09-04 14:58:00-04:00,53450.0,53450.0,53460.0,53449.0,53459.0,46
2026-09-04 14:59:00-04:00,53450.0,53450.0,53457.0,53450.0,53451.0,38
2026-09-04 15:00:00-04:00,53437.0,53437.0,53461.0,53436.0,53451.0,119
2026-09-04 15:01:00-04:00,53440.0,53440.0,53441.0,53431.0,53439.0,73
2026-09-04 15:02:00-04:00,53427.0,53427.0,53438.0,53424.0,53438.0,123
2026-09-04 15:03:00-04:00,53418.0,53418.0,53429.0,53417.0,53425.0,117
2026-09-04 15:04:00-04:00,53419.0,53419.0,53422.0,53416.0,53418.0,99
2026-09-04 15:05:00-04:00,53420.0,53420.0,53424.0,53419.0,53421.0,51
2026-09-04 15:06:00-04:00,53413.0,53413.0,53422.0,53413.0,53421.0,45
2026-09-04 15:07:00-04:00,53420.0,53420.0,53424.0,53415.0,53415.0,81
2026-09-04 15:08:00-04:00,53418.0,53418.0,53421.0,53413.0,53419.0,71
2026-09-04 15:09:00-04:00,53415.0,53415.0,53417.0,53409.0,53416.0,49
2026-09-04 15:10:00-04:00,53418.0,53418.0,53420.0,53412.0,53416.0,40
2026-09-04 15:11:00-04:00,53418.0,53418.0,53424.0,53412.0,53422.0,101
2026-09-04 15:12:00-04:00,53420.0,53420.0,53424.0,53417.0,53419.0,33
2026-09-04 15:13:00-04:00,53416.0,53416.0,53419.0,53414.0,53419.0,17
2026-09-04 15:14:00-04:00,53416.0,53416.0,53417.0,53411.0,53415.0,45
2026-09-04 15:15:00-04:00,53417.0,53417.0,53422.0,53414.0,53416.0,60
2026-09-04 15:16:00-04:00,53418.0,53418.0,53423.0,53416.0,53417.0,56
2026-09-04 15:17:00-04:00,53415.0,53415.0,53425.0,53415.0,53420.0,40
2026-09-04 15:18:00-04:00,53417.0,53417.0,53423.0,53416.0,53416.0,27
2026-09-04 15:19:00-04:00,53418.0,53418.0,53422.0,53416.0,53417.0,37
2026-09-04 15:20:00-04:00,53428.0,53428.0,53431.0,53417.0,53421.0,62
2026-09-04 15:21:00-04:00,53420.0,53420.0,53430.0,53420.0,53429.0,51
2026-09-04 15:22:00-04:00,53418.0,53418.0,53426.0,53416.0,53421.0,35
2026-09-04 15:23:00-04:00,53414.0,53414.0,53418.0,53413.0,53417.0,42
2026-09-04 15:24:00-04:00,53423.0,53423.0,53425.0,53413.0,53413.0,32
2026-09-04 15:25:00-04:00,53428.0,53428.0,53429.0,53423.0,53423.0,32
2026-09-04 15:26:00-04:00,53429.0,53429.0,53432.0,53427.0,53431.0,25
2026-09-04 15:27:00-04:00,53433.0,53433.0,53438.0,53428.0,53428.0,68
2026-09-04 15:28:00-04:00,53438.0,53438.0,53442.0,53434.0,53434.0,52
2026-09-04 15:29:00-04:00,53436.0,53436.0,53441.0,53433.0,53439.0,44
2026-09-04 15:30:00-04:00,53435.0,53435.0,53437.0,53426.0,53436.0,45
2026-09-04 15:31:00-04:00,53434.0,53434.0,53435.0,53430.0,53434.0,58
2026-09-04 15:32:00-04:00,53424.0,53424.0,53437.0,53424.0,53433.0,70
2026-09-04 15:33:00-04:00,53435.0,53435.0,53435.0,53424.0,53424.0,64
2026-09-04 15:34:00-04:00,53427.0,53427.0,53437.0,53425.0,53437.0,67
2026-09-04 15:35:00-04:00,53419.0,53419.0,53427.0,53417.0,53425.0,99
2026-09-04 15:36:00-04:00,53412.0,53412.0,53420.0,53412.0,53417.0,131
2026-09-04 15:37:00-04:00,53407.0,53407.0,53414.0,53407.0,53413.0,220
2026-09-04 15:38:00-04:00,53407.0,53407.0,53410.0,53400.0,53407.0,140
2026-09-04 15:39:00-04:00,53406.0,53406.0,53408.0,53403.0,53408.0,93
2026-09-04 15:40:00-04:00,53409.0,53409.0,53411.0,53402.0,53408.0,47
2026-09-04 15:41:00-04:00,53419.0,53419.0,53427.0,53409.0,53409.0,98
2026-09-04 15:42:00-04:00,53414.0,53414.0,53421.0,53414.0,53419.0,44
2026-09-04 15:43:00-04:00,53417.0,53417.0,53421.0,53411.0,53412.0,210
2026-09-04 15:44:00-04:00,53422.0,53422.0,53424.0,53418.0,53418.0,62
2026-09-04 15:45:00-04:00,53409.0,53409.0,53427.0,53406.0,53422.0,176
2026-09-04 15:46:00-04:00,53420.0,53420.0,53422.0,53407.0,53408.0,150
2026-09-04 15:47:00-04:00,53436.0,53436.0,53438.0,53419.0,53419.0,138
2026-09-04 15:48:00-04:00,53433.0,53433.0,53440.0,53430.0,53437.0,110
2026-09-04 15:49:00-04:00,53432.0,53432.0,53439.0,53431.0,53431.0,66
2026-09-04 15:50:00-04:00,53441.0,53441.0,53445.0,53427.0,53435.0,330
2026-09-04 15:51:00-04:00,53444.0,53444.0,53452.0,53437.0,53442.0,129
2026-09-04 15:52:00-04:00,53443.0,53443.0,53446.0,53440.0,53442.0,299
2026-09-04 15:53:00-04:00,53438.0,53438.0,53443.0,53435.0,53441.0,121
2026-09-04 15:54:00-04:00,53442.0,53442.0,53449.0,53435.0,53437.0,216
2026-09-04 15:55:00-04:00,53441.0,53441.0,53450.0,53431.0,53444.0,293
2026-09-04 15:56:00-04:00,53438.0,53438.0,53442.0,53431.0,53440.0,155
2026-09-04 15:57:00-04:00,53446.0,53446.0,53450.0,53436.0,53438.0,218
2026-09-04 15:58:00-04:00,53435.0,53435.0,53450.0,53435.0,53446.0,371
2026-09-04 15:59:00-04:00,53446.0,53446.0,53453.0,53420.0,53435.0,2850
2026-09-04 16:00:00-04:00,53436.0,53436.0,53447.0,53432.0,53446.0,321
2026-09-04 16:01:00-04:00,53433.0,53433.0,53439.0,53431.0,53437.0,103
2026-09-04 16:02:00-04:00,53428.0,53428.0,53436.0,53427.0,53434.0,88
2026-09-04 16:03:00-04:00,53427.0,53427.0,53433.0,53426.0,53430.0,23
2026-09-04 16:04:00-04:00,53422.0,53422.0,53428.0,53422.0,53427.0,44
2026-09-04 16:05:00-04:00,53418.0,53418.0,53421.0,53417.0,53421.0,52
2026-09-04 16:06:00-04:00,53412.0,53412.0,53420.0,53412.0,53418.0,53
2026-09-04 16:07:00-04:00,53408.0,53408.0,53412.0,53407.0,53411.0,37
2026-09-04 16:08:00-04:00,53404.0,53404.0,53408.0,53403.0,53408.0,23
2026-09-04 16:09:00-04:00,53411.0,53411.0,53411.0,53402.0,53402.0,42
2026-09-04 16:10:00-04:00,53410.0,53410.0,53411.0,53407.0,53409.0,22
2026-09-04 16:11:00-04:00,53408.0,53408.0,53415.0,53406.0,53410.0,18
2026-09-04 16:12:00-04:00,53410.0,53410.0,53412.0,53405.0,53406.0,182
2026-09-04 16:13:00-04:00,53410.0,53410.0,53414.0,53410.0,53411.0,38
2026-09-04 16:14:00-04:00,53410.0,53410.0,53414.0,53409.0,53412.0,44
2026-09-04 16:15:00-04:00,53412.0,53412.0,53413.0,53410.0,53410.0,24
2026-09-04 16:16:00-04:00,53417.0,53417.0,53417.0,53413.0,53413.0,6
2026-09-04 16:17:00-04:00,53416.0,53416.0,53418.0,53414.0,53418.0,128
2026-09-04 16:18:00-04:00,53415.0,53415.0,53418.0,53415.0,53417.0,4
2026-09-04 16:19:00-04:00,53415.0,53415.0,53417.0,53415.0,53417.0,3
2026-09-04 16:20:00-04:00,53418.0,53418.0,53421.0,53418.0,53419.0,12
2026-09-04 16:21:00-04:00,53417.0,53417.0,53417.0,53417.0,53417.0,1
2026-09-04 16:22:00-04:00,53417.0,53417.0,53420.0,53417.0,53418.0,4
2026-09-04 16:23:00-04:00,53417.0,53417.0,53418.0,53416.0,53416.0,49
2026-09-04 16:24:00-04:00,53417.0,53417.0,53417.0,53413.0,53416.0,122
2026-09-04 16:25:00-04:00,53416.0,53416.0,53416.0,53416.0,53416.0,1
2026-09-04 16:26:00-04:00,53412.0,53412.0,53414.0,53410.0,53414.0,12
2026-09-04 16:27:00-04:00,53410.0,53410.0,53410.0,53410.0,53410.0,2
2026-09-04 16:28:00-04:00,53408.0,53408.0,53409.0,53407.0,53408.0,14
2026-09-04 16:29:00-04:00,53408.0,53408.0,53409.0,53407.0,53407.0,10
2026-09-04 16:30:00-04:00,53353.0,53353.0,53409.0,53351.0,53408.0,380
2026-09-04 16:31:00-04:00,53267.0,53267.0,53356.0,53252.0,53354.0,867
2026-09-04 16:32:00-04:00,53244.0,53244.0,53274.0,53235.0,53269.0,150
2026-09-04 16:33:00-04:00,53261.0,53261.0,53268.0,53244.0,53244.0,172
2026-09-04 16:34:00-04:00,53256.0,53256.0,53264.0,53247.0,53259.0,52
2026-09-04 16:35:00-04:00,53294.0,53294.0,53325.0,53249.0,53258.0,181
2026-09-04 16:36:00-04:00,53285.0,53285.0,53300.0,53283.0,53298.0,24
2026-09-04 16:37:00-04:00,53285.0,53285.0,53287.0,53282.0,53285.0,8
2026-09-04 16:38:00-04:00,53280.0,53280.0,53282.0,53274.0,53282.0,14
2026-09-04 16:39:00-04:00,53277.0,53277.0,53281.0,53276.0,53279.0,9
2026-09-04 16:40:00-04:00,53258.0,53258.0,53277.0,53256.0,53277.0,48
2026-09-04 16:41:00-04:00,53264.0,53264.0,53264.0,53257.0,53259.0,15
2026-09-04 16:42:00-04:00,53272.0,53272.0,53272.0,53265.0,53265.0,14
2026-09-04 16:43:00-04:00,53280.0,53280.0,53280.0,53274.0,53274.0,11
2026-09-04 16:44:00-04:00,53276.0,53276.0,53282.0,53276.0,53282.0,14
2026-09-04 16:45:00-04:00,53285.0,53285.0,53287.0,53273.0,53276.0,29
2026-09-04 16:46:00-04:00,53286.0,53286.0,53286.0,53282.0,53284.0,23
2026-09-04 16:47:00-04:00,53287.0,53287.0,53289.0,53283.0,53283.0,7
2026-09-04 16:48:00-04:00,53279.0,53279.0,53285.0,53279.0,53285.0,12
2026-09-04 16:49:00-04:00,53277.0,53277.0,53280.0,53277.0,53280.0,5
2026-09-04 16:50:00-04:00,53278.0,53278.0,53279.0,53275.0,53279.0,5
2026-09-04 16:51:00-04:00,53284.0,53284.0,53284.0,53281.0,53281.0,5
2026-09-04 16:52:00-04:00,53284.0,53284.0,53285.0,53281.0,53284.0,12
2026-09-04 16:53:00-04:00,53296.0,53296.0,53296.0,53287.0,53287.0,13
2026-09-04 16:54:00-04:00,53291.0,53291.0,53296.0,53290.0,53296.0,23
2026-09-04 16:55:00-04:00,53293.0,53293.0,53299.0,53293.0,53294.0,7
2026-09-04 16:56:00-04:00,53291.0,53291.0,53292.0,53288.0,53291.0,19
2026-09-04 16:57:00-04:00,53292.0,53292.0,53292.0,53289.0,53291.0,6
2026-09-04 16:58:00-04:00,53285.0,53285.0,53294.0,53283.0,53291.0,36
2026-09-04 16:59:00-04:00,53440.0,53440.0,53440.0,53264.0,53285.0,43
2026-09-08 00:00:00-04:00,53125.0,53125.0,53127.0,53123.0,53127.0,9
2026-09-08 00:02:00-04:00,53121.0,53121.0,53121.0,53120.0,53120.0,3
2026-09-08 00:03:00-04:00,53129.0,53129.0,53129.0,53123.0,53124.0,9
2026-09-08 00:04:00-04:00,53130.0,53130.0,53134.0,53130.0,53132.0,9
2026-09-08 00:05:00-04:00,53130.0,53130.0,53131.0,53129.0,53131.0,3
2026-09-08 00:06:00-04:00,53130.0,53130.0,53133.0,53130.0,53133.0,5
2026-09-08 00:07:00-04:00,53132.0,53132.0,53132.0,53129.0,53129.0,5
2026-09-08 00:08:00-04:00,53132.0,53132.0,53132.0,53131.0,53131.0,4
2026-09-08 00:11:00-04:00,53129.0,53129.0,53129.0,53128.0,53128.0,5
2026-09-08 00:12:00-04:00,53131.0,53131.0,53132.0,53129.0,53129.0,8
2026-09-08 00:13:00-04:00,53129.0,53129.0,53129.0,53129.0,53129.0,2
2026-09-08 00:14:00-04:00,53134.0,53134.0,53134.0,53134.0,53134.0,1
2026-09-08 00:15:00-04:00,53132.0,53132.0,53133.0,53132.0,53133.0,10
2026-09-08 00:16:00-04:00,53131.0,53131.0,53131.0,53127.0,53129.0,9
2026-09-08 00:17:00-04:00,53131.0,53131.0,53131.0,53131.0,53131.0,1
2026-09-08 00:18:00-04:00,53133.0,53133.0,53133.0,53133.0,53133.0,1
2026-09-08 00:19:00-04:00,53132.0,53132.0,53132.0,53132.0,53132.0,5
2026-09-08 00:20:00-04:00,53131.0,53131.0,53131.0,53131.0,53131.0,2
2026-09-08 00:23:00-04:00,53133.0,53133.0,53133.0,53128.0,53128.0,6
2026-09-08 00:24:00-04:00,53133.0,53133.0,53133.0,53132.0,53132.0,2
2026-09-08 00:25:00-04:00,53134.0,53134.0,53134.0,53133.0,53133.0,2
2026-09-08 00:26:00-04:00,53133.0,53133.0,53135.0,53133.0,53135.0,4
2026-09-08 00:27:00-04:00,53136.0,53136.0,53136.0,53129.0,53129.0,9
2026-09-08 00:28:00-04:00,53136.0,53136.0,53137.0,53136.0,53137.0,3
2026-09-08 00:29:00-04:00,53134.0,53134.0,53134.0,53134.0,53134.0,2
2026-09-08 00:30:00-04:00,53131.0,53131.0,53131.0,53130.0,53130.0,2
2026-09-08 00:31:00-04:00,53129.0,53129.0,53129.0,53128.0,53128.0,2
2026-09-08 00:33:00-04:00,53129.0,53129.0,53129.0,53127.0,53127.0,3
2026-09-08 00:35:00-04:00,53121.0,53121.0,53125.0,53121.0,53125.0,4
2026-09-08 00:36:00-04:00,53123.0,53123.0,53123.0,53118.0,53120.0,6
2026-09-08 00:37:00-04:00,53127.0,53127.0,53127.0,53127.0,53127.0,1
2026-09-08 00:38:00-04:00,53130.0,53130.0,53130.0,53130.0,53130.0,1
2026-09-08 00:39:00-04:00,53130.0,53130.0,53133.0,53129.0,53129.0,9
2026-09-08 00:40:00-04:00,53133.0,53133.0,53133.0,53132.0,53132.0,3
2026-09-08 00:41:00-04:00,53130.0,53130.0,53132.0,53130.0,53132.0,8
2026-09-08 00:42:00-04:00,53129.0,53129.0,53129.0,53128.0,53128.0,3
2026-09-08 00:44:00-04:00,53128.0,53128.0,53131.0,53128.0,53128.0,8
2026-09-08 00:45:00-04:00,53130.0,53130.0,53133.0,53130.0,53131.0,5
2026-09-08 00:46:00-04:00,53128.0,53128.0,53132.0,53128.0,53132.0,3
2026-09-08 00:47:00-04:00,53124.0,53124.0,53127.0,53124.0,53127.0,4
2026-09-08 00:48:00-04:00,53124.0,53124.0,53124.0,53124.0,53124.0,2
2026-09-08 00:50:00-04:00,53127.0,53127.0,53127.0,53127.0,53127.0,2
2026-09-08 00:51:00-04:00,53125.0,53125.0,53125.0,53125.0,53125.0,2
2026-09-08 00:52:00-04:00,53125.0,53125.0,53125.0,53124.0,53124.0,2
2026-09-08 00:54:00-04:00,53123.0,53123.0,53123.0,53123.0,53123.0,1
2026-09-08 00:55:00-04:00,53120.0,53120.0,53127.0,53119.0,53127.0,6
2026-09-08 00:56:00-04:00,53125.0,53125.0,53125.0,53123.0,53123.0,2
2026-09-08 00:57:00-04:00,53129.0,53129.0,53129.0,53126.0,53126.0,9
2026-09-08 00:58:00-04:00,53126.0,53126.0,53126.0,53126.0,53126.0,2
2026-09-08 00:59:00-04:00,53122.0,53122.0,53128.0,53122.0,53128.0,3
2026-09-08 01:00:00-04:00,53121.0,53121.0,53123.0,53120.0,53122.0,10
2026-09-08 01:01:00-04:00,53122.0,53122.0,53123.0,53121.0,53121.0,3
2026-09-08 01:02:00-04:00,53122.0,53122.0,53122.0,53122.0,53122.0,2
2026-09-08 01:03:00-04:00,53126.0,53126.0,53126.0,53123.0,53123.0,14
2026-09-08 01:04:00-04:00,53117.0,53117.0,53123.0,53116.0,53123.0,12
2026-09-08 01:05:00-04:00,53111.0,53111.0,53117.0,53111.0,53117.0,3
2026-09-08 01:06:00-04:00,53110.0,53110.0,53111.0,53108.0,53111.0,24
2026-09-08 01:07:00-04:00,53106.0,53106.0,53112.0,53106.0,53111.0,5
2026-09-08 01:08:00-04:00,53104.0,53104.0,53106.0,53104.0,53106.0,8
2026-09-08 01:09:00-04:00,53107.0,53107.0,53107.0,53098.0,53103.0,21
2026-09-08 01:10:00-04:00,53099.0,53099.0,53107.0,53097.0,53106.0,45
2026-09-08 01:11:00-04:00,53090.0,53090.0,53100.0,53090.0,53100.0,18
2026-09-08 01:12:00-04:00,53094.0,53094.0,53095.0,53092.0,53093.0,11
2026-09-08 01:13:00-04:00,53093.0,53093.0,53094.0,53092.0,53093.0,12
2026-09-08 01:14:00-04:00,53090.0,53090.0,53098.0,53090.0,53094.0,9
2026-09-08 01:15:00-04:00,53090.0,53090.0,53090.0,53087.0,53088.0,10
2026-09-08 01:16:00-04:00,53094.0,53094.0,53094.0,53089.0,53089.0,5
2026-09-08 01:17:00-04:00,53096.0,53096.0,53098.0,53094.0,53096.0,5
2026-09-08 01:18:00-04:00,53100.0,53100.0,53100.0,53096.0,53096.0,7
2026-09-08 01:19:00-04:00,53110.0,53110.0,53110.0,53102.0,53102.0,16
2026-09-08 01:20:00-04:00,53114.0,53114.0,53114.0,53110.0,53111.0,6
2026-09-08 01:21:00-04:00,53115.0,53115.0,53115.0,53114.0,53114.0,3
2026-09-08 01:22:00-04:00,53119.0,53119.0,53119.0,53117.0,53117.0,4
2026-09-08 01:23:00-04:00,53108.0,53108.0,53116.0,53108.0,53113.0,8
2026-09-08 01:24:00-04:00,53108.0,53108.0,53108.0,53104.0,53104.0,8
2026-09-08 01:25:00-04:00,53099.0,53099.0,53105.0,53099.0,53105.0,7
2026-09-08 01:26:00-04:00,53096.0,53096.0,53098.0,53096.0,53098.0,5
2026-09-08 01:27:00-04:00,53098.0,53098.0,53100.0,53097.0,53097.0,3
2026-09-08 01:28:00-04:00,53089.0,53089.0,53099.0,53089.0,53099.0,6
2026-09-08 01:29:00-04:00,53093.0,53093.0,53093.0,53093.0,53093.0,1
2026-09-08 01:30:00-04:00,53086.0,53086.0,53089.0,53070.0,53089.0,44
2026-09-08 01:31:00-04:00,53082.0,53082.0,53082.0,53082.0,53082.0,3
2026-09-08 01:32:00-04:00,53070.0,53070.0,53076.0,53070.0,53075.0,14
2026-09-08 01:33:00-04:00,53065.0,53065.0,53068.0,53056.0,53068.0,31
2026-09-08 01:34:00-04:00,53063.0,53063.0,53063.0,53056.0,53061.0,15
2026-09-08 01:35:00-04:00,53061.0,53061.0,53061.0,53060.0,53061.0,7
2026-09-08 01:36:00-04:00,53066.0,53066.0,53066.0,53061.0,53061.0,27
2026-09-08 01:37:00-04:00,53072.0,53072.0,53072.0,53066.0,53068.0,12
2026-09-08 01:38:00-04:00,53065.0,53065.0,53068.0,53065.0,53068.0,7
2026-09-08 01:39:00-04:00,53078.0,53078.0,53078.0,53074.0,53075.0,5
2026-09-08 01:40:00-04:00,53063.0,53063.0,53071.0,53063.0,53071.0,10
2026-09-08 01:41:00-04:00,53061.0,53061.0,53065.0,53061.0,53065.0,5
2026-09-08 01:42:00-04:00,53057.0,53057.0,53058.0,53057.0,53058.0,5
2026-09-08 01:43:00-04:00,53048.0,53048.0,53056.0,53048.0,53056.0,15
2026-09-08 01:44:00-04:00,53040.0,53040.0,53047.0,53036.0,53047.0,33
2026-09-08 01:45:00-04:00,53043.0,53043.0,53044.0,53037.0,53040.0,15
2026-09-08 01:46:00-04:00,53039.0,53039.0,53047.0,53036.0,53040.0,19
2026-09-08 01:47:00-04:00,53050.0,53050.0,53050.0,53036.0,53037.0,85
2026-09-08 01:48:00-04:00,53054.0,53054.0,53059.0,53050.0,53050.0,22
2026-09-08 01:49:00-04:00,53058.0,53058.0,53058.0,53053.0,53053.0,12
2026-09-08 01:50:00-04:00,53053.0,53053.0,53055.0,53053.0,53054.0,7
2026-09-08 01:51:00-04:00,53052.0,53052.0,53056.0,53051.0,53056.0,15
2026-09-08 01:52:00-04:00,53045.0,53045.0,53052.0,53045.0,53051.0,20
2026-09-08 01:53:00-04:00,53040.0,53040.0,53046.0,53040.0,53044.0,23
2026-09-08 01:54:00-04:00,53031.0,53031.0,53040.0,53030.0,53039.0,24
2026-09-08 01:55:00-04:00,53027.0,53027.0,53034.0,53022.0,53030.0,28
2026-09-08 01:56:00-04:00,53029.0,53029.0,53030.0,53028.0,53030.0,5
2026-09-08 01:57:00-04:00,53035.0,53035.0,53035.0,53031.0,53031.0,7
2026-09-08 01:58:00-04:00,53035.0,53035.0,53037.0,53034.0,53034.0,7
2026-09-08 01:59:00-04:00,53033.0,53033.0,53039.0,53031.0,53038.0,12
2026-09-08 02:00:00-04:00,53028.0,53028.0,53038.0,53025.0,53034.0,47
2026-09-08 02:01:00-04:00,53011.0,53011.0,53027.0,53011.0,53024.0,63
2026-09-08 02:02:00-04:00,53010.0,53010.0,53013.0,52998.0,53010.0,114
2026-09-08 02:03:00-04:00,53007.0,53007.0,53012.0,53005.0,53006.0,28
2026-09-08 02:04:00-04:00,53013.0,53013.0,53013.0,53004.0,53008.0,26
2026-09-08 02:05:00-04:00,53000.0,53000.0,53014.0,52995.0,53014.0,27
2026-09-08 02:06:00-04:00,53000.0,53000.0,53002.0,52993.0,52999.0,27
2026-09-08 02:07:00-04:00,52998.0,52998.0,53004.0,52995.0,53000.0,24
2026-09-08 02:08:00-04:00,53006.0,53006.0,53007.0,52998.0,52998.0,22
2026-09-08 02:09:00-04:00,53009.0,53009.0,53009.0,53004.0,53008.0,10
2026-09-08 02:10:00-04:00,52998.0,52998.0,53002.0,52998.0,53000.0,15
2026-09-08 02:11:00-04:00,53000.0,53000.0,53003.0,52995.0,52999.0,19
2026-09-08 02:12:00-04:00,53003.0,53003.0,53003.0,53000.0,53003.0,17
2026-09-08 02:13:00-04:00,52996.0,52996.0,53004.0,52995.0,53003.0,11
2026-09-08 02:14:00-04:00,53004.0,53004.0,53006.0,52999.0,52999.0,10
2026-09-08 02:15:00-04:00,53007.0,53007.0,53007.0,53003.0,53003.0,9
2026-09-08 02:16:00-04:00,53009.0,53009.0,53010.0,52999.0,53005.0,101
2026-09-08 02:17:00-04:00,52996.0,52996.0,53012.0,52996.0,53011.0,29
2026-09-08 02:18:00-04:00,52992.0,52992.0,52995.0,52983.0,52993.0,42
2026-09-08 02:19:00-04:00,52967.0,52967.0,52988.0,52966.0,52987.0,37
2026-09-08 02:20:00-04:00,52974.0,52974.0,52980.0,52958.0,52964.0,46
2026-09-08 02:21:00-04:00,52979.0,52979.0,52979.0,52975.0,52975.0,10
2026-09-08 02:22:00-04:00,52990.0,52990.0,52992.0,52976.0,52979.0,17
2026-09-08 02:23:00-04:00,52982.0,52982.0,52985.0,52977.0,52985.0,20
2026-09-08 02:24:00-04:00,52977.0,52977.0,52980.0,52976.0,52980.0,12
2026-09-08 02:25:00-04:00,52973.0,52973.0,52975.0,52970.0,52973.0,23
2026-09-08 02:26:00-04:00,52976.0,52976.0,52978.0,52975.0,52977.0,11
2026-09-08 02:27:00-04:00,52979.0,52979.0,52986.0,52976.0,52976.0,16
2026-09-08 02:28:00-04:00,52975.0,52975.0,52978.0,52971.0,52975.0,18
2026-09-08 02:29:00-04:00,52977.0,52977.0,52978.0,52970.0,52970.0,13
2026-09-08 02:30:00-04:00,52972.0,52972.0,52977.0,52970.0,52972.0,18
2026-09-08 02:31:00-04:00,52971.0,52971.0,52971.0,52964.0,52967.0,21
2026-09-08 02:32:00-04:00,52979.0,52979.0,52979.0,52968.0,52970.0,19
2026-09-08 02:33:00-04:00,52983.0,52983.0,52983.0,52976.0,52978.0,14
2026-09-08 02:34:00-04:00,52972.0,52972.0,52977.0,52967.0,52973.0,15
2026-09-08 02:35:00-04:00,52975.0,52975.0,52976.0,52972.0,52972.0,14
2026-09-08 02:36:00-04:00,52966.0,52966.0,52975.0,52966.0,52970.0,17
2026-09-08 02:37:00-04:00,52986.0,52986.0,52986.0,52967.0,52967.0,77
2026-09-08 02:38:00-04:00,52994.0,52994.0,52994.0,52987.0,52987.0,13
2026-09-08 02:39:00-04:00,53008.0,53008.0,53008.0,52986.0,52986.0,15
2026-09-08 02:40:00-04:00,53012.0,53012.0,53015.0,53007.0,53010.0,30
2026-09-08 02:41:00-04:00,53016.0,53016.0,53016.0,53008.0,53012.0,14
2026-09-08 02:42:00-04:00,53017.0,53017.0,53017.0,53011.0,53012.0,14
2026-09-08 02:43:00-04:00,53017.0,53017.0,53022.0,53016.0,53019.0,10
2026-09-08 02:44:00-04:00,53018.0,53018.0,53027.0,53018.0,53021.0,21
2026-09-08 02:45:00-04:00,53019.0,53019.0,53022.0,53018.0,53022.0,8
2026-09-08 02:46:00-04:00,53033.0,53033.0,53035.0,53028.0,53029.0,35
2026-09-08 02:47:00-04:00,53028.0,53028.0,53033.0,53026.0,53031.0,17
2026-09-08 02:48:00-04:00,53035.0,53035.0,53037.0,53031.0,53031.0,25
2026-09-08 02:49:00-04:00,53028.0,53028.0,53035.0,53028.0,53034.0,9
2026-09-08 02:50:00-04:00,53031.0,53031.0,53031.0,53026.0,53029.0,21
2026-09-08 02:51:00-04:00,53031.0,53031.0,53031.0,53031.0,53031.0,1
2026-09-08 02:52:00-04:00,53025.0,53025.0,53027.0,53019.0,53021.0,14
2026-09-08 02:53:00-04:00,53023.0,53023.0,53024.0,53022.0,53022.0,10
2026-09-08 02:54:00-04:00,53018.0,53018.0,53023.0,53017.0,53023.0,7
2026-09-08 02:55:00-04:00,53019.0,53019.0,53020.0,53011.0,53017.0,13
2026-09-08 02:56:00-04:00,53023.0,53023.0,53023.0,53018.0,53020.0,5
2026-09-08 02:57:00-04:00,53022.0,53022.0,53022.0,53022.0,53022.0,3
2026-09-08 02:58:00-04:00,53029.0,53029.0,53029.0,53023.0,53023.0,10
2026-09-08 02:59:00-04:00,53025.0,53025.0,53029.0,53024.0,53027.0,19
2026-09-08 03:00:00-04:00,53031.0,53031.0,53032.0,53011.0,53029.0,99
2026-09-08 03:01:00-04:00,53017.0,53017.0,53032.0,53013.0,53029.0,29
2026-09-08 03:02:00-04:00,53024.0,53024.0,53035.0,53024.0,53028.0,23
2026-09-08 03:03:00-04:00,53020.0,53020.0,53029.0,53018.0,53023.0,23
2026-09-08 03:04:00-04:00,53041.0,53041.0,53041.0,53021.0,53021.0,27
2026-09-08 03:05:00-04:00,53066.0,53066.0,53068.0,53042.0,53043.0,58
2026-09-08 03:06:00-04:00,53076.0,53076.0,53077.0,53064.0,53066.0,62
2026-09-08 03:07:00-04:00,53069.0,53069.0,53074.0,53062.0,53074.0,29
2026-09-08 03:08:00-04:00,53059.0,53059.0,53066.0,53056.0,53066.0,37
2026-09-08 03:09:00-04:00,53060.0,53060.0,53065.0,53057.0,53065.0,14
2026-09-08 03:10:00-04:00,53057.0,53057.0,53061.0,53050.0,53057.0,20
2026-09-08 03:11:00-04:00,53063.0,53063.0,53066.0,53058.0,53059.0,18
2026-09-08 03:12:00-04:00,53064.0,53064.0,53065.0,53064.0,53064.0,6
2026-09-08 03:13:00-04:00,53066.0,53066.0,53066.0,53059.0,53064.0,16
2026-09-08 03:14:00-04:00,53054.0,53054.0,53068.0,53052.0,53068.0,21
2026-09-08 03:15:00-04:00,53059.0,53059.0,53059.0,53054.0,53056.0,17
2026-09-08 03:16:00-04:00,53045.0,53045.0,53054.0,53039.0,53053.0,21
2026-09-08 03:17:00-04:00,53034.0,53034.0,53048.0,53033.0,53045.0,28
2026-09-08 03:18:00-04:00,53036.0,53036.0,53036.0,53030.0,53034.0,23
2026-09-08 03:19:00-04:00,53044.0,53044.0,53044.0,53033.0,53033.0,8
2026-09-08 03:20:00-04:00,53038.0,53038.0,53052.0,53038.0,53047.0,10
2026-09-08 03:21:00-04:00,53038.0,53038.0,53046.0,53038.0,53042.0,15
2026-09-08 03:22:00-04:00,53033.0,53033.0,53038.0,53031.0,53032.0,7
2026-09-08 03:23:00-04:00,53034.0,53034.0,53035.0,53024.0,53031.0,24
2026-09-08 03:24:00-04:00,53049.0,53049.0,53049.0,53035.0,53035.0,4
2026-09-08 03:25:00-04:00,53049.0,53049.0,53049.0,53043.0,53047.0,10
2026-09-08 03:26:00-04:00,53038.0,53038.0,53051.0,53037.0,53050.0,16
2026-09-08 03:27:00-04:00,53041.0,53041.0,53041.0,53039.0,53040.0,5
2026-09-08 03:28:00-04:00,53049.0,53049.0,53049.0,53041.0,53041.0,13
2026-09-08 03:29:00-04:00,53042.0,53042.0,53052.0,53042.0,53052.0,11
2026-09-08 03:30:00-04:00,53044.0,53044.0,53049.0,53044.0,53049.0,3
2026-09-08 03:31:00-04:00,53040.0,53040.0,53043.0,53033.0,53042.0,19
2026-09-08 03:32:00-04:00,53036.0,53036.0,53039.0,53036.0,53037.0,5
2026-09-08 03:33:00-04:00,53016.0,53016.0,53036.0,53014.0,53036.0,33
2026-09-08 03:34:00-04:00,53012.0,53012.0,53016.0,53008.0,53015.0,19
2026-09-08 03:35:00-04:00,53017.0,53017.0,53019.0,53011.0,53011.0,11
2026-09-08 03:36:00-04:00,53023.0,53023.0,53025.0,53011.0,53015.0,19
2026-09-08 03:37:00-04:00,53008.0,53008.0,53021.0,53006.0,53020.0,20
2026-09-08 03:38:00-04:00,53001.0,53001.0,53014.0,52996.0,53008.0,48
2026-09-08 03:39:00-04:00,52989.0,52989.0,52998.0,52985.0,52998.0,22
2026-09-08 03:40:00-04:00,52989.0,52989.0,52989.0,52984.0,52988.0,12
2026-09-08 03:41:00-04:00,52989.0,52989.0,52998.0,52989.0,52993.0,41
2026-09-08 03:42:00-04:00,52965.0,52965.0,52989.0,52961.0,52988.0,70
2026-09-08 03:43:00-04:00,52995.0,52995.0,52995.0,52964.0,52964.0,70
2026-09-08 03:44:00-04:00,52980.0,52980.0,52989.0,52978.0,52989.0,9
2026-09-08 03:45:00-04:00,52982.0,52982.0,52989.0,52978.0,52979.0,28
2026-09-08 03:46:00-04:00,52986.0,52986.0,52989.0,52984.0,52989.0,5
2026-09-08 03:47:00-04:00,52980.0,52980.0,52980.0,52979.0,52979.0,2
2026-09-08 03:48:00-04:00,52977.0,52977.0,52980.0,52970.0,52980.0,10
2026-09-08 03:49:00-04:00,52967.0,52967.0,52976.0,52960.0,52976.0,32
2026-09-08 03:50:00-04:00,52955.0,52955.0,52969.0,52955.0,52967.0,22
2026-09-08 03:51:00-04:00,52948.0,52948.0,52961.0,52944.0,52959.0,27
2026-09-08 03:52:00-04:00,52945.0,52945.0,52952.0,52945.0,52952.0,15
2026-09-08 03:53:00-04:00,52949.0,52949.0,52949.0,52944.0,52947.0,19
2026-09-08 03:54:00-04:00,52934.0,52934.0,52947.0,52931.0,52945.0,17
2026-09-08 03:55:00-04:00,52946.0,52946.0,52946.0,52934.0,52936.0,44
2026-09-08 03:56:00-04:00,52943.0,52943.0,52946.0,52938.0,52942.0,15
2026-09-08 03:57:00-04:00,52938.0,52938.0,52942.0,52935.0,52942.0,17
2026-09-08 03:58:00-04:00,52944.0,52944.0,52945.0,52936.0,52936.0,15
2026-09-08 03:59:00-04:00,52952.0,52952.0,52952.0,52943.0,52943.0,23
2026-09-08 04:00:00-04:00,52999.0,52999.0,53007.0,52945.0,52953.0,270
2026-09-08 04:01:00-04:00,52967.0,52967.0,52999.0,52965.0,52998.0,136
2026-09-08 04:02:00-04:00,52954.0,52954.0,52970.0,52951.0,52966.0,59
2026-09-08 04:03:00-04:00,52950.0,52950.0,52957.0,52946.0,52953.0,45
2026-09-08 04:04:00-04:00,52972.0,52972.0,52976.0,52949.0,52950.0,25
2026-09-08 04:05:00-04:00,52985.0,52985.0,52992.0,52973.0,52974.0,124
2026-09-08 04:06:00-04:00,53000.0,53000.0,53002.0,52978.0,52982.0,43
2026-09-08 04:07:00-04:00,52997.0,52997.0,53008.0,52997.0,52999.0,23
2026-09-08 04:08:00-04:00,53000.0,53000.0,53006.0,52985.0,53004.0,49
2026-09-08 04:09:00-04:00,53004.0,53004.0,53006.0,52999.0,52999.0,23
2026-09-08 04:10:00-04:00,52984.0,52984.0,53003.0,52984.0,53002.0,37
2026-09-08 04:11:00-04:00,52985.0,52985.0,52996.0,52985.0,52990.0,18
2026-09-08 04:12:00-04:00,52989.0,52989.0,52997.0,52976.0,52982.0,51
2026-09-08 04:13:00-04:00,52976.0,52976.0,52987.0,52973.0,52983.0,23
2026-09-08 04:14:00-04:00,52966.0,52966.0,52975.0,52966.0,52975.0,40
2026-09-08 04:15:00-04:00,52975.0,52975.0,52978.0,52968.0,52969.0,36
2026-09-08 04:16:00-04:00,52959.0,52959.0,52977.0,52954.0,52969.0,53
2026-09-08 04:17:00-04:00,52968.0,52968.0,52970.0,52956.0,52959.0,26
2026-09-08 04:18:00-04:00,52970.0,52970.0,52977.0,52967.0,52971.0,17
2026-09-08 04:19:00-04:00,52979.0,52979.0,52982.0,52963.0,52969.0,23
2026-09-08 04:20:00-04:00,52977.0,52977.0,52982.0,52971.0,52981.0,29
2026-09-08 04:21:00-04:00,52956.0,52956.0,52975.0,52955.0,52974.0,31
2026-09-08 04:22:00-04:00,52955.0,52955.0,52959.0,52950.0,52955.0,19
2026-09-08 04:23:00-04:00,52960.0,52960.0,52960.0,52956.0,52956.0,7
2026-09-08 04:24:00-04:00,52959.0,52959.0,52963.0,52958.0,52958.0,16
2026-09-08 04:25:00-04:00,52970.0,52970.0,52973.0,52961.0,52961.0,6
2026-09-08 04:26:00-04:00,52976.0,52976.0,52976.0,52973.0,52973.0,5
2026-09-08 04:27:00-04:00,52958.0,52958.0,52973.0,52957.0,52973.0,33
2026-09-08 04:28:00-04:00,52959.0,52959.0,52965.0,52958.0,52958.0,10
2026-09-08 04:29:00-04:00,52946.0,52946.0,52955.0,52944.0,52955.0,38
2026-09-08 04:30:00-04:00,52935.0,52935.0,52946.0,52931.0,52945.0,61
2026-09-08 04:31:00-04:00,52948.0,52948.0,52957.0,52939.0,52939.0,27
2026-09-08 04:32:00-04:00,52948.0,52948.0,52950.0,52946.0,52948.0,27
2026-09-08 04:33:00-04:00,52964.0,52964.0,52968.0,52948.0,52949.0,26
2026-09-08 04:34:00-04:00,52975.0,52975.0,52979.0,52945.0,52968.0,29
2026-09-08 04:35:00-04:00,52960.0,52960.0,52974.0,52960.0,52973.0,7
2026-09-08 04:36:00-04:00,52963.0,52963.0,52964.0,52959.0,52961.0,17
2026-09-08 04:37:00-04:00,52942.0,52942.0,52963.0,52939.0,52963.0,11
2026-09-08 04:38:00-04:00,52947.0,52947.0,52950.0,52943.0,52944.0,19
2026-09-08 04:39:00-04:00,52952.0,52952.0,52955.0,52949.0,52950.0,10
2026-09-08 04:40:00-04:00,52953.0,52953.0,52954.0,52952.0,52954.0,4
2026-09-08 04:41:00-04:00,52953.0,52953.0,52956.0,52947.0,52956.0,8
2026-09-08 04:42:00-04:00,52949.0,52949.0,52953.0,52949.0,52953.0,2
2026-09-08 04:43:00-04:00,52961.0,52961.0,52969.0,52954.0,52954.0,22
2026-09-08 04:44:00-04:00,52949.0,52949.0,52958.0,52947.0,52958.0,8
2026-09-08 04:45:00-04:00,52974.0,52974.0,52988.0,52941.0,52949.0,64
2026-09-08 04:46:00-04:00,52984.0,52984.0,52984.0,52971.0,52980.0,22
2026-09-08 04:47:00-04:00,52966.0,52966.0,52981.0,52965.0,52976.0,10
2026-09-08 04:48:00-04:00,52955.0,52955.0,52964.0,52955.0,52964.0,10
2026-09-08 04:49:00-04:00,52957.0,52957.0,52958.0,52948.0,52948.0,5
2026-09-08 04:50:00-04:00,52962.0,52962.0,52966.0,52956.0,52959.0,15
2026-09-08 04:51:00-04:00,52937.0,52937.0,52957.0,52937.0,52957.0,14
2026-09-08 04:52:00-04:00,52954.0,52954.0,52955.0,52938.0,52940.0,17
2026-09-08 04:53:00-04:00,52961.0,52961.0,52963.0,52953.0,52957.0,20
2026-09-08 04:54:00-04:00,52971.0,52971.0,52977.0,52960.0,52961.0,16
2026-09-08 04:55:00-04:00,52973.0,52973.0,52973.0,52968.0,52970.0,18
2026-09-08 04:56:00-04:00,52987.0,52987.0,52990.0,52972.0,52972.0,20
2026-09-08 04:57:00-04:00,52979.0,52979.0,52986.0,52978.0,52985.0,18
2026-09-08 04:58:00-04:00,52986.0,52986.0,52989.0,52978.0,52978.0,6
2026-09-08 04:59:00-04:00,52989.0,52989.0,52989.0,52975.0,52983.0,23
2026-09-08 05:00:00-04:00,52965.0,52965.0,52986.0,52965.0,52986.0,13
2026-09-08 05:01:00-04:00,52989.0,52989.0,52989.0,52977.0,52977.0,15
2026-09-08 05:02:00-04:00,52989.0,52989.0,52993.0,52986.0,52988.0,22
2026-09-08 05:03:00-04:00,52990.0,52990.0,52998.0,52990.0,52998.0,13
2026-09-08 05:04:00-04:00,52996.0,52996.0,53001.0,52991.0,52991.0,12
2026-09-08 05:05:00-04:00,52994.0,52994.0,53000.0,52993.0,52994.0,8
2026-09-08 05:06:00-04:00,52998.0,52998.0,53011.0,52998.0,53003.0,20
2026-09-08 05:07:00-04:00,52992.0,52992.0,53000.0,52991.0,52999.0,19
2026-09-08 05:08:00-04:00,52984.0,52984.0,52992.0,52984.0,52992.0,8
2026-09-08 05:09:00-04:00,52980.0,52980.0,52985.0,52976.0,52985.0,13
2026-09-08 05:10:00-04:00,52985.0,52985.0,52988.0,52977.0,52981.0,39
2026-09-08 05:11:00-04:00,52990.0,52990.0,52990.0,52984.0,52984.0,15
2026-09-08 05:12:00-04:00,52996.0,52996.0,52997.0,52993.0,52994.0,10
2026-09-08 05:13:00-04:00,52995.0,52995.0,53004.0,52995.0,52998.0,27
2026-09-08 05:14:00-04:00,52994.0,52994.0,52996.0,52993.0,52996.0,5
2026-09-08 05:15:00-04:00,52992.0,52992.0,52997.0,52992.0,52994.0,11
2026-09-08 05:16:00-04:00,52989.0,52989.0,52989.0,52984.0,52989.0,10
2026-09-08 05:17:00-04:00,52992.0,52992.0,52992.0,52985.0,52985.0,13
2026-09-08 05:18:00-04:00,52985.0,52985.0,52989.0,52985.0,52987.0,4
2026-09-08 05:19:00-04:00,52998.0,52998.0,52998.0,52983.0,52983.0,56
2026-09-08 05:20:00-04:00,53007.0,53007.0,53013.0,53003.0,53003.0,16
2026-09-08 05:21:00-04:00,53010.0,53010.0,53013.0,53002.0,53007.0,34
2026-09-08 05:22:00-04:00,53011.0,53011.0,53011.0,53009.0,53009.0,2
2026-09-08 05:23:00-04:00,53017.0,53017.0,53017.0,53009.0,53011.0,16
2026-09-08 05:24:00-04:00,53021.0,53021.0,53021.0,53009.0,53015.0,28
2026-09-08 05:25:00-04:00,53018.0,53018.0,53024.0,53014.0,53022.0,37
2026-09-08 05:26:00-04:00,53012.0,53012.0,53018.0,53012.0,53018.0,16
2026-09-08 05:27:00-04:00,53017.0,53017.0,53017.0,53011.0,53011.0,7
2026-09-08 05:28:00-04:00,53011.0,53011.0,53021.0,53011.0,53020.0,6
2026-09-08 05:29:00-04:00,53022.0,53022.0,53022.0,53013.0,53013.0,7
2026-09-08 05:30:00-04:00,53024.0,53024.0,53024.0,53019.0,53021.0,20
2026-09-08 05:31:00-04:00,53026.0,53026.0,53028.0,53024.0,53026.0,17
2026-09-08 05:32:00-04:00,53029.0,53029.0,53034.0,53027.0,53030.0,26
2026-09-08 05:33:00-04:00,53025.0,53025.0,53031.0,53022.0,53031.0,13
2026-09-08 05:34:00-04:00,53024.0,53024.0,53026.0,53024.0,53025.0,8
2026-09-08 05:35:00-04:00,53037.0,53037.0,53038.0,53027.0,53027.0,25
2026-09-08 05:36:00-04:00,53028.0,53028.0,53037.0,53028.0,53036.0,25
2026-09-08 05:37:00-04:00,53027.0,53027.0,53031.0,53026.0,53029.0,8
2026-09-08 05:38:00-04:00,53032.0,53032.0,53033.0,53028.0,53030.0,11
2026-09-08 05:39:00-04:00,53031.0,53031.0,53032.0,53030.0,53030.0,9
2026-09-08 05:40:00-04:00,53040.0,53040.0,53061.0,53030.0,53030.0,73
2026-09-08 05:41:00-04:00,53055.0,53055.0,53072.0,53037.0,53040.0,97
2026-09-08 05:42:00-04:00,53056.0,53056.0,53060.0,53050.0,53053.0,27
2026-09-08 05:43:00-04:00,53042.0,53042.0,53051.0,53042.0,53051.0,14
2026-09-08 05:44:00-04:00,53041.0,53041.0,53044.0,53036.0,53040.0,13
2026-09-08 05:45:00-04:00,53033.0,53033.0,53040.0,53033.0,53040.0,6
2026-09-08 05:46:00-04:00,53037.0,53037.0,53041.0,53037.0,53037.0,16
2026-09-08 05:47:00-04:00,53054.0,53054.0,53054.0,53036.0,53036.0,10
2026-09-08 05:48:00-04:00,53048.0,53048.0,53052.0,53047.0,53052.0,5
2026-09-08 05:49:00-04:00,53055.0,53055.0,53057.0,53047.0,53047.0,13
2026-09-08 05:50:00-04:00,53063.0,53063.0,53063.0,53055.0,53057.0,10
2026-09-08 05:51:00-04:00,53063.0,53063.0,53067.0,53063.0,53064.0,7
2026-09-08 05:52:00-04:00,53068.0,53068.0,53074.0,53062.0,53062.0,19
2026-09-08 05:53:00-04:00,53056.0,53056.0,53064.0,53056.0,53063.0,20
2026-09-08 05:54:00-04:00,53058.0,53058.0,53058.0,53052.0,53056.0,11
2026-09-08 05:55:00-04:00,53065.0,53065.0,53065.0,53059.0,53059.0,15
2026-09-08 05:56:00-04:00,53061.0,53061.0,53062.0,53059.0,53062.0,15
2026-09-08 05:57:00-04:00,53060.0,53060.0,53061.0,53059.0,53061.0,7
2026-09-08 05:58:00-04:00,53063.0,53063.0,53067.0,53062.0,53062.0,14
2026-09-08 05:59:00-04:00,53082.0,53082.0,53084.0,53068.0,53068.0,55
2026-09-08 06:00:00-04:00,53072.0,53072.0,53082.0,53072.0,53077.0,26
2026-09-08 06:01:00-04:00,53075.0,53075.0,53082.0,53075.0,53080.0,22
2026-09-08 06:02:00-04:00,53079.0,53079.0,53081.0,53077.0,53077.0,15
2026-09-08 06:03:00-04:00,53073.0,53073.0,53077.0,53072.0,53075.0,6
2026-09-08 06:04:00-04:00,53064.0,53064.0,53067.0,53062.0,53067.0,5
2026-09-08 06:05:00-04:00,53061.0,53061.0,53064.0,53059.0,53061.0,11
2026-09-08 06:06:00-04:00,53067.0,53067.0,53069.0,53062.0,53062.0,10
2026-09-08 06:07:00-04:00,53063.0,53063.0,53065.0,53063.0,53065.0,3
2026-09-08 06:08:00-04:00,53070.0,53070.0,53072.0,53069.0,53069.0,4
2026-09-08 06:09:00-04:00,53061.0,53061.0,53071.0,53061.0,53071.0,10
2026-09-08 06:10:00-04:00,53066.0,53066.0,53066.0,53058.0,53058.0,6
2026-09-08 06:11:00-04:00,53054.0,53054.0,53065.0,53054.0,53065.0,31
2026-09-08 06:12:00-04:00,53051.0,53051.0,53054.0,53050.0,53053.0,19
2026-09-08 06:13:00-04:00,53047.0,53047.0,53049.0,53047.0,53049.0,2
2026-09-08 06:14:00-04:00,53051.0,53051.0,53051.0,53046.0,53047.0,6
2026-09-08 06:15:00-04:00,53054.0,53054.0,53054.0,53048.0,53051.0,15
2026-09-08 06:16:00-04:00,53054.0,53054.0,53057.0,53051.0,53055.0,7
2026-09-08 06:17:00-04:00,53054.0,53054.0,53054.0,53053.0,53054.0,4
2026-09-08 06:18:00-04:00,53048.0,53048.0,53050.0,53048.0,53050.0,6
2026-09-08 06:19:00-04:00,53054.0,53054.0,53055.0,53050.0,53050.0,5
2026-09-08 06:20:00-04:00,53097.0,53097.0,53142.0,53051.0,53054.0,395
2026-09-08 06:21:00-04:00,53093.0,53093.0,53104.0,53085.0,53104.0,54
2026-09-08 06:22:00-04:00,53086.0,53086.0,53098.0,53083.0,53097.0,34
2026-09-08 06:23:00-04:00,53082.0,53082.0,53083.0,53076.0,53083.0,15
2026-09-08 06:24:00-04:00,53075.0,53075.0,53084.0,53075.0,53082.0,6
2026-09-08 06:25:00-04:00,53072.0,53072.0,53078.0,53072.0,53078.0,6
2026-09-08 06:26:00-04:00,53066.0,53066.0,53075.0,53066.0,53075.0,12
2026-09-08 06:27:00-04:00,53065.0,53065.0,53070.0,53061.0,53068.0,26
2026-09-08 06:28:00-04:00,53072.0,53072.0,53072.0,53066.0,53066.0,12
2026-09-08 06:29:00-04:00,53066.0,53066.0,53067.0,53065.0,53066.0,16
2026-09-08 06:30:00-04:00,53063.0,53063.0,53067.0,53059.0,53066.0,16
2026-09-08 06:31:00-04:00,53059.0,53059.0,53060.0,53052.0,53060.0,14
2026-09-08 06:32:00-04:00,53051.0,53051.0,53057.0,53051.0,53056.0,6
2026-09-08 06:33:00-04:00,53043.0,53043.0,53055.0,53042.0,53055.0,22
2026-09-08 06:34:00-04:00,53047.0,53047.0,53048.0,53038.0,53040.0,12
2026-09-08 06:35:00-04:00,53049.0,53049.0,53049.0,53043.0,53044.0,6
2026-09-08 06:36:00-04:00,53053.0,53053.0,53053.0,53048.0,53050.0,13
2026-09-08 06:37:00-04:00,53049.0,53049.0,53051.0,53049.0,53051.0,5
2026-09-08 06:38:00-04:00,53050.0,53050.0,53053.0,53048.0,53051.0,9
2026-09-08 06:39:00-04:00,53049.0,53049.0,53052.0,53047.0,53048.0,15
2026-09-08 06:40:00-04:00,53041.0,53041.0,53048.0,53041.0,53048.0,4
2026-09-08 06:41:00-04:00,53047.0,53047.0,53047.0,53042.0,53042.0,3
2026-09-08 06:42:00-04:00,53045.0,53045.0,53050.0,53045.0,53046.0,7
2026-09-08 06:43:00-04:00,53044.0,53044.0,53053.0,53044.0,53053.0,4
2026-09-08 06:44:00-04:00,53051.0,53051.0,53051.0,53042.0,53042.0,12
2026-09-08 06:45:00-04:00,53050.0,53050.0,53051.0,53050.0,53050.0,8
2026-09-08 06:46:00-04:00,53051.0,53051.0,53056.0,53050.0,53051.0,9
2026-09-08 06:47:00-04:00,53050.0,53050.0,53050.0,53048.0,53050.0,6
2026-09-08 06:48:00-04:00,53055.0,53055.0,53055.0,53048.0,53049.0,7
2026-09-08 06:50:00-04:00,53040.0,53040.0,53045.0,53040.0,53045.0,17
2026-09-08 06:51:00-04:00,53042.0,53042.0,53047.0,53042.0,53044.0,11
2026-09-08 06:52:00-04:00,53036.0,53036.0,53042.0,53036.0,53042.0,10
2026-09-08 06:53:00-04:00,53036.0,53036.0,53037.0,53021.0,53030.0,30
2026-09-08 06:54:00-04:00,53040.0,53040.0,53040.0,53036.0,53036.0,6
2026-09-08 06:55:00-04:00,53035.0,53035.0,53041.0,53034.0,53038.0,25
2026-09-08 06:56:00-04:00,53040.0,53040.0,53041.0,53034.0,53035.0,9
2026-09-08 06:57:00-04:00,53034.0,53034.0,53040.0,53034.0,53040.0,3
2026-09-08 06:58:00-04:00,53034.0,53034.0,53034.0,53034.0,53034.0,1
2026-09-08 06:59:00-04:00,53030.0,53030.0,53032.0,53028.0,53032.0,7
2026-09-08 07:00:00-04:00,53030.0,53030.0,53039.0,53027.0,53030.0,25
2026-09-08 07:01:00-04:00,53027.0,53027.0,53028.0,53024.0,53027.0,8
2026-09-08 07:02:00-04:00,53016.0,53016.0,53026.0,53014.0,53026.0,38
2026-09-08 07:03:00-04:00,53020.0,53020.0,53026.0,53012.0,53013.0,34
2026-09-08 07:04:00-04:00,53020.0,53020.0,53022.0,53016.0,53021.0,22
2026-09-08 07:05:00-04:00,53029.0,53029.0,53030.0,53022.0,53023.0,18
2026-09-08 07:06:00-04:00,53028.0,53028.0,53028.0,53022.0,53027.0,9
2026-09-08 07:07:00-04:00,53019.0,53019.0,53029.0,53019.0,53029.0,11
2026-09-08 07:08:00-04:00,53001.0,53001.0,53016.0,53001.0,53016.0,15
2026-09-08 07:09:00-04:00,53029.0,53029.0,53060.0,53005.0,53007.0,178
2026-09-08 07:10:00-04:00,53007.0,53007.0,53026.0,53007.0,53026.0,26
2026-09-08 07:11:00-04:00,52996.0,52996.0,53010.0,52996.0,53010.0,25
2026-09-08 07:12:00-04:00,53001.0,53001.0,53001.0,52993.0,52993.0,19
2026-09-08 07:13:00-04:00,52995.0,52995.0,52996.0,52994.0,52996.0,5
2026-09-08 07:14:00-04:00,53005.0,53005.0,53005.0,52998.0,52998.0,14
2026-09-08 07:15:00-04:00,53019.0,53019.0,53019.0,53005.0,53006.0,11
2026-09-08 07:16:00-04:00,53020.0,53020.0,53021.0,53016.0,53018.0,25
2026-09-08 07:17:00-04:00,53021.0,53021.0,53021.0,53014.0,53021.0,7
2026-09-08 07:18:00-04:00,53024.0,53024.0,53024.0,53020.0,53021.0,13
2026-09-08 07:19:00-04:00,53031.0,53031.0,53032.0,53031.0,53032.0,2
2026-09-08 07:20:00-04:00,53034.0,53034.0,53041.0,53030.0,53036.0,21
2026-09-08 07:21:00-04:00,53021.0,53021.0,53030.0,53020.0,53030.0,13
2026-09-08 07:22:00-04:00,53024.0,53024.0,53025.0,53015.0,53023.0,9
2026-09-08 07:23:00-04:00,53019.0,53019.0,53026.0,53019.0,53025.0,4
2026-09-08 07:24:00-04:00,53016.0,53016.0,53023.0,53016.0,53019.0,4
2026-09-08 07:25:00-04:00,53017.0,53017.0,53018.0,53017.0,53017.0,3
2026-09-08 07:26:00-04:00,53009.0,53009.0,53013.0,53009.0,53013.0,9
2026-09-08 07:27:00-04:00,53009.0,53009.0,53011.0,53008.0,53011.0,8
2026-09-08 07:28:00-04:00,53008.0,53008.0,53015.0,53007.0,53013.0,16
2026-09-08 07:29:00-04:00,53005.0,53005.0,53005.0,53003.0,53005.0,10
2026-09-08 07:30:00-04:00,53004.0,53004.0,53004.0,52999.0,53002.0,29
2026-09-08 07:31:00-04:00,52996.0,52996.0,53003.0,52995.0,53002.0,20
2026-09-08 07:32:00-04:00,53003.0,53003.0,53003.0,52997.0,52997.0,7
2026-09-08 07:33:00-04:00,53005.0,53005.0,53007.0,53001.0,53002.0,9
2026-09-08 07:34:00-04:00,53018.0,53018.0,53018.0,53009.0,53009.0,4
2026-09-08 07:35:00-04:00,53022.0,53022.0,53022.0,53015.0,53018.0,19
2026-09-08 07:36:00-04:00,53020.0,53020.0,53020.0,53013.0,53017.0,17
2026-09-08 07:37:00-04:00,53013.0,53013.0,53021.0,53013.0,53021.0,14
2026-09-08 07:38:00-04:00,53015.0,53015.0,53017.0,53012.0,53012.0,10
2026-09-08 07:39:00-04:00,53018.0,53018.0,53018.0,53016.0,53016.0,8
2026-09-08 07:40:00-04:00,53012.0,53012.0,53013.0,53007.0,53009.0,5
2026-09-08 07:41:00-04:00,52996.0,52996.0,53008.0,52994.0,53008.0,21
2026-09-08 07:42:00-04:00,53001.0,53001.0,53001.0,52997.0,52999.0,10
2026-09-08 07:43:00-04:00,53006.0,53006.0,53007.0,53002.0,53002.0,16
2026-09-08 07:44:00-04:00,53009.0,53009.0,53010.0,53007.0,53007.0,14
2026-09-08 07:45:00-04:00,53000.0,53000.0,53010.0,52998.0,53008.0,24
2026-09-08 07:46:00-04:00,52997.0,52997.0,53005.0,52997.0,53000.0,17
2026-09-08 07:47:00-04:00,53008.0,53008.0,53008.0,53000.0,53001.0,14
2026-09-08 07:48:00-04:00,53007.0,53007.0,53008.0,53004.0,53007.0,12
2026-09-08 07:49:00-04:00,53018.0,53018.0,53020.0,53011.0,53011.0,12
2026-09-08 07:50:00-04:00,53025.0,53025.0,53031.0,53017.0,53017.0,36
2026-09-08 07:51:00-04:00,53020.0,53020.0,53029.0,53020.0,53029.0,8
2026-09-08 07:52:00-04:00,53016.0,53016.0,53016.0,53010.0,53012.0,10
2026-09-08 07:53:00-04:00,53033.0,53033.0,53033.0,53017.0,53019.0,17
2026-09-08 07:54:00-04:00,53035.0,53035.0,53035.0,53029.0,53034.0,38
2026-09-08 07:55:00-04:00,53041.0,53041.0,53042.0,53026.0,53031.0,19
2026-09-08 07:56:00-04:00,53034.0,53034.0,53037.0,53034.0,53037.0,2
2026-09-08 07:57:00-04:00,53044.0,53044.0,53044.0,53033.0,53037.0,8
2026-09-08 07:58:00-04:00,53058.0,53058.0,53061.0,53045.0,53045.0,29
2026-09-08 07:59:00-04:00,53058.0,53058.0,53063.0,53054.0,53058.0,16
2026-09-08 08:00:00-04:00,53043.0,53043.0,53060.0,53039.0,53060.0,38
2026-09-08 08:01:00-04:00,53042.0,53042.0,53047.0,53042.0,53042.0,19
2026-09-08 08:02:00-04:00,53042.0,53042.0,53046.0,53039.0,53041.0,12
2026-09-08 08:03:00-04:00,53036.0,53036.0,53045.0,53036.0,53044.0,23
2026-09-08 08:04:00-04:00,53032.0,53032.0,53040.0,53032.0,53040.0,5
2026-09-08 08:05:00-04:00,53028.0,53028.0,53033.0,53025.0,53029.0,52
2026-09-08 08:06:00-04:00,53026.0,53026.0,53028.0,53020.0,53025.0,14
2026-09-08 08:07:00-04:00,53022.0,53022.0,53028.0,53022.0,53027.0,7
2026-09-08 08:08:00-04:00,53016.0,53016.0,53023.0,53013.0,53020.0,31
2026-09-08 08:09:00-04:00,53023.0,53023.0,53025.0,53016.0,53016.0,14
2026-09-08 08:10:00-04:00,53013.0,53013.0,53020.0,53012.0,53020.0,10
2026-09-08 08:11:00-04:00,53016.0,53016.0,53018.0,53007.0,53014.0,27
2026-09-08 08:12:00-04:00,52998.0,52998.0,53016.0,52995.0,53016.0,17
2026-09-08 08:13:00-04:00,52986.0,52986.0,53000.0,52986.0,52998.0,22
2026-09-08 08:14:00-04:00,52980.0,52980.0,52988.0,52980.0,52983.0,34
2026-09-08 08:15:00-04:00,52972.0,52972.0,52985.0,52964.0,52983.0,57
2026-09-08 08:16:00-04:00,52970.0,52970.0,52972.0,52965.0,52972.0,48
2026-09-08 08:17:00-04:00,52971.0,52971.0,52975.0,52967.0,52967.0,19
2026-09-08 08:18:00-04:00,53003.0,53003.0,53006.0,52976.0,52976.0,41
2026-09-08 08:19:00-04:00,53003.0,53003.0,53008.0,52996.0,53000.0,17
2026-09-08 08:20:00-04:00,53005.0,53005.0,53009.0,52995.0,53009.0,42
2026-09-08 08:21:00-04:00,53006.0,53006.0,53011.0,53005.0,53006.0,49
2026-09-08 08:22:00-04:00,52993.0,52993.0,53010.0,52991.0,53006.0,59
2026-09-08 08:23:00-04:00,52995.0,52995.0,52998.0,52989.0,52991.0,52
2026-09-08 08:24:00-04:00,53003.0,53003.0,53009.0,52998.0,52998.0,40
2026-09-08 08:25:00-04:00,53009.0,53009.0,53015.0,53002.0,53002.0,33
2026-09-08 08:26:00-04:00,53009.0,53009.0,53012.0,53002.0,53010.0,44
2026-09-08 08:27:00-04:00,53021.0,53021.0,53021.0,53010.0,53010.0,48
2026-09-08 08:28:00-04:00,53021.0,53021.0,53023.0,53016.0,53021.0,16
2026-09-08 08:29:00-04:00,53035.0,53035.0,53035.0,53017.0,53017.0,45
2026-09-08 08:30:00-04:00,53040.0,53040.0,53040.0,53028.0,53034.0,61
2026-09-08 08:31:00-04:00,53047.0,53047.0,53049.0,53038.0,53039.0,39
2026-09-08 08:32:00-04:00,53062.0,53062.0,53063.0,53050.0,53050.0,52
2026-09-08 08:33:00-04:00,53061.0,53061.0,53072.0,53055.0,53062.0,136
2026-09-08 08:34:00-04:00,53053.0,53053.0,53065.0,53052.0,53062.0,28
2026-09-08 08:35:00-04:00,53055.0,53055.0,53055.0,53047.0,53053.0,23
2026-09-08 08:36:00-04:00,53065.0,53065.0,53071.0,53055.0,53055.0,45
2026-09-08 08:37:00-04:00,53061.0,53061.0,53062.0,53054.0,53061.0,36
2026-09-08 08:38:00-04:00,53057.0,53057.0,53061.0,53053.0,53061.0,31
2026-09-08 08:39:00-04:00,53069.0,53069.0,53069.0,53054.0,53055.0,28
2026-09-08 08:40:00-04:00,53071.0,53071.0,53076.0,53068.0,53069.0,36
2026-09-08 08:41:00-04:00,53082.0,53082.0,53083.0,53068.0,53072.0,63
2026-09-08 08:42:00-04:00,53081.0,53081.0,53089.0,53079.0,53081.0,63
2026-09-08 08:43:00-04:00,53080.0,53080.0,53084.0,53072.0,53081.0,38
2026-09-08 08:44:00-04:00,53090.0,53090.0,53090.0,53080.0,53082.0,24
2026-09-08 08:45:00-04:00,53080.0,53080.0,53094.0,53080.0,53091.0,29
2026-09-08 08:46:00-04:00,53081.0,53081.0,53086.0,53074.0,53082.0,38
2026-09-08 08:47:00-04:00,53082.0,53082.0,53086.0,53078.0,53079.0,21
2026-09-08 08:48:00-04:00,53100.0,53100.0,53100.0,53082.0,53082.0,34
2026-09-08 08:49:00-04:00,53110.0,53110.0,53110.0,53095.0,53100.0,54
2026-09-08 08:50:00-04:00,53108.0,53108.0,53111.0,53101.0,53111.0,26
2026-09-08 08:51:00-04:00,53099.0,53099.0,53111.0,53099.0,53109.0,17
2026-09-08 08:52:00-04:00,53100.0,53100.0,53100.0,53091.0,53098.0,27
2026-09-08 08:53:00-04:00,53104.0,53104.0,53104.0,53093.0,53101.0,26
2026-09-08 08:54:00-04:00,53119.0,53119.0,53119.0,53101.0,53102.0,59
2026-09-08 08:55:00-04:00,53100.0,53100.0,53118.0,53095.0,53118.0,58
2026-09-08 08:56:00-04:00,53102.0,53102.0,53103.0,53098.0,53101.0,56
2026-09-08 08:57:00-04:00,53099.0,53099.0,53103.0,53096.0,53102.0,34
2026-09-08 08:58:00-04:00,53096.0,53096.0,53100.0,53095.0,53100.0,28
2026-09-08 08:59:00-04:00,53110.0,53110.0,53110.0,53096.0,53099.0,69
2026-09-08 09:00:00-04:00,53102.0,53102.0,53115.0,53098.0,53113.0,30
2026-09-08 09:01:00-04:00,53096.0,53096.0,53106.0,53095.0,53103.0,35
2026-09-08 09:02:00-04:00,53081.0,53081.0,53098.0,53076.0,53097.0,51
2026-09-08 09:03:00-04:00,53087.0,53087.0,53089.0,53084.0,53084.0,30
2026-09-08 09:04:00-04:00,53101.0,53101.0,53101.0,53090.0,53091.0,24
2026-09-08 09:05:00-04:00,53109.0,53109.0,53109.0,53098.0,53102.0,28
2026-09-08 09:06:00-04:00,53113.0,53113.0,53115.0,53106.0,53110.0,22
2026-09-08 09:07:00-04:00,53116.0,53116.0,53117.0,53111.0,53113.0,24
2026-09-08 09:08:00-04:00,53122.0,53122.0,53125.0,53116.0,53116.0,56
2026-09-08 09:09:00-04:00,53111.0,53111.0,53120.0,53108.0,53120.0,20
2026-09-08 09:10:00-04:00,53114.0,53114.0,53114.0,53110.0,53112.0,8
2026-09-08 09:11:00-04:00,53107.0,53107.0,53117.0,53105.0,53112.0,23
2026-09-08 09:12:00-04:00,53101.0,53101.0,53109.0,53101.0,53108.0,40
2026-09-08 09:13:00-04:00,53101.0,53101.0,53104.0,53100.0,53102.0,20
2026-09-08 09:14:00-04:00,53104.0,53104.0,53106.0,53100.0,53102.0,15
2026-09-08 09:15:00-04:00,53107.0,53107.0,53107.0,53097.0,53104.0,16
2026-09-08 09:16:00-04:00,53114.0,53114.0,53119.0,53106.0,53109.0,32
2026-09-08 09:17:00-04:00,53110.0,53110.0,53116.0,53108.0,53116.0,12
2026-09-08 09:18:00-04:00,53114.0,53114.0,53119.0,53113.0,53114.0,36
2026-09-08 09:19:00-04:00,53115.0,53115.0,53115.0,53109.0,53114.0,25
2026-09-08 09:20:00-04:00,53109.0,53109.0,53114.0,53106.0,53114.0,19
2026-09-08 09:21:00-04:00,53108.0,53108.0,53108.0,53103.0,53108.0,6
2026-09-08 09:22:00-04:00,53113.0,53113.0,53118.0,53109.0,53109.0,33
2026-09-08 09:23:00-04:00,53117.0,53117.0,53120.0,53114.0,53114.0,15
2026-09-08 09:24:00-04:00,53102.0,53102.0,53115.0,53102.0,53115.0,50
2026-09-08 09:25:00-04:00,53117.0,53117.0,53119.0,53100.0,53101.0,76
2026-09-08 09:26:00-04:00,53117.0,53117.0,53120.0,53105.0,53117.0,76
2026-09-08 09:27:00-04:00,53093.0,53093.0,53116.0,53088.0,53116.0,129
2026-09-08 09:28:00-04:00,53072.0,53072.0,53092.0,53060.0,53092.0,219
2026-09-08 09:29:00-04:00,53055.0,53055.0,53071.0,53039.0,53071.0,286
2026-09-08 09:30:00-04:00,52991.0,52991.0,53074.0,52966.0,53058.0,1415
2026-09-08 09:31:00-04:00,52918.0,52918.0,52994.0,52905.0,52994.0,1029
2026-09-08 09:32:00-04:00,53003.0,53003.0,53012.0,52909.0,52919.0,994
2026-09-08 09:33:00-04:00,53028.0,53028.0,53039.0,52997.0,53005.0,580
2026-09-08 09:34:00-04:00,52970.0,52970.0,53047.0,52970.0,53030.0,534
2026-09-08 09:35:00-04:00,52983.0,52983.0,53003.0,52956.0,52974.0,644
2026-09-08 09:36:00-04:00,52973.0,52973.0,53000.0,52968.0,52982.0,354
2026-09-08 09:37:00-04:00,52986.0,52986.0,52991.0,52960.0,52976.0,280
2026-09-08 09:38:00-04:00,52985.0,52985.0,53002.0,52984.0,52988.0,283
2026-09-08 09:39:00-04:00,52979.0,52979.0,53001.0,52979.0,52986.0,339
2026-09-08 09:40:00-04:00,52944.0,52944.0,52978.0,52941.0,52978.0,283
2026-09-08 09:41:00-04:00,52955.0,52955.0,52956.0,52929.0,52943.0,274
2026-09-08 09:42:00-04:00,52986.0,52986.0,52986.0,52935.0,52951.0,287
2026-09-08 09:43:00-04:00,53001.0,53001.0,53002.0,52966.0,52987.0,253
2026-09-08 09:44:00-04:00,53003.0,53003.0,53017.0,52988.0,53001.0,274
2026-09-08 09:45:00-04:00,53009.0,53009.0,53042.0,52998.0,53004.0,343
2026-09-08 09:46:00-04:00,53007.0,53007.0,53019.0,52992.0,53004.0,400
2026-09-08 09:47:00-04:00,53018.0,53018.0,53020.0,52995.0,53005.0,253
2026-09-08 09:48:00-04:00,53009.0,53009.0,53023.0,52997.0,53017.0,227
2026-09-08 09:49:00-04:00,52990.0,52990.0,53011.0,52975.0,53009.0,236
2026-09-08 09:50:00-04:00,52956.0,52956.0,52991.0,52951.0,52989.0,251
2026-09-08 09:51:00-04:00,52965.0,52965.0,52967.0,52948.0,52954.0,189
2026-09-08 09:52:00-04:00,52955.0,52955.0,52970.0,52953.0,52966.0,132
2026-09-08 09:53:00-04:00,52950.0,52950.0,52963.0,52945.0,52957.0,151
2026-09-08 09:54:00-04:00,52946.0,52946.0,52954.0,52935.0,52948.0,143
2026-09-08 09:55:00-04:00,52968.0,52968.0,52973.0,52940.0,52944.0,290
2026-09-08 09:56:00-04:00,52960.0,52960.0,52983.0,52950.0,52967.0,171
2026-09-08 09:57:00-04:00,52964.0,52964.0,52969.0,52947.0,52957.0,255
2026-09-08 09:58:00-04:00,52945.0,52945.0,52960.0,52939.0,52959.0,131
2026-09-08 09:59:00-04:00,52916.0,52916.0,52944.0,52911.0,52942.0,207
2026-09-08 10:00:00-04:00,52941.0,52941.0,52941.0,52916.0,52918.0,243
2026-09-08 10:01:00-04:00,52901.0,52901.0,52945.0,52894.0,52940.0,366
2026-09-08 10:02:00-04:00,52883.0,52883.0,52905.0,52872.0,52900.0,297
2026-09-08 10:03:00-04:00,52840.0,52840.0,52880.0,52827.0,52880.0,549
2026-09-08 10:04:00-04:00,52873.0,52873.0,52874.0,52831.0,52837.0,389
2026-09-08 10:05:00-04:00,52875.0,52875.0,52879.0,52858.0,52873.0,257
2026-09-08 10:06:00-04:00,52843.0,52843.0,52878.0,52842.0,52877.0,155
2026-09-08 10:07:00-04:00,52839.0,52839.0,52847.0,52832.0,52843.0,190
2026-09-08 10:08:00-04:00,52817.0,52817.0,52835.0,52807.0,52835.0,373
2026-09-08 10:09:00-04:00,52803.0,52803.0,52824.0,52800.0,52819.0,201
2026-09-08 10:10:00-04:00,52791.0,52791.0,52801.0,52770.0,52801.0,512
2026-09-08 10:11:00-04:00,52779.0,52779.0,52810.0,52777.0,52792.0,233
2026-09-08 10:12:00-04:00,52806.0,52806.0,52819.0,52776.0,52777.0,275
2026-09-08 10:13:00-04:00,52821.0,52821.0,52827.0,52796.0,52808.0,191
2026-09-08 10:14:00-04:00,52808.0,52808.0,52827.0,52795.0,52818.0,150
2026-09-08 10:15:00-04:00,52809.0,52809.0,52814.0,52796.0,52805.0,160
2026-09-08 10:16:00-04:00,52803.0,52803.0,52817.0,52800.0,52811.0,139
2026-09-08 10:17:00-04:00,52784.0,52784.0,52803.0,52779.0,52800.0,170
2026-09-08 10:18:00-04:00,52776.0,52776.0,52791.0,52766.0,52790.0,183
2026-09-08 10:19:00-04:00,52792.0,52792.0,52795.0,52768.0,52779.0,134
2026-09-08 10:20:00-04:00,52790.0,52790.0,52795.0,52778.0,52790.0,98
2026-09-08 10:21:00-04:00,52780.0,52780.0,52801.0,52778.0,52796.0,220
2026-09-08 10:22:00-04:00,52781.0,52781.0,52795.0,52775.0,52780.0,113
2026-09-08 10:23:00-04:00,52806.0,52806.0,52806.0,52782.0,52782.0,129
2026-09-08 10:24:00-04:00,52820.0,52820.0,52824.0,52803.0,52803.0,193
2026-09-08 10:25:00-04:00,52808.0,52808.0,52828.0,52808.0,52820.0,193
2026-09-08 10:26:00-04:00,52792.0,52792.0,52813.0,52792.0,52806.0,124
2026-09-08 10:27:00-04:00,52769.0,52769.0,52794.0,52767.0,52791.0,162
2026-09-08 10:28:00-04:00,52763.0,52763.0,52776.0,52761.0,52771.0,108
2026-09-08 10:29:00-04:00,52760.0,52760.0,52771.0,52758.0,52765.0,186
2026-09-08 10:30:00-04:00,52771.0,52771.0,52784.0,52761.0,52761.0,218
2026-09-08 10:31:00-04:00,52789.0,52789.0,52789.0,52773.0,52774.0,124
2026-09-08 10:32:00-04:00,52782.0,52782.0,52795.0,52778.0,52790.0,107
2026-09-08 10:33:00-04:00,52785.0,52785.0,52786.0,52768.0,52773.0,83
2026-09-08 10:34:00-04:00,52792.0,52792.0,52795.0,52782.0,52787.0,66
2026-09-08 10:35:00-04:00,52796.0,52796.0,52796.0,52782.0,52791.0,45
2026-09-08 10:36:00-04:00,52803.0,52803.0,52803.0,52786.0,52797.0,110
2026-09-08 10:37:00-04:00,52806.0,52806.0,52806.0,52784.0,52796.0,115
2026-09-08 10:38:00-04:00,52820.0,52820.0,52821.0,52790.0,52805.0,73
2026-09-08 10:39:00-04:00,52820.0,52820.0,52828.0,52813.0,52819.0,149
2026-09-08 10:40:00-04:00,52820.0,52820.0,52826.0,52811.0,52819.0,77
2026-09-08 10:41:00-04:00,52819.0,52819.0,52826.0,52815.0,52822.0,62
2026-09-08 10:42:00-04:00,52811.0,52811.0,52824.0,52808.0,52818.0,129
2026-09-08 10:43:00-04:00,52810.0,52810.0,52815.0,52808.0,52809.0,80
2026-09-08 10:44:00-04:00,52812.0,52812.0,52813.0,52802.0,52808.0,64
2026-09-08 10:45:00-04:00,52793.0,52793.0,52811.0,52778.0,52811.0,211
2026-09-08 10:46:00-04:00,52817.0,52817.0,52823.0,52791.0,52792.0,189
2026-09-08 10:47:00-04:00,52842.0,52842.0,52844.0,52813.0,52818.0,149
2026-09-08 10:48:00-04:00,52838.0,52838.0,52844.0,52829.0,52841.0,117
2026-09-08 10:49:00-04:00,52851.0,52851.0,52852.0,52834.0,52837.0,124
2026-09-08 10:50:00-04:00,52870.0,52870.0,52872.0,52843.0,52850.0,175
2026-09-08 10:51:00-04:00,52876.0,52876.0,52890.0,52870.0,52872.0,194
2026-09-08 10:52:00-04:00,52872.0,52872.0,52875.0,52851.0,52873.0,257
2026-09-08 10:53:00-04:00,52877.0,52877.0,52880.0,52867.0,52876.0,134
2026-09-08 10:54:00-04:00,52871.0,52871.0,52877.0,52865.0,52876.0,63
2026-09-08 10:55:00-04:00,52896.0,52896.0,52899.0,52867.0,52868.0,197
2026-09-08 10:56:00-04:00,52898.0,52898.0,52901.0,52891.0,52894.0,97
2026-09-08 10:57:00-04:00,52880.0,52880.0,52902.0,52879.0,52901.0,88
2026-09-08 10:58:00-04:00,52875.0,52875.0,52883.0,52871.0,52881.0,72
2026-09-08 10:59:00-04:00,52883.0,52883.0,52887.0,52865.0,52877.0,79
2026-09-08 11:00:00-04:00,52890.0,52890.0,52891.0,52876.0,52885.0,153
2026-09-08 11:01:00-04:00,52890.0,52890.0,52896.0,52885.0,52891.0,112
2026-09-08 11:02:00-04:00,52898.0,52898.0,52898.0,52883.0,52891.0,92
2026-09-08 11:03:00-04:00,52922.0,52922.0,52925.0,52897.0,52898.0,251
2026-09-08 11:04:00-04:00,52905.0,52905.0,52923.0,52905.0,52920.0,116
2026-09-08 11:05:00-04:00,52907.0,52907.0,52907.0,52895.0,52904.0,127
2026-09-08 11:06:00-04:00,52898.0,52898.0,52912.0,52898.0,52904.0,66
2026-09-08 11:07:00-04:00,52910.0,52910.0,52910.0,52898.0,52899.0,66
2026-09-08 11:08:00-04:00,52914.0,52914.0,52916.0,52905.0,52911.0,98
2026-09-08 11:09:00-04:00,52918.0,52918.0,52919.0,52906.0,52912.0,63
2026-09-08 11:10:00-04:00,52929.0,52929.0,52930.0,52916.0,52918.0,75
2026-09-08 11:11:00-04:00,52928.0,52928.0,52937.0,52925.0,52930.0,91
2026-09-08 11:12:00-04:00,52928.0,52928.0,52937.0,52926.0,52928.0,63
2026-09-08 11:13:00-04:00,52932.0,52932.0,52941.0,52926.0,52927.0,165
2026-09-08 11:14:00-04:00,52903.0,52903.0,52935.0,52903.0,52932.0,109
2026-09-08 11:15:00-04:00,52931.0,52931.0,52932.0,52902.0,52904.0,200
2026-09-08 11:16:00-04:00,52919.0,52919.0,52935.0,52916.0,52930.0,75
2026-09-08 11:17:00-04:00,52931.0,52931.0,52932.0,52922.0,52923.0,62
2026-09-08 11:18:00-04:00,52930.0,52930.0,52937.0,52930.0,52932.0,87
2026-09-08 11:19:00-04:00,52909.0,52909.0,52931.0,52906.0,52930.0,119
2026-09-08 11:20:00-04:00,52910.0,52910.0,52910.0,52899.0,52910.0,98
2026-09-08 11:21:00-04:00,52884.0,52884.0,52911.0,52879.0,52907.0,150
2026-09-08 11:22:00-04:00,52874.0,52874.0,52884.0,52864.0,52883.0,218
2026-09-08 11:23:00-04:00,52879.0,52879.0,52880.0,52864.0,52872.0,92
2026-09-08 11:24:00-04:00,52898.0,52898.0,52900.0,52874.0,52877.0,84
2026-09-08 11:25:00-04:00,52907.0,52907.0,52931.0,52898.0,52899.0,399
2026-09-08 11:26:00-04:00,52918.0,52918.0,52919.0,52908.0,52908.0,200
2026-09-08 11:27:00-04:00,52920.0,52920.0,52925.0,52913.0,52919.0,69
2026-09-08 11:28:00-04:00,52936.0,52936.0,52943.0,52922.0,52922.0,104
2026-09-08 11:29:00-04:00,52914.0,52914.0,52932.0,52913.0,52932.0,76
2026-09-08 11:30:00-04:00,52928.0,52928.0,52937.0,52912.0,52917.0,125
2026-09-08 11:31:00-04:00,52934.0,52934.0,52937.0,52920.0,52924.0,65
2026-09-08 11:32:00-04:00,52926.0,52926.0,52936.0,52925.0,52933.0,48
2026-09-08 11:33:00-04:00,52914.0,52914.0,52925.0,52910.0,52925.0,81
2026-09-08 11:34:00-04:00,52920.0,52920.0,52921.0,52908.0,52912.0,71
2026-09-08 11:35:00-04:00,52896.0,52896.0,52920.0,52894.0,52919.0,63
2026-09-08 11:36:00-04:00,52882.0,52882.0,52894.0,52882.0,52894.0,184
2026-09-08 11:37:00-04:00,52888.0,52888.0,52888.0,52876.0,52884.0,86
2026-09-08 11:38:00-04:00,52879.0,52879.0,52887.0,52878.0,52885.0,117
2026-09-08 11:39:00-04:00,52872.0,52872.0,52879.0,52869.0,52876.0,83
2026-09-08 11:40:00-04:00,52876.0,52876.0,52876.0,52866.0,52873.0,65
2026-09-08 11:41:00-04:00,52895.0,52895.0,52895.0,52875.0,52875.0,91
2026-09-08 11:42:00-04:00,52901.0,52901.0,52911.0,52895.0,52895.0,91
2026-09-08 11:43:00-04:00,52893.0,52893.0,52901.0,52892.0,52901.0,57
2026-09-08 11:44:00-04:00,52895.0,52895.0,52899.0,52890.0,52892.0,66
2026-09-08 11:45:00-04:00,52902.0,52902.0,52903.0,52897.0,52899.0,38
2026-09-08 11:46:00-04:00,52886.0,52886.0,52904.0,52886.0,52902.0,69
2026-09-08 11:47:00-04:00,52885.0,52885.0,52894.0,52884.0,52888.0,100
2026-09-08 11:48:00-04:00,52889.0,52889.0,52896.0,52886.0,52889.0,66
2026-09-08 11:49:00-04:00,52883.0,52883.0,52894.0,52878.0,52887.0,57
2026-09-08 11:50:00-04:00,52884.0,52884.0,52901.0,52881.0,52881.0,200
2026-09-08 11:51:00-04:00,52892.0,52892.0,52894.0,52884.0,52886.0,58
2026-09-08 11:52:00-04:00,52882.0,52882.0,52892.0,52880.0,52891.0,39
2026-09-08 11:53:00-04:00,52880.0,52880.0,52889.0,52880.0,52882.0,17
2026-09-08 11:54:00-04:00,52870.0,52870.0,52880.0,52870.0,52880.0,71
2026-09-08 11:55:00-04:00,52880.0,52880.0,52880.0,52868.0,52870.0,46
2026-09-08 11:56:00-04:00,52881.0,52881.0,52885.0,52879.0,52880.0,21
2026-09-08 11:57:00-04:00,52878.0,52878.0,52884.0,52875.0,52882.0,42
2026-09-08 11:58:00-04:00,52873.0,52873.0,52881.0,52873.0,52881.0,16
2026-09-08 11:59:00-04:00,52868.0,52868.0,52873.0,52863.0,52873.0,40
2026-09-08 12:00:00-04:00,52855.0,52855.0,52867.0,52855.0,52866.0,173
2026-09-08 12:01:00-04:00,52855.0,52855.0,52859.0,52851.0,52854.0,48
2026-09-08 12:02:00-04:00,52860.0,52860.0,52865.0,52854.0,52858.0,85
2026-09-08 12:03:00-04:00,52867.0,52867.0,52871.0,52858.0,52860.0,47
2026-09-08 12:04:00-04:00,52880.0,52880.0,52882.0,52863.0,52865.0,83
2026-09-08 12:05:00-04:00,52889.0,52889.0,52889.0,52874.0,52877.0,82
2026-09-08 12:06:00-04:00,52890.0,52890.0,52891.0,52879.0,52890.0,59
2026-09-08 12:07:00-04:00,52882.0,52882.0,52890.0,52872.0,52888.0,50
2026-09-08 12:08:00-04:00,52869.0,52869.0,52885.0,52869.0,52883.0,60
2026-09-08 12:09:00-04:00,52857.0,52857.0,52873.0,52857.0,52870.0,73
2026-09-08 12:10:00-04:00,52841.0,52841.0,52856.0,52840.0,52856.0,116
2026-09-08 12:11:00-04:00,52834.0,52834.0,52842.0,52833.0,52839.0,61
2026-09-08 12:12:00-04:00,52836.0,52836.0,52843.0,52832.0,52838.0,127
2026-09-08 12:13:00-04:00,52845.0,52845.0,52846.0,52836.0,52836.0,91
2026-09-08 12:14:00-04:00,52843.0,52843.0,52846.0,52839.0,52843.0,45
2026-09-08 12:15:00-04:00,52839.0,52839.0,52848.0,52837.0,52840.0,50
2026-09-08 12:16:00-04:00,52824.0,52824.0,52840.0,52818.0,52839.0,68
2026-09-08 12:17:00-04:00,52826.0,52826.0,52829.0,52819.0,52822.0,57
2026-09-08 12:18:00-04:00,52825.0,52825.0,52831.0,52822.0,52825.0,66
2026-09-08 12:19:00-04:00,52829.0,52829.0,52830.0,52820.0,52823.0,36
2026-09-08 12:20:00-04:00,52840.0,52840.0,52840.0,52823.0,52828.0,102
2026-09-08 12:21:00-04:00,52850.0,52850.0,52850.0,52834.0,52838.0,55
2026-09-08 12:22:00-04:00,52866.0,52866.0,52866.0,52844.0,52851.0,70
2026-09-08 12:23:00-04:00,52877.0,52877.0,52880.0,52866.0,52866.0,77
2026-09-08 12:24:00-04:00,52875.0,52875.0,52879.0,52873.0,52877.0,73
2026-09-08 12:25:00-04:00,52885.0,52885.0,52888.0,52873.0,52876.0,97
2026-09-08 12:26:00-04:00,52874.0,52874.0,52883.0,52873.0,52883.0,38
2026-09-08 12:27:00-04:00,52879.0,52879.0,52887.0,52873.0,52873.0,35
2026-09-08 12:28:00-04:00,52878.0,52878.0,52882.0,52876.0,52881.0,31
2026-09-08 12:29:00-04:00,52870.0,52870.0,52878.0,52868.0,52876.0,53
2026-09-08 12:30:00-04:00,52865.0,52865.0,52870.0,52861.0,52870.0,50
2026-09-08 12:31:00-04:00,52870.0,52870.0,52872.0,52864.0,52867.0,30
2026-09-08 12:32:00-04:00,52860.0,52860.0,52866.0,52854.0,52866.0,94
2026-09-08 12:33:00-04:00,52865.0,52865.0,52866.0,52857.0,52859.0,41
2026-09-08 12:34:00-04:00,52862.0,52862.0,52867.0,52858.0,52864.0,29
2026-09-08 12:35:00-04:00,52850.0,52850.0,52865.0,52850.0,52861.0,44
2026-09-08 12:36:00-04:00,52855.0,52855.0,52855.0,52848.0,52850.0,55
2026-09-08 12:37:00-04:00,52851.0,52851.0,52856.0,52851.0,52856.0,17
2026-09-08 12:38:00-04:00,52847.0,52847.0,52849.0,52840.0,52849.0,56
2026-09-08 12:39:00-04:00,52835.0,52835.0,52847.0,52834.0,52845.0,56
2026-09-08 12:40:00-04:00,52845.0,52845.0,52852.0,52839.0,52839.0,52
2026-09-08 12:41:00-04:00,52842.0,52842.0,52844.0,52835.0,52844.0,24
2026-09-08 12:42:00-04:00,52836.0,52836.0,52845.0,52834.0,52845.0,24
2026-09-08 12:43:00-04:00,52841.0,52841.0,52841.0,52833.0,52837.0,29
2026-09-08 12:44:00-04:00,52846.0,52846.0,52848.0,52839.0,52843.0,23
2026-09-08 12:45:00-04:00,52845.0,52845.0,52852.0,52838.0,52844.0,43
2026-09-08 12:46:00-04:00,52858.0,52858.0,52858.0,52847.0,52847.0,41
2026-09-08 12:47:00-04:00,52864.0,52864.0,52868.0,52857.0,52858.0,53
2026-09-08 12:48:00-04:00,52870.0,52870.0,52873.0,52862.0,52862.0,28
2026-09-08 12:49:00-04:00,52870.0,52870.0,52870.0,52859.0,52865.0,30
2026-09-08 12:50:00-04:00,52887.0,52887.0,52901.0,52863.0,52867.0,524
2026-09-08 12:51:00-04:00,52868.0,52868.0,52885.0,52866.0,52883.0,94
2026-09-08 12:52:00-04:00,52870.0,52870.0,52872.0,52865.0,52870.0,38
2026-09-08 12:53:00-04:00,52881.0,52881.0,52882.0,52869.0,52869.0,43
2026-09-08 12:54:00-04:00,52877.0,52877.0,52885.0,52875.0,52885.0,29
2026-09-08 12:55:00-04:00,52877.0,52877.0,52883.0,52872.0,52879.0,32
2026-09-08 12:56:00-04:00,52860.0,52860.0,52879.0,52841.0,52876.0,619
2026-09-08 12:57:00-04:00,52864.0,52864.0,52866.0,52858.0,52860.0,58
2026-09-08 12:58:00-04:00,52862.0,52862.0,52872.0,52862.0,52866.0,27
2026-09-08 12:59:00-04:00,52866.0,52866.0,52888.0,52837.0,52861.0,407
2026-09-08 13:00:00-04:00,52892.0,52892.0,52897.0,52863.0,52865.0,137
2026-09-08 13:01:00-04:00,52912.0,52912.0,52915.0,52887.0,52889.0,74
2026-09-08 13:02:00-04:00,52908.0,52908.0,52916.0,52906.0,52913.0,52
2026-09-08 13:03:00-04:00,52914.0,52914.0,52917.0,52903.0,52907.0,63
2026-09-08 13:04:00-04:00,52925.0,52925.0,52931.0,52908.0,52913.0,164
2026-09-08 13:05:00-04:00,52929.0,52929.0,52929.0,52922.0,52924.0,48
2026-09-08 13:06:00-04:00,52948.0,52948.0,52951.0,52922.0,52925.0,213
2026-09-08 13:07:00-04:00,52923.0,52923.0,52947.0,52923.0,52947.0,109
2026-09-08 13:08:00-04:00,52907.0,52907.0,52922.0,52899.0,52922.0,64
2026-09-08 13:09:00-04:00,52897.0,52897.0,52910.0,52897.0,52908.0,27
2026-09-08 13:10:00-04:00,52901.0,52901.0,52907.0,52898.0,52898.0,31
2026-09-08 13:11:00-04:00,52900.0,52900.0,52907.0,52900.0,52904.0,41
2026-09-08 13:12:00-04:00,52890.0,52890.0,52898.0,52888.0,52898.0,37
2026-09-08 13:13:00-04:00,52890.0,52890.0,52894.0,52887.0,52887.0,17
2026-09-08 13:14:00-04:00,52896.0,52896.0,52898.0,52891.0,52893.0,33
2026-09-08 13:15:00-04:00,52894.0,52894.0,52904.0,52893.0,52899.0,44
2026-09-08 13:16:00-04:00,52898.0,52898.0,52906.0,52897.0,52899.0,31
2026-09-08 13:17:00-04:00,52907.0,52907.0,52908.0,52897.0,52901.0,20
2026-09-08 13:18:00-04:00,52899.0,52899.0,52909.0,52896.0,52907.0,40
2026-09-08 13:19:00-04:00,52895.0,52895.0,52904.0,52895.0,52900.0,15
2026-09-08 13:20:00-04:00,52894.0,52894.0,52900.0,52893.0,52895.0,42
2026-09-08 13:21:00-04:00,52899.0,52899.0,52899.0,52889.0,52893.0,67
2026-09-08 13:22:00-04:00,52891.0,52891.0,52901.0,52890.0,52899.0,41
2026-09-08 13:23:00-04:00,52893.0,52893.0,52894.0,52891.0,52894.0,22
2026-09-08 13:24:00-04:00,52901.0,52901.0,52907.0,52888.0,52893.0,41
2026-09-08 13:25:00-04:00,52883.0,52883.0,52897.0,52880.0,52897.0,42
2026-09-08 13:26:00-04:00,52876.0,52876.0,52884.0,52870.0,52882.0,82
2026-09-08 13:27:00-04:00,52883.0,52883.0,52885.0,52877.0,52879.0,60
2026-09-08 13:28:00-04:00,52892.0,52892.0,52893.0,52881.0,52881.0,31
2026-09-08 13:29:00-04:00,52903.0,52903.0,52903.0,52893.0,52893.0,22
2026-09-08 13:30:00-04:00,52909.0,52909.0,52909.0,52898.0,52904.0,42
2026-09-08 13:31:00-04:00,52902.0,52902.0,52907.0,52894.0,52907.0,32
2026-09-08 13:32:00-04:00,52906.0,52906.0,52908.0,52901.0,52903.0,25
2026-09-08 13:33:00-04:00,52917.0,52917.0,52922.0,52908.0,52908.0,72
2026-09-08 13:34:00-04:00,52917.0,52917.0,52925.0,52914.0,52916.0,61
2026-09-08 13:35:00-04:00,52914.0,52914.0,52914.0,52907.0,52914.0,19
2026-09-08 13:36:00-04:00,52918.0,52918.0,52919.0,52909.0,52911.0,25
2026-09-08 13:37:00-04:00,52921.0,52921.0,52924.0,52917.0,52920.0,21
2026-09-08 13:38:00-04:00,52920.0,52920.0,52930.0,52920.0,52925.0,42
2026-09-08 13:39:00-04:00,52921.0,52921.0,52927.0,52918.0,52919.0,44
2026-09-08 13:40:00-04:00,52919.0,52919.0,52923.0,52917.0,52921.0,47
2026-09-08 13:41:00-04:00,52925.0,52925.0,52925.0,52915.0,52917.0,51
2026-09-08 13:42:00-04:00,52922.0,52922.0,52930.0,52919.0,52924.0,35
2026-09-08 13:43:00-04:00,52907.0,52907.0,52924.0,52907.0,52923.0,34
2026-09-08 13:44:00-04:00,52906.0,52906.0,52910.0,52904.0,52905.0,27
2026-09-08 13:45:00-04:00,52903.0,52903.0,52911.0,52901.0,52907.0,26
2026-09-08 13:46:00-04:00,52910.0,52910.0,52911.0,52904.0,52906.0,19
2026-09-08 13:47:00-04:00,52915.0,52915.0,52916.0,52910.0,52910.0,19
2026-09-08 13:48:00-04:00,52914.0,52914.0,52923.0,52911.0,52917.0,26
2026-09-08 13:49:00-04:00,52920.0,52920.0,52923.0,52911.0,52914.0,31
2026-09-08 13:50:00-04:00,52924.0,52924.0,52928.0,52916.0,52919.0,62
2026-09-08 13:51:00-04:00,52929.0,52929.0,52930.0,52922.0,52922.0,39
2026-09-08 13:52:00-04:00,52944.0,52944.0,52944.0,52931.0,52931.0,71
2026-09-08 13:53:00-04:00,52944.0,52944.0,52944.0,52934.0,52943.0,39
2026-09-08 13:54:00-04:00,52942.0,52942.0,52945.0,52940.0,52943.0,27
2026-09-08 13:55:00-04:00,52937.0,52937.0,52944.0,52936.0,52940.0,24
2026-09-08 13:56:00-04:00,52929.0,52929.0,52935.0,52926.0,52934.0,44
2026-09-08 13:57:00-04:00,52930.0,52930.0,52932.0,52928.0,52929.0,17
2026-09-08 13:58:00-04:00,52933.0,52933.0,52933.0,52926.0,52929.0,18
2026-09-08 13:59:00-04:00,52927.0,52927.0,52937.0,52927.0,52936.0,26
2026-09-08 14:00:00-04:00,52930.0,52930.0,52937.0,52928.0,52928.0,38
2026-09-08 14:01:00-04:00,52929.0,52929.0,52936.0,52928.0,52930.0,27
2026-09-08 14:02:00-04:00,52927.0,52927.0,52933.0,52924.0,52929.0,32
2026-09-08 14:03:00-04:00,52928.0,52928.0,52933.0,52926.0,52926.0,55
2026-09-08 14:04:00-04:00,52937.0,52937.0,52937.0,52928.0,52928.0,31
2026-09-08 14:05:00-04:00,52939.0,52939.0,52940.0,52928.0,52937.0,34
2026-09-08 14:06:00-04:00,52946.0,52946.0,52946.0,52936.0,52940.0,48
2026-09-08 14:07:00-04:00,52937.0,52937.0,52949.0,52935.0,52948.0,27
2026-09-08 14:08:00-04:00,52934.0,52934.0,52941.0,52934.0,52938.0,15
2026-09-08 14:09:00-04:00,52943.0,52943.0,52943.0,52937.0,52937.0,26
2026-09-08 14:10:00-04:00,52944.0,52944.0,52952.0,52941.0,52943.0,66
2026-09-08 14:11:00-04:00,52942.0,52942.0,52942.0,52936.0,52940.0,27
2026-09-08 14:12:00-04:00,52932.0,52932.0,52940.0,52932.0,52940.0,17
2026-09-08 14:13:00-04:00,52923.0,52923.0,52931.0,52922.0,52929.0,46
2026-09-08 14:14:00-04:00,52930.0,52930.0,52930.0,52922.0,52926.0,33
2026-09-08 14:15:00-04:00,52928.0,52928.0,52930.0,52922.0,52928.0,25
2026-09-08 14:16:00-04:00,52926.0,52926.0,52932.0,52925.0,52926.0,63
2026-09-08 14:17:00-04:00,52921.0,52921.0,52926.0,52918.0,52926.0,66
2026-09-08 14:18:00-04:00,52919.0,52919.0,52919.0,52913.0,52919.0,48
2026-09-08 14:19:00-04:00,52923.0,52923.0,52925.0,52920.0,52921.0,56
2026-09-08 14:20:00-04:00,52926.0,52926.0,52930.0,52924.0,52925.0,32
2026-09-08 14:21:00-04:00,52915.0,52915.0,52925.0,52914.0,52925.0,32
2026-09-08 14:22:00-04:00,52910.0,52910.0,52920.0,52906.0,52916.0,52
2026-09-08 14:23:00-04:00,52904.0,52904.0,52909.0,52898.0,52909.0,90
2026-09-08 14:24:00-04:00,52905.0,52905.0,52911.0,52902.0,52904.0,38
2026-09-08 14:25:00-04:00,52907.0,52907.0,52907.0,52899.0,52906.0,39
2026-09-08 14:26:00-04:00,52905.0,52905.0,52909.0,52905.0,52909.0,11
2026-09-08 14:27:00-04:00,52906.0,52906.0,52911.0,52903.0,52906.0,38
2026-09-08 14:28:00-04:00,52906.0,52906.0,52908.0,52903.0,52904.0,15
2026-09-08 14:29:00-04:00,52917.0,52917.0,52919.0,52904.0,52905.0,53
2026-09-08 14:30:00-04:00,52905.0,52905.0,52918.0,52904.0,52916.0,59
2026-09-08 14:31:00-04:00,52914.0,52914.0,52915.0,52904.0,52906.0,29
2026-09-08 14:32:00-04:00,52914.0,52914.0,52914.0,52907.0,52912.0,23
2026-09-08 14:33:00-04:00,52905.0,52905.0,52914.0,52904.0,52909.0,21
2026-09-08 14:34:00-04:00,52890.0,52890.0,52906.0,52890.0,52905.0,69
2026-09-08 14:35:00-04:00,52882.0,52882.0,52892.0,52882.0,52892.0,71
2026-09-08 14:36:00-04:00,52881.0,52881.0,52886.0,52877.0,52879.0,72
2026-09-08 14:37:00-04:00,52876.0,52876.0,52880.0,52876.0,52880.0,19
2026-09-08 14:38:00-04:00,52874.0,52874.0,52880.0,52874.0,52877.0,29
2026-09-08 14:39:00-04:00,52862.0,52862.0,52875.0,52861.0,52875.0,99
2026-09-08 14:40:00-04:00,52865.0,52865.0,52867.0,52857.0,52860.0,141
2026-09-08 14:41:00-04:00,52868.0,52868.0,52870.0,52863.0,52863.0,96
2026-09-08 14:42:00-04:00,52870.0,52870.0,52873.0,52866.0,52867.0,238
2026-09-08 14:43:00-04:00,52882.0,52882.0,52882.0,52867.0,52869.0,149
2026-09-08 14:44:00-04:00,52886.0,52886.0,52887.0,52876.0,52882.0,69
2026-09-08 14:45:00-04:00,52884.0,52884.0,52891.0,52884.0,52886.0,35
2026-09-08 14:46:00-04:00,52888.0,52888.0,52889.0,52884.0,52884.0,21
2026-09-08 14:47:00-04:00,52854.0,52854.0,52890.0,52854.0,52886.0,395
2026-09-08 14:48:00-04:00,52793.0,52793.0,52857.0,52791.0,52857.0,338
2026-09-08 14:49:00-04:00,52814.0,52814.0,52823.0,52771.0,52795.0,362
2026-09-08 14:50:00-04:00,52842.0,52842.0,52844.0,52821.0,52822.0,159
2026-09-08 14:51:00-04:00,52827.0,52827.0,52852.0,52823.0,52845.0,165
2026-09-08 14:52:00-04:00,52793.0,52793.0,52826.0,52793.0,52824.0,213
2026-09-08 14:53:00-04:00,52831.0,52831.0,52831.0,52797.0,52797.0,133
2026-09-08 14:54:00-04:00,52837.0,52837.0,52841.0,52825.0,52829.0,129
2026-09-08 14:55:00-04:00,52840.0,52840.0,52845.0,52833.0,52835.0,122
2026-09-08 14:56:00-04:00,52833.0,52833.0,52843.0,52830.0,52841.0,98
2026-09-08 14:57:00-04:00,52827.0,52827.0,52835.0,52822.0,52829.0,95
2026-09-08 14:58:00-04:00,52828.0,52828.0,52828.0,52818.0,52825.0,64
2026-09-08 14:59:00-04:00,52816.0,52816.0,52828.0,52815.0,52828.0,41
2026-09-08 15:00:00-04:00,52805.0,52805.0,52820.0,52799.0,52815.0,147
2026-09-08 15:01:00-04:00,52827.0,52827.0,52830.0,52809.0,52809.0,109
2026-09-08 15:02:00-04:00,52827.0,52827.0,52828.0,52820.0,52828.0,25
2026-09-08 15:03:00-04:00,52824.0,52824.0,52834.0,52824.0,52828.0,69
2026-09-08 15:04:00-04:00,52825.0,52825.0,52826.0,52817.0,52826.0,31
2026-09-08 15:05:00-04:00,52831.0,52831.0,52834.0,52821.0,52825.0,86
2026-09-08 15:06:00-04:00,52843.0,52843.0,52848.0,52833.0,52833.0,61
2026-09-08 15:07:00-04:00,52854.0,52854.0,52855.0,52838.0,52842.0,56
2026-09-08 15:08:00-04:00,52860.0,52860.0,52863.0,52850.0,52854.0,81
2026-09-08 15:09:00-04:00,52863.0,52863.0,52870.0,52861.0,52861.0,125
2026-09-08 15:10:00-04:00,52883.0,52883.0,52885.0,52861.0,52866.0,153
2026-09-08 15:11:00-04:00,52882.0,52882.0,52888.0,52878.0,52883.0,63
2026-09-08 15:12:00-04:00,52882.0,52882.0,52885.0,52876.0,52882.0,53
2026-09-08 15:13:00-04:00,52884.0,52884.0,52888.0,52880.0,52883.0,58
2026-09-08 15:14:00-04:00,52878.0,52878.0,52885.0,52878.0,52884.0,29
2026-09-08 15:15:00-04:00,52879.0,52879.0,52884.0,52876.0,52880.0,45
2026-09-08 15:16:00-04:00,52895.0,52895.0,52895.0,52876.0,52880.0,49
2026-09-08 15:17:00-04:00,52879.0,52879.0,52894.0,52874.0,52894.0,56
2026-09-08 15:18:00-04:00,52872.0,52872.0,52881.0,52866.0,52878.0,77
2026-09-08 15:19:00-04:00,52861.0,52861.0,52872.0,52861.0,52872.0,52
2026-09-08 15:20:00-04:00,52862.0,52862.0,52865.0,52851.0,52860.0,101
2026-09-08 15:21:00-04:00,52861.0,52861.0,52863.0,52855.0,52861.0,38
2026-09-08 15:22:00-04:00,52859.0,52859.0,52862.0,52855.0,52857.0,34
2026-09-08 15:23:00-04:00,52853.0,52853.0,52859.0,52852.0,52859.0,29
2026-09-08 15:24:00-04:00,52848.0,52848.0,52855.0,52846.0,52854.0,62
2026-09-08 15:25:00-04:00,52858.0,52858.0,52859.0,52850.0,52851.0,45
2026-09-08 15:26:00-04:00,52867.0,52867.0,52868.0,52858.0,52860.0,39
2026-09-08 15:27:00-04:00,52875.0,52875.0,52881.0,52863.0,52866.0,77
2026-09-08 15:28:00-04:00,52873.0,52873.0,52875.0,52865.0,52872.0,26
2026-09-08 15:29:00-04:00,52888.0,52888.0,52888.0,52875.0,52875.0,52
2026-09-08 15:30:00-04:00,52878.0,52878.0,52889.0,52873.0,52888.0,80
2026-09-08 15:31:00-04:00,52891.0,52891.0,52893.0,52876.0,52877.0,51
2026-09-08 15:32:00-04:00,52895.0,52895.0,52902.0,52886.0,52889.0,81
2026-09-08 15:33:00-04:00,52901.0,52901.0,52902.0,52890.0,52893.0,44
2026-09-08 15:34:00-04:00,52899.0,52899.0,52902.0,52895.0,52900.0,31
2026-09-08 15:35:00-04:00,52887.0,52887.0,52902.0,52886.0,52898.0,43
2026-09-08 15:36:00-04:00,52876.0,52876.0,52888.0,52874.0,52887.0,71
2026-09-08 15:37:00-04:00,52875.0,52875.0,52879.0,52875.0,52875.0,28
2026-09-08 15:38:00-04:00,52880.0,52880.0,52883.0,52872.0,52875.0,54
2026-09-08 15:39:00-04:00,52882.0,52882.0,52885.0,52879.0,52883.0,45
2026-09-08 15:40:00-04:00,52889.0,52889.0,52891.0,52877.0,52882.0,84
2026-09-08 15:41:00-04:00,52875.0,52875.0,52888.0,52873.0,52888.0,49
2026-09-08 15:42:00-04:00,52875.0,52875.0,52876.0,52860.0,52874.0,95
2026-09-08 15:43:00-04:00,52877.0,52877.0,52878.0,52871.0,52875.0,39
2026-09-08 15:44:00-04:00,52880.0,52880.0,52884.0,52877.0,52877.0,67
2026-09-08 15:45:00-04:00,52864.0,52864.0,52883.0,52861.0,52879.0,342
2026-09-08 15:46:00-04:00,52868.0,52868.0,52868.0,52854.0,52863.0,147
2026-09-08 15:47:00-04:00,52864.0,52864.0,52868.0,52863.0,52866.0,61
2026-09-08 15:48:00-04:00,52856.0,52856.0,52863.0,52847.0,52862.0,128
2026-09-08 15:49:00-04:00,52852.0,52852.0,52861.0,52845.0,52855.0,114
2026-09-08 15:50:00-04:00,52825.0,52825.0,52855.0,52803.0,52850.0,614
2026-09-08 15:51:00-04:00,52825.0,52825.0,52833.0,52807.0,52826.0,223
2026-09-08 15:52:00-04:00,52812.0,52812.0,52828.0,52809.0,52824.0,158
2026-09-08 15:53:00-04:00,52808.0,52808.0,52816.0,52803.0,52811.0,237
2026-09-08 15:54:00-04:00,52806.0,52806.0,52809.0,52795.0,52806.0,330
2026-09-08 15:55:00-04:00,52827.0,52827.0,52827.0,52793.0,52805.0,430
2026-09-08 15:56:00-04:00,52827.0,52827.0,52828.0,52818.0,52826.0,254
2026-09-08 15:57:00-04:00,52818.0,52818.0,52834.0,52815.0,52828.0,291
2026-09-08 15:58:00-04:00,52802.0,52802.0,52819.0,52796.0,52819.0,681
2026-09-08 15:59:00-04:00,52842.0,52842.0,52848.0,52784.0,52801.0,3080
2026-09-08 16:00:00-04:00,52834.0,52834.0,52845.0,52824.0,52837.0,524
2026-09-08 16:01:00-04:00,52832.0,52832.0,52834.0,52825.0,52833.0,96
2026-09-08 16:02:00-04:00,52833.0,52833.0,52834.0,52825.0,52834.0,142
2026-09-08 16:03:00-04:00,52819.0,52819.0,52834.0,52818.0,52831.0,73
2026-09-08 16:04:00-04:00,52811.0,52811.0,52825.0,52809.0,52818.0,120
2026-09-08 16:05:00-04:00,52803.0,52803.0,52810.0,52799.0,52810.0,117
2026-09-08 16:06:00-04:00,52805.0,52805.0,52807.0,52799.0,52803.0,59
2026-09-08 16:07:00-04:00,52809.0,52809.0,52811.0,52804.0,52805.0,44
2026-09-08 16:08:00-04:00,52807.0,52807.0,52813.0,52806.0,52809.0,20
2026-09-08 16:09:00-04:00,52809.0,52809.0,52813.0,52808.0,52811.0,19
2026-09-08 16:10:00-04:00,52815.0,52815.0,52815.0,52807.0,52807.0,15
2026-09-08 16:11:00-04:00,52811.0,52811.0,52814.0,52809.0,52814.0,23
2026-09-08 16:12:00-04:00,52810.0,52810.0,52810.0,52807.0,52810.0,19
2026-09-08 16:13:00-04:00,52805.0,52805.0,52809.0,52801.0,52809.0,72
2026-09-08 16:14:00-04:00,52812.0,52812.0,52812.0,52803.0,52805.0,46
2026-09-08 16:15:00-04:00,52811.0,52811.0,52814.0,52811.0,52812.0,17
2026-09-08 16:16:00-04:00,52806.0,52806.0,52806.0,52805.0,52805.0,3
2026-09-08 16:17:00-04:00,52811.0,52811.0,52812.0,52811.0,52811.0,9
2026-09-08 16:18:00-04:00,52817.0,52817.0,52817.0,52806.0,52808.0,26
2026-09-08 16:19:00-04:00,52817.0,52817.0,52818.0,52816.0,52817.0,9
2026-09-08 16:20:00-04:00,52824.0,52824.0,52824.0,52819.0,52820.0,7
2026-09-08 16:21:00-04:00,52815.0,52815.0,52822.0,52815.0,52822.0,22
2026-09-08 16:22:00-04:00,52821.0,52821.0,52821.0,52815.0,52815.0,29
2026-09-08 16:23:00-04:00,52821.0,52821.0,52822.0,52820.0,52822.0,36
2026-09-08 16:24:00-04:00,52816.0,52816.0,52821.0,52816.0,52821.0,11
2026-09-08 16:25:00-04:00,52818.0,52818.0,52821.0,52813.0,52816.0,45
2026-09-08 16:26:00-04:00,52817.0,52817.0,52819.0,52817.0,52819.0,3
2026-09-08 16:27:00-04:00,52818.0,52818.0,52818.0,52817.0,52817.0,3
2026-09-08 16:28:00-04:00,52807.0,52807.0,52816.0,52789.0,52816.0,267
2026-09-08 16:29:00-04:00,52796.0,52796.0,52806.0,52796.0,52805.0,40
2026-09-08 16:30:00-04:00,52789.0,52789.0,52795.0,52789.0,52795.0,30
2026-09-08 16:31:00-04:00,52788.0,52788.0,52789.0,52784.0,52789.0,20
2026-09-08 16:32:00-04:00,52786.0,52786.0,52789.0,52784.0,52787.0,15
2026-09-08 16:33:00-04:00,52793.0,52793.0,52793.0,52785.0,52788.0,9
2026-09-08 16:34:00-04:00,52791.0,52791.0,52791.0,52790.0,52790.0,3
2026-09-08 16:35:00-04:00,52794.0,52794.0,52794.0,52790.0,52791.0,6
2026-09-08 16:36:00-04:00,52801.0,52801.0,52802.0,52796.0,52796.0,11
2026-09-08 16:37:00-04:00,52803.0,52803.0,52805.0,52797.0,52802.0,20
2026-09-08 16:38:00-04:00,52804.0,52804.0,52804.0,52803.0,52803.0,11
2026-09-08 16:39:00-04:00,52801.0,52801.0,52801.0,52801.0,52801.0,2
2026-09-08 16:40:00-04:00,52798.0,52798.0,52800.0,52798.0,52798.0,5
2026-09-08 16:42:00-04:00,52795.0,52795.0,52806.0,52794.0,52803.0,15
2026-09-08 16:43:00-04:00,52796.0,52796.0,52796.0,52796.0,52796.0,1
2026-09-08 16:44:00-04:00,52802.0,52802.0,52803.0,52798.0,52798.0,29
2026-09-08 16:45:00-04:00,52803.0,52803.0,52805.0,52800.0,52800.0,21
2026-09-08 16:46:00-04:00,52802.0,52802.0,52802.0,52796.0,52802.0,17
2026-09-08 16:47:00-04:00,52797.0,52797.0,52799.0,52795.0,52795.0,16
2026-09-08 16:48:00-04:00,52790.0,52790.0,52794.0,52784.0,52794.0,27
2026-09-08 16:49:00-04:00,52790.0,52790.0,52791.0,52790.0,52791.0,2
2026-09-08 16:50:00-04:00,52792.0,52792.0,52796.0,52791.0,52793.0,16
2026-09-08 16:51:00-04:00,52791.0,52791.0,52793.0,52791.0,52792.0,7
2026-09-08 16:52:00-04:00,52792.0,52792.0,52792.0,52791.0,52792.0,5
2026-09-08 16:53:00-04:00,52793.0,52793.0,52794.0,52792.0,52792.0,10
2026-09-08 16:54:00-04:00,52786.0,52786.0,52795.0,52786.0,52794.0,22
2026-09-08 16:55:00-04:00,52790.0,52790.0,52790.0,52786.0,52787.0,12
2026-09-08 16:56:00-04:00,52792.0,52792.0,52792.0,52790.0,52790.0,7
2026-09-08 16:57:00-04:00,52799.0,52799.0,52799.0,52793.0,52794.0,12
2026-09-08 16:58:00-04:00,52800.0,52800.0,52803.0,52799.0,52799.0,10
2026-09-08 16:59:00-04:00,52808.0,52808.0,52809.0,52799.0,52800.0,47
2026-09-08 18:00:00-04:00,52809.0,52809.0,52817.0,52808.0,52817.0,0
2026-09-08 18:01:00-04:00,52818.0,52818.0,52818.0,52804.0,52804.0,8
2026-09-08 18:02:00-04:00,52814.0,52814.0,52823.0,52814.0,52820.0,10
2026-09-08 18:03:00-04:00,52826.0,52826.0,52826.0,52814.0,52814.0,20
2026-09-08 18:04:00-04:00,52822.0,52822.0,52822.0,52819.0,52819.0,6
2026-09-08 18:05:00-04:00,52822.0,52822.0,52822.0,52821.0,52821.0,4
2026-09-08 18:06:00-04:00,52822.0,52822.0,52825.0,52818.0,52822.0,7
2026-09-08 18:07:00-04:00,52825.0,52825.0,52825.0,52825.0,52825.0,1
2026-09-08 18:08:00-04:00,52823.0,52823.0,52823.0,52821.0,52823.0,3
2026-09-08 18:09:00-04:00,52822.0,52822.0,52822.0,52822.0,52822.0,1
2026-09-08 18:10:00-04:00,52819.0,52819.0,52820.0,52819.0,52820.0,4
2026-09-08 18:11:00-04:00,52819.0,52819.0,52819.0,52818.0,52818.0,2
2026-09-08 18:12:00-04:00,52818.0,52818.0,52822.0,52818.0,52820.0,6
2026-09-08 18:13:00-04:00,52817.0,52817.0,52817.0,52817.0,52817.0,2
2026-09-08 18:14:00-04:00,52816.0,52816.0,52818.0,52816.0,52818.0,2
2026-09-08 18:15:00-04:00,52816.0,52816.0,52818.0,52815.0,52815.0,8
2026-09-08 18:16:00-04:00,52820.0,52820.0,52821.0,52818.0,52818.0,16
2026-09-08 18:18:00-04:00,52822.0,52822.0,52822.0,52821.0,52821.0,4
2026-09-08 18:19:00-04:00,52818.0,52818.0,52820.0,52818.0,52820.0,8
2026-09-08 18:20:00-04:00,52818.0,52818.0,52818.0,52816.0,52816.0,3
2026-09-08 18:21:00-04:00,52819.0,52819.0,52819.0,52819.0,52819.0,2
2026-09-08 18:22:00-04:00,52817.0,52817.0,52820.0,52817.0,52820.0,2
2026-09-08 18:23:00-04:00,52820.0,52820.0,52820.0,52816.0,52816.0,6
2026-09-08 18:24:00-04:00,52820.0,52820.0,52820.0,52820.0,52820.0,1
2026-09-08 18:25:00-04:00,52823.0,52823.0,52823.0,52821.0,52821.0,8
2026-09-08 18:28:00-04:00,52822.0,52822.0,52822.0,52822.0,52822.0,2
2026-09-08 18:29:00-04:00,52822.0,52822.0,52822.0,52822.0,52822.0,1
2026-09-08 18:30:00-04:00,52818.0,52818.0,52818.0,52818.0,52818.0,1
2026-09-08 18:32:00-04:00,52819.0,52819.0,52819.0,52819.0,52819.0,2
2026-09-08 18:33:00-04:00,52818.0,52818.0,52818.0,52818.0,52818.0,6
2026-09-08 18:34:00-04:00,52821.0,52821.0,52823.0,52821.0,52823.0,2
2026-09-08 18:35:00-04:00,52821.0,52821.0,52822.0,52821.0,52822.0,4
2026-09-08 18:37:00-04:00,52822.0,52822.0,52822.0,52821.0,52821.0,2
2026-09-08 18:39:00-04:00,52820.0,52820.0,52820.0,52820.0,52820.0,1
2026-09-08 18:41:00-04:00,52823.0,52823.0,52823.0,52820.0,52820.0,8
2026-09-08 18:42:00-04:00,52822.0,52822.0,52822.0,52820.0,52820.0,2
2026-09-08 18:43:00-04:00,52819.0,52819.0,52819.0,52819.0,52819.0,1
2026-09-08 18:45:00-04:00,52816.0,52816.0,52817.0,52816.0,52817.0,2
2026-09-08 18:46:00-04:00,52818.0,52818.0,52818.0,52816.0,52817.0,6
2026-09-08 18:47:00-04:00,52819.0,52819.0,52820.0,52818.0,52818.0,7
2026-09-08 18:48:00-04:00,52822.0,52822.0,52825.0,52822.0,52823.0,6
2026-09-08 18:49:00-04:00,52822.0,52822.0,52823.0,52822.0,52822.0,3
2026-09-08 18:50:00-04:00,52821.0,52821.0,52821.0,52821.0,52821.0,5
2026-09-08 18:51:00-04:00,52828.0,52828.0,52828.0,52825.0,52825.0,4
2026-09-08 18:52:00-04:00,52826.0,52826.0,52826.0,52826.0,52826.0,2
2026-09-08 18:53:00-04:00,52826.0,52826.0,52826.0,52826.0,52826.0,2
2026-09-08 18:55:00-04:00,52827.0,52827.0,52827.0,52827.0,52827.0,1
2026-09-08 18:56:00-04:00,52827.0,52827.0,52827.0,52827.0,52827.0,4
2026-09-08 18:57:00-04:00,52834.0,52834.0,52834.0,52829.0,52829.0,4
2026-09-08 18:59:00-04:00,52834.0,52834.0,52834.0,52834.0,52834.0,1
2026-09-08 19:00:00-04:00,52833.0,52833.0,52835.0,52833.0,52835.0,10
2026-09-08 19:01:00-04:00,52831.0,52831.0,52831.0,52831.0,52831.0,1
2026-09-08 19:02:00-04:00,52830.0,52830.0,52830.0,52830.0,52830.0,3
2026-09-08 19:03:00-04:00,52825.0,52825.0,52826.0,52825.0,52826.0,3
2026-09-08 19:05:00-04:00,52826.0,52826.0,52827.0,52826.0,52827.0,4
2026-09-08 19:06:00-04:00,52826.0,52826.0,52826.0,52826.0,52826.0,1
2026-09-08 19:09:00-04:00,52828.0,52828.0,52831.0,52828.0,52828.0,5
2026-09-08 19:10:00-04:00,52828.0,52828.0,52828.0,52828.0,52828.0,1
2026-09-08 19:11:00-04:00,52823.0,52823.0,52826.0,52823.0,52826.0,7
2026-09-08 19:14:00-04:00,52824.0,52824.0,52826.0,52824.0,52826.0,4
2026-09-08 19:16:00-04:00,52822.0,52822.0,52822.0,52822.0,52822.0,1
2026-09-08 19:18:00-04:00,52820.0,52820.0,52821.0,52819.0,52820.0,6
2026-09-08 19:20:00-04:00,52819.0,52819.0,52819.0,52819.0,52819.0,1
2026-09-08 19:21:00-04:00,52819.0,52819.0,52819.0,52819.0,52819.0,1
2026-09-08 19:23:00-04:00,52817.0,52817.0,52820.0,52811.0,52816.0,32
2026-09-08 19:24:00-04:00,52818.0,52818.0,52820.0,52818.0,52820.0,2
2026-09-08 19:25:00-04:00,52819.0,52819.0,52819.0,52818.0,52819.0,5
2026-09-08 19:26:00-04:00,52815.0,52815.0,52815.0,52813.0,52815.0,7
2026-09-08 19:27:00-04:00,52811.0,52811.0,52813.0,52811.0,52813.0,4
2026-09-08 19:28:00-04:00,52812.0,52812.0,52812.0,52812.0,52812.0,2
2026-09-08 19:29:00-04:00,52812.0,52812.0,52812.0,52812.0,52812.0,1
2026-09-08 19:30:00-04:00,52811.0,52811.0,52815.0,52811.0,52815.0,11
2026-09-08 19:31:00-04:00,52812.0,52812.0,52814.0,52812.0,52813.0,3
2026-09-08 19:32:00-04:00,52810.0,52810.0,52811.0,52809.0,52810.0,6
2026-09-08 19:33:00-04:00,52809.0,52809.0,52809.0,52809.0,52809.0,1
2026-09-08 19:35:00-04:00,52806.0,52806.0,52808.0,52806.0,52808.0,2
2026-09-08 19:36:00-04:00,52806.0,52806.0,52807.0,52805.0,52807.0,4
2026-09-08 19:38:00-04:00,52800.0,52800.0,52805.0,52800.0,52805.0,14
2026-09-08 19:39:00-04:00,52804.0,52804.0,52804.0,52801.0,52801.0,3
2026-09-08 19:40:00-04:00,52802.0,52802.0,52802.0,52802.0,52802.0,1
2026-09-08 19:41:00-04:00,52802.0,52802.0,52802.0,52802.0,52802.0,1
2026-09-08 19:43:00-04:00,52805.0,52805.0,52805.0,52804.0,52804.0,3
2026-09-08 19:44:00-04:00,52799.0,52799.0,52800.0,52799.0,52800.0,4
2026-09-08 19:45:00-04:00,52805.0,52805.0,52805.0,52801.0,52801.0,8
2026-09-08 19:46:00-04:00,52799.0,52799.0,52804.0,52799.0,52804.0,9
2026-09-08 19:47:00-04:00,52800.0,52800.0,52800.0,52800.0,52800.0,1
2026-09-08 19:48:00-04:00,52800.0,52800.0,52803.0,52799.0,52803.0,4
2026-09-08 19:49:00-04:00,52795.0,52795.0,52799.0,52795.0,52799.0,2
2026-09-08 19:50:00-04:00,52800.0,52800.0,52801.0,52798.0,52799.0,10
2026-09-08 19:51:00-04:00,52794.0,52794.0,52796.0,52794.0,52796.0,4
2026-09-08 19:52:00-04:00,52789.0,52789.0,52793.0,52788.0,52793.0,13
2026-09-08 19:53:00-04:00,52788.0,52788.0,52789.0,52787.0,52787.0,10
2026-09-08 19:54:00-04:00,52783.0,52783.0,52786.0,52783.0,52786.0,11
2026-09-08 19:55:00-04:00,52786.0,52786.0,52790.0,52784.0,52784.0,17
2026-09-08 19:56:00-04:00,52785.0,52785.0,52788.0,52785.0,52786.0,7
2026-09-08 19:57:00-04:00,52783.0,52783.0,52785.0,52782.0,52785.0,5
2026-09-08 19:58:00-04:00,52784.0,52784.0,52784.0,52784.0,52784.0,2
2026-09-08 19:59:00-04:00,52786.0,52786.0,52790.0,52786.0,52789.0,7
2026-09-08 20:00:00-04:00,52796.0,52796.0,52800.0,52784.0,52788.0,36
2026-09-08 20:01:00-04:00,52801.0,52801.0,52804.0,52796.0,52796.0,23
2026-09-08 20:02:00-04:00,52809.0,52809.0,52815.0,52808.0,52808.0,21
2026-09-08 20:03:00-04:00,52819.0,52819.0,52822.0,52810.0,52810.0,31
2026-09-08 20:04:00-04:00,52815.0,52815.0,52818.0,52812.0,52818.0,24
2026-09-08 20:05:00-04:00,52818.0,52818.0,52818.0,52814.0,52816.0,15
2026-09-08 20:06:00-04:00,52823.0,52823.0,52823.0,52816.0,52819.0,23
2026-09-08 20:07:00-04:00,52817.0,52817.0,52826.0,52816.0,52822.0,22
2026-09-08 20:08:00-04:00,52821.0,52821.0,52821.0,52819.0,52820.0,8
2026-09-08 20:09:00-04:00,52817.0,52817.0,52819.0,52814.0,52818.0,13
2026-09-08 20:10:00-04:00,52815.0,52815.0,52816.0,52813.0,52816.0,12
2026-09-08 20:11:00-04:00,52829.0,52829.0,52831.0,52820.0,52820.0,17
2026-09-08 20:12:00-04:00,52824.0,52824.0,52829.0,52824.0,52829.0,7
2026-09-08 20:13:00-04:00,52821.0,52821.0,52824.0,52821.0,52824.0,12
2026-09-08 20:14:00-04:00,52816.0,52816.0,52819.0,52816.0,52819.0,6
2026-09-08 20:15:00-04:00,52791.0,52791.0,52816.0,52789.0,52815.0,69
2026-09-08 20:16:00-04:00,52797.0,52797.0,52799.0,52787.0,52789.0,24
2026-09-08 20:17:00-04:00,52783.0,52783.0,52795.0,52780.0,52795.0,31
2026-09-08 20:18:00-04:00,52781.0,52781.0,52785.0,52780.0,52783.0,20
2026-09-08 20:19:00-04:00,52793.0,52793.0,52794.0,52780.0,52782.0,31
2026-09-08 20:20:00-04:00,52796.0,52796.0,52798.0,52791.0,52794.0,11
2026-09-08 20:21:00-04:00,52795.0,52795.0,52798.0,52790.0,52794.0,14
2026-09-08 20:22:00-04:00,52794.0,52794.0,52798.0,52794.0,52798.0,8
2026-09-08 20:23:00-04:00,52799.0,52799.0,52801.0,52799.0,52799.0,6
2026-09-08 20:24:00-04:00,52797.0,52797.0,52798.0,52795.0,52795.0,8
2026-09-08 20:25:00-04:00,52795.0,52795.0,52798.0,52794.0,52798.0,11
2026-09-08 20:26:00-04:00,52790.0,52790.0,52798.0,52790.0,52794.0,13
2026-09-08 20:27:00-04:00,52793.0,52793.0,52793.0,52790.0,52790.0,13
2026-09-08 20:28:00-04:00,52795.0,52795.0,52797.0,52795.0,52795.0,6
2026-09-08 20:29:00-04:00,52794.0,52794.0,52797.0,52794.0,52797.0,2
2026-09-08 20:30:00-04:00,52796.0,52796.0,52799.0,52795.0,52797.0,10
2026-09-08 20:31:00-04:00,52783.0,52783.0,52793.0,52781.0,52793.0,33
2026-09-08 20:32:00-04:00,52794.0,52794.0,52794.0,52783.0,52784.0,10
2026-09-08 20:33:00-04:00,52795.0,52795.0,52795.0,52794.0,52794.0,3
2026-09-08 20:34:00-04:00,52795.0,52795.0,52797.0,52790.0,52794.0,19
2026-09-08 20:35:00-04:00,52794.0,52794.0,52796.0,52793.0,52793.0,8
2026-09-08 20:36:00-04:00,52788.0,52788.0,52792.0,52788.0,52792.0,4
2026-09-08 20:37:00-04:00,52789.0,52789.0,52789.0,52786.0,52786.0,6
2026-09-08 20:38:00-04:00,52787.0,52787.0,52787.0,52782.0,52785.0,23
2026-09-08 20:39:00-04:00,52793.0,52793.0,52793.0,52790.0,52790.0,7
2026-09-08 20:40:00-04:00,52791.0,52791.0,52795.0,52791.0,52795.0,3
2026-09-08 20:41:00-04:00,52792.0,52792.0,52792.0,52787.0,52787.0,5
2026-09-08 20:42:00-04:00,52789.0,52789.0,52801.0,52789.0,52794.0,8
2026-09-08 20:43:00-04:00,52792.0,52792.0,52796.0,52792.0,52792.0,10
2026-09-08 20:44:00-04:00,52801.0,52801.0,52804.0,52800.0,52801.0,9
2026-09-08 20:45:00-04:00,52801.0,52801.0,52802.0,52800.0,52800.0,7
2026-09-08 20:46:00-04:00,52802.0,52802.0,52805.0,52801.0,52802.0,12
2026-09-08 20:47:00-04:00,52802.0,52802.0,52802.0,52800.0,52802.0,5
2026-09-08 20:48:00-04:00,52797.0,52797.0,52800.0,52796.0,52800.0,4
2026-09-08 20:49:00-04:00,52800.0,52800.0,52800.0,52798.0,52798.0,2
2026-09-08 20:50:00-04:00,52807.0,52807.0,52808.0,52806.0,52806.0,10
2026-09-08 20:51:00-04:00,52804.0,52804.0,52806.0,52804.0,52806.0,7
2026-09-08 20:52:00-04:00,52807.0,52807.0,52807.0,52804.0,52805.0,4
2026-09-08 20:53:00-04:00,52811.0,52811.0,52811.0,52808.0,52808.0,7
2026-09-08 20:54:00-04:00,52811.0,52811.0,52811.0,52809.0,52809.0,3
2026-09-08 20:55:00-04:00,52811.0,52811.0,52811.0,52809.0,52810.0,4
2026-09-08 20:56:00-04:00,52807.0,52807.0,52809.0,52807.0,52809.0,6
2026-09-08 20:57:00-04:00,52807.0,52807.0,52807.0,52806.0,52806.0,3
2026-09-08 20:58:00-04:00,52813.0,52813.0,52813.0,52807.0,52807.0,3
2026-09-08 20:59:00-04:00,52812.0,52812.0,52812.0,52810.0,52811.0,5
2026-09-08 21:00:00-04:00,52812.0,52812.0,52812.0,52808.0,52809.0,19
2026-09-08 21:01:00-04:00,52802.0,52802.0,52812.0,52802.0,52812.0,19
2026-09-08 21:02:00-04:00,52803.0,52803.0,52806.0,52798.0,52800.0,30
2026-09-08 21:03:00-04:00,52805.0,52805.0,52811.0,52804.0,52808.0,8
2026-09-08 21:04:00-04:00,52805.0,52805.0,52806.0,52805.0,52806.0,3
2026-09-08 21:05:00-04:00,52798.0,52798.0,52804.0,52798.0,52802.0,10
2026-09-08 21:06:00-04:00,52805.0,52805.0,52807.0,52799.0,52799.0,15
2026-09-08 21:07:00-04:00,52804.0,52804.0,52805.0,52801.0,52803.0,15
2026-09-08 21:08:00-04:00,52802.0,52802.0,52804.0,52802.0,52803.0,7
2026-09-08 21:09:00-04:00,52801.0,52801.0,52803.0,52799.0,52800.0,12
2026-09-08 21:10:00-04:00,52806.0,52806.0,52806.0,52802.0,52802.0,15
2026-09-08 21:11:00-04:00,52804.0,52804.0,52805.0,52804.0,52805.0,3
2026-09-08 21:12:00-04:00,52801.0,52801.0,52803.0,52800.0,52803.0,12
2026-09-08 21:13:00-04:00,52800.0,52800.0,52800.0,52800.0,52800.0,1
2026-09-08 21:14:00-04:00,52800.0,52800.0,52800.0,52799.0,52799.0,2
2026-09-08 21:15:00-04:00,52799.0,52799.0,52804.0,52798.0,52798.0,25
2026-09-08 21:16:00-04:00,52803.0,52803.0,52804.0,52802.0,52803.0,6
2026-09-08 21:17:00-04:00,52804.0,52804.0,52804.0,52804.0,52804.0,2
2026-09-08 21:18:00-04:00,52812.0,52812.0,52812.0,52808.0,52810.0,12
2026-09-08 21:19:00-04:00,52814.0,52814.0,52814.0,52812.0,52814.0,6
2026-09-08 21:20:00-04:00,52811.0,52811.0,52816.0,52811.0,52814.0,8
2026-09-08 21:21:00-04:00,52811.0,52811.0,52813.0,52811.0,52812.0,3
2026-09-08 21:22:00-04:00,52811.0,52811.0,52812.0,52810.0,52810.0,5
2026-09-08 21:23:00-04:00,52812.0,52812.0,52813.0,52809.0,52812.0,7
2026-09-08 21:24:00-04:00,52813.0,52813.0,52815.0,52810.0,52813.0,34
2026-09-08 21:25:00-04:00,52811.0,52811.0,52813.0,52809.0,52812.0,14
2026-09-08 21:26:00-04:00,52811.0,52811.0,52817.0,52810.0,52813.0,36
2026-09-08 21:27:00-04:00,52812.0,52812.0,52814.0,52811.0,52811.0,8
2026-09-08 21:28:00-04:00,52810.0,52810.0,52811.0,52810.0,52811.0,3
2026-09-08 21:29:00-04:00,52806.0,52806.0,52809.0,52806.0,52809.0,3
2026-09-08 21:30:00-04:00,52804.0,52804.0,52804.0,52803.0,52804.0,4
2026-09-08 21:31:00-04:00,52803.0,52803.0,52803.0,52802.0,52803.0,6
2026-09-08 21:32:00-04:00,52802.0,52802.0,52803.0,52799.0,52801.0,7
2026-09-08 21:33:00-04:00,52805.0,52805.0,52805.0,52800.0,52801.0,7
2026-09-08 21:34:00-04:00,52802.0,52802.0,52803.0,52801.0,52802.0,14
2026-09-08 21:35:00-04:00,52812.0,52812.0,52812.0,52802.0,52802.0,7
2026-09-08 21:36:00-04:00,52812.0,52812.0,52814.0,52811.0,52813.0,10
2026-09-08 21:37:00-04:00,52808.0,52808.0,52812.0,52808.0,52811.0,4
2026-09-08 21:38:00-04:00,52800.0,52800.0,52807.0,52800.0,52806.0,13
2026-09-08 21:39:00-04:00,52802.0,52802.0,52803.0,52800.0,52801.0,10
2026-09-08 21:40:00-04:00,52799.0,52799.0,52800.0,52799.0,52800.0,4
2026-09-08 21:41:00-04:00,52788.0,52788.0,52797.0,52786.0,52796.0,27
2026-09-08 21:42:00-04:00,52792.0,52792.0,52792.0,52791.0,52791.0,5
2026-09-08 21:43:00-04:00,52793.0,52793.0,52793.0,52793.0,52793.0,2
2026-09-08 21:44:00-04:00,52792.0,52792.0,52792.0,52792.0,52792.0,2
2026-09-08 21:45:00-04:00,52796.0,52796.0,52797.0,52795.0,52795.0,12
2026-09-08 21:46:00-04:00,52797.0,52797.0,52798.0,52795.0,52795.0,8
2026-09-08 21:47:00-04:00,52796.0,52796.0,52798.0,52795.0,52798.0,6
2026-09-08 21:48:00-04:00,52792.0,52792.0,52794.0,52792.0,52794.0,3
2026-09-08 21:49:00-04:00,52797.0,52797.0,52797.0,52795.0,52795.0,2
2026-09-08 21:50:00-04:00,52789.0,52789.0,52793.0,52788.0,52793.0,14
2026-09-08 21:51:00-04:00,52780.0,52780.0,52789.0,52774.0,52788.0,44
2026-09-08 21:52:00-04:00,52777.0,52777.0,52779.0,52777.0,52779.0,10
2026-09-08 21:53:00-04:00,52783.0,52783.0,52783.0,52776.0,52779.0,8
2026-09-08 21:54:00-04:00,52783.0,52783.0,52786.0,52783.0,52786.0,7
2026-09-08 21:55:00-04:00,52783.0,52783.0,52784.0,52783.0,52784.0,4
2026-09-08 21:56:00-04:00,52784.0,52784.0,52785.0,52783.0,52783.0,6
2026-09-08 21:57:00-04:00,52782.0,52782.0,52785.0,52781.0,52785.0,9
2026-09-08 21:58:00-04:00,52781.0,52781.0,52783.0,52780.0,52782.0,6
2026-09-08 21:59:00-04:00,52783.0,52783.0,52783.0,52781.0,52781.0,2
2026-09-08 22:00:00-04:00,52789.0,52789.0,52790.0,52786.0,52786.0,20
2026-09-08 22:01:00-04:00,52791.0,52791.0,52794.0,52790.0,52790.0,13
2026-09-08 22:02:00-04:00,52790.0,52790.0,52790.0,52790.0,52790.0,2
2026-09-08 22:03:00-04:00,52789.0,52789.0,52789.0,52789.0,52789.0,1
2026-09-08 22:04:00-04:00,52792.0,52792.0,52792.0,52792.0,52792.0,1
2026-09-08 22:05:00-04:00,52788.0,52788.0,52790.0,52787.0,52790.0,6
2026-09-08 22:06:00-04:00,52791.0,52791.0,52791.0,52788.0,52788.0,2
2026-09-08 22:07:00-04:00,52792.0,52792.0,52792.0,52792.0,52792.0,2
2026-09-08 22:08:00-04:00,52792.0,52792.0,52792.0,52791.0,52792.0,6
2026-09-08 22:09:00-04:00,52796.0,52796.0,52796.0,52794.0,52794.0,6
2026-09-08 22:10:00-04:00,52793.0,52793.0,52797.0,52793.0,52796.0,11
2026-09-08 22:11:00-04:00,52790.0,52790.0,52793.0,52790.0,52791.0,7
2026-09-08 22:12:00-04:00,52790.0,52790.0,52792.0,52790.0,52790.0,5
2026-09-08 22:13:00-04:00,52771.0,52771.0,52790.0,52771.0,52790.0,24
2026-09-08 22:14:00-04:00,52779.0,52779.0,52779.0,52769.0,52772.0,53
2026-09-08 22:15:00-04:00,52775.0,52775.0,52778.0,52775.0,52778.0,2
2026-09-08 22:16:00-04:00,52772.0,52772.0,52775.0,52767.0,52775.0,14
2026-09-08 22:17:00-04:00,52773.0,52773.0,52774.0,52772.0,52772.0,3
2026-09-08 22:18:00-04:00,52777.0,52777.0,52777.0,52777.0,52777.0,1
2026-09-08 22:19:00-04:00,52783.0,52783.0,52783.0,52779.0,52779.0,8
2026-09-08 22:20:00-04:00,52786.0,52786.0,52786.0,52783.0,52783.0,5
2026-09-08 22:21:00-04:00,52784.0,52784.0,52785.0,52781.0,52784.0,14
2026-09-08 22:22:00-04:00,52784.0,52784.0,52786.0,52783.0,52783.0,10
2026-09-08 22:23:00-04:00,52784.0,52784.0,52784.0,52783.0,52783.0,5
2026-09-08 22:24:00-04:00,52786.0,52786.0,52786.0,52785.0,52785.0,3
2026-09-08 22:25:00-04:00,52790.0,52790.0,52790.0,52788.0,52788.0,3
2026-09-08 22:26:00-04:00,52790.0,52790.0,52791.0,52789.0,52790.0,8
2026-09-08 22:27:00-04:00,52788.0,52788.0,52788.0,52788.0,52788.0,1
2026-09-08 22:28:00-04:00,52785.0,52785.0,52785.0,52785.0,52785.0,1
2026-09-08 22:30:00-04:00,52787.0,52787.0,52787.0,52786.0,52786.0,4
2026-09-08 22:31:00-04:00,52788.0,52788.0,52789.0,52788.0,52789.0,7
2026-09-08 22:32:00-04:00,52788.0,52788.0,52788.0,52786.0,52788.0,4
2026-09-08 22:33:00-04:00,52787.0,52787.0,52787.0,52784.0,52786.0,3
2026-09-08 22:34:00-04:00,52787.0,52787.0,52787.0,52787.0,52787.0,1
2026-09-08 22:35:00-04:00,52785.0,52785.0,52785.0,52785.0,52785.0,1
2026-09-08 22:36:00-04:00,52781.0,52781.0,52784.0,52781.0,52784.0,7
2026-09-08 22:37:00-04:00,52781.0,52781.0,52781.0,52781.0,52781.0,1
2026-09-08 22:38:00-04:00,52785.0,52785.0,52785.0,52781.0,52781.0,5
2026-09-08 22:39:00-04:00,52785.0,52785.0,52785.0,52785.0,52785.0,3
2026-09-08 22:40:00-04:00,52788.0,52788.0,52788.0,52787.0,52787.0,5
2026-09-08 22:41:00-04:00,52783.0,52783.0,52784.0,52782.0,52784.0,8
2026-09-08 22:42:00-04:00,52782.0,52782.0,52788.0,52782.0,52786.0,10
2026-09-08 22:43:00-04:00,52784.0,52784.0,52784.0,52781.0,52781.0,8
2026-09-08 22:44:00-04:00,52780.0,52780.0,52785.0,52780.0,52785.0,3
2026-09-08 22:45:00-04:00,52781.0,52781.0,52781.0,52780.0,52781.0,12
2026-09-08 22:46:00-04:00,52785.0,52785.0,52787.0,52785.0,52787.0,4
2026-09-08 22:47:00-04:00,52784.0,52784.0,52784.0,52782.0,52782.0,6
2026-09-08 22:48:00-04:00,52782.0,52782.0,52783.0,52782.0,52783.0,2
2026-09-08 22:49:00-04:00,52785.0,52785.0,52786.0,52784.0,52784.0,7
2026-09-08 22:50:00-04:00,52790.0,52790.0,52790.0,52786.0,52786.0,6
2026-09-08 22:51:00-04:00,52788.0,52788.0,52788.0,52788.0,52788.0,3
2026-09-08 22:52:00-04:00,52792.0,52792.0,52792.0,52788.0,52789.0,6
2026-09-08 22:53:00-04:00,52791.0,52791.0,52793.0,52791.0,52793.0,7
2026-09-08 22:54:00-04:00,52791.0,52791.0,52792.0,52791.0,52791.0,3
2026-09-08 22:55:00-04:00,52788.0,52788.0,52790.0,52788.0,52790.0,2
2026-09-08 22:56:00-04:00,52790.0,52790.0,52790.0,52788.0,52789.0,5
2026-09-08 22:57:00-04:00,52788.0,52788.0,52789.0,52788.0,52789.0,3
2026-09-08 22:58:00-04:00,52788.0,52788.0,52789.0,52787.0,52787.0,4
2026-09-08 23:00:00-04:00,52786.0,52786.0,52786.0,52784.0,52786.0,10
2026-09-08 23:01:00-04:00,52785.0,52785.0,52788.0,52785.0,52785.0,8
2026-09-08 23:02:00-04:00,52781.0,52781.0,52784.0,52781.0,52783.0,8
2026-09-08 23:04:00-04:00,52779.0,52779.0,52783.0,52779.0,52783.0,4
2026-09-08 23:06:00-04:00,52785.0,52785.0,52785.0,52782.0,52782.0,2
2026-09-08 23:07:00-04:00,52781.0,52781.0,52782.0,52781.0,52782.0,6
2026-09-08 23:08:00-04:00,52775.0,52775.0,52780.0,52775.0,52779.0,4
2026-09-08 23:09:00-04:00,52775.0,52775.0,52775.0,52775.0,52775.0,1
2026-09-08 23:10:00-04:00,52778.0,52778.0,52778.0,52778.0,52778.0,2
2026-09-08 23:11:00-04:00,52777.0,52777.0,52777.0,52777.0,52777.0,1
2026-09-08 23:12:00-04:00,52782.0,52782.0,52787.0,52782.0,52783.0,10
2026-09-08 23:14:00-04:00,52781.0,52781.0,52781.0,52781.0,52781.0,1
2026-09-08 23:15:00-04:00,52784.0,52784.0,52784.0,52784.0,52784.0,2
2026-09-08 23:16:00-04:00,52781.0,52781.0,52785.0,52781.0,52784.0,3
2026-09-08 23:17:00-04:00,52782.0,52782.0,52784.0,52782.0,52784.0,3
2026-09-08 23:18:00-04:00,52784.0,52784.0,52784.0,52784.0,52784.0,1
2026-09-08 23:19:00-04:00,52784.0,52784.0,52784.0,52784.0,52784.0,1
2026-09-08 23:20:00-04:00,52786.0,52786.0,52786.0,52784.0,52784.0,7
2026-09-08 23:21:00-04:00,52782.0,52782.0,52784.0,52782.0,52783.0,4
2026-09-08 23:22:00-04:00,52786.0,52786.0,52786.0,52786.0,52786.0,1
2026-09-08 23:23:00-04:00,52789.0,52789.0,52789.0,52785.0,52785.0,5
2026-09-08 23:24:00-04:00,52788.0,52788.0,52788.0,52788.0,52788.0,3
2026-09-08 23:25:00-04:00,52788.0,52788.0,52788.0,52786.0,52788.0,3
2026-09-08 23:27:00-04:00,52791.0,52791.0,52792.0,52791.0,52792.0,3
2026-09-08 23:28:00-04:00,52793.0,52793.0,52801.0,52793.0,52793.0,30
2026-09-08 23:29:00-04:00,52788.0,52788.0,52792.0,52786.0,52792.0,11
2026-09-08 23:30:00-04:00,52784.0,52784.0,52787.0,52784.0,52785.0,6
2026-09-08 23:31:00-04:00,52788.0,52788.0,52788.0,52788.0,52788.0,1
2026-09-08 23:32:00-04:00,52785.0,52785.0,52789.0,52785.0,52786.0,6
2026-09-08 23:33:00-04:00,52784.0,52784.0,52784.0,52784.0,52784.0,1
2026-09-08 23:35:00-04:00,52790.0,52790.0,52791.0,52790.0,52790.0,3
2026-09-08 23:36:00-04:00,52793.0,52793.0,52793.0,52791.0,52791.0,4
2026-09-08 23:37:00-04:00,52794.0,52794.0,52795.0,52794.0,52795.0,3
2026-09-08 23:38:00-04:00,52793.0,52793.0,52798.0,52793.0,52797.0,5
2026-09-08 23:39:00-04:00,52796.0,52796.0,52796.0,52796.0,52796.0,2
2026-09-08 23:41:00-04:00,52798.0,52798.0,52801.0,52798.0,52800.0,9
2026-09-08 23:42:00-04:00,52797.0,52797.0,52797.0,52796.0,52797.0,5
2026-09-08 23:43:00-04:00,52796.0,52796.0,52796.0,52796.0,52796.0,1
2026-09-08 23:45:00-04:00,52795.0,52795.0,52796.0,52795.0,52796.0,2
2026-09-08 23:46:00-04:00,52793.0,52793.0,52794.0,52793.0,52794.0,4
2026-09-08 23:47:00-04:00,52794.0,52794.0,52794.0,52791.0,52791.0,3
2026-09-08 23:48:00-04:00,52797.0,52797.0,52797.0,52796.0,52796.0,3
2026-09-08 23:49:00-04:00,52799.0,52799.0,52799.0,52799.0,52799.0,1
2026-09-08 23:50:00-04:00,52797.0,52797.0,52799.0,52797.0,52797.0,15
2026-09-08 23:51:00-04:00,52796.0,52796.0,52796.0,52795.0,52795.0,4
2026-09-08 23:52:00-04:00,52795.0,52795.0,52796.0,52793.0,52796.0,11
2026-09-08 23:53:00-04:00,52794.0,52794.0,52794.0,52794.0,52794.0,1
2026-09-08 23:54:00-04:00,52795.0,52795.0,52796.0,52793.0,52796.0,7
2026-09-08 23:55:00-04:00,52799.0,52799.0,52799.0,52796.0,52796.0,4
2026-09-08 23:56:00-04:00,52797.0,52797.0,52799.0,52797.0,52799.0,5
2026-09-08 23:57:00-04:00,52801.0,52801.0,52801.0,52800.0,52801.0,3
2026-09-08 23:58:00-04:00,52802.0,52802.0,52802.0,52801.0,52801.0,3
2026-09-09 00:00:00-04:00,52800.0,52800.0,52803.0,52798.0,52799.0,11
2026-09-09 00:01:00-04:00,52802.0,52802.0,52806.0,52802.0,52802.0,6
2026-09-09 00:03:00-04:00,52794.0,52794.0,52798.0,52794.0,52798.0,3
2026-09-09 00:04:00-04:00,52797.0,52797.0,52797.0,52795.0,52795.0,2
2026-09-09 00:06:00-04:00,52797.0,52797.0,52797.0,52797.0,52797.0,1
2026-09-09 00:07:00-04:00,52797.0,52797.0,52797.0,52797.0,52797.0,1
2026-09-09 00:08:00-04:00,52799.0,52799.0,52799.0,52797.0,52797.0,3
2026-09-09 00:09:00-04:00,52797.0,52797.0,52797.0,52797.0,52797.0,1
2026-09-09 00:10:00-04:00,52784.0,52784.0,52794.0,52784.0,52794.0,11
2026-09-09 00:11:00-04:00,52790.0,52790.0,52790.0,52785.0,52785.0,9
2026-09-09 00:12:00-04:00,52789.0,52789.0,52792.0,52788.0,52792.0,4
2026-09-09 00:13:00-04:00,52791.0,52791.0,52791.0,52788.0,52788.0,3
2026-09-09 00:14:00-04:00,52787.0,52787.0,52787.0,52787.0,52787.0,1
2026-09-09 00:15:00-04:00,52788.0,52788.0,52788.0,52786.0,52786.0,6
2026-09-09 00:16:00-04:00,52790.0,52790.0,52791.0,52790.0,52791.0,2
2026-09-09 00:19:00-04:00,52786.0,52786.0,52786.0,52786.0,52786.0,1
2026-09-09 00:20:00-04:00,52790.0,52790.0,52790.0,52789.0,52789.0,4
2026-09-09 00:21:00-04:00,52797.0,52797.0,52797.0,52792.0,52792.0,2
2026-09-09 00:22:00-04:00,52798.0,52798.0,52800.0,52796.0,52798.0,7
2026-09-09 00:23:00-04:00,52798.0,52798.0,52800.0,52795.0,52797.0,10
2026-09-09 00:24:00-04:00,52806.0,52806.0,52806.0,52802.0,52804.0,5
2026-09-09 00:25:00-04:00,52801.0,52801.0,52806.0,52801.0,52806.0,4
2026-09-09 00:26:00-04:00,52799.0,52799.0,52801.0,52799.0,52801.0,4
2026-09-09 00:27:00-04:00,52804.0,52804.0,52804.0,52800.0,52800.0,5
2026-09-09 00:28:00-04:00,52808.0,52808.0,52808.0,52804.0,52805.0,6
2026-09-09 00:29:00-04:00,52804.0,52804.0,52806.0,52804.0,52806.0,11
2026-09-09 00:30:00-04:00,52799.0,52799.0,52800.0,52798.0,52800.0,3
2026-09-09 00:31:00-04:00,52801.0,52801.0,52801.0,52799.0,52799.0,3
2026-09-09 00:32:00-04:00,52804.0,52804.0,52805.0,52801.0,52801.0,4
2026-09-09 00:34:00-04:00,52806.0,52806.0,52806.0,52806.0,52806.0,1
2026-09-09 00:35:00-04:00,52806.0,52806.0,52806.0,52804.0,52804.0,2
2026-09-09 00:36:00-04:00,52807.0,52807.0,52808.0,52807.0,52808.0,4
2026-09-09 00:37:00-04:00,52808.0,52808.0,52808.0,52807.0,52807.0,4
2026-09-09 00:39:00-04:00,52812.0,52812.0,52813.0,52810.0,52810.0,6
2026-09-09 00:40:00-04:00,52808.0,52808.0,52811.0,52808.0,52810.0,6
2026-09-09 00:41:00-04:00,52809.0,52809.0,52810.0,52809.0,52809.0,3
2026-09-09 00:42:00-04:00,52811.0,52811.0,52811.0,52810.0,52810.0,3
2026-09-09 00:43:00-04:00,52814.0,52814.0,52814.0,52814.0,52814.0,1
2026-09-09 00:44:00-04:00,52814.0,52814.0,52814.0,52814.0,52814.0,3
2026-09-09 00:45:00-04:00,52816.0,52816.0,52816.0,52816.0,52816.0,1
2026-09-09 00:46:00-04:00,52820.0,52820.0,52820.0,52818.0,52819.0,7
2026-09-09 00:47:00-04:00,52816.0,52816.0,52817.0,52816.0,52817.0,3
2026-09-09 00:48:00-04:00,52817.0,52817.0,52817.0,52817.0,52817.0,4
2026-09-09 00:49:00-04:00,52817.0,52817.0,52820.0,52817.0,52820.0,5
2026-09-09 00:50:00-04:00,52817.0,52817.0,52817.0,52817.0,52817.0,1
2026-09-09 00:51:00-04:00,52816.0,52816.0,52816.0,52815.0,52815.0,4
2026-09-09 00:52:00-04:00,52818.0,52818.0,52818.0,52816.0,52818.0,8
2026-09-09 00:53:00-04:00,52817.0,52817.0,52817.0,52817.0,52817.0,3
2026-09-09 00:54:00-04:00,52821.0,52821.0,52821.0,52819.0,52819.0,2
2026-09-09 00:55:00-04:00,52821.0,52821.0,52821.0,52821.0,52821.0,2
2026-09-09 00:56:00-04:00,52821.0,52821.0,52821.0,52821.0,52821.0,1
2026-09-09 00:57:00-04:00,52823.0,52823.0,52825.0,52818.0,52822.0,14
2026-09-09 00:59:00-04:00,52822.0,52822.0,52822.0,52821.0,52821.0,5
2026-09-09 01:00:00-04:00,52820.0,52820.0,52824.0,52820.0,52822.0,11
2026-09-09 01:01:00-04:00,52819.0,52819.0,52819.0,52817.0,52817.0,5
2026-09-09 01:02:00-04:00,52817.0,52817.0,52819.0,52817.0,52818.0,5
2026-09-09 01:03:00-04:00,52819.0,52819.0,52820.0,52818.0,52818.0,5
2026-09-09 01:04:00-04:00,52818.0,52818.0,52821.0,52818.0,52821.0,4
2026-09-09 01:05:00-04:00,52816.0,52816.0,52818.0,52816.0,52818.0,2
2026-09-09 01:06:00-04:00,52821.0,52821.0,52821.0,52817.0,52817.0,5
2026-09-09 01:07:00-04:00,52824.0,52824.0,52824.0,52823.0,52823.0,4
2026-09-09 01:08:00-04:00,52826.0,52826.0,52826.0,52825.0,52825.0,2
2026-09-09 01:09:00-04:00,52824.0,52824.0,52825.0,52824.0,52825.0,4
2026-09-09 01:10:00-04:00,52824.0,52824.0,52827.0,52824.0,52825.0,12
2026-09-09 01:11:00-04:00,52826.0,52826.0,52826.0,52822.0,52822.0,14
2026-09-09 01:12:00-04:00,52826.0,52826.0,52826.0,52824.0,52826.0,7
2026-09-09 01:13:00-04:00,52828.0,52828.0,52831.0,52828.0,52829.0,7
2026-09-09 01:14:00-04:00,52828.0,52828.0,52831.0,52828.0,52828.0,12
2026-09-09 01:15:00-04:00,52825.0,52825.0,52827.0,52824.0,52827.0,6
2026-09-09 01:16:00-04:00,52828.0,52828.0,52828.0,52826.0,52826.0,2
2026-09-09 01:17:00-04:00,52824.0,52824.0,52825.0,52824.0,52825.0,4
2026-09-09 01:18:00-04:00,52817.0,52817.0,52820.0,52817.0,52819.0,6
2026-09-09 01:19:00-04:00,52816.0,52816.0,52818.0,52816.0,52818.0,6
2026-09-09 01:20:00-04:00,52815.0,52815.0,52817.0,52814.0,52817.0,6
2026-09-09 01:21:00-04:00,52811.0,52811.0,52813.0,52806.0,52812.0,20
2026-09-09 01:22:00-04:00,52809.0,52809.0,52812.0,52809.0,52812.0,2
2026-09-09 01:23:00-04:00,52814.0,52814.0,52814.0,52811.0,52811.0,4
2026-09-09 01:24:00-04:00,52820.0,52820.0,52820.0,52814.0,52814.0,4
2026-09-09 01:25:00-04:00,52823.0,52823.0,52823.0,52821.0,52821.0,3
2026-09-09 01:26:00-04:00,52825.0,52825.0,52828.0,52825.0,52828.0,5
2026-09-09 01:27:00-04:00,52824.0,52824.0,52828.0,52824.0,52828.0,11
2026-09-09 01:28:00-04:00,52824.0,52824.0,52826.0,52823.0,52825.0,7
2026-09-09 01:29:00-04:00,52827.0,52827.0,52827.0,52826.0,52826.0,5
2026-09-09 01:30:00-04:00,52820.0,52820.0,52833.0,52819.0,52826.0,19
2026-09-09 01:31:00-04:00,52821.0,52821.0,52821.0,52820.0,52820.0,13
2026-09-09 01:32:00-04:00,52822.0,52822.0,52822.0,52818.0,52818.0,10
2026-09-09 01:33:00-04:00,52817.0,52817.0,52818.0,52815.0,52818.0,12
2026-09-09 01:34:00-04:00,52819.0,52819.0,52819.0,52817.0,52817.0,10
2026-09-09 01:35:00-04:00,52817.0,52817.0,52817.0,52814.0,52814.0,11
2026-09-09 01:36:00-04:00,52826.0,52826.0,52826.0,52821.0,52821.0,7
2026-09-09 01:37:00-04:00,52828.0,52828.0,52830.0,52825.0,52827.0,11
2026-09-09 01:38:00-04:00,52826.0,52826.0,52826.0,52823.0,52823.0,2
2026-09-09 01:40:00-04:00,52828.0,52828.0,52828.0,52828.0,52828.0,2
2026-09-09 01:41:00-04:00,52830.0,52830.0,52831.0,52830.0,52830.0,7
2026-09-09 01:42:00-04:00,52830.0,52830.0,52834.0,52829.0,52829.0,22
2026-09-09 01:43:00-04:00,52832.0,52832.0,52832.0,52832.0,52832.0,3
2026-09-09 01:44:00-04:00,52829.0,52829.0,52829.0,52827.0,52828.0,4
2026-09-09 01:45:00-04:00,52828.0,52828.0,52828.0,52827.0,52827.0,3
2026-09-09 01:47:00-04:00,52828.0,52828.0,52830.0,52828.0,52828.0,16
2026-09-09 01:48:00-04:00,52832.0,52832.0,52834.0,52832.0,52834.0,4
2026-09-09 01:49:00-04:00,52834.0,52834.0,52834.0,52832.0,52833.0,8
2026-09-09 01:50:00-04:00,52842.0,52842.0,52843.0,52834.0,52834.0,15
2026-09-09 01:51:00-04:00,52850.0,52850.0,52850.0,52844.0,52844.0,21
2026-09-09 01:52:00-04:00,52855.0,52855.0,52856.0,52849.0,52849.0,8
2026-09-09 01:53:00-04:00,52852.0,52852.0,52858.0,52851.0,52856.0,8
2026-09-09 01:54:00-04:00,52857.0,52857.0,52857.0,52855.0,52855.0,8
2026-09-09 01:55:00-04:00,52857.0,52857.0,52858.0,52857.0,52858.0,9
2026-09-09 01:56:00-04:00,52853.0,52853.0,52859.0,52852.0,52858.0,11
2026-09-09 01:57:00-04:00,52852.0,52852.0,52853.0,52850.0,52853.0,10
2026-09-09 01:58:00-04:00,52851.0,52851.0,52853.0,52851.0,52852.0,9
2026-09-09 01:59:00-04:00,52853.0,52853.0,52853.0,52851.0,52852.0,10
2026-09-09 02:00:00-04:00,52845.0,52845.0,52854.0,52845.0,52854.0,25
2026-09-09 02:01:00-04:00,52851.0,52851.0,52852.0,52848.0,52848.0,25
2026-09-09 02:02:00-04:00,52854.0,52854.0,52857.0,52854.0,52854.0,31
2026-09-09 02:03:00-04:00,52850.0,52850.0,52854.0,52850.0,52854.0,8
2026-09-09 02:04:00-04:00,52850.0,52850.0,52850.0,52846.0,52849.0,13
2026-09-09 02:05:00-04:00,52853.0,52853.0,52854.0,52851.0,52852.0,9
2026-09-09 02:06:00-04:00,52843.0,52843.0,52852.0,52843.0,52852.0,9
2026-09-09 02:07:00-04:00,52837.0,52837.0,52841.0,52837.0,52839.0,13
2026-09-09 02:08:00-04:00,52836.0,52836.0,52838.0,52836.0,52837.0,8
2026-09-09 02:09:00-04:00,52835.0,52835.0,52837.0,52835.0,52837.0,2
2026-09-09 02:10:00-04:00,52831.0,52831.0,52833.0,52824.0,52833.0,16
2026-09-09 02:11:00-04:00,52831.0,52831.0,52834.0,52827.0,52831.0,26
2026-09-09 02:12:00-04:00,52833.0,52833.0,52833.0,52830.0,52832.0,11
2026-09-09 02:13:00-04:00,52837.0,52837.0,52837.0,52834.0,52834.0,3
2026-09-09 02:14:00-04:00,52843.0,52843.0,52843.0,52840.0,52842.0,13
2026-09-09 02:15:00-04:00,52837.0,52837.0,52841.0,52837.0,52841.0,4
2026-09-09 02:16:00-04:00,52837.0,52837.0,52838.0,52837.0,52837.0,5
2026-09-09 02:17:00-04:00,52835.0,52835.0,52836.0,52835.0,52836.0,2
2026-09-09 02:18:00-04:00,52839.0,52839.0,52842.0,52836.0,52836.0,15
2026-09-09 02:19:00-04:00,52838.0,52838.0,52838.0,52838.0,52838.0,1
2026-09-09 02:20:00-04:00,52832.0,52832.0,52833.0,52832.0,52832.0,6
2026-09-09 02:21:00-04:00,52828.0,52828.0,52828.0,52826.0,52826.0,6
2026-09-09 02:22:00-04:00,52832.0,52832.0,52833.0,52826.0,52826.0,11
2026-09-09 02:23:00-04:00,52835.0,52835.0,52835.0,52832.0,52832.0,5
2026-09-09 02:24:00-04:00,52835.0,52835.0,52838.0,52833.0,52838.0,11
2026-09-09 02:25:00-04:00,52820.0,52820.0,52834.0,52820.0,52834.0,17
2026-09-09 02:26:00-04:00,52823.0,52823.0,52824.0,52823.0,52824.0,2
2026-09-09 02:27:00-04:00,52816.0,52816.0,52820.0,52816.0,52819.0,17
2026-09-09 02:28:00-04:00,52805.0,52805.0,52813.0,52804.0,52813.0,29
2026-09-09 02:29:00-04:00,52810.0,52810.0,52810.0,52805.0,52805.0,7
2026-09-09 02:30:00-04:00,52816.0,52816.0,52822.0,52808.0,52810.0,20
2026-09-09 02:31:00-04:00,52816.0,52816.0,52819.0,52814.0,52819.0,10
2026-09-09 02:32:00-04:00,52799.0,52799.0,52813.0,52799.0,52813.0,13
2026-09-09 02:33:00-04:00,52809.0,52809.0,52809.0,52804.0,52805.0,6
2026-09-09 02:34:00-04:00,52819.0,52819.0,52820.0,52815.0,52815.0,11
2026-09-09 02:35:00-04:00,52823.0,52823.0,52825.0,52820.0,52820.0,7
2026-09-09 02:36:00-04:00,52818.0,52818.0,52821.0,52817.0,52819.0,5
2026-09-09 02:37:00-04:00,52821.0,52821.0,52821.0,52820.0,52821.0,10
2026-09-09 02:38:00-04:00,52822.0,52822.0,52823.0,52820.0,52823.0,11
2026-09-09 02:39:00-04:00,52824.0,52824.0,52826.0,52824.0,52826.0,3
2026-09-09 02:40:00-04:00,52820.0,52820.0,52820.0,52820.0,52820.0,2
2026-09-09 02:41:00-04:00,52822.0,52822.0,52822.0,52822.0,52822.0,1
2026-09-09 02:42:00-04:00,52823.0,52823.0,52823.0,52821.0,52821.0,3
2026-09-09 02:43:00-04:00,52821.0,52821.0,52823.0,52821.0,52823.0,4
2026-09-09 02:44:00-04:00,52822.0,52822.0,52822.0,52818.0,52818.0,3
2026-09-09 02:45:00-04:00,52824.0,52824.0,52824.0,52823.0,52823.0,4
2026-09-09 02:46:00-04:00,52818.0,52818.0,52818.0,52817.0,52818.0,7
2026-09-09 02:47:00-04:00,52823.0,52823.0,52823.0,52820.0,52822.0,7
2026-09-09 02:48:00-04:00,52817.0,52817.0,52825.0,52817.0,52825.0,3
2026-09-09 02:49:00-04:00,52822.0,52822.0,52822.0,52818.0,52818.0,3
2026-09-09 02:50:00-04:00,52822.0,52822.0,52824.0,52821.0,52822.0,10
2026-09-09 02:51:00-04:00,52820.0,52820.0,52823.0,52818.0,52822.0,10
2026-09-09 02:52:00-04:00,52818.0,52818.0,52820.0,52817.0,52820.0,6
2026-09-09 02:53:00-04:00,52814.0,52814.0,52814.0,52814.0,52814.0,4
2026-09-09 02:54:00-04:00,52811.0,52811.0,52815.0,52810.0,52815.0,8
2026-09-09 02:55:00-04:00,52807.0,52807.0,52810.0,52807.0,52809.0,8
2026-09-09 02:56:00-04:00,52804.0,52804.0,52806.0,52804.0,52806.0,4
2026-09-09 02:57:00-04:00,52805.0,52805.0,52806.0,52802.0,52802.0,6
2026-09-09 02:58:00-04:00,52806.0,52806.0,52807.0,52806.0,52807.0,3
2026-09-09 02:59:00-04:00,52810.0,52810.0,52810.0,52807.0,52807.0,16
2026-09-09 03:00:00-04:00,52816.0,52816.0,52816.0,52804.0,52812.0,38
2026-09-09 03:01:00-04:00,52814.0,52814.0,52816.0,52809.0,52816.0,16
2026-09-09 03:02:00-04:00,52830.0,52830.0,52831.0,52825.0,52825.0,19
2026-09-09 03:03:00-04:00,52828.0,52828.0,52828.0,52824.0,52824.0,9
2026-09-09 03:04:00-04:00,52832.0,52832.0,52837.0,52828.0,52828.0,22
2026-09-09 03:05:00-04:00,52836.0,52836.0,52840.0,52835.0,52837.0,18
2026-09-09 03:06:00-04:00,52825.0,52825.0,52837.0,52824.0,52834.0,16
2026-09-09 03:07:00-04:00,52832.0,52832.0,52833.0,52826.0,52826.0,5
2026-09-09 03:08:00-04:00,52833.0,52833.0,52835.0,52833.0,52833.0,4
2026-09-09 03:09:00-04:00,52831.0,52831.0,52831.0,52830.0,52830.0,6
2026-09-09 03:10:00-04:00,52836.0,52836.0,52840.0,52833.0,52833.0,17
2026-09-09 03:11:00-04:00,52843.0,52843.0,52848.0,52839.0,52842.0,23
2026-09-09 03:12:00-04:00,52846.0,52846.0,52848.0,52844.0,52844.0,9
2026-09-09 03:13:00-04:00,52840.0,52840.0,52846.0,52837.0,52846.0,20
2026-09-09 03:14:00-04:00,52817.0,52817.0,52838.0,52817.0,52838.0,15
2026-09-09 03:15:00-04:00,52817.0,52817.0,52818.0,52814.0,52817.0,18
2026-09-09 03:16:00-04:00,52818.0,52818.0,52818.0,52815.0,52817.0,5
2026-09-09 03:17:00-04:00,52815.0,52815.0,52816.0,52811.0,52814.0,9
2026-09-09 03:18:00-04:00,52824.0,52824.0,52824.0,52822.0,52823.0,9
2026-09-09 03:19:00-04:00,52817.0,52817.0,52822.0,52810.0,52821.0,10
2026-09-09 03:20:00-04:00,52830.0,52830.0,52830.0,52817.0,52817.0,8
2026-09-09 03:21:00-04:00,52828.0,52828.0,52833.0,52827.0,52831.0,7
2026-09-09 03:22:00-04:00,52840.0,52840.0,52844.0,52835.0,52835.0,17
2026-09-09 03:23:00-04:00,52842.0,52842.0,52842.0,52836.0,52838.0,4
2026-09-09 03:24:00-04:00,52838.0,52838.0,52838.0,52835.0,52837.0,10
2026-09-09 03:25:00-04:00,52830.0,52830.0,52830.0,52826.0,52828.0,4
2026-09-09 03:26:00-04:00,52833.0,52833.0,52833.0,52829.0,52829.0,3
2026-09-09 03:27:00-04:00,52847.0,52847.0,52851.0,52840.0,52840.0,12
2026-09-09 03:28:00-04:00,52847.0,52847.0,52852.0,52846.0,52848.0,17
2026-09-09 03:29:00-04:00,52854.0,52854.0,52856.0,52846.0,52848.0,15
2026-09-09 03:30:00-04:00,52847.0,52847.0,52853.0,52847.0,52853.0,15
2026-09-09 03:31:00-04:00,52839.0,52839.0,52845.0,52839.0,52844.0,8
2026-09-09 03:33:00-04:00,52830.0,52830.0,52842.0,52830.0,52842.0,14
2026-09-09 03:34:00-04:00,52834.0,52834.0,52834.0,52827.0,52829.0,17
2026-09-09 03:35:00-04:00,52839.0,52839.0,52839.0,52834.0,52835.0,7
2026-09-09 03:36:00-04:00,52833.0,52833.0,52840.0,52829.0,52835.0,25
2026-09-09 03:37:00-04:00,52836.0,52836.0,52837.0,52834.0,52837.0,4
2026-09-09 03:38:00-04:00,52832.0,52832.0,52832.0,52829.0,52831.0,3
2026-09-09 03:39:00-04:00,52819.0,52819.0,52828.0,52819.0,52828.0,10
2026-09-09 03:40:00-04:00,52821.0,52821.0,52822.0,52821.0,52822.0,2
2026-09-09 03:41:00-04:00,52818.0,52818.0,52821.0,52818.0,52821.0,2
2026-09-09 03:42:00-04:00,52826.0,52826.0,52826.0,52821.0,52821.0,10
2026-09-09 03:43:00-04:00,52813.0,52813.0,52824.0,52813.0,52824.0,18
2026-09-09 03:44:00-04:00,52810.0,52810.0,52812.0,52806.0,52811.0,12
2026-09-09 03:45:00-04:00,52803.0,52803.0,52808.0,52802.0,52808.0,11
2026-09-09 03:46:00-04:00,52806.0,52806.0,52810.0,52803.0,52803.0,15
2026-09-09 03:47:00-04:00,52800.0,52800.0,52808.0,52800.0,52808.0,10
2026-09-09 03:48:00-04:00,52797.0,52797.0,52804.0,52797.0,52801.0,22
2026-09-09 03:49:00-04:00,52785.0,52785.0,52799.0,52785.0,52799.0,37
2026-09-09 03:50:00-04:00,52779.0,52779.0,52785.0,52778.0,52784.0,31
2026-09-09 03:51:00-04:00,52783.0,52783.0,52787.0,52781.0,52781.0,5
2026-09-09 03:52:00-04:00,52783.0,52783.0,52787.0,52780.0,52786.0,10
2026-09-09 03:53:00-04:00,52782.0,52782.0,52782.0,52776.0,52782.0,7
2026-09-09 03:54:00-04:00,52790.0,52790.0,52790.0,52785.0,52785.0,6
2026-09-09 03:55:00-04:00,52793.0,52793.0,52795.0,52792.0,52793.0,10
2026-09-09 03:56:00-04:00,52798.0,52798.0,52801.0,52794.0,52794.0,18
2026-09-09 03:57:00-04:00,52803.0,52803.0,52805.0,52801.0,52801.0,7
2026-09-09 03:58:00-04:00,52800.0,52800.0,52801.0,52798.0,52798.0,6
2026-09-09 03:59:00-04:00,52809.0,52809.0,52809.0,52803.0,52805.0,15
2026-09-09 04:00:00-04:00,52799.0,52799.0,52810.0,52799.0,52809.0,18
2026-09-09 04:01:00-04:00,52808.0,52808.0,52808.0,52801.0,52801.0,18
2026-09-09 04:02:00-04:00,52812.0,52812.0,52812.0,52805.0,52805.0,11
2026-09-09 04:03:00-04:00,52807.0,52807.0,52807.0,52801.0,52807.0,3
2026-09-09 04:04:00-04:00,52808.0,52808.0,52811.0,52807.0,52807.0,10
2026-09-09 04:05:00-04:00,52800.0,52800.0,52809.0,52800.0,52809.0,7
2026-09-09 04:06:00-04:00,52795.0,52795.0,52799.0,52793.0,52796.0,11
2026-09-09 04:07:00-04:00,52798.0,52798.0,52802.0,52791.0,52801.0,9
2026-09-09 04:08:00-04:00,52800.0,52800.0,52800.0,52796.0,52796.0,2
2026-09-09 04:09:00-04:00,52792.0,52792.0,52793.0,52792.0,52792.0,3
2026-09-09 04:10:00-04:00,52792.0,52792.0,52792.0,52786.0,52786.0,7
2026-09-09 04:11:00-04:00,52798.0,52798.0,52799.0,52798.0,52799.0,3
2026-09-09 04:12:00-04:00,52795.0,52795.0,52796.0,52795.0,52796.0,2
2026-09-09 04:13:00-04:00,52799.0,52799.0,52800.0,52797.0,52798.0,7
2026-09-09 04:14:00-04:00,52790.0,52790.0,52798.0,52787.0,52797.0,8
2026-09-09 04:15:00-04:00,52794.0,52794.0,52796.0,52790.0,52791.0,41
2026-09-09 04:16:00-04:00,52789.0,52789.0,52798.0,52789.0,52798.0,5
2026-09-09 04:17:00-04:00,52794.0,52794.0,52794.0,52794.0,52794.0,1
2026-09-09 04:18:00-04:00,52792.0,52792.0,52792.0,52787.0,52787.0,17
2026-09-09 04:19:00-04:00,52797.0,52797.0,52797.0,52789.0,52792.0,45
2026-09-09 04:20:00-04:00,52792.0,52792.0,52797.0,52790.0,52797.0,7
2026-09-09 04:21:00-04:00,52794.0,52794.0,52794.0,52790.0,52790.0,4
2026-09-09 04:22:00-04:00,52789.0,52789.0,52791.0,52784.0,52791.0,4
2026-09-09 04:23:00-04:00,52772.0,52772.0,52787.0,52772.0,52787.0,22
2026-09-09 04:24:00-04:00,52768.0,52768.0,52773.0,52765.0,52772.0,36
2026-09-09 04:25:00-04:00,52771.0,52771.0,52772.0,52768.0,52768.0,15
2026-09-09 04:26:00-04:00,52769.0,52769.0,52772.0,52769.0,52770.0,8
2026-09-09 04:27:00-04:00,52766.0,52766.0,52773.0,52766.0,52771.0,17
2026-09-09 04:28:00-04:00,52779.0,52779.0,52779.0,52769.0,52770.0,10
2026-09-09 04:29:00-04:00,52788.0,52788.0,52792.0,52774.0,52775.0,27
2026-09-09 04:30:00-04:00,52781.0,52781.0,52787.0,52780.0,52784.0,16
2026-09-09 04:31:00-04:00,52784.0,52784.0,52784.0,52778.0,52778.0,4
2026-09-09 04:32:00-04:00,52788.0,52788.0,52791.0,52786.0,52786.0,14
2026-09-09 04:33:00-04:00,52790.0,52790.0,52791.0,52788.0,52788.0,7
2026-09-09 04:34:00-04:00,52782.0,52782.0,52784.0,52781.0,52784.0,10
2026-09-09 04:36:00-04:00,52779.0,52779.0,52779.0,52774.0,52775.0,6
2026-09-09 04:37:00-04:00,52773.0,52773.0,52777.0,52769.0,52777.0,9
2026-09-09 04:38:00-04:00,52764.0,52764.0,52768.0,52764.0,52767.0,13
2026-09-09 04:39:00-04:00,52755.0,52755.0,52768.0,52754.0,52768.0,46
2026-09-09 04:40:00-04:00,52756.0,52756.0,52760.0,52754.0,52756.0,14
2026-09-09 04:41:00-04:00,52769.0,52769.0,52770.0,52761.0,52761.0,15
2026-09-09 04:42:00-04:00,52759.0,52759.0,52769.0,52759.0,52769.0,7
2026-09-09 04:43:00-04:00,52747.0,52747.0,52771.0,52742.0,52761.0,90
2026-09-09 04:44:00-04:00,52742.0,52742.0,52748.0,52742.0,52744.0,18
2026-09-09 04:45:00-04:00,52742.0,52742.0,52748.0,52740.0,52745.0,20
2026-09-09 04:46:00-04:00,52742.0,52742.0,52744.0,52738.0,52741.0,32
2026-09-09 04:47:00-04:00,52753.0,52753.0,52753.0,52743.0,52743.0,12
2026-09-09 04:48:00-04:00,52746.0,52746.0,52746.0,52744.0,52744.0,7
2026-09-09 04:49:00-04:00,52748.0,52748.0,52750.0,52744.0,52748.0,30
2026-09-09 04:50:00-04:00,52750.0,52750.0,52754.0,52750.0,52750.0,9
2026-09-09 04:51:00-04:00,52769.0,52769.0,52769.0,52757.0,52757.0,16
2026-09-09 04:52:00-04:00,52753.0,52753.0,52769.0,52753.0,52769.0,12
2026-09-09 04:53:00-04:00,52759.0,52759.0,52759.0,52754.0,52754.0,20
2026-09-09 04:54:00-04:00,52763.0,52763.0,52763.0,52757.0,52757.0,14
2026-09-09 04:55:00-04:00,52762.0,52762.0,52765.0,52759.0,52764.0,15
2026-09-09 04:56:00-04:00,52762.0,52762.0,52764.0,52760.0,52761.0,14
2026-09-09 04:57:00-04:00,52758.0,52758.0,52761.0,52758.0,52761.0,2
2026-09-09 04:58:00-04:00,52760.0,52760.0,52762.0,52760.0,52762.0,5
2026-09-09 04:59:00-04:00,52753.0,52753.0,52758.0,52753.0,52758.0,4
2026-09-09 05:00:00-04:00,52751.0,52751.0,52756.0,52750.0,52753.0,21
2026-09-09 05:01:00-04:00,52752.0,52752.0,52754.0,52747.0,52752.0,10
2026-09-09 05:02:00-04:00,52758.0,52758.0,52758.0,52756.0,52756.0,3
2026-09-09 05:03:00-04:00,52769.0,52769.0,52769.0,52760.0,52760.0,13
2026-09-09 05:04:00-04:00,52752.0,52752.0,52755.0,52752.0,52755.0,2
2026-09-09 05:05:00-04:00,52748.0,52748.0,52756.0,52742.0,52756.0,9
2026-09-09 05:06:00-04:00,52742.0,52742.0,52744.0,52741.0,52744.0,6
2026-09-09 05:07:00-04:00,52741.0,52741.0,52745.0,52741.0,52745.0,14
2026-09-09 05:08:00-04:00,52745.0,52745.0,52745.0,52741.0,52741.0,6
2026-09-09 05:09:00-04:00,52742.0,52742.0,52745.0,52740.0,52745.0,9
2026-09-09 05:10:00-04:00,52734.0,52734.0,52743.0,52729.0,52741.0,45
2026-09-09 05:11:00-04:00,52742.0,52742.0,52742.0,52734.0,52735.0,12
2026-09-09 05:12:00-04:00,52753.0,52753.0,52754.0,52743.0,52743.0,16
2026-09-09 05:13:00-04:00,52746.0,52746.0,52751.0,52746.0,52751.0,5
2026-09-09 05:14:00-04:00,52751.0,52751.0,52751.0,52742.0,52742.0,5
2026-09-09 05:15:00-04:00,52750.0,52750.0,52757.0,52750.0,52755.0,5
2026-09-09 05:16:00-04:00,52748.0,52748.0,52751.0,52748.0,52751.0,2
2026-09-09 05:17:00-04:00,52749.0,52749.0,52749.0,52749.0,52749.0,1
2026-09-09 05:18:00-04:00,52749.0,52749.0,52750.0,52748.0,52748.0,4
2026-09-09 05:19:00-04:00,52749.0,52749.0,52750.0,52746.0,52749.0,9
2026-09-09 05:20:00-04:00,52741.0,52741.0,52746.0,52740.0,52745.0,6
2026-09-09 05:21:00-04:00,52732.0,52732.0,52740.0,52731.0,52740.0,8
2026-09-09 05:22:00-04:00,52733.0,52733.0,52735.0,52731.0,52732.0,14
2026-09-09 05:23:00-04:00,52721.0,52721.0,52730.0,52716.0,52730.0,68
2026-09-09 05:24:00-04:00,52710.0,52710.0,52721.0,52708.0,52721.0,49
2026-09-09 05:25:00-04:00,52712.0,52712.0,52713.0,52709.0,52709.0,19
2026-09-09 05:26:00-04:00,52711.0,52711.0,52715.0,52710.0,52712.0,20
2026-09-09 05:27:00-04:00,52722.0,52722.0,52722.0,52713.0,52713.0,30
2026-09-09 05:28:00-04:00,52720.0,52720.0,52725.0,52717.0,52719.0,31
2026-09-09 05:29:00-04:00,52725.0,52725.0,52725.0,52722.0,52722.0,7
2026-09-09 05:30:00-04:00,52735.0,52735.0,52735.0,52714.0,52723.0,52
2026-09-09 05:31:00-04:00,52710.0,52710.0,52735.0,52709.0,52735.0,49
2026-09-09 05:32:00-04:00,52714.0,52714.0,52716.0,52710.0,52711.0,12
2026-09-09 05:33:00-04:00,52708.0,52708.0,52715.0,52708.0,52715.0,20
2026-09-09 05:34:00-04:00,52712.0,52712.0,52713.0,52709.0,52709.0,11
2026-09-09 05:35:00-04:00,52699.0,52699.0,52710.0,52699.0,52710.0,98
2026-09-09 05:36:00-04:00,52705.0,52705.0,52706.0,52695.0,52697.0,31
2026-09-09 05:37:00-04:00,52695.0,52695.0,52702.0,52694.0,52701.0,27
2026-09-09 05:38:00-04:00,52708.0,52708.0,52708.0,52699.0,52699.0,17
2026-09-09 05:39:00-04:00,52700.0,52700.0,52709.0,52700.0,52708.0,10
2026-09-09 05:40:00-04:00,52699.0,52699.0,52704.0,52696.0,52701.0,17
2026-09-09 05:41:00-04:00,52687.0,52687.0,52699.0,52682.0,52699.0,47
2026-09-09 05:42:00-04:00,52687.0,52687.0,52694.0,52686.0,52689.0,20
2026-09-09 05:43:00-04:00,52686.0,52686.0,52694.0,52686.0,52691.0,16
2026-09-09 05:44:00-04:00,52681.0,52681.0,52690.0,52674.0,52689.0,49
2026-09-09 05:45:00-04:00,52680.0,52680.0,52681.0,52673.0,52681.0,18
2026-09-09 05:46:00-04:00,52679.0,52679.0,52684.0,52679.0,52682.0,12
2026-09-09 05:47:00-04:00,52674.0,52674.0,52686.0,52674.0,52682.0,17
2026-09-09 05:48:00-04:00,52672.0,52672.0,52675.0,52668.0,52672.0,15
2026-09-09 05:49:00-04:00,52666.0,52666.0,52675.0,52666.0,52673.0,18
2026-09-09 05:50:00-04:00,52666.0,52666.0,52668.0,52660.0,52666.0,16
2026-09-09 05:51:00-04:00,52661.0,52661.0,52668.0,52657.0,52663.0,46
2026-09-09 05:52:00-04:00,52653.0,52653.0,52662.0,52651.0,52659.0,36
2026-09-09 05:53:00-04:00,52640.0,52640.0,52651.0,52639.0,52651.0,84
2026-09-09 05:54:00-04:00,52632.0,52632.0,52641.0,52625.0,52641.0,106
2026-09-09 05:55:00-04:00,52608.0,52608.0,52639.0,52606.0,52633.0,135
2026-09-09 05:56:00-04:00,52603.0,52603.0,52621.0,52603.0,52605.0,83
2026-09-09 05:57:00-04:00,52587.0,52587.0,52606.0,52587.0,52605.0,163
2026-09-09 05:58:00-04:00,52593.0,52593.0,52601.0,52582.0,52586.0,109
2026-09-09 05:59:00-04:00,52606.0,52606.0,52610.0,52592.0,52594.0,125
2026-09-09 06:00:00-04:00,52616.0,52616.0,52617.0,52603.0,52607.0,56
2026-09-09 06:01:00-04:00,52590.0,52590.0,52616.0,52589.0,52614.0,65
2026-09-09 06:02:00-04:00,52622.0,52622.0,52626.0,52598.0,52598.0,65
2026-09-09 06:03:00-04:00,52627.0,52627.0,52631.0,52621.0,52621.0,44
2026-09-09 06:04:00-04:00,52623.0,52623.0,52628.0,52623.0,52628.0,16
2026-09-09 06:05:00-04:00,52625.0,52625.0,52632.0,52622.0,52622.0,30
2026-09-09 06:06:00-04:00,52627.0,52627.0,52631.0,52623.0,52628.0,13
2026-09-09 06:07:00-04:00,52638.0,52638.0,52638.0,52628.0,52628.0,15
2026-09-09 06:08:00-04:00,52630.0,52630.0,52637.0,52626.0,52637.0,24
2026-09-09 06:09:00-04:00,52630.0,52630.0,52631.0,52626.0,52626.0,10
2026-09-09 06:10:00-04:00,52630.0,52630.0,52633.0,52625.0,52629.0,25
2026-09-09 06:11:00-04:00,52631.0,52631.0,52634.0,52631.0,52631.0,6
2026-09-09 06:12:00-04:00,52625.0,52625.0,52634.0,52619.0,52633.0,17
2026-09-09 06:13:00-04:00,52622.0,52622.0,52628.0,52619.0,52624.0,13
2026-09-09 06:14:00-04:00,52615.0,52615.0,52626.0,52600.0,52621.0,96
2026-09-09 06:15:00-04:00,52602.0,52602.0,52615.0,52602.0,52615.0,31
2026-09-09 06:16:00-04:00,52615.0,52615.0,52626.0,52604.0,52604.0,30
2026-09-09 06:17:00-04:00,52622.0,52622.0,52625.0,52614.0,52616.0,16
2026-09-09 06:18:00-04:00,52625.0,52625.0,52628.0,52618.0,52619.0,34
2026-09-09 06:19:00-04:00,52631.0,52631.0,52635.0,52624.0,52625.0,23
2026-09-09 06:20:00-04:00,52634.0,52634.0,52636.0,52629.0,52630.0,26
2026-09-09 06:21:00-04:00,52637.0,52637.0,52637.0,52628.0,52635.0,15
2026-09-09 06:22:00-04:00,52616.0,52616.0,52636.0,52615.0,52636.0,19
2026-09-09 06:23:00-04:00,52610.0,52610.0,52615.0,52609.0,52614.0,23
2026-09-09 06:24:00-04:00,52608.0,52608.0,52608.0,52603.0,52606.0,10
2026-09-09 06:25:00-04:00,52610.0,52610.0,52613.0,52604.0,52605.0,21
2026-09-09 06:26:00-04:00,52610.0,52610.0,52614.0,52605.0,52611.0,33
2026-09-09 06:27:00-04:00,52602.0,52602.0,52611.0,52599.0,52607.0,34
2026-09-09 06:28:00-04:00,52609.0,52609.0,52609.0,52600.0,52600.0,8
2026-09-09 06:29:00-04:00,52605.0,52605.0,52608.0,52603.0,52607.0,12
2026-09-09 06:30:00-04:00,52597.0,52597.0,52606.0,52589.0,52606.0,49
2026-09-09 06:31:00-04:00,52591.0,52591.0,52595.0,52588.0,52595.0,27
2026-09-09 06:32:00-04:00,52586.0,52586.0,52588.0,52585.0,52588.0,34
2026-09-09 06:33:00-04:00,52592.0,52592.0,52592.0,52582.0,52588.0,38
2026-09-09 06:34:00-04:00,52588.0,52588.0,52596.0,52584.0,52592.0,44
2026-09-09 06:35:00-04:00,52583.0,52583.0,52587.0,52583.0,52586.0,13
2026-09-09 06:36:00-04:00,52575.0,52575.0,52581.0,52569.0,52580.0,63
2026-09-09 06:37:00-04:00,52581.0,52581.0,52584.0,52575.0,52576.0,26
2026-09-09 06:38:00-04:00,52593.0,52593.0,52596.0,52579.0,52579.0,149
2026-09-09 06:39:00-04:00,52581.0,52581.0,52594.0,52581.0,52590.0,76
2026-09-09 06:40:00-04:00,52573.0,52573.0,52583.0,52573.0,52582.0,24
2026-09-09 06:41:00-04:00,52570.0,52570.0,52580.0,52569.0,52580.0,25
2026-09-09 06:42:00-04:00,52576.0,52576.0,52576.0,52560.0,52568.0,120
2026-09-09 06:43:00-04:00,52574.0,52574.0,52577.0,52572.0,52575.0,20
2026-09-09 06:44:00-04:00,52565.0,52565.0,52575.0,52565.0,52574.0,12
2026-09-09 06:45:00-04:00,52554.0,52554.0,52565.0,52550.0,52564.0,129
2026-09-09 06:46:00-04:00,52544.0,52544.0,52554.0,52536.0,52553.0,79
2026-09-09 06:47:00-04:00,52541.0,52541.0,52542.0,52531.0,52541.0,38
2026-09-09 06:48:00-04:00,52540.0,52540.0,52540.0,52535.0,52539.0,27
2026-09-09 06:49:00-04:00,52527.0,52527.0,52544.0,52527.0,52539.0,109
2026-09-09 06:50:00-04:00,52517.0,52517.0,52533.0,52516.0,52525.0,50
2026-09-09 06:51:00-04:00,52513.0,52513.0,52524.0,52511.0,52516.0,60
2026-09-09 06:52:00-04:00,52512.0,52512.0,52517.0,52507.0,52512.0,24
2026-09-09 06:53:00-04:00,52497.0,52497.0,52508.0,52489.0,52508.0,196
2026-09-09 06:54:00-04:00,52502.0,52502.0,52514.0,52494.0,52494.0,63
2026-09-09 06:55:00-04:00,52508.0,52508.0,52511.0,52497.0,52500.0,34
2026-09-09 06:56:00-04:00,52491.0,52491.0,52509.0,52490.0,52508.0,47
2026-09-09 06:57:00-04:00,52493.0,52493.0,52497.0,52489.0,52490.0,33
2026-09-09 06:58:00-04:00,52499.0,52499.0,52503.0,52495.0,52495.0,14
2026-09-09 06:59:00-04:00,52487.0,52487.0,52497.0,52486.0,52495.0,48
2026-09-09 07:00:00-04:00,52506.0,52506.0,52515.0,52485.0,52488.0,76
2026-09-09 07:01:00-04:00,52518.0,52518.0,52518.0,52500.0,52503.0,123
2026-09-09 07:02:00-04:00,52506.0,52506.0,52525.0,52500.0,52515.0,45
2026-09-09 07:03:00-04:00,52519.0,52519.0,52520.0,52504.0,52506.0,39
2026-09-09 07:04:00-04:00,52523.0,52523.0,52525.0,52515.0,52516.0,15
2026-09-09 07:05:00-04:00,52504.0,52504.0,52522.0,52501.0,52519.0,51
2026-09-09 07:06:00-04:00,52515.0,52515.0,52516.0,52499.0,52503.0,27
2026-09-09 07:07:00-04:00,52520.0,52520.0,52522.0,52512.0,52512.0,61
2026-09-09 07:08:00-04:00,52519.0,52519.0,52527.0,52519.0,52519.0,75
2026-09-09 07:09:00-04:00,52523.0,52523.0,52523.0,52521.0,52522.0,7
2026-09-09 07:10:00-04:00,52524.0,52524.0,52527.0,52519.0,52522.0,19
2026-09-09 07:11:00-04:00,52524.0,52524.0,52525.0,52518.0,52524.0,20
2026-09-09 07:12:00-04:00,52525.0,52525.0,52528.0,52519.0,52519.0,32
2026-09-09 07:13:00-04:00,52528.0,52528.0,52534.0,52528.0,52530.0,17
2026-09-09 07:14:00-04:00,52514.0,52514.0,52528.0,52512.0,52528.0,19
2026-09-09 07:15:00-04:00,52495.0,52495.0,52514.0,52493.0,52511.0,41
2026-09-09 07:16:00-04:00,52498.0,52498.0,52504.0,52491.0,52491.0,26
2026-09-09 07:17:00-04:00,52501.0,52501.0,52506.0,52497.0,52497.0,26
2026-09-09 07:18:00-04:00,52494.0,52494.0,52500.0,52494.0,52499.0,33
2026-09-09 07:19:00-04:00,52497.0,52497.0,52498.0,52494.0,52494.0,30
2026-09-09 07:20:00-04:00,52489.0,52489.0,52501.0,52480.0,52495.0,39
2026-09-09 07:21:00-04:00,52501.0,52501.0,52501.0,52487.0,52488.0,25
2026-09-09 07:22:00-04:00,52500.0,52500.0,52500.0,52491.0,52491.0,12
2026-09-09 07:23:00-04:00,52519.0,52519.0,52519.0,52506.0,52506.0,11
2026-09-09 07:24:00-04:00,52536.0,52536.0,52539.0,52521.0,52521.0,45
2026-09-09 07:25:00-04:00,52536.0,52536.0,52536.0,52531.0,52533.0,76
2026-09-09 07:26:00-04:00,52529.0,52529.0,52541.0,52529.0,52535.0,73
2026-09-09 07:27:00-04:00,52519.0,52519.0,52528.0,52519.0,52523.0,21
2026-09-09 07:28:00-04:00,52516.0,52516.0,52518.0,52513.0,52517.0,19
2026-09-09 07:29:00-04:00,52510.0,52510.0,52517.0,52504.0,52516.0,25
2026-09-09 07:30:00-04:00,52492.0,52492.0,52509.0,52491.0,52508.0,39
2026-09-09 07:31:00-04:00,52488.0,52488.0,52496.0,52485.0,52494.0,60
2026-09-09 07:32:00-04:00,52483.0,52483.0,52486.0,52478.0,52486.0,49
2026-09-09 07:33:00-04:00,52486.0,52486.0,52492.0,52484.0,52486.0,17
2026-09-09 07:34:00-04:00,52482.0,52482.0,52485.0,52475.0,52484.0,19
2026-09-09 07:35:00-04:00,52477.0,52477.0,52482.0,52477.0,52480.0,17
2026-09-09 07:36:00-04:00,52486.0,52486.0,52488.0,52476.0,52479.0,25
2026-09-09 07:37:00-04:00,52484.0,52484.0,52492.0,52484.0,52485.0,18
2026-09-09 07:38:00-04:00,52506.0,52506.0,52508.0,52486.0,52490.0,46
2026-09-09 07:39:00-04:00,52508.0,52508.0,52508.0,52496.0,52499.0,21
2026-09-09 07:40:00-04:00,52504.0,52504.0,52511.0,52504.0,52508.0,34
2026-09-09 07:41:00-04:00,52502.0,52502.0,52507.0,52497.0,52505.0,32
2026-09-09 07:42:00-04:00,52505.0,52505.0,52511.0,52496.0,52497.0,11
2026-09-09 07:43:00-04:00,52496.0,52496.0,52503.0,52486.0,52503.0,40
2026-09-09 07:44:00-04:00,52495.0,52495.0,52508.0,52495.0,52505.0,30
2026-09-09 07:45:00-04:00,52496.0,52496.0,52499.0,52492.0,52493.0,20
2026-09-09 07:46:00-04:00,52498.0,52498.0,52508.0,52493.0,52499.0,22
2026-09-09 07:47:00-04:00,52500.0,52500.0,52503.0,52497.0,52500.0,71
2026-09-09 07:48:00-04:00,52501.0,52501.0,52504.0,52501.0,52501.0,12
2026-09-09 07:49:00-04:00,52546.0,52546.0,52556.0,52503.0,52503.0,329
2026-09-09 07:50:00-04:00,52532.0,52532.0,52563.0,52532.0,52544.0,276
2026-09-09 07:51:00-04:00,52532.0,52532.0,52541.0,52529.0,52530.0,36
2026-09-09 07:52:00-04:00,52518.0,52518.0,52530.0,52517.0,52528.0,22
2026-09-09 07:53:00-04:00,52518.0,52518.0,52520.0,52512.0,52518.0,27
2026-09-09 07:54:00-04:00,52519.0,52519.0,52525.0,52519.0,52522.0,16
2026-09-09 07:55:00-04:00,52505.0,52505.0,52519.0,52504.0,52519.0,29
2026-09-09 07:56:00-04:00,52510.0,52510.0,52516.0,52508.0,52509.0,26
2026-09-09 07:57:00-04:00,52503.0,52503.0,52514.0,52499.0,52513.0,46
2026-09-09 07:58:00-04:00,52488.0,52488.0,52500.0,52486.0,52500.0,78
2026-09-09 07:59:00-04:00,52495.0,52495.0,52501.0,52490.0,52490.0,28
2026-09-09 08:00:00-04:00,52490.0,52490.0,52497.0,52486.0,52493.0,95
2026-09-09 08:01:00-04:00,52481.0,52481.0,52492.0,52480.0,52491.0,58
2026-09-09 08:02:00-04:00,52496.0,52496.0,52497.0,52483.0,52483.0,42
2026-09-09 08:03:00-04:00,52486.0,52486.0,52497.0,52486.0,52496.0,15
2026-09-09 08:04:00-04:00,52476.0,52476.0,52486.0,52471.0,52484.0,80
2026-09-09 08:05:00-04:00,52465.0,52465.0,52483.0,52465.0,52478.0,68
2026-09-09 08:06:00-04:00,52463.0,52463.0,52474.0,52463.0,52465.0,52
2026-09-09 08:07:00-04:00,52472.0,52472.0,52474.0,52460.0,52461.0,39
2026-09-09 08:08:00-04:00,52467.0,52467.0,52472.0,52464.0,52467.0,24
2026-09-09 08:09:00-04:00,52463.0,52463.0,52470.0,52462.0,52464.0,31
2026-09-09 08:10:00-04:00,52456.0,52456.0,52466.0,52452.0,52466.0,77
2026-09-09 08:11:00-04:00,52461.0,52461.0,52461.0,52453.0,52457.0,66
2026-09-09 08:12:00-04:00,52443.0,52443.0,52462.0,52441.0,52462.0,172
2026-09-09 08:13:00-04:00,52434.0,52434.0,52443.0,52433.0,52439.0,80
2026-09-09 08:14:00-04:00,52438.0,52438.0,52438.0,52430.0,52435.0,75
2026-09-09 08:15:00-04:00,52442.0,52442.0,52443.0,52431.0,52436.0,82
2026-09-09 08:16:00-04:00,52443.0,52443.0,52457.0,52438.0,52444.0,47
2026-09-09 08:17:00-04:00,52440.0,52440.0,52442.0,52437.0,52441.0,27
2026-09-09 08:18:00-04:00,52423.0,52423.0,52444.0,52406.0,52440.0,159
2026-09-09 08:19:00-04:00,52435.0,52435.0,52435.0,52422.0,52422.0,84
2026-09-09 08:20:00-04:00,52449.0,52449.0,52451.0,52430.0,52434.0,44
2026-09-09 08:21:00-04:00,52458.0,52458.0,52458.0,52444.0,52450.0,57
2026-09-09 08:22:00-04:00,52447.0,52447.0,52461.0,52446.0,52460.0,31
2026-09-09 08:23:00-04:00,52449.0,52449.0,52451.0,52439.0,52446.0,34
2026-09-09 08:24:00-04:00,52448.0,52448.0,52456.0,52448.0,52450.0,14
2026-09-09 08:25:00-04:00,52446.0,52446.0,52451.0,52444.0,52447.0,29
2026-09-09 08:26:00-04:00,52445.0,52445.0,52451.0,52441.0,52445.0,29
2026-09-09 08:27:00-04:00,52437.0,52437.0,52443.0,52434.0,52438.0,54
2026-09-09 08:28:00-04:00,52437.0,52437.0,52449.0,52437.0,52439.0,8
2026-09-09 08:29:00-04:00,52428.0,52428.0,52436.0,52424.0,52435.0,42
2026-09-09 08:30:00-04:00,52433.0,52433.0,52439.0,52417.0,52425.0,82
2026-09-09 08:31:00-04:00,52450.0,52450.0,52450.0,52430.0,52431.0,31
2026-09-09 08:32:00-04:00,52454.0,52454.0,52454.0,52440.0,52452.0,37
2026-09-09 08:33:00-04:00,52464.0,52464.0,52465.0,52450.0,52453.0,56
2026-09-09 08:34:00-04:00,52478.0,52478.0,52480.0,52459.0,52466.0,65
2026-09-09 08:35:00-04:00,52489.0,52489.0,52489.0,52475.0,52475.0,43
2026-09-09 08:36:00-04:00,52495.0,52495.0,52499.0,52484.0,52490.0,63
2026-09-09 08:37:00-04:00,52493.0,52493.0,52496.0,52490.0,52494.0,23
2026-09-09 08:38:00-04:00,52489.0,52489.0,52489.0,52480.0,52487.0,33
2026-09-09 08:39:00-04:00,52492.0,52492.0,52496.0,52489.0,52489.0,12
2026-09-09 08:40:00-04:00,52487.0,52487.0,52496.0,52486.0,52492.0,32
2026-09-09 08:41:00-04:00,52487.0,52487.0,52490.0,52480.0,52489.0,36
2026-09-09 08:42:00-04:00,52491.0,52491.0,52495.0,52487.0,52487.0,24
2026-09-09 08:43:00-04:00,52489.0,52489.0,52493.0,52483.0,52493.0,28
2026-09-09 08:44:00-04:00,52500.0,52500.0,52500.0,52488.0,52491.0,37
2026-09-09 08:45:00-04:00,52518.0,52518.0,52518.0,52500.0,52500.0,63
2026-09-09 08:46:00-04:00,52514.0,52514.0,52522.0,52512.0,52520.0,41
2026-09-09 08:47:00-04:00,52518.0,52518.0,52524.0,52517.0,52517.0,37
2026-09-09 08:48:00-04:00,52525.0,52525.0,52527.0,52516.0,52517.0,39
2026-09-09 08:49:00-04:00,52527.0,52527.0,52536.0,52523.0,52525.0,33
2026-09-09 08:50:00-04:00,52533.0,52533.0,52535.0,52525.0,52529.0,35
2026-09-09 08:51:00-04:00,52525.0,52525.0,52535.0,52525.0,52532.0,20
2026-09-09 08:52:00-04:00,52537.0,52537.0,52537.0,52524.0,52524.0,50
2026-09-09 08:53:00-04:00,52534.0,52534.0,52537.0,52529.0,52534.0,63
2026-09-09 08:54:00-04:00,52533.0,52533.0,52538.0,52531.0,52531.0,12
2026-09-09 08:55:00-04:00,52548.0,52548.0,52548.0,52532.0,52532.0,59
2026-09-09 08:56:00-04:00,52556.0,52556.0,52560.0,52549.0,52549.0,110
2026-09-09 08:57:00-04:00,52559.0,52559.0,52559.0,52555.0,52556.0,22
2026-09-09 08:58:00-04:00,52561.0,52561.0,52567.0,52560.0,52560.0,43
2026-09-09 08:59:00-04:00,52560.0,52560.0,52566.0,52553.0,52556.0,60
2026-09-09 09:00:00-04:00,52577.0,52577.0,52581.0,52546.0,52557.0,251
2026-09-09 09:01:00-04:00,52585.0,52585.0,52586.0,52570.0,52575.0,85
2026-09-09 09:02:00-04:00,52592.0,52592.0,52597.0,52580.0,52583.0,87
2026-09-09 09:03:00-04:00,52581.0,52581.0,52596.0,52577.0,52595.0,98
2026-09-09 09:04:00-04:00,52584.0,52584.0,52586.0,52574.0,52578.0,63
2026-09-09 09:05:00-04:00,52573.0,52573.0,52585.0,52572.0,52583.0,36
2026-09-09 09:06:00-04:00,52569.0,52569.0,52579.0,52568.0,52572.0,59
2026-09-09 09:07:00-04:00,52574.0,52574.0,52574.0,52568.0,52568.0,34
2026-09-09 09:08:00-04:00,52580.0,52580.0,52584.0,52577.0,52577.0,46
2026-09-09 09:09:00-04:00,52577.0,52577.0,52583.0,52571.0,52580.0,39
2026-09-09 09:10:00-04:00,52576.0,52576.0,52582.0,52574.0,52578.0,31
2026-09-09 09:11:00-04:00,52575.0,52575.0,52586.0,52575.0,52576.0,60
2026-09-09 09:12:00-04:00,52586.0,52586.0,52586.0,52572.0,52575.0,25
2026-09-09 09:13:00-04:00,52581.0,52581.0,52586.0,52580.0,52585.0,15
2026-09-09 09:14:00-04:00,52586.0,52586.0,52586.0,52578.0,52581.0,25
2026-09-09 09:15:00-04:00,52570.0,52570.0,52584.0,52567.0,52584.0,35
2026-09-09 09:16:00-04:00,52577.0,52577.0,52588.0,52570.0,52574.0,26
2026-09-09 09:17:00-04:00,52573.0,52573.0,52582.0,52573.0,52581.0,16
2026-09-09 09:18:00-04:00,52573.0,52573.0,52576.0,52568.0,52570.0,46
2026-09-09 09:19:00-04:00,52588.0,52588.0,52589.0,52574.0,52574.0,40
2026-09-09 09:20:00-04:00,52578.0,52578.0,52586.0,52576.0,52586.0,36
2026-09-09 09:21:00-04:00,52569.0,52569.0,52577.0,52567.0,52577.0,30
2026-09-09 09:22:00-04:00,52565.0,52565.0,52567.0,52560.0,52566.0,15
2026-09-09 09:23:00-04:00,52571.0,52571.0,52579.0,52570.0,52570.0,35
2026-09-09 09:24:00-04:00,52571.0,52571.0,52575.0,52570.0,52572.0,33
2026-09-09 09:25:00-04:00,52574.0,52574.0,52585.0,52571.0,52571.0,86
2026-09-09 09:26:00-04:00,52587.0,52587.0,52588.0,52575.0,52575.0,52
2026-09-09 09:27:00-04:00,52592.0,52592.0,52600.0,52583.0,52587.0,146
2026-09-09 09:28:00-04:00,52600.0,52600.0,52605.0,52588.0,52590.0,141
2026-09-09 09:29:00-04:00,52581.0,52581.0,52607.0,52574.0,52602.0,300
2026-09-09 09:30:00-04:00,52523.0,52523.0,52595.0,52494.0,52583.0,1613
2026-09-09 09:31:00-04:00,52544.0,52544.0,52550.0,52496.0,52524.0,792
2026-09-09 09:32:00-04:00,52494.0,52494.0,52552.0,52494.0,52544.0,487
2026-09-09 09:33:00-04:00,52508.0,52508.0,52530.0,52486.0,52498.0,545
2026-09-09 09:34:00-04:00,52542.0,52542.0,52545.0,52494.0,52504.0,400
2026-09-09 09:35:00-04:00,52486.0,52486.0,52543.0,52481.0,52543.0,373
2026-09-09 09:36:00-04:00,52481.0,52481.0,52492.0,52463.0,52484.0,359
2026-09-09 09:37:00-04:00,52467.0,52467.0,52493.0,52462.0,52483.0,249
2026-09-09 09:38:00-04:00,52437.0,52437.0,52471.0,52426.0,52468.0,404
2026-09-09 09:39:00-04:00,52436.0,52436.0,52443.0,52411.0,52434.0,342
2026-09-09 09:40:00-04:00,52455.0,52455.0,52458.0,52423.0,52434.0,465
2026-09-09 09:41:00-04:00,52488.0,52488.0,52497.0,52448.0,52457.0,540
2026-09-09 09:42:00-04:00,52476.0,52476.0,52494.0,52472.0,52486.0,233
2026-09-09 09:43:00-04:00,52443.0,52443.0,52480.0,52434.0,52477.0,333
2026-09-09 09:44:00-04:00,52456.0,52456.0,52468.0,52440.0,52447.0,289
2026-09-09 09:45:00-04:00,52470.0,52470.0,52478.0,52453.0,52454.0,243
2026-09-09 09:46:00-04:00,52477.0,52477.0,52477.0,52450.0,52471.0,263
2026-09-09 09:47:00-04:00,52493.0,52493.0,52506.0,52471.0,52476.0,301
2026-09-09 09:48:00-04:00,52465.0,52465.0,52498.0,52463.0,52494.0,218
2026-09-09 09:49:00-04:00,52464.0,52464.0,52508.0,52457.0,52464.0,559
2026-09-09 09:50:00-04:00,52420.0,52420.0,52467.0,52418.0,52464.0,279
2026-09-09 09:51:00-04:00,52406.0,52406.0,52436.0,52404.0,52421.0,268
2026-09-09 09:52:00-04:00,52404.0,52404.0,52421.0,52400.0,52408.0,321
2026-09-09 09:53:00-04:00,52443.0,52443.0,52446.0,52400.0,52403.0,167
2026-09-09 09:54:00-04:00,52437.0,52437.0,52456.0,52427.0,52443.0,197
2026-09-09 09:55:00-04:00,52446.0,52446.0,52456.0,52423.0,52434.0,222
2026-09-09 09:56:00-04:00,52439.0,52439.0,52449.0,52434.0,52446.0,97
2026-09-09 09:57:00-04:00,52446.0,52446.0,52455.0,52435.0,52438.0,142
2026-09-09 09:58:00-04:00,52440.0,52440.0,52455.0,52439.0,52447.0,133
2026-09-09 09:59:00-04:00,52448.0,52448.0,52451.0,52431.0,52439.0,205
2026-09-09 10:00:00-04:00,52433.0,52433.0,52460.0,52429.0,52448.0,225
2026-09-09 10:01:00-04:00,52444.0,52444.0,52451.0,52425.0,52432.0,231
2026-09-09 10:02:00-04:00,52421.0,52421.0,52455.0,52416.0,52445.0,173
2026-09-09 10:03:00-04:00,52444.0,52444.0,52444.0,52400.0,52422.0,228
2026-09-09 10:04:00-04:00,52430.0,52430.0,52450.0,52426.0,52440.0,189
2026-09-09 10:05:00-04:00,52415.0,52415.0,52436.0,52412.0,52430.0,270
2026-09-09 10:06:00-04:00,52415.0,52415.0,52417.0,52397.0,52412.0,234
2026-09-09 10:07:00-04:00,52433.0,52433.0,52436.0,52406.0,52410.0,195
2026-09-09 10:08:00-04:00,52441.0,52441.0,52446.0,52427.0,52437.0,154
2026-09-09 10:09:00-04:00,52427.0,52427.0,52451.0,52425.0,52442.0,95
2026-09-09 10:10:00-04:00,52419.0,52419.0,52432.0,52415.0,52430.0,96
2026-09-09 10:11:00-04:00,52409.0,52409.0,52417.0,52401.0,52415.0,94
2026-09-09 10:12:00-04:00,52410.0,52410.0,52416.0,52398.0,52412.0,126
2026-09-09 10:13:00-04:00,52424.0,52424.0,52426.0,52403.0,52407.0,91
2026-09-09 10:14:00-04:00,52442.0,52442.0,52450.0,52420.0,52423.0,225
2026-09-09 10:15:00-04:00,52433.0,52433.0,52448.0,52430.0,52446.0,213
2026-09-09 10:16:00-04:00,52416.0,52416.0,52430.0,52399.0,52429.0,262
2026-09-09 10:17:00-04:00,52406.0,52406.0,52420.0,52396.0,52415.0,174
2026-09-09 10:18:00-04:00,52407.0,52407.0,52412.0,52392.0,52405.0,150
2026-09-09 10:19:00-04:00,52407.0,52407.0,52408.0,52385.0,52407.0,166
2026-09-09 10:20:00-04:00,52394.0,52394.0,52418.0,52394.0,52406.0,158
2026-09-09 10:21:00-04:00,52397.0,52397.0,52424.0,52393.0,52395.0,165
2026-09-09 10:22:00-04:00,52418.0,52418.0,52420.0,52392.0,52398.0,152
2026-09-09 10:23:00-04:00,52407.0,52407.0,52418.0,52407.0,52418.0,89
2026-09-09 10:24:00-04:00,52388.0,52388.0,52417.0,52383.0,52412.0,346
2026-09-09 10:25:00-04:00,52427.0,52427.0,52427.0,52384.0,52388.0,184
2026-09-09 10:26:00-04:00,52438.0,52438.0,52442.0,52418.0,52427.0,124
2026-09-09 10:27:00-04:00,52477.0,52477.0,52481.0,52438.0,52438.0,221
2026-09-09 10:28:00-04:00,52497.0,52497.0,52499.0,52467.0,52476.0,201
2026-09-09 10:29:00-04:00,52510.0,52510.0,52516.0,52493.0,52496.0,247
2026-09-09 10:30:00-04:00,52504.0,52504.0,52522.0,52502.0,52509.0,198
2026-09-09 10:31:00-04:00,52521.0,52521.0,52525.0,52493.0,52504.0,204
2026-09-09 10:32:00-04:00,52531.0,52531.0,52533.0,52512.0,52520.0,241
2026-09-09 10:33:00-04:00,52515.0,52515.0,52531.0,52501.0,52530.0,183
2026-09-09 10:34:00-04:00,52484.0,52484.0,52510.0,52482.0,52510.0,171
2026-09-09 10:35:00-04:00,52497.0,52497.0,52501.0,52482.0,52485.0,146
2026-09-09 10:36:00-04:00,52513.0,52513.0,52519.0,52496.0,52496.0,149
2026-09-09 10:37:00-04:00,52505.0,52505.0,52523.0,52498.0,52516.0,183
2026-09-09 10:38:00-04:00,52494.0,52494.0,52515.0,52492.0,52508.0,109
2026-09-09 10:39:00-04:00,52502.0,52502.0,52507.0,52496.0,52496.0,164
2026-09-09 10:40:00-04:00,52504.0,52504.0,52520.0,52499.0,52502.0,134
2026-09-09 10:41:00-04:00,52523.0,52523.0,52525.0,52502.0,52502.0,131
2026-09-09 10:42:00-04:00,52511.0,52511.0,52523.0,52510.0,52522.0,79
2026-09-09 10:43:00-04:00,52501.0,52501.0,52510.0,52495.0,52509.0,144
2026-09-09 10:44:00-04:00,52502.0,52502.0,52512.0,52491.0,52500.0,126
2026-09-09 10:45:00-04:00,52486.0,52486.0,52499.0,52475.0,52499.0,156
2026-09-09 10:46:00-04:00,52473.0,52473.0,52488.0,52472.0,52485.0,91
2026-09-09 10:47:00-04:00,52490.0,52490.0,52496.0,52468.0,52473.0,152
2026-09-09 10:48:00-04:00,52499.0,52499.0,52499.0,52488.0,52489.0,125
2026-09-09 10:49:00-04:00,52509.0,52509.0,52513.0,52498.0,52499.0,168
2026-09-09 10:50:00-04:00,52533.0,52533.0,52533.0,52508.0,52509.0,220
2026-09-09 10:51:00-04:00,52548.0,52548.0,52551.0,52524.0,52530.0,268
2026-09-09 10:52:00-04:00,52553.0,52553.0,52570.0,52546.0,52553.0,250
2026-09-09 10:53:00-04:00,52559.0,52559.0,52570.0,52552.0,52554.0,220
2026-09-09 10:54:00-04:00,52550.0,52550.0,52565.0,52550.0,52564.0,113
2026-09-09 10:55:00-04:00,52545.0,52545.0,52562.0,52540.0,52551.0,145
2026-09-09 10:56:00-04:00,52535.0,52535.0,52553.0,52530.0,52545.0,136
2026-09-09 10:57:00-04:00,52544.0,52544.0,52550.0,52531.0,52533.0,112
2026-09-09 10:58:00-04:00,52528.0,52528.0,52543.0,52526.0,52542.0,146
2026-09-09 10:59:00-04:00,52520.0,52520.0,52526.0,52514.0,52524.0,112
2026-09-09 11:00:00-04:00,52558.0,52558.0,52575.0,52521.0,52521.0,391
2026-09-09 11:01:00-04:00,52491.0,52491.0,52555.0,52480.0,52552.0,620
2026-09-09 11:02:00-04:00,52452.0,52452.0,52505.0,52452.0,52492.0,289
2026-09-09 11:03:00-04:00,52454.0,52454.0,52462.0,52445.0,52453.0,209
2026-09-09 11:04:00-04:00,52431.0,52431.0,52449.0,52425.0,52449.0,186
2026-09-09 11:05:00-04:00,52427.0,52427.0,52449.0,52424.0,52432.0,309
2026-09-09 11:06:00-04:00,52433.0,52433.0,52448.0,52424.0,52428.0,136
2026-09-09 11:07:00-04:00,52437.0,52437.0,52443.0,52422.0,52436.0,161
2026-09-09 11:08:00-04:00,52441.0,52441.0,52451.0,52438.0,52442.0,98
2026-09-09 11:09:00-04:00,52416.0,52416.0,52443.0,52413.0,52439.0,209
2026-09-09 11:10:00-04:00,52408.0,52408.0,52419.0,52397.0,52418.0,279
2026-09-09 11:11:00-04:00,52394.0,52394.0,52409.0,52377.0,52409.0,317
2026-09-09 11:12:00-04:00,52390.0,52390.0,52405.0,52383.0,52392.0,180
2026-09-09 11:13:00-04:00,52397.0,52397.0,52405.0,52387.0,52387.0,163
2026-09-09 11:14:00-04:00,52393.0,52393.0,52413.0,52392.0,52398.0,139
2026-09-09 11:15:00-04:00,52399.0,52399.0,52405.0,52387.0,52391.0,203
2026-09-09 11:16:00-04:00,52391.0,52391.0,52402.0,52384.0,52397.0,151
2026-09-09 11:17:00-04:00,52383.0,52383.0,52393.0,52362.0,52392.0,278
2026-09-09 11:18:00-04:00,52385.0,52385.0,52387.0,52372.0,52384.0,124
2026-09-09 11:19:00-04:00,52384.0,52384.0,52387.0,52375.0,52384.0,89
2026-09-09 11:20:00-04:00,52379.0,52379.0,52389.0,52374.0,52385.0,250
2026-09-09 11:21:00-04:00,52373.0,52373.0,52387.0,52366.0,52380.0,175
2026-09-09 11:22:00-04:00,52354.0,52354.0,52380.0,52354.0,52375.0,133
2026-09-09 11:23:00-04:00,52345.0,52345.0,52355.0,52340.0,52352.0,253
2026-09-09 11:24:00-04:00,52352.0,52352.0,52355.0,52339.0,52346.0,224
2026-09-09 11:25:00-04:00,52367.0,52367.0,52371.0,52341.0,52353.0,234
2026-09-09 11:26:00-04:00,52387.0,52387.0,52390.0,52365.0,52367.0,155
2026-09-09 11:27:00-04:00,52385.0,52385.0,52390.0,52371.0,52388.0,100
2026-09-09 11:28:00-04:00,52389.0,52389.0,52394.0,52379.0,52382.0,102
2026-09-09 11:29:00-04:00,52407.0,52407.0,52409.0,52390.0,52390.0,164
2026-09-09 11:30:00-04:00,52411.0,52411.0,52418.0,52400.0,52410.0,148
2026-09-09 11:31:00-04:00,52393.0,52393.0,52413.0,52393.0,52412.0,175
2026-09-09 11:32:00-04:00,52395.0,52395.0,52398.0,52379.0,52394.0,162
2026-09-09 11:33:00-04:00,52389.0,52389.0,52394.0,52382.0,52394.0,127
2026-09-09 11:34:00-04:00,52407.0,52407.0,52407.0,52387.0,52389.0,149
2026-09-09 11:35:00-04:00,52407.0,52407.0,52413.0,52401.0,52407.0,84
2026-09-09 11:36:00-04:00,52419.0,52419.0,52428.0,52407.0,52407.0,116
2026-09-09 11:37:00-04:00,52417.0,52417.0,52422.0,52412.0,52419.0,95
2026-09-09 11:38:00-04:00,52406.0,52406.0,52413.0,52397.0,52413.0,119
2026-09-09 11:39:00-04:00,52472.0,52472.0,52473.0,52393.0,52408.0,537
2026-09-09 11:40:00-04:00,52436.0,52436.0,52481.0,52427.0,52469.0,324
2026-09-09 11:41:00-04:00,52419.0,52419.0,52440.0,52416.0,52435.0,146
2026-09-09 11:42:00-04:00,52423.0,52423.0,52426.0,52417.0,52419.0,83
2026-09-09 11:43:00-04:00,52410.0,52410.0,52426.0,52408.0,52423.0,133
2026-09-09 11:44:00-04:00,52412.0,52412.0,52414.0,52402.0,52411.0,44
2026-09-09 11:45:00-04:00,52400.0,52400.0,52414.0,52400.0,52413.0,77
2026-09-09 11:46:00-04:00,52399.0,52399.0,52412.0,52395.0,52399.0,85
2026-09-09 11:47:00-04:00,52403.0,52403.0,52409.0,52399.0,52399.0,64
2026-09-09 11:48:00-04:00,52392.0,52392.0,52412.0,52392.0,52404.0,58
2026-09-09 11:49:00-04:00,52404.0,52404.0,52406.0,52393.0,52393.0,41
2026-09-09 11:50:00-04:00,52423.0,52423.0,52434.0,52405.0,52405.0,154
2026-09-09 11:51:00-04:00,52427.0,52427.0,52434.0,52423.0,52423.0,54
2026-09-09 11:52:00-04:00,52408.0,52408.0,52427.0,52406.0,52427.0,79
2026-09-09 11:53:00-04:00,52417.0,52417.0,52417.0,52406.0,52408.0,35
2026-09-09 11:54:00-04:00,52414.0,52414.0,52416.0,52399.0,52415.0,72
2026-09-09 11:55:00-04:00,52389.0,52389.0,52409.0,52387.0,52407.0,63
2026-09-09 11:56:00-04:00,52385.0,52385.0,52393.0,52385.0,52390.0,89
2026-09-09 11:57:00-04:00,52375.0,52375.0,52388.0,52374.0,52386.0,119
2026-09-09 11:58:00-04:00,52378.0,52378.0,52385.0,52374.0,52374.0,59
2026-09-09 11:59:00-04:00,52383.0,52383.0,52387.0,52377.0,52379.0,49
2026-09-09 12:00:00-04:00,52394.0,52394.0,52394.0,52373.0,52383.0,120
2026-09-09 12:01:00-04:00,52400.0,52400.0,52405.0,52389.0,52395.0,65
2026-09-09 12:02:00-04:00,52406.0,52406.0,52409.0,52398.0,52402.0,30
2026-09-09 12:03:00-04:00,52411.0,52411.0,52411.0,52400.0,52405.0,36
2026-09-09 12:04:00-04:00,52418.0,52418.0,52421.0,52408.0,52411.0,46
2026-09-09 12:05:00-04:00,52413.0,52413.0,52416.0,52403.0,52416.0,38
2026-09-09 12:06:00-04:00,52396.0,52396.0,52408.0,52394.0,52408.0,45
2026-09-09 12:07:00-04:00,52392.0,52392.0,52399.0,52390.0,52392.0,47
2026-09-09 12:08:00-04:00,52375.0,52375.0,52390.0,52366.0,52390.0,164
2026-09-09 12:09:00-04:00,52363.0,52363.0,52377.0,52362.0,52375.0,63
2026-09-09 12:10:00-04:00,52354.0,52354.0,52363.0,52353.0,52361.0,152
2026-09-09 12:11:00-04:00,52364.0,52364.0,52366.0,52351.0,52354.0,89
2026-09-09 12:12:00-04:00,52371.0,52371.0,52374.0,52360.0,52363.0,138
2026-09-09 12:13:00-04:00,52374.0,52374.0,52380.0,52368.0,52370.0,58
2026-09-09 12:14:00-04:00,52374.0,52374.0,52379.0,52372.0,52373.0,46
2026-09-09 12:15:00-04:00,52364.0,52364.0,52371.0,52357.0,52371.0,47
2026-09-09 12:16:00-04:00,52360.0,52360.0,52368.0,52354.0,52363.0,128
2026-09-09 12:17:00-04:00,52349.0,52349.0,52366.0,52345.0,52356.0,47
2026-09-09 12:18:00-04:00,52359.0,52359.0,52360.0,52349.0,52349.0,46
2026-09-09 12:19:00-04:00,52356.0,52356.0,52362.0,52355.0,52358.0,39
2026-09-09 12:20:00-04:00,52349.0,52349.0,52359.0,52346.0,52359.0,73
2026-09-09 12:21:00-04:00,52363.0,52363.0,52365.0,52348.0,52348.0,65
2026-09-09 12:22:00-04:00,52357.0,52357.0,52361.0,52351.0,52360.0,60
2026-09-09 12:23:00-04:00,52367.0,52367.0,52373.0,52359.0,52359.0,112
2026-09-09 12:24:00-04:00,52388.0,52388.0,52388.0,52369.0,52369.0,157
2026-09-09 12:25:00-04:00,52389.0,52389.0,52405.0,52384.0,52388.0,322
2026-09-09 12:26:00-04:00,52397.0,52397.0,52397.0,52386.0,52387.0,46
2026-09-09 12:27:00-04:00,52395.0,52395.0,52398.0,52390.0,52396.0,36
2026-09-09 12:28:00-04:00,52395.0,52395.0,52402.0,52393.0,52396.0,105
2026-09-09 12:29:00-04:00,52404.0,52404.0,52406.0,52393.0,52393.0,82
2026-09-09 12:30:00-04:00,52411.0,52411.0,52416.0,52402.0,52404.0,52
2026-09-09 12:31:00-04:00,52420.0,52420.0,52423.0,52409.0,52409.0,46
2026-09-09 12:32:00-04:00,52430.0,52430.0,52432.0,52419.0,52425.0,84
2026-09-09 12:33:00-04:00,52437.0,52437.0,52438.0,52426.0,52430.0,68
2026-09-09 12:34:00-04:00,52435.0,52435.0,52444.0,52433.0,52438.0,79
2026-09-09 12:35:00-04:00,52439.0,52439.0,52444.0,52435.0,52435.0,45
2026-09-09 12:36:00-04:00,52435.0,52435.0,52440.0,52430.0,52438.0,37
2026-09-09 12:37:00-04:00,52433.0,52433.0,52435.0,52431.0,52435.0,27
2026-09-09 12:38:00-04:00,52443.0,52443.0,52449.0,52433.0,52433.0,72
2026-09-09 12:39:00-04:00,52450.0,52450.0,52453.0,52437.0,52442.0,114
2026-09-09 12:40:00-04:00,52453.0,52453.0,52458.0,52448.0,52448.0,213
2026-09-09 12:41:00-04:00,52466.0,52466.0,52468.0,52453.0,52454.0,115
2026-09-09 12:42:00-04:00,52455.0,52455.0,52467.0,52452.0,52465.0,71
2026-09-09 12:43:00-04:00,52467.0,52467.0,52469.0,52449.0,52453.0,108
2026-09-09 12:44:00-04:00,52471.0,52471.0,52471.0,52461.0,52467.0,66
2026-09-09 12:45:00-04:00,52469.0,52469.0,52475.0,52464.0,52473.0,47
2026-09-09 12:46:00-04:00,52462.0,52462.0,52471.0,52455.0,52471.0,73
2026-09-09 12:47:00-04:00,52465.0,52465.0,52465.0,52454.0,52459.0,32
2026-09-09 12:48:00-04:00,52467.0,52467.0,52469.0,52462.0,52466.0,39
2026-09-09 12:49:00-04:00,52471.0,52471.0,52475.0,52467.0,52468.0,134
2026-09-09 12:50:00-04:00,52488.0,52488.0,52488.0,52472.0,52472.0,112
2026-09-09 12:51:00-04:00,52486.0,52486.0,52489.0,52480.0,52488.0,48
2026-09-09 12:52:00-04:00,52485.0,52485.0,52490.0,52482.0,52484.0,70
2026-09-09 12:53:00-04:00,52478.0,52478.0,52488.0,52478.0,52486.0,52
2026-09-09 12:54:00-04:00,52485.0,52485.0,52489.0,52478.0,52478.0,44
2026-09-09 12:55:00-04:00,52489.0,52489.0,52490.0,52483.0,52484.0,54
2026-09-09 12:56:00-04:00,52496.0,52496.0,52496.0,52487.0,52491.0,47
2026-09-09 12:57:00-04:00,52491.0,52491.0,52499.0,52489.0,52496.0,43
2026-09-09 12:58:00-04:00,52488.0,52488.0,52492.0,52487.0,52492.0,20
2026-09-09 12:59:00-04:00,52480.0,52480.0,52483.0,52478.0,52483.0,74
2026-09-09 13:00:00-04:00,52471.0,52471.0,52480.0,52465.0,52477.0,113
2026-09-09 13:01:00-04:00,52471.0,52471.0,52475.0,52468.0,52470.0,26
2026-09-09 13:02:00-04:00,52490.0,52490.0,52506.0,52472.0,52472.0,317
2026-09-09 13:03:00-04:00,52473.0,52473.0,52490.0,52473.0,52488.0,53
2026-09-09 13:04:00-04:00,52470.0,52470.0,52479.0,52469.0,52474.0,50
2026-09-09 13:05:00-04:00,52480.0,52480.0,52483.0,52468.0,52472.0,52
2026-09-09 13:06:00-04:00,52496.0,52496.0,52498.0,52478.0,52479.0,104
2026-09-09 13:07:00-04:00,52487.0,52487.0,52498.0,52486.0,52498.0,80
2026-09-09 13:08:00-04:00,52477.0,52477.0,52481.0,52474.0,52480.0,27
2026-09-09 13:09:00-04:00,52479.0,52479.0,52486.0,52478.0,52478.0,27
2026-09-09 13:10:00-04:00,52501.0,52501.0,52503.0,52475.0,52478.0,86
2026-09-09 13:11:00-04:00,52501.0,52501.0,52504.0,52496.0,52501.0,52
2026-09-09 13:12:00-04:00,52503.0,52503.0,52504.0,52492.0,52500.0,56
2026-09-09 13:13:00-04:00,52523.0,52523.0,52525.0,52504.0,52504.0,114
2026-09-09 13:14:00-04:00,52535.0,52535.0,52539.0,52522.0,52525.0,190
2026-09-09 13:15:00-04:00,52546.0,52546.0,52547.0,52534.0,52534.0,111
2026-09-09 13:16:00-04:00,52537.0,52537.0,52547.0,52537.0,52547.0,75
2026-09-09 13:17:00-04:00,52540.0,52540.0,52541.0,52534.0,52538.0,59
2026-09-09 13:18:00-04:00,52535.0,52535.0,52545.0,52529.0,52543.0,109
2026-09-09 13:19:00-04:00,52530.0,52530.0,52535.0,52527.0,52535.0,41
2026-09-09 13:20:00-04:00,52539.0,52539.0,52547.0,52524.0,52529.0,123
2026-09-09 13:21:00-04:00,52547.0,52547.0,52554.0,52533.0,52538.0,168
2026-09-09 13:22:00-04:00,52548.0,52548.0,52552.0,52544.0,52550.0,47
2026-09-09 13:23:00-04:00,52548.0,52548.0,52550.0,52543.0,52549.0,47
2026-09-09 13:24:00-04:00,52553.0,52553.0,52553.0,52542.0,52546.0,50
2026-09-09 13:25:00-04:00,52550.0,52550.0,52553.0,52542.0,52553.0,66
2026-09-09 13:26:00-04:00,52540.0,52540.0,52553.0,52537.0,52553.0,48
2026-09-09 13:27:00-04:00,52540.0,52540.0,52544.0,52534.0,52543.0,55
2026-09-09 13:28:00-04:00,52538.0,52538.0,52544.0,52533.0,52540.0,69
2026-09-09 13:29:00-04:00,52535.0,52535.0,52537.0,52529.0,52537.0,42
2026-09-09 13:30:00-04:00,52534.0,52534.0,52541.0,52530.0,52536.0,59
2026-09-09 13:31:00-04:00,52508.0,52508.0,52530.0,52505.0,52530.0,112
2026-09-09 13:32:00-04:00,52508.0,52508.0,52512.0,52507.0,52508.0,26
2026-09-09 13:33:00-04:00,52510.0,52510.0,52513.0,52502.0,52506.0,35
2026-09-09 13:34:00-04:00,52506.0,52506.0,52515.0,52503.0,52512.0,46
2026-09-09 13:35:00-04:00,52497.0,52497.0,52508.0,52492.0,52508.0,85
2026-09-09 13:36:00-04:00,52499.0,52499.0,52505.0,52497.0,52499.0,27
2026-09-09 13:37:00-04:00,52488.0,52488.0,52500.0,52488.0,52498.0,35
2026-09-09 13:38:00-04:00,52473.0,52473.0,52485.0,52465.0,52485.0,92
2026-09-09 13:39:00-04:00,52476.0,52476.0,52476.0,52471.0,52473.0,33
2026-09-09 13:40:00-04:00,52490.0,52490.0,52490.0,52475.0,52475.0,56
2026-09-09 13:41:00-04:00,52491.0,52491.0,52495.0,52484.0,52489.0,54
2026-09-09 13:42:00-04:00,52501.0,52501.0,52502.0,52492.0,52495.0,33
2026-09-09 13:43:00-04:00,52510.0,52510.0,52510.0,52499.0,52499.0,21
2026-09-09 13:44:00-04:00,52519.0,52519.0,52525.0,52511.0,52511.0,86
2026-09-09 13:45:00-04:00,52517.0,52517.0,52521.0,52514.0,52516.0,34
2026-09-09 13:46:00-04:00,52525.0,52525.0,52525.0,52513.0,52516.0,30
2026-09-09 13:47:00-04:00,52521.0,52521.0,52533.0,52521.0,52526.0,38
2026-09-09 13:48:00-04:00,52519.0,52519.0,52525.0,52514.0,52525.0,57
2026-09-09 13:49:00-04:00,52530.0,52530.0,52533.0,52521.0,52522.0,103
2026-09-09 13:50:00-04:00,52528.0,52528.0,52532.0,52522.0,52530.0,65
2026-09-09 13:51:00-04:00,52521.0,52521.0,52529.0,52518.0,52528.0,36
2026-09-09 13:52:00-04:00,52529.0,52529.0,52529.0,52518.0,52519.0,21
2026-09-09 13:53:00-04:00,52540.0,52540.0,52540.0,52526.0,52530.0,48
2026-09-09 13:54:00-04:00,52527.0,52527.0,52538.0,52526.0,52538.0,43
2026-09-09 13:55:00-04:00,52521.0,52521.0,52529.0,52515.0,52529.0,48
2026-09-09 13:56:00-04:00,52509.0,52509.0,52520.0,52509.0,52520.0,33
2026-09-09 13:57:00-04:00,52510.0,52510.0,52511.0,52505.0,52510.0,32
2026-09-09 13:58:00-04:00,52512.0,52512.0,52516.0,52511.0,52511.0,27
2026-09-09 13:59:00-04:00,52508.0,52508.0,52514.0,52505.0,52510.0,25
2026-09-09 14:00:00-04:00,52519.0,52519.0,52522.0,52504.0,52504.0,49
2026-09-09 14:01:00-04:00,52515.0,52515.0,52521.0,52515.0,52520.0,16
2026-09-09 14:02:00-04:00,52511.0,52511.0,52525.0,52511.0,52514.0,113
2026-09-09 14:03:00-04:00,52505.0,52505.0,52511.0,52501.0,52511.0,80
2026-09-09 14:04:00-04:00,52503.0,52503.0,52505.0,52498.0,52505.0,31
2026-09-09 14:05:00-04:00,52503.0,52503.0,52505.0,52500.0,52502.0,34
2026-09-09 14:06:00-04:00,52499.0,52499.0,52507.0,52497.0,52502.0,44
2026-09-09 14:07:00-04:00,52484.0,52484.0,52500.0,52479.0,52500.0,133
2026-09-09 14:08:00-04:00,52487.0,52487.0,52488.0,52475.0,52483.0,131
2026-09-09 14:09:00-04:00,52487.0,52487.0,52490.0,52481.0,52489.0,23
2026-09-09 14:10:00-04:00,52485.0,52485.0,52487.0,52482.0,52486.0,26
2026-09-09 14:11:00-04:00,52478.0,52478.0,52488.0,52476.0,52486.0,47
2026-09-09 14:12:00-04:00,52483.0,52483.0,52485.0,52477.0,52477.0,36
2026-09-09 14:13:00-04:00,52479.0,52479.0,52484.0,52477.0,52484.0,33
2026-09-09 14:14:00-04:00,52478.0,52478.0,52485.0,52478.0,52483.0,32
2026-09-09 14:15:00-04:00,52469.0,52469.0,52478.0,52465.0,52478.0,33
2026-09-09 14:16:00-04:00,52482.0,52482.0,52483.0,52466.0,52469.0,61
2026-09-09 14:17:00-04:00,52491.0,52491.0,52493.0,52480.0,52482.0,73
2026-09-09 14:18:00-04:00,52491.0,52491.0,52491.0,52485.0,52490.0,43
2026-09-09 14:19:00-04:00,52482.0,52482.0,52493.0,52481.0,52493.0,22
2026-09-09 14:20:00-04:00,52488.0,52488.0,52492.0,52482.0,52482.0,30
2026-09-09 14:21:00-04:00,52488.0,52488.0,52491.0,52487.0,52487.0,10
2026-09-09 14:22:00-04:00,52499.0,52499.0,52504.0,52487.0,52490.0,53
2026-09-09 14:23:00-04:00,52504.0,52504.0,52508.0,52500.0,52500.0,50
2026-09-09 14:24:00-04:00,52500.0,52500.0,52503.0,52496.0,52502.0,23
2026-09-09 14:25:00-04:00,52495.0,52495.0,52502.0,52493.0,52502.0,15
2026-09-09 14:26:00-04:00,52496.0,52496.0,52500.0,52489.0,52492.0,28
2026-09-09 14:27:00-04:00,52505.0,52505.0,52505.0,52496.0,52496.0,23
2026-09-09 14:28:00-04:00,52492.0,52492.0,52503.0,52490.0,52502.0,64
2026-09-09 14:29:00-04:00,52491.0,52491.0,52495.0,52491.0,52491.0,28
2026-09-09 14:30:00-04:00,52483.0,52483.0,52493.0,52480.0,52492.0,54
2026-09-09 14:31:00-04:00,52481.0,52481.0,52483.0,52475.0,52482.0,56
2026-09-09 14:32:00-04:00,52487.0,52487.0,52487.0,52476.0,52483.0,45
2026-09-09 14:33:00-04:00,52497.0,52497.0,52497.0,52484.0,52488.0,30
2026-09-09 14:34:00-04:00,52496.0,52496.0,52498.0,52494.0,52498.0,33
2026-09-09 14:35:00-04:00,52502.0,52502.0,52504.0,52496.0,52500.0,29
2026-09-09 14:36:00-04:00,52508.0,52508.0,52509.0,52500.0,52503.0,24
2026-09-09 14:37:00-04:00,52503.0,52503.0,52508.0,52503.0,52508.0,12
2026-09-09 14:38:00-04:00,52513.0,52513.0,52515.0,52504.0,52504.0,21
2026-09-09 14:39:00-04:00,52515.0,52515.0,52520.0,52514.0,52516.0,32
2026-09-09 14:40:00-04:00,52519.0,52519.0,52520.0,52512.0,52515.0,37
2026-09-09 14:41:00-04:00,52519.0,52519.0,52525.0,52514.0,52516.0,63
2026-09-09 14:42:00-04:00,52512.0,52512.0,52523.0,52511.0,52520.0,73
2026-09-09 14:43:00-04:00,52516.0,52516.0,52521.0,52513.0,52513.0,43
2026-09-09 14:44:00-04:00,52511.0,52511.0,52519.0,52509.0,52515.0,40
2026-09-09 14:45:00-04:00,52509.0,52509.0,52516.0,52508.0,52511.0,45
2026-09-09 14:46:00-04:00,52496.0,52496.0,52506.0,52495.0,52506.0,54
2026-09-09 14:47:00-04:00,52489.0,52489.0,52496.0,52489.0,52496.0,24
2026-09-09 14:48:00-04:00,52483.0,52483.0,52489.0,52482.0,52489.0,37
2026-09-09 14:49:00-04:00,52479.0,52479.0,52483.0,52477.0,52481.0,25
2026-09-09 14:50:00-04:00,52476.0,52476.0,52486.0,52475.0,52482.0,22
2026-09-09 14:51:00-04:00,52481.0,52481.0,52481.0,52477.0,52477.0,17
2026-09-09 14:52:00-04:00,52489.0,52489.0,52491.0,52481.0,52481.0,36
2026-09-09 14:53:00-04:00,52496.0,52496.0,52498.0,52488.0,52489.0,35
2026-09-09 14:54:00-04:00,52491.0,52491.0,52495.0,52489.0,52495.0,29
2026-09-09 14:55:00-04:00,52499.0,52499.0,52500.0,52487.0,52489.0,84
2026-09-09 14:56:00-04:00,52499.0,52499.0,52507.0,52498.0,52500.0,61
2026-09-09 14:57:00-04:00,52486.0,52486.0,52500.0,52485.0,52500.0,60
2026-09-09 14:58:00-04:00,52482.0,52482.0,52490.0,52479.0,52488.0,38
2026-09-09 14:59:00-04:00,52479.0,52479.0,52484.0,52479.0,52484.0,30
2026-09-09 15:00:00-04:00,52487.0,52487.0,52491.0,52477.0,52482.0,100
2026-09-09 15:01:00-04:00,52480.0,52480.0,52482.0,52472.0,52481.0,62
2026-09-09 15:02:00-04:00,52472.0,52472.0,52480.0,52469.0,52480.0,23
2026-09-09 15:03:00-04:00,52470.0,52470.0,52474.0,52468.0,52474.0,46
2026-09-09 15:04:00-04:00,52466.0,52466.0,52471.0,52465.0,52471.0,22
2026-09-09 15:05:00-04:00,52460.0,52460.0,52471.0,52460.0,52469.0,38
2026-09-09 15:06:00-04:00,52465.0,52465.0,52465.0,52458.0,52459.0,43
2026-09-09 15:07:00-04:00,52480.0,52480.0,52482.0,52463.0,52464.0,52
2026-09-09 15:08:00-04:00,52487.0,52487.0,52488.0,52475.0,52479.0,85
2026-09-09 15:09:00-04:00,52489.0,52489.0,52492.0,52483.0,52486.0,38
2026-09-09 15:10:00-04:00,52483.0,52483.0,52493.0,52480.0,52492.0,38
2026-09-09 15:11:00-04:00,52482.0,52482.0,52485.0,52482.0,52483.0,23
2026-09-09 15:12:00-04:00,52475.0,52475.0,52483.0,52475.0,52483.0,54
2026-09-09 15:13:00-04:00,52480.0,52480.0,52482.0,52477.0,52477.0,28
2026-09-09 15:14:00-04:00,52479.0,52479.0,52483.0,52476.0,52481.0,20
2026-09-09 15:15:00-04:00,52480.0,52480.0,52482.0,52469.0,52480.0,67
2026-09-09 15:16:00-04:00,52485.0,52485.0,52488.0,52483.0,52483.0,19
2026-09-09 15:17:00-04:00,52486.0,52486.0,52488.0,52484.0,52484.0,15
2026-09-09 15:18:00-04:00,52488.0,52488.0,52497.0,52485.0,52485.0,44
2026-09-09 15:19:00-04:00,52487.0,52487.0,52491.0,52486.0,52487.0,15
2026-09-09 15:20:00-04:00,52488.0,52488.0,52491.0,52486.0,52488.0,31
2026-09-09 15:21:00-04:00,52487.0,52487.0,52489.0,52485.0,52488.0,24
2026-09-09 15:22:00-04:00,52484.0,52484.0,52489.0,52483.0,52487.0,64
2026-09-09 15:23:00-04:00,52496.0,52496.0,52496.0,52482.0,52485.0,23
2026-09-09 15:24:00-04:00,52497.0,52497.0,52498.0,52492.0,52498.0,22
2026-09-09 15:25:00-04:00,52505.0,52505.0,52508.0,52496.0,52496.0,43
2026-09-09 15:26:00-04:00,52499.0,52499.0,52502.0,52499.0,52500.0,15
2026-09-09 15:27:00-04:00,52497.0,52497.0,52501.0,52492.0,52499.0,37
2026-09-09 15:28:00-04:00,52492.0,52492.0,52498.0,52491.0,52498.0,21
2026-09-09 15:29:00-04:00,52488.0,52488.0,52493.0,52488.0,52491.0,34
2026-09-09 15:30:00-04:00,52492.0,52492.0,52500.0,52489.0,52490.0,35
2026-09-09 15:31:00-04:00,52491.0,52491.0,52495.0,52489.0,52494.0,20
2026-09-09 15:32:00-04:00,52497.0,52497.0,52497.0,52490.0,52492.0,56
2026-09-09 15:33:00-04:00,52500.0,52500.0,52503.0,52497.0,52498.0,62
2026-09-09 15:34:00-04:00,52495.0,52495.0,52499.0,52484.0,52499.0,88
2026-09-09 15:35:00-04:00,52495.0,52495.0,52499.0,52491.0,52493.0,69
2026-09-09 15:36:00-04:00,52494.0,52494.0,52500.0,52493.0,52495.0,70
2026-09-09 15:37:00-04:00,52493.0,52493.0,52500.0,52493.0,52493.0,58
2026-09-09 15:38:00-04:00,52498.0,52498.0,52498.0,52492.0,52492.0,56
2026-09-09 15:39:00-04:00,52494.0,52494.0,52503.0,52494.0,52498.0,130
2026-09-09 15:40:00-04:00,52495.0,52495.0,52496.0,52490.0,52493.0,41
2026-09-09 15:41:00-04:00,52496.0,52496.0,52497.0,52490.0,52496.0,29
2026-09-09 15:42:00-04:00,52481.0,52481.0,52496.0,52481.0,52496.0,70
2026-09-09 15:43:00-04:00,52486.0,52486.0,52489.0,52478.0,52480.0,83
2026-09-09 15:44:00-04:00,52491.0,52491.0,52491.0,52485.0,52489.0,38
2026-09-09 15:45:00-04:00,52475.0,52475.0,52493.0,52472.0,52489.0,161
2026-09-09 15:46:00-04:00,52478.0,52478.0,52483.0,52472.0,52474.0,109
2026-09-09 15:47:00-04:00,52490.0,52490.0,52492.0,52479.0,52479.0,88
2026-09-09 15:48:00-04:00,52490.0,52490.0,52492.0,52488.0,52491.0,34
2026-09-09 15:49:00-04:00,52485.0,52485.0,52497.0,52484.0,52492.0,63
2026-09-09 15:50:00-04:00,52453.0,52453.0,52486.0,52450.0,52484.0,344
2026-09-09 15:51:00-04:00,52452.0,52452.0,52454.0,52436.0,52452.0,243
2026-09-09 15:52:00-04:00,52458.0,52458.0,52462.0,52448.0,52450.0,159
2026-09-09 15:53:00-04:00,52462.0,52462.0,52465.0,52456.0,52456.0,127
2026-09-09 15:54:00-04:00,52462.0,52462.0,52472.0,52454.0,52461.0,342
2026-09-09 15:55:00-04:00,52465.0,52465.0,52465.0,52450.0,52462.0,415
2026-09-09 15:56:00-04:00,52467.0,52467.0,52471.0,52462.0,52465.0,255
2026-09-09 15:57:00-04:00,52458.0,52458.0,52470.0,52458.0,52467.0,184
2026-09-09 15:58:00-04:00,52453.0,52453.0,52458.0,52445.0,52457.0,488
2026-09-09 15:59:00-04:00,52433.0,52433.0,52455.0,52410.0,52454.0,2464
2026-09-09 16:00:00-04:00,52441.0,52441.0,52444.0,52427.0,52432.0,637
2026-09-09 16:01:00-04:00,52443.0,52443.0,52444.0,52434.0,52440.0,139
2026-09-09 16:02:00-04:00,52437.0,52437.0,52446.0,52434.0,52442.0,121
2026-09-09 16:03:00-04:00,52435.0,52435.0,52450.0,52435.0,52437.0,173
2026-09-09 16:04:00-04:00,52436.0,52436.0,52439.0,52429.0,52434.0,68
2026-09-09 16:05:00-04:00,52446.0,52446.0,52446.0,52435.0,52435.0,23
2026-09-09 16:06:00-04:00,52451.0,52451.0,52455.0,52447.0,52447.0,41
2026-09-09 16:07:00-04:00,52455.0,52455.0,52456.0,52452.0,52452.0,48
2026-09-09 16:08:00-04:00,52458.0,52458.0,52460.0,52455.0,52455.0,40
2026-09-09 16:09:00-04:00,52453.0,52453.0,52463.0,52452.0,52459.0,43
2026-09-09 16:10:00-04:00,52450.0,52450.0,52455.0,52447.0,52454.0,52
2026-09-09 16:11:00-04:00,52458.0,52458.0,52458.0,52450.0,52450.0,12
2026-09-09 16:12:00-04:00,52457.0,52457.0,52459.0,52456.0,52458.0,19
2026-09-09 16:13:00-04:00,52465.0,52465.0,52468.0,52459.0,52459.0,136
2026-09-09 16:14:00-04:00,52456.0,52456.0,52467.0,52456.0,52463.0,44
2026-09-09 16:15:00-04:00,52458.0,52458.0,52463.0,52455.0,52458.0,28
2026-09-09 16:16:00-04:00,52452.0,52452.0,52459.0,52452.0,52459.0,5
2026-09-09 16:17:00-04:00,52457.0,52457.0,52457.0,52454.0,52455.0,4
2026-09-09 16:18:00-04:00,52458.0,52458.0,52462.0,52458.0,52459.0,16
2026-09-09 16:19:00-04:00,52458.0,52458.0,52458.0,52455.0,52457.0,9
2026-09-09 16:20:00-04:00,52455.0,52455.0,52457.0,52454.0,52457.0,11
2026-09-09 16:21:00-04:00,52455.0,52455.0,52456.0,52453.0,52456.0,8
2026-09-09 16:22:00-04:00,52458.0,52458.0,52459.0,52455.0,52456.0,8
2026-09-09 16:23:00-04:00,52460.0,52460.0,52461.0,52460.0,52460.0,5
2026-09-09 16:24:00-04:00,52455.0,52455.0,52459.0,52455.0,52459.0,17
2026-09-09 16:25:00-04:00,52459.0,52459.0,52459.0,52455.0,52455.0,6
2026-09-09 16:26:00-04:00,52459.0,52459.0,52462.0,52457.0,52462.0,11
2026-09-09 16:27:00-04:00,52457.0,52457.0,52459.0,52456.0,52458.0,8
2026-09-09 16:28:00-04:00,52457.0,52457.0,52458.0,52456.0,52458.0,6
2026-09-09 16:29:00-04:00,52458.0,52458.0,52459.0,52458.0,52459.0,7
2026-09-09 16:30:00-04:00,52460.0,52460.0,52464.0,52459.0,52460.0,24
2026-09-09 16:31:00-04:00,52459.0,52459.0,52460.0,52458.0,52460.0,9
2026-09-09 16:32:00-04:00,52459.0,52459.0,52459.0,52459.0,52459.0,1
2026-09-09 16:33:00-04:00,52460.0,52460.0,52460.0,52458.0,52460.0,5
2026-09-09 16:34:00-04:00,52465.0,52465.0,52466.0,52458.0,52460.0,10
2026-09-09 16:35:00-04:00,52466.0,52466.0,52470.0,52466.0,52468.0,12
2026-09-09 16:36:00-04:00,52470.0,52470.0,52470.0,52469.0,52469.0,3
2026-09-09 16:37:00-04:00,52468.0,52468.0,52468.0,52467.0,52468.0,5
2026-09-09 16:38:00-04:00,52468.0,52468.0,52469.0,52467.0,52469.0,7
2026-09-09 16:39:00-04:00,52467.0,52467.0,52467.0,52467.0,52467.0,1
2026-09-09 16:40:00-04:00,52462.0,52462.0,52467.0,52462.0,52467.0,9
2026-09-09 16:41:00-04:00,52464.0,52464.0,52464.0,52460.0,52461.0,6
2026-09-09 16:42:00-04:00,52460.0,52460.0,52466.0,52460.0,52463.0,14
2026-09-09 16:43:00-04:00,52462.0,52462.0,52463.0,52462.0,52463.0,2
2026-09-09 16:44:00-04:00,52462.0,52462.0,52462.0,52461.0,52462.0,6
2026-09-09 16:45:00-04:00,52464.0,52464.0,52468.0,52459.0,52461.0,31
2026-09-09 16:46:00-04:00,52463.0,52463.0,52467.0,52463.0,52464.0,26
2026-09-09 16:47:00-04:00,52461.0,52461.0,52463.0,52460.0,52463.0,14
2026-09-09 16:48:00-04:00,52465.0,52465.0,52465.0,52462.0,52463.0,8
2026-09-09 16:49:00-04:00,52467.0,52467.0,52468.0,52462.0,52462.0,11
2026-09-09 16:50:00-04:00,52466.0,52466.0,52470.0,52465.0,52468.0,13
2026-09-09 16:51:00-04:00,52464.0,52464.0,52467.0,52463.0,52466.0,12
2026-09-09 16:52:00-04:00,52462.0,52462.0,52462.0,52462.0,52462.0,3
2026-09-09 16:53:00-04:00,52465.0,52465.0,52466.0,52465.0,52466.0,4
2026-09-09 16:54:00-04:00,52467.0,52467.0,52469.0,52466.0,52469.0,5
2026-09-09 16:55:00-04:00,52469.0,52469.0,52470.0,52467.0,52467.0,22
2026-09-09 16:56:00-04:00,52468.0,52468.0,52472.0,52468.0,52470.0,10
2026-09-09 16:57:00-04:00,52471.0,52471.0,52471.0,52468.0,52471.0,7
2026-09-09 16:58:00-04:00,52473.0,52473.0,52473.0,52470.0,52470.0,5
2026-09-09 16:59:00-04:00,52473.0,52473.0,52479.0,52472.0,52472.0,28
2026-09-09 18:00:00-04:00,52469.0,52469.0,52475.0,52462.0,52473.0,0
2026-09-09 18:01:00-04:00,52486.0,52486.0,52488.0,52466.0,52468.0,56
2026-09-09 18:02:00-04:00,52472.0,52472.0,52488.0,52472.0,52486.0,32
2026-09-09 18:03:00-04:00,52478.0,52478.0,52482.0,52473.0,52473.0,20
2026-09-09 18:04:00-04:00,52475.0,52475.0,52477.0,52474.0,52477.0,16
2026-09-09 18:05:00-04:00,52469.0,52469.0,52473.0,52468.0,52473.0,13
2026-09-09 18:06:00-04:00,52474.0,52474.0,52476.0,52469.0,52469.0,7
2026-09-09 18:07:00-04:00,52476.0,52476.0,52476.0,52471.0,52472.0,6
2026-09-09 18:08:00-04:00,52475.0,52475.0,52476.0,52475.0,52476.0,2
2026-09-09 18:09:00-04:00,52480.0,52480.0,52480.0,52476.0,52476.0,2
2026-09-09 18:10:00-04:00,52475.0,52475.0,52476.0,52475.0,52476.0,2
2026-09-09 18:11:00-04:00,52482.0,52482.0,52482.0,52476.0,52479.0,9
2026-09-09 18:13:00-04:00,52481.0,52481.0,52481.0,52481.0,52481.0,5
2026-09-09 18:14:00-04:00,52480.0,52480.0,52481.0,52480.0,52481.0,4
2026-09-09 18:15:00-04:00,52479.0,52479.0,52484.0,52479.0,52479.0,4
2026-09-09 18:18:00-04:00,52482.0,52482.0,52482.0,52481.0,52481.0,2
2026-09-09 18:20:00-04:00,52481.0,52481.0,52481.0,52478.0,52481.0,5
2026-09-09 18:21:00-04:00,52479.0,52479.0,52479.0,52479.0,52479.0,1
2026-09-09 18:22:00-04:00,52480.0,52480.0,52480.0,52480.0,52480.0,7
2026-09-09 18:24:00-04:00,52478.0,52478.0,52478.0,52478.0,52478.0,1
2026-09-09 18:25:00-04:00,52478.0,52478.0,52478.0,52476.0,52476.0,4
2026-09-09 18:27:00-04:00,52482.0,52482.0,52482.0,52482.0,52482.0,1
2026-09-09 18:29:00-04:00,52477.0,52477.0,52480.0,52477.0,52480.0,2
2026-09-09 18:30:00-04:00,52483.0,52483.0,52483.0,52480.0,52480.0,32
2026-09-09 18:31:00-04:00,52480.0,52480.0,52483.0,52479.0,52481.0,4
2026-09-09 18:32:00-04:00,52478.0,52478.0,52478.0,52478.0,52478.0,1
2026-09-09 18:33:00-04:00,52478.0,52478.0,52478.0,52478.0,52478.0,1
2026-09-09 18:34:00-04:00,52478.0,52478.0,52479.0,52478.0,52479.0,2
2026-09-09 18:35:00-04:00,52482.0,52482.0,52482.0,52482.0,52482.0,1
2026-09-09 18:37:00-04:00,52481.0,52481.0,52481.0,52481.0,52481.0,1
2026-09-09 18:39:00-04:00,52477.0,52477.0,52477.0,52477.0,52477.0,1
2026-09-09 18:43:00-04:00,52483.0,52483.0,52483.0,52483.0,52483.0,2
2026-09-09 18:44:00-04:00,52485.0,52485.0,52485.0,52485.0,52485.0,1
2026-09-09 18:45:00-04:00,52482.0,52482.0,52482.0,52482.0,52482.0,1
2026-09-09 18:47:00-04:00,52483.0,52483.0,52484.0,52483.0,52484.0,2
2026-09-09 18:50:00-04:00,52480.0,52480.0,52480.0,52480.0,52480.0,1
2026-09-09 18:52:00-04:00,52478.0,52478.0,52478.0,52478.0,52478.0,1
2026-09-09 18:53:00-04:00,52478.0,52478.0,52478.0,52478.0,52478.0,1
2026-09-09 18:54:00-04:00,52481.0,52481.0,52481.0,52478.0,52478.0,3
2026-09-09 18:55:00-04:00,52479.0,52479.0,52479.0,52479.0,52479.0,2
2026-09-09 18:56:00-04:00,52475.0,52475.0,52476.0,52475.0,52476.0,2
2026-09-09 18:58:00-04:00,52480.0,52480.0,52480.0,52480.0,52480.0,1
2026-09-09 18:59:00-04:00,52479.0,52479.0,52479.0,52479.0,52479.0,1
2026-09-09 19:01:00-04:00,52478.0,52478.0,52480.0,52478.0,52480.0,4
2026-09-09 19:03:00-04:00,52478.0,52478.0,52478.0,52478.0,52478.0,1
2026-09-09 19:05:00-04:00,52477.0,52477.0,52477.0,52477.0,52477.0,1
2026-09-09 19:06:00-04:00,52474.0,52474.0,52477.0,52474.0,52477.0,3
2026-09-09 19:07:00-04:00,52476.0,52476.0,52476.0,52474.0,52474.0,2
2026-09-09 19:08:00-04:00,52474.0,52474.0,52477.0,52474.0,52474.0,4
2026-09-09 19:09:00-04:00,52474.0,52474.0,52474.0,52474.0,52474.0,1
2026-09-09 19:10:00-04:00,52476.0,52476.0,52476.0,52473.0,52473.0,4
2026-09-09 19:12:00-04:00,52479.0,52479.0,52479.0,52477.0,52477.0,3
2026-09-09 19:13:00-04:00,52479.0,52479.0,52479.0,52478.0,52478.0,2
2026-09-09 19:14:00-04:00,52478.0,52478.0,52480.0,52478.0,52480.0,5
2026-09-09 19:15:00-04:00,52479.0,52479.0,52479.0,52479.0,52479.0,1
2026-09-09 19:16:00-04:00,52479.0,52479.0,52479.0,52479.0,52479.0,1
2026-09-09 19:17:00-04:00,52478.0,52478.0,52478.0,52478.0,52478.0,3
2026-09-09 19:18:00-04:00,52483.0,52483.0,52484.0,52481.0,52481.0,9
2026-09-09 19:20:00-04:00,52480.0,52480.0,52480.0,52480.0,52480.0,1
2026-09-09 19:21:00-04:00,52484.0,52484.0,52484.0,52483.0,52483.0,5
2026-09-09 19:22:00-04:00,52482.0,52482.0,52482.0,52481.0,52482.0,4
2026-09-09 19:23:00-04:00,52479.0,52479.0,52479.0,52479.0,52479.0,3
2026-09-09 19:24:00-04:00,52481.0,52481.0,52481.0,52481.0,52481.0,1
2026-09-09 19:25:00-04:00,52484.0,52484.0,52484.0,52482.0,52482.0,10
2026-09-09 19:27:00-04:00,52483.0,52483.0,52483.0,52481.0,52483.0,8
2026-09-09 19:28:00-04:00,52481.0,52481.0,52482.0,52480.0,52482.0,14
2026-09-09 19:29:00-04:00,52481.0,52481.0,52481.0,52481.0,52481.0,2
2026-09-09 19:30:00-04:00,52485.0,52485.0,52486.0,52485.0,52485.0,5
2026-09-09 19:31:00-04:00,52485.0,52485.0,52485.0,52485.0,52485.0,1
2026-09-09 19:32:00-04:00,52484.0,52484.0,52484.0,52484.0,52484.0,1
2026-09-09 19:33:00-04:00,52482.0,52482.0,52483.0,52482.0,52483.0,4
2026-09-09 19:34:00-04:00,52485.0,52485.0,52485.0,52484.0,52484.0,4
2026-09-09 19:36:00-04:00,52486.0,52486.0,52486.0,52482.0,52482.0,3
2026-09-09 19:37:00-04:00,52483.0,52483.0,52483.0,52483.0,52483.0,1
2026-09-09 19:41:00-04:00,52483.0,52483.0,52483.0,52483.0,52483.0,1
2026-09-09 19:42:00-04:00,52481.0,52481.0,52483.0,52481.0,52481.0,6
2026-09-09 19:43:00-04:00,52484.0,52484.0,52484.0,52481.0,52481.0,6
2026-09-09 19:44:00-04:00,52483.0,52483.0,52484.0,52482.0,52482.0,4
2026-09-09 19:45:00-04:00,52485.0,52485.0,52486.0,52482.0,52482.0,13
2026-09-09 19:46:00-04:00,52484.0,52484.0,52485.0,52483.0,52485.0,15
2026-09-09 19:47:00-04:00,52485.0,52485.0,52486.0,52482.0,52482.0,13
2026-09-09 19:48:00-04:00,52486.0,52486.0,52486.0,52486.0,52486.0,1
2026-09-09 19:49:00-04:00,52485.0,52485.0,52485.0,52483.0,52483.0,6
2026-09-09 19:50:00-04:00,52485.0,52485.0,52487.0,52485.0,52486.0,4
2026-09-09 19:51:00-04:00,52489.0,52489.0,52489.0,52488.0,52488.0,7
2026-09-09 19:52:00-04:00,52491.0,52491.0,52492.0,52489.0,52489.0,16
2026-09-09 19:53:00-04:00,52494.0,52494.0,52494.0,52490.0,52490.0,4
2026-09-09 19:54:00-04:00,52500.0,52500.0,52500.0,52496.0,52496.0,2
2026-09-09 19:55:00-04:00,52499.0,52499.0,52499.0,52499.0,52499.0,2
2026-09-09 19:56:00-04:00,52499.0,52499.0,52499.0,52499.0,52499.0,4
2026-09-09 19:57:00-04:00,52496.0,52496.0,52500.0,52493.0,52500.0,28
2026-09-09 19:58:00-04:00,52498.0,52498.0,52498.0,52498.0,52498.0,1
2026-09-09 19:59:00-04:00,52503.0,52503.0,52505.0,52501.0,52505.0,10
2026-09-09 20:00:00-04:00,52495.0,52495.0,52508.0,52493.0,52508.0,29
2026-09-09 20:01:00-04:00,52489.0,52489.0,52493.0,52489.0,52493.0,4
2026-09-09 20:02:00-04:00,52489.0,52489.0,52491.0,52488.0,52488.0,14
2026-09-09 20:03:00-04:00,52492.0,52492.0,52493.0,52491.0,52492.0,7
2026-09-09 20:05:00-04:00,52498.0,52498.0,52500.0,52497.0,52500.0,8
2026-09-09 20:06:00-04:00,52507.0,52507.0,52507.0,52505.0,52505.0,5
2026-09-09 20:07:00-04:00,52505.0,52505.0,52510.0,52505.0,52505.0,0
