Datetime,Adj Close,Close,High,Low,Open,Volume
2026-09-23 00:09:00-04:00,31031.5,31031.5,31033.5,31029.75,31032.75,0
2026-09-23 00:10:00-04:00,31028.5,31028.5,31032.5,31028.0,31031.5,46
2026-09-23 00:11:00-04:00,31032.75,31032.75,31033.25,31026.5,31028.5,53
2026-09-23 00:12:00-04:00,31033.0,31033.0,31034.0,31031.0,31033.5,51
2026-09-23 00:13:00-04:00,31032.75,31032.75,31033.25,31031.0,31033.0,26
2026-09-23 00:14:00-04:00,31031.75,31031.75,31033.5,31031.5,31033.0,20
2026-09-23 00:15:00-04:00,31035.5,31035.5,31035.75,31029.25,31031.0,59
2026-09-23 00:16:00-04:00,31034.5,31034.5,31036.25,31031.75,31036.25,79
2026-09-23 00:17:00-04:00,31033.75,31033.75,31035.25,31032.75,31033.75,40
2026-09-23 00:18:00-04:00,31034.5,31034.5,31035.25,31032.75,31033.5,22
2026-09-23 00:19:00-04:00,31037.25,31037.25,31037.25,31033.25,31034.5,62
2026-09-23 00:20:00-04:00,31037.75,31037.75,31040.0,31035.25,31037.5,71
2026-09-23 00:21:00-04:00,31044.75,31044.75,31044.75,31039.0,31039.25,136
2026-09-23 00:22:00-04:00,31042.0,31042.0,31044.0,31041.0,31044.0,41
2026-09-23 00:23:00-04:00,31041.25,31041.25,31042.5,31040.25,31042.25,33
2026-09-23 00:24:00-04:00,31040.25,31040.25,31042.25,31039.5,31041.5,19
2026-09-23 00:25:00-04:00,31040.5,31040.5,31043.25,31039.75,31040.75,91
2026-09-23 00:26:00-04:00,31039.5,31039.5,31042.75,31039.5,31041.5,37
2026-09-23 00:27:00-04:00,31042.5,31042.5,31043.25,31039.0,31039.5,54
2026-09-23 00:28:00-04:00,31038.5,31038.5,31042.0,31036.0,31042.0,54
2026-09-23 00:29:00-04:00,31039.0,31039.0,31040.0,31037.5,31038.0,34
2026-09-23 00:30:00-04:00,31043.75,31043.75,31043.75,31038.25,31039.0,43
2026-09-23 00:31:00-04:00,31047.75,31047.75,31048.25,31043.75,31043.75,108
2026-09-23 00:32:00-04:00,31044.25,31044.25,31047.5,31044.0,31047.25,52
2026-09-23 00:33:00-04:00,31046.0,31046.0,31046.25,31044.5,31045.5,26
2026-09-23 00:34:00-04:00,31045.75,31045.75,31047.0,31045.0,31046.25,21
2026-09-23 00:35:00-04:00,31049.75,31049.75,31052.0,31046.0,31046.0,137
2026-09-23 00:36:00-04:00,31050.5,31050.5,31052.25,31049.0,31049.0,59
2026-09-23 00:37:00-04:00,31047.75,31047.75,31051.5,31047.75,31050.75,33
2026-09-23 00:38:00-04:00,31043.25,31043.25,31048.0,31042.5,31047.75,85
2026-09-23 00:39:00-04:00,31043.5,31043.5,31044.0,31041.0,31041.25,46
2026-09-23 00:40:00-04:00,31042.0,31042.0,31044.75,31041.25,31044.0,73
2026-09-23 00:41:00-04:00,31047.0,31047.0,31047.75,31043.25,31043.25,57
2026-09-23 00:42:00-04:00,31046.0,31046.0,31048.0,31045.0,31045.5,34
2026-09-23 00:43:00-04:00,31050.0,31050.0,31050.5,31046.5,31046.5,45
2026-09-23 00:44:00-04:00,31049.25,31049.25,31050.5,31048.25,31050.25,15
2026-09-23 00:45:00-04:00,31049.0,31049.0,31049.5,31045.75,31047.75,37
2026-09-23 00:46:00-04:00,31049.25,31049.25,31049.75,31048.0,31049.5,18
2026-09-23 00:47:00-04:00,31049.0,31049.0,31051.0,31048.5,31050.0,37
2026-09-23 00:48:00-04:00,31049.75,31049.75,31051.0,31048.25,31049.0,13
2026-09-23 00:49:00-04:00,31049.25,31049.25,31051.25,31049.25,31050.25,20
2026-09-23 00:50:00-04:00,31047.25,31047.25,31050.75,31044.5,31050.25,129
2026-09-23 00:51:00-04:00,31046.5,31046.5,31048.0,31044.0,31048.0,75
2026-09-23 00:52:00-04:00,31042.75,31042.75,31046.25,31042.75,31045.75,29
2026-09-23 00:53:00-04:00,31041.25,31041.25,31045.0,31041.25,31044.0,49
2026-09-23 00:54:00-04:00,31039.5,31039.5,31042.5,31038.25,31042.25,134
2026-09-23 00:55:00-04:00,31038.5,31038.5,31040.75,31037.75,31039.0,89
2026-09-23 00:56:00-04:00,31041.0,31041.0,31041.75,31038.25,31039.0,22
2026-09-23 00:57:00-04:00,31033.5,31033.5,31041.25,31031.75,31040.75,87
2026-09-23 00:58:00-04:00,31034.25,31034.25,31035.25,31033.25,31033.75,45
2026-09-23 00:59:00-04:00,31035.25,31035.25,31035.25,31031.25,31033.75,68
2026-09-23 01:00:00-04:00,31033.75,31033.75,31036.75,31032.5,31035.0,75
2026-09-23 01:01:00-04:00,31026.0,31026.0,31034.5,31026.0,31032.25,154
2026-09-23 01:02:00-04:00,31024.0,31024.0,31029.5,31024.0,31026.25,74
2026-09-23 01:03:00-04:00,31026.5,31026.5,31027.0,31022.0,31024.0,101
2026-09-23 01:04:00-04:00,31028.5,31028.5,31029.0,31025.5,31026.0,27
2026-09-23 01:05:00-04:00,31028.0,31028.0,31031.0,31027.25,31027.75,70
2026-09-23 01:06:00-04:00,31026.25,31026.25,31029.0,31023.0,31029.0,68
2026-09-23 01:07:00-04:00,31031.75,31031.75,31031.75,31025.25,31026.0,46
2026-09-23 01:08:00-04:00,31030.75,31030.75,31033.5,31027.75,31032.25,56
2026-09-23 01:09:00-04:00,31031.75,31031.75,31033.0,31029.0,31030.5,44
2026-09-23 01:10:00-04:00,31035.5,31035.5,31039.75,31031.75,31032.0,79
2026-09-23 01:11:00-04:00,31032.75,31032.75,31036.25,31031.75,31035.5,51
2026-09-23 01:12:00-04:00,31029.75,31029.75,31032.75,31029.25,31032.5,38
2026-09-23 01:13:00-04:00,31032.5,31032.5,31034.5,31028.75,31030.5,56
2026-09-23 01:14:00-04:00,31033.0,31033.0,31034.25,31032.75,31032.75,27
2026-09-23 01:15:00-04:00,31034.0,31034.0,31037.0,31033.25,31033.25,21
2026-09-23 01:16:00-04:00,31037.25,31037.25,31039.25,31034.5,31034.5,38
2026-09-23 01:17:00-04:00,31041.5,31041.5,31042.5,31036.5,31037.75,82
2026-09-23 01:18:00-04:00,31037.25,31037.25,31042.0,31036.75,31041.0,107
2026-09-23 01:19:00-04:00,31032.25,31032.25,31036.75,31029.5,31036.5,109
2026-09-23 01:20:00-04:00,31028.25,31028.25,31031.0,31023.75,31031.0,122
2026-09-23 01:21:00-04:00,31024.25,31024.25,31030.75,31024.25,31027.5,36
2026-09-23 01:22:00-04:00,31021.5,31021.5,31025.0,31020.5,31024.5,139
2026-09-23 01:23:00-04:00,31025.75,31025.75,31025.75,31019.0,31020.5,83
2026-09-23 01:24:00-04:00,31021.5,31021.5,31023.75,31019.0,31023.25,43
2026-09-23 01:25:00-04:00,31033.25,31033.25,31035.25,31021.5,31021.5,141
2026-09-23 01:26:00-04:00,31033.0,31033.0,31036.75,31032.5,31033.5,68
2026-09-23 01:27:00-04:00,31033.5,31033.5,31035.75,31031.75,31033.25,61
2026-09-23 01:28:00-04:00,31031.75,31031.75,31035.5,31031.75,31034.25,79
2026-09-23 01:29:00-04:00,31034.0,31034.0,31034.0,31030.25,31032.0,47
2026-09-23 01:30:00-04:00,31034.25,31034.25,31035.5,31029.0,31034.0,36
2026-09-23 01:31:00-04:00,31032.25,31032.25,31038.0,31031.75,31035.0,87
2026-09-23 01:32:00-04:00,31033.75,31033.75,31035.25,31031.5,31032.0,56
2026-09-23 01:33:00-04:00,31031.25,31031.25,31037.0,31029.5,31033.0,52
2026-09-23 01:34:00-04:00,31025.25,31025.25,31031.75,31023.5,31030.5,89
2026-09-23 01:35:00-04:00,31028.25,31028.25,31029.5,31024.75,31026.75,51
2026-09-23 01:36:00-04:00,31030.0,31030.0,31032.0,31027.5,31027.5,33
2026-09-23 01:37:00-04:00,31035.5,31035.5,31035.5,31030.0,31030.5,41
2026-09-23 01:38:00-04:00,31033.25,31033.25,31037.0,31028.25,31036.25,75
2026-09-23 01:39:00-04:00,31033.75,31033.75,31034.0,31031.5,31033.25,28
2026-09-23 01:40:00-04:00,31034.5,31034.5,31035.25,31031.75,31033.75,46
2026-09-23 01:41:00-04:00,31036.0,31036.0,31039.0,31033.5,31035.0,76
2026-09-23 01:42:00-04:00,31032.75,31032.75,31039.75,31030.25,31036.75,73
2026-09-23 01:43:00-04:00,31021.5,31021.5,31030.75,31021.0,31030.5,111
2026-09-23 01:44:00-04:00,31029.25,31029.25,31029.25,31021.5,31021.5,50
2026-09-23 01:45:00-04:00,31032.0,31032.0,31033.25,31029.0,31030.25,36
2026-09-23 01:46:00-04:00,31035.5,31035.5,31038.75,31032.5,31033.5,67
2026-09-23 01:47:00-04:00,31039.0,31039.0,31039.5,31035.25,31035.25,42
2026-09-23 01:48:00-04:00,31035.5,31035.5,31042.0,31034.75,31039.0,105
2026-09-23 01:49:00-04:00,31029.0,31029.0,31036.25,31026.75,31036.25,67
2026-09-23 01:50:00-04:00,31030.0,31030.0,31032.25,31028.0,31028.5,42
2026-09-23 01:51:00-04:00,31034.5,31034.5,31035.0,31029.75,31031.0,30
2026-09-23 01:52:00-04:00,31040.0,31040.0,31041.25,31036.5,31036.5,50
2026-09-23 01:53:00-04:00,31042.0,31042.0,31044.5,31040.5,31040.75,86
2026-09-23 01:54:00-04:00,31039.25,31039.25,31042.75,31037.0,31041.75,33
2026-09-23 01:55:00-04:00,31031.5,31031.5,31040.5,31029.0,31039.25,108
2026-09-23 01:56:00-04:00,31033.25,31033.25,31036.25,31029.0,31030.25,61
2026-09-23 01:57:00-04:00,31030.75,31030.75,31034.75,31030.25,31033.5,36
2026-09-23 01:58:00-04:00,31030.5,31030.5,31033.0,31027.5,31031.5,99
2026-09-23 01:59:00-04:00,31028.75,31028.75,31030.75,31028.75,31030.25,16
2026-09-23 02:00:00-04:00,31036.5,31036.5,31038.0,31028.25,31029.25,165
2026-09-23 02:01:00-04:00,31041.0,31041.0,31041.25,31034.5,31036.25,72
2026-09-23 02:02:00-04:00,31051.5,31051.5,31055.25,31041.0,31041.25,297
2026-09-23 02:03:00-04:00,31051.25,31051.25,31051.5,31047.75,31051.5,95
2026-09-23 02:04:00-04:00,31043.75,31043.75,31051.0,31042.0,31050.5,86
2026-09-23 02:05:00-04:00,31048.5,31048.5,31048.5,31042.75,31043.5,61
2026-09-23 02:06:00-04:00,31052.25,31052.25,31054.0,31046.5,31047.5,61
2026-09-23 02:07:00-04:00,31047.0,31047.0,31053.25,31047.0,31051.0,97
2026-09-23 02:08:00-04:00,31044.5,31044.5,31048.75,31039.75,31047.5,98
2026-09-23 02:09:00-04:00,31040.75,31040.75,31045.25,31038.25,31043.25,89
2026-09-23 02:10:00-04:00,31045.75,31045.75,31045.75,31041.25,31041.25,64
2026-09-23 02:11:00-04:00,31049.25,31049.25,31050.5,31046.0,31046.0,60
2026-09-23 02:12:00-04:00,31049.75,31049.75,31050.0,31046.5,31047.75,56
2026-09-23 02:13:00-04:00,31057.0,31057.0,31058.0,31050.25,31050.25,139
2026-09-23 02:14:00-04:00,31057.5,31057.5,31058.0,31054.25,31056.5,75
2026-09-23 02:15:00-04:00,31054.5,31054.5,31058.0,31051.25,31058.0,84
2026-09-23 02:16:00-04:00,31055.75,31055.75,31058.5,31053.75,31055.25,99
2026-09-23 02:17:00-04:00,31055.0,31055.0,31056.75,31055.0,31056.75,9
2026-09-23 02:18:00-04:00,31056.25,31056.25,31057.25,31053.75,31054.25,36
2026-09-23 02:19:00-04:00,31055.5,31055.5,31058.75,31054.25,31056.0,56
2026-09-23 02:20:00-04:00,31054.25,31054.25,31058.0,31053.75,31055.5,41
2026-09-23 02:21:00-04:00,31041.75,31041.75,31056.25,31039.5,31052.25,374
2026-09-23 02:22:00-04:00,31047.75,31047.75,31048.5,31039.75,31042.25,104
2026-09-23 02:23:00-04:00,31046.5,31046.5,31051.0,31045.25,31048.75,29
2026-09-23 02:24:00-04:00,31050.25,31050.25,31050.75,31046.25,31046.5,25
2026-09-23 02:25:00-04:00,31054.75,31054.75,31054.75,31049.5,31050.75,21
2026-09-23 02:26:00-04:00,31058.25,31058.25,31059.5,31054.75,31055.0,77
2026-09-23 02:27:00-04:00,31056.0,31056.0,31061.75,31056.0,31058.25,187
2026-09-23 02:28:00-04:00,31057.5,31057.5,31061.0,31055.25,31056.75,96
2026-09-23 02:29:00-04:00,31057.5,31057.5,31058.75,31056.25,31058.25,50
2026-09-23 02:30:00-04:00,31061.0,31061.0,31062.75,31056.0,31057.25,111
2026-09-23 02:31:00-04:00,31073.0,31073.0,31073.0,31058.25,31060.5,338
2026-09-23 02:32:00-04:00,31074.5,31074.5,31077.25,31065.0,31073.25,305
2026-09-23 02:33:00-04:00,31072.75,31072.75,31077.5,31071.5,31075.0,154
2026-09-23 02:34:00-04:00,31081.25,31081.25,31081.5,31071.75,31073.25,238
2026-09-23 02:35:00-04:00,31086.75,31086.75,31088.75,31078.75,31080.75,214
2026-09-23 02:36:00-04:00,31088.75,31088.75,31090.0,31083.25,31087.0,198
2026-09-23 02:37:00-04:00,31087.25,31087.25,31089.0,31086.25,31089.0,103
2026-09-23 02:38:00-04:00,31089.5,31089.5,31090.0,31084.5,31087.25,103
2026-09-23 02:39:00-04:00,31090.5,31090.5,31094.75,31088.25,31089.0,223
2026-09-23 02:40:00-04:00,31083.75,31083.75,31091.5,31083.25,31090.25,101
2026-09-23 02:41:00-04:00,31081.25,31081.25,31084.25,31080.0,31084.0,88
2026-09-23 02:42:00-04:00,31084.75,31084.75,31085.0,31081.5,31081.75,52
2026-09-23 02:43:00-04:00,31079.0,31079.0,31085.5,31078.5,31085.25,61
2026-09-23 02:44:00-04:00,31082.0,31082.0,31083.25,31074.0,31078.25,173
2026-09-23 02:45:00-04:00,31074.25,31074.25,31080.75,31074.25,31080.75,123
2026-09-23 02:46:00-04:00,31058.0,31058.0,31075.0,31057.75,31074.25,298
2026-09-23 02:47:00-04:00,31072.5,31072.5,31074.5,31057.0,31058.5,208
2026-09-23 02:48:00-04:00,31079.75,31079.75,31080.75,31071.75,31072.25,131
2026-09-23 02:49:00-04:00,31079.25,31079.25,31080.75,31078.0,31079.0,54
2026-09-23 02:50:00-04:00,31072.0,31072.0,31082.0,31071.0,31080.0,147
2026-09-23 02:51:00-04:00,31074.5,31074.5,31077.0,31071.0,31071.75,63
2026-09-23 02:52:00-04:00,31071.5,31071.5,31075.5,31068.0,31075.5,124
2026-09-23 02:53:00-04:00,31065.75,31065.75,31071.5,31065.25,31071.5,197
2026-09-23 02:54:00-04:00,31064.25,31064.25,31068.25,31062.25,31066.5,125
2026-09-23 02:55:00-04:00,31063.5,31063.5,31064.5,31061.75,31063.75,47
2026-09-23 02:56:00-04:00,31061.0,31061.0,31064.25,31059.0,31062.25,119
2026-09-23 02:57:00-04:00,31056.75,31056.75,31061.0,31049.0,31061.0,227
2026-09-23 02:58:00-04:00,31054.0,31054.0,31057.0,31050.5,31056.5,106
2026-09-23 02:59:00-04:00,31051.0,31051.0,31053.25,31048.0,31053.0,88
2026-09-23 03:00:00-04:00,31045.5,31045.5,31053.5,31044.75,31049.75,277
2026-09-23 03:01:00-04:00,31053.5,31053.5,31055.25,31046.25,31046.75,208
2026-09-23 03:02:00-04:00,31046.0,31046.0,31055.25,31045.75,31054.0,57
2026-09-23 03:03:00-04:00,31052.0,31052.0,31054.5,31043.25,31046.0,109
2026-09-23 03:04:00-04:00,31050.5,31050.5,31052.75,31046.75,31052.25,43
2026-09-23 03:05:00-04:00,31041.0,31041.0,31052.5,31040.0,31052.5,176
2026-09-23 03:06:00-04:00,31042.75,31042.75,31048.0,31040.0,31041.75,109
2026-09-23 03:07:00-04:00,31035.75,31035.75,31041.25,31033.0,31041.0,150
2026-09-23 03:08:00-04:00,31037.25,31037.25,31039.0,31034.5,31037.5,88
2026-09-23 03:09:00-04:00,31031.5,31031.5,31036.0,31029.25,31035.5,151
2026-09-23 03:10:00-04:00,31032.25,31032.25,31034.0,31028.0,31031.0,87
2026-09-23 03:11:00-04:00,31039.0,31039.0,31042.0,31030.75,31032.25,208
2026-09-23 03:12:00-04:00,31042.0,31042.0,31045.75,31039.25,31039.5,98
2026-09-23 03:13:00-04:00,31044.5,31044.5,31047.75,31039.5,31041.5,77
2026-09-23 03:14:00-04:00,31044.25,31044.25,31046.75,31044.25,31045.5,35
2026-09-23 03:15:00-04:00,31044.5,31044.5,31048.25,31042.5,31045.75,109
2026-09-23 03:16:00-04:00,31043.25,31043.25,31045.0,31039.75,31044.75,46
2026-09-23 03:17:00-04:00,31036.5,31036.5,31047.25,31036.25,31045.25,67
2026-09-23 03:18:00-04:00,31033.75,31033.75,31037.0,31030.0,31037.0,74
2026-09-23 03:19:00-04:00,31034.5,31034.5,31036.25,31032.0,31035.0,42
2026-09-23 03:20:00-04:00,31037.0,31037.0,31037.5,31032.25,31035.5,42
2026-09-23 03:21:00-04:00,31038.75,31038.75,31040.25,31037.25,31037.25,15
2026-09-23 03:22:00-04:00,31037.25,31037.25,31039.5,31034.25,31039.5,48
2026-09-23 03:23:00-04:00,31034.25,31034.25,31036.0,31031.0,31036.0,50
2026-09-23 03:24:00-04:00,31035.0,31035.0,31038.75,31035.0,31036.0,32
2026-09-23 03:25:00-04:00,31039.75,31039.75,31040.0,31034.5,31035.75,46
2026-09-23 03:26:00-04:00,31036.75,31036.75,31040.25,31036.75,31039.0,21
2026-09-23 03:27:00-04:00,31048.75,31048.75,31048.75,31036.25,31036.25,76
2026-09-23 03:28:00-04:00,31045.75,31045.75,31051.75,31045.25,31048.5,82
2026-09-23 03:29:00-04:00,31052.25,31052.25,31052.75,31044.5,31045.5,51
2026-09-23 03:30:00-04:00,31054.25,31054.25,31054.25,31046.5,31051.5,115
2026-09-23 03:31:00-04:00,31052.25,31052.25,31061.75,31052.25,31053.75,241
2026-09-23 03:32:00-04:00,31043.5,31043.5,31051.5,31043.5,31051.5,228
2026-09-23 03:33:00-04:00,31040.75,31040.75,31043.0,31036.0,31043.0,119
2026-09-23 03:34:00-04:00,31039.5,31039.5,31041.5,31039.0,31040.5,44
2026-09-23 03:35:00-04:00,31044.75,31044.75,31047.5,31040.5,31040.75,108
2026-09-23 03:36:00-04:00,31043.25,31043.25,31045.5,31038.0,31045.5,129
2026-09-23 03:37:00-04:00,31046.0,31046.0,31049.25,31041.0,31043.0,96
2026-09-23 03:38:00-04:00,31046.5,31046.5,31054.75,31046.5,31047.0,93
2026-09-23 03:39:00-04:00,31042.0,31042.0,31047.75,31041.5,31047.75,72
2026-09-23 03:40:00-04:00,31047.75,31047.75,31050.25,31041.75,31041.75,91
2026-09-23 03:41:00-04:00,31048.25,31048.25,31048.75,31046.25,31048.75,44
2026-09-23 03:42:00-04:00,31041.75,31041.75,31049.5,31040.25,31048.0,98
2026-09-23 03:43:00-04:00,31044.0,31044.0,31044.0,31041.0,31041.5,34
2026-09-23 03:44:00-04:00,31037.25,31037.25,31043.25,31035.75,31043.25,129
2026-09-23 03:45:00-04:00,31038.5,31038.5,31040.25,31037.0,31037.25,148
2026-09-23 03:46:00-04:00,31038.25,31038.25,31039.5,31036.25,31038.5,80
2026-09-23 03:47:00-04:00,31033.25,31033.25,31039.25,31032.5,31038.0,108
2026-09-23 03:48:00-04:00,31041.25,31041.25,31042.25,31032.75,31033.0,131
2026-09-23 03:49:00-04:00,31043.75,31043.75,31045.25,31036.75,31041.25,240
2026-09-23 03:50:00-04:00,31045.5,31045.5,31047.5,31040.75,31043.25,51
2026-09-23 03:51:00-04:00,31047.0,31047.0,31049.0,31044.5,31045.0,64
2026-09-23 03:52:00-04:00,31036.0,31036.0,31045.0,31035.75,31044.75,72
2026-09-23 03:53:00-04:00,31030.75,31030.75,31037.25,31030.5,31036.25,56
2026-09-23 03:54:00-04:00,31030.25,31030.25,31032.0,31028.25,31032.0,54
2026-09-23 03:55:00-04:00,31032.5,31032.5,31035.25,31028.75,31030.0,42
2026-09-23 03:56:00-04:00,31038.5,31038.5,31038.5,31031.75,31032.25,64
2026-09-23 03:57:00-04:00,31036.75,31036.75,31040.0,31035.25,31039.25,48
2026-09-23 03:58:00-04:00,31035.25,31035.25,31036.25,31033.25,31036.25,30
2026-09-23 03:59:00-04:00,31035.25,31035.25,31035.75,31034.25,31035.75,12
2026-09-23 04:00:00-04:00,31037.0,31037.0,31042.75,31032.0,31034.25,162
2026-09-23 04:01:00-04:00,31039.75,31039.75,31041.75,31036.25,31038.25,63
2026-09-23 04:02:00-04:00,31034.25,31034.25,31046.5,31034.0,31039.0,90
2026-09-23 04:03:00-04:00,31021.0,31021.0,31037.0,31020.25,31032.0,185
2026-09-23 04:04:00-04:00,31018.75,31018.75,31028.5,31015.25,31023.25,202
2026-09-23 04:05:00-04:00,31017.75,31017.75,31021.0,31016.0,31018.75,96
2026-09-23 04:06:00-04:00,31030.0,31030.0,31030.0,31016.25,31017.25,158
2026-09-23 04:07:00-04:00,31034.5,31034.5,31037.25,31030.75,31030.75,167
2026-09-23 04:08:00-04:00,31040.5,31040.5,31040.5,31032.25,31033.25,53
2026-09-23 04:09:00-04:00,31035.75,31035.75,31040.5,31031.5,31038.75,78
2026-09-23 04:10:00-04:00,31037.0,31037.0,31038.5,31035.0,31037.0,36
2026-09-23 04:11:00-04:00,31033.75,31033.75,31041.25,31032.75,31039.25,55
2026-09-23 04:12:00-04:00,31040.25,31040.25,31043.5,31033.0,31033.0,72
2026-09-23 04:13:00-04:00,31038.5,31038.5,31043.75,31038.25,31040.5,33
2026-09-23 04:14:00-04:00,31038.5,31038.5,31041.25,31031.75,31038.25,65
2026-09-23 04:15:00-04:00,31043.5,31043.5,31044.25,31038.0,31039.0,59
2026-09-23 04:16:00-04:00,31041.5,31041.5,31043.25,31036.0,31043.25,52
2026-09-23 04:17:00-04:00,31036.0,31036.0,31041.75,31030.5,31041.5,108
2026-09-23 04:18:00-04:00,31029.0,31029.0,31032.75,31028.0,31032.25,61
2026-09-23 04:19:00-04:00,31043.0,31043.0,31043.0,31029.0,31029.0,77
2026-09-23 04:20:00-04:00,31042.5,31042.5,31046.0,31040.5,31041.75,119
2026-09-23 04:21:00-04:00,31040.5,31040.5,31050.75,31040.5,31042.5,135
2026-09-23 04:22:00-04:00,31045.5,31045.5,31045.75,31042.25,31043.75,59
2026-09-23 04:23:00-04:00,31047.75,31047.75,31049.0,31042.75,31045.75,89
2026-09-23 04:24:00-04:00,31050.25,31050.25,31051.25,31044.5,31048.25,107
2026-09-23 04:25:00-04:00,31043.0,31043.0,31051.0,31041.5,31050.25,67
2026-09-23 04:26:00-04:00,31039.25,31039.25,31044.5,31038.0,31044.5,80
2026-09-23 04:27:00-04:00,31043.5,31043.5,31043.5,31041.25,31041.5,17
2026-09-23 04:28:00-04:00,31043.5,31043.5,31044.0,31041.75,31041.75,32
2026-09-23 04:29:00-04:00,31038.0,31038.0,31043.5,31037.5,31043.25,65
2026-09-23 04:30:00-04:00,31042.25,31042.25,31045.25,31036.75,31039.25,50
2026-09-23 04:31:00-04:00,31038.5,31038.5,31044.25,31038.25,31044.25,44
2026-09-23 04:32:00-04:00,31040.0,31040.0,31042.5,31037.75,31038.0,39
2026-09-23 04:33:00-04:00,31042.25,31042.25,31043.5,31040.25,31040.75,50
2026-09-23 04:34:00-04:00,31035.5,31035.5,31041.75,31035.0,31041.75,33
2026-09-23 04:35:00-04:00,31028.0,31028.0,31034.5,31026.0,31034.5,111
2026-09-23 04:36:00-04:00,31030.75,31030.75,31032.0,31028.0,31028.75,49
2026-09-23 04:37:00-04:00,31023.75,31023.75,31029.5,31023.0,31029.25,85
2026-09-23 04:38:00-04:00,31018.5,31018.5,31022.75,31006.0,31022.75,456
2026-09-23 04:39:00-04:00,31022.5,31022.5,31023.25,31018.5,31019.0,65
2026-09-23 04:40:00-04:00,31022.25,31022.25,31024.0,31016.5,31021.25,60
2026-09-23 04:41:00-04:00,31022.5,31022.5,31024.0,31020.0,31022.0,61
2026-09-23 04:42:00-04:00,31015.5,31015.5,31021.25,31013.75,31021.25,63
2026-09-23 04:43:00-04:00,31013.75,31013.75,31016.75,31009.75,31015.25,109
2026-09-23 04:44:00-04:00,31013.75,31013.75,31015.5,31011.75,31014.0,54
2026-09-23 04:45:00-04:00,31010.5,31010.5,31013.5,31008.75,31013.0,76
2026-09-23 04:46:00-04:00,31011.0,31011.0,31013.75,31008.25,31010.25,97
2026-09-23 04:47:00-04:00,31009.25,31009.25,31012.75,31009.0,31010.0,52
2026-09-23 04:48:00-04:00,31015.25,31015.25,31015.25,31008.5,31008.75,82
2026-09-23 04:49:00-04:00,31016.75,31016.75,31018.0,31014.75,31014.75,95
2026-09-23 04:50:00-04:00,31015.75,31015.75,31016.75,31013.0,31016.25,41
2026-09-23 04:51:00-04:00,31006.75,31006.75,31015.0,31006.25,31015.0,89
2026-09-23 04:52:00-04:00,31004.0,31004.0,31013.25,31002.0,31006.75,118
2026-09-23 04:53:00-04:00,31006.75,31006.75,31010.0,31005.25,31005.25,64
2026-09-23 04:54:00-04:00,31011.0,31011.0,31011.5,31006.25,31006.25,49
2026-09-23 04:55:00-04:00,31014.25,31014.25,31014.75,31010.25,31011.0,74
2026-09-23 04:56:00-04:00,31009.75,31009.75,31015.0,31008.25,31013.5,96
2026-09-23 04:57:00-04:00,31019.25,31019.25,31021.5,31010.75,31010.75,151
2026-09-23 04:58:00-04:00,31015.75,31015.75,31020.25,31015.5,31019.25,63
2026-09-23 04:59:00-04:00,31016.5,31016.5,31016.5,31012.0,31015.0,26
2026-09-23 05:00:00-04:00,31020.5,31020.5,31026.5,31013.5,31015.75,200
2026-09-23 05:01:00-04:00,31019.75,31019.75,31022.75,31018.25,31022.25,56
2026-09-23 05:02:00-04:00,31019.5,31019.5,31020.5,31016.5,31020.0,37
2026-09-23 05:03:00-04:00,31011.0,31011.0,31020.25,31010.5,31020.0,86
2026-09-23 05:04:00-04:00,31010.5,31010.5,31014.25,31007.25,31010.25,94
2026-09-23 05:05:00-04:00,31011.5,31011.5,31012.25,31008.5,31010.0,57
2026-09-23 05:06:00-04:00,31012.5,31012.5,31014.0,31009.75,31011.25,58
2026-09-23 05:07:00-04:00,31020.75,31020.75,31020.75,31013.0,31013.0,61
2026-09-23 05:08:00-04:00,31026.75,31026.75,31027.75,31018.75,31019.5,69
2026-09-23 05:09:00-04:00,31025.5,31025.5,31026.5,31022.75,31026.25,37
2026-09-23 05:10:00-04:00,31018.0,31018.0,31026.5,31016.25,31026.0,104
2026-09-23 05:11:00-04:00,31018.25,31018.25,31019.75,31015.0,31017.25,22
2026-09-23 05:12:00-04:00,31020.5,31020.5,31024.0,31018.25,31018.5,50
2026-09-23 05:13:00-04:00,31016.0,31016.0,31020.75,31014.75,31020.75,32
2026-09-23 05:14:00-04:00,31017.25,31017.25,31017.25,31014.25,31015.75,45
2026-09-23 05:15:00-04:00,31012.25,31012.25,31016.75,31011.25,31016.0,37
2026-09-23 05:16:00-04:00,31014.25,31014.25,31015.5,31009.5,31011.25,56
2026-09-23 05:17:00-04:00,31012.25,31012.25,31015.5,31012.25,31013.0,30
2026-09-23 05:18:00-04:00,31014.0,31014.0,31018.0,31012.25,31015.0,114
2026-09-23 05:19:00-04:00,31020.75,31020.75,31021.5,31013.0,31014.25,68
2026-09-23 05:20:00-04:00,31018.75,31018.75,31022.25,31016.5,31021.0,63
2026-09-23 05:21:00-04:00,31026.5,31026.5,31026.5,31019.5,31019.75,43
2026-09-23 05:22:00-04:00,31026.25,31026.25,31027.25,31024.75,31025.0,34
2026-09-23 05:23:00-04:00,31030.0,31030.0,31031.0,31025.5,31025.75,38
2026-09-23 05:24:00-04:00,31030.5,31030.5,31031.5,31029.25,31030.0,38
2026-09-23 05:25:00-04:00,31031.0,31031.0,31031.75,31028.25,31030.75,74
2026-09-23 05:26:00-04:00,31031.75,31031.75,31033.25,31030.25,31030.5,88
2026-09-23 05:27:00-04:00,31032.0,31032.0,31034.25,31030.0,31031.0,76
2026-09-23 05:28:00-04:00,31027.5,31027.5,31032.5,31027.5,31031.5,51
2026-09-23 05:29:00-04:00,31023.75,31023.75,31028.25,31023.75,31027.0,55
2026-09-23 05:30:00-04:00,31032.75,31032.75,31032.75,31024.75,31025.5,71
2026-09-23 05:31:00-04:00,31031.75,31031.75,31032.25,31029.25,31032.25,53
2026-09-23 05:32:00-04:00,31032.75,31032.75,31032.75,31026.0,31031.5,78
2026-09-23 05:33:00-04:00,31026.0,31026.0,31029.75,31024.0,31029.75,48
2026-09-23 05:34:00-04:00,31026.0,31026.0,31027.5,31023.0,31027.25,33
2026-09-23 05:35:00-04:00,31030.5,31030.5,31033.25,31025.75,31026.0,38
2026-09-23 05:36:00-04:00,31032.25,31032.25,31032.5,31029.0,31030.0,33
2026-09-23 05:37:00-04:00,31030.0,31030.0,31033.75,31029.75,31032.25,21
2026-09-23 05:38:00-04:00,31027.25,31027.25,31029.5,31026.25,31029.5,38
2026-09-23 05:39:00-04:00,31025.0,31025.0,31028.0,31022.25,31026.0,54
2026-09-23 05:40:00-04:00,31022.5,31022.5,31025.75,31021.5,31024.5,65
2026-09-23 05:41:00-04:00,31025.0,31025.0,31027.75,31020.25,31023.0,40
2026-09-23 05:42:00-04:00,31026.25,31026.25,31026.25,31023.25,31024.25,41
2026-09-23 05:43:00-04:00,31020.75,31020.75,31024.75,31020.0,31024.25,33
2026-09-23 05:44:00-04:00,31019.0,31019.0,31021.75,31018.25,31021.0,39
2026-09-23 05:45:00-04:00,31011.5,31011.5,31018.75,31011.5,31018.5,209
2026-09-23 05:46:00-04:00,31011.5,31011.5,31013.0,31010.0,31011.75,54
2026-09-23 05:47:00-04:00,31009.75,31009.75,31012.75,31009.25,31011.5,20
2026-09-23 05:48:00-04:00,30999.75,30999.75,31009.25,30997.75,31009.25,271
2026-09-23 05:49:00-04:00,31006.5,31006.5,31006.5,30999.0,30999.75,164
2026-09-23 05:50:00-04:00,31003.75,31003.75,31007.75,31003.75,31006.75,33
2026-09-23 05:51:00-04:00,31005.5,31005.5,31007.0,31002.75,31004.0,31
2026-09-23 05:52:00-04:00,31011.5,31011.5,31012.25,31003.5,31003.75,96
2026-09-23 05:53:00-04:00,31008.5,31008.5,31012.75,31008.25,31010.75,71
2026-09-23 05:54:00-04:00,31014.75,31014.75,31019.25,31007.75,31009.0,108
2026-09-23 05:55:00-04:00,31013.5,31013.5,31015.5,31010.25,31013.75,72
2026-09-23 05:56:00-04:00,31009.0,31009.0,31013.5,31006.0,31013.5,69
2026-09-23 05:57:00-04:00,31010.0,31010.0,31014.0,31007.75,31008.5,45
2026-09-23 05:58:00-04:00,31010.5,31010.5,31011.0,31008.5,31010.25,29
2026-09-23 05:59:00-04:00,31012.5,31012.5,31013.0,31010.75,31011.25,40
2026-09-23 06:00:00-04:00,31015.25,31015.25,31015.75,31009.75,31012.25,73
2026-09-23 06:01:00-04:00,31018.75,31018.75,31018.75,31013.5,31014.25,68
2026-09-23 06:02:00-04:00,31020.75,31020.75,31020.75,31016.75,31018.25,40
2026-09-23 06:03:00-04:00,31020.0,31020.0,31020.0,31015.5,31019.25,26
2026-09-23 06:04:00-04:00,31020.75,31020.75,31023.25,31018.75,31018.75,46
2026-09-23 06:05:00-04:00,31023.0,31023.0,31023.0,31018.75,31020.75,43
2026-09-23 06:06:00-04:00,31021.5,31021.5,31025.0,31020.75,31022.0,94
2026-09-23 06:07:00-04:00,31023.0,31023.0,31026.25,31022.0,31022.5,58
2026-09-23 06:08:00-04:00,31025.25,31025.25,31025.25,31022.5,31024.0,17
2026-09-23 06:09:00-04:00,31024.0,31024.0,31027.25,31022.25,31024.5,40
2026-09-23 06:10:00-04:00,31021.0,31021.0,31026.5,31018.75,31025.0,57
2026-09-23 06:11:00-04:00,31027.25,31027.25,31029.25,31021.0,31021.75,79
2026-09-23 06:12:00-04:00,31028.75,31028.75,31031.25,31027.0,31027.75,69
2026-09-23 06:13:00-04:00,31030.5,31030.5,31031.0,31028.25,31028.75,39
2026-09-23 06:14:00-04:00,31030.0,31030.0,31031.75,31029.5,31030.5,63
2026-09-23 06:15:00-04:00,31032.75,31032.75,31033.75,31028.5,31030.0,72
2026-09-23 06:16:00-04:00,31031.75,31031.75,31035.0,31030.5,31031.25,72
2026-09-23 06:17:00-04:00,31033.25,31033.25,31033.75,31031.0,31031.0,46
2026-09-23 06:18:00-04:00,31030.0,31030.0,31032.0,31029.75,31031.75,48
2026-09-23 06:19:00-04:00,31038.0,31038.0,31043.75,31031.0,31031.25,219
2026-09-23 06:20:00-04:00,31032.75,31032.75,31038.0,31032.0,31038.0,52
2026-09-23 06:21:00-04:00,31030.5,31030.5,31034.5,31028.5,31033.0,73
2026-09-23 06:22:00-04:00,31026.0,31026.0,31030.0,31026.0,31029.75,54
2026-09-23 06:23:00-04:00,31024.0,31024.0,31026.75,31023.25,31026.75,48
2026-09-23 06:24:00-04:00,31025.5,31025.5,31026.0,31021.0,31024.5,39
2026-09-23 06:25:00-04:00,31026.25,31026.25,31030.5,31025.75,31026.5,50
2026-09-23 06:26:00-04:00,31025.75,31025.75,31026.75,31023.5,31026.0,44
2026-09-23 06:27:00-04:00,31024.75,31024.75,31028.25,31024.5,31025.75,39
2026-09-23 06:28:00-04:00,31026.25,31026.25,31026.75,31024.75,31025.25,33
2026-09-23 06:29:00-04:00,31033.5,31033.5,31033.5,31026.5,31026.5,67
2026-09-23 06:30:00-04:00,31032.25,31032.25,31035.0,31030.5,31033.75,63
2026-09-23 06:31:00-04:00,31033.25,31033.25,31034.25,31029.75,31031.75,56
2026-09-23 06:32:00-04:00,31033.25,31033.25,31034.0,31031.0,31032.0,46
2026-09-23 06:33:00-04:00,31027.5,31027.5,31035.5,31027.5,31033.5,48
2026-09-23 06:34:00-04:00,31022.5,31022.5,31028.0,31022.0,31028.0,113
2026-09-23 06:35:00-04:00,31016.0,31016.0,31022.5,31015.5,31022.5,147
2026-09-23 06:36:00-04:00,31022.0,31022.0,31022.75,31015.25,31015.5,43
2026-09-23 06:37:00-04:00,31023.75,31023.75,31028.25,31021.75,31022.0,63
2026-09-23 06:38:00-04:00,31022.75,31022.75,31025.0,31022.25,31023.75,19
2026-09-23 06:39:00-04:00,31029.0,31029.0,31031.0,31022.75,31023.0,19
2026-09-23 06:40:00-04:00,31023.75,31023.75,31029.0,31022.75,31029.0,27
2026-09-23 06:41:00-04:00,31020.25,31020.25,31024.25,31020.0,31024.0,114
2026-09-23 06:42:00-04:00,31019.75,31019.75,31021.25,31018.5,31021.0,58
2026-09-23 06:43:00-04:00,31019.75,31019.75,31020.75,31016.25,31018.75,46
2026-09-23 06:44:00-04:00,31022.75,31022.75,31022.75,31018.75,31019.75,28
2026-09-23 06:45:00-04:00,31013.75,31013.75,31021.25,31011.75,31021.25,85
2026-09-23 06:46:00-04:00,31018.25,31018.25,31020.0,31013.75,31014.75,22
2026-09-23 06:47:00-04:00,31021.0,31021.0,31021.0,31016.25,31018.75,34
2026-09-23 06:48:00-04:00,31018.25,31018.25,31022.0,31018.25,31021.25,62
2026-09-23 06:49:00-04:00,31018.75,31018.75,31020.0,31016.5,31017.5,42
2026-09-23 06:50:00-04:00,31014.0,31014.0,31019.0,31014.0,31018.5,34
2026-09-23 06:51:00-04:00,31019.0,31019.0,31020.5,31014.75,31014.75,41
2026-09-23 06:52:00-04:00,31022.0,31022.0,31022.25,31019.25,31021.25,23
2026-09-23 06:53:00-04:00,31021.0,31021.0,31023.25,31020.5,31021.75,30
2026-09-23 06:54:00-04:00,31026.0,31026.0,31027.25,31021.25,31021.25,39
2026-09-23 06:55:00-04:00,31027.0,31027.0,31030.0,31025.75,31025.75,81
2026-09-23 06:56:00-04:00,31026.75,31026.75,31033.0,31026.75,31027.5,89
2026-09-23 06:57:00-04:00,31027.25,31027.25,31029.0,31026.25,31027.0,46
2026-09-23 06:58:00-04:00,31030.5,31030.5,31032.0,31027.5,31027.75,29
2026-09-23 06:59:00-04:00,31027.75,31027.75,31031.0,31027.25,31030.75,51
2026-09-23 07:00:00-04:00,31021.0,31021.0,31029.25,31019.5,31027.5,173
2026-09-23 07:01:00-04:00,31018.75,31018.75,31027.5,31017.75,31021.0,81
2026-09-23 07:02:00-04:00,31004.25,31004.25,31019.25,31004.0,31019.25,232
2026-09-23 07:03:00-04:00,31005.0,31005.0,31013.5,31004.75,31004.75,173
2026-09-23 07:04:00-04:00,31005.75,31005.75,31008.75,31004.25,31005.0,91
2026-09-23 07:05:00-04:00,30999.75,30999.75,31006.25,30998.25,31006.25,167
2026-09-23 07:06:00-04:00,30998.25,30998.25,31002.75,30995.0,30999.5,234
2026-09-23 07:07:00-04:00,31000.0,31000.0,31000.5,30997.5,30998.5,77
2026-09-23 07:08:00-04:00,30995.25,30995.25,31004.5,30995.0,31000.0,150
2026-09-23 07:09:00-04:00,31002.0,31002.0,31002.0,30992.25,30995.5,183
2026-09-23 07:10:00-04:00,30999.0,30999.0,31002.25,30998.0,31000.75,89
2026-09-23 07:11:00-04:00,31004.5,31004.5,31005.5,30998.75,30998.75,63
2026-09-23 07:12:00-04:00,30999.0,30999.0,31006.25,30997.25,31005.0,127
2026-09-23 07:13:00-04:00,31001.25,31001.25,31001.75,30996.25,31000.0,43
2026-09-23 07:14:00-04:00,31003.5,31003.5,31004.25,30998.25,31001.0,44
2026-09-23 07:15:00-04:00,31003.5,31003.5,31007.25,31001.0,31001.5,132
2026-09-23 07:16:00-04:00,31008.25,31008.25,31011.5,31000.75,31003.25,142
2026-09-23 07:17:00-04:00,31006.75,31006.75,31009.5,31006.25,31007.25,44
2026-09-23 07:18:00-04:00,31003.0,31003.0,31008.5,31001.25,31008.0,111
2026-09-23 07:19:00-04:00,30994.5,30994.5,31004.25,30992.0,31003.5,110
2026-09-23 07:20:00-04:00,30991.0,30991.0,30994.5,30991.0,30993.75,132
2026-09-23 07:21:00-04:00,30976.75,30976.75,30992.0,30976.25,30991.0,531
2026-09-23 07:22:00-04:00,30968.75,30968.75,30977.5,30962.25,30977.5,420
2026-09-23 07:23:00-04:00,30961.5,30961.5,30969.5,30958.5,30969.0,256
2026-09-23 07:24:00-04:00,30961.75,30961.75,30962.75,30957.25,30962.25,160
2026-09-23 07:25:00-04:00,30957.75,30957.75,30969.0,30957.0,30962.25,213
2026-09-23 07:26:00-04:00,30956.0,30956.0,30961.5,30953.25,30957.75,163
2026-09-23 07:27:00-04:00,30952.75,30952.75,30956.75,30951.25,30953.75,161
2026-09-23 07:28:00-04:00,30960.5,30960.5,30963.75,30950.0,30953.0,272
2026-09-23 07:29:00-04:00,30952.75,30952.75,30961.5,30952.5,30961.5,189
2026-09-23 07:30:00-04:00,30943.25,30943.25,30954.5,30938.5,30952.5,357
2026-09-23 07:31:00-04:00,30949.5,30949.5,30953.5,30942.0,30942.25,254
2026-09-23 07:32:00-04:00,30939.25,30939.25,30952.0,30932.5,30949.0,323
2026-09-23 07:33:00-04:00,30935.5,30935.5,30945.25,30932.75,30939.5,175
2026-09-23 07:34:00-04:00,30936.0,30936.0,30940.75,30932.75,30935.5,168
2026-09-23 07:35:00-04:00,30933.0,30933.0,30937.25,30927.5,30936.0,302
2026-09-23 07:36:00-04:00,30931.0,30931.0,30936.25,30929.5,30933.5,149
2026-09-23 07:37:00-04:00,30921.0,30921.0,30930.75,30919.0,30930.75,305
2026-09-23 07:38:00-04:00,30918.0,30918.0,30925.25,30913.75,30921.25,269
2026-09-23 07:39:00-04:00,30928.75,30928.75,30930.5,30918.0,30918.5,250
2026-09-23 07:40:00-04:00,30922.25,30922.25,30932.5,30920.0,30928.75,184
2026-09-23 07:41:00-04:00,30922.0,30922.0,30928.75,30920.75,30922.25,129
2026-09-23 07:42:00-04:00,30913.5,30913.5,30922.5,30912.0,30922.5,179
2026-09-23 07:43:00-04:00,30913.25,30913.25,30917.0,30911.0,30913.75,203
2026-09-23 07:44:00-04:00,30925.75,30925.75,30928.25,30910.75,30912.5,386
2026-09-23 07:45:00-04:00,30942.0,30942.0,30944.5,30925.5,30925.5,326
2026-09-23 07:46:00-04:00,30955.5,30955.5,30956.25,30942.25,30942.25,373
2026-09-23 07:47:00-04:00,30956.0,30956.0,30959.5,30953.0,30955.5,253
2026-09-23 07:48:00-04:00,30953.75,30953.75,30960.0,30945.75,30956.0,302
2026-09-23 07:49:00-04:00,30955.0,30955.0,30959.25,30953.0,30953.75,77
2026-09-23 07:50:00-04:00,30950.25,30950.25,30956.25,30943.75,30955.25,195
2026-09-23 07:51:00-04:00,30951.5,30951.5,30954.75,30947.0,30949.0,98
2026-09-23 07:52:00-04:00,30948.5,30948.5,30956.0,30945.0,30951.0,119
2026-09-23 07:53:00-04:00,30948.25,30948.25,30952.25,30946.5,30948.0,117
2026-09-23 07:54:00-04:00,30950.5,30950.5,30952.0,30948.25,30949.25,56
2026-09-23 07:55:00-04:00,30954.25,30954.25,30955.0,30947.25,30951.25,126
2026-09-23 07:56:00-04:00,30952.75,30952.75,30954.5,30948.5,30954.5,76
2026-09-23 07:57:00-04:00,30952.5,30952.5,30954.0,30948.75,30952.0,106
2026-09-23 07:58:00-04:00,30951.5,30951.5,30957.5,30949.75,30952.75,98
2026-09-23 07:59:00-04:00,30959.5,30959.5,30965.25,30950.25,30951.25,262
2026-09-23 08:00:00-04:00,30954.25,30954.25,30966.0,30952.0,30958.5,290
2026-09-23 08:01:00-04:00,30944.75,30944.75,30954.75,30944.0,30954.25,263
2026-09-23 08:02:00-04:00,30943.0,30943.0,30947.5,30942.25,30944.0,139
2026-09-23 08:03:00-04:00,30944.5,30944.5,30950.5,30937.75,30943.0,511
2026-09-23 08:04:00-04:00,30941.25,30941.25,30946.75,30940.0,30944.75,133
2026-09-23 08:05:00-04:00,30944.0,30944.0,30947.75,30940.0,30941.0,112
2026-09-23 08:06:00-04:00,30945.5,30945.5,30952.75,30943.5,30944.75,177
2026-09-23 08:07:00-04:00,30942.25,30942.25,30946.75,30939.25,30946.25,127
2026-09-23 08:08:00-04:00,30941.5,30941.5,30943.25,30936.0,30942.0,172
2026-09-23 08:09:00-04:00,30941.75,30941.75,30945.5,30938.75,30941.5,105
2026-09-23 08:10:00-04:00,30937.0,30937.0,30947.5,30936.75,30943.0,152
2026-09-23 08:11:00-04:00,30934.25,30934.25,30940.25,30934.0,30937.5,148
2026-09-23 08:12:00-04:00,30932.5,30932.5,30938.5,30931.0,30934.75,303
2026-09-23 08:13:00-04:00,30930.5,30930.5,30932.75,30924.5,30932.75,224
2026-09-23 08:14:00-04:00,30930.75,30930.75,30932.5,30926.5,30930.5,160
2026-09-23 08:15:00-04:00,30932.5,30932.5,30936.0,30927.5,30931.0,217
2026-09-23 08:16:00-04:00,30930.25,30930.25,30936.0,30928.5,30933.5,133
2026-09-23 08:17:00-04:00,30922.5,30922.5,30930.0,30921.25,30930.0,197
2026-09-23 08:18:00-04:00,30927.25,30927.25,30928.0,30917.25,30922.75,241
2026-09-23 08:19:00-04:00,30929.25,30929.25,30933.75,30925.0,30927.0,156
2026-09-23 08:20:00-04:00,30929.5,30929.5,30931.5,30926.0,30929.75,131
2026-09-23 08:21:00-04:00,30932.75,30932.75,30935.0,30927.25,30930.0,131
2026-09-23 08:22:00-04:00,30937.25,30937.25,30938.5,30929.0,30931.5,147
2026-09-23 08:23:00-04:00,30932.25,30932.25,30937.5,30928.5,30936.75,125
2026-09-23 08:24:00-04:00,30950.25,30950.25,30950.25,30933.25,30933.25,418
2026-09-23 08:25:00-04:00,30943.0,30943.0,30951.5,30940.0,30949.25,226
2026-09-23 08:26:00-04:00,30940.5,30940.5,30942.75,30939.0,30942.25,180
2026-09-23 08:27:00-04:00,30942.25,30942.25,30943.0,30938.25,30941.0,97
2026-09-23 08:28:00-04:00,30943.75,30943.75,30947.25,30939.25,30943.0,96
2026-09-23 08:29:00-04:00,30947.0,30947.0,30948.25,30942.0,30943.0,89
2026-09-23 08:30:00-04:00,30952.25,30952.25,30953.0,30946.5,30947.25,167
2026-09-23 08:31:00-04:00,30947.25,30947.25,30952.5,30944.25,30952.0,293
2026-09-23 08:32:00-04:00,30956.0,30956.0,30956.5,30947.0,30947.25,239
2026-09-23 08:33:00-04:00,30955.0,30955.0,30958.25,30954.0,30955.5,132
2026-09-23 08:34:00-04:00,30952.0,30952.0,30955.75,30949.5,30955.5,122
2026-09-23 08:35:00-04:00,30952.0,30952.0,30956.25,30949.0,30951.5,93
2026-09-23 08:36:00-04:00,30951.0,30951.0,30957.0,30950.5,30952.75,141
2026-09-23 08:37:00-04:00,30948.25,30948.25,30951.25,30945.25,30951.25,180
2026-09-23 08:38:00-04:00,30956.5,30956.5,30957.25,30947.5,30948.75,90
2026-09-23 08:39:00-04:00,30956.0,30956.0,30958.0,30954.0,30957.0,160
2026-09-23 08:40:00-04:00,30953.0,30953.0,30958.5,30953.0,30956.0,190
2026-09-23 08:41:00-04:00,30951.75,30951.75,30956.5,30950.75,30954.0,117
2026-09-23 08:42:00-04:00,30955.75,30955.75,30961.25,30949.5,30951.25,274
2026-09-23 08:43:00-04:00,30954.25,30954.25,30955.75,30951.25,30955.75,141
2026-09-23 08:44:00-04:00,30949.75,30949.75,30954.25,30948.75,30954.25,165
2026-09-23 08:45:00-04:00,30951.0,30951.0,30955.0,30947.75,30950.75,103
2026-09-23 08:46:00-04:00,30957.0,30957.0,30958.25,30951.75,30951.75,114
2026-09-23 08:47:00-04:00,30963.0,30963.0,30974.25,30956.0,30956.5,431
2026-09-23 08:48:00-04:00,30959.25,30959.25,30964.75,30956.0,30963.75,159
2026-09-23 08:49:00-04:00,30955.25,30955.25,30960.0,30954.5,30958.5,170
2026-09-23 08:50:00-04:00,30955.25,30955.25,30958.5,30955.0,30956.5,93
2026-09-23 08:51:00-04:00,30954.25,30954.25,30956.25,30951.5,30955.0,155
2026-09-23 08:52:00-04:00,30955.25,30955.25,30955.5,30951.5,30953.5,75
2026-09-23 08:53:00-04:00,30956.75,30956.75,30958.5,30953.0,30955.75,77
2026-09-23 08:54:00-04:00,30955.25,30955.25,30960.0,30953.0,30957.25,115
2026-09-23 08:55:00-04:00,30951.0,30951.0,30955.25,30947.75,30955.0,145
2026-09-23 08:56:00-04:00,30960.75,30960.75,30960.75,30951.25,30951.5,202
2026-09-23 08:57:00-04:00,30958.0,30958.0,30961.25,30955.5,30959.5,116
2026-09-23 08:58:00-04:00,30961.75,30961.75,30962.75,30955.0,30958.0,151
2026-09-23 08:59:00-04:00,30968.0,30968.0,30970.75,30961.5,30962.0,217
2026-09-23 09:00:00-04:00,30961.25,30961.25,30970.75,30957.25,30968.0,402
2026-09-23 09:01:00-04:00,30956.0,30956.0,30961.0,30954.0,30960.75,247
2026-09-23 09:02:00-04:00,30950.25,30950.25,30958.25,30950.0,30955.75,147
2026-09-23 09:03:00-04:00,30954.0,30954.0,30956.25,30949.25,30951.5,164
2026-09-23 09:04:00-04:00,30952.5,30952.5,30956.0,30949.5,30953.0,165
2026-09-23 09:05:00-04:00,30953.75,30953.75,30955.25,30951.5,30952.75,90
2026-09-23 09:06:00-04:00,30953.0,30953.0,30955.5,30950.0,30953.25,190
2026-09-23 09:07:00-04:00,30944.5,30944.5,30953.5,30944.0,30953.5,225
2026-09-23 09:08:00-04:00,30949.75,30949.75,30950.25,30944.0,30944.0,139
2026-09-23 09:09:00-04:00,30948.5,30948.5,30951.5,30945.25,30950.0,111
2026-09-23 09:10:00-04:00,30950.0,30950.0,30953.5,30947.25,30948.75,172
2026-09-23 09:11:00-04:00,30954.25,30954.25,30956.5,30948.0,30950.0,152
2026-09-23 09:12:00-04:00,30959.0,30959.0,30960.0,30955.25,30955.75,181
2026-09-23 09:13:00-04:00,30962.5,30962.5,30965.75,30958.25,30959.25,266
2026-09-23 09:14:00-04:00,30962.75,30962.75,30964.25,30960.75,30962.25,112
2026-09-23 09:15:00-04:00,30967.25,30967.25,30968.0,30961.25,30962.5,266
2026-09-23 09:16:00-04:00,30969.5,30969.5,30970.5,30965.75,30967.5,333
2026-09-23 09:17:00-04:00,30972.5,30972.5,30973.0,30964.75,30970.0,322
2026-09-23 09:18:00-04:00,30967.0,30967.0,30973.75,30966.5,30972.75,242
2026-09-23 09:19:00-04:00,30968.0,30968.0,30968.25,30964.5,30968.0,161
2026-09-23 09:20:00-04:00,30971.25,30971.25,30973.0,30968.25,30968.5,201
2026-09-23 09:21:00-04:00,30969.0,30969.0,30974.5,30968.75,30971.25,191
2026-09-23 09:22:00-04:00,30969.0,30969.0,30971.25,30966.5,30968.75,238
2026-09-23 09:23:00-04:00,30973.25,30973.25,30974.75,30969.25,30969.25,155
2026-09-23 09:24:00-04:00,30971.25,30971.25,30979.5,30967.25,30974.25,595
2026-09-23 09:25:00-04:00,30987.5,30987.5,30989.5,30968.0,30971.0,899
2026-09-23 09:26:00-04:00,30988.75,30988.75,30990.25,30984.75,30987.75,477
2026-09-23 09:27:00-04:00,30993.25,30993.25,30997.75,30986.0,30988.75,774
2026-09-23 09:28:00-04:00,30995.25,30995.25,30999.25,30986.25,30993.5,937
2026-09-23 09:29:00-04:00,31006.0,31006.0,31007.25,30989.75,30995.5,929
2026-09-23 09:30:00-04:00,30965.25,30965.25,31013.0,30961.0,31005.5,6068
2026-09-23 09:31:00-04:00,30944.0,30944.0,30970.75,30940.75,30965.75,3275
2026-09-23 09:32:00-04:00,30939.0,30939.0,30948.0,30927.25,30942.75,2912
2026-09-23 09:33:00-04:00,30951.75,30951.75,30952.0,30934.25,30938.25,1780
2026-09-23 09:34:00-04:00,30926.5,30926.5,30954.0,30926.25,30951.0,1918
2026-09-23 09:35:00-04:00,30934.75,30934.75,30956.75,30922.25,30926.5,3011
2026-09-23 09:36:00-04:00,30938.75,30938.75,30940.75,30922.75,30934.25,1889
2026-09-23 09:37:00-04:00,30923.25,30923.25,30939.75,30914.75,30939.25,2002
2026-09-23 09:38:00-04:00,30902.0,30902.0,30926.5,30902.0,30923.75,2561
2026-09-23 09:39:00-04:00,30914.25,30914.25,30923.0,30902.25,30903.5,1718
2026-09-23 09:40:00-04:00,30912.25,30912.25,30924.75,30906.25,30914.75,1929
2026-09-23 09:41:00-04:00,30912.0,30912.0,30925.0,30905.75,30913.0,1596
2026-09-23 09:42:00-04:00,30910.75,30910.75,30921.0,30904.75,30911.5,1222
2026-09-23 09:43:00-04:00,30914.25,30914.25,30923.75,30909.75,30910.5,1243
2026-09-23 09:44:00-04:00,30910.0,30910.0,30924.0,30910.0,30914.25,862
2026-09-23 09:45:00-04:00,30903.0,30903.0,30922.25,30900.0,30910.0,1934
2026-09-23 09:46:00-04:00,30878.0,30878.0,30902.5,30875.75,30902.0,3169
2026-09-23 09:47:00-04:00,30886.25,30886.25,30891.5,30860.75,30878.0,3620
2026-09-23 09:48:00-04:00,30880.25,30880.25,30894.0,30875.75,30885.5,1631
2026-09-23 09:49:00-04:00,30879.75,30879.75,30881.0,30871.25,30880.5,1756
2026-09-23 09:50:00-04:00,30872.0,30872.0,30888.25,30867.25,30879.5,1762
2026-09-23 09:51:00-04:00,30859.0,30859.0,30872.75,30854.5,30872.0,1740
2026-09-23 09:52:00-04:00,30851.5,30851.5,30860.0,30842.0,30858.0,2633
2026-09-23 09:53:00-04:00,30865.25,30865.25,30880.0,30847.0,30852.0,2253
2026-09-23 09:54:00-04:00,30849.25,30849.25,30867.5,30846.0,30865.5,1662
2026-09-23 09:55:00-04:00,30839.75,30839.75,30854.0,30833.5,30849.0,1863
2026-09-23 09:56:00-04:00,30839.25,30839.25,30849.75,30832.75,30839.25,1642
2026-09-23 09:57:00-04:00,30850.0,30850.0,30854.5,30838.75,30839.25,1337
2026-09-23 09:58:00-04:00,30855.0,30855.0,30862.75,30848.5,30850.0,1479
2026-09-23 09:59:00-04:00,30846.0,30846.0,30859.25,30835.75,30855.25,1344
2026-09-23 10:00:00-04:00,30867.5,30867.5,30871.0,30843.0,30846.75,2371
2026-09-23 10:01:00-04:00,30856.0,30856.0,30871.0,30850.75,30867.5,1497
2026-09-23 10:02:00-04:00,30827.0,30827.0,30856.75,30825.25,30855.25,2356
2026-09-23 10:03:00-04:00,30825.75,30825.75,30832.25,30821.25,30827.0,1721
2026-09-23 10:04:00-04:00,30831.25,30831.25,30835.25,30818.5,30825.5,1780
2026-09-23 10:05:00-04:00,30818.5,30818.5,30841.75,30817.25,30831.75,1574
2026-09-23 10:06:00-04:00,30810.75,30810.75,30823.75,30808.25,30818.25,1692
2026-09-23 10:07:00-04:00,30783.0,30783.0,30811.0,30783.0,30811.0,2540
2026-09-23 10:08:00-04:00,30779.5,30779.5,30794.0,30777.75,30783.25,2019
2026-09-23 10:09:00-04:00,30769.0,30769.0,30783.25,30766.25,30779.5,1958
2026-09-23 10:10:00-04:00,30749.25,30749.25,30773.0,30740.0,30769.0,3355
2026-09-23 10:11:00-04:00,30736.0,30736.0,30749.0,30717.75,30749.0,3330
2026-09-23 10:12:00-04:00,30721.0,30721.0,30746.25,30720.25,30736.0,2320
2026-09-23 10:13:00-04:00,30717.25,30717.25,30727.0,30704.0,30721.0,3568
2026-09-23 10:14:00-04:00,30718.25,30718.25,30728.5,30708.0,30717.25,2240
2026-09-23 10:15:00-04:00,30740.25,30740.25,30740.25,30706.75,30719.25,3042
2026-09-23 10:16:00-04:00,30726.5,30726.5,30742.5,30716.25,30740.25,1990
2026-09-23 10:17:00-04:00,30691.75,30691.75,30729.5,30687.0,30726.75,3496
2026-09-23 10:18:00-04:00,30685.75,30685.75,30697.25,30678.25,30692.0,2200
2026-09-23 10:19:00-04:00,30672.25,30672.25,30691.25,30670.75,30686.0,2089
2026-09-23 10:20:00-04:00,30692.5,30692.5,30700.5,30661.5,30672.75,3484
2026-09-23 10:21:00-04:00,30666.0,30666.0,30693.5,30662.75,30692.75,2294
2026-09-23 10:22:00-04:00,30650.0,30650.0,30668.5,30645.0,30667.25,3051
2026-09-23 10:23:00-04:00,30662.75,30662.75,30667.5,30645.0,30650.5,2367
2026-09-23 10:24:00-04:00,30673.5,30673.5,30674.5,30652.5,30663.0,1774
2026-09-23 10:25:00-04:00,30670.75,30670.75,30695.25,30666.5,30673.5,3344
2026-09-23 10:26:00-04:00,30649.5,30649.5,30676.0,30642.75,30670.5,2627
2026-09-23 10:27:00-04:00,30667.25,30667.25,30672.0,30647.75,30649.75,1897
2026-09-23 10:28:00-04:00,30682.0,30682.0,30686.25,30665.75,30667.5,1520
2026-09-23 10:29:00-04:00,30678.75,30678.75,30693.0,30674.25,30681.75,1877
2026-09-23 10:30:00-04:00,30682.75,30682.75,30697.5,30677.75,30678.75,2428
2026-09-23 10:31:00-04:00,30676.25,30676.25,30687.25,30657.75,30682.5,1887
2026-09-23 10:32:00-04:00,30698.75,30698.75,30705.75,30673.5,30676.75,2027
2026-09-23 10:33:00-04:00,30707.25,30707.25,30714.25,30694.75,30699.0,1764
2026-09-23 10:34:00-04:00,30720.25,30720.25,30724.25,30703.25,30708.0,1607
2026-09-23 10:35:00-04:00,30731.25,30731.25,30738.75,30718.5,30720.5,2217
2026-09-23 10:36:00-04:00,30724.5,30724.5,30732.5,30718.25,30731.5,1444
2026-09-23 10:37:00-04:00,30715.25,30715.25,30737.75,30707.75,30724.5,2176
2026-09-23 10:38:00-04:00,30695.5,30695.5,30716.0,30692.5,30714.75,1667
2026-09-23 10:39:00-04:00,30697.25,30697.25,30703.25,30687.0,30695.75,1400
2026-09-23 10:40:00-04:00,30709.0,30709.0,30710.5,30689.5,30697.5,1543
2026-09-23 10:41:00-04:00,30702.75,30702.75,30717.5,30700.0,30708.75,1100
2026-09-23 10:42:00-04:00,30701.25,30701.25,30708.0,30694.75,30703.5,826
2026-09-23 10:43:00-04:00,30706.25,30706.25,30709.25,30691.75,30701.5,863
2026-09-23 10:44:00-04:00,30718.75,30718.75,30722.75,30704.25,30706.75,1201
2026-09-23 10:45:00-04:00,30731.25,30731.25,30739.5,30720.0,30720.0,1418
2026-09-23 10:46:00-04:00,30731.75,30731.75,30738.75,30719.25,30731.25,1287
2026-09-23 10:47:00-04:00,30722.75,30722.75,30738.5,30722.25,30732.75,1070
2026-09-23 10:48:00-04:00,30728.5,30728.5,30737.75,30722.75,30725.25,971
2026-09-23 10:49:00-04:00,30732.75,30732.75,30738.75,30726.5,30728.75,762
2026-09-23 10:50:00-04:00,30716.25,30716.25,30739.25,30714.5,30732.5,1139
2026-09-23 10:51:00-04:00,30747.0,30747.0,30768.0,30713.25,30716.5,3596
2026-09-23 10:52:00-04:00,30763.0,30763.0,30764.5,30740.5,30747.5,2027
2026-09-23 10:53:00-04:00,30817.0,30817.0,30819.75,30764.25,30764.25,4467
2026-09-23 10:54:00-04:00,30812.75,30812.75,30825.25,30799.25,30817.25,3037
2026-09-23 10:55:00-04:00,30813.5,30813.5,30824.0,30780.5,30812.75,3199
2026-09-23 10:56:00-04:00,30809.75,30809.75,30817.5,30808.0,30814.25,1122
2026-09-23 10:57:00-04:00,30819.5,30819.5,30824.5,30800.75,30810.25,1883
2026-09-23 10:58:00-04:00,30812.75,30812.75,30820.75,30810.75,30820.0,907
2026-09-23 10:59:00-04:00,30822.5,30822.5,30826.25,30811.5,30812.5,951
2026-09-23 11:00:00-04:00,30814.0,30814.0,30824.75,30803.75,30823.25,1671
2026-09-23 11:01:00-04:00,30816.0,30816.0,30827.75,30812.25,30813.5,1500
2026-09-23 11:02:00-04:00,30806.5,30806.5,30820.5,30804.75,30816.5,1139
2026-09-23 11:03:00-04:00,30804.5,30804.5,30810.0,30793.75,30806.0,1448
2026-09-23 11:04:00-04:00,30803.5,30803.5,30806.75,30794.75,30804.25,784
2026-09-23 11:05:00-04:00,30795.5,30795.5,30805.5,30793.0,30803.5,859
2026-09-23 11:06:00-04:00,30795.25,30795.25,30802.75,30790.5,30795.5,886
2026-09-23 11:07:00-04:00,30804.75,30804.75,30811.5,30795.0,30796.25,825
2026-09-23 11:08:00-04:00,30812.25,30812.25,30814.0,30804.5,30804.75,567
2026-09-23 11:09:00-04:00,30803.0,30803.0,30812.0,30803.0,30811.75,492
2026-09-23 11:10:00-04:00,30799.5,30799.5,30805.25,30795.75,30803.75,704
2026-09-23 11:11:00-04:00,30792.25,30792.25,30802.25,30787.0,30799.25,756
2026-09-23 11:12:00-04:00,30800.5,30800.5,30801.5,30784.25,30793.0,1097
2026-09-23 11:13:00-04:00,30788.25,30788.25,30800.75,30782.5,30800.5,1169
2026-09-23 11:14:00-04:00,30787.5,30787.5,30792.5,30784.25,30788.75,789
2026-09-23 11:15:00-04:00,30794.5,30794.5,30800.25,30787.75,30788.25,793
2026-09-23 11:16:00-04:00,30785.25,30785.25,30797.75,30779.5,30794.25,883
2026-09-23 11:17:00-04:00,30768.0,30768.0,30785.25,30755.0,30785.25,1853
2026-09-23 11:18:00-04:00,30772.0,30772.0,30776.75,30766.25,30768.0,780
2026-09-23 11:19:00-04:00,30785.25,30785.25,30792.0,30771.75,30772.0,966
2026-09-23 11:20:00-04:00,30783.25,30783.25,30791.0,30780.5,30785.75,826
2026-09-23 11:21:00-04:00,30799.75,30799.75,30802.25,30779.5,30783.5,1223
2026-09-23 11:22:00-04:00,30812.5,30812.5,30817.75,30799.75,30800.0,1556
2026-09-23 11:23:00-04:00,30809.75,30809.75,30816.25,30804.0,30813.0,883
2026-09-23 11:24:00-04:00,30808.75,30808.75,30814.0,30802.75,30809.75,622
2026-09-23 11:25:00-04:00,30812.25,30812.25,30814.5,30803.75,30807.5,678
2026-09-23 11:26:00-04:00,30809.5,30809.5,30817.5,30802.25,30812.75,834
2026-09-23 11:27:00-04:00,30803.5,30803.5,30810.25,30797.5,30809.75,790
2026-09-23 11:28:00-04:00,30779.75,30779.75,30803.25,30778.0,30803.25,1356
2026-09-23 11:29:00-04:00,30773.25,30773.25,30781.0,30768.75,30780.75,1224
2026-09-23 11:30:00-04:00,30770.0,30770.0,30774.0,30764.0,30772.75,1373
2026-09-23 11:31:00-04:00,30773.5,30773.5,30780.25,30766.75,30770.0,948
2026-09-23 11:32:00-04:00,30767.25,30767.25,30780.0,30765.5,30774.5,754
2026-09-23 11:33:00-04:00,30773.5,30773.5,30777.5,30764.25,30767.75,828
2026-09-23 11:34:00-04:00,30769.75,30769.75,30782.25,30769.75,30773.5,642
2026-09-23 11:35:00-04:00,30773.25,30773.25,30778.0,30760.0,30769.75,895
2026-09-23 11:36:00-04:00,30763.5,30763.5,30777.0,30761.5,30773.25,824
2026-09-23 11:37:00-04:00,30765.75,30765.75,30766.5,30758.0,30762.75,481
2026-09-23 11:38:00-04:00,30768.75,30768.75,30774.0,30765.0,30765.5,499
2026-09-23 11:39:00-04:00,30766.25,30766.25,30777.0,30760.75,30769.0,510
2026-09-23 11:40:00-04:00,30763.25,30763.25,30766.0,30759.75,30766.0,429
2026-09-23 11:41:00-04:00,30756.75,30756.75,30765.75,30754.0,30763.25,635
2026-09-23 11:42:00-04:00,30767.75,30767.75,30768.0,30756.5,30756.75,579
2026-09-23 11:43:00-04:00,30779.0,30779.0,30779.75,30761.5,30768.25,866
2026-09-23 11:44:00-04:00,30780.25,30780.25,30784.0,30773.75,30778.75,886
2026-09-23 11:45:00-04:00,30779.25,30779.25,30786.0,30775.0,30781.25,846
2026-09-23 11:46:00-04:00,30777.0,30777.0,30783.5,30772.5,30779.5,676
2026-09-23 11:47:00-04:00,30756.5,30756.5,30777.5,30749.75,30777.0,1256
2026-09-23 11:48:00-04:00,30741.0,30741.0,30762.75,30735.0,30756.5,2304
2026-09-23 11:49:00-04:00,30739.75,30739.75,30744.5,30732.25,30740.5,1436
2026-09-23 11:50:00-04:00,30741.5,30741.5,30745.25,30735.75,30740.25,941
2026-09-23 11:51:00-04:00,30729.25,30729.25,30742.25,30723.25,30741.25,1296
2026-09-23 11:52:00-04:00,30736.0,30736.0,30749.25,30727.75,30729.0,1000
2026-09-23 11:53:00-04:00,30741.0,30741.0,30741.0,30727.75,30737.0,580
2026-09-23 11:54:00-04:00,30753.0,30753.0,30754.0,30739.0,30740.0,687
2026-09-23 11:55:00-04:00,30748.5,30748.5,30757.25,30748.0,30753.5,713
2026-09-23 11:56:00-04:00,30741.25,30741.25,30749.75,30737.5,30748.75,877
2026-09-23 11:57:00-04:00,30738.25,30738.25,30743.25,30737.0,30741.5,454
2026-09-23 11:58:00-04:00,30741.75,30741.75,30747.5,30738.25,30738.75,552
2026-09-23 11:59:00-04:00,30746.5,30746.5,30748.25,30738.5,30741.75,449
2026-09-23 12:00:00-04:00,30736.75,30736.75,30748.0,30736.25,30747.0,673
2026-09-23 12:01:00-04:00,30733.5,30733.5,30739.75,30729.0,30737.75,647
2026-09-23 12:02:00-04:00,30732.0,30732.0,30737.25,30731.0,30733.75,326
2026-09-23 12:03:00-04:00,30735.0,30735.0,30735.0,30726.75,30733.0,524
2026-09-23 12:04:00-04:00,30740.75,30740.75,30744.5,30732.25,30735.0,485
2026-09-23 12:05:00-04:00,30736.25,30736.25,30740.5,30733.0,30740.25,377
2026-09-23 12:06:00-04:00,30732.5,30732.5,30744.75,30730.25,30736.0,497
2026-09-23 12:07:00-04:00,30741.25,30741.25,30745.25,30731.75,30732.5,442
2026-09-23 12:08:00-04:00,30746.75,30746.75,30751.0,30741.25,30741.25,921
2026-09-23 12:09:00-04:00,30745.25,30745.25,30748.75,30740.75,30746.25,378
2026-09-23 12:10:00-04:00,30745.0,30745.0,30748.5,30740.0,30745.25,308
2026-09-23 12:11:00-04:00,30744.0,30744.0,30744.5,30738.5,30743.5,319
2026-09-23 12:12:00-04:00,30744.75,30744.75,30751.0,30740.75,30744.0,446
2026-09-23 12:13:00-04:00,30744.25,30744.25,30745.0,30739.75,30744.5,228
2026-09-23 12:14:00-04:00,30744.75,30744.75,30747.25,30737.5,30743.25,357
2026-09-23 12:15:00-04:00,30752.75,30752.75,30754.75,30740.0,30744.25,669
2026-09-23 12:16:00-04:00,30743.0,30743.0,30756.25,30742.0,30752.25,698
2026-09-23 12:17:00-04:00,30738.5,30738.5,30744.5,30733.25,30742.5,747
2026-09-23 12:18:00-04:00,30734.25,30734.25,30740.25,30729.0,30738.5,637
2026-09-23 12:19:00-04:00,30738.0,30738.0,30738.5,30726.0,30734.25,615
2026-09-23 12:20:00-04:00,30725.5,30725.5,30738.0,30719.75,30737.5,899
2026-09-23 12:21:00-04:00,30721.5,30721.5,30726.25,30718.5,30726.25,508
2026-09-23 12:22:00-04:00,30727.0,30727.0,30728.25,30715.5,30721.0,528
2026-09-23 12:23:00-04:00,30724.5,30724.5,30729.25,30720.5,30727.0,653
2026-09-23 12:24:00-04:00,30725.5,30725.5,30730.75,30718.5,30724.0,473
2026-09-23 12:25:00-04:00,30735.0,30735.0,30735.5,30724.5,30726.25,450
2026-09-23 12:26:00-04:00,30721.0,30721.0,30735.0,30718.75,30735.0,486
2026-09-23 12:27:00-04:00,30725.25,30725.25,30727.75,30720.75,30721.75,360
2026-09-23 12:28:00-04:00,30725.0,30725.0,30726.75,30719.5,30725.75,313
2026-09-23 12:29:00-04:00,30723.5,30723.5,30728.25,30721.75,30725.25,301
2026-09-23 12:30:00-04:00,30740.75,30740.75,30742.0,30723.75,30723.75,705
2026-09-23 12:31:00-04:00,30745.5,30745.5,30746.5,30736.25,30741.25,643
2026-09-23 12:32:00-04:00,30745.5,30745.5,30751.5,30742.25,30744.75,755
2026-09-23 12:33:00-04:00,30744.25,30744.25,30748.25,30740.25,30745.5,550
2026-09-23 12:34:00-04:00,30741.5,30741.5,30745.0,30738.5,30744.75,365
2026-09-23 12:35:00-04:00,30739.5,30739.5,30748.75,30736.75,30742.0,640
2026-09-23 12:36:00-04:00,30745.0,30745.0,30746.25,30740.0,30740.5,376
2026-09-23 12:37:00-04:00,30736.25,30736.25,30746.0,30733.75,30745.25,546
2026-09-23 12:38:00-04:00,30733.0,30733.0,30739.5,30730.75,30736.25,364
2026-09-23 12:39:00-04:00,30727.75,30727.75,30733.25,30725.0,30733.25,550
2026-09-23 12:40:00-04:00,30717.25,30717.25,30729.25,30717.25,30728.0,656
2026-09-23 12:41:00-04:00,30713.5,30713.5,30718.0,30708.75,30717.25,1054
2026-09-23 12:42:00-04:00,30707.75,30707.75,30718.25,30707.5,30713.25,678
2026-09-23 12:43:00-04:00,30707.0,30707.0,30710.25,30705.0,30708.5,682
2026-09-23 12:44:00-04:00,30695.25,30695.25,30708.25,30695.25,30706.75,1190
2026-09-23 12:45:00-04:00,30700.5,30700.5,30707.5,30687.75,30695.0,2020
2026-09-23 12:46:00-04:00,30710.25,30710.25,30712.0,30698.75,30700.5,1421
2026-09-23 12:47:00-04:00,30709.5,30709.5,30721.0,30708.0,30710.75,1002
2026-09-23 12:48:00-04:00,30707.5,30707.5,30709.0,30701.75,30709.0,522
2026-09-23 12:49:00-04:00,30695.5,30695.5,30708.25,30690.5,30707.75,673
2026-09-23 12:50:00-04:00,30681.75,30681.75,30695.5,30677.25,30695.5,1486
2026-09-23 12:51:00-04:00,30674.25,30674.25,30682.5,30667.75,30681.5,1520
2026-09-23 12:52:00-04:00,30680.25,30680.25,30686.75,30672.25,30675.75,997
2026-09-23 12:53:00-04:00,30676.75,30676.75,30681.5,30670.75,30680.5,869
2026-09-23 12:54:00-04:00,30671.5,30671.5,30681.25,30671.25,30676.0,578
2026-09-23 12:55:00-04:00,30679.25,30679.25,30685.25,30668.25,30671.75,831
2026-09-23 12:56:00-04:00,30683.75,30683.75,30685.25,30673.75,30679.25,586
2026-09-23 12:57:00-04:00,30676.0,30676.0,30693.0,30674.75,30684.25,930
2026-09-23 12:58:00-04:00,30688.0,30688.0,30690.0,30673.25,30676.5,758
2026-09-23 12:59:00-04:00,30686.75,30686.75,30696.0,30686.75,30687.75,580
2026-09-23 13:00:00-04:00,30700.0,30700.0,30702.0,30686.25,30687.5,1175
2026-09-23 13:01:00-04:00,30704.5,30704.5,30709.25,30696.25,30700.5,929
2026-09-23 13:02:00-04:00,30662.0,30662.0,30704.75,30659.75,30703.75,2594
2026-09-23 13:03:00-04:00,30652.5,30652.5,30672.0,30648.75,30661.75,1562
2026-09-23 13:04:00-04:00,30658.5,30658.5,30661.0,30646.5,30652.5,1120
2026-09-23 13:05:00-04:00,30667.5,30667.5,30674.25,30657.25,30659.0,1122
2026-09-23 13:06:00-04:00,30662.5,30662.5,30671.25,30653.25,30666.5,858
2026-09-23 13:07:00-04:00,30660.0,30660.0,30669.0,30658.75,30663.25,534
2026-09-23 13:08:00-04:00,30668.0,30668.0,30669.75,30658.75,30660.0,598
2026-09-23 13:09:00-04:00,30676.5,30676.5,30682.0,30664.0,30669.25,821
2026-09-23 13:10:00-04:00,30666.25,30666.25,30679.25,30663.25,30676.5,830
2026-09-23 13:11:00-04:00,30657.0,30657.0,30677.75,30656.5,30666.5,804
2026-09-23 13:12:00-04:00,30663.5,30663.5,30665.5,30656.25,30657.25,819
2026-09-23 13:13:00-04:00,30667.0,30667.0,30668.25,30657.5,30663.5,663
2026-09-23 13:14:00-04:00,30670.75,30670.75,30673.75,30662.75,30667.25,559
2026-09-23 13:15:00-04:00,30684.25,30684.25,30686.5,30665.5,30669.75,868
2026-09-23 13:16:00-04:00,30684.25,30684.25,30687.0,30677.25,30684.5,678
2026-09-23 13:17:00-04:00,30694.75,30694.75,30699.25,30680.25,30684.25,832
2026-09-23 13:18:00-04:00,30704.5,30704.5,30705.75,30694.25,30695.0,927
2026-09-23 13:19:00-04:00,30722.25,30722.25,30724.75,30703.0,30705.25,1340
2026-09-23 13:20:00-04:00,30715.5,30715.5,30724.75,30712.5,30723.0,952
2026-09-23 13:21:00-04:00,30708.0,30708.0,30721.0,30706.25,30716.75,822
2026-09-23 13:22:00-04:00,30717.0,30717.0,30722.5,30706.0,30708.5,655
2026-09-23 13:23:00-04:00,30704.25,30704.25,30720.25,30702.0,30716.75,716
2026-09-23 13:24:00-04:00,30681.5,30681.5,30703.75,30681.5,30703.5,1090
2026-09-23 13:25:00-04:00,30687.0,30687.0,30691.0,30677.5,30681.5,881
2026-09-23 13:26:00-04:00,30688.5,30688.5,30691.0,30678.5,30687.5,574
2026-09-23 13:27:00-04:00,30683.25,30683.25,30688.5,30681.5,30688.5,343
2026-09-23 13:28:00-04:00,30681.75,30681.75,30688.25,30679.25,30683.75,587
2026-09-23 13:29:00-04:00,30681.75,30681.75,30685.25,30676.0,30682.0,535
2026-09-23 13:30:00-04:00,30680.0,30680.0,30682.0,30671.25,30682.0,761
2026-09-23 13:31:00-04:00,30689.0,30689.0,30689.25,30673.5,30679.5,804
2026-09-23 13:32:00-04:00,30688.75,30688.75,30690.0,30673.75,30688.5,622
2026-09-23 13:33:00-04:00,30699.25,30699.25,30704.75,30684.25,30688.75,890
2026-09-23 13:34:00-04:00,30700.5,30700.5,30702.75,30697.0,30699.25,521
2026-09-23 13:35:00-04:00,30690.5,30690.5,30701.0,30689.25,30700.0,546
2026-09-23 13:36:00-04:00,30695.0,30695.0,30696.0,30686.25,30689.75,496
2026-09-23 13:37:00-04:00,30702.0,30702.0,30705.75,30694.0,30695.5,547
2026-09-23 13:38:00-04:00,30700.5,30700.5,30705.75,30697.25,30702.0,375
2026-09-23 13:39:00-04:00,30696.0,30696.0,30703.5,30692.0,30700.75,503
2026-09-23 13:40:00-04:00,30700.0,30700.0,30714.75,30685.25,30696.25,1934
2026-09-23 13:41:00-04:00,30712.25,30712.25,30721.25,30694.75,30700.5,1302
2026-09-23 13:42:00-04:00,30730.75,30730.75,30732.5,30711.0,30712.75,1249
2026-09-23 13:43:00-04:00,30752.75,30752.75,30756.25,30731.0,30731.0,1708
2026-09-23 13:44:00-04:00,30748.5,30748.5,30756.25,30744.75,30753.0,925
2026-09-23 13:45:00-04:00,30751.75,30751.75,30754.5,30741.5,30748.25,1126
2026-09-23 13:46:00-04:00,30751.0,30751.0,30764.25,30750.25,30751.75,1105
2026-09-23 13:47:00-04:00,30747.25,30747.25,30755.0,30744.0,30751.0,784
2026-09-23 13:48:00-04:00,30745.75,30745.75,30748.5,30736.25,30747.25,1022
2026-09-23 13:49:00-04:00,30750.5,30750.5,30753.25,30744.0,30745.75,538
2026-09-23 13:50:00-04:00,30752.25,30752.25,30758.25,30746.75,30750.5,524
2026-09-23 13:51:00-04:00,30750.0,30750.0,30755.5,30747.0,30752.25,418
2026-09-23 13:52:00-04:00,30753.5,30753.5,30754.25,30746.0,30750.5,336
2026-09-23 13:53:00-04:00,30748.75,30748.75,30759.5,30746.0,30753.75,501
2026-09-23 13:54:00-04:00,30752.5,30752.5,30757.25,30740.25,30748.5,673
2026-09-23 13:55:00-04:00,30750.0,30750.0,30756.0,30748.5,30752.75,366
2026-09-23 13:56:00-04:00,30753.25,30753.25,30756.75,30748.0,30750.25,383
2026-09-23 13:57:00-04:00,30765.75,30765.75,30766.5,30750.0,30754.0,721
2026-09-23 13:58:00-04:00,30768.75,30768.75,30770.0,30765.25,30765.5,585
2026-09-23 13:59:00-04:00,30771.0,30771.0,30774.5,30766.25,30768.25,748
2026-09-23 14:00:00-04:00,30767.5,30767.5,30772.0,30762.25,30771.0,850
2026-09-23 14:01:00-04:00,30760.75,30760.75,30767.75,30757.25,30767.0,759
2026-09-23 14:02:00-04:00,30752.75,30752.75,30762.25,30750.0,30761.5,857
2026-09-23 14:03:00-04:00,30743.0,30743.0,30752.75,30740.25,30752.75,774
2026-09-23 14:04:00-04:00,30730.25,30730.25,30742.5,30727.75,30742.5,725
2026-09-23 14:05:00-04:00,30737.75,30737.75,30738.0,30725.0,30729.75,796
2026-09-23 14:06:00-04:00,30742.0,30742.0,30748.5,30736.25,30737.75,957
2026-09-23 14:07:00-04:00,30742.75,30742.75,30744.75,30738.5,30741.0,390
2026-09-23 14:08:00-04:00,30742.75,30742.75,30746.5,30740.75,30742.75,377
2026-09-23 14:09:00-04:00,30739.0,30739.0,30743.5,30734.25,30742.0,368
2026-09-23 14:10:00-04:00,30737.0,30737.0,30747.25,30736.5,30739.5,407
2026-09-23 14:11:00-04:00,30740.0,30740.0,30743.75,30737.25,30737.25,385
2026-09-23 14:12:00-04:00,30741.75,30741.75,30742.0,30736.25,30741.0,288
2026-09-23 14:13:00-04:00,30743.25,30743.25,30746.25,30739.0,30741.5,512
2026-09-23 14:14:00-04:00,30745.0,30745.0,30747.25,30740.25,30742.75,314
2026-09-23 14:15:00-04:00,30751.75,30751.75,30753.5,30740.5,30745.5,619
2026-09-23 14:16:00-04:00,30749.25,30749.25,30758.75,30748.0,30751.25,744
2026-09-23 14:17:00-04:00,30758.75,30758.75,30759.25,30748.75,30749.5,655
2026-09-23 14:18:00-04:00,30767.75,30767.75,30768.5,30757.25,30758.5,708
2026-09-23 14:19:00-04:00,30760.0,30760.0,30769.0,30758.0,30767.75,462
2026-09-23 14:20:00-04:00,30758.5,30758.5,30762.5,30755.0,30759.5,501
2026-09-23 14:21:00-04:00,30750.5,30750.5,30759.0,30746.0,30758.5,692
2026-09-23 14:22:00-04:00,30753.0,30753.0,30755.25,30750.25,30751.0,347
2026-09-23 14:23:00-04:00,30756.5,30756.5,30760.0,30746.75,30754.0,469
2026-09-23 14:24:00-04:00,30760.0,30760.0,30761.75,30755.75,30756.5,320
2026-09-23 14:25:00-04:00,30754.5,30754.5,30764.0,30754.0,30760.75,397
2026-09-23 14:26:00-04:00,30755.75,30755.75,30761.0,30754.25,30754.75,332
2026-09-23 14:27:00-04:00,30757.75,30757.75,30765.0,30755.5,30755.5,395
2026-09-23 14:28:00-04:00,30756.0,30756.0,30759.0,30752.5,30757.5,672
2026-09-23 14:29:00-04:00,30755.25,30755.25,30759.5,30750.25,30756.0,304
2026-09-23 14:30:00-04:00,30746.5,30746.5,30758.0,30744.5,30755.0,553
2026-09-23 14:31:00-04:00,30745.75,30745.75,30748.5,30740.5,30746.25,591
2026-09-23 14:32:00-04:00,30749.5,30749.5,30750.0,30742.5,30745.25,301
2026-09-23 14:33:00-04:00,30746.0,30746.0,30750.0,30744.25,30749.5,238
2026-09-23 14:34:00-04:00,30747.5,30747.5,30753.5,30739.25,30746.0,442
2026-09-23 14:35:00-04:00,30751.5,30751.5,30754.5,30747.25,30748.0,294
2026-09-23 14:36:00-04:00,30746.5,30746.5,30753.75,30745.5,30751.0,274
2026-09-23 14:37:00-04:00,30735.75,30735.75,30746.5,30735.0,30746.25,463
2026-09-23 14:38:00-04:00,30732.25,30732.25,30737.25,30727.25,30736.25,778
2026-09-23 14:39:00-04:00,30732.5,30732.5,30736.0,30728.5,30731.5,462
2026-09-23 14:40:00-04:00,30740.0,30740.0,30741.75,30732.25,30733.0,429
2026-09-23 14:41:00-04:00,30736.25,30736.25,30744.25,30733.75,30740.0,406
2026-09-23 14:42:00-04:00,30743.75,30743.75,30745.75,30736.0,30736.5,373
2026-09-23 14:43:00-04:00,30750.0,30750.0,30752.25,30744.5,30744.75,489
2026-09-23 14:44:00-04:00,30747.5,30747.5,30750.75,30745.75,30749.25,371
2026-09-23 14:45:00-04:00,30746.0,30746.0,30748.75,30743.25,30747.75,282
2026-09-23 14:46:00-04:00,30742.5,30742.5,30748.5,30741.0,30745.75,389
2026-09-23 14:47:00-04:00,30745.75,30745.75,30749.25,30742.25,30742.25,283
2026-09-23 14:48:00-04:00,30756.75,30756.75,30757.25,30743.75,30745.75,562
2026-09-23 14:49:00-04:00,30762.0,30762.0,30763.25,30756.0,30757.0,498
2026-09-23 14:50:00-04:00,30757.75,30757.75,30768.5,30756.75,30761.75,792
2026-09-23 14:51:00-04:00,30759.0,30759.0,30760.5,30755.5,30757.75,405
2026-09-23 14:52:00-04:00,30748.5,30748.5,30759.5,30745.5,30758.75,677
2026-09-23 14:53:00-04:00,30754.25,30754.25,30755.0,30746.5,30748.0,354
2026-09-23 14:54:00-04:00,30749.75,30749.75,30753.5,30746.0,30753.25,474
2026-09-23 14:55:00-04:00,30761.25,30761.25,30761.75,30748.0,30749.25,467
2026-09-23 14:56:00-04:00,30762.5,30762.5,30763.5,30759.0,30761.5,434
2026-09-23 14:57:00-04:00,30763.75,30763.75,30764.0,30757.75,30762.5,377
2026-09-23 14:58:00-04:00,30763.75,30763.75,30765.75,30760.75,30764.25,456
2026-09-23 14:59:00-04:00,30762.0,30762.0,30766.75,30760.0,30763.75,383
2026-09-23 15:00:00-04:00,30762.0,30762.0,30763.5,30752.5,30762.25,582
2026-09-23 15:01:00-04:00,30761.25,30761.25,30767.25,30759.25,30762.75,445
2026-09-23 15:02:00-04:00,30758.75,30758.75,30763.5,30755.75,30760.75,333
2026-09-23 15:03:00-04:00,30743.75,30743.75,30759.25,30742.25,30757.5,633
2026-09-23 15:04:00-04:00,30743.75,30743.75,30748.25,30742.5,30743.5,438
2026-09-23 15:05:00-04:00,30749.25,30749.25,30751.0,30741.0,30743.75,519
2026-09-23 15:06:00-04:00,30763.25,30763.25,30763.75,30746.0,30749.0,843
2026-09-23 15:07:00-04:00,30776.0,30776.0,30780.5,30761.5,30763.0,1264
2026-09-23 15:08:00-04:00,30779.25,30779.25,30782.5,30773.5,30775.75,746
2026-09-23 15:09:00-04:00,30769.75,30769.75,30781.0,30765.5,30779.25,806
2026-09-23 15:10:00-04:00,30768.5,30768.5,30774.5,30766.75,30770.5,408
2026-09-23 15:11:00-04:00,30769.75,30769.75,30773.5,30766.25,30768.75,309
2026-09-23 15:12:00-04:00,30760.25,30760.25,30772.25,30757.75,30770.0,550
2026-09-23 15:13:00-04:00,30762.0,30762.0,30762.75,30753.5,30760.75,556
2026-09-23 15:14:00-04:00,30762.75,30762.75,30764.0,30760.0,30762.75,338
2026-09-23 15:15:00-04:00,30748.75,30748.75,30765.5,30748.5,30762.75,526
2026-09-23 15:16:00-04:00,30745.25,30745.25,30749.25,30741.25,30749.0,750
2026-09-23 15:17:00-04:00,30747.75,30747.75,30748.25,30742.5,30745.5,463
2026-09-23 15:18:00-04:00,30755.0,30755.0,30756.0,30746.0,30748.0,425
2026-09-23 15:19:00-04:00,30751.25,30751.25,30757.5,30750.0,30754.5,401
2026-09-23 15:20:00-04:00,30746.75,30746.75,30750.75,30743.5,30750.75,498
2026-09-23 15:21:00-04:00,30747.25,30747.25,30748.75,30741.75,30746.75,452
2026-09-23 15:22:00-04:00,30745.5,30745.5,30748.25,30744.25,30747.25,230
2026-09-23 15:23:00-04:00,30747.0,30747.0,30751.25,30746.25,30746.25,324
2026-09-23 15:24:00-04:00,30749.75,30749.75,30750.25,30744.25,30747.75,328
2026-09-23 15:25:00-04:00,30747.0,30747.0,30757.5,30746.0,30749.5,604
2026-09-23 15:26:00-04:00,30746.25,30746.25,30753.75,30745.0,30747.5,524
2026-09-23 15:27:00-04:00,30751.5,30751.5,30754.75,30744.75,30746.25,427
2026-09-23 15:28:00-04:00,30751.25,30751.25,30755.5,30749.0,30750.25,378
2026-09-23 15:29:00-04:00,30753.75,30753.75,30754.25,30748.0,30751.0,459
2026-09-23 15:30:00-04:00,30753.0,30753.0,30760.25,30747.5,30753.75,1112
2026-09-23 15:31:00-04:00,30754.0,30754.0,30757.25,30749.25,30752.75,396
2026-09-23 15:32:00-04:00,30763.25,30763.25,30766.0,30753.0,30753.75,563
2026-09-23 15:33:00-04:00,30768.5,30768.5,30771.25,30760.5,30763.25,618
2026-09-23 15:34:00-04:00,30772.5,30772.5,30775.25,30768.0,30768.5,491
2026-09-23 15:35:00-04:00,30766.75,30766.75,30772.25,30759.25,30772.25,851
2026-09-23 15:36:00-04:00,30765.75,30765.75,30769.5,30764.0,30766.5,504
2026-09-23 15:37:00-04:00,30764.25,30764.25,30766.75,30758.75,30764.75,553
2026-09-23 15:38:00-04:00,30757.75,30757.75,30765.0,30756.75,30764.75,439
2026-09-23 15:39:00-04:00,30765.5,30765.5,30766.75,30756.75,30757.25,475
2026-09-23 15:40:00-04:00,30764.25,30764.25,30771.25,30763.75,30765.5,474
2026-09-23 15:41:00-04:00,30756.75,30756.75,30765.25,30755.25,30764.5,371
2026-09-23 15:42:00-04:00,30737.5,30737.5,30757.0,30737.0,30755.75,1114
2026-09-23 15:43:00-04:00,30741.25,30741.25,30741.25,30729.25,30737.75,1056
2026-09-23 15:44:00-04:00,30747.25,30747.25,30748.25,30738.25,30741.25,901
2026-09-23 15:45:00-04:00,30751.25,30751.25,30752.5,30743.75,30746.75,855
2026-09-23 15:46:00-04:00,30750.75,30750.75,30752.25,30742.75,30750.75,563
2026-09-23 15:47:00-04:00,30762.75,30762.75,30764.0,30750.5,30751.0,795
2026-09-23 15:48:00-04:00,30762.0,30762.0,30764.25,30757.5,30763.25,639
2026-09-23 15:49:00-04:00,30767.25,30767.25,30767.5,30759.75,30762.25,785
2026-09-23 15:50:00-04:00,30737.0,30737.0,30772.5,30724.5,30767.5,2474
2026-09-23 15:51:00-04:00,30723.5,30723.5,30742.5,30721.25,30736.5,1399
2026-09-23 15:52:00-04:00,30717.25,30717.25,30726.25,30710.0,30723.5,1931
2026-09-23 15:53:00-04:00,30733.5,30733.5,30734.5,30714.5,30717.5,1991
2026-09-23 15:54:00-04:00,30720.75,30720.75,30739.25,30719.25,30733.5,2638
2026-09-23 15:55:00-04:00,30746.25,30746.25,30756.5,30720.5,30720.5,2837
2026-09-23 15:56:00-04:00,30746.5,30746.5,30749.25,30736.5,30746.25,1761
2026-09-23 15:57:00-04:00,30755.75,30755.75,30763.5,30744.5,30746.75,1716
2026-09-23 15:58:00-04:00,30759.0,30759.0,30762.5,30752.75,30755.75,1640
2026-09-23 15:59:00-04:00,30770.5,30770.5,30779.5,30747.25,30758.5,10194
2026-09-23 16:00:00-04:00,30766.25,30766.25,30777.25,30766.25,30770.0,2254
2026-09-23 16:01:00-04:00,30767.25,30767.25,30771.75,30764.5,30766.75,775
2026-09-23 16:02:00-04:00,30766.25,30766.25,30770.0,30763.75,30767.25,563
2026-09-23 16:03:00-04:00,30765.5,30765.5,30769.25,30761.0,30766.0,377
2026-09-23 16:04:00-04:00,30761.75,30761.75,30766.0,30758.5,30765.25,321
2026-09-23 16:05:00-04:00,30760.75,30760.75,30764.0,30756.25,30762.25,351
2026-09-23 16:06:00-04:00,30756.5,30756.5,30761.5,30755.75,30760.75,314
2026-09-23 16:07:00-04:00,30756.75,30756.75,30759.0,30754.25,30756.25,322
2026-09-23 16:08:00-04:00,30756.0,30756.0,30758.75,30754.5,30757.5,222
2026-09-23 16:09:00-04:00,30761.5,30761.5,30763.5,30755.5,30756.25,245
2026-09-23 16:10:00-04:00,30759.5,30759.5,30763.25,30757.0,30761.0,173
2026-09-23 16:11:00-04:00,30760.0,30760.0,30762.5,30758.25,30758.25,130
2026-09-23 16:12:00-04:00,30761.0,30761.0,30764.25,30759.0,30759.75,202
2026-09-23 16:13:00-04:00,30757.75,30757.75,30761.5,30756.25,30761.0,152
2026-09-23 16:14:00-04:00,30753.25,30753.25,30758.25,30751.75,30757.25,234
2026-09-23 16:15:00-04:00,30754.0,30754.0,30754.0,30750.5,30753.0,120
2026-09-23 16:16:00-04:00,30753.25,30753.25,30756.5,30752.25,30754.0,123
2026-09-23 16:17:00-04:00,30757.25,30757.25,30757.75,30753.0,30753.0,68
2026-09-23 16:18:00-04:00,30759.5,30759.5,30760.0,30754.0,30757.75,100
2026-09-23 16:19:00-04:00,30759.75,30759.75,30760.0,30758.5,30759.0,37
2026-09-23 16:20:00-04:00,30759.75,30759.75,30761.5,30758.75,30760.0,54
2026-09-23 16:21:00-04:00,30762.0,30762.0,30763.5,30758.0,30759.5,102
2026-09-23 16:22:00-04:00,30761.5,30761.5,30763.0,30760.5,30762.0,60
2026-09-23 16:23:00-04:00,30762.25,30762.25,30764.75,30760.5,30760.75,58
2026-09-23 16:24:00-04:00,30762.75,30762.75,30763.75,30761.75,30762.5,54
2026-09-23 16:25:00-04:00,30762.25,30762.25,30763.75,30761.5,30763.0,45
2026-09-23 16:26:00-04:00,30763.5,30763.5,30765.0,30760.75,30763.0,61
2026-09-23 16:27:00-04:00,30764.0,30764.0,30765.0,30763.5,30764.0,30
2026-09-23 16:28:00-04:00,30758.5,30758.5,30763.5,30758.0,30763.0,90
2026-09-23 16:29:00-04:00,30764.0,30764.0,30764.0,30758.5,30758.5,46
2026-09-23 16:30:00-04:00,30766.0,30766.0,30766.0,30762.0,30763.25,62
2026-09-23 16:31:00-04:00,30765.75,30765.75,30766.75,30763.5,30765.75,104
2026-09-23 16:32:00-04:00,30765.0,30765.0,30768.75,30764.5,30765.75,109
2026-09-23 16:33:00-04:00,30761.75,30761.75,30764.5,30761.0,30764.5,62
2026-09-23 16:34:00-04:00,30761.0,30761.0,30762.5,30758.5,30761.5,94
2026-09-23 16:35:00-04:00,30760.5,30760.5,30763.0,30760.0,30761.75,55
2026-09-23 16:36:00-04:00,30762.0,30762.0,30762.5,30760.0,30760.25,41
2026-09-23 16:37:00-04:00,30768.25,30768.25,30768.75,30762.25,30762.25,123
2026-09-23 16:38:00-04:00,30770.25,30770.25,30770.5,30767.75,30767.75,62
2026-09-23 16:39:00-04:00,30770.5,30770.5,30773.0,30769.75,30769.75,132
2026-09-23 16:40:00-04:00,30771.75,30771.75,30774.0,30770.25,30770.5,72
2026-09-23 16:41:00-04:00,30771.5,30771.5,30773.75,30769.0,30772.0,163
2026-09-23 16:46:00-04:00,30773.75,30773.75,30774.25,30772.75,30772.75,443
2026-09-23 16:47:00-04:00,30771.75,30771.75,30773.75,30771.0,30773.75,76
2026-09-23 16:48:00-04:00,30768.75,30768.75,30772.0,30768.75,30772.0,30
2026-09-23 16:49:00-04:00,30768.75,30768.75,30772.0,30767.0,30769.0,101
2026-09-23 16:50:00-04:00,30770.75,30770.75,30772.5,30768.5,30768.5,75
2026-09-23 16:51:00-04:00,30772.25,30772.25,30773.0,30770.25,30770.25,24
2026-09-23 16:52:00-04:00,30770.25,30770.25,30771.75,30769.75,30771.75,60
2026-09-23 16:53:00-04:00,30773.25,30773.25,30774.25,30769.5,30770.5,68
2026-09-23 16:54:00-04:00,30773.0,30773.0,30775.0,30772.0,30773.5,85
2026-09-23 16:55:00-04:00,30772.75,30772.75,30775.75,30771.5,30773.5,116
2026-09-23 16:56:00-04:00,30772.5,30772.5,30773.5,30770.25,30772.25,83
2026-09-23 16:57:00-04:00,30773.0,30773.0,30774.0,30771.75,30772.75,36
2026-09-23 16:58:00-04:00,30771.5,30771.5,30774.5,30770.75,30773.5,63
2026-09-23 16:59:00-04:00,30776.0,30776.0,30776.75,30767.75,30771.75,190
2026-09-23 18:00:00-04:00,30800.75,30800.75,30804.75,30779.0,30780.0,0
2026-09-23 18:01:00-04:00,30797.75,30797.75,30807.0,30787.25,30801.25,249
2026-09-23 18:02:00-04:00,30800.5,30800.5,30804.5,30791.75,30798.5,180
2026-09-23 18:03:00-04:00,30798.0,30798.0,30805.0,30795.75,30800.25,132
2026-09-23 18:04:00-04:00,30791.0,30791.0,30798.0,30790.75,30797.25,112
2026-09-23 18:05:00-04:00,30792.75,30792.75,30797.75,30778.0,30791.5,309
2026-09-23 18:06:00-04:00,30803.0,30803.0,30803.75,30787.75,30793.0,163
2026-09-23 18:07:00-04:00,30801.25,30801.25,30808.75,30798.25,30803.25,189
2026-09-23 18:08:00-04:00,30802.25,30802.25,30802.25,30798.0,30800.0,44
2026-09-23 18:09:00-04:00,30805.0,30805.0,30805.0,30797.75,30802.25,80
2026-09-23 18:10:00-04:00,30802.5,30802.5,30807.0,30801.0,30805.0,79
2026-09-23 18:11:00-04:00,30802.0,30802.0,30804.25,30800.5,30803.25,61
2026-09-23 18:12:00-04:00,30803.0,30803.0,30803.0,30799.5,30801.5,42
2026-09-23 18:13:00-04:00,30804.75,30804.75,30805.0,30801.5,30802.75,43
2026-09-23 18:14:00-04:00,30804.25,30804.25,30807.0,30804.0,30804.0,39
2026-09-23 18:15:00-04:00,30810.25,30810.25,30813.0,30807.5,30807.5,177
2026-09-23 18:16:00-04:00,30802.75,30802.75,30811.5,30802.75,30811.25,88
2026-09-23 18:17:00-04:00,30800.25,30800.25,30804.75,30799.5,30803.25,88
2026-09-23 18:18:00-04:00,30798.75,30798.75,30801.5,30797.75,30799.25,46
2026-09-23 18:19:00-04:00,30792.5,30792.5,30800.0,30790.75,30798.75,217
2026-09-23 18:20:00-04:00,30794.5,30794.5,30795.75,30790.25,30792.75,81
2026-09-23 18:21:00-04:00,30787.5,30787.5,30795.75,30786.25,30794.25,108
2026-09-23 18:22:00-04:00,30791.0,30791.0,30792.25,30786.75,30788.5,68
2026-09-23 18:23:00-04:00,30792.0,30792.0,30794.75,30790.25,30791.25,92
2026-09-23 18:24:00-04:00,30792.0,30792.0,30793.5,30791.25,30792.5,23
2026-09-23 18:25:00-04:00,30791.5,30791.5,30793.75,30788.75,30793.75,60
2026-09-23 18:26:00-04:00,30789.5,30789.5,30793.5,30789.25,30792.75,42
2026-09-23 18:27:00-04:00,30790.75,30790.75,30792.0,30786.5,30789.0,49
2026-09-23 18:28:00-04:00,30785.0,30785.0,30790.0,30782.0,30790.0,89
2026-09-23 18:29:00-04:00,30785.25,30785.25,30787.25,30784.0,30785.0,50
2026-09-23 18:30:00-04:00,30783.25,30783.25,30790.25,30780.75,30786.0,164
2026-09-23 18:31:00-04:00,30786.0,30786.0,30786.0,30783.0,30783.25,21
2026-09-23 18:32:00-04:00,30797.5,30797.5,30800.25,30784.75,30786.0,191
2026-09-23 18:33:00-04:00,30793.25,30793.25,30798.25,30792.0,30797.75,59
2026-09-23 18:34:00-04:00,30791.25,30791.25,30792.5,30788.25,30792.5,42
2026-09-23 18:35:00-04:00,30782.0,30782.0,30790.0,30781.25,30789.75,66
2026-09-23 18:36:00-04:00,30782.5,30782.5,30784.0,30780.25,30782.5,45
2026-09-23 18:37:00-04:00,30784.75,30784.75,30785.5,30781.25,30782.0,63
2026-09-23 18:38:00-04:00,30785.5,30785.5,30788.25,30781.75,30783.5,40
2026-09-23 18:39:00-04:00,30787.0,30787.0,30789.25,30785.25,30785.25,29
2026-09-23 18:40:00-04:00,30788.5,30788.5,30790.75,30784.25,30787.0,50
2026-09-23 18:41:00-04:00,30788.0,30788.0,30790.75,30788.0,30789.0,29
2026-09-23 18:42:00-04:00,30796.25,30796.25,30797.0,30788.5,30788.5,149
2026-09-23 18:43:00-04:00,30798.25,30798.25,30799.5,30795.25,30796.5,76
2026-09-23 18:44:00-04:00,30796.25,30796.25,30799.25,30795.75,30797.0,42
2026-09-23 18:45:00-04:00,30794.5,30794.5,30796.25,30793.5,30795.5,52
2026-09-23 18:46:00-04:00,30790.75,30790.75,30795.25,30786.0,30793.75,60
2026-09-23 18:47:00-04:00,30795.75,30795.75,30798.25,30792.25,30792.25,95
2026-09-23 18:48:00-04:00,30795.0,30795.0,30797.5,30795.0,30795.75,19
2026-09-23 18:49:00-04:00,30796.25,30796.25,30798.0,30795.25,30798.0,15
2026-09-23 18:50:00-04:00,30797.5,30797.5,30798.5,30795.75,30796.0,20
2026-09-23 18:51:00-04:00,30798.75,30798.75,30799.0,30796.25,30797.5,28
2026-09-23 18:52:00-04:00,30795.5,30795.5,30801.75,30795.5,30799.0,75
2026-09-23 18:53:00-04:00,30794.75,30794.75,30798.75,30794.5,30797.5,63
2026-09-23 18:54:00-04:00,30795.0,30795.0,30795.0,30791.25,30794.25,55
2026-09-23 18:55:00-04:00,30793.5,30793.5,30797.25,30792.0,30795.75,29
2026-09-23 18:56:00-04:00,30793.75,30793.75,30793.75,30790.5,30793.75,33
2026-09-23 18:57:00-04:00,30793.0,30793.0,30793.0,30792.25,30792.25,6
2026-09-23 18:58:00-04:00,30792.75,30792.75,30793.75,30792.75,30793.75,9
2026-09-23 18:59:00-04:00,30793.75,30793.75,30794.5,30793.25,30794.5,10
2026-09-23 19:00:00-04:00,30794.5,30794.5,30794.75,30791.75,30793.5,46
2026-09-23 19:01:00-04:00,30792.25,30792.25,30796.75,30792.0,30793.75,32
2026-09-23 19:02:00-04:00,30796.5,30796.5,30798.0,30790.25,30791.75,55
2026-09-23 19:03:00-04:00,30796.0,30796.0,30796.5,30795.25,30795.5,16
2026-09-23 19:04:00-04:00,30796.5,30796.5,30798.5,30795.75,30796.0,27
2026-09-23 19:05:00-04:00,30792.75,30792.75,30795.75,30791.0,30795.75,34
2026-09-23 19:06:00-04:00,30793.25,30793.25,30794.0,30793.25,30794.0,8
2026-09-23 19:07:00-04:00,30794.0,30794.0,30794.5,30792.75,30794.5,13
2026-09-23 19:08:00-04:00,30793.5,30793.5,30794.0,30792.0,30793.25,22
2026-09-23 19:09:00-04:00,30795.25,30795.25,30795.25,30793.0,30793.0,11
2026-09-23 19:10:00-04:00,30791.5,30791.5,30794.75,30791.5,30794.5,30
2026-09-23 19:11:00-04:00,30790.5,30790.5,30793.25,30790.5,30792.25,15
2026-09-23 19:12:00-04:00,30790.25,30790.25,30793.5,30789.0,30791.75,47
2026-09-23 19:13:00-04:00,30785.5,30785.5,30790.0,30783.5,30790.0,95
2026-09-23 19:14:00-04:00,30786.75,30786.75,30787.5,30784.75,30785.75,31
2026-09-23 19:15:00-04:00,30791.0,30791.0,30792.0,30785.5,30786.75,95
2026-09-23 19:16:00-04:00,30787.5,30787.5,30791.75,30786.75,30791.25,65
2026-09-23 19:17:00-04:00,30786.25,30786.25,30788.5,30783.0,30788.5,56
2026-09-23 19:18:00-04:00,30784.0,30784.0,30787.0,30783.0,30785.5,60
2026-09-23 19:19:00-04:00,30782.25,30782.25,30785.75,30775.0,30784.75,197
2026-09-23 19:20:00-04:00,30779.5,30779.5,30783.5,30777.5,30782.5,117
2026-09-23 19:21:00-04:00,30772.5,30772.5,30780.25,30770.0,30780.0,189
2026-09-23 19:22:00-04:00,30770.75,30770.75,30774.0,30769.0,30773.0,112
2026-09-23 19:23:00-04:00,30769.75,30769.75,30774.25,30769.0,30773.5,65
2026-09-23 19:24:00-04:00,30771.25,30771.25,30771.75,30769.0,30769.5,98
2026-09-23 19:25:00-04:00,30769.75,30769.75,30773.75,30769.75,30771.75,60
2026-09-23 19:26:00-04:00,30770.5,30770.5,30771.75,30769.0,30769.5,69
2026-09-23 19:27:00-04:00,30769.5,30769.5,30771.75,30762.5,30771.0,364
2026-09-23 19:28:00-04:00,30770.75,30770.75,30772.25,30768.25,30769.5,71
2026-09-23 19:29:00-04:00,30771.25,30771.25,30772.0,30769.0,30771.5,29
2026-09-23 19:30:00-04:00,30772.25,30772.25,30772.5,30769.75,30771.25,23
2026-09-23 19:31:00-04:00,30767.25,30767.25,30771.25,30766.25,30770.25,69
2026-09-23 19:32:00-04:00,30768.75,30768.75,30769.0,30766.75,30766.75,30
2026-09-23 19:33:00-04:00,30767.5,30767.5,30769.25,30767.5,30769.25,9
2026-09-23 19:34:00-04:00,30769.75,30769.75,30770.75,30760.0,30766.75,138
2026-09-23 19:35:00-04:00,30768.0,30768.0,30771.0,30767.5,30767.5,42
2026-09-23 19:36:00-04:00,30765.25,30765.25,30767.75,30763.5,30767.75,27
2026-09-23 19:37:00-04:00,30771.75,30771.75,30772.25,30766.5,30766.5,46
2026-09-23 19:38:00-04:00,30772.0,30772.0,30772.75,30769.5,30771.0,23
2026-09-23 19:39:00-04:00,30771.5,30771.5,30773.5,30771.0,30771.5,30
2026-09-23 19:40:00-04:00,30774.5,30774.5,30776.5,30771.5,30772.5,98
2026-09-23 19:41:00-04:00,30772.25,30772.25,30776.25,30771.5,30774.0,26
2026-09-23 19:42:00-04:00,30763.75,30763.75,30773.75,30763.75,30773.5,133
2026-09-23 19:43:00-04:00,30762.75,30762.75,30765.75,30761.25,30762.75,121
2026-09-23 19:44:00-04:00,30766.25,30766.25,30767.5,30762.5,30763.0,46
2026-09-23 19:45:00-04:00,30760.5,30760.5,30772.0,30755.25,30767.75,258
2026-09-23 19:46:00-04:00,30758.75,30758.75,30760.75,30756.5,30760.0,59
2026-09-23 19:47:00-04:00,30760.25,30760.25,30764.5,30760.0,30760.0,51
2026-09-23 19:48:00-04:00,30762.5,30762.5,30765.0,30760.0,30760.0,53
2026-09-23 19:49:00-04:00,30754.0,30754.0,30762.75,30753.5,30762.75,164
2026-09-23 19:50:00-04:00,30752.25,30752.25,30756.5,30746.0,30753.75,327
2026-09-23 19:51:00-04:00,30757.0,30757.0,30757.0,30750.0,30751.75,79
2026-09-23 19:52:00-04:00,30761.25,30761.25,30768.25,30757.25,30757.5,189
2026-09-23 19:53:00-04:00,30764.25,30764.25,30767.75,30759.75,30761.75,60
2026-09-23 19:54:00-04:00,30765.25,30765.25,30770.75,30763.75,30763.75,94
2026-09-23 19:55:00-04:00,30761.0,30761.0,30766.0,30759.0,30766.0,62
2026-09-23 19:56:00-04:00,30760.5,30760.5,30762.25,30759.0,30761.25,46
2026-09-23 19:57:00-04:00,30759.0,30759.0,30763.75,30753.75,30760.75,111
2026-09-23 19:58:00-04:00,30755.25,30755.25,30759.0,30754.0,30759.0,50
2026-09-23 19:59:00-04:00,30753.5,30753.5,30759.5,30753.0,30757.0,58
2026-09-23 20:00:00-04:00,30755.25,30755.25,30761.0,30751.0,30753.5,112
2026-09-23 20:01:00-04:00,30749.75,30749.75,30755.5,30747.0,30755.25,165
2026-09-23 20:02:00-04:00,30751.5,30751.5,30754.75,30747.25,30747.5,123
2026-09-23 20:03:00-04:00,30752.5,30752.5,30757.5,30748.75,30750.0,142
2026-09-23 20:04:00-04:00,30754.5,30754.5,30757.0,30742.0,30753.0,208
2026-09-23 20:05:00-04:00,30749.25,30749.25,30756.25,30746.5,30755.0,114
2026-09-23 20:06:00-04:00,30747.5,30747.5,30752.0,30746.75,30747.5,87
2026-09-23 20:07:00-04:00,30748.25,30748.25,30752.5,30745.0,30747.5,115
2026-09-23 20:08:00-04:00,30747.0,30747.0,30749.25,30744.0,30748.0,64
2026-09-23 20:09:00-04:00,30744.75,30744.75,30747.5,30742.5,30746.5,174
2026-09-23 20:10:00-04:00,30738.0,30738.0,30744.25,30733.25,30744.0,275
2026-09-23 20:11:00-04:00,30723.75,30723.75,30738.0,30723.75,30738.0,257
2026-09-23 20:12:00-04:00,30732.25,30732.25,30738.75,30720.0,30724.25,350
2026-09-23 20:13:00-04:00,30732.5,30732.5,30735.0,30728.25,30732.0,160
2026-09-23 20:14:00-04:00,30728.5,30728.5,30733.0,30724.0,30732.0,114
2026-09-23 20:15:00-04:00,30733.75,30733.75,30738.25,30725.75,30728.0,216
2026-09-23 20:16:00-04:00,30741.0,30741.0,30744.0,30730.0,30733.5,209
2026-09-23 20:17:00-04:00,30738.75,30738.75,30742.0,30738.25,30741.25,49
2026-09-23 20:18:00-04:00,30740.25,30740.25,30741.5,30735.75,30738.0,71
2026-09-23 20:19:00-04:00,30744.5,30744.5,30746.5,30739.0,30742.0,142
2026-09-23 20:20:00-04:00,30747.25,30747.25,30750.5,30740.5,30744.5,219
2026-09-23 20:21:00-04:00,30739.75,30739.75,30747.75,30739.75,30747.75,101
2026-09-23 20:22:00-04:00,30729.0,30729.0,30741.75,30726.5,30739.5,224
2026-09-23 20:23:00-04:00,30728.25,30728.25,30732.0,30727.0,30729.25,111
2026-09-23 20:24:00-04:00,30734.0,30734.0,30736.0,30726.5,30728.25,62
2026-09-23 20:25:00-04:00,30732.25,30732.25,30737.0,30729.25,30734.75,91
2026-09-23 20:26:00-04:00,30733.25,30733.25,30733.75,30730.5,30732.75,44
2026-09-23 20:27:00-04:00,30731.75,30731.75,30735.25,30731.25,30732.0,44
2026-09-23 20:28:00-04:00,30731.5,30731.5,30733.25,30728.5,30731.0,46
2026-09-23 20:29:00-04:00,30735.0,30735.0,30737.5,30730.25,30732.25,61
2026-09-23 20:30:00-04:00,30736.25,30736.25,30737.5,30729.75,30735.5,73
2026-09-23 20:31:00-04:00,30747.5,30747.5,30749.5,30733.75,30735.0,270
2026-09-23 20:32:00-04:00,30741.25,30741.25,30746.75,30739.0,30746.5,132
2026-09-23 20:33:00-04:00,30743.25,30743.25,30746.5,30739.75,30741.75,71
2026-09-23 20:34:00-04:00,30745.25,30745.25,30745.25,30740.75,30744.0,42
2026-09-23 20:35:00-04:00,30739.0,30739.0,30746.0,30739.0,30746.0,47
2026-09-23 20:36:00-04:00,30739.75,30739.75,30743.75,30738.0,30741.5,49
2026-09-23 20:37:00-04:00,30734.25,30734.25,30739.75,30733.5,30739.75,56
2026-09-23 20:38:00-04:00,30738.0,30738.0,30740.25,30733.75,30735.25,77
2026-09-23 20:39:00-04:00,30735.75,30735.75,30738.75,30735.75,30737.75,23
2026-09-23 20:40:00-04:00,30734.0,30734.0,30735.75,30726.75,30735.75,137
2026-09-23 20:41:00-04:00,30728.75,30728.75,30736.0,30726.0,30733.5,107
2026-09-23 20:42:00-04:00,30727.75,30727.75,30730.0,30725.0,30728.75,106
2026-09-23 20:43:00-04:00,30721.5,30721.5,30728.0,30719.0,30727.5,163
2026-09-23 20:44:00-04:00,30721.75,30721.75,30723.0,30718.5,30721.5,187
2026-09-23 20:45:00-04:00,30718.5,30718.5,30722.25,30712.5,30722.0,248
2026-09-23 20:46:00-04:00,30715.5,30715.5,30721.5,30714.0,30719.0,105
2026-09-23 20:47:00-04:00,30707.0,30707.0,30715.75,30706.75,30715.25,174
2026-09-23 20:48:00-04:00,30707.0,30707.0,30711.75,30705.5,30706.5,211
2026-09-23 20:49:00-04:00,30716.25,30716.25,30717.5,30706.0,30706.25,185
2026-09-23 20:50:00-04:00,30713.0,30713.0,30720.75,30713.0,30715.5,158
2026-09-23 20:51:00-04:00,30710.75,30710.75,30715.75,30710.25,30712.5,98
2026-09-23 20:52:00-04:00,30710.25,30710.25,30713.25,30705.25,30711.5,133
2026-09-23 20:53:00-04:00,30706.5,30706.5,30710.0,30704.5,30710.0,102
2026-09-23 20:54:00-04:00,30707.25,30707.25,30708.5,30704.75,30707.0,68
2026-09-23 20:55:00-04:00,30714.0,30714.0,30715.75,30706.5,30707.75,120
2026-09-23 20:56:00-04:00,30718.75,30718.75,30722.25,30710.0,30714.25,173
2026-09-23 20:57:00-04:00,30724.5,30724.5,30730.5,30719.5,30719.75,217
2026-09-23 20:58:00-04:00,30728.25,30728.25,30729.25,30724.75,30725.75,47
2026-09-23 20:59:00-04:00,30725.25,30725.25,30731.75,30723.5,30728.75,127
2026-09-23 21:00:00-04:00,30733.75,30733.75,30734.0,30723.25,30724.5,177
2026-09-23 21:01:00-04:00,30738.0,30738.0,30740.0,30731.75,30732.75,311
2026-09-23 21:02:00-04:00,30741.0,30741.0,30742.0,30735.75,30739.25,166
2026-09-23 21:03:00-04:00,30741.5,30741.5,30745.0,30736.75,30740.75,250
2026-09-23 21:04:00-04:00,30743.0,30743.0,30743.75,30736.75,30743.0,92
2026-09-23 21:05:00-04:00,30731.0,30731.0,30743.5,30730.0,30742.75,176
2026-09-23 21:06:00-04:00,30745.25,30745.25,30754.25,30731.5,30731.75,305
2026-09-23 21:07:00-04:00,30756.75,30756.75,30758.5,30744.0,30746.0,268
2026-09-23 21:08:00-04:00,30754.25,30754.25,30756.75,30751.0,30756.75,125
2026-09-23 21:09:00-04:00,30750.0,30750.0,30753.0,30749.25,30751.0,54
2026-09-23 21:10:00-04:00,30746.75,30746.75,30749.5,30742.25,30749.5,96
2026-09-23 21:11:00-04:00,30738.75,30738.75,30748.5,30738.75,30746.0,133
2026-09-23 21:12:00-04:00,30747.25,30747.25,30749.25,30737.5,30740.0,87
2026-09-23 21:13:00-04:00,30751.0,30751.0,30753.0,30746.75,30747.75,74
2026-09-23 21:14:00-04:00,30754.25,30754.25,30755.0,30750.25,30750.25,77
2026-09-23 21:15:00-04:00,30747.75,30747.75,30754.25,30744.5,30753.5,90
2026-09-23 21:16:00-04:00,30751.75,30751.75,30752.75,30743.5,30748.0,91
2026-09-23 21:17:00-04:00,30745.5,30745.5,30751.75,30745.0,30751.75,36
2026-09-23 21:18:00-04:00,30747.25,30747.25,30748.0,30742.5,30744.0,54
2026-09-23 21:19:00-04:00,30749.5,30749.5,30752.75,30745.0,30748.0,64
2026-09-23 21:20:00-04:00,30750.5,30750.5,30751.25,30746.5,30747.25,36
2026-09-23 21:21:00-04:00,30745.5,30745.5,30749.5,30744.25,30749.5,48
2026-09-23 21:22:00-04:00,30745.75,30745.75,30750.25,30742.5,30744.75,130
2026-09-23 21:23:00-04:00,30744.75,30744.75,30747.0,30743.0,30745.0,54
2026-09-23 21:24:00-04:00,30743.0,30743.0,30747.75,30741.25,30745.5,72
2026-09-23 21:25:00-04:00,30740.75,30740.75,30743.25,30734.75,30743.0,228
2026-09-23 21:26:00-04:00,30744.25,30744.25,30745.75,30739.25,30741.25,92
2026-09-23 21:27:00-04:00,30739.0,30739.0,30746.0,30737.5,30743.75,64
2026-09-23 21:28:00-04:00,30734.5,30734.5,30738.75,30734.0,30738.75,69
2026-09-23 21:29:00-04:00,30737.75,30737.75,30738.0,30732.5,30736.0,82
2026-09-23 21:30:00-04:00,30748.5,30748.5,30749.0,30733.25,30736.5,151
2026-09-23 21:31:00-04:00,30749.75,30749.75,30750.75,30741.0,30748.75,180
2026-09-23 21:32:00-04:00,30753.5,30753.5,30758.75,30746.5,30749.25,182
2026-09-23 21:33:00-04:00,30750.5,30750.5,30756.5,30748.75,30755.25,106
2026-09-23 21:34:00-04:00,30757.75,30757.75,30761.0,30749.75,30750.0,151
2026-09-23 21:35:00-04:00,30750.0,30750.0,30760.0,30748.0,30756.25,168
2026-09-23 21:36:00-04:00,30750.0,30750.0,30751.0,30744.5,30750.75,133
2026-09-23 21:37:00-04:00,30749.5,30749.5,30755.0,30749.25,30749.25,81
2026-09-23 21:38:00-04:00,30750.5,30750.5,30752.0,30747.75,30750.5,44
2026-09-23 21:39:00-04:00,30747.75,30747.75,30750.75,30745.25,30749.75,70
2026-09-23 21:40:00-04:00,30745.0,30745.0,30748.5,30742.5,30748.5,68
2026-09-23 21:41:00-04:00,30753.0,30753.0,30756.5,30744.5,30744.5,112
2026-09-23 21:42:00-04:00,30749.25,30749.25,30754.75,30748.25,30753.0,31
2026-09-23 21:43:00-04:00,30738.75,30738.75,30751.25,30738.0,30750.5,111
2026-09-23 21:44:00-04:00,30736.25,30736.25,30741.25,30735.0,30738.75,91
2026-09-23 21:45:00-04:00,30734.0,30734.0,30739.0,30732.75,30735.0,129
2026-09-23 21:46:00-04:00,30726.75,30726.75,30736.75,30726.5,30735.5,158
2026-09-23 21:47:00-04:00,30724.75,30724.75,30726.5,30720.75,30726.0,167
2026-09-23 21:48:00-04:00,30726.25,30726.25,30726.5,30719.25,30724.75,130
2026-09-23 21:49:00-04:00,30728.0,30728.0,30731.5,30724.25,30726.75,94
2026-09-23 21:50:00-04:00,30715.5,30715.5,30730.0,30713.75,30729.25,205
2026-09-23 21:51:00-04:00,30728.5,30728.5,30729.75,30715.5,30715.5,81
2026-09-23 21:52:00-04:00,30738.25,30738.25,30741.0,30730.0,30730.0,190
2026-09-23 21:53:00-04:00,30744.5,30744.5,30745.25,30737.75,30738.0,63
2026-09-23 21:54:00-04:00,30738.25,30738.25,30747.25,30734.5,30745.5,121
2026-09-23 21:55:00-04:00,30736.25,30736.25,30738.5,30731.0,30738.5,61
2026-09-23 21:56:00-04:00,30737.25,30737.25,30739.25,30736.0,30736.5,15
2026-09-23 21:57:00-04:00,30734.75,30734.75,30738.5,30734.25,30737.0,26
2026-09-23 21:58:00-04:00,30743.5,30743.5,30743.5,30734.25,30735.75,52
2026-09-23 21:59:00-04:00,30744.75,30744.75,30746.0,30740.75,30742.0,59
2026-09-23 22:00:00-04:00,30741.25,30741.25,30750.0,30741.0,30743.0,189
2026-09-23 22:01:00-04:00,30742.75,30742.75,30743.75,30738.75,30741.0,59
2026-09-23 22:02:00-04:00,30742.0,30742.0,30745.5,30741.25,30743.5,55
2026-09-23 22:03:00-04:00,30736.75,30736.75,30743.5,30734.5,30740.5,114
2026-09-23 22:04:00-04:00,30732.5,30732.5,30738.0,30730.5,30737.0,114
2026-09-23 22:05:00-04:00,30726.25,30726.25,30731.25,30725.25,30731.25,78
2026-09-23 22:06:00-04:00,30717.25,30717.25,30727.25,30715.0,30727.25,201
2026-09-23 22:07:00-04:00,30716.75,30716.75,30720.25,30714.5,30717.5,102
2026-09-23 22:08:00-04:00,30711.0,30711.0,30717.5,30708.75,30717.0,131
2026-09-23 22:09:00-04:00,30713.5,30713.5,30714.5,30708.75,30710.5,75
2026-09-23 22:10:00-04:00,30720.0,30720.0,30720.25,30714.0,30714.25,91
2026-09-23 22:11:00-04:00,30716.75,30716.75,30718.5,30713.75,30718.5,36
2026-09-23 22:12:00-04:00,30723.25,30723.25,30725.25,30715.5,30715.5,86
2026-09-23 22:13:00-04:00,30726.75,30726.75,30728.75,30722.0,30723.75,78
2026-09-23 22:14:00-04:00,30725.25,30725.25,30729.0,30725.0,30728.0,38
2026-09-23 22:15:00-04:00,30735.75,30735.75,30739.5,30723.5,30725.0,310
2026-09-23 22:16:00-04:00,30737.25,30737.25,30741.5,30736.0,30736.0,86
2026-09-23 22:17:00-04:00,30740.0,30740.0,30740.0,30736.0,30737.0,36
2026-09-23 22:18:00-04:00,30738.5,30738.5,30740.0,30735.75,30738.25,59
2026-09-23 22:19:00-04:00,30739.0,30739.0,30742.0,30737.5,30738.5,76
2026-09-23 22:20:00-04:00,30735.25,30735.25,30739.0,30735.25,30739.0,44
2026-09-23 22:21:00-04:00,30736.0,30736.0,30737.75,30734.25,30735.0,44
2026-09-23 22:22:00-04:00,30733.25,30733.25,30735.75,30729.75,30735.0,70
2026-09-23 22:23:00-04:00,30733.0,30733.0,30734.25,30730.5,30733.25,30
2026-09-23 22:24:00-04:00,30734.0,30734.0,30735.0,30731.5,30732.5,35
2026-09-23 22:25:00-04:00,30731.75,30731.75,30736.0,30731.0,30734.0,26
2026-09-23 22:26:00-04:00,30729.25,30729.25,30732.25,30729.25,30731.0,50
2026-09-23 22:27:00-04:00,30726.25,30726.25,30730.5,30726.0,30730.25,56
2026-09-23 22:28:00-04:00,30726.5,30726.5,30729.5,30724.5,30726.5,47
2026-09-23 22:29:00-04:00,30729.75,30729.75,30734.0,30727.25,30727.25,63
2026-09-23 22:30:00-04:00,30733.75,30733.75,30736.25,30726.5,30729.0,99
2026-09-23 22:31:00-04:00,30734.75,30734.75,30737.0,30731.0,30734.75,70
2026-09-23 22:32:00-04:00,30741.0,30741.0,30745.5,30733.5,30734.0,176
2026-09-23 22:33:00-04:00,30741.25,30741.25,30743.75,30739.0,30741.5,61
2026-09-23 22:34:00-04:00,30740.5,30740.5,30742.25,30739.25,30740.25,31
2026-09-23 22:35:00-04:00,30740.5,30740.5,30741.5,30737.75,30741.5,31
2026-09-23 22:36:00-04:00,30740.25,30740.25,30741.5,30737.25,30739.25,45
2026-09-23 22:37:00-04:00,30744.0,30744.0,30744.0,30735.75,30738.75,50
2026-09-23 22:38:00-04:00,30742.75,30742.75,30746.5,30742.75,30743.0,52
2026-09-23 22:39:00-04:00,30738.0,30738.0,30742.75,30737.75,30742.0,50
2026-09-23 22:40:00-04:00,30745.5,30745.5,30747.0,30739.0,30739.0,31
2026-09-23 22:41:00-04:00,30744.0,30744.0,30745.25,30743.25,30744.75,22
2026-09-23 22:42:00-04:00,30744.25,30744.25,30747.0,30744.25,30745.75,34
2026-09-23 22:43:00-04:00,30741.75,30741.75,30745.25,30741.75,30744.0,33
2026-09-23 22:44:00-04:00,30744.5,30744.5,30744.75,30740.75,30741.0,23
2026-09-23 22:45:00-04:00,30744.25,30744.25,30747.0,30744.25,30745.5,281
2026-09-23 22:46:00-04:00,30742.0,30742.0,30744.5,30741.0,30744.5,40
2026-09-23 22:47:00-04:00,30742.75,30742.75,30744.5,30742.25,30743.75,31
2026-09-23 22:48:00-04:00,30742.5,30742.5,30745.25,30742.5,30744.25,33
2026-09-23 22:49:00-04:00,30742.75,30742.75,30743.75,30739.0,30742.75,53
2026-09-23 22:50:00-04:00,30742.25,30742.25,30743.5,30741.75,30743.5,8
2026-09-23 22:51:00-04:00,30738.5,30738.5,30743.5,30738.5,30743.0,29
2026-09-23 22:52:00-04:00,30740.0,30740.0,30740.5,30737.75,30738.25,31
2026-09-23 22:53:00-04:00,30738.25,30738.25,30739.25,30737.5,30739.0,21
2026-09-23 22:54:00-04:00,30743.75,30743.75,30744.5,30737.0,30738.25,63
2026-09-23 22:55:00-04:00,30743.5,30743.5,30747.0,30742.75,30743.0,108
2026-09-23 22:56:00-04:00,30744.5,30744.5,30745.25,30743.0,30744.25,31
2026-09-23 22:57:00-04:00,30739.25,30739.25,30744.75,30739.0,30743.25,47
2026-09-23 22:58:00-04:00,30741.5,30741.5,30743.75,30738.75,30740.25,45
2026-09-23 22:59:00-04:00,30741.25,30741.25,30742.5,30741.25,30742.25,4
2026-09-23 23:00:00-04:00,30736.75,30736.75,30740.75,30735.0,30740.75,82
2026-09-23 23:01:00-04:00,30738.25,30738.25,30742.0,30735.75,30736.25,43
2026-09-23 23:02:00-04:00,30736.5,30736.5,30740.0,30736.5,30737.25,22
2026-09-23 23:03:00-04:00,30735.75,30735.75,30737.75,30735.5,30736.25,28
2026-09-23 23:04:00-04:00,30735.25,30735.25,30739.5,30730.75,30735.0,146
2026-09-23 23:05:00-04:00,30730.75,30730.75,30735.0,30730.75,30734.25,25
2026-09-23 23:06:00-04:00,30724.0,30724.0,30731.75,30722.0,30731.75,132
2026-09-23 23:07:00-04:00,30716.0,30716.0,30724.75,30715.25,30723.0,215
2026-09-23 23:08:00-04:00,30712.25,30712.25,30718.0,30709.5,30717.0,127
2026-09-23 23:09:00-04:00,30710.75,30710.75,30714.5,30706.0,30713.0,114
2026-09-23 23:10:00-04:00,30707.75,30707.75,30711.25,30705.0,30709.25,135
2026-09-23 23:11:00-04:00,30711.75,30711.75,30713.0,30706.5,30710.25,96
2026-09-23 23:12:00-04:00,30711.5,30711.5,30712.0,30705.5,30711.0,53
2026-09-23 23:13:00-04:00,30715.0,30715.0,30716.25,30710.25,30710.75,81
2026-09-23 23:14:00-04:00,30719.25,30719.25,30720.0,30713.0,30715.25,70
2026-09-23 23:15:00-04:00,30716.0,30716.0,30721.75,30715.75,30719.75,94
2026-09-23 23:16:00-04:00,30714.25,30714.25,30718.25,30710.25,30717.5,76
2026-09-23 23:17:00-04:00,30720.0,30720.0,30720.0,30713.5,30713.75,55
2026-09-23 23:18:00-04:00,30719.25,30719.25,30722.5,30718.5,30720.25,63
2026-09-23 23:19:00-04:00,30717.25,30717.25,30723.0,30716.0,30721.5,52
2026-09-23 23:20:00-04:00,30718.5,30718.5,30721.25,30717.25,30717.75,53
2026-09-23 23:21:00-04:00,30715.0,30715.0,30719.5,30713.0,30719.5,79
2026-09-23 23:22:00-04:00,30714.75,30714.75,30719.5,30713.75,30713.75,70
2026-09-23 23:23:00-04:00,30712.0,30712.0,30714.75,30710.75,30714.5,45
2026-09-23 23:24:00-04:00,30714.25,30714.25,30714.25,30711.25,30711.75,48
2026-09-23 23:25:00-04:00,30706.25,30706.25,30720.0,30705.25,30714.0,161
2026-09-23 23:26:00-04:00,30708.0,30708.0,30709.5,30700.25,30707.0,219
2026-09-23 23:27:00-04:00,30706.75,30706.75,30709.0,30703.25,30709.0,75
2026-09-23 23:28:00-04:00,30708.75,30708.75,30710.0,30705.5,30706.5,45
2026-09-23 23:29:00-04:00,30706.25,30706.25,30708.25,30704.25,30707.25,49
2026-09-23 23:30:00-04:00,30701.25,30701.25,30706.5,30698.75,30706.0,120
2026-09-23 23:31:00-04:00,30706.5,30706.5,30707.0,30698.5,30701.5,145
2026-09-23 23:32:00-04:00,30706.5,30706.5,30706.5,30702.5,30705.5,40
2026-09-23 23:33:00-04:00,30704.75,30704.75,30707.75,30704.0,30706.75,34
2026-09-23 23:34:00-04:00,30704.0,30704.0,30709.25,30701.5,30704.25,61
2026-09-23 23:35:00-04:00,30702.25,30702.25,30705.0,30702.25,30703.5,24
2026-09-23 23:36:00-04:00,30703.25,30703.25,30705.0,30701.0,30702.5,82
2026-09-23 23:37:00-04:00,30702.0,30702.0,30703.75,30700.25,30702.75,65
2026-09-23 23:38:00-04:00,30705.25,30705.25,30705.25,30698.0,30701.75,100
2026-09-23 23:39:00-04:00,30706.75,30706.75,30707.0,30703.5,30704.25,49
2026-09-23 23:40:00-04:00,30702.5,30702.5,30707.0,30701.75,30706.0,52
2026-09-23 23:41:00-04:00,30703.0,30703.0,30703.5,30702.0,30702.0,23
2026-09-23 23:42:00-04:00,30698.5,30698.5,30702.75,30696.75,30701.5,135
2026-09-23 23:43:00-04:00,30697.25,30697.25,30701.0,30695.0,30699.0,104
2026-09-23 23:44:00-04:00,30693.25,30693.25,30697.25,30688.25,30696.5,292
2026-09-23 23:45:00-04:00,30695.75,30695.75,30695.75,30691.0,30692.0,60
2026-09-23 23:46:00-04:00,30697.0,30697.0,30698.5,30693.25,30695.75,87
2026-09-23 23:47:00-04:00,30697.25,30697.25,30698.0,30693.5,30695.75,32
2026-09-23 23:48:00-04:00,30699.5,30699.5,30702.0,30697.25,30697.25,74
2026-09-23 23:49:00-04:00,30702.0,30702.0,30705.0,30698.25,30699.5,108
2026-09-23 23:50:00-04:00,30703.75,30703.75,30704.25,30701.5,30703.0,40
2026-09-23 23:51:00-04:00,30700.0,30700.0,30708.0,30697.75,30704.0,118
2026-09-23 23:52:00-04:00,30697.75,30697.75,30701.75,30696.75,30701.5,36
2026-09-23 23:53:00-04:00,30703.0,30703.0,30703.0,30697.25,30697.25,28
2026-09-23 23:54:00-04:00,30704.5,30704.5,30704.75,30702.25,30702.75,56
2026-09-23 23:55:00-04:00,30704.25,30704.25,30709.25,30702.75,30704.75,100
2026-09-23 23:56:00-04:00,30705.0,30705.0,30706.0,30701.5,30704.75,52
2026-09-23 23:57:00-04:00,30701.75,30701.75,30705.0,30699.5,30704.25,24
2026-09-23 23:58:00-04:00,30704.0,30704.0,30705.25,30699.5,30702.25,38
2026-09-24 00:09:00-04:00,30665.25,30665.25,30669.25,30661.75,30661.75,113
2026-09-24 00:10:00-04:00,30665.5,30665.5,30666.25,30663.5,30665.0,57
2026-09-24 00:11:00-04:00,30667.25,30667.25,30668.75,30663.25,30663.75,44
2026-09-24 00:12:00-04:00,30662.75,30662.75,30668.5,30662.5,30666.75,77
2026-09-24 00:13:00-04:00,30655.75,30655.75,30661.5,30653.0,30660.25,185
2026-09-24 00:14:00-04:00,30659.0,30659.0,30660.5,30654.5,30654.75,74
2026-09-24 00:15:00-04:00,30658.0,30658.0,30658.75,30651.5,30657.75,151
2026-09-24 00:16:00-04:00,30664.75,30664.75,30667.0,30658.0,30658.0,158
2026-09-24 00:17:00-04:00,30656.5,30656.5,30665.75,30656.0,30664.75,124
2026-09-24 00:18:00-04:00,30652.75,30652.75,30660.5,30651.25,30655.75,272
2026-09-24 00:19:00-04:00,30656.75,30656.75,30657.25,30652.25,30653.25,112
2026-09-24 00:20:00-04:00,30662.0,30662.0,30664.25,30654.25,30656.25,106
2026-09-24 00:21:00-04:00,30660.5,30660.5,30663.0,30659.5,30661.5,40
2026-09-24 00:22:00-04:00,30667.75,30667.75,30670.0,30661.0,30661.5,96
2026-09-24 00:23:00-04:00,30659.5,30659.5,30668.75,30658.75,30668.25,86
2026-09-24 00:24:00-04:00,30659.0,30659.0,30662.5,30656.75,30658.25,79
2026-09-24 00:25:00-04:00,30661.0,30661.0,30662.0,30658.25,30658.25,25
2026-09-24 00:26:00-04:00,30659.75,30659.75,30665.5,30654.75,30662.0,99
2026-09-24 00:27:00-04:00,30660.25,30660.25,30661.5,30660.0,30661.25,14
2026-09-24 00:28:00-04:00,30666.5,30666.5,30668.75,30660.0,30661.0,64
2026-09-24 00:29:00-04:00,30676.0,30676.0,30677.0,30666.75,30667.75,146
2026-09-24 00:30:00-04:00,30677.0,30677.0,30679.25,30673.25,30675.5,95
2026-09-24 00:31:00-04:00,30681.0,30681.0,30682.75,30675.75,30675.75,80
2026-09-24 00:32:00-04:00,30684.5,30684.5,30688.0,30680.25,30681.5,120
2026-09-24 00:33:00-04:00,30692.25,30692.25,30692.75,30683.75,30683.75,120
2026-09-24 00:34:00-04:00,30694.0,30694.0,30696.5,30689.5,30692.5,103
2026-09-24 00:35:00-04:00,30693.5,30693.5,30695.0,30691.25,30694.0,54
2026-09-24 00:36:00-04:00,30692.75,30692.75,30695.75,30690.0,30694.75,60
2026-09-24 00:37:00-04:00,30692.0,30692.0,30693.5,30691.5,30693.0,35
2026-09-24 00:38:00-04:00,30698.0,30698.0,30700.0,30691.75,30693.0,165
2026-09-24 00:39:00-04:00,30693.25,30693.25,30698.0,30692.75,30697.75,57
2026-09-24 00:40:00-04:00,30692.75,30692.75,30693.75,30687.75,30693.5,104
2026-09-24 00:41:00-04:00,30691.25,30691.25,30693.0,30690.0,30692.75,20
2026-09-24 00:42:00-04:00,30683.5,30683.5,30692.0,30682.5,30692.0,168
2026-09-24 00:43:00-04:00,30681.25,30681.25,30683.75,30677.25,30683.75,133
2026-09-24 00:44:00-04:00,30681.75,30681.75,30683.0,30678.75,30681.75,146
2026-09-24 00:45:00-04:00,30677.25,30677.25,30682.0,30674.75,30682.0,122
2026-09-24 00:46:00-04:00,30678.75,30678.75,30680.75,30675.5,30676.5,58
2026-09-24 00:47:00-04:00,30674.75,30674.75,30678.0,30674.75,30677.25,32
2026-09-24 00:48:00-04:00,30675.0,30675.0,30676.5,30673.75,30676.25,53
2026-09-24 00:49:00-04:00,30680.0,30680.0,30680.0,30675.5,30676.5,81
2026-09-24 00:50:00-04:00,30678.5,30678.5,30680.5,30675.5,30680.0,36
2026-09-24 00:51:00-04:00,30675.5,30675.5,30678.75,30674.75,30678.75,25
2026-09-24 00:52:00-04:00,30678.5,30678.5,30680.0,30674.75,30674.75,31
2026-09-24 00:53:00-04:00,30680.0,30680.0,30680.0,30676.5,30678.25,30
2026-09-24 00:54:00-04:00,30677.75,30677.75,30681.0,30675.25,30680.5,45
2026-09-24 00:55:00-04:00,30680.25,30680.25,30682.75,30678.75,30678.75,73
2026-09-24 00:56:00-04:00,30688.0,30688.0,30688.0,30680.0,30681.25,120
2026-09-24 00:57:00-04:00,30686.25,30686.25,30688.0,30683.75,30687.0,112
2026-09-24 00:58:00-04:00,30680.5,30680.5,30685.5,30680.0,30685.5,39
2026-09-24 00:59:00-04:00,30687.0,30687.0,30689.25,30680.5,30681.25,111
2026-09-24 01:00:00-04:00,30695.25,30695.25,30696.25,30685.75,30685.75,149
2026-09-24 01:01:00-04:00,30699.25,30699.25,30699.75,30694.75,30695.25,84
2026-09-24 01:02:00-04:00,30704.25,30704.25,30704.25,30697.0,30698.25,245
2026-09-24 01:03:00-04:00,30706.0,30706.0,30706.0,30698.25,30703.75,85
2026-09-24 01:04:00-04:00,30703.5,30703.5,30707.25,30702.5,30707.0,62
2026-09-24 01:05:00-04:00,30704.0,30704.0,30705.0,30702.5,30703.75,35
2026-09-24 01:06:00-04:00,30702.0,30702.0,30704.0,30699.0,30704.0,111
2026-09-24 01:07:00-04:00,30711.0,30711.0,30716.0,30702.0,30703.0,190
2026-09-24 01:08:00-04:00,30704.75,30704.75,30715.75,30704.5,30710.75,144
2026-09-24 01:09:00-04:00,30703.5,30703.5,30704.75,30701.25,30703.25,61
2026-09-24 01:10:00-04:00,30698.0,30698.0,30703.5,30698.0,30703.5,90
2026-09-24 01:11:00-04:00,30693.5,30693.5,30699.0,30693.25,30698.5,43
2026-09-24 01:12:00-04:00,30695.0,30695.0,30695.25,30691.0,30693.75,40
2026-09-24 01:13:00-04:00,30690.25,30690.25,30695.25,30688.25,30694.0,95
2026-09-24 01:14:00-04:00,30692.75,30692.75,30692.75,30690.25,30690.5,34
2026-09-24 01:15:00-04:00,30691.5,30691.5,30696.75,30691.0,30691.0,96
2026-09-24 01:16:00-04:00,30692.0,30692.0,30692.25,30687.0,30691.25,91
2026-09-24 01:17:00-04:00,30694.0,30694.0,30694.5,30690.5,30690.5,35
2026-09-24 01:18:00-04:00,30693.75,30693.75,30694.75,30691.75,30693.75,37
2026-09-24 01:19:00-04:00,30696.75,30696.75,30697.25,30693.0,30694.0,41
2026-09-24 01:20:00-04:00,30694.25,30694.25,30698.25,30693.0,30695.5,60
2026-09-24 01:21:00-04:00,30679.75,30679.75,30693.75,30679.75,30693.75,192
2026-09-24 01:22:00-04:00,30686.25,30686.25,30686.5,30679.75,30680.75,55
2026-09-24 01:23:00-04:00,30687.25,30687.25,30688.0,30683.0,30685.5,40
2026-09-24 01:24:00-04:00,30685.5,30685.5,30687.0,30683.75,30686.25,37
2026-09-24 01:25:00-04:00,30687.5,30687.5,30691.75,30683.75,30685.5,107
2026-09-24 01:26:00-04:00,30688.25,30688.25,30694.0,30687.25,30688.0,81
2026-09-24 01:27:00-04:00,30690.75,30690.75,30691.25,30687.0,30689.25,74
2026-09-24 01:28:00-04:00,30702.25,30702.25,30704.25,30690.5,30690.5,200
2026-09-24 01:29:00-04:00,30707.25,30707.25,30708.0,30698.75,30702.25,167
2026-09-24 01:30:00-04:00,30706.0,30706.0,30710.5,30700.75,30706.5,98
2026-09-24 01:31:00-04:00,30703.5,30703.5,30704.75,30701.75,30704.75,28
2026-09-24 01:32:00-04:00,30705.25,30705.25,30705.75,30702.25,30703.0,29
2026-09-24 01:33:00-04:00,30700.5,30700.5,30708.75,30700.5,30705.75,48
2026-09-24 01:34:00-04:00,30698.0,30698.0,30701.75,30695.25,30700.25,103
2026-09-24 01:35:00-04:00,30691.25,30691.25,30700.0,30691.25,30698.0,75
2026-09-24 01:36:00-04:00,30690.75,30690.75,30694.5,30689.5,30691.5,128
2026-09-24 01:37:00-04:00,30692.25,30692.25,30693.5,30689.5,30692.0,39
2026-09-24 01:38:00-04:00,30691.75,30691.75,30692.0,30687.75,30690.25,52
2026-09-24 01:39:00-04:00,30689.0,30689.0,30690.75,30685.5,30690.75,99
2026-09-24 01:40:00-04:00,30694.0,30694.0,30698.5,30689.0,30690.0,137
2026-09-24 01:41:00-04:00,30688.25,30688.25,30694.75,30686.5,30694.25,56
2026-09-24 01:42:00-04:00,30683.25,30683.25,30690.0,30682.0,30689.25,102
2026-09-24 01:43:00-04:00,30681.25,30681.25,30684.25,30679.75,30683.0,59
2026-09-24 01:44:00-04:00,30671.0,30671.0,30681.75,30669.5,30680.5,255
2026-09-24 01:45:00-04:00,30666.25,30666.25,30670.25,30657.5,30670.25,267
2026-09-24 01:46:00-04:00,30668.25,30668.25,30670.5,30667.25,30667.75,65
2026-09-24 01:47:00-04:00,30663.75,30663.75,30668.5,30663.75,30668.5,52
2026-09-24 01:48:00-04:00,30662.25,30662.25,30666.25,30659.5,30664.75,106
2026-09-24 01:49:00-04:00,30660.0,30660.0,30662.0,30658.5,30661.0,40
2026-09-24 01:50:00-04:00,30657.75,30657.75,30660.5,30655.75,30660.0,62
2026-09-24 01:51:00-04:00,30661.25,30661.25,30663.0,30658.0,30658.25,73
2026-09-24 01:52:00-04:00,30668.5,30668.5,30669.5,30660.0,30660.75,117
2026-09-24 01:53:00-04:00,30657.5,30657.5,30670.0,30656.75,30669.0,132
2026-09-24 01:54:00-04:00,30657.75,30657.75,30661.0,30655.0,30657.75,83
2026-09-24 01:55:00-04:00,30647.0,30647.0,30657.0,30646.0,30657.0,283
2026-09-24 01:56:00-04:00,30630.5,30630.5,30647.25,30629.5,30647.0,920
2026-09-24 01:57:00-04:00,30623.5,30623.5,30632.25,30619.5,30630.5,665
2026-09-24 01:58:00-04:00,30616.25,30616.25,30625.25,30613.25,30624.0,395
2026-09-24 01:59:00-04:00,30608.75,30608.75,30617.75,30607.0,30617.0,500
2026-09-24 02:00:00-04:00,30599.5,30599.5,30610.75,30596.0,30607.75,541
2026-09-24 02:01:00-04:00,30585.5,30585.5,30602.5,30580.0,30598.25,479
2026-09-24 02:02:00-04:00,30576.75,30576.75,30593.0,30573.5,30585.0,513
2026-09-24 02:03:00-04:00,30581.75,30581.75,30582.0,30572.0,30575.25,344
2026-09-24 02:04:00-04:00,30576.0,30576.0,30588.0,30572.0,30582.25,360
2026-09-24 02:05:00-04:00,30576.0,30576.0,30578.0,30568.25,30575.25,686
2026-09-24 02:06:00-04:00,30577.5,30577.5,30581.25,30564.5,30574.75,851
2026-09-24 02:07:00-04:00,30606.5,30606.5,30606.5,30577.75,30578.0,391
2026-09-24 02:08:00-04:00,30607.0,30607.0,30615.0,30604.25,30605.25,416
2026-09-24 02:09:00-04:00,30610.5,30610.5,30610.5,30597.25,30606.0,206
2026-09-24 02:10:00-04:00,30614.25,30614.25,30615.0,30600.0,30612.0,225
2026-09-24 02:11:00-04:00,30617.75,30617.75,30622.5,30603.75,30614.5,230
2026-09-24 02:12:00-04:00,30624.5,30624.5,30628.0,30615.5,30617.75,246
2026-09-24 02:13:00-04:00,30622.75,30622.75,30625.0,30613.75,30624.75,183
2026-09-24 02:14:00-04:00,30618.75,30618.75,30625.5,30616.25,30622.0,115
2026-09-24 02:15:00-04:00,30615.75,30615.75,30629.25,30612.5,30619.75,267
2026-09-24 02:16:00-04:00,30618.0,30618.0,30619.5,30611.0,30616.25,149
2026-09-24 02:17:00-04:00,30627.0,30627.0,30629.75,30610.75,30617.5,228
2026-09-24 02:18:00-04:00,30630.0,30630.0,30631.25,30621.25,30626.5,158
2026-09-24 02:19:00-04:00,30613.25,30613.25,30630.0,30613.25,30629.75,164
2026-09-24 02:20:00-04:00,30591.25,30591.25,30613.75,30590.75,30612.75,318
2026-09-24 02:21:00-04:00,30590.75,30590.75,30596.75,30589.5,30593.0,170
2026-09-24 02:22:00-04:00,30589.75,30589.75,30594.5,30588.25,30590.0,123
2026-09-24 02:23:00-04:00,30585.0,30585.0,30592.25,30583.5,30588.0,150
2026-09-24 02:24:00-04:00,30599.75,30599.75,30603.5,30583.0,30585.5,266
2026-09-24 02:25:00-04:00,30601.75,30601.75,30608.0,30598.0,30599.25,140
2026-09-24 02:26:00-04:00,30603.5,30603.5,30605.25,30599.0,30603.75,75
2026-09-24 02:27:00-04:00,30599.25,30599.25,30604.25,30598.25,30603.75,54
2026-09-24 02:28:00-04:00,30595.5,30595.5,30606.5,30594.75,30599.0,164
2026-09-24 02:29:00-04:00,30601.5,30601.5,30605.0,30589.0,30595.25,229
2026-09-24 02:30:00-04:00,30592.5,30592.5,30599.75,30587.0,30599.75,145
2026-09-24 02:31:00-04:00,30593.25,30593.25,30595.5,30589.5,30592.25,89
2026-09-24 02:32:00-04:00,30588.75,30588.75,30597.75,30588.5,30592.25,76
2026-09-24 02:33:00-04:00,30582.25,30582.25,30589.75,30580.75,30589.0,127
2026-09-24 02:34:00-04:00,30584.0,30584.0,30584.25,30577.5,30582.0,120
2026-09-24 02:35:00-04:00,30582.5,30582.5,30586.0,30579.0,30582.0,105
2026-09-24 02:36:00-04:00,30578.25,30578.25,30585.75,30577.0,30582.0,136
2026-09-24 02:37:00-04:00,30573.5,30573.5,30576.5,30567.0,30576.5,246
2026-09-24 02:38:00-04:00,30572.25,30572.25,30573.0,30567.75,30572.75,167
2026-09-24 02:39:00-04:00,30571.75,30571.75,30573.75,30569.75,30570.25,95
2026-09-24 02:40:00-04:00,30567.0,30567.0,30578.5,30563.5,30572.25,275
2026-09-24 02:41:00-04:00,30571.0,30571.0,30573.0,30562.5,30568.5,176
2026-09-24 02:42:00-04:00,30576.0,30576.0,30581.75,30567.75,30571.0,202
2026-09-24 02:43:00-04:00,30589.75,30589.75,30589.75,30576.25,30576.75,229
2026-09-24 02:44:00-04:00,30579.25,30579.25,30592.5,30577.75,30588.0,149
2026-09-24 02:45:00-04:00,30585.75,30585.75,30588.0,30577.25,30578.25,82
2026-09-24 02:46:00-04:00,30577.5,30577.5,30586.75,30577.0,30586.75,93
2026-09-24 02:47:00-04:00,30577.0,30577.0,30583.0,30575.0,30577.25,71
2026-09-24 02:48:00-04:00,30577.5,30577.5,30578.5,30572.5,30577.0,89
2026-09-24 02:49:00-04:00,30579.5,30579.5,30586.25,30577.0,30577.0,73
2026-09-24 02:50:00-04:00,30573.5,30573.5,30582.75,30573.5,30579.25,95
2026-09-24 02:51:00-04:00,30569.75,30569.75,30576.0,30568.75,30575.0,103
2026-09-24 02:52:00-04:00,30557.5,30557.5,30570.75,30554.5,30570.5,655
2026-09-24 02:53:00-04:00,30557.75,30557.75,30559.25,30555.25,30556.75,127
2026-09-24 02:54:00-04:00,30555.0,30555.0,30567.75,30553.5,30558.0,142
2026-09-24 02:55:00-04:00,30555.0,30555.0,30556.5,30545.5,30554.75,570
2026-09-24 02:56:00-04:00,30555.5,30555.5,30557.0,30551.0,30553.5,87
2026-09-24 02:57:00-04:00,30552.5,30552.5,30557.5,30547.5,30556.0,152
2026-09-24 02:58:00-04:00,30545.5,30545.5,30558.0,30544.25,30553.0,191
2026-09-24 02:59:00-04:00,30541.75,30541.75,30546.0,30535.25,30546.0,374
2026-09-24 03:00:00-04:00,30537.5,30537.5,30545.75,30523.75,30541.5,822
2026-09-24 03:01:00-04:00,30544.0,30544.0,30559.25,30538.0,30538.0,383
2026-09-24 03:02:00-04:00,30524.0,30524.0,30545.5,30521.5,30543.0,346
2026-09-24 03:03:00-04:00,30531.25,30531.25,30537.5,30512.75,30524.25,697
2026-09-24 03:04:00-04:00,30537.75,30537.75,30544.0,30521.0,30531.25,714
2026-09-24 03:05:00-04:00,30549.0,30549.0,30551.75,30526.5,30539.5,282
2026-09-24 03:06:00-04:00,30569.75,30569.75,30570.5,30542.75,30546.0,360
2026-09-24 03:07:00-04:00,30575.5,30575.5,30577.75,30561.25,30569.0,299
2026-09-24 03:08:00-04:00,30582.75,30582.75,30589.75,30576.5,30577.0,318
2026-09-24 03:09:00-04:00,30584.75,30584.75,30588.0,30581.75,30582.5,118
2026-09-24 03:10:00-04:00,30591.75,30591.75,30594.25,30583.25,30586.75,166
2026-09-24 03:11:00-04:00,30585.75,30585.75,30592.25,30582.0,30590.25,208
2026-09-24 03:12:00-04:00,30581.0,30581.0,30587.25,30575.25,30584.25,199
2026-09-24 03:13:00-04:00,30586.0,30586.0,30587.0,30576.75,30580.25,210
2026-09-24 03:14:00-04:00,30594.75,30594.75,30595.5,30585.5,30585.5,135
2026-09-24 03:15:00-04:00,30585.0,30585.0,30604.0,30582.5,30593.75,318
2026-09-24 03:16:00-04:00,30584.0,30584.0,30590.75,30584.0,30585.5,87
2026-09-24 03:17:00-04:00,30580.5,30580.5,30590.75,30580.5,30584.25,120
2026-09-24 03:18:00-04:00,30592.0,30592.0,30594.0,30577.0,30581.25,175
2026-09-24 03:19:00-04:00,30597.25,30597.25,30598.5,30590.0,30592.5,89
2026-09-24 03:20:00-04:00,30592.25,30592.25,30598.0,30588.5,30596.75,138
2026-09-24 03:21:00-04:00,30584.5,30584.5,30595.0,30582.5,30590.25,92
2026-09-24 03:22:00-04:00,30587.0,30587.0,30589.25,30583.25,30584.5,76
2026-09-24 03:23:00-04:00,30589.75,30589.75,30592.5,30583.5,30587.5,63
2026-09-24 03:24:00-04:00,30583.5,30583.5,30591.0,30582.0,30590.5,63
2026-09-24 03:25:00-04:00,30583.5,30583.5,30589.5,30581.5,30583.25,99
2026-09-24 03:26:00-04:00,30588.0,30588.0,30590.5,30574.75,30582.25,178
2026-09-24 03:27:00-04:00,30593.25,30593.25,30596.5,30587.5,30587.75,185
2026-09-24 03:28:00-04:00,30592.25,30592.25,30598.25,30588.25,30592.0,158
2026-09-24 03:29:00-04:00,30606.25,30606.25,30608.0,30591.0,30591.5,207
2026-09-24 03:30:00-04:00,30607.5,30607.5,30616.0,30601.75,30606.75,482
2026-09-24 03:31:00-04:00,30604.5,30604.5,30614.25,30601.75,30608.25,298
2026-09-24 03:32:00-04:00,30606.25,30606.25,30609.25,30601.5,30605.0,94
2026-09-24 03:33:00-04:00,30618.0,30618.0,30620.25,30601.25,30602.0,171
2026-09-24 03:34:00-04:00,30607.5,30607.5,30618.75,30606.75,30618.75,110
2026-09-24 03:35:00-04:00,30616.25,30616.25,30616.75,30606.0,30611.25,89
2026-09-24 03:36:00-04:00,30629.0,30629.0,30629.25,30614.75,30616.75,237
2026-09-24 03:37:00-04:00,30629.25,30629.25,30632.5,30626.25,30629.75,232
2026-09-24 03:38:00-04:00,30624.75,30624.75,30631.0,30622.0,30629.0,152
2026-09-24 03:39:00-04:00,30622.25,30622.25,30626.25,30618.0,30625.0,99
2026-09-24 03:40:00-04:00,30620.0,30620.0,30624.25,30618.0,30621.0,84
2026-09-24 03:41:00-04:00,30616.5,30616.5,30622.5,30615.0,30619.5,75
2026-09-24 03:42:00-04:00,30615.5,30615.5,30617.25,30611.75,30617.0,65
2026-09-24 03:43:00-04:00,30617.75,30617.75,30618.25,30612.0,30613.0,58
2026-09-24 03:44:00-04:00,30624.0,30624.0,30627.25,30618.0,30619.0,68
2026-09-24 03:45:00-04:00,30619.0,30619.0,30623.5,30617.75,30620.25,64
2026-09-24 03:46:00-04:00,30618.75,30618.75,30622.75,30616.25,30621.0,75
2026-09-24 03:47:00-04:00,30609.0,30609.0,30618.5,30608.5,30618.5,111
2026-09-24 03:48:00-04:00,30608.25,30608.25,30612.75,30606.0,30612.25,53
2026-09-24 03:49:00-04:00,30606.75,30606.75,30610.5,30604.25,30608.5,35
2026-09-24 03:50:00-04:00,30603.75,30603.75,30606.75,30597.0,30606.75,141
2026-09-24 03:51:00-04:00,30609.5,30609.5,30610.25,30601.75,30603.0,102
2026-09-24 03:52:00-04:00,30602.0,30602.0,30610.0,30602.0,30607.0,47
2026-09-24 03:53:00-04:00,30597.0,30597.0,30601.5,30594.0,30601.0,108
2026-09-24 03:54:00-04:00,30600.0,30600.0,30601.0,30596.25,30599.0,75
2026-09-24 03:55:00-04:00,30581.5,30581.5,30598.25,30576.0,30598.25,254
2026-09-24 03:56:00-04:00,30570.0,30570.0,30580.25,30565.0,30580.25,219
2026-09-24 03:57:00-04:00,30564.25,30564.25,30572.0,30563.25,30569.25,104
2026-09-24 03:58:00-04:00,30563.5,30563.5,30566.5,30562.25,30564.75,98
2026-09-24 03:59:00-04:00,30559.5,30559.5,30566.75,30559.0,30563.5,142
2026-09-24 04:00:00-04:00,30571.25,30571.25,30577.75,30551.5,30559.25,431
2026-09-24 04:01:00-04:00,30587.25,30587.25,30590.0,30559.5,30571.0,398
2026-09-24 04:02:00-04:00,30559.75,30559.75,30586.75,30557.5,30586.75,347
2026-09-24 04:03:00-04:00,30559.5,30559.5,30566.0,30547.5,30560.25,280
2026-09-24 04:04:00-04:00,30543.75,30543.75,30560.0,30533.0,30559.75,315
2026-09-24 04:05:00-04:00,30538.25,30538.25,30551.25,30535.0,30547.25,187
2026-09-24 04:06:00-04:00,30540.75,30540.75,30541.75,30532.75,30537.0,237
2026-09-24 04:07:00-04:00,30536.75,30536.75,30544.5,30535.0,30540.0,178
2026-09-24 04:08:00-04:00,30528.75,30528.75,30542.0,30528.5,30536.75,186
2026-09-24 04:09:00-04:00,30532.25,30532.25,30537.0,30525.0,30528.75,225
2026-09-24 04:10:00-04:00,30517.25,30517.25,30531.25,30514.75,30531.0,292
2026-09-24 04:11:00-04:00,30506.75,30506.75,30516.25,30496.75,30516.0,549
2026-09-24 04:12:00-04:00,30498.75,30498.75,30511.25,30493.5,30507.5,377
2026-09-24 04:13:00-04:00,30483.25,30483.25,30501.25,30482.0,30498.5,461
2026-09-24 04:14:00-04:00,30487.5,30487.5,30491.0,30479.5,30486.0,358
2026-09-24 04:15:00-04:00,30479.75,30479.75,30495.25,30479.75,30487.0,352
2026-09-24 04:16:00-04:00,30494.5,30494.5,30497.5,30479.0,30479.5,303
2026-09-24 04:17:00-04:00,30503.0,30503.0,30511.25,30489.75,30494.5,485
2026-09-24 04:18:00-04:00,30491.25,30491.25,30503.75,30486.0,30502.0,249
2026-09-24 04:19:00-04:00,30491.5,30491.5,30501.25,30486.5,30493.75,176
2026-09-24 04:20:00-04:00,30480.25,30480.25,30490.5,30477.0,30490.5,347
2026-09-24 04:21:00-04:00,30476.25,30476.25,30483.25,30472.5,30481.0,320
2026-09-24 04:22:00-04:00,30483.25,30483.25,30487.5,30474.5,30475.5,320
2026-09-24 04:23:00-04:00,30477.75,30477.75,30487.75,30477.5,30482.25,191
2026-09-24 04:24:00-04:00,30483.5,30483.5,30491.0,30472.5,30479.0,310
2026-09-24 04:25:00-04:00,30477.75,30477.75,30493.25,30477.25,30483.0,262
2026-09-24 04:26:00-04:00,30463.5,30463.5,30478.25,30457.5,30477.0,505
2026-09-24 04:27:00-04:00,30460.5,30460.5,30464.0,30454.0,30462.5,410
2026-09-24 04:28:00-04:00,30455.0,30455.0,30461.5,30453.25,30459.75,253
2026-09-24 04:29:00-04:00,30455.25,30455.25,30466.25,30453.5,30455.25,258
2026-09-24 04:30:00-04:00,30463.25,30463.25,30468.0,30453.5,30457.5,290
2026-09-24 04:31:00-04:00,30484.0,30484.0,30484.0,30463.5,30463.5,490
2026-09-24 04:32:00-04:00,30491.25,30491.25,30492.0,30477.5,30483.75,461
2026-09-24 04:33:00-04:00,30483.0,30483.0,30497.5,30481.0,30491.25,384
2026-09-24 04:34:00-04:00,30451.0,30451.0,30484.25,30447.25,30484.0,918
2026-09-24 04:35:00-04:00,30446.75,30446.75,30452.5,30441.75,30451.5,476
2026-09-24 04:36:00-04:00,30436.75,30436.75,30446.5,30435.75,30446.0,409
2026-09-24 04:37:00-04:00,30440.75,30440.75,30444.75,30431.25,30436.75,354
2026-09-24 04:38:00-04:00,30443.25,30443.25,30448.0,30436.0,30441.0,386
2026-09-24 04:39:00-04:00,30449.75,30449.75,30453.25,30439.25,30442.75,310
2026-09-24 04:40:00-04:00,30438.25,30438.25,30452.0,30436.25,30450.5,221
2026-09-24 04:41:00-04:00,30434.5,30434.5,30440.0,30431.25,30437.25,216
2026-09-24 04:42:00-04:00,30449.0,30449.0,30451.25,30430.75,30433.75,271
2026-09-24 04:43:00-04:00,30455.75,30455.75,30458.0,30446.0,30448.25,318
2026-09-24 04:44:00-04:00,30445.75,30445.75,30454.75,30438.75,30454.75,187
2026-09-24 04:45:00-04:00,30443.0,30443.0,30456.5,30436.25,30449.25,330
2026-09-24 04:46:00-04:00,30443.25,30443.25,30449.25,30439.0,30443.5,142
2026-09-24 04:47:00-04:00,30435.0,30435.0,30440.75,30430.0,30440.0,228
2026-09-24 04:48:00-04:00,30423.75,30423.75,30436.0,30422.25,30436.0,498
2026-09-24 04:49:00-04:00,30415.0,30415.0,30426.5,30412.25,30423.0,448
2026-09-24 04:50:00-04:00,30412.5,30412.5,30416.0,30407.25,30413.75,468
2026-09-24 04:51:00-04:00,30434.5,30434.5,30434.75,30411.75,30412.25,438
2026-09-24 04:52:00-04:00,30430.25,30430.25,30434.5,30425.25,30432.75,195
2026-09-24 04:53:00-04:00,30424.75,30424.75,30434.25,30419.5,30431.0,206
2026-09-24 04:54:00-04:00,30422.5,30422.5,30428.25,30417.25,30423.75,163
2026-09-24 04:55:00-04:00,30425.5,30425.5,30430.0,30417.0,30422.75,184
2026-09-24 04:56:00-04:00,30422.25,30422.25,30427.75,30420.75,30426.25,115
2026-09-24 04:57:00-04:00,30428.5,30428.5,30431.5,30420.0,30421.5,203
2026-09-24 04:58:00-04:00,30429.5,30429.5,30435.5,30425.75,30427.75,237
2026-09-24 04:59:00-04:00,30433.25,30433.25,30433.25,30425.25,30432.25,165
2026-09-24 05:00:00-04:00,30435.75,30435.75,30440.5,30426.0,30433.5,306
2026-09-24 05:01:00-04:00,30447.25,30447.25,30454.25,30435.0,30436.25,399
2026-09-24 05:02:00-04:00,30443.0,30443.0,30448.75,30440.5,30446.75,173
2026-09-24 05:03:00-04:00,30443.25,30443.25,30448.0,30439.25,30442.5,198
2026-09-24 05:04:00-04:00,30438.75,30438.75,30446.25,30433.25,30442.75,224
2026-09-24 05:05:00-04:00,30437.5,30437.5,30448.75,30433.25,30440.0,293
2026-09-24 05:06:00-04:00,30439.0,30439.0,30439.0,30426.75,30436.75,207
2026-09-24 05:07:00-04:00,30442.0,30442.0,30444.0,30438.25,30440.25,310
2026-09-24 05:08:00-04:00,30449.5,30449.5,30455.5,30439.25,30442.5,462
2026-09-24 05:09:00-04:00,30438.5,30438.5,30452.5,30437.5,30450.5,301
2026-09-24 05:10:00-04:00,30443.0,30443.0,30447.75,30437.25,30438.25,107
2026-09-24 05:11:00-04:00,30432.5,30432.5,30444.75,30429.25,30442.25,199
2026-09-24 05:12:00-04:00,30421.5,30421.5,30432.0,30419.25,30431.25,237
2026-09-24 05:13:00-04:00,30430.0,30430.0,30432.0,30417.75,30418.5,156
2026-09-24 05:14:00-04:00,30431.5,30431.5,30433.0,30426.5,30430.25,114
2026-09-24 05:15:00-04:00,30435.25,30435.25,30436.25,30427.5,30431.25,123
2026-09-24 05:16:00-04:00,30428.75,30428.75,30436.0,30426.75,30433.25,89
2026-09-24 05:17:00-04:00,30429.5,30429.5,30441.0,30426.25,30428.5,134
2026-09-24 05:18:00-04:00,30438.5,30438.5,30438.5,30422.75,30428.75,91
2026-09-24 05:19:00-04:00,30441.75,30441.75,30444.5,30433.75,30437.5,148
2026-09-24 05:20:00-04:00,30451.75,30451.75,30452.0,30440.5,30441.75,163
2026-09-24 05:21:00-04:00,30441.25,30441.25,30451.75,30441.0,30450.75,168
2026-09-24 05:22:00-04:00,30439.25,30439.25,30444.75,30434.75,30441.75,151
2026-09-24 05:23:00-04:00,30450.5,30450.5,30452.75,30438.25,30439.0,118
2026-09-24 05:24:00-04:00,30453.75,30453.75,30456.0,30447.75,30451.0,269
2026-09-24 05:25:00-04:00,30461.5,30461.5,30464.5,30452.5,30454.25,279
2026-09-24 05:26:00-04:00,30453.0,30453.0,30462.25,30447.75,30460.75,179
2026-09-24 05:27:00-04:00,30440.5,30440.5,30451.5,30438.75,30451.5,172
2026-09-24 05:28:00-04:00,30440.5,30440.5,30442.5,30437.0,30440.75,99
2026-09-24 05:29:00-04:00,30441.75,30441.75,30444.5,30440.25,30441.0,67
2026-09-24 05:30:00-04:00,30433.75,30433.75,30444.25,30432.75,30442.0,156
2026-09-24 05:31:00-04:00,30434.75,30434.75,30439.25,30424.0,30432.0,174
2026-09-24 05:32:00-04:00,30437.25,30437.25,30437.25,30428.5,30435.75,83
2026-09-24 05:33:00-04:00,30430.0,30430.0,30436.75,30430.0,30436.5,102
2026-09-24 05:34:00-04:00,30436.75,30436.75,30438.25,30427.25,30430.25,92
2026-09-24 05:35:00-04:00,30433.5,30433.5,30442.0,30430.5,30438.25,92
2026-09-24 05:36:00-04:00,30424.75,30424.75,30433.25,30422.0,30431.5,110
2026-09-24 05:37:00-04:00,30416.75,30416.75,30425.0,30415.75,30424.75,210
2026-09-24 05:38:00-04:00,30410.75,30410.75,30417.0,30405.75,30416.25,337
2026-09-24 05:39:00-04:00,30411.5,30411.5,30419.25,30409.5,30410.0,163
2026-09-24 05:40:00-04:00,30406.5,30406.5,30415.5,30405.25,30412.0,243
2026-09-24 05:41:00-04:00,30394.0,30394.0,30406.0,30389.25,30406.0,605
2026-09-24 05:42:00-04:00,30399.25,30399.25,30401.5,30388.0,30392.75,254
2026-09-24 05:43:00-04:00,30379.25,30379.25,30400.25,30371.5,30399.0,915
2026-09-24 05:44:00-04:00,30377.5,30377.5,30378.75,30370.0,30378.75,379
2026-09-24 05:45:00-04:00,30377.0,30377.0,30381.75,30371.75,30378.0,319
2026-09-24 05:46:00-04:00,30389.25,30389.25,30391.0,30375.25,30377.25,197
2026-09-24 05:47:00-04:00,30391.75,30391.75,30401.25,30380.0,30389.75,256
2026-09-24 05:48:00-04:00,30396.0,30396.0,30400.75,30388.5,30390.75,174
2026-09-24 05:49:00-04:00,30407.0,30407.0,30408.75,30395.25,30395.25,181
2026-09-24 05:50:00-04:00,30412.0,30412.0,30417.0,30405.25,30406.25,182
2026-09-24 05:51:00-04:00,30412.0,30412.0,30415.0,30407.0,30412.0,239
2026-09-24 05:52:00-04:00,30417.75,30417.75,30420.5,30408.75,30412.25,129
2026-09-24 05:53:00-04:00,30414.75,30414.75,30421.0,30412.0,30419.25,93
2026-09-24 05:54:00-04:00,30419.0,30419.0,30419.5,30402.0,30413.0,226
2026-09-24 05:55:00-04:00,30429.5,30429.5,30432.75,30419.25,30419.5,252
2026-09-24 05:56:00-04:00,30430.25,30430.25,30433.75,30426.0,30429.25,148
2026-09-24 05:57:00-04:00,30421.0,30421.0,30429.0,30420.75,30429.0,69
2026-09-24 05:58:00-04:00,30429.75,30429.75,30431.75,30420.0,30420.75,73
2026-09-24 05:59:00-04:00,30436.5,30436.5,30438.5,30429.25,30430.0,168
2026-09-24 06:00:00-04:00,30442.25,30442.25,30445.75,30431.0,30434.75,218
2026-09-24 06:01:00-04:00,30447.0,30447.0,30448.75,30441.25,30441.75,213
2026-09-24 06:02:00-04:00,30438.75,30438.75,30451.0,30438.75,30448.0,110
2026-09-24 06:03:00-04:00,30435.75,30435.75,30443.0,30435.25,30439.25,103
2026-09-24 06:04:00-04:00,30427.25,30427.25,30439.0,30425.5,30437.0,154
2026-09-24 06:05:00-04:00,30424.0,30424.0,30430.5,30421.5,30428.25,155
2026-09-24 06:06:00-04:00,30418.25,30418.25,30425.5,30416.0,30424.25,152
2026-09-24 06:07:00-04:00,30423.25,30423.25,30424.5,30415.75,30416.5,98
2026-09-24 06:08:00-04:00,30421.75,30421.75,30424.75,30420.75,30423.0,38
2026-09-24 06:09:00-04:00,30422.75,30422.75,30426.75,30420.0,30421.25,75
2026-09-24 06:10:00-04:00,30434.75,30434.75,30445.25,30421.25,30423.25,515
2026-09-24 06:11:00-04:00,30434.25,30434.25,30444.0,30433.75,30434.25,189
2026-09-24 06:12:00-04:00,30430.5,30430.5,30437.5,30429.5,30434.25,107
2026-09-24 06:13:00-04:00,30426.5,30426.5,30436.5,30425.25,30431.0,123
2026-09-24 06:14:00-04:00,30437.0,30437.0,30438.5,30423.75,30425.0,106
2026-09-24 06:15:00-04:00,30442.0,30442.0,30443.0,30435.25,30437.25,108
2026-09-24 06:16:00-04:00,30457.0,30457.0,30457.0,30440.75,30443.0,471
2026-09-24 06:17:00-04:00,30452.25,30452.25,30460.0,30451.0,30455.25,191
2026-09-24 06:18:00-04:00,30440.5,30440.5,30457.5,30438.25,30452.0,331
2026-09-24 06:19:00-04:00,30444.5,30444.5,30448.0,30440.75,30440.75,77
2026-09-24 06:20:00-04:00,30443.75,30443.75,30447.0,30441.75,30444.5,85
2026-09-24 06:21:00-04:00,30444.5,30444.5,30447.75,30441.0,30443.75,116
2026-09-24 06:22:00-04:00,30437.25,30437.25,30444.75,30436.25,30443.25,161
2026-09-24 06:23:00-04:00,30435.0,30435.0,30444.5,30435.0,30439.5,71
2026-09-24 06:24:00-04:00,30421.5,30421.5,30446.75,30418.5,30433.5,584
2026-09-24 06:25:00-04:00,30423.5,30423.5,30427.5,30415.0,30421.25,285
2026-09-24 06:26:00-04:00,30429.25,30429.25,30435.25,30420.5,30423.0,331
2026-09-24 06:27:00-04:00,30428.25,30428.25,30432.0,30426.25,30429.0,128
2026-09-24 06:28:00-04:00,30445.75,30445.75,30448.5,30421.25,30427.0,524
2026-09-24 06:29:00-04:00,30432.75,30432.75,30449.25,30431.0,30445.5,353
2026-09-24 06:30:00-04:00,30428.5,30428.5,30445.25,30420.75,30432.5,373
2026-09-24 06:31:00-04:00,30438.0,30438.0,30441.5,30428.25,30430.25,190
2026-09-24 06:32:00-04:00,30447.5,30447.5,30449.0,30439.0,30439.0,175
2026-09-24 06:33:00-04:00,30445.0,30445.0,30454.75,30443.0,30448.0,87
2026-09-24 06:34:00-04:00,30452.0,30452.0,30455.25,30443.0,30443.5,115
2026-09-24 06:35:00-04:00,30458.25,30458.25,30461.25,30452.0,30452.0,139
2026-09-24 06:36:00-04:00,30454.5,30454.5,30459.5,30450.5,30457.25,63
2026-09-24 06:37:00-04:00,30460.0,30460.0,30461.0,30453.75,30454.25,121
2026-09-24 06:38:00-04:00,30466.75,30466.75,30468.75,30457.0,30460.25,193
2026-09-24 06:39:00-04:00,30475.75,30475.75,30480.0,30467.25,30467.25,447
2026-09-24 06:40:00-04:00,30478.25,30478.25,30480.5,30472.75,30475.75,244
2026-09-24 06:41:00-04:00,30477.5,30477.5,30481.25,30472.0,30478.25,227
2026-09-24 06:42:00-04:00,30482.0,30482.0,30484.75,30476.25,30476.25,214
2026-09-24 06:43:00-04:00,30479.0,30479.0,30483.25,30476.75,30482.25,154
2026-09-24 06:44:00-04:00,30478.5,30478.5,30483.25,30477.0,30479.75,130
2026-09-24 06:45:00-04:00,30476.5,30476.5,30478.75,30471.75,30478.25,199
2026-09-24 06:46:00-04:00,30479.5,30479.5,30480.0,30474.75,30475.5,81
2026-09-24 06:47:00-04:00,30476.5,30476.5,30483.25,30476.5,30478.25,100
2026-09-24 06:48:00-04:00,30484.5,30484.5,30486.5,30473.5,30476.25,162
2026-09-24 06:49:00-04:00,30519.25,30519.25,30522.25,30485.0,30485.75,1409
2026-09-24 06:50:00-04:00,30505.0,30505.0,30523.75,30499.5,30520.0,602
2026-09-24 06:51:00-04:00,30495.0,30495.0,30509.5,30495.0,30505.75,278
2026-09-24 06:52:00-04:00,30494.5,30494.5,30496.25,30488.0,30495.25,244
2026-09-24 06:53:00-04:00,30491.25,30491.25,30496.75,30491.25,30494.25,109
2026-09-24 06:54:00-04:00,30480.75,30480.75,30494.0,30479.5,30490.75,222
2026-09-24 06:55:00-04:00,30476.25,30476.25,30483.25,30473.0,30479.75,269
2026-09-24 06:56:00-04:00,30479.25,30479.25,30480.75,30473.5,30476.5,122
2026-09-24 06:57:00-04:00,30486.75,30486.75,30486.75,30478.25,30479.5,124
2026-09-24 06:58:00-04:00,30488.75,30488.75,30493.25,30483.75,30485.25,194
2026-09-24 06:59:00-04:00,30488.75,30488.75,30491.5,30485.0,30488.5,118
2026-09-24 07:00:00-04:00,30490.75,30490.75,30503.75,30485.25,30487.75,420
2026-09-24 07:01:00-04:00,30486.0,30486.0,30492.0,30479.0,30492.0,214
2026-09-24 07:02:00-04:00,30488.75,30488.75,30492.5,30485.75,30486.25,106
2026-09-24 07:03:00-04:00,30487.25,30487.25,30490.25,30482.25,30487.25,93
2026-09-24 07:04:00-04:00,30482.0,30482.0,30488.0,30481.25,30486.5,108
2026-09-24 07:05:00-04:00,30480.25,30480.25,30481.25,30474.75,30481.25,159
2026-09-24 07:06:00-04:00,30484.25,30484.25,30484.25,30479.5,30480.75,82
2026-09-24 07:07:00-04:00,30477.25,30477.25,30487.0,30476.5,30482.5,159
2026-09-24 07:08:00-04:00,30466.75,30466.75,30481.75,30464.0,30479.0,341
2026-09-24 07:09:00-04:00,30471.75,30471.75,30477.75,30465.0,30466.75,165
2026-09-24 07:10:00-04:00,30474.25,30474.25,30477.25,30470.25,30472.5,73
2026-09-24 07:11:00-04:00,30466.25,30466.25,30474.75,30464.5,30474.0,83
2026-09-24 07:12:00-04:00,30461.5,30461.5,30466.25,30460.25,30465.75,106
2026-09-24 07:13:00-04:00,30468.0,30468.0,30472.5,30456.5,30461.0,148
2026-09-24 07:14:00-04:00,30488.25,30488.25,30491.0,30472.75,30472.75,394
2026-09-24 07:15:00-04:00,30508.0,30508.0,30510.0,30479.0,30488.75,634
2026-09-24 07:16:00-04:00,30502.25,30502.25,30512.75,30495.5,30506.5,282
2026-09-24 07:17:00-04:00,30489.25,30489.25,30506.75,30488.5,30503.5,460
2026-09-24 07:18:00-04:00,30483.25,30483.25,30492.75,30480.25,30490.5,267
2026-09-24 07:19:00-04:00,30484.0,30484.0,30488.5,30482.5,30482.75,137
2026-09-24 07:20:00-04:00,30489.0,30489.0,30495.75,30482.75,30483.75,173
2026-09-24 07:21:00-04:00,30478.0,30478.0,30489.25,30476.5,30489.25,162
2026-09-24 07:22:00-04:00,30490.75,30490.75,30494.0,30476.25,30477.25,142
2026-09-24 07:23:00-04:00,30494.75,30494.75,30496.5,30490.5,30491.75,111
2026-09-24 07:24:00-04:00,30494.0,30494.0,30498.75,30488.75,30494.25,228
2026-09-24 07:25:00-04:00,30482.25,30482.25,30495.25,30480.75,30495.0,97
2026-09-24 07:26:00-04:00,30486.0,30486.0,30487.0,30480.0,30481.25,62
2026-09-24 07:27:00-04:00,30474.75,30474.75,30485.25,30472.75,30485.0,135
2026-09-24 07:28:00-04:00,30473.5,30473.5,30478.75,30472.0,30475.75,64
2026-09-24 07:29:00-04:00,30471.75,30471.75,30475.5,30471.0,30473.25,114
2026-09-24 07:30:00-04:00,30487.5,30487.5,30494.0,30471.5,30471.5,301
2026-09-24 07:31:00-04:00,30492.5,30492.5,30501.0,30484.5,30486.5,114
2026-09-24 07:32:00-04:00,30481.75,30481.75,30492.5,30481.25,30491.75,101
2026-09-24 07:33:00-04:00,30479.25,30479.25,30485.75,30476.0,30483.0,99
2026-09-24 07:34:00-04:00,30470.75,30470.75,30482.25,30470.5,30479.0,126
2026-09-24 07:35:00-04:00,30465.75,30465.75,30470.75,30450.25,30470.75,430
2026-09-24 07:36:00-04:00,30462.0,30462.0,30466.75,30458.5,30466.75,72
2026-09-24 07:37:00-04:00,30452.25,30452.25,30466.0,30451.25,30462.75,140
2026-09-24 07:38:00-04:00,30448.5,30448.5,30454.25,30447.0,30453.0,234
2026-09-24 07:39:00-04:00,30450.25,30450.25,30451.75,30447.0,30447.5,88
2026-09-24 07:40:00-04:00,30446.0,30446.0,30451.25,30444.75,30451.0,84
2026-09-24 07:41:00-04:00,30451.0,30451.0,30451.0,30444.75,30444.75,78
2026-09-24 07:42:00-04:00,30447.25,30447.25,30452.0,30445.75,30451.0,74
2026-09-24 07:43:00-04:00,30447.25,30447.25,30448.25,30441.25,30446.25,186
2026-09-24 07:44:00-04:00,30451.75,30451.75,30452.0,30446.0,30447.75,81
2026-09-24 07:45:00-04:00,30446.5,30446.5,30452.25,30444.0,30452.0,153
2026-09-24 07:46:00-04:00,30441.5,30441.5,30448.0,30440.0,30446.75,179
2026-09-24 07:47:00-04:00,30444.0,30444.0,30449.0,30438.5,30441.0,116
2026-09-24 07:48:00-04:00,30435.75,30435.75,30444.75,30432.75,30444.75,239
2026-09-24 07:49:00-04:00,30429.0,30429.0,30434.75,30428.0,30434.25,223
2026-09-24 07:50:00-04:00,30436.75,30436.75,30439.75,30429.25,30429.25,142
2026-09-24 07:51:00-04:00,30440.5,30440.5,30440.5,30432.0,30435.25,143
2026-09-24 07:52:00-04:00,30437.0,30437.0,30442.25,30432.75,30438.5,77
2026-09-24 07:53:00-04:00,30437.0,30437.0,30439.25,30432.5,30436.25,71
2026-09-24 07:54:00-04:00,30444.75,30444.75,30446.25,30435.5,30437.25,207
2026-09-24 07:55:00-04:00,30445.75,30445.75,30449.75,30440.25,30445.0,168
2026-09-24 07:56:00-04:00,30436.0,30436.0,30446.5,30432.25,30445.75,107
2026-09-24 07:57:00-04:00,30447.25,30447.25,30447.5,30434.5,30436.5,124
2026-09-24 07:58:00-04:00,30460.25,30460.25,30461.25,30447.0,30447.0,298
2026-09-24 07:59:00-04:00,30462.75,30462.75,30474.75,30458.25,30460.0,785
2026-09-24 08:00:00-04:00,30453.75,30453.75,30468.25,30452.5,30462.5,522
2026-09-24 08:01:00-04:00,30432.25,30432.25,30456.25,30420.25,30454.0,445
2026-09-24 08:02:00-04:00,30452.75,30452.75,30460.25,30429.0,30432.0,557
2026-09-24 08:03:00-04:00,30436.5,30436.5,30456.75,30434.5,30454.0,241
2026-09-24 08:04:00-04:00,30438.5,30438.5,30448.25,30434.25,30436.5,133
2026-09-24 08:05:00-04:00,30445.75,30445.75,30446.0,30438.0,30438.5,97
2026-09-24 08:06:00-04:00,30448.25,30448.25,30450.0,30442.5,30447.25,161
2026-09-24 08:07:00-04:00,30453.5,30453.5,30460.0,30446.75,30449.0,212
2026-09-24 08:08:00-04:00,30461.75,30461.75,30463.0,30452.5,30454.75,158
2026-09-24 08:09:00-04:00,30457.25,30457.25,30461.75,30455.5,30461.0,64
2026-09-24 08:10:00-04:00,30465.5,30465.5,30465.75,30456.5,30456.5,216
2026-09-24 08:11:00-04:00,30462.0,30462.0,30468.0,30461.25,30465.5,165
2026-09-24 08:12:00-04:00,30468.75,30468.75,30474.25,30462.25,30462.25,188
2026-09-24 08:13:00-04:00,30466.25,30466.25,30469.5,30465.5,30469.0,116
2026-09-24 08:14:00-04:00,30482.0,30482.0,30487.25,30464.75,30465.5,437
2026-09-24 08:15:00-04:00,30484.75,30484.75,30485.75,30478.25,30482.0,169
2026-09-24 08:16:00-04:00,30486.0,30486.0,30491.0,30478.75,30485.5,201
2026-09-24 08:17:00-04:00,30495.25,30495.25,30501.0,30486.75,30486.75,251
2026-09-24 08:18:00-04:00,30492.25,30492.25,30499.75,30489.75,30497.75,167
2026-09-24 08:19:00-04:00,30495.5,30495.5,30499.5,30488.75,30492.25,163
2026-09-24 08:20:00-04:00,30499.0,30499.0,30509.5,30496.25,30496.25,363
2026-09-24 08:21:00-04:00,30498.5,30498.5,30505.75,30497.5,30499.75,172
2026-09-24 08:22:00-04:00,30499.75,30499.75,30504.0,30495.75,30497.5,178
2026-09-24 08:23:00-04:00,30494.0,30494.0,30500.75,30490.0,30500.5,228
2026-09-24 08:24:00-04:00,30502.25,30502.25,30505.0,30488.5,30494.5,318
2026-09-24 08:25:00-04:00,30486.0,30486.0,30504.5,30457.25,30500.25,1990
2026-09-24 08:26:00-04:00,30463.5,30463.5,30486.0,30458.0,30485.25,581
2026-09-24 08:27:00-04:00,30468.0,30468.0,30477.75,30454.75,30462.75,691
2026-09-24 08:28:00-04:00,30475.25,30475.25,30475.5,30467.25,30467.25,89
2026-09-24 08:29:00-04:00,30471.75,30471.75,30476.75,30470.75,30474.5,129
2026-09-24 08:30:00-04:00,30476.25,30476.25,30482.5,30465.0,30473.0,552
2026-09-24 08:31:00-04:00,30455.5,30455.5,30476.5,30455.0,30475.5,329
2026-09-24 08:32:00-04:00,30452.75,30452.75,30461.25,30452.25,30458.0,256
2026-09-24 08:33:00-04:00,30446.0,30446.0,30457.5,30441.0,30452.0,561
2026-09-24 08:34:00-04:00,30437.25,30437.25,30451.0,30436.0,30446.0,323
2026-09-24 08:35:00-04:00,30429.0,30429.0,30441.25,30429.0,30437.5,354
2026-09-24 08:36:00-04:00,30431.25,30431.25,30436.75,30427.75,30430.0,471
2026-09-24 08:37:00-04:00,30427.0,30427.0,30440.25,30425.5,30431.25,446
2026-09-24 08:38:00-04:00,30427.25,30427.25,30428.25,30420.25,30427.25,378
2026-09-24 08:39:00-04:00,30436.75,30436.75,30437.25,30427.25,30427.25,287
2026-09-24 08:40:00-04:00,30441.25,30441.25,30451.75,30435.25,30435.75,470
2026-09-24 08:41:00-04:00,30462.75,30462.75,30464.25,30439.0,30441.25,446
2026-09-24 08:42:00-04:00,30463.5,30463.5,30478.75,30463.5,30463.5,576
2026-09-24 08:43:00-04:00,30472.5,30472.5,30473.0,30461.25,30464.0,227
2026-09-24 08:44:00-04:00,30473.0,30473.0,30478.75,30470.0,30471.75,289
2026-09-24 08:45:00-04:00,30470.25,30470.25,30480.0,30469.25,30472.5,325
2026-09-24 08:46:00-04:00,30467.5,30467.5,30470.25,30463.25,30469.75,327
2026-09-24 08:47:00-04:00,30468.0,30468.0,30471.25,30462.5,30467.25,209
2026-09-24 08:48:00-04:00,30480.25,30480.25,30481.0,30463.5,30468.25,294
2026-09-24 08:49:00-04:00,30475.75,30475.75,30481.0,30470.25,30480.25,151
2026-09-24 08:50:00-04:00,30461.75,30461.75,30474.25,30458.25,30474.0,237
2026-09-24 08:51:00-04:00,30466.25,30466.25,30471.5,30462.25,30462.25,161
2026-09-24 08:52:00-04:00,30472.25,30472.25,30474.5,30463.0,30466.0,167
2026-09-24 08:53:00-04:00,30464.75,30464.75,30474.25,30463.75,30471.25,115
2026-09-24 08:54:00-04:00,30482.0,30482.0,30483.75,30464.0,30464.75,431
2026-09-24 08:55:00-04:00,30488.0,30488.0,30488.25,30479.75,30482.0,303
2026-09-24 08:56:00-04:00,30476.25,30476.25,30497.5,30475.0,30488.0,428
2026-09-24 08:57:00-04:00,30491.0,30491.0,30491.75,30474.75,30475.5,426
2026-09-24 08:58:00-04:00,30485.75,30485.75,30491.5,30484.25,30491.0,141
2026-09-24 08:59:00-04:00,30485.25,30485.25,30488.25,30479.75,30485.0,372
2026-09-24 09:00:00-04:00,30495.75,30495.75,30495.75,30485.0,30486.5,407
2026-09-24 09:01:00-04:00,30496.0,30496.0,30501.5,30495.0,30496.0,342
2026-09-24 09:02:00-04:00,30509.25,30509.25,30511.0,30495.0,30495.75,738
2026-09-24 09:03:00-04:00,30498.25,30498.25,30509.75,30498.0,30509.25,823
2026-09-24 09:04:00-04:00,30498.75,30498.75,30504.5,30495.0,30499.0,372
2026-09-24 09:05:00-04:00,30491.5,30491.5,30499.75,30484.25,30498.5,412
2026-09-24 09:06:00-04:00,30493.0,30493.0,30498.75,30489.5,30491.75,215
2026-09-24 09:07:00-04:00,30492.25,30492.25,30498.0,30490.75,30493.0,123
2026-09-24 09:08:00-04:00,30493.5,30493.5,30499.25,30487.5,30490.75,145
2026-09-24 09:09:00-04:00,30501.25,30501.25,30502.25,30491.5,30492.5,165
2026-09-24 09:10:00-04:00,30504.75,30504.75,30508.0,30500.5,30501.75,236
2026-09-24 09:11:00-04:00,30517.0,30517.0,30518.25,30504.75,30505.25,414
2026-09-24 09:12:00-04:00,30508.75,30508.75,30519.5,30507.75,30516.75,321
2026-09-24 09:13:00-04:00,30510.75,30510.75,30514.75,30507.75,30509.25,241
2026-09-24 09:14:00-04:00,30510.0,30510.0,30513.75,30507.75,30511.5,119
2026-09-24 09:15:00-04:00,30505.75,30505.75,30512.25,30504.0,30509.5,279
2026-09-24 09:16:00-04:00,30510.5,30510.5,30512.25,30502.25,30506.75,237
2026-09-24 09:17:00-04:00,30518.0,30518.0,30520.75,30511.5,30511.5,239
2026-09-24 09:18:00-04:00,30521.0,30521.0,30522.5,30512.75,30518.25,321
2026-09-24 09:19:00-04:00,30519.0,30519.0,30521.0,30513.0,30520.5,164
2026-09-24 09:20:00-04:00,30513.75,30513.75,30520.0,30511.5,30518.0,196
2026-09-24 09:21:00-04:00,30506.25,30506.25,30513.75,30505.5,30513.5,279
2026-09-24 09:22:00-04:00,30511.25,30511.25,30512.5,30503.75,30505.75,199
2026-09-24 09:23:00-04:00,30510.0,30510.0,30511.25,30505.5,30511.25,180
2026-09-24 09:24:00-04:00,30510.5,30510.5,30512.75,30507.75,30509.0,180
2026-09-24 09:25:00-04:00,30512.75,30512.75,30515.25,30499.5,30510.0,645
2026-09-24 09:26:00-04:00,30513.0,30513.0,30519.25,30512.0,30512.5,390
2026-09-24 09:27:00-04:00,30526.0,30526.0,30526.5,30507.5,30512.75,835
2026-09-24 09:28:00-04:00,30518.5,30518.5,30525.25,30514.0,30525.25,798
2026-09-24 09:29:00-04:00,30519.25,30519.25,30522.5,30515.5,30519.5,868
2026-09-24 09:30:00-04:00,30516.0,30516.0,30532.5,30493.25,30519.0,6695
2026-09-24 09:31:00-04:00,30523.5,30523.5,30524.25,30497.5,30515.75,4087
2026-09-24 09:32:00-04:00,30505.5,30505.5,30544.75,30502.75,30524.0,4528
2026-09-24 09:33:00-04:00,30525.75,30525.75,30533.25,30502.25,30506.0,2980
2026-09-24 09:34:00-04:00,30540.0,30540.0,30551.25,30519.5,30524.75,2792
2026-09-24 09:35:00-04:00,30561.5,30561.5,30566.5,30536.0,30540.5,3757
2026-09-24 09:36:00-04:00,30580.5,30580.5,30593.25,30561.5,30561.5,3369
2026-09-24 09:37:00-04:00,30586.0,30586.0,30587.5,30564.0,30580.75,2255
2026-09-24 09:38:00-04:00,30604.5,30604.5,30606.5,30583.25,30586.25,2924
2026-09-24 09:39:00-04:00,30595.5,30595.5,30605.75,30590.75,30604.75,1926
2026-09-24 09:40:00-04:00,30590.5,30590.5,30597.75,30577.0,30596.0,2393
2026-09-24 09:41:00-04:00,30564.75,30564.75,30597.0,30562.5,30590.5,2361
2026-09-24 09:42:00-04:00,30564.5,30564.5,30582.5,30558.0,30565.75,2209
2026-09-24 09:43:00-04:00,30575.25,30575.25,30578.25,30562.25,30565.0,1648
2026-09-24 09:44:00-04:00,30583.25,30583.25,30586.75,30569.25,30574.25,1841
2026-09-24 09:45:00-04:00,30592.25,30592.25,30597.75,30569.25,30583.5,2837
2026-09-24 09:46:00-04:00,30603.75,30603.75,30608.25,30585.75,30592.25,2146
2026-09-24 09:47:00-04:00,30615.75,30615.75,30622.75,30602.0,30604.0,2682
2026-09-24 09:48:00-04:00,30584.75,30584.75,30616.75,30582.0,30615.75,2755
2026-09-24 09:49:00-04:00,30576.25,30576.25,30586.75,30566.75,30585.0,2381
2026-09-24 09:50:00-04:00,30574.75,30574.75,30586.0,30565.5,30576.5,2009
2026-09-24 09:51:00-04:00,30564.75,30564.75,30589.75,30562.25,30575.75,1667
2026-09-24 09:52:00-04:00,30575.5,30575.5,30587.25,30561.25,30564.25,1631
2026-09-24 09:53:00-04:00,30559.0,30559.0,30578.0,30558.25,30574.75,1699
2026-09-24 09:54:00-04:00,30545.25,30545.25,30562.75,30535.25,30559.0,2364
2026-09-24 09:55:00-04:00,30545.75,30545.75,30562.75,30543.0,30544.75,1964
2026-09-24 09:56:00-04:00,30549.25,30549.25,30552.25,30531.75,30545.25,1521
2026-09-24 09:57:00-04:00,30553.0,30553.0,30559.25,30546.5,30549.0,1161
2026-09-24 09:58:00-04:00,30560.0,30560.0,30566.75,30545.5,30552.75,1163
2026-09-24 09:59:00-04:00,30578.75,30578.75,30583.0,30557.5,30560.0,1538
2026-09-24 10:00:00-04:00,30596.25,30596.25,30608.0,30570.25,30579.0,2513
2026-09-24 10:01:00-04:00,30583.25,30583.25,30609.75,30581.0,30596.25,1754
2026-09-24 10:02:00-04:00,30589.5,30589.5,30596.5,30579.5,30584.25,1135
2026-09-24 10:03:00-04:00,30600.5,30600.5,30600.75,30585.5,30590.5,1050
2026-09-24 10:04:00-04:00,30606.75,30606.75,30611.5,30595.0,30600.0,1457
2026-09-24 10:05:00-04:00,30604.75,30604.75,30611.0,30599.0,30607.0,1001
2026-09-24 10:06:00-04:00,30597.5,30597.5,30606.75,30591.25,30605.0,1102
2026-09-24 10:07:00-04:00,30612.25,30612.25,30616.75,30595.0,30598.0,1212
2026-09-24 10:08:00-04:00,30599.5,30599.5,30613.0,30597.5,30613.0,905
2026-09-24 10:09:00-04:00,30599.0,30599.0,30608.5,30597.75,30599.25,690
2026-09-24 10:10:00-04:00,30594.5,30594.5,30600.0,30578.5,30599.5,1761
2026-09-24 10:11:00-04:00,30573.75,30573.75,30594.75,30569.5,30594.0,1223
2026-09-24 10:12:00-04:00,30570.25,30570.25,30577.5,30565.0,30574.0,1033
2026-09-24 10:13:00-04:00,30580.5,30580.5,30583.25,30567.5,30570.25,1020
2026-09-24 10:14:00-04:00,30586.25,30586.25,30588.5,30578.75,30580.25,896
2026-09-24 10:15:00-04:00,30572.0,30572.0,30595.75,30569.75,30586.0,1604
2026-09-24 10:16:00-04:00,30581.0,30581.0,30582.0,30566.25,30571.25,952
2026-09-24 10:17:00-04:00,30575.5,30575.5,30586.5,30562.5,30580.25,1540
2026-09-24 10:18:00-04:00,30595.5,30595.5,30598.75,30573.25,30575.5,1647
2026-09-24 10:19:00-04:00,30595.75,30595.75,30602.0,30589.25,30595.5,1180
2026-09-24 10:20:00-04:00,30599.75,30599.75,30602.0,30590.0,30596.5,876
2026-09-24 10:21:00-04:00,30592.0,30592.0,30607.0,30591.75,30599.0,991
2026-09-24 10:22:00-04:00,30596.0,30596.0,30601.5,30590.0,30592.25,739
2026-09-24 10:23:00-04:00,30609.25,30609.25,30617.75,30595.5,30596.0,1209
2026-09-24 10:24:00-04:00,30601.5,30601.5,30613.0,30597.25,30609.5,836
2026-09-24 10:25:00-04:00,30608.75,30608.75,30612.25,30595.0,30601.75,1049
2026-09-24 10:26:00-04:00,30614.5,30614.5,30616.25,30607.5,30608.75,1065
2026-09-24 10:27:00-04:00,30637.75,30637.75,30638.5,30609.25,30613.5,2317
2026-09-24 10:28:00-04:00,30631.75,30631.75,30637.5,30626.5,30637.25,1315
2026-09-24 10:29:00-04:00,30631.0,30631.0,30635.25,30619.0,30631.75,1411
2026-09-24 10:30:00-04:00,30607.25,30607.25,30630.5,30602.75,30630.0,1619
2026-09-24 10:31:00-04:00,30610.5,30610.5,30616.0,30604.0,30607.25,965
2026-09-24 10:32:00-04:00,30612.25,30612.25,30623.5,30606.0,30611.0,1200
2026-09-24 10:33:00-04:00,30620.75,30620.75,30627.0,30606.0,30612.5,1097
2026-09-24 10:34:00-04:00,30631.5,30631.5,30632.25,30618.25,30620.75,872
2026-09-24 10:35:00-04:00,30634.25,30634.25,30639.75,30619.25,30630.5,1049
2026-09-24 10:36:00-04:00,30613.5,30613.5,30634.75,30607.25,30634.25,1304
2026-09-24 10:37:00-04:00,30611.0,30611.0,30620.75,30606.75,30614.0,772
2026-09-24 10:38:00-04:00,30605.0,30605.0,30617.75,30603.5,30610.5,715
2026-09-24 10:39:00-04:00,30608.25,30608.25,30613.75,30598.0,30606.25,1166
2026-09-24 10:40:00-04:00,30604.25,30604.25,30612.75,30602.0,30607.75,759
2026-09-24 10:41:00-04:00,30597.5,30597.5,30607.5,30597.0,30606.0,672
2026-09-24 10:42:00-04:00,30602.25,30602.25,30615.75,30596.5,30598.0,989
2026-09-24 10:43:00-04:00,30587.25,30587.25,30603.0,30586.25,30603.0,1140
2026-09-24 10:44:00-04:00,30578.75,30578.75,30588.75,30572.0,30587.25,1489
2026-09-24 10:45:00-04:00,30575.0,30575.0,30582.75,30572.5,30579.75,1252
2026-09-24 10:46:00-04:00,30585.5,30585.5,30585.5,30568.75,30575.0,1076
2026-09-24 10:47:00-04:00,30603.25,30603.25,30607.0,30583.5,30584.75,1581
2026-09-24 10:48:00-04:00,30593.0,30593.0,30605.5,30592.0,30602.75,752
2026-09-24 10:49:00-04:00,30592.5,30592.5,30598.5,30587.0,30593.25,682
2026-09-24 10:50:00-04:00,30589.5,30589.5,30614.0,30588.25,30592.5,2020
2026-09-24 10:51:00-04:00,30586.5,30586.5,30594.5,30580.75,30589.0,1099
2026-09-24 10:52:00-04:00,30573.75,30573.75,30591.75,30572.25,30586.5,1065
2026-09-24 10:53:00-04:00,30572.0,30572.0,30574.75,30556.75,30573.25,1690
2026-09-24 10:54:00-04:00,30564.0,30564.0,30573.75,30560.0,30572.0,855
2026-09-24 10:55:00-04:00,30546.0,30546.0,30566.25,30544.0,30565.0,1440
2026-09-24 10:56:00-04:00,30551.0,30551.0,30551.75,30544.5,30546.0,794
2026-09-24 10:57:00-04:00,30545.75,30545.75,30552.75,30538.5,30550.75,997
2026-09-24 10:58:00-04:00,30543.25,30543.25,30547.5,30532.75,30545.0,1382
2026-09-24 10:59:00-04:00,30541.25,30541.25,30545.0,30532.5,30543.0,1023
2026-09-24 11:00:00-04:00,30543.5,30543.5,30552.25,30539.25,30542.25,1724
2026-09-24 11:01:00-04:00,30547.75,30547.75,30551.25,30543.0,30544.0,839
2026-09-24 11:02:00-04:00,30550.25,30550.25,30568.75,30545.5,30547.75,1575
2026-09-24 11:03:00-04:00,30561.75,30561.75,30563.5,30544.0,30551.5,1100
2026-09-24 11:04:00-04:00,30553.75,30553.75,30572.75,30549.5,30561.5,1149
2026-09-24 11:05:00-04:00,30543.75,30543.75,30558.5,30540.5,30553.25,1705
2026-09-24 11:06:00-04:00,30534.5,30534.5,30552.0,30530.5,30543.5,1396
2026-09-24 11:07:00-04:00,30529.5,30529.5,30535.0,30524.0,30534.75,1190
2026-09-24 11:08:00-04:00,30534.5,30534.5,30538.75,30525.25,30530.25,987
2026-09-24 11:09:00-04:00,30516.75,30516.75,30534.5,30514.75,30534.5,1113
2026-09-24 11:10:00-04:00,30525.5,30525.5,30528.0,30515.75,30516.5,885
2026-09-24 11:11:00-04:00,30529.25,30529.25,30530.0,30522.25,30525.0,774
2026-09-24 11:12:00-04:00,30519.5,30519.5,30538.25,30518.0,30529.0,1302
2026-09-24 11:13:00-04:00,30511.25,30511.25,30521.5,30505.5,30519.5,1524
2026-09-24 11:14:00-04:00,30511.25,30511.25,30517.25,30504.0,30511.5,1201
2026-09-24 11:15:00-04:00,30519.5,30519.5,30523.5,30505.5,30510.75,1478
2026-09-24 11:16:00-04:00,30533.5,30533.5,30546.75,30517.0,30519.0,2683
2026-09-24 11:17:00-04:00,30538.5,30538.5,30547.5,30528.0,30534.25,1193
2026-09-24 11:18:00-04:00,30523.25,30523.25,30539.75,30516.5,30539.5,1001
2026-09-24 11:19:00-04:00,30518.5,30518.5,30525.0,30512.75,30524.5,759
2026-09-24 11:20:00-04:00,30515.25,30515.25,30520.5,30509.75,30517.75,935
2026-09-24 11:21:00-04:00,30527.5,30527.5,30530.25,30514.5,30514.5,1060
2026-09-24 11:22:00-04:00,30532.75,30532.75,30532.75,30522.5,30528.0,942
2026-09-24 11:23:00-04:00,30543.75,30543.75,30546.0,30529.75,30533.0,1224
2026-09-24 11:24:00-04:00,30554.5,30554.5,30557.75,30543.0,30543.75,1180
2026-09-24 11:25:00-04:00,30532.25,30532.25,30555.5,30528.0,30554.75,1411
2026-09-24 11:26:00-04:00,30521.0,30521.0,30533.75,30519.5,30532.25,989
2026-09-24 11:27:00-04:00,30520.75,30520.75,30523.5,30514.0,30521.5,848
2026-09-24 11:28:00-04:00,30510.5,30510.5,30522.25,30509.25,30520.0,774
2026-09-24 11:29:00-04:00,30513.5,30513.5,30517.25,30506.75,30510.0,837
2026-09-24 11:30:00-04:00,30506.5,30506.5,30518.25,30503.75,30514.25,948
2026-09-24 11:31:00-04:00,30510.75,30510.75,30515.75,30506.0,30506.75,742
2026-09-24 11:32:00-04:00,30517.25,30517.25,30520.0,30502.5,30509.5,1090
2026-09-24 11:33:00-04:00,30519.5,30519.5,30522.0,30511.75,30518.0,543
2026-09-24 11:34:00-04:00,30521.0,30521.0,30526.75,30517.5,30519.75,892
2026-09-24 11:35:00-04:00,30530.75,30530.75,30537.25,30519.75,30521.75,1125
2026-09-24 11:36:00-04:00,30535.0,30535.0,30542.75,30530.0,30531.25,1291
2026-09-24 11:37:00-04:00,30540.0,30540.0,30542.25,30534.25,30535.25,720
2026-09-24 11:38:00-04:00,30531.25,30531.25,30543.75,30530.5,30540.0,640
2026-09-24 11:39:00-04:00,30526.0,30526.0,30531.5,30515.5,30531.0,1092
2026-09-24 11:40:00-04:00,30519.5,30519.5,30530.25,30518.75,30526.0,636
2026-09-24 11:41:00-04:00,30523.5,30523.5,30528.5,30518.0,30519.25,568
2026-09-24 11:42:00-04:00,30516.0,30516.0,30525.25,30509.75,30523.0,710
2026-09-24 11:43:00-04:00,30528.5,30528.5,30528.75,30513.75,30515.75,720
2026-09-24 11:44:00-04:00,30537.25,30537.25,30540.5,30527.25,30528.0,875
2026-09-24 11:45:00-04:00,30545.0,30545.0,30550.0,30537.5,30537.75,951
2026-09-24 11:46:00-04:00,30537.75,30537.75,30544.75,30535.0,30544.75,778
2026-09-24 11:47:00-04:00,30527.75,30527.75,30546.5,30526.75,30538.25,621
2026-09-24 11:48:00-04:00,30514.0,30514.0,30532.25,30513.25,30527.5,888
2026-09-24 11:49:00-04:00,30516.75,30516.75,30520.0,30506.75,30514.0,955
2026-09-24 11:50:00-04:00,30545.25,30545.25,30546.25,30514.75,30516.75,1301
2026-09-24 11:51:00-04:00,30550.0,30550.0,30553.25,30542.25,30546.0,1129
2026-09-24 11:52:00-04:00,30559.5,30559.5,30562.0,30549.5,30549.5,1259
2026-09-24 11:53:00-04:00,30556.75,30556.75,30568.0,30554.5,30560.0,1011
2026-09-24 11:54:00-04:00,30566.75,30566.75,30567.75,30553.5,30556.75,1092
2026-09-24 11:55:00-04:00,30559.25,30559.25,30569.5,30559.0,30567.0,734
2026-09-24 11:56:00-04:00,30555.0,30555.0,30559.0,30546.0,30558.75,1432
2026-09-24 11:57:00-04:00,30554.0,30554.0,30556.0,30546.75,30554.75,610
2026-09-24 11:58:00-04:00,30559.75,30559.75,30561.75,30552.75,30553.75,695
2026-09-24 11:59:00-04:00,30554.75,30554.75,30562.75,30553.25,30560.0,568
2026-09-24 12:00:00-04:00,30528.75,30528.75,30556.75,30526.5,30554.0,1349
2026-09-24 12:01:00-04:00,30532.0,30532.0,30539.25,30523.25,30529.25,846
2026-09-24 12:02:00-04:00,30533.75,30533.75,30538.25,30527.0,30531.5,465
2026-09-24 12:03:00-04:00,30532.0,30532.0,30534.25,30525.5,30533.25,405
2026-09-24 12:04:00-04:00,30539.75,30539.75,30540.0,30527.0,30530.75,457
2026-09-24 12:05:00-04:00,30541.75,30541.75,30542.0,30530.5,30539.0,603
2026-09-24 12:06:00-04:00,30531.5,30531.5,30541.75,30524.75,30541.5,667
2026-09-24 12:07:00-04:00,30523.5,30523.5,30532.5,30517.5,30531.25,717
2026-09-24 12:08:00-04:00,30524.25,30524.25,30525.25,30518.0,30523.0,393
2026-09-24 12:09:00-04:00,30522.75,30522.75,30525.75,30516.75,30524.0,368
2026-09-24 12:10:00-04:00,30522.0,30522.0,30528.0,30520.0,30522.5,487
2026-09-24 12:11:00-04:00,30509.5,30509.5,30522.0,30506.5,30521.75,764
2026-09-24 12:12:00-04:00,30511.25,30511.25,30518.25,30509.25,30510.0,545
2026-09-24 12:13:00-04:00,30522.75,30522.75,30523.75,30507.75,30511.5,605
2026-09-24 12:14:00-04:00,30559.0,30559.0,30561.25,30521.5,30522.5,1399
2026-09-24 12:15:00-04:00,30625.0,30625.0,30632.0,30556.0,30559.75,8140
2026-09-24 12:16:00-04:00,30700.0,30700.0,30714.0,30617.75,30625.0,8547
2026-09-24 12:17:00-04:00,30712.5,30712.5,30724.75,30680.0,30699.25,5490
2026-09-24 12:18:00-04:00,30695.25,30695.25,30748.0,30693.0,30711.75,5498
2026-09-24 12:19:00-04:00,30682.75,30682.75,30710.0,30664.75,30694.5,4060
2026-09-24 12:20:00-04:00,30693.5,30693.5,30708.75,30677.75,30682.5,3258
2026-09-24 12:21:00-04:00,30676.25,30676.25,30694.25,30671.5,30693.25,2115
2026-09-24 12:22:00-04:00,30699.75,30699.75,30703.75,30676.25,30677.0,2031
2026-09-24 12:23:00-04:00,30687.0,30687.0,30706.75,30682.5,30700.5,2538
2026-09-24 12:24:00-04:00,30689.0,30689.0,30696.25,30676.75,30687.0,1405
2026-09-24 12:25:00-04:00,30655.5,30655.5,30698.5,30653.75,30689.5,1879
2026-09-24 12:26:00-04:00,30669.25,30669.25,30674.5,30653.75,30655.75,1477
2026-09-24 12:27:00-04:00,30690.25,30690.25,30692.0,30651.0,30669.75,1685
2026-09-24 12:28:00-04:00,30703.5,30703.5,30710.0,30688.0,30690.0,2096
2026-09-24 12:29:00-04:00,30698.0,30698.0,30705.25,30693.0,30703.25,1071
2026-09-24 12:30:00-04:00,30694.5,30694.5,30701.25,30689.25,30696.75,1098
2026-09-24 12:31:00-04:00,30674.0,30674.0,30701.5,30673.75,30695.0,1196
2026-09-24 12:32:00-04:00,30671.0,30671.0,30676.25,30661.25,30674.25,1134
2026-09-24 12:33:00-04:00,30684.0,30684.0,30686.5,30668.75,30671.5,1111
2026-09-24 12:34:00-04:00,30684.75,30684.75,30687.25,30671.75,30682.25,1038
2026-09-24 12:35:00-04:00,30703.5,30703.5,30705.75,30681.25,30685.0,1182
2026-09-24 12:36:00-04:00,30734.5,30734.5,30735.0,30703.0,30703.75,1734
2026-09-24 12:37:00-04:00,30736.25,30736.25,30749.0,30733.75,30734.25,1743
2026-09-24 12:38:00-04:00,30735.25,30735.25,30741.75,30731.75,30736.25,900
2026-09-24 12:39:00-04:00,30746.5,30746.5,30747.5,30733.75,30735.75,928
2026-09-24 12:40:00-04:00,30776.75,30776.75,30777.75,30737.75,30746.5,1782
2026-09-24 12:41:00-04:00,30795.75,30795.75,30795.75,30776.75,30777.25,2136
2026-09-24 12:42:00-04:00,30811.0,30811.0,30815.0,30795.25,30795.25,2049
2026-09-24 12:43:00-04:00,30787.25,30787.25,30813.5,30784.25,30811.5,1889
2026-09-24 12:44:00-04:00,30746.25,30746.25,30792.0,30744.75,30787.5,1836
2026-09-24 12:45:00-04:00,30738.0,30738.0,30751.5,30725.75,30746.75,2403
2026-09-24 12:46:00-04:00,30747.25,30747.25,30752.5,30733.0,30738.25,2001
2026-09-24 12:47:00-04:00,30743.0,30743.0,30750.5,30733.0,30747.0,1609
2026-09-24 12:48:00-04:00,30775.75,30775.75,30780.5,30744.0,30744.0,1815
2026-09-24 12:49:00-04:00,30786.0,30786.0,30792.5,30769.75,30776.0,1437
2026-09-24 12:50:00-04:00,30781.5,30781.5,30792.75,30774.5,30786.0,1548
2026-09-24 12:51:00-04:00,30793.75,30793.75,30805.75,30781.25,30782.0,1588
2026-09-24 12:52:00-04:00,30766.75,30766.75,30796.25,30762.75,30793.5,1361
2026-09-24 12:53:00-04:00,30756.0,30756.0,30770.75,30749.75,30767.0,1185
2026-09-24 12:54:00-04:00,30763.0,30763.0,30771.25,30751.5,30756.5,1075
2026-09-24 12:55:00-04:00,30768.25,30768.25,30777.5,30759.0,30762.75,1057
2026-09-24 12:56:00-04:00,30798.5,30798.5,30799.0,30765.25,30768.0,1206
2026-09-24 12:57:00-04:00,30796.25,30796.25,30815.75,30796.25,30798.25,1509
2026-09-24 12:58:00-04:00,30799.5,30799.5,30805.25,30794.75,30797.25,1108
2026-09-24 12:59:00-04:00,30792.25,30792.25,30801.25,30790.5,30800.0,810
2026-09-24 13:00:00-04:00,30772.75,30772.75,30792.25,30766.0,30792.25,1502
2026-09-24 13:01:00-04:00,30785.75,30785.75,30795.75,30768.5,30772.5,1109
2026-09-24 13:02:00-04:00,30788.0,30788.0,30788.25,30758.5,30785.75,1497
2026-09-24 13:03:00-04:00,30805.5,30805.5,30818.5,30787.0,30788.25,2295
2026-09-24 13:04:00-04:00,30807.0,30807.0,30808.5,30784.5,30805.25,2110
2026-09-24 13:05:00-04:00,30805.75,30805.75,30827.5,30801.25,30806.25,2037
2026-09-24 13:06:00-04:00,30803.25,30803.25,30815.0,30798.25,30806.25,1163
2026-09-24 13:07:00-04:00,30797.25,30797.25,30813.75,30795.75,30803.5,854
2026-09-24 13:08:00-04:00,30805.0,30805.0,30805.75,30789.75,30796.75,1072
2026-09-24 13:09:00-04:00,30792.25,30792.25,30805.25,30791.0,30804.25,693
2026-09-24 13:10:00-04:00,30772.75,30772.75,30792.75,30763.75,30792.25,2676
2026-09-24 13:11:00-04:00,30772.0,30772.0,30777.25,30762.0,30773.5,1219
2026-09-24 13:12:00-04:00,30765.25,30765.25,30775.75,30762.5,30771.25,864
2026-09-24 13:13:00-04:00,30783.25,30783.25,30783.25,30757.0,30765.25,1099
2026-09-24 13:14:00-04:00,30790.25,30790.25,30796.0,30780.5,30782.5,946
2026-09-24 13:15:00-04:00,30772.75,30772.75,30793.25,30768.75,30790.0,988
2026-09-24 13:16:00-04:00,30770.75,30770.75,30782.5,30769.25,30772.25,591
2026-09-24 13:17:00-04:00,30764.75,30764.75,30780.25,30764.25,30770.75,619
2026-09-24 13:18:00-04:00,30783.0,30783.0,30789.0,30765.5,30765.5,755
2026-09-24 13:19:00-04:00,30747.25,30747.25,30782.5,30745.5,30782.0,1979
2026-09-24 13:20:00-04:00,30746.25,30746.25,30748.25,30733.25,30746.75,1333
2026-09-24 13:21:00-04:00,30745.5,30745.5,30753.75,30740.0,30746.25,874
2026-09-24 13:22:00-04:00,30753.5,30753.5,30761.0,30744.0,30745.75,976
2026-09-24 13:23:00-04:00,30751.0,30751.0,30759.25,30743.75,30751.5,744
2026-09-24 13:24:00-04:00,30736.5,30736.5,30761.0,30733.75,30749.75,841
2026-09-24 13:25:00-04:00,30722.75,30722.75,30740.0,30721.5,30736.75,1060
2026-09-24 13:26:00-04:00,30707.0,30707.0,30727.0,30700.25,30722.75,1447
2026-09-24 13:27:00-04:00,30714.75,30714.75,30718.25,30705.0,30706.75,986
2026-09-24 13:28:00-04:00,30733.75,30733.75,30736.75,30714.5,30715.5,1284
2026-09-24 13:29:00-04:00,30735.75,30735.75,30739.75,30730.75,30733.25,835
2026-09-24 13:30:00-04:00,30750.75,30750.75,30754.5,30732.75,30735.0,1514
2026-09-24 13:31:00-04:00,30752.5,30752.5,30760.75,30745.75,30750.0,867
2026-09-24 13:32:00-04:00,30747.5,30747.5,30755.5,30740.25,30752.0,823
2026-09-24 13:33:00-04:00,30738.0,30738.0,30746.75,30732.0,30746.75,844
2026-09-24 13:34:00-04:00,30718.25,30718.25,30738.25,30717.0,30738.0,1004
2026-09-24 13:35:00-04:00,30716.5,30716.5,30727.75,30714.25,30717.75,737
2026-09-24 13:36:00-04:00,30720.0,30720.0,30726.5,30714.0,30716.0,594
2026-09-24 13:37:00-04:00,30709.75,30709.75,30723.75,30707.75,30719.25,798
2026-09-24 13:38:00-04:00,30706.0,30706.0,30713.0,30698.0,30709.25,779
2026-09-24 13:39:00-04:00,30712.75,30712.75,30721.25,30705.75,30706.5,787
2026-09-24 13:40:00-04:00,30715.25,30715.25,30724.0,30712.25,30712.5,715
2026-09-24 13:41:00-04:00,30707.75,30707.75,30720.0,30702.75,30714.5,1142
2026-09-24 13:42:00-04:00,30707.75,30707.75,30723.25,30706.5,30709.0,660
2026-09-24 13:43:00-04:00,30679.75,30679.75,30708.75,30673.25,30708.0,1730
2026-09-24 13:44:00-04:00,30673.25,30673.25,30685.5,30672.25,30679.25,984
2026-09-24 13:45:00-04:00,30679.5,30679.5,30682.25,30665.75,30673.25,1343
2026-09-24 13:46:00-04:00,30689.25,30689.25,30694.75,30678.0,30680.0,1001
2026-09-24 13:47:00-04:00,30704.75,30704.75,30705.25,30686.25,30689.0,1095
2026-09-24 13:48:00-04:00,30694.25,30694.25,30707.0,30690.5,30703.75,976
2026-09-24 13:49:00-04:00,30701.75,30701.75,30708.25,30693.5,30695.0,751
2026-09-24 13:50:00-04:00,30697.25,30697.25,30705.5,30694.0,30701.5,669
2026-09-24 13:51:00-04:00,30692.25,30692.25,30703.75,30690.75,30698.75,521
2026-09-24 13:52:00-04:00,30687.5,30687.5,30702.0,30683.25,30692.25,834
2026-09-24 13:53:00-04:00,30681.25,30681.25,30694.0,30680.25,30687.25,813
2026-09-24 13:54:00-04:00,30681.75,30681.75,30685.75,30670.75,30681.5,1345
2026-09-24 13:55:00-04:00,30672.75,30672.75,30687.5,30672.75,30682.5,652
2026-09-24 13:56:00-04:00,30696.75,30696.75,30704.0,30672.75,30673.0,1254
2026-09-24 13:57:00-04:00,30691.25,30691.25,30697.25,30685.0,30696.75,894
2026-09-24 13:58:00-04:00,30693.25,30693.25,30693.75,30681.5,30690.75,507
2026-09-24 13:59:00-04:00,30696.75,30696.75,30705.5,30690.25,30692.75,807
2026-09-24 14:00:00-04:00,30686.0,30686.0,30698.5,30685.25,30697.5,881
2026-09-24 14:01:00-04:00,30664.75,30664.75,30688.5,30655.0,30687.0,1754
2026-09-24 14:02:00-04:00,30650.75,30650.75,30665.0,30647.0,30665.0,1456
2026-09-24 14:03:00-04:00,30633.75,30633.75,30651.0,30623.25,30651.0,2012
2026-09-24 14:04:00-04:00,30627.0,30627.0,30643.0,30622.0,30634.25,1259
2026-09-24 14:05:00-04:00,30638.75,30638.75,30642.75,30626.5,30627.0,1095
2026-09-24 14:06:00-04:00,30657.25,30657.25,30662.5,30628.0,30637.25,1854
2026-09-24 14:07:00-04:00,30657.5,30657.5,30668.25,30647.75,30656.5,1174
2026-09-24 14:08:00-04:00,30679.75,30679.75,30690.75,30657.75,30657.75,1911
2026-09-24 14:09:00-04:00,30683.5,30683.5,30690.75,30678.5,30679.25,717
2026-09-24 14:10:00-04:00,30682.0,30682.0,30693.0,30678.0,30683.75,836
2026-09-24 14:11:00-04:00,30693.5,30693.5,30705.0,30682.0,30682.0,1341
2026-09-24 14:12:00-04:00,30682.25,30682.25,30694.75,30680.75,30693.25,683
2026-09-24 14:13:00-04:00,30683.75,30683.75,30687.75,30677.5,30682.0,643
2026-09-24 14:14:00-04:00,30695.75,30695.75,30697.75,30682.0,30683.5,692
2026-09-24 14:15:00-04:00,30699.25,30699.25,30702.5,30689.75,30695.5,698
2026-09-24 14:16:00-04:00,30713.0,30713.0,30719.75,30697.75,30698.5,1366
2026-09-24 14:17:00-04:00,30720.0,30720.0,30721.25,30710.75,30713.25,944
2026-09-24 14:18:00-04:00,30711.75,30711.75,30729.5,30709.25,30720.5,1262
2026-09-24 14:19:00-04:00,30714.0,30714.0,30716.0,30706.5,30711.5,507
2026-09-24 14:20:00-04:00,30697.5,30697.5,30718.0,30693.75,30714.0,934
2026-09-24 14:21:00-04:00,30707.25,30707.25,30710.25,30696.0,30696.75,715
2026-09-24 14:22:00-04:00,30705.75,30705.75,30712.5,30705.25,30707.5,492
2026-09-24 14:23:00-04:00,30720.0,30720.0,30724.0,30704.0,30706.25,632
2026-09-24 14:24:00-04:00,30717.5,30717.5,30719.75,30714.5,30719.75,341
2026-09-24 14:25:00-04:00,30732.25,30732.25,30746.75,30715.25,30716.5,2395
2026-09-24 14:26:00-04:00,30743.25,30743.25,30753.0,30732.0,30732.25,1533
2026-09-24 14:27:00-04:00,30738.75,30738.75,30745.25,30736.0,30743.0,913
2026-09-24 14:28:00-04:00,30741.5,30741.5,30748.5,30735.75,30739.0,774
2026-09-24 14:29:00-04:00,30740.5,30740.5,30746.75,30736.75,30741.5,481
2026-09-24 14:30:00-04:00,30740.75,30740.75,30746.5,30736.0,30740.25,601
2026-09-24 14:31:00-04:00,30732.5,30732.5,30741.75,30722.5,30740.5,1008
2026-09-24 14:32:00-04:00,30724.0,30724.0,30733.0,30717.25,30733.0,820
2026-09-24 14:33:00-04:00,30726.0,30726.0,30732.75,30723.5,30724.25,424
2026-09-24 14:34:00-04:00,30717.75,30717.75,30731.0,30717.75,30727.0,375
2026-09-24 14:35:00-04:00,30707.25,30707.25,30719.5,30703.5,30717.25,812
2026-09-24 14:36:00-04:00,30713.5,30713.5,30719.25,30705.0,30706.5,613
2026-09-24 14:37:00-04:00,30715.5,30715.5,30721.75,30710.75,30713.25,653
2026-09-24 14:38:00-04:00,30757.75,30757.75,30759.75,30715.0,30715.25,3359
2026-09-24 14:39:00-04:00,30753.0,30753.0,30783.25,30745.75,30759.5,3193
2026-09-24 14:40:00-04:00,30738.0,30738.0,30752.5,30730.0,30752.5,939
2026-09-24 14:41:00-04:00,30740.25,30740.25,30743.0,30731.0,30737.5,575
2026-09-24 14:42:00-04:00,30734.25,30734.25,30746.25,30727.5,30740.25,653
2026-09-24 14:43:00-04:00,30735.0,30735.0,30735.0,30724.5,30734.0,467
2026-09-24 14:44:00-04:00,30736.75,30736.75,30741.0,30730.75,30734.0,546
2026-09-24 14:45:00-04:00,30744.75,30744.75,30750.75,30736.0,30736.5,569
2026-09-24 14:46:00-04:00,30746.75,30746.75,30749.0,30741.75,30745.0,436
2026-09-24 14:47:00-04:00,30744.5,30744.5,30750.25,30742.25,30747.0,283
2026-09-24 14:48:00-04:00,30748.0,30748.0,30752.25,30741.0,30744.0,323
2026-09-24 14:49:00-04:00,30747.5,30747.5,30750.25,30741.5,30747.75,332
2026-09-24 14:50:00-04:00,30762.5,30762.5,30768.25,30744.25,30746.75,1240
2026-09-24 14:51:00-04:00,30758.5,30758.5,30763.0,30750.25,30762.75,597
2026-09-24 14:52:00-04:00,30771.5,30771.5,30776.5,30758.0,30758.0,760
2026-09-24 14:53:00-04:00,30766.75,30766.75,30771.0,30763.25,30771.0,527
2026-09-24 14:54:00-04:00,30765.75,30765.75,30768.75,30763.25,30766.75,332
2026-09-24 14:55:00-04:00,30775.5,30775.5,30779.25,30765.5,30766.5,718
2026-09-24 14:56:00-04:00,30785.0,30785.0,30788.25,30774.5,30775.75,672
2026-09-24 14:57:00-04:00,30788.5,30788.5,30792.5,30783.75,30785.0,602
2026-09-24 14:58:00-04:00,30788.0,30788.0,30791.75,30781.5,30789.5,658
2026-09-24 14:59:00-04:00,30779.75,30779.75,30791.25,30776.5,30788.25,576
2026-09-24 15:00:00-04:00,30774.25,30774.25,30784.0,30767.75,30779.5,1447
2026-09-24 15:01:00-04:00,30757.75,30757.75,30775.75,30749.5,30774.75,2029
2026-09-24 15:02:00-04:00,30742.25,30742.25,30761.25,30739.75,30757.75,1039
2026-09-24 15:03:00-04:00,30728.0,30728.0,30744.0,30727.75,30742.5,804
2026-09-24 15:04:00-04:00,30734.5,30734.5,30735.0,30726.5,30728.25,733
2026-09-24 15:05:00-04:00,30743.75,30743.75,30743.75,30732.25,30734.25,709
2026-09-24 15:06:00-04:00,30739.0,30739.0,30746.5,30737.25,30743.25,603
2026-09-24 15:07:00-04:00,30742.5,30742.5,30746.0,30732.75,30738.0,396
2026-09-24 15:08:00-04:00,30739.25,30739.25,30748.75,30739.0,30743.25,344
2026-09-24 15:09:00-04:00,30738.75,30738.75,30742.25,30733.25,30739.75,450
2026-09-24 15:10:00-04:00,30728.5,30728.5,30744.25,30726.75,30738.5,634
2026-09-24 15:11:00-04:00,30729.5,30729.5,30733.25,30724.0,30728.25,608
2026-09-24 15:12:00-04:00,30733.75,30733.75,30735.0,30726.25,30729.75,497
2026-09-24 15:13:00-04:00,30738.25,30738.25,30742.5,30731.25,30733.25,575
2026-09-24 15:14:00-04:00,30726.5,30726.5,30739.25,30725.5,30737.5,497
2026-09-24 15:15:00-04:00,30739.0,30739.0,30742.25,30726.75,30726.75,1033
2026-09-24 15:16:00-04:00,30753.0,30753.0,30754.75,30737.75,30739.25,724
2026-09-24 15:17:00-04:00,30755.75,30755.75,30759.75,30750.5,30754.0,775
2026-09-24 15:18:00-04:00,30763.25,30763.25,30768.0,30754.75,30755.0,789
2026-09-24 15:19:00-04:00,30762.0,30762.0,30764.75,30752.25,30763.75,1470
2026-09-24 15:20:00-04:00,30755.5,30755.5,30765.5,30755.0,30761.75,398
2026-09-24 15:21:00-04:00,30761.0,30761.0,30761.0,30749.5,30755.75,454
2026-09-24 15:22:00-04:00,30760.0,30760.0,30764.0,30757.75,30760.5,412
2026-09-24 15:23:00-04:00,30760.5,30760.5,30760.5,30753.75,30759.0,242
2026-09-24 15:24:00-04:00,30766.5,30766.5,30769.0,30759.5,30760.0,497
2026-09-24 15:25:00-04:00,30766.25,30766.25,30772.5,30765.25,30766.75,482
2026-09-24 15:26:00-04:00,30770.0,30770.0,30771.0,30762.0,30766.0,432
2026-09-24 15:27:00-04:00,30761.5,30761.5,30769.25,30761.5,30768.25,325
2026-09-24 15:28:00-04:00,30758.75,30758.75,30765.25,30757.25,30761.75,493
2026-09-24 15:29:00-04:00,30750.75,30750.75,30759.5,30745.25,30758.0,666
2026-09-24 15:30:00-04:00,30753.75,30753.75,30757.25,30747.5,30749.75,694
2026-09-24 15:31:00-04:00,30764.0,30764.0,30764.0,30752.25,30754.0,524
2026-09-24 15:32:00-04:00,30749.75,30749.75,30764.25,30747.0,30764.0,592
2026-09-24 15:33:00-04:00,30756.5,30756.5,30756.75,30750.25,30750.5,335
2026-09-24 15:34:00-04:00,30767.75,30767.75,30768.25,30754.5,30756.5,492
2026-09-24 15:35:00-04:00,30757.25,30757.25,30768.75,30752.25,30767.25,501
2026-09-24 15:36:00-04:00,30761.5,30761.5,30764.5,30757.0,30757.0,348
2026-09-24 15:37:00-04:00,30751.75,30751.75,30761.75,30748.5,30761.75,359
2026-09-24 15:38:00-04:00,30754.25,30754.25,30758.0,30749.5,30752.0,270
2026-09-24 15:39:00-04:00,30763.25,30763.25,30764.0,30753.75,30755.25,459
2026-09-24 15:40:00-04:00,30756.25,30756.25,30769.75,30756.0,30763.25,568
2026-09-24 15:41:00-04:00,30761.75,30761.75,30762.75,30754.5,30756.25,382
2026-09-24 15:42:00-04:00,30754.0,30754.0,30762.25,30753.0,30761.75,270
2026-09-24 15:43:00-04:00,30756.25,30756.25,30759.5,30750.25,30754.0,354
2026-09-24 15:44:00-04:00,30753.0,30753.0,30760.5,30750.0,30756.75,372
2026-09-24 15:45:00-04:00,30753.0,30753.0,30759.25,30747.75,30752.75,587
2026-09-24 15:46:00-04:00,30757.25,30757.25,30758.5,30751.0,30753.0,529
2026-09-24 15:47:00-04:00,30756.75,30756.75,30762.25,30756.0,30756.75,329
2026-09-24 15:48:00-04:00,30752.25,30752.25,30757.5,30749.75,30757.0,417
2026-09-24 15:49:00-04:00,30747.5,30747.5,30755.75,30746.25,30752.0,710
2026-09-24 15:50:00-04:00,30757.5,30757.5,30774.5,30747.25,30747.25,1885
2026-09-24 15:51:00-04:00,30777.25,30777.25,30781.5,30755.25,30757.25,1162
2026-09-24 15:52:00-04:00,30780.75,30780.75,30783.5,30774.25,30777.5,688
2026-09-24 15:53:00-04:00,30782.75,30782.75,30791.0,30780.25,30781.0,1065
2026-09-24 15:54:00-04:00,30779.0,30779.0,30785.25,30774.0,30783.25,1605
2026-09-24 15:55:00-04:00,30776.25,30776.25,30780.5,30764.75,30779.5,1654
2026-09-24 15:56:00-04:00,30770.75,30770.75,30783.0,30768.25,30776.75,770
2026-09-24 15:57:00-04:00,30769.0,30769.0,30771.5,30765.0,30771.0,812
2026-09-24 15:58:00-04:00,30768.5,30768.5,30776.5,30768.0,30769.25,1690
2026-09-24 15:59:00-04:00,30757.0,30757.0,30777.5,30756.75,30768.25,7671
2026-09-24 16:00:00-04:00,30746.0,30746.0,30762.0,30745.5,30757.0,2765
2026-09-24 16:01:00-04:00,30733.25,30733.25,30746.25,30732.5,30746.0,1058
2026-09-24 16:02:00-04:00,30726.5,30726.5,30734.5,30723.25,30732.25,659
2026-09-24 16:03:00-04:00,30724.25,30724.25,30728.25,30722.75,30726.75,273
2026-09-24 16:04:00-04:00,30727.75,30727.75,30728.0,30724.25,30724.5,245
2026-09-24 16:05:00-04:00,30727.5,30727.5,30729.75,30725.25,30728.0,216
2026-09-24 16:06:00-04:00,30728.25,30728.25,30729.25,30723.75,30727.75,212
2026-09-24 16:07:00-04:00,30730.25,30730.25,30732.75,30726.25,30728.75,293
2026-09-24 16:08:00-04:00,30731.75,30731.75,30733.75,30730.0,30730.75,149
2026-09-24 16:09:00-04:00,30728.75,30728.75,30734.25,30727.75,30731.5,244
2026-09-24 16:10:00-04:00,30718.0,30718.0,30730.0,30717.25,30728.75,414
2026-09-24 16:11:00-04:00,30712.75,30712.75,30718.25,30710.5,30717.75,319
2026-09-24 16:12:00-04:00,30715.5,30715.5,30717.25,30713.0,30713.0,190
2026-09-24 16:13:00-04:00,30708.0,30708.0,30715.5,30705.75,30715.5,294
2026-09-24 16:14:00-04:00,30698.0,30698.0,30712.0,30696.5,30708.25,540
2026-09-24 16:15:00-04:00,30692.25,30692.25,30710.0,30692.25,30698.0,681
2026-09-24 16:16:00-04:00,30681.75,30681.75,30698.5,30677.75,30693.25,498
2026-09-24 16:17:00-04:00,30681.0,30681.0,30686.75,30674.5,30682.0,383
2026-09-24 16:18:00-04:00,30679.75,30679.75,30685.5,30672.0,30680.25,502
2026-09-24 16:19:00-04:00,30680.25,30680.25,30686.0,30676.75,30679.25,276
2026-09-24 16:20:00-04:00,30676.25,30676.25,30682.5,30675.25,30679.75,186
2026-09-24 16:21:00-04:00,30675.0,30675.0,30676.5,30670.75,30675.0,318
2026-09-24 16:22:00-04:00,30673.5,30673.5,30679.5,30671.0,30675.5,167
2026-09-24 16:23:00-04:00,30674.5,30674.5,30675.75,30671.75,30674.25,196
2026-09-24 16:24:00-04:00,30673.5,30673.5,30680.0,30671.5,30674.25,200
2026-09-24 16:25:00-04:00,30677.5,30677.5,30677.5,30665.5,30672.0,257
2026-09-24 16:26:00-04:00,30672.5,30672.5,30680.5,30670.0,30676.5,195
2026-09-24 16:27:00-04:00,30670.25,30670.25,30673.5,30668.5,30673.25,134
2026-09-24 16:28:00-04:00,30668.75,30668.75,30674.75,30667.5,30670.0,147
2026-09-24 16:29:00-04:00,30666.75,30666.75,30669.25,30662.25,30669.25,213
2026-09-24 16:30:00-04:00,30671.5,30671.5,30672.5,30664.0,30666.25,198
2026-09-24 16:31:00-04:00,30672.75,30672.75,30675.5,30668.5,30671.75,164
2026-09-24 16:32:00-04:00,30674.25,30674.25,30678.5,30672.5,30672.75,125
2026-09-24 16:33:00-04:00,30678.25,30678.25,30679.25,30674.0,30675.5,85
2026-09-24 16:34:00-04:00,30680.25,30680.25,30684.75,30676.75,30677.75,147
2026-09-24 16:35:00-04:00,30678.25,30678.25,30683.75,30678.25,30680.5,139
2026-09-24 16:36:00-04:00,30684.5,30684.5,30686.5,30677.75,30678.25,167
2026-09-24 16:37:00-04:00,30682.5,30682.5,30686.5,30679.25,30684.75,219
2026-09-24 16:38:00-04:00,30683.5,30683.5,30685.25,30681.5,30683.25,60
2026-09-24 16:39:00-04:00,30690.0,30690.0,30690.75,30682.75,30683.5,141
2026-09-24 16:40:00-04:00,30687.5,30687.5,30691.5,30687.0,30690.0,103
2026-09-24 16:41:00-04:00,30691.5,30691.5,30695.0,30686.25,30687.75,139
2026-09-24 16:42:00-04:00,30692.25,30692.25,30693.5,30688.5,30692.5,114
2026-09-24 16:43:00-04:00,30702.25,30702.25,30703.5,30693.0,30693.0,144
2026-09-24 16:44:00-04:00,30705.5,30705.5,30708.0,30702.5,30703.25,194
2026-09-24 16:45:00-04:00,30705.75,30705.75,30710.25,30705.5,30705.5,137
2026-09-24 16:46:00-04:00,30715.25,30715.25,30718.25,30705.75,30705.75,238
2026-09-24 16:47:00-04:00,30714.0,30714.0,30717.25,30711.25,30715.25,160
2026-09-24 16:48:00-04:00,30715.75,30715.75,30718.25,30714.0,30714.75,100
2026-09-24 16:49:00-04:00,30717.0,30717.0,30718.75,30714.75,30716.0,109
2026-09-24 16:50:00-04:00,30719.5,30719.5,30721.25,30716.5,30716.75,66
2026-09-24 16:51:00-04:00,30720.0,30720.0,30720.5,30717.5,30719.5,91
2026-09-24 16:52:00-04:00,30722.5,30722.5,30723.25,30718.5,30720.0,154
2026-09-24 16:53:00-04:00,30721.0,30721.0,30724.0,30720.5,30722.25,117
2026-09-24 16:54:00-04:00,30727.25,30727.25,30727.5,30720.75,30720.75,109
2026-09-24 16:55:00-04:00,30730.0,30730.0,30731.25,30727.25,30728.25,176
2026-09-24 16:56:00-04:00,30731.0,30731.0,30732.75,30728.5,30730.5,103
2026-09-24 16:57:00-04:00,30734.0,30734.0,30734.5,30723.5,30731.5,195
2026-09-24 16:58:00-04:00,30736.0,30736.0,30740.0,30732.5,30733.25,355
2026-09-24 16:59:00-04:00,30736.25,30736.25,30739.0,30732.75,30736.5,235
2026-09-24 18:00:00-04:00,30735.75,30735.75,30738.0,30715.75,30726.5,0
2026-09-24 18:01:00-04:00,30741.0,30741.0,30748.5,30733.25,30736.5,344
2026-09-24 18:02:00-04:00,30750.75,30750.75,30765.25,30740.75,30741.0,273
2026-09-24 18:03:00-04:00,30750.25,30750.25,30755.75,30748.75,30750.5,60
2026-09-24 18:04:00-04:00,30743.25,30743.25,30749.75,30741.0,30749.75,148
2026-09-24 18:05:00-04:00,30727.75,30727.75,30746.75,30722.5,30744.75,257
2026-09-24 18:06:00-04:00,30716.25,30716.25,30731.75,30708.5,30726.0,243
2026-09-24 18:07:00-04:00,30731.25,30731.25,30734.75,30711.5,30716.25,199
2026-09-24 18:08:00-04:00,30728.75,30728.75,30734.0,30727.5,30731.75,62
2026-09-24 18:09:00-04:00,30733.0,30733.0,30733.75,30729.75,30730.25,30
2026-09-24 18:10:00-04:00,30733.5,30733.5,30735.25,30731.75,30733.25,14
2026-09-24 18:11:00-04:00,30730.0,30730.0,30732.75,30729.5,30732.75,37
2026-09-24 18:12:00-04:00,30731.25,30731.25,30732.5,30729.75,30730.5,19
2026-09-24 18:13:00-04:00,30728.75,30728.75,30733.25,30726.25,30732.25,58
2026-09-24 18:14:00-04:00,30727.25,30727.25,30728.5,30725.25,30727.0,34
2026-09-24 18:15:00-04:00,30728.0,30728.0,30730.25,30724.25,30727.0,59
2026-09-24 18:16:00-04:00,30724.25,30724.25,30728.5,30721.25,30726.25,98
2026-09-24 18:17:00-04:00,30724.75,30724.75,30728.0,30723.25,30724.0,43
2026-09-24 18:18:00-04:00,30724.75,30724.75,30725.5,30722.75,30724.5,28
2026-09-24 18:19:00-04:00,30722.25,30722.25,30725.75,30721.25,30725.0,57
2026-09-24 18:20:00-04:00,30719.75,30719.75,30721.5,30716.0,30720.75,94
2026-09-24 18:21:00-04:00,30719.5,30719.5,30719.5,30712.75,30719.25,103
2026-09-24 18:22:00-04:00,30722.0,30722.0,30723.0,30716.5,30717.75,88
2026-09-24 18:23:00-04:00,30718.25,30718.25,30722.75,30718.0,30721.75,58
2026-09-24 18:24:00-04:00,30715.5,30715.5,30719.5,30714.5,30719.5,44
2026-09-24 18:25:00-04:00,30714.0,30714.0,30716.25,30713.25,30714.0,42
2026-09-24 18:26:00-04:00,30709.25,30709.25,30713.75,30705.0,30713.5,95
2026-09-24 18:27:00-04:00,30709.25,30709.25,30710.5,30707.75,30707.75,44
2026-09-24 18:28:00-04:00,30708.5,30708.5,30708.5,30704.25,30706.75,67
2026-09-24 18:29:00-04:00,30710.5,30710.5,30716.75,30707.5,30708.75,85
2026-09-24 18:30:00-04:00,30718.0,30718.0,30723.75,30709.25,30711.5,249
2026-09-24 18:31:00-04:00,30719.0,30719.0,30721.75,30717.0,30718.0,79
2026-09-24 18:32:00-04:00,30718.25,30718.25,30722.0,30714.75,30719.0,106
2026-09-24 18:33:00-04:00,30717.5,30717.5,30720.25,30715.5,30718.75,35
2026-09-24 18:34:00-04:00,30718.0,30718.0,30720.25,30717.75,30718.0,23
2026-09-24 18:35:00-04:00,30722.0,30722.0,30723.75,30718.0,30718.0,54
2026-09-24 18:36:00-04:00,30720.0,30720.0,30722.5,30718.5,30722.25,40
2026-09-24 18:37:00-04:00,30722.25,30722.25,30723.25,30717.5,30720.5,37
2026-09-24 18:38:00-04:00,30720.0,30720.0,30723.0,30718.5,30721.25,52
2026-09-24 18:39:00-04:00,30719.25,30719.25,30721.75,30714.75,30720.0,58
2026-09-24 18:40:00-04:00,30721.75,30721.75,30721.75,30716.5,30719.0,20
2026-09-24 18:41:00-04:00,30727.0,30727.0,30729.0,30720.0,30721.5,100
2026-09-24 18:42:00-04:00,30733.0,30733.0,30734.75,30726.25,30727.5,116
2026-09-24 18:43:00-04:00,30734.25,30734.25,30735.5,30731.75,30732.25,61
2026-09-24 18:44:00-04:00,30731.75,30731.75,30736.0,30729.0,30735.25,87
2026-09-24 18:45:00-04:00,30730.75,30730.75,30734.0,30727.75,30732.75,69
2026-09-24 18:46:00-04:00,30727.25,30727.25,30730.75,30723.0,30730.75,108
2026-09-24 18:47:00-04:00,30728.25,30728.25,30728.25,30726.25,30728.25,12
2026-09-24 18:48:00-04:00,30725.25,30725.25,30728.0,30725.25,30728.0,14
2026-09-24 18:49:00-04:00,30731.5,30731.5,30733.0,30726.0,30726.5,176
2026-09-24 18:50:00-04:00,30732.75,30732.75,30734.0,30730.0,30731.5,53
2026-09-24 18:51:00-04:00,30732.5,30732.5,30734.25,30729.25,30733.0,31
2026-09-24 18:52:00-04:00,30731.25,30731.25,30734.75,30730.0,30733.0,22
2026-09-24 18:53:00-04:00,30730.75,30730.75,30732.25,30730.75,30732.0,7
2026-09-24 18:54:00-04:00,30732.75,30732.75,30733.5,30730.5,30732.0,20
2026-09-24 18:55:00-04:00,30727.5,30727.5,30731.0,30726.0,30731.0,27
2026-09-24 18:56:00-04:00,30731.0,30731.0,30731.5,30728.0,30728.0,27
2026-09-24 18:57:00-04:00,30736.0,30736.0,30736.0,30730.25,30731.0,55
2026-09-24 18:58:00-04:00,30730.0,30730.0,30735.0,30730.0,30734.75,91
2026-09-24 18:59:00-04:00,30730.0,30730.0,30731.5,30727.75,30729.75,37
2026-09-24 19:00:00-04:00,30731.25,30731.25,30735.0,30728.75,30729.75,95
2026-09-24 19:01:00-04:00,30732.0,30732.0,30733.0,30731.25,30731.25,22
2026-09-24 19:02:00-04:00,30729.75,30729.75,30733.0,30729.5,30732.0,41
2026-09-24 19:03:00-04:00,30730.75,30730.75,30733.25,30728.0,30729.25,60
2026-09-24 19:04:00-04:00,30732.0,30732.0,30736.0,30730.75,30731.5,65
2026-09-24 19:05:00-04:00,30732.75,30732.75,30737.75,30732.5,30733.75,46
2026-09-24 19:06:00-04:00,30731.25,30731.25,30731.5,30724.25,30730.5,89
2026-09-24 19:07:00-04:00,30728.25,30728.25,30730.5,30726.75,30730.25,31
2026-09-24 19:08:00-04:00,30720.75,30720.75,30728.25,30714.25,30727.25,138
2026-09-24 19:09:00-04:00,30720.75,30720.75,30723.0,30720.25,30720.25,31
2026-09-24 19:10:00-04:00,30719.0,30719.0,30723.5,30717.25,30721.0,39
2026-09-24 19:11:00-04:00,30720.25,30720.25,30721.0,30716.5,30718.5,28
2026-09-24 19:12:00-04:00,30716.5,30716.5,30720.5,30715.25,30719.5,74
2026-09-24 19:13:00-04:00,30716.25,30716.25,30717.5,30709.75,30716.25,126
2026-09-24 19:14:00-04:00,30716.75,30716.75,30717.5,30715.0,30715.0,20
2026-09-24 19:15:00-04:00,30718.75,30718.75,30720.0,30711.75,30717.75,73
2026-09-24 19:16:00-04:00,30718.0,30718.0,30721.25,30716.25,30719.0,57
2026-09-24 19:17:00-04:00,30718.0,30718.0,30721.0,30717.5,30719.0,40
2026-09-24 19:18:00-04:00,30718.0,30718.0,30718.5,30717.0,30717.25,15
2026-09-24 19:19:00-04:00,30716.75,30716.75,30718.75,30714.25,30716.5,38
2026-09-24 19:20:00-04:00,30717.25,30717.25,30717.25,30712.5,30715.0,33
2026-09-24 19:21:00-04:00,30715.75,30715.75,30716.5,30714.25,30714.75,41
2026-09-24 19:22:00-04:00,30716.0,30716.0,30717.0,30714.0,30714.5,28
2026-09-24 19:23:00-04:00,30719.0,30719.0,30719.5,30715.75,30716.0,27
2026-09-24 19:24:00-04:00,30724.25,30724.25,30725.75,30718.75,30718.75,106
2026-09-24 19:25:00-04:00,30723.25,30723.25,30726.5,30722.5,30726.0,35
2026-09-24 19:26:00-04:00,30726.0,30726.0,30726.5,30722.5,30722.75,41
2026-09-24 19:27:00-04:00,30732.25,30732.25,30733.5,30726.25,30726.25,83
2026-09-24 19:28:00-04:00,30730.25,30730.25,30732.5,30729.75,30731.5,32
2026-09-24 19:29:00-04:00,30725.75,30725.75,30731.5,30724.5,30730.0,65
2026-09-24 19:30:00-04:00,30728.5,30728.5,30729.25,30726.25,30726.25,25
2026-09-24 19:31:00-04:00,30728.0,30728.0,30729.25,30727.25,30728.0,19
2026-09-24 19:32:00-04:00,30727.0,30727.0,30727.75,30726.25,30727.5,9
2026-09-24 19:33:00-04:00,30728.0,30728.0,30732.25,30726.75,30727.75,47
2026-09-24 19:34:00-04:00,30727.75,30727.75,30730.25,30727.75,30730.25,15
2026-09-24 19:35:00-04:00,30723.5,30723.5,30727.75,30723.5,30727.0,25
2026-09-24 19:36:00-04:00,30730.0,30730.0,30731.25,30723.25,30723.25,57
2026-09-24 19:37:00-04:00,30724.25,30724.25,30730.5,30724.25,30729.25,19
2026-09-24 19:38:00-04:00,30726.5,30726.5,30727.25,30724.75,30724.75,19
2026-09-24 19:39:00-04:00,30725.5,30725.5,30726.75,30724.25,30726.25,17
2026-09-24 19:40:00-04:00,30723.5,30723.5,30726.75,30723.5,30726.0,31
2026-09-24 19:41:00-04:00,30725.75,30725.75,30725.75,30724.5,30724.5,4
2026-09-24 19:42:00-04:00,30725.0,30725.0,30725.5,30722.25,30724.0,16
2026-09-24 19:43:00-04:00,30713.75,30713.75,30724.75,30713.5,30724.75,200
2026-09-24 19:44:00-04:00,30707.5,30707.5,30713.75,30707.5,30713.0,114
2026-09-24 19:45:00-04:00,30710.5,30710.5,30713.25,30707.0,30709.5,106
2026-09-24 19:46:00-04:00,30705.25,30705.25,30711.0,30701.0,30711.0,153
2026-09-24 19:47:00-04:00,30704.25,30704.25,30707.5,30702.5,30705.5,47
2026-09-24 19:48:00-04:00,30697.0,30697.0,30706.25,30696.5,30703.75,138
2026-09-24 19:49:00-04:00,30701.5,30701.5,30704.75,30696.5,30697.5,93
2026-09-24 19:50:00-04:00,30700.5,30700.5,30703.75,30697.25,30701.0,77
2026-09-24 19:51:00-04:00,30691.0,30691.0,30699.5,30686.25,30699.5,211
2026-09-24 19:52:00-04:00,30696.75,30696.75,30696.75,30691.0,30693.0,91
2026-09-24 19:53:00-04:00,30695.0,30695.0,30696.0,30692.25,30695.25,46
2026-09-24 19:54:00-04:00,30692.0,30692.0,30695.25,30692.0,30695.25,22
2026-09-24 19:55:00-04:00,30693.75,30693.75,30695.5,30692.25,30693.0,36
2026-09-24 19:56:00-04:00,30693.25,30693.25,30695.5,30692.0,30694.5,48
2026-09-24 19:57:00-04:00,30685.5,30685.5,30695.75,30683.75,30694.0,114
2026-09-24 19:58:00-04:00,30687.25,30687.25,30689.5,30685.75,30685.75,71
2026-09-24 19:59:00-04:00,30687.25,30687.25,30690.75,30686.5,30686.5,63
2026-09-24 20:00:00-04:00,30699.25,30699.25,30709.0,30686.75,30687.0,326
2026-09-24 20:01:00-04:00,30697.25,30697.25,30707.75,30697.25,30697.5,140
2026-09-24 20:02:00-04:00,30699.5,30699.5,30702.5,30695.5,30697.5,104
2026-09-24 20:03:00-04:00,30707.25,30707.25,30712.0,30698.5,30700.0,152
2026-09-24 20:04:00-04:00,30706.5,30706.5,30717.0,30703.25,30707.75,196
2026-09-24 20:05:00-04:00,30705.25,30705.25,30708.25,30697.0,30705.0,86
2026-09-24 20:06:00-04:00,30685.5,30685.5,30704.75,30684.5,30704.25,173
2026-09-24 20:07:00-04:00,30692.25,30692.25,30693.5,30684.75,30686.5,98
2026-09-24 20:08:00-04:00,30700.75,30700.75,30701.75,30693.25,30693.25,98
2026-09-24 20:09:00-04:00,30699.5,30699.5,30701.75,30695.0,30700.75,48
2026-09-24 20:10:00-04:00,30697.0,30697.0,30703.75,30696.25,30699.5,62
2026-09-24 20:11:00-04:00,30692.25,30692.25,30702.5,30692.25,30697.25,59
2026-09-24 20:12:00-04:00,30692.25,30692.25,30695.5,30690.0,30692.25,70
2026-09-24 20:13:00-04:00,30699.25,30699.25,30700.5,30687.0,30690.75,115
2026-09-24 20:14:00-04:00,30696.5,30696.5,30700.75,30695.25,30700.75,46
2026-09-24 20:15:00-04:00,30693.5,30693.5,30697.75,30679.0,30697.5,322
2026-09-24 20:16:00-04:00,30695.5,30695.5,30695.5,30687.0,30694.75,125
2026-09-24 20:17:00-04:00,30690.5,30690.5,30701.5,30690.0,30695.75,163
2026-09-24 20:18:00-04:00,30692.0,30692.0,30695.75,30686.75,30691.0,129
2026-09-24 20:19:00-04:00,30693.5,30693.5,30695.75,30689.25,30694.0,67
2026-09-24 20:20:00-04:00,30704.5,30704.5,30709.5,30691.75,30693.75,215
2026-09-24 20:21:00-04:00,30707.75,30707.75,30711.25,30705.0,30705.25,67
2026-09-24 20:22:00-04:00,30719.25,30719.25,30720.0,30706.75,30707.0,188
2026-09-24 20:23:00-04:00,30719.0,30719.0,30724.25,30718.25,30720.75,104
2026-09-24 20:24:00-04:00,30721.0,30721.0,30722.25,30716.75,30720.0,55
2026-09-24 20:25:00-04:00,30724.25,30724.25,30725.25,30710.25,30719.75,197
2026-09-24 20:26:00-04:00,30721.75,30721.75,30727.25,30717.0,30723.5,183
2026-09-24 20:27:00-04:00,30718.0,30718.0,30722.25,30715.25,30721.75,38
2026-09-24 20:28:00-04:00,30716.25,30716.25,30721.5,30715.5,30719.0,61
2026-09-24 20:29:00-04:00,30713.25,30713.25,30720.75,30712.0,30717.0,101
2026-09-24 20:30:00-04:00,30710.5,30710.5,30715.25,30709.0,30712.75,81
2026-09-24 20:31:00-04:00,30706.25,30706.25,30711.75,30704.25,30709.75,82
2026-09-24 20:32:00-04:00,30709.75,30709.75,30711.0,30701.0,30706.75,126
2026-09-24 20:33:00-04:00,30712.0,30712.0,30714.75,30707.25,30710.25,85
2026-09-24 20:34:00-04:00,30706.0,30706.0,30712.5,30703.0,30712.5,32
2026-09-24 20:35:00-04:00,30706.25,30706.25,30710.0,30705.75,30706.75,44
2026-09-24 20:36:00-04:00,30698.25,30698.25,30708.25,30698.25,30708.25,66
2026-09-24 20:37:00-04:00,30691.0,30691.0,30702.0,30689.0,30700.0,285
2026-09-24 20:38:00-04:00,30687.25,30687.25,30695.75,30682.75,30691.25,202
2026-09-24 20:39:00-04:00,30691.5,30691.5,30694.75,30684.0,30685.0,112
2026-09-24 20:40:00-04:00,30698.5,30698.5,30702.25,30689.5,30690.75,152
2026-09-24 20:41:00-04:00,30697.5,30697.5,30699.0,30692.75,30696.75,71
2026-09-24 20:42:00-04:00,30703.25,30703.25,30704.25,30693.0,30694.75,82
2026-09-24 20:43:00-04:00,30702.25,30702.25,30706.0,30700.0,30703.75,107
2026-09-24 20:44:00-04:00,30700.5,30700.5,30701.75,30699.0,30700.5,39
2026-09-24 20:45:00-04:00,30702.0,30702.0,30706.0,30698.25,30701.0,66
2026-09-24 20:46:00-04:00,30700.25,30700.25,30707.75,30699.0,30703.25,66
2026-09-24 20:47:00-04:00,30697.25,30697.25,30704.0,30694.5,30701.5,53
2026-09-24 20:48:00-04:00,30701.75,30701.75,30703.75,30696.75,30697.0,53
2026-09-24 20:49:00-04:00,30704.25,30704.25,30707.5,30700.0,30700.0,73
2026-09-24 20:50:00-04:00,30696.5,30696.5,30706.5,30694.75,30704.0,55
2026-09-24 20:51:00-04:00,30689.5,30689.5,30697.75,30689.5,30695.75,59
2026-09-24 20:52:00-04:00,30691.0,30691.0,30693.25,30685.25,30689.0,121
2026-09-24 20:53:00-04:00,30697.75,30697.75,30697.75,30691.0,30691.0,44
2026-09-24 20:54:00-04:00,30699.25,30699.25,30702.5,30696.75,30697.0,74
2026-09-24 20:55:00-04:00,30699.75,30699.75,30704.25,30697.25,30700.0,50
2026-09-24 20:56:00-04:00,30696.75,30696.75,30700.75,30693.5,30699.75,46
2026-09-24 20:57:00-04:00,30692.75,30692.75,30697.0,30690.25,30696.75,42
2026-09-24 20:58:00-04:00,30701.75,30701.75,30702.5,30691.75,30691.75,64
2026-09-24 20:59:00-04:00,30697.75,30697.75,30705.0,30696.5,30702.5,66
2026-09-24 21:00:00-04:00,30696.0,30696.0,30699.0,30680.0,30698.75,233
2026-09-24 21:01:00-04:00,30704.75,30704.75,30706.0,30696.25,30697.0,154
2026-09-24 21:02:00-04:00,30705.0,30705.0,30709.0,30702.75,30702.75,145
2026-09-24 21:03:00-04:00,30702.5,30702.5,30705.0,30701.0,30704.75,96
2026-09-24 21:04:00-04:00,30708.0,30708.0,30711.25,30701.75,30701.75,138
2026-09-24 21:05:00-04:00,30701.0,30701.0,30710.0,30700.25,30708.75,93
2026-09-24 21:06:00-04:00,30705.75,30705.75,30707.25,30697.0,30700.75,66
2026-09-24 21:07:00-04:00,30711.5,30711.5,30715.0,30707.25,30707.75,117
2026-09-24 21:08:00-04:00,30714.5,30714.5,30722.5,30710.5,30712.5,246
2026-09-24 21:09:00-04:00,30717.0,30717.0,30720.0,30714.0,30714.0,55
2026-09-24 21:10:00-04:00,30734.25,30734.25,30736.25,30716.25,30717.5,342
2026-09-24 21:11:00-04:00,30755.0,30755.0,30756.25,30734.25,30735.0,506
2026-09-24 21:12:00-04:00,30744.5,30744.5,30761.25,30740.5,30753.5,290
2026-09-24 21:13:00-04:00,30760.5,30760.5,30760.5,30742.75,30743.25,183
2026-09-24 21:14:00-04:00,30764.75,30764.75,30775.0,30757.75,30759.75,383
2026-09-24 21:15:00-04:00,30767.0,30767.0,30768.75,30761.25,30764.25,163
2026-09-24 21:16:00-04:00,30778.0,30778.0,30778.0,30762.25,30766.75,257
2026-09-24 21:17:00-04:00,30779.5,30779.5,30790.0,30775.5,30778.5,383
2026-09-24 21:18:00-04:00,30773.75,30773.75,30778.75,30772.0,30778.75,160
2026-09-24 21:19:00-04:00,30771.0,30771.0,30775.25,30767.75,30774.0,135
2026-09-24 21:20:00-04:00,30773.25,30773.25,30780.75,30769.25,30772.75,123
2026-09-24 21:21:00-04:00,30786.0,30786.0,30788.25,30775.0,30776.0,147
2026-09-24 21:22:00-04:00,30784.75,30784.75,30789.0,30782.75,30786.5,137
2026-09-24 21:23:00-04:00,30779.5,30779.5,30784.75,30779.25,30782.5,68
2026-09-24 21:24:00-04:00,30776.75,30776.75,30782.5,30773.25,30780.75,80
2026-09-24 21:25:00-04:00,30775.25,30775.25,30779.0,30772.0,30776.0,96
2026-09-24 21:26:00-04:00,30779.5,30779.5,30784.5,30776.0,30776.0,64
2026-09-24 21:27:00-04:00,30782.25,30782.25,30788.25,30781.0,30781.0,90
2026-09-24 21:28:00-04:00,30778.5,30778.5,30784.0,30776.25,30782.5,64
2026-09-24 21:29:00-04:00,30776.75,30776.75,30780.5,30773.0,30779.75,52
2026-09-24 21:30:00-04:00,30763.25,30763.25,30778.5,30761.25,30776.75,180
2026-09-24 21:31:00-04:00,30755.5,30755.5,30764.5,30753.0,30762.25,157
2026-09-24 21:32:00-04:00,30764.0,30764.0,30770.0,30755.0,30755.25,178
2026-09-24 21:33:00-04:00,30764.25,30764.25,30768.25,30763.25,30764.5,87
2026-09-24 21:34:00-04:00,30756.5,30756.5,30764.0,30756.0,30763.0,66
2026-09-24 21:35:00-04:00,30767.25,30767.25,30768.25,30750.0,30754.5,129
2026-09-24 21:36:00-04:00,30767.75,30767.75,30770.75,30762.25,30767.0,148
2026-09-24 21:37:00-04:00,30778.0,30778.0,30782.0,30767.5,30767.5,161
2026-09-24 21:38:00-04:00,30782.0,30782.0,30783.25,30776.75,30778.25,95
2026-09-24 21:39:00-04:00,30791.75,30791.75,30792.5,30781.75,30782.25,166
2026-09-24 21:40:00-04:00,30790.75,30790.75,30792.5,30786.75,30791.0,96
2026-09-24 21:41:00-04:00,30799.75,30799.75,30800.75,30789.5,30789.5,217
2026-09-24 21:42:00-04:00,30802.75,30802.75,30803.75,30798.25,30798.5,137
2026-09-24 21:43:00-04:00,30806.0,30806.0,30810.0,30801.5,30802.75,100
2026-09-24 21:44:00-04:00,30798.25,30798.25,30807.0,30798.25,30805.75,92
2026-09-24 21:45:00-04:00,30795.25,30795.25,30801.25,30795.25,30798.5,102
2026-09-24 21:46:00-04:00,30796.25,30796.25,30799.0,30792.25,30796.25,63
2026-09-24 21:47:00-04:00,30787.25,30787.25,30797.75,30784.0,30795.25,93
2026-09-24 21:48:00-04:00,30787.25,30787.25,30794.5,30786.25,30787.5,58
2026-09-24 21:49:00-04:00,30798.0,30798.0,30798.5,30788.25,30788.25,47
2026-09-24 21:50:00-04:00,30796.25,30796.25,30799.0,30790.25,30797.5,94
2026-09-24 21:51:00-04:00,30786.25,30786.25,30795.75,30782.0,30795.25,102
2026-09-24 21:52:00-04:00,30787.5,30787.5,30790.0,30785.75,30786.5,39
2026-09-24 21:53:00-04:00,30782.25,30782.25,30787.75,30781.5,30787.0,47
2026-09-24 21:54:00-04:00,30780.25,30780.25,30784.75,30778.0,30783.5,162
2026-09-24 21:55:00-04:00,30779.0,30779.0,30781.5,30776.5,30781.25,57
2026-09-24 21:56:00-04:00,30774.75,30774.75,30777.75,30771.0,30777.75,75
2026-09-24 21:57:00-04:00,30775.5,30775.5,30778.25,30773.5,30773.5,46
2026-09-24 21:58:00-04:00,30781.75,30781.75,30784.0,30775.0,30776.0,65
2026-09-24 21:59:00-04:00,30790.5,30790.5,30791.25,30782.0,30783.25,98
2026-09-24 22:00:00-04:00,30787.75,30787.75,30796.25,30786.0,30791.0,112
2026-09-24 22:01:00-04:00,30783.75,30783.75,30789.75,30783.0,30788.5,64
2026-09-24 22:02:00-04:00,30792.75,30792.75,30792.75,30784.25,30785.0,45
2026-09-24 22:03:00-04:00,30790.25,30790.25,30791.0,30787.5,30788.5,23
2026-09-24 22:04:00-04:00,30793.75,30793.75,30796.75,30787.0,30790.5,81
2026-09-24 22:05:00-04:00,30795.75,30795.75,30799.0,30795.25,30795.25,58
2026-09-24 22:06:00-04:00,30804.25,30804.25,30805.25,30793.25,30794.75,77
2026-09-24 22:07:00-04:00,30804.0,30804.0,30809.75,30801.0,30803.5,190
2026-09-24 22:08:00-04:00,30803.0,30803.0,30809.0,30800.25,30804.5,64
2026-09-24 22:09:00-04:00,30806.5,30806.5,30810.5,30802.25,30802.25,141
2026-09-24 22:10:00-04:00,30807.75,30807.75,30809.75,30806.0,30806.25,78
2026-09-24 22:11:00-04:00,30805.0,30805.0,30807.5,30803.0,30807.5,88
2026-09-24 22:12:00-04:00,30801.5,30801.5,30806.5,30801.25,30806.0,50
2026-09-24 22:13:00-04:00,30799.25,30799.25,30801.75,30795.25,30801.0,103
2026-09-24 22:14:00-04:00,30797.25,30797.25,30800.75,30793.75,30800.0,60
2026-09-24 22:15:00-04:00,30798.0,30798.0,30800.5,30795.25,30797.25,28
2026-09-24 22:16:00-04:00,30799.0,30799.0,30800.0,30796.75,30798.5,35
2026-09-24 22:17:00-04:00,30799.25,30799.25,30802.0,30797.75,30799.0,37
2026-09-24 22:18:00-04:00,30806.0,30806.0,30806.0,30800.0,30800.0,47
2026-09-24 22:19:00-04:00,30805.5,30805.5,30808.5,30804.25,30805.75,58
2026-09-24 22:20:00-04:00,30809.25,30809.25,30810.75,30806.5,30807.0,87
2026-09-24 22:21:00-04:00,30813.0,30813.0,30814.0,30808.25,30808.5,128
2026-09-24 22:22:00-04:00,30807.25,30807.25,30814.5,30805.0,30812.75,102
2026-09-24 22:23:00-04:00,30807.5,30807.5,30809.25,30805.75,30806.5,55
2026-09-24 22:24:00-04:00,30804.0,30804.0,30810.5,30804.0,30807.0,59
2026-09-24 22:25:00-04:00,30800.75,30800.75,30803.75,30796.75,30803.75,122
2026-09-24 22:26:00-04:00,30802.5,30802.5,30803.25,30799.25,30800.75,41
2026-09-24 22:27:00-04:00,30797.25,30797.25,30803.75,30797.25,30802.5,36
2026-09-24 22:28:00-04:00,30791.5,30791.5,30801.5,30791.0,30797.25,101
2026-09-24 22:29:00-04:00,30786.25,30786.25,30792.0,30784.0,30792.0,83
2026-09-24 22:30:00-04:00,30784.0,30784.0,30787.0,30781.25,30786.5,79
2026-09-24 22:31:00-04:00,30784.75,30784.75,30786.5,30782.5,30783.25,41
2026-09-24 22:32:00-04:00,30786.25,30786.25,30789.0,30784.0,30786.0,64
2026-09-24 22:33:00-04:00,30780.75,30780.75,30787.75,30780.0,30787.75,63
2026-09-24 22:34:00-04:00,30766.5,30766.5,30780.75,30765.25,30780.0,225
2026-09-24 22:35:00-04:00,30764.75,30764.75,30768.25,30763.25,30766.75,94
2026-09-24 22:36:00-04:00,30766.25,30766.25,30769.75,30763.75,30764.5,74
2026-09-24 22:37:00-04:00,30767.25,30767.25,30768.5,30762.5,30766.75,64
2026-09-24 22:38:00-04:00,30769.5,30769.5,30772.5,30761.0,30767.0,98
2026-09-24 22:39:00-04:00,30773.0,30773.0,30774.5,30768.75,30769.5,81
2026-09-24 22:40:00-04:00,30774.25,30774.25,30781.25,30773.25,30773.5,122
2026-09-24 22:41:00-04:00,30775.5,30775.5,30777.0,30772.0,30774.75,32
2026-09-24 22:42:00-04:00,30778.75,30778.75,30779.75,30774.25,30774.25,42
2026-09-24 22:43:00-04:00,30786.75,30786.75,30788.25,30778.75,30778.75,103
2026-09-24 22:44:00-04:00,30787.25,30787.25,30794.75,30784.75,30786.25,145
2026-09-24 22:45:00-04:00,30782.75,30782.75,30788.75,30782.75,30786.75,42
2026-09-24 22:46:00-04:00,30773.5,30773.5,30783.0,30771.0,30781.5,133
2026-09-24 22:47:00-04:00,30773.25,30773.25,30776.25,30771.0,30772.5,29
2026-09-24 22:48:00-04:00,30772.5,30772.5,30776.0,30769.25,30771.5,53
2026-09-24 22:49:00-04:00,30772.25,30772.25,30773.5,30770.75,30772.5,30
2026-09-24 22:50:00-04:00,30769.25,30769.25,30771.75,30764.5,30770.5,89
2026-09-24 22:51:00-04:00,30769.25,30769.25,30773.0,30768.75,30770.0,53
2026-09-24 22:52:00-04:00,30769.75,30769.75,30772.75,30768.25,30771.25,23
2026-09-24 22:53:00-04:00,30774.25,30774.25,30775.5,30770.0,30770.0,40
2026-09-24 22:54:00-04:00,30784.75,30784.75,30785.5,30774.25,30775.25,57
2026-09-24 22:55:00-04:00,30785.75,30785.75,30786.25,30783.25,30783.75,35
2026-09-24 22:56:00-04:00,30782.0,30782.0,30787.5,30781.75,30786.0,63
2026-09-24 22:57:00-04:00,30783.5,30783.5,30784.25,30779.5,30781.0,44
2026-09-24 22:58:00-04:00,30786.25,30786.25,30787.5,30783.75,30784.25,28
2026-09-24 22:59:00-04:00,30790.75,30790.75,30790.75,30787.25,30787.75,66
2026-09-24 23:00:00-04:00,30789.5,30789.5,30792.0,30787.25,30790.75,82
2026-09-24 23:01:00-04:00,30781.75,30781.75,30792.75,30781.25,30792.25,96
2026-09-24 23:02:00-04:00,30788.25,30788.25,30788.25,30779.75,30782.75,57
2026-09-24 23:03:00-04:00,30783.75,30783.75,30783.75,30781.5,30783.0,12
2026-09-24 23:04:00-04:00,30785.75,30785.75,30787.25,30783.75,30783.75,25
2026-09-24 23:05:00-04:00,30790.5,30790.5,30793.5,30786.0,30786.0,45
2026-09-24 23:06:00-04:00,30798.75,30798.75,30802.25,30791.25,30791.25,173
2026-09-24 23:07:00-04:00,30808.0,30808.0,30808.0,30797.0,30799.5,131
2026-09-24 23:08:00-04:00,30809.25,30809.25,30811.0,30806.25,30807.0,130
2026-09-24 23:09:00-04:00,30807.0,30807.0,30811.75,30804.0,30810.0,109
2026-09-24 23:10:00-04:00,30801.0,30801.0,30806.25,30800.0,30806.25,54
2026-09-24 23:11:00-04:00,30802.25,30802.25,30803.5,30800.75,30800.75,29
2026-09-24 23:12:00-04:00,30800.5,30800.5,30804.0,30800.5,30802.5,34
2026-09-24 23:13:00-04:00,30797.0,30797.0,30802.5,30797.0,30800.75,44
2026-09-24 23:14:00-04:00,30804.0,30804.0,30804.0,30795.75,30796.75,55
2026-09-24 23:15:00-04:00,30805.25,30805.25,30809.75,30800.0,30803.25,114
2026-09-24 23:16:00-04:00,30802.5,30802.5,30807.25,30800.0,30804.25,137
2026-09-24 23:17:00-04:00,30793.75,30793.75,30801.0,30790.0,30800.75,159
2026-09-24 23:18:00-04:00,30796.75,30796.75,30801.0,30788.0,30794.75,136
2026-09-24 23:19:00-04:00,30800.25,30800.25,30800.5,30796.75,30796.75,20
2026-09-24 23:20:00-04:00,30805.5,30805.5,30805.75,30799.0,30799.0,64
2026-09-24 23:21:00-04:00,30804.0,30804.0,30807.25,30802.25,30804.5,35
2026-09-24 23:22:00-04:00,30807.25,30807.25,30808.0,30804.0,30804.0,33
2026-09-24 23:23:00-04:00,30800.5,30800.5,30806.5,30799.25,30806.5,17
2026-09-24 23:24:00-04:00,30800.0,30800.0,30801.75,30798.25,30800.0,44
2026-09-24 23:25:00-04:00,30796.25,30796.25,30802.75,30796.25,30801.25,33
2026-09-24 23:26:00-04:00,30796.5,30796.5,30798.25,30794.0,30795.25,55
2026-09-24 23:27:00-04:00,30796.0,30796.0,30798.0,30795.5,30797.75,19
2026-09-24 23:28:00-04:00,30795.0,30795.0,30798.0,30793.75,30796.0,29
2026-09-24 23:29:00-04:00,30793.25,30793.25,30795.5,30792.5,30793.5,17
2026-09-24 23:30:00-04:00,30794.25,30794.25,30795.5,30790.75,30794.25,40
2026-09-24 23:31:00-04:00,30794.0,30794.0,30796.25,30793.0,30794.5,25
2026-09-24 23:32:00-04:00,30796.25,30796.25,30798.0,30791.5,30793.75,69
2026-09-24 23:33:00-04:00,30799.75,30799.75,30801.25,30794.5,30794.5,64
2026-09-24 23:34:00-04:00,30797.0,30797.0,30802.25,30797.0,30799.0,59
2026-09-24 23:35:00-04:00,30798.25,30798.25,30802.75,30795.75,30798.0,43
2026-09-24 23:36:00-04:00,30795.0,30795.0,30800.25,30792.75,30798.25,83
2026-09-24 23:37:00-04:00,30805.75,30805.75,30805.75,30792.75,30794.25,89
2026-09-24 23:38:00-04:00,30803.25,30803.25,30808.0,30802.75,30803.0,50
2026-09-24 23:39:00-04:00,30807.75,30807.75,30807.75,30802.25,30803.0,46
2026-09-24 23:40:00-04:00,30807.75,30807.75,30808.75,30805.75,30807.75,59
2026-09-24 23:41:00-04:00,30808.0,30808.0,30813.75,30804.25,30809.0,112
2026-09-24 23:42:00-04:00,30805.0,30805.0,30810.25,30803.25,30807.25,66
2026-09-24 23:43:00-04:00,30801.5,30801.5,30806.5,30799.0,30805.25,128
2026-09-24 23:44:00-04:00,30784.75,30784.75,30804.5,30783.5,30803.25,195
2026-09-24 23:45:00-04:00,30784.75,30784.75,30788.0,30782.5,30786.25,79
2026-09-24 23:46:00-04:00,30780.0,30780.0,30784.5,30774.25,30784.25,111
2026-09-24 23:47:00-04:00,30780.0,30780.0,30783.75,30778.0,30780.75,80
2026-09-24 23:48:00-04:00,30780.0,30780.0,30782.5,30777.75,30778.75,77
2026-09-24 23:49:00-04:00,30787.5,30787.5,30790.0,30780.0,30780.0,50
2026-09-24 23:50:00-04:00,30784.25,30784.25,30791.25,30782.0,30785.75,66
2026-09-24 23:51:00-04:00,30787.25,30787.25,30789.25,30784.0,30784.0,37
2026-09-24 23:52:00-04:00,30792.25,30792.25,30793.5,30786.5,30786.75,89
2026-09-24 23:53:00-04:00,30790.0,30790.0,30792.25,30788.25,30792.25,64
2026-09-24 23:54:00-04:00,30786.25,30786.25,30790.0,30780.25,30790.0,51
2026-09-24 23:55:00-04:00,30788.25,30788.25,30788.25,30783.75,30785.75,14
2026-09-24 23:56:00-04:00,30787.25,30787.25,30792.25,30786.75,30786.75,24
2026-09-24 23:57:00-04:00,30792.25,30792.25,30794.5,30786.0,30786.0,38
2026-09-24 23:58:00-04:00,30790.25,30790.25,30795.0,30789.25,30794.75,35
2026-09-25 00:09:00-04:00,30777.0,30777.0,30779.25,30775.5,30776.25,19
2026-09-25 00:10:00-04:00,30773.5,30773.5,30779.5,30773.25,30775.5,41
2026-09-25 00:11:00-04:00,30774.25,30774.25,30774.25,30771.75,30774.0,32
2026-09-25 00:12:00-04:00,30774.5,30774.5,30776.5,30773.5,30774.25,16
2026-09-25 00:13:00-04:00,30778.5,30778.5,30781.75,30774.0,30776.0,106
2026-09-25 00:14:00-04:00,30775.0,30775.0,30778.5,30775.0,30776.5,36
2026-09-25 00:15:00-04:00,30776.25,30776.25,30781.5,30771.75,30774.0,65
2026-09-25 00:16:00-04:00,30775.75,30775.75,30777.5,30774.0,30775.75,31
2026-09-25 00:17:00-04:00,30778.5,30778.5,30780.5,30775.5,30775.5,42
2026-09-25 00:18:00-04:00,30770.75,30770.75,30779.75,30767.75,30779.75,62
2026-09-25 00:19:00-04:00,30771.75,30771.75,30772.5,30767.75,30770.25,55
2026-09-25 00:20:00-04:00,30769.5,30769.5,30773.25,30767.5,30772.0,50
2026-09-25 00:21:00-04:00,30769.0,30769.0,30770.75,30768.25,30770.0,19
2026-09-25 00:22:00-04:00,30768.0,30768.0,30771.5,30763.25,30769.0,98
2026-09-25 00:23:00-04:00,30770.25,30770.25,30774.25,30769.5,30769.5,38
2026-09-25 00:24:00-04:00,30777.0,30777.0,30778.0,30771.0,30771.0,54
2026-09-25 00:25:00-04:00,30779.5,30779.5,30781.25,30775.75,30778.75,60
2026-09-25 00:26:00-04:00,30771.75,30771.75,30779.0,30771.75,30779.0,16
2026-09-25 00:27:00-04:00,30772.25,30772.25,30774.75,30769.25,30771.0,36
2026-09-25 00:28:00-04:00,30776.0,30776.0,30776.5,30770.0,30771.5,22
2026-09-25 00:29:00-04:00,30775.0,30775.0,30780.0,30774.5,30777.25,50
2026-09-25 00:30:00-04:00,30778.0,30778.0,30780.75,30775.25,30776.0,60
2026-09-25 00:31:00-04:00,30774.75,30774.75,30778.25,30770.0,30776.5,59
2026-09-25 00:32:00-04:00,30771.25,30771.25,30775.0,30770.25,30774.75,21
2026-09-25 00:33:00-04:00,30774.0,30774.0,30774.25,30770.75,30772.5,22
2026-09-25 00:34:00-04:00,30782.5,30782.5,30784.0,30773.5,30774.0,90
2026-09-25 00:35:00-04:00,30783.0,30783.0,30785.25,30780.0,30782.5,64
2026-09-25 00:36:00-04:00,30781.25,30781.25,30786.5,30778.5,30783.0,91
2026-09-25 00:37:00-04:00,30783.25,30783.25,30783.75,30780.25,30781.0,20
2026-09-25 00:38:00-04:00,30788.75,30788.75,30790.5,30782.0,30782.0,77
2026-09-25 00:39:00-04:00,30789.0,30789.0,30789.0,30786.75,30788.0,36
2026-09-25 00:40:00-04:00,30790.5,30790.5,30792.5,30787.5,30789.25,49
2026-09-25 00:41:00-04:00,30784.5,30784.5,30790.5,30784.5,30790.5,38
2026-09-25 00:42:00-04:00,30790.5,30790.5,30791.0,30784.75,30785.0,41
2026-09-25 00:43:00-04:00,30785.25,30785.25,30791.25,30784.0,30791.25,26
2026-09-25 00:44:00-04:00,30783.25,30783.25,30786.75,30781.75,30785.0,67
2026-09-25 00:45:00-04:00,30787.75,30787.75,30788.5,30783.25,30783.5,10
2026-09-25 00:46:00-04:00,30786.5,30786.5,30791.25,30786.5,30789.0,53
2026-09-25 00:47:00-04:00,30788.5,30788.5,30790.25,30787.25,30787.75,21
2026-09-25 00:48:00-04:00,30784.0,30784.0,30789.75,30783.5,30786.25,18
2026-09-25 00:49:00-04:00,30784.75,30784.75,30786.5,30783.0,30784.5,35
2026-09-25 00:50:00-04:00,30784.25,30784.25,30784.5,30780.0,30784.5,34
2026-09-25 00:51:00-04:00,30788.5,30788.5,30791.25,30784.25,30784.25,71
2026-09-25 00:52:00-04:00,30783.0,30783.0,30788.25,30782.25,30788.25,27
2026-09-25 00:53:00-04:00,30782.5,30782.5,30782.5,30777.0,30781.0,51
2026-09-25 00:54:00-04:00,30783.75,30783.75,30783.75,30779.5,30779.75,21
2026-09-25 00:55:00-04:00,30780.25,30780.25,30783.5,30780.25,30783.25,11
2026-09-25 00:56:00-04:00,30779.0,30779.0,30784.0,30778.0,30782.75,18
2026-09-25 00:57:00-04:00,30769.0,30769.0,30778.0,30767.5,30778.0,74
2026-09-25 00:58:00-04:00,30774.0,30774.0,30774.0,30769.0,30769.0,51
2026-09-25 00:59:00-04:00,30779.25,30779.25,30779.5,30774.5,30774.5,28
2026-09-25 01:00:00-04:00,30779.75,30779.75,30781.0,30776.0,30777.0,59
2026-09-25 01:01:00-04:00,30777.25,30777.25,30784.25,30777.25,30778.25,41
2026-09-25 01:02:00-04:00,30782.0,30782.0,30782.0,30776.75,30778.0,27
2026-09-25 01:03:00-04:00,30784.5,30784.5,30785.0,30780.5,30780.75,37
2026-09-25 01:04:00-04:00,30789.0,30789.0,30793.75,30785.25,30786.5,113
2026-09-25 01:05:00-04:00,30795.75,30795.75,30798.25,30791.0,30791.0,124
2026-09-25 01:06:00-04:00,30799.5,30799.5,30801.25,30794.75,30795.0,122
2026-09-25 01:07:00-04:00,30794.0,30794.0,30797.5,30791.75,30797.5,99
2026-09-25 01:08:00-04:00,30800.5,30800.5,30802.25,30789.0,30791.5,85
2026-09-25 01:09:00-04:00,30807.5,30807.5,30809.5,30800.75,30800.75,136
2026-09-25 01:10:00-04:00,30810.5,30810.5,30811.25,30805.0,30807.5,96
2026-09-25 01:11:00-04:00,30810.5,30810.5,30812.5,30808.25,30811.0,67
2026-09-25 01:12:00-04:00,30810.25,30810.25,30813.75,30809.0,30810.75,94
2026-09-25 01:13:00-04:00,30806.75,30806.75,30812.25,30804.75,30811.5,85
2026-09-25 01:14:00-04:00,30800.5,30800.5,30806.75,30800.25,30805.0,73
2026-09-25 01:15:00-04:00,30808.75,30808.75,30811.0,30803.75,30803.75,119
2026-09-25 01:16:00-04:00,30809.5,30809.5,30810.25,30803.5,30808.0,59
2026-09-25 01:17:00-04:00,30803.5,30803.5,30813.25,30803.5,30810.0,31
2026-09-25 01:18:00-04:00,30806.25,30806.25,30806.25,30804.0,30804.0,25
2026-09-25 01:19:00-04:00,30805.25,30805.25,30807.0,30800.0,30804.0,52
2026-09-25 01:20:00-04:00,30801.5,30801.5,30807.0,30800.75,30806.0,88
2026-09-25 01:21:00-04:00,30807.0,30807.0,30807.0,30803.75,30804.0,28
2026-09-25 01:22:00-04:00,30801.25,30801.25,30805.0,30801.0,30805.0,26
2026-09-25 01:23:00-04:00,30800.75,30800.75,30805.75,30800.0,30802.25,53
2026-09-25 01:24:00-04:00,30791.25,30791.25,30801.75,30790.0,30800.5,133
2026-09-25 01:25:00-04:00,30795.5,30795.5,30796.75,30788.0,30789.75,77
2026-09-25 01:26:00-04:00,30804.25,30804.25,30806.0,30794.0,30796.25,132
2026-09-25 01:27:00-04:00,30806.5,30806.5,30806.5,30802.5,30804.5,64
2026-09-25 01:28:00-04:00,30808.25,30808.25,30809.0,30805.0,30807.0,62
2026-09-25 01:29:00-04:00,30805.0,30805.0,30808.0,30802.5,30808.0,42
2026-09-25 01:30:00-04:00,30820.25,30820.25,30821.5,30803.25,30805.75,316
2026-09-25 01:31:00-04:00,30828.75,30828.75,30832.5,30820.75,30821.25,368
2026-09-25 01:32:00-04:00,30827.5,30827.5,30836.0,30827.0,30827.5,317
2026-09-25 01:33:00-04:00,30846.25,30846.25,30847.0,30825.75,30827.75,396
2026-09-25 01:34:00-04:00,30837.75,30837.75,30849.0,30836.75,30845.75,151
2026-09-25 01:35:00-04:00,30844.75,30844.75,30848.25,30837.75,30837.75,113
2026-09-25 01:36:00-04:00,30845.75,30845.75,30853.0,30841.25,30843.75,228
2026-09-25 01:37:00-04:00,30846.5,30846.5,30848.5,30845.75,30846.25,51
2026-09-25 01:38:00-04:00,30844.5,30844.5,30850.25,30844.5,30846.5,77
2026-09-25 01:39:00-04:00,30848.75,30848.75,30852.25,30845.25,30845.5,79
2026-09-25 01:40:00-04:00,30852.5,30852.5,30853.5,30848.25,30848.25,85
2026-09-25 01:41:00-04:00,30850.75,30850.75,30854.25,30850.75,30852.25,51
2026-09-25 01:42:00-04:00,30845.75,30845.75,30851.25,30845.25,30851.25,73
2026-09-25 01:43:00-04:00,30853.25,30853.25,30855.5,30846.0,30846.75,68
2026-09-25 01:44:00-04:00,30865.5,30865.5,30868.0,30853.75,30853.75,236
2026-09-25 01:45:00-04:00,30862.75,30862.75,30868.75,30859.0,30866.0,188
2026-09-25 01:46:00-04:00,30863.25,30863.25,30865.0,30858.0,30863.0,100
2026-09-25 01:47:00-04:00,30863.5,30863.5,30865.75,30863.0,30863.5,99
2026-09-25 01:48:00-04:00,30857.25,30857.25,30864.0,30857.0,30863.0,74
2026-09-25 01:49:00-04:00,30852.5,30852.5,30857.75,30851.5,30857.75,110
2026-09-25 01:50:00-04:00,30855.75,30855.75,30859.0,30852.5,30853.0,84
2026-09-25 01:51:00-04:00,30862.75,30862.75,30863.75,30854.75,30856.75,75
2026-09-25 01:52:00-04:00,30864.25,30864.25,30864.25,30861.75,30863.5,67
2026-09-25 01:53:00-04:00,30864.25,30864.25,30865.0,30861.75,30862.75,77
2026-09-25 01:54:00-04:00,30864.0,30864.0,30864.75,30862.0,30863.25,39
2026-09-25 01:55:00-04:00,30860.0,30860.0,30863.5,30858.75,30863.5,56
2026-09-25 01:56:00-04:00,30847.5,30847.5,30860.25,30847.5,30860.25,99
2026-09-25 01:57:00-04:00,30850.5,30850.5,30851.25,30846.0,30848.5,83
2026-09-25 01:58:00-04:00,30854.0,30854.0,30855.25,30850.0,30850.0,67
2026-09-25 01:59:00-04:00,30850.75,30850.75,30854.75,30848.5,30853.0,126
2026-09-25 02:00:00-04:00,30854.0,30854.0,30861.5,30849.5,30850.5,173
2026-09-25 02:01:00-04:00,30864.5,30864.5,30866.25,30853.5,30854.25,142
2026-09-25 02:02:00-04:00,30863.75,30863.75,30865.25,30861.75,30864.25,62
2026-09-25 02:03:00-04:00,30861.75,30861.75,30865.25,30859.0,30863.5,110
2026-09-25 02:04:00-04:00,30864.75,30864.75,30865.25,30858.5,30861.0,75
2026-09-25 02:05:00-04:00,30863.5,30863.5,30868.25,30861.25,30865.0,114
2026-09-25 02:06:00-04:00,30864.0,30864.0,30870.75,30863.0,30863.0,119
2026-09-25 02:07:00-04:00,30869.0,30869.0,30873.25,30864.5,30864.5,217
2026-09-25 02:08:00-04:00,30867.25,30867.25,30870.25,30864.75,30869.25,72
2026-09-25 02:09:00-04:00,30875.0,30875.0,30876.25,30866.5,30867.75,212
2026-09-25 02:10:00-04:00,30884.25,30884.25,30884.25,30873.5,30875.0,351
2026-09-25 02:11:00-04:00,30883.75,30883.75,30885.0,30877.5,30881.75,154
2026-09-25 02:12:00-04:00,30886.75,30886.75,30890.25,30883.5,30883.75,216
2026-09-25 02:13:00-04:00,30886.25,30886.25,30888.0,30883.5,30885.0,94
2026-09-25 02:14:00-04:00,30887.0,30887.0,30891.25,30884.5,30885.25,54
2026-09-25 02:15:00-04:00,30884.75,30884.75,30890.75,30884.5,30887.0,118
2026-09-25 02:16:00-04:00,30892.0,30892.0,30896.75,30881.0,30884.25,263
2026-09-25 02:17:00-04:00,30898.25,30898.25,30900.75,30891.25,30893.25,178
2026-09-25 02:18:00-04:00,30891.75,30891.75,30898.0,30886.75,30897.5,114
2026-09-25 02:19:00-04:00,30896.0,30896.0,30896.0,30890.0,30890.75,57
2026-09-25 02:20:00-04:00,30901.0,30901.0,30904.25,30895.75,30895.75,163
2026-09-25 02:21:00-04:00,30904.5,30904.5,30906.0,30900.0,30900.5,103
2026-09-25 02:22:00-04:00,30894.75,30894.75,30904.5,30894.0,30904.0,155
2026-09-25 02:23:00-04:00,30893.25,30893.25,30897.5,30892.25,30894.5,94
2026-09-25 02:24:00-04:00,30897.5,30897.5,30899.5,30891.25,30893.5,92
2026-09-25 02:25:00-04:00,30895.75,30895.75,30901.0,30893.75,30899.5,154
2026-09-25 02:26:00-04:00,30889.0,30889.0,30896.0,30888.25,30895.0,311
2026-09-25 02:27:00-04:00,30888.0,30888.0,30893.25,30883.0,30889.5,409
2026-09-25 02:28:00-04:00,30884.0,30884.0,30889.75,30883.0,30889.75,120
2026-09-25 02:29:00-04:00,30879.5,30879.5,30883.75,30873.5,30883.75,192
2026-09-25 02:30:00-04:00,30885.75,30885.75,30887.5,30879.75,30880.25,118
2026-09-25 02:31:00-04:00,30881.0,30881.0,30885.5,30880.0,30884.25,58
2026-09-25 02:32:00-04:00,30884.5,30884.5,30885.0,30880.25,30880.75,40
2026-09-25 02:33:00-04:00,30881.0,30881.0,30883.0,30874.75,30881.0,92
2026-09-25 02:34:00-04:00,30891.0,30891.0,30892.0,30881.25,30881.5,91
2026-09-25 02:35:00-04:00,30889.5,30889.5,30892.0,30886.0,30890.5,73
2026-09-25 02:36:00-04:00,30879.0,30879.0,30890.0,30879.0,30890.0,36
2026-09-25 02:37:00-04:00,30880.5,30880.5,30882.5,30877.5,30879.0,53
2026-09-25 02:38:00-04:00,30883.75,30883.75,30885.0,30880.5,30880.75,48
2026-09-25 02:39:00-04:00,30881.5,30881.5,30882.5,30879.75,30882.25,22
2026-09-25 02:40:00-04:00,30884.5,30884.5,30886.5,30880.75,30881.5,25
2026-09-25 02:41:00-04:00,30885.5,30885.5,30887.25,30884.0,30884.75,44
2026-09-25 02:42:00-04:00,30887.25,30887.25,30887.75,30884.25,30884.5,29
2026-09-25 02:43:00-04:00,30883.25,30883.25,30887.75,30879.25,30887.75,128
2026-09-25 02:44:00-04:00,30881.25,30881.25,30883.0,30875.25,30882.75,144
2026-09-25 02:45:00-04:00,30882.0,30882.0,30886.0,30878.25,30881.5,85
2026-09-25 02:46:00-04:00,30882.25,30882.25,30884.0,30879.25,30882.0,51
2026-09-25 02:47:00-04:00,30867.25,30867.25,30883.25,30866.5,30882.75,163
2026-09-25 02:48:00-04:00,30873.75,30873.75,30875.25,30864.25,30867.5,123
2026-09-25 02:49:00-04:00,30875.5,30875.5,30879.25,30873.0,30874.5,79
2026-09-25 02:50:00-04:00,30872.0,30872.0,30878.75,30870.0,30875.5,86
2026-09-25 02:51:00-04:00,30868.75,30868.75,30873.5,30867.75,30870.25,87
2026-09-25 02:52:00-04:00,30865.75,30865.75,30872.0,30864.5,30867.5,55
2026-09-25 02:53:00-04:00,30868.5,30868.5,30868.5,30864.75,30865.25,24
2026-09-25 02:54:00-04:00,30875.0,30875.0,30875.5,30866.25,30867.25,61
2026-09-25 02:55:00-04:00,30879.5,30879.5,30880.75,30873.75,30873.75,91
2026-09-25 02:56:00-04:00,30879.25,30879.25,30883.5,30875.5,30879.25,75
2026-09-25 02:57:00-04:00,30874.0,30874.0,30879.0,30873.25,30879.0,55
2026-09-25 02:58:00-04:00,30869.25,30869.25,30873.0,30869.25,30872.75,66
2026-09-25 02:59:00-04:00,30867.25,30867.25,30870.25,30864.0,30870.25,71
2026-09-25 03:00:00-04:00,30876.75,30876.75,30880.5,30865.75,30866.75,205
2026-09-25 03:01:00-04:00,30878.5,30878.5,30879.25,30871.75,30875.75,126
2026-09-25 03:02:00-04:00,30881.75,30881.75,30885.0,30877.75,30877.75,63
2026-09-25 03:03:00-04:00,30883.75,30883.75,30884.5,30874.25,30882.0,165
2026-09-25 03:04:00-04:00,30872.25,30872.25,30888.0,30870.5,30883.5,134
2026-09-25 03:05:00-04:00,30880.0,30880.0,30883.5,30866.75,30871.75,179
2026-09-25 03:06:00-04:00,30880.0,30880.0,30881.0,30876.5,30881.0,48
2026-09-25 03:07:00-04:00,30875.0,30875.0,30887.75,30873.5,30882.75,88
2026-09-25 03:08:00-04:00,30877.5,30877.5,30883.0,30874.0,30874.75,58
2026-09-25 03:09:00-04:00,30878.75,30878.75,30880.0,30872.25,30877.75,46
2026-09-25 03:10:00-04:00,30876.0,30876.0,30883.5,30871.75,30879.75,197
2026-09-25 03:11:00-04:00,30883.0,30883.0,30883.0,30873.75,30875.25,94
2026-09-25 03:12:00-04:00,30885.5,30885.5,30885.5,30877.0,30880.75,89
2026-09-25 03:13:00-04:00,30892.0,30892.0,30897.0,30885.25,30885.25,206
2026-09-25 03:14:00-04:00,30894.5,30894.5,30897.75,30890.75,30891.0,74
2026-09-25 03:15:00-04:00,30894.25,30894.25,30903.75,30893.25,30894.5,242
2026-09-25 03:16:00-04:00,30891.75,30891.75,30899.25,30889.75,30893.5,188
2026-09-25 03:17:00-04:00,30894.25,30894.25,30894.5,30890.0,30892.75,86
2026-09-25 03:18:00-04:00,30889.25,30889.25,30894.25,30888.25,30893.75,55
2026-09-25 03:19:00-04:00,30885.5,30885.5,30892.0,30880.5,30889.5,144
2026-09-25 03:20:00-04:00,30882.75,30882.75,30892.0,30876.5,30885.25,522
2026-09-25 03:21:00-04:00,30884.0,30884.0,30890.25,30879.5,30882.0,241
2026-09-25 03:22:00-04:00,30884.0,30884.0,30889.0,30883.5,30885.25,48
2026-09-25 03:23:00-04:00,30881.25,30881.25,30891.0,30880.0,30884.0,143
2026-09-25 03:24:00-04:00,30883.0,30883.0,30886.0,30880.75,30881.5,47
2026-09-25 03:25:00-04:00,30882.5,30882.5,30885.0,30878.25,30883.0,111
2026-09-25 03:26:00-04:00,30876.75,30876.75,30882.5,30876.75,30881.75,56
2026-09-25 03:27:00-04:00,30886.5,30886.5,30888.0,30871.75,30877.5,197
2026-09-25 03:28:00-04:00,30893.5,30893.5,30894.75,30885.25,30886.5,488
2026-09-25 03:29:00-04:00,30902.0,30902.0,30903.0,30891.0,30892.75,165
2026-09-25 03:30:00-04:00,30898.25,30898.25,30903.5,30891.25,30902.25,128
2026-09-25 03:31:00-04:00,30897.5,30897.5,30905.0,30896.5,30896.75,106
2026-09-25 03:32:00-04:00,30876.75,30876.75,30898.25,30875.0,30898.25,134
2026-09-25 03:33:00-04:00,30864.5,30864.5,30879.75,30864.25,30876.5,183
2026-09-25 03:34:00-04:00,30864.5,30864.5,30866.75,30861.25,30865.25,135
2026-09-25 03:35:00-04:00,30866.0,30866.0,30870.0,30863.0,30863.75,136
2026-09-25 03:36:00-04:00,30868.75,30868.75,30871.25,30865.5,30866.75,69
2026-09-25 03:37:00-04:00,30872.5,30872.5,30873.0,30867.0,30867.5,156
2026-09-25 03:38:00-04:00,30863.25,30863.25,30873.25,30863.0,30872.5,239
2026-09-25 03:39:00-04:00,30860.5,30860.5,30865.75,30860.0,30864.5,79
2026-09-25 03:40:00-04:00,30859.75,30859.75,30864.75,30857.0,30859.75,94
2026-09-25 03:41:00-04:00,30862.75,30862.75,30863.25,30856.25,30857.75,70
2026-09-25 03:42:00-04:00,30867.5,30867.5,30869.25,30863.75,30863.75,46
2026-09-25 03:43:00-04:00,30867.5,30867.5,30868.75,30865.0,30866.25,85
2026-09-25 03:44:00-04:00,30861.25,30861.25,30864.5,30859.5,30864.5,87
2026-09-25 03:45:00-04:00,30861.0,30861.0,30866.0,30861.0,30861.25,65
2026-09-25 03:46:00-04:00,30875.5,30875.5,30876.5,30861.5,30862.0,390
2026-09-25 03:47:00-04:00,30874.5,30874.5,30880.75,30872.5,30875.5,110
2026-09-25 03:48:00-04:00,30862.25,30862.25,30874.75,30862.0,30874.75,73
2026-09-25 03:49:00-04:00,30862.75,30862.75,30867.75,30862.75,30864.5,45
2026-09-25 03:50:00-04:00,30865.0,30865.0,30866.5,30859.0,30863.75,57
2026-09-25 03:51:00-04:00,30866.5,30866.5,30867.0,30862.0,30865.25,39
2026-09-25 03:52:00-04:00,30862.75,30862.75,30866.75,30862.5,30864.75,31
2026-09-25 03:53:00-04:00,30871.0,30871.0,30872.25,30863.0,30864.0,91
2026-09-25 03:54:00-04:00,30866.75,30866.75,30871.5,30862.25,30871.25,58
2026-09-25 03:55:00-04:00,30869.25,30869.25,30874.5,30863.75,30866.75,106
2026-09-25 03:56:00-04:00,30875.0,30875.0,30875.75,30867.25,30868.5,46
2026-09-25 03:57:00-04:00,30870.25,30870.25,30878.5,30868.25,30873.0,59
2026-09-25 03:58:00-04:00,30868.5,30868.5,30870.75,30867.25,30870.75,52
2026-09-25 03:59:00-04:00,30868.0,30868.0,30875.0,30868.0,30869.75,48
2026-09-25 04:00:00-04:00,30871.0,30871.0,30876.0,30863.0,30867.25,242
2026-09-25 04:01:00-04:00,30872.5,30872.5,30877.0,30869.0,30874.0,91
2026-09-25 04:02:00-04:00,30867.25,30867.25,30877.0,30867.0,30873.0,102
2026-09-25 04:03:00-04:00,30852.25,30852.25,30870.75,30842.5,30870.75,324
2026-09-25 04:04:00-04:00,30847.25,30847.25,30854.5,30846.25,30852.25,121
2026-09-25 04:05:00-04:00,30853.0,30853.0,30858.5,30846.75,30847.5,124
2026-09-25 04:06:00-04:00,30846.75,30846.75,30860.0,30846.75,30853.0,114
2026-09-25 04:07:00-04:00,30848.75,30848.75,30848.75,30838.0,30846.75,176
2026-09-25 04:08:00-04:00,30859.5,30859.5,30861.25,30844.75,30847.75,98
2026-09-25 04:09:00-04:00,30857.25,30857.25,30863.25,30855.75,30858.25,105
2026-09-25 04:10:00-04:00,30863.75,30863.75,30866.5,30858.5,30860.0,57
2026-09-25 04:11:00-04:00,30869.25,30869.25,30870.0,30858.5,30862.25,104
2026-09-25 04:12:00-04:00,30884.75,30884.75,30884.75,30868.25,30868.75,188
2026-09-25 04:13:00-04:00,30880.5,30880.5,30889.0,30877.0,30883.5,191
2026-09-25 04:14:00-04:00,30878.5,30878.5,30890.75,30876.0,30881.75,116
2026-09-25 04:15:00-04:00,30886.5,30886.5,30886.5,30880.25,30880.25,51
2026-09-25 04:16:00-04:00,30895.5,30895.5,30896.0,30882.75,30886.5,211
2026-09-25 04:17:00-04:00,30883.5,30883.5,30897.5,30883.0,30896.0,149
2026-09-25 04:18:00-04:00,30886.25,30886.25,30886.25,30879.0,30885.0,69
2026-09-25 04:19:00-04:00,30887.5,30887.5,30890.0,30883.5,30886.25,67
2026-09-25 04:20:00-04:00,30887.25,30887.25,30890.0,30885.25,30887.5,71
2026-09-25 04:21:00-04:00,30893.75,30893.75,30893.75,30885.5,30886.0,57
2026-09-25 04:22:00-04:00,30901.75,30901.75,30904.75,30891.5,30893.0,245
2026-09-25 04:23:00-04:00,30893.0,30893.0,30902.25,30886.75,30901.75,95
2026-09-25 04:24:00-04:00,30909.0,30909.0,30911.25,30892.5,30893.5,136
2026-09-25 04:25:00-04:00,30904.75,30904.75,30909.0,30903.0,30909.0,125
2026-09-25 04:26:00-04:00,30903.0,30903.0,30905.75,30896.5,30905.75,97
2026-09-25 04:27:00-04:00,30910.5,30910.5,30915.25,30901.75,30901.75,251
2026-09-25 04:28:00-04:00,30923.5,30923.5,30926.75,30911.25,30911.5,437
2026-09-25 04:29:00-04:00,30923.0,30923.0,30927.5,30921.75,30923.5,131
2026-09-25 04:30:00-04:00,30923.5,30923.5,30927.0,30921.5,30922.0,100
2026-09-25 04:31:00-04:00,30924.5,30924.5,30926.0,30922.0,30924.0,119
2026-09-25 04:32:00-04:00,30917.75,30917.75,30926.0,30915.25,30924.5,96
2026-09-25 04:33:00-04:00,30933.0,30933.0,30933.0,30917.25,30917.5,135
2026-09-25 04:34:00-04:00,30927.0,30927.0,30934.0,30926.5,30932.5,110
2026-09-25 04:35:00-04:00,30929.75,30929.75,30932.0,30927.5,30927.5,156
2026-09-25 04:36:00-04:00,30924.75,30924.75,30931.5,30923.75,30931.5,80
2026-09-25 04:37:00-04:00,30920.25,30920.25,30924.75,30920.25,30924.0,58
2026-09-25 04:38:00-04:00,30925.0,30925.0,30928.0,30920.5,30921.25,98
2026-09-25 04:39:00-04:00,30917.0,30917.0,30925.5,30911.5,30925.5,170
2026-09-25 04:40:00-04:00,30926.0,30926.0,30926.5,30917.0,30917.0,89
2026-09-25 04:41:00-04:00,30925.5,30925.5,30928.0,30922.25,30924.25,107
2026-09-25 04:42:00-04:00,30928.5,30928.5,30931.25,30922.5,30925.0,93
2026-09-25 04:43:00-04:00,30931.0,30931.0,30933.0,30927.0,30927.0,54
2026-09-25 04:44:00-04:00,30934.25,30934.25,30935.0,30930.5,30931.25,79
2026-09-25 04:45:00-04:00,30939.0,30939.0,30941.25,30934.0,30934.0,130
2026-09-25 04:46:00-04:00,30938.5,30938.5,30944.75,30937.75,30939.5,204
2026-09-25 04:47:00-04:00,30936.75,30936.75,30940.25,30936.75,30939.75,78
2026-09-25 04:48:00-04:00,30938.0,30938.0,30940.0,30935.5,30937.0,55
2026-09-25 04:49:00-04:00,30934.0,30934.0,30943.0,30933.25,30939.75,76
2026-09-25 04:50:00-04:00,30933.0,30933.0,30935.5,30931.5,30934.0,59
2026-09-25 04:51:00-04:00,30931.25,30931.25,30936.5,30930.5,30932.0,90
2026-09-25 04:52:00-04:00,30939.75,30939.75,30939.75,30930.75,30930.75,76
2026-09-25 04:53:00-04:00,30936.75,30936.75,30940.75,30935.75,30940.25,61
2026-09-25 04:54:00-04:00,30941.0,30941.0,30943.25,30934.75,30935.0,123
2026-09-25 04:55:00-04:00,30947.25,30947.25,30949.5,30941.25,30941.25,198
2026-09-25 04:56:00-04:00,30951.25,30951.25,30952.0,30944.75,30947.75,252
2026-09-25 04:57:00-04:00,30953.0,30953.0,30953.0,30950.0,30951.5,113
2026-09-25 04:58:00-04:00,30951.0,30951.0,30954.25,30951.0,30952.25,37
2026-09-25 04:59:00-04:00,30947.0,30947.0,30951.25,30946.0,30951.25,90
2026-09-25 05:00:00-04:00,30950.25,30950.25,30950.5,30941.75,30945.75,88
2026-09-25 05:01:00-04:00,30949.5,30949.5,30952.5,30944.5,30949.25,83
2026-09-25 05:02:00-04:00,30948.75,30948.75,30951.0,30947.25,30948.75,52
2026-09-25 05:03:00-04:00,30952.5,30952.5,30956.0,30948.75,30948.75,109
2026-09-25 05:04:00-04:00,30947.25,30947.25,30951.25,30946.25,30951.25,41
2026-09-25 05:05:00-04:00,30953.0,30953.0,30953.75,30946.5,30949.0,57
2026-09-25 05:06:00-04:00,30954.0,30954.0,30955.0,30950.75,30953.0,81
2026-09-25 05:07:00-04:00,30957.75,30957.75,30959.5,30955.0,30955.0,104
2026-09-25 05:08:00-04:00,30959.0,30959.0,30960.0,30954.75,30956.0,119
2026-09-25 05:09:00-04:00,30959.5,30959.5,30960.0,30957.0,30960.0,72
2026-09-25 05:10:00-04:00,30955.25,30955.25,30959.75,30953.25,30959.5,134
2026-09-25 05:11:00-04:00,30953.25,30953.25,30956.25,30951.75,30955.75,88
2026-09-25 05:12:00-04:00,30956.5,30956.5,30956.75,30950.25,30952.75,76
2026-09-25 05:13:00-04:00,30957.5,30957.5,30958.75,30953.0,30958.5,56
2026-09-25 05:14:00-04:00,30953.5,30953.5,30958.75,30952.75,30957.5,43
2026-09-25 05:15:00-04:00,30959.0,30959.0,30963.25,30950.0,30953.75,310
2026-09-25 05:16:00-04:00,30955.75,30955.75,30960.0,30955.75,30959.25,33
2026-09-25 05:17:00-04:00,30954.5,30954.5,30958.75,30953.0,30957.25,35
2026-09-25 05:18:00-04:00,30951.75,30951.75,30955.75,30948.5,30955.25,90
2026-09-25 05:19:00-04:00,30949.75,30949.75,30955.5,30949.5,30952.5,53
2026-09-25 05:20:00-04:00,30944.75,30944.75,30951.75,30942.5,30949.5,127
2026-09-25 05:21:00-04:00,30942.5,30942.5,30944.5,30940.5,30944.25,95
2026-09-25 05:22:00-04:00,30949.0,30949.0,30949.0,30941.25,30942.75,92
2026-09-25 05:23:00-04:00,30944.0,30944.0,30951.0,30939.75,30948.5,109
2026-09-25 05:24:00-04:00,30948.5,30948.5,30949.5,30942.25,30943.0,60
2026-09-25 05:25:00-04:00,30942.5,30942.5,30950.0,30939.75,30949.5,73
2026-09-25 05:26:00-04:00,30944.75,30944.75,30946.5,30941.5,30942.75,57
2026-09-25 05:27:00-04:00,30942.5,30942.5,30944.5,30940.75,30944.5,46
2026-09-25 05:28:00-04:00,30942.25,30942.25,30944.5,30941.25,30943.25,43
2026-09-25 05:29:00-04:00,30939.25,30939.25,30943.5,30936.25,30941.5,103
2026-09-25 05:30:00-04:00,30943.5,30943.5,30945.5,30930.0,30938.75,214
2026-09-25 05:31:00-04:00,30945.5,30945.5,30946.25,30940.75,30943.75,71
2026-09-25 05:32:00-04:00,30946.5,30946.5,30952.25,30944.5,30946.0,135
2026-09-25 05:33:00-04:00,30944.5,30944.5,30946.75,30944.25,30944.5,23
2026-09-25 05:34:00-04:00,30944.25,30944.25,30948.75,30942.0,30944.25,61
2026-09-25 05:35:00-04:00,30942.75,30942.75,30943.5,30939.5,30943.5,55
2026-09-25 05:36:00-04:00,30941.0,30941.0,30946.25,30937.0,30944.0,78
2026-09-25 05:37:00-04:00,30941.0,30941.0,30943.25,30938.5,30939.0,34
2026-09-25 05:38:00-04:00,30938.0,30938.0,30942.5,30935.25,30942.5,88
2026-09-25 05:39:00-04:00,30941.75,30941.75,30941.75,30934.5,30937.5,44
2026-09-25 05:40:00-04:00,30941.25,30941.25,30943.0,30935.5,30941.25,71
2026-09-25 05:41:00-04:00,30940.5,30940.5,30942.5,30939.0,30939.75,27
2026-09-25 05:42:00-04:00,30940.25,30940.25,30944.5,30940.0,30941.5,26
2026-09-25 05:43:00-04:00,30940.75,30940.75,30942.0,30932.75,30940.5,89
2026-09-25 05:44:00-04:00,30936.75,30936.75,30940.0,30936.75,30940.0,32
2026-09-25 05:45:00-04:00,30927.75,30927.75,30937.0,30925.0,30937.0,157
2026-09-25 05:46:00-04:00,30918.75,30918.75,30926.5,30916.25,30926.0,163
2026-09-25 05:47:00-04:00,30918.75,30918.75,30919.75,30916.0,30917.0,84
2026-09-25 05:48:00-04:00,30918.75,30918.75,30920.25,30916.25,30919.0,65
2026-09-25 05:49:00-04:00,30921.25,30921.25,30923.0,30918.5,30920.75,71
2026-09-25 05:50:00-04:00,30914.75,30914.75,30921.75,30912.0,30921.75,108
2026-09-25 05:51:00-04:00,30918.25,30918.25,30919.0,30913.75,30914.25,37
2026-09-25 05:52:00-04:00,30914.75,30914.75,30920.25,30914.5,30918.75,67
2026-09-25 05:53:00-04:00,30921.5,30921.5,30923.5,30913.25,30914.5,112
2026-09-25 05:54:00-04:00,30921.5,30921.5,30923.25,30920.5,30922.0,51
2026-09-25 05:55:00-04:00,30922.5,30922.5,30924.5,30917.0,30921.75,50
2026-09-25 05:56:00-04:00,30927.5,30927.5,30930.0,30922.25,30922.25,65
2026-09-25 05:57:00-04:00,30925.25,30925.25,30927.5,30923.75,30926.25,29
2026-09-25 05:58:00-04:00,30926.5,30926.5,30928.25,30924.5,30924.5,48
2026-09-25 05:59:00-04:00,30916.75,30916.75,30927.5,30916.25,30927.5,81
2026-09-25 06:00:00-04:00,30924.0,30924.0,30924.5,30914.5,30916.25,96
2026-09-25 06:01:00-04:00,30921.5,30921.5,30923.75,30916.25,30923.75,75
2026-09-25 06:02:00-04:00,30910.5,30910.5,30920.0,30908.75,30920.0,143
2026-09-25 06:03:00-04:00,30905.75,30905.75,30910.75,30905.25,30909.25,95
2026-09-25 06:04:00-04:00,30906.25,30906.25,30909.75,30906.0,30906.0,41
2026-09-25 06:05:00-04:00,30908.5,30908.5,30908.5,30902.5,30906.75,103
2026-09-25 06:06:00-04:00,30906.25,30906.25,30910.25,30905.0,30908.75,48
2026-09-25 06:07:00-04:00,30904.0,30904.0,30905.25,30900.0,30905.25,207
2026-09-25 06:08:00-04:00,30910.25,30910.25,30911.5,30904.25,30904.25,70
2026-09-25 06:09:00-04:00,30910.5,30910.5,30913.75,30909.75,30910.0,37
2026-09-25 06:10:00-04:00,30914.0,30914.0,30915.25,30910.25,30911.0,85
2026-09-25 06:11:00-04:00,30919.5,30919.5,30923.25,30914.5,30914.75,126
2026-09-25 06:12:00-04:00,30922.75,30922.75,30923.5,30918.75,30920.0,40
2026-09-25 06:13:00-04:00,30929.0,30929.0,30929.75,30922.25,30924.0,84
2026-09-25 06:14:00-04:00,30927.75,30927.75,30932.5,30927.75,30930.0,112
2026-09-25 06:15:00-04:00,30934.75,30934.75,30936.75,30927.0,30927.25,165
2026-09-25 06:16:00-04:00,30934.5,30934.5,30939.0,30932.5,30934.75,123
2026-09-25 06:17:00-04:00,30932.5,30932.5,30939.75,30931.5,30934.75,62
2026-09-25 06:18:00-04:00,30931.75,30931.75,30934.25,30931.0,30932.75,34
2026-09-25 06:19:00-04:00,30935.0,30935.0,30935.0,30931.0,30931.5,68
2026-09-25 06:20:00-04:00,30939.75,30939.75,30940.0,30933.0,30934.0,73
2026-09-25 06:21:00-04:00,30938.25,30938.25,30942.0,30935.0,30940.5,89
2026-09-25 06:22:00-04:00,30934.0,30934.0,30939.5,30931.25,30938.75,114
2026-09-25 06:23:00-04:00,30930.75,30930.75,30934.0,30926.0,30933.25,165
2026-09-25 06:24:00-04:00,30931.25,30931.25,30932.5,30929.0,30931.75,31
2026-09-25 06:25:00-04:00,30931.0,30931.0,30932.25,30927.75,30930.5,60
2026-09-25 06:26:00-04:00,30933.5,30933.5,30934.75,30929.75,30930.25,33
2026-09-25 06:27:00-04:00,30933.0,30933.0,30934.5,30932.25,30933.25,20
2026-09-25 06:28:00-04:00,30930.75,30930.75,30933.25,30927.5,30933.0,40
2026-09-25 06:29:00-04:00,30929.0,30929.0,30933.25,30928.25,30930.75,22
2026-09-25 06:30:00-04:00,30935.75,30935.75,30938.5,30929.0,30929.0,60
2026-09-25 06:31:00-04:00,30929.5,30929.5,30933.75,30926.5,30933.75,58
2026-09-25 06:32:00-04:00,30921.75,30921.75,30928.5,30921.0,30928.25,89
2026-09-25 06:33:00-04:00,30922.5,30922.5,30924.75,30918.25,30922.5,83
2026-09-25 06:34:00-04:00,30928.0,30928.0,30929.25,30918.25,30918.5,64
2026-09-25 06:35:00-04:00,30926.75,30926.75,30932.5,30926.25,30926.25,62
2026-09-25 06:36:00-04:00,30929.75,30929.75,30930.75,30927.25,30927.75,24
2026-09-25 06:37:00-04:00,30925.75,30925.75,30932.25,30925.75,30929.25,38
2026-09-25 06:38:00-04:00,30916.25,30916.25,30926.75,30914.25,30926.5,106
2026-09-25 06:39:00-04:00,30914.0,30914.0,30919.25,30912.0,30915.75,95
2026-09-25 06:40:00-04:00,30916.0,30916.0,30917.0,30911.5,30913.5,93
2026-09-25 06:41:00-04:00,30922.25,30922.25,30923.75,30915.0,30915.0,100
2026-09-25 06:42:00-04:00,30919.0,30919.0,30923.5,30919.0,30920.75,50
2026-09-25 06:43:00-04:00,30922.0,30922.0,30924.25,30918.25,30918.75,30
2026-09-25 06:44:00-04:00,30921.25,30921.25,30923.75,30919.5,30922.5,40
2026-09-25 06:45:00-04:00,30921.5,30921.5,30923.5,30917.25,30920.5,77
2026-09-25 06:46:00-04:00,30918.0,30918.0,30922.75,30916.75,30920.75,57
2026-09-25 06:47:00-04:00,30925.25,30925.25,30925.25,30919.25,30919.75,34
2026-09-25 06:48:00-04:00,30925.75,30925.75,30927.25,30922.75,30924.0,76
2026-09-25 06:49:00-04:00,30925.0,30925.0,30926.0,30912.0,30924.25,156
2026-09-25 06:50:00-04:00,30924.0,30924.0,30926.25,30920.25,30923.25,52
2026-09-25 06:51:00-04:00,30924.75,30924.75,30927.25,30921.5,30922.0,60
2026-09-25 06:52:00-04:00,30923.0,30923.0,30924.5,30922.5,30923.5,15
2026-09-25 06:53:00-04:00,30924.0,30924.0,30924.5,30915.25,30924.25,81
2026-09-25 06:54:00-04:00,30926.75,30926.75,30933.0,30923.75,30924.5,192
2026-09-25 06:55:00-04:00,30916.5,30916.5,30926.5,30915.5,30926.5,67
2026-09-25 06:56:00-04:00,30920.0,30920.0,30920.75,30915.5,30917.5,64
2026-09-25 06:57:00-04:00,30920.5,30920.5,30924.5,30919.0,30919.5,50
2026-09-25 06:58:00-04:00,30920.25,30920.25,30921.25,30919.0,30920.25,34
2026-09-25 06:59:00-04:00,30922.0,30922.0,30922.0,30914.75,30919.75,128
2026-09-25 07:00:00-04:00,30917.25,30917.25,30933.5,30913.5,30922.75,291
2026-09-25 07:01:00-04:00,30929.75,30929.75,30938.25,30912.75,30916.75,310
2026-09-25 07:02:00-04:00,30928.0,30928.0,30933.0,30923.25,30930.0,126
2026-09-25 07:03:00-04:00,30924.25,30924.25,30930.0,30924.0,30929.75,64
2026-09-25 07:04:00-04:00,30921.75,30921.75,30925.75,30920.0,30924.0,71
2026-09-25 07:05:00-04:00,30928.25,30928.25,30932.0,30921.25,30921.25,92
2026-09-25 07:06:00-04:00,30943.5,30943.5,30944.75,30926.5,30927.75,149
2026-09-25 07:07:00-04:00,30949.0,30949.0,30950.75,30939.5,30942.5,150
2026-09-25 07:08:00-04:00,30954.5,30954.5,30956.0,30948.0,30949.25,145
2026-09-25 07:09:00-04:00,30959.0,30959.0,30960.5,30951.0,30955.0,165
2026-09-25 07:10:00-04:00,30959.25,30959.25,30965.0,30957.5,30959.0,196
2026-09-25 07:11:00-04:00,30960.75,30960.75,30963.25,30958.5,30959.5,132
2026-09-25 07:12:00-04:00,30960.75,30960.75,30961.0,30956.0,30960.5,83
2026-09-25 07:13:00-04:00,30962.5,30962.5,30963.25,30956.75,30958.0,75
2026-09-25 07:14:00-04:00,30975.0,30975.0,30975.0,30960.25,30962.25,317
2026-09-25 07:15:00-04:00,30975.25,30975.25,30981.0,30972.75,30974.25,330
2026-09-25 07:16:00-04:00,30990.25,30990.25,30994.75,30975.75,30975.75,424
2026-09-25 07:17:00-04:00,30981.75,30981.75,30990.25,30978.0,30989.5,170
2026-09-25 07:18:00-04:00,30980.0,30980.0,30982.25,30974.5,30981.5,154
2026-09-25 07:19:00-04:00,30982.25,30982.25,30983.75,30976.0,30978.25,121
2026-09-25 07:20:00-04:00,30980.0,30980.0,30984.75,30977.25,30981.0,141
2026-09-25 07:21:00-04:00,30977.0,30977.0,30983.25,30976.75,30980.5,110
2026-09-25 07:22:00-04:00,30978.5,30978.5,30983.25,30975.0,30975.25,69
2026-09-25 07:23:00-04:00,30978.5,30978.5,30981.5,30978.0,30979.0,102
2026-09-25 07:24:00-04:00,30978.75,30978.75,30983.5,30976.25,30977.75,154
2026-09-25 07:25:00-04:00,30980.0,30980.0,30981.5,30978.0,30978.0,78
2026-09-25 07:26:00-04:00,30985.25,30985.25,30986.5,30979.5,30980.75,89
2026-09-25 07:27:00-04:00,30987.75,30987.75,30991.0,30981.5,30984.75,154
2026-09-25 07:28:00-04:00,30982.0,30982.0,30986.75,30982.0,30986.75,100
2026-09-25 07:29:00-04:00,30976.75,30976.75,30983.25,30974.0,30982.5,127
2026-09-25 07:30:00-04:00,30973.75,30973.75,30980.5,30972.25,30977.5,135
2026-09-25 07:31:00-04:00,30975.0,30975.0,30977.25,30970.0,30976.75,118
2026-09-25 07:32:00-04:00,30977.25,30977.25,30979.75,30972.75,30976.0,105
2026-09-25 07:33:00-04:00,30976.75,30976.75,30980.0,30973.25,30978.75,34
2026-09-25 07:34:00-04:00,30978.75,30978.75,30981.25,30977.0,30977.0,44
2026-09-25 07:35:00-04:00,30989.5,30989.5,30999.5,30976.0,30976.0,498
2026-09-25 07:36:00-04:00,30973.5,30973.5,30989.5,30970.5,30988.75,202
2026-09-25 07:37:00-04:00,30973.0,30973.0,30976.25,30971.75,30971.75,102
2026-09-25 07:38:00-04:00,30964.0,30964.0,30974.75,30963.75,30974.5,114
2026-09-25 07:39:00-04:00,30961.5,30961.5,30966.25,30959.25,30965.25,117
2026-09-25 07:40:00-04:00,30962.5,30962.5,30966.5,30961.0,30961.25,66
2026-09-25 07:41:00-04:00,30965.5,30965.5,30966.0,30963.0,30963.5,47
2026-09-25 07:42:00-04:00,30965.75,30965.75,30973.25,30964.5,30966.5,118
2026-09-25 07:43:00-04:00,30970.5,30970.5,30974.0,30966.25,30966.75,131
2026-09-25 07:44:00-04:00,30970.0,30970.0,30978.25,30968.0,30971.75,178
2026-09-25 07:45:00-04:00,30970.75,30970.75,30972.25,30967.75,30971.25,57
2026-09-25 07:46:00-04:00,30972.25,30972.25,30973.0,30968.5,30971.0,71
2026-09-25 07:47:00-04:00,30970.75,30970.75,30974.25,30970.25,30972.25,74
2026-09-25 07:48:00-04:00,30969.0,30969.0,30973.0,30968.0,30970.25,44
2026-09-25 07:49:00-04:00,30969.0,30969.0,30974.25,30968.5,30969.75,64
2026-09-25 07:50:00-04:00,30970.0,30970.0,30970.0,30962.5,30967.75,99
2026-09-25 07:51:00-04:00,30973.25,30973.25,30976.0,30967.75,30969.75,143
2026-09-25 07:52:00-04:00,30977.5,30977.5,30981.25,30973.5,30973.75,84
2026-09-25 07:53:00-04:00,30978.0,30978.0,30980.5,30975.25,30977.75,93
2026-09-25 07:54:00-04:00,30978.75,30978.75,30981.0,30974.75,30979.25,57
2026-09-25 07:55:00-04:00,30978.75,30978.75,30981.0,30977.25,30979.25,74
2026-09-25 07:56:00-04:00,30968.25,30968.25,30978.5,30967.75,30978.5,105
2026-09-25 07:57:00-04:00,30970.5,30970.5,30971.75,30966.75,30968.25,83
2026-09-25 07:58:00-04:00,30971.25,30971.25,30971.25,30966.5,30970.0,55
2026-09-25 07:59:00-04:00,30961.5,30961.5,30972.0,30960.25,30971.25,192
2026-09-25 08:00:00-04:00,30961.0,30961.0,30967.5,30956.75,30960.5,369
2026-09-25 08:01:00-04:00,30977.0,30977.0,30977.0,30959.25,30960.25,192
2026-09-25 08:02:00-04:00,30969.5,30969.5,30978.0,30968.0,30975.5,129
2026-09-25 08:03:00-04:00,30973.25,30973.25,30977.0,30969.5,30970.0,70
2026-09-25 08:04:00-04:00,30972.0,30972.0,30974.25,30969.25,30974.25,78
2026-09-25 08:05:00-04:00,30969.75,30969.75,30971.75,30967.0,30971.5,94
2026-09-25 08:06:00-04:00,30976.0,30976.0,30977.0,30970.0,30970.25,50
2026-09-25 08:07:00-04:00,30969.25,30969.25,30975.75,30968.75,30975.5,68
2026-09-25 08:08:00-04:00,30967.75,30967.75,30971.5,30962.25,30970.25,163
2026-09-25 08:09:00-04:00,30961.75,30961.75,30967.75,30960.5,30967.5,129
2026-09-25 08:10:00-04:00,30947.75,30947.75,30969.75,30947.25,30961.25,251
2026-09-25 08:11:00-04:00,30966.0,30966.0,30967.25,30944.0,30947.25,256
2026-09-25 08:12:00-04:00,30964.0,30964.0,30968.5,30962.75,30965.5,115
2026-09-25 08:13:00-04:00,30950.25,30950.25,30962.75,30947.5,30962.75,275
2026-09-25 08:14:00-04:00,30952.25,30952.25,30953.25,30943.0,30950.0,266
2026-09-25 08:15:00-04:00,30950.0,30950.0,30953.0,30946.25,30953.0,117
2026-09-25 08:16:00-04:00,30934.75,30934.75,30952.75,30934.75,30950.0,223
2026-09-25 08:17:00-04:00,30930.5,30930.5,30936.25,30929.0,30934.75,245
2026-09-25 08:18:00-04:00,30930.5,30930.5,30935.75,30928.25,30931.25,112
2026-09-25 08:19:00-04:00,30924.0,30924.0,30930.75,30916.75,30930.75,244
2026-09-25 08:20:00-04:00,30923.75,30923.75,30929.0,30919.75,30923.75,173
2026-09-25 08:21:00-04:00,30937.75,30937.75,30937.75,30925.5,30925.75,237
2026-09-25 08:22:00-04:00,30936.0,30936.0,30945.0,30935.0,30938.0,168
2026-09-25 08:23:00-04:00,30938.25,30938.25,30939.0,30932.75,30936.0,175
2026-09-25 08:24:00-04:00,30935.0,30935.0,30944.25,30934.0,30939.5,154
2026-09-25 08:25:00-04:00,30932.75,30932.75,30934.5,30928.75,30934.0,128
2026-09-25 08:26:00-04:00,30932.25,30932.25,30936.25,30930.75,30931.75,76
2026-09-25 08:27:00-04:00,30937.0,30937.0,30938.5,30931.5,30933.0,90
2026-09-25 08:28:00-04:00,30940.25,30940.25,30941.25,30936.25,30936.75,93
2026-09-25 08:29:00-04:00,30932.5,30932.5,30941.0,30930.75,30939.75,123
2026-09-25 08:30:00-04:00,30929.25,30929.25,30938.5,30926.0,30933.0,230
2026-09-25 08:31:00-04:00,30916.5,30916.5,30931.0,30915.5,30929.5,350
2026-09-25 08:32:00-04:00,30911.0,30911.0,30916.75,30903.5,30916.75,490
2026-09-25 08:33:00-04:00,30917.25,30917.25,30919.0,30908.75,30910.0,146
2026-09-25 08:34:00-04:00,30920.0,30920.0,30922.75,30915.0,30915.5,246
2026-09-25 08:35:00-04:00,30915.75,30915.75,30920.0,30908.5,30919.5,279
2026-09-25 08:36:00-04:00,30910.75,30910.75,30918.0,30907.0,30916.0,235
2026-09-25 08:37:00-04:00,30908.0,30908.0,30911.25,30903.25,30910.75,127
2026-09-25 08:38:00-04:00,30908.75,30908.75,30909.75,30904.5,30907.5,115
2026-09-25 08:39:00-04:00,30909.25,30909.25,30911.5,30904.75,30909.5,196
2026-09-25 08:40:00-04:00,30909.0,30909.0,30914.25,30901.75,30910.5,272
2026-09-25 08:41:00-04:00,30904.0,30904.0,30911.25,30903.0,30909.5,121
2026-09-25 08:42:00-04:00,30899.75,30899.75,30903.75,30897.75,30902.25,362
2026-09-25 08:43:00-04:00,30887.75,30887.75,30905.25,30885.75,30899.25,516
2026-09-25 08:44:00-04:00,30898.0,30898.0,30906.0,30877.75,30887.25,864
2026-09-25 08:45:00-04:00,30895.0,30895.0,30896.25,30877.25,30896.25,537
2026-09-25 08:46:00-04:00,30906.25,30906.25,30919.75,30887.75,30897.75,958
2026-09-25 08:47:00-04:00,30912.5,30912.5,30920.75,30880.0,30906.75,1073
2026-09-25 08:48:00-04:00,30896.25,30896.25,30918.5,30896.0,30913.5,599
2026-09-25 08:49:00-04:00,30886.25,30886.25,30896.25,30884.5,30895.0,297
2026-09-25 08:50:00-04:00,30885.5,30885.5,30889.5,30883.0,30885.75,207
2026-09-25 08:51:00-04:00,30881.0,30881.0,30887.5,30876.0,30885.75,238
2026-09-25 08:52:00-04:00,30877.25,30877.25,30881.25,30871.75,30879.75,351
2026-09-25 08:53:00-04:00,30879.75,30879.75,30882.5,30876.25,30877.25,206
2026-09-25 08:54:00-04:00,30876.0,30876.0,30882.0,30875.5,30879.5,199
2026-09-25 08:55:00-04:00,30876.75,30876.75,30877.75,30871.75,30876.5,127
2026-09-25 08:56:00-04:00,30884.0,30884.0,30884.0,30876.5,30877.75,162
2026-09-25 08:57:00-04:00,30877.25,30877.25,30887.25,30876.5,30883.5,216
2026-09-25 08:58:00-04:00,30881.25,30881.25,30882.75,30871.5,30877.0,259
2026-09-25 08:59:00-04:00,30877.5,30877.5,30882.25,30872.0,30881.25,232
2026-09-25 09:00:00-04:00,30860.0,30860.0,30881.75,30856.0,30878.0,820
2026-09-25 09:01:00-04:00,30871.0,30871.0,30871.75,30853.75,30859.75,437
2026-09-25 09:02:00-04:00,30870.5,30870.5,30875.0,30866.75,30870.5,314
2026-09-25 09:03:00-04:00,30875.0,30875.0,30883.25,30871.0,30871.0,543
2026-09-25 09:04:00-04:00,30878.5,30878.5,30880.25,30871.5,30875.0,343
2026-09-25 09:05:00-04:00,30889.0,30889.0,30893.25,30877.75,30879.0,692
2026-09-25 09:06:00-04:00,30894.0,30894.0,30898.0,30889.5,30889.5,346
2026-09-25 09:07:00-04:00,30893.0,30893.0,30897.0,30889.0,30893.75,218
2026-09-25 09:08:00-04:00,30887.5,30887.5,30897.25,30887.5,30893.0,177
2026-09-25 09:09:00-04:00,30899.75,30899.75,30900.0,30887.75,30888.25,309
2026-09-25 09:10:00-04:00,30897.75,30897.75,30905.5,30895.5,30898.5,321
2026-09-25 09:11:00-04:00,30902.25,30902.25,30905.0,30895.25,30898.5,307
2026-09-25 09:12:00-04:00,30901.0,30901.0,30903.0,30896.75,30900.75,141
2026-09-25 09:13:00-04:00,30906.75,30906.75,30908.75,30902.0,30902.0,241
2026-09-25 09:14:00-04:00,30899.0,30899.0,30907.5,30898.0,30906.75,202
2026-09-25 09:15:00-04:00,30898.75,30898.75,30899.75,30894.25,30897.5,312
2026-09-25 09:16:00-04:00,30879.25,30879.25,30898.75,30878.5,30898.75,604
2026-09-25 09:17:00-04:00,30872.25,30872.25,30878.5,30872.25,30878.5,282
2026-09-25 09:18:00-04:00,30869.25,30869.25,30873.75,30865.25,30872.5,299
2026-09-25 09:19:00-04:00,30860.0,30860.0,30869.75,30858.5,30869.25,405
2026-09-25 09:20:00-04:00,30864.0,30864.0,30865.0,30858.75,30861.25,311
2026-09-25 09:21:00-04:00,30861.75,30861.75,30869.0,30858.75,30863.5,330
2026-09-25 09:22:00-04:00,30868.25,30868.25,30869.5,30862.5,30862.5,210
2026-09-25 09:23:00-04:00,30860.75,30860.75,30868.25,30859.25,30867.75,259
2026-09-25 09:24:00-04:00,30857.0,30857.0,30864.25,30855.75,30860.75,429
2026-09-25 09:25:00-04:00,30857.0,30857.0,30862.5,30852.25,30856.75,749
2026-09-25 09:26:00-04:00,30843.75,30843.75,30856.75,30839.75,30856.75,712
2026-09-25 09:27:00-04:00,30835.75,30835.75,30843.75,30828.0,30843.5,995
2026-09-25 09:28:00-04:00,30833.0,30833.0,30835.75,30820.75,30835.75,914
2026-09-25 09:29:00-04:00,30820.0,30820.0,30834.25,30819.5,30834.0,922
2026-09-25 09:30:00-04:00,30804.25,30804.25,30822.0,30770.0,30819.0,7082
2026-09-25 09:31:00-04:00,30784.75,30784.75,30817.25,30779.0,30805.0,4904
2026-09-25 09:32:00-04:00,30803.5,30803.5,30806.25,30767.5,30784.25,3626
2026-09-25 09:33:00-04:00,30818.5,30818.5,30818.75,30791.25,30803.5,2466
2026-09-25 09:34:00-04:00,30848.75,30848.75,30852.0,30815.75,30818.75,3187
2026-09-25 09:35:00-04:00,30857.75,30857.75,30868.0,30847.0,30848.0,2971
2026-09-25 09:36:00-04:00,30852.0,30852.0,30863.5,30846.0,30858.5,1659
2026-09-25 09:37:00-04:00,30856.25,30856.25,30864.25,30845.75,30852.5,1748
2026-09-25 09:38:00-04:00,30867.5,30867.5,30877.0,30851.75,30856.0,1576
2026-09-25 09:39:00-04:00,30868.25,30868.25,30871.5,30843.0,30868.75,2073
2026-09-25 09:40:00-04:00,30877.0,30877.0,30877.75,30860.0,30868.25,1631
2026-09-25 09:41:00-04:00,30883.5,30883.5,30890.0,30873.75,30876.75,1851
2026-09-25 09:42:00-04:00,30881.25,30881.25,30884.0,30857.5,30883.5,1755
2026-09-25 09:43:00-04:00,30864.25,30864.25,30880.5,30855.75,30880.5,1539
2026-09-25 09:44:00-04:00,30876.75,30876.75,30877.5,30851.25,30863.75,1596
2026-09-25 09:45:00-04:00,30860.0,30860.0,30888.75,30858.25,30877.0,2678
2026-09-25 09:46:00-04:00,30872.0,30872.0,30876.5,30850.0,30860.0,1652
2026-09-25 09:47:00-04:00,30881.5,30881.5,30888.0,30861.5,30871.75,1507
2026-09-25 09:48:00-04:00,30855.5,30855.5,30887.25,30847.5,30882.25,1775
2026-09-25 09:49:00-04:00,30874.25,30874.25,30879.25,30855.75,30855.75,1353
2026-09-25 09:50:00-04:00,30878.75,30878.75,30882.75,30866.0,30875.0,1261
2026-09-25 09:51:00-04:00,30872.0,30872.0,30885.25,30870.5,30878.5,947
2026-09-25 09:52:00-04:00,30895.25,30895.25,30898.0,30872.0,30872.25,1411
2026-09-25 09:53:00-04:00,30902.75,30902.75,30905.5,30885.75,30895.0,1614
2026-09-25 09:54:00-04:00,30910.5,30910.5,30922.5,30900.0,30903.25,1797
2026-09-25 09:55:00-04:00,30921.25,30921.25,30926.5,30910.75,30911.0,2152
2026-09-25 09:56:00-04:00,30909.75,30909.75,30923.25,30902.25,30921.0,1520
2026-09-25 09:57:00-04:00,30888.25,30888.25,30909.25,30883.5,30909.0,1473
2026-09-25 09:58:00-04:00,30889.75,30889.75,30901.5,30884.5,30888.25,1358
2026-09-25 09:59:00-04:00,30900.0,30900.0,30901.25,30878.5,30891.0,1106
2026-09-25 10:00:00-04:00,30870.0,30870.0,30905.0,30866.5,30900.25,1998
2026-09-25 10:01:00-04:00,30844.0,30844.0,30871.25,30842.5,30870.75,2345
2026-09-25 10:02:00-04:00,30839.25,30839.25,30852.25,30821.25,30843.0,2995
2026-09-25 10:03:00-04:00,30839.25,30839.25,30841.25,30816.25,30840.5,2333
2026-09-25 10:04:00-04:00,30803.75,30803.75,30839.75,30798.25,30839.5,2509
2026-09-25 10:05:00-04:00,30757.75,30757.75,30803.5,30755.0,30803.5,4239
2026-09-25 10:06:00-04:00,30781.25,30781.25,30783.0,30752.0,30757.5,3136
2026-09-25 10:07:00-04:00,30790.75,30790.75,30807.0,30779.75,30781.75,2917
2026-09-25 10:08:00-04:00,30808.5,30808.5,30809.0,30780.25,30791.5,1661
2026-09-25 10:09:00-04:00,30806.75,30806.75,30817.0,30792.5,30808.0,1651
2026-09-25 10:10:00-04:00,30796.75,30796.75,30823.5,30796.5,30807.0,1914
2026-09-25 10:11:00-04:00,30811.5,30811.5,30818.75,30783.5,30796.75,2074
2026-09-25 10:12:00-04:00,30793.75,30793.75,30812.25,30791.0,30811.25,1251
2026-09-25 10:13:00-04:00,30772.0,30772.0,30796.75,30765.25,30793.0,1848
2026-09-25 10:14:00-04:00,30740.25,30740.25,30775.0,30734.75,30771.25,2619
2026-09-25 10:15:00-04:00,30736.0,30736.0,30747.0,30691.25,30741.5,4674
2026-09-25 10:16:00-04:00,30712.25,30712.25,30752.5,30707.5,30736.0,2672
2026-09-25 10:17:00-04:00,30700.25,30700.25,30718.25,30686.25,30712.25,3160
2026-09-25 10:18:00-04:00,30706.25,30706.25,30728.25,30699.0,30700.75,2513
2026-09-25 10:19:00-04:00,30720.25,30720.25,30727.75,30684.0,30707.0,2746
2026-09-25 10:20:00-04:00,30739.25,30739.25,30742.25,30709.0,30721.0,2443
2026-09-25 10:21:00-04:00,30728.25,30728.25,30750.5,30717.75,30738.75,2288
2026-09-25 10:22:00-04:00,30737.5,30737.5,30746.25,30722.75,30727.75,1644
2026-09-25 10:23:00-04:00,30739.75,30739.75,30755.5,30735.25,30737.5,1817
2026-09-25 10:24:00-04:00,30752.25,30752.25,30760.5,30738.5,30740.75,1470
2026-09-25 10:25:00-04:00,30766.0,30766.0,30766.5,30739.75,30752.25,1509
2026-09-25 10:26:00-04:00,30762.75,30762.75,30779.25,30757.5,30766.0,1890
2026-09-25 10:27:00-04:00,30752.5,30752.5,30766.0,30749.75,30763.25,1216
2026-09-25 10:28:00-04:00,30746.5,30746.5,30754.25,30726.0,30752.25,2147
2026-09-25 10:29:00-04:00,30731.5,30731.5,30760.25,30726.0,30746.25,1499
2026-09-25 10:30:00-04:00,30735.5,30735.5,30745.0,30718.75,30731.0,1664
2026-09-25 10:31:00-04:00,30750.0,30750.0,30750.0,30728.5,30734.75,1178
2026-09-25 10:32:00-04:00,30757.5,30757.5,30763.0,30746.5,30750.25,1713
2026-09-25 10:33:00-04:00,30761.5,30761.5,30774.0,30754.25,30757.5,1487
2026-09-25 10:34:00-04:00,30770.25,30770.25,30783.75,30759.0,30762.0,1349
2026-09-25 10:35:00-04:00,30778.5,30778.5,30786.0,30761.5,30770.25,1447
2026-09-25 10:36:00-04:00,30769.5,30769.5,30782.0,30765.75,30776.75,1049
2026-09-25 10:37:00-04:00,30780.0,30780.0,30782.5,30766.25,30769.0,901
2026-09-25 10:38:00-04:00,30784.5,30784.5,30803.5,30779.0,30780.25,1820
2026-09-25 10:39:00-04:00,30791.25,30791.25,30793.5,30783.5,30784.5,707
2026-09-25 10:40:00-04:00,30771.0,30771.0,30796.25,30768.75,30791.25,1273
2026-09-25 10:41:00-04:00,30751.0,30751.0,30781.5,30749.25,30770.25,1622
2026-09-25 10:42:00-04:00,30758.75,30758.75,30764.25,30742.75,30751.5,1251
2026-09-25 10:43:00-04:00,30746.0,30746.0,30762.25,30741.5,30758.25,1023
2026-09-25 10:44:00-04:00,30765.25,30765.25,30766.75,30738.75,30745.0,1271
2026-09-25 10:45:00-04:00,30764.5,30764.5,30767.5,30742.75,30766.0,1051
2026-09-25 10:46:00-04:00,30769.25,30769.25,30786.5,30749.75,30764.25,3034
2026-09-25 10:47:00-04:00,30772.25,30772.25,30780.25,30759.75,30768.5,967
2026-09-25 10:48:00-04:00,30761.5,30761.5,30777.0,30758.25,30772.25,924
2026-09-25 10:49:00-04:00,30789.75,30789.75,30798.0,30759.0,30762.0,1426
2026-09-25 10:50:00-04:00,30787.0,30787.0,30792.5,30773.75,30789.5,969
2026-09-25 10:51:00-04:00,30760.0,30760.0,30793.25,30759.25,30787.0,1079
2026-09-25 10:52:00-04:00,30758.25,30758.25,30764.75,30751.25,30761.0,1015
2026-09-25 10:53:00-04:00,30770.25,30770.25,30778.25,30756.5,30757.25,952
2026-09-25 10:54:00-04:00,30785.0,30785.0,30789.0,30770.0,30770.75,761
2026-09-25 10:55:00-04:00,30805.75,30805.75,30809.25,30782.5,30786.25,1144
2026-09-25 10:56:00-04:00,30802.75,30802.75,30818.25,30802.5,30806.0,1333
2026-09-25 10:57:00-04:00,30813.75,30813.75,30819.5,30803.25,30803.25,703
2026-09-25 10:58:00-04:00,30823.5,30823.5,30824.25,30802.75,30813.0,956
2026-09-25 10:59:00-04:00,30823.75,30823.75,30829.75,30818.0,30823.25,929
2026-09-25 11:00:00-04:00,30819.75,30819.75,30824.25,30814.0,30823.0,1154
2026-09-25 11:01:00-04:00,30835.25,30835.25,30843.0,30817.0,30819.25,2380
2026-09-25 11:02:00-04:00,30844.5,30844.5,30854.0,30835.25,30835.5,1269
2026-09-25 11:03:00-04:00,30850.0,30850.0,30858.75,30845.0,30845.0,1836
2026-09-25 11:04:00-04:00,30855.75,30855.75,30867.5,30848.0,30850.0,1182
2026-09-25 11:05:00-04:00,30862.0,30862.0,30870.0,30855.0,30856.25,1157
2026-09-25 11:06:00-04:00,30863.0,30863.0,30871.5,30860.5,30861.25,731
2026-09-25 11:07:00-04:00,30860.75,30860.75,30868.5,30857.0,30863.5,916
2026-09-25 11:08:00-04:00,30859.25,30859.25,30864.0,30853.0,30861.5,1052
2026-09-25 11:09:00-04:00,30846.5,30846.5,30861.75,30844.5,30858.75,961
2026-09-25 11:10:00-04:00,30833.25,30833.25,30849.5,30825.75,30846.0,1452
2026-09-25 11:11:00-04:00,30813.25,30813.25,30835.5,30806.0,30833.0,1549
2026-09-25 11:12:00-04:00,30815.0,30815.0,30822.25,30807.25,30813.25,1038
2026-09-25 11:13:00-04:00,30818.5,30818.5,30824.0,30811.25,30814.75,1110
2026-09-25 11:14:00-04:00,30820.5,30820.5,30828.0,30814.5,30818.25,724
2026-09-25 11:15:00-04:00,30822.75,30822.75,30826.0,30816.5,30821.0,754
2026-09-25 11:16:00-04:00,30835.5,30835.5,30837.75,30820.75,30822.25,1040
2026-09-25 11:17:00-04:00,30828.0,30828.0,30838.0,30826.5,30835.75,628
2026-09-25 11:18:00-04:00,30826.5,30826.5,30834.5,30823.25,30827.25,560
2026-09-25 11:19:00-04:00,30812.0,30812.0,30827.25,30803.0,30826.75,1209
2026-09-25 11:20:00-04:00,30823.5,30823.5,30825.25,30800.5,30811.25,1189
2026-09-25 11:21:00-04:00,30822.75,30822.75,30844.5,30813.5,30823.75,2074
2026-09-25 11:22:00-04:00,30824.5,30824.5,30829.5,30820.0,30824.0,483
2026-09-25 11:23:00-04:00,30824.0,30824.0,30835.5,30822.0,30826.0,908
2026-09-25 11:24:00-04:00,30812.0,30812.0,30826.25,30808.0,30824.25,870
2026-09-25 11:25:00-04:00,30812.0,30812.0,30819.25,30806.25,30812.0,631
2026-09-25 11:26:00-04:00,30823.75,30823.75,30824.0,30803.75,30811.0,884
2026-09-25 11:27:00-04:00,30813.75,30813.75,30826.0,30809.25,30823.0,656
2026-09-25 11:28:00-04:00,30813.25,30813.25,30817.75,30808.0,30813.0,384
2026-09-25 11:29:00-04:00,30813.25,30813.25,30828.0,30812.25,30814.75,478
2026-09-25 11:30:00-04:00,30835.75,30835.75,30850.0,30811.75,30813.5,3473
2026-09-25 11:31:00-04:00,30853.5,30853.5,30853.75,30830.5,30836.0,1369
2026-09-25 11:32:00-04:00,30854.5,30854.5,30860.5,30847.5,30853.5,1391
2026-09-25 11:33:00-04:00,30848.5,30848.5,30857.5,30844.25,30854.5,783
2026-09-25 11:34:00-04:00,30818.0,30818.0,30852.75,30815.0,30849.25,2068
2026-09-25 11:35:00-04:00,30809.0,30809.0,30822.5,30798.5,30818.0,1584
2026-09-25 11:36:00-04:00,30787.0,30787.0,30808.75,30781.75,30808.75,1163
2026-09-25 11:37:00-04:00,30791.25,30791.25,30794.75,30773.25,30787.75,1170
2026-09-25 11:38:00-04:00,30770.5,30770.5,30790.75,30766.5,30790.5,1051
2026-09-25 11:39:00-04:00,30772.0,30772.0,30778.5,30764.0,30770.75,964
2026-09-25 11:40:00-04:00,30783.75,30783.75,30784.75,30763.0,30772.25,1002
2026-09-25 11:41:00-04:00,30783.75,30783.75,30789.0,30777.5,30784.25,856
2026-09-25 11:42:00-04:00,30774.0,30774.0,30791.0,30767.25,30783.0,724
2026-09-25 11:43:00-04:00,30765.75,30765.75,30777.25,30761.25,30774.5,523
2026-09-25 11:44:00-04:00,30751.75,30751.75,30767.75,30749.5,30765.25,1240
2026-09-25 11:45:00-04:00,30748.0,30748.0,30758.5,30746.25,30751.5,937
2026-09-25 11:46:00-04:00,30765.75,30765.75,30766.0,30735.0,30748.5,1485
2026-09-25 11:47:00-04:00,30766.5,30766.5,30772.0,30763.5,30765.0,670
2026-09-25 11:48:00-04:00,30771.0,30771.0,30779.5,30757.75,30766.0,768
2026-09-25 11:49:00-04:00,30782.5,30782.5,30782.75,30768.5,30771.25,663
2026-09-25 11:50:00-04:00,30774.0,30774.0,30786.5,30772.25,30781.25,499
2026-09-25 11:51:00-04:00,30737.75,30737.75,30775.0,30737.0,30774.0,1172
2026-09-25 11:52:00-04:00,30742.0,30742.0,30750.0,30731.25,30737.75,989
2026-09-25 11:53:00-04:00,30744.75,30744.75,30749.0,30740.0,30742.75,628
2026-09-25 11:54:00-04:00,30773.75,30773.75,30783.75,30740.75,30745.25,3441
2026-09-25 11:55:00-04:00,30784.5,30784.5,30788.75,30772.75,30773.25,1338
2026-09-25 11:56:00-04:00,30802.25,30802.25,30802.25,30781.0,30785.0,1298
2026-09-25 11:57:00-04:00,30811.25,30811.25,30811.25,30800.0,30802.0,955
2026-09-25 11:58:00-04:00,30834.5,30834.5,30843.0,30809.25,30810.75,2034
2026-09-25 11:59:00-04:00,30857.5,30857.5,30860.0,30831.25,30834.5,1715
2026-09-25 12:00:00-04:00,30883.5,30883.5,30886.0,30846.5,30856.75,2856
2026-09-25 12:01:00-04:00,30875.75,30875.75,30892.0,30874.25,30883.5,2058
2026-09-25 12:02:00-04:00,30901.0,30901.0,30904.0,30876.5,30876.5,2345
2026-09-25 12:03:00-04:00,30917.25,30917.25,30919.75,30892.25,30901.75,2169
2026-09-25 12:04:00-04:00,30913.75,30913.75,30918.75,30897.0,30918.25,2052
2026-09-25 12:05:00-04:00,30935.5,30935.5,30941.0,30905.75,30914.25,2257
2026-09-25 12:06:00-04:00,30931.25,30931.25,30937.75,30918.75,30935.25,2227
2026-09-25 12:07:00-04:00,30923.0,30923.0,30937.0,30919.5,30931.5,1641
2026-09-25 12:08:00-04:00,30922.0,30922.0,30933.25,30914.0,30923.75,1760
2026-09-25 12:09:00-04:00,30930.25,30930.25,30935.0,30910.5,30922.5,1529
2026-09-25 12:10:00-04:00,30935.5,30935.5,30950.25,30929.75,30930.75,2018
2026-09-25 12:11:00-04:00,30936.0,30936.0,30937.25,30921.25,30936.25,1395
2026-09-25 12:12:00-04:00,30930.25,30930.25,30946.0,30924.0,30935.75,1090
2026-09-25 12:13:00-04:00,30931.75,30931.75,30934.0,30925.5,30930.25,708
2026-09-25 12:14:00-04:00,30927.25,30927.25,30931.5,30907.5,30931.25,1387
2026-09-25 12:15:00-04:00,30936.25,30936.25,30940.5,30920.75,30927.25,1365
2026-09-25 12:16:00-04:00,30946.5,30946.5,30947.75,30927.0,30936.25,1081
2026-09-25 12:17:00-04:00,30920.25,30920.25,30951.5,30918.0,30946.25,1165
2026-09-25 12:18:00-04:00,30902.75,30902.75,30920.75,30897.25,30920.5,1504
2026-09-25 12:19:00-04:00,30901.75,30901.75,30906.0,30894.5,30902.0,1032
2026-09-25 12:20:00-04:00,30877.75,30877.75,30907.0,30875.0,30901.25,1882
2026-09-25 12:21:00-04:00,30880.5,30880.5,30883.75,30864.0,30877.25,1925
2026-09-25 12:22:00-04:00,30871.0,30871.0,30884.0,30861.25,30879.5,1331
2026-09-25 12:23:00-04:00,30859.75,30859.75,30873.0,30838.0,30871.0,2230
2026-09-25 12:24:00-04:00,30866.25,30866.25,30869.25,30855.75,30859.75,1283
2026-09-25 12:25:00-04:00,30876.75,30876.75,30885.5,30861.25,30865.75,1412
2026-09-25 12:26:00-04:00,30914.25,30914.25,30916.0,30872.0,30876.0,1600
2026-09-25 12:27:00-04:00,30914.5,30914.5,30922.0,30910.75,30915.0,1067
2026-09-25 12:28:00-04:00,30914.25,30914.25,30916.5,30905.0,30914.5,1115
2026-09-25 12:29:00-04:00,30924.75,30924.75,30927.5,30914.25,30914.75,935
2026-09-25 12:30:00-04:00,30917.75,30917.75,30927.0,30906.75,30925.0,984
2026-09-25 12:31:00-04:00,30922.0,30922.0,30923.5,30913.5,30917.75,567
2026-09-25 12:32:00-04:00,30920.25,30920.25,30931.5,30915.5,30922.5,684
2026-09-25 12:33:00-04:00,30931.25,30931.25,30931.75,30918.0,30919.75,570
2026-09-25 12:34:00-04:00,30878.75,30878.75,30932.5,30863.5,30931.25,5286
2026-09-25 12:35:00-04:00,30893.75,30893.75,30897.75,30879.5,30880.25,1270
2026-09-25 12:36:00-04:00,30889.25,30889.25,30894.75,30877.5,30893.0,999
2026-09-25 12:37:00-04:00,30905.5,30905.5,30916.75,30888.5,30888.5,1191
2026-09-25 12:38:00-04:00,30901.5,30901.5,30905.75,30887.0,30905.75,858
2026-09-25 12:39:00-04:00,30898.5,30898.5,30908.25,30896.75,30901.25,476
2026-09-25 12:40:00-04:00,30890.25,30890.25,30903.5,30888.5,30898.0,590
2026-09-25 12:41:00-04:00,30894.0,30894.0,30898.75,30886.5,30890.5,477
2026-09-25 12:42:00-04:00,30893.25,30893.25,30913.25,30890.0,30894.25,1346
2026-09-25 12:43:00-04:00,30914.0,30914.0,30919.0,30893.5,30894.25,723
2026-09-25 12:44:00-04:00,30906.0,30906.0,30921.25,30902.75,30913.0,697
2026-09-25 12:45:00-04:00,30901.75,30901.75,30906.25,30891.75,30904.75,516
2026-09-25 12:46:00-04:00,30898.25,30898.25,30907.5,30896.0,30901.0,659
2026-09-25 12:47:00-04:00,30892.75,30892.75,30899.5,30891.25,30896.75,492
2026-09-25 12:48:00-04:00,30873.75,30873.75,30895.25,30870.0,30893.0,1124
2026-09-25 12:49:00-04:00,30881.75,30881.75,30883.75,30864.5,30874.25,809
2026-09-25 12:50:00-04:00,30883.0,30883.0,30889.25,30876.75,30881.75,612
2026-09-25 12:51:00-04:00,30887.25,30887.25,30887.25,30877.75,30883.75,412
2026-09-25 12:52:00-04:00,30893.5,30893.5,30896.0,30882.75,30887.25,599
2026-09-25 12:53:00-04:00,30887.25,30887.25,30898.5,30885.25,30893.75,409
2026-09-25 12:54:00-04:00,30892.5,30892.5,30894.0,30882.25,30887.75,373
2026-09-25 12:55:00-04:00,30893.5,30893.5,30900.75,30890.0,30892.75,383
2026-09-25 12:56:00-04:00,30893.0,30893.0,30902.75,30888.0,30893.5,578
2026-09-25 12:57:00-04:00,30881.0,30881.0,30893.25,30879.0,30893.25,461
2026-09-25 12:58:00-04:00,30876.75,30876.75,30884.5,30875.0,30881.75,368
2026-09-25 12:59:00-04:00,30877.5,30877.5,30888.25,30860.5,30877.5,2261
2026-09-25 13:00:00-04:00,30877.25,30877.25,30884.75,30872.75,30878.0,658
2026-09-25 13:01:00-04:00,30903.5,30903.5,30906.75,30877.5,30877.5,1659
2026-09-25 13:02:00-04:00,30911.75,30911.75,30917.0,30898.5,30903.75,763
2026-09-25 13:03:00-04:00,30911.5,30911.5,30920.5,30907.75,30912.0,691
2026-09-25 13:04:00-04:00,30909.75,30909.75,30915.0,30904.5,30911.75,593
2026-09-25 13:05:00-04:00,30910.0,30910.0,30917.5,30907.5,30909.75,433
2026-09-25 13:06:00-04:00,30908.75,30908.75,30914.5,30905.75,30909.5,450
2026-09-25 13:07:00-04:00,30905.75,30905.75,30910.5,30898.25,30909.25,518
2026-09-25 13:08:00-04:00,30902.0,30902.0,30906.75,30889.5,30906.25,695
2026-09-25 13:09:00-04:00,30912.0,30912.0,30916.5,30900.75,30903.0,604
2026-09-25 13:10:00-04:00,30908.25,30908.25,30912.5,30905.75,30911.5,331
2026-09-25 13:11:00-04:00,30898.5,30898.5,30910.25,30896.25,30908.25,445
2026-09-25 13:12:00-04:00,30905.75,30905.75,30906.5,30891.75,30898.5,382
2026-09-25 13:13:00-04:00,30911.75,30911.75,30919.25,30904.75,30906.0,539
2026-09-25 13:14:00-04:00,30922.5,30922.5,30922.5,30909.25,30912.0,420
2026-09-25 13:15:00-04:00,30922.5,30922.5,30925.5,30916.25,30922.0,645
2026-09-25 13:16:00-04:00,30915.75,30915.75,30923.25,30915.25,30922.5,373
2026-09-25 13:17:00-04:00,30915.25,30915.25,30927.0,30914.25,30916.25,573
2026-09-25 13:18:00-04:00,30912.0,30912.0,30917.5,30906.5,30914.75,506
2026-09-25 13:19:00-04:00,30911.5,30911.5,30915.5,30908.25,30912.0,356
2026-09-25 13:20:00-04:00,30917.25,30917.25,30919.25,30909.75,30911.5,453
2026-09-25 13:21:00-04:00,30913.25,30913.25,30917.5,30910.25,30917.0,355
2026-09-25 13:22:00-04:00,30916.25,30916.25,30922.5,30912.5,30913.75,338
2026-09-25 13:23:00-04:00,30921.75,30921.75,30923.5,30915.0,30916.0,347
2026-09-25 13:24:00-04:00,30923.0,30923.0,30925.0,30917.75,30922.0,286
2026-09-25 13:25:00-04:00,30919.0,30919.0,30925.25,30918.25,30923.25,248
2026-09-25 13:26:00-04:00,30915.75,30915.75,30920.75,30914.0,30919.25,311
2026-09-25 13:27:00-04:00,30913.75,30913.75,30916.75,30911.0,30914.25,296
2026-09-25 13:28:00-04:00,30916.75,30916.75,30920.0,30914.0,30914.0,265
2026-09-25 13:29:00-04:00,30918.25,30918.25,30919.25,30914.0,30915.75,253
2026-09-25 13:30:00-04:00,30918.5,30918.5,30923.25,30914.0,30917.75,654
2026-09-25 13:31:00-04:00,30902.75,30902.75,30918.25,30900.75,30918.25,706
2026-09-25 13:32:00-04:00,30909.25,30909.25,30909.25,30903.0,30903.25,349
2026-09-25 13:33:00-04:00,30902.0,30902.0,30914.75,30901.5,30908.0,627
2026-09-25 13:34:00-04:00,30899.0,30899.0,30902.75,30889.5,30902.0,882
2026-09-25 13:35:00-04:00,30899.5,30899.5,30902.75,30894.75,30899.25,473
2026-09-25 13:36:00-04:00,30893.0,30893.0,30904.0,30892.0,30899.5,561
2026-09-25 13:37:00-04:00,30891.25,30891.25,30894.25,30886.25,30893.25,636
2026-09-25 13:38:00-04:00,30894.25,30894.25,30899.25,30889.25,30891.0,481
2026-09-25 13:39:00-04:00,30903.5,30903.5,30916.75,30894.0,30895.25,1271
2026-09-25 13:40:00-04:00,30906.5,30906.5,30915.25,30902.0,30903.0,825
2026-09-25 13:41:00-04:00,30915.5,30915.5,30920.0,30905.75,30906.25,567
2026-09-25 13:42:00-04:00,30921.0,30921.0,30922.75,30915.25,30915.75,425
2026-09-25 13:43:00-04:00,30912.5,30912.5,30921.5,30909.5,30921.0,429
2026-09-25 13:44:00-04:00,30905.25,30905.25,30917.5,30902.5,30912.75,395
2026-09-25 13:45:00-04:00,30904.5,30904.5,30908.75,30901.0,30905.25,397
2026-09-25 13:46:00-04:00,30903.0,30903.0,30907.25,30901.75,30904.25,241
2026-09-25 13:47:00-04:00,30902.5,30902.5,30906.0,30898.75,30903.25,308
2026-09-25 13:48:00-04:00,30905.25,30905.25,30907.0,30899.5,30902.5,253
2026-09-25 13:49:00-04:00,30918.0,30918.0,30919.0,30906.0,30906.0,401
2026-09-25 13:50:00-04:00,30917.25,30917.25,30918.75,30912.5,30918.25,350
2026-09-25 13:51:00-04:00,30912.5,30912.5,30917.5,30910.75,30917.0,248
2026-09-25 13:52:00-04:00,30899.0,30899.0,30912.75,30899.0,30912.5,390
2026-09-25 13:53:00-04:00,30903.25,30903.25,30905.75,30897.0,30899.25,492
2026-09-25 13:54:00-04:00,30900.25,30900.25,30903.5,30890.75,30903.0,710
2026-09-25 13:55:00-04:00,30903.25,30903.25,30903.75,30898.0,30899.75,225
2026-09-25 13:56:00-04:00,30906.75,30906.75,30908.75,30901.0,30902.75,393
2026-09-25 13:57:00-04:00,30904.25,30904.25,30907.5,30903.25,30906.75,265
2026-09-25 13:58:00-04:00,30906.5,30906.5,30911.0,30904.5,30904.5,389
2026-09-25 13:59:00-04:00,30911.75,30911.75,30911.75,30906.75,30906.75,282
2026-09-25 14:00:00-04:00,30909.0,30909.0,30916.75,30909.0,30912.0,509
2026-09-25 14:01:00-04:00,30915.0,30915.0,30916.0,30907.0,30909.25,374
2026-09-25 14:02:00-04:00,30908.75,30908.75,30916.0,30906.75,30915.5,218
2026-09-25 14:03:00-04:00,30910.75,30910.75,30913.5,30909.25,30909.75,165
2026-09-25 14:04:00-04:00,30905.25,30905.25,30912.0,30902.75,30911.25,223
2026-09-25 14:05:00-04:00,30903.5,30903.5,30909.5,30901.75,30904.75,245
2026-09-25 14:06:00-04:00,30903.5,30903.5,30906.75,30900.75,30903.5,201
2026-09-25 14:07:00-04:00,30900.25,30900.25,30904.25,30896.5,30903.0,319
2026-09-25 14:08:00-04:00,30911.25,30911.25,30911.5,30899.25,30900.25,440
2026-09-25 14:09:00-04:00,30912.75,30912.75,30914.5,30910.0,30911.25,297
2026-09-25 14:10:00-04:00,30910.75,30910.75,30914.0,30910.0,30912.5,223
2026-09-25 14:11:00-04:00,30909.25,30909.25,30911.75,30906.75,30911.75,200
2026-09-25 14:12:00-04:00,30915.75,30915.75,30916.75,30905.25,30909.0,381
2026-09-25 14:13:00-04:00,30922.25,30922.25,30923.25,30915.5,30915.5,477
2026-09-25 14:14:00-04:00,30928.0,30928.0,30929.0,30918.25,30922.0,561
2026-09-25 14:15:00-04:00,30924.25,30924.25,30931.0,30924.25,30928.5,572
2026-09-25 14:16:00-04:00,30925.0,30925.0,30928.75,30922.75,30925.0,374
2026-09-25 14:17:00-04:00,30925.25,30925.25,30926.5,30923.5,30925.0,182
2026-09-25 14:18:00-04:00,30920.0,30920.0,30929.75,30919.75,30925.75,404
2026-09-25 14:19:00-04:00,30919.75,30919.75,30920.0,30913.5,30920.0,334
2026-09-25 14:20:00-04:00,30920.5,30920.5,30922.5,30918.25,30919.25,265
2026-09-25 14:21:00-04:00,30914.25,30914.25,30921.5,30913.0,30920.5,230
2026-09-25 14:22:00-04:00,30911.5,30911.5,30919.0,30909.75,30914.25,309
2026-09-25 14:23:00-04:00,30916.75,30916.75,30917.0,30910.5,30911.5,241
2026-09-25 14:24:00-04:00,30917.75,30917.75,30920.5,30916.5,30916.75,220
2026-09-25 14:25:00-04:00,30917.5,30917.5,30922.25,30916.25,30917.5,288
2026-09-25 14:26:00-04:00,30896.0,30896.0,30917.75,30888.75,30917.5,2428
2026-09-25 14:27:00-04:00,30879.0,30879.0,30899.25,30873.0,30895.0,1272
2026-09-25 14:28:00-04:00,30883.0,30883.0,30887.0,30871.25,30878.75,1365
2026-09-25 14:29:00-04:00,30891.5,30891.5,30891.5,30876.75,30882.75,931
2026-09-25 14:30:00-04:00,30903.75,30903.75,30907.75,30890.75,30891.0,845
2026-09-25 14:31:00-04:00,30911.5,30911.5,30916.5,30903.5,30904.25,694
2026-09-25 14:32:00-04:00,30909.25,30909.25,30916.25,30907.5,30910.75,386
2026-09-25 14:33:00-04:00,30911.75,30911.75,30915.0,30906.75,30909.75,334
2026-09-25 14:34:00-04:00,30906.25,30906.25,30913.0,30905.0,30911.5,312
2026-09-25 14:35:00-04:00,30905.0,30905.0,30908.25,30898.0,30905.75,451
2026-09-25 14:36:00-04:00,30904.75,30904.75,30908.0,30903.0,30904.75,242
2026-09-25 14:37:00-04:00,30886.25,30886.25,30906.25,30882.75,30904.0,812
2026-09-25 14:38:00-04:00,30884.0,30884.0,30886.75,30878.5,30886.5,519
2026-09-25 14:39:00-04:00,30876.75,30876.75,30885.5,30876.25,30883.5,468
2026-09-25 14:40:00-04:00,30876.5,30876.5,30878.25,30868.5,30876.75,626
2026-09-25 14:41:00-04:00,30880.25,30880.25,30882.0,30873.75,30876.25,541
2026-09-25 14:42:00-04:00,30891.0,30891.0,30891.5,30880.25,30880.5,662
2026-09-25 14:43:00-04:00,30892.0,30892.0,30894.0,30888.75,30891.0,419
2026-09-25 14:44:00-04:00,30900.25,30900.25,30901.0,30889.75,30891.75,422
2026-09-25 14:45:00-04:00,30897.0,30897.0,30902.5,30896.25,30900.0,397
2026-09-25 14:46:00-04:00,30889.75,30889.75,30899.5,30889.75,30897.5,385
2026-09-25 14:47:00-04:00,30882.5,30882.5,30890.75,30879.75,30890.0,513
2026-09-25 14:48:00-04:00,30885.5,30885.5,30888.25,30880.5,30882.25,488
2026-09-25 14:49:00-04:00,30885.5,30885.5,30888.75,30883.25,30887.0,258
2026-09-25 14:50:00-04:00,30882.75,30882.75,30886.75,30879.25,30885.25,458
2026-09-25 14:51:00-04:00,30883.5,30883.5,30887.0,30878.0,30882.75,330
2026-09-25 14:52:00-04:00,30887.25,30887.25,30887.5,30881.0,30884.25,324
2026-09-25 14:53:00-04:00,30882.5,30882.5,30887.75,30881.25,30887.25,236
2026-09-25 14:54:00-04:00,30875.0,30875.0,30882.75,30873.25,30882.25,482
2026-09-25 14:55:00-04:00,30876.75,30876.75,30881.0,30875.25,30876.0,361
2026-09-25 14:56:00-04:00,30872.0,30872.0,30879.5,30871.5,30877.25,335
2026-09-25 14:57:00-04:00,30872.5,30872.5,30874.5,30868.75,30871.75,474
2026-09-25 14:58:00-04:00,30874.75,30874.75,30876.25,30868.5,30872.75,350
2026-09-25 14:59:00-04:00,30868.5,30868.5,30877.5,30867.25,30875.5,346
2026-09-25 15:00:00-04:00,30874.25,30874.25,30880.5,30869.0,30869.0,581
2026-09-25 15:01:00-04:00,30870.0,30870.0,30888.0,30868.25,30873.75,1104
2026-09-25 15:02:00-04:00,30868.25,30868.25,30871.75,30864.0,30870.5,434
2026-09-25 15:03:00-04:00,30874.0,30874.0,30874.25,30863.0,30868.25,557
2026-09-25 15:04:00-04:00,30880.5,30880.5,30883.0,30873.5,30874.25,478
2026-09-25 15:05:00-04:00,30883.0,30883.0,30887.25,30876.5,30880.5,443
2026-09-25 15:06:00-04:00,30879.0,30879.0,30888.0,30876.75,30883.0,415
2026-09-25 15:07:00-04:00,30888.75,30888.75,30891.0,30878.25,30879.25,464
2026-09-25 15:08:00-04:00,30891.5,30891.5,30892.0,30887.5,30889.0,310
2026-09-25 15:09:00-04:00,30887.5,30887.5,30891.5,30884.75,30891.25,297
2026-09-25 15:10:00-04:00,30889.25,30889.25,30891.0,30885.75,30887.5,333
2026-09-25 15:11:00-04:00,30886.5,30886.5,30890.0,30882.75,30890.0,321
2026-09-25 15:12:00-04:00,30892.0,30892.0,30894.0,30885.25,30887.25,390
2026-09-25 15:13:00-04:00,30895.0,30895.0,30897.0,30888.0,30892.75,375
2026-09-25 15:14:00-04:00,30898.75,30898.75,30900.5,30893.5,30894.5,368
2026-09-25 15:15:00-04:00,30896.5,30896.5,30904.0,30893.75,30898.5,619
2026-09-25 15:16:00-04:00,30894.0,30894.0,30898.25,30892.5,30896.25,270
2026-09-25 15:17:00-04:00,30893.5,30893.5,30897.25,30890.25,30893.75,284
2026-09-25 15:18:00-04:00,30896.25,30896.25,30897.0,30891.75,30894.25,206
2026-09-25 15:19:00-04:00,30886.0,30886.0,30896.5,30886.0,30896.25,310
2026-09-25 15:20:00-04:00,30880.75,30880.75,30890.0,30880.75,30886.25,399
2026-09-25 15:21:00-04:00,30883.5,30883.5,30886.75,30878.75,30880.75,397
2026-09-25 15:22:00-04:00,30875.0,30875.0,30885.25,30873.75,30884.5,380
2026-09-25 15:23:00-04:00,30877.25,30877.25,30877.5,30870.75,30875.25,406
2026-09-25 15:24:00-04:00,30879.75,30879.75,30885.75,30876.75,30877.5,421
2026-09-25 15:25:00-04:00,30874.5,30874.5,30880.0,30872.75,30879.0,416
2026-09-25 15:26:00-04:00,30866.5,30866.5,30875.0,30860.0,30874.75,730
2026-09-25 15:27:00-04:00,30867.5,30867.5,30871.25,30863.75,30866.0,395
2026-09-25 15:28:00-04:00,30865.25,30865.25,30874.0,30863.75,30868.25,398
2026-09-25 15:29:00-04:00,30865.5,30865.5,30866.75,30859.25,30866.0,389
2026-09-25 15:30:00-04:00,30862.0,30862.0,30867.25,30858.0,30865.5,712
2026-09-25 15:31:00-04:00,30869.25,30869.25,30869.5,30858.25,30861.0,804
2026-09-25 15:32:00-04:00,30867.5,30867.5,30870.5,30864.5,30869.0,371
2026-09-25 15:33:00-04:00,30865.0,30865.0,30870.0,30863.0,30867.75,316
2026-09-25 15:34:00-04:00,30852.25,30852.25,30866.5,30850.0,30864.75,591
2026-09-25 15:35:00-04:00,30852.5,30852.5,30854.75,30849.25,30852.75,549
2026-09-25 15:36:00-04:00,30854.5,30854.5,30855.25,30845.0,30852.0,576
2026-09-25 15:37:00-04:00,30873.0,30873.0,30875.0,30852.0,30853.5,1695
2026-09-25 15:38:00-04:00,30877.25,30877.25,30882.25,30870.75,30872.75,900
2026-09-25 15:39:00-04:00,30880.0,30880.0,30882.75,30875.25,30877.25,345
2026-09-25 15:40:00-04:00,30876.75,30876.75,30881.25,30872.0,30880.5,444
2026-09-25 15:41:00-04:00,30879.5,30879.5,30884.5,30875.5,30876.0,336
2026-09-25 15:42:00-04:00,30886.0,30886.0,30890.75,30879.0,30879.25,511
2026-09-25 15:43:00-04:00,30897.25,30897.25,30899.5,30886.0,30886.5,636
2026-09-25 15:44:00-04:00,30891.5,30891.5,30900.0,30887.5,30898.5,501
2026-09-25 15:45:00-04:00,30907.25,30907.25,30915.0,30891.75,30891.75,1953
2026-09-25 15:46:00-04:00,30916.0,30916.0,30918.75,30905.25,30907.5,849
2026-09-25 15:47:00-04:00,30913.25,30913.25,30917.75,30909.25,30916.25,814
2026-09-25 15:48:00-04:00,30909.0,30909.0,30914.75,30906.75,30913.25,759
2026-09-25 15:49:00-04:00,30907.0,30907.0,30912.0,30906.0,30908.75,720
2026-09-25 15:50:00-04:00,30930.5,30930.5,30930.5,30909.0,30909.0,1632
2026-09-25 15:51:00-04:00,30924.75,30924.75,30935.0,30919.25,30930.5,912
2026-09-25 15:52:00-04:00,30920.75,30920.75,30930.25,30919.75,30925.75,818
2026-09-25 15:53:00-04:00,30923.0,30923.0,30928.25,30918.5,30921.0,764
2026-09-25 15:54:00-04:00,30911.25,30911.25,30926.0,30907.75,30923.0,1482
2026-09-25 15:55:00-04:00,30900.5,30900.5,30918.5,30900.25,30911.75,1603
2026-09-25 15:56:00-04:00,30893.75,30893.75,30902.25,30889.75,30900.75,1204
2026-09-25 15:57:00-04:00,30902.5,30902.5,30904.25,30893.25,30893.75,1179
2026-09-25 15:58:00-04:00,30899.5,30899.5,30906.0,30896.5,30902.0,1234
2026-09-25 15:59:00-04:00,30891.5,30891.5,30901.75,30883.75,30899.5,7275
2026-09-25 16:00:00-04:00,30895.5,30895.5,30898.0,30880.5,30891.25,1937
2026-09-25 16:01:00-04:00,30887.75,30887.75,30896.0,30883.75,30895.75,478
2026-09-25 16:02:00-04:00,30895.5,30895.5,30895.5,30886.5,30888.0,511
2026-09-25 16:03:00-04:00,30893.25,30893.25,30898.5,30893.0,30896.0,368
2026-09-25 16:04:00-04:00,30895.75,30895.75,30898.75,30893.25,30893.5,385
2026-09-25 16:05:00-04:00,30896.25,30896.25,30896.75,30888.75,30895.0,352
2026-09-25 16:06:00-04:00,30895.75,30895.75,30898.25,30891.75,30896.0,247
2026-09-25 16:07:00-04:00,30900.75,30900.75,30903.0,30895.5,30895.5,193
2026-09-25 16:08:00-04:00,30899.5,30899.5,30904.5,30897.5,30900.5,257
2026-09-25 16:09:00-04:00,30897.0,30897.0,30901.0,30895.5,30899.5,135
2026-09-25 16:10:00-04:00,30894.25,30894.25,30897.75,30892.25,30896.25,265
2026-09-25 16:11:00-04:00,30891.25,30891.25,30896.0,30890.75,30893.5,261
2026-09-25 16:12:00-04:00,30893.0,30893.0,30894.75,30891.0,30891.75,141
2026-09-25 16:13:00-04:00,30898.25,30898.25,30899.75,30893.0,30893.0,189
2026-09-25 16:14:00-04:00,30892.0,30892.0,30899.5,30891.25,30898.75,386
2026-09-25 16:15:00-04:00,30891.25,30891.25,30893.0,30889.0,30891.25,173
2026-09-25 16:16:00-04:00,30887.0,30887.0,30892.25,30886.0,30890.75,127
2026-09-25 16:17:00-04:00,30890.25,30890.25,30890.25,30884.25,30886.5,146
2026-09-25 16:18:00-04:00,30888.0,30888.0,30891.0,30887.0,30890.5,76
2026-09-25 16:19:00-04:00,30889.75,30889.75,30890.5,30888.75,30889.0,33
2026-09-25 16:20:00-04:00,30889.5,30889.5,30890.75,30887.5,30889.0,63
2026-09-25 16:21:00-04:00,30888.75,30888.75,30889.75,30886.5,30889.5,44
2026-09-25 16:22:00-04:00,30885.5,30885.5,30888.5,30885.0,30887.25,138
2026-09-25 16:23:00-04:00,30887.25,30887.25,30887.25,30884.0,30885.5,48
2026-09-25 16:24:00-04:00,30888.5,30888.5,30890.75,30887.75,30887.75,66
2026-09-25 16:25:00-04:00,30890.0,30890.0,30890.5,30887.25,30888.5,99
2026-09-25 16:26:00-04:00,30891.0,30891.0,30896.75,30890.0,30890.0,164
2026-09-25 16:27:00-04:00,30892.5,30892.5,30893.5,30890.25,30891.75,80
2026-09-25 16:28:00-04:00,30897.0,30897.0,30897.25,30891.75,30892.5,69
2026-09-25 16:29:00-04:00,30898.5,30898.5,30900.0,30895.5,30896.75,178
2026-09-25 16:30:00-04:00,30901.75,30901.75,30904.5,30897.5,30898.25,177
2026-09-25 16:31:00-04:00,30907.75,30907.75,30908.75,30902.5,30902.5,109
2026-09-25 16:32:00-04:00,30909.5,30909.5,30909.75,30907.0,30908.0,83
2026-09-25 16:33:00-04:00,30910.25,30910.25,30911.0,30908.75,30910.0,94
2026-09-25 16:34:00-04:00,30913.75,30913.75,30914.5,30910.25,30910.25,140
2026-09-25 16:35:00-04:00,30914.25,30914.25,30917.75,30913.25,30913.5,154
2026-09-25 16:36:00-04:00,30914.5,30914.5,30921.75,30913.5,30914.25,218
2026-09-25 16:37:00-04:00,30912.75,30912.75,30915.5,30912.25,30913.25,77
2026-09-25 16:38:00-04:00,30912.5,30912.5,30913.75,30910.25,30912.75,47
2026-09-25 16:39:00-04:00,30911.75,30911.75,30914.5,30911.5,30913.0,72
2026-09-25 16:40:00-04:00,30911.75,30911.75,30914.5,30910.5,30911.5,45
2026-09-25 16:41:00-04:00,30910.25,30910.25,30913.0,30910.0,30912.25,36
2026-09-25 16:42:00-04:00,30910.25,30910.25,30912.25,30910.0,30911.0,48
2026-09-25 16:43:00-04:00,30913.75,30913.75,30914.25,30910.5,30910.5,58
2026-09-25 16:44:00-04:00,30916.0,30916.0,30917.0,30912.5,30914.0,104
2026-09-25 16:45:00-04:00,30916.25,30916.25,30918.5,30914.25,30915.5,114
2026-09-25 16:46:00-04:00,30917.5,30917.5,30917.75,30915.25,30916.5,106
2026-09-25 16:47:00-04:00,30914.75,30914.75,30918.25,30913.25,30917.5,102
2026-09-25 16:48:00-04:00,30916.5,30916.5,30916.75,30914.0,30915.25,96
2026-09-25 16:49:00-04:00,30916.0,30916.0,30916.75,30915.25,30916.25,125
2026-09-25 16:50:00-04:00,30916.25,30916.25,30918.0,30914.75,30915.75,84
2026-09-25 16:51:00-04:00,30918.25,30918.25,30922.0,30915.25,30916.0,127
2026-09-25 16:52:00-04:00,30919.5,30919.5,30921.0,30918.5,30918.5,40
2026-09-25 16:53:00-04:00,30917.5,30917.5,30919.75,30915.75,30919.75,75
2026-09-25 16:54:00-04:00,30917.25,30917.25,30918.75,30916.25,30917.0,88
2026-09-25 16:55:00-04:00,30915.75,30915.75,30917.0,30914.25,30916.5,87
2026-09-25 16:56:00-04:00,30913.5,30913.5,30915.0,30913.25,30915.0,47
2026-09-25 16:57:00-04:00,30917.75,30917.75,30918.75,30913.0,30913.25,86
2026-09-25 16:58:00-04:00,30919.0,30919.0,30920.0,30916.5,30917.75,48
2026-09-25 16:59:00-04:00,30921.75,30921.75,30922.25,30918.0,30919.25,243
2026-09-25 17:00:00-04:00,30889.25,30889.25,30921.75,30889.25,30921.75,1
2026-09-27 18:10:00-04:00,30849.0,30849.0,30850.75,30844.25,30844.5,0
2026-09-27 18:11:00-04:00,30846.0,30846.0,30850.5,30840.5,30850.5,130
2026-09-27 18:12:00-04:00,30834.75,30834.75,30848.0,30834.5,30845.75,122
2026-09-27 18:13:00-04:00,30824.75,30824.75,30838.25,30821.5,30835.5,189
2026-09-27 18:14:00-04:00,30821.25,30821.25,30826.5,30816.0,30825.25,164
2026-09-27 18:15:00-04:00,30821.25,30821.25,30824.25,30816.5,30820.25,124
2026-09-27 18:16:00-04:00,30825.0,30825.0,30826.5,30820.25,30822.5,88
2026-09-27 18:17:00-04:00,30830.25,30830.25,30832.25,30824.5,30826.5,156
2026-09-27 18:18:00-04:00,30821.25,30821.25,30833.0,30821.25,30832.75,154
2026-09-27 18:19:00-04:00,30820.25,30820.25,30826.75,30818.75,30821.25,99
2026-09-27 18:20:00-04:00,30802.5,30802.5,30822.25,30795.75,30820.25,347
2026-09-27 18:21:00-04:00,30813.0,30813.0,30813.0,30803.25,30805.0,145
2026-09-27 18:22:00-04:00,30815.0,30815.0,30815.0,30806.25,30812.5,69
2026-09-27 18:23:00-04:00,30826.5,30826.5,30827.5,30812.25,30812.25,158
2026-09-27 18:24:00-04:00,30822.25,30822.25,30826.75,30820.75,30826.25,59
2026-09-27 18:25:00-04:00,30824.75,30824.75,30825.0,30822.5,30824.75,34
2026-09-27 18:26:00-04:00,30828.0,30828.0,30831.5,30823.5,30824.25,68
2026-09-27 18:27:00-04:00,30842.25,30842.25,30843.0,30828.5,30829.25,171
2026-09-27 18:28:00-04:00,30841.5,30841.5,30843.0,30835.0,30843.0,111
2026-09-27 18:29:00-04:00,30823.75,30823.75,30840.0,30821.5,30840.0,175
2026-09-27 18:30:00-04:00,30811.5,30811.5,30823.0,30810.0,30822.5,170
2026-09-27 18:31:00-04:00,30810.75,30810.75,30816.25,30802.0,30811.5,243
2026-09-27 18:32:00-04:00,30812.75,30812.75,30816.25,30807.75,30812.0,83
2026-09-27 18:33:00-04:00,30809.75,30809.75,30814.75,30808.25,30814.75,50
2026-09-27 18:34:00-04:00,30802.25,30802.25,30808.5,30800.25,30808.0,173
2026-09-27 18:35:00-04:00,30804.0,30804.0,30809.25,30800.25,30803.0,135
2026-09-27 18:36:00-04:00,30807.0,30807.0,30809.75,30801.0,30803.5,99
2026-09-27 18:37:00-04:00,30803.5,30803.5,30807.75,30801.5,30805.75,63
2026-09-27 18:38:00-04:00,30805.75,30805.75,30806.5,30802.0,30804.0,49
2026-09-27 18:39:00-04:00,30809.25,30809.25,30809.5,30804.75,30806.75,41
2026-09-27 18:40:00-04:00,30808.0,30808.0,30809.0,30807.0,30808.25,49
2026-09-27 18:41:00-04:00,30805.25,30805.25,30809.25,30805.25,30808.0,58
2026-09-27 18:42:00-04:00,30807.5,30807.5,30808.5,30802.75,30805.25,74
2026-09-27 18:43:00-04:00,30805.0,30805.0,30807.75,30803.25,30807.75,37
2026-09-27 18:44:00-04:00,30807.75,30807.75,30809.25,30804.5,30804.5,44
2026-09-27 18:45:00-04:00,30805.0,30805.0,30807.25,30803.25,30806.75,57
2026-09-27 18:46:00-04:00,30801.0,30801.0,30804.75,30798.0,30804.75,155
2026-09-27 18:47:00-04:00,30799.0,30799.0,30800.75,30797.0,30800.75,92
2026-09-27 18:48:00-04:00,30796.75,30796.75,30799.0,30790.0,30798.0,211
2026-09-27 18:49:00-04:00,30795.0,30795.0,30796.75,30793.25,30796.5,35
2026-09-27 18:50:00-04:00,30793.75,30793.75,30796.5,30790.5,30796.25,88
2026-09-27 18:51:00-04:00,30789.25,30789.25,30794.0,30784.75,30794.0,168
2026-09-27 18:52:00-04:00,30789.5,30789.5,30791.5,30781.5,30790.25,146
2026-09-27 18:53:00-04:00,30790.0,30790.0,30791.25,30788.0,30789.75,55
2026-09-27 18:54:00-04:00,30786.25,30786.25,30791.25,30785.0,30789.0,81
2026-09-27 18:55:00-04:00,30790.75,30790.75,30792.25,30784.5,30787.0,125
2026-09-27 18:56:00-04:00,30787.0,30787.0,30791.25,30786.5,30790.25,60
2026-09-27 18:57:00-04:00,30790.5,30790.5,30790.75,30788.0,30788.0,15
2026-09-27 18:58:00-04:00,30790.75,30790.75,30792.5,30788.0,30789.25,29
2026-09-27 18:59:00-04:00,30791.5,30791.5,30791.5,30787.25,30790.0,44
2026-09-27 19:00:00-04:00,30787.25,30787.25,30792.5,30783.25,30792.25,88
2026-09-27 19:01:00-04:00,30790.0,30790.0,30790.75,30785.25,30786.25,41
2026-09-27 19:02:00-04:00,30792.5,30792.5,30797.5,30789.5,30790.25,139
2026-09-27 19:03:00-04:00,30792.75,30792.75,30794.5,30790.0,30792.5,45
2026-09-27 19:04:00-04:00,30794.25,30794.25,30797.75,30791.25,30793.0,122
2026-09-27 19:05:00-04:00,30792.5,30792.5,30797.75,30791.5,30796.25,44
2026-09-27 19:06:00-04:00,30795.75,30795.75,30796.5,30790.5,30792.25,63
2026-09-27 19:07:00-04:00,30795.5,30795.5,30797.0,30793.75,30795.5,31
2026-09-27 19:08:00-04:00,30799.25,30799.25,30803.25,30796.0,30796.0,208
2026-09-27 19:09:00-04:00,30801.25,30801.25,30804.75,30800.0,30800.25,61
2026-09-27 19:10:00-04:00,30802.0,30802.0,30804.25,30800.25,30802.5,64
2026-09-27 19:11:00-04:00,30807.25,30807.25,30807.25,30799.5,30800.75,76
2026-09-27 19:12:00-04:00,30808.0,30808.0,30812.5,30805.0,30806.75,105
2026-09-27 19:13:00-04:00,30809.25,30809.25,30810.0,30806.0,30806.25,42
2026-09-27 19:14:00-04:00,30809.5,30809.5,30809.5,30806.5,30808.75,31
2026-09-27 19:15:00-04:00,30806.75,30806.75,30812.0,30805.75,30810.25,52
2026-09-27 19:16:00-04:00,30810.25,30810.25,30811.0,30805.0,30805.5,36
2026-09-27 19:17:00-04:00,30809.0,30809.0,30812.75,30807.75,30810.0,80
2026-09-27 19:18:00-04:00,30808.5,30808.5,30809.25,30806.75,30808.25,47
2026-09-27 19:19:00-04:00,30815.0,30815.0,30816.75,30809.25,30809.25,120
2026-09-27 19:20:00-04:00,30820.5,30820.5,30821.25,30813.75,30815.25,131
2026-09-27 19:21:00-04:00,30821.25,30821.25,30822.0,30819.25,30820.25,69
2026-09-27 19:22:00-04:00,30824.5,30824.5,30828.0,30819.5,30821.5,175
2026-09-27 19:23:00-04:00,30820.25,30820.25,30825.0,30820.25,30823.0,44
2026-09-27 19:24:00-04:00,30816.25,30816.25,30820.25,30816.25,30820.25,100
2026-09-27 19:25:00-04:00,30820.5,30820.5,30821.5,30815.0,30816.0,87
2026-09-27 19:26:00-04:00,30819.75,30819.75,30823.5,30819.25,30820.5,59
2026-09-27 19:27:00-04:00,30820.25,30820.25,30822.5,30817.25,30819.75,56
2026-09-27 19:28:00-04:00,30817.5,30817.5,30821.0,30815.0,30820.75,55
2026-09-27 19:29:00-04:00,30819.0,30819.0,30819.25,30815.0,30818.25,23
2026-09-27 19:30:00-04:00,30818.5,30818.5,30823.25,30816.5,30819.75,31
2026-09-27 19:31:00-04:00,30814.5,30814.5,30818.75,30809.5,30816.5,182
2026-09-27 19:32:00-04:00,30813.25,30813.25,30817.25,30812.0,30813.5,33
2026-09-27 19:33:00-04:00,30810.5,30810.5,30815.25,30810.5,30815.0,17
2026-09-27 19:34:00-04:00,30807.5,30807.5,30811.75,30802.75,30810.75,112
2026-09-27 19:35:00-04:00,30808.5,30808.5,30808.75,30803.75,30806.25,70
2026-09-27 19:36:00-04:00,30807.75,30807.75,30808.75,30803.25,30808.0,36
2026-09-27 19:37:00-04:00,30813.25,30813.25,30816.5,30804.75,30806.5,103
2026-09-27 19:38:00-04:00,30812.25,30812.25,30814.25,30807.75,30814.25,30
2026-09-27 19:39:00-04:00,30808.75,30808.75,30810.5,30808.75,30809.25,13
2026-09-27 19:40:00-04:00,30812.0,30812.0,30814.5,30807.5,30811.5,41
2026-09-27 19:41:00-04:00,30806.75,30806.75,30812.5,30804.0,30812.5,45
2026-09-27 19:42:00-04:00,30805.0,30805.0,30807.5,30800.5,30806.0,127
2026-09-27 19:43:00-04:00,30807.0,30807.0,30807.75,30803.75,30804.0,58
2026-09-27 19:44:00-04:00,30812.25,30812.25,30813.25,30806.0,30807.75,57
2026-09-27 19:45:00-04:00,30820.0,30820.0,30822.0,30812.0,30812.0,191
2026-09-27 19:46:00-04:00,30825.75,30825.75,30829.75,30815.5,30820.75,232
2026-09-27 19:47:00-04:00,30831.0,30831.0,30831.75,30823.0,30825.75,165
2026-09-27 19:48:00-04:00,30843.0,30843.0,30845.0,30828.0,30831.0,317
2026-09-27 19:49:00-04:00,30837.25,30837.25,30846.0,30835.25,30843.75,192
2026-09-27 19:50:00-04:00,30847.25,30847.25,30847.25,30836.75,30838.25,123
2026-09-27 19:51:00-04:00,30844.0,30844.0,30848.75,30838.75,30847.25,195
2026-09-27 19:52:00-04:00,30835.25,30835.25,30843.75,30833.75,30843.75,131
2026-09-27 19:53:00-04:00,30827.0,30827.0,30837.25,30822.5,30837.25,166
2026-09-27 19:54:00-04:00,30827.75,30827.75,30828.0,30821.0,30826.0,96
2026-09-27 19:55:00-04:00,30828.5,30828.5,30829.25,30824.25,30827.25,47
2026-09-27 19:56:00-04:00,30840.25,30840.25,30840.5,30826.25,30830.0,190
2026-09-27 19:57:00-04:00,30842.5,30842.5,30845.0,30837.75,30840.75,156
2026-09-27 19:58:00-04:00,30846.75,30846.75,30847.25,30840.0,30840.5,77
2026-09-27 19:59:00-04:00,30849.5,30849.5,30849.75,30841.25,30847.0,223
2026-09-27 20:00:00-04:00,30845.5,30845.5,30858.0,30840.75,30849.5,512
2026-09-27 20:01:00-04:00,30870.5,30870.5,30872.75,30843.5,30843.5,444
2026-09-27 20:02:00-04:00,30871.5,30871.5,30884.0,30869.0,30870.0,550
2026-09-27 20:03:00-04:00,30882.5,30882.5,30885.75,30868.5,30871.25,249
2026-09-27 20:04:00-04:00,30875.0,30875.0,30882.5,30868.25,30881.75,211
2026-09-27 20:05:00-04:00,30869.0,30869.0,30877.0,30865.5,30875.0,145
2026-09-27 20:06:00-04:00,30878.0,30878.0,30878.0,30866.0,30868.75,260
2026-09-27 20:07:00-04:00,30878.25,30878.25,30882.25,30869.0,30877.0,162
2026-09-27 20:08:00-04:00,30872.0,30872.0,30878.0,30869.0,30875.75,94
2026-09-27 20:09:00-04:00,30880.0,30880.0,30881.0,30870.0,30873.5,103
2026-09-27 20:10:00-04:00,30881.75,30881.75,30886.75,30879.25,30879.75,226
2026-09-27 20:11:00-04:00,30878.75,30878.75,30884.25,30877.75,30882.5,106
2026-09-27 20:12:00-04:00,30891.0,30891.0,30891.75,30879.5,30880.0,163
2026-09-27 20:13:00-04:00,30893.25,30893.25,30897.0,30886.25,30891.0,229
2026-09-27 20:14:00-04:00,30896.5,30896.5,30897.25,30890.0,30893.0,139
2026-09-27 20:15:00-04:00,30889.5,30889.5,30895.75,30882.75,30895.5,256
2026-09-27 20:16:00-04:00,30884.5,30884.5,30889.75,30881.5,30889.75,172
2026-09-27 20:17:00-04:00,30878.25,30878.25,30886.25,30876.75,30884.5,200
2026-09-27 20:18:00-04:00,30885.75,30885.75,30886.0,30878.75,30878.75,90
2026-09-27 20:19:00-04:00,30884.5,30884.5,30891.0,30882.0,30885.75,107
2026-09-27 20:20:00-04:00,30879.25,30879.25,30888.0,30879.0,30883.5,148
2026-09-27 20:21:00-04:00,30886.0,30886.0,30889.0,30880.25,30880.5,209
2026-09-27 20:22:00-04:00,30893.0,30893.0,30893.0,30885.25,30885.25,274
2026-09-27 20:23:00-04:00,30895.75,30895.75,30898.25,30890.75,30893.5,188
2026-09-27 20:24:00-04:00,30887.0,30887.0,30897.5,30887.0,30896.5,209
2026-09-27 20:25:00-04:00,30884.5,30884.5,30890.75,30882.25,30885.25,164
2026-09-27 20:26:00-04:00,30878.0,30878.0,30886.75,30875.75,30886.25,192
2026-09-27 20:27:00-04:00,30877.0,30877.0,30883.0,30874.25,30880.25,85
2026-09-27 20:28:00-04:00,30877.0,30877.0,30877.5,30867.25,30877.25,231
2026-09-27 20:29:00-04:00,30872.5,30872.5,30879.25,30871.0,30877.5,102
2026-09-27 20:30:00-04:00,30868.25,30868.25,30872.75,30865.5,30870.75,105
2026-09-27 20:31:00-04:00,30868.5,30868.5,30874.0,30858.0,30869.5,283
2026-09-27 20:32:00-04:00,30866.75,30866.75,30872.5,30863.5,30868.75,97
2026-09-27 20:33:00-04:00,30835.25,30835.25,30868.0,30833.25,30867.0,511
2026-09-27 20:34:00-04:00,30842.25,30842.25,30845.5,30829.0,30835.0,453
2026-09-27 20:35:00-04:00,30845.0,30845.0,30847.0,30838.75,30841.75,153
2026-09-27 20:36:00-04:00,30829.75,30829.75,30845.25,30828.0,30844.0,252
2026-09-27 20:37:00-04:00,30829.0,30829.0,30833.75,30826.75,30829.75,123
2026-09-27 20:38:00-04:00,30837.0,30837.0,30837.75,30830.0,30832.0,154
2026-09-27 20:39:00-04:00,30832.0,30832.0,30840.0,30832.0,30837.25,73
2026-09-27 20:40:00-04:00,30819.5,30819.5,30833.0,30815.75,30830.5,281
2026-09-27 20:41:00-04:00,30821.5,30821.5,30821.5,30811.25,30818.5,251
2026-09-27 20:42:00-04:00,30822.0,30822.0,30823.0,30814.75,30819.25,132
2026-09-27 20:43:00-04:00,30818.5,30818.5,30825.75,30817.25,30820.75,143
2026-09-27 20:44:00-04:00,30824.75,30824.75,30830.0,30817.75,30818.25,162
2026-09-27 20:45:00-04:00,30840.0,30840.0,30840.0,30825.25,30825.5,287
2026-09-27 20:46:00-04:00,30848.0,30848.0,30857.25,30836.75,30838.75,413
2026-09-27 20:47:00-04:00,30840.0,30840.0,30850.0,30836.0,30849.75,185
2026-09-27 20:48:00-04:00,30828.0,30828.0,30845.0,30827.0,30839.75,219
2026-09-27 20:49:00-04:00,30830.0,30830.0,30837.25,30827.25,30828.75,144
2026-09-27 20:50:00-04:00,30830.5,30830.5,30832.25,30822.75,30831.75,137
2026-09-27 20:51:00-04:00,30848.25,30848.25,30848.25,30828.25,30829.0,297
2026-09-27 20:52:00-04:00,30848.5,30848.5,30853.0,30846.5,30846.75,144
2026-09-27 20:53:00-04:00,30842.75,30842.75,30850.25,30839.25,30848.75,93
2026-09-27 20:54:00-04:00,30833.75,30833.75,30842.5,30833.75,30842.5,117
2026-09-27 20:55:00-04:00,30822.25,30822.25,30837.5,30821.0,30835.5,137
2026-09-27 20:56:00-04:00,30812.75,30812.75,30827.0,30812.75,30822.75,230
2026-09-27 20:57:00-04:00,30805.5,30805.5,30812.25,30804.75,30812.25,383
2026-09-27 20:58:00-04:00,30805.0,30805.0,30813.0,30803.25,30806.0,180
2026-09-27 20:59:00-04:00,30797.25,30797.25,30805.0,30791.5,30804.5,317
2026-09-27 21:00:00-04:00,30801.25,30801.25,30804.75,30794.5,30798.0,379
2026-09-27 21:01:00-04:00,30797.0,30797.0,30808.25,30797.0,30802.0,212
2026-09-27 21:02:00-04:00,30806.0,30806.0,30822.0,30795.0,30798.75,470
2026-09-27 21:03:00-04:00,30813.25,30813.25,30817.0,30792.0,30809.25,304
2026-09-27 21:04:00-04:00,30824.5,30824.5,30824.5,30808.5,30813.5,214
2026-09-27 21:05:00-04:00,30796.25,30796.25,30825.25,30794.25,30824.75,289
2026-09-27 21:06:00-04:00,30794.0,30794.0,30800.5,30787.25,30797.75,264
2026-09-27 21:07:00-04:00,30814.25,30814.25,30818.5,30790.75,30793.0,250
2026-09-27 21:08:00-04:00,30815.5,30815.5,30816.0,30810.75,30814.25,105
2026-09-27 21:09:00-04:00,30808.75,30808.75,30814.25,30802.0,30813.25,177
2026-09-27 21:10:00-04:00,30806.5,30806.5,30813.5,30803.0,30808.0,120
2026-09-27 21:11:00-04:00,30807.25,30807.25,30810.25,30800.75,30806.5,79
2026-09-27 21:12:00-04:00,30807.5,30807.5,30810.0,30801.25,30807.75,88
2026-09-27 21:13:00-04:00,30795.25,30795.25,30806.5,30795.0,30806.0,105
2026-09-27 21:14:00-04:00,30797.75,30797.75,30807.0,30795.25,30796.25,97
2026-09-27 21:15:00-04:00,30789.75,30789.75,30802.75,30775.0,30798.75,546
2026-09-27 21:16:00-04:00,30789.75,30789.75,30792.0,30784.0,30788.5,188
2026-09-27 21:17:00-04:00,30781.25,30781.25,30791.75,30779.5,30790.25,121
2026-09-27 21:18:00-04:00,30778.25,30778.25,30783.0,30777.0,30781.75,154
2026-09-27 21:19:00-04:00,30783.25,30783.25,30784.5,30772.75,30776.5,112
2026-09-27 21:20:00-04:00,30788.5,30788.5,30790.25,30781.75,30784.0,213
2026-09-27 21:21:00-04:00,30808.25,30808.25,30810.75,30787.25,30789.25,306
2026-09-27 21:22:00-04:00,30796.5,30796.5,30812.0,30796.5,30809.75,163
2026-09-27 21:23:00-04:00,30791.0,30791.0,30802.5,30789.0,30795.75,130
2026-09-27 21:24:00-04:00,30787.25,30787.25,30792.75,30780.25,30790.25,172
2026-09-27 21:25:00-04:00,30797.5,30797.5,30798.25,30784.5,30787.0,131
2026-09-27 21:26:00-04:00,30805.25,30805.25,30806.0,30793.0,30798.0,92
2026-09-27 21:27:00-04:00,30798.25,30798.25,30807.5,30793.25,30805.0,146
2026-09-27 21:28:00-04:00,30810.5,30810.5,30811.25,30798.75,30799.5,131
2026-09-27 21:29:00-04:00,30807.0,30807.0,30812.5,30801.5,30811.5,126
2026-09-27 21:30:00-04:00,30815.5,30815.5,30820.75,30807.25,30807.25,230
2026-09-27 21:31:00-04:00,30815.5,30815.5,30820.0,30815.0,30815.0,108
2026-09-27 21:32:00-04:00,30820.5,30820.5,30822.0,30810.25,30817.25,158
2026-09-27 21:33:00-04:00,30810.25,30810.25,30823.0,30808.5,30820.0,127
2026-09-27 21:34:00-04:00,30808.5,30808.5,30811.25,30805.75,30810.0,118
2026-09-27 21:35:00-04:00,30807.5,30807.5,30813.25,30800.5,30810.0,138
2026-09-27 21:36:00-04:00,30808.5,30808.5,30811.25,30803.25,30808.25,95
2026-09-27 21:37:00-04:00,30805.5,30805.5,30809.25,30804.75,30805.75,39
2026-09-27 21:38:00-04:00,30806.75,30806.75,30809.0,30804.5,30807.25,37
2026-09-27 21:39:00-04:00,30811.0,30811.0,30812.0,30806.75,30806.75,57
2026-09-27 21:40:00-04:00,30803.5,30803.5,30810.25,30802.75,30810.25,102
2026-09-27 21:41:00-04:00,30810.75,30810.75,30812.0,30796.5,30804.75,157
2026-09-27 21:42:00-04:00,30802.75,30802.75,30816.25,30802.75,30810.5,118
2026-09-27 21:43:00-04:00,30796.75,30796.75,30806.25,30796.5,30802.25,101
2026-09-27 21:44:00-04:00,30782.75,30782.75,30797.0,30778.75,30797.0,387
2026-09-27 21:45:00-04:00,30774.25,30774.25,30784.0,30773.75,30783.5,167
2026-09-27 21:46:00-04:00,30776.25,30776.25,30780.25,30771.25,30774.0,151
2026-09-27 21:47:00-04:00,30779.25,30779.25,30781.25,30771.75,30777.0,139
2026-09-27 21:48:00-04:00,30767.0,30767.0,30789.75,30766.25,30780.0,342
2026-09-27 21:49:00-04:00,30758.75,30758.75,30771.25,30754.25,30766.0,390
2026-09-27 21:50:00-04:00,30753.25,30753.25,30762.5,30752.5,30758.75,351
2026-09-27 21:51:00-04:00,30761.0,30761.0,30765.0,30751.75,30754.25,173
2026-09-27 21:52:00-04:00,30762.75,30762.75,30766.25,30755.25,30760.5,182
2026-09-27 21:53:00-04:00,30761.75,30761.75,30767.5,30758.75,30764.0,91
2026-09-27 21:54:00-04:00,30751.75,30751.75,30763.0,30743.0,30761.75,376
2026-09-27 21:55:00-04:00,30759.25,30759.25,30760.25,30749.25,30751.25,158
2026-09-27 21:56:00-04:00,30761.25,30761.25,30761.75,30753.25,30759.25,139
2026-09-27 21:57:00-04:00,30747.0,30747.0,30766.75,30747.0,30760.25,212
2026-09-27 21:58:00-04:00,30750.25,30750.25,30751.75,30744.75,30747.25,147
2026-09-27 21:59:00-04:00,30743.0,30743.0,30750.0,30741.5,30748.5,137
2026-09-27 22:00:00-04:00,30729.25,30729.25,30744.0,30725.0,30742.75,473
2026-09-27 22:01:00-04:00,30741.25,30741.25,30745.75,30725.0,30729.0,282
2026-09-27 22:02:00-04:00,30742.0,30742.0,30742.5,30736.25,30741.25,112
2026-09-27 22:03:00-04:00,30732.75,30732.75,30742.75,30728.25,30742.0,220
2026-09-27 22:04:00-04:00,30737.75,30737.75,30738.75,30728.75,30731.0,145
2026-09-27 22:05:00-04:00,30734.0,30734.0,30739.75,30731.75,30738.5,90
2026-09-27 22:06:00-04:00,30732.75,30732.75,30738.25,30723.0,30733.0,166
2026-09-27 22:07:00-04:00,30722.25,30722.25,30733.5,30721.25,30733.5,146
2026-09-27 22:08:00-04:00,30733.5,30733.5,30734.25,30717.0,30721.25,262
2026-09-27 22:09:00-04:00,30742.25,30742.25,30747.25,30734.25,30734.5,212
2026-09-27 22:10:00-04:00,30746.0,30746.0,30755.0,30742.25,30743.0,321
2026-09-27 22:11:00-04:00,30746.0,30746.0,30747.5,30740.75,30746.75,90
2026-09-27 22:12:00-04:00,30747.75,30747.75,30754.25,30743.0,30746.25,107
2026-09-27 22:13:00-04:00,30754.0,30754.0,30754.5,30749.25,30749.75,107
2026-09-27 22:14:00-04:00,30752.25,30752.25,30759.75,30745.25,30753.75,140
2026-09-27 22:15:00-04:00,30739.75,30739.75,30752.25,30738.75,30752.25,107
2026-09-27 22:16:00-04:00,30730.75,30730.75,30740.5,30729.75,30740.5,152
2026-09-27 22:17:00-04:00,30727.25,30727.25,30734.5,30726.5,30732.0,125
2026-09-27 22:18:00-04:00,30721.25,30721.25,30727.25,30720.25,30727.0,187
2026-09-27 22:19:00-04:00,30731.75,30731.75,30732.25,30719.75,30720.25,162
2026-09-27 22:20:00-04:00,30725.25,30725.25,30733.25,30720.0,30732.5,133
2026-09-27 22:21:00-04:00,30715.0,30715.0,30728.75,30713.5,30724.75,244
2026-09-27 22:22:00-04:00,30722.0,30722.0,30726.25,30712.75,30715.75,197
2026-09-27 22:23:00-04:00,30711.25,30711.25,30720.75,30707.0,30720.0,212
2026-09-27 22:24:00-04:00,30704.5,30704.5,30712.0,30701.25,30711.5,230
2026-09-27 22:25:00-04:00,30707.0,30707.0,30709.25,30702.75,30705.5,199
2026-09-27 22:26:00-04:00,30719.5,30719.5,30719.5,30703.0,30705.75,136
2026-09-27 22:27:00-04:00,30734.25,30734.25,30735.0,30719.5,30719.5,304
2026-09-27 22:28:00-04:00,30729.25,30729.25,30735.5,30724.5,30734.25,134
2026-09-27 22:29:00-04:00,30717.0,30717.0,30729.25,30715.25,30728.75,135
2026-09-27 22:30:00-04:00,30705.75,30705.75,30720.75,30703.25,30717.5,220
2026-09-27 22:31:00-04:00,30711.0,30711.0,30714.5,30705.75,30705.75,228
2026-09-27 22:32:00-04:00,30711.0,30711.0,30715.5,30709.0,30711.75,52
2026-09-27 22:33:00-04:00,30719.5,30719.5,30727.5,30711.75,30712.75,180
2026-09-27 22:34:00-04:00,30711.25,30711.25,30720.5,30710.25,30719.75,105
2026-09-27 22:35:00-04:00,30713.5,30713.5,30717.75,30709.0,30709.0,48
2026-09-27 22:36:00-04:00,30697.5,30697.5,30714.5,30696.5,30714.25,343
2026-09-27 22:37:00-04:00,30700.75,30700.75,30701.0,30693.5,30697.75,228
2026-09-27 22:38:00-04:00,30697.5,30697.5,30705.5,30697.0,30700.25,126
2026-09-27 22:39:00-04:00,30698.0,30698.0,30701.75,30695.75,30698.5,106
2026-09-27 22:40:00-04:00,30702.0,30702.0,30709.0,30695.5,30697.0,142
2026-09-27 22:41:00-04:00,30695.0,30695.0,30702.0,30691.25,30700.25,133
2026-09-27 22:42:00-04:00,30698.0,30698.0,30698.0,30694.5,30695.25,56
2026-09-27 22:43:00-04:00,30699.5,30699.5,30702.5,30697.5,30698.5,59
2026-09-27 22:44:00-04:00,30702.0,30702.0,30706.75,30697.25,30699.75,69
2026-09-27 22:45:00-04:00,30701.25,30701.25,30705.25,30697.0,30702.75,82
2026-09-27 22:46:00-04:00,30694.0,30694.0,30702.5,30693.5,30701.0,90
2026-09-27 22:47:00-04:00,30684.5,30684.5,30695.75,30680.25,30695.75,277
2026-09-27 22:48:00-04:00,30685.5,30685.5,30689.5,30681.5,30684.0,151
2026-09-27 22:49:00-04:00,30686.5,30686.5,30690.25,30683.75,30684.5,94
2026-09-27 22:50:00-04:00,30689.0,30689.0,30691.0,30683.5,30685.75,83
2026-09-27 22:51:00-04:00,30686.0,30686.0,30694.25,30683.75,30690.0,127
2026-09-27 22:52:00-04:00,30693.5,30693.5,30694.5,30684.5,30686.5,66
2026-09-27 22:53:00-04:00,30694.5,30694.5,30697.25,30688.75,30693.5,99
2026-09-27 22:54:00-04:00,30691.0,30691.0,30695.0,30689.5,30693.0,56
2026-09-27 22:55:00-04:00,30675.0,30675.0,30690.5,30672.0,30689.75,473
2026-09-27 22:56:00-04:00,30669.75,30669.75,30675.0,30667.75,30675.0,164
2026-09-27 22:57:00-04:00,30674.0,30674.0,30676.0,30669.25,30669.25,106
2026-09-27 22:58:00-04:00,30678.5,30678.5,30686.0,30674.25,30674.25,140
2026-09-27 22:59:00-04:00,30679.25,30679.25,30683.25,30677.75,30678.5,104
2026-09-27 23:00:00-04:00,30696.75,30696.75,30699.5,30679.75,30679.75,263
2026-09-27 23:01:00-04:00,30692.5,30692.5,30697.25,30688.25,30696.25,112
2026-09-27 23:02:00-04:00,30682.5,30682.5,30694.0,30678.0,30692.25,155
2026-09-27 23:03:00-04:00,30683.0,30683.0,30689.75,30680.75,30681.0,120
2026-09-27 23:04:00-04:00,30689.5,30689.5,30693.0,30684.25,30684.25,130
2026-09-27 23:05:00-04:00,30689.75,30689.75,30699.25,30687.75,30691.75,202
2026-09-27 23:06:00-04:00,30696.0,30696.0,30698.25,30685.0,30689.5,111
2026-09-27 23:07:00-04:00,30696.0,30696.0,30703.75,30693.75,30696.5,199
2026-09-27 23:08:00-04:00,30695.75,30695.75,30698.75,30692.25,30697.75,139
2026-09-27 23:09:00-04:00,30696.75,30696.75,30702.0,30689.25,30697.5,127
2026-09-27 23:10:00-04:00,30701.0,30701.0,30704.0,30697.75,30697.75,125
2026-09-27 23:11:00-04:00,30685.5,30685.5,30699.75,30683.75,30699.75,174
2026-09-27 23:12:00-04:00,30691.75,30691.75,30692.0,30681.75,30686.75,99
2026-09-27 23:13:00-04:00,30696.75,30696.75,30701.0,30692.75,30692.75,149
2026-09-27 23:14:00-04:00,30680.0,30680.0,30696.75,30680.0,30695.5,103
2026-09-27 23:15:00-04:00,30677.75,30677.75,30688.75,30677.25,30679.75,159
2026-09-27 23:16:00-04:00,30677.0,30677.0,30682.25,30673.5,30678.5,87
2026-09-27 23:17:00-04:00,30678.0,30678.0,30679.75,30673.0,30677.0,42
2026-09-27 23:18:00-04:00,30677.0,30677.0,30680.75,30674.75,30678.25,89
2026-09-27 23:19:00-04:00,30676.25,30676.25,30686.5,30675.75,30677.25,101
2026-09-27 23:20:00-04:00,30682.0,30682.0,30682.0,30674.5,30676.75,64
2026-09-27 23:21:00-04:00,30675.5,30675.5,30681.25,30671.25,30680.75,83
2026-09-27 23:22:00-04:00,30672.0,30672.0,30675.25,30667.0,30675.25,227
2026-09-27 23:23:00-04:00,30679.75,30679.75,30685.5,30673.5,30673.5,144
2026-09-27 23:24:00-04:00,30676.0,30676.0,30683.0,30674.5,30678.75,70
2026-09-27 23:25:00-04:00,30672.0,30672.0,30676.0,30668.25,30675.75,101
2026-09-27 23:26:00-04:00,30668.25,30668.25,30674.0,30667.0,30673.0,74
2026-09-27 23:27:00-04:00,30665.75,30665.75,30670.75,30664.0,30668.0,156
2026-09-27 23:28:00-04:00,30670.0,30670.0,30674.0,30665.25,30665.75,82
2026-09-27 23:29:00-04:00,30664.5,30664.5,30672.0,30663.75,30668.75,71
2026-09-27 23:30:00-04:00,30661.75,30661.75,30669.25,30656.0,30665.75,189
2026-09-27 23:31:00-04:00,30669.25,30669.25,30669.25,30657.25,30660.5,115
2026-09-27 23:32:00-04:00,30661.5,30661.5,30669.75,30661.0,30669.5,75
2026-09-27 23:33:00-04:00,30664.25,30664.25,30668.0,30660.75,30661.25,64
2026-09-27 23:34:00-04:00,30654.0,30654.0,30663.75,30654.0,30663.0,126
2026-09-27 23:35:00-04:00,30654.75,30654.75,30660.5,30650.75,30654.75,202
2026-09-27 23:36:00-04:00,30654.0,30654.0,30655.25,30644.0,30654.5,366
2026-09-27 23:37:00-04:00,30653.0,30653.0,30657.5,30651.25,30653.0,106
2026-09-27 23:38:00-04:00,30658.0,30658.0,30658.0,30653.0,30653.75,66
2026-09-27 23:39:00-04:00,30659.0,30659.0,30666.75,30655.0,30657.5,109
2026-09-27 23:40:00-04:00,30659.5,30659.5,30667.75,30651.25,30657.75,173
2026-09-27 23:41:00-04:00,30657.75,30657.75,30659.5,30653.25,30659.0,71
2026-09-27 23:42:00-04:00,30663.0,30663.0,30667.25,30658.75,30658.75,78
2026-09-27 23:43:00-04:00,30664.5,30664.5,30666.75,30662.75,30663.25,43
2026-09-27 23:44:00-04:00,30667.25,30667.25,30668.75,30662.25,30662.75,51
2026-09-27 23:45:00-04:00,30666.75,30666.75,30669.5,30662.75,30667.25,78
2026-09-27 23:46:00-04:00,30666.5,30666.5,30671.25,30666.25,30667.75,74
2026-09-27 23:47:00-04:00,30674.5,30674.5,30676.25,30667.5,30667.5,156
2026-09-27 23:48:00-04:00,30672.0,30672.0,30674.25,30665.75,30673.5,96
2026-09-27 23:49:00-04:00,30676.25,30676.25,30681.25,30670.25,30672.25,126
2026-09-27 23:50:00-04:00,30669.0,30669.0,30675.5,30666.25,30675.5,93
2026-09-27 23:51:00-04:00,30662.5,30662.5,30671.0,30657.75,30671.0,139
2026-09-27 23:52:00-04:00,30661.5,30661.5,30663.25,30660.25,30662.5,35
2026-09-27 23:53:00-04:00,30666.5,30666.5,30668.0,30661.25,30662.75,64
2026-09-27 23:54:00-04:00,30671.5,30671.5,30672.75,30665.75,30666.75,80
2026-09-27 23:55:00-04:00,30652.5,30652.5,30671.5,30652.5,30671.5,108
2026-09-27 23:56:00-04:00,30651.5,30651.5,30659.25,30650.75,30653.75,93
2026-09-27 23:57:00-04:00,30650.75,30650.75,30652.5,30647.25,30651.0,125
2026-09-27 23:58:00-04:00,30650.0,30650.0,30653.75,30648.25,30652.5,40
2026-09-28 00:00:00-04:00,30641.5,30641.5,30649.25,30638.5,30648.5,172
2026-09-28 00:01:00-04:00,30655.0,30655.0,30655.5,30639.0,30641.5,151
2026-09-28 00:02:00-04:00,30657.0,30657.0,30658.5,30652.75,30654.25,65
2026-09-28 00:03:00-04:00,30655.75,30655.75,30658.25,30652.25,30657.25,58
2026-09-28 00:04:00-04:00,30655.0,30655.0,30656.5,30651.0,30654.0,48
2026-09-28 00:05:00-04:00,30657.75,30657.75,30659.0,30652.5,30654.25,78
2026-09-28 00:06:00-04:00,30656.25,30656.25,30661.0,30652.25,30657.0,69
2026-09-28 00:07:00-04:00,30655.0,30655.0,30659.5,30653.5,30657.5,38
2026-09-28 00:08:00-04:00,30657.25,30657.25,30657.25,30652.75,30656.25,49
2026-09-28 00:09:00-04:00,30666.25,30666.25,30669.75,30656.0,30657.25,143
2026-09-28 00:10:00-04:00,30674.0,30674.0,30675.0,30667.0,30667.25,109
2026-09-28 00:11:00-04:00,30676.0,30676.0,30676.0,30671.0,30675.0,105
2026-09-28 00:12:00-04:00,30679.25,30679.25,30680.25,30674.0,30675.25,115
2026-09-28 00:13:00-04:00,30674.0,30674.0,30679.75,30674.0,30679.75,25
2026-09-28 00:14:00-04:00,30684.75,30684.75,30688.25,30673.0,30673.25,169
2026-09-28 00:15:00-04:00,30677.75,30677.75,30685.25,30677.75,30684.5,131
2026-09-28 00:16:00-04:00,30673.5,30673.5,30678.75,30672.25,30677.25,74
2026-09-28 00:17:00-04:00,30679.25,30679.25,30683.75,30673.5,30673.5,75
2026-09-28 00:18:00-04:00,30682.0,30682.0,30682.75,30679.0,30679.0,69
2026-09-28 00:19:00-04:00,30686.0,30686.0,30687.25,30679.25,30682.0,94
2026-09-28 00:20:00-04:00,30694.5,30694.5,30697.5,30685.5,30685.5,272
2026-09-28 00:21:00-04:00,30692.25,30692.25,30694.25,30691.0,30693.5,50
2026-09-28 00:22:00-04:00,30686.75,30686.75,30692.5,30685.25,30692.0,79
2026-09-28 00:23:00-04:00,30687.5,30687.5,30690.25,30685.25,30685.25,39
2026-09-28 00:24:00-04:00,30692.5,30692.5,30694.25,30686.75,30687.0,45
2026-09-28 00:25:00-04:00,30686.25,30686.25,30694.25,30681.75,30692.5,130
2026-09-28 00:26:00-04:00,30680.25,30680.25,30686.25,30676.75,30686.0,95
2026-09-28 00:27:00-04:00,30680.5,30680.5,30683.25,30678.0,30679.5,43
2026-09-28 00:28:00-04:00,30684.0,30684.0,30687.25,30682.25,30682.25,46
2026-09-28 00:29:00-04:00,30687.5,30687.5,30689.25,30683.5,30685.25,57
2026-09-28 00:30:00-04:00,30679.25,30679.25,30689.25,30679.0,30688.0,57
2026-09-28 00:31:00-04:00,30684.75,30684.75,30684.75,30679.0,30679.5,60
2026-09-28 00:32:00-04:00,30679.25,30679.25,30683.75,30679.25,30683.0,31
2026-09-28 00:33:00-04:00,30681.25,30681.25,30684.25,30677.75,30681.25,64
2026-09-28 00:34:00-04:00,30680.5,30680.5,30684.75,30675.0,30682.0,97
2026-09-28 00:35:00-04:00,30678.0,30678.0,30683.5,30675.5,30682.25,43
2026-09-28 00:36:00-04:00,30680.25,30680.25,30681.0,30673.25,30678.25,60
2026-09-28 00:37:00-04:00,30681.5,30681.5,30682.5,30678.0,30680.25,36
2026-09-28 00:38:00-04:00,30681.75,30681.75,30683.75,30681.25,30682.75,34
2026-09-28 00:39:00-04:00,30680.75,30680.75,30682.5,30680.75,30682.25,15
2026-09-28 00:40:00-04:00,30681.5,30681.5,30684.5,30680.25,30681.0,41
2026-09-28 00:41:00-04:00,30683.75,30683.75,30685.25,30679.0,30681.0,69
2026-09-28 00:42:00-04:00,30684.5,30684.5,30685.75,30682.0,30684.75,49
2026-09-28 00:43:00-04:00,30685.5,30685.5,30688.0,30683.75,30684.75,58
2026-09-28 00:44:00-04:00,30684.25,30684.25,30686.25,30682.25,30685.5,26
2026-09-28 00:45:00-04:00,30675.5,30675.5,30684.25,30674.25,30683.75,62
2026-09-28 00:46:00-04:00,30677.5,30677.5,30677.5,30674.0,30675.25,61
2026-09-28 00:47:00-04:00,30669.0,30669.0,30675.75,30668.0,30675.75,97
2026-09-28 00:48:00-04:00,30672.75,30672.75,30673.25,30668.0,30669.5,42
2026-09-28 00:49:00-04:00,30674.5,30674.5,30674.5,30671.75,30673.25,32
2026-09-28 00:50:00-04:00,30685.25,30685.25,30685.25,30674.0,30675.0,121
2026-09-28 00:51:00-04:00,30681.0,30681.0,30685.0,30679.25,30685.0,133
2026-09-28 00:52:00-04:00,30682.0,30682.0,30683.75,30680.0,30680.0,19
2026-09-28 00:53:00-04:00,30682.25,30682.25,30684.0,30681.0,30681.75,17
2026-09-28 00:54:00-04:00,30679.75,30679.75,30683.75,30677.0,30683.75,36
2026-09-28 00:55:00-04:00,30679.0,30679.0,30681.0,30676.5,30679.0,39
2026-09-28 00:56:00-04:00,30680.0,30680.0,30686.0,30679.25,30680.25,113
2026-09-28 00:57:00-04:00,30682.25,30682.25,30683.25,30680.75,30680.75,32
2026-09-28 00:58:00-04:00,30680.5,30680.5,30681.0,30678.25,30681.0,36
2026-09-28 00:59:00-04:00,30677.75,30677.75,30679.75,30673.0,30679.0,57
2026-09-28 01:00:00-04:00,30692.5,30692.5,30693.5,30678.25,30678.5,173
2026-09-28 01:01:00-04:00,30698.25,30698.25,30705.5,30693.25,30693.25,329
2026-09-28 01:02:00-04:00,30701.25,30701.25,30701.25,30695.5,30698.5,93
2026-09-28 01:03:00-04:00,30694.0,30694.0,30701.25,30689.75,30701.25,98
2026-09-28 01:04:00-04:00,30693.25,30693.25,30696.25,30690.0,30693.25,75
2026-09-28 01:05:00-04:00,30685.0,30685.0,30695.5,30683.5,30693.75,104
2026-09-28 01:06:00-04:00,30684.5,30684.5,30691.25,30684.5,30685.25,65
2026-09-28 01:07:00-04:00,30683.25,30683.25,30687.25,30679.0,30685.0,182
2026-09-28 01:08:00-04:00,30680.0,30680.0,30682.0,30675.0,30682.0,109
2026-09-28 01:09:00-04:00,30679.0,30679.0,30683.75,30677.0,30680.25,93
2026-09-28 01:10:00-04:00,30674.75,30674.75,30682.5,30672.25,30677.25,113
2026-09-28 01:11:00-04:00,30665.5,30665.5,30674.5,30662.75,30674.0,197
2026-09-28 01:12:00-04:00,30665.0,30665.0,30670.5,30663.75,30665.25,85
2026-09-28 01:13:00-04:00,30662.5,30662.5,30664.75,30659.25,30663.25,90
2026-09-28 01:14:00-04:00,30669.75,30669.75,30670.5,30660.0,30662.25,71
2026-09-28 01:15:00-04:00,30675.25,30675.25,30678.5,30669.75,30670.25,132
2026-09-28 01:16:00-04:00,30673.0,30673.0,30677.75,30673.0,30676.25,38
2026-09-28 01:17:00-04:00,30668.75,30668.75,30676.25,30664.0,30674.75,59
2026-09-28 01:18:00-04:00,30662.25,30662.25,30668.5,30660.0,30667.75,78
2026-09-28 01:19:00-04:00,30661.25,30661.25,30665.0,30656.25,30665.0,76
2026-09-28 01:20:00-04:00,30656.75,30656.75,30662.25,30654.0,30660.5,107
2026-09-28 01:21:00-04:00,30657.25,30657.25,30660.5,30655.0,30658.25,59
2026-09-28 01:22:00-04:00,30653.0,30653.0,30657.75,30652.75,30656.25,41
2026-09-28 01:23:00-04:00,30663.5,30663.5,30663.75,30653.0,30653.75,67
2026-09-28 01:24:00-04:00,30660.5,30660.5,30665.25,30658.5,30664.0,71
2026-09-28 01:25:00-04:00,30665.0,30665.0,30669.25,30658.75,30660.5,75
2026-09-28 01:26:00-04:00,30669.0,30669.0,30669.5,30663.0,30663.5,145
2026-09-28 01:27:00-04:00,30669.75,30669.75,30672.0,30667.0,30667.0,48
2026-09-28 01:28:00-04:00,30669.25,30669.25,30675.25,30668.75,30670.25,77
2026-09-28 01:29:00-04:00,30665.25,30665.25,30670.5,30656.75,30669.25,106
2026-09-28 01:30:00-04:00,30654.25,30654.25,30664.25,30648.5,30664.25,199
2026-09-28 01:31:00-04:00,30649.0,30649.0,30657.25,30647.25,30653.5,109
2026-09-28 01:32:00-04:00,30658.75,30658.75,30658.75,30647.75,30648.25,114
2026-09-28 01:33:00-04:00,30654.5,30654.5,30668.75,30654.5,30659.0,212
2026-09-28 01:34:00-04:00,30653.75,30653.75,30663.5,30653.75,30655.0,59
2026-09-28 01:35:00-04:00,30659.25,30659.25,30667.5,30653.0,30655.25,86
2026-09-28 01:36:00-04:00,30656.0,30656.0,30659.0,30652.75,30658.5,52
2026-09-28 01:37:00-04:00,30658.5,30658.5,30662.0,30654.75,30656.75,58
2026-09-28 01:38:00-04:00,30647.0,30647.0,30660.0,30645.25,30657.25,104
2026-09-28 01:39:00-04:00,30643.5,30643.5,30651.5,30634.25,30646.75,291
2026-09-28 01:40:00-04:00,30644.25,30644.25,30648.0,30641.25,30644.75,153
2026-09-28 01:41:00-04:00,30640.5,30640.5,30647.0,30637.0,30646.25,147
2026-09-28 01:42:00-04:00,30642.0,30642.0,30645.5,30636.25,30640.0,113
2026-09-28 01:43:00-04:00,30634.5,30634.5,30641.75,30628.0,30641.75,229
2026-09-28 01:44:00-04:00,30641.5,30641.5,30643.0,30632.0,30632.5,70
2026-09-28 01:45:00-04:00,30641.25,30641.25,30650.25,30639.5,30641.0,117
2026-09-28 01:46:00-04:00,30651.0,30651.0,30651.25,30639.0,30641.5,82
2026-09-28 01:47:00-04:00,30648.5,30648.5,30655.25,30648.25,30651.75,97
2026-09-28 01:48:00-04:00,30646.0,30646.0,30650.5,30643.0,30648.0,56
2026-09-28 01:49:00-04:00,30650.25,30650.25,30650.25,30642.75,30644.0,47
2026-09-28 01:50:00-04:00,30653.0,30653.0,30661.75,30648.5,30649.0,178
2026-09-28 01:51:00-04:00,30642.25,30642.25,30652.75,30640.5,30652.75,90
2026-09-28 01:52:00-04:00,30641.0,30641.0,30643.25,30637.25,30643.0,77
2026-09-28 01:53:00-04:00,30635.25,30635.25,30639.75,30634.5,30639.75,80
2026-09-28 01:54:00-04:00,30641.75,30641.75,30643.5,30636.5,30638.25,58
2026-09-28 01:55:00-04:00,30642.25,30642.25,30645.0,30640.5,30642.0,83
2026-09-28 01:56:00-04:00,30648.75,30648.75,30649.5,30642.0,30642.5,108
2026-09-28 01:57:00-04:00,30651.75,30651.75,30651.75,30643.5,30648.0,105
2026-09-28 01:58:00-04:00,30657.25,30657.25,30657.25,30646.5,30650.75,116
2026-09-28 01:59:00-04:00,30650.25,30650.25,30656.0,30645.75,30656.0,106
2026-09-28 02:00:00-04:00,30657.0,30657.0,30672.5,30649.0,30651.5,343
2026-09-28 02:01:00-04:00,30658.5,30658.5,30664.25,30655.5,30656.5,142
2026-09-28 02:02:00-04:00,30648.5,30648.5,30661.5,30646.25,30660.25,151
2026-09-28 02:03:00-04:00,30644.25,30644.25,30651.25,30638.75,30648.75,173
2026-09-28 02:04:00-04:00,30635.5,30635.5,30650.25,30635.5,30644.75,153
2026-09-28 02:05:00-04:00,30637.5,30637.5,30638.0,30628.0,30635.5,240
2026-09-28 02:06:00-04:00,30650.5,30650.5,30653.25,30636.5,30637.75,206
2026-09-28 02:07:00-04:00,30648.5,30648.5,30655.75,30646.5,30652.0,154
2026-09-28 02:08:00-04:00,30660.0,30660.0,30662.25,30647.5,30648.5,175
2026-09-28 02:09:00-04:00,30658.25,30658.25,30666.75,30654.0,30661.5,160
2026-09-28 02:10:00-04:00,30670.0,30670.0,30671.0,30659.0,30659.0,148
2026-09-28 02:11:00-04:00,30672.5,30672.5,30679.0,30668.25,30671.75,198
2026-09-28 02:12:00-04:00,30665.25,30665.25,30672.5,30661.0,30672.5,174
2026-09-28 02:13:00-04:00,30644.5,30644.5,30665.0,30643.75,30665.0,181
2026-09-28 02:14:00-04:00,30633.0,30633.0,30645.5,30630.75,30645.25,442
2026-09-28 02:15:00-04:00,30628.75,30628.75,30634.0,30622.75,30633.75,365
2026-09-28 02:16:00-04:00,30636.5,30636.5,30638.0,30630.5,30630.5,156
2026-09-28 02:17:00-04:00,30618.5,30618.5,30636.5,30617.75,30635.5,291
2026-09-28 02:18:00-04:00,30616.5,30616.5,30621.5,30613.75,30619.0,154
2026-09-28 02:19:00-04:00,30609.25,30609.25,30617.25,30605.75,30617.0,247
2026-09-28 02:20:00-04:00,30601.0,30601.0,30609.0,30595.5,30608.5,438
2026-09-28 02:21:00-04:00,30608.0,30608.0,30608.25,30597.5,30601.0,129
2026-09-28 02:22:00-04:00,30610.25,30610.25,30612.75,30605.0,30607.75,151
2026-09-28 02:23:00-04:00,30608.0,30608.0,30610.5,30600.5,30610.25,97
2026-09-28 02:24:00-04:00,30597.25,30597.25,30609.75,30597.0,30609.75,89
2026-09-28 02:25:00-04:00,30588.25,30588.25,30599.0,30584.5,30598.0,317
2026-09-28 02:26:00-04:00,30591.75,30591.75,30600.75,30582.75,30586.75,283
2026-09-28 02:27:00-04:00,30596.75,30596.75,30598.25,30588.25,30592.25,104
2026-09-28 02:28:00-04:00,30591.25,30591.25,30598.25,30587.25,30595.75,85
2026-09-28 02:29:00-04:00,30590.75,30590.75,30596.75,30589.75,30592.25,155
2026-09-28 02:30:00-04:00,30594.75,30594.75,30597.75,30580.0,30590.0,493
2026-09-28 02:31:00-04:00,30613.75,30613.75,30615.5,30593.0,30593.5,336
2026-09-28 02:32:00-04:00,30605.75,30605.75,30616.25,30604.0,30615.0,190
2026-09-28 02:33:00-04:00,30596.25,30596.25,30604.25,30592.0,30604.0,219
2026-09-28 02:34:00-04:00,30604.0,30604.0,30604.0,30591.5,30596.75,96
2026-09-28 02:35:00-04:00,30618.5,30618.5,30620.5,30602.0,30603.5,198
2026-09-28 02:36:00-04:00,30619.0,30619.0,30624.5,30614.75,30618.0,265
2026-09-28 02:37:00-04:00,30621.25,30621.25,30621.75,30612.5,30618.0,109
2026-09-28 02:38:00-04:00,30627.0,30627.0,30628.5,30616.5,30623.0,187
2026-09-28 02:39:00-04:00,30627.0,30627.0,30630.0,30622.5,30627.25,101
2026-09-28 02:40:00-04:00,30618.75,30618.75,30630.5,30615.25,30628.25,169
2026-09-28 02:41:00-04:00,30632.0,30632.0,30632.0,30618.5,30618.75,131
2026-09-28 02:42:00-04:00,30628.75,30628.75,30637.25,30628.5,30632.5,165
2026-09-28 02:43:00-04:00,30622.5,30622.5,30630.75,30620.75,30628.0,89
2026-09-28 02:44:00-04:00,30611.5,30611.5,30624.0,30611.5,30622.5,153
2026-09-28 02:45:00-04:00,30621.75,30621.75,30621.75,30610.0,30612.0,129
2026-09-28 02:46:00-04:00,30619.5,30619.5,30626.25,30617.25,30621.0,150
2026-09-28 02:47:00-04:00,30622.25,30622.25,30625.0,30614.25,30619.0,116
2026-09-28 02:48:00-04:00,30622.25,30622.25,30624.0,30614.25,30622.0,71
2026-09-28 02:49:00-04:00,30624.25,30624.25,30624.25,30618.25,30621.25,47
2026-09-28 02:50:00-04:00,30613.75,30613.75,30625.25,30613.0,30624.25,45
2026-09-28 02:51:00-04:00,30618.25,30618.25,30625.0,30614.0,30614.0,60
2026-09-28 02:52:00-04:00,30625.5,30625.5,30625.5,30616.5,30616.75,56
2026-09-28 02:53:00-04:00,30633.75,30633.75,30641.0,30622.75,30625.75,149
2026-09-28 02:54:00-04:00,30623.0,30623.0,30634.5,30620.5,30633.75,70
2026-09-28 02:55:00-04:00,30625.5,30625.5,30629.25,30623.0,30623.0,45
2026-09-28 02:56:00-04:00,30621.5,30621.5,30628.25,30620.75,30620.75,50
2026-09-28 02:57:00-04:00,30626.25,30626.25,30626.5,30617.5,30621.0,71
2026-09-28 02:58:00-04:00,30641.75,30641.75,30642.0,30626.75,30627.25,101
2026-09-28 02:59:00-04:00,30646.25,30646.25,30648.75,30639.25,30639.25,124
2026-09-28 03:00:00-04:00,30625.0,30625.0,30646.5,30623.5,30645.5,364
2026-09-28 03:01:00-04:00,30623.25,30623.25,30627.0,30613.0,30625.0,225
2026-09-28 03:02:00-04:00,30617.75,30617.75,30627.0,30616.5,30623.75,104
2026-09-28 03:03:00-04:00,30615.0,30615.0,30624.25,30614.0,30616.75,124
2026-09-28 03:04:00-04:00,30622.25,30622.25,30623.0,30605.25,30614.25,157
2026-09-28 03:05:00-04:00,30612.0,30612.0,30623.0,30612.0,30623.0,125
2026-09-28 03:06:00-04:00,30616.25,30616.25,30620.0,30612.75,30614.5,89
2026-09-28 03:07:00-04:00,30614.75,30614.75,30618.5,30608.25,30615.5,82
2026-09-28 03:08:00-04:00,30612.5,30612.5,30618.75,30612.5,30614.75,84
2026-09-28 03:09:00-04:00,30619.0,30619.0,30627.5,30612.25,30612.25,157
2026-09-28 03:10:00-04:00,30615.0,30615.0,30623.0,30611.75,30617.75,164
2026-09-28 03:11:00-04:00,30611.75,30611.75,30618.25,30609.25,30616.5,125
2026-09-28 03:12:00-04:00,30605.5,30605.5,30614.25,30605.5,30611.75,112
2026-09-28 03:13:00-04:00,30602.0,30602.0,30609.75,30602.0,30607.25,79
2026-09-28 03:14:00-04:00,30595.5,30595.5,30602.75,30590.5,30602.5,230
2026-09-28 03:15:00-04:00,30600.25,30600.25,30601.5,30588.75,30595.25,177
2026-09-28 03:16:00-04:00,30604.75,30604.75,30605.5,30598.75,30599.75,123
2026-09-28 03:17:00-04:00,30604.75,30604.75,30609.5,30601.0,30603.75,202
2026-09-28 03:18:00-04:00,30603.5,30603.5,30609.0,30595.0,30605.25,154
2026-09-28 03:19:00-04:00,30606.75,30606.75,30607.75,30598.0,30602.75,125
2026-09-28 03:20:00-04:00,30609.5,30609.5,30612.5,30599.5,30606.0,115
2026-09-28 03:21:00-04:00,30594.5,30594.5,30608.5,30590.5,30608.5,137
2026-09-28 03:22:00-04:00,30591.75,30591.75,30599.25,30589.5,30595.5,85
2026-09-28 03:23:00-04:00,30607.0,30607.0,30612.0,30591.5,30591.5,173
2026-09-28 03:24:00-04:00,30606.5,30606.5,30616.0,30604.75,30607.5,104
2026-09-28 03:25:00-04:00,30610.0,30610.0,30618.0,30605.25,30606.0,102
2026-09-28 03:26:00-04:00,30597.0,30597.0,30612.75,30590.75,30612.0,190
2026-09-28 03:27:00-04:00,30594.0,30594.0,30597.75,30587.75,30597.25,99
2026-09-28 03:28:00-04:00,30592.25,30592.25,30602.0,30590.0,30594.5,97
2026-09-28 03:29:00-04:00,30595.75,30595.75,30599.25,30591.25,30591.25,102
2026-09-28 03:30:00-04:00,30591.5,30591.5,30598.25,30587.25,30596.0,130
2026-09-28 03:31:00-04:00,30592.75,30592.75,30595.75,30589.75,30591.5,74
2026-09-28 03:32:00-04:00,30589.0,30589.0,30595.5,30588.0,30592.25,50
2026-09-28 03:33:00-04:00,30590.75,30590.75,30601.75,30585.75,30590.25,167
2026-09-28 03:34:00-04:00,30597.5,30597.5,30597.5,30587.5,30590.0,66
2026-09-28 03:35:00-04:00,30597.25,30597.25,30600.25,30594.25,30596.5,68
2026-09-28 03:36:00-04:00,30604.5,30604.5,30606.75,30599.25,30599.25,97
2026-09-28 03:37:00-04:00,30592.75,30592.75,30602.75,30592.75,30602.75,122
2026-09-28 03:38:00-04:00,30580.0,30580.0,30593.75,30576.5,30593.75,276
2026-09-28 03:39:00-04:00,30591.25,30591.25,30594.0,30579.5,30580.0,91
2026-09-28 03:40:00-04:00,30601.75,30601.75,30605.25,30588.75,30590.25,131
2026-09-28 03:41:00-04:00,30603.25,30603.25,30613.25,30600.25,30600.5,162
2026-09-28 03:42:00-04:00,30592.5,30592.5,30604.25,30588.0,30603.5,145
2026-09-28 03:43:00-04:00,30584.0,30584.0,30595.0,30583.5,30593.75,102
2026-09-28 03:44:00-04:00,30578.25,30578.25,30583.75,30564.25,30583.75,473
2026-09-28 03:45:00-04:00,30588.0,30588.0,30591.5,30578.5,30578.5,173
2026-09-28 03:46:00-04:00,30587.75,30587.75,30599.0,30587.0,30589.5,186
2026-09-28 03:47:00-04:00,30589.25,30589.25,30592.0,30585.25,30587.75,69
2026-09-28 03:48:00-04:00,30606.25,30606.25,30610.5,30589.5,30589.5,234
2026-09-28 03:49:00-04:00,30614.25,30614.25,30617.5,30603.0,30606.0,142
2026-09-28 03:50:00-04:00,30607.5,30607.5,30617.0,30605.75,30614.0,115
2026-09-28 03:51:00-04:00,30611.5,30611.5,30615.0,30607.0,30607.0,85
2026-09-28 03:52:00-04:00,30595.5,30595.5,30611.0,30595.0,30611.0,112
2026-09-28 03:53:00-04:00,30597.5,30597.5,30601.75,30592.75,30593.0,100
2026-09-28 03:54:00-04:00,30621.5,30621.5,30622.5,30595.0,30596.75,161
2026-09-28 03:55:00-04:00,30627.25,30627.25,30630.25,30615.75,30621.0,204
2026-09-28 03:56:00-04:00,30622.75,30622.75,30628.25,30620.0,30625.75,98
2026-09-28 03:57:00-04:00,30607.25,30607.25,30622.25,30607.25,30622.25,131
2026-09-28 03:58:00-04:00,30611.0,30611.0,30613.0,30603.5,30606.5,132
2026-09-28 03:59:00-04:00,30609.75,30609.75,30614.25,30608.75,30611.5,102
2026-09-28 04:00:00-04:00,30598.25,30598.25,30611.5,30589.25,30610.5,420
2026-09-28 04:01:00-04:00,30615.75,30615.75,30619.25,30598.5,30598.5,204
2026-09-28 04:02:00-04:00,30615.5,30615.5,30618.25,30609.5,30615.75,136
2026-09-28 04:03:00-04:00,30594.5,30594.5,30617.0,30589.75,30614.25,212
2026-09-28 04:04:00-04:00,30611.0,30611.0,30615.25,30593.75,30593.75,231
2026-09-28 04:05:00-04:00,30598.0,30598.0,30611.5,30598.0,30611.5,99
2026-09-28 04:06:00-04:00,30594.25,30594.25,30603.0,30593.25,30598.75,146
2026-09-28 04:07:00-04:00,30601.5,30601.5,30604.75,30594.5,30595.75,120
2026-09-28 04:08:00-04:00,30613.0,30613.0,30620.5,30604.0,30604.0,170
2026-09-28 04:09:00-04:00,30613.25,30613.25,30617.0,30610.0,30610.25,88
2026-09-28 04:10:00-04:00,30616.0,30616.0,30618.0,30607.75,30612.75,74
2026-09-28 04:11:00-04:00,30613.75,30613.75,30618.75,30610.0,30615.75,99
2026-09-28 04:12:00-04:00,30607.0,30607.0,30614.0,30602.75,30612.75,164
2026-09-28 04:13:00-04:00,30618.5,30618.5,30620.5,30601.25,30608.25,118
2026-09-28 04:14:00-04:00,30633.25,30633.25,30637.25,30616.75,30617.25,236
2026-09-28 04:15:00-04:00,30625.0,30625.0,30640.0,30624.75,30633.0,210
2026-09-28 04:16:00-04:00,30624.5,30624.5,30629.5,30618.0,30625.25,179
2026-09-28 04:17:00-04:00,30618.0,30618.0,30627.5,30610.0,30625.0,150
2026-09-28 04:18:00-04:00,30612.75,30612.75,30626.5,30610.5,30617.75,94
2026-09-28 04:19:00-04:00,30613.5,30613.5,30614.0,30607.25,30609.5,46
2026-09-28 04:20:00-04:00,30614.0,30614.0,30615.75,30609.25,30612.5,62
2026-09-28 04:21:00-04:00,30609.25,30609.25,30615.0,30600.75,30615.0,146
2026-09-28 04:22:00-04:00,30611.5,30611.5,30614.0,30605.0,30608.0,155
2026-09-28 04:23:00-04:00,30602.0,30602.0,30615.0,30600.25,30610.0,132
2026-09-28 04:24:00-04:00,30599.5,30599.5,30604.75,30592.5,30602.25,156
2026-09-28 04:25:00-04:00,30607.75,30607.75,30608.75,30601.25,30601.25,85
2026-09-28 04:26:00-04:00,30618.0,30618.0,30624.75,30606.75,30606.75,171
2026-09-28 04:27:00-04:00,30606.5,30606.5,30620.5,30606.5,30618.5,96
2026-09-28 04:28:00-04:00,30615.0,30615.0,30615.0,30608.25,30609.0,144
2026-09-28 04:29:00-04:00,30622.75,30622.75,30622.75,30612.25,30615.25,145
2026-09-28 04:30:00-04:00,30622.75,30622.75,30630.25,30618.75,30622.5,163
2026-09-28 04:31:00-04:00,30620.0,30620.0,30627.75,30617.25,30625.0,78
2026-09-28 04:32:00-04:00,30617.25,30617.25,30620.75,30604.75,30620.75,207
2026-09-28 04:33:00-04:00,30607.5,30607.5,30618.25,30606.5,30616.0,63
2026-09-28 04:34:00-04:00,30607.5,30607.5,30610.5,30605.0,30608.5,57
2026-09-28 04:35:00-04:00,30607.75,30607.75,30612.5,30607.25,30610.0,35
2026-09-28 04:36:00-04:00,30599.75,30599.75,30608.25,30599.25,30607.0,110
2026-09-28 04:37:00-04:00,30591.0,30591.0,30599.0,30589.75,30599.0,177
2026-09-28 04:38:00-04:00,30585.0,30585.0,30589.75,30583.0,30589.75,162
2026-09-28 04:39:00-04:00,30582.5,30582.5,30584.75,30571.0,30584.0,271
2026-09-28 04:40:00-04:00,30596.5,30596.5,30599.0,30582.25,30584.25,212
2026-09-28 04:41:00-04:00,30592.0,30592.0,30596.5,30591.0,30595.0,98
2026-09-28 04:42:00-04:00,30593.0,30593.0,30596.0,30589.25,30591.75,78
2026-09-28 04:43:00-04:00,30585.25,30585.25,30594.5,30583.25,30594.0,109
2026-09-28 04:44:00-04:00,30588.25,30588.25,30590.0,30583.0,30585.5,67
2026-09-28 04:45:00-04:00,30585.25,30585.25,30588.25,30582.75,30586.75,38
2026-09-28 04:46:00-04:00,30586.5,30586.5,30592.75,30575.75,30583.5,163
2026-09-28 04:47:00-04:00,30593.0,30593.0,30597.0,30586.25,30588.75,106
2026-09-28 04:48:00-04:00,30584.0,30584.0,30595.5,30584.0,30593.75,49
2026-09-28 04:49:00-04:00,30590.5,30590.5,30590.5,30582.5,30584.75,42
2026-09-28 04:50:00-04:00,30597.75,30597.75,30600.5,30590.0,30590.0,49
2026-09-28 04:51:00-04:00,30593.0,30593.0,30597.25,30587.75,30597.25,68
2026-09-28 04:52:00-04:00,30590.5,30590.5,30592.5,30576.0,30592.5,138
2026-09-28 04:53:00-04:00,30590.25,30590.25,30594.5,30586.5,30586.75,84
2026-09-28 04:54:00-04:00,30580.25,30580.25,30593.25,30580.25,30587.25,48
2026-09-28 04:55:00-04:00,30582.25,30582.25,30586.75,30580.25,30582.25,137
2026-09-28 04:56:00-04:00,30583.0,30583.0,30584.0,30578.5,30580.75,114
2026-09-28 04:57:00-04:00,30590.0,30590.0,30591.0,30584.5,30584.5,60
2026-09-28 04:58:00-04:00,30582.5,30582.5,30589.25,30582.5,30589.25,49
2026-09-28 04:59:00-04:00,30580.0,30580.0,30587.0,30580.0,30585.0,101
2026-09-28 05:00:00-04:00,30604.0,30604.0,30606.5,30575.5,30578.75,818
2026-09-28 05:01:00-04:00,30589.25,30589.25,30605.75,30588.75,30603.0,127
2026-09-28 05:02:00-04:00,30577.25,30577.25,30592.5,30576.5,30591.25,212
2026-09-28 05:03:00-04:00,30570.25,30570.25,30578.75,30569.0,30577.5,166
2026-09-28 05:04:00-04:00,30566.25,30566.25,30572.75,30563.75,30570.25,231
2026-09-28 05:05:00-04:00,30564.0,30564.0,30566.5,30555.0,30566.25,322
2026-09-28 05:06:00-04:00,30565.0,30565.0,30569.0,30559.0,30563.75,282
2026-09-28 05:07:00-04:00,30564.75,30564.75,30574.0,30559.75,30565.0,140
2026-09-28 05:08:00-04:00,30557.5,30557.5,30567.25,30553.25,30565.75,234
2026-09-28 05:09:00-04:00,30549.75,30549.75,30556.25,30549.25,30556.25,227
2026-09-28 05:10:00-04:00,30547.0,30547.0,30552.75,30544.5,30551.0,188
2026-09-28 05:11:00-04:00,30539.25,30539.25,30552.0,30537.0,30546.25,473
2026-09-28 05:12:00-04:00,30544.5,30544.5,30546.25,30531.0,30538.25,280
2026-09-28 05:13:00-04:00,30542.5,30542.5,30543.75,30536.25,30543.0,112
2026-09-28 05:14:00-04:00,30543.75,30543.75,30549.25,30542.5,30543.25,255
2026-09-28 05:15:00-04:00,30546.5,30546.5,30554.0,30543.25,30544.0,237
2026-09-28 05:16:00-04:00,30540.25,30540.25,30546.25,30538.0,30545.5,118
2026-09-28 05:17:00-04:00,30545.75,30545.75,30547.25,30535.75,30540.75,130
2026-09-28 05:18:00-04:00,30549.75,30549.75,30550.75,30542.5,30544.25,170
2026-09-28 05:19:00-04:00,30571.75,30571.75,30574.5,30548.5,30549.75,518
2026-09-28 05:20:00-04:00,30577.25,30577.25,30583.0,30569.25,30572.5,364
2026-09-28 05:21:00-04:00,30583.5,30583.5,30590.25,30574.5,30575.5,268
2026-09-28 05:22:00-04:00,30583.75,30583.75,30587.25,30577.0,30584.25,145
2026-09-28 05:23:00-04:00,30578.25,30578.25,30586.25,30576.75,30583.5,80
2026-09-28 05:24:00-04:00,30578.5,30578.5,30582.0,30576.25,30577.75,98
2026-09-28 05:25:00-04:00,30579.0,30579.0,30581.0,30574.5,30578.75,132
2026-09-28 05:26:00-04:00,30576.75,30576.75,30583.25,30571.25,30579.0,119
2026-09-28 05:27:00-04:00,30575.0,30575.0,30575.25,30566.5,30575.25,159
2026-09-28 05:28:00-04:00,30575.0,30575.0,30582.25,30571.75,30575.5,189
2026-09-28 05:29:00-04:00,30587.75,30587.75,30588.75,30573.25,30575.25,204
2026-09-28 05:30:00-04:00,30580.0,30580.0,30592.5,30580.0,30587.75,174
2026-09-28 05:31:00-04:00,30577.25,30577.25,30583.0,30577.0,30579.5,92
2026-09-28 05:32:00-04:00,30585.0,30585.0,30586.25,30578.25,30578.5,94
2026-09-28 05:33:00-04:00,30570.5,30570.5,30585.5,30569.0,30584.5,126
2026-09-28 05:34:00-04:00,30560.0,30560.0,30574.25,30559.5,30570.25,132
2026-09-28 05:35:00-04:00,30571.0,30571.0,30571.0,30559.25,30560.0,168
2026-09-28 05:36:00-04:00,30581.5,30581.5,30583.0,30570.75,30570.75,139
2026-09-28 05:37:00-04:00,30575.25,30575.25,30584.0,30572.5,30583.5,81
2026-09-28 05:38:00-04:00,30571.75,30571.75,30574.75,30567.75,30574.75,86
2026-09-28 05:39:00-04:00,30571.5,30571.5,30576.75,30571.0,30572.75,44
2026-09-28 05:40:00-04:00,30585.75,30585.75,30590.0,30570.5,30570.5,117
2026-09-28 05:41:00-04:00,30577.75,30577.75,30586.25,30577.0,30585.75,106
2026-09-28 05:42:00-04:00,30587.25,30587.25,30587.25,30577.25,30577.25,61
2026-09-28 05:43:00-04:00,30589.5,30589.5,30591.25,30587.0,30587.75,108
2026-09-28 05:44:00-04:00,30594.5,30594.5,30594.5,30588.25,30590.0,91
2026-09-28 05:45:00-04:00,30599.0,30599.0,30600.25,30593.0,30594.0,220
2026-09-28 05:46:00-04:00,30591.25,30591.25,30599.5,30589.5,30599.5,173
2026-09-28 05:47:00-04:00,30591.25,30591.25,30600.75,30591.25,30592.5,100
2026-09-28 05:48:00-04:00,30597.0,30597.0,30600.5,30591.5,30591.5,92
2026-09-28 05:49:00-04:00,30598.5,30598.5,30601.0,30593.5,30597.25,67
2026-09-28 05:50:00-04:00,30602.5,30602.5,30607.25,30597.75,30599.0,189
2026-09-28 05:51:00-04:00,30599.5,30599.5,30602.75,30596.0,30600.75,86
2026-09-28 05:52:00-04:00,30599.0,30599.0,30601.25,30596.25,30600.0,63
2026-09-28 05:53:00-04:00,30593.25,30593.25,30601.75,30592.0,30599.75,69
2026-09-28 05:54:00-04:00,30595.5,30595.5,30598.25,30592.5,30592.75,56
2026-09-28 05:55:00-04:00,30597.25,30597.25,30597.25,30593.5,30594.5,50
2026-09-28 05:56:00-04:00,30592.5,30592.5,30597.5,30586.5,30597.5,134
2026-09-28 05:57:00-04:00,30589.75,30589.75,30592.75,30586.0,30591.25,56
2026-09-28 05:58:00-04:00,30586.25,30586.25,30589.0,30582.5,30589.0,82
2026-09-28 05:59:00-04:00,30591.75,30591.75,30592.25,30583.75,30585.75,82
2026-09-28 06:00:00-04:00,30601.75,30601.75,30605.0,30590.5,30592.0,198
2026-09-28 06:01:00-04:00,30598.0,30598.0,30605.25,30594.75,30601.0,66
2026-09-28 06:02:00-04:00,30597.0,30597.0,30599.5,30589.75,30597.0,49
2026-09-28 06:03:00-04:00,30602.75,30602.75,30606.0,30593.5,30596.5,67
2026-09-28 06:04:00-04:00,30605.25,30605.25,30607.0,30602.0,30603.25,41
2026-09-28 06:05:00-04:00,30597.0,30597.0,30606.0,30593.5,30605.75,207
2026-09-28 06:06:00-04:00,30589.75,30589.75,30597.5,30585.0,30596.5,140
2026-09-28 06:07:00-04:00,30574.0,30574.0,30589.25,30574.0,30588.0,178
2026-09-28 06:08:00-04:00,30567.0,30567.0,30578.0,30564.5,30574.25,280
2026-09-28 06:09:00-04:00,30567.75,30567.75,30572.25,30562.75,30566.5,106
2026-09-28 06:10:00-04:00,30565.0,30565.0,30569.0,30564.0,30566.25,74
2026-09-28 06:11:00-04:00,30558.0,30558.0,30563.75,30549.0,30563.75,268
2026-09-28 06:12:00-04:00,30566.25,30566.25,30582.0,30556.0,30557.5,514
2026-09-28 06:13:00-04:00,30566.25,30566.25,30567.25,30557.25,30564.25,92
2026-09-28 06:14:00-04:00,30568.5,30568.5,30568.5,30562.75,30565.5,98
2026-09-28 06:15:00-04:00,30575.75,30575.75,30579.25,30568.0,30568.5,244
2026-09-28 06:16:00-04:00,30573.0,30573.0,30577.5,30573.0,30575.25,29
2026-09-28 06:17:00-04:00,30570.0,30570.0,30577.0,30570.0,30574.25,50
2026-09-28 06:18:00-04:00,30572.5,30572.5,30577.0,30565.5,30569.25,59
2026-09-28 06:19:00-04:00,30565.0,30565.0,30576.5,30564.5,30571.0,41
2026-09-28 06:20:00-04:00,30567.25,30567.25,30570.5,30564.5,30564.75,61
2026-09-28 06:21:00-04:00,30575.75,30575.75,30577.5,30568.75,30568.75,71
2026-09-28 06:22:00-04:00,30574.75,30574.75,30577.5,30573.5,30576.5,27
2026-09-28 06:23:00-04:00,30573.5,30573.5,30575.5,30571.25,30574.75,40
2026-09-28 06:24:00-04:00,30570.0,30570.0,30574.75,30566.5,30573.25,63
2026-09-28 06:25:00-04:00,30570.75,30570.75,30572.75,30568.75,30570.5,30
2026-09-28 06:26:00-04:00,30571.75,30571.75,30576.0,30571.25,30572.0,68
2026-09-28 06:27:00-04:00,30562.5,30562.5,30571.25,30559.5,30570.5,161
2026-09-28 06:28:00-04:00,30564.5,30564.5,30568.25,30561.5,30561.5,40
2026-09-28 06:29:00-04:00,30576.0,30576.0,30576.5,30564.25,30564.25,79
2026-09-28 06:30:00-04:00,30562.5,30562.5,30581.25,30561.5,30575.25,120
2026-09-28 06:31:00-04:00,30576.0,30576.0,30576.5,30564.25,30564.5,49
2026-09-28 06:32:00-04:00,30573.5,30573.5,30575.75,30569.5,30575.5,32
2026-09-28 06:33:00-04:00,30578.0,30578.0,30578.0,30570.5,30572.5,36
2026-09-28 06:34:00-04:00,30577.5,30577.5,30581.0,30573.75,30578.0,42
2026-09-28 06:35:00-04:00,30578.25,30578.25,30583.75,30576.25,30579.0,122
2026-09-28 06:36:00-04:00,30569.5,30569.5,30578.0,30566.5,30578.0,48
2026-09-28 06:37:00-04:00,30569.0,30569.0,30575.25,30568.75,30570.75,68
2026-09-28 06:38:00-04:00,30567.75,30567.75,30570.75,30566.75,30569.0,108
2026-09-28 06:39:00-04:00,30573.5,30573.5,30578.0,30569.0,30569.0,108
2026-09-28 06:40:00-04:00,30572.75,30572.75,30577.5,30570.75,30572.5,31
2026-09-28 06:41:00-04:00,30582.5,30582.5,30585.5,30575.25,30575.25,87
2026-09-28 06:42:00-04:00,30579.25,30579.25,30583.25,30574.75,30582.5,64
2026-09-28 06:43:00-04:00,30577.5,30577.5,30580.25,30576.0,30579.5,41
2026-09-28 06:44:00-04:00,30576.25,30576.25,30579.0,30575.75,30578.0,26
2026-09-28 06:45:00-04:00,30577.25,30577.25,30579.25,30573.75,30575.5,85
2026-09-28 06:46:00-04:00,30579.0,30579.0,30585.25,30577.5,30577.5,96
2026-09-28 06:47:00-04:00,30579.5,30579.5,30581.0,30577.25,30581.0,46
2026-09-28 06:48:00-04:00,30582.5,30582.5,30583.25,30574.75,30579.0,91
2026-09-28 06:49:00-04:00,30586.25,30586.25,30589.5,30580.0,30580.25,67
2026-09-28 06:50:00-04:00,30593.75,30593.75,30595.25,30582.0,30583.5,102
2026-09-28 06:51:00-04:00,30599.25,30599.25,30600.25,30593.25,30593.25,157
2026-09-28 06:52:00-04:00,30609.25,30609.25,30616.25,30599.25,30600.25,608
2026-09-28 06:53:00-04:00,30603.0,30603.0,30611.0,30602.75,30609.5,195
2026-09-28 06:54:00-04:00,30600.25,30600.25,30604.75,30598.0,30603.0,107
2026-09-28 06:55:00-04:00,30600.5,30600.5,30601.75,30591.25,30601.5,183
2026-09-28 06:56:00-04:00,30590.5,30590.5,30600.0,30590.0,30600.0,108
2026-09-28 06:57:00-04:00,30592.5,30592.5,30598.5,30590.5,30592.5,65
2026-09-28 06:58:00-04:00,30596.25,30596.25,30598.0,30591.5,30593.0,61
2026-09-28 06:59:00-04:00,30584.5,30584.5,30597.25,30583.5,30596.75,213
2026-09-28 07:00:00-04:00,30629.75,30629.75,30648.5,30585.75,30585.75,2615
2026-09-28 07:01:00-04:00,30624.25,30624.25,30637.75,30615.75,30631.25,674
2026-09-28 07:02:00-04:00,30629.0,30629.0,30631.5,30617.75,30625.5,336
2026-09-28 07:03:00-04:00,30611.75,30611.75,30631.0,30610.5,30628.25,323
2026-09-28 07:04:00-04:00,30613.5,30613.5,30615.75,30600.0,30612.0,350
2026-09-28 07:05:00-04:00,30600.5,30600.5,30617.25,30596.25,30614.25,301
2026-09-28 07:06:00-04:00,30602.5,30602.5,30606.0,30596.25,30599.0,212
2026-09-28 07:07:00-04:00,30605.75,30605.75,30607.75,30593.25,30600.25,261
2026-09-28 07:08:00-04:00,30601.5,30601.5,30608.0,30587.5,30605.25,284
2026-09-28 07:09:00-04:00,30610.25,30610.25,30611.0,30600.5,30602.75,142
2026-09-28 07:10:00-04:00,30597.75,30597.75,30609.75,30597.0,30609.75,167
2026-09-28 07:11:00-04:00,30591.75,30591.75,30601.5,30591.0,30596.5,122
2026-09-28 07:12:00-04:00,30592.75,30592.75,30601.0,30587.0,30591.5,167
2026-09-28 07:13:00-04:00,30598.25,30598.25,30598.75,30589.75,30593.5,106
2026-09-28 07:14:00-04:00,30594.0,30594.0,30601.0,30592.5,30596.5,87
2026-09-28 07:15:00-04:00,30597.0,30597.0,30598.75,30590.75,30593.0,95
2026-09-28 07:16:00-04:00,30620.75,30620.75,30627.5,30591.25,30596.75,1164
2026-09-28 07:17:00-04:00,30623.75,30623.75,30629.25,30616.5,30619.75,312
2026-09-28 07:18:00-04:00,30604.75,30604.75,30626.25,30604.75,30625.5,188
2026-09-28 07:19:00-04:00,30592.25,30592.25,30607.5,30588.75,30607.5,187
2026-09-28 07:20:00-04:00,30594.5,30594.5,30595.25,30588.75,30591.25,109
2026-09-28 07:21:00-04:00,30605.5,30605.5,30606.0,30595.5,30595.5,153
2026-09-28 07:22:00-04:00,30624.5,30624.5,30627.0,30605.5,30605.5,252
2026-09-28 07:23:00-04:00,30630.75,30630.75,30636.25,30620.75,30625.0,215
2026-09-28 07:24:00-04:00,30638.75,30638.75,30639.0,30628.75,30629.5,121
2026-09-28 07:25:00-04:00,30635.5,30635.5,30639.75,30632.5,30639.25,132
2026-09-28 07:26:00-04:00,30641.0,30641.0,30641.0,30631.25,30636.25,199
2026-09-28 07:27:00-04:00,30634.75,30634.75,30640.0,30634.25,30640.0,79
2026-09-28 07:28:00-04:00,30637.75,30637.75,30641.75,30635.5,30635.5,115
2026-09-28 07:29:00-04:00,30641.5,30641.5,30642.75,30633.5,30637.5,101
2026-09-28 07:30:00-04:00,30629.0,30629.0,30644.0,30627.25,30641.25,139
2026-09-28 07:31:00-04:00,30630.75,30630.75,30633.75,30628.25,30628.5,114
2026-09-28 07:32:00-04:00,30630.0,30630.0,30635.75,30629.0,30631.75,102
2026-09-28 07:33:00-04:00,30632.0,30632.0,30634.25,30619.5,30629.25,146
2026-09-28 07:34:00-04:00,30637.0,30637.0,30638.0,30629.25,30633.0,125
2026-09-28 07:35:00-04:00,30633.5,30633.5,30637.75,30629.5,30637.75,52
2026-09-28 07:36:00-04:00,30636.25,30636.25,30639.25,30633.5,30636.75,93
2026-09-28 07:37:00-04:00,30640.25,30640.25,30642.75,30636.0,30636.5,85
2026-09-28 07:38:00-04:00,30635.5,30635.5,30642.0,30635.0,30640.0,91
2026-09-28 07:39:00-04:00,30635.5,30635.5,30638.75,30634.25,30635.25,90
2026-09-28 07:40:00-04:00,30635.0,30635.0,30639.25,30633.0,30636.25,79
2026-09-28 07:41:00-04:00,30635.25,30635.25,30645.0,30634.0,30636.0,200
2026-09-28 07:42:00-04:00,30633.25,30633.25,30639.25,30629.75,30636.75,216
2026-09-28 07:43:00-04:00,30631.75,30631.75,30634.5,30627.5,30633.25,131
2026-09-28 07:44:00-04:00,30644.0,30644.0,30644.0,30631.5,30632.5,122
2026-09-28 07:45:00-04:00,30642.5,30642.5,30649.0,30641.0,30643.25,276
2026-09-28 07:46:00-04:00,30640.0,30640.0,30644.5,30632.25,30643.5,102
2026-09-28 07:47:00-04:00,30636.0,30636.0,30643.25,30636.0,30638.0,65
2026-09-28 07:48:00-04:00,30637.75,30637.75,30639.0,30634.75,30637.5,82
2026-09-28 07:49:00-04:00,30639.25,30639.25,30639.25,30634.75,30637.5,139
2026-09-28 07:50:00-04:00,30635.75,30635.75,30640.0,30630.5,30639.75,80
2026-09-28 07:51:00-04:00,30637.0,30637.0,30640.0,30633.5,30635.5,74
2026-09-28 07:52:00-04:00,30637.75,30637.75,30645.0,30635.75,30636.75,67
2026-09-28 07:53:00-04:00,30628.0,30628.0,30637.5,30625.75,30637.5,97
2026-09-28 07:54:00-04:00,30629.5,30629.5,30632.0,30624.25,30628.25,130
2026-09-28 07:55:00-04:00,30635.75,30635.75,30635.75,30627.25,30628.5,87
2026-09-28 07:56:00-04:00,30638.25,30638.25,30644.0,30635.0,30635.25,92
2026-09-28 07:57:00-04:00,30637.0,30637.0,30645.0,30634.0,30641.0,103
2026-09-28 07:58:00-04:00,30634.5,30634.5,30639.25,30633.0,30638.5,54
2026-09-28 07:59:00-04:00,30641.25,30641.25,30641.5,30630.0,30634.25,92
2026-09-28 08:00:00-04:00,30625.0,30625.0,30644.75,30623.75,30639.5,220
2026-09-28 08:01:00-04:00,30618.5,30618.5,30624.5,30612.5,30624.5,227
2026-09-28 08:02:00-04:00,30620.5,30620.5,30622.0,30614.25,30618.75,100
2026-09-28 08:03:00-04:00,30621.0,30621.0,30623.25,30615.25,30620.25,95
2026-09-28 08:04:00-04:00,30681.0,30681.0,30687.0,30616.75,30621.25,2209
2026-09-28 08:05:00-04:00,30692.75,30692.75,30697.0,30678.5,30681.25,482
2026-09-28 08:06:00-04:00,30708.0,30708.0,30713.0,30691.25,30692.5,603
2026-09-28 08:07:00-04:00,30704.0,30704.0,30712.0,30700.75,30708.25,415
2026-09-28 08:08:00-04:00,30692.5,30692.5,30705.25,30680.0,30705.25,385
2026-09-28 08:09:00-04:00,30698.5,30698.5,30699.5,30689.5,30692.75,253
2026-09-28 08:10:00-04:00,30702.5,30702.5,30711.25,30696.0,30698.5,369
2026-09-28 08:11:00-04:00,30710.5,30710.5,30718.25,30699.5,30702.5,518
2026-09-28 08:12:00-04:00,30690.25,30690.25,30713.5,30689.5,30710.0,327
2026-09-28 08:13:00-04:00,30693.75,30693.75,30697.5,30685.75,30690.0,191
2026-09-28 08:14:00-04:00,30703.75,30703.75,30703.75,30693.0,30693.25,175
2026-09-28 08:15:00-04:00,30705.75,30705.75,30709.5,30699.5,30702.25,111
2026-09-28 08:16:00-04:00,30712.5,30712.5,30712.5,30702.0,30706.0,122
2026-09-28 08:17:00-04:00,30705.75,30705.75,30722.25,30703.75,30709.75,350
2026-09-28 08:18:00-04:00,30709.0,30709.0,30713.75,30704.0,30705.75,136
2026-09-28 08:19:00-04:00,30724.5,30724.5,30727.25,30708.5,30708.75,284
2026-09-28 08:20:00-04:00,30734.0,30734.0,30735.75,30722.75,30723.5,317
2026-09-28 08:21:00-04:00,30721.5,30721.5,30735.25,30719.5,30735.0,249
2026-09-28 08:22:00-04:00,30694.25,30694.25,30722.25,30694.25,30721.25,481
2026-09-28 08:23:00-04:00,30704.75,30704.75,30704.75,30688.25,30694.25,353
2026-09-28 08:24:00-04:00,30704.75,30704.75,30710.25,30704.0,30704.25,220
2026-09-28 08:25:00-04:00,30703.5,30703.5,30707.5,30695.5,30706.0,178
2026-09-28 08:26:00-04:00,30713.75,30713.75,30729.5,30699.5,30703.75,796
2026-09-28 08:27:00-04:00,30711.5,30711.5,30715.25,30705.5,30715.25,139
2026-09-28 08:28:00-04:00,30698.0,30698.0,30711.25,30698.0,30710.75,126
2026-09-28 08:29:00-04:00,30694.0,30694.0,30700.0,30694.0,30698.25,134
2026-09-28 08:30:00-04:00,30700.5,30700.5,30700.75,30691.75,30694.5,334
2026-09-28 08:31:00-04:00,30698.5,30698.5,30704.25,30696.25,30699.75,219
2026-09-28 08:32:00-04:00,30705.5,30705.5,30707.0,30691.75,30699.5,176
2026-09-28 08:33:00-04:00,30706.75,30706.75,30708.25,30697.25,30706.25,249
2026-09-28 08:34:00-04:00,30715.5,30715.5,30718.0,30699.25,30705.5,291
2026-09-28 08:35:00-04:00,30714.75,30714.75,30716.0,30703.5,30715.0,189
2026-09-28 08:36:00-04:00,30709.5,30709.5,30717.25,30707.5,30714.5,254
2026-09-28 08:37:00-04:00,30712.5,30712.5,30713.25,30700.75,30707.75,355
2026-09-28 08:38:00-04:00,30707.75,30707.75,30714.0,30699.25,30714.0,281
2026-09-28 08:39:00-04:00,30711.5,30711.5,30711.5,30702.5,30708.25,167
2026-09-28 08:40:00-04:00,30695.5,30695.5,30711.75,30694.0,30711.75,341
2026-09-28 08:41:00-04:00,30712.0,30712.0,30714.0,30697.5,30697.5,306
2026-09-28 08:42:00-04:00,30716.75,30716.75,30717.75,30709.0,30711.25,263
2026-09-28 08:43:00-04:00,30711.25,30711.25,30720.75,30711.25,30717.25,253
2026-09-28 08:44:00-04:00,30727.75,30727.75,30728.0,30713.25,30713.25,211
2026-09-28 08:45:00-04:00,30738.0,30738.0,30738.25,30727.5,30728.0,360
2026-09-28 08:46:00-04:00,30736.5,30736.5,30743.25,30735.25,30737.5,330
2026-09-28 08:47:00-04:00,30726.0,30726.0,30739.0,30724.75,30738.0,273
2026-09-28 08:48:00-04:00,30733.25,30733.25,30735.5,30720.5,30724.75,322
2026-09-28 08:49:00-04:00,30727.25,30727.25,30734.0,30723.25,30734.0,144
2026-09-28 08:50:00-04:00,30729.5,30729.5,30734.5,30724.0,30727.0,233
2026-09-28 08:51:00-04:00,30723.0,30723.0,30730.0,30722.0,30729.0,157
2026-09-28 08:52:00-04:00,30729.0,30729.0,30739.0,30722.5,30723.75,247
2026-09-28 08:53:00-04:00,30741.0,30741.0,30741.5,30723.75,30729.5,179
2026-09-28 08:54:00-04:00,30741.0,30741.0,30746.75,30738.5,30739.75,255
2026-09-28 08:55:00-04:00,30733.0,30733.0,30742.75,30722.75,30741.5,350
2026-09-28 08:56:00-04:00,30748.75,30748.75,30750.25,30731.0,30732.75,343
2026-09-28 08:57:00-04:00,30747.5,30747.5,30753.0,30745.0,30748.5,400
2026-09-28 08:58:00-04:00,30737.0,30737.0,30747.5,30732.0,30747.0,368
2026-09-28 08:59:00-04:00,30739.0,30739.0,30741.5,30734.75,30737.25,186
2026-09-28 09:00:00-04:00,30720.25,30720.25,30740.25,30716.25,30739.25,625
2026-09-28 09:01:00-04:00,30712.25,30712.25,30723.25,30708.75,30719.75,610
2026-09-28 09:02:00-04:00,30708.5,30708.5,30715.5,30704.5,30711.5,433
2026-09-28 09:03:00-04:00,30706.0,30706.0,30708.75,30702.25,30707.75,227
2026-09-28 09:04:00-04:00,30700.25,30700.25,30706.75,30699.0,30706.5,275
2026-09-28 09:05:00-04:00,30701.5,30701.5,30704.0,30697.0,30699.75,319
2026-09-28 09:06:00-04:00,30705.0,30705.0,30708.75,30700.0,30701.0,248
2026-09-28 09:07:00-04:00,30710.75,30710.75,30712.0,30704.0,30704.5,227
2026-09-28 09:08:00-04:00,30709.5,30709.5,30713.0,30704.75,30711.0,180
2026-09-28 09:09:00-04:00,30708.0,30708.0,30712.75,30705.5,30709.0,129
2026-09-28 09:10:00-04:00,30714.0,30714.0,30716.0,30703.75,30708.25,323
2026-09-28 09:11:00-04:00,30711.75,30711.75,30717.25,30707.5,30713.0,385
2026-09-28 09:12:00-04:00,30706.5,30706.5,30715.5,30703.5,30712.5,176
2026-09-28 09:13:00-04:00,30707.25,30707.25,30709.5,30702.25,30706.75,149
2026-09-28 09:14:00-04:00,30708.75,30708.75,30710.0,30704.5,30706.5,336
2026-09-28 09:15:00-04:00,30708.5,30708.5,30714.25,30707.5,30709.0,185
2026-09-28 09:16:00-04:00,30709.5,30709.5,30716.25,30708.5,30709.75,176
2026-09-28 09:17:00-04:00,30707.5,30707.5,30716.25,30704.5,30709.75,268
2026-09-28 09:18:00-04:00,30698.75,30698.75,30711.5,30692.25,30708.0,862
2026-09-28 09:19:00-04:00,30700.25,30700.25,30701.75,30691.0,30698.75,489
2026-09-28 09:20:00-04:00,30701.75,30701.75,30702.5,30693.5,30699.5,244
2026-09-28 09:21:00-04:00,30705.5,30705.5,30708.25,30701.5,30702.5,159
2026-09-28 09:22:00-04:00,30696.75,30696.75,30705.25,30694.75,30705.0,207
2026-09-28 09:23:00-04:00,30696.25,30696.25,30702.25,30692.75,30695.75,308
2026-09-28 09:24:00-04:00,30698.25,30698.25,30699.5,30693.5,30695.25,264
2026-09-28 09:25:00-04:00,30712.25,30712.25,30714.25,30697.75,30697.75,764
2026-09-28 09:26:00-04:00,30716.5,30716.5,30719.75,30710.25,30712.5,363
2026-09-28 09:27:00-04:00,30719.25,30719.25,30720.25,30708.0,30716.0,604
2026-09-28 09:28:00-04:00,30722.75,30722.75,30724.75,30703.0,30719.0,663
2026-09-28 09:29:00-04:00,30717.75,30717.75,30723.5,30712.75,30722.75,605
2026-09-28 09:30:00-04:00,30695.25,30695.25,30729.75,30691.75,30718.0,4737
2026-09-28 09:31:00-04:00,30709.25,30709.25,30716.0,30675.25,30695.25,3337
2026-09-28 09:32:00-04:00,30738.25,30738.25,30759.25,30709.5,30710.25,4260
2026-09-28 09:33:00-04:00,30709.75,30709.75,30737.5,30692.25,30737.5,3424
2026-09-28 09:34:00-04:00,30677.0,30677.0,30710.5,30671.75,30709.75,3172
2026-09-28 09:35:00-04:00,30629.75,30629.75,30679.0,30620.25,30677.0,4031
2026-09-28 09:36:00-04:00,30658.25,30658.25,30665.5,30618.0,30630.0,3097
2026-09-28 09:37:00-04:00,30643.0,30643.0,30669.0,30641.5,30658.25,2587
2026-09-28 09:38:00-04:00,30645.5,30645.5,30654.25,30624.75,30643.25,2224
2026-09-28 09:39:00-04:00,30643.0,30643.0,30665.25,30639.5,30645.5,1757
2026-09-28 09:40:00-04:00,30648.0,30648.0,30658.5,30635.0,30643.75,2078
2026-09-28 09:41:00-04:00,30625.75,30625.75,30652.25,30621.0,30647.5,1852
2026-09-28 09:42:00-04:00,30642.0,30642.0,30652.0,30623.75,30626.25,2249
2026-09-28 09:43:00-04:00,30646.0,30646.0,30649.0,30633.5,30642.25,1461
2026-09-28 09:44:00-04:00,30611.5,30611.5,30645.75,30600.75,30645.75,2847
2026-09-28 09:45:00-04:00,30603.0,30603.0,30621.5,30593.25,30612.25,2804
2026-09-28 09:46:00-04:00,30611.5,30611.5,30616.75,30592.5,30603.0,2329
2026-09-28 09:47:00-04:00,30622.25,30622.25,30639.5,30606.25,30611.5,2777
2026-09-28 09:48:00-04:00,30633.5,30633.5,30641.5,30613.75,30623.0,1928
2026-09-28 09:49:00-04:00,30628.25,30628.25,30650.0,30622.25,30634.25,2368
2026-09-28 09:50:00-04:00,30610.0,30610.0,30639.0,30600.75,30629.0,2279
2026-09-28 09:51:00-04:00,30591.25,30591.25,30610.0,30583.0,30609.75,2817
2026-09-28 09:52:00-04:00,30608.5,30608.5,30612.5,30586.25,30592.0,1687
2026-09-28 09:53:00-04:00,30643.0,30643.0,30649.75,30607.5,30609.25,2294
2026-09-28 09:54:00-04:00,30651.75,30651.75,30666.75,30639.0,30644.25,2306
2026-09-28 09:55:00-04:00,30643.5,30643.5,30668.5,30639.75,30653.0,3008
2026-09-28 09:56:00-04:00,30631.25,30631.25,30644.0,30626.0,30644.0,1601
2026-09-28 09:57:00-04:00,30661.25,30661.25,30662.5,30630.25,30632.0,1437
2026-09-28 09:58:00-04:00,30654.25,30654.25,30666.75,30652.5,30662.0,1444
2026-09-28 09:59:00-04:00,30650.75,30650.75,30658.5,30642.25,30653.5,1176
2026-09-28 10:00:00-04:00,30656.5,30656.5,30657.25,30634.5,30651.25,1585
2026-09-28 10:01:00-04:00,30641.5,30641.5,30658.0,30633.25,30656.25,1360
2026-09-28 10:02:00-04:00,30629.5,30629.5,30642.0,30622.75,30641.5,1805
2026-09-28 10:03:00-04:00,30615.25,30615.25,30633.75,30610.0,30630.5,1392
2026-09-28 10:04:00-04:00,30596.75,30596.75,30618.0,30593.0,30614.75,1562
2026-09-28 10:05:00-04:00,30580.25,30580.25,30598.25,30573.5,30596.25,2104
2026-09-28 10:06:00-04:00,30587.25,30587.25,30588.0,30567.0,30580.0,1868
2026-09-28 10:07:00-04:00,30577.5,30577.5,30594.0,30567.25,30587.25,1732
2026-09-28 10:08:00-04:00,30571.0,30571.0,30583.25,30564.75,30577.75,1709
2026-09-28 10:09:00-04:00,30565.0,30565.0,30586.25,30562.25,30571.75,1792
2026-09-28 10:10:00-04:00,30544.75,30544.75,30563.0,30543.0,30563.0,2277
2026-09-28 10:11:00-04:00,30534.25,30534.25,30545.5,30524.25,30544.5,2320
2026-09-28 10:12:00-04:00,30527.0,30527.0,30540.0,30521.25,30534.0,2318
2026-09-28 10:13:00-04:00,30533.5,30533.5,30542.25,30521.5,30526.75,1671
2026-09-28 10:14:00-04:00,30522.0,30522.0,30534.0,30503.0,30533.75,2431
2026-09-28 10:15:00-04:00,30539.5,30539.5,30554.0,30520.5,30521.5,2519
2026-09-28 10:16:00-04:00,30551.75,30551.75,30553.25,30532.25,30539.75,1509
2026-09-28 10:17:00-04:00,30569.5,30569.5,30569.5,30548.25,30552.0,1925
2026-09-28 10:18:00-04:00,30571.0,30571.0,30577.75,30564.25,30569.0,1877
2026-09-28 10:19:00-04:00,30571.5,30571.5,30578.0,30568.25,30571.0,1346
2026-09-28 10:20:00-04:00,30580.0,30580.0,30584.0,30553.5,30571.25,1856
2026-09-28 10:21:00-04:00,30571.0,30571.0,30585.25,30560.5,30581.0,1207
2026-09-28 10:22:00-04:00,30599.0,30599.0,30601.0,30570.0,30571.0,1781
2026-09-28 10:23:00-04:00,30589.25,30589.25,30600.0,30583.75,30599.0,1186
2026-09-28 10:24:00-04:00,30586.5,30586.5,30589.25,30579.75,30589.25,740
2026-09-28 10:25:00-04:00,30571.25,30571.25,30590.0,30569.75,30587.0,1085
2026-09-28 10:26:00-04:00,30565.25,30565.25,30576.5,30555.0,30571.75,1149
2026-09-28 10:27:00-04:00,30564.75,30564.75,30571.25,30560.0,30566.0,779
2026-09-28 10:28:00-04:00,30566.75,30566.75,30570.0,30556.75,30564.5,849
2026-09-28 10:29:00-04:00,30547.5,30547.5,30567.25,30542.0,30566.75,1442
2026-09-28 10:30:00-04:00,30546.5,30546.5,30551.5,30540.5,30547.75,1029
2026-09-28 10:31:00-04:00,30546.0,30546.0,30550.25,30537.75,30546.75,891
2026-09-28 10:32:00-04:00,30556.25,30556.25,30558.0,30540.75,30546.25,1018
2026-09-28 10:33:00-04:00,30548.0,30548.0,30563.5,30539.75,30556.0,1381
2026-09-28 10:34:00-04:00,30546.75,30546.75,30550.75,30544.0,30546.75,728
2026-09-28 10:35:00-04:00,30540.25,30540.25,30551.25,30536.75,30546.75,1081
2026-09-28 10:36:00-04:00,30535.5,30535.5,30548.0,30533.0,30540.5,1317
2026-09-28 10:37:00-04:00,30513.25,30513.25,30542.0,30512.75,30535.25,1418
2026-09-28 10:38:00-04:00,30498.5,30498.5,30515.75,30489.75,30513.75,2842
2026-09-28 10:39:00-04:00,30499.25,30499.25,30510.25,30494.25,30498.25,1785
2026-09-28 10:40:00-04:00,30501.25,30501.25,30512.0,30493.0,30499.5,1851
2026-09-28 10:41:00-04:00,30500.75,30500.75,30507.5,30488.0,30501.75,1862
2026-09-28 10:42:00-04:00,30481.5,30481.5,30502.0,30477.25,30501.75,1904
2026-09-28 10:43:00-04:00,30442.75,30442.75,30481.5,30441.75,30481.5,3574
2026-09-28 10:44:00-04:00,30428.25,30428.25,30443.25,30425.25,30442.75,2936
2026-09-28 10:45:00-04:00,30407.75,30407.75,30434.0,30398.0,30428.25,3957
2026-09-28 10:46:00-04:00,30400.75,30400.75,30415.75,30395.0,30408.25,2335
2026-09-28 10:47:00-04:00,30372.75,30372.75,30400.5,30366.25,30400.5,4029
2026-09-28 10:48:00-04:00,30376.75,30376.75,30381.75,30356.75,30372.25,2894
2026-09-28 10:49:00-04:00,30386.75,30386.75,30392.75,30376.0,30377.25,2165
2026-09-28 10:50:00-04:00,30404.25,30404.25,30415.0,30381.0,30386.75,3510
2026-09-28 10:51:00-04:00,30386.5,30386.5,30408.0,30385.0,30403.5,2220
2026-09-28 10:52:00-04:00,30383.25,30383.25,30399.5,30378.25,30386.75,1720
2026-09-28 10:53:00-04:00,30383.5,30383.5,30398.75,30378.5,30383.5,1385
2026-09-28 10:54:00-04:00,30379.75,30379.75,30391.0,30373.5,30383.25,1793
2026-09-28 10:55:00-04:00,30372.25,30372.25,30384.25,30371.0,30379.5,1904
2026-09-28 10:56:00-04:00,30407.25,30407.25,30410.0,30373.5,30373.5,1913
2026-09-28 10:57:00-04:00,30412.25,30412.25,30417.5,30396.75,30407.75,1541
2026-09-28 10:58:00-04:00,30407.5,30407.5,30420.75,30399.75,30412.0,2102
2026-09-28 10:59:00-04:00,30410.0,30410.0,30410.25,30396.0,30407.25,1218
2026-09-28 11:00:00-04:00,30415.75,30415.75,30424.5,30404.75,30410.0,1815
2026-09-28 11:01:00-04:00,30421.75,30421.75,30434.5,30412.25,30415.0,2220
2026-09-28 11:02:00-04:00,30429.5,30429.5,30437.25,30423.0,30423.0,1292
2026-09-28 11:03:00-04:00,30445.0,30445.0,30446.25,30429.75,30430.25,1396
2026-09-28 11:04:00-04:00,30441.25,30441.25,30445.5,30435.0,30444.75,1045
2026-09-28 11:05:00-04:00,30443.5,30443.5,30449.75,30436.25,30441.75,1224
2026-09-28 11:06:00-04:00,30456.0,30456.0,30459.75,30428.75,30443.5,1724
2026-09-28 11:07:00-04:00,30480.5,30480.5,30481.75,30456.5,30456.5,1963
2026-09-28 11:08:00-04:00,30476.5,30476.5,30489.75,30473.75,30481.0,1513
2026-09-28 11:09:00-04:00,30491.75,30491.75,30492.5,30475.75,30476.75,1227
2026-09-28 11:10:00-04:00,30479.5,30479.5,30496.75,30478.75,30491.75,1661
2026-09-28 11:11:00-04:00,30488.75,30488.75,30498.75,30478.0,30479.25,1492
2026-09-28 11:12:00-04:00,30498.0,30498.0,30499.0,30484.0,30488.75,1089
2026-09-28 11:13:00-04:00,30491.5,30491.5,30502.5,30487.75,30498.0,1394
2026-09-28 11:14:00-04:00,30482.25,30482.25,30490.75,30474.75,30490.5,1170
2026-09-28 11:15:00-04:00,30473.25,30473.25,30483.75,30472.75,30482.75,935
2026-09-28 11:16:00-04:00,30461.5,30461.5,30473.5,30455.75,30473.25,1546
2026-09-28 11:17:00-04:00,30459.5,30459.5,30462.25,30447.75,30461.5,1322
2026-09-28 11:18:00-04:00,30459.0,30459.0,30466.5,30450.75,30459.75,1162
2026-09-28 11:19:00-04:00,30465.75,30465.75,30473.0,30452.75,30458.75,952
2026-09-28 11:20:00-04:00,30469.0,30469.0,30470.75,30458.25,30465.75,820
2026-09-28 11:21:00-04:00,30460.75,30460.75,30470.25,30454.0,30469.0,815
2026-09-28 11:22:00-04:00,30456.25,30456.25,30463.5,30453.25,30461.5,665
2026-09-28 11:23:00-04:00,30468.0,30468.0,30472.0,30455.25,30456.25,723
2026-09-28 11:24:00-04:00,30471.5,30471.5,30479.75,30462.25,30467.75,1130
2026-09-28 11:25:00-04:00,30485.25,30485.25,30494.25,30460.5,30472.0,2754
2026-09-28 11:26:00-04:00,30502.0,30502.0,30502.0,30478.25,30485.75,1362
2026-09-28 11:27:00-04:00,30493.75,30493.75,30502.25,30490.0,30502.0,884
2026-09-28 11:28:00-04:00,30490.5,30490.5,30498.25,30484.75,30494.0,746
2026-09-28 11:29:00-04:00,30494.25,30494.25,30498.25,30486.0,30491.0,849
2026-09-28 11:30:00-04:00,30494.5,30494.5,30498.25,30483.5,30494.25,1031
2026-09-28 11:31:00-04:00,30478.75,30478.75,30495.0,30472.75,30494.25,851
2026-09-28 11:32:00-04:00,30490.25,30490.25,30495.25,30477.5,30478.0,865
2026-09-28 11:33:00-04:00,30479.25,30479.25,30494.5,30476.0,30489.5,917
2026-09-28 11:34:00-04:00,30493.75,30493.75,30495.0,30477.25,30480.0,673
2026-09-28 11:35:00-04:00,30496.5,30496.5,30499.5,30486.25,30494.25,732
2026-09-28 11:36:00-04:00,30517.5,30517.5,30520.75,30495.75,30496.25,1970
2026-09-28 11:37:00-04:00,30517.75,30517.75,30523.5,30513.0,30517.5,1171
2026-09-28 11:38:00-04:00,30523.75,30523.75,30530.25,30515.0,30518.0,1107
2026-09-28 11:39:00-04:00,30526.5,30526.5,30531.25,30520.75,30524.5,978
2026-09-28 11:40:00-04:00,30495.25,30495.25,30528.75,30493.0,30526.75,1658
2026-09-28 11:41:00-04:00,30475.0,30475.0,30497.75,30473.25,30496.0,1447
2026-09-28 11:42:00-04:00,30471.0,30471.0,30482.25,30470.25,30475.5,1046
2026-09-28 11:43:00-04:00,30457.25,30457.25,30472.25,30456.75,30471.0,1251
2026-09-28 11:44:00-04:00,30473.5,30473.5,30474.25,30455.75,30457.5,982
2026-09-28 11:45:00-04:00,30472.25,30472.25,30474.0,30462.75,30474.0,810
2026-09-28 11:46:00-04:00,30474.0,30474.0,30481.5,30463.5,30472.5,922
2026-09-28 11:47:00-04:00,30480.0,30480.0,30482.75,30471.75,30474.25,566
2026-09-28 11:48:00-04:00,30480.75,30480.75,30487.5,30477.25,30479.75,544
2026-09-28 11:49:00-04:00,30484.0,30484.0,30490.75,30480.25,30481.0,679
2026-09-28 11:50:00-04:00,30491.0,30491.0,30500.0,30482.25,30484.25,911
2026-09-28 11:51:00-04:00,30483.75,30483.75,30491.25,30478.75,30490.75,771
2026-09-28 11:52:00-04:00,30481.75,30481.75,30489.75,30479.25,30484.75,635
2026-09-28 11:53:00-04:00,30490.25,30490.25,30493.5,30477.0,30482.0,704
2026-09-28 11:54:00-04:00,30506.5,30506.5,30507.0,30488.0,30490.5,1092
2026-09-28 11:55:00-04:00,30513.0,30513.0,30517.75,30506.0,30507.0,1106
2026-09-28 11:56:00-04:00,30522.25,30522.25,30525.0,30511.25,30513.5,729
2026-09-28 11:57:00-04:00,30516.25,30516.25,30525.0,30512.5,30522.0,906
2026-09-28 11:58:00-04:00,30519.5,30519.5,30523.0,30513.25,30517.0,992
2026-09-28 11:59:00-04:00,30522.25,30522.25,30528.0,30518.25,30519.25,675
2026-09-28 12:00:00-04:00,30511.5,30511.5,30525.75,30504.0,30522.25,1403
2026-09-28 12:01:00-04:00,30506.5,30506.5,30516.5,30500.5,30511.5,812
2026-09-28 12:02:00-04:00,30508.25,30508.25,30510.5,30503.5,30507.0,374
2026-09-28 12:03:00-04:00,30506.25,30506.25,30513.0,30501.5,30508.25,623
2026-09-28 12:04:00-04:00,30509.5,30509.5,30511.75,30502.75,30506.25,543
2026-09-28 12:05:00-04:00,30503.75,30503.75,30511.5,30499.75,30508.0,534
2026-09-28 12:06:00-04:00,30513.25,30513.25,30515.75,30498.5,30503.0,737
2026-09-28 12:07:00-04:00,30518.0,30518.0,30523.75,30509.75,30513.75,577
2026-09-28 12:08:00-04:00,30522.25,30522.25,30530.25,30516.5,30518.5,702
2026-09-28 12:09:00-04:00,30523.5,30523.5,30524.75,30514.25,30522.0,717
2026-09-28 12:10:00-04:00,30529.75,30529.75,30535.0,30522.0,30523.5,866
2026-09-28 12:11:00-04:00,30526.75,30526.75,30536.75,30525.5,30529.75,820
2026-09-28 12:12:00-04:00,30516.0,30516.0,30529.25,30510.5,30526.5,725
2026-09-28 12:13:00-04:00,30514.5,30514.5,30517.75,30509.5,30515.5,453
2026-09-28 12:14:00-04:00,30516.5,30516.5,30518.25,30512.25,30514.0,387
2026-09-28 12:15:00-04:00,30519.25,30519.25,30522.75,30511.0,30515.25,527
2026-09-28 12:16:00-04:00,30573.25,30573.25,30582.5,30514.0,30519.75,6286
2026-09-28 12:17:00-04:00,30570.75,30570.75,30591.25,30560.0,30573.25,3291
2026-09-28 12:18:00-04:00,30566.25,30566.25,30581.25,30566.0,30571.0,1743
2026-09-28 12:19:00-04:00,30574.75,30574.75,30575.75,30553.25,30565.75,1475
2026-09-28 12:20:00-04:00,30609.0,30609.0,30617.5,30565.0,30575.25,3159
2026-09-28 12:21:00-04:00,30617.75,30617.75,30627.5,30605.75,30610.0,2727
2026-09-28 12:22:00-04:00,30621.0,30621.0,30628.5,30613.25,30617.5,1952
2026-09-28 12:23:00-04:00,30618.75,30618.75,30627.5,30603.0,30618.25,1744
2026-09-28 12:24:00-04:00,30633.75,30633.75,30642.5,30613.5,30619.75,2940
2026-09-28 12:25:00-04:00,30652.5,30652.5,30655.5,30630.75,30633.75,2063
2026-09-28 12:26:00-04:00,30704.0,30704.0,30716.5,30647.75,30652.0,5243
2026-09-28 12:27:00-04:00,30709.5,30709.5,30722.0,30693.75,30704.25,4752
2026-09-28 12:28:00-04:00,30694.5,30694.5,30720.25,30688.25,30709.5,2603
2026-09-28 12:29:00-04:00,30683.5,30683.5,30706.75,30675.25,30694.75,2139
2026-09-28 12:30:00-04:00,30668.0,30668.0,30688.5,30658.0,30683.5,2043
2026-09-28 12:31:00-04:00,30668.5,30668.5,30672.5,30660.0,30666.5,1417
2026-09-28 12:32:00-04:00,30628.0,30628.0,30672.0,30624.0,30667.5,3490
2026-09-28 12:33:00-04:00,30645.75,30645.75,30650.0,30625.75,30628.25,2437
2026-09-28 12:34:00-04:00,30655.0,30655.0,30658.25,30642.25,30645.75,1316
2026-09-28 12:35:00-04:00,30656.25,30656.25,30663.5,30649.5,30654.5,1305
2026-09-28 12:36:00-04:00,30668.5,30668.5,30671.0,30654.75,30656.5,1291
2026-09-28 12:37:00-04:00,30662.25,30662.25,30670.5,30652.75,30668.75,1169
2026-09-28 12:38:00-04:00,30637.75,30637.75,30663.75,30634.75,30662.0,1332
2026-09-28 12:39:00-04:00,30635.5,30635.5,30638.5,30628.5,30637.5,1163
2026-09-28 12:40:00-04:00,30627.75,30627.75,30644.5,30626.0,30635.25,1384
2026-09-28 12:41:00-04:00,30608.0,30608.0,30628.75,30607.0,30627.75,1730
2026-09-28 12:42:00-04:00,30594.25,30594.25,30611.0,30593.75,30607.5,1219
2026-09-28 12:43:00-04:00,30598.25,30598.25,30603.75,30589.25,30594.5,1003
2026-09-28 12:44:00-04:00,30600.75,30600.75,30606.75,30594.75,30598.75,1098
2026-09-28 12:45:00-04:00,30606.0,30606.0,30624.25,30600.75,30600.75,2197
2026-09-28 12:46:00-04:00,30614.0,30614.0,30624.75,30599.25,30605.75,1244
2026-09-28 12:47:00-04:00,30610.0,30610.0,30619.0,30606.0,30613.0,932
2026-09-28 12:48:00-04:00,30594.5,30594.5,30609.0,30594.0,30609.0,749
2026-09-28 12:49:00-04:00,30604.0,30604.0,30605.5,30593.0,30594.5,655
2026-09-28 12:50:00-04:00,30598.75,30598.75,30613.5,30597.75,30604.0,968
2026-09-28 12:51:00-04:00,30598.5,30598.5,30603.0,30587.5,30598.75,1052
2026-09-28 12:52:00-04:00,30602.0,30602.0,30606.5,30588.75,30597.75,784
2026-09-28 12:53:00-04:00,30605.0,30605.0,30606.5,30594.5,30603.25,598
2026-09-28 12:54:00-04:00,30610.5,30610.5,30614.0,30604.0,30605.0,869
2026-09-28 12:55:00-04:00,30608.25,30608.25,30615.5,30605.25,30610.5,616
2026-09-28 12:56:00-04:00,30607.75,30607.75,30612.25,30602.75,30609.0,497
2026-09-28 12:57:00-04:00,30604.75,30604.75,30609.75,30600.0,30607.75,549
2026-09-28 12:58:00-04:00,30601.25,30601.25,30608.5,30600.0,30605.0,363
2026-09-28 12:59:00-04:00,30602.25,30602.25,30607.0,30595.25,30602.25,805
2026-09-28 13:00:00-04:00,30581.75,30581.75,30604.0,30576.5,30602.25,1537
2026-09-28 13:01:00-04:00,30592.0,30592.0,30596.5,30577.75,30582.25,854
2026-09-28 13:02:00-04:00,30584.5,30584.5,30595.0,30577.25,30593.5,763
2026-09-28 13:03:00-04:00,30583.5,30583.5,30588.0,30580.0,30583.5,577
2026-09-28 13:04:00-04:00,30588.25,30588.25,30593.0,30583.25,30584.0,612
2026-09-28 13:05:00-04:00,30578.5,30578.5,30592.0,30577.0,30589.0,678
2026-09-28 13:06:00-04:00,30582.5,30582.5,30584.5,30568.25,30578.25,1034
2026-09-28 13:07:00-04:00,30570.0,30570.0,30585.75,30568.75,30581.75,737
2026-09-28 13:08:00-04:00,30571.0,30571.0,30572.5,30564.25,30569.75,916
2026-09-28 13:09:00-04:00,30569.25,30569.25,30576.5,30566.0,30571.0,640
2026-09-28 13:10:00-04:00,30571.25,30571.25,30575.0,30567.25,30569.5,484
2026-09-28 13:11:00-04:00,30678.75,30678.75,30687.75,30570.75,30571.5,7748
2026-09-28 13:12:00-04:00,30662.75,30662.75,30694.0,30651.25,30679.25,5353
2026-09-28 13:13:00-04:00,30680.75,30680.75,30691.0,30658.0,30662.25,3355
2026-09-28 13:14:00-04:00,30691.75,30691.75,30692.25,30664.5,30681.0,2428
2026-09-28 13:15:00-04:00,30675.25,30675.25,30691.0,30647.25,30691.0,2183
2026-09-28 13:16:00-04:00,30672.75,30672.75,30681.75,30664.25,30675.0,1338
2026-09-28 13:17:00-04:00,30648.0,30648.0,30676.5,30633.75,30673.25,3311
2026-09-28 13:18:00-04:00,30623.75,30623.75,30650.75,30621.5,30648.0,2154
2026-09-28 13:19:00-04:00,30610.5,30610.5,30624.5,30606.0,30622.75,1444
2026-09-28 13:20:00-04:00,30608.75,30608.75,30612.0,30598.5,30611.0,1021
2026-09-28 13:21:00-04:00,30609.0,30609.0,30616.0,30605.75,30607.75,800
2026-09-28 13:22:00-04:00,30613.25,30613.25,30621.5,30607.5,30608.75,945
2026-09-28 13:23:00-04:00,30618.25,30618.25,30628.25,30612.5,30613.25,937
2026-09-28 13:24:00-04:00,30626.25,30626.25,30632.0,30617.5,30618.5,733
2026-09-28 13:25:00-04:00,30630.5,30630.5,30636.0,30623.0,30626.75,920
2026-09-28 13:26:00-04:00,30604.25,30604.25,30631.0,30603.5,30630.5,1062
2026-09-28 13:27:00-04:00,30607.0,30607.0,30611.0,30601.25,30604.5,777
2026-09-28 13:28:00-04:00,30614.5,30614.5,30616.75,30608.0,30608.25,666
2026-09-28 13:29:00-04:00,30614.0,30614.0,30620.75,30610.25,30614.5,770
2026-09-28 13:30:00-04:00,30623.25,30623.25,30627.25,30613.25,30613.5,581
2026-09-28 13:31:00-04:00,30635.5,30635.5,30637.0,30621.25,30623.0,1061
2026-09-28 13:32:00-04:00,30638.25,30638.25,30645.0,30634.5,30635.25,714
2026-09-28 13:33:00-04:00,30628.25,30628.25,30641.5,30627.75,30637.5,697
2026-09-28 13:34:00-04:00,30633.0,30633.0,30635.0,30620.75,30628.25,668
2026-09-28 13:35:00-04:00,30639.5,30639.5,30641.0,30629.25,30633.0,449
2026-09-28 13:36:00-04:00,30640.0,30640.0,30644.0,30633.75,30640.0,414
2026-09-28 13:37:00-04:00,30619.0,30619.0,30644.75,30616.5,30640.75,841
2026-09-28 13:38:00-04:00,30630.5,30630.5,30633.75,30617.0,30618.75,440
2026-09-28 13:39:00-04:00,30629.75,30629.75,30633.25,30627.0,30630.75,222
2026-09-28 13:40:00-04:00,30630.25,30630.25,30635.25,30626.0,30630.0,290
2026-09-28 13:41:00-04:00,30633.75,30633.75,30636.25,30626.0,30630.75,313
2026-09-28 13:42:00-04:00,30624.0,30624.0,30633.5,30615.5,30633.25,571
2026-09-28 13:43:00-04:00,30624.75,30624.75,30627.5,30621.75,30624.0,266
2026-09-28 13:44:00-04:00,30624.5,30624.5,30627.0,30619.75,30624.5,265
2026-09-28 13:45:00-04:00,30624.75,30624.75,30636.5,30622.0,30624.75,445
2026-09-28 13:46:00-04:00,30628.5,30628.5,30629.5,30621.25,30624.5,313
2026-09-28 13:47:00-04:00,30619.75,30619.75,30628.5,30619.5,30628.5,376
2026-09-28 13:48:00-04:00,30639.75,30639.75,30640.25,30618.75,30619.5,550
2026-09-28 13:49:00-04:00,30636.0,30636.0,30640.25,30625.75,30639.5,581
2026-09-28 13:50:00-04:00,30629.5,30629.5,30637.75,30629.25,30635.0,410
2026-09-28 13:51:00-04:00,30632.5,30632.5,30633.25,30622.5,30629.25,428
2026-09-28 13:52:00-04:00,30627.75,30627.75,30636.25,30627.75,30632.75,357
2026-09-28 13:53:00-04:00,30626.25,30626.25,30631.75,30626.0,30628.25,299
2026-09-28 13:54:00-04:00,30629.75,30629.75,30633.75,30626.0,30626.0,395
2026-09-28 13:55:00-04:00,30627.0,30627.0,30632.25,30611.25,30630.25,1342
2026-09-28 13:56:00-04:00,30622.75,30622.75,30628.0,30620.25,30626.25,554
2026-09-28 13:57:00-04:00,30620.75,30620.75,30627.25,30620.0,30622.0,374
2026-09-28 13:58:00-04:00,30623.75,30623.75,30631.75,30618.25,30621.25,581
2026-09-28 13:59:00-04:00,30625.75,30625.75,30627.25,30620.75,30624.5,275
2026-09-28 14:00:00-04:00,30616.5,30616.5,30631.75,30613.25,30625.75,660
2026-09-28 14:01:00-04:00,30614.0,30614.0,30618.75,30602.25,30616.5,891
2026-09-28 14:02:00-04:00,30628.0,30628.0,30629.5,30612.0,30613.5,629
2026-09-28 14:03:00-04:00,30630.0,30630.0,30633.25,30625.0,30627.75,536
2026-09-28 14:04:00-04:00,30638.0,30638.0,30641.0,30629.75,30629.75,680
2026-09-28 14:05:00-04:00,30639.25,30639.25,30643.25,30632.5,30638.5,586
2026-09-28 14:06:00-04:00,30631.0,30631.0,30641.0,30628.5,30639.25,476
2026-09-28 14:07:00-04:00,30628.0,30628.0,30632.75,30622.0,30631.5,594
2026-09-28 14:08:00-04:00,30630.25,30630.25,30631.25,30623.0,30628.0,282
2026-09-28 14:09:00-04:00,30629.5,30629.5,30634.0,30626.5,30629.75,343
2026-09-28 14:10:00-04:00,30635.5,30635.5,30641.5,30629.0,30629.5,527
2026-09-28 14:11:00-04:00,30637.75,30637.75,30639.75,30631.5,30636.0,321
2026-09-28 14:12:00-04:00,30635.25,30635.25,30645.5,30633.75,30639.5,575
2026-09-28 14:13:00-04:00,30631.75,30631.75,30634.0,30628.5,30633.75,275
2026-09-28 14:14:00-04:00,30638.25,30638.25,30640.0,30632.0,30632.5,252
2026-09-28 14:15:00-04:00,30639.75,30639.75,30646.25,30636.25,30639.25,410
2026-09-28 14:16:00-04:00,30642.5,30642.5,30643.0,30636.5,30639.5,292
2026-09-28 14:17:00-04:00,30626.5,30626.5,30645.0,30625.75,30643.25,438
2026-09-28 14:18:00-04:00,30628.25,30628.25,30633.0,30621.25,30626.0,637
2026-09-28 14:19:00-04:00,30620.25,30620.25,30629.5,30620.25,30627.75,362
2026-09-28 14:20:00-04:00,30621.75,30621.75,30626.75,30620.75,30620.75,272
2026-09-28 14:21:00-04:00,30628.75,30628.75,30629.25,30621.25,30622.0,283
2026-09-28 14:22:00-04:00,30629.75,30629.75,30632.5,30626.0,30627.75,246
2026-09-28 14:23:00-04:00,30613.25,30613.25,30630.0,30611.75,30629.5,590
2026-09-28 14:24:00-04:00,30614.25,30614.25,30614.75,30605.0,30612.5,526
2026-09-28 14:25:00-04:00,30617.75,30617.75,30618.5,30613.0,30614.5,456
2026-09-28 14:26:00-04:00,30620.75,30620.75,30623.25,30616.5,30617.25,304
2026-09-28 14:27:00-04:00,30620.0,30620.0,30626.75,30619.75,30620.5,291
2026-09-28 14:28:00-04:00,30621.75,30621.75,30627.0,30618.75,30621.0,378
2026-09-28 14:29:00-04:00,30621.0,30621.0,30622.75,30617.75,30621.5,280
2026-09-28 14:30:00-04:00,30618.75,30618.75,30631.75,30610.5,30621.0,1327
2026-09-28 14:31:00-04:00,30609.25,30609.25,30619.0,30602.25,30618.5,732
2026-09-28 14:32:00-04:00,30604.5,30604.5,30609.75,30600.75,30608.5,524
2026-09-28 14:33:00-04:00,30607.5,30607.5,30610.5,30603.75,30604.5,591
2026-09-28 14:34:00-04:00,30614.5,30614.5,30618.0,30605.75,30607.75,439
2026-09-28 14:35:00-04:00,30614.25,30614.25,30616.0,30610.25,30614.25,300
2026-09-28 14:36:00-04:00,30612.0,30612.0,30615.0,30606.0,30613.75,363
2026-09-28 14:37:00-04:00,30610.25,30610.25,30616.0,30609.5,30612.5,259
2026-09-28 14:38:00-04:00,30597.5,30597.5,30612.5,30596.75,30610.75,707
2026-09-28 14:39:00-04:00,30585.0,30585.0,30597.25,30578.75,30597.0,1079
2026-09-28 14:40:00-04:00,30598.0,30598.0,30598.75,30581.5,30585.5,1159
2026-09-28 14:41:00-04:00,30606.5,30606.5,30608.5,30596.75,30597.75,902
2026-09-28 14:42:00-04:00,30604.5,30604.5,30611.0,30599.5,30606.5,528
2026-09-28 14:43:00-04:00,30614.75,30614.75,30614.75,30604.25,30604.75,541
2026-09-28 14:44:00-04:00,30625.75,30625.75,30627.0,30613.0,30615.0,870
2026-09-28 14:45:00-04:00,30620.5,30620.5,30627.75,30620.0,30625.5,621
2026-09-28 14:46:00-04:00,30621.0,30621.0,30625.5,30616.5,30620.75,493
2026-09-28 14:47:00-04:00,30623.5,30623.5,30623.5,30610.0,30620.75,431
2026-09-28 14:48:00-04:00,30625.75,30625.75,30632.75,30611.75,30622.75,1318
2026-09-28 14:49:00-04:00,30632.0,30632.0,30638.0,30618.25,30626.25,854
2026-09-28 14:50:00-04:00,30630.25,30630.25,30636.75,30627.25,30632.75,610
2026-09-28 14:51:00-04:00,30633.25,30633.25,30633.25,30621.0,30629.75,443
2026-09-28 14:52:00-04:00,30634.5,30634.5,30640.0,30632.0,30633.25,376
2026-09-28 14:53:00-04:00,30633.75,30633.75,30650.0,30630.25,30634.75,1445
2026-09-28 14:54:00-04:00,30638.25,30638.25,30640.0,30622.5,30634.75,744
2026-09-28 14:55:00-04:00,30638.75,30638.75,30640.75,30630.0,30638.0,715
2026-09-28 14:56:00-04:00,30639.25,30639.25,30644.0,30636.0,30638.75,731
2026-09-28 14:57:00-04:00,30637.5,30637.5,30643.75,30635.5,30639.25,453
2026-09-28 14:58:00-04:00,30645.0,30645.0,30649.75,30635.75,30637.25,606
2026-09-28 14:59:00-04:00,30637.75,30637.75,30645.5,30636.0,30644.0,508
2026-09-28 15:00:00-04:00,30616.5,30616.5,30641.25,30612.0,30639.25,1105
2026-09-28 15:01:00-04:00,30606.5,30606.5,30617.75,30606.25,30616.25,663
2026-09-28 15:02:00-04:00,30602.5,30602.5,30609.25,30597.25,30606.25,1452
2026-09-28 15:03:00-04:00,30613.25,30613.25,30617.5,30599.0,30602.75,850
2026-09-28 15:04:00-04:00,30615.75,30615.75,30618.0,30611.25,30613.25,436
2026-09-28 15:05:00-04:00,30615.5,30615.5,30620.75,30613.5,30614.75,436
2026-09-28 15:06:00-04:00,30600.0,30600.0,30618.25,30597.5,30615.75,755
2026-09-28 15:07:00-04:00,30599.5,30599.5,30605.0,30593.75,30600.25,738
2026-09-28 15:08:00-04:00,30597.25,30597.25,30602.25,30594.75,30599.25,537
2026-09-28 15:09:00-04:00,30594.5,30594.5,30601.0,30593.5,30597.0,390
2026-09-28 15:10:00-04:00,30591.0,30591.0,30595.25,30584.75,30594.75,760
2026-09-28 15:11:00-04:00,30586.5,30586.5,30595.5,30586.0,30591.0,478
2026-09-28 15:12:00-04:00,30589.0,30589.0,30591.25,30583.5,30586.0,444
2026-09-28 15:13:00-04:00,30578.75,30578.75,30594.25,30576.0,30589.25,1012
2026-09-28 15:14:00-04:00,30576.75,30576.75,30580.0,30573.5,30578.25,669
2026-09-28 15:15:00-04:00,30578.25,30578.25,30580.75,30568.75,30576.5,1026
2026-09-28 15:16:00-04:00,30582.0,30582.0,30591.0,30575.75,30578.5,1124
2026-09-28 15:17:00-04:00,30591.0,30591.0,30591.0,30579.0,30582.0,725
2026-09-28 15:18:00-04:00,30591.75,30591.75,30595.0,30588.0,30591.25,599
2026-09-28 15:19:00-04:00,30587.25,30587.25,30593.5,30583.0,30592.0,493
2026-09-28 15:20:00-04:00,30589.25,30589.25,30594.5,30586.5,30588.25,518
2026-09-28 15:21:00-04:00,30597.25,30597.25,30601.5,30583.0,30589.25,766
2026-09-28 15:22:00-04:00,30593.75,30593.75,30598.0,30587.75,30597.5,546
2026-09-28 15:23:00-04:00,30591.75,30591.75,30596.0,30587.75,30593.5,335
2026-09-28 15:24:00-04:00,30596.5,30596.5,30596.75,30589.5,30592.5,281
2026-09-28 15:25:00-04:00,30602.0,30602.0,30605.0,30591.25,30595.75,1621
2026-09-28 15:26:00-04:00,30603.25,30603.25,30605.75,30597.0,30602.0,563
2026-09-28 15:27:00-04:00,30596.5,30596.5,30604.0,30592.5,30603.0,501
2026-09-28 15:28:00-04:00,30601.0,30601.0,30602.5,30589.75,30596.25,955
2026-09-28 15:29:00-04:00,30596.25,30596.25,30600.75,30589.0,30600.5,505
2026-09-28 15:30:00-04:00,30576.25,30576.25,30598.5,30576.0,30595.75,948
2026-09-28 15:31:00-04:00,30582.75,30582.75,30584.0,30574.5,30575.75,670
2026-09-28 15:32:00-04:00,30584.75,30584.75,30597.0,30573.25,30583.5,1334
2026-09-28 15:33:00-04:00,30584.0,30584.0,30596.75,30578.25,30585.75,904
2026-09-28 15:34:00-04:00,30587.75,30587.75,30592.75,30576.5,30583.75,702
2026-09-28 15:35:00-04:00,30581.75,30581.75,30593.5,30579.0,30587.75,578
2026-09-28 15:36:00-04:00,30570.5,30570.5,30582.0,30568.25,30582.0,695
2026-09-28 15:37:00-04:00,30564.0,30564.0,30572.0,30561.0,30571.25,697
2026-09-28 15:38:00-04:00,30554.25,30554.25,30566.25,30553.25,30564.0,690
2026-09-28 15:39:00-04:00,30545.25,30545.25,30554.5,30541.0,30553.75,1558
2026-09-28 15:40:00-04:00,30548.75,30548.75,30553.5,30545.75,30545.75,821
2026-09-28 15:41:00-04:00,30556.75,30556.75,30562.0,30548.75,30549.0,823
2026-09-28 15:42:00-04:00,30563.5,30563.5,30566.5,30552.5,30556.5,884
2026-09-28 15:43:00-04:00,30557.0,30557.0,30566.0,30556.75,30563.75,663
2026-09-28 15:44:00-04:00,30560.5,30560.5,30562.25,30555.5,30557.5,365
2026-09-28 15:45:00-04:00,30567.25,30567.25,30567.75,30558.0,30561.0,712
2026-09-28 15:46:00-04:00,30570.0,30570.0,30574.25,30565.0,30567.25,865
2026-09-28 15:47:00-04:00,30571.75,30571.75,30575.25,30565.5,30570.0,528
2026-09-28 15:48:00-04:00,30566.75,30566.75,30572.0,30559.75,30572.0,726
2026-09-28 15:49:00-04:00,30557.25,30557.25,30567.0,30553.5,30566.75,760
2026-09-28 15:50:00-04:00,30551.25,30551.25,30573.0,30546.5,30557.0,2054
2026-09-28 15:51:00-04:00,30564.25,30564.25,30568.25,30550.25,30551.25,889
2026-09-28 15:52:00-04:00,30551.5,30551.5,30564.75,30550.0,30564.75,758
2026-09-28 15:53:00-04:00,30549.25,30549.25,30555.5,30546.25,30550.75,881
2026-09-28 15:54:00-04:00,30536.75,30536.75,30550.0,30534.75,30549.25,1952
2026-09-28 15:55:00-04:00,30544.25,30544.25,30553.75,30535.0,30536.5,2235
2026-09-28 15:56:00-04:00,30550.75,30550.75,30553.5,30541.75,30544.0,1103
2026-09-28 15:57:00-04:00,30563.75,30563.75,30564.0,30547.75,30550.5,1434
2026-09-28 15:58:00-04:00,30574.0,30574.0,30575.25,30559.0,30564.0,2444
2026-09-28 15:59:00-04:00,30566.75,30566.75,30575.75,30559.0,30573.5,9984
2026-09-28 16:00:00-04:00,30571.75,30571.75,30576.0,30565.75,30567.0,2471
2026-09-28 16:01:00-04:00,30567.0,30567.0,30575.75,30566.5,30572.0,723
2026-09-28 16:02:00-04:00,30571.25,30571.25,30571.5,30564.25,30566.5,407
2026-09-28 16:03:00-04:00,30565.75,30565.75,30575.25,30565.75,30571.0,335
2026-09-28 16:04:00-04:00,30573.0,30573.0,30578.0,30564.75,30565.0,418
2026-09-28 16:05:00-04:00,30565.5,30565.5,30573.75,30561.5,30573.25,446
2026-09-28 16:06:00-04:00,30572.5,30572.5,30574.5,30565.25,30566.0,195
2026-09-28 16:07:00-04:00,30565.5,30565.5,30572.75,30564.75,30571.75,192
2026-09-28 16:08:00-04:00,30554.5,30554.5,30564.75,30552.5,30564.75,387
2026-09-28 16:09:00-04:00,30560.75,30560.75,30561.0,30553.0,30554.75,414
2026-09-28 16:10:00-04:00,30559.0,30559.0,30563.5,30557.0,30560.5,242
2026-09-28 16:11:00-04:00,30556.0,30556.0,30561.5,30555.75,30559.25,135
2026-09-28 16:12:00-04:00,30552.75,30552.75,30556.25,30548.25,30556.0,264
2026-09-28 16:13:00-04:00,30558.0,30558.0,30559.0,30551.0,30552.75,274
2026-09-28 16:14:00-04:00,30557.5,30557.5,30562.25,30557.0,30558.5,243
2026-09-28 16:15:00-04:00,30557.0,30557.0,30562.0,30553.0,30557.5,609
2026-09-28 16:16:00-04:00,30555.75,30555.75,30557.0,30553.0,30556.25,113
2026-09-28 16:17:00-04:00,30556.25,30556.25,30558.5,30554.25,30555.5,86
2026-09-28 16:18:00-04:00,30557.25,30557.25,30558.0,30554.25,30556.25,52
2026-09-28 16:19:00-04:00,30559.5,30559.5,30560.0,30557.5,30557.75,80
2026-09-28 16:20:00-04:00,30560.5,30560.5,30561.5,30558.75,30560.0,63
2026-09-28 16:21:00-04:00,30561.75,30561.75,30563.75,30559.25,30561.25,102
2026-09-28 16:22:00-04:00,30563.25,30563.25,30564.5,30562.0,30562.75,101
2026-09-28 16:23:00-04:00,30562.25,30562.25,30564.25,30561.75,30563.0,44
2026-09-28 16:24:00-04:00,30560.75,30560.75,30562.0,30559.75,30562.0,70
2026-09-28 16:25:00-04:00,30560.0,30560.0,30560.5,30558.25,30560.5,73
2026-09-28 16:26:00-04:00,30563.0,30563.0,30563.75,30560.0,30560.0,42
2026-09-28 16:27:00-04:00,30565.5,30565.5,30567.0,30563.25,30563.25,167
2026-09-28 16:28:00-04:00,30563.5,30563.5,30565.75,30562.5,30565.0,103
2026-09-28 16:29:00-04:00,30564.25,30564.25,30566.75,30562.5,30563.25,141
2026-09-28 16:30:00-04:00,30563.0,30563.0,30564.0,30560.5,30564.0,100
2026-09-28 16:31:00-04:00,30561.5,30561.5,30564.75,30560.75,30562.75,152
2026-09-28 16:32:00-04:00,30562.0,30562.0,30562.75,30560.75,30561.75,64
2026-09-28 16:33:00-04:00,30562.25,30562.25,30563.5,30561.75,30561.75,77
2026-09-28 16:34:00-04:00,30562.0,30562.0,30566.0,30561.5,30562.25,77
2026-09-28 16:35:00-04:00,30562.25,30562.25,30563.25,30561.5,30561.75,46
2026-09-28 16:36:00-04:00,30558.25,30558.25,30563.0,30558.0,30562.75,85
2026-09-28 16:37:00-04:00,30557.25,30557.25,30559.5,30553.75,30558.0,217
2026-09-28 16:38:00-04:00,30558.5,30558.5,30559.25,30556.0,30557.0,80
2026-09-28 16:39:00-04:00,30557.75,30557.75,30560.25,30557.0,30558.0,104
2026-09-28 16:40:00-04:00,30559.25,30559.25,30562.0,30558.25,30558.25,115
2026-09-28 16:41:00-04:00,30557.5,30557.5,30561.75,30557.25,30559.25,149
2026-09-28 16:42:00-04:00,30553.25,30553.25,30558.75,30553.0,30557.5,133
2026-09-28 16:43:00-04:00,30554.75,30554.75,30554.75,30550.75,30553.5,95
2026-09-28 16:44:00-04:00,30551.0,30551.0,30556.75,30550.5,30554.75,130
2026-09-28 16:45:00-04:00,30550.5,30550.5,30552.25,30548.75,30551.25,118
2026-09-28 16:46:00-04:00,30551.5,30551.5,30554.5,30550.75,30550.75,138
2026-09-28 16:47:00-04:00,30549.5,30549.5,30553.0,30547.25,30552.5,222
2026-09-28 16:48:00-04:00,30545.75,30545.75,30548.75,30545.25,30548.5,79
2026-09-28 16:49:00-04:00,30544.75,30544.75,30547.25,30540.75,30546.0,242
2026-09-28 16:50:00-04:00,30541.0,30541.0,30545.25,30539.5,30543.75,85
2026-09-28 16:51:00-04:00,30537.25,30537.25,30540.75,30533.0,30539.5,117
2026-09-28 16:52:00-04:00,30539.25,30539.25,30539.75,30535.5,30537.0,69
2026-09-28 16:53:00-04:00,30540.75,30540.75,30540.75,30538.5,30539.75,70
2026-09-28 16:54:00-04:00,30541.75,30541.75,30543.0,30537.75,30540.25,240
2026-09-28 16:55:00-04:00,30552.75,30552.75,30552.75,30540.75,30541.75,142
2026-09-28 16:56:00-04:00,30558.25,30558.25,30559.0,30551.0,30552.75,158
2026-09-28 16:57:00-04:00,30557.0,30557.0,30562.0,30556.0,30558.5,158
2026-09-28 16:58:00-04:00,30566.0,30566.0,30566.5,30557.0,30557.75,107
2026-09-28 16:59:00-04:00,30556.75,30556.75,30565.75,30555.75,30565.75,326
2026-09-28 18:00:00-04:00,30555.25,30555.25,30589.0,30554.0,30560.5,0
2026-09-28 18:01:00-04:00,30552.75,30552.75,30560.25,30543.5,30556.75,258
2026-09-28 18:02:00-04:00,30553.0,30553.0,30555.0,30545.5,30554.5,70
2026-09-28 18:03:00-04:00,30540.25,30540.25,30554.5,30540.0,30554.5,80
2026-09-28 18:04:00-04:00,30550.0,30550.0,30558.25,30536.25,30542.0,167
2026-09-28 18:05:00-04:00,30553.5,30553.5,30558.0,30542.5,30550.0,271
2026-09-28 18:06:00-04:00,30575.5,30575.5,30579.75,30554.75,30554.75,334
2026-09-28 18:07:00-04:00,30589.75,30589.75,30592.75,30578.5,30578.75,196
2026-09-28 18:08:00-04:00,30590.25,30590.25,30594.5,30585.0,30591.0,90
2026-09-28 18:09:00-04:00,30589.5,30589.5,30590.25,30575.25,30589.25,181
2026-09-28 18:10:00-04:00,30584.0,30584.0,30596.25,30581.0,30590.25,143
2026-09-28 18:11:00-04:00,30589.75,30589.75,30591.75,30582.0,30585.5,53
2026-09-28 18:12:00-04:00,30596.5,30596.5,30597.0,30588.75,30591.75,64
2026-09-28 18:13:00-04:00,30602.25,30602.25,30603.5,30594.25,30595.75,171
2026-09-28 18:14:00-04:00,30601.75,30601.75,30616.0,30599.75,30602.75,291
2026-09-28 18:15:00-04:00,30595.5,30595.5,30602.25,30595.5,30602.25,64
2026-09-28 18:16:00-04:00,30607.75,30607.75,30612.25,30593.0,30597.0,121
2026-09-28 18:17:00-04:00,30604.75,30604.75,30610.75,30596.75,30609.0,220
2026-09-28 18:18:00-04:00,30604.5,30604.5,30608.25,30599.5,30604.0,62
2026-09-28 18:19:00-04:00,30602.75,30602.75,30608.5,30602.0,30603.0,19
2026-09-28 18:20:00-04:00,30599.75,30599.75,30603.75,30595.5,30600.0,84
2026-09-28 18:21:00-04:00,30600.75,30600.75,30600.75,30599.0,30599.25,13
2026-09-28 18:22:00-04:00,30596.5,30596.5,30601.0,30592.5,30600.75,52
2026-09-28 18:23:00-04:00,30596.5,30596.5,30598.25,30590.75,30594.5,53
2026-09-28 18:24:00-04:00,30597.25,30597.25,30597.25,30595.25,30596.0,9
2026-09-28 18:25:00-04:00,30592.75,30592.75,30596.5,30591.75,30596.25,37
2026-09-28 18:26:00-04:00,30597.75,30597.75,30599.0,30591.75,30592.0,36
2026-09-28 18:27:00-04:00,30599.25,30599.25,30602.0,30597.25,30597.25,28
2026-09-28 18:28:00-04:00,30597.75,30597.75,30601.0,30596.5,30600.75,24
2026-09-28 18:29:00-04:00,30598.5,30598.5,30601.0,30595.75,30596.75,32
2026-09-28 18:30:00-04:00,30595.75,30595.75,30598.5,30593.25,30598.5,25
2026-09-28 18:31:00-04:00,30589.0,30589.0,30594.25,30587.0,30593.5,122
2026-09-28 18:32:00-04:00,30594.25,30594.25,30600.5,30587.5,30587.5,91
2026-09-28 18:33:00-04:00,30593.5,30593.5,30595.5,30592.0,30594.25,33
2026-09-28 18:34:00-04:00,30592.75,30592.75,30594.25,30590.5,30591.5,10
2026-09-28 18:35:00-04:00,30593.5,30593.5,30593.5,30591.0,30592.75,8
2026-09-28 18:36:00-04:00,30591.75,30591.75,30595.75,30591.75,30594.25,24
2026-09-28 18:37:00-04:00,30600.0,30600.0,30600.0,30591.5,30591.5,61
2026-09-28 18:38:00-04:00,30599.0,30599.0,30601.75,30597.0,30600.25,80
2026-09-28 18:39:00-04:00,30597.5,30597.5,30600.25,30596.75,30598.5,13
2026-09-28 18:40:00-04:00,30596.75,30596.75,30597.5,30593.75,30596.5,21
2026-09-28 18:41:00-04:00,30598.25,30598.25,30601.25,30597.0,30597.0,76
2026-09-28 18:42:00-04:00,30597.75,30597.75,30600.25,30597.75,30598.75,10
2026-09-28 18:43:00-04:00,30599.25,30599.25,30601.0,30597.0,30597.0,45
2026-09-28 18:44:00-04:00,30598.5,30598.5,30600.25,30596.5,30600.0,16
2026-09-28 18:45:00-04:00,30599.75,30599.75,30599.75,30597.75,30598.25,21
2026-09-28 18:46:00-04:00,30598.5,30598.5,30599.75,30597.75,30597.75,6
2026-09-28 18:47:00-04:00,30596.5,30596.5,30598.0,30595.0,30598.0,22
2026-09-28 18:48:00-04:00,30593.75,30593.75,30595.0,30591.0,30595.0,45
2026-09-28 18:49:00-04:00,30594.0,30594.0,30595.0,30591.75,30593.25,21
2026-09-28 18:50:00-04:00,30599.5,30599.5,30600.5,30593.0,30593.0,56
2026-09-28 18:51:00-04:00,30601.0,30601.0,30605.0,30597.5,30597.75,168
2026-09-28 18:52:00-04:00,30599.75,30599.75,30602.0,30596.75,30601.5,39
2026-09-28 18:53:00-04:00,30599.0,30599.0,30599.25,30596.5,30599.0,35
2026-09-28 18:54:00-04:00,30598.25,30598.25,30599.5,30595.75,30599.25,30
2026-09-28 18:55:00-04:00,30598.25,30598.25,30600.0,30596.75,30599.25,20
2026-09-28 18:56:00-04:00,30599.0,30599.0,30600.5,30597.25,30598.5,15
2026-09-28 18:57:00-04:00,30599.75,30599.75,30599.75,30596.75,30599.0,30
2026-09-28 18:58:00-04:00,30597.75,30597.75,30600.25,30596.5,30600.25,24
2026-09-28 18:59:00-04:00,30599.75,30599.75,30605.75,30597.0,30597.0,68
2026-09-28 19:00:00-04:00,30596.25,30596.25,30601.0,30594.25,30598.5,41
2026-09-28 19:01:00-04:00,30595.25,30595.25,30598.5,30593.75,30596.0,33
2026-09-28 19:02:00-04:00,30596.75,30596.75,30597.25,30592.75,30594.5,23
2026-09-28 19:03:00-04:00,30597.75,30597.75,30598.0,30594.0,30595.0,22
2026-09-28 19:04:00-04:00,30595.0,30595.0,30597.5,30595.0,30597.5,5
2026-09-28 19:05:00-04:00,30597.75,30597.75,30597.75,30595.0,30595.0,4
2026-09-28 19:06:00-04:00,30595.0,30595.0,30597.75,30595.0,30597.5,17
2026-09-28 19:07:00-04:00,30593.75,30593.75,30597.5,30593.25,30595.5,33
2026-09-28 19:08:00-04:00,30596.75,30596.75,30596.75,30591.5,30593.75,28
2026-09-28 19:09:00-04:00,30596.75,30596.75,30597.75,30596.0,30596.75,12
2026-09-28 19:10:00-04:00,30597.5,30597.5,30597.5,30596.25,30596.25,13
2026-09-28 19:11:00-04:00,30596.0,30596.0,30596.0,30595.0,30595.5,5
2026-09-28 19:12:00-04:00,30595.75,30595.75,30596.0,30594.5,30595.25,15
2026-09-28 19:13:00-04:00,30593.0,30593.0,30597.75,30593.0,30596.5,25
2026-09-28 19:14:00-04:00,30593.5,30593.5,30595.0,30591.75,30593.5,16
2026-09-28 19:15:00-04:00,30594.0,30594.0,30595.5,30594.0,30595.0,8
2026-09-28 19:16:00-04:00,30595.25,30595.25,30596.0,30593.75,30594.0,11
2026-09-28 19:17:00-04:00,30596.25,30596.25,30597.75,30595.5,30596.25,30
2026-09-28 19:18:00-04:00,30598.25,30598.25,30598.25,30595.25,30595.75,16
2026-09-28 19:19:00-04:00,30594.0,30594.0,30599.0,30594.0,30599.0,9
2026-09-28 19:20:00-04:00,30597.0,30597.0,30597.25,30595.25,30595.25,7
2026-09-28 19:21:00-04:00,30598.0,30598.0,30598.25,30596.5,30597.75,11
2026-09-28 19:22:00-04:00,30602.75,30602.75,30603.5,30597.75,30597.75,82
2026-09-28 19:23:00-04:00,30608.75,30608.75,30612.25,30603.25,30603.25,126
2026-09-28 19:24:00-04:00,30608.25,30608.25,30611.25,30607.75,30608.75,72
2026-09-28 19:25:00-04:00,30607.0,30607.0,30609.0,30605.25,30608.5,71
2026-09-28 19:26:00-04:00,30606.5,30606.5,30608.5,30604.25,30608.25,41
2026-09-28 19:27:00-04:00,30607.0,30607.0,30607.75,30605.0,30606.5,22
2026-09-28 19:28:00-04:00,30603.5,30603.5,30606.0,30602.0,30606.0,41
2026-09-28 19:29:00-04:00,30607.25,30607.25,30609.0,30603.0,30603.5,55
2026-09-28 19:30:00-04:00,30607.25,30607.25,30610.75,30605.0,30606.75,72
2026-09-28 19:31:00-04:00,30603.25,30603.25,30608.5,30601.0,30608.5,55
2026-09-28 19:32:00-04:00,30604.25,30604.25,30607.25,30602.75,30603.5,37
2026-09-28 19:33:00-04:00,30599.0,30599.0,30603.75,30598.25,30601.25,39
2026-09-28 19:34:00-04:00,30598.5,30598.5,30599.75,30593.5,30599.0,66
2026-09-28 19:35:00-04:00,30599.5,30599.5,30599.75,30598.0,30599.5,12
2026-09-28 19:36:00-04:00,30591.5,30591.5,30600.25,30590.25,30599.25,75
2026-09-28 19:37:00-04:00,30593.75,30593.75,30596.0,30592.25,30593.5,24
2026-09-28 19:38:00-04:00,30600.75,30600.75,30601.5,30594.5,30595.0,51
2026-09-28 19:39:00-04:00,30605.25,30605.25,30605.75,30600.5,30600.75,34
2026-09-28 19:40:00-04:00,30609.0,30609.0,30612.0,30605.0,30605.25,80
2026-09-28 19:41:00-04:00,30608.25,30608.25,30610.25,30605.75,30608.5,30
2026-09-28 19:42:00-04:00,30603.5,30603.5,30606.5,30601.5,30605.75,33
2026-09-28 19:43:00-04:00,30602.5,30602.5,30602.75,30600.0,30602.0,20
2026-09-28 19:44:00-04:00,30601.75,30601.75,30603.0,30601.0,30601.5,21
2026-09-28 19:45:00-04:00,30582.0,30582.0,30604.0,30581.0,30602.75,313
2026-09-28 19:46:00-04:00,30584.5,30584.5,30588.25,30579.25,30582.5,194
2026-09-28 19:47:00-04:00,30586.75,30586.75,30587.25,30582.0,30583.25,50
2026-09-28 19:48:00-04:00,30569.5,30569.5,30587.5,30568.25,30587.5,158
2026-09-28 19:49:00-04:00,30576.5,30576.5,30577.5,30568.0,30569.5,107
2026-09-28 19:50:00-04:00,30576.0,30576.0,30577.75,30570.5,30576.5,74
2026-09-28 19:51:00-04:00,30579.75,30579.75,30583.5,30576.0,30576.0,85
2026-09-28 19:52:00-04:00,30582.5,30582.5,30585.25,30581.5,30582.0,77
2026-09-28 19:53:00-04:00,30583.25,30583.25,30584.0,30581.75,30583.5,18
2026-09-28 19:54:00-04:00,30601.75,30601.75,30601.75,30581.75,30581.75,196
2026-09-28 19:55:00-04:00,30595.5,30595.5,30604.0,30593.5,30600.75,188
2026-09-28 19:56:00-04:00,30597.75,30597.75,30597.75,30592.75,30596.5,44
2026-09-28 19:57:00-04:00,30591.75,30591.75,30597.0,30589.75,30595.5,62
2026-09-28 19:58:00-04:00,30598.0,30598.0,30600.0,30590.75,30590.75,64
2026-09-28 19:59:00-04:00,30579.25,30579.25,30594.75,30578.0,30594.75,205
2026-09-28 20:00:00-04:00,30575.5,30575.5,30590.75,30569.0,30580.0,572
2026-09-28 20:01:00-04:00,30587.5,30587.5,30597.0,30575.0,30578.75,396
2026-09-28 20:02:00-04:00,30592.25,30592.25,30598.25,30586.0,30587.5,230
2026-09-28 20:03:00-04:00,30573.5,30573.5,30590.5,30571.25,30590.5,204
2026-09-28 20:04:00-04:00,30597.75,30597.75,30600.75,30572.5,30574.25,177
2026-09-28 20:05:00-04:00,30586.75,30586.75,30607.0,30585.0,30596.75,233
2026-09-28 20:06:00-04:00,30585.5,30585.5,30598.25,30576.25,30586.75,253
2026-09-28 20:07:00-04:00,30585.5,30585.5,30593.25,30584.5,30587.0,94
2026-09-28 20:08:00-04:00,30601.25,30601.25,30604.75,30584.0,30584.0,120
2026-09-28 20:09:00-04:00,30597.25,30597.25,30606.5,30597.25,30602.0,108
2026-09-28 20:10:00-04:00,30590.75,30590.75,30601.25,30582.25,30598.0,244
2026-09-28 20:11:00-04:00,30582.5,30582.5,30589.25,30577.0,30589.25,189
2026-09-28 20:12:00-04:00,30580.5,30580.5,30585.75,30571.5,30583.25,206
2026-09-28 20:13:00-04:00,30585.5,30585.5,30596.0,30574.0,30581.0,266
2026-09-28 20:14:00-04:00,30592.5,30592.5,30593.75,30581.5,30581.5,73
2026-09-28 20:15:00-04:00,30556.0,30556.0,30597.0,30556.0,30592.75,495
2026-09-28 20:16:00-04:00,30550.75,30550.75,30561.0,30550.0,30556.0,317
2026-09-28 20:17:00-04:00,30538.25,30538.25,30553.0,30534.75,30550.75,447
2026-09-28 20:18:00-04:00,30542.0,30542.0,30543.25,30528.25,30538.0,358
2026-09-28 20:19:00-04:00,30545.0,30545.0,30552.75,30538.0,30541.25,237
2026-09-28 20:20:00-04:00,30549.5,30549.5,30554.25,30538.5,30544.75,249
2026-09-28 20:21:00-04:00,30546.5,30546.5,30553.5,30543.0,30549.0,115
2026-09-28 20:22:00-04:00,30544.25,30544.25,30548.0,30540.0,30545.5,111
2026-09-28 20:23:00-04:00,30528.25,30528.25,30547.75,30525.0,30546.0,282
2026-09-28 20:24:00-04:00,30529.25,30529.25,30534.0,30526.0,30528.0,232
2026-09-28 20:25:00-04:00,30525.75,30525.75,30531.75,30523.75,30526.25,166
2026-09-28 20:26:00-04:00,30529.25,30529.25,30532.25,30522.75,30525.5,127
2026-09-28 20:27:00-04:00,30531.25,30531.25,30532.0,30521.5,30530.0,187
2026-09-28 20:28:00-04:00,30542.25,30542.25,30542.5,30526.0,30530.5,340
2026-09-28 20:29:00-04:00,30529.25,30529.25,30543.75,30528.0,30542.5,189
2026-09-28 20:30:00-04:00,30533.0,30533.0,30538.75,30529.25,30529.75,185
2026-09-28 20:31:00-04:00,30525.75,30525.75,30535.0,30513.0,30532.0,502
2026-09-28 20:32:00-04:00,30544.25,30544.25,30546.25,30521.75,30524.75,188
2026-09-28 20:33:00-04:00,30550.75,30550.75,30552.25,30539.5,30544.75,214
2026-09-28 20:34:00-04:00,30552.25,30552.25,30558.0,30539.0,30550.5,323
2026-09-28 20:35:00-04:00,30556.0,30556.0,30557.5,30546.0,30553.5,123
2026-09-28 20:36:00-04:00,30559.75,30559.75,30562.75,30550.5,30554.25,157
2026-09-28 20:37:00-04:00,30558.75,30558.75,30560.5,30553.5,30558.75,104
2026-09-28 20:38:00-04:00,30546.75,30546.75,30557.0,30546.25,30557.0,142
2026-09-28 20:39:00-04:00,30544.75,30544.75,30550.25,30543.75,30547.0,97
2026-09-28 20:40:00-04:00,30543.75,30543.75,30548.0,30540.25,30544.0,76
2026-09-28 20:41:00-04:00,30546.0,30546.0,30552.0,30544.25,30546.0,66
2026-09-28 20:42:00-04:00,30552.75,30552.75,30558.75,30545.25,30545.25,73
2026-09-28 20:43:00-04:00,30554.5,30554.5,30557.5,30551.5,30554.25,40
2026-09-28 20:44:00-04:00,30548.75,30548.75,30555.75,30548.75,30554.5,48
2026-09-28 20:45:00-04:00,30529.75,30529.75,30550.0,30526.25,30548.75,254
2026-09-28 20:46:00-04:00,30525.0,30525.0,30532.5,30523.25,30528.0,185
2026-09-28 20:47:00-04:00,30524.75,30524.75,30528.25,30522.75,30524.75,80
2026-09-28 20:48:00-04:00,30521.75,30521.75,30529.0,30520.75,30524.25,83
2026-09-28 20:49:00-04:00,30503.5,30503.5,30524.75,30500.0,30522.25,514
2026-09-28 20:50:00-04:00,30509.75,30509.75,30511.75,30503.0,30503.75,217
2026-09-28 20:51:00-04:00,30501.25,30501.25,30509.25,30499.25,30507.75,192
2026-09-28 20:52:00-04:00,30501.75,30501.75,30505.0,30497.25,30502.25,190
2026-09-28 20:53:00-04:00,30503.25,30503.25,30505.25,30500.25,30502.5,93
2026-09-28 20:54:00-04:00,30509.75,30509.75,30510.25,30502.0,30502.75,99
2026-09-28 20:55:00-04:00,30514.5,30514.5,30518.5,30507.25,30508.25,125
2026-09-28 20:56:00-04:00,30512.25,30512.25,30516.25,30509.75,30514.5,64
2026-09-28 20:57:00-04:00,30504.0,30504.0,30513.25,30497.25,30512.75,181
2026-09-28 20:58:00-04:00,30509.5,30509.5,30512.0,30501.25,30504.0,74
2026-09-28 20:59:00-04:00,30495.0,30495.0,30510.25,30494.75,30508.0,108
2026-09-28 21:00:00-04:00,30512.0,30512.0,30515.25,30486.75,30493.5,449
2026-09-28 21:01:00-04:00,30514.5,30514.5,30518.0,30507.0,30511.0,215
2026-09-28 21:02:00-04:00,30525.75,30525.75,30529.25,30517.75,30518.0,219
2026-09-28 21:03:00-04:00,30517.5,30517.5,30527.75,30517.0,30525.5,100
2026-09-28 21:04:00-04:00,30512.25,30512.25,30526.0,30511.5,30516.0,113
2026-09-28 21:05:00-04:00,30507.5,30507.5,30509.75,30498.5,30509.75,154
2026-09-28 21:06:00-04:00,30506.5,30506.5,30514.25,30506.0,30509.5,92
2026-09-28 21:07:00-04:00,30503.25,30503.25,30506.5,30496.25,30506.5,146
2026-09-28 21:08:00-04:00,30499.0,30499.0,30509.0,30497.25,30502.0,112
2026-09-28 21:09:00-04:00,30502.75,30502.75,30507.25,30497.0,30498.25,77
2026-09-28 21:10:00-04:00,30494.25,30494.25,30502.25,30493.25,30502.25,89
2026-09-28 21:11:00-04:00,30478.25,30478.25,30497.75,30475.0,30493.5,475
2026-09-28 21:12:00-04:00,30482.0,30482.0,30483.75,30472.75,30478.25,340
2026-09-28 21:13:00-04:00,30475.5,30475.5,30481.5,30471.75,30481.5,189
2026-09-28 21:14:00-04:00,30476.5,30476.5,30483.0,30474.0,30476.25,143
2026-09-28 21:15:00-04:00,30479.0,30479.0,30483.0,30471.75,30475.5,140
2026-09-28 21:16:00-04:00,30471.5,30471.5,30479.75,30468.25,30478.75,197
2026-09-28 21:17:00-04:00,30460.25,30460.25,30471.25,30458.25,30470.5,278
2026-09-28 21:18:00-04:00,30450.0,30450.0,30463.5,30450.0,30460.25,320
2026-09-28 21:19:00-04:00,30431.75,30431.75,30452.0,30430.25,30450.25,2001
2026-09-28 21:20:00-04:00,30456.25,30456.25,30460.75,30430.0,30432.75,651
2026-09-28 21:21:00-04:00,30463.25,30463.25,30468.5,30455.0,30456.75,287
2026-09-28 21:22:00-04:00,30468.5,30468.5,30473.0,30461.5,30465.25,201
2026-09-28 21:23:00-04:00,30467.0,30467.0,30475.25,30463.5,30467.75,131
2026-09-28 21:24:00-04:00,30466.5,30466.5,30472.25,30463.5,30467.0,115
2026-09-28 21:25:00-04:00,30479.75,30479.75,30480.25,30464.5,30464.75,173
2026-09-28 21:26:00-04:00,30473.0,30473.0,30485.75,30469.0,30479.75,219
2026-09-28 21:27:00-04:00,30476.0,30476.0,30479.75,30470.75,30471.75,86
2026-09-28 21:28:00-04:00,30482.5,30482.5,30483.5,30470.25,30475.75,99
2026-09-28 21:29:00-04:00,30484.25,30484.25,30485.0,30475.5,30482.0,166
2026-09-28 21:30:00-04:00,30498.5,30498.5,30501.0,30478.0,30484.5,431
2026-09-28 21:31:00-04:00,30494.75,30494.75,30508.0,30494.75,30499.5,445
2026-09-28 21:32:00-04:00,30488.25,30488.25,30497.75,30475.25,30494.25,332
2026-09-28 21:33:00-04:00,30486.25,30486.25,30490.25,30481.5,30487.25,96
2026-09-28 21:34:00-04:00,30489.25,30489.25,30493.25,30481.5,30486.25,76
2026-09-28 21:35:00-04:00,30485.5,30485.5,30489.0,30480.0,30489.0,79
2026-09-28 21:36:00-04:00,30486.0,30486.0,30487.75,30480.75,30487.25,64
2026-09-28 21:37:00-04:00,30495.75,30495.75,30503.25,30486.25,30488.75,209
2026-09-28 21:38:00-04:00,30499.0,30499.0,30500.0,30494.0,30497.0,58
2026-09-28 21:39:00-04:00,30502.25,30502.25,30506.25,30496.5,30499.0,258
2026-09-28 21:40:00-04:00,30511.75,30511.75,30514.75,30497.0,30501.0,182
2026-09-28 21:41:00-04:00,30510.75,30510.75,30513.0,30504.5,30512.75,171
2026-09-28 21:42:00-04:00,30503.0,30503.0,30511.75,30502.25,30511.0,126
2026-09-28 21:43:00-04:00,30503.5,30503.5,30509.0,30496.5,30504.0,82
2026-09-28 21:44:00-04:00,30508.0,30508.0,30516.0,30498.25,30503.5,312
2026-09-28 21:45:00-04:00,30515.25,30515.25,30517.5,30504.25,30508.0,145
2026-09-28 21:46:00-04:00,30502.5,30502.5,30518.0,30501.25,30515.75,169
2026-09-28 21:47:00-04:00,30500.75,30500.75,30508.0,30495.25,30502.0,129
2026-09-28 21:48:00-04:00,30494.25,30494.25,30506.75,30493.75,30500.25,97
2026-09-28 21:49:00-04:00,30496.25,30496.25,30504.5,30494.0,30494.25,171
2026-09-28 21:50:00-04:00,30494.25,30494.25,30498.0,30487.5,30496.25,122
2026-09-28 21:51:00-04:00,30499.75,30499.75,30503.75,30493.75,30495.25,195
2026-09-28 21:52:00-04:00,30512.0,30512.0,30512.0,30497.75,30498.0,186
2026-09-28 21:53:00-04:00,30504.5,30504.5,30513.0,30504.5,30512.25,67
2026-09-28 21:54:00-04:00,30504.0,30504.0,30507.0,30501.25,30507.0,71
2026-09-28 21:55:00-04:00,30499.25,30499.25,30505.75,30497.0,30504.0,57
2026-09-28 21:56:00-04:00,30505.5,30505.5,30507.25,30497.0,30497.0,76
2026-09-28 21:57:00-04:00,30506.0,30506.0,30506.25,30500.5,30505.5,49
2026-09-28 21:58:00-04:00,30499.25,30499.25,30504.25,30498.0,30502.75,61
2026-09-28 21:59:00-04:00,30501.0,30501.0,30502.25,30498.75,30500.0,97
2026-09-28 22:00:00-04:00,30501.5,30501.5,30504.5,30497.75,30501.25,82
2026-09-28 22:01:00-04:00,30500.5,30500.5,30502.0,30493.25,30501.0,106
2026-09-28 22:02:00-04:00,30497.0,30497.0,30502.25,30494.75,30498.5,52
2026-09-28 22:03:00-04:00,30494.5,30494.5,30500.5,30494.0,30500.5,38
2026-09-28 22:04:00-04:00,30496.25,30496.25,30507.75,30493.5,30493.5,108
2026-09-28 22:05:00-04:00,30493.0,30493.0,30497.5,30490.25,30494.0,75
2026-09-28 22:06:00-04:00,30486.75,30486.75,30492.25,30478.0,30492.25,232
2026-09-28 22:07:00-04:00,30483.5,30483.5,30488.0,30482.75,30488.0,131
2026-09-28 22:08:00-04:00,30488.25,30488.25,30489.75,30482.25,30483.25,71
2026-09-28 22:09:00-04:00,30487.75,30487.75,30491.0,30484.5,30488.5,48
2026-09-28 22:10:00-04:00,30485.75,30485.75,30489.5,30482.0,30488.0,65
2026-09-28 22:11:00-04:00,30489.25,30489.25,30490.75,30486.0,30486.5,43
2026-09-28 22:12:00-04:00,30508.0,30508.0,30510.5,30487.25,30489.75,201
2026-09-28 22:13:00-04:00,30519.25,30519.25,30519.75,30503.25,30506.75,220
2026-09-28 22:14:00-04:00,30513.5,30513.5,30522.5,30510.75,30518.75,133
2026-09-28 22:15:00-04:00,30507.5,30507.5,30514.25,30500.0,30513.5,176
2026-09-28 22:16:00-04:00,30508.25,30508.25,30509.75,30502.0,30507.25,61
2026-09-28 22:17:00-04:00,30509.75,30509.75,30510.75,30498.25,30507.75,133
2026-09-28 22:18:00-04:00,30525.75,30525.75,30529.75,30509.5,30510.5,338
2026-09-28 22:19:00-04:00,30536.5,30536.5,30537.5,30525.0,30525.5,163
2026-09-28 22:20:00-04:00,30530.5,30530.5,30536.0,30529.0,30536.0,108
2026-09-28 22:21:00-04:00,30517.75,30517.75,30531.25,30515.0,30530.75,230
2026-09-28 22:22:00-04:00,30513.0,30513.0,30519.5,30503.5,30519.5,131
2026-09-28 22:23:00-04:00,30516.75,30516.75,30521.0,30512.75,30514.75,118
2026-09-28 22:24:00-04:00,30516.75,30516.75,30522.75,30516.0,30517.75,71
2026-09-28 22:25:00-04:00,30517.75,30517.75,30519.75,30508.75,30517.75,104
2026-09-28 22:26:00-04:00,30517.0,30517.0,30521.25,30514.25,30520.0,39
2026-09-28 22:27:00-04:00,30509.75,30509.75,30518.75,30509.75,30514.25,39
2026-09-28 22:28:00-04:00,30504.5,30504.5,30510.75,30504.25,30510.75,75
2026-09-28 22:29:00-04:00,30512.25,30512.25,30513.25,30502.75,30505.25,68
2026-09-28 22:30:00-04:00,30504.75,30504.75,30518.5,30504.75,30512.0,101
2026-09-28 22:31:00-04:00,30490.5,30490.5,30506.5,30489.75,30505.25,174
2026-09-28 22:32:00-04:00,30481.0,30481.0,30490.75,30481.0,30490.75,132
2026-09-28 22:33:00-04:00,30483.5,30483.5,30483.75,30479.5,30481.0,122
2026-09-28 22:34:00-04:00,30483.75,30483.75,30486.0,30481.5,30482.5,47
2026-09-28 22:35:00-04:00,30477.75,30477.75,30486.0,30477.0,30484.0,82
2026-09-28 22:36:00-04:00,30477.25,30477.25,30482.25,30473.25,30476.75,164
2026-09-28 22:37:00-04:00,30482.25,30482.25,30485.25,30478.0,30478.0,91
2026-09-28 22:38:00-04:00,30491.75,30491.75,30491.75,30482.5,30483.5,86
2026-09-28 22:39:00-04:00,30491.25,30491.25,30497.75,30489.25,30490.25,124
2026-09-28 22:40:00-04:00,30481.0,30481.0,30494.5,30480.0,30493.0,82
2026-09-28 22:41:00-04:00,30483.75,30483.75,30484.25,30475.75,30480.75,117
2026-09-28 22:42:00-04:00,30471.75,30471.75,30484.5,30470.5,30483.0,73
2026-09-28 22:43:00-04:00,30482.25,30482.25,30482.5,30472.25,30472.25,90
2026-09-28 22:44:00-04:00,30484.25,30484.25,30484.5,30477.25,30481.5,48
2026-09-28 22:45:00-04:00,30484.25,30484.25,30484.5,30479.0,30484.0,36
2026-09-28 22:46:00-04:00,30482.75,30482.75,30490.0,30482.75,30485.0,65
2026-09-28 22:47:00-04:00,30482.0,30482.0,30484.0,30481.25,30483.75,47
2026-09-28 22:48:00-04:00,30478.25,30478.25,30485.0,30475.25,30483.0,75
2026-09-28 22:49:00-04:00,30474.25,30474.25,30479.25,30473.75,30477.5,41
2026-09-28 22:50:00-04:00,30474.75,30474.75,30476.5,30471.75,30474.0,68
2026-09-28 22:51:00-04:00,30457.0,30457.0,30474.5,30456.25,30473.75,243
2026-09-28 22:52:00-04:00,30450.5,30450.5,30457.75,30448.5,30457.75,355
2026-09-28 22:53:00-04:00,30445.0,30445.0,30453.25,30442.75,30450.5,204
2026-09-28 22:54:00-04:00,30443.0,30443.0,30445.75,30440.75,30445.75,105
2026-09-28 22:55:00-04:00,30447.5,30447.5,30449.25,30441.75,30443.75,175
2026-09-28 22:56:00-04:00,30448.0,30448.0,30450.0,30443.75,30447.75,73
2026-09-28 22:57:00-04:00,30455.5,30455.5,30462.25,30448.5,30448.5,129
2026-09-28 22:58:00-04:00,30462.0,30462.0,30466.0,30453.25,30453.25,139
2026-09-28 22:59:00-04:00,30462.25,30462.25,30463.5,30459.5,30461.75,44
2026-09-28 23:00:00-04:00,30468.25,30468.25,30470.25,30459.0,30464.0,112
2026-09-28 23:01:00-04:00,30473.0,30473.0,30477.25,30468.75,30469.0,157
2026-09-28 23:02:00-04:00,30473.75,30473.75,30474.0,30469.75,30473.5,77
2026-09-28 23:03:00-04:00,30465.75,30465.75,30478.0,30465.75,30474.25,93
2026-09-28 23:04:00-04:00,30448.5,30448.5,30464.0,30444.75,30464.0,232
2026-09-28 23:05:00-04:00,30447.25,30447.25,30449.5,30444.75,30449.0,151
2026-09-28 23:06:00-04:00,30454.25,30454.25,30457.0,30446.5,30446.5,119
2026-09-28 23:07:00-04:00,30454.0,30454.0,30456.0,30449.75,30454.75,76
2026-09-28 23:08:00-04:00,30448.5,30448.5,30457.0,30448.0,30450.75,54
2026-09-28 23:09:00-04:00,30443.5,30443.5,30450.25,30439.25,30450.25,234
2026-09-28 23:10:00-04:00,30442.75,30442.75,30448.0,30440.0,30443.5,198
2026-09-28 23:11:00-04:00,30436.0,30436.0,30445.5,30436.0,30443.0,108
2026-09-28 23:12:00-04:00,30437.5,30437.5,30448.75,30435.25,30435.5,188
2026-09-28 23:13:00-04:00,30426.0,30426.0,30438.5,30422.25,30435.5,471
2026-09-28 23:14:00-04:00,30421.25,30421.25,30427.5,30409.25,30424.75,753
2026-09-28 23:15:00-04:00,30427.5,30427.5,30427.5,30420.0,30421.5,252
2026-09-28 23:16:00-04:00,30429.75,30429.75,30432.75,30423.5,30427.0,175
2026-09-28 23:17:00-04:00,30436.75,30436.75,30439.75,30427.5,30428.75,150
2026-09-28 23:18:00-04:00,30450.75,30450.75,30457.25,30436.5,30437.75,255
2026-09-28 23:19:00-04:00,30457.75,30457.75,30460.75,30450.5,30451.25,221
2026-09-28 23:20:00-04:00,30469.25,30469.25,30471.0,30456.75,30457.5,194
2026-09-28 23:21:00-04:00,30463.0,30463.0,30475.25,30463.0,30468.75,186
2026-09-28 23:22:00-04:00,30462.0,30462.0,30465.75,30459.5,30464.0,127
2026-09-28 23:23:00-04:00,30469.75,30469.75,30472.75,30461.75,30461.75,121
2026-09-28 23:24:00-04:00,30474.75,30474.75,30474.75,30470.0,30470.0,54
2026-09-28 23:25:00-04:00,30472.25,30472.25,30475.5,30467.25,30475.0,67
2026-09-28 23:26:00-04:00,30474.5,30474.5,30476.75,30472.75,30473.0,53
2026-09-28 23:27:00-04:00,30468.75,30468.75,30472.5,30465.75,30471.75,137
2026-09-28 23:28:00-04:00,30471.75,30471.75,30474.0,30469.0,30469.0,36
2026-09-28 23:29:00-04:00,30473.25,30473.25,30474.5,30471.0,30471.0,22
2026-09-28 23:30:00-04:00,30467.0,30467.0,30472.25,30457.75,30471.5,206
2026-09-28 23:31:00-04:00,30473.0,30473.0,30477.25,30467.25,30467.75,130
2026-09-28 23:32:00-04:00,30470.75,30470.75,30473.0,30467.75,30473.0,42
2026-09-28 23:33:00-04:00,30470.5,30470.5,30470.75,30464.25,30470.5,54
2026-09-28 23:34:00-04:00,30472.5,30472.5,30474.5,30468.25,30470.5,90
2026-09-28 23:35:00-04:00,30467.0,30467.0,30475.0,30464.0,30475.0,40
2026-09-28 23:36:00-04:00,30478.25,30478.25,30480.0,30462.25,30464.75,110
2026-09-28 23:37:00-04:00,30477.75,30477.75,30486.25,30474.75,30478.0,171
2026-09-28 23:38:00-04:00,30478.0,30478.0,30481.25,30476.5,30477.75,45
2026-09-28 23:39:00-04:00,30479.25,30479.25,30479.25,30475.75,30475.75,27
2026-09-28 23:40:00-04:00,30478.25,30478.25,30479.75,30473.25,30479.0,62
2026-09-28 23:41:00-04:00,30492.5,30492.5,30494.25,30478.0,30478.25,189
2026-09-28 23:42:00-04:00,30496.5,30496.5,30499.0,30491.25,30492.0,124
2026-09-28 23:43:00-04:00,30488.75,30488.75,30498.0,30488.75,30496.5,80
2026-09-28 23:44:00-04:00,30484.75,30484.75,30493.25,30481.75,30490.0,91
2026-09-28 23:45:00-04:00,30479.5,30479.5,30486.0,30479.0,30485.5,92
2026-09-28 23:46:00-04:00,30473.75,30473.75,30480.0,30472.5,30479.25,74
2026-09-28 23:47:00-04:00,30477.25,30477.25,30478.25,30470.5,30472.0,73
2026-09-28 23:48:00-04:00,30471.25,30471.25,30478.0,30471.25,30477.0,32
2026-09-28 23:49:00-04:00,30473.25,30473.25,30474.5,30470.75,30471.25,27
2026-09-28 23:50:00-04:00,30464.0,30464.0,30471.25,30462.5,30471.25,92
2026-09-28 23:51:00-04:00,30460.75,30460.75,30466.5,30459.25,30461.5,98
2026-09-28 23:52:00-04:00,30457.75,30457.75,30465.75,30455.0,30460.75,118
2026-09-28 23:53:00-04:00,30460.25,30460.25,30469.5,30455.25,30455.5,138
2026-09-28 23:54:00-04:00,30457.5,30457.5,30463.0,30456.25,30462.0,56
2026-09-28 23:55:00-04:00,30451.0,30451.0,30458.25,30449.5,30456.75,110
2026-09-28 23:56:00-04:00,30444.75,30444.75,30451.75,30444.25,30450.0,107
2026-09-28 23:57:00-04:00,30444.75,30444.75,30448.75,30443.0,30445.25,115
2026-09-28 23:58:00-04:00,30437.5,30437.5,30445.5,30433.0,30445.5,197
2026-09-29 00:09:00-04:00,30439.0,30439.0,30440.0,30432.0,30432.0,43
2026-09-29 00:10:00-04:00,30435.0,30435.0,30440.0,30433.5,30437.5,137
2026-09-29 00:11:00-04:00,30433.0,30433.0,30438.0,30431.5,30434.5,34
2026-09-29 00:12:00-04:00,30430.0,30430.0,30434.25,30428.0,30433.25,108
2026-09-29 00:13:00-04:00,30432.25,30432.25,30434.25,30428.25,30429.0,43
2026-09-29 00:14:00-04:00,30433.75,30433.75,30435.25,30432.75,30433.0,26
2026-09-29 00:15:00-04:00,30432.0,30432.0,30436.75,30431.25,30432.75,50
2026-09-29 00:16:00-04:00,30437.25,30437.25,30438.25,30432.75,30433.0,30
2026-09-29 00:17:00-04:00,30438.75,30438.75,30439.0,30436.5,30438.5,32
2026-09-29 00:18:00-04:00,30442.0,30442.0,30443.0,30433.75,30437.0,39
2026-09-29 00:19:00-04:00,30445.25,30445.25,30445.5,30439.25,30443.0,69
2026-09-29 00:20:00-04:00,30439.25,30439.25,30448.5,30437.5,30444.0,135
2026-09-29 00:21:00-04:00,30441.5,30441.5,30446.25,30438.0,30440.0,60
2026-09-29 00:22:00-04:00,30443.25,30443.25,30444.5,30440.0,30443.0,67
2026-09-29 00:23:00-04:00,30440.25,30440.25,30446.0,30437.75,30443.75,61
2026-09-29 00:24:00-04:00,30446.25,30446.25,30446.75,30439.75,30439.75,48
2026-09-29 00:25:00-04:00,30439.75,30439.75,30451.75,30439.5,30446.25,154
2026-09-29 00:26:00-04:00,30438.0,30438.0,30442.25,30436.75,30441.75,51
2026-09-29 00:27:00-04:00,30437.0,30437.0,30438.75,30435.0,30437.5,44
2026-09-29 00:28:00-04:00,30437.5,30437.5,30438.0,30435.25,30438.0,21
2026-09-29 00:29:00-04:00,30428.25,30428.25,30438.75,30427.0,30437.25,119
2026-09-29 00:30:00-04:00,30427.0,30427.0,30433.0,30423.5,30426.5,142
2026-09-29 00:31:00-04:00,30421.75,30421.75,30429.5,30420.5,30427.0,134
2026-09-29 00:32:00-04:00,30426.0,30426.0,30427.75,30422.0,30423.75,51
2026-09-29 00:33:00-04:00,30429.25,30429.25,30431.0,30423.5,30425.5,41
2026-09-29 00:34:00-04:00,30435.75,30435.75,30438.25,30430.25,30430.25,89
2026-09-29 00:35:00-04:00,30425.25,30425.25,30435.5,30424.5,30435.5,73
2026-09-29 00:36:00-04:00,30424.0,30424.0,30429.0,30421.5,30425.5,170
2026-09-29 00:37:00-04:00,30431.5,30431.5,30434.5,30424.25,30424.25,60
2026-09-29 00:38:00-04:00,30432.0,30432.0,30433.75,30429.0,30432.25,28
2026-09-29 00:39:00-04:00,30424.25,30424.25,30431.0,30423.25,30430.5,79
2026-09-29 00:40:00-04:00,30423.25,30423.25,30426.0,30422.0,30425.0,32
2026-09-29 00:41:00-04:00,30429.75,30429.75,30432.5,30422.75,30423.0,74
2026-09-29 00:42:00-04:00,30425.25,30425.25,30429.5,30419.25,30429.5,92
2026-09-29 00:43:00-04:00,30425.0,30425.0,30429.25,30424.75,30425.25,91
2026-09-29 00:44:00-04:00,30427.25,30427.25,30427.75,30423.5,30425.25,10
2026-09-29 00:45:00-04:00,30427.75,30427.75,30432.75,30427.0,30427.5,30
2026-09-29 00:46:00-04:00,30428.0,30428.0,30428.5,30427.0,30428.0,18
2026-09-29 00:47:00-04:00,30422.25,30422.25,30429.5,30422.0,30429.5,42
2026-09-29 00:48:00-04:00,30421.75,30421.75,30424.25,30419.5,30423.0,67
2026-09-29 00:49:00-04:00,30426.5,30426.5,30430.25,30423.75,30424.5,26
2026-09-29 00:50:00-04:00,30427.0,30427.0,30429.25,30424.0,30426.5,16
2026-09-29 00:51:00-04:00,30437.75,30437.75,30438.0,30422.75,30428.75,82
2026-09-29 00:52:00-04:00,30436.0,30436.0,30445.0,30433.5,30437.25,162
2026-09-29 00:53:00-04:00,30437.75,30437.75,30440.25,30432.75,30435.0,49
2026-09-29 00:54:00-04:00,30435.5,30435.5,30437.5,30431.5,30436.75,64
2026-09-29 00:55:00-04:00,30434.5,30434.5,30436.75,30432.0,30435.75,42
2026-09-29 00:56:00-04:00,30432.0,30432.0,30436.5,30432.0,30433.5,42
2026-09-29 00:57:00-04:00,30433.0,30433.0,30437.0,30432.0,30434.25,27
2026-09-29 00:58:00-04:00,30436.25,30436.25,30436.25,30430.5,30433.75,32
2026-09-29 00:59:00-04:00,30431.25,30431.25,30437.5,30430.0,30437.5,36
2026-09-29 01:00:00-04:00,30447.5,30447.5,30451.0,30431.75,30432.0,174
2026-09-29 01:01:00-04:00,30449.0,30449.0,30452.5,30447.25,30447.25,70
2026-09-29 01:02:00-04:00,30446.75,30446.75,30450.5,30446.75,30449.25,36
2026-09-29 01:03:00-04:00,30432.25,30432.25,30447.0,30432.0,30446.5,67
2026-09-29 01:04:00-04:00,30432.75,30432.75,30436.75,30428.25,30433.25,80
2026-09-29 01:05:00-04:00,30433.25,30433.25,30436.0,30428.75,30431.5,51
2026-09-29 01:06:00-04:00,30424.25,30424.25,30439.75,30422.5,30433.0,84
2026-09-29 01:07:00-04:00,30430.75,30430.75,30432.5,30423.25,30424.75,45
2026-09-29 01:08:00-04:00,30431.0,30431.0,30433.0,30427.25,30431.0,32
2026-09-29 01:09:00-04:00,30431.25,30431.25,30435.0,30431.25,30431.25,15
2026-09-29 01:10:00-04:00,30426.5,30426.5,30432.0,30418.5,30432.0,117
2026-09-29 01:11:00-04:00,30433.25,30433.25,30433.75,30425.25,30427.25,100
2026-09-29 01:12:00-04:00,30436.0,30436.0,30440.5,30432.75,30433.25,85
2026-09-29 01:13:00-04:00,30434.75,30434.75,30435.75,30432.25,30435.75,37
2026-09-29 01:14:00-04:00,30439.5,30439.5,30440.75,30434.0,30434.0,40
2026-09-29 01:15:00-04:00,30438.0,30438.0,30441.5,30433.75,30440.0,83
2026-09-29 01:16:00-04:00,30436.5,30436.5,30439.25,30427.5,30437.5,95
2026-09-29 01:17:00-04:00,30444.5,30444.5,30446.0,30429.0,30435.25,83
2026-09-29 01:18:00-04:00,30446.25,30446.25,30447.25,30442.25,30447.0,64
2026-09-29 01:19:00-04:00,30445.0,30445.0,30457.75,30445.0,30445.25,139
2026-09-29 01:20:00-04:00,30439.0,30439.0,30445.75,30438.5,30445.25,69
2026-09-29 01:21:00-04:00,30438.75,30438.75,30447.0,30433.0,30440.25,108
2026-09-29 01:22:00-04:00,30438.0,30438.0,30440.75,30435.75,30438.5,34
2026-09-29 01:23:00-04:00,30439.25,30439.25,30440.5,30437.5,30438.75,30
2026-09-29 01:24:00-04:00,30439.75,30439.75,30439.75,30435.75,30439.5,22
2026-09-29 01:25:00-04:00,30428.5,30428.5,30438.0,30428.0,30438.0,70
2026-09-29 01:26:00-04:00,30421.0,30421.0,30427.25,30421.0,30426.25,91
2026-09-29 01:27:00-04:00,30422.5,30422.5,30424.5,30419.25,30420.5,85
2026-09-29 01:28:00-04:00,30431.25,30431.25,30431.25,30420.0,30421.5,54
2026-09-29 01:29:00-04:00,30424.25,30424.25,30431.25,30424.25,30429.25,43
2026-09-29 01:30:00-04:00,30413.75,30413.75,30425.75,30413.5,30424.0,163
2026-09-29 01:31:00-04:00,30403.75,30403.75,30415.75,30401.75,30413.25,712
2026-09-29 01:32:00-04:00,30397.0,30397.0,30411.75,30397.0,30402.75,242
2026-09-29 01:33:00-04:00,30389.75,30389.75,30397.75,30384.5,30396.75,261
2026-09-29 01:34:00-04:00,30388.0,30388.0,30393.25,30383.75,30391.25,107
2026-09-29 01:35:00-04:00,30382.5,30382.5,30390.25,30372.25,30389.5,344
2026-09-29 01:36:00-04:00,30379.5,30379.5,30389.75,30377.5,30381.0,138
2026-09-29 01:37:00-04:00,30379.0,30379.0,30380.0,30374.0,30377.75,143
2026-09-29 01:38:00-04:00,30385.75,30385.75,30385.75,30373.75,30378.75,156
2026-09-29 01:39:00-04:00,30411.5,30411.5,30413.25,30383.5,30384.75,291
2026-09-29 01:40:00-04:00,30400.25,30400.25,30417.25,30399.5,30411.75,274
2026-09-29 01:41:00-04:00,30400.75,30400.75,30403.25,30394.5,30398.75,133
2026-09-29 01:42:00-04:00,30401.0,30401.0,30403.25,30392.5,30399.0,103
2026-09-29 01:43:00-04:00,30417.75,30417.75,30419.0,30394.25,30403.25,129
2026-09-29 01:44:00-04:00,30404.5,30404.5,30425.75,30403.0,30417.5,353
2026-09-29 01:45:00-04:00,30398.0,30398.0,30405.75,30396.75,30403.75,69
2026-09-29 01:46:00-04:00,30398.75,30398.75,30403.75,30395.75,30399.75,79
2026-09-29 01:47:00-04:00,30401.75,30401.75,30404.75,30390.5,30400.0,94
2026-09-29 01:48:00-04:00,30412.25,30412.25,30417.5,30399.75,30399.75,97
2026-09-29 01:49:00-04:00,30420.5,30420.5,30427.0,30414.5,30414.5,302
2026-09-29 01:50:00-04:00,30423.75,30423.75,30429.0,30416.0,30418.75,197
2026-09-29 01:51:00-04:00,30420.75,30420.75,30430.25,30416.25,30424.75,145
2026-09-29 01:52:00-04:00,30424.0,30424.0,30431.25,30422.0,30422.25,143
2026-09-29 01:53:00-04:00,30428.75,30428.75,30430.25,30421.25,30423.75,95
2026-09-29 01:54:00-04:00,30422.75,30422.75,30428.25,30419.5,30428.25,50
2026-09-29 01:55:00-04:00,30425.25,30425.25,30428.75,30420.5,30422.5,251
2026-09-29 01:56:00-04:00,30423.0,30423.0,30430.5,30423.0,30426.0,125
2026-09-29 01:57:00-04:00,30427.25,30427.25,30429.0,30421.5,30422.25,133
2026-09-29 01:58:00-04:00,30423.0,30423.0,30428.25,30421.75,30428.25,65
2026-09-29 01:59:00-04:00,30431.0,30431.0,30432.0,30425.25,30425.75,164
2026-09-29 02:00:00-04:00,30433.75,30433.75,30435.75,30425.5,30432.5,188
2026-09-29 02:01:00-04:00,30435.0,30435.0,30442.0,30428.0,30433.25,188
2026-09-29 02:02:00-04:00,30438.25,30438.25,30443.25,30434.75,30435.75,207
2026-09-29 02:03:00-04:00,30450.0,30450.0,30454.0,30438.5,30440.25,264
2026-09-29 02:04:00-04:00,30449.5,30449.5,30456.5,30447.75,30450.25,166
2026-09-29 02:05:00-04:00,30452.75,30452.75,30456.25,30448.0,30449.5,148
2026-09-29 02:06:00-04:00,30459.0,30459.0,30459.5,30448.75,30450.75,170
2026-09-29 02:07:00-04:00,30459.25,30459.25,30461.75,30452.5,30459.5,211
2026-09-29 02:08:00-04:00,30471.0,30471.0,30473.75,30454.75,30462.0,338
2026-09-29 02:09:00-04:00,30478.5,30478.5,30481.5,30470.25,30470.5,306
2026-09-29 02:10:00-04:00,30492.75,30492.75,30497.5,30479.75,30479.75,257
2026-09-29 02:11:00-04:00,30497.75,30497.75,30500.5,30489.75,30493.25,311
2026-09-29 02:12:00-04:00,30494.25,30494.25,30501.75,30492.0,30498.0,146
2026-09-29 02:13:00-04:00,30502.5,30502.5,30504.5,30493.25,30493.75,165
2026-09-29 02:14:00-04:00,30497.0,30497.0,30505.5,30494.75,30502.75,194
2026-09-29 02:15:00-04:00,30486.5,30486.5,30499.5,30485.25,30498.0,190
2026-09-29 02:16:00-04:00,30482.5,30482.5,30489.0,30480.5,30487.25,227
2026-09-29 02:17:00-04:00,30478.0,30478.0,30481.25,30473.0,30481.25,191
2026-09-29 02:18:00-04:00,30473.5,30473.5,30481.5,30469.5,30477.25,147
2026-09-29 02:19:00-04:00,30480.0,30480.0,30484.75,30474.0,30474.75,194
2026-09-29 02:20:00-04:00,30485.5,30485.5,30486.0,30472.25,30479.25,120
2026-09-29 02:21:00-04:00,30496.0,30496.0,30498.75,30486.25,30486.25,160
2026-09-29 02:22:00-04:00,30506.5,30506.5,30509.0,30495.25,30496.0,207
2026-09-29 02:23:00-04:00,30505.0,30505.0,30507.75,30503.25,30506.5,74
2026-09-29 02:24:00-04:00,30501.25,30501.25,30504.75,30494.5,30504.75,123
2026-09-29 02:25:00-04:00,30501.5,30501.5,30511.0,30501.25,30502.25,125
2026-09-29 02:26:00-04:00,30507.75,30507.75,30511.75,30502.0,30502.0,76
2026-09-29 02:27:00-04:00,30507.0,30507.0,30514.75,30504.5,30508.25,136
2026-09-29 02:28:00-04:00,30513.25,30513.25,30518.75,30507.75,30508.0,81
2026-09-29 02:29:00-04:00,30524.5,30524.5,30527.75,30516.0,30516.25,195
2026-09-29 02:30:00-04:00,30537.75,30537.75,30541.25,30524.75,30524.75,400
2026-09-29 02:31:00-04:00,30541.25,30541.25,30547.5,30536.5,30539.25,197
2026-09-29 02:32:00-04:00,30543.0,30543.0,30543.0,30532.25,30540.5,142
2026-09-29 02:33:00-04:00,30544.25,30544.25,30545.25,30540.5,30541.75,58
2026-09-29 02:34:00-04:00,30547.0,30547.0,30551.25,30543.75,30544.5,143
2026-09-29 02:35:00-04:00,30543.0,30543.0,30547.5,30540.0,30547.5,100
2026-09-29 02:36:00-04:00,30540.0,30540.0,30546.0,30539.5,30544.25,91
2026-09-29 02:37:00-04:00,30544.0,30544.0,30544.0,30538.75,30541.0,114
2026-09-29 02:38:00-04:00,30545.0,30545.0,30547.75,30540.0,30543.5,114
2026-09-29 02:39:00-04:00,30544.25,30544.25,30546.5,30542.25,30544.0,76
2026-09-29 02:40:00-04:00,30551.75,30551.75,30556.0,30542.75,30543.25,170
2026-09-29 02:41:00-04:00,30550.25,30550.25,30552.0,30548.5,30551.5,167
2026-09-29 02:42:00-04:00,30553.25,30553.25,30555.75,30549.25,30550.75,173
2026-09-29 02:43:00-04:00,30550.5,30550.5,30556.5,30548.25,30553.5,99
2026-09-29 02:44:00-04:00,30555.75,30555.75,30555.75,30545.0,30550.25,99
2026-09-29 02:45:00-04:00,30554.5,30554.5,30555.75,30550.0,30555.75,115
2026-09-29 02:46:00-04:00,30551.0,30551.0,30555.75,30550.5,30555.75,50
2026-09-29 02:47:00-04:00,30552.25,30552.25,30556.5,30545.5,30550.5,90
2026-09-29 02:48:00-04:00,30551.75,30551.75,30553.75,30549.0,30552.75,74
2026-09-29 02:49:00-04:00,30552.0,30552.0,30552.75,30549.0,30552.25,59
2026-09-29 02:50:00-04:00,30550.25,30550.25,30553.5,30546.75,30552.25,63
2026-09-29 02:51:00-04:00,30551.0,30551.0,30551.25,30548.0,30549.75,44
2026-09-29 02:52:00-04:00,30552.75,30552.75,30555.5,30548.25,30551.0,90
2026-09-29 02:53:00-04:00,30554.25,30554.25,30556.25,30550.5,30553.75,83
2026-09-29 02:54:00-04:00,30556.75,30556.75,30558.0,30552.25,30553.0,180
2026-09-29 02:55:00-04:00,30551.5,30551.5,30557.5,30549.5,30555.25,92
2026-09-29 02:56:00-04:00,30545.5,30545.5,30552.0,30542.75,30551.0,100
2026-09-29 02:57:00-04:00,30548.25,30548.25,30549.25,30543.25,30546.0,80
2026-09-29 02:58:00-04:00,30542.0,30542.0,30549.0,30539.75,30549.0,88
2026-09-29 02:59:00-04:00,30548.25,30548.25,30549.0,30536.75,30542.25,187
2026-09-29 03:00:00-04:00,30540.25,30540.25,30553.0,30537.0,30548.75,267
2026-09-29 03:01:00-04:00,30530.75,30530.75,30541.75,30528.75,30540.5,255
2026-09-29 03:02:00-04:00,30534.5,30534.5,30535.5,30527.75,30531.5,193
2026-09-29 03:03:00-04:00,30543.75,30543.75,30548.0,30534.25,30535.5,164
2026-09-29 03:04:00-04:00,30552.5,30552.5,30554.0,30543.5,30545.25,134
2026-09-29 03:05:00-04:00,30556.25,30556.25,30559.5,30552.25,30553.5,150
2026-09-29 03:06:00-04:00,30555.25,30555.25,30559.25,30552.0,30556.75,77
2026-09-29 03:07:00-04:00,30553.25,30553.25,30561.0,30551.5,30553.0,119
2026-09-29 03:08:00-04:00,30554.25,30554.25,30555.5,30546.0,30552.25,87
2026-09-29 03:09:00-04:00,30562.75,30562.75,30563.5,30552.0,30555.0,87
2026-09-29 03:10:00-04:00,30557.25,30557.25,30564.75,30550.0,30563.0,145
2026-09-29 03:11:00-04:00,30558.75,30558.75,30559.75,30550.5,30558.25,95
2026-09-29 03:12:00-04:00,30556.5,30556.5,30561.75,30553.5,30558.25,132
2026-09-29 03:13:00-04:00,30557.75,30557.75,30559.75,30552.0,30555.75,159
2026-09-29 03:14:00-04:00,30559.75,30559.75,30560.0,30551.5,30555.25,103
2026-09-29 03:15:00-04:00,30555.0,30555.0,30564.75,30553.75,30560.5,126
2026-09-29 03:16:00-04:00,30556.0,30556.0,30559.25,30551.75,30559.25,97
2026-09-29 03:17:00-04:00,30551.5,30551.5,30556.5,30550.0,30555.5,67
2026-09-29 03:18:00-04:00,30553.75,30553.75,30557.5,30552.0,30553.25,37
2026-09-29 03:19:00-04:00,30557.75,30557.75,30560.0,30551.5,30553.5,73
2026-09-29 03:20:00-04:00,30559.0,30559.0,30564.0,30555.5,30557.75,71
2026-09-29 03:21:00-04:00,30562.25,30562.25,30567.5,30558.75,30559.25,85
2026-09-29 03:22:00-04:00,30561.75,30561.75,30568.5,30561.0,30562.0,90
2026-09-29 03:23:00-04:00,30573.25,30573.25,30575.75,30556.25,30561.75,182
2026-09-29 03:24:00-04:00,30576.5,30576.5,30576.5,30568.5,30571.75,134
2026-09-29 03:25:00-04:00,30578.25,30578.25,30585.0,30576.75,30577.0,128
2026-09-29 03:26:00-04:00,30581.0,30581.0,30582.25,30577.0,30578.75,78
2026-09-29 03:27:00-04:00,30591.25,30591.25,30596.0,30581.0,30582.0,216
2026-09-29 03:28:00-04:00,30580.0,30580.0,30591.75,30573.5,30590.5,193
2026-09-29 03:29:00-04:00,30577.25,30577.25,30580.5,30576.0,30579.5,86
2026-09-29 03:30:00-04:00,30588.25,30588.25,30588.25,30575.25,30578.5,172
2026-09-29 03:31:00-04:00,30586.25,30586.25,30588.0,30577.25,30588.0,147
2026-09-29 03:32:00-04:00,30596.75,30596.75,30598.5,30585.0,30586.25,136
2026-09-29 03:33:00-04:00,30598.75,30598.75,30600.25,30596.0,30598.0,159
2026-09-29 03:34:00-04:00,30601.25,30601.25,30603.75,30598.25,30601.0,133
2026-09-29 03:35:00-04:00,30605.0,30605.0,30606.0,30600.0,30601.0,180
2026-09-29 03:36:00-04:00,30607.5,30607.5,30608.5,30601.5,30603.75,132
2026-09-29 03:37:00-04:00,30609.75,30609.75,30610.25,30605.0,30607.5,142
2026-09-29 03:38:00-04:00,30613.0,30613.0,30615.0,30609.5,30610.5,170
2026-09-29 03:39:00-04:00,30613.0,30613.0,30626.5,30605.25,30612.5,646
2026-09-29 03:40:00-04:00,30606.25,30606.25,30612.25,30595.5,30612.25,338
2026-09-29 03:41:00-04:00,30598.0,30598.0,30605.0,30597.25,30605.0,119
2026-09-29 03:42:00-04:00,30596.25,30596.25,30600.75,30595.5,30598.0,116
2026-09-29 03:43:00-04:00,30594.75,30594.75,30600.5,30594.75,30596.5,66
2026-09-29 03:44:00-04:00,30588.25,30588.25,30594.75,30585.5,30594.0,163
2026-09-29 03:45:00-04:00,30590.5,30590.5,30596.0,30589.0,30589.5,148
2026-09-29 03:46:00-04:00,30593.5,30593.5,30594.0,30585.5,30589.75,78
2026-09-29 03:47:00-04:00,30591.0,30591.0,30594.75,30591.0,30593.25,53
2026-09-29 03:48:00-04:00,30593.5,30593.5,30594.5,30590.5,30591.25,26
2026-09-29 03:49:00-04:00,30587.5,30587.5,30592.5,30587.25,30591.5,69
2026-09-29 03:50:00-04:00,30593.5,30593.5,30593.5,30581.25,30587.25,113
2026-09-29 03:51:00-04:00,30590.0,30590.0,30592.25,30586.75,30592.25,35
2026-09-29 03:52:00-04:00,30587.5,30587.5,30592.0,30586.0,30588.25,40
2026-09-29 03:53:00-04:00,30588.5,30588.5,30588.75,30585.75,30588.0,18
2026-09-29 03:54:00-04:00,30586.25,30586.25,30591.0,30586.25,30589.5,43
2026-09-29 03:55:00-04:00,30584.0,30584.0,30586.75,30582.25,30586.75,63
2026-09-29 03:56:00-04:00,30586.25,30586.25,30587.75,30582.75,30584.5,52
2026-09-29 03:57:00-04:00,30580.5,30580.5,30586.25,30580.5,30585.75,50
2026-09-29 03:58:00-04:00,30584.25,30584.25,30588.5,30579.75,30580.75,84
2026-09-29 03:59:00-04:00,30581.25,30581.25,30584.0,30578.75,30584.0,55
2026-09-29 04:00:00-04:00,30589.25,30589.25,30589.75,30577.75,30580.75,231
2026-09-29 04:01:00-04:00,30600.25,30600.25,30601.25,30583.5,30588.25,208
2026-09-29 04:02:00-04:00,30597.25,30597.25,30610.5,30597.25,30600.0,256
2026-09-29 04:03:00-04:00,30590.5,30590.5,30598.0,30590.0,30596.5,149
2026-09-29 04:04:00-04:00,30586.25,30586.25,30593.0,30581.0,30589.75,130
2026-09-29 04:05:00-04:00,30587.5,30587.5,30596.75,30583.75,30587.0,203
2026-09-29 04:06:00-04:00,30586.5,30586.5,30595.5,30580.0,30588.25,221
2026-09-29 04:07:00-04:00,30570.25,30570.25,30585.0,30570.0,30584.5,180
2026-09-29 04:08:00-04:00,30573.5,30573.5,30576.5,30570.25,30570.5,122
2026-09-29 04:09:00-04:00,30575.5,30575.5,30576.5,30569.75,30573.75,106
2026-09-29 04:10:00-04:00,30576.75,30576.75,30582.75,30576.75,30578.0,79
2026-09-29 04:11:00-04:00,30577.0,30577.0,30577.5,30573.25,30577.5,65
2026-09-29 04:12:00-04:00,30577.25,30577.25,30584.25,30575.25,30578.25,68
2026-09-29 04:13:00-04:00,30586.5,30586.5,30587.5,30576.5,30579.0,64
2026-09-29 04:14:00-04:00,30582.25,30582.25,30589.25,30580.75,30586.75,82
2026-09-29 04:15:00-04:00,30592.75,30592.75,30595.75,30583.25,30583.25,118
2026-09-29 04:16:00-04:00,30593.5,30593.5,30597.75,30591.0,30592.75,50
2026-09-29 04:17:00-04:00,30597.5,30597.5,30606.5,30594.75,30594.75,147
2026-09-29 04:18:00-04:00,30606.25,30606.25,30607.5,30597.75,30597.75,70
2026-09-29 04:19:00-04:00,30612.25,30612.25,30614.0,30602.5,30604.0,123
2026-09-29 04:20:00-04:00,30617.5,30617.5,30618.25,30607.5,30612.75,114
2026-09-29 04:21:00-04:00,30628.75,30628.75,30633.0,30617.5,30617.5,356
2026-09-29 04:22:00-04:00,30626.25,30626.25,30635.25,30624.0,30628.5,244
2026-09-29 04:23:00-04:00,30613.5,30613.5,30626.0,30612.0,30626.0,179
2026-09-29 04:24:00-04:00,30617.75,30617.75,30619.75,30608.5,30613.25,119
2026-09-29 04:25:00-04:00,30619.5,30619.5,30620.5,30614.25,30617.5,108
2026-09-29 04:26:00-04:00,30616.75,30616.75,30619.0,30612.25,30614.75,58
2026-09-29 04:27:00-04:00,30613.75,30613.75,30617.5,30606.25,30617.5,72
2026-09-29 04:28:00-04:00,30611.25,30611.25,30618.25,30611.0,30613.25,86
2026-09-29 04:29:00-04:00,30605.0,30605.0,30618.5,30605.0,30611.25,65
2026-09-29 04:30:00-04:00,30597.0,30597.0,30611.25,30594.0,30606.25,187
2026-09-29 04:31:00-04:00,30602.75,30602.75,30607.5,30595.0,30596.5,81
2026-09-29 04:32:00-04:00,30605.75,30605.75,30607.25,30598.5,30603.75,58
2026-09-29 04:33:00-04:00,30606.0,30606.0,30606.5,30599.0,30605.5,28
2026-09-29 04:34:00-04:00,30600.25,30600.25,30603.25,30599.5,30603.25,33
2026-09-29 04:35:00-04:00,30604.0,30604.0,30604.25,30601.5,30602.25,31
2026-09-29 04:36:00-04:00,30602.25,30602.25,30604.75,30596.0,30604.25,105
2026-09-29 04:37:00-04:00,30603.5,30603.5,30604.5,30597.25,30602.25,29
2026-09-29 04:38:00-04:00,30607.75,30607.75,30610.0,30602.75,30602.75,85
2026-09-29 04:39:00-04:00,30620.25,30620.25,30623.0,30610.0,30610.0,129
2026-09-29 04:40:00-04:00,30610.5,30610.5,30621.0,30608.25,30619.0,83
2026-09-29 04:41:00-04:00,30613.75,30613.75,30615.5,30606.75,30612.25,113
2026-09-29 04:42:00-04:00,30615.25,30615.25,30615.75,30611.0,30613.0,18
2026-09-29 04:43:00-04:00,30622.0,30622.0,30622.75,30616.0,30616.25,74
2026-09-29 04:44:00-04:00,30626.5,30626.5,30626.5,30620.5,30621.75,101
2026-09-29 04:45:00-04:00,30620.25,30620.25,30626.0,30619.25,30626.0,126
2026-09-29 04:46:00-04:00,30622.0,30622.0,30626.25,30617.25,30621.75,166
2026-09-29 04:47:00-04:00,30622.5,30622.5,30625.25,30622.5,30623.75,50
2026-09-29 04:48:00-04:00,30626.25,30626.25,30627.25,30622.25,30622.5,51
2026-09-29 04:49:00-04:00,30624.0,30624.0,30628.0,30622.5,30625.75,52
2026-09-29 04:50:00-04:00,30615.75,30615.75,30624.25,30613.75,30623.5,89
2026-09-29 04:51:00-04:00,30605.75,30605.75,30618.25,30604.25,30616.75,189
2026-09-29 04:52:00-04:00,30593.0,30593.0,30605.75,30590.5,30605.75,199
2026-09-29 04:53:00-04:00,30587.75,30587.75,30594.75,30587.75,30593.0,176
2026-09-29 04:54:00-04:00,30583.25,30583.25,30590.25,30581.5,30589.0,148
2026-09-29 04:55:00-04:00,30591.75,30591.75,30593.25,30582.25,30582.25,108
2026-09-29 04:56:00-04:00,30594.25,30594.25,30595.75,30592.0,30592.25,54
2026-09-29 04:57:00-04:00,30584.75,30584.75,30595.0,30581.0,30593.75,91
2026-09-29 04:58:00-04:00,30589.0,30589.0,30589.0,30584.5,30584.75,36
2026-09-29 04:59:00-04:00,30600.0,30600.0,30604.5,30587.25,30590.25,95
2026-09-29 05:00:00-04:00,30596.5,30596.5,30605.25,30589.0,30599.75,208
2026-09-29 05:01:00-04:00,30602.0,30602.0,30607.5,30596.5,30597.5,108
2026-09-29 05:02:00-04:00,30598.25,30598.25,30604.5,30596.5,30602.0,87
2026-09-29 05:03:00-04:00,30582.25,30582.25,30597.5,30579.25,30597.5,137
2026-09-29 05:04:00-04:00,30588.75,30588.75,30589.0,30581.0,30583.25,68
2026-09-29 05:05:00-04:00,30583.5,30583.5,30590.75,30583.5,30590.0,40
2026-09-29 05:06:00-04:00,30585.0,30585.0,30588.25,30579.75,30583.75,59
2026-09-29 05:07:00-04:00,30582.75,30582.75,30584.25,30576.5,30583.25,98
2026-09-29 05:08:00-04:00,30582.75,30582.75,30586.75,30582.25,30582.75,33
2026-09-29 05:09:00-04:00,30589.0,30589.0,30589.0,30582.75,30583.5,45
2026-09-29 05:10:00-04:00,30582.5,30582.5,30588.75,30580.0,30588.75,141
2026-09-29 05:11:00-04:00,30582.0,30582.0,30583.0,30578.75,30581.5,35
2026-09-29 05:12:00-04:00,30584.75,30584.75,30586.0,30578.5,30579.75,49
2026-09-29 05:13:00-04:00,30579.75,30579.75,30590.0,30579.25,30584.75,107
2026-09-29 05:14:00-04:00,30575.5,30575.5,30581.75,30572.75,30580.0,92
2026-09-29 05:15:00-04:00,30564.5,30564.5,30576.0,30562.0,30575.75,159
2026-09-29 05:16:00-04:00,30564.25,30564.25,30568.25,30562.0,30565.0,101
2026-09-29 05:17:00-04:00,30567.5,30567.5,30569.5,30564.75,30564.75,69
2026-09-29 05:18:00-04:00,30571.25,30571.25,30576.25,30565.0,30567.25,112
2026-09-29 05:19:00-04:00,30575.5,30575.5,30576.75,30572.25,30572.75,65
2026-09-29 05:20:00-04:00,30575.5,30575.5,30577.25,30566.25,30574.75,67
2026-09-29 05:21:00-04:00,30574.0,30574.0,30577.25,30570.5,30576.5,70
2026-09-29 05:22:00-04:00,30566.5,30566.5,30571.5,30566.5,30571.5,44
2026-09-29 05:23:00-04:00,30550.75,30550.75,30567.0,30550.0,30565.75,287
2026-09-29 05:24:00-04:00,30558.5,30558.5,30559.25,30550.25,30551.0,110
2026-09-29 05:25:00-04:00,30556.5,30556.5,30557.0,30552.75,30557.0,102
2026-09-29 05:26:00-04:00,30550.5,30550.5,30556.0,30545.75,30556.0,155
2026-09-29 05:27:00-04:00,30554.0,30554.0,30554.0,30549.5,30550.5,34
2026-09-29 05:28:00-04:00,30557.25,30557.25,30557.25,30552.5,30552.5,42
2026-09-29 05:29:00-04:00,30550.0,30550.0,30559.25,30550.0,30556.25,35
2026-09-29 05:30:00-04:00,30548.0,30548.0,30551.25,30540.75,30550.25,196
2026-09-29 05:31:00-04:00,30540.0,30540.0,30549.0,30537.75,30546.75,163
2026-09-29 05:32:00-04:00,30541.5,30541.5,30548.5,30540.0,30540.0,131
2026-09-29 05:33:00-04:00,30547.0,30547.0,30550.25,30542.5,30542.5,108
2026-09-29 05:34:00-04:00,30550.5,30550.5,30550.75,30545.75,30548.0,85
2026-09-29 05:35:00-04:00,30554.75,30554.75,30556.25,30550.25,30551.25,82
2026-09-29 05:36:00-04:00,30547.5,30547.5,30554.25,30547.25,30551.25,42
2026-09-29 05:37:00-04:00,30551.25,30551.25,30551.25,30545.25,30545.25,41
2026-09-29 05:38:00-04:00,30554.25,30554.25,30555.5,30550.75,30552.75,52
2026-09-29 05:39:00-04:00,30555.25,30555.25,30558.75,30549.5,30554.75,92
2026-09-29 05:40:00-04:00,30562.0,30562.0,30562.0,30556.25,30558.0,97
2026-09-29 05:41:00-04:00,30558.5,30558.5,30562.25,30555.5,30561.5,57
2026-09-29 05:42:00-04:00,30559.5,30559.5,30559.5,30554.25,30556.75,43
2026-09-29 05:43:00-04:00,30574.75,30574.75,30574.75,30560.25,30560.25,155
2026-09-29 05:44:00-04:00,30579.75,30579.75,30580.0,30570.0,30574.75,130
2026-09-29 05:45:00-04:00,30576.0,30576.0,30583.0,30573.25,30580.0,172
2026-09-29 05:46:00-04:00,30573.75,30573.75,30576.0,30571.5,30575.75,64
2026-09-29 05:47:00-04:00,30588.5,30588.5,30594.0,30572.25,30573.5,273
2026-09-29 05:48:00-04:00,30587.75,30587.75,30591.5,30582.75,30584.75,123
2026-09-29 05:49:00-04:00,30578.5,30578.5,30587.75,30574.5,30585.25,181
2026-09-29 05:50:00-04:00,30579.5,30579.5,30581.25,30574.0,30578.0,104
2026-09-29 05:51:00-04:00,30570.0,30570.0,30579.5,30570.0,30579.5,72
2026-09-29 05:52:00-04:00,30566.0,30566.0,30570.0,30560.75,30568.5,189
2026-09-29 05:53:00-04:00,30578.5,30578.5,30578.75,30563.75,30565.5,66
2026-09-29 05:54:00-04:00,30581.75,30581.75,30597.5,30579.0,30579.5,193
2026-09-29 05:55:00-04:00,30585.75,30585.75,30590.25,30573.0,30580.75,391
2026-09-29 05:56:00-04:00,30570.25,30570.25,30588.25,30568.25,30584.75,88
2026-09-29 05:57:00-04:00,30563.5,30563.5,30573.25,30563.25,30571.25,47
2026-09-29 05:58:00-04:00,30571.5,30571.5,30571.5,30558.0,30562.75,78
2026-09-29 05:59:00-04:00,30568.25,30568.25,30572.25,30566.75,30571.75,27
2026-09-29 06:00:00-04:00,30573.5,30573.5,30576.5,30565.25,30567.5,69
2026-09-29 06:01:00-04:00,30581.25,30581.25,30583.25,30571.0,30573.75,91
2026-09-29 06:02:00-04:00,30577.0,30577.0,30583.5,30572.75,30579.5,153
2026-09-29 06:03:00-04:00,30590.0,30590.0,30592.0,30577.25,30577.25,82
2026-09-29 06:04:00-04:00,30589.0,30589.0,30592.5,30585.75,30592.0,61
2026-09-29 06:05:00-04:00,30592.25,30592.25,30597.75,30590.25,30591.0,69
2026-09-29 06:06:00-04:00,30597.0,30597.0,30597.0,30591.75,30592.0,76
2026-09-29 06:07:00-04:00,30596.25,30596.25,30598.25,30589.75,30598.25,58
2026-09-29 06:08:00-04:00,30597.25,30597.25,30601.5,30594.5,30596.25,91
2026-09-29 06:09:00-04:00,30606.75,30606.75,30607.0,30597.25,30597.25,89
2026-09-29 06:10:00-04:00,30612.0,30612.0,30614.25,30605.75,30607.5,232
2026-09-29 06:11:00-04:00,30609.0,30609.0,30616.25,30609.0,30612.5,598
2026-09-29 06:12:00-04:00,30613.5,30613.5,30613.5,30608.5,30610.25,47
2026-09-29 06:13:00-04:00,30610.0,30610.0,30614.0,30608.25,30613.75,122
2026-09-29 06:14:00-04:00,30605.0,30605.0,30610.25,30605.0,30610.25,68
2026-09-29 06:15:00-04:00,30597.0,30597.0,30605.75,30596.0,30605.75,144
2026-09-29 06:16:00-04:00,30590.25,30590.25,30601.25,30590.0,30596.5,114
2026-09-29 06:17:00-04:00,30592.0,30592.0,30595.75,30585.5,30590.0,140
2026-09-29 06:18:00-04:00,30594.5,30594.5,30595.25,30589.25,30592.75,41
2026-09-29 06:19:00-04:00,30584.5,30584.5,30595.75,30584.5,30594.5,104
2026-09-29 06:20:00-04:00,30589.0,30589.0,30591.75,30586.5,30586.75,43
2026-09-29 06:21:00-04:00,30588.5,30588.5,30591.5,30585.25,30591.0,92
2026-09-29 06:22:00-04:00,30591.5,30591.5,30593.25,30586.5,30588.0,174
2026-09-29 06:23:00-04:00,30591.75,30591.75,30595.0,30590.75,30590.75,57
2026-09-29 06:24:00-04:00,30595.25,30595.25,30596.25,30591.75,30592.5,45
2026-09-29 06:25:00-04:00,30600.0,30600.0,30600.75,30592.25,30592.75,60
2026-09-29 06:26:00-04:00,30594.0,30594.0,30599.5,30592.0,30599.5,92
2026-09-29 06:27:00-04:00,30595.0,30595.0,30597.0,30593.5,30594.0,21
2026-09-29 06:28:00-04:00,30599.0,30599.0,30599.25,30594.5,30594.5,33
2026-09-29 06:29:00-04:00,30609.5,30609.5,30609.75,30600.0,30600.0,104
2026-09-29 06:30:00-04:00,30612.25,30612.25,30615.5,30610.0,30610.0,79
2026-09-29 06:31:00-04:00,30609.25,30609.25,30613.0,30606.75,30612.0,49
2026-09-29 06:32:00-04:00,30598.0,30598.0,30611.75,30592.75,30609.0,351
2026-09-29 06:33:00-04:00,30595.0,30595.0,30599.25,30590.25,30598.5,95
2026-09-29 06:34:00-04:00,30595.0,30595.0,30597.0,30592.25,30596.25,39
2026-09-29 06:35:00-04:00,30599.25,30599.25,30600.5,30592.75,30595.0,42
2026-09-29 06:36:00-04:00,30606.25,30606.25,30606.25,30597.25,30598.25,56
2026-09-29 06:37:00-04:00,30610.25,30610.25,30610.25,30603.0,30605.75,98
2026-09-29 06:38:00-04:00,30605.75,30605.75,30613.25,30605.75,30610.25,73
2026-09-29 06:39:00-04:00,30615.0,30615.0,30615.0,30606.75,30607.0,59
2026-09-29 06:40:00-04:00,30616.0,30616.0,30619.5,30611.75,30614.75,112
2026-09-29 06:41:00-04:00,30612.0,30612.0,30615.25,30611.0,30614.5,44
2026-09-29 06:42:00-04:00,30609.25,30609.25,30611.75,30608.0,30609.75,33
2026-09-29 06:43:00-04:00,30609.75,30609.75,30614.0,30608.0,30609.0,33
2026-09-29 06:44:00-04:00,30615.0,30615.0,30615.5,30610.25,30610.25,70
2026-09-29 06:45:00-04:00,30613.5,30613.5,30616.5,30610.0,30615.0,51
2026-09-29 06:46:00-04:00,30619.0,30619.0,30619.5,30612.75,30612.75,37
2026-09-29 06:47:00-04:00,30614.5,30614.5,30618.25,30608.5,30618.25,48
2026-09-29 06:48:00-04:00,30616.25,30616.25,30616.25,30611.0,30611.0,30
2026-09-29 06:49:00-04:00,30615.0,30615.0,30617.0,30610.0,30615.5,80
2026-09-29 06:50:00-04:00,30613.25,30613.25,30616.25,30608.25,30615.25,118
2026-09-29 06:51:00-04:00,30617.5,30617.5,30617.5,30611.5,30615.0,47
2026-09-29 06:52:00-04:00,30625.5,30625.5,30625.5,30615.25,30617.5,150
2026-09-29 06:53:00-04:00,30626.25,30626.25,30627.5,30622.75,30624.75,94
2026-09-29 06:54:00-04:00,30624.25,30624.25,30629.25,30623.75,30626.75,105
2026-09-29 06:55:00-04:00,30626.75,30626.75,30626.75,30615.75,30623.75,124
2026-09-29 06:56:00-04:00,30636.25,30636.25,30639.75,30624.0,30625.0,405
2026-09-29 06:57:00-04:00,30633.5,30633.5,30638.0,30629.25,30636.25,324
2026-09-29 06:58:00-04:00,30641.5,30641.5,30641.5,30632.25,30633.25,127
2026-09-29 06:59:00-04:00,30642.0,30642.0,30643.25,30638.5,30640.0,157
2026-09-29 07:00:00-04:00,30657.5,30657.5,30658.0,30641.0,30642.25,414
2026-09-29 07:01:00-04:00,30654.5,30654.5,30659.5,30653.5,30657.0,265
2026-09-29 07:02:00-04:00,30647.25,30647.25,30655.0,30645.75,30653.5,185
2026-09-29 07:03:00-04:00,30658.5,30658.5,30668.75,30647.5,30649.5,286
2026-09-29 07:04:00-04:00,30655.0,30655.0,30659.25,30646.0,30658.25,233
2026-09-29 07:05:00-04:00,30663.75,30663.75,30663.75,30654.0,30654.0,117
2026-09-29 07:06:00-04:00,30663.0,30663.0,30669.0,30658.75,30662.0,132
2026-09-29 07:07:00-04:00,30654.75,30654.75,30661.75,30652.5,30661.75,83
2026-09-29 07:08:00-04:00,30648.0,30648.0,30656.5,30648.0,30652.25,128
2026-09-29 07:09:00-04:00,30637.25,30637.25,30649.25,30632.0,30649.25,269
2026-09-29 07:10:00-04:00,30635.5,30635.5,30641.0,30633.5,30636.75,109
2026-09-29 07:11:00-04:00,30633.75,30633.75,30638.25,30632.25,30635.75,117
2026-09-29 07:12:00-04:00,30637.0,30637.0,30637.0,30630.5,30633.0,91
2026-09-29 07:13:00-04:00,30634.0,30634.0,30639.0,30631.75,30638.0,119
2026-09-29 07:14:00-04:00,30638.75,30638.75,30640.25,30629.0,30634.5,96
2026-09-29 07:15:00-04:00,30637.0,30637.0,30646.5,30636.0,30639.5,192
2026-09-29 07:16:00-04:00,30639.0,30639.0,30641.25,30635.75,30638.25,75
2026-09-29 07:17:00-04:00,30637.0,30637.0,30641.25,30634.5,30640.0,55
2026-09-29 07:18:00-04:00,30649.0,30649.0,30649.25,30635.75,30637.25,140
2026-09-29 07:19:00-04:00,30640.0,30640.0,30649.5,30639.25,30649.5,144
2026-09-29 07:20:00-04:00,30650.5,30650.5,30651.75,30635.75,30641.5,109
2026-09-29 07:21:00-04:00,30649.75,30649.75,30654.25,30648.0,30649.75,178
2026-09-29 07:22:00-04:00,30650.75,30650.75,30652.75,30649.0,30649.5,42
2026-09-29 07:23:00-04:00,30650.5,30650.5,30652.25,30646.25,30651.75,69
2026-09-29 07:24:00-04:00,30652.5,30652.5,30654.25,30649.5,30651.0,95
2026-09-29 07:25:00-04:00,30650.5,30650.5,30654.5,30650.0,30652.25,85
2026-09-29 07:26:00-04:00,30651.5,30651.5,30654.0,30649.5,30652.5,122
2026-09-29 07:27:00-04:00,30649.5,30649.5,30651.5,30645.75,30651.5,76
2026-09-29 07:28:00-04:00,30642.0,30642.0,30653.0,30640.75,30650.5,118
2026-09-29 07:29:00-04:00,30645.0,30645.0,30646.0,30642.75,30644.0,71
2026-09-29 07:30:00-04:00,30644.0,30644.0,30647.0,30642.75,30646.25,94
2026-09-29 07:31:00-04:00,30639.75,30639.75,30645.5,30638.5,30643.75,65
2026-09-29 07:32:00-04:00,30648.25,30648.25,30654.0,30639.5,30639.5,115
2026-09-29 07:33:00-04:00,30657.75,30657.75,30658.0,30648.25,30648.25,107
2026-09-29 07:34:00-04:00,30652.5,30652.5,30657.5,30650.0,30657.5,117
2026-09-29 07:35:00-04:00,30660.25,30660.25,30663.5,30652.75,30652.75,124
2026-09-29 07:36:00-04:00,30659.0,30659.0,30660.25,30654.0,30659.75,68
2026-09-29 07:37:00-04:00,30663.5,30663.5,30665.25,30655.0,30658.75,102
2026-09-29 07:38:00-04:00,30662.75,30662.75,30664.5,30662.25,30664.0,88
2026-09-29 07:39:00-04:00,30660.75,30660.75,30666.0,30658.75,30662.5,89
2026-09-29 07:40:00-04:00,30666.0,30666.0,30666.5,30661.25,30661.75,110
2026-09-29 07:41:00-04:00,30654.5,30654.5,30665.25,30650.5,30665.25,178
2026-09-29 07:42:00-04:00,30651.0,30651.0,30656.0,30646.5,30653.75,166
2026-09-29 07:43:00-04:00,30658.75,30658.75,30661.5,30649.5,30650.5,132
2026-09-29 07:44:00-04:00,30659.25,30659.25,30661.5,30657.5,30659.0,124
2026-09-29 07:45:00-04:00,30652.25,30652.25,30659.5,30647.0,30659.25,181
2026-09-29 07:46:00-04:00,30651.0,30651.0,30653.25,30646.25,30651.75,227
2026-09-29 07:47:00-04:00,30651.5,30651.5,30654.75,30643.5,30650.5,323
2026-09-29 07:48:00-04:00,30652.25,30652.25,30655.0,30649.0,30650.5,81
2026-09-29 07:49:00-04:00,30697.5,30697.5,30702.75,30636.5,30650.25,1966
2026-09-29 07:50:00-04:00,30694.25,30694.25,30707.0,30685.5,30697.0,696
2026-09-29 07:51:00-04:00,30669.5,30669.5,30694.5,30666.5,30694.0,442
2026-09-29 07:52:00-04:00,30679.5,30679.5,30681.5,30670.5,30670.5,201
2026-09-29 07:53:00-04:00,30681.75,30681.75,30689.0,30676.5,30679.25,169
2026-09-29 07:54:00-04:00,30686.0,30686.0,30687.0,30674.0,30681.25,109
2026-09-29 07:55:00-04:00,30687.0,30687.0,30692.25,30684.0,30686.75,150
2026-09-29 07:56:00-04:00,30686.0,30686.0,30688.25,30683.75,30687.25,64
2026-09-29 07:57:00-04:00,30682.25,30682.25,30687.75,30679.25,30685.5,99
2026-09-29 07:58:00-04:00,30685.25,30685.25,30685.5,30678.5,30683.25,51
2026-09-29 07:59:00-04:00,30682.0,30682.0,30686.75,30681.25,30685.25,94
2026-09-29 08:00:00-04:00,30692.25,30692.25,30694.0,30678.5,30681.25,343
2026-09-29 08:01:00-04:00,30699.0,30699.0,30703.25,30691.0,30691.25,212
2026-09-29 08:02:00-04:00,30701.25,30701.25,30702.0,30696.0,30699.25,89
2026-09-29 08:03:00-04:00,30691.0,30691.0,30701.75,30687.25,30700.75,181
2026-09-29 08:04:00-04:00,30699.75,30699.75,30705.5,30689.75,30691.25,173
2026-09-29 08:05:00-04:00,30688.0,30688.0,30700.25,30686.75,30700.25,136
2026-09-29 08:06:00-04:00,30694.0,30694.0,30697.25,30685.5,30688.25,154
2026-09-29 08:07:00-04:00,30695.0,30695.0,30696.75,30688.0,30693.75,139
2026-09-29 08:08:00-04:00,30690.0,30690.0,30694.5,30688.75,30693.75,76
2026-09-29 08:09:00-04:00,30689.25,30689.25,30700.0,30689.25,30690.5,135
2026-09-29 08:10:00-04:00,30693.0,30693.0,30695.0,30688.0,30689.25,110
2026-09-29 08:11:00-04:00,30690.25,30690.25,30695.25,30687.25,30694.25,93
2026-09-29 08:12:00-04:00,30694.0,30694.0,30696.5,30688.75,30692.75,110
2026-09-29 08:13:00-04:00,30698.75,30698.75,30708.75,30692.75,30693.25,467
2026-09-29 08:14:00-04:00,30699.5,30699.5,30699.5,30693.75,30698.5,138
2026-09-29 08:15:00-04:00,30714.5,30714.5,30717.0,30698.75,30699.25,416
2026-09-29 08:16:00-04:00,30711.75,30711.75,30717.75,30711.75,30714.5,211
2026-09-29 08:17:00-04:00,30701.75,30701.75,30711.5,30700.75,30711.5,194
2026-09-29 08:18:00-04:00,30695.0,30695.0,30704.5,30691.0,30701.5,196
2026-09-29 08:19:00-04:00,30694.75,30694.75,30696.5,30685.75,30696.0,221
2026-09-29 08:20:00-04:00,30688.25,30688.25,30702.75,30687.0,30692.75,250
2026-09-29 08:21:00-04:00,30686.0,30686.0,30689.25,30683.5,30688.5,216
2026-09-29 08:22:00-04:00,30689.25,30689.25,30691.25,30685.0,30685.0,99
2026-09-29 08:23:00-04:00,30684.25,30684.25,30693.5,30680.5,30690.75,157
2026-09-29 08:24:00-04:00,30677.25,30677.25,30685.25,30669.5,30685.25,343
2026-09-29 08:25:00-04:00,30668.5,30668.5,30678.25,30666.75,30678.25,261
2026-09-29 08:26:00-04:00,30667.75,30667.75,30671.5,30656.5,30666.75,586
2026-09-29 08:27:00-04:00,30659.0,30659.0,30674.25,30655.25,30667.0,254
2026-09-29 08:28:00-04:00,30663.75,30663.75,30665.75,30658.0,30660.5,165
2026-09-29 08:29:00-04:00,30675.5,30675.5,30676.5,30662.75,30663.25,152
2026-09-29 08:30:00-04:00,30667.25,30667.25,30680.0,30665.75,30674.25,322
2026-09-29 08:31:00-04:00,30666.0,30666.0,30668.5,30662.75,30667.5,161
2026-09-29 08:32:00-04:00,30675.25,30675.25,30680.5,30667.0,30667.25,220
2026-09-29 08:33:00-04:00,30664.75,30664.75,30675.25,30663.75,30674.75,158
2026-09-29 08:34:00-04:00,30667.0,30667.0,30668.25,30657.75,30665.0,152
2026-09-29 08:35:00-04:00,30666.75,30666.75,30669.5,30661.0,30666.75,117
2026-09-29 08:36:00-04:00,30665.0,30665.0,30667.25,30661.75,30666.25,115
2026-09-29 08:37:00-04:00,30664.75,30664.75,30667.75,30658.75,30667.25,111
2026-09-29 08:38:00-04:00,30665.5,30665.5,30668.25,30663.5,30663.5,75
2026-09-29 08:39:00-04:00,30651.25,30651.25,30666.25,30650.5,30666.25,233
2026-09-29 08:40:00-04:00,30653.5,30653.5,30655.5,30648.0,30652.25,751
2026-09-29 08:41:00-04:00,30650.25,30650.25,30654.75,30646.75,30653.75,220
2026-09-29 08:42:00-04:00,30649.0,30649.0,30653.0,30648.5,30649.75,140
2026-09-29 08:43:00-04:00,30654.5,30654.5,30655.25,30649.0,30649.0,144
2026-09-29 08:44:00-04:00,30652.25,30652.25,30659.5,30644.0,30654.5,730
2026-09-29 08:45:00-04:00,30642.25,30642.25,30653.0,30642.25,30652.75,212
2026-09-29 08:46:00-04:00,30640.25,30640.25,30644.75,30639.5,30643.0,168
2026-09-29 08:47:00-04:00,30633.0,30633.0,30645.25,30632.0,30640.25,334
2026-09-29 08:48:00-04:00,30645.0,30645.0,30645.25,30632.5,30633.25,191
2026-09-29 08:49:00-04:00,30643.25,30643.25,30645.75,30637.75,30644.5,201
2026-09-29 08:50:00-04:00,30643.5,30643.5,30646.5,30643.0,30644.25,122
2026-09-29 08:51:00-04:00,30642.0,30642.0,30643.25,30638.5,30642.75,105
2026-09-29 08:52:00-04:00,30641.5,30641.5,30646.0,30640.75,30641.5,106
2026-09-29 08:53:00-04:00,30635.0,30635.0,30641.25,30633.0,30641.25,209
2026-09-29 08:54:00-04:00,30634.5,30634.5,30637.25,30630.0,30634.75,169
2026-09-29 08:55:00-04:00,30636.0,30636.0,30638.75,30634.0,30635.25,96
2026-09-29 08:56:00-04:00,30639.0,30639.0,30639.5,30634.5,30636.0,76
2026-09-29 08:57:00-04:00,30637.75,30637.75,30639.25,30634.75,30639.25,102
2026-09-29 08:58:00-04:00,30634.5,30634.5,30641.0,30633.25,30637.5,123
2026-09-29 08:59:00-04:00,30632.0,30632.0,30639.25,30629.0,30634.75,269
2026-09-29 09:00:00-04:00,30633.0,30633.0,30647.0,30630.75,30631.25,478
2026-09-29 09:01:00-04:00,30636.0,30636.0,30637.5,30629.75,30633.5,257
2026-09-29 09:02:00-04:00,30643.0,30643.0,30645.25,30635.75,30636.5,194
2026-09-29 09:03:00-04:00,30642.5,30642.5,30648.75,30642.5,30643.5,285
2026-09-29 09:04:00-04:00,30637.25,30637.25,30644.25,30635.0,30643.0,291
2026-09-29 09:05:00-04:00,30639.25,30639.25,30640.75,30633.25,30637.0,226
2026-09-29 09:06:00-04:00,30645.25,30645.25,30646.75,30636.0,30640.0,222
2026-09-29 09:07:00-04:00,30647.25,30647.25,30647.25,30639.75,30645.0,191
2026-09-29 09:08:00-04:00,30650.0,30650.0,30651.5,30644.5,30646.75,232
2026-09-29 09:09:00-04:00,30662.75,30662.75,30663.25,30650.75,30650.75,676
2026-09-29 09:10:00-04:00,30661.0,30661.0,30666.25,30658.5,30662.5,296
2026-09-29 09:11:00-04:00,30658.75,30658.75,30666.25,30657.25,30660.75,312
2026-09-29 09:12:00-04:00,30660.25,30660.25,30661.25,30656.0,30658.0,147
2026-09-29 09:13:00-04:00,30657.75,30657.75,30661.5,30652.5,30659.75,218
2026-09-29 09:14:00-04:00,30665.5,30665.5,30666.25,30657.75,30658.5,216
2026-09-29 09:15:00-04:00,30660.25,30660.25,30669.5,30655.5,30666.0,253
2026-09-29 09:16:00-04:00,30661.0,30661.0,30666.5,30659.5,30660.0,159
2026-09-29 09:17:00-04:00,30658.25,30658.25,30661.25,30655.0,30660.25,178
2026-09-29 09:18:00-04:00,30658.0,30658.0,30669.25,30656.5,30658.5,285
2026-09-29 09:19:00-04:00,30660.5,30660.5,30662.0,30657.25,30658.75,92
2026-09-29 09:20:00-04:00,30665.5,30665.5,30667.25,30659.75,30661.0,171
2026-09-29 09:21:00-04:00,30660.75,30660.75,30666.0,30660.0,30665.0,206
2026-09-29 09:22:00-04:00,30668.25,30668.25,30669.5,30659.25,30662.0,217
2026-09-29 09:23:00-04:00,30672.75,30672.75,30676.0,30667.5,30668.25,270
2026-09-29 09:24:00-04:00,30672.75,30672.75,30676.25,30670.25,30673.25,169
2026-09-29 09:25:00-04:00,30682.25,30682.25,30693.75,30670.75,30672.75,1083
2026-09-29 09:26:00-04:00,30676.5,30676.5,30687.5,30675.5,30682.0,390
2026-09-29 09:27:00-04:00,30697.25,30697.25,30700.0,30672.5,30676.0,862
2026-09-29 09:28:00-04:00,30696.5,30696.5,30700.75,30685.75,30696.5,754
2026-09-29 09:29:00-04:00,30708.75,30708.75,30709.75,30691.0,30696.25,1192
2026-09-29 09:30:00-04:00,30677.5,30677.5,30725.5,30665.25,30708.75,5905
2026-09-29 09:31:00-04:00,30663.25,30663.25,30705.75,30654.5,30676.75,4716
2026-09-29 09:32:00-04:00,30666.25,30666.25,30676.75,30652.75,30663.25,3788
2026-09-29 09:33:00-04:00,30621.5,30621.5,30667.75,30620.5,30667.0,3903
2026-09-29 09:34:00-04:00,30610.25,30610.25,30629.5,30601.25,30621.0,3663
2026-09-29 09:35:00-04:00,30599.0,30599.0,30622.0,30586.75,30610.25,3648
2026-09-29 09:36:00-04:00,30604.5,30604.5,30614.75,30588.0,30597.75,2433
2026-09-29 09:37:00-04:00,30610.75,30610.75,30634.25,30604.5,30604.5,3053
2026-09-29 09:38:00-04:00,30606.5,30606.5,30611.0,30582.25,30611.0,3017
2026-09-29 09:39:00-04:00,30618.75,30618.75,30618.75,30599.75,30607.0,1669
2026-09-29 09:40:00-04:00,30571.25,30571.25,30623.0,30568.75,30619.0,2812
2026-09-29 09:41:00-04:00,30573.75,30573.75,30582.75,30567.5,30571.25,1691
2026-09-29 09:42:00-04:00,30551.25,30551.25,30586.0,30547.75,30573.25,2758
2026-09-29 09:43:00-04:00,30551.0,30551.0,30573.0,30545.5,30551.75,2285
2026-09-29 09:44:00-04:00,30566.5,30566.5,30571.0,30547.0,30550.75,2066
2026-09-29 09:45:00-04:00,30580.25,30580.25,30582.75,30560.75,30567.0,2376
2026-09-29 09:46:00-04:00,30574.75,30574.75,30596.5,30574.5,30580.0,2140
2026-09-29 09:47:00-04:00,30579.25,30579.25,30599.75,30570.0,30574.5,2155
2026-09-29 09:48:00-04:00,30572.5,30572.5,30594.75,30568.25,30580.75,1757
2026-09-29 09:49:00-04:00,30577.75,30577.75,30584.0,30558.75,30573.0,1756
2026-09-29 09:50:00-04:00,30592.0,30592.0,30597.0,30570.75,30577.25,2092
2026-09-29 09:51:00-04:00,30601.5,30601.5,30612.25,30589.5,30591.75,2258
2026-09-29 09:52:00-04:00,30619.75,30619.75,30621.0,30591.5,30602.0,2073
2026-09-29 09:53:00-04:00,30623.5,30623.5,30630.0,30613.0,30619.75,2046
2026-09-29 09:54:00-04:00,30621.75,30621.75,30626.25,30615.5,30624.5,1137
2026-09-29 09:55:00-04:00,30648.75,30648.75,30649.75,30620.0,30622.0,2054
2026-09-29 09:56:00-04:00,30643.25,30643.25,30656.25,30639.75,30649.0,1896
2026-09-29 09:57:00-04:00,30634.0,30634.0,30645.75,30624.0,30643.75,1939
2026-09-29 09:58:00-04:00,30635.0,30635.0,30640.0,30623.25,30632.25,1094
2026-09-29 09:59:00-04:00,30608.25,30608.25,30636.5,30595.0,30635.25,1935
2026-09-29 10:00:00-04:00,30639.25,30639.25,30659.25,30606.75,30608.25,2816
2026-09-29 10:01:00-04:00,30624.25,30624.25,30650.75,30621.75,30637.5,1963
2026-09-29 10:02:00-04:00,30617.25,30617.25,30624.5,30601.0,30624.0,2533
2026-09-29 10:03:00-04:00,30637.5,30637.5,30640.75,30609.25,30618.0,1953
2026-09-29 10:04:00-04:00,30629.5,30629.5,30637.0,30612.5,30636.75,1577
2026-09-29 10:05:00-04:00,30630.25,30630.25,30636.25,30615.5,30629.5,1138
2026-09-29 10:06:00-04:00,30625.5,30625.5,30629.25,30612.0,30629.0,1218
2026-09-29 10:07:00-04:00,30617.0,30617.0,30635.25,30609.75,30624.25,1179
2026-09-29 10:08:00-04:00,30619.75,30619.75,30625.5,30614.25,30616.75,777
2026-09-29 10:09:00-04:00,30612.75,30612.75,30619.5,30598.25,30619.5,1482
2026-09-29 10:10:00-04:00,30625.5,30625.5,30630.25,30611.75,30612.75,1627
2026-09-29 10:11:00-04:00,30597.25,30597.25,30634.25,30592.25,30625.5,1974
2026-09-29 10:12:00-04:00,30616.5,30616.5,30619.0,30589.25,30598.0,1553
2026-09-29 10:13:00-04:00,30622.25,30622.25,30643.5,30616.5,30617.0,1996
2026-09-29 10:14:00-04:00,30627.75,30627.75,30636.0,30619.0,30622.5,1124
2026-09-29 10:15:00-04:00,30607.5,30607.5,30631.0,30604.0,30628.0,1694
2026-09-29 10:16:00-04:00,30646.0,30646.0,30652.25,30598.25,30608.25,3131
2026-09-29 10:17:00-04:00,30644.0,30644.0,30653.25,30633.5,30646.0,2138
2026-09-29 10:18:00-04:00,30655.25,30655.25,30662.5,30641.25,30644.0,1525
2026-09-29 10:19:00-04:00,30660.5,30660.5,30670.5,30646.75,30655.25,2282
2026-09-29 10:20:00-04:00,30622.75,30622.75,30667.0,30615.75,30661.0,3498
2026-09-29 10:21:00-04:00,30645.25,30645.25,30649.5,30617.5,30622.0,2165
2026-09-29 10:22:00-04:00,30669.5,30669.5,30670.5,30641.25,30645.75,1862
2026-09-29 10:23:00-04:00,30665.75,30665.75,30675.75,30649.75,30669.0,2182
2026-09-29 10:24:00-04:00,30664.5,30664.5,30671.5,30648.75,30666.0,1131
2026-09-29 10:25:00-04:00,30677.5,30677.5,30684.0,30657.25,30663.5,1358
2026-09-29 10:26:00-04:00,30691.0,30691.0,30691.25,30672.25,30678.0,1433
2026-09-29 10:27:00-04:00,30688.25,30688.25,30698.5,30685.25,30690.75,1538
2026-09-29 10:28:00-04:00,30659.0,30659.0,30688.0,30656.75,30687.75,1866
2026-09-29 10:29:00-04:00,30670.0,30670.0,30671.0,30654.5,30658.75,1021
2026-09-29 10:30:00-04:00,30683.75,30683.75,30689.25,30669.25,30670.25,1388
2026-09-29 10:31:00-04:00,30691.25,30691.25,30695.75,30676.5,30683.5,1224
2026-09-29 10:32:00-04:00,30681.25,30681.25,30700.0,30675.75,30690.25,1639
2026-09-29 10:33:00-04:00,30693.25,30693.25,30693.5,30678.0,30680.75,852
2026-09-29 10:34:00-04:00,30688.0,30688.0,30694.0,30680.75,30693.0,955
2026-09-29 10:35:00-04:00,30688.75,30688.75,30693.75,30678.25,30688.0,985
2026-09-29 10:36:00-04:00,30680.25,30680.25,30690.75,30680.25,30688.25,735
2026-09-29 10:37:00-04:00,30668.5,30668.5,30681.25,30659.25,30680.75,1492
2026-09-29 10:38:00-04:00,30683.5,30683.5,30684.75,30663.5,30667.75,1120
2026-09-29 10:39:00-04:00,30682.25,30682.25,30686.5,30675.75,30683.25,998
2026-09-29 10:40:00-04:00,30663.75,30663.75,30699.75,30657.25,30682.0,2390
2026-09-29 10:41:00-04:00,30672.75,30672.75,30686.25,30661.0,30665.25,1252
2026-09-29 10:42:00-04:00,30677.25,30677.25,30684.0,30664.5,30673.25,1275
2026-09-29 10:43:00-04:00,30664.5,30664.5,30681.5,30664.25,30677.5,704
2026-09-29 10:44:00-04:00,30669.75,30669.75,30674.25,30657.5,30665.0,1008
2026-09-29 10:45:00-04:00,30680.5,30680.5,30680.75,30668.0,30669.5,815
2026-09-29 10:46:00-04:00,30676.75,30676.75,30679.75,30662.0,30679.75,1152
2026-09-29 10:47:00-04:00,30676.0,30676.0,30678.75,30668.25,30676.5,615
2026-09-29 10:48:00-04:00,30666.5,30666.5,30690.5,30665.0,30676.5,1028
2026-09-29 10:49:00-04:00,30643.5,30643.5,30667.75,30642.25,30667.5,1889
2026-09-29 10:50:00-04:00,30665.0,30665.0,30665.0,30641.25,30644.5,1247
2026-09-29 10:51:00-04:00,30691.25,30691.25,30694.75,30661.0,30665.75,1512
2026-09-29 10:52:00-04:00,30690.25,30690.25,30697.5,30689.25,30692.0,918
2026-09-29 10:53:00-04:00,30690.0,30690.0,30695.0,30668.75,30690.75,1427
2026-09-29 10:54:00-04:00,30697.5,30697.5,30701.25,30686.75,30689.5,972
2026-09-29 10:55:00-04:00,30694.75,30694.75,30700.0,30686.25,30698.25,1172
2026-09-29 10:56:00-04:00,30698.0,30698.0,30700.0,30686.75,30694.25,818
2026-09-29 10:57:00-04:00,30698.0,30698.0,30706.25,30688.0,30697.0,914
2026-09-29 10:58:00-04:00,30672.75,30672.75,30697.5,30669.0,30697.5,1144
2026-09-29 10:59:00-04:00,30663.25,30663.25,30680.0,30655.5,30673.5,1070
2026-09-29 11:00:00-04:00,30636.5,30636.5,30665.75,30634.25,30663.0,1973
2026-09-29 11:01:00-04:00,30650.75,30650.75,30651.25,30631.5,30636.75,1413
2026-09-29 11:02:00-04:00,30639.25,30639.25,30652.0,30626.0,30651.25,1365
2026-09-29 11:03:00-04:00,30640.75,30640.75,30645.75,30635.75,30639.0,833
2026-09-29 11:04:00-04:00,30630.25,30630.25,30647.0,30628.75,30640.75,911
2026-09-29 11:05:00-04:00,30627.5,30627.5,30636.5,30620.0,30630.25,1539
2026-09-29 11:06:00-04:00,30630.0,30630.0,30641.25,30627.75,30627.75,1051
2026-09-29 11:07:00-04:00,30624.5,30624.5,30631.25,30617.75,30630.25,977
2026-09-29 11:08:00-04:00,30616.5,30616.5,30626.0,30603.25,30624.25,1636
2026-09-29 11:09:00-04:00,30615.0,30615.0,30626.0,30607.5,30616.25,1364
2026-09-29 11:10:00-04:00,30619.75,30619.75,30628.0,30613.0,30614.25,999
2026-09-29 11:11:00-04:00,30612.0,30612.0,30622.0,30608.0,30620.25,918
2026-09-29 11:12:00-04:00,30598.5,30598.5,30612.0,30593.5,30612.0,1415
2026-09-29 11:13:00-04:00,30621.5,30621.5,30621.75,30597.75,30597.75,1043
2026-09-29 11:14:00-04:00,30637.25,30637.25,30638.0,30616.5,30621.0,1376
2026-09-29 11:15:00-04:00,30635.75,30635.75,30648.75,30632.0,30637.75,1238
2026-09-29 11:16:00-04:00,30637.25,30637.25,30644.5,30632.5,30636.5,750
2026-09-29 11:17:00-04:00,30624.25,30624.25,30638.5,30620.0,30637.0,804
2026-09-29 11:18:00-04:00,30596.0,30596.0,30624.25,30593.25,30623.0,1513
2026-09-29 11:19:00-04:00,30583.75,30583.75,30605.5,30583.75,30596.5,1653
2026-09-29 11:20:00-04:00,30577.25,30577.25,30591.0,30576.0,30584.0,1530
2026-09-29 11:21:00-04:00,30581.25,30581.25,30586.5,30572.5,30577.0,1258
2026-09-29 11:22:00-04:00,30579.25,30579.25,30590.0,30570.25,30581.75,1276
2026-09-29 11:23:00-04:00,30559.75,30559.75,30581.5,30557.25,30579.0,1190
2026-09-29 11:24:00-04:00,30560.0,30560.0,30563.75,30549.75,30558.75,1793
2026-09-29 11:25:00-04:00,30556.75,30556.75,30567.0,30547.75,30560.0,2014
2026-09-29 11:26:00-04:00,30540.75,30540.75,30564.5,30535.25,30557.0,2122
2026-09-29 11:27:00-04:00,30549.0,30549.0,30552.25,30531.25,30541.25,1557
2026-09-29 11:28:00-04:00,30549.5,30549.5,30561.5,30544.25,30549.0,1317
2026-09-29 11:29:00-04:00,30555.0,30555.0,30558.25,30545.5,30549.5,1049
2026-09-29 11:30:00-04:00,30556.0,30556.0,30566.5,30555.0,30555.25,1611
2026-09-29 11:31:00-04:00,30553.0,30553.0,30559.5,30543.75,30556.0,1287
2026-09-29 11:32:00-04:00,30571.75,30571.75,30573.0,30552.25,30552.75,1243
2026-09-29 11:33:00-04:00,30592.0,30592.0,30592.5,30570.75,30571.75,1649
2026-09-29 11:34:00-04:00,30598.75,30598.75,30605.0,30589.75,30592.0,1499
2026-09-29 11:35:00-04:00,30593.0,30593.0,30601.5,30590.5,30599.25,1104
2026-09-29 11:36:00-04:00,30597.5,30597.5,30602.5,30590.75,30593.5,878
2026-09-29 11:37:00-04:00,30593.0,30593.0,30599.5,30585.25,30596.5,997
2026-09-29 11:38:00-04:00,30611.0,30611.0,30611.75,30586.0,30593.0,1175
2026-09-29 11:39:00-04:00,30599.5,30599.5,30613.25,30593.75,30610.5,1086
2026-09-29 11:40:00-04:00,30597.75,30597.75,30601.25,30590.5,30600.0,559
2026-09-29 11:41:00-04:00,30572.75,30572.75,30600.25,30569.25,30599.0,1378
2026-09-29 11:42:00-04:00,30581.0,30581.0,30592.0,30570.25,30573.25,987
2026-09-29 11:43:00-04:00,30578.0,30578.0,30581.5,30566.75,30581.25,1071
2026-09-29 11:44:00-04:00,30577.5,30577.5,30588.5,30572.75,30577.75,753
2026-09-29 11:45:00-04:00,30575.75,30575.75,30586.0,30573.0,30578.0,628
2026-09-29 11:46:00-04:00,30561.75,30561.75,30577.25,30558.75,30575.5,1033
2026-09-29 11:47:00-04:00,30591.25,30591.25,30611.0,30555.25,30562.25,4646
2026-09-29 11:48:00-04:00,30588.5,30588.5,30595.0,30572.5,30591.5,2034
2026-09-29 11:49:00-04:00,30598.0,30598.0,30603.75,30584.0,30587.75,1421
2026-09-29 11:50:00-04:00,30591.0,30591.0,30612.0,30587.5,30598.5,1631
2026-09-29 11:51:00-04:00,30577.75,30577.75,30594.25,30569.0,30591.25,1257
2026-09-29 11:52:00-04:00,30568.25,30568.25,30580.0,30558.75,30577.25,1683
2026-09-29 11:53:00-04:00,30565.75,30565.75,30576.5,30561.25,30568.75,1063
2026-09-29 11:54:00-04:00,30566.25,30566.25,30575.5,30552.5,30566.25,1410
2026-09-29 11:55:00-04:00,30562.5,30562.5,30572.5,30556.25,30565.5,825
2026-09-29 11:56:00-04:00,30577.5,30577.5,30580.25,30562.25,30562.5,962
2026-09-29 11:57:00-04:00,30568.0,30568.0,30581.5,30564.5,30578.25,798
2026-09-29 11:58:00-04:00,30577.75,30577.75,30584.5,30567.25,30568.75,880
2026-09-29 11:59:00-04:00,30587.75,30587.75,30588.0,30573.75,30577.75,660
2026-09-29 12:00:00-04:00,30577.0,30577.0,30588.5,30571.75,30588.0,928
2026-09-29 12:01:00-04:00,30576.25,30576.25,30583.75,30570.5,30576.75,765
2026-09-29 12:02:00-04:00,30567.25,30567.25,30576.25,30553.75,30576.0,963
2026-09-29 12:03:00-04:00,30567.25,30567.25,30568.0,30561.5,30567.0,478
2026-09-29 12:04:00-04:00,30556.25,30556.25,30570.0,30552.75,30567.0,607
2026-09-29 12:05:00-04:00,30557.75,30557.75,30565.5,30551.5,30556.0,673
2026-09-29 12:06:00-04:00,30569.5,30569.5,30569.75,30552.75,30558.0,862
2026-09-29 12:07:00-04:00,30577.25,30577.25,30580.5,30564.5,30568.5,749
2026-09-29 12:08:00-04:00,30582.0,30582.0,30586.25,30568.75,30577.0,741
2026-09-29 12:09:00-04:00,30589.25,30589.25,30594.0,30581.25,30583.0,716
2026-09-29 12:10:00-04:00,30585.25,30585.25,30593.75,30582.5,30589.0,554
2026-09-29 12:11:00-04:00,30587.0,30587.0,30591.0,30575.0,30586.75,822
2026-09-29 12:12:00-04:00,30573.5,30573.5,30587.25,30573.25,30587.0,647
2026-09-29 12:13:00-04:00,30562.75,30562.75,30579.75,30561.25,30574.0,569
2026-09-29 12:14:00-04:00,30559.0,30559.0,30568.75,30556.25,30562.75,707
2026-09-29 12:15:00-04:00,30564.5,30564.5,30565.5,30554.0,30559.25,764
2026-09-29 12:16:00-04:00,30569.5,30569.5,30570.25,30558.25,30564.75,713
2026-09-29 12:17:00-04:00,30559.0,30559.0,30573.0,30558.75,30569.5,780
2026-09-29 12:18:00-04:00,30561.25,30561.25,30563.0,30550.5,30559.75,708
2026-09-29 12:19:00-04:00,30565.5,30565.5,30565.5,30551.75,30561.75,888
2026-09-29 12:20:00-04:00,30566.5,30566.5,30572.0,30565.0,30565.25,567
2026-09-29 12:21:00-04:00,30557.0,30557.0,30579.0,30555.0,30567.0,1087
2026-09-29 12:22:00-04:00,30568.5,30568.5,30573.5,30552.75,30557.25,786
2026-09-29 12:23:00-04:00,30568.75,30568.75,30570.0,30560.0,30568.25,439
2026-09-29 12:24:00-04:00,30569.0,30569.0,30575.25,30567.5,30568.75,399
2026-09-29 12:25:00-04:00,30578.75,30578.75,30579.75,30567.5,30568.75,420
2026-09-29 12:26:00-04:00,30584.25,30584.25,30585.25,30573.75,30578.25,506
2026-09-29 12:27:00-04:00,30585.25,30585.25,30587.5,30580.5,30584.5,559
2026-09-29 12:28:00-04:00,30586.25,30586.25,30591.0,30583.25,30585.0,493
2026-09-29 12:29:00-04:00,30583.5,30583.5,30588.25,30580.25,30586.25,442
2026-09-29 12:30:00-04:00,30570.75,30570.75,30584.75,30568.75,30584.0,737
2026-09-29 12:31:00-04:00,30568.25,30568.25,30581.25,30563.75,30571.5,994
2026-09-29 12:32:00-04:00,30567.75,30567.75,30574.25,30565.25,30568.5,417
2026-09-29 12:33:00-04:00,30571.0,30571.0,30574.25,30567.25,30568.25,457
2026-09-29 12:34:00-04:00,30569.5,30569.5,30571.25,30565.75,30570.75,366
2026-09-29 12:35:00-04:00,30574.75,30574.75,30584.0,30569.0,30569.25,684
2026-09-29 12:36:00-04:00,30578.5,30578.5,30581.0,30568.25,30573.75,645
2026-09-29 12:37:00-04:00,30575.5,30575.5,30579.25,30570.25,30579.25,356
2026-09-29 12:38:00-04:00,30580.0,30580.0,30581.25,30570.0,30575.25,376
2026-09-29 12:39:00-04:00,30572.75,30572.75,30579.75,30567.75,30579.5,519
2026-09-29 12:40:00-04:00,30553.75,30553.75,30573.25,30550.75,30573.0,1459
2026-09-29 12:41:00-04:00,30535.0,30535.0,30558.75,30535.0,30553.5,1276
2026-09-29 12:42:00-04:00,30544.0,30544.0,30547.75,30529.75,30535.75,1325
2026-09-29 12:43:00-04:00,30526.75,30526.75,30544.5,30524.0,30544.0,1212
2026-09-29 12:44:00-04:00,30518.75,30518.75,30529.5,30518.0,30527.0,1182
2026-09-29 12:45:00-04:00,30512.0,30512.0,30525.75,30504.5,30518.75,1735
2026-09-29 12:46:00-04:00,30531.75,30531.75,30533.0,30506.75,30511.75,1458
2026-09-29 12:47:00-04:00,30540.25,30540.25,30548.0,30528.75,30532.5,1114
2026-09-29 12:48:00-04:00,30552.0,30552.0,30555.5,30535.75,30540.75,961
2026-09-29 12:49:00-04:00,30549.25,30549.25,30552.75,30539.0,30552.0,626
2026-09-29 12:50:00-04:00,30560.25,30560.25,30561.5,30546.25,30549.5,786
2026-09-29 12:51:00-04:00,30546.0,30546.0,30567.75,30545.25,30560.25,1084
2026-09-29 12:52:00-04:00,30539.75,30539.75,30546.5,30537.0,30545.25,878
2026-09-29 12:53:00-04:00,30538.75,30538.75,30543.0,30535.25,30539.5,561
2026-09-29 12:54:00-04:00,30539.25,30539.25,30541.5,30533.25,30538.25,748
2026-09-29 12:55:00-04:00,30528.25,30528.25,30540.0,30526.0,30539.5,780
2026-09-29 12:56:00-04:00,30522.5,30522.5,30527.75,30515.5,30527.75,829
2026-09-29 12:57:00-04:00,30521.0,30521.0,30527.0,30519.75,30522.0,800
2026-09-29 12:58:00-04:00,30529.0,30529.0,30532.0,30519.75,30521.5,638
2026-09-29 12:59:00-04:00,30538.0,30538.0,30540.5,30526.0,30529.0,669
2026-09-29 13:00:00-04:00,30522.0,30522.0,30538.0,30522.0,30537.5,1061
2026-09-29 13:01:00-04:00,30525.0,30525.0,30534.0,30520.0,30522.75,520
2026-09-29 13:02:00-04:00,30521.5,30521.5,30529.0,30519.75,30525.25,457
2026-09-29 13:03:00-04:00,30531.5,30531.5,30531.75,30513.25,30521.5,1133
2026-09-29 13:04:00-04:00,30530.0,30530.0,30533.5,30525.75,30530.5,782
2026-09-29 13:05:00-04:00,30536.25,30536.25,30538.0,30528.0,30529.5,445
2026-09-29 13:06:00-04:00,30533.0,30533.0,30540.25,30530.25,30536.75,466
2026-09-29 13:07:00-04:00,30533.25,30533.25,30535.0,30524.0,30534.0,998
2026-09-29 13:08:00-04:00,30534.75,30534.75,30540.0,30529.5,30533.0,479
2026-09-29 13:09:00-04:00,30530.5,30530.5,30536.5,30530.0,30534.75,233
2026-09-29 13:10:00-04:00,30536.25,30536.25,30541.75,30524.5,30531.25,884
2026-09-29 13:11:00-04:00,30534.0,30534.0,30548.5,30532.75,30538.25,758
2026-09-29 13:12:00-04:00,30528.0,30528.0,30536.75,30524.0,30533.5,574
2026-09-29 13:13:00-04:00,30534.25,30534.25,30535.25,30525.5,30528.0,308
2026-09-29 13:14:00-04:00,30543.25,30543.25,30543.25,30527.25,30533.0,692
2026-09-29 13:15:00-04:00,30540.75,30540.75,30547.75,30538.0,30542.5,676
2026-09-29 13:16:00-04:00,30528.25,30528.25,30544.25,30521.25,30541.5,722
2026-09-29 13:17:00-04:00,30530.25,30530.25,30540.25,30527.75,30528.25,685
2026-09-29 13:18:00-04:00,30533.5,30533.5,30536.25,30526.5,30530.25,329
2026-09-29 13:19:00-04:00,30538.25,30538.25,30541.75,30529.75,30532.5,454
2026-09-29 13:20:00-04:00,30540.5,30540.5,30543.75,30532.0,30537.5,449
2026-09-29 13:21:00-04:00,30537.75,30537.75,30546.0,30535.0,30540.0,556
2026-09-29 13:22:00-04:00,30542.25,30542.25,30546.0,30536.5,30538.5,419
2026-09-29 13:23:00-04:00,30552.25,30552.25,30555.25,30540.75,30541.5,737
2026-09-29 13:24:00-04:00,30566.25,30566.25,30566.5,30552.0,30552.75,718
2026-09-29 13:25:00-04:00,30567.5,30567.5,30575.75,30564.25,30566.25,1185
2026-09-29 13:26:00-04:00,30571.0,30571.0,30571.0,30565.5,30567.5,497
2026-09-29 13:27:00-04:00,30578.0,30578.0,30578.75,30565.75,30571.0,618
2026-09-29 13:28:00-04:00,30568.0,30568.0,30581.25,30562.75,30578.25,726
2026-09-29 13:29:00-04:00,30568.25,30568.25,30572.5,30566.5,30568.0,473
2026-09-29 13:30:00-04:00,30555.5,30555.5,30572.5,30553.25,30567.75,880
2026-09-29 13:31:00-04:00,30564.0,30564.0,30566.25,30554.0,30556.25,640
2026-09-29 13:32:00-04:00,30565.25,30565.25,30569.0,30559.25,30564.0,406
2026-09-29 13:33:00-04:00,30568.75,30568.75,30574.5,30562.25,30564.5,386
2026-09-29 13:34:00-04:00,30574.0,30574.0,30574.5,30567.0,30569.0,392
2026-09-29 13:35:00-04:00,30578.75,30578.75,30584.75,30573.0,30573.5,1009
2026-09-29 13:36:00-04:00,30570.5,30570.5,30579.25,30569.5,30579.25,482
2026-09-29 13:37:00-04:00,30566.75,30566.75,30572.5,30564.0,30570.75,361
2026-09-29 13:38:00-04:00,30563.0,30563.0,30573.25,30561.25,30566.75,341
2026-09-29 13:39:00-04:00,30563.5,30563.5,30565.0,30558.0,30562.75,342
2026-09-29 13:40:00-04:00,30559.5,30559.5,30563.5,30556.5,30563.25,498
2026-09-29 13:41:00-04:00,30555.0,30555.0,30563.75,30551.75,30559.5,594
2026-09-29 13:42:00-04:00,30542.75,30542.75,30554.5,30538.75,30554.5,875
2026-09-29 13:43:00-04:00,30552.5,30552.5,30552.75,30540.75,30543.25,534
2026-09-29 13:44:00-04:00,30559.0,30559.0,30562.25,30550.75,30552.5,492
2026-09-29 13:45:00-04:00,30560.5,30560.5,30568.0,30559.25,30559.5,513
2026-09-29 13:46:00-04:00,30557.0,30557.0,30570.0,30556.5,30559.75,1016
2026-09-29 13:47:00-04:00,30561.75,30561.75,30565.5,30554.75,30557.25,408
2026-09-29 13:48:00-04:00,30555.75,30555.75,30562.75,30551.75,30561.75,612
2026-09-29 13:49:00-04:00,30551.75,30551.75,30555.5,30547.75,30555.5,590
2026-09-29 13:50:00-04:00,30550.0,30550.0,30558.25,30548.25,30551.75,411
2026-09-29 13:51:00-04:00,30542.5,30542.5,30550.75,30541.25,30548.75,885
2026-09-29 13:52:00-04:00,30534.75,30534.75,30546.0,30531.75,30542.5,699
2026-09-29 13:53:00-04:00,30525.75,30525.75,30537.0,30520.0,30535.25,759
2026-09-29 13:54:00-04:00,30532.75,30532.75,30535.5,30524.25,30525.5,465
2026-09-29 13:55:00-04:00,30527.75,30527.75,30534.75,30526.25,30532.75,454
2026-09-29 13:56:00-04:00,30521.75,30521.75,30529.25,30518.75,30527.75,460
2026-09-29 13:57:00-04:00,30513.5,30513.5,30526.25,30510.25,30521.75,790
2026-09-29 13:58:00-04:00,30511.75,30511.75,30517.5,30508.25,30513.5,666
2026-09-29 13:59:00-04:00,30522.5,30522.5,30525.0,30511.25,30511.75,1088
2026-09-29 14:00:00-04:00,30577.25,30577.25,30587.25,30521.25,30522.0,5467
2026-09-29 14:01:00-04:00,30563.5,30563.5,30587.25,30561.5,30576.25,2051
2026-09-29 14:02:00-04:00,30574.5,30574.5,30579.0,30563.0,30563.0,1437
2026-09-29 14:03:00-04:00,30569.0,30569.0,30575.75,30556.0,30574.0,1081
2026-09-29 14:04:00-04:00,30578.5,30578.5,30580.25,30562.75,30568.75,1290
2026-09-29 14:05:00-04:00,30584.0,30584.0,30593.5,30572.75,30579.0,1466
2026-09-29 14:06:00-04:00,30588.0,30588.0,30592.5,30581.25,30584.5,1164
2026-09-29 14:07:00-04:00,30580.5,30580.5,30597.75,30568.75,30589.25,1597
2026-09-29 14:08:00-04:00,30574.5,30574.5,30586.0,30570.5,30580.0,673
2026-09-29 14:09:00-04:00,30556.25,30556.25,30577.75,30551.25,30574.25,1003
2026-09-29 14:10:00-04:00,30559.0,30559.0,30569.0,30556.0,30556.0,722
2026-09-29 14:11:00-04:00,30551.0,30551.0,30560.5,30548.5,30558.5,584
2026-09-29 14:12:00-04:00,30555.75,30555.75,30558.0,30549.0,30551.5,428
2026-09-29 14:13:00-04:00,30578.5,30578.5,30581.75,30554.75,30555.75,983
2026-09-29 14:14:00-04:00,30589.0,30589.0,30592.5,30578.0,30578.25,985
2026-09-29 14:15:00-04:00,30587.25,30587.25,30591.25,30584.5,30588.5,736
2026-09-29 14:16:00-04:00,30590.75,30590.75,30595.75,30586.75,30587.0,901
2026-09-29 14:17:00-04:00,30590.25,30590.25,30596.25,30586.25,30589.25,553
2026-09-29 14:18:00-04:00,30593.25,30593.25,30594.25,30586.75,30590.25,452
2026-09-29 14:19:00-04:00,30594.0,30594.0,30600.0,30589.0,30592.75,1247
2026-09-29 14:20:00-04:00,30594.25,30594.25,30596.0,30586.5,30594.25,616
2026-09-29 14:21:00-04:00,30596.25,30596.25,30598.0,30591.0,30593.75,823
2026-09-29 14:22:00-04:00,30609.75,30609.75,30611.25,30593.75,30595.75,905
2026-09-29 14:23:00-04:00,30602.75,30602.75,30621.75,30602.25,30609.75,1485
2026-09-29 14:24:00-04:00,30592.0,30592.0,30607.0,30589.0,30602.75,935
2026-09-29 14:25:00-04:00,30591.25,30591.25,30600.75,30591.0,30592.25,545
2026-09-29 14:26:00-04:00,30597.25,30597.25,30603.0,30591.75,30593.0,456
2026-09-29 14:27:00-04:00,30606.25,30606.25,30609.5,30595.0,30597.75,727
2026-09-29 14:28:00-04:00,30610.25,30610.25,30620.0,30605.75,30606.0,1159
2026-09-29 14:29:00-04:00,30602.75,30602.75,30611.75,30601.0,30610.75,516
2026-09-29 14:30:00-04:00,30596.75,30596.75,30626.25,30591.75,30602.5,2359
2026-09-29 14:31:00-04:00,30588.75,30588.75,30600.0,30581.5,30597.0,1015
2026-09-29 14:32:00-04:00,30589.0,30589.0,30594.5,30587.0,30588.5,535
2026-09-29 14:33:00-04:00,30583.75,30583.75,30593.5,30580.75,30589.25,417
2026-09-29 14:34:00-04:00,30593.75,30593.75,30595.25,30583.75,30584.0,360
2026-09-29 14:35:00-04:00,30598.0,30598.0,30599.75,30590.25,30593.5,392
2026-09-29 14:36:00-04:00,30605.5,30605.5,30606.75,30595.25,30597.25,696
2026-09-29 14:37:00-04:00,30611.0,30611.0,30613.5,30604.75,30606.0,520
2026-09-29 14:38:00-04:00,30631.75,30631.75,30632.25,30609.0,30610.25,1182
2026-09-29 14:39:00-04:00,30642.0,30642.0,30644.0,30630.5,30631.75,1706
2026-09-29 14:40:00-04:00,30649.5,30649.5,30651.25,30638.25,30641.5,1298
2026-09-29 14:41:00-04:00,30648.0,30648.0,30660.75,30643.5,30649.75,1348
2026-09-29 14:42:00-04:00,30646.0,30646.0,30651.5,30639.5,30648.25,812
2026-09-29 14:43:00-04:00,30638.0,30638.0,30646.5,30634.0,30646.0,799
2026-09-29 14:44:00-04:00,30639.5,30639.5,30642.0,30630.25,30637.5,693
2026-09-29 14:45:00-04:00,30644.25,30644.25,30647.0,30637.5,30639.0,739
2026-09-29 14:46:00-04:00,30643.0,30643.0,30646.25,30639.75,30643.75,384
2026-09-29 14:47:00-04:00,30629.25,30629.25,30642.75,30624.5,30642.75,962
2026-09-29 14:48:00-04:00,30637.0,30637.0,30637.0,30628.75,30630.0,549
2026-09-29 14:49:00-04:00,30637.75,30637.75,30642.0,30635.0,30636.5,428
2026-09-29 14:50:00-04:00,30640.0,30640.0,30642.5,30634.25,30638.0,544
2026-09-29 14:51:00-04:00,30645.5,30645.5,30647.25,30639.5,30640.25,442
2026-09-29 14:52:00-04:00,30649.25,30649.25,30651.25,30642.25,30645.0,467
2026-09-29 14:53:00-04:00,30650.25,30650.25,30651.25,30645.5,30649.25,431
2026-09-29 14:54:00-04:00,30637.75,30637.75,30650.75,30636.25,30650.25,710
2026-09-29 14:55:00-04:00,30642.75,30642.75,30642.75,30635.0,30638.0,515
2026-09-29 14:56:00-04:00,30639.25,30639.25,30644.75,30638.5,30643.0,388
2026-09-29 14:57:00-04:00,30636.5,30636.5,30641.75,30631.25,30639.25,643
2026-09-29 14:58:00-04:00,30647.5,30647.5,30653.25,30634.75,30636.0,630
2026-09-29 14:59:00-04:00,30646.5,30646.5,30655.0,30644.0,30648.0,849
2026-09-29 15:00:00-04:00,30649.25,30649.25,30654.0,30645.5,30647.0,737
2026-09-29 15:01:00-04:00,30645.75,30645.75,30650.0,30643.5,30649.0,407
2026-09-29 15:02:00-04:00,30646.25,30646.25,30649.75,30642.0,30646.0,416
2026-09-29 15:03:00-04:00,30644.75,30644.75,30651.0,30644.25,30646.25,534
2026-09-29 15:04:00-04:00,30652.25,30652.25,30654.75,30639.25,30644.75,576
2026-09-29 15:05:00-04:00,30651.5,30651.5,30654.25,30644.5,30652.5,585
2026-09-29 15:06:00-04:00,30652.5,30652.5,30656.5,30647.75,30651.0,499
2026-09-29 15:07:00-04:00,30648.0,30648.0,30653.5,30645.5,30653.25,373
2026-09-29 15:08:00-04:00,30646.0,30646.0,30652.0,30643.0,30648.0,562
2026-09-29 15:09:00-04:00,30639.5,30639.5,30649.0,30639.0,30646.75,457
2026-09-29 15:10:00-04:00,30638.0,30638.0,30642.0,30635.75,30639.25,535
2026-09-29 15:11:00-04:00,30639.5,30639.5,30644.75,30636.75,30638.25,422
2026-09-29 15:12:00-04:00,30630.25,30630.25,30640.75,30627.25,30640.0,664
2026-09-29 15:13:00-04:00,30627.0,30627.0,30634.5,30627.0,30630.25,484
2026-09-29 15:14:00-04:00,30623.0,30623.0,30628.25,30615.5,30627.5,887
2026-09-29 15:15:00-04:00,30620.75,30620.75,30624.75,30617.5,30623.25,440
2026-09-29 15:16:00-04:00,30626.5,30626.5,30628.0,30618.5,30620.75,477
2026-09-29 15:17:00-04:00,30623.75,30623.75,30627.0,30620.0,30626.0,400
2026-09-29 15:18:00-04:00,30628.0,30628.0,30632.75,30623.25,30624.0,717
2026-09-29 15:19:00-04:00,30627.25,30627.25,30629.25,30619.75,30628.25,368
2026-09-29 15:20:00-04:00,30622.5,30622.5,30628.0,30620.75,30627.25,586
2026-09-29 15:21:00-04:00,30633.75,30633.75,30634.0,30622.25,30622.25,478
2026-09-29 15:22:00-04:00,30637.25,30637.25,30639.5,30631.25,30633.75,771
2026-09-29 15:23:00-04:00,30638.75,30638.75,30643.0,30635.75,30637.5,631
2026-09-29 15:24:00-04:00,30631.25,30631.25,30640.75,30626.0,30638.5,796
2026-09-29 15:25:00-04:00,30628.25,30628.25,30635.25,30624.75,30630.5,415
2026-09-29 15:26:00-04:00,30629.0,30629.0,30634.25,30628.0,30628.25,350
2026-09-29 15:27:00-04:00,30631.25,30631.25,30632.5,30627.5,30629.0,327
2026-09-29 15:28:00-04:00,30626.0,30626.0,30632.25,30623.25,30632.25,401
2026-09-29 15:29:00-04:00,30625.25,30625.25,30627.5,30622.0,30626.0,423
2026-09-29 15:30:00-04:00,30618.0,30618.0,30627.25,30615.0,30625.5,748
2026-09-29 15:31:00-04:00,30629.5,30629.5,30629.75,30618.5,30618.5,474
2026-09-29 15:32:00-04:00,30636.75,30636.75,30639.75,30628.0,30629.75,710
2026-09-29 15:33:00-04:00,30628.75,30628.75,30637.0,30628.25,30636.25,399
2026-09-29 15:34:00-04:00,30630.0,30630.0,30630.75,30626.0,30629.0,350
2026-09-29 15:35:00-04:00,30624.75,30624.75,30631.25,30624.25,30629.75,346
2026-09-29 15:36:00-04:00,30627.25,30627.25,30629.5,30623.75,30625.25,277
2026-09-29 15:37:00-04:00,30632.75,30632.75,30634.5,30627.0,30627.25,375
2026-09-29 15:38:00-04:00,30632.0,30632.0,30635.75,30629.5,30632.5,405
2026-09-29 15:39:00-04:00,30625.75,30625.75,30633.5,30623.75,30631.75,352
2026-09-29 15:40:00-04:00,30621.25,30621.25,30626.25,30618.25,30625.25,526
2026-09-29 15:41:00-04:00,30621.0,30621.0,30622.75,30612.75,30621.75,649
2026-09-29 15:42:00-04:00,30615.75,30615.75,30621.0,30615.0,30621.0,528
2026-09-29 15:43:00-04:00,30601.75,30601.75,30616.5,30601.5,30616.0,989
2026-09-29 15:44:00-04:00,30601.25,30601.25,30607.0,30599.75,30601.5,789
2026-09-29 15:45:00-04:00,30600.5,30600.5,30604.5,30596.25,30602.0,803
2026-09-29 15:46:00-04:00,30606.0,30606.0,30608.25,30600.0,30601.0,574
2026-09-29 15:47:00-04:00,30617.0,30617.0,30619.25,30606.0,30606.0,816
2026-09-29 15:48:00-04:00,30614.5,30614.5,30618.25,30610.5,30617.0,442
2026-09-29 15:49:00-04:00,30616.75,30616.75,30618.25,30612.25,30614.75,554
2026-09-29 15:50:00-04:00,30622.25,30622.25,30623.75,30609.25,30617.25,1421
2026-09-29 15:51:00-04:00,30628.75,30628.75,30634.5,30621.75,30622.25,1034
2026-09-29 15:52:00-04:00,30634.75,30634.75,30638.0,30623.25,30629.0,889
2026-09-29 15:53:00-04:00,30630.75,30630.75,30635.0,30625.25,30635.0,1408
2026-09-29 15:54:00-04:00,30636.25,30636.25,30648.0,30630.25,30631.0,2226
2026-09-29 15:55:00-04:00,30613.0,30613.0,30637.5,30592.25,30636.5,2755
2026-09-29 15:56:00-04:00,30607.75,30607.75,30615.5,30594.5,30613.5,1385
2026-09-29 15:57:00-04:00,30625.25,30625.25,30626.5,30606.0,30607.75,1350
2026-09-29 15:58:00-04:00,30615.0,30615.0,30626.5,30612.0,30625.5,1543
2026-09-29 15:59:00-04:00,30617.25,30617.25,30621.0,30602.75,30615.25,8034
2026-09-29 16:00:00-04:00,30642.25,30642.25,30643.75,30613.75,30617.25,2567
2026-09-29 16:01:00-04:00,30630.5,30630.5,30645.0,30630.0,30642.25,905
2026-09-29 16:02:00-04:00,30638.25,30638.25,30642.0,30631.0,30631.0,519
2026-09-29 16:03:00-04:00,30632.0,30632.0,30639.75,30631.0,30637.5,251
2026-09-29 16:04:00-04:00,30629.25,30629.25,30633.5,30626.5,30632.5,380
2026-09-29 16:05:00-04:00,30623.5,30623.5,30629.5,30621.0,30629.5,449
2026-09-29 16:06:00-04:00,30631.75,30631.75,30636.5,30623.0,30624.0,352
2026-09-29 16:07:00-04:00,30630.25,30630.25,30633.0,30629.75,30631.0,137
2026-09-29 16:08:00-04:00,30628.0,30628.0,30631.25,30627.5,30630.25,113
2026-09-29 16:09:00-04:00,30626.25,30626.25,30629.0,30625.25,30628.25,104
2026-09-29 16:10:00-04:00,30624.75,30624.75,30627.75,30621.75,30626.25,247
2026-09-29 16:11:00-04:00,30627.25,30627.25,30627.5,30623.5,30623.75,218
2026-09-29 16:12:00-04:00,30627.75,30627.75,30628.0,30625.0,30627.25,161
2026-09-29 16:13:00-04:00,30631.25,30631.25,30631.25,30626.75,30627.5,139
2026-09-29 16:14:00-04:00,30629.5,30629.5,30636.0,30628.25,30631.5,189
2026-09-29 16:15:00-04:00,30627.5,30627.5,30630.0,30627.0,30629.75,84
2026-09-29 16:16:00-04:00,30631.0,30631.0,30631.25,30626.75,30628.0,120
2026-09-29 16:17:00-04:00,30630.25,30630.25,30631.75,30629.25,30630.5,146
2026-09-29 16:18:00-04:00,30635.5,30635.5,30635.75,30630.0,30630.0,96
2026-09-29 16:19:00-04:00,30634.75,30634.75,30637.5,30633.75,30634.75,127
2026-09-29 16:20:00-04:00,30634.0,30634.0,30636.5,30634.0,30634.25,70
2026-09-29 16:21:00-04:00,30635.0,30635.0,30635.0,30632.25,30634.25,59
2026-09-29 16:22:00-04:00,30635.0,30635.0,30637.0,30634.0,30635.0,56
2026-09-29 16:23:00-04:00,30631.25,30631.25,30634.5,30629.75,30634.5,121
2026-09-29 16:24:00-04:00,30638.5,30638.5,30639.0,30630.75,30631.5,231
2026-09-29 16:25:00-04:00,30642.0,30642.0,30642.5,30638.25,30639.0,261
2026-09-29 16:26:00-04:00,30650.75,30650.75,30651.0,30641.75,30642.0,340
2026-09-29 16:27:00-04:00,30649.75,30649.75,30652.0,30647.0,30650.5,214
2026-09-29 16:28:00-04:00,30653.25,30653.25,30654.0,30648.25,30650.5,114
2026-09-29 16:29:00-04:00,30655.25,30655.25,30657.75,30653.25,30653.5,213
2026-09-29 16:30:00-04:00,30655.5,30655.5,30659.5,30654.25,30654.5,100
2026-09-29 16:31:00-04:00,30651.0,30651.0,30654.75,30648.5,30654.75,152
2026-09-29 16:32:00-04:00,30655.5,30655.5,30656.25,30650.0,30650.5,110
2026-09-29 16:33:00-04:00,30659.25,30659.25,30659.75,30654.25,30654.25,57
2026-09-29 16:34:00-04:00,30660.25,30660.25,30663.0,30658.75,30660.0,123
2026-09-29 16:35:00-04:00,30658.0,30658.0,30661.0,30655.75,30660.0,90
2026-09-29 16:36:00-04:00,30656.0,30656.0,30661.5,30655.75,30657.0,155
2026-09-29 16:37:00-04:00,30659.75,30659.75,30660.5,30656.0,30656.0,69
2026-09-29 16:38:00-04:00,30667.0,30667.0,30667.5,30659.5,30659.5,279
2026-09-29 16:39:00-04:00,30673.0,30673.0,30673.75,30667.0,30667.0,303
2026-09-29 16:40:00-04:00,30670.75,30670.75,30677.25,30670.5,30673.0,157
2026-09-29 16:41:00-04:00,30670.5,30670.5,30671.0,30668.25,30671.0,88
2026-09-29 16:42:00-04:00,30675.5,30675.5,30676.25,30668.5,30670.0,159
2026-09-29 16:43:00-04:00,30673.5,30673.5,30676.25,30672.5,30675.75,62
2026-09-29 16:44:00-04:00,30674.75,30674.75,30676.25,30671.25,30674.25,109
2026-09-29 16:45:00-04:00,30669.75,30669.75,30676.0,30668.75,30674.5,137
2026-09-29 16:46:00-04:00,30667.25,30667.25,30669.75,30665.5,30669.75,129
2026-09-29 16:47:00-04:00,30669.0,30669.0,30669.25,30665.5,30667.0,96
2026-09-29 16:48:00-04:00,30665.75,30665.75,30669.5,30664.25,30669.5,93
2026-09-29 16:49:00-04:00,30667.0,30667.0,30667.75,30665.25,30665.75,73
2026-09-29 16:50:00-04:00,30662.75,30662.75,30667.5,30661.5,30667.5,121
2026-09-29 16:51:00-04:00,30661.0,30661.0,30663.25,30659.5,30663.0,92
2026-09-29 16:52:00-04:00,30662.5,30662.5,30663.25,30659.25,30661.0,108
2026-09-29 16:53:00-04:00,30661.0,30661.0,30663.25,30660.75,30662.75,88
2026-09-29 16:54:00-04:00,30661.75,30661.75,30661.75,30659.75,30661.25,27
2026-09-29 16:55:00-04:00,30661.0,30661.0,30662.25,30658.5,30662.25,74
2026-09-29 16:56:00-04:00,30657.5,30657.5,30661.0,30657.5,30661.0,52
2026-09-29 16:57:00-04:00,30655.75,30655.75,30657.75,30652.25,30657.75,143
2026-09-29 16:58:00-04:00,30656.25,30656.25,30658.25,30654.75,30655.5,83
2026-09-29 16:59:00-04:00,30652.75,30652.75,30658.5,30648.25,30656.75,197
2026-09-29 18:00:00-04:00,30668.0,30668.0,30675.75,30655.0,30657.25,0
2026-09-29 18:01:00-04:00,30684.75,30684.75,30685.0,30666.25,30667.0,322
2026-09-29 18:02:00-04:00,30684.0,30684.0,30688.0,30678.5,30685.0,147
2026-09-29 18:03:00-04:00,30692.75,30692.75,30695.0,30682.25,30682.25,165
2026-09-29 18:04:00-04:00,30692.25,30692.25,30695.25,30690.0,30693.25,67
2026-09-29 18:05:00-04:00,30695.25,30695.25,30697.0,30688.5,30690.75,239
2026-09-29 18:06:00-04:00,30694.75,30694.75,30697.5,30691.5,30693.75,112
2026-09-29 18:07:00-04:00,30691.5,30691.5,30694.25,30690.0,30693.5,56
2026-09-29 18:08:00-04:00,30694.5,30694.5,30694.5,30688.0,30692.25,74
2026-09-29 18:09:00-04:00,30694.5,30694.5,30694.5,30692.75,30693.5,30
2026-09-29 18:10:00-04:00,30698.0,30698.0,30703.25,30692.25,30694.75,189
2026-09-29 18:11:00-04:00,30692.25,30692.25,30697.25,30689.5,30697.25,114
2026-09-29 18:12:00-04:00,30694.0,30694.0,30698.25,30691.5,30692.25,84
2026-09-29 18:13:00-04:00,30691.75,30691.75,30696.5,30691.75,30694.0,27
2026-09-29 18:14:00-04:00,30688.5,30688.5,30691.5,30688.5,30691.5,56
2026-09-29 18:15:00-04:00,30691.75,30691.75,30695.5,30687.5,30688.25,107
2026-09-29 18:16:00-04:00,30694.0,30694.0,30694.25,30691.0,30692.25,58
2026-09-29 18:17:00-04:00,30693.0,30693.0,30693.0,30691.75,30693.0,10
2026-09-29 18:18:00-04:00,30695.75,30695.75,30696.5,30691.0,30693.25,65
2026-09-29 18:19:00-04:00,30704.5,30704.5,30708.0,30695.75,30696.5,160
2026-09-29 18:20:00-04:00,30702.75,30702.75,30708.75,30702.25,30704.5,153
2026-09-29 18:21:00-04:00,30702.25,30702.25,30703.75,30700.25,30702.75,50
2026-09-29 18:22:00-04:00,30700.75,30700.75,30705.75,30695.0,30701.25,156
2026-09-29 18:23:00-04:00,30700.5,30700.5,30705.0,30699.75,30701.0,80
2026-09-29 18:24:00-04:00,30702.25,30702.25,30704.0,30700.0,30700.0,49
2026-09-29 18:25:00-04:00,30701.0,30701.0,30702.5,30699.0,30700.25,45
2026-09-29 18:26:00-04:00,30697.5,30697.5,30701.75,30696.75,30701.75,114
2026-09-29 18:27:00-04:00,30689.75,30689.75,30699.0,30688.75,30698.25,232
2026-09-29 18:28:00-04:00,30684.25,30684.25,30691.75,30679.25,30690.0,264
2026-09-29 18:29:00-04:00,30680.25,30680.25,30685.0,30677.0,30683.25,198
2026-09-29 18:30:00-04:00,30671.25,30671.25,30685.25,30664.25,30681.0,260
2026-09-29 18:31:00-04:00,30672.0,30672.0,30675.5,30670.25,30672.25,129
2026-09-29 18:32:00-04:00,30668.25,30668.25,30672.5,30666.0,30672.0,126
2026-09-29 18:33:00-04:00,30664.75,30664.75,30672.25,30661.0,30668.25,182
2026-09-29 18:34:00-04:00,30669.5,30669.5,30672.5,30665.5,30666.25,94
2026-09-29 18:35:00-04:00,30666.75,30666.75,30671.75,30666.25,30669.5,66
2026-09-29 18:36:00-04:00,30664.5,30664.5,30667.25,30663.0,30666.5,89
2026-09-29 18:37:00-04:00,30669.5,30669.5,30670.75,30664.75,30664.75,110
2026-09-29 18:38:00-04:00,30667.25,30667.25,30669.25,30666.5,30669.25,44
2026-09-29 18:39:00-04:00,30664.25,30664.25,30669.25,30663.5,30667.75,90
2026-09-29 18:40:00-04:00,30666.75,30666.75,30668.0,30665.75,30666.75,49
2026-09-29 18:41:00-04:00,30674.75,30674.75,30675.75,30666.75,30667.5,134
2026-09-29 18:42:00-04:00,30673.25,30673.25,30676.75,30671.5,30674.75,147
2026-09-29 18:43:00-04:00,30668.0,30668.0,30673.5,30666.0,30673.5,99
2026-09-29 18:44:00-04:00,30669.5,30669.5,30669.5,30666.0,30668.25,60
2026-09-29 18:45:00-04:00,30667.5,30667.5,30668.75,30666.0,30668.75,65
2026-09-29 18:46:00-04:00,30663.75,30663.75,30667.75,30662.75,30666.5,66
2026-09-29 18:47:00-04:00,30668.75,30668.75,30668.75,30661.25,30663.5,89
2026-09-29 18:48:00-04:00,30668.0,30668.0,30670.5,30666.5,30668.5,51
2026-09-29 18:49:00-04:00,30669.0,30669.0,30669.5,30665.5,30666.0,30
2026-09-29 18:50:00-04:00,30671.5,30671.5,30671.5,30667.25,30667.75,39
2026-09-29 18:51:00-04:00,30669.75,30669.75,30672.25,30669.5,30670.25,39
2026-09-29 18:52:00-04:00,30669.5,30669.5,30669.75,30666.5,30668.5,19
2026-09-29 18:53:00-04:00,30670.75,30670.75,30673.5,30669.25,30669.25,33
2026-09-29 18:54:00-04:00,30669.75,30669.75,30673.0,30668.0,30670.75,47
2026-09-29 18:55:00-04:00,30671.0,30671.0,30671.0,30667.75,30670.25,25
2026-09-29 18:56:00-04:00,30671.75,30671.75,30671.75,30669.75,30670.25,9
2026-09-29 18:57:00-04:00,30670.0,30670.0,30672.75,30670.0,30672.75,17
2026-09-29 18:58:00-04:00,30669.75,30669.75,30670.5,30668.75,30669.25,30
2026-09-29 18:59:00-04:00,30669.0,30669.0,30669.25,30666.5,30669.0,22
2026-09-29 19:00:00-04:00,30671.25,30671.25,30673.5,30668.25,30669.0,51
2026-09-29 19:01:00-04:00,30667.25,30667.25,30672.0,30667.25,30670.25,33
2026-09-29 19:02:00-04:00,30665.75,30665.75,30667.5,30663.5,30667.5,96
2026-09-29 19:03:00-04:00,30668.5,30668.5,30668.5,30664.0,30666.25,66
2026-09-29 19:04:00-04:00,30669.75,30669.75,30670.25,30665.5,30667.75,50
2026-09-29 19:05:00-04:00,30673.25,30673.25,30674.25,30669.5,30669.5,56
2026-09-29 19:06:00-04:00,30677.0,30677.0,30679.0,30669.75,30673.0,93
2026-09-29 19:07:00-04:00,30674.5,30674.5,30676.75,30672.0,30676.5,52
2026-09-29 19:08:00-04:00,30673.75,30673.75,30676.25,30673.25,30673.75,21
2026-09-29 19:09:00-04:00,30675.75,30675.75,30675.75,30673.25,30674.75,24
2026-09-29 19:10:00-04:00,30676.25,30676.25,30678.75,30674.0,30675.25,47
2026-09-29 19:11:00-04:00,30678.5,30678.5,30680.5,30676.25,30676.25,51
2026-09-29 19:12:00-04:00,30681.75,30681.75,30681.75,30679.0,30680.0,69
2026-09-29 19:13:00-04:00,30684.5,30684.5,30684.5,30680.25,30681.75,84
2026-09-29 19:14:00-04:00,30681.0,30681.0,30684.5,30681.0,30682.75,38
2026-09-29 19:15:00-04:00,30684.0,30684.0,30684.0,30680.75,30680.75,54
2026-09-29 19:16:00-04:00,30684.25,30684.25,30687.0,30683.5,30683.5,62
2026-09-29 19:17:00-04:00,30687.5,30687.5,30688.5,30683.0,30684.75,43
2026-09-29 19:18:00-04:00,30681.25,30681.25,30688.5,30679.5,30687.0,76
2026-09-29 19:19:00-04:00,30679.25,30679.25,30682.25,30677.5,30682.25,63
2026-09-29 19:20:00-04:00,30678.75,30678.75,30680.75,30677.75,30679.75,56
2026-09-29 19:21:00-04:00,30674.25,30674.25,30678.0,30673.25,30678.0,94
2026-09-29 19:22:00-04:00,30672.5,30672.5,30676.0,30670.5,30674.75,49
2026-09-29 19:23:00-04:00,30673.0,30673.0,30678.25,30671.25,30672.0,77
2026-09-29 19:24:00-04:00,30674.5,30674.5,30676.25,30674.0,30674.25,20
2026-09-29 19:25:00-04:00,30675.5,30675.5,30675.75,30672.5,30674.5,21
2026-09-29 19:26:00-04:00,30677.0,30677.0,30678.5,30676.0,30676.0,34
2026-09-29 19:27:00-04:00,30679.75,30679.75,30682.25,30676.5,30677.25,60
2026-09-29 19:28:00-04:00,30679.75,30679.75,30682.25,30678.5,30680.25,59
2026-09-29 19:29:00-04:00,30678.75,30678.75,30680.25,30677.5,30680.0,33
2026-09-29 19:30:00-04:00,30676.25,30676.25,30680.5,30674.5,30679.25,65
2026-09-29 19:31:00-04:00,30673.0,30673.0,30676.0,30670.75,30675.75,94
2026-09-29 19:32:00-04:00,30677.0,30677.0,30677.25,30673.0,30673.25,31
2026-09-29 19:33:00-04:00,30676.75,30676.75,30679.25,30675.5,30677.0,56
2026-09-29 19:34:00-04:00,30683.75,30683.75,30684.0,30677.0,30677.0,62
2026-09-29 19:35:00-04:00,30691.0,30691.0,30692.5,30683.5,30684.0,210
2026-09-29 19:36:00-04:00,30692.75,30692.75,30694.0,30689.5,30691.25,102
2026-09-29 19:37:00-04:00,30693.0,30693.0,30694.0,30692.0,30692.75,46
2026-09-29 19:38:00-04:00,30702.75,30702.75,30703.25,30694.0,30694.0,190
2026-09-29 19:39:00-04:00,30700.75,30700.75,30703.0,30700.25,30702.0,63
2026-09-29 19:40:00-04:00,30695.5,30695.5,30702.0,30695.0,30701.5,115
2026-09-29 19:41:00-04:00,30698.5,30698.5,30702.75,30695.25,30695.25,74
2026-09-29 19:42:00-04:00,30693.0,30693.0,30700.75,30692.75,30699.25,128
2026-09-29 19:43:00-04:00,30693.0,30693.0,30696.0,30691.0,30694.5,52
2026-09-29 19:44:00-04:00,30695.25,30695.25,30698.0,30692.25,30692.25,73
2026-09-29 19:45:00-04:00,30694.25,30694.25,30697.75,30693.0,30695.75,60
2026-09-29 19:46:00-04:00,30698.25,30698.25,30700.0,30694.5,30695.0,34
2026-09-29 19:47:00-04:00,30699.5,30699.5,30701.5,30697.5,30698.0,36
2026-09-29 19:48:00-04:00,30704.0,30704.0,30704.5,30699.75,30700.75,97
2026-09-29 19:49:00-04:00,30700.25,30700.25,30706.5,30700.25,30704.25,98
2026-09-29 19:50:00-04:00,30699.0,30699.0,30701.0,30696.75,30700.75,50
2026-09-29 19:51:00-04:00,30698.5,30698.5,30699.75,30696.25,30698.75,20
2026-09-29 19:52:00-04:00,30700.5,30700.5,30702.0,30696.75,30697.75,69
2026-09-29 19:53:00-04:00,30701.0,30701.0,30705.25,30701.0,30701.75,40
2026-09-29 19:54:00-04:00,30700.5,30700.5,30702.5,30698.5,30700.5,44
2026-09-29 19:55:00-04:00,30710.75,30710.75,30713.0,30700.5,30701.25,223
2026-09-29 19:56:00-04:00,30706.0,30706.0,30712.25,30705.75,30710.75,121
2026-09-29 19:57:00-04:00,30704.25,30704.25,30706.75,30702.75,30705.0,101
2026-09-29 19:58:00-04:00,30704.25,30704.25,30706.5,30702.0,30705.5,59
2026-09-29 19:59:00-04:00,30713.5,30713.5,30714.0,30701.5,30701.75,154
2026-09-29 20:00:00-04:00,30722.25,30722.25,30722.25,30708.25,30712.0,497
2026-09-29 20:01:00-04:00,30720.0,30720.0,30722.75,30710.25,30721.25,277
2026-09-29 20:02:00-04:00,30708.5,30708.5,30719.25,30708.5,30717.75,147
2026-09-29 20:03:00-04:00,30712.0,30712.0,30720.75,30708.5,30710.5,259
2026-09-29 20:04:00-04:00,30709.0,30709.0,30713.75,30706.5,30712.75,146
2026-09-29 20:05:00-04:00,30728.75,30728.75,30729.75,30705.25,30708.5,586
2026-09-29 20:06:00-04:00,30733.0,30733.0,30737.0,30728.25,30728.75,293
2026-09-29 20:07:00-04:00,30732.25,30732.25,30735.25,30728.75,30732.75,109
2026-09-29 20:08:00-04:00,30727.0,30727.0,30732.75,30726.5,30732.5,106
2026-09-29 20:09:00-04:00,30725.75,30725.75,30731.75,30724.25,30727.75,122
2026-09-29 20:10:00-04:00,30725.0,30725.0,30728.5,30723.25,30727.0,77
2026-09-29 20:11:00-04:00,30720.75,30720.75,30725.0,30717.75,30725.0,311
2026-09-29 20:12:00-04:00,30731.75,30731.75,30731.75,30720.75,30720.75,106
2026-09-29 20:13:00-04:00,30732.0,30732.0,30734.75,30728.0,30731.25,111
2026-09-29 20:14:00-04:00,30730.0,30730.0,30734.5,30728.25,30733.25,92
2026-09-29 20:15:00-04:00,30726.75,30726.75,30735.25,30726.0,30728.25,170
2026-09-29 20:16:00-04:00,30723.5,30723.5,30728.0,30721.5,30727.0,135
2026-09-29 20:17:00-04:00,30717.25,30717.25,30730.25,30716.25,30721.75,301
2026-09-29 20:18:00-04:00,30699.25,30699.25,30718.75,30696.5,30717.5,546
2026-09-29 20:19:00-04:00,30701.0,30701.0,30702.25,30697.0,30699.75,151
2026-09-29 20:20:00-04:00,30703.0,30703.0,30707.5,30699.5,30701.25,271
2026-09-29 20:21:00-04:00,30702.75,30702.75,30708.25,30702.25,30703.25,88
2026-09-29 20:22:00-04:00,30695.75,30695.75,30706.0,30693.0,30705.5,298
2026-09-29 20:23:00-04:00,30703.75,30703.75,30707.75,30694.25,30696.25,292
2026-09-29 20:24:00-04:00,30707.25,30707.25,30710.0,30702.25,30703.5,123
2026-09-29 20:25:00-04:00,30702.0,30702.0,30710.25,30698.75,30707.0,209
2026-09-29 20:26:00-04:00,30707.75,30707.75,30707.75,30699.5,30700.25,92
2026-09-29 20:27:00-04:00,30694.75,30694.75,30706.5,30691.75,30706.5,302
2026-09-29 20:28:00-04:00,30701.5,30701.5,30701.75,30694.0,30696.25,69
2026-09-29 20:29:00-04:00,30697.5,30697.5,30705.0,30697.5,30700.5,150
2026-09-29 20:30:00-04:00,30697.0,30697.0,30704.0,30692.5,30697.25,240
2026-09-29 20:31:00-04:00,30701.25,30701.25,30703.0,30692.5,30696.25,231
2026-09-29 20:32:00-04:00,30707.5,30707.5,30707.5,30699.5,30699.5,57
2026-09-29 20:33:00-04:00,30709.75,30709.75,30711.5,30703.75,30707.0,165
2026-09-29 20:34:00-04:00,30709.75,30709.75,30713.25,30708.25,30710.0,93
2026-09-29 20:35:00-04:00,30699.25,30699.25,30713.25,30698.0,30709.5,143
2026-09-29 20:36:00-04:00,30688.0,30688.0,30701.5,30686.75,30698.75,295
2026-09-29 20:37:00-04:00,30683.25,30683.25,30688.0,30676.5,30688.0,354
2026-09-29 20:38:00-04:00,30678.75,30678.75,30684.75,30677.25,30684.25,126
2026-09-29 20:39:00-04:00,30678.5,30678.5,30682.25,30676.25,30678.5,122
2026-09-29 20:40:00-04:00,30685.75,30685.75,30686.0,30678.75,30680.25,140
2026-09-29 20:41:00-04:00,30684.25,30684.25,30689.5,30681.25,30685.0,143
2026-09-29 20:42:00-04:00,30684.5,30684.5,30687.25,30682.5,30686.0,50
2026-09-29 20:43:00-04:00,30683.0,30683.0,30686.0,30681.0,30684.75,51
2026-09-29 20:44:00-04:00,30678.25,30678.25,30684.75,30677.0,30682.25,94
2026-09-29 20:45:00-04:00,30675.0,30675.0,30679.0,30672.5,30678.25,149
2026-09-29 20:46:00-04:00,30674.75,30674.75,30676.5,30668.0,30674.25,188
2026-09-29 20:47:00-04:00,30664.0,30664.0,30673.75,30661.75,30673.0,269
2026-09-29 20:48:00-04:00,30658.5,30658.5,30669.0,30657.75,30664.25,255
2026-09-29 20:49:00-04:00,30662.5,30662.5,30665.5,30657.25,30659.0,220
2026-09-29 20:50:00-04:00,30655.75,30655.75,30663.75,30653.25,30660.75,258
2026-09-29 20:51:00-04:00,30649.0,30649.0,30655.25,30644.75,30654.75,314
2026-09-29 20:52:00-04:00,30648.0,30648.0,30650.75,30645.75,30646.25,127
2026-09-29 20:53:00-04:00,30650.75,30650.75,30653.0,30646.0,30650.25,100
2026-09-29 20:54:00-04:00,30644.5,30644.5,30655.0,30643.5,30651.0,152
2026-09-29 20:55:00-04:00,30654.25,30654.25,30654.25,30645.0,30646.75,161
2026-09-29 20:56:00-04:00,30651.0,30651.0,30654.25,30649.5,30653.0,54
2026-09-29 20:57:00-04:00,30658.5,30658.5,30659.0,30648.25,30651.0,84
2026-09-29 20:58:00-04:00,30656.25,30656.25,30660.0,30654.25,30658.25,137
2026-09-29 20:59:00-04:00,30656.5,30656.5,30656.5,30653.0,30655.25,78
2026-09-29 21:00:00-04:00,30649.0,30649.0,30656.25,30644.25,30653.75,198
2026-09-29 21:01:00-04:00,30659.0,30659.0,30661.25,30649.0,30649.0,136
2026-09-29 21:02:00-04:00,30667.75,30667.75,30669.0,30658.5,30658.75,354
2026-09-29 21:03:00-04:00,30661.75,30661.75,30666.25,30653.25,30666.25,349
2026-09-29 21:04:00-04:00,30662.5,30662.5,30669.5,30660.75,30660.75,242
2026-09-29 21:05:00-04:00,30662.5,30662.5,30665.5,30660.5,30662.25,56
2026-09-29 21:06:00-04:00,30644.75,30644.75,30660.0,30643.5,30660.0,208
2026-09-29 21:07:00-04:00,30648.5,30648.5,30650.0,30642.75,30644.25,186
2026-09-29 21:08:00-04:00,30640.5,30640.5,30648.5,30640.5,30647.0,126
2026-09-29 21:09:00-04:00,30650.75,30650.75,30652.5,30642.25,30644.0,149
2026-09-29 21:10:00-04:00,30647.25,30647.25,30651.25,30642.25,30651.25,81
2026-09-29 21:11:00-04:00,30647.75,30647.75,30652.75,30647.25,30647.25,94
2026-09-29 21:12:00-04:00,30641.5,30641.5,30651.25,30640.75,30647.75,75
2026-09-29 21:13:00-04:00,30637.75,30637.75,30642.0,30633.5,30641.75,256
2026-09-29 21:14:00-04:00,30641.75,30641.75,30643.75,30637.75,30639.75,131
2026-09-29 21:15:00-04:00,30643.0,30643.0,30646.25,30640.75,30642.0,63
2026-09-29 21:16:00-04:00,30637.75,30637.75,30646.0,30636.75,30643.5,84
2026-09-29 21:17:00-04:00,30638.75,30638.75,30642.5,30636.5,30637.0,73
2026-09-29 21:18:00-04:00,30636.75,30636.75,30641.5,30635.0,30639.25,78
2026-09-29 21:19:00-04:00,30642.75,30642.75,30644.0,30635.25,30635.25,42
2026-09-29 21:20:00-04:00,30644.5,30644.5,30645.25,30636.75,30641.0,76
2026-09-29 21:21:00-04:00,30637.25,30637.25,30648.75,30630.0,30645.0,344
2026-09-29 21:22:00-04:00,30641.25,30641.25,30641.25,30636.5,30637.75,56
2026-09-29 21:23:00-04:00,30647.5,30647.5,30651.25,30640.25,30640.75,189
2026-09-29 21:24:00-04:00,30644.0,30644.0,30647.5,30635.5,30647.5,142
2026-09-29 21:25:00-04:00,30643.75,30643.75,30644.5,30638.5,30643.75,32
2026-09-29 21:26:00-04:00,30644.25,30644.25,30646.25,30640.75,30642.25,45
2026-09-29 21:27:00-04:00,30641.5,30641.5,30645.0,30641.0,30643.5,44
2026-09-29 21:28:00-04:00,30639.25,30639.25,30642.25,30636.25,30642.25,67
2026-09-29 21:29:00-04:00,30631.75,30631.75,30639.0,30631.75,30639.0,72
2026-09-29 21:30:00-04:00,30636.75,30636.75,30637.0,30624.75,30632.75,402
2026-09-29 21:31:00-04:00,30648.25,30648.25,30651.25,30634.25,30634.75,191
2026-09-29 21:32:00-04:00,30649.25,30649.25,30650.75,30641.75,30647.25,103
2026-09-29 21:33:00-04:00,30647.75,30647.75,30648.5,30635.25,30648.5,215
2026-09-29 21:34:00-04:00,30646.25,30646.25,30653.0,30643.0,30647.25,115
2026-09-29 21:35:00-04:00,30653.0,30653.0,30655.0,30645.5,30646.0,85
2026-09-29 21:36:00-04:00,30649.5,30649.5,30654.75,30643.25,30652.5,127
2026-09-29 21:37:00-04:00,30637.0,30637.0,30651.75,30636.25,30649.0,106
2026-09-29 21:38:00-04:00,30627.75,30627.75,30641.0,30625.5,30639.5,160
2026-09-29 21:39:00-04:00,30634.25,30634.25,30634.5,30628.0,30628.0,68
2026-09-29 21:40:00-04:00,30641.25,30641.25,30642.5,30633.25,30633.5,95
2026-09-29 21:41:00-04:00,30639.75,30639.75,30647.75,30637.25,30641.5,116
2026-09-29 21:42:00-04:00,30635.5,30635.5,30641.0,30634.75,30639.25,51
2026-09-29 21:43:00-04:00,30643.75,30643.75,30644.0,30634.5,30635.5,47
2026-09-29 21:44:00-04:00,30641.0,30641.0,30645.5,30640.5,30643.75,51
2026-09-29 21:45:00-04:00,30634.75,30634.75,30644.75,30631.0,30643.75,79
2026-09-29 21:46:00-04:00,30641.0,30641.0,30646.25,30633.0,30633.0,53
2026-09-29 21:47:00-04:00,30643.5,30643.5,30647.75,30639.0,30643.75,108
2026-09-29 21:48:00-04:00,30638.5,30638.5,30647.25,30637.0,30645.0,49
2026-09-29 21:49:00-04:00,30643.5,30643.5,30645.25,30637.0,30638.25,70
2026-09-29 21:50:00-04:00,30641.75,30641.75,30645.0,30638.0,30644.0,66
2026-09-29 21:51:00-04:00,30640.75,30640.75,30642.75,30637.75,30640.25,34
2026-09-29 21:52:00-04:00,30637.5,30637.5,30640.25,30635.25,30640.25,41
2026-09-29 21:53:00-04:00,30641.25,30641.25,30643.25,30636.0,30636.5,26
2026-09-29 21:54:00-04:00,30646.25,30646.25,30649.5,30640.25,30641.5,98
2026-09-29 21:55:00-04:00,30643.25,30643.25,30648.0,30643.25,30645.25,50
2026-09-29 21:56:00-04:00,30640.5,30640.5,30645.75,30636.0,30644.75,69
2026-09-29 21:57:00-04:00,30648.5,30648.5,30650.0,30637.5,30639.25,79
2026-09-29 21:58:00-04:00,30646.75,30646.75,30648.75,30643.0,30647.0,65
2026-09-29 21:59:00-04:00,30647.5,30647.5,30648.75,30644.75,30646.0,80
2026-09-29 22:00:00-04:00,30649.75,30649.75,30654.25,30646.0,30647.0,144
2026-09-29 22:01:00-04:00,30654.0,30654.0,30657.75,30648.5,30648.5,169
2026-09-29 22:02:00-04:00,30642.5,30642.5,30654.25,30642.5,30653.0,174
2026-09-29 22:03:00-04:00,30648.5,30648.5,30649.0,30641.5,30642.0,136
2026-09-29 22:04:00-04:00,30643.5,30643.5,30650.5,30641.0,30648.5,106
2026-09-29 22:05:00-04:00,30639.75,30639.75,30647.5,30639.5,30642.75,59
2026-09-29 22:06:00-04:00,30642.0,30642.0,30646.0,30638.5,30639.75,83
2026-09-29 22:07:00-04:00,30645.25,30645.25,30647.0,30641.75,30643.0,70
2026-09-29 22:08:00-04:00,30628.25,30628.25,30644.0,30628.0,30644.0,199
2026-09-29 22:09:00-04:00,30620.75,30620.75,30630.5,30613.75,30630.5,476
2026-09-29 22:10:00-04:00,30612.0,30612.0,30624.0,30609.0,30621.25,342
2026-09-29 22:11:00-04:00,30604.0,30604.0,30612.5,30603.25,30612.0,208
2026-09-29 22:12:00-04:00,30600.75,30600.75,30606.75,30597.25,30604.25,322
2026-09-29 22:13:00-04:00,30618.25,30618.25,30618.75,30599.5,30599.5,202
2026-09-29 22:14:00-04:00,30610.25,30610.25,30618.0,30606.5,30616.75,163
2026-09-29 22:15:00-04:00,30615.25,30615.25,30621.25,30606.0,30610.75,115
2026-09-29 22:16:00-04:00,30614.25,30614.25,30620.5,30612.0,30616.5,113
2026-09-29 22:17:00-04:00,30617.75,30617.75,30627.0,30616.5,30616.75,269
2026-09-29 22:18:00-04:00,30617.5,30617.5,30620.75,30610.75,30619.25,98
2026-09-29 22:19:00-04:00,30617.0,30617.0,30618.5,30614.5,30616.5,51
2026-09-29 22:20:00-04:00,30614.0,30614.0,30616.75,30610.25,30616.75,66
2026-09-29 22:21:00-04:00,30626.0,30626.0,30626.25,30613.5,30613.75,95
2026-09-29 22:22:00-04:00,30628.75,30628.75,30630.25,30622.25,30624.5,137
2026-09-29 22:23:00-04:00,30620.25,30620.25,30630.75,30618.0,30629.5,127
2026-09-29 22:24:00-04:00,30616.25,30616.25,30621.0,30613.0,30619.0,60
2026-09-29 22:25:00-04:00,30609.75,30609.75,30615.5,30609.25,30615.0,62
2026-09-29 22:26:00-04:00,30604.75,30604.75,30613.25,30604.0,30609.0,119
2026-09-29 22:27:00-04:00,30603.25,30603.25,30609.75,30600.75,30606.0,90
2026-09-29 22:28:00-04:00,30607.25,30607.25,30608.25,30601.0,30604.75,58
2026-09-29 22:29:00-04:00,30607.5,30607.5,30609.5,30604.0,30604.75,60
2026-09-29 22:30:00-04:00,30602.0,30602.0,30609.25,30600.0,30606.5,112
2026-09-29 22:31:00-04:00,30607.5,30607.5,30609.75,30600.5,30600.5,53
2026-09-29 22:32:00-04:00,30593.0,30593.0,30608.0,30591.5,30607.75,224
2026-09-29 22:33:00-04:00,30590.75,30590.75,30594.5,30588.25,30593.25,93
2026-09-29 22:34:00-04:00,30587.5,30587.5,30593.25,30585.0,30590.0,119
2026-09-29 22:35:00-04:00,30593.25,30593.25,30598.75,30588.25,30588.25,164
2026-09-29 22:36:00-04:00,30592.5,30592.5,30597.0,30589.25,30592.75,97
2026-09-29 22:37:00-04:00,30587.5,30587.5,30595.0,30586.75,30595.0,61
2026-09-29 22:38:00-04:00,30579.0,30579.0,30588.0,30571.0,30588.0,459
2026-09-29 22:39:00-04:00,30582.5,30582.5,30583.25,30578.25,30578.5,109
2026-09-29 22:40:00-04:00,30586.0,30586.0,30589.25,30578.0,30582.0,160
2026-09-29 22:41:00-04:00,30576.0,30576.0,30586.25,30573.25,30585.5,116
2026-09-29 22:42:00-04:00,30579.0,30579.0,30579.0,30576.25,30576.25,41
2026-09-29 22:43:00-04:00,30586.25,30586.25,30589.0,30580.0,30580.0,116
2026-09-29 22:44:00-04:00,30591.0,30591.0,30594.0,30585.0,30586.0,94
2026-09-29 22:45:00-04:00,30591.0,30591.0,30592.0,30586.25,30590.75,70
2026-09-29 22:46:00-04:00,30609.75,30609.75,30611.0,30592.25,30592.25,240
2026-09-29 22:47:00-04:00,30620.0,30620.0,30620.75,30607.75,30609.75,252
2026-09-29 22:48:00-04:00,30614.0,30614.0,30621.5,30612.5,30620.0,154
2026-09-29 22:49:00-04:00,30615.0,30615.0,30616.5,30609.5,30614.5,90
2026-09-29 22:50:00-04:00,30611.25,30611.25,30613.0,30608.5,30612.0,75
2026-09-29 22:51:00-04:00,30614.25,30614.25,30614.25,30610.25,30611.0,26
2026-09-29 22:52:00-04:00,30614.5,30614.5,30618.0,30613.0,30613.0,60
2026-09-29 22:53:00-04:00,30613.0,30613.0,30619.0,30613.0,30614.25,49
2026-09-29 22:54:00-04:00,30616.75,30616.75,30617.25,30613.25,30613.25,25
2026-09-29 22:55:00-04:00,30615.5,30615.5,30618.5,30614.0,30618.0,18
2026-09-29 22:56:00-04:00,30609.0,30609.0,30618.25,30608.0,30616.0,80
2026-09-29 22:57:00-04:00,30600.75,30600.75,30609.0,30598.5,30608.5,128
2026-09-29 22:58:00-04:00,30591.75,30591.75,30602.25,30591.75,30600.5,161
2026-09-29 22:59:00-04:00,30597.0,30597.0,30598.75,30588.75,30591.0,141
2026-09-29 23:00:00-04:00,30597.75,30597.75,30607.0,30596.25,30596.25,127
2026-09-29 23:01:00-04:00,30595.75,30595.75,30600.0,30595.0,30598.25,88
2026-09-29 23:02:00-04:00,30600.75,30600.75,30602.75,30595.0,30597.25,37
2026-09-29 23:03:00-04:00,30604.5,30604.5,30608.0,30601.0,30601.25,73
2026-09-29 23:04:00-04:00,30609.0,30609.0,30610.5,30605.5,30605.5,53
2026-09-29 23:05:00-04:00,30608.75,30608.75,30610.75,30607.25,30609.75,26
2026-09-29 23:06:00-04:00,30605.75,30605.75,30609.75,30605.75,30609.0,71
2026-09-29 23:07:00-04:00,30608.25,30608.25,30609.0,30599.0,30605.75,105
2026-09-29 23:08:00-04:00,30604.75,30604.75,30606.5,30603.5,30606.5,31
2026-09-29 23:09:00-04:00,30608.25,30608.25,30608.25,30604.0,30604.0,23
2026-09-29 23:10:00-04:00,30601.5,30601.5,30610.75,30601.0,30607.25,113
2026-09-29 23:11:00-04:00,30603.5,30603.5,30605.25,30599.25,30601.5,64
2026-09-29 23:12:00-04:00,30607.25,30607.25,30608.75,30601.5,30604.25,40
2026-09-29 23:13:00-04:00,30602.5,30602.5,30607.0,30601.0,30606.5,43
2026-09-29 23:14:00-04:00,30602.25,30602.25,30602.75,30600.0,30602.25,31
2026-09-29 23:15:00-04:00,30611.0,30611.0,30611.0,30602.5,30602.5,59
2026-09-29 23:16:00-04:00,30603.75,30603.75,30612.25,30602.75,30611.25,76
2026-09-29 23:17:00-04:00,30596.0,30596.0,30603.5,30596.0,30603.5,68
2026-09-29 23:18:00-04:00,30597.25,30597.25,30601.25,30596.25,30596.5,32
2026-09-29 23:19:00-04:00,30596.5,30596.5,30599.75,30596.0,30596.25,32
2026-09-29 23:20:00-04:00,30596.25,30596.25,30596.5,30590.75,30596.0,91
2026-09-29 23:21:00-04:00,30599.0,30599.0,30601.75,30596.0,30596.25,50
2026-09-29 23:22:00-04:00,30605.5,30605.5,30609.25,30599.75,30599.75,69
2026-09-29 23:23:00-04:00,30607.5,30607.5,30609.0,30605.0,30605.0,39
2026-09-29 23:24:00-04:00,30601.5,30601.5,30611.25,30601.5,30608.0,104
2026-09-29 23:25:00-04:00,30598.75,30598.75,30603.75,30597.0,30602.75,73
2026-09-29 23:26:00-04:00,30601.75,30601.75,30602.0,30594.75,30597.0,47
2026-09-29 23:27:00-04:00,30606.25,30606.25,30607.75,30598.5,30599.0,30
2026-09-29 23:28:00-04:00,30606.0,30606.0,30610.75,30604.75,30606.5,54
2026-09-29 23:29:00-04:00,30609.25,30609.25,30610.5,30606.0,30606.5,42
2026-09-29 23:30:00-04:00,30610.0,30610.0,30614.25,30604.5,30609.25,244
2026-09-29 23:31:00-04:00,30619.0,30619.0,30619.75,30610.75,30611.5,130
2026-09-29 23:32:00-04:00,30625.25,30625.25,30630.0,30618.0,30619.25,157
2026-09-29 23:33:00-04:00,30636.0,30636.0,30636.75,30624.5,30625.75,172
2026-09-29 23:34:00-04:00,30631.75,30631.75,30638.25,30628.75,30635.0,143
2026-09-29 23:35:00-04:00,30625.25,30625.25,30631.75,30617.0,30631.25,232
2026-09-29 23:36:00-04:00,30634.0,30634.0,30634.0,30623.75,30624.25,75
2026-09-29 23:37:00-04:00,30647.75,30647.75,30648.0,30632.0,30635.0,304
2026-09-29 23:38:00-04:00,30643.0,30643.0,30648.75,30640.75,30647.0,93
2026-09-29 23:39:00-04:00,30642.5,30642.5,30647.0,30642.25,30642.75,54
2026-09-29 23:40:00-04:00,30642.5,30642.5,30648.5,30642.0,30643.0,43
2026-09-29 23:41:00-04:00,30644.25,30644.25,30646.25,30640.25,30643.5,64
2026-09-29 23:42:00-04:00,30641.25,30641.25,30647.25,30640.25,30643.5,93
2026-09-29 23:43:00-04:00,30644.25,30644.25,30644.75,30639.75,30639.75,35
2026-09-29 23:44:00-04:00,30637.75,30637.75,30644.25,30637.0,30644.0,38
2026-09-29 23:45:00-04:00,30635.0,30635.0,30642.25,30634.0,30638.5,53
2026-09-29 23:46:00-04:00,30634.0,30634.0,30635.5,30628.75,30634.25,97
2026-09-29 23:47:00-04:00,30637.0,30637.0,30641.5,30633.25,30633.25,59
2026-09-29 23:48:00-04:00,30633.25,30633.25,30638.75,30632.25,30636.0,47
2026-09-29 23:49:00-04:00,30637.25,30637.25,30637.75,30633.5,30634.0,43
2026-09-29 23:50:00-04:00,30638.0,30638.0,30638.0,30631.5,30634.0,22
2026-09-29 23:51:00-04:00,30635.25,30635.25,30641.25,30634.0,30636.5,40
2026-09-29 23:52:00-04:00,30633.25,30633.25,30636.0,30632.75,30634.25,26
2026-09-29 23:53:00-04:00,30635.5,30635.5,30636.25,30632.75,30633.0,7
2026-09-29 23:54:00-04:00,30640.75,30640.75,30643.0,30635.25,30635.5,70
2026-09-29 23:55:00-04:00,30642.25,30642.25,30644.25,30639.0,30640.5,53
2026-09-29 23:56:00-04:00,30642.5,30642.5,30643.75,30639.25,30642.25,54
2026-09-29 23:57:00-04:00,30641.25,30641.25,30643.5,30638.5,30640.25,34
2026-09-29 23:58:00-04:00,30637.75,30637.75,30640.75,30637.0,30639.75,32
2026-09-30 00:09:00-04:00,30646.25,30646.25,30646.25,30640.0,30643.5,56
2026-09-30 00:10:00-04:00,30650.5,30650.5,30654.5,30644.25,30644.75,98
2026-09-30 00:11:00-04:00,30653.25,30653.25,30654.5,30650.5,30651.75,55
2026-09-30 00:12:00-04:00,30652.25,30652.25,30655.0,30652.0,30654.5,61
2026-09-30 00:13:00-04:00,30651.5,30651.5,30654.0,30648.75,30653.0,58
2026-09-30 00:14:00-04:00,30656.25,30656.25,30657.0,30651.75,30651.75,59
2026-09-30 00:15:00-04:00,30658.0,30658.0,30660.5,30656.5,30657.0,118
2026-09-30 00:16:00-04:00,30652.0,30652.0,30657.75,30648.75,30657.75,75
2026-09-30 00:17:00-04:00,30650.0,30650.0,30653.0,30649.5,30651.75,51
2026-09-30 00:18:00-04:00,30654.75,30654.75,30656.75,30650.5,30650.75,43
2026-09-30 00:19:00-04:00,30654.5,30654.5,30656.25,30652.0,30654.75,38
2026-09-30 00:20:00-04:00,30655.25,30655.25,30659.0,30655.25,30655.25,51
2026-09-30 00:21:00-04:00,30654.75,30654.75,30657.0,30652.25,30655.25,50
2026-09-30 00:22:00-04:00,30653.25,30653.25,30656.25,30652.0,30655.25,29
2026-09-30 00:23:00-04:00,30649.75,30649.75,30653.0,30644.25,30653.0,173
2026-09-30 00:24:00-04:00,30650.25,30650.25,30650.75,30647.0,30648.75,39
2026-09-30 00:25:00-04:00,30656.25,30656.25,30657.0,30649.5,30650.5,49
2026-09-30 00:26:00-04:00,30658.25,30658.25,30660.25,30652.5,30657.0,43
2026-09-30 00:27:00-04:00,30655.75,30655.75,30657.5,30653.5,30657.25,56
2026-09-30 00:28:00-04:00,30652.25,30652.25,30655.75,30651.25,30655.75,26
2026-09-30 00:29:00-04:00,30654.0,30654.0,30654.5,30651.75,30652.0,25
2026-09-30 00:30:00-04:00,30653.25,30653.25,30656.0,30649.5,30654.5,91
2026-09-30 00:31:00-04:00,30667.5,30667.5,30667.5,30651.75,30651.75,198
2026-09-30 00:32:00-04:00,30670.5,30670.5,30671.0,30662.5,30665.75,127
2026-09-30 00:33:00-04:00,30670.0,30670.0,30671.75,30665.25,30669.0,59
2026-09-30 00:34:00-04:00,30671.25,30671.25,30674.75,30668.5,30671.75,132
2026-09-30 00:35:00-04:00,30674.0,30674.0,30676.5,30668.75,30670.75,108
2026-09-30 00:36:00-04:00,30673.5,30673.5,30675.0,30671.75,30674.75,47
2026-09-30 00:37:00-04:00,30669.75,30669.75,30672.25,30667.5,30672.25,55
2026-09-30 00:38:00-04:00,30671.75,30671.75,30674.5,30668.25,30669.75,54
2026-09-30 00:39:00-04:00,30670.25,30670.25,30673.25,30669.5,30670.25,28
2026-09-30 00:40:00-04:00,30664.75,30664.75,30675.25,30664.75,30670.75,109
2026-09-30 00:41:00-04:00,30671.25,30671.25,30671.5,30663.25,30665.25,84
2026-09-30 00:42:00-04:00,30668.75,30668.75,30671.5,30666.5,30671.0,46
2026-09-30 00:43:00-04:00,30666.0,30666.0,30669.25,30665.0,30667.25,36
2026-09-30 00:44:00-04:00,30670.0,30670.0,30672.25,30663.0,30666.5,149
2026-09-30 00:45:00-04:00,30670.75,30670.75,30672.5,30669.5,30670.75,52
2026-09-30 00:46:00-04:00,30667.0,30667.0,30672.25,30666.0,30669.5,71
2026-09-30 00:47:00-04:00,30667.25,30667.25,30668.25,30663.75,30667.75,31
2026-09-30 00:48:00-04:00,30667.75,30667.75,30670.0,30667.75,30668.0,20
2026-09-30 00:49:00-04:00,30662.25,30662.25,30667.25,30660.0,30667.25,81
2026-09-30 00:50:00-04:00,30653.75,30653.75,30662.5,30653.25,30661.5,102
2026-09-30 00:51:00-04:00,30646.75,30646.75,30655.75,30646.0,30654.0,113
2026-09-30 00:52:00-04:00,30653.0,30653.0,30653.75,30647.75,30649.0,83
2026-09-30 00:53:00-04:00,30650.5,30650.5,30651.75,30649.5,30651.75,26
2026-09-30 00:54:00-04:00,30647.0,30647.0,30654.0,30647.0,30650.25,49
2026-09-30 00:55:00-04:00,30640.25,30640.25,30647.0,30638.0,30645.75,170
2026-09-30 00:56:00-04:00,30642.0,30642.0,30643.25,30637.75,30640.25,106
2026-09-30 00:57:00-04:00,30641.75,30641.75,30642.75,30640.75,30642.25,15
2026-09-30 00:58:00-04:00,30647.75,30647.75,30649.5,30641.0,30641.25,68
2026-09-30 00:59:00-04:00,30648.25,30648.25,30648.25,30644.75,30647.5,32
2026-09-30 01:00:00-04:00,30659.0,30659.0,30659.25,30645.5,30647.75,107
2026-09-30 01:01:00-04:00,30650.0,30650.0,30661.5,30646.25,30658.0,137
2026-09-30 01:02:00-04:00,30637.25,30637.25,30651.75,30636.25,30651.25,158
2026-09-30 01:03:00-04:00,30631.75,30631.75,30637.25,30631.5,30637.0,101
2026-09-30 01:04:00-04:00,30628.25,30628.25,30634.25,30627.0,30631.0,133
2026-09-30 01:05:00-04:00,30624.5,30624.5,30627.5,30620.75,30627.5,131
2026-09-30 01:06:00-04:00,30630.75,30630.75,30633.25,30626.0,30626.0,98
2026-09-30 01:07:00-04:00,30630.25,30630.25,30633.0,30626.75,30630.0,44
2026-09-30 01:08:00-04:00,30626.0,30626.0,30633.0,30625.75,30632.0,34
2026-09-30 01:09:00-04:00,30626.25,30626.25,30629.75,30623.0,30625.0,36
2026-09-30 01:10:00-04:00,30618.5,30618.5,30626.25,30614.25,30626.25,163
2026-09-30 01:11:00-04:00,30622.0,30622.0,30624.5,30616.0,30617.0,111
2026-09-30 01:12:00-04:00,30609.5,30609.5,30621.5,30608.75,30621.25,136
2026-09-30 01:13:00-04:00,30604.75,30604.75,30610.0,30600.25,30608.5,263
2026-09-30 01:14:00-04:00,30598.75,30598.75,30608.5,30598.75,30605.75,96
2026-09-30 01:15:00-04:00,30581.5,30581.5,30599.75,30580.25,30598.75,283
2026-09-30 01:16:00-04:00,30587.25,30587.25,30592.75,30580.0,30580.5,184
2026-09-30 01:17:00-04:00,30594.0,30594.0,30600.5,30588.75,30589.0,205
2026-09-30 01:18:00-04:00,30605.75,30605.75,30609.0,30594.0,30594.0,214
2026-09-30 01:19:00-04:00,30609.5,30609.5,30609.5,30599.0,30605.0,146
2026-09-30 01:20:00-04:00,30612.0,30612.0,30617.0,30603.75,30609.5,203
2026-09-30 01:21:00-04:00,30614.5,30614.5,30617.75,30612.5,30612.5,59
2026-09-30 01:22:00-04:00,30610.0,30610.0,30618.25,30604.0,30613.75,106
2026-09-30 01:23:00-04:00,30609.25,30609.25,30609.75,30603.5,30609.75,59
2026-09-30 01:24:00-04:00,30616.75,30616.75,30618.0,30606.0,30610.0,137
2026-09-30 01:25:00-04:00,30602.75,30602.75,30617.0,30602.0,30617.0,145
2026-09-30 01:26:00-04:00,30598.75,30598.75,30605.0,30597.0,30601.25,75
2026-09-30 01:27:00-04:00,30603.25,30603.25,30603.75,30593.75,30598.5,92
2026-09-30 01:28:00-04:00,30608.5,30608.5,30611.5,30598.5,30602.0,120
2026-09-30 01:29:00-04:00,30610.75,30610.75,30611.75,30606.0,30608.5,79
2026-09-30 01:30:00-04:00,30617.75,30617.75,30618.5,30610.5,30612.0,105
2026-09-30 01:31:00-04:00,30616.25,30616.25,30621.5,30612.75,30617.5,163
2026-09-30 01:32:00-04:00,30623.25,30623.25,30630.25,30614.75,30617.0,248
2026-09-30 01:33:00-04:00,30623.75,30623.75,30626.75,30618.75,30622.0,110
2026-09-30 01:34:00-04:00,30630.0,30630.0,30631.0,30623.0,30623.0,79
2026-09-30 01:35:00-04:00,30646.75,30646.75,30647.75,30627.75,30630.25,395
2026-09-30 01:36:00-04:00,30641.25,30641.25,30648.75,30639.75,30647.25,129
2026-09-30 01:37:00-04:00,30632.75,30632.75,30640.5,30631.0,30640.0,126
2026-09-30 01:38:00-04:00,30625.0,30625.0,30633.0,30623.75,30633.0,111
2026-09-30 01:39:00-04:00,30617.25,30617.25,30625.75,30615.0,30625.5,142
2026-09-30 01:40:00-04:00,30616.25,30616.25,30618.25,30609.75,30617.0,148
2026-09-30 01:41:00-04:00,30617.75,30617.75,30619.5,30613.5,30615.75,62
2026-09-30 01:42:00-04:00,30621.25,30621.25,30623.5,30617.0,30620.25,106
2026-09-30 01:43:00-04:00,30615.5,30615.5,30623.5,30615.5,30621.25,68
2026-09-30 01:44:00-04:00,30618.75,30618.75,30625.75,30614.5,30614.75,78
2026-09-30 01:45:00-04:00,30617.5,30617.5,30626.0,30614.75,30619.25,127
2026-09-30 01:46:00-04:00,30607.5,30607.5,30618.25,30606.25,30617.25,162
2026-09-30 01:47:00-04:00,30605.5,30605.5,30609.75,30600.25,30607.0,152
2026-09-30 01:48:00-04:00,30606.5,30606.5,30609.25,30603.5,30605.0,49
2026-09-30 01:49:00-04:00,30608.0,30608.0,30609.25,30604.0,30607.5,57
2026-09-30 01:50:00-04:00,30610.25,30610.25,30610.75,30607.0,30607.75,30
2026-09-30 01:51:00-04:00,30604.0,30604.0,30610.25,30602.0,30609.75,70
2026-09-30 01:52:00-04:00,30602.5,30602.5,30605.5,30600.75,30605.0,49
2026-09-30 01:53:00-04:00,30595.5,30595.5,30601.75,30591.0,30601.25,126
2026-09-30 01:54:00-04:00,30587.0,30587.0,30596.5,30586.5,30594.75,120
2026-09-30 01:55:00-04:00,30584.5,30584.5,30590.0,30584.5,30586.0,87
2026-09-30 01:56:00-04:00,30590.0,30590.0,30592.25,30583.0,30584.75,88
2026-09-30 01:57:00-04:00,30588.75,30588.75,30593.25,30587.75,30590.75,56
2026-09-30 01:58:00-04:00,30634.0,30634.0,30637.75,30588.75,30590.0,688
2026-09-30 01:59:00-04:00,30614.5,30614.5,30634.0,30609.75,30630.0,337
2026-09-30 02:00:00-04:00,30623.25,30623.25,30626.5,30604.75,30612.5,278
2026-09-30 02:01:00-04:00,30618.75,30618.75,30630.75,30617.0,30621.5,357
2026-09-30 02:02:00-04:00,30620.25,30620.25,30623.5,30611.0,30619.0,181
2026-09-30 02:03:00-04:00,30607.75,30607.75,30619.25,30603.5,30619.25,127
2026-09-30 02:04:00-04:00,30610.5,30610.5,30611.75,30601.25,30608.5,149
2026-09-30 02:05:00-04:00,30611.5,30611.5,30614.5,30607.5,30612.25,102
2026-09-30 02:06:00-04:00,30608.25,30608.25,30616.25,30606.5,30611.25,95
2026-09-30 02:07:00-04:00,30605.0,30605.0,30609.0,30600.25,30608.25,66
2026-09-30 02:08:00-04:00,30599.75,30599.75,30608.0,30596.0,30605.75,117
2026-09-30 02:09:00-04:00,30604.5,30604.5,30609.5,30599.0,30599.25,111
2026-09-30 02:10:00-04:00,30607.0,30607.0,30610.75,30602.5,30604.25,73
2026-09-30 02:11:00-04:00,30604.5,30604.5,30608.0,30599.0,30606.75,77
2026-09-30 02:12:00-04:00,30599.25,30599.25,30609.25,30598.0,30604.5,175
2026-09-30 02:13:00-04:00,30602.25,30602.25,30608.0,30596.75,30598.25,167
2026-09-30 02:14:00-04:00,30592.25,30592.25,30603.5,30592.25,30602.0,85
2026-09-30 02:15:00-04:00,30595.25,30595.25,30597.75,30589.75,30591.25,260
2026-09-30 02:16:00-04:00,30601.25,30601.25,30602.0,30591.25,30595.75,230
2026-09-30 02:17:00-04:00,30602.0,30602.0,30609.5,30600.0,30600.25,122
2026-09-30 02:18:00-04:00,30596.25,30596.25,30603.0,30594.75,30600.5,76
2026-09-30 02:19:00-04:00,30595.25,30595.25,30598.0,30592.75,30597.0,68
2026-09-30 02:20:00-04:00,30603.5,30603.5,30606.5,30591.5,30594.5,148
2026-09-30 02:21:00-04:00,30606.75,30606.75,30609.0,30597.0,30602.75,114
2026-09-30 02:22:00-04:00,30608.25,30608.25,30612.0,30604.75,30606.75,94
2026-09-30 02:23:00-04:00,30605.75,30605.75,30610.5,30601.25,30608.5,73
2026-09-30 02:24:00-04:00,30605.0,30605.0,30607.0,30602.75,30605.0,32
2026-09-30 02:25:00-04:00,30601.5,30601.5,30604.75,30599.75,30604.5,24
2026-09-30 02:26:00-04:00,30606.25,30606.25,30607.75,30602.25,30602.25,34
2026-09-30 02:27:00-04:00,30609.5,30609.5,30611.0,30605.5,30605.5,25
2026-09-30 02:28:00-04:00,30595.5,30595.5,30610.5,30593.75,30610.25,71
2026-09-30 02:29:00-04:00,30597.5,30597.5,30600.5,30593.25,30595.25,55
2026-09-30 02:30:00-04:00,30592.5,30592.5,30601.25,30586.75,30596.75,161
2026-09-30 02:31:00-04:00,30592.75,30592.75,30596.5,30589.0,30592.25,82
2026-09-30 02:32:00-04:00,30588.0,30588.0,30594.25,30586.5,30594.25,117
2026-09-30 02:33:00-04:00,30574.5,30574.5,30590.25,30572.25,30589.0,252
2026-09-30 02:34:00-04:00,30567.5,30567.5,30578.0,30564.25,30573.0,349
2026-09-30 02:35:00-04:00,30571.5,30571.5,30575.0,30566.0,30566.25,159
2026-09-30 02:36:00-04:00,30574.25,30574.25,30577.25,30570.0,30571.75,137
2026-09-30 02:37:00-04:00,30568.0,30568.0,30575.75,30565.25,30574.0,109
2026-09-30 02:38:00-04:00,30568.0,30568.0,30579.25,30564.0,30569.75,298
2026-09-30 02:39:00-04:00,30561.0,30561.0,30571.25,30558.75,30567.75,205
2026-09-30 02:40:00-04:00,30563.75,30563.75,30567.25,30558.0,30560.5,113
2026-09-30 02:41:00-04:00,30555.0,30555.0,30563.5,30549.75,30562.75,373
2026-09-30 02:42:00-04:00,30571.5,30571.5,30574.0,30554.25,30555.25,249
2026-09-30 02:43:00-04:00,30567.0,30567.0,30575.5,30563.0,30574.75,119
2026-09-30 02:44:00-04:00,30568.75,30568.75,30573.5,30562.5,30564.5,96
2026-09-30 02:45:00-04:00,30555.5,30555.5,30570.25,30551.0,30568.0,275
2026-09-30 02:46:00-04:00,30553.0,30553.0,30557.75,30548.5,30557.0,90
2026-09-30 02:47:00-04:00,30546.5,30546.5,30556.75,30539.75,30553.25,295
2026-09-30 02:48:00-04:00,30544.75,30544.75,30549.25,30541.75,30546.25,164
2026-09-30 02:49:00-04:00,30564.0,30564.0,30564.0,30544.5,30544.5,213
2026-09-30 02:50:00-04:00,30570.0,30570.0,30573.5,30562.0,30562.75,159
2026-09-30 02:51:00-04:00,30580.0,30580.0,30581.75,30566.25,30570.0,162
2026-09-30 02:52:00-04:00,30591.75,30591.75,30594.75,30577.25,30581.0,220
2026-09-30 02:53:00-04:00,30589.75,30589.75,30592.0,30586.0,30591.5,174
2026-09-30 02:54:00-04:00,30589.75,30589.75,30590.75,30583.25,30590.0,125
2026-09-30 02:55:00-04:00,30608.0,30608.0,30609.5,30590.5,30590.5,229
2026-09-30 02:56:00-04:00,30601.0,30601.0,30608.5,30597.0,30608.5,132
2026-09-30 02:57:00-04:00,30604.25,30604.25,30605.0,30594.0,30601.0,99
2026-09-30 02:58:00-04:00,30597.25,30597.25,30603.0,30597.25,30602.25,38
2026-09-30 02:59:00-04:00,30588.25,30588.25,30597.0,30587.0,30596.75,93
2026-09-30 03:00:00-04:00,30588.0,30588.0,30590.75,30582.0,30586.5,249
2026-09-30 03:01:00-04:00,30600.75,30600.75,30602.0,30583.5,30587.5,193
2026-09-30 03:02:00-04:00,30612.0,30612.0,30612.25,30599.25,30601.25,209
2026-09-30 03:03:00-04:00,30611.5,30611.5,30617.0,30607.5,30611.5,204
2026-09-30 03:04:00-04:00,30619.25,30619.25,30620.0,30610.0,30611.5,144
2026-09-30 03:05:00-04:00,30633.75,30633.75,30635.0,30619.75,30619.75,300
2026-09-30 03:06:00-04:00,30621.0,30621.0,30634.25,30614.5,30633.5,292
2026-09-30 03:07:00-04:00,30632.5,30632.5,30634.0,30618.0,30620.25,225
2026-09-30 03:08:00-04:00,30626.0,30626.0,30635.0,30622.0,30630.5,177
2026-09-30 03:09:00-04:00,30615.75,30615.75,30626.25,30611.0,30624.5,220
2026-09-30 03:10:00-04:00,30623.0,30623.0,30626.5,30615.75,30616.5,94
2026-09-30 03:11:00-04:00,30612.25,30612.25,30626.5,30609.0,30621.25,186
2026-09-30 03:12:00-04:00,30619.5,30619.5,30623.5,30611.5,30611.5,86
2026-09-30 03:13:00-04:00,30628.0,30628.0,30628.0,30618.25,30618.75,153
2026-09-30 03:14:00-04:00,30630.75,30630.75,30634.5,30626.25,30627.5,125
2026-09-30 03:15:00-04:00,30647.25,30647.25,30647.75,30628.25,30629.25,276
2026-09-30 03:16:00-04:00,30665.25,30665.25,30667.25,30645.75,30647.5,454
2026-09-30 03:17:00-04:00,30657.75,30657.75,30666.25,30657.25,30665.5,272
2026-09-30 03:18:00-04:00,30666.5,30666.5,30667.25,30654.25,30658.25,292
2026-09-30 03:19:00-04:00,30667.25,30667.25,30668.0,30662.0,30667.0,113
2026-09-30 03:20:00-04:00,30661.75,30661.75,30670.0,30660.5,30667.0,221
2026-09-30 03:21:00-04:00,30671.5,30671.5,30673.5,30660.0,30662.0,173
2026-09-30 03:22:00-04:00,30663.25,30663.25,30672.25,30660.0,30671.25,206
2026-09-30 03:23:00-04:00,30681.75,30681.75,30683.25,30662.75,30663.25,298
2026-09-30 03:24:00-04:00,30674.0,30674.0,30684.75,30670.5,30682.75,236
2026-09-30 03:25:00-04:00,30674.0,30674.0,30675.75,30667.5,30672.75,202
2026-09-30 03:26:00-04:00,30674.5,30674.5,30683.0,30672.25,30675.25,251
2026-09-30 03:27:00-04:00,30664.25,30664.25,30676.75,30662.0,30675.75,171
2026-09-30 03:28:00-04:00,30658.5,30658.5,30666.75,30654.75,30665.5,202
2026-09-30 03:29:00-04:00,30657.75,30657.75,30658.5,30652.5,30657.25,113
2026-09-30 03:30:00-04:00,30667.0,30667.0,30668.75,30654.75,30657.0,177
2026-09-30 03:31:00-04:00,30659.25,30659.25,30666.25,30652.5,30665.25,136
2026-09-30 03:32:00-04:00,30666.25,30666.25,30668.0,30660.0,30660.0,89
2026-09-30 03:33:00-04:00,30665.25,30665.25,30668.0,30663.25,30664.75,63
2026-09-30 03:34:00-04:00,30665.25,30665.25,30665.75,30662.0,30664.5,55
2026-09-30 03:35:00-04:00,30673.0,30673.0,30674.5,30665.5,30665.5,84
2026-09-30 03:36:00-04:00,30672.25,30672.25,30677.75,30670.75,30672.5,142
2026-09-30 03:37:00-04:00,30674.0,30674.0,30674.0,30669.0,30672.75,64
2026-09-30 03:38:00-04:00,30671.5,30671.5,30674.75,30665.75,30673.25,71
2026-09-30 03:39:00-04:00,30683.5,30683.5,30684.0,30671.75,30671.75,144
2026-09-30 03:40:00-04:00,30690.0,30690.0,30693.25,30679.75,30682.25,475
2026-09-30 03:41:00-04:00,30688.0,30688.0,30689.5,30683.0,30688.0,123
2026-09-30 03:42:00-04:00,30682.0,30682.0,30688.25,30680.25,30688.25,94
2026-09-30 03:43:00-04:00,30686.75,30686.75,30689.5,30682.75,30683.5,67
2026-09-30 03:44:00-04:00,30679.0,30679.0,30686.75,30679.0,30686.25,80
2026-09-30 03:45:00-04:00,30687.5,30687.5,30690.0,30680.0,30680.0,120
2026-09-30 03:46:00-04:00,30684.5,30684.5,30690.5,30683.75,30687.0,79
2026-09-30 03:47:00-04:00,30678.75,30678.75,30685.0,30677.75,30685.0,85
2026-09-30 03:48:00-04:00,30683.0,30683.0,30684.75,30679.0,30679.0,67
2026-09-30 03:49:00-04:00,30683.75,30683.75,30684.75,30676.0,30679.25,53
2026-09-30 03:50:00-04:00,30685.25,30685.25,30685.25,30681.5,30683.75,53
2026-09-30 03:51:00-04:00,30687.0,30687.0,30691.75,30683.75,30684.25,116
2026-09-30 03:52:00-04:00,30685.0,30685.0,30687.25,30682.75,30686.25,37
2026-09-30 03:53:00-04:00,30679.0,30679.0,30687.5,30679.0,30684.75,61
2026-09-30 03:54:00-04:00,30681.5,30681.5,30684.25,30679.25,30679.5,33
2026-09-30 03:55:00-04:00,30682.75,30682.75,30686.0,30681.5,30682.25,81
2026-09-30 03:56:00-04:00,30683.25,30683.25,30683.25,30676.5,30681.75,73
2026-09-30 03:57:00-04:00,30680.75,30680.75,30685.25,30680.75,30683.0,31
2026-09-30 03:58:00-04:00,30686.25,30686.25,30686.75,30679.0,30680.75,81
2026-09-30 03:59:00-04:00,30691.25,30691.25,30691.5,30685.0,30685.75,74
2026-09-30 04:00:00-04:00,30683.5,30683.5,30692.0,30682.5,30689.25,199
2026-09-30 04:01:00-04:00,30700.5,30700.5,30705.75,30686.0,30686.0,370
2026-09-30 04:02:00-04:00,30693.75,30693.75,30700.25,30689.75,30700.0,123
2026-09-30 04:03:00-04:00,30703.75,30703.75,30707.25,30690.75,30694.5,131
2026-09-30 04:04:00-04:00,30694.5,30694.5,30704.25,30686.75,30703.75,121
2026-09-30 04:05:00-04:00,30677.75,30677.75,30692.5,30677.0,30692.5,203
2026-09-30 04:06:00-04:00,30676.75,30676.75,30681.75,30673.0,30677.5,141
2026-09-30 04:07:00-04:00,30676.0,30676.0,30681.0,30667.75,30676.25,291
2026-09-30 04:08:00-04:00,30674.0,30674.0,30677.75,30670.5,30675.75,91
2026-09-30 04:09:00-04:00,30670.75,30670.75,30674.75,30662.25,30671.5,142
2026-09-30 04:10:00-04:00,30662.5,30662.5,30673.0,30661.75,30671.75,56
2026-09-30 04:11:00-04:00,30666.0,30666.0,30667.5,30658.0,30662.75,161
2026-09-30 04:12:00-04:00,30668.0,30668.0,30673.75,30664.0,30665.75,101
2026-09-30 04:13:00-04:00,30658.25,30658.25,30670.5,30658.0,30667.25,129
2026-09-30 04:14:00-04:00,30656.75,30656.75,30661.0,30655.25,30658.5,146
2026-09-30 04:15:00-04:00,30662.25,30662.25,30664.25,30650.0,30657.5,163
2026-09-30 04:16:00-04:00,30664.75,30664.75,30664.75,30658.25,30658.75,46
2026-09-30 04:17:00-04:00,30661.25,30661.25,30668.75,30654.75,30663.75,136
2026-09-30 04:18:00-04:00,30668.5,30668.5,30670.0,30662.0,30662.0,63
2026-09-30 04:19:00-04:00,30653.25,30653.25,30672.25,30653.25,30669.0,97
2026-09-30 04:20:00-04:00,30657.75,30657.75,30658.0,30652.0,30654.5,72
2026-09-30 04:21:00-04:00,30660.75,30660.75,30660.75,30654.75,30658.75,52
2026-09-30 04:22:00-04:00,30658.25,30658.25,30661.5,30655.75,30660.25,39
2026-09-30 04:23:00-04:00,30656.0,30656.0,30660.0,30654.5,30659.25,55
2026-09-30 04:24:00-04:00,30663.0,30663.0,30664.25,30655.0,30656.25,63
2026-09-30 04:25:00-04:00,30664.0,30664.0,30666.25,30659.5,30662.0,52
2026-09-30 04:26:00-04:00,30665.5,30665.5,30667.0,30661.25,30663.5,118
2026-09-30 04:27:00-04:00,30666.25,30666.25,30667.25,30663.5,30665.5,54
2026-09-30 04:28:00-04:00,30669.75,30669.75,30670.0,30663.75,30667.5,101
2026-09-30 04:29:00-04:00,30664.0,30664.0,30672.0,30663.5,30668.0,77
2026-09-30 04:30:00-04:00,30654.5,30654.5,30666.5,30653.25,30665.0,159
2026-09-30 04:31:00-04:00,30655.0,30655.0,30656.5,30648.25,30653.25,133
2026-09-30 04:32:00-04:00,30659.5,30659.5,30661.0,30653.5,30654.5,82
2026-09-30 04:33:00-04:00,30663.75,30663.75,30663.75,30655.5,30658.5,58
2026-09-30 04:34:00-04:00,30669.75,30669.75,30671.25,30662.75,30662.75,81
2026-09-30 04:35:00-04:00,30663.0,30663.0,30670.5,30663.0,30668.25,63
2026-09-30 04:36:00-04:00,30659.0,30659.0,30665.25,30659.0,30663.75,39
2026-09-30 04:37:00-04:00,30661.25,30661.25,30664.75,30655.25,30659.0,68
2026-09-30 04:38:00-04:00,30666.0,30666.0,30667.25,30660.25,30660.25,71
2026-09-30 04:39:00-04:00,30658.25,30658.25,30666.75,30658.25,30666.25,64
2026-09-30 04:40:00-04:00,30659.0,30659.0,30662.25,30656.75,30658.75,52
2026-09-30 04:41:00-04:00,30649.0,30649.0,30658.0,30647.25,30658.0,143
2026-09-30 04:42:00-04:00,30646.0,30646.0,30648.75,30637.75,30648.75,286
2026-09-30 04:43:00-04:00,30639.75,30639.75,30648.25,30638.5,30644.75,66
2026-09-30 04:44:00-04:00,30639.25,30639.25,30641.75,30636.25,30640.75,108
2026-09-30 04:45:00-04:00,30639.25,30639.25,30641.25,30635.5,30637.5,60
2026-09-30 04:46:00-04:00,30651.25,30651.25,30653.0,30637.25,30637.25,110
2026-09-30 04:47:00-04:00,30641.75,30641.75,30653.0,30640.25,30650.0,60
2026-09-30 04:48:00-04:00,30654.0,30654.0,30656.5,30641.75,30641.75,137
2026-09-30 04:49:00-04:00,30655.25,30655.25,30655.5,30647.5,30653.0,47
2026-09-30 04:50:00-04:00,30652.5,30652.5,30656.25,30648.75,30653.0,52
2026-09-30 04:51:00-04:00,30646.5,30646.5,30652.75,30646.5,30652.0,53
2026-09-30 04:52:00-04:00,30653.25,30653.25,30653.25,30647.0,30648.5,27
2026-09-30 04:53:00-04:00,30643.25,30643.25,30654.75,30643.0,30653.5,71
2026-09-30 04:54:00-04:00,30633.75,30633.75,30645.5,30633.5,30641.5,182
2026-09-30 04:55:00-04:00,30636.25,30636.25,30637.5,30630.75,30634.75,149
2026-09-30 04:56:00-04:00,30637.25,30637.25,30639.0,30634.0,30635.75,130
2026-09-30 04:57:00-04:00,30634.5,30634.5,30639.25,30633.5,30638.0,74
2026-09-30 04:58:00-04:00,30635.25,30635.25,30636.5,30633.5,30634.0,43
2026-09-30 04:59:00-04:00,30621.0,30621.0,30637.75,30620.0,30637.0,176
2026-09-30 05:00:00-04:00,30615.75,30615.75,30622.75,30614.5,30620.25,169
2026-09-30 05:01:00-04:00,30619.25,30619.25,30623.0,30617.25,30617.25,89
2026-09-30 05:02:00-04:00,30620.5,30620.5,30622.75,30614.75,30621.5,64
2026-09-30 05:03:00-04:00,30618.75,30618.75,30622.5,30611.25,30620.5,121
2026-09-30 05:04:00-04:00,30626.25,30626.25,30626.5,30617.25,30617.25,90
2026-09-30 05:05:00-04:00,30623.0,30623.0,30626.0,30621.0,30625.25,108
2026-09-30 05:06:00-04:00,30612.75,30612.75,30623.25,30610.0,30623.25,207
2026-09-30 05:07:00-04:00,30610.5,30610.5,30615.25,30609.0,30612.25,105
2026-09-30 05:08:00-04:00,30599.75,30599.75,30619.5,30597.5,30609.0,634
2026-09-30 05:09:00-04:00,30595.5,30595.5,30601.0,30588.25,30599.5,347
2026-09-30 05:10:00-04:00,30595.75,30595.75,30601.25,30592.25,30594.5,188
2026-09-30 05:11:00-04:00,30605.0,30605.0,30607.25,30596.5,30596.75,71
2026-09-30 05:12:00-04:00,30612.5,30612.5,30616.75,30605.75,30606.5,96
2026-09-30 05:13:00-04:00,30619.75,30619.75,30626.0,30615.75,30615.75,108
2026-09-30 05:14:00-04:00,30631.0,30631.0,30631.5,30620.75,30620.75,105
2026-09-30 05:15:00-04:00,30633.5,30633.5,30634.75,30626.5,30630.75,144
2026-09-30 05:16:00-04:00,30621.0,30621.0,30634.0,30619.5,30632.75,174
2026-09-30 05:17:00-04:00,30619.25,30619.25,30622.5,30618.5,30620.75,62
2026-09-30 05:18:00-04:00,30623.25,30623.25,30626.5,30618.0,30619.5,88
2026-09-30 05:19:00-04:00,30625.0,30625.0,30629.0,30623.25,30624.25,44
2026-09-30 05:20:00-04:00,30623.0,30623.0,30627.0,30622.5,30626.0,53
2026-09-30 05:21:00-04:00,30614.25,30614.25,30621.75,30612.75,30621.75,127
2026-09-30 05:22:00-04:00,30619.0,30619.0,30620.75,30611.75,30613.75,74
2026-09-30 05:23:00-04:00,30615.5,30615.5,30621.0,30613.75,30619.0,46
2026-09-30 05:24:00-04:00,30616.0,30616.0,30619.0,30613.25,30614.0,53
2026-09-30 05:25:00-04:00,30617.75,30617.75,30620.5,30615.5,30617.25,58
2026-09-30 05:26:00-04:00,30611.5,30611.5,30622.0,30608.5,30619.0,150
2026-09-30 05:27:00-04:00,30612.0,30612.0,30615.25,30609.25,30611.25,83
2026-09-30 05:28:00-04:00,30611.25,30611.25,30620.25,30611.25,30612.0,54
2026-09-30 05:29:00-04:00,30617.0,30617.0,30619.0,30610.25,30615.75,45
2026-09-30 05:30:00-04:00,30618.25,30618.25,30620.0,30615.75,30615.75,40
2026-09-30 05:31:00-04:00,30623.25,30623.25,30625.0,30617.0,30618.75,106
2026-09-30 05:32:00-04:00,30638.0,30638.0,30640.75,30624.75,30624.75,209
2026-09-30 05:33:00-04:00,30638.75,30638.75,30641.5,30636.5,30638.75,109
2026-09-30 05:34:00-04:00,30630.0,30630.0,30639.75,30630.0,30639.25,94
2026-09-30 05:35:00-04:00,30625.75,30625.75,30630.25,30625.5,30628.5,59
2026-09-30 05:36:00-04:00,30628.0,30628.0,30628.75,30623.75,30626.0,51
2026-09-30 05:37:00-04:00,30621.5,30621.5,30629.0,30621.25,30627.0,23
2026-09-30 05:38:00-04:00,30620.0,30620.0,30623.25,30619.0,30622.25,41
2026-09-30 05:39:00-04:00,30611.25,30611.25,30619.0,30607.0,30618.5,80
2026-09-30 05:40:00-04:00,30610.0,30610.0,30612.75,30608.5,30612.25,25
2026-09-30 05:41:00-04:00,30606.75,30606.75,30614.25,30606.0,30610.75,75
2026-09-30 05:42:00-04:00,30602.75,30602.75,30610.5,30602.75,30608.0,87
2026-09-30 05:43:00-04:00,30599.0,30599.0,30603.25,30593.75,30602.5,111
2026-09-30 05:44:00-04:00,30605.0,30605.0,30605.0,30596.5,30596.75,93
2026-09-30 05:45:00-04:00,30606.25,30606.25,30609.5,30604.75,30605.25,65
2026-09-30 05:46:00-04:00,30607.0,30607.0,30609.25,30604.0,30605.25,65
2026-09-30 05:47:00-04:00,30607.25,30607.25,30608.75,30605.0,30607.25,34
2026-09-30 05:48:00-04:00,30605.25,30605.25,30610.75,30604.5,30608.25,68
2026-09-30 05:49:00-04:00,30611.0,30611.0,30613.25,30605.75,30605.75,42
2026-09-30 05:50:00-04:00,30612.0,30612.0,30612.0,30606.25,30609.5,70
2026-09-30 05:51:00-04:00,30611.5,30611.5,30612.75,30609.75,30610.25,26
2026-09-30 05:52:00-04:00,30613.25,30613.25,30613.25,30607.25,30610.25,34
2026-09-30 05:53:00-04:00,30606.75,30606.75,30611.75,30606.5,30611.75,61
2026-09-30 05:54:00-04:00,30609.25,30609.25,30609.5,30605.25,30608.5,35
2026-09-30 05:55:00-04:00,30612.25,30612.25,30614.75,30606.75,30609.25,24
2026-09-30 05:56:00-04:00,30610.25,30610.25,30614.25,30609.0,30611.5,43
2026-09-30 05:57:00-04:00,30613.0,30613.0,30614.75,30610.25,30610.75,40
2026-09-30 05:58:00-04:00,30614.75,30614.75,30614.75,30611.5,30613.5,34
2026-09-30 05:59:00-04:00,30614.25,30614.25,30617.25,30610.5,30615.0,54
2026-09-30 06:00:00-04:00,30603.0,30603.0,30614.25,30599.0,30614.25,139
2026-09-30 06:01:00-04:00,30607.5,30607.5,30610.25,30603.75,30603.75,63
2026-09-30 06:02:00-04:00,30606.25,30606.25,30608.5,30599.25,30605.75,52
2026-09-30 06:03:00-04:00,30604.0,30604.0,30610.0,30603.5,30603.5,48
2026-09-30 06:04:00-04:00,30597.25,30597.25,30606.25,30596.25,30604.75,93
2026-09-30 06:05:00-04:00,30600.0,30600.0,30603.5,30598.0,30598.25,84
2026-09-30 06:06:00-04:00,30600.0,30600.0,30601.5,30594.0,30599.0,74
2026-09-30 06:07:00-04:00,30605.25,30605.25,30605.5,30601.0,30601.5,42
2026-09-30 06:08:00-04:00,30604.0,30604.0,30604.0,30601.0,30603.75,24
2026-09-30 06:09:00-04:00,30600.75,30600.75,30604.0,30598.75,30604.0,40
2026-09-30 06:10:00-04:00,30596.75,30596.75,30601.5,30596.25,30600.5,50
2026-09-30 06:11:00-04:00,30587.75,30587.75,30597.0,30587.0,30596.0,146
2026-09-30 06:12:00-04:00,30587.75,30587.75,30589.0,30583.5,30585.75,70
2026-09-30 06:13:00-04:00,30597.5,30597.5,30599.5,30589.0,30589.0,135
2026-09-30 06:14:00-04:00,30581.5,30581.5,30598.75,30581.0,30596.75,218
2026-09-30 06:15:00-04:00,30582.0,30582.0,30590.25,30577.5,30581.25,296
2026-09-30 06:16:00-04:00,30583.5,30583.5,30583.5,30572.0,30581.75,245
2026-09-30 06:17:00-04:00,30588.5,30588.5,30594.75,30583.0,30583.5,248
2026-09-30 06:18:00-04:00,30581.5,30581.5,30592.0,30573.0,30588.5,236
2026-09-30 06:19:00-04:00,30591.0,30591.0,30600.75,30575.25,30581.25,299
2026-09-30 06:20:00-04:00,30595.5,30595.5,30597.5,30584.25,30587.0,154
2026-09-30 06:21:00-04:00,30599.75,30599.75,30601.0,30591.0,30596.75,96
2026-09-30 06:22:00-04:00,30594.5,30594.5,30598.75,30591.25,30598.25,38
2026-09-30 06:23:00-04:00,30592.25,30592.25,30600.5,30591.75,30597.0,47
2026-09-30 06:24:00-04:00,30596.25,30596.25,30596.5,30582.75,30592.0,149
2026-09-30 06:25:00-04:00,30602.5,30602.5,30604.0,30596.0,30598.25,81
2026-09-30 06:26:00-04:00,30603.0,30603.0,30605.0,30598.25,30601.5,56
2026-09-30 06:27:00-04:00,30589.25,30589.25,30602.5,30589.25,30602.5,85
2026-09-30 06:28:00-04:00,30591.75,30591.75,30593.25,30588.5,30589.25,40
2026-09-30 06:29:00-04:00,30590.0,30590.0,30595.0,30588.75,30592.25,27
2026-09-30 06:30:00-04:00,30586.25,30586.25,30589.75,30584.75,30589.75,77
2026-09-30 06:31:00-04:00,30586.0,30586.0,30591.25,30585.75,30588.0,41
2026-09-30 06:32:00-04:00,30589.0,30589.0,30593.0,30582.0,30585.75,92
2026-09-30 06:33:00-04:00,30595.0,30595.0,30595.0,30589.25,30589.25,37
2026-09-30 06:34:00-04:00,30586.0,30586.0,30594.0,30586.0,30592.0,63
2026-09-30 06:35:00-04:00,30586.0,30586.0,30590.5,30578.0,30589.5,95
2026-09-30 06:36:00-04:00,30589.0,30589.0,30589.0,30585.75,30586.5,23
2026-09-30 06:37:00-04:00,30581.75,30581.75,30589.25,30580.0,30589.0,90
2026-09-30 06:38:00-04:00,30592.75,30592.75,30594.5,30583.25,30583.25,73
2026-09-30 06:39:00-04:00,30593.25,30593.25,30596.5,30588.25,30593.0,97
2026-09-30 06:40:00-04:00,30591.0,30591.0,30594.25,30590.0,30591.75,35
2026-09-30 06:41:00-04:00,30587.75,30587.75,30591.5,30586.0,30590.75,51
2026-09-30 06:42:00-04:00,30595.0,30595.0,30599.5,30589.0,30589.0,78
2026-09-30 06:43:00-04:00,30597.75,30597.75,30598.0,30592.5,30595.5,38
2026-09-30 06:44:00-04:00,30591.75,30591.75,30600.5,30589.0,30599.0,130
2026-09-30 06:45:00-04:00,30585.75,30585.75,30591.75,30585.0,30591.25,67
2026-09-30 06:46:00-04:00,30589.5,30589.5,30593.5,30585.5,30586.75,57
2026-09-30 06:47:00-04:00,30589.0,30589.0,30593.75,30589.0,30589.75,63
2026-09-30 06:48:00-04:00,30590.5,30590.5,30592.0,30587.75,30590.25,36
2026-09-30 06:49:00-04:00,30589.5,30589.5,30592.0,30585.5,30589.25,35
2026-09-30 06:50:00-04:00,30589.75,30589.75,30594.5,30587.75,30588.0,47
2026-09-30 06:51:00-04:00,30593.5,30593.5,30594.5,30588.0,30590.0,47
2026-09-30 06:52:00-04:00,30595.0,30595.0,30600.25,30593.5,30593.5,80
2026-09-30 06:53:00-04:00,30594.75,30594.75,30596.0,30590.5,30593.75,71
2026-09-30 06:54:00-04:00,30596.25,30596.25,30599.75,30592.75,30592.75,31
2026-09-30 06:55:00-04:00,30596.75,30596.75,30598.75,30593.5,30595.75,42
2026-09-30 06:56:00-04:00,30598.25,30598.25,30607.25,30595.25,30595.75,159
2026-09-30 06:57:00-04:00,30599.25,30599.25,30604.25,30594.75,30597.5,87
2026-09-30 06:58:00-04:00,30591.0,30591.0,30602.25,30589.25,30600.75,102
2026-09-30 06:59:00-04:00,30590.25,30590.25,30597.0,30590.0,30591.25,49
2026-09-30 07:00:00-04:00,30571.5,30571.5,30590.25,30570.25,30590.25,421
2026-09-30 07:01:00-04:00,30570.0,30570.0,30572.25,30566.25,30570.0,175
2026-09-30 07:02:00-04:00,30565.25,30565.25,30570.5,30564.0,30569.0,107
2026-09-30 07:03:00-04:00,30571.5,30571.5,30572.75,30566.0,30568.75,87
2026-09-30 07:04:00-04:00,30567.5,30567.5,30571.75,30564.25,30569.75,86
2026-09-30 07:05:00-04:00,30573.75,30573.75,30575.75,30567.5,30567.5,102
2026-09-30 07:06:00-04:00,30567.25,30567.25,30573.75,30566.0,30573.75,93
2026-09-30 07:07:00-04:00,30550.25,30550.25,30567.0,30548.0,30566.25,254
2026-09-30 07:08:00-04:00,30558.75,30558.75,30559.25,30550.25,30550.5,110
2026-09-30 07:09:00-04:00,30552.75,30552.75,30565.0,30552.25,30558.25,103
2026-09-30 07:10:00-04:00,30535.5,30535.5,30553.5,30534.25,30552.75,372
2026-09-30 07:11:00-04:00,30539.75,30539.75,30542.0,30525.0,30536.0,351
2026-09-30 07:12:00-04:00,30546.5,30546.5,30552.0,30537.25,30539.25,226
2026-09-30 07:13:00-04:00,30541.5,30541.5,30553.75,30540.0,30547.25,146
2026-09-30 07:14:00-04:00,30538.0,30538.0,30547.0,30533.0,30541.25,227
2026-09-30 07:15:00-04:00,30520.5,30520.5,30539.0,30519.5,30539.0,269
2026-09-30 07:16:00-04:00,30525.0,30525.0,30526.75,30515.25,30519.5,303
2026-09-30 07:17:00-04:00,30523.25,30523.25,30529.75,30520.75,30525.0,105
2026-09-30 07:18:00-04:00,30528.75,30528.75,30531.75,30523.0,30523.0,84
2026-09-30 07:19:00-04:00,30513.75,30513.75,30531.25,30513.75,30529.5,174
2026-09-30 07:20:00-04:00,30520.5,30520.5,30521.25,30512.25,30513.75,204
2026-09-30 07:21:00-04:00,30527.75,30527.75,30530.25,30517.75,30519.75,184
2026-09-30 07:22:00-04:00,30549.25,30549.25,30550.25,30529.0,30529.0,262
2026-09-30 07:23:00-04:00,30566.5,30566.5,30567.75,30549.25,30550.5,320
2026-09-30 07:24:00-04:00,30568.5,30568.5,30569.75,30563.25,30565.75,218
2026-09-30 07:25:00-04:00,30572.0,30572.0,30577.25,30567.75,30568.5,297
2026-09-30 07:26:00-04:00,30574.0,30574.0,30577.75,30572.75,30572.75,136
2026-09-30 07:27:00-04:00,30572.5,30572.5,30574.75,30569.5,30573.0,193
2026-09-30 07:28:00-04:00,30578.75,30578.75,30581.25,30570.75,30573.0,164
2026-09-30 07:29:00-04:00,30576.0,30576.0,30586.5,30574.0,30578.0,185
2026-09-30 07:30:00-04:00,30578.25,30578.25,30579.5,30568.5,30575.5,239
2026-09-30 07:31:00-04:00,30586.75,30586.75,30590.5,30577.0,30578.25,229
2026-09-30 07:32:00-04:00,30584.75,30584.75,30586.75,30579.0,30586.0,163
2026-09-30 07:33:00-04:00,30592.5,30592.5,30592.5,30584.25,30585.25,142
2026-09-30 07:34:00-04:00,30598.5,30598.5,30601.0,30590.25,30592.5,201
2026-09-30 07:35:00-04:00,30599.5,30599.5,30602.25,30598.0,30600.0,97
2026-09-30 07:36:00-04:00,30594.5,30594.5,30599.5,30591.25,30599.0,105
2026-09-30 07:37:00-04:00,30601.0,30601.0,30604.5,30597.0,30597.0,131
2026-09-30 07:38:00-04:00,30599.25,30599.25,30606.0,30598.75,30602.0,126
2026-09-30 07:39:00-04:00,30600.0,30600.0,30603.5,30596.25,30599.5,75
2026-09-30 07:40:00-04:00,30596.0,30596.0,30602.5,30596.0,30600.75,113
2026-09-30 07:41:00-04:00,30589.5,30589.5,30595.25,30589.25,30595.25,128
2026-09-30 07:42:00-04:00,30589.0,30589.0,30594.25,30587.25,30590.75,85
2026-09-30 07:43:00-04:00,30584.25,30584.25,30590.0,30582.75,30590.0,100
2026-09-30 07:44:00-04:00,30592.75,30592.75,30592.75,30584.0,30585.25,107
2026-09-30 07:45:00-04:00,30582.0,30582.0,30591.75,30581.0,30591.75,78
2026-09-30 07:46:00-04:00,30575.75,30575.75,30599.0,30575.5,30581.75,595
2026-09-30 07:47:00-04:00,30565.5,30565.5,30580.0,30565.5,30576.25,313
2026-09-30 07:48:00-04:00,30562.5,30562.5,30567.75,30561.75,30565.75,146
2026-09-30 07:49:00-04:00,30560.0,30560.0,30562.75,30554.75,30561.5,178
2026-09-30 07:50:00-04:00,30553.25,30553.25,30560.0,30550.0,30559.25,217
2026-09-30 07:51:00-04:00,30557.25,30557.25,30562.25,30551.5,30552.5,180
2026-09-30 07:52:00-04:00,30557.75,30557.75,30565.0,30557.25,30557.75,112
2026-09-30 07:53:00-04:00,30567.25,30567.25,30571.75,30558.0,30558.0,118
2026-09-30 07:54:00-04:00,30567.75,30567.75,30568.5,30563.5,30566.75,58
2026-09-30 07:55:00-04:00,30566.75,30566.75,30572.0,30564.25,30567.0,87
2026-09-30 07:56:00-04:00,30571.25,30571.25,30573.25,30564.25,30567.25,130
2026-09-30 07:57:00-04:00,30567.25,30567.25,30573.5,30566.25,30571.25,84
2026-09-30 07:58:00-04:00,30572.25,30572.25,30579.75,30565.75,30567.75,192
2026-09-30 07:59:00-04:00,30590.25,30590.25,30595.0,30572.75,30572.75,296
2026-09-30 08:00:00-04:00,30578.5,30578.5,30600.0,30578.25,30589.0,423
2026-09-30 08:01:00-04:00,30569.5,30569.5,30578.5,30565.5,30578.5,246
2026-09-30 08:02:00-04:00,30564.25,30564.25,30577.25,30559.0,30569.75,390
2026-09-30 08:03:00-04:00,30566.75,30566.75,30574.75,30562.5,30566.0,396
2026-09-30 08:04:00-04:00,30573.5,30573.5,30579.0,30566.75,30566.75,150
2026-09-30 08:05:00-04:00,30565.0,30565.0,30574.5,30563.75,30573.25,124
2026-09-30 08:06:00-04:00,30559.25,30559.25,30565.25,30556.0,30565.25,156
2026-09-30 08:07:00-04:00,30562.0,30562.0,30566.0,30557.0,30559.25,145
2026-09-30 08:08:00-04:00,30558.0,30558.0,30562.25,30556.75,30561.75,165
2026-09-30 08:09:00-04:00,30557.5,30557.5,30559.25,30553.75,30558.0,95
2026-09-30 08:10:00-04:00,30558.0,30558.0,30564.75,30555.75,30557.5,144
2026-09-30 08:11:00-04:00,30560.25,30560.25,30560.5,30554.5,30555.0,94
2026-09-30 08:12:00-04:00,30565.75,30565.75,30567.25,30560.25,30561.0,184
2026-09-30 08:13:00-04:00,30567.25,30567.25,30569.25,30563.5,30565.75,110
2026-09-30 08:14:00-04:00,30577.0,30577.0,30578.5,30564.0,30566.5,192
2026-09-30 08:15:00-04:00,30552.5,30552.5,30578.0,30535.5,30574.0,534
2026-09-30 08:16:00-04:00,30551.5,30551.5,30552.0,30539.0,30552.0,139
2026-09-30 08:17:00-04:00,30551.0,30551.0,30555.25,30547.0,30551.0,201
2026-09-30 08:18:00-04:00,30553.0,30553.0,30558.0,30546.25,30551.0,156
2026-09-30 08:19:00-04:00,30550.0,30550.0,30563.5,30550.0,30552.25,157
2026-09-30 08:20:00-04:00,30552.25,30552.25,30555.25,30546.75,30551.25,245
2026-09-30 08:21:00-04:00,30550.5,30550.5,30559.75,30546.25,30554.0,267
2026-09-30 08:22:00-04:00,30568.25,30568.25,30574.75,30545.5,30548.5,273
2026-09-30 08:23:00-04:00,30568.5,30568.5,30570.75,30555.25,30567.75,160
2026-09-30 08:24:00-04:00,30588.5,30588.5,30590.0,30567.25,30568.25,228
2026-09-30 08:25:00-04:00,30583.0,30583.0,30593.25,30580.75,30589.0,185
2026-09-30 08:26:00-04:00,30590.25,30590.25,30593.0,30584.5,30584.5,183
2026-09-30 08:27:00-04:00,30598.75,30598.75,30600.0,30590.5,30591.0,193
2026-09-30 08:28:00-04:00,30608.25,30608.25,30610.25,30598.25,30598.5,416
2026-09-30 08:29:00-04:00,30623.0,30623.0,30623.0,30608.0,30608.25,393
2026-09-30 08:30:00-04:00,30690.25,30690.25,30704.75,30607.5,30623.25,2600
2026-09-30 08:31:00-04:00,30775.5,30775.5,30776.75,30688.75,30691.25,3168
2026-09-30 08:32:00-04:00,30747.0,30747.0,30779.5,30745.75,30775.5,1958
2026-09-30 08:33:00-04:00,30720.75,30720.75,30747.25,30720.0,30745.75,1450
2026-09-30 08:34:00-04:00,30741.25,30741.25,30742.5,30707.75,30721.75,1178
2026-09-30 08:35:00-04:00,30741.0,30741.0,30751.25,30731.0,30740.0,1175
2026-09-30 08:36:00-04:00,30705.0,30705.0,30741.5,30703.0,30741.25,1021
2026-09-30 08:37:00-04:00,30704.5,30704.5,30711.25,30681.5,30705.25,1441
2026-09-30 08:38:00-04:00,30699.25,30699.25,30709.25,30697.0,30704.25,859
2026-09-30 08:39:00-04:00,30699.75,30699.75,30704.75,30685.5,30700.0,698
2026-09-30 08:40:00-04:00,30728.5,30728.5,30731.25,30699.25,30699.5,999
2026-09-30 08:41:00-04:00,30731.25,30731.25,30733.0,30719.25,30729.75,914
2026-09-30 08:42:00-04:00,30720.75,30720.75,30736.75,30713.0,30730.25,643
2026-09-30 08:43:00-04:00,30723.75,30723.75,30737.25,30715.75,30721.5,607
2026-09-30 08:44:00-04:00,30718.75,30718.75,30728.5,30718.0,30721.75,510
2026-09-30 08:45:00-04:00,30727.0,30727.0,30732.5,30717.5,30718.5,556
2026-09-30 08:46:00-04:00,30691.75,30691.75,30727.25,30690.75,30726.25,1560
2026-09-30 08:47:00-04:00,30681.25,30681.25,30693.0,30672.75,30691.75,1240
2026-09-30 08:48:00-04:00,30694.0,30694.0,30700.5,30680.25,30682.25,846
2026-09-30 08:49:00-04:00,30694.75,30694.75,30703.25,30690.0,30695.0,345
2026-09-30 08:50:00-04:00,30697.25,30697.25,30700.75,30690.25,30695.75,249
2026-09-30 08:51:00-04:00,30711.25,30711.25,30716.0,30684.75,30695.0,663
2026-09-30 08:52:00-04:00,30712.25,30712.25,30714.25,30705.25,30711.5,385
2026-09-30 08:53:00-04:00,30706.0,30706.0,30714.0,30705.75,30711.5,274
2026-09-30 08:54:00-04:00,30736.0,30736.0,30740.75,30706.5,30706.5,585
2026-09-30 08:55:00-04:00,30732.75,30732.75,30737.0,30723.75,30735.5,472
2026-09-30 08:56:00-04:00,30730.75,30730.75,30738.75,30726.5,30733.0,466
2026-09-30 08:57:00-04:00,30726.5,30726.5,30743.75,30726.0,30731.25,744
2026-09-30 08:58:00-04:00,30714.25,30714.25,30726.25,30711.0,30726.25,383
2026-09-30 08:59:00-04:00,30714.25,30714.25,30720.5,30709.75,30714.0,235
2026-09-30 09:00:00-04:00,30741.0,30741.0,30742.0,30712.0,30715.0,844
2026-09-30 09:01:00-04:00,30738.25,30738.25,30749.0,30736.75,30741.75,637
2026-09-30 09:02:00-04:00,30741.0,30741.0,30744.25,30730.0,30738.25,444
2026-09-30 09:03:00-04:00,30744.0,30744.0,30745.25,30734.0,30740.75,331
2026-09-30 09:04:00-04:00,30749.5,30749.5,30750.0,30740.25,30744.5,355
2026-09-30 09:05:00-04:00,30741.75,30741.75,30755.0,30740.0,30750.25,837
2026-09-30 09:06:00-04:00,30752.0,30752.0,30763.0,30737.5,30741.0,1169
2026-09-30 09:07:00-04:00,30760.75,30760.75,30760.75,30747.25,30752.0,584
2026-09-30 09:08:00-04:00,30746.25,30746.25,30767.5,30742.0,30759.75,633
2026-09-30 09:09:00-04:00,30748.5,30748.5,30751.25,30742.75,30746.25,281
2026-09-30 09:10:00-04:00,30742.75,30742.75,30748.5,30739.0,30747.5,270
2026-09-30 09:11:00-04:00,30758.0,30758.0,30761.0,30737.25,30739.75,1203
2026-09-30 09:12:00-04:00,30742.25,30742.25,30761.0,30742.25,30758.25,328
2026-09-30 09:13:00-04:00,30740.25,30740.25,30754.75,30736.75,30742.75,512
2026-09-30 09:14:00-04:00,30738.75,30738.75,30741.0,30734.0,30740.25,271
2026-09-30 09:15:00-04:00,30736.25,30736.25,30746.25,30730.0,30739.25,441
2026-09-30 09:16:00-04:00,30735.75,30735.75,30742.0,30732.75,30736.0,218
2026-09-30 09:17:00-04:00,30722.0,30722.0,30737.0,30718.0,30735.75,617
2026-09-30 09:18:00-04:00,30725.25,30725.25,30726.75,30716.0,30722.0,300
2026-09-30 09:19:00-04:00,30707.75,30707.75,30725.75,30706.5,30723.5,349
2026-09-30 09:20:00-04:00,30697.25,30697.25,30711.75,30694.75,30707.5,818
2026-09-30 09:21:00-04:00,30697.75,30697.75,30705.5,30694.25,30697.25,387
2026-09-30 09:22:00-04:00,30696.5,30696.5,30712.25,30694.0,30697.25,664
2026-09-30 09:23:00-04:00,30697.5,30697.5,30701.5,30688.0,30696.0,644
2026-09-30 09:24:00-04:00,30705.5,30705.5,30708.75,30696.75,30698.25,429
2026-09-30 09:25:00-04:00,30722.25,30722.25,30733.5,30703.0,30705.5,716
2026-09-30 09:26:00-04:00,30730.0,30730.0,30732.5,30720.0,30721.25,538
2026-09-30 09:27:00-04:00,30720.5,30720.5,30732.75,30717.25,30729.75,877
2026-09-30 09:28:00-04:00,30700.5,30700.5,30726.25,30693.0,30719.75,1280
2026-09-30 09:29:00-04:00,30699.25,30699.25,30705.25,30697.5,30700.5,971
2026-09-30 09:30:00-04:00,30724.0,30724.0,30728.0,30683.0,30699.5,5411
2026-09-30 09:31:00-04:00,30795.25,30795.25,30804.25,30721.25,30724.75,7945
2026-09-30 09:32:00-04:00,30758.75,30758.75,30809.75,30750.25,30795.75,4169
2026-09-30 09:33:00-04:00,30757.5,30757.5,30766.0,30722.75,30758.5,3709
2026-09-30 09:34:00-04:00,30766.75,30766.75,30781.5,30757.25,30758.0,2787
2026-09-30 09:35:00-04:00,30729.25,30729.25,30771.0,30718.75,30767.5,3387
2026-09-30 09:36:00-04:00,30758.75,30758.75,30760.25,30722.75,30729.25,2722
2026-09-30 09:37:00-04:00,30752.75,30752.75,30769.25,30742.25,30758.5,2428
2026-09-30 09:38:00-04:00,30732.25,30732.25,30754.5,30717.5,30753.25,2699
2026-09-30 09:39:00-04:00,30764.75,30764.75,30768.0,30728.5,30731.5,2220
2026-09-30 09:40:00-04:00,30724.5,30724.5,30765.25,30719.0,30765.25,2267
2026-09-30 09:41:00-04:00,30750.25,30750.25,30753.5,30721.75,30724.5,1278
2026-09-30 09:42:00-04:00,30762.0,30762.0,30767.75,30743.25,30750.0,1294
2026-09-30 09:43:00-04:00,30762.0,30762.0,30785.75,30754.0,30762.25,2086
2026-09-30 09:44:00-04:00,30767.75,30767.75,30772.25,30752.5,30762.5,1831
2026-09-30 09:45:00-04:00,30739.25,30739.25,30785.0,30738.25,30768.25,2996
2026-09-30 09:46:00-04:00,30726.25,30726.25,30739.75,30718.75,30739.5,2822
2026-09-30 09:47:00-04:00,30734.25,30734.25,30740.25,30717.75,30726.75,2333
2026-09-30 09:48:00-04:00,30732.5,30732.5,30755.25,30726.25,30735.75,2578
2026-09-30 09:49:00-04:00,30770.75,30770.75,30782.75,30732.5,30732.5,2865
2026-09-30 09:50:00-04:00,30765.25,30765.25,30779.0,30755.5,30770.5,1818
2026-09-30 09:51:00-04:00,30771.0,30771.0,30784.25,30761.0,30766.0,1646
2026-09-30 09:52:00-04:00,30756.5,30756.5,30771.0,30749.0,30770.75,2025
2026-09-30 09:53:00-04:00,30756.25,30756.25,30762.25,30730.0,30756.25,2246
2026-09-30 09:54:00-04:00,30778.75,30778.75,30782.0,30751.75,30756.0,2139
2026-09-30 09:55:00-04:00,30790.75,30790.75,30803.5,30778.0,30778.5,2697
2026-09-30 09:56:00-04:00,30793.5,30793.5,30797.5,30786.25,30790.75,1367
2026-09-30 09:57:00-04:00,30797.25,30797.25,30806.75,30782.5,30794.5,1811
2026-09-30 09:58:00-04:00,30799.75,30799.75,30802.0,30783.75,30797.75,1318
2026-09-30 09:59:00-04:00,30841.0,30841.0,30843.75,30793.75,30799.5,3439
2026-09-30 10:00:00-04:00,30849.25,30849.25,30857.0,30835.5,30841.25,3645
2026-09-30 10:01:00-04:00,30865.0,30865.0,30873.75,30849.0,30849.0,2505
2026-09-30 10:02:00-04:00,30863.25,30863.25,30874.5,30862.0,30865.0,1862
2026-09-30 10:03:00-04:00,30870.5,30870.5,30873.25,30853.0,30863.5,1888
2026-09-30 10:04:00-04:00,30863.25,30863.25,30873.5,30857.25,30871.0,1375
2026-09-30 10:05:00-04:00,30872.5,30872.5,30877.75,30861.75,30863.75,1489
2026-09-30 10:06:00-04:00,30880.75,30880.75,30894.75,30869.5,30872.0,2033
2026-09-30 10:07:00-04:00,30867.25,30867.25,30880.75,30859.25,30880.25,1471
2026-09-30 10:08:00-04:00,30864.25,30864.25,30867.5,30858.0,30866.5,1064
2026-09-30 10:09:00-04:00,30852.5,30852.5,30863.75,30845.0,30863.75,2051
2026-09-30 10:10:00-04:00,30829.0,30829.0,30856.0,30828.0,30853.0,2291
2026-09-30 10:11:00-04:00,30820.0,30820.0,30830.5,30815.25,30829.0,1769
2026-09-30 10:12:00-04:00,30828.75,30828.75,30835.5,30817.0,30819.75,1287
2026-09-30 10:13:00-04:00,30813.5,30813.5,30831.5,30812.5,30828.75,1013
2026-09-30 10:14:00-04:00,30830.5,30830.5,30832.75,30804.75,30813.5,1555
2026-09-30 10:15:00-04:00,30835.0,30835.0,30849.5,30827.0,30831.0,2008
2026-09-30 10:16:00-04:00,30836.5,30836.5,30842.0,30827.75,30834.0,1234
2026-09-30 10:17:00-04:00,30829.0,30829.0,30836.75,30810.25,30835.5,2032
2026-09-30 10:18:00-04:00,30829.75,30829.75,30853.75,30829.0,30829.75,1680
2026-09-30 10:19:00-04:00,30850.5,30850.5,30851.25,30828.75,30830.25,1250
2026-09-30 10:20:00-04:00,30857.0,30857.0,30865.25,30846.25,30850.5,1554
2026-09-30 10:21:00-04:00,30859.25,30859.25,30866.75,30853.25,30857.25,932
2026-09-30 10:22:00-04:00,30843.25,30843.25,30861.5,30839.0,30859.25,1116
2026-09-30 10:23:00-04:00,30848.75,30848.75,30852.75,30829.75,30841.5,1271
2026-09-30 10:24:00-04:00,30831.25,30831.25,30852.5,30828.5,30849.75,929
2026-09-30 10:25:00-04:00,30833.0,30833.0,30834.25,30822.0,30830.75,1622
2026-09-30 10:26:00-04:00,30828.0,30828.0,30842.0,30824.5,30832.5,972
2026-09-30 10:27:00-04:00,30836.25,30836.25,30837.0,30819.25,30827.75,921
2026-09-30 10:28:00-04:00,30812.75,30812.75,30839.0,30802.0,30836.5,1639
2026-09-30 10:29:00-04:00,30827.25,30827.25,30831.0,30810.75,30812.5,1293
2026-09-30 10:30:00-04:00,30827.25,30827.25,30831.0,30812.75,30827.5,1436
2026-09-30 10:31:00-04:00,30832.5,30832.5,30835.5,30812.0,30825.75,1411
2026-09-30 10:32:00-04:00,30817.75,30817.75,30845.5,30816.25,30832.75,1293
2026-09-30 10:33:00-04:00,30811.25,30811.25,30818.75,30803.0,30817.75,1293
2026-09-30 10:34:00-04:00,30792.5,30792.5,30811.5,30783.0,30810.25,2109
2026-09-30 10:35:00-04:00,30786.25,30786.25,30795.75,30783.75,30793.0,1294
2026-09-30 10:36:00-04:00,30783.0,30783.0,30799.5,30780.25,30786.0,1381
2026-09-30 10:37:00-04:00,30796.25,30796.25,30801.5,30782.0,30782.75,1113
2026-09-30 10:38:00-04:00,30812.75,30812.75,30815.75,30784.0,30796.25,2443
2026-09-30 10:39:00-04:00,30804.5,30804.5,30820.25,30801.25,30812.25,1254
2026-09-30 10:40:00-04:00,30806.25,30806.25,30807.25,30782.0,30804.75,1384
2026-09-30 10:41:00-04:00,30811.25,30811.25,30816.0,30789.75,30806.75,1235
2026-09-30 10:42:00-04:00,30831.0,30831.0,30834.25,30806.25,30811.25,1245
2026-09-30 10:43:00-04:00,30811.5,30811.5,30834.25,30801.25,30830.5,2124
2026-09-30 10:44:00-04:00,30797.0,30797.0,30820.0,30794.75,30811.25,1254
2026-09-30 10:45:00-04:00,30814.25,30814.25,30823.0,30792.5,30797.5,1273
2026-09-30 10:46:00-04:00,30811.0,30811.0,30820.5,30802.5,30814.5,967
2026-09-30 10:47:00-04:00,30823.5,30823.5,30826.75,30810.0,30811.75,806
2026-09-30 10:48:00-04:00,30837.25,30837.25,30839.0,30821.0,30822.75,952
2026-09-30 10:49:00-04:00,30851.5,30851.5,30854.0,30834.25,30837.0,1328
2026-09-30 10:50:00-04:00,30838.25,30838.25,30853.0,30836.0,30851.5,880
2026-09-30 10:51:00-04:00,30840.0,30840.0,30849.5,30836.5,30838.25,675
2026-09-30 10:52:00-04:00,30850.75,30850.75,30852.5,30837.25,30839.5,721
2026-09-30 10:53:00-04:00,30858.25,30858.25,30864.5,30850.0,30850.5,1598
2026-09-30 10:54:00-04:00,30866.25,30866.25,30881.25,30859.0,30859.0,2525
2026-09-30 10:55:00-04:00,30866.0,30866.0,30871.5,30857.75,30866.75,1175
2026-09-30 10:56:00-04:00,30869.5,30869.5,30876.0,30857.0,30865.5,1085
2026-09-30 10:57:00-04:00,30871.5,30871.5,30882.5,30864.5,30869.75,910
2026-09-30 10:58:00-04:00,30856.5,30856.5,30873.25,30848.75,30871.75,1406
2026-09-30 10:59:00-04:00,30843.5,30843.5,30861.5,30842.0,30856.75,986
2026-09-30 11:00:00-04:00,30839.25,30839.25,30847.75,30834.75,30843.75,1410
2026-09-30 11:01:00-04:00,30832.75,30832.75,30839.25,30820.5,30839.0,1099
2026-09-30 11:02:00-04:00,30818.5,30818.5,30842.75,30815.5,30831.75,1050
2026-09-30 11:03:00-04:00,30830.0,30830.0,30831.0,30813.75,30818.5,1053
2026-09-30 11:04:00-04:00,30839.0,30839.0,30840.0,30818.25,30830.0,1207
2026-09-30 11:05:00-04:00,30828.75,30828.75,30839.25,30822.25,30838.75,660
2026-09-30 11:06:00-04:00,30831.75,30831.75,30835.25,30821.0,30828.5,903
2026-09-30 11:07:00-04:00,30820.75,30820.75,30836.5,30813.25,30832.75,1143
2026-09-30 11:08:00-04:00,30834.5,30834.5,30837.25,30820.25,30821.25,1006
2026-09-30 11:09:00-04:00,30850.25,30850.25,30852.25,30830.5,30834.75,1035
2026-09-30 11:10:00-04:00,30848.0,30848.0,30852.25,30839.0,30850.25,915
2026-09-30 11:11:00-04:00,30834.75,30834.75,30854.0,30830.0,30847.75,1422
2026-09-30 11:12:00-04:00,30832.0,30832.0,30845.75,30815.5,30834.0,2165
2026-09-30 11:13:00-04:00,30834.0,30834.0,30844.0,30832.0,30833.0,674
2026-09-30 11:14:00-04:00,30827.75,30827.75,30834.5,30817.25,30833.75,1305
2026-09-30 11:15:00-04:00,30844.25,30844.25,30845.0,30825.5,30827.25,802
2026-09-30 11:16:00-04:00,30853.25,30853.25,30857.5,30841.0,30843.25,1064
2026-09-30 11:17:00-04:00,30843.75,30843.75,30852.75,30840.0,30852.0,667
2026-09-30 11:18:00-04:00,30829.75,30829.75,30843.0,30829.25,30843.0,803
2026-09-30 11:19:00-04:00,30835.75,30835.75,30840.5,30829.5,30830.25,452
2026-09-30 11:20:00-04:00,30822.0,30822.0,30840.0,30820.75,30835.75,726
2026-09-30 11:21:00-04:00,30817.25,30817.25,30823.75,30811.75,30821.75,1287
2026-09-30 11:22:00-04:00,30807.5,30807.5,30822.25,30806.0,30817.25,852
2026-09-30 11:23:00-04:00,30818.0,30818.0,30819.0,30806.0,30808.0,659
2026-09-30 11:24:00-04:00,30821.75,30821.75,30825.0,30814.75,30818.25,724
2026-09-30 11:25:00-04:00,30817.0,30817.0,30830.5,30816.25,30822.25,630
2026-09-30 11:26:00-04:00,30821.25,30821.25,30829.25,30814.25,30816.25,577
2026-09-30 11:27:00-04:00,30840.0,30840.0,30840.75,30818.0,30820.75,800
2026-09-30 11:28:00-04:00,30842.0,30842.0,30846.25,30836.0,30840.0,726
2026-09-30 11:29:00-04:00,30856.0,30856.0,30856.0,30840.75,30842.25,1429
2026-09-30 11:30:00-04:00,30863.25,30863.25,30864.25,30852.25,30855.75,1013
2026-09-30 11:31:00-04:00,30866.5,30866.5,30867.5,30854.5,30863.5,672
2026-09-30 11:32:00-04:00,30870.5,30870.5,30877.0,30864.25,30866.5,1334
2026-09-30 11:33:00-04:00,30866.5,30866.5,30870.75,30860.5,30870.5,763
2026-09-30 11:34:00-04:00,30859.5,30859.5,30877.75,30855.0,30866.75,1718
2026-09-30 11:35:00-04:00,30861.75,30861.75,30870.75,30856.75,30860.0,963
2026-09-30 11:36:00-04:00,30852.25,30852.25,30861.0,30847.75,30861.0,945
2026-09-30 11:37:00-04:00,30860.75,30860.75,30860.75,30843.0,30852.25,933
2026-09-30 11:38:00-04:00,30861.25,30861.25,30865.75,30859.0,30859.5,476
2026-09-30 11:39:00-04:00,30865.5,30865.5,30872.25,30861.5,30862.5,564
2026-09-30 11:40:00-04:00,30863.25,30863.25,30868.25,30859.75,30866.75,629
2026-09-30 11:41:00-04:00,30861.5,30861.5,30874.25,30860.75,30863.25,904
2026-09-30 11:42:00-04:00,30860.25,30860.25,30868.5,30859.5,30861.75,609
2026-09-30 11:43:00-04:00,30836.25,30836.25,30861.5,30836.0,30861.25,1271
2026-09-30 11:44:00-04:00,30833.75,30833.75,30840.0,30825.25,30837.0,1518
2026-09-30 11:45:00-04:00,30836.5,30836.5,30840.25,30826.5,30832.25,961
2026-09-30 11:46:00-04:00,30833.5,30833.5,30839.0,30828.5,30836.75,823
2026-09-30 11:47:00-04:00,30843.0,30843.0,30843.25,30831.25,30833.5,815
2026-09-30 11:48:00-04:00,30869.75,30869.75,30874.5,30842.5,30842.5,2099
2026-09-30 11:49:00-04:00,30900.5,30900.5,30902.5,30866.0,30870.0,2123
2026-09-30 11:50:00-04:00,30895.75,30895.75,30906.0,30894.0,30900.5,1365
2026-09-30 11:51:00-04:00,30883.25,30883.25,30899.0,30879.5,30896.0,918
2026-09-30 11:52:00-04:00,30870.25,30870.25,30883.0,30867.5,30882.75,998
2026-09-30 11:53:00-04:00,30876.5,30876.5,30879.75,30868.5,30870.25,636
2026-09-30 11:54:00-04:00,30855.75,30855.75,30884.25,30855.0,30876.5,1127
2026-09-30 11:55:00-04:00,30853.75,30853.75,30860.5,30846.25,30855.75,1130
2026-09-30 11:56:00-04:00,30859.25,30859.25,30863.0,30853.75,30853.75,615
2026-09-30 11:57:00-04:00,30872.5,30872.5,30872.75,30858.25,30859.0,589
2026-09-30 11:58:00-04:00,30871.5,30871.5,30875.75,30867.0,30872.5,658
2026-09-30 11:59:00-04:00,30879.25,30879.25,30880.0,30867.75,30871.5,525
2026-09-30 12:00:00-04:00,30874.0,30874.0,30879.75,30866.0,30878.75,1649
2026-09-30 12:01:00-04:00,30873.25,30873.25,30879.75,30869.0,30873.0,470
2026-09-30 12:02:00-04:00,30883.0,30883.0,30889.0,30874.0,30874.0,841
2026-09-30 12:03:00-04:00,30881.75,30881.75,30884.75,30875.75,30883.0,500
2026-09-30 12:04:00-04:00,30883.0,30883.0,30883.75,30873.0,30881.5,752
2026-09-30 12:05:00-04:00,30881.5,30881.5,30887.25,30879.75,30883.25,589
2026-09-30 12:06:00-04:00,30883.75,30883.75,30887.0,30880.0,30881.75,491
2026-09-30 12:07:00-04:00,30875.5,30875.5,30884.75,30875.25,30883.75,590
2026-09-30 12:08:00-04:00,30881.0,30881.0,30882.0,30874.25,30875.75,466
2026-09-30 12:09:00-04:00,30884.5,30884.5,30884.5,30878.25,30881.25,355
2026-09-30 12:10:00-04:00,30882.25,30882.25,30888.5,30881.0,30883.5,454
2026-09-30 12:11:00-04:00,30887.0,30887.0,30896.75,30880.0,30883.75,1051
2026-09-30 12:12:00-04:00,30873.5,30873.5,30887.75,30871.25,30887.25,682
2026-09-30 12:13:00-04:00,30882.75,30882.75,30887.75,30870.5,30874.0,507
2026-09-30 12:14:00-04:00,30890.25,30890.25,30891.0,30881.75,30882.0,463
2026-09-30 12:15:00-04:00,30884.0,30884.0,30893.0,30879.5,30890.75,440
2026-09-30 12:16:00-04:00,30876.5,30876.5,30884.5,30873.75,30883.0,344
2026-09-30 12:17:00-04:00,30856.5,30856.5,30878.5,30855.75,30876.75,961
2026-09-30 12:18:00-04:00,30858.75,30858.75,30860.0,30850.0,30857.0,875
2026-09-30 12:19:00-04:00,30867.0,30867.0,30867.5,30858.5,30859.25,557
2026-09-30 12:20:00-04:00,30860.75,30860.75,30867.75,30857.5,30866.5,533
2026-09-30 12:21:00-04:00,30859.0,30859.0,30862.0,30858.25,30860.75,305
2026-09-30 12:22:00-04:00,30864.75,30864.75,30869.0,30859.75,30859.75,329
2026-09-30 12:23:00-04:00,30866.75,30866.75,30868.75,30857.5,30865.0,582
2026-09-30 12:24:00-04:00,30863.25,30863.25,30873.25,30861.25,30866.5,536
2026-09-30 12:25:00-04:00,30862.25,30862.25,30866.75,30859.5,30862.5,336
2026-09-30 12:26:00-04:00,30859.5,30859.5,30865.0,30857.0,30862.75,363
2026-09-30 12:27:00-04:00,30856.5,30856.5,30860.0,30853.5,30860.0,527
2026-09-30 12:28:00-04:00,30852.25,30852.25,30859.5,30850.0,30856.5,697
2026-09-30 12:29:00-04:00,30846.5,30846.5,30858.25,30845.25,30852.5,658
2026-09-30 12:30:00-04:00,30835.5,30835.5,30851.75,30835.0,30846.75,1201
2026-09-30 12:31:00-04:00,30833.0,30833.0,30839.75,30830.25,30836.25,770
2026-09-30 12:32:00-04:00,30829.25,30829.25,30837.25,30825.75,30833.0,601
2026-09-30 12:33:00-04:00,30833.0,30833.0,30833.75,30825.25,30829.5,667
2026-09-30 12:34:00-04:00,30834.25,30834.25,30835.75,30826.25,30832.75,602
2026-09-30 12:35:00-04:00,30831.25,30831.25,30838.0,30828.0,30833.75,632
2026-09-30 12:36:00-04:00,30822.0,30822.0,30834.5,30819.75,30831.75,814
2026-09-30 12:37:00-04:00,30828.75,30828.75,30834.0,30821.0,30822.0,634
2026-09-30 12:38:00-04:00,30841.5,30841.5,30843.5,30826.75,30829.25,665
2026-09-30 12:39:00-04:00,30836.25,30836.25,30842.25,30833.5,30841.75,446
2026-09-30 12:40:00-04:00,30840.0,30840.0,30841.25,30832.75,30836.25,377
2026-09-30 12:41:00-04:00,30851.75,30851.75,30859.0,30840.0,30840.25,1110
2026-09-30 12:42:00-04:00,30848.25,30848.25,30854.5,30843.25,30852.25,686
2026-09-30 12:43:00-04:00,30860.0,30860.0,30864.25,30847.5,30848.5,842
2026-09-30 12:44:00-04:00,30861.5,30861.5,30866.5,30859.0,30860.0,589
2026-09-30 12:45:00-04:00,30850.0,30850.0,30861.25,30847.25,30861.25,881
2026-09-30 12:46:00-04:00,30850.75,30850.75,30854.0,30845.25,30850.0,432
2026-09-30 12:47:00-04:00,30853.25,30853.25,30860.5,30851.0,30851.0,403
2026-09-30 12:48:00-04:00,30838.25,30838.25,30852.75,30836.0,30852.75,648
2026-09-30 12:49:00-04:00,30839.5,30839.5,30840.0,30834.0,30838.0,382
2026-09-30 12:50:00-04:00,30847.0,30847.0,30847.0,30837.75,30839.75,400
2026-09-30 12:51:00-04:00,30843.5,30843.5,30851.0,30842.0,30847.25,442
2026-09-30 12:52:00-04:00,30843.5,30843.5,30851.75,30840.75,30843.25,353
2026-09-30 12:53:00-04:00,30844.25,30844.25,30848.5,30841.5,30843.0,323
2026-09-30 12:54:00-04:00,30843.25,30843.25,30846.5,30841.25,30844.25,391
2026-09-30 12:55:00-04:00,30842.0,30842.0,30849.5,30838.75,30843.75,312
2026-09-30 12:56:00-04:00,30843.75,30843.75,30845.25,30837.75,30841.5,274
2026-09-30 12:57:00-04:00,30851.25,30851.25,30856.5,30844.0,30844.25,524
2026-09-30 12:58:00-04:00,30857.5,30857.5,30861.0,30851.0,30851.5,582
2026-09-30 12:59:00-04:00,30861.25,30861.25,30863.0,30855.5,30857.0,459
2026-09-30 13:00:00-04:00,30862.25,30862.25,30868.25,30857.25,30860.75,652
2026-09-30 13:01:00-04:00,30868.25,30868.25,30871.0,30859.25,30862.0,543
2026-09-30 13:02:00-04:00,30863.25,30863.25,30870.25,30861.75,30869.0,389
2026-09-30 13:03:00-04:00,30865.0,30865.0,30866.5,30858.25,30863.75,448
2026-09-30 13:04:00-04:00,30860.25,30860.25,30867.75,30860.0,30865.5,286
2026-09-30 13:05:00-04:00,30862.5,30862.5,30868.0,30857.5,30859.75,430
2026-09-30 13:06:00-04:00,30865.75,30865.75,30869.5,30860.75,30862.5,576
2026-09-30 13:07:00-04:00,30865.5,30865.5,30870.25,30862.25,30865.75,317
2026-09-30 13:08:00-04:00,30868.0,30868.0,30870.0,30863.25,30864.5,329
2026-09-30 13:09:00-04:00,30861.75,30861.75,30869.25,30861.25,30867.5,239
2026-09-30 13:10:00-04:00,30859.0,30859.0,30864.75,30856.0,30862.5,373
2026-09-30 13:11:00-04:00,30856.25,30856.25,30863.25,30854.25,30859.25,462
2026-09-30 13:12:00-04:00,30849.25,30849.25,30858.75,30849.25,30856.5,590
2026-09-30 13:13:00-04:00,30833.25,30833.25,30850.25,30831.5,30849.5,875
2026-09-30 13:14:00-04:00,30835.5,30835.5,30840.5,30832.0,30833.5,587
2026-09-30 13:15:00-04:00,30810.0,30810.0,30835.5,30809.5,30835.0,1293
2026-09-30 13:16:00-04:00,30808.75,30808.75,30810.0,30797.75,30809.5,1548
2026-09-30 13:17:00-04:00,30813.25,30813.25,30817.5,30804.5,30809.0,874
2026-09-30 13:18:00-04:00,30805.5,30805.5,30813.75,30802.5,30813.25,628
2026-09-30 13:19:00-04:00,30791.0,30791.0,30810.5,30790.5,30805.75,826
2026-09-30 13:20:00-04:00,30791.25,30791.25,30795.5,30783.5,30791.0,1378
2026-09-30 13:21:00-04:00,30806.0,30806.0,30808.5,30791.5,30791.5,993
2026-09-30 13:22:00-04:00,30799.25,30799.25,30809.75,30794.0,30805.5,992
2026-09-30 13:23:00-04:00,30797.5,30797.5,30801.25,30790.75,30798.75,452
2026-09-30 13:24:00-04:00,30800.25,30800.25,30801.0,30796.25,30797.25,235
2026-09-30 13:25:00-04:00,30789.25,30789.25,30800.25,30785.25,30799.75,774
2026-09-30 13:26:00-04:00,30766.25,30766.25,30792.5,30760.5,30789.25,1721
2026-09-30 13:27:00-04:00,30778.0,30778.0,30781.0,30763.5,30766.75,1368
2026-09-30 13:28:00-04:00,30783.25,30783.25,30785.75,30776.0,30778.25,538
2026-09-30 13:29:00-04:00,30788.75,30788.75,30795.5,30783.0,30783.25,824
2026-09-30 13:30:00-04:00,30796.0,30796.0,30797.75,30788.25,30789.0,653
2026-09-30 13:31:00-04:00,30803.5,30803.5,30805.0,30788.75,30796.25,720
2026-09-30 13:32:00-04:00,30813.5,30813.5,30813.5,30802.75,30803.5,736
2026-09-30 13:33:00-04:00,30804.25,30804.25,30813.0,30804.0,30812.25,416
2026-09-30 13:34:00-04:00,30801.75,30801.75,30808.25,30797.75,30804.25,686
2026-09-30 13:35:00-04:00,30809.75,30809.75,30816.25,30802.25,30802.25,547
2026-09-30 13:36:00-04:00,30808.0,30808.0,30818.0,30807.0,30810.5,636
2026-09-30 13:37:00-04:00,30799.25,30799.25,30809.5,30799.0,30807.75,610
2026-09-30 13:38:00-04:00,30811.0,30811.0,30812.0,30798.0,30800.0,477
2026-09-30 13:39:00-04:00,30823.5,30823.5,30824.5,30809.5,30811.25,809
2026-09-30 13:40:00-04:00,30821.75,30821.75,30828.25,30820.75,30824.0,662
2026-09-30 13:41:00-04:00,30829.5,30829.5,30832.5,30818.75,30822.25,691
2026-09-30 13:42:00-04:00,30834.0,30834.0,30836.0,30822.5,30829.5,685
2026-09-30 13:43:00-04:00,30825.5,30825.5,30837.5,30825.5,30834.75,560
2026-09-30 13:44:00-04:00,30826.25,30826.25,30826.5,30817.5,30826.0,603
2026-09-30 13:45:00-04:00,30822.0,30822.0,30827.5,30816.0,30826.5,644
2026-09-30 13:46:00-04:00,30825.5,30825.5,30826.5,30820.0,30822.5,401
2026-09-30 13:47:00-04:00,30835.0,30835.0,30852.0,30820.75,30825.25,1563
2026-09-30 13:48:00-04:00,30850.5,30850.5,30853.25,30832.0,30835.5,736
2026-09-30 13:49:00-04:00,30856.75,30856.75,30857.0,30850.0,30851.0,993
2026-09-30 13:50:00-04:00,30854.75,30854.75,30862.25,30853.5,30856.5,727
2026-09-30 13:51:00-04:00,30858.0,30858.0,30860.0,30853.25,30854.25,437
2026-09-30 13:52:00-04:00,30849.75,30849.75,30863.75,30848.25,30857.75,904
2026-09-30 13:53:00-04:00,30852.25,30852.25,30852.75,30847.25,30850.5,704
2026-09-30 13:54:00-04:00,30855.75,30855.75,30855.75,30847.0,30852.0,466
2026-09-30 13:55:00-04:00,30852.25,30852.25,30856.5,30847.0,30855.0,628
2026-09-30 13:56:00-04:00,30858.0,30858.0,30859.0,30851.5,30852.5,444
2026-09-30 13:57:00-04:00,30854.5,30854.5,30860.25,30851.25,30857.75,509
2026-09-30 13:58:00-04:00,30855.25,30855.25,30857.5,30853.0,30854.25,400
2026-09-30 13:59:00-04:00,30856.5,30856.5,30860.0,30853.75,30855.0,470
2026-09-30 14:00:00-04:00,30841.0,30841.0,30856.75,30840.5,30856.5,904
2026-09-30 14:01:00-04:00,30837.75,30837.75,30845.75,30828.75,30841.25,951
2026-09-30 14:02:00-04:00,30838.25,30838.25,30841.0,30835.5,30837.25,515
2026-09-30 14:03:00-04:00,30839.75,30839.75,30843.5,30836.75,30839.5,450
2026-09-30 14:04:00-04:00,30843.0,30843.0,30846.25,30836.5,30839.0,481
2026-09-30 14:05:00-04:00,30836.0,30836.0,30847.0,30835.75,30842.75,530
2026-09-30 14:06:00-04:00,30822.75,30822.75,30835.75,30819.25,30835.5,1096
2026-09-30 14:07:00-04:00,30829.25,30829.25,30830.75,30821.5,30822.75,589
2026-09-30 14:08:00-04:00,30835.0,30835.0,30835.5,30820.0,30829.5,755
2026-09-30 14:09:00-04:00,30843.5,30843.5,30844.0,30828.75,30835.25,614
2026-09-30 14:10:00-04:00,30845.25,30845.25,30845.75,30838.5,30843.5,659
2026-09-30 14:11:00-04:00,30851.75,30851.75,30853.75,30843.25,30845.0,644
2026-09-30 14:12:00-04:00,30859.75,30859.75,30864.75,30850.25,30851.0,849
2026-09-30 14:13:00-04:00,30853.0,30853.0,30861.25,30847.75,30860.0,749
2026-09-30 14:14:00-04:00,30857.0,30857.0,30860.5,30851.75,30853.5,586
2026-09-30 14:15:00-04:00,30855.25,30855.25,30859.25,30851.0,30857.0,429
2026-09-30 14:16:00-04:00,30847.75,30847.75,30858.0,30847.25,30855.25,482
2026-09-30 14:17:00-04:00,30837.25,30837.25,30848.75,30837.25,30848.25,670
2026-09-30 14:18:00-04:00,30842.5,30842.5,30843.25,30831.25,30838.0,551
2026-09-30 14:19:00-04:00,30833.75,30833.75,30843.5,30830.5,30842.25,637
2026-09-30 14:20:00-04:00,30831.0,30831.0,30839.25,30826.75,30834.75,686
2026-09-30 14:21:00-04:00,30823.75,30823.75,30830.5,30816.75,30830.0,1058
2026-09-30 14:22:00-04:00,30822.75,30822.75,30827.25,30820.5,30824.0,856
2026-09-30 14:23:00-04:00,30823.5,30823.5,30825.0,30816.0,30822.75,440
2026-09-30 14:24:00-04:00,30818.75,30818.75,30825.5,30818.25,30824.0,433
2026-09-30 14:25:00-04:00,30812.0,30812.0,30823.75,30810.75,30819.0,622
2026-09-30 14:26:00-04:00,30826.5,30826.5,30829.0,30807.75,30811.25,1291
2026-09-30 14:27:00-04:00,30823.25,30823.25,30830.25,30821.0,30826.75,537
2026-09-30 14:28:00-04:00,30831.5,30831.5,30833.5,30822.75,30822.75,691
2026-09-30 14:29:00-04:00,30832.5,30832.5,30836.75,30827.5,30831.75,537
2026-09-30 14:30:00-04:00,30832.25,30832.25,30837.5,30825.25,30832.0,959
2026-09-30 14:31:00-04:00,30814.25,30814.25,30833.25,30814.0,30831.75,947
2026-09-30 14:32:00-04:00,30810.5,30810.5,30816.0,30807.25,30813.75,640
2026-09-30 14:33:00-04:00,30800.75,30800.75,30812.5,30797.5,30810.25,1000
2026-09-30 14:34:00-04:00,30800.75,30800.75,30802.25,30794.5,30800.75,888
2026-09-30 14:35:00-04:00,30800.5,30800.5,30806.0,30799.5,30801.0,555
2026-09-30 14:36:00-04:00,30806.0,30806.0,30813.25,30797.0,30800.25,759
2026-09-30 14:37:00-04:00,30810.75,30810.75,30813.75,30804.0,30806.5,499
2026-09-30 14:38:00-04:00,30816.5,30816.5,30817.5,30806.75,30810.5,464
2026-09-30 14:39:00-04:00,30827.75,30827.75,30831.5,30813.75,30817.0,1217
2026-09-30 14:40:00-04:00,30824.25,30824.25,30829.5,30820.25,30827.5,598
2026-09-30 14:41:00-04:00,30824.25,30824.25,30825.5,30821.0,30823.5,306
2026-09-30 14:42:00-04:00,30830.75,30830.75,30831.25,30820.75,30824.25,662
2026-09-30 14:43:00-04:00,30830.0,30830.0,30834.75,30825.0,30831.0,667
2026-09-30 14:44:00-04:00,30825.75,30825.75,30830.5,30824.5,30829.75,255
2026-09-30 14:45:00-04:00,30816.0,30816.0,30828.0,30813.5,30825.5,562
2026-09-30 14:46:00-04:00,30818.5,30818.5,30821.0,30815.25,30816.0,262
2026-09-30 14:47:00-04:00,30814.5,30814.5,30822.0,30813.25,30818.25,308
2026-09-30 14:48:00-04:00,30804.5,30804.5,30816.5,30802.25,30815.0,599
2026-09-30 14:49:00-04:00,30802.5,30802.5,30807.25,30795.5,30804.75,493
2026-09-30 14:50:00-04:00,30805.0,30805.0,30809.75,30801.75,30802.75,521
2026-09-30 14:51:00-04:00,30798.25,30798.25,30806.25,30794.0,30805.0,460
2026-09-30 14:52:00-04:00,30801.25,30801.25,30803.0,30796.5,30798.0,464
2026-09-30 14:53:00-04:00,30793.0,30793.0,30805.75,30791.0,30801.0,693
2026-09-30 14:54:00-04:00,30800.25,30800.25,30803.75,30790.5,30793.0,623
2026-09-30 14:55:00-04:00,30802.25,30802.25,30805.25,30799.25,30800.25,562
2026-09-30 14:56:00-04:00,30803.0,30803.0,30808.75,30797.0,30802.25,547
2026-09-30 14:57:00-04:00,30812.0,30812.0,30812.75,30802.0,30803.0,556
2026-09-30 14:58:00-04:00,30818.75,30818.75,30824.25,30808.5,30812.5,822
2026-09-30 14:59:00-04:00,30812.0,30812.0,30823.25,30811.75,30819.0,709
2026-09-30 15:00:00-04:00,30821.0,30821.0,30821.75,30811.25,30812.75,691
2026-09-30 15:01:00-04:00,30827.0,30827.0,30828.0,30814.0,30821.0,606
2026-09-30 15:02:00-04:00,30831.0,30831.0,30831.75,30824.5,30826.75,523
2026-09-30 15:03:00-04:00,30837.5,30837.5,30839.25,30829.0,30831.25,685
2026-09-30 15:04:00-04:00,30843.25,30843.25,30844.0,30836.0,30837.25,803
2026-09-30 15:05:00-04:00,30841.75,30841.75,30844.25,30838.25,30843.5,544
2026-09-30 15:06:00-04:00,30840.25,30840.25,30845.0,30839.0,30842.0,660
2026-09-30 15:07:00-04:00,30845.5,30845.5,30848.5,30838.0,30840.5,643
2026-09-30 15:08:00-04:00,30851.25,30851.25,30855.0,30844.5,30844.75,851
2026-09-30 15:09:00-04:00,30853.25,30853.25,30853.75,30844.0,30851.75,646
2026-09-30 15:10:00-04:00,30846.5,30846.5,30854.75,30841.0,30853.25,650
2026-09-30 15:11:00-04:00,30841.0,30841.0,30852.25,30840.0,30846.25,529
2026-09-30 15:12:00-04:00,30845.5,30845.5,30845.75,30840.5,30841.5,546
2026-09-30 15:13:00-04:00,30844.25,30844.25,30846.5,30842.75,30844.75,311
2026-09-30 15:14:00-04:00,30848.75,30848.75,30853.25,30844.25,30844.5,717
2026-09-30 15:15:00-04:00,30842.0,30842.0,30849.5,30840.5,30849.0,545
2026-09-30 15:16:00-04:00,30839.75,30839.75,30843.5,30837.5,30842.25,592
2026-09-30 15:17:00-04:00,30839.25,30839.25,30841.0,30833.0,30839.0,606
2026-09-30 15:18:00-04:00,30838.5,30838.5,30839.75,30831.0,30838.25,450
2026-09-30 15:19:00-04:00,30842.5,30842.5,30845.75,30837.0,30838.0,537
2026-09-30 15:20:00-04:00,30839.5,30839.5,30843.5,30833.75,30842.75,521
2026-09-30 15:21:00-04:00,30836.0,30836.0,30845.0,30835.25,30839.0,449
2026-09-30 15:22:00-04:00,30838.0,30838.0,30838.75,30833.5,30836.25,328
2026-09-30 15:23:00-04:00,30827.25,30827.25,30838.5,30826.0,30838.5,795
2026-09-30 15:24:00-04:00,30830.0,30830.0,30834.0,30825.75,30827.75,618
2026-09-30 15:25:00-04:00,30832.5,30832.5,30841.0,30828.75,30829.5,589
2026-09-30 15:26:00-04:00,30833.5,30833.5,30837.75,30831.5,30832.0,431
2026-09-30 15:27:00-04:00,30835.75,30835.75,30837.75,30831.5,30832.5,380
2026-09-30 15:28:00-04:00,30836.5,30836.5,30839.0,30831.0,30835.25,359
2026-09-30 15:29:00-04:00,30833.25,30833.25,30838.0,30832.5,30836.0,406
2026-09-30 15:30:00-04:00,30840.0,30840.0,30843.0,30829.0,30833.25,875
2026-09-30 15:31:00-04:00,30841.5,30841.5,30845.25,30836.5,30840.0,481
2026-09-30 15:32:00-04:00,30843.25,30843.25,30848.0,30841.25,30841.75,719
2026-09-30 15:33:00-04:00,30843.5,30843.5,30843.75,30837.25,30843.0,488
2026-09-30 15:34:00-04:00,30843.5,30843.5,30849.5,30842.5,30843.5,651
2026-09-30 15:35:00-04:00,30855.0,30855.0,30858.25,30841.75,30843.5,1338
2026-09-30 15:36:00-04:00,30843.75,30843.75,30855.25,30843.0,30855.25,560
2026-09-30 15:37:00-04:00,30831.0,30831.0,30845.0,30826.75,30844.0,909
2026-09-30 15:38:00-04:00,30824.25,30824.25,30837.5,30823.5,30831.5,801
2026-09-30 15:39:00-04:00,30838.25,30838.25,30843.5,30821.0,30825.0,1225
2026-09-30 15:40:00-04:00,30835.0,30835.0,30841.5,30832.75,30838.25,835
2026-09-30 15:41:00-04:00,30824.75,30824.75,30838.0,30824.25,30835.75,572
2026-09-30 15:42:00-04:00,30819.75,30819.75,30829.75,30817.0,30825.0,624
2026-09-30 15:43:00-04:00,30827.0,30827.0,30829.0,30813.5,30819.75,873
2026-09-30 15:44:00-04:00,30826.75,30826.75,30834.0,30825.5,30827.0,619
2026-09-30 15:45:00-04:00,30827.5,30827.5,30833.5,30822.5,30827.25,1332
2026-09-30 15:46:00-04:00,30825.25,30825.25,30829.25,30822.5,30826.75,545
2026-09-30 15:47:00-04:00,30823.25,30823.25,30830.5,30820.5,30825.25,733
2026-09-30 15:48:00-04:00,30831.75,30831.75,30842.25,30819.5,30823.0,1510
2026-09-30 15:49:00-04:00,30826.25,30826.25,30834.25,30824.75,30832.25,882
2026-09-30 15:50:00-04:00,30783.75,30783.75,30825.25,30780.5,30824.75,3192
2026-09-30 15:51:00-04:00,30781.5,30781.5,30788.25,30770.5,30782.75,2096
2026-09-30 15:52:00-04:00,30780.25,30780.25,30791.75,30771.75,30780.75,3126
2026-09-30 15:53:00-04:00,30777.75,30777.75,30790.25,30776.0,30779.25,1646
2026-09-30 15:54:00-04:00,30727.75,30727.75,30778.0,30724.0,30777.25,4312
2026-09-30 15:55:00-04:00,30725.75,30725.75,30728.0,30700.25,30728.0,4108
2026-09-30 15:56:00-04:00,30725.75,30725.75,30732.0,30716.0,30725.5,2206
2026-09-30 15:57:00-04:00,30735.25,30735.25,30741.75,30720.0,30725.75,2024
2026-09-30 15:58:00-04:00,30733.0,30733.0,30736.75,30709.25,30735.5,2557
2026-09-30 15:59:00-04:00,30693.75,30693.75,30751.0,30680.75,30732.75,12664
2026-09-30 16:00:00-04:00,30695.75,30695.75,30699.5,30669.75,30692.75,4322
2026-09-30 16:01:00-04:00,30665.5,30665.5,30698.25,30636.5,30698.0,3269
2026-09-30 16:02:00-04:00,30682.0,30682.0,30686.25,30658.0,30666.0,1882
2026-09-30 16:03:00-04:00,30676.25,30676.25,30684.5,30652.75,30684.25,1876
2026-09-30 16:04:00-04:00,30675.0,30675.0,30681.5,30648.25,30676.25,1805
2026-09-30 16:05:00-04:00,30689.75,30689.75,30708.0,30672.25,30674.75,2143
2026-09-30 16:06:00-04:00,30693.5,30693.5,30702.25,30685.0,30689.0,1113
2026-09-30 16:07:00-04:00,30682.75,30682.75,30710.5,30662.0,30694.0,1867
2026-09-30 16:08:00-04:00,30688.75,30688.75,30690.5,30672.75,30683.25,664
2026-09-30 16:09:00-04:00,30687.0,30687.0,30693.5,30675.75,30689.0,478
2026-09-30 16:10:00-04:00,30697.75,30697.75,30699.25,30686.5,30686.75,501
2026-09-30 16:11:00-04:00,30696.0,30696.0,30702.75,30692.25,30697.5,484
2026-09-30 16:12:00-04:00,30694.25,30694.25,30698.0,30691.5,30696.0,319
2026-09-30 16:13:00-04:00,30713.25,30713.25,30714.0,30690.0,30694.25,671
2026-09-30 16:14:00-04:00,30714.25,30714.25,30728.25,30709.25,30713.0,998
2026-09-30 16:15:00-04:00,30714.75,30714.75,30718.0,30691.25,30714.0,875
2026-09-30 16:16:00-04:00,30704.5,30704.5,30722.0,30704.5,30714.75,500
2026-09-30 16:17:00-04:00,30704.75,30704.75,30711.0,30701.75,30706.5,261
2026-09-30 16:18:00-04:00,30713.75,30713.75,30717.75,30704.5,30705.0,413
2026-09-30 16:19:00-04:00,30719.75,30719.75,30723.5,30713.75,30715.0,260
2026-09-30 16:20:00-04:00,30727.5,30727.5,30729.75,30715.25,30720.75,346
2026-09-30 16:21:00-04:00,30735.0,30735.0,30738.25,30725.5,30728.25,429
2026-09-30 16:22:00-04:00,30740.0,30740.0,30744.5,30728.75,30735.5,432
2026-09-30 16:23:00-04:00,30724.0,30724.0,30741.75,30723.5,30741.0,431
2026-09-30 16:24:00-04:00,30731.5,30731.5,30737.0,30724.75,30724.75,446
2026-09-30 16:25:00-04:00,30735.0,30735.0,30739.75,30731.75,30732.25,518
2026-09-30 16:26:00-04:00,30741.0,30741.0,30743.5,30735.75,30735.75,343
2026-09-30 16:27:00-04:00,30746.0,30746.0,30746.0,30737.75,30741.25,156
2026-09-30 16:28:00-04:00,30742.0,30742.0,30746.75,30739.0,30746.25,238
2026-09-30 16:29:00-04:00,30740.5,30740.5,30745.75,30740.5,30741.75,286
2026-09-30 16:30:00-04:00,30733.75,30733.75,30741.75,30733.75,30740.25,289
2026-09-30 16:31:00-04:00,30740.0,30740.0,30742.0,30732.5,30733.25,214
2026-09-30 16:32:00-04:00,30743.75,30743.75,30745.75,30738.5,30741.25,176
2026-09-30 16:33:00-04:00,30745.25,30745.25,30745.25,30737.25,30744.5,187
2026-09-30 16:34:00-04:00,30741.25,30741.25,30749.0,30738.25,30744.0,196
2026-09-30 16:35:00-04:00,30745.75,30745.75,30748.5,30739.25,30741.25,125
2026-09-30 16:36:00-04:00,30745.0,30745.0,30751.5,30740.0,30745.5,246
2026-09-30 16:37:00-04:00,30740.75,30740.75,30745.5,30739.5,30745.5,78
2026-09-30 16:38:00-04:00,30736.0,30736.0,30742.0,30731.25,30739.75,217
2026-09-30 16:39:00-04:00,30740.5,30740.5,30743.25,30735.0,30736.25,108
2026-09-30 16:40:00-04:00,30740.75,30740.75,30743.75,30739.5,30741.5,70
2026-09-30 16:41:00-04:00,30734.0,30734.0,30742.75,30726.25,30740.75,389
2026-09-30 16:42:00-04:00,30739.75,30739.75,30739.75,30733.25,30734.0,121
2026-09-30 16:43:00-04:00,30737.5,30737.5,30741.25,30735.0,30738.75,99
2026-09-30 16:44:00-04:00,30735.5,30735.5,30737.0,30730.0,30737.0,125
2026-09-30 16:45:00-04:00,30734.0,30734.0,30736.5,30729.75,30735.5,158
2026-09-30 16:46:00-04:00,30729.25,30729.25,30734.0,30728.75,30734.0,64
2026-09-30 16:47:00-04:00,30726.0,30726.0,30728.25,30722.25,30728.0,302
2026-09-30 16:48:00-04:00,30714.75,30714.75,30726.0,30712.0,30726.0,276
2026-09-30 16:49:00-04:00,30723.5,30723.5,30724.75,30714.0,30714.5,199
2026-09-30 16:50:00-04:00,30720.0,30720.0,30724.75,30713.5,30723.0,158
2026-09-30 16:51:00-04:00,30722.25,30722.25,30726.75,30716.0,30719.75,104
2026-09-30 16:52:00-04:00,30728.5,30728.5,30731.25,30721.0,30722.0,217
2026-09-30 16:53:00-04:00,30728.5,30728.5,30732.75,30725.5,30728.25,72
2026-09-30 16:54:00-04:00,30729.25,30729.25,30732.0,30726.5,30726.75,88
2026-09-30 16:55:00-04:00,30729.75,30729.75,30733.75,30727.75,30729.0,137
2026-09-30 16:56:00-04:00,30725.5,30725.5,30730.25,30722.5,30729.25,132
2026-09-30 16:57:00-04:00,30724.75,30724.75,30728.75,30723.25,30725.75,90
2026-09-30 16:58:00-04:00,30719.25,30719.25,30725.0,30718.25,30724.25,73
2026-09-30 16:59:00-04:00,30725.75,30725.75,30732.25,30716.0,30720.0,238
2026-09-30 18:00:00-04:00,30695.0,30695.0,30719.0,30692.0,30707.0,0
2026-09-30 18:01:00-04:00,30717.75,30717.75,30722.0,30684.5,30696.5,377
2026-09-30 18:02:00-04:00,30730.25,30730.25,30735.75,30710.0,30716.5,236
2026-09-30 18:03:00-04:00,30729.75,30729.75,30733.5,30724.75,30729.25,87
2026-09-30 18:04:00-04:00,30712.75,30712.75,30732.75,30712.5,30729.75,152
2026-09-30 18:05:00-04:00,30730.0,30730.0,30733.0,30713.5,30713.5,222
2026-09-30 18:06:00-04:00,30732.0,30732.0,30732.75,30724.5,30729.0,98
2026-09-30 18:07:00-04:00,30727.5,30727.5,30731.5,30726.0,30731.5,49
2026-09-30 18:08:00-04:00,30737.0,30737.0,30738.5,30725.75,30725.75,113
2026-09-30 18:09:00-04:00,30729.5,30729.5,30740.5,30728.25,30737.25,120
2026-09-30 18:10:00-04:00,30720.0,30720.0,30735.0,30712.75,30728.5,269
2026-09-30 18:11:00-04:00,30722.0,30722.0,30724.5,30716.75,30720.0,63
2026-09-30 18:12:00-04:00,30731.75,30731.75,30732.5,30720.25,30720.5,92
2026-09-30 18:13:00-04:00,30732.25,30732.25,30734.0,30731.0,30732.75,113
2026-09-30 18:14:00-04:00,30734.0,30734.0,30737.5,30728.5,30731.75,110
2026-09-30 18:15:00-04:00,30733.0,30733.0,30735.25,30732.0,30734.25,78
2026-09-30 18:16:00-04:00,30736.0,30736.0,30741.0,30730.75,30733.25,118
2026-09-30 18:17:00-04:00,30736.5,30736.5,30737.75,30734.5,30734.75,40
2026-09-30 18:18:00-04:00,30737.75,30737.75,30744.5,30736.5,30736.75,177
2026-09-30 18:19:00-04:00,30743.75,30743.75,30746.25,30737.25,30738.0,101
2026-09-30 18:20:00-04:00,30745.0,30745.0,30747.0,30742.5,30744.25,88
2026-09-30 18:21:00-04:00,30744.5,30744.5,30744.75,30740.75,30744.75,68
2026-09-30 18:22:00-04:00,30747.0,30747.0,30751.0,30742.75,30742.75,112
2026-09-30 18:23:00-04:00,30746.25,30746.25,30749.75,30745.0,30746.5,48
2026-09-30 18:24:00-04:00,30747.25,30747.25,30748.5,30745.25,30747.0,55
2026-09-30 18:25:00-04:00,30746.25,30746.25,30748.75,30745.5,30747.75,60
2026-09-30 18:26:00-04:00,30748.25,30748.25,30751.0,30744.0,30746.5,95
2026-09-30 18:27:00-04:00,30749.25,30749.25,30750.0,30747.5,30748.0,52
2026-09-30 18:28:00-04:00,30749.75,30749.75,30751.0,30748.0,30748.75,58
2026-09-30 18:29:00-04:00,30752.75,30752.75,30754.25,30748.0,30750.25,96
2026-09-30 18:30:00-04:00,30753.5,30753.5,30756.25,30749.0,30753.25,70
2026-09-30 18:31:00-04:00,30752.0,30752.0,30754.75,30750.75,30753.75,45
2026-09-30 18:32:00-04:00,30761.5,30761.5,30763.0,30753.0,30753.0,177
2026-09-30 18:33:00-04:00,30759.25,30759.25,30761.5,30758.25,30761.25,57
2026-09-30 18:34:00-04:00,30761.5,30761.5,30764.25,30759.0,30759.0,74
2026-09-30 18:35:00-04:00,30761.25,30761.25,30763.0,30760.0,30761.75,41
2026-09-30 18:36:00-04:00,30767.5,30767.5,30769.5,30761.5,30761.5,90
2026-09-30 18:37:00-04:00,30769.5,30769.5,30769.5,30766.0,30767.5,67
2026-09-30 18:38:00-04:00,30769.75,30769.75,30770.75,30767.0,30769.25,62
2026-09-30 18:39:00-04:00,30770.0,30770.0,30772.0,30768.0,30768.5,51
2026-09-30 18:40:00-04:00,30774.25,30774.25,30775.25,30769.25,30771.0,84
2026-09-30 18:41:00-04:00,30785.25,30785.25,30788.25,30773.75,30774.0,321
2026-09-30 18:42:00-04:00,30785.75,30785.75,30794.75,30785.25,30785.25,176
2026-09-30 18:43:00-04:00,30777.75,30777.75,30786.75,30776.25,30786.75,194
2026-09-30 18:44:00-04:00,30777.75,30777.75,30780.75,30776.0,30777.75,129
2026-09-30 18:45:00-04:00,30776.5,30776.5,30779.0,30775.0,30777.25,45
2026-09-30 18:46:00-04:00,30771.75,30771.75,30776.25,30768.75,30776.25,200
2026-09-30 18:47:00-04:00,30772.75,30772.75,30773.0,30771.25,30771.25,23
2026-09-30 18:48:00-04:00,30775.0,30775.0,30778.0,30771.25,30772.5,61
2026-09-30 18:49:00-04:00,30775.25,30775.25,30779.25,30773.0,30775.25,54
2026-09-30 18:50:00-04:00,30776.5,30776.5,30777.5,30771.0,30773.75,60
2026-09-30 18:51:00-04:00,30774.75,30774.75,30777.0,30773.75,30776.0,49
2026-09-30 18:52:00-04:00,30775.5,30775.5,30777.0,30775.0,30775.0,23
2026-09-30 18:53:00-04:00,30771.0,30771.0,30775.75,30770.5,30775.75,72
2026-09-30 18:54:00-04:00,30772.75,30772.75,30775.25,30771.25,30771.25,45
2026-09-30 18:55:00-04:00,30775.0,30775.0,30778.75,30773.5,30773.5,47
2026-09-30 18:56:00-04:00,30774.75,30774.75,30777.5,30774.75,30777.0,25
2026-09-30 18:57:00-04:00,30776.25,30776.25,30776.25,30774.5,30774.75,8
2026-09-30 18:58:00-04:00,30774.5,30774.5,30775.75,30772.25,30775.75,30
2026-09-30 18:59:00-04:00,30771.5,30771.5,30774.0,30767.75,30774.0,97
2026-09-30 19:00:00-04:00,30773.75,30773.75,30775.25,30771.0,30771.75,40
2026-09-30 19:01:00-04:00,30777.0,30777.0,30777.0,30772.25,30774.5,35
2026-09-30 19:02:00-04:00,30775.5,30775.5,30777.75,30775.25,30777.5,35
2026-09-30 19:03:00-04:00,30777.75,30777.75,30783.5,30776.75,30776.75,132
2026-09-30 19:04:00-04:00,30776.25,30776.25,30779.25,30776.0,30778.5,18
2026-09-30 19:05:00-04:00,30772.25,30772.25,30776.0,30771.25,30776.0,36
2026-09-30 19:06:00-04:00,30771.75,30771.75,30773.5,30771.75,30772.75,12
2026-09-30 19:07:00-04:00,30768.25,30768.25,30771.75,30765.25,30771.75,69
2026-09-30 19:08:00-04:00,30760.75,30760.75,30768.5,30759.5,30768.5,177
2026-09-30 19:09:00-04:00,30764.25,30764.25,30764.75,30761.5,30761.5,70
2026-09-30 19:10:00-04:00,30763.0,30763.0,30765.25,30762.5,30765.25,44
2026-09-30 19:11:00-04:00,30763.25,30763.25,30764.25,30760.0,30763.5,56
2026-09-30 19:12:00-04:00,30756.25,30756.25,30763.25,30754.25,30763.25,140
2026-09-30 19:13:00-04:00,30760.0,30760.0,30761.5,30755.75,30756.0,84
2026-09-30 19:14:00-04:00,30762.75,30762.75,30763.5,30759.0,30759.5,25
2026-09-30 19:15:00-04:00,30770.75,30770.75,30775.5,30762.0,30763.0,166
2026-09-30 19:16:00-04:00,30769.25,30769.25,30771.0,30766.0,30770.5,57
2026-09-30 19:17:00-04:00,30768.75,30768.75,30771.75,30767.25,30770.0,33
2026-09-30 19:18:00-04:00,30774.0,30774.0,30778.25,30768.25,30768.25,82
2026-09-30 19:19:00-04:00,30772.0,30772.0,30775.25,30772.0,30775.0,35
2026-09-30 19:20:00-04:00,30773.25,30773.25,30775.75,30771.5,30771.75,21
2026-09-30 19:21:00-04:00,30784.75,30784.75,30785.25,30772.0,30772.75,145
2026-09-30 19:22:00-04:00,30788.0,30788.0,30790.25,30784.0,30784.5,135
2026-09-30 19:23:00-04:00,30789.25,30789.25,30790.5,30786.0,30789.5,67
2026-09-30 19:24:00-04:00,30790.25,30790.25,30793.25,30787.25,30788.75,85
2026-09-30 19:25:00-04:00,30785.75,30785.75,30792.0,30782.0,30791.0,65
2026-09-30 19:26:00-04:00,30782.0,30782.0,30786.0,30781.0,30786.0,43
2026-09-30 19:27:00-04:00,30781.0,30781.0,30781.75,30776.75,30781.0,60
2026-09-30 19:28:00-04:00,30782.75,30782.75,30783.5,30781.0,30781.5,29
2026-09-30 19:29:00-04:00,30782.5,30782.5,30785.0,30780.25,30782.75,51
2026-09-30 19:30:00-04:00,30794.0,30794.0,30795.25,30785.0,30785.25,131
2026-09-30 19:31:00-04:00,30794.0,30794.0,30796.0,30792.25,30795.5,46
2026-09-30 19:32:00-04:00,30796.75,30796.75,30797.75,30793.75,30794.25,69
2026-09-30 19:33:00-04:00,30797.75,30797.75,30799.5,30794.25,30798.0,51
2026-09-30 19:34:00-04:00,30796.25,30796.25,30800.5,30795.5,30797.75,89
2026-09-30 19:35:00-04:00,30797.0,30797.0,30798.5,30793.75,30797.5,94
2026-09-30 19:36:00-04:00,30810.75,30810.75,30814.5,30798.5,30799.0,361
2026-09-30 19:37:00-04:00,30819.5,30819.5,30820.0,30811.75,30811.75,175
2026-09-30 19:38:00-04:00,30826.0,30826.0,30830.0,30819.5,30819.5,389
2026-09-30 19:39:00-04:00,30821.25,30821.25,30827.75,30819.75,30826.75,173
2026-09-30 19:40:00-04:00,30826.75,30826.75,30828.0,30821.0,30821.0,95
2026-09-30 19:41:00-04:00,30830.75,30830.75,30834.25,30825.0,30826.5,196
2026-09-30 19:42:00-04:00,30825.75,30825.75,30830.75,30825.25,30830.5,54
2026-09-30 19:43:00-04:00,30828.75,30828.75,30830.0,30826.0,30826.0,61
2026-09-30 19:44:00-04:00,30828.0,30828.0,30829.0,30826.25,30828.75,52
2026-09-30 19:45:00-04:00,30826.25,30826.25,30829.5,30823.75,30828.75,105
2026-09-30 19:46:00-04:00,30823.75,30823.75,30826.75,30820.25,30823.75,72
2026-09-30 19:47:00-04:00,30822.75,30822.75,30823.75,30820.5,30823.75,42
2026-09-30 19:48:00-04:00,30823.75,30823.75,30825.25,30822.25,30823.25,53
2026-09-30 19:49:00-04:00,30824.0,30824.0,30825.5,30821.25,30825.0,69
2026-09-30 19:50:00-04:00,30823.75,30823.75,30824.5,30820.75,30821.5,46
2026-09-30 19:51:00-04:00,30825.25,30825.25,30825.5,30821.5,30822.0,58
2026-09-30 19:52:00-04:00,30825.5,30825.5,30826.5,30821.75,30821.75,33
2026-09-30 19:53:00-04:00,30827.25,30827.25,30828.75,30824.75,30825.25,29
2026-09-30 19:54:00-04:00,30825.0,30825.0,30829.75,30821.0,30829.0,64
2026-09-30 19:55:00-04:00,30822.75,30822.75,30827.0,30822.5,30824.5,19
2026-09-30 19:56:00-04:00,30818.5,30818.5,30823.0,30818.5,30822.5,119
2026-09-30 19:57:00-04:00,30820.5,30820.5,30820.5,30816.25,30818.25,77
2026-09-30 19:58:00-04:00,30820.25,30820.25,30820.25,30816.75,30818.75,91
2026-09-30 19:59:00-04:00,30819.0,30819.0,30822.0,30817.75,30820.75,43
2026-09-30 20:00:00-04:00,30816.25,30816.25,30825.0,30811.25,30819.25,295
2026-09-30 20:01:00-04:00,30809.25,30809.25,30817.25,30805.25,30816.0,289
2026-09-30 20:02:00-04:00,30802.25,30802.25,30811.0,30802.0,30810.25,165
2026-09-30 20:03:00-04:00,30802.5,30802.5,30803.0,30795.75,30802.25,189
2026-09-30 20:04:00-04:00,30798.0,30798.0,30807.75,30797.75,30802.25,90
2026-09-30 20:05:00-04:00,30792.0,30792.0,30801.5,30790.0,30797.0,236
2026-09-30 20:06:00-04:00,30800.0,30800.0,30802.25,30787.25,30791.75,196
2026-09-30 20:07:00-04:00,30804.25,30804.25,30805.0,30799.0,30799.0,146
2026-09-30 20:08:00-04:00,30801.0,30801.0,30804.75,30797.25,30804.75,95
2026-09-30 20:09:00-04:00,30793.0,30793.0,30800.25,30782.0,30800.25,377
2026-09-30 20:10:00-04:00,30799.25,30799.25,30801.5,30792.5,30795.5,156
2026-09-30 20:11:00-04:00,30800.5,30800.5,30803.25,30793.25,30799.25,133
2026-09-30 20:12:00-04:00,30804.5,30804.5,30807.25,30800.75,30801.0,118
2026-09-30 20:13:00-04:00,30800.25,30800.25,30804.5,30797.25,30802.75,69
2026-09-30 20:14:00-04:00,30800.25,30800.25,30802.0,30798.25,30800.0,28
2026-09-30 20:15:00-04:00,30781.5,30781.5,30802.75,30779.5,30799.75,306
2026-09-30 20:16:00-04:00,30778.25,30778.25,30787.75,30772.5,30783.5,358
2026-09-30 20:17:00-04:00,30783.25,30783.25,30785.0,30773.75,30778.75,177
2026-09-30 20:18:00-04:00,30770.25,30770.25,30783.25,30769.0,30782.5,133
2026-09-30 20:19:00-04:00,30774.25,30774.25,30777.25,30767.0,30770.0,191
2026-09-30 20:20:00-04:00,30777.75,30777.75,30779.25,30772.75,30774.5,142
2026-09-30 20:21:00-04:00,30773.0,30773.0,30781.5,30771.0,30778.0,116
2026-09-30 20:22:00-04:00,30763.0,30763.0,30775.75,30763.0,30773.25,203
2026-09-30 20:23:00-04:00,30754.25,30754.25,30765.25,30752.25,30762.5,478
2026-09-30 20:24:00-04:00,30759.0,30759.0,30765.0,30754.0,30755.0,101
2026-09-30 20:25:00-04:00,30768.0,30768.0,30768.0,30756.75,30757.75,136
2026-09-30 20:26:00-04:00,30771.5,30771.5,30771.5,30764.5,30768.25,118
2026-09-30 20:27:00-04:00,30771.75,30771.75,30779.25,30768.5,30769.5,180
2026-09-30 20:28:00-04:00,30767.5,30767.5,30771.0,30765.0,30770.5,55
2026-09-30 20:29:00-04:00,30757.75,30757.75,30769.0,30754.75,30767.25,108
2026-09-30 20:30:00-04:00,30734.75,30734.75,30757.75,30726.75,30757.75,558
2026-09-30 20:31:00-04:00,30732.25,30732.25,30736.0,30725.75,30734.0,187
2026-09-30 20:32:00-04:00,30735.0,30735.0,30736.0,30728.0,30732.75,146
2026-09-30 20:33:00-04:00,30735.5,30735.5,30738.75,30732.75,30734.0,114
2026-09-30 20:34:00-04:00,30725.5,30725.5,30739.0,30724.75,30735.25,146
2026-09-30 20:35:00-04:00,30734.0,30734.0,30734.5,30725.25,30726.5,159
2026-09-30 20:36:00-04:00,30751.5,30751.5,30751.5,30731.0,30733.5,277
2026-09-30 20:37:00-04:00,30743.75,30743.75,30751.5,30738.5,30751.25,176
2026-09-30 20:38:00-04:00,30742.5,30742.5,30745.5,30738.0,30745.5,97
2026-09-30 20:39:00-04:00,30744.0,30744.0,30748.5,30739.25,30743.0,117
2026-09-30 20:40:00-04:00,30754.0,30754.0,30756.75,30744.25,30744.25,172
2026-09-30 20:41:00-04:00,30753.75,30753.75,30768.0,30752.25,30755.0,317
2026-09-30 20:42:00-04:00,30760.75,30760.75,30761.5,30754.75,30755.5,58
2026-09-30 20:43:00-04:00,30767.5,30767.5,30770.25,30757.25,30759.5,110
2026-09-30 20:44:00-04:00,30783.0,30783.0,30787.75,30767.25,30767.25,395
2026-09-30 20:45:00-04:00,30773.75,30773.75,30783.25,30773.5,30783.0,131
2026-09-30 20:46:00-04:00,30773.5,30773.5,30777.25,30772.0,30775.25,114
2026-09-30 20:47:00-04:00,30765.5,30765.5,30772.5,30764.25,30771.75,155
2026-09-30 20:48:00-04:00,30773.25,30773.25,30776.75,30767.75,30767.75,99
2026-09-30 20:49:00-04:00,30772.0,30772.0,30776.25,30771.25,30773.5,69
2026-09-30 20:50:00-04:00,30773.0,30773.0,30774.25,30766.75,30771.25,84
2026-09-30 20:51:00-04:00,30770.5,30770.5,30775.0,30764.5,30775.0,88
2026-09-30 20:52:00-04:00,30769.5,30769.5,30771.0,30762.0,30770.75,54
2026-09-30 20:53:00-04:00,30760.0,30760.0,30769.0,30755.25,30769.0,131
2026-09-30 20:54:00-04:00,30756.0,30756.0,30763.0,30755.0,30759.5,127
2026-09-30 20:55:00-04:00,30766.75,30766.75,30770.75,30755.75,30757.5,165
2026-09-30 20:56:00-04:00,30771.0,30771.0,30778.0,30766.0,30766.0,169
2026-09-30 20:57:00-04:00,30775.0,30775.0,30776.0,30769.75,30771.5,50
2026-09-30 20:58:00-04:00,30785.75,30785.75,30789.5,30774.75,30775.5,311
2026-09-30 20:59:00-04:00,30787.75,30787.75,30793.75,30785.0,30787.0,182
2026-09-30 21:00:00-04:00,30790.5,30790.5,30797.75,30786.0,30788.25,189
2026-09-30 21:01:00-04:00,30794.25,30794.25,30795.25,30783.5,30790.0,110
2026-09-30 21:02:00-04:00,30788.25,30788.25,30798.0,30787.0,30793.75,114
2026-09-30 21:03:00-04:00,30789.0,30789.0,30789.25,30783.0,30786.25,98
2026-09-30 21:04:00-04:00,30791.25,30791.25,30800.0,30789.0,30789.0,155
2026-09-30 21:05:00-04:00,30791.25,30791.25,30795.0,30787.75,30790.75,70
2026-09-30 21:06:00-04:00,30797.75,30797.75,30801.5,30790.75,30790.75,141
2026-09-30 21:07:00-04:00,30798.0,30798.0,30806.0,30795.0,30797.75,204
2026-09-30 21:08:00-04:00,30807.75,30807.75,30809.0,30796.5,30798.0,0
