Datetime,Adj Close,Close,High,Low,Open,Volume
2026-08-25 00:09:00-04:00,29194.5,29194.5,29195.5,29183.75,29190.0,0
2026-08-25 00:10:00-04:00,29191.0,29191.0,29195.5,29187.5,29193.5,60
2026-08-25 00:11:00-04:00,29185.75,29185.75,29191.5,29185.5,29191.5,31
2026-08-25 00:12:00-04:00,29186.75,29186.75,29186.75,29183.25,29185.25,38
2026-08-25 00:13:00-04:00,29190.5,29190.5,29191.75,29185.25,29185.5,35
2026-08-25 00:14:00-04:00,29196.25,29196.25,29197.0,29190.5,29190.5,67
2026-08-25 00:15:00-04:00,29190.75,29190.75,29196.75,29190.75,29196.75,35
2026-08-25 00:16:00-04:00,29200.0,29200.0,29200.0,29191.75,29192.5,87
2026-08-25 00:17:00-04:00,29198.0,29198.0,29200.0,29195.25,29199.75,156
2026-08-25 00:18:00-04:00,29191.0,29191.0,29198.0,29188.0,29197.75,47
2026-08-25 00:19:00-04:00,29191.25,29191.25,29195.25,29191.25,29193.25,52
2026-08-25 00:20:00-04:00,29200.25,29200.25,29200.25,29192.5,29192.5,42
2026-08-25 00:21:00-04:00,29193.0,29193.0,29200.25,29192.75,29199.25,51
2026-08-25 00:22:00-04:00,29196.75,29196.75,29198.25,29191.0,29192.25,40
2026-08-25 00:23:00-04:00,29196.75,29196.75,29197.5,29193.75,29195.75,39
2026-08-25 00:24:00-04:00,29202.0,29202.0,29202.0,29196.5,29196.75,63
2026-08-25 00:25:00-04:00,29203.5,29203.5,29207.25,29201.5,29201.5,143
2026-08-25 00:26:00-04:00,29200.0,29200.0,29205.0,29197.5,29203.5,73
2026-08-25 00:27:00-04:00,29198.5,29198.5,29199.75,29194.25,29199.5,71
2026-08-25 00:28:00-04:00,29201.0,29201.0,29202.0,29195.75,29200.0,70
2026-08-25 00:29:00-04:00,29201.0,29201.0,29202.25,29199.25,29200.5,52
2026-08-25 00:30:00-04:00,29199.75,29199.75,29202.25,29199.0,29201.75,44
2026-08-25 00:31:00-04:00,29199.5,29199.5,29203.0,29198.0,29202.5,55
2026-08-25 00:32:00-04:00,29214.75,29214.75,29217.25,29202.5,29202.75,166
2026-08-25 00:33:00-04:00,29209.5,29209.5,29214.5,29208.5,29213.5,88
2026-08-25 00:34:00-04:00,29205.75,29205.75,29209.0,29200.0,29209.0,61
2026-08-25 00:35:00-04:00,29204.25,29204.25,29207.0,29203.25,29206.25,14
2026-08-25 00:36:00-04:00,29197.5,29197.5,29207.75,29197.5,29206.5,69
2026-08-25 00:37:00-04:00,29197.0,29197.0,29199.25,29190.75,29199.25,92
2026-08-25 00:38:00-04:00,29196.75,29196.75,29199.5,29193.0,29197.0,51
2026-08-25 00:39:00-04:00,29202.0,29202.0,29202.75,29197.75,29198.75,60
2026-08-25 00:40:00-04:00,29203.0,29203.0,29204.25,29197.0,29200.75,25
2026-08-25 00:41:00-04:00,29211.5,29211.5,29213.25,29203.0,29204.0,111
2026-08-25 00:42:00-04:00,29210.5,29210.5,29213.25,29207.25,29213.0,56
2026-08-25 00:43:00-04:00,29203.75,29203.75,29211.75,29203.75,29210.75,48
2026-08-25 00:44:00-04:00,29211.5,29211.5,29213.75,29203.25,29204.0,107
2026-08-25 00:45:00-04:00,29211.0,29211.0,29214.25,29207.75,29211.25,44
2026-08-25 00:46:00-04:00,29214.25,29214.25,29216.5,29211.25,29211.25,66
2026-08-25 00:47:00-04:00,29212.5,29212.5,29213.5,29209.0,29212.0,59
2026-08-25 00:48:00-04:00,29214.25,29214.25,29216.0,29207.75,29213.25,70
2026-08-25 00:49:00-04:00,29211.0,29211.0,29213.5,29202.25,29213.5,115
2026-08-25 00:50:00-04:00,29194.5,29194.5,29209.75,29193.0,29209.75,103
2026-08-25 00:51:00-04:00,29192.75,29192.75,29197.0,29189.25,29195.5,71
2026-08-25 00:52:00-04:00,29195.5,29195.5,29195.5,29191.5,29191.5,47
2026-08-25 00:53:00-04:00,29192.0,29192.0,29197.5,29192.0,29195.0,37
2026-08-25 00:54:00-04:00,29196.0,29196.0,29196.25,29185.0,29192.0,78
2026-08-25 00:55:00-04:00,29198.0,29198.0,29199.5,29194.25,29196.75,103
2026-08-25 00:56:00-04:00,29190.5,29190.5,29201.5,29190.5,29199.0,91
2026-08-25 00:57:00-04:00,29190.25,29190.25,29193.75,29189.75,29191.25,37
2026-08-25 00:58:00-04:00,29194.25,29194.25,29195.5,29189.75,29191.0,56
2026-08-25 00:59:00-04:00,29198.75,29198.75,29200.25,29193.0,29193.25,62
2026-08-25 01:00:00-04:00,29193.0,29193.0,29202.5,29190.0,29200.25,150
2026-08-25 01:01:00-04:00,29212.5,29212.5,29212.75,29194.5,29194.75,145
2026-08-25 01:02:00-04:00,29206.5,29206.5,29214.5,29204.25,29213.0,136
2026-08-25 01:03:00-04:00,29205.5,29205.5,29216.0,29202.75,29206.5,111
2026-08-25 01:04:00-04:00,29208.75,29208.75,29209.75,29205.0,29207.25,69
2026-08-25 01:05:00-04:00,29207.0,29207.0,29207.75,29201.75,29207.25,64
2026-08-25 01:06:00-04:00,29209.75,29209.75,29211.0,29205.5,29207.0,72
2026-08-25 01:07:00-04:00,29205.5,29205.5,29209.5,29204.5,29209.5,70
2026-08-25 01:08:00-04:00,29210.0,29210.0,29210.25,29205.5,29206.25,71
2026-08-25 01:09:00-04:00,29202.5,29202.5,29206.5,29200.0,29206.25,52
2026-08-25 01:10:00-04:00,29201.25,29201.25,29206.75,29201.25,29203.5,39
2026-08-25 01:11:00-04:00,29218.75,29218.75,29220.5,29200.75,29201.5,167
2026-08-25 01:12:00-04:00,29217.0,29217.0,29225.0,29214.75,29218.5,130
2026-08-25 01:13:00-04:00,29203.75,29203.75,29220.0,29203.5,29218.25,156
2026-08-25 01:14:00-04:00,29204.75,29204.75,29207.5,29199.75,29204.0,122
2026-08-25 01:15:00-04:00,29212.0,29212.0,29212.0,29206.0,29206.0,40
2026-08-25 01:16:00-04:00,29222.25,29222.25,29223.5,29212.0,29212.75,137
2026-08-25 01:17:00-04:00,29211.75,29211.75,29223.25,29211.75,29223.0,144
2026-08-25 01:18:00-04:00,29214.25,29214.25,29216.0,29211.25,29212.0,84
2026-08-25 01:19:00-04:00,29212.5,29212.5,29216.75,29211.0,29214.25,79
2026-08-25 01:20:00-04:00,29214.0,29214.0,29216.5,29206.75,29212.75,64
2026-08-25 01:21:00-04:00,29217.0,29217.0,29217.25,29212.0,29214.0,76
2026-08-25 01:22:00-04:00,29225.0,29225.0,29227.0,29218.0,29218.0,132
2026-08-25 01:23:00-04:00,29220.0,29220.0,29225.75,29220.0,29225.25,56
2026-08-25 01:24:00-04:00,29221.75,29221.75,29224.5,29218.0,29219.75,122
2026-08-25 01:25:00-04:00,29224.5,29224.5,29225.75,29219.25,29221.25,62
2026-08-25 01:26:00-04:00,29220.25,29220.25,29224.25,29217.75,29223.75,50
2026-08-25 01:27:00-04:00,29217.0,29217.0,29221.75,29216.25,29221.5,51
2026-08-25 01:28:00-04:00,29215.0,29215.0,29219.5,29214.0,29217.75,62
2026-08-25 01:29:00-04:00,29220.25,29220.25,29222.0,29215.75,29216.75,36
2026-08-25 01:30:00-04:00,29218.75,29218.75,29225.5,29218.75,29219.25,60
2026-08-25 01:31:00-04:00,29219.25,29219.25,29222.25,29215.75,29219.75,65
2026-08-25 01:32:00-04:00,29224.0,29224.0,29225.75,29215.0,29218.5,71
2026-08-25 01:33:00-04:00,29226.5,29226.5,29227.25,29218.0,29223.5,79
2026-08-25 01:34:00-04:00,29227.75,29227.75,29230.5,29223.0,29226.0,267
2026-08-25 01:35:00-04:00,29231.0,29231.0,29234.75,29226.75,29228.0,144
2026-08-25 01:36:00-04:00,29225.5,29225.5,29233.25,29224.75,29232.25,54
2026-08-25 01:37:00-04:00,29221.0,29221.0,29228.0,29220.75,29227.5,80
2026-08-25 01:38:00-04:00,29229.25,29229.25,29230.5,29219.5,29220.5,105
2026-08-25 01:39:00-04:00,29224.0,29224.0,29229.75,29224.0,29229.75,54
2026-08-25 01:40:00-04:00,29228.25,29228.25,29233.25,29223.5,29224.0,266
2026-08-25 01:41:00-04:00,29214.75,29214.75,29227.75,29214.75,29227.25,73
2026-08-25 01:42:00-04:00,29210.0,29210.0,29217.0,29209.0,29215.0,199
2026-08-25 01:43:00-04:00,29210.5,29210.5,29212.0,29201.25,29209.5,192
2026-08-25 01:44:00-04:00,29204.25,29204.25,29209.75,29203.25,29209.75,96
2026-08-25 01:45:00-04:00,29210.5,29210.5,29213.25,29201.0,29204.25,91
2026-08-25 01:46:00-04:00,29217.0,29217.0,29220.25,29209.75,29211.5,85
2026-08-25 01:47:00-04:00,29218.0,29218.0,29221.25,29210.0,29217.25,101
2026-08-25 01:48:00-04:00,29217.0,29217.0,29220.0,29213.5,29218.5,81
2026-08-25 01:49:00-04:00,29214.5,29214.5,29217.25,29213.0,29215.75,78
2026-08-25 01:50:00-04:00,29212.75,29212.75,29215.0,29210.0,29213.75,98
2026-08-25 01:51:00-04:00,29217.5,29217.5,29223.25,29212.0,29212.25,143
2026-08-25 01:52:00-04:00,29224.0,29224.0,29224.0,29215.25,29215.25,61
2026-08-25 01:53:00-04:00,29228.25,29228.25,29229.25,29223.5,29224.75,119
2026-08-25 01:54:00-04:00,29225.75,29225.75,29229.25,29222.75,29228.0,107
2026-08-25 01:55:00-04:00,29232.25,29232.25,29233.5,29224.75,29224.75,153
2026-08-25 01:56:00-04:00,29239.0,29239.0,29241.0,29230.0,29233.0,220
2026-08-25 01:57:00-04:00,29237.75,29237.75,29240.75,29237.0,29238.25,111
2026-08-25 01:58:00-04:00,29232.75,29232.75,29237.75,29228.5,29237.5,263
2026-08-25 01:59:00-04:00,29232.0,29232.0,29237.0,29230.25,29231.25,191
2026-08-25 02:00:00-04:00,29247.0,29247.0,29251.75,29230.0,29231.75,525
2026-08-25 02:01:00-04:00,29236.5,29236.5,29249.25,29235.75,29247.0,192
2026-08-25 02:02:00-04:00,29236.25,29236.25,29237.5,29235.5,29237.0,6
2026-08-25 02:11:00-04:00,29105.75,29105.75,29105.75,29105.75,29105.75,1183
2026-08-25 02:12:00-04:00,29256.5,29256.5,29257.25,29252.5,29254.75,84
2026-08-25 02:13:00-04:00,29252.75,29252.75,29259.0,29251.5,29256.0,142
2026-08-25 02:14:00-04:00,29248.0,29248.0,29252.5,29244.25,29252.5,89
2026-08-25 02:15:00-04:00,29244.75,29244.75,29253.5,29243.5,29248.25,80
2026-08-25 02:16:00-04:00,29258.0,29258.0,29259.75,29242.5,29243.25,172
2026-08-25 02:17:00-04:00,29262.0,29262.0,29263.75,29257.0,29258.5,151
2026-08-25 02:18:00-04:00,29263.75,29263.75,29266.0,29260.5,29261.75,160
2026-08-25 02:19:00-04:00,29262.25,29262.25,29266.0,29259.0,29263.75,60
2026-08-25 02:20:00-04:00,29259.25,29259.25,29264.5,29258.0,29263.0,68
2026-08-25 02:21:00-04:00,29258.0,29258.0,29261.0,29254.75,29259.0,101
2026-08-25 02:22:00-04:00,29262.5,29262.5,29262.75,29257.5,29258.0,36
2026-08-25 02:23:00-04:00,29286.0,29286.0,29288.5,29260.0,29261.75,602
2026-08-25 02:24:00-04:00,29274.75,29274.75,29285.25,29271.5,29283.5,118
2026-08-25 02:25:00-04:00,29273.0,29273.0,29276.0,29272.25,29274.5,91
2026-08-25 02:26:00-04:00,29278.0,29278.0,29278.0,29270.0,29272.0,105
2026-08-25 02:27:00-04:00,29280.75,29280.75,29282.25,29276.5,29276.5,59
2026-08-25 02:28:00-04:00,29266.0,29266.0,29282.25,29264.0,29281.5,137
2026-08-25 02:29:00-04:00,29266.25,29266.25,29271.25,29263.5,29266.25,70
2026-08-25 02:30:00-04:00,29261.75,29261.75,29265.25,29256.0,29265.25,134
2026-08-25 02:31:00-04:00,29260.75,29260.75,29264.75,29260.0,29262.0,58
2026-08-25 02:32:00-04:00,29263.25,29263.25,29264.0,29259.0,29260.75,27
2026-08-25 02:33:00-04:00,29259.0,29259.0,29267.5,29254.0,29264.0,168
2026-08-25 02:34:00-04:00,29262.75,29262.75,29266.75,29259.75,29260.25,61
2026-08-25 02:35:00-04:00,29257.0,29257.0,29263.75,29254.75,29261.25,66
2026-08-25 02:36:00-04:00,29255.5,29255.5,29259.25,29254.75,29256.75,41
2026-08-25 02:37:00-04:00,29257.5,29257.5,29258.0,29254.25,29256.25,57
2026-08-25 02:38:00-04:00,29248.5,29248.5,29256.75,29248.0,29256.75,99
2026-08-25 02:39:00-04:00,29248.0,29248.0,29250.25,29243.5,29248.25,84
2026-08-25 02:40:00-04:00,29251.75,29251.75,29252.0,29247.25,29247.75,40
2026-08-25 02:41:00-04:00,29250.0,29250.0,29253.25,29248.25,29252.25,92
2026-08-25 02:42:00-04:00,29250.25,29250.25,29255.0,29249.75,29251.0,49
2026-08-25 02:43:00-04:00,29253.5,29253.5,29254.0,29249.75,29251.0,64
2026-08-25 02:44:00-04:00,29263.25,29263.25,29263.25,29254.75,29254.75,59
2026-08-25 02:45:00-04:00,29258.5,29258.5,29262.75,29258.5,29262.75,45
2026-08-25 02:46:00-04:00,29256.0,29256.0,29262.5,29256.0,29262.5,81
2026-08-25 02:47:00-04:00,29248.25,29248.25,29256.0,29246.25,29255.25,85
2026-08-25 02:48:00-04:00,29248.25,29248.25,29253.5,29245.25,29249.0,76
2026-08-25 02:49:00-04:00,29242.25,29242.25,29247.5,29240.75,29247.5,62
2026-08-25 02:50:00-04:00,29241.25,29241.25,29242.5,29238.75,29242.5,86
2026-08-25 02:51:00-04:00,29240.0,29240.0,29241.25,29236.25,29240.75,84
2026-08-25 02:52:00-04:00,29238.25,29238.25,29241.25,29237.0,29240.0,54
2026-08-25 02:53:00-04:00,29240.25,29240.25,29242.5,29237.0,29237.75,64
2026-08-25 02:54:00-04:00,29247.0,29247.0,29248.0,29240.25,29241.25,101
2026-08-25 02:55:00-04:00,29249.5,29249.5,29251.25,29243.25,29247.75,110
2026-08-25 02:56:00-04:00,29249.25,29249.25,29250.5,29245.5,29249.75,81
2026-08-25 02:57:00-04:00,29248.0,29248.0,29250.5,29248.0,29250.25,35
2026-08-25 02:58:00-04:00,29252.0,29252.0,29254.0,29242.75,29247.0,160
2026-08-25 02:59:00-04:00,29263.25,29263.25,29263.25,29250.25,29253.0,180
2026-08-25 03:00:00-04:00,29269.75,29269.75,29275.25,29262.5,29263.5,379
2026-08-25 03:01:00-04:00,29272.0,29272.0,29272.25,29264.0,29270.0,114
2026-08-25 03:02:00-04:00,29273.5,29273.5,29273.5,29265.25,29272.75,82
2026-08-25 03:03:00-04:00,29278.0,29278.0,29278.0,29274.5,29274.75,61
2026-08-25 03:04:00-04:00,29288.5,29288.5,29290.75,29274.5,29277.5,198
2026-08-25 03:05:00-04:00,29283.25,29283.25,29289.0,29278.5,29288.5,160
2026-08-25 03:06:00-04:00,29278.5,29278.5,29283.5,29275.0,29281.5,82
2026-08-25 03:07:00-04:00,29267.5,29267.5,29279.5,29266.5,29277.75,118
2026-08-25 03:08:00-04:00,29271.75,29271.75,29271.75,29267.5,29267.5,30
2026-08-25 03:09:00-04:00,29270.5,29270.5,29273.75,29269.0,29270.5,45
2026-08-25 03:10:00-04:00,29262.0,29262.0,29273.25,29262.0,29269.5,157
2026-08-25 03:11:00-04:00,29257.75,29257.75,29262.25,29253.75,29261.75,118
2026-08-25 03:12:00-04:00,29258.25,29258.25,29261.0,29255.0,29257.25,128
2026-08-25 03:13:00-04:00,29254.25,29254.25,29258.75,29251.75,29258.0,74
2026-08-25 03:14:00-04:00,29252.75,29252.75,29256.75,29250.0,29254.5,70
2026-08-25 03:15:00-04:00,29262.25,29262.25,29262.5,29249.5,29252.75,140
2026-08-25 03:16:00-04:00,29234.5,29234.5,29263.5,29234.5,29263.25,240
2026-08-25 03:17:00-04:00,29234.0,29234.0,29239.5,29234.0,29236.5,93
2026-08-25 03:18:00-04:00,29228.0,29228.0,29236.75,29227.5,29235.0,126
2026-08-25 03:19:00-04:00,29230.5,29230.5,29233.0,29226.5,29229.0,89
2026-08-25 03:20:00-04:00,29232.5,29232.5,29234.0,29226.75,29230.25,64
2026-08-25 03:21:00-04:00,29237.25,29237.25,29239.25,29229.75,29230.75,136
2026-08-25 03:22:00-04:00,29242.75,29242.75,29242.75,29237.5,29237.75,103
2026-08-25 03:23:00-04:00,29253.0,29253.0,29257.75,29242.5,29244.0,280
2026-08-25 03:24:00-04:00,29246.25,29246.25,29254.25,29244.5,29253.5,110
2026-08-25 03:25:00-04:00,29237.25,29237.25,29248.5,29234.25,29247.5,173
2026-08-25 03:26:00-04:00,29238.0,29238.0,29239.75,29234.25,29237.0,66
2026-08-25 03:27:00-04:00,29235.0,29235.0,29240.0,29234.5,29235.75,44
2026-08-25 03:28:00-04:00,29244.0,29244.0,29244.5,29233.0,29233.5,105
2026-08-25 03:29:00-04:00,29248.25,29248.25,29252.75,29244.5,29244.5,173
2026-08-25 03:30:00-04:00,29249.5,29249.5,29253.5,29245.5,29246.25,206
2026-08-25 03:31:00-04:00,29250.0,29250.0,29257.75,29248.75,29248.75,127
2026-08-25 03:32:00-04:00,29245.25,29245.25,29252.25,29245.0,29249.75,57
2026-08-25 03:33:00-04:00,29245.5,29245.5,29253.25,29245.5,29246.0,133
2026-08-25 03:34:00-04:00,29244.5,29244.5,29244.75,29242.5,29244.5,74
2026-08-25 03:35:00-04:00,29246.75,29246.75,29248.5,29243.5,29248.0,70
2026-08-25 03:36:00-04:00,29240.5,29240.5,29247.0,29232.25,29247.0,282
2026-08-25 03:37:00-04:00,29237.5,29237.5,29241.25,29237.0,29240.75,32
2026-08-25 03:38:00-04:00,29235.0,29235.0,29238.0,29232.5,29236.75,58
2026-08-25 03:39:00-04:00,29238.0,29238.0,29238.25,29232.0,29234.0,50
2026-08-25 03:40:00-04:00,29238.75,29238.75,29239.0,29232.75,29237.75,54
2026-08-25 03:41:00-04:00,29238.75,29238.75,29241.25,29235.5,29239.0,36
2026-08-25 03:42:00-04:00,29246.25,29246.25,29247.0,29239.0,29239.0,49
2026-08-25 03:43:00-04:00,29259.0,29259.0,29261.25,29247.0,29248.0,201
2026-08-25 03:44:00-04:00,29255.75,29255.75,29261.5,29255.75,29259.75,58
2026-08-25 03:45:00-04:00,29252.25,29252.25,29258.25,29251.75,29258.0,50
2026-08-25 03:46:00-04:00,29254.0,29254.0,29257.75,29253.0,29253.25,35
2026-08-25 03:47:00-04:00,29248.0,29248.0,29259.0,29245.25,29254.25,79
2026-08-25 03:48:00-04:00,29249.75,29249.75,29251.0,29246.25,29246.25,44
2026-08-25 03:49:00-04:00,29240.25,29240.25,29249.5,29234.75,29249.5,121
2026-08-25 03:50:00-04:00,29234.0,29234.0,29239.75,29231.5,29239.75,62
2026-08-25 03:51:00-04:00,29229.5,29229.5,29238.25,29229.5,29232.5,65
2026-08-25 03:52:00-04:00,29231.0,29231.0,29233.0,29228.0,29232.0,59
2026-08-25 03:53:00-04:00,29228.5,29228.5,29232.75,29228.5,29231.0,35
2026-08-25 03:54:00-04:00,29229.75,29229.75,29230.75,29226.25,29229.75,50
2026-08-25 03:55:00-04:00,29236.75,29236.75,29236.75,29228.0,29229.25,64
2026-08-25 03:56:00-04:00,29231.75,29231.75,29236.25,29230.75,29236.0,21
2026-08-25 03:57:00-04:00,29235.25,29235.25,29236.0,29231.25,29232.25,38
2026-08-25 03:58:00-04:00,29237.0,29237.0,29240.75,29236.0,29236.0,47
2026-08-25 03:59:00-04:00,29231.75,29231.75,29237.0,29231.75,29235.75,45
2026-08-25 04:00:00-04:00,29244.75,29244.75,29253.5,29227.5,29233.5,185
2026-08-25 04:01:00-04:00,29244.75,29244.75,29246.5,29231.75,29244.0,160
2026-08-25 04:02:00-04:00,29228.75,29228.75,29254.75,29224.0,29245.0,242
2026-08-25 04:03:00-04:00,29226.5,29226.5,29230.75,29224.0,29230.25,158
2026-08-25 04:04:00-04:00,29219.75,29219.75,29227.0,29214.5,29226.25,181
2026-08-25 04:05:00-04:00,29219.5,29219.5,29221.75,29215.75,29220.25,69
2026-08-25 04:06:00-04:00,29222.0,29222.0,29224.5,29215.0,29220.0,89
2026-08-25 04:07:00-04:00,29222.25,29222.25,29223.75,29217.25,29222.5,109
2026-08-25 04:08:00-04:00,29227.25,29227.25,29233.5,29221.0,29223.0,114
2026-08-25 04:09:00-04:00,29233.5,29233.5,29239.75,29225.75,29228.75,124
2026-08-25 04:10:00-04:00,29227.0,29227.0,29233.5,29223.75,29233.5,67
2026-08-25 04:11:00-04:00,29213.0,29213.0,29229.5,29212.5,29228.5,113
2026-08-25 04:12:00-04:00,29221.5,29221.5,29222.0,29212.25,29213.75,128
2026-08-25 04:13:00-04:00,29224.0,29224.0,29224.25,29218.5,29220.0,71
2026-08-25 04:14:00-04:00,29216.75,29216.75,29225.5,29216.5,29222.75,125
2026-08-25 04:15:00-04:00,29232.75,29232.75,29237.5,29218.5,29218.5,115
2026-08-25 04:16:00-04:00,29243.5,29243.5,29244.5,29232.5,29234.5,119
2026-08-25 04:17:00-04:00,29242.5,29242.5,29252.25,29240.5,29244.5,156
2026-08-25 04:18:00-04:00,29251.0,29251.0,29251.5,29243.25,29245.0,96
2026-08-25 04:19:00-04:00,29238.75,29238.75,29254.0,29236.0,29251.25,97
2026-08-25 04:20:00-04:00,29235.75,29235.75,29237.0,29233.5,29237.0,45
2026-08-25 04:21:00-04:00,29251.75,29251.75,29252.75,29234.5,29236.0,75
2026-08-25 04:22:00-04:00,29262.0,29262.0,29264.5,29248.75,29250.25,227
2026-08-25 04:23:00-04:00,29285.0,29285.0,29297.75,29246.75,29261.75,968
2026-08-25 04:24:00-04:00,29316.5,29316.5,29326.0,29264.0,29285.0,1008
2026-08-25 04:25:00-04:00,29291.25,29291.25,29314.75,29288.75,29312.25,432
2026-08-25 04:26:00-04:00,29288.25,29288.25,29301.75,29281.25,29289.25,185
2026-08-25 04:27:00-04:00,29281.75,29281.75,29290.5,29279.0,29289.5,86
2026-08-25 04:28:00-04:00,29275.0,29275.0,29283.5,29271.25,29281.0,100
2026-08-25 04:29:00-04:00,29276.5,29276.5,29278.75,29271.5,29276.0,80
2026-08-25 04:30:00-04:00,29282.5,29282.5,29290.75,29276.25,29278.25,143
2026-08-25 04:31:00-04:00,29281.5,29281.5,29282.25,29273.5,29282.25,94
2026-08-25 04:32:00-04:00,29279.25,29279.25,29285.25,29278.25,29280.75,63
2026-08-25 04:33:00-04:00,29266.75,29266.75,29281.0,29264.75,29278.0,111
2026-08-25 04:34:00-04:00,29285.0,29285.0,29298.25,29266.5,29267.25,202
2026-08-25 04:35:00-04:00,29283.5,29283.5,29287.75,29279.25,29286.0,78
2026-08-25 04:36:00-04:00,29289.75,29289.75,29290.0,29280.25,29284.25,67
2026-08-25 04:37:00-04:00,29280.5,29280.5,29287.0,29280.5,29286.5,63
2026-08-25 04:38:00-04:00,29262.25,29262.25,29283.0,29261.0,29280.75,120
2026-08-25 04:39:00-04:00,29263.0,29263.0,29265.25,29257.0,29262.0,151
2026-08-25 04:40:00-04:00,29268.75,29268.75,29274.0,29264.0,29265.25,85
2026-08-25 04:41:00-04:00,29267.0,29267.0,29269.0,29262.0,29268.75,63
2026-08-25 04:42:00-04:00,29266.75,29266.75,29270.5,29266.75,29267.5,69
2026-08-25 04:43:00-04:00,29277.0,29277.0,29279.0,29267.0,29267.0,75
2026-08-25 04:44:00-04:00,29282.0,29282.0,29282.0,29275.5,29277.0,64
2026-08-25 04:45:00-04:00,29290.75,29290.75,29293.5,29282.0,29282.25,135
2026-08-25 04:46:00-04:00,29294.25,29294.25,29296.75,29290.0,29290.5,135
2026-08-25 04:47:00-04:00,29298.75,29298.75,29300.75,29293.0,29293.25,103
2026-08-25 04:48:00-04:00,29291.75,29291.75,29300.5,29288.5,29300.25,121
2026-08-25 04:49:00-04:00,29292.75,29292.75,29295.0,29290.75,29292.75,42
2026-08-25 04:50:00-04:00,29304.5,29304.5,29305.5,29292.75,29292.75,116
2026-08-25 04:51:00-04:00,29296.0,29296.0,29305.25,29292.0,29303.5,99
2026-08-25 04:52:00-04:00,29294.75,29294.75,29300.5,29292.75,29297.0,104
2026-08-25 04:53:00-04:00,29290.75,29290.75,29296.25,29290.25,29295.25,54
2026-08-25 04:54:00-04:00,29291.25,29291.25,29292.5,29289.25,29291.0,23
2026-08-25 04:55:00-04:00,29288.0,29288.0,29290.5,29285.5,29290.0,47
2026-08-25 04:56:00-04:00,29289.0,29289.0,29289.25,29283.5,29286.0,89
2026-08-25 04:57:00-04:00,29288.25,29288.25,29294.0,29288.25,29290.75,86
2026-08-25 04:58:00-04:00,29298.5,29298.5,29302.0,29290.0,29290.0,91
2026-08-25 04:59:00-04:00,29301.75,29301.75,29306.25,29294.25,29298.5,185
2026-08-25 05:00:00-04:00,29303.25,29303.25,29305.5,29290.75,29302.0,130
2026-08-25 05:01:00-04:00,29296.0,29296.0,29303.25,29295.75,29303.25,78
2026-08-25 05:02:00-04:00,29298.25,29298.25,29301.25,29286.5,29296.75,111
2026-08-25 05:03:00-04:00,29291.5,29291.5,29296.25,29286.0,29296.25,80
2026-08-25 05:04:00-04:00,29309.5,29309.5,29310.25,29288.0,29290.5,139
2026-08-25 05:05:00-04:00,29312.25,29312.25,29312.25,29299.0,29308.5,115
2026-08-25 05:06:00-04:00,29315.0,29315.0,29323.0,29310.25,29311.25,290
2026-08-25 05:07:00-04:00,29329.25,29329.25,29337.0,29316.0,29316.25,393
2026-08-25 05:08:00-04:00,29323.0,29323.0,29333.5,29320.25,29329.75,217
2026-08-25 05:09:00-04:00,29318.75,29318.75,29322.5,29314.75,29321.75,132
2026-08-25 05:10:00-04:00,29318.75,29318.75,29322.5,29313.75,29320.0,83
2026-08-25 05:11:00-04:00,29323.0,29323.0,29329.75,29316.25,29319.5,110
2026-08-25 05:12:00-04:00,29322.0,29322.0,29323.5,29316.75,29323.5,78
2026-08-25 05:13:00-04:00,29332.0,29332.0,29332.25,29322.0,29322.0,75
2026-08-25 05:14:00-04:00,29323.0,29323.0,29333.75,29321.25,29332.75,114
2026-08-25 05:15:00-04:00,29326.0,29326.0,29327.0,29323.5,29324.25,69
2026-08-25 05:16:00-04:00,29327.5,29327.5,29330.0,29323.0,29323.75,57
2026-08-25 05:17:00-04:00,29328.5,29328.5,29329.0,29322.5,29326.75,53
2026-08-25 05:18:00-04:00,29330.75,29330.75,29334.75,29328.75,29328.75,104
2026-08-25 05:19:00-04:00,29330.0,29330.0,29334.0,29326.0,29330.0,51
2026-08-25 05:20:00-04:00,29329.0,29329.0,29333.5,29326.25,29330.5,143
2026-08-25 05:21:00-04:00,29321.5,29321.5,29332.5,29321.5,29329.0,72
2026-08-25 05:22:00-04:00,29323.75,29323.75,29326.5,29321.5,29322.25,137
2026-08-25 05:23:00-04:00,29324.75,29324.75,29326.0,29321.75,29323.25,57
2026-08-25 05:24:00-04:00,29322.25,29322.25,29329.25,29321.25,29324.0,112
2026-08-25 05:25:00-04:00,29315.25,29315.25,29321.75,29311.75,29321.5,86
2026-08-25 05:26:00-04:00,29313.25,29313.25,29317.0,29305.75,29315.75,191
2026-08-25 05:27:00-04:00,29309.25,29309.25,29314.25,29308.25,29313.0,90
2026-08-25 05:28:00-04:00,29313.0,29313.0,29316.5,29307.75,29307.75,52
2026-08-25 05:29:00-04:00,29318.0,29318.0,29318.5,29312.0,29312.5,36
2026-08-25 05:30:00-04:00,29317.75,29317.75,29318.5,29315.0,29317.0,44
2026-08-25 05:31:00-04:00,29316.0,29316.0,29320.25,29315.0,29316.0,37
2026-08-25 05:32:00-04:00,29327.5,29327.5,29329.25,29316.0,29317.5,104
2026-08-25 05:33:00-04:00,29328.25,29328.25,29334.75,29323.5,29328.5,148
2026-08-25 05:34:00-04:00,29361.75,29361.75,29366.75,29327.5,29327.75,996
2026-08-25 05:35:00-04:00,29351.0,29351.0,29363.0,29349.25,29361.5,325
2026-08-25 05:36:00-04:00,29351.5,29351.5,29359.5,29347.25,29352.25,214
2026-08-25 05:37:00-04:00,29351.5,29351.5,29358.0,29345.0,29350.5,205
2026-08-25 05:38:00-04:00,29354.5,29354.5,29355.75,29343.0,29351.5,164
2026-08-25 05:39:00-04:00,29343.5,29343.5,29352.5,29341.5,29352.5,112
2026-08-25 05:40:00-04:00,29359.25,29359.25,29360.0,29341.75,29344.25,92
2026-08-25 05:41:00-04:00,29372.25,29372.25,29374.0,29359.0,29359.25,281
2026-08-25 05:42:00-04:00,29367.0,29367.0,29371.5,29361.0,29371.25,139
2026-08-25 05:43:00-04:00,29363.0,29363.0,29373.0,29361.0,29369.0,209
2026-08-25 05:44:00-04:00,29361.25,29361.25,29366.25,29357.5,29364.25,166
2026-08-25 05:45:00-04:00,29362.0,29362.0,29362.0,29356.0,29360.5,120
2026-08-25 05:46:00-04:00,29375.25,29375.25,29375.75,29363.5,29363.5,194
2026-08-25 05:47:00-04:00,29372.75,29372.75,29383.0,29370.5,29374.25,561
2026-08-25 05:48:00-04:00,29377.25,29377.25,29380.5,29373.5,29374.0,160
2026-08-25 05:49:00-04:00,29389.0,29389.0,29389.5,29375.5,29376.0,265
2026-08-25 05:50:00-04:00,29386.75,29386.75,29394.5,29384.0,29389.25,431
2026-08-25 05:51:00-04:00,29390.75,29390.75,29391.0,29385.5,29387.25,133
2026-08-25 05:52:00-04:00,29397.5,29397.5,29399.0,29386.5,29390.25,227
2026-08-25 05:53:00-04:00,29396.5,29396.5,29403.5,29395.5,29397.0,229
2026-08-25 05:54:00-04:00,29400.0,29400.0,29403.75,29395.0,29396.25,227
2026-08-25 05:55:00-04:00,29408.5,29408.5,29410.0,29400.5,29400.5,223
2026-08-25 05:56:00-04:00,29397.25,29397.25,29408.5,29397.25,29408.5,189
2026-08-25 05:57:00-04:00,29400.25,29400.25,29425.75,29393.25,29396.25,481
2026-08-25 05:58:00-04:00,29393.0,29393.0,29399.75,29389.0,29399.25,214
2026-08-25 05:59:00-04:00,29392.5,29392.5,29396.75,29392.0,29392.0,52
2026-08-25 06:00:00-04:00,29387.0,29387.0,29392.5,29385.25,29389.25,146
2026-08-25 06:01:00-04:00,29380.25,29380.25,29388.0,29379.5,29387.75,122
2026-08-25 06:02:00-04:00,29376.75,29376.75,29381.5,29371.25,29381.25,140
2026-08-25 06:03:00-04:00,29374.5,29374.5,29377.5,29372.5,29377.25,113
2026-08-25 06:04:00-04:00,29379.0,29379.0,29379.0,29370.0,29374.0,117
2026-08-25 06:05:00-04:00,29390.25,29390.25,29392.0,29377.75,29379.0,132
2026-08-25 06:06:00-04:00,29385.75,29385.75,29391.75,29383.75,29389.75,157
2026-08-25 06:07:00-04:00,29386.75,29386.75,29389.0,29383.0,29386.5,92
2026-08-25 06:08:00-04:00,29400.5,29400.5,29401.0,29387.5,29387.5,166
2026-08-25 06:09:00-04:00,29405.5,29405.5,29407.75,29399.5,29399.75,178
2026-08-25 06:10:00-04:00,29397.75,29397.75,29406.25,29393.5,29404.75,201
2026-08-25 06:11:00-04:00,29405.0,29405.0,29410.25,29398.25,29398.5,121
2026-08-25 06:12:00-04:00,29402.75,29402.75,29406.0,29399.5,29404.5,164
2026-08-25 06:13:00-04:00,29388.0,29388.0,29401.5,29384.25,29401.0,161
2026-08-25 06:14:00-04:00,29389.75,29389.75,29392.0,29386.25,29388.25,49
2026-08-25 06:15:00-04:00,29388.25,29388.25,29392.75,29387.75,29391.25,40
2026-08-25 06:16:00-04:00,29384.5,29384.5,29391.75,29383.0,29388.0,195
2026-08-25 06:17:00-04:00,29383.0,29383.0,29385.75,29379.5,29383.75,184
2026-08-25 06:18:00-04:00,29380.75,29380.75,29384.75,29379.75,29383.25,96
2026-08-25 06:19:00-04:00,29383.5,29383.5,29385.75,29380.0,29380.0,56
2026-08-25 06:20:00-04:00,29376.5,29376.5,29385.0,29376.5,29384.25,102
2026-08-25 06:21:00-04:00,29381.25,29381.25,29382.5,29377.25,29377.5,95
2026-08-25 06:22:00-04:00,29377.75,29377.75,29385.0,29376.0,29381.75,64
2026-08-25 06:23:00-04:00,29381.75,29381.75,29383.25,29378.25,29378.25,59
2026-08-25 06:24:00-04:00,29379.5,29379.5,29383.5,29378.25,29381.25,79
2026-08-25 06:25:00-04:00,29379.0,29379.0,29380.0,29373.0,29378.75,80
2026-08-25 06:26:00-04:00,29378.5,29378.5,29382.0,29377.25,29378.75,36
2026-08-25 06:27:00-04:00,29376.75,29376.75,29380.25,29376.75,29378.75,70
2026-08-25 06:28:00-04:00,29373.25,29373.25,29377.75,29373.25,29377.25,35
2026-08-25 06:29:00-04:00,29370.0,29370.0,29374.75,29367.25,29373.25,180
2026-08-25 06:30:00-04:00,29376.75,29376.75,29376.75,29370.25,29370.75,69
2026-08-25 06:31:00-04:00,29375.25,29375.25,29379.75,29374.25,29376.25,93
2026-08-25 06:32:00-04:00,29368.5,29368.5,29374.75,29367.75,29374.5,108
2026-08-25 06:33:00-04:00,29366.75,29366.75,29367.5,29360.5,29367.5,139
2026-08-25 06:34:00-04:00,29368.5,29368.5,29370.5,29364.25,29366.25,110
2026-08-25 06:35:00-04:00,29367.0,29367.0,29370.5,29364.5,29369.0,138
2026-08-25 06:36:00-04:00,29367.5,29367.5,29369.75,29364.75,29365.5,85
2026-08-25 06:37:00-04:00,29367.25,29367.25,29369.0,29364.25,29367.0,63
2026-08-25 06:38:00-04:00,29368.5,29368.5,29369.5,29366.25,29367.25,134
2026-08-25 06:39:00-04:00,29365.25,29365.25,29368.25,29362.25,29367.75,76
2026-08-25 06:40:00-04:00,29362.25,29362.25,29369.25,29362.0,29364.5,110
2026-08-25 06:41:00-04:00,29360.0,29360.0,29364.25,29359.5,29361.75,97
2026-08-25 06:42:00-04:00,29356.25,29356.25,29363.25,29356.25,29360.75,94
2026-08-25 06:43:00-04:00,29353.25,29353.25,29357.0,29351.25,29356.5,91
2026-08-25 06:44:00-04:00,29347.5,29347.5,29353.25,29346.5,29352.75,118
2026-08-25 06:45:00-04:00,29357.0,29357.0,29359.0,29346.25,29347.0,129
2026-08-25 06:46:00-04:00,29360.0,29360.0,29363.0,29354.25,29358.25,46
2026-08-25 06:47:00-04:00,29359.5,29359.5,29362.5,29358.5,29358.75,58
2026-08-25 06:48:00-04:00,29360.75,29360.75,29360.75,29357.75,29360.25,42
2026-08-25 06:49:00-04:00,29360.25,29360.25,29361.75,29358.5,29360.5,71
2026-08-25 06:50:00-04:00,29358.25,29358.25,29362.25,29358.25,29360.0,44
2026-08-25 06:51:00-04:00,29362.0,29362.0,29364.0,29357.25,29358.0,82
2026-08-25 06:52:00-04:00,29367.0,29367.0,29369.0,29360.5,29361.25,104
2026-08-25 06:53:00-04:00,29367.0,29367.0,29369.5,29365.75,29367.0,143
2026-08-25 06:54:00-04:00,29362.75,29362.75,29367.75,29361.0,29366.5,63
2026-08-25 06:55:00-04:00,29360.0,29360.0,29362.75,29358.25,29362.5,132
2026-08-25 06:56:00-04:00,29364.5,29364.5,29365.25,29358.0,29359.0,60
2026-08-25 06:57:00-04:00,29353.75,29353.75,29364.25,29350.0,29364.25,164
2026-08-25 06:58:00-04:00,29357.25,29357.25,29359.5,29353.5,29353.75,96
2026-08-25 06:59:00-04:00,29358.5,29358.5,29360.25,29357.5,29358.25,39
2026-08-25 07:00:00-04:00,29349.5,29349.5,29362.25,29349.5,29358.0,161
2026-08-25 07:01:00-04:00,29345.75,29345.75,29346.5,29339.0,29344.5,329
2026-08-25 07:02:00-04:00,29335.5,29335.5,29344.25,29335.0,29343.75,148
2026-08-25 07:03:00-04:00,29338.0,29338.0,29341.25,29334.5,29335.0,189
2026-08-25 07:04:00-04:00,29335.25,29335.25,29339.25,29333.5,29337.25,102
2026-08-25 07:05:00-04:00,29335.75,29335.75,29335.75,29333.0,29335.25,81
2026-08-25 07:06:00-04:00,29328.75,29328.75,29336.5,29328.75,29335.5,110
2026-08-25 07:07:00-04:00,29330.75,29330.75,29334.0,29325.25,29328.75,175
2026-08-25 07:08:00-04:00,29330.75,29330.75,29333.75,29329.5,29331.0,79
2026-08-25 07:09:00-04:00,29329.75,29329.75,29331.75,29304.0,29331.5,534
2026-08-25 07:10:00-04:00,29341.75,29341.75,29344.5,29325.75,29328.75,272
2026-08-25 07:11:00-04:00,29339.25,29339.25,29343.0,29337.75,29342.5,89
2026-08-25 07:12:00-04:00,29335.75,29335.75,29341.0,29332.25,29338.0,63
2026-08-25 07:13:00-04:00,29333.75,29333.75,29339.25,29325.75,29336.0,105
2026-08-25 07:14:00-04:00,29340.25,29340.25,29341.25,29333.0,29334.25,75
2026-08-25 07:15:00-04:00,29340.75,29340.75,29344.5,29338.25,29340.25,99
2026-08-25 07:16:00-04:00,29328.0,29328.0,29341.0,29323.75,29340.75,189
2026-08-25 07:17:00-04:00,29326.0,29326.0,29330.25,29325.75,29326.75,104
2026-08-25 07:18:00-04:00,29329.25,29329.25,29329.25,29320.0,29325.25,158
2026-08-25 07:19:00-04:00,29329.25,29329.25,29333.5,29326.5,29329.5,113
2026-08-25 07:20:00-04:00,29343.75,29343.75,29348.75,29330.5,29332.25,195
2026-08-25 07:21:00-04:00,29343.25,29343.25,29345.0,29340.0,29343.25,98
2026-08-25 07:22:00-04:00,29342.25,29342.25,29348.0,29338.0,29343.25,133
2026-08-25 07:23:00-04:00,29353.25,29353.25,29354.25,29342.75,29342.75,167
2026-08-25 07:24:00-04:00,29350.25,29350.25,29355.0,29347.75,29353.5,141
2026-08-25 07:25:00-04:00,29340.25,29340.25,29351.5,29340.25,29349.5,74
2026-08-25 07:26:00-04:00,29341.75,29341.75,29343.25,29326.0,29341.75,391
2026-08-25 07:27:00-04:00,29333.0,29333.0,29340.75,29332.25,29340.75,114
2026-08-25 07:28:00-04:00,29334.75,29334.75,29336.5,29334.0,29334.0,33
2026-08-25 07:29:00-04:00,29340.5,29340.5,29341.25,29335.25,29335.25,51
2026-08-25 07:30:00-04:00,29351.75,29351.75,29353.75,29339.5,29340.75,182
2026-08-25 07:31:00-04:00,29350.5,29350.5,29357.0,29346.75,29352.25,119
2026-08-25 07:32:00-04:00,29342.5,29342.5,29351.0,29342.0,29350.0,58
2026-08-25 07:33:00-04:00,29345.5,29345.5,29346.75,29340.5,29341.75,72
2026-08-25 07:34:00-04:00,29345.75,29345.75,29350.75,29343.5,29344.0,117
2026-08-25 07:35:00-04:00,29355.0,29355.0,29355.5,29344.25,29345.75,135
2026-08-25 07:36:00-04:00,29352.5,29352.5,29354.5,29348.75,29354.5,354
2026-08-25 07:37:00-04:00,29348.25,29348.25,29354.0,29348.25,29352.75,47
2026-08-25 07:38:00-04:00,29357.0,29357.0,29360.0,29350.25,29350.25,88
2026-08-25 07:39:00-04:00,29358.5,29358.5,29360.25,29355.0,29357.5,124
2026-08-25 07:40:00-04:00,29359.5,29359.5,29361.5,29356.0,29360.0,159
2026-08-25 07:41:00-04:00,29358.75,29358.75,29362.25,29356.5,29359.25,81
2026-08-25 07:42:00-04:00,29355.75,29355.75,29359.75,29354.5,29359.25,86
2026-08-25 07:43:00-04:00,29357.0,29357.0,29357.5,29353.5,29354.75,44
2026-08-25 07:44:00-04:00,29358.25,29358.25,29362.0,29356.5,29358.75,61
2026-08-25 07:45:00-04:00,29360.25,29360.25,29363.25,29355.25,29357.25,91
2026-08-25 07:46:00-04:00,29365.25,29365.25,29365.25,29357.75,29361.0,104
2026-08-25 07:47:00-04:00,29372.75,29372.75,29376.25,29363.5,29364.25,261
2026-08-25 07:48:00-04:00,29375.75,29375.75,29378.0,29370.5,29372.5,121
2026-08-25 07:49:00-04:00,29380.0,29380.0,29380.75,29375.75,29375.75,121
2026-08-25 07:50:00-04:00,29385.0,29385.0,29390.5,29376.5,29380.75,213
2026-08-25 07:51:00-04:00,29375.5,29375.5,29384.25,29375.5,29384.25,152
2026-08-25 07:52:00-04:00,29372.25,29372.25,29380.0,29371.25,29375.25,144
2026-08-25 07:53:00-04:00,29373.25,29373.25,29375.75,29370.5,29373.75,89
2026-08-25 07:54:00-04:00,29372.75,29372.75,29377.5,29370.5,29372.5,124
2026-08-25 07:55:00-04:00,29373.75,29373.75,29375.25,29371.0,29372.0,110
2026-08-25 07:56:00-04:00,29376.75,29376.75,29378.25,29371.75,29373.5,93
2026-08-25 07:57:00-04:00,29378.25,29378.25,29378.25,29370.5,29376.75,86
2026-08-25 07:58:00-04:00,29369.75,29369.75,29377.5,29369.0,29377.5,125
2026-08-25 07:59:00-04:00,29373.0,29373.0,29374.75,29365.0,29368.75,156
2026-08-25 08:00:00-04:00,29367.75,29367.75,29376.5,29367.5,29372.75,189
2026-08-25 08:01:00-04:00,29368.0,29368.0,29371.5,29367.25,29368.0,86
2026-08-25 08:02:00-04:00,29366.0,29366.0,29377.0,29366.0,29367.75,189
2026-08-25 08:03:00-04:00,29371.0,29371.0,29371.25,29355.25,29365.0,139
2026-08-25 08:04:00-04:00,29378.0,29378.0,29382.75,29368.5,29371.25,150
2026-08-25 08:05:00-04:00,29374.5,29374.5,29378.75,29370.0,29378.25,104
2026-08-25 08:06:00-04:00,29372.5,29372.5,29375.25,29371.25,29372.0,57
2026-08-25 08:07:00-04:00,29372.25,29372.25,29376.5,29368.0,29372.0,107
2026-08-25 08:08:00-04:00,29378.0,29378.0,29381.0,29369.0,29371.75,104
2026-08-25 08:09:00-04:00,29378.0,29378.0,29380.0,29373.5,29378.0,140
2026-08-25 08:10:00-04:00,29374.5,29374.5,29381.25,29374.0,29377.75,149
2026-08-25 08:11:00-04:00,29378.0,29378.0,29378.0,29372.75,29374.0,56
2026-08-25 08:12:00-04:00,29375.5,29375.5,29378.75,29357.75,29377.25,286
2026-08-25 08:13:00-04:00,29377.25,29377.25,29378.5,29372.75,29375.75,85
2026-08-25 08:14:00-04:00,29380.75,29380.75,29382.0,29373.75,29376.75,133
2026-08-25 08:15:00-04:00,29381.75,29381.75,29385.25,29378.0,29380.5,172
2026-08-25 08:16:00-04:00,29386.25,29386.25,29387.75,29382.25,29382.25,202
2026-08-25 08:17:00-04:00,29404.0,29404.0,29405.0,29386.5,29387.25,498
2026-08-25 08:18:00-04:00,29400.75,29400.75,29409.5,29394.75,29404.25,775
2026-08-25 08:19:00-04:00,29399.5,29399.5,29403.5,29399.25,29401.75,82
2026-08-25 08:20:00-04:00,29379.75,29379.75,29400.5,29378.25,29399.5,251
2026-08-25 08:21:00-04:00,29371.0,29371.0,29379.25,29363.75,29379.25,647
2026-08-25 08:22:00-04:00,29373.25,29373.25,29377.75,29370.25,29371.25,160
2026-08-25 08:23:00-04:00,29374.25,29374.25,29376.0,29371.5,29373.75,101
2026-08-25 08:24:00-04:00,29377.75,29377.75,29378.25,29374.0,29375.0,85
2026-08-25 08:25:00-04:00,29380.25,29380.25,29380.5,29376.0,29378.25,115
2026-08-25 08:26:00-04:00,29380.0,29380.0,29382.5,29372.0,29380.25,115
2026-08-25 08:27:00-04:00,29379.0,29379.0,29380.5,29377.5,29380.5,39
2026-08-25 08:28:00-04:00,29377.0,29377.0,29381.5,29375.5,29378.25,110
2026-08-25 08:29:00-04:00,29374.25,29374.25,29377.0,29371.25,29376.75,135
2026-08-25 08:30:00-04:00,29361.75,29361.75,29373.25,29359.5,29373.25,184
2026-08-25 08:31:00-04:00,29351.0,29351.0,29364.25,29350.25,29364.0,240
2026-08-25 08:32:00-04:00,29349.0,29349.0,29353.0,29344.75,29351.5,247
2026-08-25 08:33:00-04:00,29343.5,29343.5,29348.75,29341.25,29348.0,192
2026-08-25 08:34:00-04:00,29339.0,29339.0,29343.25,29333.25,29342.5,471
2026-08-25 08:35:00-04:00,29331.75,29331.75,29339.0,29329.25,29338.0,229
2026-08-25 08:36:00-04:00,29326.75,29326.75,29335.0,29326.75,29331.25,262
2026-08-25 08:37:00-04:00,29319.0,29319.0,29328.75,29316.25,29326.5,290
2026-08-25 08:38:00-04:00,29324.25,29324.25,29326.5,29315.0,29319.25,259
2026-08-25 08:39:00-04:00,29320.0,29320.0,29326.75,29316.75,29325.25,147
2026-08-25 08:40:00-04:00,29319.5,29319.5,29320.75,29312.5,29319.75,330
2026-08-25 08:41:00-04:00,29323.75,29323.75,29327.0,29317.75,29319.25,250
2026-08-25 08:42:00-04:00,29327.75,29327.75,29329.25,29321.25,29324.0,178
2026-08-25 08:43:00-04:00,29336.25,29336.25,29337.25,29326.5,29327.75,275
2026-08-25 08:44:00-04:00,29328.0,29328.0,29337.0,29325.0,29336.25,223
2026-08-25 08:45:00-04:00,29325.0,29325.0,29331.25,29324.25,29328.0,138
2026-08-25 08:46:00-04:00,29326.25,29326.25,29330.25,29322.0,29325.5,119
2026-08-25 08:47:00-04:00,29322.5,29322.5,29327.5,29322.5,29326.0,125
2026-08-25 08:48:00-04:00,29322.5,29322.5,29330.0,29321.25,29323.0,147
2026-08-25 08:49:00-04:00,29327.75,29327.75,29328.25,29320.0,29323.25,129
2026-08-25 08:50:00-04:00,29336.0,29336.0,29336.25,29326.25,29327.75,242
2026-08-25 08:51:00-04:00,29338.0,29338.0,29342.5,29335.5,29335.5,198
2026-08-25 08:52:00-04:00,29343.0,29343.0,29343.5,29333.25,29337.25,170
2026-08-25 08:53:00-04:00,29337.0,29337.0,29347.0,29333.25,29343.5,580
2026-08-25 08:54:00-04:00,29334.75,29334.75,29338.5,29334.5,29337.25,75
2026-08-25 08:55:00-04:00,29337.25,29337.25,29339.5,29332.75,29334.75,73
2026-08-25 08:56:00-04:00,29339.25,29339.25,29340.0,29333.5,29337.75,76
2026-08-25 08:57:00-04:00,29338.0,29338.0,29342.0,29333.0,29339.75,152
2026-08-25 08:58:00-04:00,29334.75,29334.75,29339.5,29333.5,29339.0,84
2026-08-25 08:59:00-04:00,29334.0,29334.0,29342.5,29333.5,29335.25,77
2026-08-25 09:00:00-04:00,29327.75,29327.75,29341.75,29327.5,29334.0,532
2026-08-25 09:01:00-04:00,29324.0,29324.0,29333.5,29322.75,29328.5,337
2026-08-25 09:02:00-04:00,29327.0,29327.0,29328.0,29316.0,29323.5,526
2026-08-25 09:03:00-04:00,29328.0,29328.0,29331.0,29323.75,29327.0,199
2026-08-25 09:04:00-04:00,29324.5,29324.5,29329.25,29321.75,29328.0,207
2026-08-25 09:05:00-04:00,29317.5,29317.5,29327.0,29315.5,29324.5,178
2026-08-25 09:06:00-04:00,29317.75,29317.75,29324.5,29315.75,29317.0,191
2026-08-25 09:07:00-04:00,29326.25,29326.25,29332.25,29315.25,29317.75,284
2026-08-25 09:08:00-04:00,29315.0,29315.0,29328.75,29311.5,29326.0,330
2026-08-25 09:09:00-04:00,29324.75,29324.75,29324.75,29315.25,29316.0,130
2026-08-25 09:10:00-04:00,29336.0,29336.0,29336.75,29323.25,29323.5,206
2026-08-25 09:11:00-04:00,29334.5,29334.5,29341.75,29324.5,29335.25,514
2026-08-25 09:12:00-04:00,29338.25,29338.25,29344.75,29334.25,29334.75,330
2026-08-25 09:13:00-04:00,29340.75,29340.75,29342.75,29331.25,29339.0,309
2026-08-25 09:14:00-04:00,29329.25,29329.25,29340.5,29323.25,29340.5,255
2026-08-25 09:15:00-04:00,29323.0,29323.0,29334.25,29321.75,29327.25,251
2026-08-25 09:16:00-04:00,29324.5,29324.5,29334.0,29321.5,29323.0,164
2026-08-25 09:17:00-04:00,29333.75,29333.75,29334.75,29324.25,29324.25,203
2026-08-25 09:18:00-04:00,29337.5,29337.5,29342.0,29329.75,29334.0,445
2026-08-25 09:19:00-04:00,29333.75,29333.75,29339.5,29332.25,29338.25,176
2026-08-25 09:20:00-04:00,29329.5,29329.5,29338.0,29324.25,29333.75,352
2026-08-25 09:21:00-04:00,29323.5,29323.5,29330.5,29320.75,29329.5,160
2026-08-25 09:22:00-04:00,29321.75,29321.75,29325.5,29317.75,29324.25,174
2026-08-25 09:23:00-04:00,29320.5,29320.5,29324.0,29317.5,29322.0,170
2026-08-25 09:24:00-04:00,29319.25,29319.25,29324.75,29317.5,29321.0,490
2026-08-25 09:25:00-04:00,29336.0,29336.0,29340.75,29319.75,29319.75,521
2026-08-25 09:26:00-04:00,29338.0,29338.0,29339.75,29334.5,29336.75,186
2026-08-25 09:27:00-04:00,29309.5,29309.5,29337.25,29309.25,29336.0,699
2026-08-25 09:28:00-04:00,29309.0,29309.0,29315.0,29305.25,29310.5,562
2026-08-25 09:29:00-04:00,29296.25,29296.25,29312.5,29294.5,29309.75,780
2026-08-25 09:30:00-04:00,29302.75,29302.75,29317.0,29279.25,29297.0,4523
2026-08-25 09:31:00-04:00,29327.25,29327.25,29344.75,29296.5,29303.25,4174
2026-08-25 09:32:00-04:00,29348.75,29348.75,29360.0,29324.75,29327.25,3421
2026-08-25 09:33:00-04:00,29365.5,29365.5,29368.0,29336.0,29348.5,3015
2026-08-25 09:34:00-04:00,29375.25,29375.25,29376.25,29352.5,29365.0,2656
2026-08-25 09:35:00-04:00,29350.5,29350.5,29376.0,29350.5,29374.75,2783
2026-08-25 09:36:00-04:00,29337.75,29337.75,29369.5,29327.75,29350.75,3425
2026-08-25 09:37:00-04:00,29355.5,29355.5,29360.5,29335.0,29336.75,2132
2026-08-25 09:38:00-04:00,29323.75,29323.75,29359.5,29322.75,29354.75,2433
2026-08-25 09:39:00-04:00,29316.0,29316.0,29324.0,29301.5,29323.25,2908
2026-08-25 09:40:00-04:00,29348.75,29348.75,29358.0,29315.0,29316.0,2834
2026-08-25 09:41:00-04:00,29353.25,29353.25,29374.25,29338.75,29349.5,2891
2026-08-25 09:42:00-04:00,29336.25,29336.25,29363.5,29329.0,29353.5,2084
2026-08-25 09:43:00-04:00,29342.75,29342.75,29343.75,29318.0,29334.75,2265
2026-08-25 09:44:00-04:00,29349.75,29349.75,29355.75,29334.0,29343.0,1909
2026-08-25 09:45:00-04:00,29351.0,29351.0,29378.5,29348.0,29348.75,3233
2026-08-25 09:46:00-04:00,29383.75,29383.75,29391.75,29342.75,29351.5,2788
2026-08-25 09:47:00-04:00,29377.75,29377.75,29385.0,29362.0,29383.5,1946
2026-08-25 09:48:00-04:00,29404.75,29404.75,29409.0,29371.75,29378.0,2906
2026-08-25 09:49:00-04:00,29393.0,29393.0,29414.75,29391.0,29405.25,2725
2026-08-25 09:50:00-04:00,29367.25,29367.25,29396.25,29363.5,29393.0,3041
2026-08-25 09:51:00-04:00,29378.0,29378.0,29380.5,29357.75,29366.75,1920
2026-08-25 09:52:00-04:00,29369.25,29369.25,29387.75,29356.25,29377.0,2072
2026-08-25 09:53:00-04:00,29360.5,29360.5,29370.25,29345.25,29370.25,1640
2026-08-25 09:54:00-04:00,29343.25,29343.25,29365.25,29341.0,29360.75,1405
2026-08-25 09:55:00-04:00,29317.25,29317.25,29345.5,29305.75,29342.25,3002
2026-08-25 09:56:00-04:00,29307.25,29307.25,29323.5,29303.75,29316.5,1876
2026-08-25 09:57:00-04:00,29301.5,29301.5,29321.5,29295.25,29306.75,2105
2026-08-25 09:58:00-04:00,29309.5,29309.5,29312.25,29289.25,29300.5,1569
2026-08-25 09:59:00-04:00,29312.75,29312.75,29316.0,29300.0,29309.5,1349
2026-08-25 10:00:00-04:00,29293.5,29293.5,29315.0,29283.5,29313.25,2794
2026-08-25 10:01:00-04:00,29292.0,29292.0,29300.0,29275.0,29293.5,2833
2026-08-25 10:02:00-04:00,29272.75,29272.75,29302.75,29268.0,29291.75,2262
2026-08-25 10:03:00-04:00,29262.0,29262.0,29289.25,29260.25,29274.25,2074
2026-08-25 10:04:00-04:00,29261.25,29261.25,29262.75,29246.5,29261.75,2053
2026-08-25 10:05:00-04:00,29265.75,29265.75,29276.5,29253.75,29261.75,2219
2026-08-25 10:06:00-04:00,29258.25,29258.25,29279.75,29252.25,29266.25,1723
2026-08-25 10:07:00-04:00,29251.75,29251.75,29268.25,29248.75,29257.75,1203
2026-08-25 10:08:00-04:00,29257.5,29257.5,29265.5,29244.0,29251.75,1370
2026-08-25 10:09:00-04:00,29259.0,29259.0,29261.25,29249.75,29256.75,1080
2026-08-25 10:10:00-04:00,29272.5,29272.5,29285.25,29256.75,29258.75,1987
2026-08-25 10:11:00-04:00,29263.75,29263.75,29276.0,29260.5,29273.0,1091
2026-08-25 10:12:00-04:00,29271.75,29271.75,29275.25,29260.75,29263.75,961
2026-08-25 10:13:00-04:00,29260.25,29260.25,29275.0,29253.75,29271.5,1092
2026-08-25 10:14:00-04:00,29246.0,29246.0,29263.75,29239.75,29260.25,1560
2026-08-25 10:15:00-04:00,29256.5,29256.5,29258.25,29237.0,29245.0,1511
2026-08-25 10:16:00-04:00,29245.25,29245.25,29269.5,29242.25,29256.5,1688
2026-08-25 10:17:00-04:00,29245.75,29245.75,29250.25,29233.75,29244.75,1285
2026-08-25 10:18:00-04:00,29256.75,29256.75,29260.75,29242.75,29246.25,1272
2026-08-25 10:19:00-04:00,29242.75,29242.75,29266.25,29238.75,29256.75,1551
2026-08-25 10:20:00-04:00,29253.25,29253.25,29255.25,29241.0,29242.75,1253
2026-08-25 10:21:00-04:00,29238.0,29238.0,29254.5,29232.25,29253.5,1273
2026-08-25 10:22:00-04:00,29225.75,29225.75,29247.25,29225.0,29238.0,1735
2026-08-25 10:23:00-04:00,29213.75,29213.75,29228.75,29210.0,29225.5,2166
2026-08-25 10:24:00-04:00,29229.25,29229.25,29231.25,29209.25,29214.0,1711
2026-08-25 10:25:00-04:00,29245.75,29245.75,29250.0,29223.25,29229.25,1657
2026-08-25 10:26:00-04:00,29246.75,29246.75,29252.25,29238.0,29246.0,1191
2026-08-25 10:27:00-04:00,29236.25,29236.25,29249.0,29235.25,29247.5,1346
2026-08-25 10:28:00-04:00,29230.0,29230.0,29240.0,29225.75,29236.5,1175
2026-08-25 10:29:00-04:00,29215.25,29215.25,29231.75,29213.25,29229.75,1208
2026-08-25 10:30:00-04:00,29205.0,29205.0,29216.5,29138.0,29214.75,5751
2026-08-25 10:31:00-04:00,29228.25,29228.25,29229.25,29196.75,29205.25,2568
2026-08-25 10:32:00-04:00,29232.0,29232.0,29249.5,29227.5,29228.25,2210
2026-08-25 10:33:00-04:00,29232.0,29232.0,29238.5,29224.25,29231.5,1248
2026-08-25 10:34:00-04:00,29206.75,29206.75,29234.0,29205.0,29231.5,1675
2026-08-25 10:35:00-04:00,29219.5,29219.5,29228.5,29205.0,29207.0,1450
2026-08-25 10:36:00-04:00,29238.75,29238.75,29240.0,29216.25,29219.0,1313
2026-08-25 10:37:00-04:00,29242.75,29242.75,29243.0,29230.0,29238.5,896
2026-08-25 10:38:00-04:00,29253.75,29253.75,29258.0,29236.75,29242.0,1542
2026-08-25 10:39:00-04:00,29258.75,29258.75,29268.75,29252.5,29254.25,1402
2026-08-25 10:40:00-04:00,29235.25,29235.25,29261.25,29234.75,29258.5,1312
2026-08-25 10:41:00-04:00,29226.5,29226.5,29242.5,29223.5,29235.75,1115
2026-08-25 10:42:00-04:00,29200.75,29200.75,29229.75,29191.0,29229.0,2071
2026-08-25 10:43:00-04:00,29212.5,29212.5,29215.0,29195.25,29201.25,1626
2026-08-25 10:44:00-04:00,29219.25,29219.25,29219.75,29207.25,29212.75,832
2026-08-25 10:45:00-04:00,29208.25,29208.25,29218.25,29206.0,29218.25,796
2026-08-25 10:46:00-04:00,29211.75,29211.75,29228.0,29206.25,29208.75,1259
2026-08-25 10:47:00-04:00,29225.5,29225.5,29227.5,29208.0,29210.75,840
2026-08-25 10:48:00-04:00,29222.25,29222.25,29230.5,29217.75,29225.0,863
2026-08-25 10:49:00-04:00,29218.5,29218.5,29227.25,29215.5,29222.75,701
2026-08-25 10:50:00-04:00,29224.25,29224.25,29226.0,29208.25,29219.25,984
2026-08-25 10:51:00-04:00,29240.0,29240.0,29241.0,29211.75,29224.25,1010
2026-08-25 10:52:00-04:00,29245.5,29245.5,29250.0,29236.25,29240.0,1063
2026-08-25 10:53:00-04:00,29254.0,29254.0,29260.25,29243.5,29245.0,1029
2026-08-25 10:54:00-04:00,29244.75,29244.75,29256.0,29243.75,29254.25,644
2026-08-25 10:55:00-04:00,29245.0,29245.0,29250.0,29238.0,29244.75,894
2026-08-25 10:56:00-04:00,29227.75,29227.75,29247.75,29224.75,29244.25,1114
2026-08-25 10:57:00-04:00,29237.5,29237.5,29237.75,29218.75,29227.0,1024
2026-08-25 10:58:00-04:00,29235.25,29235.25,29241.25,29228.0,29238.25,807
2026-08-25 10:59:00-04:00,29232.5,29232.5,29243.25,29229.25,29235.5,873
2026-08-25 11:00:00-04:00,29221.25,29221.25,29235.75,29211.75,29233.0,1298
2026-08-25 11:01:00-04:00,29209.5,29209.5,29227.25,29209.5,29221.0,903
2026-08-25 11:02:00-04:00,29213.0,29213.0,29217.0,29203.75,29209.75,924
2026-08-25 11:03:00-04:00,29206.75,29206.75,29216.5,29200.5,29213.5,770
2026-08-25 11:04:00-04:00,29204.75,29204.75,29214.0,29197.5,29207.25,970
2026-08-25 11:05:00-04:00,29215.25,29215.25,29216.0,29199.5,29204.5,633
2026-08-25 11:06:00-04:00,29207.25,29207.25,29215.5,29197.0,29214.75,927
2026-08-25 11:07:00-04:00,29210.75,29210.75,29226.5,29206.0,29207.5,983
2026-08-25 11:08:00-04:00,29211.25,29211.25,29214.5,29206.5,29210.5,590
2026-08-25 11:09:00-04:00,29214.5,29214.5,29218.75,29206.75,29211.0,455
2026-08-25 11:10:00-04:00,29221.0,29221.0,29223.5,29207.75,29213.25,601
2026-08-25 11:11:00-04:00,29228.25,29228.25,29229.75,29216.5,29222.0,535
2026-08-25 11:12:00-04:00,29218.75,29218.75,29231.25,29214.0,29228.5,613
2026-08-25 11:13:00-04:00,29210.75,29210.75,29223.0,29209.25,29217.75,482
2026-08-25 11:14:00-04:00,29223.0,29223.0,29225.5,29210.5,29211.25,516
2026-08-25 11:15:00-04:00,29240.25,29240.25,29241.0,29219.0,29223.75,802
2026-08-25 11:16:00-04:00,29236.25,29236.25,29245.0,29234.75,29240.0,772
2026-08-25 11:17:00-04:00,29235.0,29235.0,29239.0,29232.0,29236.75,407
2026-08-25 11:18:00-04:00,29224.25,29224.25,29239.25,29221.0,29235.0,957
2026-08-25 11:19:00-04:00,29236.5,29236.5,29239.25,29221.75,29224.25,585
2026-08-25 11:20:00-04:00,29254.25,29254.25,29257.25,29233.0,29237.0,1079
2026-08-25 11:21:00-04:00,29259.0,29259.0,29261.25,29248.75,29254.25,758
2026-08-25 11:22:00-04:00,29255.5,29255.5,29260.0,29250.75,29259.5,551
2026-08-25 11:23:00-04:00,29235.25,29235.25,29256.0,29225.75,29255.25,1506
2026-08-25 11:24:00-04:00,29236.75,29236.75,29245.0,29234.25,29235.5,715
2026-08-25 11:25:00-04:00,29244.0,29244.0,29246.25,29230.0,29237.0,624
2026-08-25 11:26:00-04:00,29249.75,29249.75,29252.5,29241.25,29243.75,452
2026-08-25 11:27:00-04:00,29264.5,29264.5,29266.0,29244.0,29250.25,689
2026-08-25 11:28:00-04:00,29272.0,29272.0,29277.25,29262.5,29265.25,1169
2026-08-25 11:29:00-04:00,29276.75,29276.75,29282.0,29270.25,29272.75,728
2026-08-25 11:30:00-04:00,29272.5,29272.5,29281.0,29271.25,29277.25,1140
2026-08-25 11:31:00-04:00,29274.75,29274.75,29281.0,29272.25,29272.75,651
2026-08-25 11:32:00-04:00,29274.5,29274.5,29279.75,29269.25,29275.0,708
2026-08-25 11:33:00-04:00,29291.0,29291.0,29309.75,29265.75,29275.0,2280
2026-08-25 11:34:00-04:00,29268.0,29268.0,29292.5,29264.25,29291.0,1378
2026-08-25 11:35:00-04:00,29281.0,29281.0,29301.75,29265.0,29267.5,2718
2026-08-25 11:36:00-04:00,29279.25,29279.25,29286.5,29276.25,29279.75,616
2026-08-25 11:37:00-04:00,29277.5,29277.5,29282.0,29271.25,29279.75,563
2026-08-25 11:38:00-04:00,29280.5,29280.5,29281.5,29271.25,29277.5,369
2026-08-25 11:39:00-04:00,29271.5,29271.5,29282.25,29269.25,29280.25,428
2026-08-25 11:40:00-04:00,29268.0,29268.0,29276.0,29265.5,29271.0,552
2026-08-25 11:41:00-04:00,29256.75,29256.75,29268.5,29255.5,29267.5,833
2026-08-25 11:42:00-04:00,29264.25,29264.25,29271.0,29255.25,29257.0,804
2026-08-25 11:43:00-04:00,29269.0,29269.0,29273.0,29263.5,29264.5,471
2026-08-25 11:44:00-04:00,29267.25,29267.25,29271.25,29265.5,29269.75,380
2026-08-25 11:45:00-04:00,29252.0,29252.0,29266.75,29249.5,29266.75,872
2026-08-25 11:46:00-04:00,29246.75,29246.75,29253.5,29245.25,29252.0,815
2026-08-25 11:47:00-04:00,29235.75,29235.75,29251.0,29234.75,29247.0,854
2026-08-25 11:48:00-04:00,29226.75,29226.75,29238.25,29225.0,29235.75,786
2026-08-25 11:49:00-04:00,29228.5,29228.5,29231.0,29222.75,29226.75,621
2026-08-25 11:50:00-04:00,29235.5,29235.5,29238.25,29222.75,29228.75,853
2026-08-25 11:51:00-04:00,29240.0,29240.0,29242.5,29229.5,29235.25,646
2026-08-25 11:52:00-04:00,29240.25,29240.25,29249.75,29236.75,29238.75,681
2026-08-25 11:53:00-04:00,29257.0,29257.0,29257.0,29241.5,29241.5,605
2026-08-25 11:54:00-04:00,29257.25,29257.25,29264.0,29254.5,29257.25,632
2026-08-25 11:55:00-04:00,29258.5,29258.5,29260.5,29254.75,29258.0,437
2026-08-25 11:56:00-04:00,29264.25,29264.25,29266.0,29257.0,29258.75,723
2026-08-25 11:57:00-04:00,29260.0,29260.0,29266.25,29259.25,29263.75,361
2026-08-25 11:58:00-04:00,29272.5,29272.5,29272.5,29259.5,29260.5,1122
2026-08-25 11:59:00-04:00,29262.0,29262.0,29274.25,29259.75,29272.0,1143
2026-08-25 12:00:00-04:00,29268.0,29268.0,29270.25,29260.75,29263.25,600
2026-08-25 12:01:00-04:00,29267.0,29267.0,29270.25,29264.0,29268.25,313
2026-08-25 12:02:00-04:00,29280.5,29280.5,29284.75,29267.0,29267.25,1015
2026-08-25 12:03:00-04:00,29288.25,29288.25,29289.5,29281.0,29281.75,530
2026-08-25 12:04:00-04:00,29274.0,29274.0,29288.25,29271.75,29288.25,723
2026-08-25 12:05:00-04:00,29274.0,29274.0,29279.75,29273.0,29273.25,499
2026-08-25 12:06:00-04:00,29276.0,29276.0,29287.25,29274.0,29274.0,594
2026-08-25 12:07:00-04:00,29273.25,29273.25,29282.75,29272.5,29276.25,314
2026-08-25 12:08:00-04:00,29272.0,29272.0,29276.5,29270.0,29273.75,418
2026-08-25 12:09:00-04:00,29268.0,29268.0,29276.0,29266.75,29272.75,681
2026-08-25 12:10:00-04:00,29278.5,29278.5,29279.0,29263.75,29268.5,603
2026-08-25 12:11:00-04:00,29272.25,29272.25,29280.25,29270.75,29279.0,358
2026-08-25 12:12:00-04:00,29270.75,29270.75,29273.75,29267.0,29272.0,301
2026-08-25 12:13:00-04:00,29274.0,29274.0,29275.0,29263.25,29271.25,531
2026-08-25 12:14:00-04:00,29277.75,29277.75,29279.25,29269.5,29273.75,449
2026-08-25 12:15:00-04:00,29284.25,29284.25,29284.75,29274.5,29278.0,515
2026-08-25 12:16:00-04:00,29283.25,29283.25,29286.75,29281.75,29284.5,558
2026-08-25 12:17:00-04:00,29280.75,29280.75,29283.0,29278.25,29283.0,413
2026-08-25 12:18:00-04:00,29285.25,29285.25,29290.0,29279.75,29280.25,474
2026-08-25 12:19:00-04:00,29286.25,29286.25,29287.0,29279.5,29285.25,416
2026-08-25 12:20:00-04:00,29285.5,29285.5,29287.0,29276.25,29286.0,432
2026-08-25 12:21:00-04:00,29288.0,29288.0,29288.5,29282.0,29285.25,403
2026-08-25 12:22:00-04:00,29287.0,29287.0,29293.75,29285.25,29287.5,669
2026-08-25 12:23:00-04:00,29292.0,29292.0,29292.75,29285.25,29287.25,413
2026-08-25 12:24:00-04:00,29286.5,29286.5,29294.0,29285.75,29291.0,398
2026-08-25 12:25:00-04:00,29291.5,29291.5,29293.0,29285.25,29286.75,328
2026-08-25 12:26:00-04:00,29287.25,29287.25,29292.0,29285.75,29291.75,338
2026-08-25 12:27:00-04:00,29292.75,29292.75,29293.25,29285.5,29287.0,393
2026-08-25 12:28:00-04:00,29285.0,29285.0,29298.5,29285.0,29292.25,1048
2026-08-25 12:29:00-04:00,29293.75,29293.75,29295.25,29284.75,29285.0,686
2026-08-25 12:30:00-04:00,29295.25,29295.25,29299.75,29291.75,29294.75,513
2026-08-25 12:31:00-04:00,29295.75,29295.75,29299.25,29294.25,29295.25,392
2026-08-25 12:32:00-04:00,29295.75,29295.75,29298.0,29292.5,29295.5,304
2026-08-25 12:33:00-04:00,29291.25,29291.25,29295.75,29288.5,29295.5,246
2026-08-25 12:34:00-04:00,29287.75,29287.75,29292.0,29286.0,29291.0,314
2026-08-25 12:35:00-04:00,29282.0,29282.0,29288.5,29278.75,29287.75,505
2026-08-25 12:36:00-04:00,29276.0,29276.0,29283.0,29271.75,29282.75,818
2026-08-25 12:37:00-04:00,29280.25,29280.25,29283.0,29274.75,29276.25,450
2026-08-25 12:38:00-04:00,29292.25,29292.25,29293.0,29279.0,29280.25,552
2026-08-25 12:39:00-04:00,29291.75,29291.75,29294.0,29288.0,29292.5,393
2026-08-25 12:40:00-04:00,29287.5,29287.5,29292.25,29284.5,29291.75,408
2026-08-25 12:41:00-04:00,29279.75,29279.75,29288.75,29278.75,29287.0,400
2026-08-25 12:42:00-04:00,29280.0,29280.0,29282.5,29278.25,29279.5,294
2026-08-25 12:43:00-04:00,29262.25,29262.25,29279.75,29261.0,29279.75,1357
2026-08-25 12:44:00-04:00,29265.25,29265.25,29267.5,29259.0,29261.75,686
2026-08-25 12:45:00-04:00,29272.0,29272.0,29276.0,29265.5,29265.75,616
2026-08-25 12:46:00-04:00,29282.5,29282.5,29283.25,29271.25,29271.25,592
2026-08-25 12:47:00-04:00,29266.25,29266.25,29282.0,29265.25,29281.75,594
2026-08-25 12:48:00-04:00,29267.5,29267.5,29271.5,29262.5,29266.5,718
2026-08-25 12:49:00-04:00,29270.5,29270.5,29273.25,29264.5,29267.5,306
2026-08-25 12:50:00-04:00,29263.0,29263.0,29272.25,29261.75,29271.0,432
2026-08-25 12:51:00-04:00,29258.0,29258.0,29264.75,29255.0,29262.75,795
2026-08-25 12:52:00-04:00,29267.0,29267.0,29268.5,29257.5,29258.25,604
2026-08-25 12:53:00-04:00,29263.75,29263.75,29268.25,29261.75,29267.5,355
2026-08-25 12:54:00-04:00,29259.0,29259.0,29265.75,29255.75,29263.25,481
2026-08-25 12:55:00-04:00,29254.0,29254.0,29260.5,29253.25,29258.5,444
2026-08-25 12:56:00-04:00,29261.75,29261.75,29262.0,29252.75,29253.25,407
2026-08-25 12:57:00-04:00,29259.25,29259.25,29268.0,29257.5,29262.25,474
2026-08-25 12:58:00-04:00,29268.25,29268.25,29269.25,29256.25,29259.5,763
2026-08-25 12:59:00-04:00,29274.75,29274.75,29282.0,29265.75,29268.75,1036
2026-08-25 13:00:00-04:00,29266.0,29266.0,29277.25,29264.0,29275.5,681
2026-08-25 13:01:00-04:00,29269.0,29269.0,29279.0,29265.25,29266.25,790
2026-08-25 13:02:00-04:00,29259.0,29259.0,29271.75,29258.25,29269.25,577
2026-08-25 13:03:00-04:00,29254.75,29254.75,29263.25,29251.75,29259.5,467
2026-08-25 13:04:00-04:00,29243.0,29243.0,29255.0,29242.5,29255.0,693
2026-08-25 13:05:00-04:00,29241.5,29241.5,29248.0,29239.0,29242.75,656
2026-08-25 13:06:00-04:00,29246.0,29246.0,29247.25,29236.75,29242.75,497
2026-08-25 13:07:00-04:00,29242.0,29242.0,29246.75,29240.0,29246.25,315
2026-08-25 13:08:00-04:00,29230.0,29230.0,29243.5,29224.0,29241.5,1415
2026-08-25 13:09:00-04:00,29234.25,29234.25,29235.0,29228.0,29229.5,592
2026-08-25 13:10:00-04:00,29225.75,29225.75,29235.75,29224.0,29234.5,517
2026-08-25 13:11:00-04:00,29227.5,29227.5,29228.25,29224.0,29226.5,534
2026-08-25 13:12:00-04:00,29233.25,29233.25,29235.0,29224.75,29227.25,405
2026-08-25 13:13:00-04:00,29235.25,29235.25,29238.5,29231.5,29233.75,427
2026-08-25 13:14:00-04:00,29243.0,29243.0,29245.25,29235.0,29235.0,530
2026-08-25 13:15:00-04:00,29245.0,29245.0,29246.5,29237.25,29242.5,467
2026-08-25 13:16:00-04:00,29242.0,29242.0,29251.75,29241.75,29245.5,700
2026-08-25 13:17:00-04:00,29247.25,29247.25,29248.5,29240.0,29242.0,474
2026-08-25 13:18:00-04:00,29247.0,29247.0,29249.75,29243.25,29247.25,525
2026-08-25 13:19:00-04:00,29256.75,29256.75,29258.5,29244.75,29246.75,891
2026-08-25 13:20:00-04:00,29245.25,29245.25,29257.5,29244.0,29256.75,556
2026-08-25 13:21:00-04:00,29240.75,29240.75,29246.5,29237.5,29245.5,576
2026-08-25 13:22:00-04:00,29243.25,29243.25,29244.25,29239.75,29241.25,273
2026-08-25 13:23:00-04:00,29240.75,29240.75,29245.25,29240.25,29243.5,253
2026-08-25 13:24:00-04:00,29236.5,29236.5,29242.5,29236.5,29240.75,480
2026-08-25 13:25:00-04:00,29227.0,29227.0,29236.5,29225.0,29236.25,762
2026-08-25 13:26:00-04:00,29222.5,29222.5,29229.75,29220.0,29226.75,898
2026-08-25 13:27:00-04:00,29222.25,29222.25,29225.5,29221.25,29222.25,372
2026-08-25 13:28:00-04:00,29223.25,29223.25,29223.5,29214.5,29223.0,698
2026-08-25 13:29:00-04:00,29224.5,29224.5,29226.0,29222.0,29222.75,426
2026-08-25 13:30:00-04:00,29218.75,29218.75,29228.0,29216.0,29224.75,610
2026-08-25 13:31:00-04:00,29227.75,29227.75,29229.75,29217.0,29218.75,491
2026-08-25 13:32:00-04:00,29221.5,29221.5,29228.5,29219.0,29227.0,344
2026-08-25 13:33:00-04:00,29230.25,29230.25,29231.0,29219.75,29221.25,381
2026-08-25 13:34:00-04:00,29228.25,29228.25,29232.25,29223.5,29230.5,379
2026-08-25 13:35:00-04:00,29225.75,29225.75,29228.75,29223.0,29227.75,231
2026-08-25 13:36:00-04:00,29225.25,29225.25,29228.5,29222.0,29225.75,303
2026-08-25 13:37:00-04:00,29226.0,29226.0,29229.25,29223.25,29226.25,375
2026-08-25 13:38:00-04:00,29231.5,29231.5,29234.5,29223.0,29225.75,430
2026-08-25 13:39:00-04:00,29229.0,29229.0,29234.25,29228.0,29231.75,236
2026-08-25 13:40:00-04:00,29219.5,29219.5,29230.0,29219.5,29229.25,540
2026-08-25 13:41:00-04:00,29229.25,29229.25,29230.25,29219.0,29220.0,496
2026-08-25 13:42:00-04:00,29223.0,29223.0,29230.0,29222.0,29229.75,222
2026-08-25 13:43:00-04:00,29227.5,29227.5,29230.0,29224.5,29224.75,199
2026-08-25 13:44:00-04:00,29222.25,29222.25,29228.0,29221.0,29228.0,269
2026-08-25 13:45:00-04:00,29222.0,29222.0,29223.75,29218.25,29222.5,407
2026-08-25 13:46:00-04:00,29224.75,29224.75,29226.25,29219.25,29222.75,242
2026-08-25 13:47:00-04:00,29229.0,29229.0,29231.5,29221.5,29223.75,271
2026-08-25 13:48:00-04:00,29224.0,29224.0,29230.5,29222.25,29229.5,281
2026-08-25 13:49:00-04:00,29225.75,29225.75,29227.5,29221.5,29223.5,413
2026-08-25 13:50:00-04:00,29223.75,29223.75,29227.5,29220.75,29226.0,317
2026-08-25 13:51:00-04:00,29220.75,29220.75,29224.0,29216.75,29223.5,275
2026-08-25 13:52:00-04:00,29222.25,29222.25,29228.25,29220.75,29220.75,321
2026-08-25 13:53:00-04:00,29225.75,29225.75,29227.5,29221.25,29222.75,249
2026-08-25 13:54:00-04:00,29227.75,29227.75,29231.0,29225.5,29225.75,346
2026-08-25 13:55:00-04:00,29229.75,29229.75,29230.25,29226.0,29228.0,187
2026-08-25 13:56:00-04:00,29226.25,29226.25,29231.75,29225.0,29230.25,254
2026-08-25 13:57:00-04:00,29226.0,29226.0,29226.0,29218.75,29225.5,372
2026-08-25 13:58:00-04:00,29229.0,29229.0,29230.5,29225.5,29226.0,356
2026-08-25 13:59:00-04:00,29227.25,29227.25,29232.25,29226.25,29229.25,186
2026-08-25 14:00:00-04:00,29220.75,29220.75,29227.5,29219.75,29226.75,449
2026-08-25 14:01:00-04:00,29208.75,29208.75,29220.75,29205.5,29220.5,1134
2026-08-25 14:02:00-04:00,29209.25,29209.25,29210.25,29206.25,29208.75,551
2026-08-25 14:03:00-04:00,29206.25,29206.25,29214.5,29204.5,29209.5,531
2026-08-25 14:04:00-04:00,29204.0,29204.0,29207.5,29203.0,29206.25,409
2026-08-25 14:05:00-04:00,29209.5,29209.5,29210.25,29202.75,29204.0,437
2026-08-25 14:06:00-04:00,29216.25,29216.25,29217.25,29209.75,29210.75,538
2026-08-25 14:07:00-04:00,29209.75,29209.75,29217.5,29209.0,29215.5,557
2026-08-25 14:08:00-04:00,29204.25,29204.25,29211.75,29202.0,29209.5,482
2026-08-25 14:09:00-04:00,29210.5,29210.5,29212.5,29203.75,29203.75,360
2026-08-25 14:10:00-04:00,29210.25,29210.25,29211.75,29204.25,29211.0,343
2026-08-25 14:11:00-04:00,29216.25,29216.25,29217.0,29207.75,29210.5,406
2026-08-25 14:12:00-04:00,29218.5,29218.5,29221.0,29215.25,29216.25,446
2026-08-25 14:13:00-04:00,29208.75,29208.75,29218.75,29208.25,29218.5,373
2026-08-25 14:14:00-04:00,29206.0,29206.0,29210.75,29204.5,29208.75,452
2026-08-25 14:15:00-04:00,29208.75,29208.75,29211.0,29204.75,29205.75,452
2026-08-25 14:16:00-04:00,29207.25,29207.25,29209.25,29202.5,29208.75,475
2026-08-25 14:17:00-04:00,29207.75,29207.75,29208.0,29203.25,29207.25,276
2026-08-25 14:18:00-04:00,29209.5,29209.5,29211.75,29206.25,29207.5,236
2026-08-25 14:19:00-04:00,29213.75,29213.75,29214.25,29209.0,29209.0,262
2026-08-25 14:20:00-04:00,29216.0,29216.0,29217.75,29212.75,29213.75,421
2026-08-25 14:21:00-04:00,29222.0,29222.0,29222.25,29215.5,29216.0,513
2026-08-25 14:22:00-04:00,29223.5,29223.5,29227.5,29221.5,29222.25,652
2026-08-25 14:23:00-04:00,29220.75,29220.75,29225.0,29218.75,29223.0,339
2026-08-25 14:24:00-04:00,29221.5,29221.5,29223.75,29216.75,29220.75,347
2026-08-25 14:25:00-04:00,29209.5,29209.5,29222.75,29208.0,29221.75,555
2026-08-25 14:26:00-04:00,29217.75,29217.75,29219.5,29209.5,29209.75,342
2026-08-25 14:27:00-04:00,29216.5,29216.5,29221.25,29215.75,29218.0,332
2026-08-25 14:28:00-04:00,29221.75,29221.75,29222.0,29216.0,29216.5,283
2026-08-25 14:29:00-04:00,29219.75,29219.75,29221.75,29217.75,29221.25,172
2026-08-25 14:30:00-04:00,29228.75,29228.75,29232.25,29219.0,29219.75,797
2026-08-25 14:31:00-04:00,29229.25,29229.25,29232.0,29227.75,29229.0,379
2026-08-25 14:32:00-04:00,29232.25,29232.25,29232.25,29226.75,29229.0,420
2026-08-25 14:33:00-04:00,29240.5,29240.5,29244.25,29232.0,29232.5,937
2026-08-25 14:34:00-04:00,29242.5,29242.5,29244.5,29238.75,29240.5,545
2026-08-25 14:35:00-04:00,29242.5,29242.5,29245.0,29237.0,29242.25,487
2026-08-25 14:36:00-04:00,29242.25,29242.25,29245.75,29239.5,29243.25,324
2026-08-25 14:37:00-04:00,29249.5,29249.5,29252.25,29240.25,29242.0,603
2026-08-25 14:38:00-04:00,29249.0,29249.0,29250.5,29245.0,29249.25,457
2026-08-25 14:39:00-04:00,29246.25,29246.25,29250.5,29245.25,29248.75,320
2026-08-25 14:40:00-04:00,29243.0,29243.0,29249.0,29242.0,29246.25,632
2026-08-25 14:41:00-04:00,29245.25,29245.25,29246.5,29241.75,29243.0,314
2026-08-25 14:42:00-04:00,29249.25,29249.25,29249.75,29242.0,29245.25,325
2026-08-25 14:43:00-04:00,29257.0,29257.0,29258.5,29247.5,29249.0,806
2026-08-25 14:44:00-04:00,29257.75,29257.75,29259.25,29254.75,29257.5,426
2026-08-25 14:45:00-04:00,29270.0,29270.0,29271.25,29257.75,29257.75,1257
2026-08-25 14:46:00-04:00,29272.0,29272.0,29274.0,29266.5,29269.0,1020
2026-08-25 14:47:00-04:00,29268.75,29268.75,29272.5,29268.0,29272.0,611
2026-08-25 14:48:00-04:00,29271.75,29271.75,29275.0,29266.5,29269.0,424
2026-08-25 14:49:00-04:00,29269.75,29269.75,29273.5,29266.5,29271.5,388
2026-08-25 14:50:00-04:00,29261.5,29261.5,29270.25,29260.5,29269.75,572
2026-08-25 14:51:00-04:00,29265.0,29265.0,29267.25,29260.5,29261.25,496
2026-08-25 14:52:00-04:00,29265.5,29265.5,29270.75,29264.5,29265.0,553
2026-08-25 14:53:00-04:00,29260.25,29260.25,29267.0,29258.75,29266.0,537
2026-08-25 14:54:00-04:00,29259.75,29259.75,29261.75,29257.5,29260.75,415
2026-08-25 14:55:00-04:00,29259.25,29259.25,29264.75,29258.25,29260.0,525
2026-08-25 14:56:00-04:00,29257.75,29257.75,29263.25,29254.5,29259.5,487
2026-08-25 14:57:00-04:00,29254.5,29254.5,29258.0,29253.0,29258.0,385
2026-08-25 14:58:00-04:00,29257.25,29257.25,29258.0,29253.0,29254.25,307
2026-08-25 14:59:00-04:00,29255.5,29255.5,29260.0,29254.75,29257.5,459
2026-08-25 15:00:00-04:00,29264.75,29264.75,29266.5,29254.75,29256.0,788
2026-08-25 15:01:00-04:00,29253.0,29253.0,29265.5,29252.5,29264.5,538
2026-08-25 15:02:00-04:00,29248.75,29248.75,29255.25,29248.0,29253.0,617
2026-08-25 15:03:00-04:00,29246.5,29246.5,29251.0,29245.5,29249.0,467
2026-08-25 15:04:00-04:00,29246.5,29246.5,29250.75,29245.5,29246.25,405
2026-08-25 15:05:00-04:00,29251.0,29251.0,29251.75,29245.0,29246.75,347
2026-08-25 15:06:00-04:00,29246.5,29246.5,29252.25,29244.75,29250.25,481
2026-08-25 15:07:00-04:00,29251.5,29251.5,29252.0,29245.5,29246.25,350
2026-08-25 15:08:00-04:00,29246.75,29246.75,29252.25,29243.75,29251.75,433
2026-08-25 15:09:00-04:00,29247.75,29247.75,29250.0,29241.75,29247.0,358
2026-08-25 15:10:00-04:00,29242.75,29242.75,29249.0,29241.0,29247.75,370
2026-08-25 15:11:00-04:00,29238.0,29238.0,29245.0,29238.0,29243.25,380
2026-08-25 15:12:00-04:00,29235.5,29235.5,29240.0,29234.75,29237.75,531
2026-08-25 15:13:00-04:00,29232.5,29232.5,29239.5,29232.5,29235.25,430
2026-08-25 15:14:00-04:00,29234.75,29234.75,29235.5,29230.25,29232.75,440
2026-08-25 15:15:00-04:00,29234.75,29234.75,29238.75,29233.0,29234.25,546
2026-08-25 15:16:00-04:00,29233.25,29233.25,29236.5,29229.75,29235.25,451
2026-08-25 15:17:00-04:00,29225.0,29225.0,29233.25,29223.75,29233.0,885
2026-08-25 15:18:00-04:00,29224.5,29224.5,29227.25,29221.75,29224.5,545
2026-08-25 15:19:00-04:00,29225.5,29225.5,29229.0,29223.25,29223.75,309
2026-08-25 15:20:00-04:00,29215.25,29215.25,29226.75,29212.75,29225.0,887
2026-08-25 15:21:00-04:00,29214.25,29214.25,29219.0,29213.75,29215.5,441
2026-08-25 15:22:00-04:00,29217.0,29217.0,29220.25,29213.75,29214.0,297
2026-08-25 15:23:00-04:00,29220.5,29220.5,29221.0,29214.0,29217.5,312
2026-08-25 15:24:00-04:00,29223.75,29223.75,29224.75,29218.5,29220.5,491
2026-08-25 15:25:00-04:00,29225.75,29225.75,29226.25,29216.75,29223.5,440
2026-08-25 15:26:00-04:00,29224.75,29224.75,29227.75,29221.25,29226.5,352
2026-08-25 15:27:00-04:00,29224.25,29224.25,29225.25,29220.75,29225.25,226
2026-08-25 15:28:00-04:00,29225.0,29225.0,29226.25,29223.25,29223.5,241
2026-08-25 15:29:00-04:00,29226.0,29226.0,29227.75,29222.75,29225.25,294
2026-08-25 15:30:00-04:00,29218.25,29218.25,29226.75,29217.75,29225.75,697
2026-08-25 15:31:00-04:00,29221.5,29221.5,29223.5,29217.25,29218.25,386
2026-08-25 15:32:00-04:00,29213.25,29213.25,29224.0,29213.0,29221.5,406
2026-08-25 15:33:00-04:00,29224.0,29224.0,29225.5,29211.5,29213.0,566
2026-08-25 15:34:00-04:00,29227.0,29227.0,29227.5,29222.25,29224.5,414
2026-08-25 15:35:00-04:00,29237.5,29237.5,29237.75,29224.5,29226.5,971
2026-08-25 15:36:00-04:00,29238.25,29238.25,29240.0,29236.75,29237.75,445
2026-08-25 15:37:00-04:00,29235.75,29235.75,29239.75,29234.25,29237.75,370
2026-08-25 15:38:00-04:00,29235.0,29235.0,29241.25,29234.25,29236.25,446
2026-08-25 15:39:00-04:00,29234.5,29234.5,29236.25,29231.75,29234.75,359
2026-08-25 15:40:00-04:00,29245.0,29245.0,29245.75,29233.5,29234.25,465
2026-08-25 15:41:00-04:00,29252.5,29252.5,29254.0,29243.75,29245.0,724
2026-08-25 15:42:00-04:00,29252.75,29252.75,29254.75,29251.0,29252.0,447
2026-08-25 15:43:00-04:00,29252.0,29252.0,29257.75,29251.5,29253.25,742
2026-08-25 15:44:00-04:00,29239.0,29239.0,29253.75,29238.0,29252.25,803
2026-08-25 15:45:00-04:00,29232.75,29232.75,29242.25,29231.75,29238.25,649
2026-08-25 15:46:00-04:00,29231.75,29231.75,29236.0,29229.5,29232.5,456
2026-08-25 15:47:00-04:00,29235.75,29235.75,29239.25,29231.75,29232.25,430
2026-08-25 15:48:00-04:00,29242.25,29242.25,29244.0,29235.5,29235.5,414
2026-08-25 15:49:00-04:00,29243.0,29243.0,29247.25,29242.0,29242.0,498
2026-08-25 15:50:00-04:00,29240.75,29240.75,29246.25,29233.0,29242.75,1166
2026-08-25 15:51:00-04:00,29242.5,29242.5,29244.25,29236.25,29241.0,416
2026-08-25 15:52:00-04:00,29257.5,29257.5,29260.25,29242.75,29243.0,1529
2026-08-25 15:53:00-04:00,29278.0,29278.0,29279.75,29257.25,29257.75,2303
2026-08-25 15:54:00-04:00,29283.25,29283.25,29286.75,29276.75,29278.0,2156
2026-08-25 15:55:00-04:00,29271.5,29271.5,29289.0,29270.75,29283.25,2005
2026-08-25 15:56:00-04:00,29279.5,29279.5,29280.25,29267.0,29271.75,1108
2026-08-25 15:57:00-04:00,29285.0,29285.0,29288.25,29279.0,29279.25,1257
2026-08-25 15:58:00-04:00,29281.5,29281.5,29289.5,29281.5,29285.0,1427
2026-08-25 15:59:00-04:00,29270.25,29270.25,29289.5,29264.0,29281.25,6121
2026-08-25 16:00:00-04:00,29269.5,29269.5,29284.75,29262.0,29270.5,2844
2026-08-25 16:01:00-04:00,29266.0,29266.0,29273.5,29265.0,29269.0,835
2026-08-25 16:02:00-04:00,29273.25,29273.25,29274.75,29263.0,29266.0,522
2026-08-25 16:03:00-04:00,29273.5,29273.5,29279.0,29270.75,29273.25,502
2026-08-25 16:04:00-04:00,29274.5,29274.5,29276.25,29272.0,29273.0,608
2026-08-25 16:05:00-04:00,29276.5,29276.5,29278.75,29270.5,29274.25,330
2026-08-25 16:06:00-04:00,29280.25,29280.25,29281.5,29273.0,29277.25,372
2026-08-25 16:07:00-04:00,29280.5,29280.5,29283.75,29277.75,29280.25,248
2026-08-25 16:08:00-04:00,29289.5,29289.5,29290.0,29280.25,29280.25,314
2026-08-25 16:09:00-04:00,29288.75,29288.75,29294.75,29284.5,29289.75,347
2026-08-25 16:10:00-04:00,29293.0,29293.0,29293.25,29286.75,29287.75,271
2026-08-25 16:11:00-04:00,29290.0,29290.0,29293.25,29288.5,29293.25,233
2026-08-25 16:12:00-04:00,29287.5,29287.5,29293.5,29285.5,29289.5,245
2026-08-25 16:13:00-04:00,29290.5,29290.5,29291.75,29286.75,29287.75,196
2026-08-25 16:14:00-04:00,29288.75,29288.75,29292.25,29285.5,29290.25,182
2026-08-25 16:15:00-04:00,29289.5,29289.5,29292.25,29283.25,29288.5,326
2026-08-25 16:16:00-04:00,29288.0,29288.0,29291.25,29288.0,29289.25,102
2026-08-25 16:17:00-04:00,29288.0,29288.0,29290.25,29286.25,29288.0,90
2026-08-25 16:18:00-04:00,29290.75,29290.75,29292.25,29286.25,29287.5,140
2026-08-25 16:19:00-04:00,29294.0,29294.0,29295.0,29291.5,29291.5,137
2026-08-25 16:20:00-04:00,29295.75,29295.75,29298.25,29293.25,29294.5,168
2026-08-25 16:21:00-04:00,29296.25,29296.25,29297.25,29291.75,29295.75,148
2026-08-25 16:22:00-04:00,29303.25,29303.25,29304.0,29296.25,29296.25,327
2026-08-25 16:23:00-04:00,29303.5,29303.5,29306.25,29301.5,29303.75,317
2026-08-25 16:24:00-04:00,29308.75,29308.75,29312.5,29303.5,29303.5,486
2026-08-25 16:25:00-04:00,29310.75,29310.75,29312.0,29307.5,29308.5,170
2026-08-25 16:26:00-04:00,29311.25,29311.25,29313.5,29310.0,29310.25,196
2026-08-25 16:27:00-04:00,29305.25,29305.25,29311.25,29304.0,29311.25,173
2026-08-25 16:28:00-04:00,29306.5,29306.5,29306.5,29302.0,29305.0,166
2026-08-25 16:29:00-04:00,29302.5,29302.5,29306.25,29300.0,29306.25,262
2026-08-25 16:30:00-04:00,29306.0,29306.0,29308.5,29302.0,29302.0,146
2026-08-25 16:31:00-04:00,29306.5,29306.5,29308.75,29305.25,29306.75,91
2026-08-25 16:32:00-04:00,29306.0,29306.0,29307.0,29303.5,29306.75,63
2026-08-25 16:33:00-04:00,29305.75,29305.75,29307.75,29305.75,29306.5,97
2026-08-25 16:34:00-04:00,29305.0,29305.0,29306.25,29303.5,29306.0,130
2026-08-25 16:35:00-04:00,29303.0,29303.0,29305.0,29302.5,29304.5,80
2026-08-25 16:36:00-04:00,29301.0,29301.0,29305.25,29300.75,29303.25,94
2026-08-25 16:37:00-04:00,29300.25,29300.25,29301.75,29300.0,29301.75,34
2026-08-25 16:38:00-04:00,29299.75,29299.75,29301.0,29296.5,29300.5,170
2026-08-25 16:39:00-04:00,29293.0,29293.0,29298.75,29292.5,29298.75,141
2026-08-25 16:40:00-04:00,29290.0,29290.0,29293.25,29287.75,29293.25,146
2026-08-25 16:41:00-04:00,29288.75,29288.75,29290.5,29287.5,29289.75,52
2026-08-25 16:42:00-04:00,29286.75,29286.75,29288.25,29286.75,29288.25,39
2026-08-25 16:43:00-04:00,29284.0,29284.0,29289.5,29283.5,29287.25,97
2026-08-25 16:44:00-04:00,29282.25,29282.25,29285.25,29281.5,29284.0,142
2026-08-25 16:45:00-04:00,29282.0,29282.0,29285.25,29281.0,29282.25,222
2026-08-25 16:46:00-04:00,29278.5,29278.5,29283.0,29277.25,29281.25,169
2026-08-25 16:47:00-04:00,29274.5,29274.5,29278.25,29274.0,29278.25,186
2026-08-25 16:48:00-04:00,29270.75,29270.75,29274.25,29270.5,29274.25,154
2026-08-25 16:49:00-04:00,29270.5,29270.5,29272.25,29268.75,29270.25,180
2026-08-25 16:50:00-04:00,29272.0,29272.0,29272.75,29269.75,29270.0,81
2026-08-25 16:51:00-04:00,29274.25,29274.25,29275.75,29269.75,29272.0,160
2026-08-25 16:52:00-04:00,29275.75,29275.75,29277.75,29273.75,29274.25,121
2026-08-25 16:53:00-04:00,29281.75,29281.75,29281.75,29275.5,29275.75,118
2026-08-25 16:54:00-04:00,29284.75,29284.75,29287.75,29280.25,29282.0,122
2026-08-25 16:55:00-04:00,29283.0,29283.0,29287.0,29283.0,29284.75,98
2026-08-25 16:56:00-04:00,29282.25,29282.25,29283.0,29280.5,29282.75,39
2026-08-25 16:57:00-04:00,29283.75,29283.75,29284.0,29282.75,29283.0,40
2026-08-25 16:58:00-04:00,29284.75,29284.75,29286.0,29283.5,29284.0,39
2026-08-25 16:59:00-04:00,29287.5,29287.5,29287.75,29281.5,29285.0,163
2026-08-25 18:00:00-04:00,29304.5,29304.5,29309.75,29288.0,29288.0,0
2026-08-25 18:01:00-04:00,29300.25,29300.25,29305.0,29286.5,29305.0,187
2026-08-25 18:02:00-04:00,29303.5,29303.5,29308.5,29298.5,29301.5,134
2026-08-25 18:03:00-04:00,29302.0,29302.0,29303.75,29300.5,29302.0,62
2026-08-25 18:04:00-04:00,29302.5,29302.5,29306.0,29300.5,29302.25,41
2026-08-25 18:05:00-04:00,29294.75,29294.75,29302.25,29290.75,29302.0,161
2026-08-25 18:06:00-04:00,29293.5,29293.5,29298.0,29292.25,29294.0,39
2026-08-25 18:07:00-04:00,29294.0,29294.0,29295.5,29291.0,29294.5,60
2026-08-25 18:08:00-04:00,29298.0,29298.0,29305.5,29296.0,29296.0,77
2026-08-25 18:09:00-04:00,29297.75,29297.75,29304.5,29296.5,29301.5,60
2026-08-25 18:10:00-04:00,29294.5,29294.5,29299.75,29293.25,29298.75,43
2026-08-25 18:11:00-04:00,29294.5,29294.5,29296.25,29293.5,29294.5,31
2026-08-25 18:12:00-04:00,29294.0,29294.0,29296.25,29292.0,29296.25,46
2026-08-25 18:13:00-04:00,29294.25,29294.25,29294.75,29291.0,29294.75,32
2026-08-25 18:14:00-04:00,29293.25,29293.25,29294.75,29291.5,29293.25,43
2026-08-25 18:15:00-04:00,29293.5,29293.5,29294.0,29290.0,29293.5,79
2026-08-25 18:16:00-04:00,29291.5,29291.5,29294.25,29291.5,29293.0,25
2026-08-25 18:17:00-04:00,29293.25,29293.25,29293.5,29291.0,29291.0,20
2026-08-25 18:18:00-04:00,29292.0,29292.0,29293.0,29291.25,29292.5,18
2026-08-25 18:19:00-04:00,29292.25,29292.25,29293.75,29289.5,29293.25,43
2026-08-25 18:20:00-04:00,29288.0,29288.0,29290.5,29288.0,29290.5,31
2026-08-25 18:21:00-04:00,29285.25,29285.25,29289.25,29282.5,29288.75,124
2026-08-25 18:22:00-04:00,29283.5,29283.5,29284.5,29280.0,29284.0,92
2026-08-25 18:23:00-04:00,29282.75,29282.75,29284.25,29282.25,29282.75,42
2026-08-25 18:24:00-04:00,29290.75,29290.75,29293.25,29284.0,29284.0,94
2026-08-25 18:25:00-04:00,29288.75,29288.75,29293.0,29288.0,29290.25,67
2026-08-25 18:26:00-04:00,29286.75,29286.75,29289.25,29285.5,29288.5,47
2026-08-25 18:27:00-04:00,29290.5,29290.5,29292.25,29287.25,29288.0,41
2026-08-25 18:28:00-04:00,29289.0,29289.0,29292.25,29287.75,29290.5,28
2026-08-25 18:29:00-04:00,29291.25,29291.25,29291.25,29289.0,29289.75,22
2026-08-25 18:30:00-04:00,29287.25,29287.25,29293.0,29287.25,29291.5,26
2026-08-25 18:31:00-04:00,29289.0,29289.0,29290.0,29287.5,29287.75,58
2026-08-25 18:32:00-04:00,29288.75,29288.75,29289.75,29288.5,29289.5,7
2026-08-25 18:33:00-04:00,29289.75,29289.75,29291.25,29287.75,29288.5,22
2026-08-25 18:34:00-04:00,29290.25,29290.25,29290.75,29289.5,29290.5,8
2026-08-25 18:35:00-04:00,29289.5,29289.5,29290.75,29289.5,29290.25,17
2026-08-25 18:36:00-04:00,29288.5,29288.5,29291.0,29288.5,29289.5,16
2026-08-25 18:37:00-04:00,29287.5,29287.5,29288.25,29286.75,29288.25,11
2026-08-25 18:38:00-04:00,29283.25,29283.25,29287.75,29283.25,29287.75,69
2026-08-25 18:39:00-04:00,29284.75,29284.75,29285.5,29282.0,29283.0,37
2026-08-25 18:40:00-04:00,29283.5,29283.5,29285.5,29282.25,29285.5,18
2026-08-25 18:41:00-04:00,29283.0,29283.0,29283.5,29281.75,29283.25,32
2026-08-25 18:42:00-04:00,29282.75,29282.75,29282.75,29280.75,29282.25,26
2026-08-25 18:43:00-04:00,29282.75,29282.75,29282.75,29281.0,29282.5,14
2026-08-25 18:44:00-04:00,29288.25,29288.25,29289.25,29283.75,29283.75,104
2026-08-25 18:45:00-04:00,29287.75,29287.75,29287.75,29287.25,29287.25,4
2026-08-25 18:46:00-04:00,29283.25,29283.25,29286.75,29283.0,29286.75,47
2026-08-25 18:47:00-04:00,29284.25,29284.25,29284.75,29282.0,29283.5,45
2026-08-25 18:48:00-04:00,29283.5,29283.5,29285.5,29283.25,29285.25,16
2026-08-25 18:49:00-04:00,29281.0,29281.0,29284.25,29280.75,29284.25,42
2026-08-25 18:50:00-04:00,29283.0,29283.0,29283.25,29281.5,29281.5,13
2026-08-25 18:51:00-04:00,29281.25,29281.25,29283.0,29281.0,29282.5,13
2026-08-25 18:52:00-04:00,29281.5,29281.5,29283.0,29281.5,29282.0,5
2026-08-25 18:53:00-04:00,29282.0,29282.0,29283.25,29281.25,29282.5,14
2026-08-25 18:54:00-04:00,29283.0,29283.0,29283.0,29281.75,29282.25,13
2026-08-25 18:55:00-04:00,29282.5,29282.5,29283.75,29281.75,29283.25,18
2026-08-25 18:56:00-04:00,29283.0,29283.0,29283.0,29283.0,29283.0,1
2026-08-25 18:57:00-04:00,29288.0,29288.0,29288.0,29281.75,29283.0,24
2026-08-25 18:58:00-04:00,29286.5,29286.5,29287.0,29286.0,29286.25,16
2026-08-25 18:59:00-04:00,29284.5,29284.5,29286.5,29284.0,29285.5,22
2026-08-25 19:00:00-04:00,29286.25,29286.25,29288.5,29284.25,29284.25,39
2026-08-25 19:01:00-04:00,29286.75,29286.75,29288.0,29285.75,29286.0,23
2026-08-25 19:02:00-04:00,29285.5,29285.5,29285.75,29284.25,29285.75,13
2026-08-25 19:03:00-04:00,29285.75,29285.75,29287.25,29285.75,29286.0,11
2026-08-25 19:04:00-04:00,29286.75,29286.75,29286.75,29285.25,29286.5,20
2026-08-25 19:05:00-04:00,29279.75,29279.75,29286.75,29276.75,29286.25,180
2026-08-25 19:06:00-04:00,29275.0,29275.0,29280.5,29273.75,29279.0,117
2026-08-25 19:07:00-04:00,29277.5,29277.5,29278.5,29275.0,29276.25,24
2026-08-25 19:08:00-04:00,29278.5,29278.5,29280.0,29274.75,29278.25,57
2026-08-25 19:09:00-04:00,29279.0,29279.0,29279.5,29276.25,29279.5,21
2026-08-25 19:10:00-04:00,29277.5,29277.5,29278.75,29276.75,29278.75,14
2026-08-25 19:11:00-04:00,29277.25,29277.25,29278.0,29275.5,29277.25,36
2026-08-25 19:12:00-04:00,29276.25,29276.25,29277.0,29274.5,29277.0,24
2026-08-25 19:13:00-04:00,29276.75,29276.75,29277.0,29275.0,29275.25,18
2026-08-25 19:14:00-04:00,29275.75,29275.75,29276.5,29275.75,29276.5,4
2026-08-25 19:15:00-04:00,29275.25,29275.25,29278.75,29273.25,29276.25,89
2026-08-25 19:16:00-04:00,29275.25,29275.25,29275.25,29274.5,29274.75,12
2026-08-25 19:17:00-04:00,29274.75,29274.75,29276.0,29274.5,29276.0,10
2026-08-25 19:18:00-04:00,29275.5,29275.5,29276.0,29275.0,29275.0,13
2026-08-25 19:19:00-04:00,29273.75,29273.75,29275.5,29273.75,29275.5,21
2026-08-25 19:20:00-04:00,29272.25,29272.25,29274.25,29270.75,29274.25,50
2026-08-25 19:21:00-04:00,29260.0,29260.0,29272.5,29258.5,29272.5,242
2026-08-25 19:22:00-04:00,29257.5,29257.5,29261.75,29254.0,29260.75,214
2026-08-25 19:23:00-04:00,29262.5,29262.5,29264.5,29257.25,29257.5,123
2026-08-25 19:24:00-04:00,29262.0,29262.0,29264.5,29260.0,29263.75,72
2026-08-25 19:25:00-04:00,29259.5,29259.5,29262.25,29256.25,29261.0,47
2026-08-25 19:26:00-04:00,29247.25,29247.25,29259.75,29246.5,29259.0,162
2026-08-25 19:27:00-04:00,29250.25,29250.25,29252.0,29247.25,29248.25,79
2026-08-25 19:28:00-04:00,29248.75,29248.75,29253.0,29248.0,29251.0,48
2026-08-25 19:29:00-04:00,29246.0,29246.0,29248.25,29245.25,29248.25,74
2026-08-25 19:30:00-04:00,29239.5,29239.5,29248.5,29231.0,29246.0,345
2026-08-25 19:31:00-04:00,29242.25,29242.25,29245.0,29237.75,29239.5,182
2026-08-25 19:32:00-04:00,29244.0,29244.0,29246.0,29240.0,29241.75,73
2026-08-25 19:33:00-04:00,29246.75,29246.75,29246.75,29243.75,29245.25,38
2026-08-25 19:34:00-04:00,29239.75,29239.75,29247.5,29238.25,29247.0,72
2026-08-25 19:35:00-04:00,29241.0,29241.0,29245.0,29237.0,29238.25,87
2026-08-25 19:36:00-04:00,29243.25,29243.25,29244.5,29240.25,29241.5,24
2026-08-25 19:37:00-04:00,29242.0,29242.0,29245.0,29242.0,29243.25,31
2026-08-25 19:38:00-04:00,29241.5,29241.5,29244.0,29240.5,29242.75,27
2026-08-25 19:39:00-04:00,29239.25,29239.25,29241.25,29237.5,29240.75,45
2026-08-25 19:40:00-04:00,29242.0,29242.0,29242.75,29238.25,29238.25,30
2026-08-25 19:41:00-04:00,29240.75,29240.75,29241.75,29239.5,29241.25,40
2026-08-25 19:42:00-04:00,29240.75,29240.75,29241.0,29236.75,29241.0,61
2026-08-25 19:43:00-04:00,29237.25,29237.25,29240.25,29235.5,29239.25,43
2026-08-25 19:44:00-04:00,29234.75,29234.75,29236.75,29228.0,29236.75,149
2026-08-25 19:45:00-04:00,29228.0,29228.0,29235.0,29223.5,29233.0,198
2026-08-25 19:46:00-04:00,29228.5,29228.5,29228.75,29223.25,29228.0,80
2026-08-25 19:47:00-04:00,29222.25,29222.25,29229.0,29221.75,29227.75,89
2026-08-25 19:48:00-04:00,29219.5,29219.5,29227.0,29218.75,29222.5,133
2026-08-25 19:49:00-04:00,29219.0,29219.0,29221.75,29218.5,29220.0,68
2026-08-25 19:50:00-04:00,29215.25,29215.25,29221.75,29212.75,29218.75,195
2026-08-25 19:51:00-04:00,29223.25,29223.25,29223.25,29207.0,29215.0,318
2026-08-25 19:52:00-04:00,29218.75,29218.75,29224.75,29218.75,29222.75,131
2026-08-25 19:53:00-04:00,29222.0,29222.0,29224.0,29217.5,29219.5,113
2026-08-25 19:54:00-04:00,29219.5,29219.5,29220.5,29210.0,29220.5,158
2026-08-25 19:55:00-04:00,29215.75,29215.75,29221.75,29215.75,29220.5,49
2026-08-25 19:56:00-04:00,29219.0,29219.0,29222.0,29215.0,29215.5,52
2026-08-25 19:57:00-04:00,29220.75,29220.75,29226.25,29219.5,29219.75,134
2026-08-25 19:58:00-04:00,29217.0,29217.0,29223.5,29215.25,29221.0,99
2026-08-25 19:59:00-04:00,29211.5,29211.5,29218.5,29209.0,29215.0,103
2026-08-25 20:00:00-04:00,29205.5,29205.5,29218.0,29185.0,29210.25,750
2026-08-25 20:01:00-04:00,29204.75,29204.75,29206.75,29191.75,29204.75,295
2026-08-25 20:02:00-04:00,29216.5,29216.5,29223.0,29205.5,29206.25,464
2026-08-25 20:03:00-04:00,29210.5,29210.5,29216.75,29191.5,29216.75,296
2026-08-25 20:04:00-04:00,29212.25,29212.25,29216.5,29209.25,29209.75,82
2026-08-25 20:05:00-04:00,29200.0,29200.0,29217.0,29199.0,29213.0,161
2026-08-25 20:06:00-04:00,29196.0,29196.0,29210.0,29192.25,29199.75,200
2026-08-25 20:07:00-04:00,29203.25,29203.25,29205.0,29191.25,29196.75,159
2026-08-25 20:08:00-04:00,29216.5,29216.5,29218.5,29202.5,29203.5,230
2026-08-25 20:09:00-04:00,29220.0,29220.0,29221.75,29216.5,29216.5,226
2026-08-25 20:10:00-04:00,29221.5,29221.5,29222.75,29211.25,29220.75,241
2026-08-25 20:11:00-04:00,29226.5,29226.5,29227.75,29218.0,29222.0,168
2026-08-25 20:12:00-04:00,29222.75,29222.75,29225.75,29216.75,29225.5,104
2026-08-25 20:13:00-04:00,29217.0,29217.0,29222.25,29209.5,29222.0,177
2026-08-25 20:14:00-04:00,29208.5,29208.5,29217.5,29208.0,29217.25,120
2026-08-25 20:15:00-04:00,29222.75,29222.75,29227.25,29208.5,29209.5,248
2026-08-25 20:16:00-04:00,29217.5,29217.5,29225.0,29214.0,29222.5,102
2026-08-25 20:17:00-04:00,29225.0,29225.0,29232.5,29216.5,29216.5,161
2026-08-25 20:18:00-04:00,29234.5,29234.5,29238.5,29223.0,29224.75,233
2026-08-25 20:19:00-04:00,29223.25,29223.25,29233.75,29218.75,29233.75,184
2026-08-25 20:20:00-04:00,29223.0,29223.0,29224.75,29220.0,29221.25,60
2026-08-25 20:21:00-04:00,29218.5,29218.5,29224.75,29214.25,29220.75,113
2026-08-25 20:22:00-04:00,29211.0,29211.0,29220.0,29209.25,29219.0,97
2026-08-25 20:23:00-04:00,29211.0,29211.0,29216.0,29209.0,29213.25,68
2026-08-25 20:24:00-04:00,29204.0,29204.0,29213.5,29199.25,29212.5,238
2026-08-25 20:25:00-04:00,29198.25,29198.25,29205.75,29192.0,29204.5,192
2026-08-25 20:26:00-04:00,29191.25,29191.25,29198.0,29190.0,29198.0,161
2026-08-25 20:27:00-04:00,29188.75,29188.75,29193.25,29186.5,29191.25,146
2026-08-25 20:28:00-04:00,29178.5,29178.5,29190.25,29165.25,29189.5,768
2026-08-25 20:29:00-04:00,29184.25,29184.25,29188.5,29179.75,29179.75,141
2026-08-25 20:30:00-04:00,29186.75,29186.75,29188.0,29180.5,29183.75,110
2026-08-25 20:31:00-04:00,29171.5,29171.5,29186.75,29168.5,29186.75,210
2026-08-25 20:32:00-04:00,29178.75,29178.75,29179.25,29170.0,29172.25,222
2026-08-25 20:33:00-04:00,29178.75,29178.75,29182.0,29173.25,29178.0,124
2026-08-25 20:34:00-04:00,29166.25,29166.25,29180.0,29165.25,29178.75,281
2026-08-25 20:35:00-04:00,29156.75,29156.75,29172.5,29155.0,29167.25,305
2026-08-25 20:36:00-04:00,29153.5,29153.5,29166.0,29152.75,29156.75,515
2026-08-25 20:37:00-04:00,29155.5,29155.5,29158.0,29146.75,29154.5,247
2026-08-25 20:38:00-04:00,29151.25,29151.25,29163.25,29148.5,29154.5,428
2026-08-25 20:39:00-04:00,29153.25,29153.25,29162.75,29149.25,29152.25,156
2026-08-25 20:40:00-04:00,29150.0,29150.0,29157.5,29138.0,29154.25,482
2026-08-25 20:41:00-04:00,29151.25,29151.25,29154.75,29146.5,29149.75,174
2026-08-25 20:42:00-04:00,29153.0,29153.0,29154.5,29148.0,29151.5,99
2026-08-25 20:43:00-04:00,29151.5,29151.5,29152.75,29146.5,29152.0,86
2026-08-25 20:44:00-04:00,29151.25,29151.25,29157.5,29145.0,29152.0,147
2026-08-25 20:45:00-04:00,29151.25,29151.25,29160.0,29143.75,29150.75,198
2026-08-25 20:46:00-04:00,29157.25,29157.25,29158.25,29149.5,29152.25,108
2026-08-25 20:47:00-04:00,29157.0,29157.0,29159.0,29152.25,29156.75,104
2026-08-25 20:48:00-04:00,29152.0,29152.0,29159.5,29148.75,29157.0,174
2026-08-25 20:49:00-04:00,29150.0,29150.0,29156.5,29147.75,29151.75,110
2026-08-25 20:50:00-04:00,29145.5,29145.5,29152.0,29145.25,29150.75,94
2026-08-25 20:51:00-04:00,29140.25,29140.25,29149.75,29140.0,29145.75,157
2026-08-25 20:52:00-04:00,29140.0,29140.0,29141.25,29133.75,29141.25,344
2026-08-25 20:53:00-04:00,29129.0,29129.0,29141.5,29127.75,29139.25,260
2026-08-25 20:54:00-04:00,29131.75,29131.75,29135.25,29126.5,29130.25,259
2026-08-25 20:55:00-04:00,29125.0,29125.0,29132.5,29125.0,29131.25,227
2026-08-25 20:56:00-04:00,29128.75,29128.75,29128.75,29122.0,29125.75,161
2026-08-25 20:57:00-04:00,29124.0,29124.0,29128.0,29123.0,29126.25,85
2026-08-25 20:58:00-04:00,29126.25,29126.25,29129.0,29120.5,29124.5,128
2026-08-25 20:59:00-04:00,29112.25,29112.25,29125.75,29110.5,29124.25,284
2026-08-25 21:00:00-04:00,29132.5,29132.5,29134.0,29106.75,29113.0,518
2026-08-25 21:01:00-04:00,29127.25,29127.25,29133.5,29125.0,29131.75,166
2026-08-25 21:02:00-04:00,29127.75,29127.75,29134.0,29126.0,29127.5,159
2026-08-25 21:03:00-04:00,29136.75,29136.75,29142.0,29127.0,29127.0,341
2026-08-25 21:04:00-04:00,29141.25,29141.25,29142.25,29136.0,29137.25,194
2026-08-25 21:05:00-04:00,29142.75,29142.75,29147.0,29140.5,29142.25,154
2026-08-25 21:06:00-04:00,29138.75,29138.75,29146.25,29138.0,29144.25,177
2026-08-25 21:07:00-04:00,29128.75,29128.75,29140.0,29127.5,29138.25,233
2026-08-25 21:08:00-04:00,29120.25,29120.25,29132.0,29117.25,29127.75,262
2026-08-25 21:09:00-04:00,29126.0,29126.0,29128.75,29119.25,29121.0,138
2026-08-25 21:10:00-04:00,29136.25,29136.25,29138.75,29121.25,29126.25,193
2026-08-25 21:11:00-04:00,29132.0,29132.0,29137.75,29130.5,29137.75,93
2026-08-25 21:12:00-04:00,29127.5,29127.5,29132.75,29122.75,29132.0,176
2026-08-25 21:13:00-04:00,29123.5,29123.5,29130.75,29123.0,29127.5,112
2026-08-25 21:14:00-04:00,29123.75,29123.75,29126.75,29120.5,29123.5,89
2026-08-25 21:15:00-04:00,29125.0,29125.0,29127.25,29120.0,29123.5,116
2026-08-25 21:16:00-04:00,29131.75,29131.75,29132.5,29121.5,29125.25,139
2026-08-25 21:17:00-04:00,29127.25,29127.25,29134.0,29120.0,29131.75,196
2026-08-25 21:18:00-04:00,29125.0,29125.0,29131.5,29117.5,29127.5,141
2026-08-25 21:19:00-04:00,29117.0,29117.0,29127.5,29115.0,29126.25,105
2026-08-25 21:20:00-04:00,29128.0,29128.0,29133.0,29114.25,29118.25,202
2026-08-25 21:21:00-04:00,29122.5,29122.5,29128.0,29115.0,29127.75,97
2026-08-25 21:22:00-04:00,29113.75,29113.75,29125.25,29112.0,29123.25,106
2026-08-25 21:23:00-04:00,29112.5,29112.5,29114.25,29108.75,29112.75,124
2026-08-25 21:24:00-04:00,29106.0,29106.0,29112.25,29100.0,29112.25,351
2026-08-25 21:25:00-04:00,29104.0,29104.0,29107.75,29099.0,29106.25,181
2026-08-25 21:26:00-04:00,29108.0,29108.0,29108.0,29101.75,29103.75,134
2026-08-25 21:27:00-04:00,29108.25,29108.25,29109.25,29105.0,29107.25,88
2026-08-25 21:28:00-04:00,29107.75,29107.75,29111.0,29105.5,29108.0,103
2026-08-25 21:29:00-04:00,29109.75,29109.75,29111.25,29105.25,29109.0,43
2026-08-25 21:30:00-04:00,29110.0,29110.0,29111.75,29099.75,29110.5,226
2026-08-25 21:31:00-04:00,29104.0,29104.0,29111.25,29104.0,29110.0,104
2026-08-25 21:32:00-04:00,29113.75,29113.75,29117.5,29103.25,29103.25,431
2026-08-25 21:33:00-04:00,29103.5,29103.5,29116.75,29096.75,29113.75,232
2026-08-25 21:34:00-04:00,29104.25,29104.25,29105.75,29097.0,29102.75,112
2026-08-25 21:35:00-04:00,29114.0,29114.0,29116.25,29096.0,29104.75,218
2026-08-25 21:36:00-04:00,29121.75,29121.75,29122.75,29111.75,29113.25,153
2026-08-25 21:37:00-04:00,29126.0,29126.0,29127.0,29121.75,29121.75,183
2026-08-25 21:38:00-04:00,29126.75,29126.75,29127.0,29124.25,29125.5,72
2026-08-25 21:39:00-04:00,29125.5,29125.5,29129.0,29124.0,29126.0,96
2026-08-25 21:40:00-04:00,29125.75,29125.75,29127.0,29122.75,29126.0,82
2026-08-25 21:41:00-04:00,29124.0,29124.0,29127.25,29122.0,29124.75,68
2026-08-25 21:42:00-04:00,29121.25,29121.25,29128.0,29116.0,29124.75,109
2026-08-25 21:43:00-04:00,29111.0,29111.0,29126.0,29110.25,29121.0,194
2026-08-25 21:44:00-04:00,29116.25,29116.25,29117.75,29111.0,29112.0,112
2026-08-25 21:45:00-04:00,29120.0,29120.0,29122.25,29113.75,29117.5,83
2026-08-25 21:46:00-04:00,29112.0,29112.0,29122.0,29110.0,29121.0,121
2026-08-25 21:47:00-04:00,29114.75,29114.75,29121.25,29111.75,29112.0,89
2026-08-25 21:48:00-04:00,29107.5,29107.5,29115.75,29104.75,29114.25,135
2026-08-25 21:49:00-04:00,29110.5,29110.5,29110.5,29106.0,29107.25,34
2026-08-25 21:50:00-04:00,29119.25,29119.25,29119.25,29105.75,29110.25,122
2026-08-25 21:51:00-04:00,29115.25,29115.25,29119.25,29112.5,29119.0,74
2026-08-25 21:52:00-04:00,29115.5,29115.5,29115.5,29110.5,29112.5,48
2026-08-25 21:53:00-04:00,29119.0,29119.0,29119.25,29114.25,29115.25,35
2026-08-25 21:54:00-04:00,29123.5,29123.5,29126.75,29117.5,29117.5,112
2026-08-25 21:55:00-04:00,29128.5,29128.5,29131.5,29122.75,29123.75,176
2026-08-25 21:56:00-04:00,29125.0,29125.0,29130.5,29122.0,29128.75,190
2026-08-25 21:57:00-04:00,29125.5,29125.5,29127.25,29124.0,29127.0,50
2026-08-25 21:58:00-04:00,29132.5,29132.5,29135.0,29127.0,29127.0,137
2026-08-25 21:59:00-04:00,29133.5,29133.5,29133.5,29128.75,29132.25,41
2026-08-25 22:00:00-04:00,29129.25,29129.25,29143.75,29122.75,29133.5,352
2026-08-25 22:01:00-04:00,29138.0,29138.0,29139.0,29126.5,29128.75,86
2026-08-25 22:02:00-04:00,29127.25,29127.25,29138.0,29125.75,29137.75,83
2026-08-25 22:03:00-04:00,29129.0,29129.0,29132.5,29127.75,29128.0,28
2026-08-25 22:04:00-04:00,29133.0,29133.0,29133.5,29124.5,29129.0,61
2026-08-25 22:05:00-04:00,29127.25,29127.25,29137.0,29126.75,29134.25,68
2026-08-25 22:06:00-04:00,29122.5,29122.5,29133.5,29119.25,29126.25,157
2026-08-25 22:07:00-04:00,29124.75,29124.75,29127.25,29120.5,29122.5,96
2026-08-25 22:08:00-04:00,29121.25,29121.25,29125.5,29121.25,29124.75,51
2026-08-25 22:09:00-04:00,29128.0,29128.0,29128.0,29120.0,29122.0,72
2026-08-25 22:10:00-04:00,29134.75,29134.75,29137.25,29128.0,29129.0,133
2026-08-25 22:11:00-04:00,29136.5,29136.5,29142.5,29132.0,29138.25,245
2026-08-25 22:12:00-04:00,29136.75,29136.75,29138.5,29134.5,29135.25,54
2026-08-25 22:13:00-04:00,29139.25,29139.25,29141.0,29138.25,29139.25,83
2026-08-25 22:14:00-04:00,29143.25,29143.25,29144.5,29139.5,29140.0,122
2026-08-25 22:15:00-04:00,29143.5,29143.5,29145.5,29140.5,29143.0,141
2026-08-25 22:16:00-04:00,29151.75,29151.75,29153.75,29144.5,29144.5,227
2026-08-25 22:17:00-04:00,29156.75,29156.75,29158.75,29148.75,29151.5,209
2026-08-25 22:18:00-04:00,29154.0,29154.0,29157.25,29146.75,29156.0,243
2026-08-25 22:19:00-04:00,29153.75,29153.75,29155.75,29152.25,29154.5,70
2026-08-25 22:20:00-04:00,29159.75,29159.75,29159.75,29151.75,29153.75,87
2026-08-25 22:21:00-04:00,29159.75,29159.75,29160.25,29156.0,29158.75,76
2026-08-25 22:22:00-04:00,29158.0,29158.0,29162.5,29157.5,29159.5,183
2026-08-25 22:23:00-04:00,29161.75,29161.75,29163.5,29158.5,29158.5,79
2026-08-25 22:24:00-04:00,29161.75,29161.75,29170.0,29159.5,29161.5,221
2026-08-25 22:25:00-04:00,29168.25,29168.25,29169.0,29161.25,29162.0,144
2026-08-25 22:26:00-04:00,29171.5,29171.5,29174.75,29167.75,29168.75,191
2026-08-25 22:27:00-04:00,29168.75,29168.75,29172.25,29165.5,29170.75,114
2026-08-25 22:28:00-04:00,29171.0,29171.0,29171.5,29167.5,29167.5,69
2026-08-25 22:29:00-04:00,29172.25,29172.25,29174.5,29170.0,29171.5,59
2026-08-25 22:30:00-04:00,29178.75,29178.75,29180.0,29171.0,29172.75,175
2026-08-25 22:31:00-04:00,29183.25,29183.25,29187.0,29178.75,29179.0,258
2026-08-25 22:32:00-04:00,29183.25,29183.25,29184.5,29177.5,29182.5,175
2026-08-25 22:33:00-04:00,29180.75,29180.75,29183.75,29179.75,29183.0,80
2026-08-25 22:34:00-04:00,29181.25,29181.25,29185.75,29178.5,29180.75,113
2026-08-25 22:35:00-04:00,29179.0,29179.0,29184.0,29178.0,29182.5,95
2026-08-25 22:36:00-04:00,29181.5,29181.5,29181.5,29177.75,29178.5,99
2026-08-25 22:37:00-04:00,29181.0,29181.0,29184.75,29179.5,29181.25,90
2026-08-25 22:38:00-04:00,29195.0,29195.0,29198.75,29179.0,29180.5,304
2026-08-25 22:39:00-04:00,29197.25,29197.25,29198.5,29195.5,29196.75,100
2026-08-25 22:40:00-04:00,29206.0,29206.0,29207.75,29195.5,29196.75,314
2026-08-25 22:41:00-04:00,29211.75,29211.75,29215.75,29205.0,29206.25,342
2026-08-25 22:42:00-04:00,29208.5,29208.5,29211.25,29205.5,29210.75,117
2026-08-25 22:43:00-04:00,29216.5,29216.5,29217.0,29207.5,29208.0,219
2026-08-25 22:44:00-04:00,29217.0,29217.0,29217.75,29213.25,29216.5,124
2026-08-25 22:45:00-04:00,29218.0,29218.0,29220.5,29211.25,29217.25,160
2026-08-25 22:46:00-04:00,29223.5,29223.5,29226.0,29217.5,29218.25,198
2026-08-25 22:47:00-04:00,29221.0,29221.0,29224.0,29215.0,29223.5,143
2026-08-25 22:48:00-04:00,29222.75,29222.75,29224.0,29219.75,29220.0,109
2026-08-25 22:49:00-04:00,29220.5,29220.5,29228.25,29220.5,29221.75,231
2026-08-25 22:50:00-04:00,29222.75,29222.75,29224.25,29216.75,29221.0,102
2026-08-25 22:51:00-04:00,29225.75,29225.75,29227.75,29220.25,29223.25,123
2026-08-25 22:52:00-04:00,29223.0,29223.0,29229.75,29221.5,29227.0,143
2026-08-25 22:53:00-04:00,29218.5,29218.5,29223.25,29216.5,29222.25,172
2026-08-25 22:54:00-04:00,29217.0,29217.0,29220.25,29215.75,29219.5,93
2026-08-25 22:55:00-04:00,29218.25,29218.25,29220.0,29215.5,29216.5,52
2026-08-25 22:56:00-04:00,29218.75,29218.75,29220.0,29217.0,29218.5,41
2026-08-25 22:57:00-04:00,29222.25,29222.25,29227.25,29219.5,29219.75,98
2026-08-25 22:58:00-04:00,29221.25,29221.25,29222.75,29219.0,29222.25,30
2026-08-25 22:59:00-04:00,29220.25,29220.25,29221.5,29218.75,29220.0,24
2026-08-25 23:00:00-04:00,29218.0,29218.0,29222.75,29212.0,29221.5,159
2026-08-25 23:01:00-04:00,29218.75,29218.75,29220.75,29215.75,29215.75,37
2026-08-25 23:02:00-04:00,29217.75,29217.75,29228.5,29216.0,29218.75,140
2026-08-25 23:03:00-04:00,29221.5,29221.5,29223.5,29218.25,29218.25,35
2026-08-25 23:04:00-04:00,29228.75,29228.75,29230.0,29218.25,29220.0,144
2026-08-25 23:05:00-04:00,29224.75,29224.75,29230.5,29223.75,29228.75,91
2026-08-25 23:06:00-04:00,29224.0,29224.0,29227.0,29223.75,29226.25,35
2026-08-25 23:07:00-04:00,29220.0,29220.0,29225.0,29219.0,29224.5,70
2026-08-25 23:08:00-04:00,29220.25,29220.25,29222.5,29218.5,29222.0,28
2026-08-25 23:09:00-04:00,29217.5,29217.5,29221.0,29214.75,29221.0,81
2026-08-25 23:10:00-04:00,29222.75,29222.75,29223.5,29216.0,29217.25,78
2026-08-25 23:11:00-04:00,29220.25,29220.25,29222.25,29217.5,29221.75,38
2026-08-25 23:12:00-04:00,29222.5,29222.5,29225.25,29220.5,29222.0,88
2026-08-25 23:13:00-04:00,29225.5,29225.5,29227.25,29221.75,29223.5,83
2026-08-25 23:14:00-04:00,29231.5,29231.5,29235.75,29225.25,29226.25,195
2026-08-25 23:15:00-04:00,29227.0,29227.0,29232.0,29221.5,29231.0,147
2026-08-25 23:16:00-04:00,29228.0,29228.0,29229.5,29226.25,29226.5,28
2026-08-25 23:17:00-04:00,29223.0,29223.0,29228.25,29222.75,29226.75,44
2026-08-25 23:18:00-04:00,29226.75,29226.75,29230.25,29222.25,29223.25,64
2026-08-25 23:19:00-04:00,29225.5,29225.5,29228.75,29224.75,29227.0,36
2026-08-25 23:20:00-04:00,29229.0,29229.0,29231.75,29226.25,29226.25,39
2026-08-25 23:21:00-04:00,29228.5,29228.5,29228.5,29225.75,29228.0,38
2026-08-25 23:22:00-04:00,29228.5,29228.5,29228.75,29227.0,29228.0,15
2026-08-25 23:23:00-04:00,29223.0,29223.0,29229.75,29222.25,29229.0,54
2026-08-25 23:24:00-04:00,29223.25,29223.25,29225.25,29221.25,29223.5,47
2026-08-25 23:25:00-04:00,29220.5,29220.5,29223.5,29220.5,29223.25,54
2026-08-25 23:26:00-04:00,29219.75,29219.75,29222.25,29219.0,29221.75,50
2026-08-25 23:27:00-04:00,29217.5,29217.5,29221.25,29217.5,29220.25,48
2026-08-25 23:28:00-04:00,29218.5,29218.5,29220.25,29217.75,29217.75,44
2026-08-25 23:29:00-04:00,29214.75,29214.75,29219.25,29213.25,29219.25,99
2026-08-25 23:30:00-04:00,29216.0,29216.0,29217.0,29205.0,29215.5,287
2026-08-25 23:31:00-04:00,29209.25,29209.25,29216.75,29209.25,29216.75,77
2026-08-25 23:32:00-04:00,29219.25,29219.25,29223.5,29209.25,29210.25,141
2026-08-25 23:33:00-04:00,29223.25,29223.25,29225.25,29217.25,29220.25,102
2026-08-25 23:34:00-04:00,29226.0,29226.0,29226.75,29222.0,29222.75,47
2026-08-25 23:35:00-04:00,29231.5,29231.5,29234.5,29226.0,29226.5,163
2026-08-25 23:36:00-04:00,29237.0,29237.0,29237.0,29228.0,29231.5,85
2026-08-25 23:37:00-04:00,29240.0,29240.0,29240.0,29233.0,29236.25,244
2026-08-25 23:38:00-04:00,29238.5,29238.5,29244.0,29235.75,29239.75,183
2026-08-25 23:39:00-04:00,29239.5,29239.5,29240.0,29232.75,29238.25,125
2026-08-25 23:40:00-04:00,29234.25,29234.25,29238.75,29234.0,29238.5,142
2026-08-25 23:41:00-04:00,29235.25,29235.25,29236.5,29232.75,29233.25,68
2026-08-25 23:42:00-04:00,29235.0,29235.0,29236.25,29232.75,29235.75,60
2026-08-25 23:43:00-04:00,29234.75,29234.75,29236.0,29231.25,29232.0,47
2026-08-25 23:44:00-04:00,29237.0,29237.0,29237.0,29232.25,29234.25,83
2026-08-25 23:45:00-04:00,29243.0,29243.0,29243.5,29235.75,29237.5,98
2026-08-25 23:46:00-04:00,29256.75,29256.75,29258.25,29241.75,29242.5,335
2026-08-25 23:47:00-04:00,29258.25,29258.25,29263.0,29255.5,29255.75,303
2026-08-25 23:48:00-04:00,29261.25,29261.25,29263.5,29257.5,29258.25,145
2026-08-25 23:49:00-04:00,29263.25,29263.25,29263.25,29258.5,29261.25,93
2026-08-25 23:50:00-04:00,29265.75,29265.75,29267.0,29262.0,29263.75,134
2026-08-25 23:51:00-04:00,29273.5,29273.5,29273.5,29266.0,29266.25,165
2026-08-25 23:52:00-04:00,29272.25,29272.25,29275.25,29268.0,29272.5,198
2026-08-25 23:53:00-04:00,29263.75,29263.75,29272.5,29263.75,29272.5,125
2026-08-25 23:54:00-04:00,29266.25,29266.25,29270.0,29263.25,29263.75,158
2026-08-25 23:55:00-04:00,29269.75,29269.75,29271.5,29267.25,29267.25,82
2026-08-25 23:56:00-04:00,29266.75,29266.75,29272.5,29262.25,29269.0,207
2026-08-25 23:57:00-04:00,29271.5,29271.5,29271.5,29263.0,29267.0,137
2026-08-25 23:58:00-04:00,29267.0,29267.0,29271.25,29266.25,29271.25,87
2026-08-26 00:09:00-04:00,29269.0,29269.0,29269.0,29263.5,29265.25,100
2026-08-26 00:10:00-04:00,29276.75,29276.75,29279.75,29267.0,29269.25,190
2026-08-26 00:11:00-04:00,29268.25,29268.25,29276.75,29267.75,29276.25,64
2026-08-26 00:12:00-04:00,29265.75,29265.75,29267.75,29264.25,29267.75,54
2026-08-26 00:13:00-04:00,29265.25,29265.25,29265.75,29260.5,29265.5,57
2026-08-26 00:14:00-04:00,29273.0,29273.0,29275.0,29264.75,29264.75,118
2026-08-26 00:15:00-04:00,29270.0,29270.0,29273.5,29269.75,29273.25,56
2026-08-26 00:16:00-04:00,29267.5,29267.5,29272.5,29266.0,29269.5,116
2026-08-26 00:17:00-04:00,29264.5,29264.5,29267.75,29262.0,29267.25,216
2026-08-26 00:18:00-04:00,29271.25,29271.25,29272.0,29265.75,29265.75,61
2026-08-26 00:19:00-04:00,29272.75,29272.75,29274.25,29269.75,29272.0,67
2026-08-26 00:20:00-04:00,29271.0,29271.0,29274.0,29270.25,29273.5,48
2026-08-26 00:21:00-04:00,29274.0,29274.0,29275.25,29270.25,29270.75,115
2026-08-26 00:22:00-04:00,29273.25,29273.25,29277.5,29272.0,29274.5,88
2026-08-26 00:23:00-04:00,29269.25,29269.25,29273.0,29268.75,29272.75,30
2026-08-26 00:24:00-04:00,29269.5,29269.5,29270.25,29267.75,29269.25,41
2026-08-26 00:25:00-04:00,29278.5,29278.5,29283.25,29269.75,29269.75,158
2026-08-26 00:26:00-04:00,29273.75,29273.75,29278.0,29269.25,29278.0,69
2026-08-26 00:27:00-04:00,29271.0,29271.0,29274.0,29266.75,29274.0,76
2026-08-26 00:28:00-04:00,29274.75,29274.75,29274.75,29267.0,29271.0,39
2026-08-26 00:29:00-04:00,29272.25,29272.25,29273.75,29270.75,29273.75,20
2026-08-26 00:30:00-04:00,29270.75,29270.75,29274.0,29269.5,29272.0,44
2026-08-26 00:31:00-04:00,29273.75,29273.75,29275.25,29269.75,29269.75,52
2026-08-26 00:32:00-04:00,29269.0,29269.0,29272.0,29268.25,29272.0,45
2026-08-26 00:33:00-04:00,29268.75,29268.75,29272.5,29265.75,29268.25,121
2026-08-26 00:34:00-04:00,29265.0,29265.0,29269.5,29261.5,29269.5,114
2026-08-26 00:35:00-04:00,29268.0,29268.0,29268.0,29262.25,29265.5,66
2026-08-26 00:36:00-04:00,29267.0,29267.0,29268.75,29265.25,29267.25,54
2026-08-26 00:37:00-04:00,29267.0,29267.0,29268.25,29264.5,29267.0,24
2026-08-26 00:38:00-04:00,29262.0,29262.0,29266.75,29261.0,29266.75,56
2026-08-26 00:39:00-04:00,29256.0,29256.0,29262.0,29253.5,29262.0,121
2026-08-26 00:40:00-04:00,29259.25,29259.25,29260.0,29255.0,29256.0,105
2026-08-26 00:41:00-04:00,29257.5,29257.5,29260.5,29255.5,29259.75,88
2026-08-26 00:42:00-04:00,29253.75,29253.75,29259.75,29253.75,29259.75,70
2026-08-26 00:43:00-04:00,29253.0,29253.0,29256.25,29253.0,29254.0,66
2026-08-26 00:44:00-04:00,29250.75,29250.75,29254.75,29247.75,29253.5,205
2026-08-26 00:45:00-04:00,29240.25,29240.25,29251.75,29239.75,29251.0,231
2026-08-26 00:46:00-04:00,29233.0,29233.0,29240.5,29231.75,29240.0,164
2026-08-26 00:47:00-04:00,29229.0,29229.0,29234.25,29226.25,29233.0,130
2026-08-26 00:48:00-04:00,29224.0,29224.0,29229.5,29224.0,29229.25,108
2026-08-26 00:49:00-04:00,29224.75,29224.75,29225.0,29217.25,29224.75,190
2026-08-26 00:50:00-04:00,29228.0,29228.0,29230.75,29223.25,29223.75,147
2026-08-26 00:51:00-04:00,29224.0,29224.0,29232.0,29221.5,29228.0,146
2026-08-26 00:52:00-04:00,29225.5,29225.5,29227.5,29222.25,29223.75,75
2026-08-26 00:53:00-04:00,29229.25,29229.25,29231.0,29220.75,29222.25,75
2026-08-26 00:54:00-04:00,29232.5,29232.5,29236.75,29229.0,29229.25,106
2026-08-26 00:55:00-04:00,29234.0,29234.0,29236.25,29231.0,29232.0,46
2026-08-26 00:56:00-04:00,29227.25,29227.25,29235.25,29226.5,29234.25,67
2026-08-26 00:57:00-04:00,29226.5,29226.5,29229.0,29224.75,29226.25,43
2026-08-26 00:58:00-04:00,29229.0,29229.0,29230.5,29223.0,29225.25,50
2026-08-26 00:59:00-04:00,29226.75,29226.75,29229.0,29226.5,29229.0,22
2026-08-26 01:00:00-04:00,29240.25,29240.25,29240.5,29226.5,29227.75,119
2026-08-26 01:01:00-04:00,29248.0,29248.0,29251.0,29232.25,29239.25,242
2026-08-26 01:02:00-04:00,29256.25,29256.25,29258.75,29247.0,29247.5,153
2026-08-26 01:03:00-04:00,29251.0,29251.0,29258.0,29245.5,29256.0,127
2026-08-26 01:04:00-04:00,29250.25,29250.25,29253.75,29248.25,29252.5,71
2026-08-26 01:05:00-04:00,29238.0,29238.0,29251.5,29235.0,29251.25,154
2026-08-26 01:06:00-04:00,29249.0,29249.0,29249.0,29237.5,29237.5,90
2026-08-26 01:07:00-04:00,29248.75,29248.75,29256.0,29247.25,29250.0,91
2026-08-26 01:08:00-04:00,29244.25,29244.25,29249.25,29239.75,29248.5,80
2026-08-26 01:09:00-04:00,29258.0,29258.0,29259.75,29243.25,29243.25,122
2026-08-26 01:10:00-04:00,29252.0,29252.0,29257.25,29250.75,29257.25,52
2026-08-26 01:11:00-04:00,29249.5,29249.5,29254.0,29245.0,29252.0,81
2026-08-26 01:12:00-04:00,29241.0,29241.0,29247.5,29240.75,29247.25,79
2026-08-26 01:13:00-04:00,29240.25,29240.25,29243.5,29237.75,29241.0,76
2026-08-26 01:14:00-04:00,29239.25,29239.25,29242.25,29236.0,29239.0,63
2026-08-26 01:15:00-04:00,29236.5,29236.5,29242.25,29233.5,29238.5,88
2026-08-26 01:16:00-04:00,29234.75,29234.75,29235.75,29229.0,29235.0,65
2026-08-26 01:17:00-04:00,29231.0,29231.0,29234.25,29229.75,29233.25,58
2026-08-26 01:18:00-04:00,29243.5,29243.5,29248.0,29231.25,29231.25,144
2026-08-26 01:19:00-04:00,29240.0,29240.0,29248.75,29239.75,29244.75,112
2026-08-26 01:20:00-04:00,29238.0,29238.0,29240.25,29235.0,29239.25,51
2026-08-26 01:21:00-04:00,29240.75,29240.75,29241.75,29236.5,29237.75,16
2026-08-26 01:22:00-04:00,29241.25,29241.25,29245.5,29238.25,29238.75,42
2026-08-26 01:23:00-04:00,29243.75,29243.75,29245.25,29240.5,29241.0,14
2026-08-26 01:24:00-04:00,29243.0,29243.0,29245.25,29240.75,29241.75,43
2026-08-26 01:25:00-04:00,29235.5,29235.5,29246.25,29233.75,29243.5,71
2026-08-26 01:26:00-04:00,29237.25,29237.25,29242.5,29234.5,29235.75,84
2026-08-26 01:27:00-04:00,29235.75,29235.75,29239.75,29235.25,29238.0,19
2026-08-26 01:28:00-04:00,29239.5,29239.5,29242.0,29236.5,29236.5,31
2026-08-26 01:29:00-04:00,29245.0,29245.0,29247.5,29241.5,29241.5,50
2026-08-26 01:30:00-04:00,29258.0,29258.0,29258.25,29246.0,29246.0,144
2026-08-26 01:31:00-04:00,29257.25,29257.25,29258.25,29252.25,29256.5,113
2026-08-26 01:32:00-04:00,29257.5,29257.5,29262.75,29255.0,29257.75,78
2026-08-26 01:33:00-04:00,29255.75,29255.75,29260.0,29254.25,29258.75,29
2026-08-26 01:34:00-04:00,29254.5,29254.5,29258.0,29253.0,29255.25,42
2026-08-26 01:35:00-04:00,29247.75,29247.75,29252.0,29245.25,29252.0,42
2026-08-26 01:36:00-04:00,29244.0,29244.0,29249.75,29243.0,29249.5,35
2026-08-26 01:37:00-04:00,29250.75,29250.75,29250.75,29241.25,29243.0,66
2026-08-26 01:38:00-04:00,29248.0,29248.0,29250.0,29241.75,29248.25,30
2026-08-26 01:39:00-04:00,29245.25,29245.25,29248.0,29242.5,29248.0,38
2026-08-26 01:40:00-04:00,29246.5,29246.5,29247.0,29244.0,29246.0,23
2026-08-26 01:41:00-04:00,29248.75,29248.75,29249.75,29245.75,29246.5,21
2026-08-26 01:42:00-04:00,29244.0,29244.0,29251.5,29244.0,29250.0,23
2026-08-26 01:43:00-04:00,29242.5,29242.5,29248.75,29242.25,29242.75,16
2026-08-26 01:44:00-04:00,29248.25,29248.25,29250.75,29242.25,29242.25,19
2026-08-26 01:45:00-04:00,29244.0,29244.0,29247.75,29243.75,29247.25,20
2026-08-26 01:46:00-04:00,29239.25,29239.25,29242.75,29237.25,29241.5,99
2026-08-26 01:47:00-04:00,29235.5,29235.5,29239.75,29233.5,29239.75,49
2026-08-26 01:48:00-04:00,29238.5,29238.5,29242.5,29233.25,29236.25,66
2026-08-26 01:49:00-04:00,29234.5,29234.5,29237.5,29231.75,29237.5,41
2026-08-26 01:50:00-04:00,29236.25,29236.25,29237.5,29229.75,29236.0,41
2026-08-26 01:51:00-04:00,29235.0,29235.0,29239.5,29233.0,29235.75,39
2026-08-26 01:52:00-04:00,29233.5,29233.5,29235.25,29232.0,29235.25,29
2026-08-26 01:53:00-04:00,29233.0,29233.0,29234.25,29231.75,29233.75,33
2026-08-26 01:54:00-04:00,29227.0,29227.0,29235.0,29226.0,29233.75,74
2026-08-26 01:55:00-04:00,29233.25,29233.25,29233.25,29226.0,29227.75,87
2026-08-26 01:56:00-04:00,29241.0,29241.0,29242.25,29231.0,29232.25,89
2026-08-26 01:57:00-04:00,29234.5,29234.5,29243.75,29232.25,29242.5,129
2026-08-26 01:58:00-04:00,29237.5,29237.5,29241.0,29233.0,29234.5,69
2026-08-26 01:59:00-04:00,29243.0,29243.0,29244.25,29237.75,29238.75,53
2026-08-26 02:00:00-04:00,29243.0,29243.0,29248.75,29236.75,29242.25,149
2026-08-26 02:01:00-04:00,29245.0,29245.0,29245.25,29239.5,29241.75,64
2026-08-26 02:02:00-04:00,29236.5,29236.5,29243.75,29233.0,29242.5,99
2026-08-26 02:03:00-04:00,29225.75,29225.75,29236.5,29223.25,29236.5,104
2026-08-26 02:04:00-04:00,29219.5,29219.5,29227.0,29216.0,29224.25,158
2026-08-26 02:05:00-04:00,29218.25,29218.25,29220.5,29216.25,29217.25,81
2026-08-26 02:06:00-04:00,29218.25,29218.25,29221.0,29215.0,29218.25,79
2026-08-26 02:07:00-04:00,29218.0,29218.0,29219.5,29216.25,29218.0,28
2026-08-26 02:08:00-04:00,29214.25,29214.25,29218.75,29212.0,29217.5,79
2026-08-26 02:09:00-04:00,29218.25,29218.25,29220.25,29215.0,29215.0,93
2026-08-26 02:10:00-04:00,29230.75,29230.75,29230.75,29215.0,29218.5,149
2026-08-26 02:11:00-04:00,29226.75,29226.75,29231.5,29225.25,29230.25,93
2026-08-26 02:12:00-04:00,29229.0,29229.0,29229.0,29221.75,29226.5,69
2026-08-26 02:13:00-04:00,29220.75,29220.75,29229.5,29219.25,29228.75,43
2026-08-26 02:14:00-04:00,29217.0,29217.0,29222.5,29217.0,29221.25,67
2026-08-26 02:15:00-04:00,29212.75,29212.75,29219.0,29210.5,29215.0,144
2026-08-26 02:16:00-04:00,29206.75,29206.75,29213.0,29203.5,29213.0,190
2026-08-26 02:17:00-04:00,29207.5,29207.5,29208.5,29205.5,29207.0,61
2026-08-26 02:18:00-04:00,29208.0,29208.0,29208.5,29205.5,29207.75,37
2026-08-26 02:19:00-04:00,29213.0,29213.0,29214.0,29206.25,29206.75,74
2026-08-26 02:20:00-04:00,29211.75,29211.75,29213.5,29208.5,29212.5,61
2026-08-26 02:21:00-04:00,29209.25,29209.25,29212.25,29208.75,29211.5,25
2026-08-26 02:22:00-04:00,29212.75,29212.75,29213.75,29207.75,29211.75,59
2026-08-26 02:23:00-04:00,29207.0,29207.0,29210.25,29205.75,29210.25,60
2026-08-26 02:24:00-04:00,29211.75,29211.75,29211.75,29204.75,29207.0,26
2026-08-26 02:25:00-04:00,29222.5,29222.5,29223.0,29203.75,29212.5,195
2026-08-26 02:26:00-04:00,29225.0,29225.0,29226.5,29215.5,29222.75,147
2026-08-26 02:27:00-04:00,29220.0,29220.0,29223.75,29219.0,29223.5,37
2026-08-26 02:28:00-04:00,29219.0,29219.0,29222.0,29218.0,29221.0,19
2026-08-26 02:29:00-04:00,29218.75,29218.75,29220.0,29217.0,29217.75,24
2026-08-26 02:30:00-04:00,29214.25,29214.25,29218.75,29209.75,29218.25,46
2026-08-26 02:31:00-04:00,29217.5,29217.5,29219.25,29210.5,29213.75,37
2026-08-26 02:32:00-04:00,29218.25,29218.25,29219.75,29217.25,29218.25,10
2026-08-26 02:33:00-04:00,29217.5,29217.5,29220.25,29216.25,29218.5,50
2026-08-26 02:34:00-04:00,29232.0,29232.0,29234.5,29218.25,29218.25,142
2026-08-26 02:35:00-04:00,29235.75,29235.75,29239.5,29230.5,29232.25,168
2026-08-26 02:36:00-04:00,29240.5,29240.5,29241.25,29236.5,29236.5,112
2026-08-26 02:37:00-04:00,29237.75,29237.75,29242.0,29237.75,29239.0,77
2026-08-26 02:38:00-04:00,29231.5,29231.5,29238.0,29229.0,29237.5,83
2026-08-26 02:39:00-04:00,29236.25,29236.25,29236.75,29231.0,29233.0,63
2026-08-26 02:40:00-04:00,29242.0,29242.0,29243.25,29235.75,29235.75,56
2026-08-26 02:41:00-04:00,29243.5,29243.5,29246.25,29242.0,29243.25,53
2026-08-26 02:42:00-04:00,29249.5,29249.5,29250.5,29241.5,29244.5,110
2026-08-26 02:43:00-04:00,29247.0,29247.0,29249.0,29245.0,29249.0,55
2026-08-26 02:44:00-04:00,29255.25,29255.25,29256.75,29248.25,29248.25,100
2026-08-26 02:45:00-04:00,29266.0,29266.0,29267.5,29254.75,29255.75,235
2026-08-26 02:46:00-04:00,29267.5,29267.5,29269.25,29265.5,29265.5,94
2026-08-26 02:47:00-04:00,29264.75,29264.75,29268.0,29263.75,29267.75,79
2026-08-26 02:48:00-04:00,29261.75,29261.75,29277.25,29261.5,29264.75,454
2026-08-26 02:49:00-04:00,29261.5,29261.5,29264.5,29261.0,29262.75,32
2026-08-26 02:50:00-04:00,29258.5,29258.5,29262.25,29258.5,29261.75,41
2026-08-26 02:51:00-04:00,29250.5,29250.5,29258.5,29248.75,29258.5,98
2026-08-26 02:52:00-04:00,29250.0,29250.0,29250.0,29243.75,29249.25,119
2026-08-26 02:53:00-04:00,29236.75,29236.75,29248.25,29236.75,29248.25,67
2026-08-26 02:54:00-04:00,29239.25,29239.25,29239.75,29236.5,29238.25,59
2026-08-26 02:55:00-04:00,29235.5,29235.5,29240.5,29232.25,29238.25,80
2026-08-26 02:56:00-04:00,29251.75,29251.75,29254.25,29232.75,29234.25,122
2026-08-26 02:57:00-04:00,29254.25,29254.25,29256.75,29249.0,29252.25,77
2026-08-26 02:58:00-04:00,29251.0,29251.0,29256.25,29250.0,29254.25,72
2026-08-26 02:59:00-04:00,29252.75,29252.75,29256.0,29250.75,29251.0,43
2026-08-26 03:00:00-04:00,29235.25,29235.25,29252.25,29235.25,29252.25,197
2026-08-26 03:01:00-04:00,29238.0,29238.0,29243.75,29234.25,29235.5,74
2026-08-26 03:02:00-04:00,29241.0,29241.0,29249.25,29233.25,29238.0,199
2026-08-26 03:03:00-04:00,29243.5,29243.5,29246.25,29232.75,29238.0,97
2026-08-26 03:04:00-04:00,29251.5,29251.5,29256.25,29242.5,29242.5,196
2026-08-26 03:05:00-04:00,29253.25,29253.25,29255.5,29251.75,29252.0,105
2026-08-26 03:06:00-04:00,29247.25,29247.25,29257.75,29241.75,29251.0,95
2026-08-26 03:07:00-04:00,29229.5,29229.5,29247.0,29229.25,29247.0,110
2026-08-26 03:08:00-04:00,29220.0,29220.0,29231.25,29219.25,29230.75,110
2026-08-26 03:09:00-04:00,29216.5,29216.5,29223.25,29213.25,29221.5,76
2026-08-26 03:10:00-04:00,29210.5,29210.5,29218.5,29209.5,29216.75,109
2026-08-26 03:11:00-04:00,29210.5,29210.5,29215.5,29205.25,29210.75,164
2026-08-26 03:12:00-04:00,29223.75,29223.75,29227.0,29201.25,29211.25,343
2026-08-26 03:13:00-04:00,29229.75,29229.75,29234.0,29222.75,29224.0,200
2026-08-26 03:14:00-04:00,29236.75,29236.75,29237.0,29231.5,29232.25,101
2026-08-26 03:15:00-04:00,29235.75,29235.75,29244.5,29230.0,29237.0,128
2026-08-26 03:16:00-04:00,29230.5,29230.5,29239.75,29230.5,29235.0,92
2026-08-26 03:17:00-04:00,29231.0,29231.0,29232.75,29226.5,29232.0,77
2026-08-26 03:18:00-04:00,29238.0,29238.0,29238.0,29228.25,29229.75,58
2026-08-26 03:19:00-04:00,29230.0,29230.0,29238.25,29225.25,29236.5,114
2026-08-26 03:20:00-04:00,29225.0,29225.0,29230.25,29225.0,29230.25,38
2026-08-26 03:21:00-04:00,29212.25,29212.25,29224.75,29212.25,29224.0,86
2026-08-26 03:22:00-04:00,29215.0,29215.0,29215.0,29210.25,29214.25,132
2026-08-26 03:23:00-04:00,29217.5,29217.5,29221.75,29214.0,29215.75,137
2026-08-26 03:24:00-04:00,29214.75,29214.75,29220.75,29213.5,29218.25,40
2026-08-26 03:25:00-04:00,29215.0,29215.0,29216.25,29212.25,29215.0,56
2026-08-26 03:26:00-04:00,29206.75,29206.75,29216.0,29202.0,29214.0,185
2026-08-26 03:27:00-04:00,29200.0,29200.0,29210.25,29192.25,29207.5,291
2026-08-26 03:28:00-04:00,29202.25,29202.25,29202.75,29194.0,29199.0,196
2026-08-26 03:29:00-04:00,29199.0,29199.0,29205.0,29195.75,29203.25,157
2026-08-26 03:30:00-04:00,29199.0,29199.0,29205.5,29198.75,29201.25,79
2026-08-26 03:31:00-04:00,29191.25,29191.25,29200.25,29190.75,29200.0,88
2026-08-26 03:32:00-04:00,29191.5,29191.5,29193.25,29186.5,29192.25,147
2026-08-26 03:33:00-04:00,29194.5,29194.5,29197.0,29185.75,29193.25,144
2026-08-26 03:34:00-04:00,29196.5,29196.5,29199.5,29192.0,29194.25,58
2026-08-26 03:35:00-04:00,29206.5,29206.5,29207.75,29194.25,29194.25,110
2026-08-26 03:36:00-04:00,29203.25,29203.25,29211.0,29202.75,29207.25,110
2026-08-26 03:37:00-04:00,29203.0,29203.0,29205.5,29194.75,29203.25,95
2026-08-26 03:38:00-04:00,29203.75,29203.75,29203.75,29200.75,29202.25,24
2026-08-26 03:39:00-04:00,29200.0,29200.0,29207.5,29196.75,29206.0,94
2026-08-26 03:40:00-04:00,29199.0,29199.0,29199.5,29193.25,29199.5,75
2026-08-26 03:41:00-04:00,29199.0,29199.0,29203.25,29196.5,29199.5,56
2026-08-26 03:42:00-04:00,29202.5,29202.5,29204.25,29196.75,29198.75,60
2026-08-26 03:43:00-04:00,29199.75,29199.75,29204.75,29199.0,29204.5,41
2026-08-26 03:44:00-04:00,29199.25,29199.25,29201.0,29197.25,29199.5,44
2026-08-26 03:45:00-04:00,29196.75,29196.75,29199.5,29196.75,29199.5,11
2026-08-26 03:46:00-04:00,29200.5,29200.5,29201.25,29194.25,29195.0,23
2026-08-26 03:47:00-04:00,29208.0,29208.0,29209.0,29199.5,29201.75,92
2026-08-26 03:48:00-04:00,29217.25,29217.25,29217.25,29206.5,29208.0,143
2026-08-26 03:49:00-04:00,29197.0,29197.0,29219.25,29197.0,29217.0,162
2026-08-26 03:50:00-04:00,29202.0,29202.0,29203.5,29187.25,29198.25,172
2026-08-26 03:51:00-04:00,29197.5,29197.5,29202.25,29195.0,29202.0,50
2026-08-26 03:52:00-04:00,29202.0,29202.0,29204.5,29196.25,29196.75,29
2026-08-26 03:53:00-04:00,29204.25,29204.25,29205.0,29199.5,29201.0,55
2026-08-26 03:54:00-04:00,29204.0,29204.0,29205.5,29202.0,29202.25,45
2026-08-26 03:55:00-04:00,29201.75,29201.75,29204.0,29200.0,29201.25,27
2026-08-26 03:56:00-04:00,29215.0,29215.0,29215.25,29203.25,29203.5,83
2026-08-26 03:57:00-04:00,29213.5,29213.5,29215.0,29210.5,29215.0,79
2026-08-26 03:58:00-04:00,29211.25,29211.25,29213.25,29209.25,29212.25,30
2026-08-26 03:59:00-04:00,29212.25,29212.25,29212.25,29208.0,29209.0,22
2026-08-26 04:00:00-04:00,29208.75,29208.75,29214.25,29200.0,29213.0,180
2026-08-26 04:01:00-04:00,29221.5,29221.5,29225.75,29206.75,29208.25,210
2026-08-26 04:02:00-04:00,29212.75,29212.75,29221.75,29198.25,29220.75,193
2026-08-26 04:03:00-04:00,29208.75,29208.75,29216.75,29203.25,29211.75,95
2026-08-26 04:04:00-04:00,29231.0,29231.0,29235.75,29208.0,29208.75,215
2026-08-26 04:05:00-04:00,29218.5,29218.5,29228.25,29214.0,29228.25,92
2026-08-26 04:06:00-04:00,29220.0,29220.0,29231.5,29213.75,29217.75,153
2026-08-26 04:07:00-04:00,29224.75,29224.75,29228.25,29220.5,29220.5,67
2026-08-26 04:08:00-04:00,29228.0,29228.0,29233.75,29222.5,29223.0,91
2026-08-26 04:09:00-04:00,29237.75,29237.75,29241.5,29229.5,29230.25,200
2026-08-26 04:10:00-04:00,29237.5,29237.5,29241.25,29236.75,29238.0,56
2026-08-26 04:11:00-04:00,29237.0,29237.0,29245.25,29234.5,29237.75,133
2026-08-26 04:12:00-04:00,29218.25,29218.25,29236.0,29217.75,29235.0,164
2026-08-26 04:13:00-04:00,29216.75,29216.75,29221.25,29215.75,29218.25,78
2026-08-26 04:14:00-04:00,29205.75,29205.75,29218.0,29202.0,29218.0,147
2026-08-26 04:15:00-04:00,29203.75,29203.75,29205.75,29200.0,29205.5,108
2026-08-26 04:16:00-04:00,29222.5,29222.5,29228.0,29203.75,29203.75,146
2026-08-26 04:17:00-04:00,29214.0,29214.0,29220.5,29214.0,29219.25,70
2026-08-26 04:18:00-04:00,29202.25,29202.25,29215.25,29200.0,29214.75,93
2026-08-26 04:19:00-04:00,29198.75,29198.75,29204.25,29194.25,29201.0,98
2026-08-26 04:20:00-04:00,29194.5,29194.5,29201.0,29194.5,29199.0,72
2026-08-26 04:21:00-04:00,29194.75,29194.75,29199.25,29190.5,29196.0,267
2026-08-26 04:22:00-04:00,29188.75,29188.75,29196.75,29185.0,29196.0,156
2026-08-26 04:23:00-04:00,29191.0,29191.0,29194.25,29188.25,29189.25,99
2026-08-26 04:24:00-04:00,29196.25,29196.25,29198.0,29192.0,29192.0,63
2026-08-26 04:25:00-04:00,29206.0,29206.0,29207.75,29195.5,29197.5,105
2026-08-26 04:26:00-04:00,29212.0,29212.0,29212.0,29203.25,29205.0,78
2026-08-26 04:27:00-04:00,29212.25,29212.25,29216.5,29206.25,29210.75,74
2026-08-26 04:28:00-04:00,29220.75,29220.75,29222.25,29211.25,29213.75,94
2026-08-26 04:29:00-04:00,29235.5,29235.5,29235.5,29218.0,29223.0,159
2026-08-26 04:30:00-04:00,29217.0,29217.0,29234.75,29211.75,29234.75,188
2026-08-26 04:31:00-04:00,29225.75,29225.75,29227.25,29218.5,29219.25,72
2026-08-26 04:32:00-04:00,29232.75,29232.75,29234.0,29222.75,29226.75,49
2026-08-26 04:33:00-04:00,29241.0,29241.0,29242.75,29223.25,29230.0,140
2026-08-26 04:34:00-04:00,29230.5,29230.5,29242.25,29229.5,29241.75,73
2026-08-26 04:35:00-04:00,29230.0,29230.0,29230.75,29228.0,29230.25,40
2026-08-26 04:36:00-04:00,29233.5,29233.5,29233.5,29230.75,29231.0,33
2026-08-26 04:37:00-04:00,29231.25,29231.25,29234.75,29230.5,29233.75,48
2026-08-26 04:38:00-04:00,29236.0,29236.0,29236.0,29232.0,29233.5,22
2026-08-26 04:39:00-04:00,29238.5,29238.5,29239.75,29234.25,29235.0,61
2026-08-26 04:40:00-04:00,29241.25,29241.25,29241.25,29234.5,29239.5,56
2026-08-26 04:41:00-04:00,29238.25,29238.25,29239.5,29235.75,29239.0,24
2026-08-26 04:42:00-04:00,29249.5,29249.5,29251.0,29238.0,29238.75,94
2026-08-26 04:43:00-04:00,29246.25,29246.25,29249.25,29242.5,29248.75,86
2026-08-26 04:44:00-04:00,29242.5,29242.5,29246.0,29241.25,29245.5,34
2026-08-26 04:45:00-04:00,29238.5,29238.5,29241.25,29237.5,29241.0,26
2026-08-26 04:46:00-04:00,29237.5,29237.5,29239.75,29233.0,29239.75,52
2026-08-26 04:47:00-04:00,29233.5,29233.5,29237.75,29232.25,29237.5,26
2026-08-26 04:48:00-04:00,29233.5,29233.5,29233.75,29230.0,29233.75,34
2026-08-26 04:49:00-04:00,29231.25,29231.25,29233.5,29230.5,29233.0,27
2026-08-26 04:50:00-04:00,29235.75,29235.75,29235.75,29232.0,29232.75,39
2026-08-26 04:51:00-04:00,29231.5,29231.5,29234.0,29228.25,29233.5,57
2026-08-26 04:52:00-04:00,29233.5,29233.5,29234.25,29232.0,29232.0,23
2026-08-26 04:53:00-04:00,29233.0,29233.0,29234.25,29232.25,29232.75,6
2026-08-26 04:54:00-04:00,29225.75,29225.75,29234.0,29223.75,29234.0,47
2026-08-26 04:55:00-04:00,29216.25,29216.25,29226.0,29214.0,29225.0,95
2026-08-26 04:56:00-04:00,29216.0,29216.0,29219.75,29215.0,29216.5,76
2026-08-26 04:57:00-04:00,29214.0,29214.0,29218.0,29209.75,29215.75,59
2026-08-26 04:58:00-04:00,29218.5,29218.5,29219.5,29213.5,29214.25,40
2026-08-26 04:59:00-04:00,29228.0,29228.0,29228.0,29218.25,29219.0,66
2026-08-26 05:00:00-04:00,29225.0,29225.0,29230.5,29223.25,29227.75,84
2026-08-26 05:01:00-04:00,29225.5,29225.5,29234.75,29217.0,29224.25,183
2026-08-26 05:02:00-04:00,29221.75,29221.75,29227.5,29221.25,29225.25,30
2026-08-26 05:03:00-04:00,29220.0,29220.0,29224.5,29219.75,29219.75,23
2026-08-26 05:04:00-04:00,29221.25,29221.25,29225.5,29221.0,29221.75,21
2026-08-26 05:05:00-04:00,29221.0,29221.0,29223.5,29216.25,29220.75,30
2026-08-26 05:06:00-04:00,29220.25,29220.25,29222.0,29219.5,29222.0,13
2026-08-26 05:07:00-04:00,29221.0,29221.0,29222.0,29220.0,29222.0,26
2026-08-26 05:08:00-04:00,29217.5,29217.5,29220.25,29217.25,29219.75,15
2026-08-26 05:09:00-04:00,29214.0,29214.0,29217.0,29213.5,29217.0,41
2026-08-26 05:10:00-04:00,29218.0,29218.0,29218.5,29213.75,29213.75,37
2026-08-26 05:11:00-04:00,29220.75,29220.75,29223.75,29217.5,29218.75,44
2026-08-26 05:12:00-04:00,29218.5,29218.5,29221.75,29217.5,29221.5,14
2026-08-26 05:13:00-04:00,29217.0,29217.0,29218.75,29216.0,29217.5,11
2026-08-26 05:14:00-04:00,29218.75,29218.75,29219.75,29216.0,29216.25,21
2026-08-26 05:15:00-04:00,29218.25,29218.25,29221.5,29216.25,29218.25,49
2026-08-26 05:16:00-04:00,29213.25,29213.25,29219.25,29208.5,29218.25,132
2026-08-26 05:17:00-04:00,29209.5,29209.5,29213.5,29207.0,29212.5,41
2026-08-26 05:18:00-04:00,29210.0,29210.0,29213.5,29210.0,29210.25,21
2026-08-26 05:19:00-04:00,29210.0,29210.0,29212.75,29204.5,29212.5,48
2026-08-26 05:20:00-04:00,29213.25,29213.25,29219.75,29210.25,29210.25,143
2026-08-26 05:21:00-04:00,29217.25,29217.25,29217.25,29211.0,29213.25,30
2026-08-26 05:22:00-04:00,29212.25,29212.25,29218.0,29207.75,29217.5,40
2026-08-26 05:23:00-04:00,29199.5,29199.5,29213.0,29197.0,29213.0,127
2026-08-26 05:24:00-04:00,29196.0,29196.0,29202.75,29196.0,29200.0,52
2026-08-26 05:25:00-04:00,29205.0,29205.0,29206.0,29191.25,29197.0,120
2026-08-26 05:26:00-04:00,29199.25,29199.25,29206.5,29199.25,29206.0,96
2026-08-26 05:27:00-04:00,29197.0,29197.0,29202.75,29197.0,29199.5,41
2026-08-26 05:28:00-04:00,29195.25,29195.25,29200.25,29194.0,29198.0,98
2026-08-26 05:29:00-04:00,29198.0,29198.0,29201.0,29193.5,29193.5,81
2026-08-26 05:30:00-04:00,29199.0,29199.0,29207.0,29198.5,29200.0,69
2026-08-26 05:31:00-04:00,29208.25,29208.25,29210.0,29200.0,29200.0,78
2026-08-26 05:32:00-04:00,29208.25,29208.25,29208.5,29206.0,29207.75,25
2026-08-26 05:33:00-04:00,29219.25,29219.25,29219.25,29202.75,29207.5,110
2026-08-26 05:34:00-04:00,29205.75,29205.75,29219.25,29202.75,29219.0,70
2026-08-26 05:35:00-04:00,29205.25,29205.25,29211.0,29204.0,29207.5,75
2026-08-26 05:36:00-04:00,29208.75,29208.75,29210.5,29204.0,29204.0,77
2026-08-26 05:37:00-04:00,29205.25,29205.25,29210.25,29205.25,29208.5,22
2026-08-26 05:38:00-04:00,29206.75,29206.75,29208.25,29204.0,29205.0,27
2026-08-26 05:39:00-04:00,29209.5,29209.5,29210.0,29206.25,29206.75,15
2026-08-26 05:40:00-04:00,29210.25,29210.25,29211.5,29208.25,29211.5,14
2026-08-26 05:41:00-04:00,29210.0,29210.0,29210.5,29209.5,29210.25,10
2026-08-26 05:42:00-04:00,29209.25,29209.25,29211.0,29208.25,29210.5,5
2026-08-26 05:43:00-04:00,29216.5,29216.5,29218.5,29210.0,29211.0,36
2026-08-26 05:44:00-04:00,29214.75,29214.75,29216.5,29210.75,29215.75,24
2026-08-26 05:45:00-04:00,29215.75,29215.75,29217.0,29213.75,29214.0,26
2026-08-26 05:46:00-04:00,29221.5,29221.5,29222.75,29215.75,29216.0,95
2026-08-26 05:47:00-04:00,29217.0,29217.0,29221.75,29216.75,29220.75,40
2026-08-26 05:48:00-04:00,29220.0,29220.0,29222.5,29217.0,29217.75,42
2026-08-26 05:49:00-04:00,29224.5,29224.5,29225.25,29220.0,29220.25,75
2026-08-26 05:50:00-04:00,29226.75,29226.75,29227.5,29221.25,29225.5,68
2026-08-26 05:51:00-04:00,29223.0,29223.0,29227.5,29223.0,29226.5,64
2026-08-26 05:52:00-04:00,29225.0,29225.0,29225.0,29221.75,29224.25,10
2026-08-26 05:53:00-04:00,29223.75,29223.75,29225.0,29222.5,29223.75,42
2026-08-26 05:54:00-04:00,29231.25,29231.25,29235.5,29223.0,29223.5,127
2026-08-26 05:55:00-04:00,29233.25,29233.25,29234.75,29229.0,29232.0,51
2026-08-26 05:56:00-04:00,29234.0,29234.0,29234.5,29232.5,29232.5,21
2026-08-26 05:57:00-04:00,29235.0,29235.0,29235.0,29229.75,29233.0,79
2026-08-26 05:58:00-04:00,29236.0,29236.0,29236.5,29234.5,29234.5,11
2026-08-26 05:59:00-04:00,29234.5,29234.5,29236.25,29234.5,29235.0,7
2026-08-26 06:00:00-04:00,29230.0,29230.0,29235.0,29225.5,29234.25,82
2026-08-26 06:01:00-04:00,29224.5,29224.5,29232.0,29222.5,29232.0,59
2026-08-26 06:02:00-04:00,29219.0,29219.0,29225.0,29218.25,29225.0,51
2026-08-26 06:03:00-04:00,29217.0,29217.0,29219.25,29212.25,29219.25,85
2026-08-26 06:04:00-04:00,29216.75,29216.75,29218.5,29214.75,29216.0,33
2026-08-26 06:05:00-04:00,29216.75,29216.75,29218.5,29215.0,29216.0,44
2026-08-26 06:06:00-04:00,29217.25,29217.25,29222.0,29216.75,29218.0,40
2026-08-26 06:07:00-04:00,29214.0,29214.0,29218.5,29212.0,29217.0,93
2026-08-26 06:08:00-04:00,29213.75,29213.75,29214.75,29210.5,29214.25,27
2026-08-26 06:09:00-04:00,29214.0,29214.0,29214.5,29211.0,29212.5,15
2026-08-26 06:10:00-04:00,29206.0,29206.0,29213.5,29206.0,29213.5,53
2026-08-26 06:11:00-04:00,29205.0,29205.0,29208.5,29203.5,29207.25,67
2026-08-26 06:12:00-04:00,29201.25,29201.25,29205.75,29198.5,29205.75,73
2026-08-26 06:13:00-04:00,29202.5,29202.5,29202.75,29200.0,29201.5,56
2026-08-26 06:14:00-04:00,29198.0,29198.0,29203.0,29196.0,29202.5,78
2026-08-26 06:15:00-04:00,29206.75,29206.75,29208.75,29196.5,29197.25,118
2026-08-26 06:16:00-04:00,29209.5,29209.5,29212.0,29207.5,29208.25,79
2026-08-26 06:17:00-04:00,29209.5,29209.5,29211.25,29207.0,29210.75,28
2026-08-26 06:18:00-04:00,29209.75,29209.75,29209.75,29206.75,29209.0,28
2026-08-26 06:19:00-04:00,29210.25,29210.25,29212.0,29209.25,29209.75,49
2026-08-26 06:20:00-04:00,29197.5,29197.5,29211.75,29196.25,29211.25,113
2026-08-26 06:21:00-04:00,29199.0,29199.0,29201.75,29198.0,29198.0,69
2026-08-26 06:22:00-04:00,29202.0,29202.0,29204.5,29199.25,29199.25,63
2026-08-26 06:23:00-04:00,29209.75,29209.75,29209.75,29201.0,29203.75,58
2026-08-26 06:24:00-04:00,29216.25,29216.25,29217.0,29209.75,29209.75,84
2026-08-26 06:25:00-04:00,29217.0,29217.0,29217.0,29212.25,29215.75,43
2026-08-26 06:26:00-04:00,29209.75,29209.75,29217.0,29208.5,29217.0,29
2026-08-26 06:27:00-04:00,29206.5,29206.5,29212.25,29206.25,29208.75,38
2026-08-26 06:28:00-04:00,29207.0,29207.0,29208.25,29204.5,29205.5,29
2026-08-26 06:29:00-04:00,29200.25,29200.25,29206.25,29200.0,29206.25,73
2026-08-26 06:30:00-04:00,29193.0,29193.0,29201.0,29188.75,29201.0,175
2026-08-26 06:31:00-04:00,29194.5,29194.5,29196.25,29190.0,29193.0,67
2026-08-26 06:32:00-04:00,29204.25,29204.25,29204.75,29194.5,29195.25,74
2026-08-26 06:33:00-04:00,29216.25,29216.25,29216.25,29201.75,29204.0,197
2026-08-26 06:34:00-04:00,29227.5,29227.5,29229.75,29216.5,29217.0,201
2026-08-26 06:35:00-04:00,29231.75,29231.75,29233.0,29225.75,29228.0,137
2026-08-26 06:36:00-04:00,29227.0,29227.0,29232.5,29225.0,29231.0,46
2026-08-26 06:37:00-04:00,29228.75,29228.75,29228.75,29225.0,29226.25,43
2026-08-26 06:38:00-04:00,29236.75,29236.75,29237.25,29227.75,29229.5,137
2026-08-26 06:39:00-04:00,29235.75,29235.75,29240.5,29234.25,29237.25,89
2026-08-26 06:40:00-04:00,29240.25,29240.25,29242.25,29235.0,29236.25,75
2026-08-26 06:41:00-04:00,29237.0,29237.0,29239.0,29234.5,29238.0,43
2026-08-26 06:42:00-04:00,29230.0,29230.0,29237.25,29230.0,29237.25,56
2026-08-26 06:43:00-04:00,29228.25,29228.25,29231.5,29225.75,29229.75,55
2026-08-26 06:44:00-04:00,29228.5,29228.5,29229.25,29227.25,29227.5,14
2026-08-26 06:45:00-04:00,29228.5,29228.5,29229.0,29224.0,29228.5,66
2026-08-26 06:46:00-04:00,29233.75,29233.75,29234.75,29227.75,29228.5,35
2026-08-26 06:47:00-04:00,29230.0,29230.0,29232.0,29227.75,29232.0,40
2026-08-26 06:48:00-04:00,29233.5,29233.5,29233.5,29230.5,29230.75,19
2026-08-26 06:49:00-04:00,29238.25,29238.25,29240.25,29232.0,29233.25,75
2026-08-26 06:50:00-04:00,29236.25,29236.25,29239.5,29224.5,29237.75,289
2026-08-26 06:51:00-04:00,29234.25,29234.25,29237.25,29231.75,29237.25,33
2026-08-26 06:52:00-04:00,29231.5,29231.5,29234.75,29229.0,29234.75,63
2026-08-26 06:53:00-04:00,29229.0,29229.0,29232.0,29227.25,29231.75,36
2026-08-26 06:54:00-04:00,29229.5,29229.5,29233.0,29227.5,29227.5,27
2026-08-26 06:55:00-04:00,29227.75,29227.75,29230.5,29227.75,29230.0,26
2026-08-26 06:56:00-04:00,29231.5,29231.5,29231.5,29227.25,29229.0,19
2026-08-26 06:57:00-04:00,29231.5,29231.5,29232.0,29229.5,29231.0,39
2026-08-26 06:58:00-04:00,29233.0,29233.0,29234.0,29230.25,29232.75,35
2026-08-26 06:59:00-04:00,29237.5,29237.5,29239.5,29229.75,29230.75,95
2026-08-26 07:00:00-04:00,29249.0,29249.0,29254.0,29235.0,29237.5,331
2026-08-26 07:01:00-04:00,29261.25,29261.25,29264.5,29248.25,29248.25,213
2026-08-26 07:02:00-04:00,29257.75,29257.75,29264.25,29257.0,29261.75,121
2026-08-26 07:03:00-04:00,29257.5,29257.5,29260.0,29255.0,29259.5,79
2026-08-26 07:04:00-04:00,29259.75,29259.75,29261.25,29253.5,29257.0,92
2026-08-26 07:05:00-04:00,29256.0,29256.0,29259.25,29253.25,29259.25,63
2026-08-26 07:06:00-04:00,29251.25,29251.25,29256.0,29248.75,29256.0,56
2026-08-26 07:07:00-04:00,29250.0,29250.0,29252.0,29247.75,29248.25,74
2026-08-26 07:08:00-04:00,29242.5,29242.5,29250.5,29241.75,29250.25,88
2026-08-26 07:09:00-04:00,29239.5,29239.5,29244.75,29235.75,29243.5,86
2026-08-26 07:10:00-04:00,29243.75,29243.75,29244.5,29238.75,29240.0,60
2026-08-26 07:11:00-04:00,29242.75,29242.75,29247.5,29242.75,29243.0,58
2026-08-26 07:12:00-04:00,29251.25,29251.25,29251.25,29243.25,29243.25,64
2026-08-26 07:13:00-04:00,29252.75,29252.75,29257.0,29249.75,29251.25,102
2026-08-26 07:14:00-04:00,29254.0,29254.0,29256.75,29253.0,29255.0,47
2026-08-26 07:15:00-04:00,29265.25,29265.25,29267.25,29252.25,29253.0,150
2026-08-26 07:16:00-04:00,29263.25,29263.25,29263.25,29258.0,29262.25,136
2026-08-26 07:17:00-04:00,29264.75,29264.75,29266.0,29261.5,29261.5,135
2026-08-26 07:18:00-04:00,29260.25,29260.25,29278.75,29260.0,29265.5,556
2026-08-26 07:19:00-04:00,29257.5,29257.5,29264.0,29254.25,29260.25,139
2026-08-26 07:20:00-04:00,29249.25,29249.25,29260.0,29249.0,29257.75,89
2026-08-26 07:21:00-04:00,29254.5,29254.5,29255.0,29248.5,29248.5,98
2026-08-26 07:22:00-04:00,29249.0,29249.0,29256.75,29249.0,29255.0,73
2026-08-26 07:23:00-04:00,29251.5,29251.5,29253.25,29249.25,29249.25,88
2026-08-26 07:24:00-04:00,29248.75,29248.75,29252.75,29247.75,29251.5,73
2026-08-26 07:25:00-04:00,29246.5,29246.5,29249.25,29244.5,29247.75,52
2026-08-26 07:26:00-04:00,29247.25,29247.25,29249.75,29245.5,29246.25,52
2026-08-26 07:27:00-04:00,29248.5,29248.5,29251.0,29244.25,29246.5,50
2026-08-26 07:28:00-04:00,29248.75,29248.75,29251.0,29234.75,29247.25,209
2026-08-26 07:29:00-04:00,29253.0,29253.0,29253.5,29248.25,29248.25,72
2026-08-26 07:30:00-04:00,29248.0,29248.0,29252.25,29248.0,29252.25,62
2026-08-26 07:31:00-04:00,29260.25,29260.25,29261.75,29246.0,29249.0,214
2026-08-26 07:32:00-04:00,29261.25,29261.25,29261.25,29255.5,29258.5,64
2026-08-26 07:33:00-04:00,29248.0,29248.0,29261.75,29248.0,29261.5,76
2026-08-26 07:34:00-04:00,29242.75,29242.75,29248.25,29240.5,29247.75,90
2026-08-26 07:35:00-04:00,29238.25,29238.25,29243.5,29236.75,29242.25,44
2026-08-26 07:36:00-04:00,29230.75,29230.75,29240.0,29230.75,29239.75,218
2026-08-26 07:37:00-04:00,29221.25,29221.25,29231.5,29219.75,29231.5,199
2026-08-26 07:38:00-04:00,29206.75,29206.75,29220.75,29202.5,29220.75,368
2026-08-26 07:39:00-04:00,29205.0,29205.0,29209.0,29203.75,29206.5,126
2026-08-26 07:40:00-04:00,29201.0,29201.0,29207.5,29198.0,29205.0,196
2026-08-26 07:41:00-04:00,29207.0,29207.0,29210.0,29200.0,29200.0,158
2026-08-26 07:42:00-04:00,29206.75,29206.75,29209.25,29193.0,29207.0,206
2026-08-26 07:43:00-04:00,29205.25,29205.25,29209.5,29205.25,29206.5,81
2026-08-26 07:44:00-04:00,29209.5,29209.5,29214.75,29203.0,29206.5,189
2026-08-26 07:45:00-04:00,29206.75,29206.75,29212.75,29205.0,29210.25,172
2026-08-26 07:46:00-04:00,29201.75,29201.75,29206.5,29197.5,29205.25,236
2026-08-26 07:47:00-04:00,29200.0,29200.0,29207.0,29200.0,29202.25,88
2026-08-26 07:48:00-04:00,29190.25,29190.25,29200.25,29186.0,29200.0,285
2026-08-26 07:49:00-04:00,29192.0,29192.0,29198.0,29188.25,29190.25,115
2026-08-26 07:50:00-04:00,29205.25,29205.25,29209.0,29194.0,29194.5,155
2026-08-26 07:51:00-04:00,29224.75,29224.75,29227.5,29204.5,29205.5,456
2026-08-26 07:52:00-04:00,29225.0,29225.0,29225.5,29218.0,29225.0,133
2026-08-26 07:53:00-04:00,29223.25,29223.25,29225.0,29220.75,29223.75,84
2026-08-26 07:54:00-04:00,29218.25,29218.25,29223.5,29212.75,29223.5,185
2026-08-26 07:55:00-04:00,29217.0,29217.0,29221.5,29215.25,29217.0,65
2026-08-26 07:56:00-04:00,29216.25,29216.25,29219.75,29214.0,29218.75,84
2026-08-26 07:57:00-04:00,29218.5,29218.5,29221.25,29215.25,29216.5,69
2026-08-26 07:58:00-04:00,29220.0,29220.0,29221.75,29217.0,29219.25,80
2026-08-26 07:59:00-04:00,29219.5,29219.5,29222.75,29217.75,29220.25,98
2026-08-26 08:00:00-04:00,29221.25,29221.25,29223.5,29216.5,29220.75,152
2026-08-26 08:01:00-04:00,29213.5,29213.5,29223.5,29205.25,29221.5,237
2026-08-26 08:02:00-04:00,29217.5,29217.5,29220.0,29212.0,29213.75,126
2026-08-26 08:03:00-04:00,29214.0,29214.0,29223.25,29202.5,29217.75,130
2026-08-26 08:04:00-04:00,29219.75,29219.75,29219.75,29213.0,29215.25,70
2026-08-26 08:05:00-04:00,29213.75,29213.75,29222.25,29213.75,29219.25,91
2026-08-26 08:06:00-04:00,29207.5,29207.5,29219.0,29204.5,29214.75,149
2026-08-26 08:07:00-04:00,29206.5,29206.5,29209.0,29203.5,29208.0,77
2026-08-26 08:08:00-04:00,29210.25,29210.25,29214.5,29206.75,29206.75,99
2026-08-26 08:09:00-04:00,29212.0,29212.0,29214.0,29210.75,29211.5,60
2026-08-26 08:10:00-04:00,29210.0,29210.0,29213.75,29206.75,29212.25,96
2026-08-26 08:11:00-04:00,29204.75,29204.75,29210.75,29200.0,29209.25,126
2026-08-26 08:12:00-04:00,29203.25,29203.25,29214.25,29203.25,29204.5,154
2026-08-26 08:13:00-04:00,29220.0,29220.0,29221.25,29203.75,29203.75,264
2026-08-26 08:14:00-04:00,29215.75,29215.75,29220.5,29214.5,29219.0,84
2026-08-26 08:15:00-04:00,29202.5,29202.5,29216.5,29200.5,29215.5,155
2026-08-26 08:16:00-04:00,29197.5,29197.5,29202.75,29196.0,29202.5,217
2026-08-26 08:17:00-04:00,29197.25,29197.25,29200.75,29190.0,29197.25,207
2026-08-26 08:18:00-04:00,29196.0,29196.0,29206.0,29196.0,29199.25,122
2026-08-26 08:19:00-04:00,29203.25,29203.25,29205.0,29194.75,29196.0,126
2026-08-26 08:20:00-04:00,29215.25,29215.25,29215.25,29199.5,29203.25,317
2026-08-26 08:21:00-04:00,29225.5,29225.5,29226.25,29215.0,29215.75,209
2026-08-26 08:22:00-04:00,29226.5,29226.5,29227.25,29221.5,29225.0,144
2026-08-26 08:23:00-04:00,29232.0,29232.0,29235.75,29223.75,29226.5,271
2026-08-26 08:24:00-04:00,29230.25,29230.25,29233.5,29228.0,29233.0,112
2026-08-26 08:25:00-04:00,29233.5,29233.5,29238.25,29228.75,29231.0,162
2026-08-26 08:26:00-04:00,29233.0,29233.0,29235.25,29227.25,29233.25,208
2026-08-26 08:27:00-04:00,29236.0,29236.0,29242.75,29231.75,29232.75,223
2026-08-26 08:28:00-04:00,29247.75,29247.75,29250.0,29236.25,29237.0,270
2026-08-26 08:29:00-04:00,29257.25,29257.25,29259.5,29240.75,29247.75,279
2026-08-26 08:30:00-04:00,29214.75,29214.75,29263.25,29203.5,29256.75,1312
2026-08-26 08:31:00-04:00,29181.0,29181.0,29219.75,29169.25,29216.5,1303
2026-08-26 08:32:00-04:00,29174.5,29174.5,29184.5,29163.0,29180.5,872
2026-08-26 08:33:00-04:00,29178.5,29178.5,29181.75,29165.25,29174.25,484
2026-08-26 08:34:00-04:00,29177.0,29177.0,29188.0,29166.0,29177.0,595
2026-08-26 08:35:00-04:00,29157.25,29157.25,29181.0,29154.0,29177.0,734
2026-08-26 08:36:00-04:00,29157.25,29157.25,29159.5,29149.75,29157.75,560
2026-08-26 08:37:00-04:00,29170.0,29170.0,29171.75,29155.75,29156.25,439
2026-08-26 08:38:00-04:00,29166.5,29166.5,29173.0,29161.5,29170.5,269
2026-08-26 08:39:00-04:00,29172.75,29172.75,29173.75,29162.75,29165.0,266
2026-08-26 08:40:00-04:00,29172.75,29172.75,29175.5,29167.0,29172.0,219
2026-08-26 08:41:00-04:00,29167.0,29167.0,29179.75,29161.0,29172.75,505
2026-08-26 08:42:00-04:00,29181.5,29181.5,29182.0,29165.75,29166.75,341
2026-08-26 08:43:00-04:00,29184.5,29184.5,29188.5,29172.0,29181.25,352
2026-08-26 08:44:00-04:00,29164.75,29164.75,29184.0,29164.25,29183.0,396
2026-08-26 08:45:00-04:00,29170.0,29170.0,29181.0,29162.75,29165.0,412
2026-08-26 08:46:00-04:00,29152.5,29152.5,29170.5,29149.5,29169.0,535
2026-08-26 08:47:00-04:00,29169.25,29169.25,29171.75,29153.25,29153.5,318
2026-08-26 08:48:00-04:00,29167.75,29167.75,29177.5,29161.5,29169.75,353
2026-08-26 08:49:00-04:00,29175.25,29175.25,29175.25,29167.0,29168.5,260
2026-08-26 08:50:00-04:00,29171.5,29171.5,29180.0,29167.25,29174.5,324
2026-08-26 08:51:00-04:00,29173.25,29173.25,29181.5,29168.5,29172.25,282
2026-08-26 08:52:00-04:00,29157.75,29157.75,29174.5,29147.0,29173.75,513
2026-08-26 08:53:00-04:00,29151.0,29151.0,29158.5,29150.75,29158.0,235
2026-08-26 08:54:00-04:00,29145.25,29145.25,29151.5,29133.25,29151.5,1448
2026-08-26 08:55:00-04:00,29151.5,29151.5,29156.5,29139.25,29145.25,734
2026-08-26 08:56:00-04:00,29147.75,29147.75,29153.0,29144.25,29152.0,370
2026-08-26 08:57:00-04:00,29161.5,29161.5,29162.25,29147.25,29147.25,239
2026-08-26 08:58:00-04:00,29146.0,29146.0,29162.75,29141.5,29161.75,828
2026-08-26 08:59:00-04:00,29150.75,29150.75,29157.75,29148.25,29148.25,375
2026-08-26 09:00:00-04:00,29157.0,29157.0,29158.5,29144.0,29151.75,477
2026-08-26 09:01:00-04:00,29156.75,29156.75,29161.75,29145.25,29156.5,403
2026-08-26 09:02:00-04:00,29161.0,29161.0,29162.5,29155.0,29155.75,366
2026-08-26 09:03:00-04:00,29158.25,29158.25,29164.75,29152.5,29161.75,336
2026-08-26 09:04:00-04:00,29153.25,29153.25,29163.5,29153.0,29158.75,241
2026-08-26 09:05:00-04:00,29152.75,29152.75,29164.75,29149.0,29154.0,440
2026-08-26 09:06:00-04:00,29157.5,29157.5,29166.5,29151.25,29153.25,320
2026-08-26 09:07:00-04:00,29153.25,29153.25,29160.0,29152.5,29158.75,159
2026-08-26 09:08:00-04:00,29150.0,29150.0,29156.25,29142.5,29153.5,265
2026-08-26 09:09:00-04:00,29138.25,29138.25,29149.5,29133.5,29149.5,335
2026-08-26 09:10:00-04:00,29139.0,29139.0,29140.75,29134.75,29138.5,364
2026-08-26 09:11:00-04:00,29144.5,29144.5,29144.5,29135.0,29138.25,164
2026-08-26 09:12:00-04:00,29150.25,29150.25,29150.25,29141.0,29144.75,208
2026-08-26 09:13:00-04:00,29163.0,29163.0,29163.25,29149.0,29150.5,302
2026-08-26 09:14:00-04:00,29171.75,29171.75,29173.0,29161.25,29163.0,292
2026-08-26 09:15:00-04:00,29164.5,29164.5,29174.0,29164.5,29172.25,304
2026-08-26 09:16:00-04:00,29168.25,29168.25,29170.75,29160.0,29163.75,269
2026-08-26 09:17:00-04:00,29164.75,29164.75,29171.25,29161.75,29169.0,145
2026-08-26 09:18:00-04:00,29161.75,29161.75,29173.5,29159.75,29164.25,426
2026-08-26 09:19:00-04:00,29164.75,29164.75,29166.0,29160.25,29161.25,188
2026-08-26 09:20:00-04:00,29159.0,29159.0,29164.75,29156.5,29164.25,199
2026-08-26 09:21:00-04:00,29156.0,29156.0,29160.0,29153.75,29158.25,187
2026-08-26 09:22:00-04:00,29158.5,29158.5,29160.25,29153.5,29156.25,195
2026-08-26 09:23:00-04:00,29159.25,29159.25,29162.0,29157.0,29159.75,211
2026-08-26 09:24:00-04:00,29162.0,29162.0,29163.0,29157.5,29159.25,228
2026-08-26 09:25:00-04:00,29156.75,29156.75,29172.5,29155.5,29163.5,531
2026-08-26 09:26:00-04:00,29160.0,29160.0,29162.75,29156.0,29156.5,194
2026-08-26 09:27:00-04:00,29165.0,29165.0,29166.25,29156.25,29160.0,367
2026-08-26 09:28:00-04:00,29172.0,29172.0,29173.25,29156.25,29165.0,528
2026-08-26 09:29:00-04:00,29173.75,29173.75,29175.0,29159.0,29171.75,675
2026-08-26 09:30:00-04:00,29229.25,29229.25,29239.5,29174.25,29174.5,5276
2026-08-26 09:31:00-04:00,29275.5,29275.5,29283.0,29216.75,29229.0,4149
2026-08-26 09:32:00-04:00,29263.0,29263.0,29278.0,29254.5,29275.25,2861
2026-08-26 09:33:00-04:00,29261.5,29261.5,29266.25,29236.75,29263.75,2814
2026-08-26 09:34:00-04:00,29256.0,29256.0,29277.75,29248.75,29260.5,2230
2026-08-26 09:35:00-04:00,29218.25,29218.25,29257.0,29206.75,29256.0,4335
2026-08-26 09:36:00-04:00,29268.25,29268.25,29271.5,29209.25,29219.25,3201
2026-08-26 09:37:00-04:00,29265.0,29265.0,29275.5,29238.0,29267.75,2296
2026-08-26 09:38:00-04:00,29244.5,29244.5,29266.5,29243.75,29265.25,1610
2026-08-26 09:39:00-04:00,29236.75,29236.75,29244.25,29223.0,29243.75,2436
2026-08-26 09:40:00-04:00,29261.0,29261.0,29271.25,29229.5,29236.0,2355
2026-08-26 09:41:00-04:00,29248.25,29248.25,29271.0,29247.0,29261.0,1689
2026-08-26 09:42:00-04:00,29251.25,29251.25,29257.5,29223.75,29247.75,1769
2026-08-26 09:43:00-04:00,29288.5,29288.5,29301.25,29250.25,29250.75,3663
2026-08-26 09:44:00-04:00,29291.0,29291.0,29313.25,29286.25,29287.75,2964
2026-08-26 09:45:00-04:00,29311.75,29311.75,29316.0,29283.0,29290.75,2215
2026-08-26 09:46:00-04:00,29284.0,29284.0,29313.0,29278.0,29311.0,2081
2026-08-26 09:47:00-04:00,29289.25,29289.25,29291.25,29270.5,29283.75,1769
2026-08-26 09:48:00-04:00,29287.25,29287.25,29306.5,29279.5,29288.5,1725
2026-08-26 09:49:00-04:00,29268.5,29268.5,29299.0,29267.5,29288.25,1412
2026-08-26 09:50:00-04:00,29260.0,29260.0,29274.75,29255.25,29269.25,1874
2026-08-26 09:51:00-04:00,29278.75,29278.75,29281.25,29252.5,29260.25,1498
2026-08-26 09:52:00-04:00,29284.5,29284.5,29294.25,29277.75,29280.0,1554
2026-08-26 09:53:00-04:00,29298.0,29298.0,29303.75,29277.25,29284.0,1346
2026-08-26 09:54:00-04:00,29307.5,29307.5,29309.0,29288.5,29298.0,1432
2026-08-26 09:55:00-04:00,29318.75,29318.75,29321.25,29294.0,29307.75,1967
2026-08-26 09:56:00-04:00,29322.75,29322.75,29330.0,29310.5,29319.25,1718
2026-08-26 09:57:00-04:00,29314.75,29314.75,29329.5,29308.25,29323.5,1227
2026-08-26 09:58:00-04:00,29318.0,29318.0,29324.25,29314.5,29314.75,906
2026-08-26 09:59:00-04:00,29331.25,29331.25,29332.75,29314.0,29318.75,996
2026-08-26 10:00:00-04:00,29311.0,29311.0,29332.5,29305.75,29331.5,1771
2026-08-26 10:01:00-04:00,29308.75,29308.75,29313.5,29296.75,29310.25,1403
2026-08-26 10:02:00-04:00,29303.25,29303.25,29316.0,29300.75,29308.5,984
2026-08-26 10:03:00-04:00,29311.5,29311.5,29320.0,29301.75,29302.75,901
2026-08-26 10:04:00-04:00,29305.25,29305.25,29314.25,29305.0,29311.0,680
2026-08-26 10:05:00-04:00,29297.5,29297.5,29311.0,29293.5,29305.25,1253
2026-08-26 10:06:00-04:00,29310.5,29310.5,29310.5,29289.0,29297.25,971
2026-08-26 10:07:00-04:00,29289.25,29289.25,29310.0,29286.5,29310.0,830
2026-08-26 10:08:00-04:00,29286.25,29286.25,29301.25,29283.25,29288.25,780
2026-08-26 10:09:00-04:00,29281.25,29281.25,29289.0,29273.5,29286.75,994
2026-08-26 10:10:00-04:00,29266.5,29266.5,29283.75,29264.5,29281.75,1102
2026-08-26 10:11:00-04:00,29263.5,29263.5,29273.0,29262.0,29267.0,721
2026-08-26 10:12:00-04:00,29247.75,29247.75,29264.0,29235.5,29263.25,2111
2026-08-26 10:13:00-04:00,29254.0,29254.0,29255.5,29235.75,29247.5,1135
2026-08-26 10:14:00-04:00,29246.0,29246.0,29262.25,29242.0,29254.0,1046
2026-08-26 10:15:00-04:00,29238.0,29238.0,29251.5,29232.0,29246.25,1376
2026-08-26 10:16:00-04:00,29240.25,29240.25,29246.0,29230.5,29237.5,913
2026-08-26 10:17:00-04:00,29249.5,29249.5,29251.5,29237.75,29239.5,832
2026-08-26 10:18:00-04:00,29251.75,29251.75,29262.75,29246.0,29249.25,1094
2026-08-26 10:19:00-04:00,29238.25,29238.25,29261.5,29238.0,29251.5,826
2026-08-26 10:20:00-04:00,29234.0,29234.0,29244.25,29232.5,29238.75,818
2026-08-26 10:21:00-04:00,29216.5,29216.5,29234.25,29212.0,29234.0,1646
2026-08-26 10:22:00-04:00,29212.5,29212.5,29218.5,29200.75,29216.75,1443
2026-08-26 10:23:00-04:00,29212.5,29212.5,29229.5,29209.0,29212.0,1130
2026-08-26 10:24:00-04:00,29202.75,29202.75,29215.75,29200.0,29212.25,1075
2026-08-26 10:25:00-04:00,29192.25,29192.25,29208.75,29191.0,29202.75,1506
2026-08-26 10:26:00-04:00,29176.0,29176.0,29191.75,29175.0,29191.75,2080
2026-08-26 10:27:00-04:00,29164.0,29164.0,29177.0,29163.0,29176.25,2029
2026-08-26 10:28:00-04:00,29180.5,29180.5,29181.5,29156.75,29164.5,1830
2026-08-26 10:29:00-04:00,29178.25,29178.25,29189.5,29176.0,29180.5,1206
2026-08-26 10:30:00-04:00,29193.25,29193.25,29198.75,29176.0,29178.25,1701
2026-08-26 10:31:00-04:00,29193.0,29193.0,29195.75,29178.0,29195.25,1079
2026-08-26 10:32:00-04:00,29194.0,29194.0,29198.0,29183.5,29193.25,783
2026-08-26 10:33:00-04:00,29197.5,29197.5,29198.0,29190.0,29194.0,525
2026-08-26 10:34:00-04:00,29197.25,29197.25,29204.0,29190.0,29197.25,1113
2026-08-26 10:35:00-04:00,29192.5,29192.5,29198.5,29183.25,29196.25,711
2026-08-26 10:36:00-04:00,29214.75,29214.75,29215.5,29191.25,29192.75,1081
2026-08-26 10:37:00-04:00,29230.0,29230.0,29231.75,29212.25,29214.75,1661
2026-08-26 10:38:00-04:00,29216.25,29216.25,29231.25,29214.75,29230.25,1006
2026-08-26 10:39:00-04:00,29214.0,29214.0,29221.0,29213.0,29216.5,543
2026-08-26 10:40:00-04:00,29238.0,29238.0,29238.5,29213.25,29213.5,1258
2026-08-26 10:41:00-04:00,29228.0,29228.0,29238.25,29220.5,29238.0,766
2026-08-26 10:42:00-04:00,29216.25,29216.25,29230.5,29215.25,29228.25,703
2026-08-26 10:43:00-04:00,29215.5,29215.5,29223.5,29212.5,29216.0,720
2026-08-26 10:44:00-04:00,29221.0,29221.0,29225.75,29214.5,29215.75,724
2026-08-26 10:45:00-04:00,29208.25,29208.25,29226.25,29207.0,29221.5,946
2026-08-26 10:46:00-04:00,29226.75,29226.75,29230.75,29206.25,29209.0,838
2026-08-26 10:47:00-04:00,29236.75,29236.75,29238.0,29226.5,29227.0,692
2026-08-26 10:48:00-04:00,29235.5,29235.5,29244.5,29227.75,29236.5,1062
2026-08-26 10:49:00-04:00,29238.5,29238.5,29240.5,29232.25,29236.0,560
2026-08-26 10:50:00-04:00,29254.0,29254.0,29255.0,29238.0,29238.0,1066
2026-08-26 10:51:00-04:00,29255.5,29255.5,29256.75,29249.5,29253.5,694
2026-08-26 10:52:00-04:00,29264.5,29264.5,29267.75,29254.5,29255.0,970
2026-08-26 10:53:00-04:00,29248.75,29248.75,29268.0,29248.5,29264.25,963
2026-08-26 10:54:00-04:00,29241.25,29241.25,29250.75,29240.0,29248.75,705
2026-08-26 10:55:00-04:00,29248.25,29248.25,29252.0,29234.5,29241.25,849
2026-08-26 10:56:00-04:00,29250.0,29250.0,29259.0,29248.5,29248.5,782
2026-08-26 10:57:00-04:00,29249.5,29249.5,29257.0,29244.0,29251.25,561
2026-08-26 10:58:00-04:00,29246.5,29246.5,29251.5,29243.0,29249.0,463
2026-08-26 10:59:00-04:00,29252.25,29252.25,29254.75,29241.25,29246.25,593
2026-08-26 11:00:00-04:00,29248.5,29248.5,29258.25,29246.0,29251.75,852
2026-08-26 11:01:00-04:00,29253.5,29253.5,29256.75,29247.5,29248.5,477
2026-08-26 11:02:00-04:00,29269.0,29269.0,29272.75,29251.75,29254.25,1098
2026-08-26 11:03:00-04:00,29258.5,29258.5,29270.25,29254.5,29269.25,832
2026-08-26 11:04:00-04:00,29261.5,29261.5,29261.5,29254.25,29259.5,518
2026-08-26 11:05:00-04:00,29267.75,29267.75,29271.5,29259.75,29261.0,605
2026-08-26 11:06:00-04:00,29273.75,29273.75,29274.0,29267.0,29268.25,564
2026-08-26 11:07:00-04:00,29273.5,29273.5,29283.0,29270.75,29273.75,981
2026-08-26 11:08:00-04:00,29270.5,29270.5,29275.0,29263.25,29272.75,657
2026-08-26 11:09:00-04:00,29269.75,29269.75,29273.0,29267.0,29271.25,411
2026-08-26 11:10:00-04:00,29269.5,29269.5,29272.0,29258.5,29270.0,725
2026-08-26 11:11:00-04:00,29268.75,29268.75,29274.25,29266.5,29269.5,495
2026-08-26 11:12:00-04:00,29264.0,29264.0,29276.0,29262.75,29269.0,603
2026-08-26 11:13:00-04:00,29253.5,29253.5,29265.25,29251.75,29263.5,830
2026-08-26 11:14:00-04:00,29257.5,29257.5,29258.75,29250.0,29254.0,531
2026-08-26 11:15:00-04:00,29246.25,29246.25,29257.75,29242.25,29257.25,826
2026-08-26 11:16:00-04:00,29234.0,29234.0,29246.75,29230.0,29246.0,994
2026-08-26 11:17:00-04:00,29233.0,29233.0,29235.5,29222.5,29233.5,1027
2026-08-26 11:18:00-04:00,29243.0,29243.0,29244.25,29232.5,29232.75,554
2026-08-26 11:19:00-04:00,29244.0,29244.0,29248.5,29236.75,29242.5,584
2026-08-26 11:20:00-04:00,29248.75,29248.75,29251.5,29239.75,29242.75,535
2026-08-26 11:21:00-04:00,29253.5,29253.5,29261.25,29245.75,29248.75,802
2026-08-26 11:22:00-04:00,29236.5,29236.5,29253.25,29236.5,29253.0,862
2026-08-26 11:23:00-04:00,29242.25,29242.25,29243.25,29233.5,29236.25,470
2026-08-26 11:24:00-04:00,29241.0,29241.0,29244.5,29239.0,29242.75,295
2026-08-26 11:25:00-04:00,29238.75,29238.75,29244.25,29236.5,29240.0,488
2026-08-26 11:26:00-04:00,29242.75,29242.75,29246.25,29236.75,29237.5,479
2026-08-26 11:27:00-04:00,29250.25,29250.25,29253.0,29240.25,29243.0,600
2026-08-26 11:28:00-04:00,29264.0,29264.0,29264.5,29245.5,29250.25,733
2026-08-26 11:29:00-04:00,29256.5,29256.5,29267.0,29255.5,29264.25,917
2026-08-26 11:30:00-04:00,29253.0,29253.0,29260.0,29249.0,29256.75,786
2026-08-26 11:31:00-04:00,29248.5,29248.5,29254.0,29240.75,29253.0,642
2026-08-26 11:32:00-04:00,29241.25,29241.25,29252.75,29241.25,29249.25,331
2026-08-26 11:33:00-04:00,29231.25,29231.25,29242.75,29227.25,29241.5,768
2026-08-26 11:34:00-04:00,29230.25,29230.25,29233.75,29220.75,29231.25,879
2026-08-26 11:35:00-04:00,29243.75,29243.75,29246.25,29228.5,29230.25,1109
2026-08-26 11:36:00-04:00,29245.25,29245.25,29248.0,29242.0,29244.25,586
2026-08-26 11:37:00-04:00,29256.5,29256.5,29256.75,29241.25,29245.5,516
2026-08-26 11:38:00-04:00,29246.25,29246.25,29257.25,29244.25,29257.25,377
2026-08-26 11:39:00-04:00,29251.0,29251.0,29256.0,29244.5,29246.75,349
2026-08-26 11:40:00-04:00,29267.5,29267.5,29269.25,29248.0,29251.0,685
2026-08-26 11:41:00-04:00,29268.25,29268.25,29271.5,29262.75,29267.5,725
2026-08-26 11:42:00-04:00,29278.25,29278.25,29280.0,29261.75,29265.0,770
2026-08-26 11:43:00-04:00,29285.0,29285.0,29288.0,29276.25,29278.25,990
2026-08-26 11:44:00-04:00,29283.0,29283.0,29289.75,29279.5,29285.0,882
2026-08-26 11:45:00-04:00,29278.25,29278.25,29284.0,29277.5,29282.25,626
2026-08-26 11:46:00-04:00,29282.5,29282.5,29285.5,29275.0,29278.5,448
2026-08-26 11:47:00-04:00,29279.0,29279.0,29284.0,29277.75,29282.75,330
2026-08-26 11:48:00-04:00,29281.0,29281.0,29284.25,29274.75,29279.0,435
2026-08-26 11:49:00-04:00,29288.75,29288.75,29291.0,29278.5,29280.25,615
2026-08-26 11:50:00-04:00,29276.25,29276.25,29291.5,29275.25,29289.0,739
2026-08-26 11:51:00-04:00,29243.0,29243.0,29276.75,29242.25,29276.25,2446
2026-08-26 11:52:00-04:00,29245.75,29245.75,29256.5,29237.25,29244.75,1647
2026-08-26 11:53:00-04:00,29244.5,29244.5,29249.75,29235.25,29246.0,884
2026-08-26 11:54:00-04:00,29235.75,29235.75,29250.0,29231.75,29245.5,637
2026-08-26 11:55:00-04:00,29232.25,29232.25,29239.0,29232.0,29235.0,514
2026-08-26 11:56:00-04:00,29245.75,29245.75,29245.75,29225.75,29232.25,959
2026-08-26 11:57:00-04:00,29235.25,29235.25,29245.0,29234.25,29244.75,430
2026-08-26 11:58:00-04:00,29225.75,29225.75,29236.5,29224.5,29235.0,545
2026-08-26 11:59:00-04:00,29217.75,29217.75,29226.0,29215.5,29225.25,820
2026-08-26 12:00:00-04:00,29199.75,29199.75,29219.25,29199.25,29217.75,1204
2026-08-26 12:01:00-04:00,29194.0,29194.0,29202.75,29189.0,29199.5,1158
2026-08-26 12:02:00-04:00,29202.5,29202.5,29207.0,29193.0,29193.5,1130
2026-08-26 12:03:00-04:00,29212.75,29212.75,29212.75,29196.25,29202.5,740
2026-08-26 12:04:00-04:00,29214.0,29214.0,29218.75,29208.5,29212.5,780
2026-08-26 12:05:00-04:00,29214.0,29214.0,29217.0,29204.25,29213.25,742
2026-08-26 12:06:00-04:00,29209.5,29209.5,29222.5,29208.25,29214.5,708
2026-08-26 12:07:00-04:00,29213.25,29213.25,29215.5,29201.0,29209.25,555
2026-08-26 12:08:00-04:00,29210.5,29210.5,29224.25,29209.5,29213.0,660
2026-08-26 12:09:00-04:00,29207.0,29207.0,29211.5,29206.0,29210.25,317
2026-08-26 12:10:00-04:00,29204.0,29204.0,29208.25,29198.5,29207.5,563
2026-08-26 12:11:00-04:00,29204.25,29204.25,29208.75,29199.75,29204.25,376
2026-08-26 12:12:00-04:00,29207.75,29207.75,29213.75,29203.0,29204.5,460
2026-08-26 12:13:00-04:00,29207.5,29207.5,29211.75,29205.25,29207.75,225
2026-08-26 12:14:00-04:00,29200.0,29200.0,29211.0,29198.75,29207.75,371
2026-08-26 12:15:00-04:00,29205.0,29205.0,29205.75,29199.5,29201.25,295
2026-08-26 12:16:00-04:00,29196.75,29196.75,29205.5,29193.0,29204.5,491
2026-08-26 12:17:00-04:00,29196.75,29196.75,29198.5,29192.5,29196.25,601
2026-08-26 12:18:00-04:00,29201.0,29201.0,29203.5,29195.5,29196.5,383
2026-08-26 12:19:00-04:00,29202.75,29202.75,29205.75,29199.5,29200.25,328
2026-08-26 12:20:00-04:00,29207.75,29207.75,29209.75,29200.0,29203.0,449
2026-08-26 12:21:00-04:00,29213.5,29213.5,29213.5,29199.75,29207.75,547
2026-08-26 12:22:00-04:00,29209.25,29209.25,29214.75,29208.0,29213.75,482
2026-08-26 12:23:00-04:00,29210.75,29210.75,29213.0,29205.5,29209.5,222
2026-08-26 12:24:00-04:00,29211.25,29211.25,29215.75,29206.75,29210.75,232
2026-08-26 12:25:00-04:00,29209.75,29209.75,29212.75,29207.75,29211.5,201
2026-08-26 12:26:00-04:00,29203.75,29203.75,29209.25,29199.5,29209.25,316
2026-08-26 12:27:00-04:00,29203.5,29203.5,29205.25,29201.75,29202.75,191
2026-08-26 12:28:00-04:00,29211.25,29211.25,29212.0,29204.25,29204.5,260
2026-08-26 12:29:00-04:00,29207.0,29207.0,29212.5,29206.0,29212.0,239
2026-08-26 12:30:00-04:00,29213.25,29213.25,29218.25,29205.25,29207.25,387
2026-08-26 12:31:00-04:00,29216.75,29216.75,29219.0,29211.5,29213.75,260
2026-08-26 12:32:00-04:00,29214.5,29214.5,29218.0,29209.25,29215.75,429
2026-08-26 12:33:00-04:00,29212.75,29212.75,29220.0,29212.75,29215.5,290
2026-08-26 12:34:00-04:00,29213.75,29213.75,29216.75,29210.5,29213.5,196
2026-08-26 12:35:00-04:00,29215.5,29215.5,29217.25,29209.0,29213.75,330
2026-08-26 12:36:00-04:00,29210.25,29210.25,29219.0,29209.25,29215.25,380
2026-08-26 12:37:00-04:00,29197.25,29197.25,29210.75,29195.0,29210.0,711
2026-08-26 12:38:00-04:00,29199.75,29199.75,29202.25,29191.5,29196.75,465
2026-08-26 12:39:00-04:00,29182.75,29182.75,29199.25,29181.0,29199.25,697
2026-08-26 12:40:00-04:00,29186.75,29186.75,29188.5,29173.0,29182.25,859
2026-08-26 12:41:00-04:00,29191.5,29191.5,29193.0,29181.75,29186.25,394
2026-08-26 12:42:00-04:00,29183.25,29183.25,29194.0,29182.25,29191.5,360
2026-08-26 12:43:00-04:00,29174.0,29174.0,29183.5,29171.75,29183.5,682
2026-08-26 12:44:00-04:00,29174.5,29174.5,29176.25,29170.0,29174.5,572
2026-08-26 12:45:00-04:00,29178.75,29178.75,29181.5,29173.25,29174.75,519
2026-08-26 12:46:00-04:00,29183.25,29183.25,29184.5,29171.75,29178.25,511
2026-08-26 12:47:00-04:00,29194.25,29194.25,29196.0,29181.5,29183.25,701
2026-08-26 12:48:00-04:00,29189.75,29189.75,29198.5,29188.5,29194.25,460
2026-08-26 12:49:00-04:00,29183.25,29183.25,29192.75,29179.75,29189.75,378
2026-08-26 12:50:00-04:00,29191.0,29191.0,29193.0,29181.0,29183.0,419
2026-08-26 12:51:00-04:00,29184.25,29184.25,29192.5,29183.5,29191.75,338
2026-08-26 12:52:00-04:00,29183.75,29183.75,29185.75,29175.5,29183.25,445
2026-08-26 12:53:00-04:00,29183.75,29183.75,29186.5,29181.0,29184.0,222
2026-08-26 12:54:00-04:00,29185.5,29185.5,29186.25,29182.5,29184.0,171
2026-08-26 12:55:00-04:00,29192.5,29192.5,29195.0,29184.75,29185.0,432
2026-08-26 12:56:00-04:00,29203.75,29203.75,29210.25,29190.75,29192.75,1125
2026-08-26 12:57:00-04:00,29219.0,29219.0,29224.75,29202.75,29204.0,1576
2026-08-26 12:58:00-04:00,29216.25,29216.25,29219.75,29214.0,29219.25,569
2026-08-26 12:59:00-04:00,29216.75,29216.75,29219.5,29209.75,29216.25,574
2026-08-26 13:00:00-04:00,29224.5,29224.5,29232.5,29210.5,29216.0,890
2026-08-26 13:01:00-04:00,29221.0,29221.0,29228.0,29219.25,29224.75,428
2026-08-26 13:02:00-04:00,29221.25,29221.25,29223.75,29216.25,29221.25,314
2026-08-26 13:03:00-04:00,29222.75,29222.75,29224.0,29213.25,29220.0,552
2026-08-26 13:04:00-04:00,29228.5,29228.5,29232.5,29221.5,29222.25,495
2026-08-26 13:05:00-04:00,29222.25,29222.25,29227.75,29220.5,29227.75,303
2026-08-26 13:06:00-04:00,29226.75,29226.75,29227.5,29217.75,29222.75,332
2026-08-26 13:07:00-04:00,29231.75,29231.75,29233.75,29226.0,29226.5,322
2026-08-26 13:08:00-04:00,29234.25,29234.25,29235.25,29229.75,29232.25,405
2026-08-26 13:09:00-04:00,29234.25,29234.25,29238.0,29233.5,29233.75,329
2026-08-26 13:10:00-04:00,29237.25,29237.25,29237.5,29230.25,29234.0,435
2026-08-26 13:11:00-04:00,29235.25,29235.25,29240.0,29233.5,29237.0,494
2026-08-26 13:12:00-04:00,29236.25,29236.25,29242.25,29233.75,29235.5,475
2026-08-26 13:13:00-04:00,29237.25,29237.25,29238.5,29233.5,29236.0,291
2026-08-26 13:14:00-04:00,29238.0,29238.0,29239.0,29236.0,29237.25,343
2026-08-26 13:15:00-04:00,29249.75,29249.75,29251.5,29238.0,29238.25,1045
2026-08-26 13:16:00-04:00,29258.75,29258.75,29262.0,29248.75,29250.0,997
2026-08-26 13:17:00-04:00,29253.25,29253.25,29259.25,29250.25,29259.0,553
2026-08-26 13:18:00-04:00,29248.25,29248.25,29256.5,29246.75,29254.0,599
2026-08-26 13:19:00-04:00,29253.0,29253.0,29253.75,29247.5,29248.5,336
2026-08-26 13:20:00-04:00,29263.0,29263.0,29266.0,29253.0,29253.5,738
2026-08-26 13:21:00-04:00,29257.5,29257.5,29264.25,29257.0,29262.75,350
2026-08-26 13:22:00-04:00,29259.75,29259.75,29260.5,29254.5,29257.25,334
2026-08-26 13:23:00-04:00,29264.25,29264.25,29268.5,29256.75,29259.75,637
2026-08-26 13:24:00-04:00,29268.75,29268.75,29270.0,29263.0,29264.25,385
2026-08-26 13:25:00-04:00,29260.25,29260.25,29270.75,29257.25,29268.5,603
2026-08-26 13:26:00-04:00,29262.75,29262.75,29263.25,29256.5,29260.0,401
2026-08-26 13:27:00-04:00,29266.75,29266.75,29268.0,29261.25,29262.75,314
2026-08-26 13:28:00-04:00,29267.5,29267.5,29270.5,29265.75,29267.5,389
2026-08-26 13:29:00-04:00,29267.25,29267.25,29269.25,29264.0,29267.5,425
2026-08-26 13:30:00-04:00,29271.25,29271.25,29271.75,29263.75,29268.0,775
2026-08-26 13:31:00-04:00,29265.25,29265.25,29271.0,29262.75,29271.0,571
2026-08-26 13:32:00-04:00,29267.25,29267.25,29271.0,29263.5,29265.0,650
2026-08-26 13:33:00-04:00,29270.75,29270.75,29271.5,29264.5,29268.0,443
2026-08-26 13:34:00-04:00,29278.25,29278.25,29281.5,29269.5,29270.75,751
2026-08-26 13:35:00-04:00,29281.25,29281.25,29282.0,29274.5,29278.5,617
2026-08-26 13:36:00-04:00,29278.0,29278.0,29283.25,29275.75,29281.25,458
2026-08-26 13:37:00-04:00,29279.0,29279.0,29279.25,29275.5,29277.75,288
2026-08-26 13:38:00-04:00,29282.5,29282.5,29287.75,29278.5,29279.25,563
2026-08-26 13:39:00-04:00,29280.5,29280.5,29284.75,29279.5,29282.5,354
2026-08-26 13:40:00-04:00,29287.0,29287.0,29287.75,29280.75,29280.75,382
2026-08-26 13:41:00-04:00,29290.25,29290.25,29291.0,29284.25,29286.25,331
2026-08-26 13:42:00-04:00,29277.25,29277.25,29291.75,29272.75,29289.75,850
2026-08-26 13:43:00-04:00,29283.25,29283.25,29283.25,29276.5,29277.75,354
2026-08-26 13:44:00-04:00,29281.5,29281.5,29286.25,29281.25,29283.5,311
2026-08-26 13:45:00-04:00,29279.75,29279.75,29286.25,29278.5,29281.5,383
2026-08-26 13:46:00-04:00,29275.25,29275.25,29281.0,29275.25,29279.5,390
2026-08-26 13:47:00-04:00,29277.5,29277.5,29277.75,29270.75,29275.75,521
2026-08-26 13:48:00-04:00,29270.25,29270.25,29278.5,29267.5,29278.0,495
2026-08-26 13:49:00-04:00,29270.0,29270.0,29273.0,29269.0,29271.0,288
2026-08-26 13:50:00-04:00,29281.75,29281.75,29284.25,29270.0,29270.25,695
2026-08-26 13:51:00-04:00,29274.25,29274.25,29284.25,29274.25,29281.25,651
2026-08-26 13:52:00-04:00,29271.75,29271.75,29276.25,29269.75,29274.5,413
2026-08-26 13:53:00-04:00,29282.5,29282.5,29282.5,29272.0,29272.5,332
2026-08-26 13:54:00-04:00,29287.0,29287.0,29288.5,29282.0,29282.75,544
2026-08-26 13:55:00-04:00,29288.75,29288.75,29293.75,29286.25,29287.0,775
2026-08-26 13:56:00-04:00,29286.75,29286.75,29289.75,29284.0,29288.75,404
2026-08-26 13:57:00-04:00,29288.25,29288.25,29288.5,29283.0,29286.25,308
2026-08-26 13:58:00-04:00,29288.75,29288.75,29290.0,29285.5,29288.0,241
2026-08-26 13:59:00-04:00,29284.25,29284.25,29289.25,29283.5,29288.75,291
2026-08-26 14:00:00-04:00,29279.5,29279.5,29285.0,29275.5,29284.5,526
2026-08-26 14:01:00-04:00,29275.0,29275.0,29281.0,29271.5,29279.5,324
2026-08-26 14:02:00-04:00,29277.5,29277.5,29279.75,29275.5,29275.75,287
2026-08-26 14:03:00-04:00,29279.25,29279.25,29283.0,29276.75,29278.75,416
2026-08-26 14:04:00-04:00,29277.5,29277.5,29282.75,29277.0,29279.25,199
2026-08-26 14:05:00-04:00,29280.75,29280.75,29288.5,29277.25,29278.25,560
2026-08-26 14:06:00-04:00,29284.25,29284.25,29286.5,29280.75,29280.75,296
2026-08-26 14:07:00-04:00,29283.5,29283.5,29285.5,29280.5,29284.25,236
2026-08-26 14:08:00-04:00,29289.0,29289.0,29289.75,29282.25,29283.5,344
2026-08-26 14:09:00-04:00,29290.75,29290.75,29296.0,29288.5,29288.75,557
2026-08-26 14:10:00-04:00,29285.0,29285.0,29292.0,29284.0,29290.75,392
2026-08-26 14:11:00-04:00,29277.5,29277.5,29285.0,29276.5,29284.5,547
2026-08-26 14:12:00-04:00,29274.75,29274.75,29279.0,29270.5,29277.5,451
2026-08-26 14:13:00-04:00,29272.0,29272.0,29274.75,29270.0,29274.75,262
2026-08-26 14:14:00-04:00,29270.0,29270.0,29272.0,29266.0,29271.75,470
2026-08-26 14:15:00-04:00,29265.0,29265.0,29271.0,29264.75,29270.75,520
2026-08-26 14:16:00-04:00,29268.0,29268.0,29271.5,29265.25,29265.25,501
2026-08-26 14:17:00-04:00,29275.25,29275.25,29276.75,29267.5,29267.5,408
2026-08-26 14:18:00-04:00,29282.5,29282.5,29283.5,29274.5,29275.25,560
2026-08-26 14:19:00-04:00,29281.5,29281.5,29286.75,29279.75,29282.5,546
2026-08-26 14:20:00-04:00,29289.0,29289.0,29292.25,29280.5,29282.5,466
2026-08-26 14:21:00-04:00,29283.0,29283.0,29289.75,29281.5,29289.25,330
2026-08-26 14:22:00-04:00,29283.25,29283.25,29285.75,29281.25,29282.0,180
2026-08-26 14:23:00-04:00,29281.0,29281.0,29285.25,29277.5,29283.25,322
2026-08-26 14:24:00-04:00,29277.5,29277.5,29281.75,29276.0,29281.0,258
2026-08-26 14:25:00-04:00,29279.75,29279.75,29281.25,29271.25,29276.5,642
2026-08-26 14:26:00-04:00,29277.5,29277.5,29281.25,29277.0,29280.0,262
2026-08-26 14:27:00-04:00,29280.75,29280.75,29281.5,29274.75,29277.75,351
2026-08-26 14:28:00-04:00,29282.25,29282.25,29282.25,29279.0,29281.25,193
2026-08-26 14:29:00-04:00,29280.0,29280.0,29285.0,29278.25,29282.75,320
2026-08-26 14:30:00-04:00,29279.0,29279.0,29283.5,29275.75,29279.75,317
2026-08-26 14:31:00-04:00,29282.75,29282.75,29283.0,29278.0,29279.0,267
2026-08-26 14:32:00-04:00,29288.5,29288.5,29289.5,29281.0,29282.5,420
2026-08-26 14:33:00-04:00,29300.25,29300.25,29303.5,29288.25,29288.25,1135
2026-08-26 14:34:00-04:00,29297.25,29297.25,29302.0,29293.75,29300.75,635
2026-08-26 14:35:00-04:00,29297.25,29297.25,29299.75,29293.0,29297.25,404
2026-08-26 14:36:00-04:00,29298.0,29298.0,29298.25,29293.5,29297.25,199
2026-08-26 14:37:00-04:00,29293.75,29293.75,29298.25,29292.75,29298.0,223
2026-08-26 14:38:00-04:00,29295.5,29295.5,29296.5,29290.0,29294.0,414
2026-08-26 14:39:00-04:00,29292.0,29292.0,29296.75,29290.75,29295.0,231
2026-08-26 14:40:00-04:00,29293.5,29293.5,29293.75,29288.5,29292.0,284
2026-08-26 14:41:00-04:00,29293.75,29293.75,29294.75,29290.75,29293.25,280
2026-08-26 14:42:00-04:00,29292.75,29292.75,29298.0,29292.5,29293.5,355
2026-08-26 14:43:00-04:00,29289.25,29289.25,29294.25,29288.0,29292.0,234
2026-08-26 14:44:00-04:00,29295.0,29295.0,29295.25,29288.5,29289.5,321
2026-08-26 14:45:00-04:00,29311.25,29311.25,29313.75,29294.75,29295.0,1552
2026-08-26 14:46:00-04:00,29318.5,29318.5,29318.5,29310.0,29311.25,611
2026-08-26 14:47:00-04:00,29325.0,29325.0,29328.75,29317.25,29318.0,954
2026-08-26 14:48:00-04:00,29317.5,29317.5,29327.25,29317.0,29325.0,722
2026-08-26 14:49:00-04:00,29319.75,29319.75,29321.75,29316.0,29317.5,488
2026-08-26 14:50:00-04:00,29314.5,29314.5,29324.25,29314.5,29319.5,569
2026-08-26 14:51:00-04:00,29313.5,29313.5,29315.0,29310.0,29314.0,442
2026-08-26 14:52:00-04:00,29317.75,29317.75,29319.25,29312.0,29313.0,322
2026-08-26 14:53:00-04:00,29322.0,29322.0,29327.0,29316.5,29317.25,650
2026-08-26 14:54:00-04:00,29318.75,29318.75,29324.75,29318.0,29321.75,320
2026-08-26 14:55:00-04:00,29317.0,29317.0,29321.25,29316.0,29318.25,311
2026-08-26 14:56:00-04:00,29322.75,29322.75,29324.5,29315.75,29316.25,384
2026-08-26 14:57:00-04:00,29324.5,29324.5,29329.75,29321.25,29323.0,702
2026-08-26 14:58:00-04:00,29324.5,29324.5,29328.0,29321.25,29324.25,866
2026-08-26 14:59:00-04:00,29321.75,29321.75,29324.75,29320.25,29324.25,261
2026-08-26 15:00:00-04:00,29342.75,29342.75,29343.75,29317.75,29321.25,1689
2026-08-26 15:01:00-04:00,29336.5,29336.5,29346.0,29333.0,29342.5,1084
2026-08-26 15:02:00-04:00,29351.0,29351.0,29357.0,29337.25,29337.25,1165
2026-08-26 15:03:00-04:00,29351.75,29351.75,29354.25,29347.75,29350.5,603
2026-08-26 15:04:00-04:00,29367.0,29367.0,29368.25,29348.75,29351.25,1058
2026-08-26 15:05:00-04:00,29353.0,29353.0,29368.25,29352.5,29366.25,959
2026-08-26 15:06:00-04:00,29361.25,29361.25,29361.5,29349.75,29353.5,658
2026-08-26 15:07:00-04:00,29357.0,29357.0,29363.75,29355.5,29360.5,404
2026-08-26 15:08:00-04:00,29350.5,29350.5,29357.75,29348.75,29357.0,469
2026-08-26 15:09:00-04:00,29347.5,29347.5,29352.25,29347.25,29350.75,458
2026-08-26 15:10:00-04:00,29348.5,29348.5,29352.25,29346.5,29348.0,494
2026-08-26 15:11:00-04:00,29351.0,29351.0,29352.25,29346.0,29349.0,354
2026-08-26 15:12:00-04:00,29349.5,29349.5,29352.0,29343.25,29350.75,445
2026-08-26 15:13:00-04:00,29337.5,29337.5,29350.0,29337.25,29349.25,589
2026-08-26 15:14:00-04:00,29340.5,29340.5,29340.5,29330.25,29337.0,921
2026-08-26 15:15:00-04:00,29349.0,29349.0,29349.5,29339.0,29340.5,588
2026-08-26 15:16:00-04:00,29348.75,29348.75,29350.75,29345.25,29348.25,450
2026-08-26 15:17:00-04:00,29352.75,29352.75,29353.5,29345.5,29349.0,353
2026-08-26 15:18:00-04:00,29352.25,29352.25,29355.5,29347.5,29352.5,358
2026-08-26 15:19:00-04:00,29354.5,29354.5,29357.25,29352.0,29352.25,364
2026-08-26 15:20:00-04:00,29337.25,29337.25,29354.75,29334.75,29354.25,810
2026-08-26 15:21:00-04:00,29335.75,29335.75,29337.75,29332.25,29336.75,521
2026-08-26 15:22:00-04:00,29339.0,29339.0,29343.0,29335.25,29335.75,494
2026-08-26 15:23:00-04:00,29342.0,29342.0,29342.0,29332.75,29338.75,471
2026-08-26 15:24:00-04:00,29346.0,29346.0,29349.0,29341.25,29342.0,434
2026-08-26 15:25:00-04:00,29349.25,29349.25,29349.75,29344.0,29345.75,568
2026-08-26 15:26:00-04:00,29348.25,29348.25,29352.25,29345.5,29349.0,445
2026-08-26 15:27:00-04:00,29352.25,29352.25,29355.25,29347.5,29348.25,397
2026-08-26 15:28:00-04:00,29340.25,29340.25,29352.5,29339.75,29352.5,443
2026-08-26 15:29:00-04:00,29338.0,29338.0,29343.25,29335.75,29340.75,442
2026-08-26 15:30:00-04:00,29332.5,29332.5,29338.5,29329.5,29338.0,857
2026-08-26 15:31:00-04:00,29338.0,29338.0,29339.75,29331.5,29332.0,448
2026-08-26 15:32:00-04:00,29341.0,29341.0,29345.0,29334.75,29338.25,688
2026-08-26 15:33:00-04:00,29340.75,29340.75,29344.0,29337.0,29341.0,472
2026-08-26 15:34:00-04:00,29343.25,29343.25,29345.5,29340.25,29340.25,385
2026-08-26 15:35:00-04:00,29341.25,29341.25,29344.5,29337.25,29343.25,470
2026-08-26 15:36:00-04:00,29329.25,29329.25,29342.0,29329.25,29341.25,1059
2026-08-26 15:37:00-04:00,29333.25,29333.25,29334.75,29328.0,29329.25,472
2026-08-26 15:38:00-04:00,29326.5,29326.5,29335.25,29325.25,29333.0,464
2026-08-26 15:39:00-04:00,29322.75,29322.75,29327.5,29322.0,29326.5,611
2026-08-26 15:40:00-04:00,29325.25,29325.25,29329.0,29322.0,29322.75,515
2026-08-26 15:41:00-04:00,29318.0,29318.0,29324.75,29315.5,29324.75,674
2026-08-26 15:42:00-04:00,29320.5,29320.5,29321.25,29316.75,29317.5,319
2026-08-26 15:43:00-04:00,29313.5,29313.5,29325.75,29313.25,29320.5,774
2026-08-26 15:44:00-04:00,29309.5,29309.5,29316.5,29307.5,29313.75,734
2026-08-26 15:45:00-04:00,29313.0,29313.0,29313.5,29305.5,29309.25,1062
2026-08-26 15:46:00-04:00,29320.25,29320.25,29323.5,29312.0,29312.75,804
2026-08-26 15:47:00-04:00,29325.0,29325.0,29326.25,29316.75,29320.75,727
2026-08-26 15:48:00-04:00,29331.75,29331.75,29331.75,29322.25,29324.25,706
2026-08-26 15:49:00-04:00,29335.25,29335.25,29337.0,29329.75,29331.75,706
2026-08-26 15:50:00-04:00,29327.0,29327.0,29341.5,29320.5,29335.5,1181
2026-08-26 15:51:00-04:00,29320.25,29320.25,29329.25,29320.25,29327.0,409
2026-08-26 15:52:00-04:00,29312.5,29312.5,29327.0,29310.5,29321.25,946
2026-08-26 15:53:00-04:00,29297.25,29297.25,29312.5,29296.25,29312.25,1434
2026-08-26 15:54:00-04:00,29291.25,29291.25,29306.25,29281.25,29297.5,2027
2026-08-26 15:55:00-04:00,29299.75,29299.75,29300.25,29280.5,29290.75,1864
2026-08-26 15:56:00-04:00,29304.5,29304.5,29306.25,29296.5,29299.25,816
2026-08-26 15:57:00-04:00,29302.0,29302.0,29310.75,29299.0,29304.0,1250
2026-08-26 15:58:00-04:00,29296.75,29296.75,29302.5,29291.5,29302.25,1614
2026-08-26 15:59:00-04:00,29297.25,29297.25,29302.5,29280.25,29297.0,7419
2026-08-26 16:00:00-04:00,29303.5,29303.5,29312.0,29283.25,29297.0,2632
2026-08-26 16:01:00-04:00,29314.75,29314.75,29318.5,29296.0,29304.75,730
2026-08-26 16:02:00-04:00,29329.0,29329.0,29334.0,29308.25,29314.5,678
2026-08-26 16:03:00-04:00,29339.0,29339.0,29348.25,29323.75,29331.0,709
2026-08-26 16:04:00-04:00,29336.25,29336.25,29344.25,29333.75,29339.25,629
2026-08-26 16:05:00-04:00,29362.0,29362.0,29367.5,29335.0,29335.25,837
2026-08-26 16:06:00-04:00,29370.5,29370.5,29375.0,29355.75,29360.75,777
2026-08-26 16:07:00-04:00,29356.0,29356.0,29373.25,29353.75,29370.25,557
2026-08-26 16:08:00-04:00,29354.75,29354.75,29360.0,29351.0,29355.5,192
2026-08-26 16:09:00-04:00,29353.25,29353.25,29362.0,29350.5,29355.75,139
2026-08-26 16:10:00-04:00,29356.0,29356.0,29359.5,29349.0,29354.25,194
2026-08-26 16:11:00-04:00,29355.25,29355.25,29356.0,29349.75,29354.5,101
2026-08-26 16:12:00-04:00,29360.75,29360.75,29360.75,29353.0,29353.5,124
2026-08-26 16:13:00-04:00,29365.0,29365.0,29365.75,29358.25,29359.5,124
2026-08-26 16:14:00-04:00,29362.25,29362.25,29367.0,29358.5,29364.5,275
2026-08-26 16:15:00-04:00,29362.0,29362.0,29366.0,29359.25,29360.75,172
2026-08-26 16:16:00-04:00,29357.5,29357.5,29366.5,29354.5,29363.75,306
2026-08-26 16:17:00-04:00,29357.0,29357.0,29363.0,29355.0,29357.5,140
2026-08-26 16:18:00-04:00,29369.75,29369.75,29379.5,29358.0,29358.0,332
2026-08-26 16:19:00-04:00,29381.5,29381.5,29383.75,29367.25,29370.75,475
2026-08-26 16:20:00-04:00,29328.25,29328.25,29382.0,29320.5,29379.75,1937
2026-08-26 16:21:00-04:00,29307.5,29307.5,29344.25,29300.0,29328.75,1095
2026-08-26 16:22:00-04:00,29324.25,29324.25,29325.5,29291.0,29310.0,1683
2026-08-26 16:23:00-04:00,29344.25,29344.25,29355.75,29314.25,29322.25,1091
2026-08-26 16:24:00-04:00,29345.5,29345.5,29357.5,29338.0,29343.5,851
2026-08-26 16:25:00-04:00,29340.75,29340.75,29362.75,29337.75,29344.75,756
2026-08-26 16:26:00-04:00,29340.25,29340.25,29348.0,29319.0,29340.0,639
2026-08-26 16:27:00-04:00,29338.75,29338.75,29347.75,29328.5,29340.0,453
2026-08-26 16:28:00-04:00,29347.25,29347.25,29359.5,29338.0,29338.0,374
2026-08-26 16:29:00-04:00,29342.25,29342.25,29346.75,29335.0,29343.75,236
2026-08-26 16:30:00-04:00,29334.0,29334.0,29346.25,29330.25,29342.0,240
2026-08-26 16:31:00-04:00,29322.0,29322.0,29337.0,29322.0,29332.25,381
2026-08-26 16:32:00-04:00,29328.0,29328.0,29332.0,29323.25,29324.75,477
2026-08-26 16:33:00-04:00,29326.0,29326.0,29329.5,29317.0,29327.75,242
2026-08-26 16:34:00-04:00,29328.0,29328.0,29333.5,29325.25,29326.0,136
2026-08-26 16:35:00-04:00,29333.25,29333.25,29339.5,29325.0,29327.5,210
2026-08-26 16:36:00-04:00,29340.25,29340.25,29340.5,29332.0,29332.75,118
2026-08-26 16:37:00-04:00,29346.25,29346.25,29346.75,29336.0,29340.5,177
2026-08-26 16:38:00-04:00,29347.75,29347.75,29355.0,29344.75,29346.25,298
2026-08-26 16:39:00-04:00,29343.0,29343.0,29348.25,29339.75,29347.25,173
2026-08-26 16:40:00-04:00,29352.5,29352.5,29352.5,29342.0,29343.0,154
2026-08-26 16:41:00-04:00,29344.75,29344.75,29356.0,29344.5,29352.5,254
2026-08-26 16:42:00-04:00,29338.0,29338.0,29346.25,29335.75,29345.0,173
2026-08-26 16:43:00-04:00,29335.25,29335.25,29342.0,29334.5,29338.0,142
2026-08-26 16:44:00-04:00,29340.0,29340.0,29343.0,29333.75,29335.75,105
2026-08-26 16:45:00-04:00,29342.75,29342.75,29343.25,29336.75,29339.0,208
2026-08-26 16:46:00-04:00,29344.5,29344.5,29349.5,29341.25,29342.25,118
2026-08-26 16:47:00-04:00,29352.0,29352.0,29352.0,29342.5,29345.0,143
2026-08-26 16:48:00-04:00,29365.5,29365.5,29367.5,29351.0,29351.75,285
2026-08-26 16:49:00-04:00,29382.0,29382.0,29382.0,29363.75,29364.0,401
2026-08-26 16:50:00-04:00,29393.0,29393.0,29398.25,29377.0,29382.0,647
2026-08-26 16:51:00-04:00,29378.0,29378.0,29393.75,29377.25,29393.75,344
2026-08-26 16:52:00-04:00,29388.5,29388.5,29389.0,29378.5,29378.5,192
2026-08-26 16:53:00-04:00,29390.75,29390.75,29394.5,29388.25,29389.0,162
2026-08-26 16:54:00-04:00,29391.0,29391.0,29394.5,29384.25,29390.5,157
2026-08-26 16:55:00-04:00,29393.5,29393.5,29395.5,29386.25,29390.75,174
2026-08-26 16:56:00-04:00,29399.75,29399.75,29403.75,29394.25,29394.25,139
2026-08-26 16:57:00-04:00,29406.0,29406.0,29407.5,29397.75,29400.5,207
2026-08-26 16:58:00-04:00,29422.75,29422.75,29423.0,29404.0,29407.75,281
2026-08-26 16:59:00-04:00,29432.5,29432.5,29437.75,29418.0,29421.75,454
2026-08-26 18:00:00-04:00,29545.0,29545.0,29546.5,29499.25,29499.5,0
2026-08-26 18:01:00-04:00,29560.0,29560.0,29582.25,29544.0,29544.75,971
2026-08-26 18:02:00-04:00,29556.5,29556.5,29561.25,29550.25,29558.25,331
2026-08-26 18:03:00-04:00,29556.0,29556.0,29572.5,29556.0,29557.75,473
2026-08-26 18:04:00-04:00,29572.75,29572.75,29575.25,29550.0,29557.75,457
2026-08-26 18:05:00-04:00,29562.25,29562.25,29576.25,29556.0,29573.75,475
2026-08-26 18:06:00-04:00,29556.5,29556.5,29563.25,29554.5,29561.75,307
2026-08-26 18:07:00-04:00,29566.5,29566.5,29569.0,29550.5,29556.5,410
2026-08-26 18:08:00-04:00,29560.0,29560.0,29567.75,29555.75,29566.0,137
2026-08-26 18:09:00-04:00,29562.0,29562.0,29562.75,29558.25,29559.25,187
2026-08-26 18:10:00-04:00,29565.0,29565.0,29567.0,29559.0,29560.75,184
2026-08-26 18:11:00-04:00,29557.5,29557.5,29568.75,29551.25,29566.0,343
2026-08-26 18:12:00-04:00,29570.0,29570.0,29570.5,29558.5,29559.25,173
2026-08-26 18:13:00-04:00,29573.25,29573.25,29575.0,29569.0,29571.25,186
2026-08-26 18:14:00-04:00,29566.0,29566.0,29572.5,29553.0,29572.5,287
2026-08-26 18:15:00-04:00,29559.0,29559.0,29568.75,29559.0,29565.5,232
2026-08-26 18:16:00-04:00,29560.0,29560.0,29563.0,29554.25,29559.0,171
2026-08-26 18:17:00-04:00,29575.0,29575.0,29578.25,29557.0,29559.5,299
2026-08-26 18:18:00-04:00,29586.75,29586.75,29589.75,29567.5,29574.25,329
2026-08-26 18:19:00-04:00,29584.0,29584.0,29596.75,29583.75,29586.5,521
2026-08-26 18:20:00-04:00,29586.75,29586.75,29589.75,29579.0,29583.75,270
2026-08-26 18:21:00-04:00,29586.75,29586.75,29589.75,29585.0,29588.0,89
2026-08-26 18:22:00-04:00,29591.25,29591.25,29602.0,29587.75,29589.75,335
2026-08-26 18:23:00-04:00,29588.25,29588.25,29591.75,29586.5,29591.75,101
2026-08-26 18:24:00-04:00,29590.0,29590.0,29591.0,29585.0,29587.75,113
2026-08-26 18:25:00-04:00,29584.5,29584.5,29590.75,29582.0,29589.75,126
2026-08-26 18:26:00-04:00,29586.25,29586.25,29594.75,29583.75,29585.0,121
2026-08-26 18:27:00-04:00,29580.75,29580.75,29587.5,29578.5,29587.25,131
2026-08-26 18:28:00-04:00,29583.5,29583.5,29584.75,29579.0,29580.5,44
2026-08-26 18:29:00-04:00,29583.75,29583.75,29585.5,29581.25,29583.0,51
2026-08-26 18:30:00-04:00,29584.25,29584.25,29586.75,29581.0,29583.5,83
2026-08-26 18:31:00-04:00,29584.5,29584.5,29588.75,29581.5,29584.25,64
2026-08-26 18:32:00-04:00,29592.0,29592.0,29594.0,29584.25,29584.25,71
2026-08-26 18:33:00-04:00,29596.0,29596.0,29598.5,29592.0,29592.0,194
2026-08-26 18:34:00-04:00,29598.75,29598.75,29600.0,29592.75,29595.75,110
2026-08-26 18:35:00-04:00,29616.25,29616.25,29618.0,29600.0,29600.0,599
2026-08-26 18:36:00-04:00,29607.5,29607.5,29617.25,29603.0,29616.25,164
2026-08-26 18:37:00-04:00,29605.25,29605.25,29610.25,29603.75,29608.5,67
2026-08-26 18:38:00-04:00,29610.5,29610.5,29612.0,29603.25,29606.0,192
2026-08-26 18:39:00-04:00,29603.0,29603.0,29613.0,29602.25,29610.75,131
2026-08-26 18:40:00-04:00,29607.5,29607.5,29610.0,29602.25,29602.5,119
2026-08-26 18:41:00-04:00,29601.5,29601.5,29608.0,29601.5,29607.75,108
2026-08-26 18:42:00-04:00,29606.25,29606.25,29607.25,29597.25,29602.5,207
2026-08-26 18:43:00-04:00,29602.5,29602.5,29606.5,29600.0,29605.75,83
2026-08-26 18:44:00-04:00,29617.25,29617.25,29617.25,29603.0,29603.25,283
2026-08-26 18:45:00-04:00,29613.25,29613.25,29616.75,29608.25,29615.75,99
2026-08-26 18:46:00-04:00,29613.5,29613.5,29615.0,29610.5,29614.25,76
2026-08-26 18:47:00-04:00,29611.25,29611.25,29614.25,29609.75,29613.5,77
2026-08-26 18:48:00-04:00,29608.5,29608.5,29614.75,29608.5,29614.0,75
2026-08-26 18:49:00-04:00,29612.25,29612.25,29614.25,29607.5,29608.25,110
2026-08-26 18:50:00-04:00,29615.25,29615.25,29615.5,29607.5,29612.0,124
2026-08-26 18:51:00-04:00,29618.0,29618.0,29622.0,29605.5,29614.75,235
2026-08-26 18:52:00-04:00,29623.0,29623.0,29628.5,29617.75,29617.75,448
2026-08-26 18:53:00-04:00,29606.25,29606.25,29623.0,29605.75,29622.5,170
2026-08-26 18:54:00-04:00,29606.5,29606.5,29609.5,29605.25,29606.5,75
2026-08-26 18:55:00-04:00,29603.5,29603.5,29606.25,29602.25,29606.25,54
2026-08-26 18:56:00-04:00,29602.0,29602.0,29604.5,29599.25,29604.0,73
2026-08-26 18:57:00-04:00,29605.5,29605.5,29611.0,29600.25,29601.75,125
2026-08-26 18:58:00-04:00,29605.0,29605.0,29606.75,29603.75,29605.25,20
2026-08-26 18:59:00-04:00,29606.5,29606.5,29607.0,29604.75,29605.25,46
2026-08-26 19:00:00-04:00,29606.5,29606.5,29610.0,29602.5,29605.0,146
2026-08-26 19:01:00-04:00,29609.25,29609.25,29610.75,29606.0,29607.25,48
2026-08-26 19:02:00-04:00,29607.0,29607.0,29615.5,29605.5,29608.0,424
2026-08-26 19:03:00-04:00,29605.5,29605.5,29611.0,29605.5,29609.0,33
2026-08-26 19:04:00-04:00,29605.0,29605.0,29606.5,29602.5,29604.75,57
2026-08-26 19:05:00-04:00,29606.0,29606.0,29608.0,29604.75,29605.25,39
2026-08-26 19:06:00-04:00,29608.75,29608.75,29608.75,29605.75,29605.75,23
2026-08-26 19:07:00-04:00,29597.0,29597.0,29605.75,29594.0,29605.25,349
2026-08-26 19:08:00-04:00,29594.5,29594.5,29599.0,29594.0,29599.0,56
2026-08-26 19:09:00-04:00,29597.5,29597.5,29598.5,29591.75,29595.5,95
2026-08-26 19:10:00-04:00,29600.75,29600.75,29602.5,29596.0,29598.0,103
2026-08-26 19:11:00-04:00,29593.0,29593.0,29600.75,29591.75,29600.75,92
2026-08-26 19:12:00-04:00,29593.25,29593.25,29595.0,29591.0,29593.25,70
2026-08-26 19:13:00-04:00,29593.75,29593.75,29594.25,29591.0,29592.5,58
2026-08-26 19:14:00-04:00,29592.25,29592.25,29595.0,29591.0,29594.75,49
2026-08-26 19:15:00-04:00,29591.25,29591.25,29593.25,29589.25,29593.25,59
2026-08-26 19:16:00-04:00,29587.75,29587.75,29592.25,29585.75,29592.0,106
2026-08-26 19:17:00-04:00,29587.25,29587.25,29588.5,29585.0,29588.0,44
2026-08-26 19:18:00-04:00,29589.0,29589.0,29592.0,29586.25,29586.5,45
2026-08-26 19:19:00-04:00,29589.0,29589.0,29592.0,29589.0,29590.5,26
2026-08-26 19:20:00-04:00,29589.75,29589.75,29590.0,29587.0,29588.0,33
2026-08-26 19:21:00-04:00,29597.25,29597.25,29605.25,29588.75,29590.0,292
2026-08-26 19:22:00-04:00,29598.5,29598.5,29600.75,29596.5,29597.75,99
2026-08-26 19:23:00-04:00,29599.25,29599.25,29600.75,29595.5,29599.0,54
2026-08-26 19:24:00-04:00,29606.25,29606.25,29606.75,29597.75,29598.0,59
2026-08-26 19:25:00-04:00,29608.75,29608.75,29610.25,29603.25,29605.25,111
2026-08-26 19:26:00-04:00,29610.25,29610.25,29612.5,29609.0,29609.5,50
2026-08-26 19:27:00-04:00,29599.0,29599.0,29610.5,29589.5,29609.25,263
2026-08-26 19:28:00-04:00,29601.75,29601.75,29605.0,29599.0,29599.75,52
2026-08-26 19:29:00-04:00,29602.5,29602.5,29602.5,29595.5,29601.0,71
2026-08-26 19:30:00-04:00,29599.5,29599.5,29602.75,29594.5,29602.75,88
2026-08-26 19:31:00-04:00,29604.5,29604.5,29605.5,29600.0,29600.0,35
2026-08-26 19:32:00-04:00,29601.5,29601.5,29604.75,29598.5,29602.25,28
2026-08-26 19:33:00-04:00,29602.75,29602.75,29603.5,29601.25,29602.5,18
2026-08-26 19:34:00-04:00,29604.25,29604.25,29606.0,29602.0,29602.75,32
2026-08-26 19:35:00-04:00,29601.25,29601.25,29605.25,29599.5,29604.75,38
2026-08-26 19:36:00-04:00,29601.5,29601.5,29603.25,29601.5,29601.75,10
2026-08-26 19:37:00-04:00,29610.0,29610.0,29610.5,29601.0,29601.25,73
2026-08-26 19:38:00-04:00,29608.25,29608.25,29611.75,29604.75,29610.5,55
2026-08-26 19:39:00-04:00,29606.5,29606.5,29608.5,29604.75,29608.5,45
2026-08-26 19:40:00-04:00,29606.75,29606.75,29607.75,29603.75,29605.25,33
2026-08-26 19:41:00-04:00,29607.25,29607.25,29608.0,29605.75,29606.5,26
2026-08-26 19:42:00-04:00,29607.25,29607.25,29607.5,29605.25,29605.5,12
2026-08-26 19:43:00-04:00,29607.25,29607.25,29608.75,29607.0,29608.25,17
2026-08-26 19:44:00-04:00,29606.5,29606.5,29608.0,29606.0,29607.75,9
2026-08-26 19:45:00-04:00,29612.75,29612.75,29615.25,29605.0,29606.25,143
2026-08-26 19:46:00-04:00,29615.5,29615.5,29616.0,29607.25,29612.75,76
2026-08-26 19:47:00-04:00,29615.5,29615.5,29617.5,29613.75,29615.0,51
2026-08-26 19:48:00-04:00,29616.5,29616.5,29619.25,29612.5,29614.0,83
2026-08-26 19:49:00-04:00,29622.0,29622.0,29626.5,29617.5,29617.5,210
2026-08-26 19:50:00-04:00,29613.75,29613.75,29623.75,29610.0,29622.75,141
2026-08-26 19:51:00-04:00,29616.75,29616.75,29617.75,29611.25,29615.0,57
2026-08-26 19:52:00-04:00,29625.25,29625.25,29626.5,29614.25,29615.75,99
2026-08-26 19:53:00-04:00,29617.25,29617.25,29625.75,29615.0,29625.75,93
2026-08-26 19:54:00-04:00,29616.75,29616.75,29617.75,29612.75,29617.5,71
2026-08-26 19:55:00-04:00,29624.25,29624.25,29624.25,29614.75,29617.5,63
2026-08-26 19:56:00-04:00,29641.75,29641.75,29643.0,29620.25,29621.25,417
2026-08-26 19:57:00-04:00,29648.0,29648.0,29651.0,29640.0,29641.75,415
2026-08-26 19:58:00-04:00,29647.0,29647.0,29650.5,29643.25,29647.25,175
2026-08-26 19:59:00-04:00,29646.5,29646.5,29653.0,29645.75,29647.0,219
2026-08-26 20:00:00-04:00,29637.25,29637.25,29654.75,29631.75,29648.25,428
2026-08-26 20:01:00-04:00,29635.5,29635.5,29641.75,29626.0,29636.5,291
2026-08-26 20:02:00-04:00,29625.25,29625.25,29634.0,29622.0,29633.75,283
2026-08-26 20:03:00-04:00,29620.25,29620.25,29626.25,29616.5,29626.0,196
2026-08-26 20:04:00-04:00,29615.25,29615.25,29621.25,29614.0,29620.5,168
2026-08-26 20:05:00-04:00,29624.5,29624.5,29626.5,29611.5,29615.5,227
2026-08-26 20:06:00-04:00,29619.25,29619.25,29625.0,29612.0,29623.75,121
2026-08-26 20:07:00-04:00,29627.0,29627.0,29634.5,29617.5,29621.5,193
2026-08-26 20:08:00-04:00,29612.0,29612.0,29629.75,29611.25,29625.75,203
2026-08-26 20:09:00-04:00,29608.0,29608.0,29615.5,29605.0,29615.25,220
2026-08-26 20:10:00-04:00,29604.0,29604.0,29611.25,29598.0,29609.0,271
2026-08-26 20:11:00-04:00,29591.0,29591.0,29605.25,29590.5,29601.25,224
2026-08-26 20:12:00-04:00,29594.75,29594.75,29599.25,29591.5,29592.25,187
2026-08-26 20:13:00-04:00,29584.5,29584.5,29594.0,29583.5,29593.5,192
2026-08-26 20:14:00-04:00,29590.0,29590.0,29592.25,29578.0,29584.75,386
2026-08-26 20:15:00-04:00,29578.75,29578.75,29590.5,29571.0,29590.0,350
2026-08-26 20:16:00-04:00,29581.0,29581.0,29584.5,29571.25,29578.25,204
2026-08-26 20:17:00-04:00,29564.5,29564.5,29584.25,29563.25,29581.25,256
2026-08-26 20:18:00-04:00,29558.75,29558.75,29567.5,29558.0,29563.5,248
2026-08-26 20:19:00-04:00,29565.0,29565.0,29570.25,29561.0,29561.0,139
2026-08-26 20:20:00-04:00,29572.0,29572.0,29574.75,29564.5,29564.75,233
2026-08-26 20:21:00-04:00,29569.0,29569.0,29576.0,29565.25,29573.25,173
2026-08-26 20:22:00-04:00,29567.75,29567.75,29575.0,29564.0,29568.0,112
2026-08-26 20:23:00-04:00,29571.5,29571.5,29573.5,29566.0,29568.25,56
2026-08-26 20:24:00-04:00,29580.75,29580.75,29585.0,29565.0,29571.75,257
2026-08-26 20:25:00-04:00,29575.25,29575.25,29583.25,29574.75,29581.0,91
2026-08-26 20:26:00-04:00,29570.5,29570.5,29578.0,29562.25,29576.25,213
2026-08-26 20:27:00-04:00,29571.5,29571.5,29571.5,29566.75,29569.75,70
2026-08-26 20:28:00-04:00,29575.25,29575.25,29579.75,29569.75,29571.5,182
2026-08-26 20:29:00-04:00,29581.0,29581.0,29583.0,29576.5,29576.5,85
2026-08-26 20:30:00-04:00,29557.25,29557.25,29581.25,29557.0,29580.5,246
2026-08-26 20:31:00-04:00,29553.25,29553.25,29560.5,29550.5,29557.5,241
2026-08-26 20:32:00-04:00,29538.5,29538.5,29555.25,29535.75,29553.75,515
2026-08-26 20:33:00-04:00,29538.25,29538.25,29540.25,29535.5,29538.75,251
2026-08-26 20:34:00-04:00,29535.75,29535.75,29539.0,29533.5,29538.5,131
2026-08-26 20:35:00-04:00,29535.25,29535.25,29539.5,29532.0,29535.0,192
2026-08-26 20:36:00-04:00,29518.75,29518.75,29537.0,29517.5,29534.0,464
2026-08-26 20:37:00-04:00,29510.75,29510.75,29522.5,29507.75,29518.25,424
2026-08-26 20:38:00-04:00,29511.5,29511.5,29512.0,29504.0,29510.5,333
2026-08-26 20:39:00-04:00,29514.5,29514.5,29519.5,29508.75,29510.0,428
2026-08-26 20:40:00-04:00,29516.5,29516.5,29519.75,29503.25,29515.25,380
2026-08-26 20:41:00-04:00,29509.5,29509.5,29521.5,29504.0,29515.75,206
2026-08-26 20:42:00-04:00,29505.25,29505.25,29511.5,29500.25,29507.5,235
2026-08-26 20:43:00-04:00,29504.25,29504.25,29507.75,29500.0,29505.75,149
2026-08-26 20:44:00-04:00,29478.0,29478.0,29507.5,29476.25,29504.5,800
2026-08-26 20:45:00-04:00,29470.0,29470.0,29479.5,29465.25,29478.0,611
2026-08-26 20:46:00-04:00,29452.75,29452.75,29469.25,29448.25,29469.25,673
2026-08-26 20:47:00-04:00,29449.75,29449.75,29461.0,29448.5,29452.25,373
2026-08-26 20:48:00-04:00,29453.5,29453.5,29456.25,29446.0,29449.25,401
2026-08-26 20:49:00-04:00,29461.0,29461.0,29461.75,29449.0,29453.25,252
2026-08-26 20:50:00-04:00,29452.0,29452.0,29466.0,29447.5,29460.75,259
2026-08-26 20:51:00-04:00,29456.75,29456.75,29460.75,29451.5,29452.5,194
2026-08-26 20:52:00-04:00,29451.0,29451.0,29456.5,29441.25,29456.5,321
2026-08-26 20:53:00-04:00,29448.5,29448.5,29452.0,29440.0,29452.0,197
2026-08-26 20:54:00-04:00,29444.25,29444.25,29449.5,29440.5,29449.25,228
2026-08-26 20:55:00-04:00,29454.5,29454.5,29455.0,29444.0,29444.0,218
2026-08-26 20:56:00-04:00,29449.5,29449.5,29456.0,29438.75,29454.25,297
2026-08-26 20:57:00-04:00,29448.5,29448.5,29455.75,29447.75,29450.0,201
2026-08-26 20:58:00-04:00,29448.0,29448.0,29451.75,29438.25,29449.25,213
2026-08-26 20:59:00-04:00,29445.75,29445.75,29449.0,29440.5,29447.75,132
2026-08-26 21:00:00-04:00,29435.25,29435.25,29449.0,29433.0,29443.75,350
2026-08-26 21:01:00-04:00,29449.0,29449.0,29451.0,29432.5,29436.25,446
2026-08-26 21:02:00-04:00,29455.75,29455.75,29463.5,29447.5,29450.25,551
2026-08-26 21:03:00-04:00,29460.0,29460.0,29461.75,29448.5,29456.5,220
2026-08-26 21:04:00-04:00,29463.25,29463.25,29469.75,29460.0,29461.25,394
2026-08-26 21:05:00-04:00,29463.75,29463.75,29469.5,29461.75,29467.25,173
2026-08-26 21:06:00-04:00,29479.25,29479.25,29482.5,29464.5,29464.5,271
2026-08-26 21:07:00-04:00,29481.5,29481.5,29484.0,29472.5,29479.25,197
2026-08-26 21:08:00-04:00,29475.25,29475.25,29483.25,29471.0,29482.0,213
2026-08-26 21:09:00-04:00,29484.25,29484.25,29486.5,29472.75,29474.5,211
2026-08-26 21:10:00-04:00,29474.0,29474.0,29490.0,29474.0,29485.25,302
2026-08-26 21:11:00-04:00,29473.75,29473.75,29475.75,29462.0,29474.75,222
2026-08-26 21:12:00-04:00,29473.75,29473.75,29473.75,29466.0,29471.25,111
2026-08-26 21:13:00-04:00,29459.0,29459.0,29475.0,29451.25,29472.25,286
2026-08-26 21:14:00-04:00,29452.75,29452.75,29458.75,29445.5,29458.0,293
2026-08-26 21:15:00-04:00,29467.25,29467.25,29468.0,29447.75,29452.0,169
2026-08-26 21:16:00-04:00,29462.5,29462.5,29470.0,29454.75,29467.25,261
2026-08-26 21:17:00-04:00,29459.75,29459.75,29469.5,29457.5,29461.5,131
2026-08-26 21:18:00-04:00,29468.75,29468.75,29472.75,29460.0,29460.0,71
2026-08-26 21:19:00-04:00,29481.25,29481.25,29484.0,29467.75,29469.25,256
2026-08-26 21:20:00-04:00,29481.0,29481.0,29484.0,29478.75,29481.75,100
2026-08-26 21:21:00-04:00,29493.5,29493.5,29495.25,29480.75,29481.25,215
2026-08-26 21:22:00-04:00,29489.5,29489.5,29494.0,29483.5,29493.75,146
2026-08-26 21:23:00-04:00,29494.5,29494.5,29498.25,29488.75,29488.75,145
2026-08-26 21:24:00-04:00,29497.25,29497.25,29497.75,29491.75,29493.5,162
2026-08-26 21:25:00-04:00,29492.25,29492.25,29498.25,29490.75,29495.75,64
2026-08-26 21:26:00-04:00,29507.25,29507.25,29509.25,29492.75,29492.75,301
2026-08-26 21:27:00-04:00,29499.0,29499.0,29507.5,29496.0,29506.75,161
2026-08-26 21:28:00-04:00,29502.0,29502.0,29503.25,29497.5,29500.5,88
2026-08-26 21:29:00-04:00,29503.25,29503.25,29505.75,29499.0,29501.5,81
2026-08-26 21:30:00-04:00,29508.25,29508.25,29511.0,29497.0,29503.0,242
2026-08-26 21:31:00-04:00,29512.5,29512.5,29515.0,29507.0,29508.25,265
2026-08-26 21:32:00-04:00,29520.25,29520.25,29521.5,29510.0,29513.0,173
2026-08-26 21:33:00-04:00,29521.25,29521.25,29523.25,29518.25,29520.75,136
2026-08-26 21:34:00-04:00,29517.0,29517.0,29523.5,29517.0,29522.25,127
2026-08-26 21:35:00-04:00,29518.25,29518.25,29523.25,29514.25,29518.25,150
2026-08-26 21:36:00-04:00,29525.0,29525.0,29525.0,29516.25,29518.25,117
2026-08-26 21:37:00-04:00,29528.5,29528.5,29531.75,29522.25,29524.75,175
2026-08-26 21:38:00-04:00,29532.5,29532.5,29535.0,29526.5,29529.75,178
2026-08-26 21:39:00-04:00,29529.5,29529.5,29534.5,29529.5,29533.5,126
2026-08-26 21:40:00-04:00,29519.5,29519.5,29531.5,29518.5,29530.0,150
2026-08-26 21:41:00-04:00,29510.75,29510.75,29523.75,29509.5,29521.25,309
2026-08-26 21:42:00-04:00,29507.25,29507.25,29514.75,29506.25,29511.0,200
2026-08-26 21:43:00-04:00,29510.25,29510.25,29517.25,29506.0,29507.5,165
2026-08-26 21:44:00-04:00,29492.75,29492.75,29508.25,29491.75,29508.25,301
2026-08-26 21:45:00-04:00,29505.0,29505.0,29508.75,29493.75,29493.75,169
2026-08-26 21:46:00-04:00,29501.25,29501.25,29506.75,29499.5,29506.5,91
2026-08-26 21:47:00-04:00,29509.25,29509.25,29509.25,29498.25,29500.25,71
2026-08-26 21:48:00-04:00,29527.25,29527.25,29531.0,29509.25,29509.25,341
2026-08-26 21:49:00-04:00,29538.75,29538.75,29542.0,29522.25,29524.5,237
2026-08-26 21:50:00-04:00,29540.5,29540.5,29541.0,29536.75,29537.5,154
2026-08-26 21:51:00-04:00,29539.5,29539.5,29543.75,29537.25,29541.25,102
2026-08-26 21:52:00-04:00,29537.25,29537.25,29539.5,29533.75,29539.5,91
2026-08-26 21:53:00-04:00,29544.75,29544.75,29546.25,29536.5,29538.25,88
2026-08-26 21:54:00-04:00,29553.75,29553.75,29554.0,29543.5,29545.0,245
2026-08-26 21:55:00-04:00,29547.25,29547.25,29554.25,29547.0,29553.0,151
2026-08-26 21:56:00-04:00,29549.5,29549.5,29549.75,29544.5,29548.25,68
2026-08-26 21:57:00-04:00,29544.0,29544.0,29550.0,29542.5,29549.0,73
2026-08-26 21:58:00-04:00,29535.25,29535.25,29548.25,29532.75,29542.75,262
2026-08-26 21:59:00-04:00,29529.75,29529.75,29535.25,29525.75,29534.25,266
2026-08-26 22:00:00-04:00,29539.5,29539.5,29540.25,29525.75,29531.75,328
2026-08-26 22:01:00-04:00,29529.25,29529.25,29538.0,29529.0,29537.5,131
2026-08-26 22:02:00-04:00,29535.75,29535.75,29539.75,29531.0,29531.0,77
2026-08-26 22:03:00-04:00,29534.0,29534.0,29539.5,29531.5,29534.75,141
2026-08-26 22:04:00-04:00,29540.75,29540.75,29541.0,29530.5,29532.0,57
2026-08-26 22:05:00-04:00,29527.75,29527.75,29540.0,29527.75,29538.0,126
2026-08-26 22:06:00-04:00,29518.25,29518.25,29527.5,29517.25,29527.5,156
2026-08-26 22:07:00-04:00,29529.75,29529.75,29532.0,29516.75,29517.0,130
2026-08-26 22:08:00-04:00,29529.5,29529.5,29530.25,29524.0,29529.5,82
2026-08-26 22:09:00-04:00,29539.5,29539.5,29539.5,29525.75,29529.0,92
2026-08-26 22:10:00-04:00,29537.0,29537.0,29540.75,29530.75,29540.0,72
2026-08-26 22:11:00-04:00,29535.25,29535.25,29537.75,29534.0,29537.0,40
2026-08-26 22:12:00-04:00,29543.0,29543.0,29544.0,29533.75,29536.0,163
2026-08-26 22:13:00-04:00,29536.0,29536.0,29542.75,29534.25,29542.25,88
2026-08-26 22:14:00-04:00,29539.75,29539.75,29544.25,29534.25,29535.75,129
2026-08-26 22:15:00-04:00,29539.25,29539.25,29541.75,29538.0,29540.75,47
2026-08-26 22:16:00-04:00,29542.25,29542.25,29542.25,29537.5,29538.5,21
2026-08-26 22:17:00-04:00,29536.75,29536.75,29541.75,29531.5,29541.75,56
2026-08-26 22:18:00-04:00,29532.0,29532.0,29537.75,29528.75,29537.75,66
2026-08-26 22:19:00-04:00,29536.0,29536.0,29537.0,29533.0,29533.0,24
2026-08-26 22:20:00-04:00,29529.25,29529.25,29537.25,29528.5,29535.25,42
2026-08-26 22:21:00-04:00,29531.25,29531.25,29538.0,29528.5,29529.75,42
2026-08-26 22:22:00-04:00,29534.5,29534.5,29541.75,29531.25,29531.25,58
2026-08-26 22:23:00-04:00,29533.25,29533.25,29535.5,29531.25,29534.75,31
2026-08-26 22:24:00-04:00,29533.5,29533.5,29534.75,29528.5,29531.75,55
2026-08-26 22:25:00-04:00,29533.0,29533.0,29535.75,29529.0,29533.0,31
2026-08-26 22:26:00-04:00,29531.5,29531.5,29535.0,29525.75,29534.0,59
2026-08-26 22:27:00-04:00,29538.0,29538.0,29540.0,29530.5,29532.0,77
2026-08-26 22:28:00-04:00,29542.75,29542.75,29543.25,29535.0,29539.0,80
2026-08-26 22:29:00-04:00,29539.0,29539.0,29543.0,29537.0,29543.0,39
2026-08-26 22:30:00-04:00,29537.5,29537.5,29541.25,29536.75,29538.75,47
2026-08-26 22:31:00-04:00,29547.5,29547.5,29550.0,29537.0,29537.0,113
2026-08-26 22:32:00-04:00,29549.25,29549.25,29550.5,29544.0,29546.25,49
2026-08-26 22:33:00-04:00,29550.0,29550.0,29553.5,29544.0,29550.0,151
2026-08-26 22:34:00-04:00,29552.5,29552.5,29555.0,29547.5,29549.25,108
2026-08-26 22:35:00-04:00,29545.5,29545.5,29553.25,29545.5,29552.75,129
2026-08-26 22:36:00-04:00,29549.0,29549.0,29552.0,29543.0,29547.25,116
2026-08-26 22:37:00-04:00,29544.5,29544.5,29549.5,29544.25,29548.75,20
2026-08-26 22:38:00-04:00,29545.0,29545.0,29548.5,29543.0,29545.25,36
2026-08-26 22:39:00-04:00,29552.5,29552.5,29552.5,29545.25,29545.25,72
2026-08-26 22:40:00-04:00,29549.5,29549.5,29553.0,29548.25,29552.25,33
2026-08-26 22:41:00-04:00,29539.0,29539.0,29552.25,29538.0,29550.0,149
2026-08-26 22:42:00-04:00,29534.25,29534.25,29540.5,29533.75,29539.0,87
2026-08-26 22:43:00-04:00,29531.25,29531.25,29534.75,29531.25,29533.5,90
2026-08-26 22:44:00-04:00,29541.25,29541.25,29545.0,29530.5,29532.25,117
2026-08-26 22:45:00-04:00,29543.5,29543.5,29546.0,29536.75,29541.75,139
2026-08-26 22:46:00-04:00,29544.25,29544.25,29547.75,29542.75,29543.0,55
2026-08-26 22:47:00-04:00,29545.25,29545.25,29545.75,29538.75,29543.75,34
2026-08-26 22:48:00-04:00,29542.0,29542.0,29542.25,29538.75,29542.25,46
2026-08-26 22:49:00-04:00,29540.5,29540.5,29546.25,29540.5,29542.25,38
2026-08-26 22:50:00-04:00,29548.0,29548.0,29548.75,29539.75,29539.75,27
2026-08-26 22:51:00-04:00,29554.25,29554.25,29556.0,29545.25,29548.0,120
2026-08-26 22:52:00-04:00,29555.75,29555.75,29560.5,29552.75,29553.5,169
2026-08-26 22:53:00-04:00,29555.25,29555.25,29558.5,29554.75,29555.0,66
2026-08-26 22:54:00-04:00,29551.0,29551.0,29557.5,29548.0,29556.0,131
2026-08-26 22:55:00-04:00,29550.75,29550.75,29553.5,29548.0,29551.75,83
2026-08-26 22:56:00-04:00,29547.0,29547.0,29552.0,29544.5,29552.0,177
2026-08-26 22:57:00-04:00,29551.0,29551.0,29552.75,29547.75,29550.0,77
2026-08-26 22:58:00-04:00,29554.0,29554.0,29555.5,29549.25,29550.75,49
2026-08-26 22:59:00-04:00,29548.75,29548.75,29553.0,29547.75,29553.0,58
2026-08-26 23:00:00-04:00,29548.0,29548.0,29551.5,29543.25,29550.5,125
2026-08-26 23:01:00-04:00,29550.5,29550.5,29551.5,29547.25,29547.25,45
2026-08-26 23:02:00-04:00,29559.0,29559.0,29560.0,29548.5,29550.5,159
2026-08-26 23:03:00-04:00,29551.25,29551.25,29563.0,29551.25,29558.75,175
2026-08-26 23:04:00-04:00,29554.25,29554.25,29556.0,29551.25,29551.25,33
2026-08-26 23:05:00-04:00,29552.25,29552.25,29554.5,29551.5,29554.5,13
2026-08-26 23:06:00-04:00,29542.5,29542.5,29552.75,29542.0,29551.25,165
2026-08-26 23:07:00-04:00,29538.75,29538.75,29545.5,29536.0,29544.0,93
2026-08-26 23:08:00-04:00,29537.75,29537.75,29539.75,29536.25,29537.75,39
2026-08-26 23:09:00-04:00,29538.25,29538.25,29541.25,29536.75,29538.0,212
2026-08-26 23:10:00-04:00,29538.0,29538.0,29541.0,29536.5,29540.25,62
2026-08-26 23:11:00-04:00,29536.75,29536.75,29541.25,29534.25,29538.5,40
2026-08-26 23:12:00-04:00,29531.75,29531.75,29536.0,29530.0,29535.0,100
2026-08-26 23:13:00-04:00,29537.5,29537.5,29538.0,29531.25,29531.25,71
2026-08-26 23:14:00-04:00,29540.25,29540.25,29540.25,29534.0,29537.5,70
2026-08-26 23:15:00-04:00,29545.75,29545.75,29548.5,29541.0,29541.0,105
2026-08-26 23:16:00-04:00,29543.75,29543.75,29546.75,29540.75,29545.0,39
2026-08-26 23:17:00-04:00,29546.0,29546.0,29547.5,29543.75,29545.0,22
2026-08-26 23:18:00-04:00,29546.25,29546.25,29547.75,29542.75,29546.5,31
2026-08-26 23:19:00-04:00,29556.25,29556.25,29556.25,29548.5,29548.5,74
2026-08-26 23:20:00-04:00,29553.0,29553.0,29559.5,29553.0,29556.0,93
2026-08-26 23:21:00-04:00,29553.5,29553.5,29556.25,29551.25,29553.25,30
2026-08-26 23:22:00-04:00,29555.5,29555.5,29555.5,29551.25,29553.0,52
2026-08-26 23:23:00-04:00,29561.0,29561.0,29561.0,29555.75,29556.5,82
2026-08-26 23:24:00-04:00,29572.5,29572.5,29573.5,29561.75,29561.75,357
2026-08-26 23:25:00-04:00,29566.75,29566.75,29575.75,29566.0,29572.5,136
2026-08-26 23:26:00-04:00,29570.0,29570.0,29570.5,29566.75,29568.0,38
2026-08-26 23:27:00-04:00,29570.5,29570.5,29571.25,29569.75,29570.0,16
2026-08-26 23:28:00-04:00,29569.75,29569.75,29572.75,29569.0,29571.25,29
2026-08-26 23:29:00-04:00,29564.25,29564.25,29568.5,29561.25,29568.5,93
2026-08-26 23:30:00-04:00,29552.75,29552.75,29572.25,29551.25,29566.0,312
2026-08-26 23:31:00-04:00,29560.25,29560.25,29560.25,29551.25,29553.75,61
2026-08-26 23:32:00-04:00,29558.75,29558.75,29564.75,29558.75,29560.0,53
2026-08-26 23:33:00-04:00,29557.25,29557.25,29561.75,29556.0,29559.75,28
2026-08-26 23:34:00-04:00,29561.0,29561.0,29562.0,29556.5,29557.5,40
2026-08-26 23:35:00-04:00,29559.25,29559.25,29561.25,29556.75,29561.25,8
2026-08-26 23:36:00-04:00,29555.25,29555.25,29557.75,29551.0,29557.75,36
2026-08-26 23:37:00-04:00,29555.5,29555.5,29557.75,29553.5,29555.0,31
2026-08-26 23:38:00-04:00,29548.75,29548.75,29554.25,29547.75,29554.25,55
2026-08-26 23:39:00-04:00,29551.0,29551.0,29552.0,29549.5,29550.25,43
2026-08-26 23:40:00-04:00,29544.5,29544.5,29555.25,29544.0,29551.0,88
2026-08-26 23:41:00-04:00,29551.25,29551.25,29553.75,29544.5,29544.5,42
2026-08-26 23:42:00-04:00,29548.25,29548.25,29552.5,29548.25,29552.0,36
2026-08-26 23:43:00-04:00,29549.5,29549.5,29551.5,29547.25,29548.75,30
2026-08-26 23:44:00-04:00,29541.75,29541.75,29548.0,29541.75,29548.0,86
2026-08-26 23:45:00-04:00,29550.75,29550.75,29552.5,29543.25,29543.5,66
2026-08-26 23:46:00-04:00,29539.0,29539.0,29551.25,29537.5,29551.25,74
2026-08-26 23:47:00-04:00,29539.5,29539.5,29540.75,29535.5,29539.25,99
2026-08-26 23:48:00-04:00,29538.0,29538.0,29540.5,29536.0,29540.5,34
2026-08-26 23:49:00-04:00,29539.25,29539.25,29541.0,29538.0,29541.0,19
2026-08-26 23:50:00-04:00,29541.0,29541.0,29547.0,29539.25,29539.5,92
2026-08-26 23:51:00-04:00,29535.75,29535.75,29544.0,29535.0,29542.75,57
2026-08-26 23:52:00-04:00,29528.0,29528.0,29536.25,29527.0,29536.25,153
2026-08-26 23:53:00-04:00,29530.5,29530.5,29531.25,29526.5,29528.75,69
2026-08-26 23:54:00-04:00,29537.5,29537.5,29539.25,29530.0,29531.5,63
2026-08-26 23:55:00-04:00,29546.0,29546.0,29546.0,29535.75,29538.75,102
2026-08-26 23:56:00-04:00,29548.25,29548.25,29548.25,29544.0,29545.25,73
2026-08-26 23:57:00-04:00,29542.25,29542.25,29550.25,29540.75,29548.5,82
2026-08-26 23:58:00-04:00,29534.25,29534.25,29541.75,29533.5,29541.75,122
2026-08-27 00:09:00-04:00,29536.25,29536.25,29537.5,29532.75,29533.75,34
2026-08-27 00:10:00-04:00,29533.5,29533.5,29534.75,29529.75,29534.75,22
2026-08-27 00:11:00-04:00,29535.25,29535.25,29535.75,29529.25,29532.25,38
2026-08-27 00:12:00-04:00,29534.5,29534.5,29535.75,29532.75,29534.5,19
2026-08-27 00:13:00-04:00,29532.5,29532.5,29536.0,29531.75,29534.75,32
2026-08-27 00:14:00-04:00,29534.0,29534.0,29534.25,29530.0,29532.0,20
2026-08-27 00:15:00-04:00,29533.0,29533.0,29535.5,29532.75,29534.75,20
2026-08-27 00:16:00-04:00,29541.0,29541.0,29543.25,29533.5,29534.75,123
2026-08-27 00:17:00-04:00,29543.0,29543.0,29545.0,29541.0,29541.0,54
2026-08-27 00:18:00-04:00,29549.25,29549.25,29550.0,29542.75,29543.75,88
2026-08-27 00:19:00-04:00,29544.5,29544.5,29550.25,29544.5,29549.5,42
2026-08-27 00:20:00-04:00,29547.5,29547.5,29549.75,29543.5,29544.0,25
2026-08-27 00:21:00-04:00,29542.0,29542.0,29547.75,29541.5,29545.75,35
2026-08-27 00:22:00-04:00,29540.75,29540.75,29544.75,29539.75,29542.5,41
2026-08-27 00:23:00-04:00,29545.25,29545.25,29545.75,29537.5,29539.5,65
2026-08-27 00:24:00-04:00,29547.0,29547.0,29547.75,29546.0,29546.25,27
2026-08-27 00:25:00-04:00,29547.25,29547.25,29549.0,29545.25,29547.25,33
2026-08-27 00:26:00-04:00,29548.5,29548.5,29551.75,29547.0,29547.0,20
2026-08-27 00:27:00-04:00,29540.0,29540.0,29548.75,29540.0,29547.75,47
2026-08-27 00:28:00-04:00,29532.75,29532.75,29540.0,29531.75,29540.0,108
2026-08-27 00:29:00-04:00,29528.5,29528.5,29536.25,29528.5,29533.75,60
2026-08-27 00:30:00-04:00,29525.25,29525.25,29530.25,29525.25,29528.5,124
2026-08-27 00:31:00-04:00,29529.25,29529.25,29530.25,29524.0,29527.75,84
2026-08-27 00:32:00-04:00,29528.5,29528.5,29529.75,29525.75,29529.25,40
2026-08-27 00:33:00-04:00,29526.5,29526.5,29530.25,29525.25,29529.25,41
2026-08-27 00:34:00-04:00,29521.75,29521.75,29525.75,29518.0,29525.75,97
2026-08-27 00:35:00-04:00,29522.25,29522.25,29522.25,29519.0,29521.0,63
2026-08-27 00:36:00-04:00,29517.0,29517.0,29522.5,29515.75,29522.5,72
2026-08-27 00:37:00-04:00,29513.5,29513.5,29518.25,29512.75,29517.25,75
2026-08-27 00:38:00-04:00,29511.75,29511.75,29515.0,29510.0,29513.25,105
2026-08-27 00:39:00-04:00,29505.25,29505.25,29512.0,29505.25,29510.75,58
2026-08-27 00:40:00-04:00,29500.25,29500.25,29505.25,29498.25,29505.25,156
2026-08-27 00:41:00-04:00,29511.0,29511.0,29513.0,29501.0,29501.0,100
2026-08-27 00:42:00-04:00,29510.5,29510.5,29511.25,29506.25,29510.5,123
2026-08-27 00:43:00-04:00,29511.5,29511.5,29512.0,29508.0,29510.5,50
2026-08-27 00:44:00-04:00,29504.25,29504.25,29510.25,29503.0,29508.5,52
2026-08-27 00:45:00-04:00,29511.25,29511.25,29511.25,29503.5,29503.5,48
2026-08-27 00:46:00-04:00,29515.75,29515.75,29515.75,29503.75,29511.5,181
2026-08-27 00:47:00-04:00,29519.5,29519.5,29520.75,29514.5,29516.0,142
2026-08-27 00:48:00-04:00,29507.75,29507.75,29519.75,29505.5,29519.75,126
2026-08-27 00:49:00-04:00,29502.5,29502.5,29505.5,29495.25,29505.5,154
2026-08-27 00:50:00-04:00,29505.5,29505.5,29511.0,29504.0,29504.75,80
2026-08-27 00:51:00-04:00,29503.25,29503.25,29505.25,29501.75,29504.5,35
2026-08-27 00:52:00-04:00,29495.75,29495.75,29504.75,29494.75,29504.25,77
2026-08-27 00:53:00-04:00,29497.5,29497.5,29498.0,29495.25,29495.5,29
2026-08-27 00:54:00-04:00,29497.0,29497.0,29497.75,29494.5,29497.0,54
2026-08-27 00:55:00-04:00,29496.0,29496.0,29497.5,29493.0,29496.0,121
2026-08-27 00:56:00-04:00,29494.75,29494.75,29496.75,29493.75,29496.75,53
2026-08-27 00:57:00-04:00,29501.5,29501.5,29502.75,29494.5,29494.5,68
2026-08-27 00:58:00-04:00,29498.75,29498.75,29502.5,29496.75,29502.0,39
2026-08-27 00:59:00-04:00,29497.25,29497.25,29500.75,29495.0,29500.0,46
2026-08-27 01:00:00-04:00,29494.25,29494.25,29504.25,29491.25,29501.5,147
2026-08-27 01:01:00-04:00,29487.25,29487.25,29496.25,29486.5,29494.0,195
2026-08-27 01:02:00-04:00,29480.5,29480.5,29490.75,29479.0,29487.5,194
2026-08-27 01:03:00-04:00,29480.25,29480.25,29482.0,29474.75,29480.75,191
2026-08-27 01:04:00-04:00,29481.25,29481.25,29483.0,29478.75,29480.75,66
2026-08-27 01:05:00-04:00,29486.0,29486.0,29486.5,29477.75,29480.25,177
2026-08-27 01:06:00-04:00,29485.0,29485.0,29490.25,29484.0,29487.25,76
2026-08-27 01:07:00-04:00,29481.5,29481.5,29493.25,29481.5,29484.0,123
2026-08-27 01:08:00-04:00,29477.75,29477.75,29483.0,29476.25,29481.75,51
2026-08-27 01:09:00-04:00,29476.5,29476.5,29486.5,29475.0,29476.5,127
2026-08-27 01:10:00-04:00,29476.75,29476.75,29485.75,29474.0,29475.75,98
2026-08-27 01:11:00-04:00,29475.5,29475.5,29477.75,29474.75,29477.75,90
2026-08-27 01:12:00-04:00,29482.0,29482.0,29482.25,29472.75,29474.25,128
2026-08-27 01:13:00-04:00,29482.25,29482.25,29491.0,29479.75,29482.75,100
2026-08-27 01:14:00-04:00,29484.5,29484.5,29488.0,29482.5,29483.25,43
2026-08-27 01:15:00-04:00,29471.75,29471.75,29482.25,29471.5,29482.25,96
2026-08-27 01:16:00-04:00,29472.0,29472.0,29477.75,29471.5,29473.0,51
2026-08-27 01:17:00-04:00,29460.5,29460.5,29473.75,29460.5,29471.75,213
2026-08-27 01:18:00-04:00,29463.25,29463.25,29465.25,29457.25,29461.25,146
2026-08-27 01:19:00-04:00,29452.0,29452.0,29462.75,29448.0,29462.75,231
2026-08-27 01:20:00-04:00,29457.25,29457.25,29457.5,29449.75,29452.25,124
2026-08-27 01:21:00-04:00,29456.25,29456.25,29460.0,29452.75,29457.0,85
2026-08-27 01:22:00-04:00,29465.25,29465.25,29471.5,29455.25,29455.25,231
2026-08-27 01:23:00-04:00,29472.0,29472.0,29474.75,29462.25,29462.25,133
2026-08-27 01:24:00-04:00,29473.0,29473.0,29474.25,29467.25,29472.5,48
2026-08-27 01:25:00-04:00,29474.25,29474.25,29474.5,29462.25,29473.0,103
2026-08-27 01:26:00-04:00,29471.5,29471.5,29478.75,29467.75,29474.75,196
2026-08-27 01:27:00-04:00,29474.75,29474.75,29475.0,29470.0,29472.0,77
2026-08-27 01:28:00-04:00,29465.25,29465.25,29475.25,29462.25,29473.75,167
2026-08-27 01:29:00-04:00,29468.0,29468.0,29470.75,29461.0,29467.0,95
2026-08-27 01:30:00-04:00,29459.5,29459.5,29467.75,29455.5,29466.25,167
2026-08-27 01:31:00-04:00,29461.0,29461.0,29463.75,29458.0,29459.25,121
2026-08-27 01:32:00-04:00,29457.5,29457.5,29465.0,29457.0,29460.5,88
2026-08-27 01:33:00-04:00,29457.25,29457.25,29461.25,29455.5,29458.0,52
2026-08-27 01:34:00-04:00,29457.5,29457.5,29457.5,29451.0,29456.25,56
2026-08-27 01:35:00-04:00,29448.25,29448.25,29455.25,29445.25,29455.25,105
2026-08-27 01:36:00-04:00,29448.0,29448.0,29452.5,29448.0,29450.0,108
2026-08-27 01:37:00-04:00,29451.25,29451.25,29452.75,29448.25,29448.5,84
2026-08-27 01:38:00-04:00,29454.25,29454.25,29460.0,29451.75,29451.75,106
2026-08-27 01:39:00-04:00,29460.0,29460.0,29461.25,29454.75,29454.75,110
2026-08-27 01:40:00-04:00,29471.25,29471.25,29472.75,29457.0,29458.75,130
2026-08-27 01:41:00-04:00,29454.25,29454.25,29472.25,29447.0,29472.25,273
2026-08-27 01:42:00-04:00,29442.75,29442.75,29454.5,29442.25,29454.5,194
2026-08-27 01:43:00-04:00,29441.25,29441.25,29445.75,29438.5,29442.75,130
2026-08-27 01:44:00-04:00,29442.5,29442.5,29443.5,29438.75,29440.25,72
2026-08-27 01:45:00-04:00,29442.0,29442.0,29443.25,29437.75,29441.5,121
2026-08-27 01:46:00-04:00,29454.5,29454.5,29454.5,29441.0,29441.0,127
2026-08-27 01:47:00-04:00,29454.75,29454.75,29459.75,29454.5,29454.5,106
2026-08-27 01:48:00-04:00,29459.0,29459.0,29461.0,29456.25,29456.25,57
2026-08-27 01:49:00-04:00,29460.5,29460.5,29462.25,29459.25,29460.0,47
2026-08-27 01:50:00-04:00,29461.25,29461.25,29465.0,29459.75,29461.75,85
2026-08-27 01:51:00-04:00,29463.0,29463.0,29464.0,29457.75,29460.25,76
2026-08-27 01:52:00-04:00,29446.75,29446.75,29463.25,29438.0,29463.25,361
2026-08-27 01:53:00-04:00,29443.75,29443.75,29449.0,29440.75,29446.5,105
2026-08-27 01:54:00-04:00,29442.25,29442.25,29444.0,29440.5,29442.25,39
2026-08-27 01:55:00-04:00,29436.25,29436.25,29443.0,29432.75,29443.0,156
2026-08-27 01:56:00-04:00,29431.5,29431.5,29436.25,29428.5,29436.25,241
2026-08-27 01:57:00-04:00,29438.0,29438.0,29440.5,29430.75,29432.0,148
2026-08-27 01:58:00-04:00,29436.25,29436.25,29441.25,29435.0,29438.75,82
2026-08-27 01:59:00-04:00,29438.75,29438.75,29440.0,29433.5,29434.25,69
2026-08-27 02:00:00-04:00,29427.75,29427.75,29437.5,29426.75,29437.5,207
2026-08-27 02:01:00-04:00,29431.0,29431.0,29435.75,29425.0,29427.0,374
2026-08-27 02:02:00-04:00,29430.25,29430.25,29433.25,29426.25,29430.0,184
2026-08-27 02:03:00-04:00,29434.5,29434.5,29434.75,29419.25,29429.75,209
2026-08-27 02:04:00-04:00,29421.5,29421.5,29437.0,29420.75,29434.5,237
2026-08-27 02:05:00-04:00,29423.0,29423.0,29428.0,29418.5,29420.25,227
2026-08-27 02:06:00-04:00,29417.25,29417.25,29426.75,29416.5,29422.25,170
2026-08-27 02:07:00-04:00,29408.75,29408.75,29419.75,29406.25,29416.0,238
2026-08-27 02:08:00-04:00,29405.0,29405.0,29412.5,29404.5,29409.0,207
2026-08-27 02:09:00-04:00,29406.0,29406.0,29408.5,29403.5,29404.25,117
2026-08-27 02:10:00-04:00,29405.75,29405.75,29411.25,29403.5,29406.5,94
2026-08-27 02:11:00-04:00,29409.25,29409.25,29410.25,29403.25,29406.25,125
2026-08-27 02:12:00-04:00,29404.25,29404.25,29411.75,29401.75,29410.5,159
2026-08-27 02:13:00-04:00,29420.75,29420.75,29423.0,29402.75,29403.5,178
2026-08-27 02:14:00-04:00,29432.5,29432.5,29434.75,29419.75,29421.5,509
2026-08-27 02:15:00-04:00,29438.0,29438.0,29449.25,29432.5,29433.0,231
2026-08-27 02:16:00-04:00,29438.5,29438.5,29441.25,29433.75,29439.0,138
2026-08-27 02:17:00-04:00,29436.25,29436.25,29441.0,29435.5,29437.25,107
2026-08-27 02:18:00-04:00,29440.25,29440.25,29446.0,29433.25,29435.0,153
2026-08-27 02:19:00-04:00,29442.0,29442.0,29445.75,29440.25,29441.25,84
2026-08-27 02:20:00-04:00,29442.75,29442.75,29446.75,29440.0,29443.75,80
2026-08-27 02:21:00-04:00,29439.75,29439.75,29444.75,29438.25,29443.25,42
2026-08-27 02:22:00-04:00,29442.0,29442.0,29448.0,29438.5,29438.5,114
2026-08-27 02:23:00-04:00,29437.5,29437.5,29442.0,29436.0,29440.75,67
2026-08-27 02:24:00-04:00,29443.75,29443.75,29444.5,29438.25,29438.75,37
2026-08-27 02:25:00-04:00,29445.75,29445.75,29446.25,29432.0,29444.0,261
2026-08-27 02:26:00-04:00,29445.5,29445.5,29448.25,29443.25,29446.25,80
2026-08-27 02:27:00-04:00,29441.0,29441.0,29447.0,29440.0,29445.25,61
2026-08-27 02:28:00-04:00,29449.0,29449.0,29450.25,29440.5,29440.5,140
2026-08-27 02:29:00-04:00,29450.75,29450.75,29451.0,29447.5,29449.5,69
2026-08-27 02:30:00-04:00,29452.0,29452.0,29457.0,29449.0,29451.5,196
2026-08-27 02:31:00-04:00,29451.75,29451.75,29453.75,29450.25,29450.75,56
2026-08-27 02:32:00-04:00,29455.25,29455.25,29459.25,29453.0,29454.25,120
2026-08-27 02:33:00-04:00,29459.25,29459.25,29459.25,29454.5,29454.5,61
2026-08-27 02:34:00-04:00,29462.25,29462.25,29464.75,29457.5,29459.5,115
2026-08-27 02:35:00-04:00,29468.5,29468.5,29470.5,29462.0,29462.0,153
2026-08-27 02:36:00-04:00,29461.5,29461.5,29466.25,29458.0,29466.25,140
2026-08-27 02:37:00-04:00,29461.0,29461.0,29465.75,29457.5,29462.75,70
2026-08-27 02:38:00-04:00,29465.0,29465.0,29465.0,29461.25,29463.0,46
2026-08-27 02:39:00-04:00,29471.5,29471.5,29472.0,29464.25,29465.5,99
2026-08-27 02:40:00-04:00,29471.25,29471.25,29474.75,29471.25,29471.5,114
2026-08-27 02:41:00-04:00,29479.0,29479.0,29480.5,29472.25,29472.25,136
2026-08-27 02:42:00-04:00,29476.75,29476.75,29479.25,29474.25,29478.5,97
2026-08-27 02:43:00-04:00,29485.75,29485.75,29486.0,29474.75,29475.0,152
2026-08-27 02:44:00-04:00,29489.25,29489.25,29490.5,29485.25,29486.0,123
2026-08-27 02:45:00-04:00,29489.5,29489.5,29492.0,29485.25,29489.0,139
2026-08-27 02:46:00-04:00,29488.5,29488.5,29497.0,29488.25,29489.25,176
2026-08-27 02:47:00-04:00,29487.5,29487.5,29491.5,29485.0,29490.0,101
2026-08-27 02:48:00-04:00,29488.25,29488.25,29490.25,29482.75,29490.25,84
2026-08-27 02:49:00-04:00,29483.25,29483.25,29492.0,29482.25,29488.5,70
2026-08-27 02:50:00-04:00,29479.75,29479.75,29487.0,29478.25,29484.5,80
2026-08-27 02:51:00-04:00,29481.25,29481.25,29482.25,29478.0,29479.25,65
2026-08-27 02:52:00-04:00,29478.75,29478.75,29482.25,29478.25,29480.25,36
2026-08-27 02:53:00-04:00,29483.75,29483.75,29485.0,29479.0,29479.25,95
2026-08-27 02:54:00-04:00,29480.75,29480.75,29484.25,29478.5,29483.75,128
2026-08-27 02:55:00-04:00,29491.5,29491.5,29492.5,29480.5,29480.5,103
2026-08-27 02:56:00-04:00,29491.0,29491.0,29495.5,29487.75,29491.0,114
2026-08-27 02:57:00-04:00,29496.25,29496.25,29498.25,29490.75,29491.0,179
2026-08-27 02:58:00-04:00,29498.5,29498.5,29498.5,29494.75,29496.75,101
2026-08-27 02:59:00-04:00,29499.5,29499.5,29500.0,29496.0,29498.5,62
2026-08-27 03:00:00-04:00,29485.75,29485.75,29499.0,29480.25,29498.75,313
2026-08-27 03:01:00-04:00,29478.5,29478.5,29490.5,29477.25,29486.5,189
2026-08-27 03:02:00-04:00,29501.5,29501.5,29501.75,29479.5,29480.5,268
2026-08-27 03:03:00-04:00,29501.75,29501.75,29505.25,29497.25,29501.0,192
2026-08-27 03:04:00-04:00,29507.5,29507.5,29507.5,29496.75,29501.75,160
2026-08-27 03:05:00-04:00,29518.25,29518.25,29519.75,29504.25,29507.5,375
2026-08-27 03:06:00-04:00,29518.75,29518.75,29523.25,29508.0,29516.5,264
2026-08-27 03:07:00-04:00,29520.0,29520.0,29521.0,29514.5,29518.5,179
2026-08-27 03:08:00-04:00,29521.75,29521.75,29522.75,29515.0,29519.25,156
2026-08-27 03:09:00-04:00,29521.0,29521.0,29525.5,29520.5,29523.0,160
2026-08-27 03:10:00-04:00,29522.5,29522.5,29525.25,29520.0,29522.25,153
2026-08-27 03:11:00-04:00,29519.5,29519.5,29523.0,29518.5,29521.5,94
2026-08-27 03:12:00-04:00,29521.0,29521.0,29525.5,29518.75,29520.75,146
2026-08-27 03:13:00-04:00,29528.25,29528.25,29529.0,29518.5,29520.0,127
2026-08-27 03:14:00-04:00,29536.0,29536.0,29538.5,29528.5,29528.5,223
2026-08-27 03:15:00-04:00,29532.5,29532.5,29542.0,29531.75,29537.0,262
2026-08-27 03:16:00-04:00,29533.0,29533.0,29538.5,29533.0,29533.0,98
2026-08-27 03:17:00-04:00,29534.0,29534.0,29538.75,29527.75,29532.5,97
2026-08-27 03:18:00-04:00,29538.0,29538.0,29542.25,29533.0,29535.0,111
2026-08-27 03:19:00-04:00,29537.75,29537.75,29541.5,29534.25,29538.5,99
2026-08-27 03:20:00-04:00,29539.0,29539.0,29540.75,29535.25,29537.0,151
2026-08-27 03:21:00-04:00,29532.25,29532.25,29539.0,29532.25,29538.75,114
2026-08-27 03:22:00-04:00,29537.5,29537.5,29540.0,29531.0,29533.5,85
2026-08-27 03:23:00-04:00,29528.75,29528.75,29538.0,29524.25,29538.0,168
2026-08-27 03:24:00-04:00,29528.75,29528.75,29533.0,29527.75,29529.25,126
2026-08-27 03:25:00-04:00,29529.5,29529.5,29534.25,29525.75,29528.5,152
2026-08-27 03:26:00-04:00,29531.75,29531.75,29533.25,29527.75,29530.0,118
2026-08-27 03:27:00-04:00,29526.75,29526.75,29534.25,29524.0,29531.5,151
2026-08-27 03:28:00-04:00,29536.25,29536.25,29540.5,29526.75,29527.25,136
2026-08-27 03:29:00-04:00,29548.25,29548.25,29548.75,29535.5,29536.5,161
2026-08-27 03:30:00-04:00,29547.75,29547.75,29549.75,29533.0,29547.75,366
2026-08-27 03:31:00-04:00,29544.75,29544.75,29549.75,29542.25,29547.25,181
2026-08-27 03:32:00-04:00,29542.0,29542.0,29547.75,29541.75,29544.0,77
2026-08-27 03:33:00-04:00,29537.0,29537.0,29543.25,29536.0,29543.0,170
2026-08-27 03:34:00-04:00,29542.0,29542.0,29546.0,29537.75,29537.75,86
2026-08-27 03:35:00-04:00,29539.5,29539.5,29544.75,29539.0,29541.75,90
2026-08-27 03:36:00-04:00,29526.5,29526.5,29539.75,29526.5,29539.75,186
2026-08-27 03:37:00-04:00,29514.25,29514.25,29529.0,29510.0,29528.0,239
2026-08-27 03:38:00-04:00,29514.0,29514.0,29521.25,29511.0,29513.25,187
2026-08-27 03:39:00-04:00,29507.0,29507.0,29513.5,29506.0,29513.5,136
2026-08-27 03:40:00-04:00,29508.75,29508.75,29511.75,29502.75,29506.5,205
2026-08-27 03:41:00-04:00,29512.0,29512.0,29515.0,29506.0,29509.5,113
2026-08-27 03:42:00-04:00,29512.0,29512.0,29514.25,29506.0,29511.0,78
2026-08-27 03:43:00-04:00,29505.25,29505.25,29514.0,29499.0,29512.75,216
2026-08-27 03:44:00-04:00,29504.0,29504.0,29507.5,29503.5,29505.0,40
2026-08-27 03:45:00-04:00,29506.0,29506.0,29507.5,29503.5,29504.75,61
2026-08-27 03:46:00-04:00,29502.75,29502.75,29504.0,29501.75,29502.25,44
2026-08-27 03:47:00-04:00,29502.25,29502.25,29505.75,29500.75,29503.0,59
2026-08-27 03:48:00-04:00,29512.0,29512.0,29514.25,29503.25,29504.25,74
2026-08-27 03:49:00-04:00,29512.75,29512.75,29519.0,29509.0,29514.75,112
2026-08-27 03:50:00-04:00,29519.75,29519.75,29521.0,29507.25,29513.5,128
2026-08-27 03:51:00-04:00,29517.0,29517.0,29521.25,29514.5,29520.0,112
2026-08-27 03:52:00-04:00,29524.75,29524.75,29526.5,29519.5,29520.75,106
2026-08-27 03:53:00-04:00,29532.25,29532.25,29534.0,29525.75,29525.75,129
2026-08-27 03:54:00-04:00,29533.25,29533.25,29535.75,29531.25,29532.5,81
2026-08-27 03:55:00-04:00,29545.25,29545.25,29545.25,29533.25,29534.0,132
2026-08-27 03:56:00-04:00,29541.5,29541.5,29548.25,29537.5,29545.0,121
2026-08-27 03:57:00-04:00,29539.75,29539.75,29545.0,29535.75,29541.0,139
2026-08-27 03:58:00-04:00,29541.25,29541.25,29543.0,29538.25,29539.5,66
2026-08-27 03:59:00-04:00,29539.5,29539.5,29547.0,29539.5,29542.25,56
2026-08-27 04:00:00-04:00,29548.25,29548.25,29551.25,29537.0,29538.75,224
2026-08-27 04:01:00-04:00,29567.25,29567.25,29567.25,29540.0,29548.25,364
2026-08-27 04:02:00-04:00,29564.5,29564.5,29572.0,29553.5,29566.75,334
2026-08-27 04:03:00-04:00,29566.75,29566.75,29569.0,29560.25,29564.0,179
2026-08-27 04:04:00-04:00,29570.25,29570.25,29571.0,29564.75,29566.5,126
2026-08-27 04:05:00-04:00,29576.25,29576.25,29585.0,29570.5,29570.5,449
2026-08-27 04:06:00-04:00,29583.75,29583.75,29589.0,29572.25,29576.75,182
2026-08-27 04:07:00-04:00,29590.25,29590.25,29596.25,29583.75,29585.0,230
2026-08-27 04:08:00-04:00,29596.5,29596.5,29596.5,29590.5,29591.25,106
2026-08-27 04:09:00-04:00,29598.5,29598.5,29600.0,29593.25,29597.5,204
2026-08-27 04:10:00-04:00,29596.5,29596.5,29601.0,29595.5,29598.5,168
2026-08-27 04:11:00-04:00,29602.25,29602.25,29604.25,29595.25,29597.0,192
2026-08-27 04:12:00-04:00,29614.5,29614.5,29615.0,29600.5,29603.25,360
2026-08-27 04:13:00-04:00,29619.0,29619.0,29624.0,29611.25,29614.0,390
2026-08-27 04:14:00-04:00,29622.0,29622.0,29622.75,29616.25,29620.5,132
2026-08-27 04:15:00-04:00,29620.0,29620.0,29624.0,29616.5,29622.5,184
2026-08-27 04:16:00-04:00,29602.75,29602.75,29620.5,29602.75,29620.5,284
2026-08-27 04:17:00-04:00,29605.5,29605.5,29612.75,29602.25,29602.5,227
2026-08-27 04:18:00-04:00,29599.25,29599.25,29605.5,29597.0,29605.25,191
2026-08-27 04:19:00-04:00,29608.75,29608.75,29609.75,29596.75,29598.0,120
2026-08-27 04:20:00-04:00,29600.25,29600.25,29611.0,29600.25,29609.0,127
2026-08-27 04:21:00-04:00,29607.25,29607.25,29611.25,29599.75,29600.75,153
2026-08-27 04:22:00-04:00,29608.25,29608.25,29611.75,29603.75,29606.5,208
2026-08-27 04:23:00-04:00,29613.75,29613.75,29615.0,29606.75,29607.5,163
2026-08-27 04:24:00-04:00,29617.75,29617.75,29620.0,29610.0,29612.75,157
2026-08-27 04:25:00-04:00,29629.25,29629.25,29630.75,29615.25,29618.75,345
2026-08-27 04:26:00-04:00,29637.0,29637.0,29638.0,29629.0,29629.5,280
2026-08-27 04:27:00-04:00,29641.5,29641.5,29643.75,29634.0,29637.25,223
2026-08-27 04:28:00-04:00,29652.75,29652.75,29653.25,29641.5,29642.25,481
2026-08-27 04:29:00-04:00,29656.5,29656.5,29659.75,29650.5,29652.0,486
2026-08-27 04:30:00-04:00,29643.75,29643.75,29658.0,29641.75,29656.75,289
2026-08-27 04:31:00-04:00,29646.25,29646.25,29647.5,29640.25,29642.25,184
2026-08-27 04:32:00-04:00,29638.75,29638.75,29646.5,29638.25,29644.5,118
2026-08-27 04:33:00-04:00,29632.0,29632.0,29638.0,29628.0,29638.0,170
2026-08-27 04:34:00-04:00,29627.5,29627.5,29636.5,29627.0,29633.25,158
2026-08-27 04:35:00-04:00,29628.25,29628.25,29631.75,29624.0,29629.25,116
2026-08-27 04:36:00-04:00,29620.25,29620.25,29628.25,29620.0,29628.0,114
2026-08-27 04:37:00-04:00,29626.5,29626.5,29627.0,29617.75,29620.0,150
2026-08-27 04:38:00-04:00,29626.75,29626.75,29633.25,29623.75,29626.5,219
2026-08-27 04:39:00-04:00,29626.5,29626.5,29634.75,29623.5,29627.75,213
2026-08-27 04:40:00-04:00,29621.25,29621.25,29629.75,29620.0,29627.0,128
2026-08-27 04:41:00-04:00,29619.75,29619.75,29633.5,29619.25,29621.0,203
2026-08-27 04:42:00-04:00,29628.5,29628.5,29631.0,29610.25,29620.0,250
2026-08-27 04:43:00-04:00,29635.5,29635.5,29637.5,29627.75,29628.25,274
2026-08-27 04:44:00-04:00,29629.5,29629.5,29640.5,29625.25,29636.25,179
2026-08-27 04:45:00-04:00,29644.25,29644.25,29644.25,29630.5,29632.5,165
2026-08-27 04:46:00-04:00,29638.75,29638.75,29650.25,29635.0,29642.75,227
2026-08-27 04:47:00-04:00,29648.5,29648.5,29650.0,29638.0,29641.0,188
2026-08-27 04:48:00-04:00,29657.25,29657.25,29659.75,29648.75,29649.0,230
2026-08-27 04:49:00-04:00,29652.25,29652.25,29656.25,29648.25,29655.75,173
2026-08-27 04:50:00-04:00,29650.75,29650.75,29654.5,29649.25,29652.25,143
2026-08-27 04:51:00-04:00,29656.75,29656.75,29662.0,29650.5,29650.5,280
2026-08-27 04:52:00-04:00,29639.5,29639.5,29656.5,29637.25,29656.0,295
2026-08-27 04:53:00-04:00,29640.5,29640.5,29643.0,29637.0,29640.5,108
2026-08-27 04:54:00-04:00,29632.5,29632.5,29640.5,29628.75,29640.25,157
2026-08-27 04:55:00-04:00,29627.0,29627.0,29630.5,29623.75,29629.75,113
2026-08-27 04:56:00-04:00,29625.75,29625.75,29629.0,29622.75,29626.5,152
2026-08-27 04:57:00-04:00,29628.25,29628.25,29631.75,29622.25,29624.5,145
2026-08-27 04:58:00-04:00,29634.25,29634.25,29634.25,29627.75,29628.5,113
2026-08-27 04:59:00-04:00,29623.75,29623.75,29635.25,29622.0,29634.5,133
2026-08-27 05:00:00-04:00,29631.0,29631.0,29634.25,29616.25,29624.75,336
2026-08-27 05:01:00-04:00,29620.25,29620.25,29632.25,29614.25,29632.0,180
2026-08-27 05:02:00-04:00,29600.75,29600.75,29620.5,29593.0,29618.5,522
2026-08-27 05:03:00-04:00,29594.25,29594.25,29602.75,29592.0,29602.0,355
2026-08-27 05:04:00-04:00,29591.75,29591.75,29600.75,29590.25,29593.5,210
2026-08-27 05:05:00-04:00,29590.25,29590.25,29597.25,29581.25,29590.5,274
2026-08-27 05:06:00-04:00,29595.25,29595.25,29600.0,29587.25,29589.75,246
2026-08-27 05:07:00-04:00,29591.75,29591.75,29596.0,29591.0,29594.75,88
2026-08-27 05:08:00-04:00,29607.5,29607.5,29608.25,29591.75,29592.0,298
2026-08-27 05:09:00-04:00,29605.75,29605.75,29612.5,29604.0,29608.25,206
2026-08-27 05:10:00-04:00,29607.5,29607.5,29608.75,29602.5,29606.25,104
2026-08-27 05:11:00-04:00,29609.0,29609.0,29609.0,29599.5,29607.0,76
2026-08-27 05:12:00-04:00,29606.25,29606.25,29610.0,29603.25,29609.75,95
2026-08-27 05:13:00-04:00,29603.0,29603.0,29608.0,29603.0,29606.75,44
2026-08-27 05:14:00-04:00,29584.0,29584.0,29600.0,29582.75,29600.0,139
2026-08-27 05:15:00-04:00,29577.5,29577.5,29587.0,29573.25,29584.25,239
2026-08-27 05:16:00-04:00,29572.5,29572.5,29578.25,29568.0,29577.75,165
2026-08-27 05:17:00-04:00,29576.5,29576.5,29577.5,29568.5,29570.5,163
2026-08-27 05:18:00-04:00,29577.5,29577.5,29578.5,29571.0,29576.25,159
2026-08-27 05:19:00-04:00,29587.25,29587.25,29590.0,29574.0,29577.5,112
2026-08-27 05:20:00-04:00,29588.75,29588.75,29591.75,29579.0,29588.25,109
2026-08-27 05:21:00-04:00,29592.75,29592.75,29597.5,29586.75,29589.75,78
2026-08-27 05:22:00-04:00,29596.5,29596.5,29598.25,29592.5,29592.5,87
2026-08-27 05:23:00-04:00,29596.5,29596.5,29598.0,29589.75,29596.0,127
2026-08-27 05:24:00-04:00,29608.0,29608.0,29608.5,29595.0,29596.25,131
2026-08-27 05:25:00-04:00,29607.25,29607.25,29609.75,29606.0,29608.0,94
2026-08-27 05:26:00-04:00,29608.75,29608.75,29614.5,29608.25,29609.0,164
2026-08-27 05:27:00-04:00,29610.0,29610.0,29615.0,29604.75,29609.25,113
2026-08-27 05:28:00-04:00,29598.0,29598.0,29609.5,29595.25,29609.5,194
2026-08-27 05:29:00-04:00,29598.0,29598.0,29602.0,29594.5,29594.75,165
2026-08-27 05:30:00-04:00,29604.75,29604.75,29607.75,29596.75,29597.75,184
2026-08-27 05:31:00-04:00,29610.25,29610.25,29617.75,29604.0,29605.0,151
2026-08-27 05:32:00-04:00,29614.75,29614.75,29622.0,29610.75,29611.25,149
2026-08-27 05:33:00-04:00,29620.5,29620.5,29625.5,29611.0,29615.75,334
2026-08-27 05:34:00-04:00,29620.0,29620.0,29622.0,29615.75,29621.0,303
2026-08-27 05:35:00-04:00,29613.75,29613.75,29620.5,29612.75,29619.5,321
2026-08-27 05:36:00-04:00,29614.0,29614.0,29615.75,29609.25,29611.25,108
2026-08-27 05:37:00-04:00,29616.5,29616.5,29616.75,29610.75,29613.5,55
2026-08-27 05:38:00-04:00,29613.25,29613.25,29619.5,29610.5,29615.5,65
2026-08-27 05:39:00-04:00,29614.5,29614.5,29617.5,29610.0,29610.25,52
2026-08-27 05:40:00-04:00,29619.25,29619.25,29619.75,29614.5,29616.25,152
2026-08-27 05:41:00-04:00,29615.75,29615.75,29619.75,29615.75,29619.75,431
2026-08-27 05:42:00-04:00,29614.5,29614.5,29617.5,29612.5,29616.0,57
2026-08-27 05:43:00-04:00,29615.75,29615.75,29616.25,29614.25,29614.75,56
2026-08-27 05:44:00-04:00,29615.0,29615.0,29616.25,29611.25,29616.25,80
2026-08-27 05:45:00-04:00,29618.0,29618.0,29619.0,29613.5,29614.5,157
2026-08-27 05:46:00-04:00,29627.5,29627.5,29634.5,29617.5,29617.5,397
2026-08-27 05:47:00-04:00,29625.5,29625.5,29633.5,29623.5,29627.5,154
2026-08-27 05:48:00-04:00,29622.5,29622.5,29628.5,29617.75,29625.5,142
2026-08-27 05:49:00-04:00,29619.25,29619.25,29622.75,29617.0,29621.75,60
2026-08-27 05:50:00-04:00,29614.0,29614.0,29621.5,29605.75,29620.0,169
2026-08-27 05:51:00-04:00,29619.75,29619.75,29624.0,29615.0,29615.25,88
2026-08-27 05:52:00-04:00,29626.75,29626.75,29629.75,29619.25,29619.25,96
2026-08-27 05:53:00-04:00,29625.5,29625.5,29630.75,29625.5,29627.0,120
2026-08-27 05:54:00-04:00,29619.25,29619.25,29626.75,29617.25,29625.5,142
2026-08-27 05:55:00-04:00,29605.5,29605.5,29619.0,29605.5,29618.5,143
2026-08-27 05:56:00-04:00,29609.75,29609.75,29613.5,29606.75,29608.25,60
2026-08-27 05:57:00-04:00,29603.5,29603.5,29612.25,29603.25,29611.0,137
2026-08-27 05:58:00-04:00,29601.5,29601.5,29606.0,29599.5,29605.0,136
2026-08-27 05:59:00-04:00,29602.0,29602.0,29605.5,29600.0,29601.25,88
2026-08-27 06:00:00-04:00,29597.75,29597.75,29602.75,29590.25,29602.25,186
2026-08-27 06:01:00-04:00,29599.5,29599.5,29600.0,29594.75,29598.5,72
2026-08-27 06:02:00-04:00,29589.25,29589.25,29599.25,29587.0,29599.0,132
2026-08-27 06:03:00-04:00,29587.25,29587.25,29590.75,29586.75,29589.75,59
2026-08-27 06:04:00-04:00,29596.25,29596.25,29597.0,29582.25,29589.25,113
2026-08-27 06:05:00-04:00,29598.0,29598.0,29598.0,29594.5,29596.0,66
2026-08-27 06:06:00-04:00,29601.0,29601.0,29604.0,29596.0,29598.0,140
2026-08-27 06:07:00-04:00,29597.75,29597.75,29600.5,29595.5,29600.5,72
2026-08-27 06:08:00-04:00,29602.5,29602.5,29602.5,29597.5,29597.5,40
2026-08-27 06:09:00-04:00,29597.5,29597.5,29602.25,29596.0,29601.75,32
2026-08-27 06:10:00-04:00,29605.0,29605.0,29606.25,29597.75,29598.0,74
2026-08-27 06:11:00-04:00,29593.0,29593.0,29606.0,29593.0,29604.5,112
2026-08-27 06:12:00-04:00,29590.0,29590.0,29597.25,29586.5,29593.0,68
2026-08-27 06:13:00-04:00,29593.25,29593.25,29597.0,29590.75,29591.5,37
2026-08-27 06:14:00-04:00,29598.75,29598.75,29598.75,29590.25,29592.25,59
2026-08-27 06:15:00-04:00,29600.0,29600.0,29603.75,29598.0,29598.75,129
2026-08-27 06:16:00-04:00,29602.5,29602.5,29602.5,29595.25,29601.0,50
2026-08-27 06:17:00-04:00,29597.75,29597.75,29602.5,29595.5,29599.75,36
2026-08-27 06:18:00-04:00,29599.0,29599.0,29602.0,29596.75,29597.25,27
2026-08-27 06:19:00-04:00,29583.75,29583.75,29596.75,29583.75,29596.75,90
2026-08-27 06:20:00-04:00,29587.25,29587.25,29592.0,29583.5,29583.5,68
2026-08-27 06:21:00-04:00,29584.25,29584.25,29589.5,29582.5,29587.5,67
2026-08-27 06:22:00-04:00,29582.0,29582.0,29587.5,29582.0,29584.0,89
2026-08-27 06:23:00-04:00,29584.5,29584.5,29586.25,29579.0,29582.0,113
2026-08-27 06:24:00-04:00,29586.5,29586.5,29587.25,29583.75,29585.0,37
2026-08-27 06:25:00-04:00,29582.25,29582.25,29584.75,29580.25,29583.75,85
2026-08-27 06:26:00-04:00,29581.25,29581.25,29588.0,29580.5,29583.5,138
2026-08-27 06:27:00-04:00,29583.25,29583.25,29583.75,29580.0,29581.0,56
2026-08-27 06:28:00-04:00,29581.0,29581.0,29584.0,29579.0,29584.0,28
2026-08-27 06:29:00-04:00,29579.75,29579.75,29582.5,29577.0,29580.25,51
2026-08-27 06:30:00-04:00,29582.25,29582.25,29582.25,29575.5,29580.75,89
2026-08-27 06:31:00-04:00,29579.0,29579.0,29585.75,29579.0,29584.0,71
2026-08-27 06:32:00-04:00,29580.5,29580.5,29584.5,29579.0,29580.5,39
2026-08-27 06:33:00-04:00,29581.5,29581.5,29585.0,29578.25,29582.25,67
2026-08-27 06:34:00-04:00,29582.75,29582.75,29585.0,29581.0,29582.5,75
2026-08-27 06:35:00-04:00,29575.25,29575.25,29583.75,29573.25,29583.0,100
2026-08-27 06:36:00-04:00,29573.0,29573.0,29579.0,29572.25,29574.5,84
2026-08-27 06:37:00-04:00,29572.75,29572.75,29576.0,29570.0,29572.75,138
2026-08-27 06:38:00-04:00,29580.25,29580.25,29583.25,29572.75,29572.75,105
2026-08-27 06:39:00-04:00,29572.0,29572.0,29582.25,29571.5,29579.75,87
2026-08-27 06:40:00-04:00,29583.5,29583.5,29589.0,29570.75,29572.0,170
2026-08-27 06:41:00-04:00,29587.25,29587.25,29587.75,29582.25,29584.25,78
2026-08-27 06:42:00-04:00,29589.5,29589.5,29591.25,29585.75,29587.0,89
2026-08-27 06:43:00-04:00,29595.0,29595.0,29596.25,29587.75,29588.5,73
2026-08-27 06:44:00-04:00,29600.0,29600.0,29602.75,29595.25,29595.25,109
2026-08-27 06:45:00-04:00,29593.0,29593.0,29599.75,29593.0,29599.75,94
2026-08-27 06:46:00-04:00,29597.75,29597.75,29598.25,29590.75,29593.0,66
2026-08-27 06:47:00-04:00,29596.0,29596.0,29598.5,29594.75,29598.0,45
2026-08-27 06:48:00-04:00,29594.5,29594.5,29594.75,29591.5,29594.0,62
2026-08-27 06:49:00-04:00,29584.5,29584.5,29601.0,29584.5,29596.0,114
2026-08-27 06:50:00-04:00,29573.25,29573.25,29583.5,29572.25,29583.5,212
2026-08-27 06:51:00-04:00,29577.75,29577.75,29578.5,29568.25,29574.25,173
2026-08-27 06:52:00-04:00,29577.0,29577.0,29578.75,29575.25,29578.5,32
2026-08-27 06:53:00-04:00,29588.25,29588.25,29589.75,29578.25,29578.25,47
2026-08-27 06:54:00-04:00,29595.5,29595.5,29595.75,29588.5,29589.0,71
2026-08-27 06:55:00-04:00,29600.75,29600.75,29602.25,29594.5,29596.5,55
2026-08-27 06:56:00-04:00,29595.5,29595.5,29599.5,29592.5,29599.0,68
2026-08-27 06:57:00-04:00,29595.25,29595.25,29598.5,29592.0,29595.0,50
2026-08-27 06:58:00-04:00,29593.25,29593.25,29598.25,29591.0,29596.5,75
2026-08-27 06:59:00-04:00,29597.5,29597.5,29598.0,29593.5,29593.75,79
2026-08-27 07:00:00-04:00,29588.0,29588.0,29607.0,29588.0,29599.0,333
2026-08-27 07:01:00-04:00,29586.0,29586.0,29599.5,29582.5,29588.0,160
2026-08-27 07:02:00-04:00,29580.0,29580.0,29586.0,29577.0,29585.75,92
2026-08-27 07:03:00-04:00,29587.75,29587.75,29589.0,29580.25,29580.5,94
2026-08-27 07:04:00-04:00,29605.25,29605.25,29606.25,29586.75,29587.0,156
2026-08-27 07:05:00-04:00,29614.25,29614.25,29615.75,29603.75,29606.75,205
2026-08-27 07:06:00-04:00,29608.0,29608.0,29615.75,29606.25,29613.5,162
2026-08-27 07:07:00-04:00,29609.5,29609.5,29614.0,29608.0,29609.0,72
2026-08-27 07:08:00-04:00,29599.5,29599.5,29610.5,29588.25,29609.75,214
2026-08-27 07:09:00-04:00,29609.0,29609.0,29612.25,29597.0,29599.25,145
2026-08-27 07:10:00-04:00,29608.25,29608.25,29612.25,29604.25,29607.75,103
2026-08-27 07:11:00-04:00,29607.0,29607.0,29614.0,29605.0,29608.5,68
2026-08-27 07:12:00-04:00,29618.5,29618.5,29618.5,29605.25,29605.25,88
2026-08-27 07:13:00-04:00,29624.25,29624.25,29630.0,29616.75,29618.75,336
2026-08-27 07:14:00-04:00,29616.25,29616.25,29624.0,29613.0,29622.5,103
2026-08-27 07:15:00-04:00,29616.5,29616.5,29620.75,29615.0,29616.25,110
2026-08-27 07:16:00-04:00,29620.0,29620.0,29621.25,29614.5,29614.75,109
2026-08-27 07:17:00-04:00,29610.75,29610.75,29618.25,29609.0,29618.25,116
2026-08-27 07:18:00-04:00,29599.0,29599.0,29612.75,29597.75,29610.75,165
2026-08-27 07:19:00-04:00,29593.75,29593.75,29601.25,29592.75,29598.5,158
2026-08-27 07:20:00-04:00,29596.25,29596.25,29597.25,29592.5,29593.5,107
2026-08-27 07:21:00-04:00,29590.75,29590.75,29597.25,29585.75,29597.25,173
2026-08-27 07:22:00-04:00,29598.5,29598.5,29599.5,29590.75,29590.75,168
2026-08-27 07:23:00-04:00,29588.25,29588.25,29598.25,29587.5,29597.75,65
2026-08-27 07:24:00-04:00,29592.0,29592.0,29595.25,29588.75,29589.0,75
2026-08-27 07:25:00-04:00,29596.5,29596.5,29596.5,29588.0,29591.5,68
2026-08-27 07:26:00-04:00,29583.75,29583.75,29595.5,29580.5,29594.5,170
2026-08-27 07:27:00-04:00,29577.0,29577.0,29584.25,29573.25,29584.25,157
2026-08-27 07:28:00-04:00,29583.25,29583.25,29585.0,29577.0,29578.0,102
2026-08-27 07:29:00-04:00,29569.5,29569.5,29584.25,29569.5,29583.5,135
2026-08-27 07:30:00-04:00,29559.75,29559.75,29570.75,29553.5,29570.25,243
2026-08-27 07:31:00-04:00,29568.25,29568.25,29588.0,29558.25,29560.0,543
2026-08-27 07:32:00-04:00,29565.25,29565.25,29569.0,29551.0,29569.0,390
2026-08-27 07:33:00-04:00,29575.5,29575.5,29575.75,29562.0,29564.25,129
2026-08-27 07:34:00-04:00,29571.25,29571.25,29578.0,29568.75,29575.5,67
2026-08-27 07:35:00-04:00,29561.5,29561.5,29574.25,29560.25,29571.75,202
2026-08-27 07:36:00-04:00,29555.75,29555.75,29566.75,29555.5,29563.0,89
2026-08-27 07:37:00-04:00,29554.0,29554.0,29556.25,29547.25,29554.5,135
2026-08-27 07:38:00-04:00,29549.25,29549.25,29556.0,29546.25,29553.5,81
2026-08-27 07:39:00-04:00,29553.0,29553.0,29555.75,29549.0,29550.75,278
2026-08-27 07:40:00-04:00,29555.25,29555.25,29557.25,29550.25,29551.0,82
2026-08-27 07:41:00-04:00,29556.5,29556.5,29558.75,29552.75,29554.75,125
2026-08-27 07:42:00-04:00,29557.0,29557.0,29560.75,29549.0,29556.5,109
2026-08-27 07:43:00-04:00,29564.25,29564.25,29567.0,29557.25,29557.25,127
2026-08-27 07:44:00-04:00,29565.5,29565.5,29567.0,29558.5,29564.0,86
2026-08-27 07:45:00-04:00,29553.25,29553.25,29563.5,29553.25,29563.5,99
2026-08-27 07:46:00-04:00,29536.25,29536.25,29551.75,29531.25,29551.25,546
2026-08-27 07:47:00-04:00,29530.0,29530.0,29536.0,29530.0,29535.0,94
2026-08-27 07:48:00-04:00,29526.0,29526.0,29531.5,29519.0,29531.0,227
2026-08-27 07:49:00-04:00,29518.25,29518.25,29527.0,29516.75,29526.0,124
2026-08-27 07:50:00-04:00,29521.5,29521.5,29523.5,29514.75,29517.75,191
2026-08-27 07:51:00-04:00,29518.5,29518.5,29522.5,29517.0,29521.5,122
2026-08-27 07:52:00-04:00,29525.75,29525.75,29527.25,29517.0,29521.0,109
2026-08-27 07:53:00-04:00,29534.25,29534.25,29534.5,29517.5,29525.0,169
2026-08-27 07:54:00-04:00,29534.0,29534.0,29535.75,29530.5,29533.0,155
2026-08-27 07:55:00-04:00,29539.5,29539.5,29543.25,29533.75,29533.75,127
2026-08-27 07:56:00-04:00,29539.75,29539.75,29540.25,29536.75,29538.5,85
2026-08-27 07:57:00-04:00,29545.25,29545.25,29548.0,29540.0,29540.0,126
2026-08-27 07:58:00-04:00,29554.25,29554.25,29555.75,29543.0,29543.5,142
2026-08-27 07:59:00-04:00,29558.5,29558.5,29560.25,29554.0,29555.25,121
2026-08-27 08:00:00-04:00,29559.0,29559.0,29561.5,29552.5,29557.75,183
2026-08-27 08:01:00-04:00,29566.25,29566.25,29568.25,29557.5,29559.0,234
2026-08-27 08:02:00-04:00,29567.25,29567.25,29568.25,29555.0,29565.5,167
2026-08-27 08:03:00-04:00,29558.25,29558.25,29568.25,29551.0,29567.5,189
2026-08-27 08:04:00-04:00,29562.25,29562.25,29564.25,29556.0,29556.25,135
2026-08-27 08:05:00-04:00,29559.0,29559.0,29567.5,29556.0,29563.25,105
2026-08-27 08:06:00-04:00,29560.25,29560.25,29568.75,29557.0,29558.25,143
2026-08-27 08:07:00-04:00,29557.25,29557.25,29565.5,29556.75,29558.5,75
2026-08-27 08:08:00-04:00,29568.5,29568.5,29571.75,29558.0,29560.5,588
2026-08-27 08:09:00-04:00,29572.25,29572.25,29573.5,29567.0,29567.5,122
2026-08-27 08:10:00-04:00,29576.75,29576.75,29577.0,29570.0,29573.25,145
2026-08-27 08:11:00-04:00,29584.5,29584.5,29585.5,29575.5,29577.0,261
2026-08-27 08:12:00-04:00,29586.25,29586.25,29589.0,29582.0,29583.5,202
2026-08-27 08:13:00-04:00,29586.0,29586.0,29588.75,29582.5,29587.75,101
2026-08-27 08:14:00-04:00,29584.0,29584.0,29587.5,29580.25,29586.5,76
2026-08-27 08:15:00-04:00,29579.25,29579.25,29586.0,29578.25,29584.25,90
2026-08-27 08:16:00-04:00,29572.5,29572.5,29580.0,29570.5,29578.75,122
2026-08-27 08:17:00-04:00,29580.75,29580.75,29581.75,29567.75,29571.25,120
2026-08-27 08:18:00-04:00,29573.5,29573.5,29583.75,29571.5,29580.5,121
2026-08-27 08:19:00-04:00,29579.25,29579.25,29579.25,29571.25,29573.25,79
2026-08-27 08:20:00-04:00,29580.0,29580.0,29583.0,29577.25,29579.0,123
2026-08-27 08:21:00-04:00,29574.25,29574.25,29584.5,29567.0,29581.25,189
2026-08-27 08:22:00-04:00,29577.0,29577.0,29580.75,29565.75,29574.5,150
2026-08-27 08:23:00-04:00,29584.25,29584.25,29584.25,29577.0,29577.0,87
2026-08-27 08:24:00-04:00,29583.75,29583.75,29585.25,29579.5,29584.0,67
2026-08-27 08:25:00-04:00,29586.25,29586.25,29588.0,29581.75,29584.25,137
2026-08-27 08:26:00-04:00,29583.75,29583.75,29590.5,29582.5,29585.75,100
2026-08-27 08:27:00-04:00,29575.25,29575.25,29586.0,29574.5,29583.0,246
2026-08-27 08:28:00-04:00,29575.5,29575.5,29582.5,29572.25,29575.75,205
2026-08-27 08:29:00-04:00,29579.25,29579.25,29579.75,29574.25,29578.0,99
2026-08-27 08:30:00-04:00,29575.75,29575.75,29580.25,29568.5,29579.0,228
2026-08-27 08:31:00-04:00,29566.0,29566.0,29581.25,29566.0,29574.75,292
2026-08-27 08:32:00-04:00,29564.75,29564.75,29573.75,29563.75,29565.75,383
2026-08-27 08:33:00-04:00,29566.0,29566.0,29568.75,29562.0,29565.75,139
2026-08-27 08:34:00-04:00,29568.75,29568.75,29570.0,29563.0,29567.0,119
2026-08-27 08:35:00-04:00,29568.25,29568.25,29570.25,29563.5,29568.5,273
2026-08-27 08:36:00-04:00,29561.0,29561.0,29573.25,29558.25,29569.5,180
2026-08-27 08:37:00-04:00,29555.0,29555.0,29562.75,29552.75,29560.5,335
2026-08-27 08:38:00-04:00,29549.75,29549.75,29559.25,29549.0,29556.0,216
2026-08-27 08:39:00-04:00,29557.5,29557.5,29561.0,29550.0,29550.0,199
2026-08-27 08:40:00-04:00,29558.25,29558.25,29562.0,29549.75,29555.5,192
2026-08-27 08:41:00-04:00,29558.25,29558.25,29565.0,29557.75,29558.5,136
2026-08-27 08:42:00-04:00,29555.0,29555.0,29563.75,29553.0,29558.5,136
2026-08-27 08:43:00-04:00,29557.25,29557.25,29563.75,29553.5,29554.75,153
2026-08-27 08:44:00-04:00,29537.5,29537.5,29558.25,29534.5,29558.0,281
2026-08-27 08:45:00-04:00,29534.0,29534.0,29538.75,29528.0,29536.25,293
2026-08-27 08:46:00-04:00,29531.25,29531.25,29537.0,29530.0,29532.25,155
2026-08-27 08:47:00-04:00,29534.25,29534.25,29536.75,29526.5,29532.0,255
2026-08-27 08:48:00-04:00,29531.0,29531.0,29541.0,29529.75,29534.0,197
2026-08-27 08:49:00-04:00,29532.5,29532.5,29537.25,29530.0,29531.0,122
2026-08-27 08:50:00-04:00,29528.5,29528.5,29539.75,29525.25,29531.75,275
2026-08-27 08:51:00-04:00,29526.0,29526.0,29532.5,29521.75,29530.0,166
2026-08-27 08:52:00-04:00,29520.25,29520.25,29527.0,29518.5,29526.5,271
2026-08-27 08:53:00-04:00,29524.0,29524.0,29528.5,29515.5,29520.75,462
2026-08-27 08:54:00-04:00,29531.0,29531.0,29534.75,29522.5,29523.25,208
2026-08-27 08:55:00-04:00,29525.25,29525.25,29532.25,29525.0,29531.5,150
2026-08-27 08:56:00-04:00,29536.25,29536.25,29538.0,29523.25,29524.75,278
2026-08-27 08:57:00-04:00,29528.75,29528.75,29537.5,29526.75,29536.25,131
2026-08-27 08:58:00-04:00,29520.25,29520.25,29531.0,29520.25,29530.25,156
2026-08-27 08:59:00-04:00,29522.5,29522.5,29525.0,29519.0,29520.5,123
2026-08-27 09:00:00-04:00,29525.0,29525.0,29528.0,29518.5,29522.0,462
2026-08-27 09:01:00-04:00,29522.75,29522.75,29529.25,29519.0,29524.5,258
2026-08-27 09:02:00-04:00,29540.25,29540.25,29541.75,29521.25,29522.75,313
2026-08-27 09:03:00-04:00,29536.0,29536.0,29543.0,29535.5,29541.5,231
2026-08-27 09:04:00-04:00,29545.0,29545.0,29548.0,29535.5,29536.75,287
2026-08-27 09:05:00-04:00,29548.5,29548.5,29550.0,29540.25,29545.0,181
2026-08-27 09:06:00-04:00,29555.75,29555.75,29558.0,29547.75,29548.5,232
2026-08-27 09:07:00-04:00,29555.75,29555.75,29559.5,29552.75,29556.75,159
2026-08-27 09:08:00-04:00,29551.25,29551.25,29557.5,29547.25,29556.75,189
2026-08-27 09:09:00-04:00,29550.75,29550.75,29552.5,29545.5,29551.0,164
2026-08-27 09:10:00-04:00,29555.25,29555.25,29559.5,29549.5,29551.25,167
2026-08-27 09:11:00-04:00,29552.0,29552.0,29555.75,29546.5,29555.25,221
2026-08-27 09:12:00-04:00,29559.75,29559.75,29561.75,29550.0,29551.75,197
2026-08-27 09:13:00-04:00,29551.75,29551.75,29560.0,29547.0,29559.5,251
2026-08-27 09:14:00-04:00,29555.75,29555.75,29556.5,29550.25,29551.25,133
2026-08-27 09:15:00-04:00,29560.75,29560.75,29562.25,29550.0,29554.5,213
2026-08-27 09:16:00-04:00,29553.5,29553.5,29570.25,29551.0,29559.75,618
2026-08-27 09:17:00-04:00,29557.0,29557.0,29561.75,29552.75,29553.0,244
2026-08-27 09:18:00-04:00,29548.5,29548.5,29556.5,29547.25,29556.5,232
2026-08-27 09:19:00-04:00,29550.25,29550.25,29553.0,29544.0,29549.0,200
2026-08-27 09:20:00-04:00,29550.25,29550.25,29554.0,29548.75,29550.25,198
2026-08-27 09:21:00-04:00,29545.5,29545.5,29549.75,29541.0,29549.5,286
2026-08-27 09:22:00-04:00,29544.0,29544.0,29550.5,29536.25,29545.75,733
2026-08-27 09:23:00-04:00,29542.0,29542.0,29552.0,29541.0,29543.75,259
2026-08-27 09:24:00-04:00,29537.5,29537.5,29543.5,29537.5,29542.75,175
2026-08-27 09:25:00-04:00,29561.5,29561.5,29561.5,29538.0,29538.0,967
2026-08-27 09:26:00-04:00,29553.5,29553.5,29562.5,29552.25,29561.5,207
2026-08-27 09:27:00-04:00,29535.25,29535.25,29555.75,29534.0,29554.0,585
2026-08-27 09:28:00-04:00,29527.5,29527.5,29541.25,29526.5,29535.25,719
2026-08-27 09:29:00-04:00,29524.75,29524.75,29535.0,29523.25,29527.25,943
2026-08-27 09:30:00-04:00,29571.5,29571.5,29586.25,29502.25,29524.5,6156
2026-08-27 09:31:00-04:00,29486.75,29486.75,29588.75,29480.75,29573.0,5988
2026-08-27 09:32:00-04:00,29486.0,29486.0,29496.0,29474.0,29487.5,4515
2026-08-27 09:33:00-04:00,29498.25,29498.25,29520.0,29484.75,29485.5,3485
2026-08-27 09:34:00-04:00,29463.5,29463.5,29502.25,29452.75,29498.25,3408
2026-08-27 09:35:00-04:00,29472.5,29472.5,29480.0,29443.0,29464.5,3645
2026-08-27 09:36:00-04:00,29478.75,29478.75,29486.0,29456.0,29473.5,3214
2026-08-27 09:37:00-04:00,29466.75,29466.75,29485.5,29447.25,29479.25,2779
2026-08-27 09:38:00-04:00,29458.5,29458.5,29478.75,29449.75,29466.5,2037
2026-08-27 09:39:00-04:00,29489.75,29489.75,29490.75,29450.0,29458.5,2282
2026-08-27 09:40:00-04:00,29510.0,29510.0,29519.25,29487.75,29490.0,2756
2026-08-27 09:41:00-04:00,29503.75,29503.75,29545.75,29503.75,29510.5,3072
2026-08-27 09:42:00-04:00,29529.25,29529.25,29534.25,29486.5,29503.75,3133
2026-08-27 09:43:00-04:00,29534.25,29534.25,29540.5,29519.25,29528.75,1918
2026-08-27 09:44:00-04:00,29575.0,29575.0,29586.0,29534.5,29535.0,4151
2026-08-27 09:45:00-04:00,29589.75,29589.75,29598.25,29566.5,29576.0,3855
2026-08-27 09:46:00-04:00,29555.0,29555.0,29605.0,29553.25,29590.25,3694
2026-08-27 09:47:00-04:00,29494.75,29494.75,29560.5,29481.0,29555.25,5208
2026-08-27 09:48:00-04:00,29498.5,29498.5,29508.0,29482.5,29496.25,2950
2026-08-27 09:49:00-04:00,29476.5,29476.5,29501.0,29451.75,29497.0,3348
2026-08-27 09:50:00-04:00,29541.0,29541.0,29545.0,29477.0,29477.0,3321
2026-08-27 09:51:00-04:00,29546.0,29546.0,29554.75,29537.75,29540.5,2146
2026-08-27 09:52:00-04:00,29557.25,29557.25,29561.0,29529.25,29546.25,2679
2026-08-27 09:53:00-04:00,29555.5,29555.5,29560.75,29538.0,29557.0,1707
2026-08-27 09:54:00-04:00,29543.25,29543.25,29567.25,29539.75,29555.75,1616
2026-08-27 09:55:00-04:00,29521.25,29521.25,29544.75,29500.5,29542.25,2461
2026-08-27 09:56:00-04:00,29465.0,29465.0,29522.0,29463.75,29521.25,2157
2026-08-27 09:57:00-04:00,29435.75,29435.75,29466.0,29423.75,29465.25,4253
2026-08-27 09:58:00-04:00,29462.25,29462.25,29463.0,29433.5,29435.5,2892
2026-08-27 09:59:00-04:00,29483.0,29483.0,29488.75,29459.0,29462.75,2034
2026-08-27 10:00:00-04:00,29503.75,29503.75,29509.75,29478.5,29484.0,3033
2026-08-27 10:01:00-04:00,29518.75,29518.75,29524.75,29494.25,29504.75,2294
2026-08-27 10:02:00-04:00,29516.75,29516.75,29528.0,29499.0,29518.5,2044
2026-08-27 10:03:00-04:00,29547.75,29547.75,29548.25,29506.0,29517.25,2092
2026-08-27 10:04:00-04:00,29535.5,29535.5,29549.0,29521.5,29547.75,1685
2026-08-27 10:05:00-04:00,29548.25,29548.25,29557.5,29533.0,29536.25,1666
2026-08-27 10:06:00-04:00,29513.75,29513.75,29552.75,29513.25,29547.75,1883
2026-08-27 10:07:00-04:00,29542.25,29542.25,29552.0,29502.0,29514.5,1909
2026-08-27 10:08:00-04:00,29521.5,29521.5,29542.75,29508.25,29542.25,1579
2026-08-27 10:09:00-04:00,29530.25,29530.25,29537.75,29514.0,29520.75,1139
2026-08-27 10:10:00-04:00,29563.25,29563.25,29566.25,29527.25,29529.75,1772
2026-08-27 10:11:00-04:00,29560.75,29560.75,29572.0,29555.5,29563.75,1248
2026-08-27 10:12:00-04:00,29575.0,29575.0,29576.75,29558.25,29561.5,1240
2026-08-27 10:13:00-04:00,29584.5,29584.5,29586.5,29565.75,29574.75,1310
2026-08-27 10:14:00-04:00,29559.0,29559.0,29588.5,29554.25,29584.75,1620
2026-08-27 10:15:00-04:00,29586.0,29586.0,29588.25,29558.0,29558.0,1248
2026-08-27 10:16:00-04:00,29566.0,29566.0,29588.0,29564.25,29585.5,1337
2026-08-27 10:17:00-04:00,29587.25,29587.25,29587.5,29565.0,29565.75,1291
2026-08-27 10:18:00-04:00,29584.0,29584.0,29593.25,29576.5,29586.75,1334
2026-08-27 10:19:00-04:00,29577.25,29577.25,29589.0,29575.0,29584.5,761
2026-08-27 10:20:00-04:00,29587.75,29587.75,29589.5,29576.0,29577.5,1132
2026-08-27 10:21:00-04:00,29577.25,29577.25,29595.0,29576.5,29587.75,1033
2026-08-27 10:22:00-04:00,29581.75,29581.75,29590.5,29571.0,29577.75,1367
2026-08-27 10:23:00-04:00,29583.25,29583.25,29601.5,29579.0,29581.5,1832
2026-08-27 10:24:00-04:00,29593.0,29593.0,29594.0,29572.25,29583.75,1234
2026-08-27 10:25:00-04:00,29585.0,29585.0,29594.5,29576.5,29593.25,963
2026-08-27 10:26:00-04:00,29597.5,29597.5,29599.0,29582.0,29585.75,1042
2026-08-27 10:27:00-04:00,29611.0,29611.0,29623.5,29597.0,29597.5,2807
2026-08-27 10:28:00-04:00,29602.25,29602.25,29617.25,29596.75,29610.25,906
2026-08-27 10:29:00-04:00,29606.75,29606.75,29608.25,29597.5,29601.0,747
2026-08-27 10:30:00-04:00,29573.0,29573.0,29610.25,29563.5,29606.5,3113
2026-08-27 10:31:00-04:00,29575.5,29575.5,29586.0,29570.5,29572.5,1372
2026-08-27 10:32:00-04:00,29576.0,29576.0,29583.5,29568.0,29576.0,869
2026-08-27 10:33:00-04:00,29600.75,29600.75,29602.5,29565.0,29576.0,1131
2026-08-27 10:34:00-04:00,29573.25,29573.25,29600.5,29571.75,29600.5,981
2026-08-27 10:35:00-04:00,29585.75,29585.75,29591.5,29568.5,29574.0,932
2026-08-27 10:36:00-04:00,29592.5,29592.5,29595.0,29583.0,29586.0,722
2026-08-27 10:37:00-04:00,29585.5,29585.5,29605.0,29583.5,29592.25,939
2026-08-27 10:38:00-04:00,29576.25,29576.25,29590.0,29572.5,29585.25,803
2026-08-27 10:39:00-04:00,29544.0,29544.0,29577.0,29543.5,29575.75,1815
2026-08-27 10:40:00-04:00,29552.0,29552.0,29562.0,29542.25,29544.75,1358
2026-08-27 10:41:00-04:00,29555.5,29555.5,29563.25,29546.75,29552.25,795
2026-08-27 10:42:00-04:00,29559.25,29559.25,29566.5,29548.5,29555.0,805
2026-08-27 10:43:00-04:00,29544.75,29544.75,29558.75,29540.0,29558.25,1000
2026-08-27 10:44:00-04:00,29557.75,29557.75,29558.5,29538.0,29545.0,1063
2026-08-27 10:45:00-04:00,29551.0,29551.0,29559.75,29541.25,29557.25,788
2026-08-27 10:46:00-04:00,29557.25,29557.25,29560.75,29546.0,29550.5,734
2026-08-27 10:47:00-04:00,29545.75,29545.75,29556.0,29532.0,29556.0,1003
2026-08-27 10:48:00-04:00,29575.25,29575.25,29576.5,29541.75,29545.75,1328
2026-08-27 10:49:00-04:00,29593.75,29593.75,29599.75,29573.0,29575.75,1955
2026-08-27 10:50:00-04:00,29596.25,29596.25,29604.75,29587.25,29593.25,1364
2026-08-27 10:51:00-04:00,29580.5,29580.5,29599.75,29580.25,29596.5,1309
2026-08-27 10:52:00-04:00,29595.25,29595.25,29605.25,29576.5,29581.0,1252
2026-08-27 10:53:00-04:00,29577.25,29577.25,29595.75,29560.25,29595.25,1383
2026-08-27 10:54:00-04:00,29579.0,29579.0,29582.25,29566.25,29576.5,793
2026-08-27 10:55:00-04:00,29558.75,29558.75,29582.75,29552.25,29578.5,1258
2026-08-27 10:56:00-04:00,29568.5,29568.5,29573.0,29553.75,29558.0,836
2026-08-27 10:57:00-04:00,29577.0,29577.0,29596.5,29569.75,29569.75,1111
2026-08-27 10:58:00-04:00,29596.25,29596.25,29599.5,29576.0,29577.5,744
2026-08-27 10:59:00-04:00,29601.5,29601.5,29602.25,29589.75,29596.0,871
2026-08-27 11:00:00-04:00,29604.5,29604.5,29608.25,29588.25,29601.75,1031
2026-08-27 11:01:00-04:00,29611.75,29611.75,29614.0,29603.25,29604.5,890
2026-08-27 11:02:00-04:00,29608.0,29608.0,29615.5,29606.25,29612.25,660
2026-08-27 11:03:00-04:00,29593.25,29593.25,29614.25,29591.0,29607.75,995
2026-08-27 11:04:00-04:00,29611.25,29611.25,29614.75,29591.75,29593.75,846
2026-08-27 11:05:00-04:00,29613.75,29613.75,29613.75,29604.75,29610.75,610
2026-08-27 11:06:00-04:00,29609.0,29609.0,29619.75,29607.75,29613.0,820
2026-08-27 11:07:00-04:00,29613.5,29613.5,29625.75,29606.75,29609.5,1349
2026-08-27 11:08:00-04:00,29614.5,29614.5,29618.75,29608.75,29614.0,464
2026-08-27 11:09:00-04:00,29623.25,29623.25,29623.75,29610.75,29615.0,511
2026-08-27 11:10:00-04:00,29615.25,29615.25,29626.75,29613.75,29623.0,716
2026-08-27 11:11:00-04:00,29619.0,29619.0,29623.25,29613.75,29615.25,524
2026-08-27 11:12:00-04:00,29609.0,29609.0,29623.0,29608.25,29618.75,949
2026-08-27 11:13:00-04:00,29620.25,29620.25,29621.25,29608.0,29609.0,493
2026-08-27 11:14:00-04:00,29625.5,29625.5,29628.0,29617.75,29621.0,910
2026-08-27 11:15:00-04:00,29629.5,29629.5,29635.0,29623.5,29625.75,1020
2026-08-27 11:16:00-04:00,29630.0,29630.0,29633.5,29625.75,29629.25,552
2026-08-27 11:17:00-04:00,29625.0,29625.0,29629.5,29621.5,29629.5,595
2026-08-27 11:18:00-04:00,29630.75,29630.75,29630.75,29618.5,29625.25,628
2026-08-27 11:19:00-04:00,29624.0,29624.0,29632.0,29621.5,29630.25,439
2026-08-27 11:20:00-04:00,29618.5,29618.5,29627.5,29614.75,29625.0,631
2026-08-27 11:21:00-04:00,29615.0,29615.0,29622.0,29609.5,29618.75,877
2026-08-27 11:22:00-04:00,29616.75,29616.75,29618.5,29612.0,29614.5,549
2026-08-27 11:23:00-04:00,29612.75,29612.75,29616.5,29605.0,29616.5,881
2026-08-27 11:24:00-04:00,29597.5,29597.5,29614.0,29595.75,29612.5,765
2026-08-27 11:25:00-04:00,29590.5,29590.5,29599.75,29582.5,29597.25,1185
2026-08-27 11:26:00-04:00,29592.5,29592.5,29598.25,29581.75,29590.25,855
2026-08-27 11:27:00-04:00,29584.25,29584.25,29596.0,29583.75,29591.75,548
2026-08-27 11:28:00-04:00,29583.25,29583.25,29589.25,29581.75,29584.5,397
2026-08-27 11:29:00-04:00,29578.5,29578.5,29586.5,29573.0,29583.75,827
2026-08-27 11:30:00-04:00,29573.25,29573.25,29580.5,29566.0,29578.25,869
2026-08-27 11:31:00-04:00,29578.75,29578.75,29579.75,29567.0,29573.75,778
2026-08-27 11:32:00-04:00,29591.75,29591.75,29592.5,29571.25,29578.75,1091
2026-08-27 11:33:00-04:00,29585.25,29585.25,29597.25,29584.25,29591.5,918
2026-08-27 11:34:00-04:00,29578.0,29578.0,29586.0,29564.5,29584.75,987
2026-08-27 11:35:00-04:00,29570.75,29570.75,29583.25,29567.75,29578.25,748
2026-08-27 11:36:00-04:00,29565.75,29565.75,29572.0,29562.25,29570.5,604
2026-08-27 11:37:00-04:00,29557.0,29557.0,29568.5,29552.0,29566.25,1135
2026-08-27 11:38:00-04:00,29555.5,29555.5,29562.25,29551.0,29556.75,738
2026-08-27 11:39:00-04:00,29557.0,29557.0,29559.0,29547.75,29555.25,751
2026-08-27 11:40:00-04:00,29556.5,29556.5,29561.75,29549.25,29557.25,877
2026-08-27 11:41:00-04:00,29571.5,29571.5,29572.75,29555.5,29555.75,964
2026-08-27 11:42:00-04:00,29557.5,29557.5,29574.0,29554.5,29571.25,808
2026-08-27 11:43:00-04:00,29540.75,29540.75,29557.75,29537.5,29557.5,1312
2026-08-27 11:44:00-04:00,29534.5,29534.5,29541.0,29528.5,29540.25,1463
2026-08-27 11:45:00-04:00,29519.75,29519.75,29534.75,29515.0,29534.75,1695
2026-08-27 11:46:00-04:00,29519.0,29519.0,29524.5,29511.5,29519.5,967
2026-08-27 11:47:00-04:00,29522.25,29522.25,29529.5,29518.75,29519.5,868
2026-08-27 11:48:00-04:00,29518.5,29518.5,29526.0,29514.25,29521.5,693
2026-08-27 11:49:00-04:00,29524.25,29524.25,29526.0,29512.75,29517.75,784
2026-08-27 11:50:00-04:00,29550.5,29550.5,29551.0,29523.5,29523.75,1704
2026-08-27 11:51:00-04:00,29568.25,29568.25,29572.25,29546.25,29550.5,1247
2026-08-27 11:52:00-04:00,29587.5,29587.5,29588.25,29563.75,29568.75,1634
2026-08-27 11:53:00-04:00,29587.25,29587.25,29596.25,29582.75,29588.25,1403
2026-08-27 11:54:00-04:00,29609.0,29609.0,29610.0,29586.75,29587.75,1744
2026-08-27 11:55:00-04:00,29597.25,29597.25,29609.25,29596.0,29609.0,1164
2026-08-27 11:56:00-04:00,29594.0,29594.0,29601.25,29593.25,29597.25,721
2026-08-27 11:57:00-04:00,29605.75,29605.75,29607.0,29592.75,29594.0,690
2026-08-27 11:58:00-04:00,29600.0,29600.0,29607.25,29599.25,29605.5,608
2026-08-27 11:59:00-04:00,29598.0,29598.0,29605.5,29594.25,29599.5,870
2026-08-27 12:00:00-04:00,29597.0,29597.0,29604.25,29594.75,29597.25,489
2026-08-27 12:01:00-04:00,29609.5,29609.5,29611.5,29596.75,29597.5,697
2026-08-27 12:02:00-04:00,29613.25,29613.25,29618.0,29603.5,29609.0,978
2026-08-27 12:03:00-04:00,29621.5,29621.5,29623.5,29611.0,29613.5,947
2026-08-27 12:04:00-04:00,29615.0,29615.0,29623.75,29614.5,29622.25,535
2026-08-27 12:05:00-04:00,29606.25,29606.25,29621.25,29606.0,29615.25,724
2026-08-27 12:06:00-04:00,29607.25,29607.25,29613.5,29604.25,29606.75,616
2026-08-27 12:07:00-04:00,29599.0,29599.0,29613.25,29598.5,29606.75,588
2026-08-27 12:08:00-04:00,29597.0,29597.0,29606.75,29595.0,29599.25,886
2026-08-27 12:09:00-04:00,29594.0,29594.0,29597.75,29590.25,29596.75,598
2026-08-27 12:10:00-04:00,29603.75,29603.75,29604.5,29591.25,29594.0,604
2026-08-27 12:11:00-04:00,29586.0,29586.0,29605.0,29582.25,29604.0,816
2026-08-27 12:12:00-04:00,29588.75,29588.75,29591.5,29584.5,29586.0,471
2026-08-27 12:13:00-04:00,29591.5,29591.5,29592.75,29585.5,29588.5,300
2026-08-27 12:14:00-04:00,29590.5,29590.5,29591.75,29581.75,29591.75,503
2026-08-27 12:15:00-04:00,29594.25,29594.25,29594.75,29587.25,29589.75,375
2026-08-27 12:16:00-04:00,29586.25,29586.25,29603.0,29585.5,29594.75,823
2026-08-27 12:17:00-04:00,29585.25,29585.25,29594.25,29580.75,29586.0,655
2026-08-27 12:18:00-04:00,29582.5,29582.5,29585.5,29577.0,29585.5,402
2026-08-27 12:19:00-04:00,29589.0,29589.0,29592.0,29577.25,29582.25,509
2026-08-27 12:20:00-04:00,29582.75,29582.75,29589.75,29581.0,29588.25,323
2026-08-27 12:21:00-04:00,29575.0,29575.0,29586.5,29570.0,29583.25,1056
2026-08-27 12:22:00-04:00,29579.0,29579.0,29582.25,29574.0,29575.0,310
2026-08-27 12:23:00-04:00,29580.0,29580.0,29586.25,29577.25,29578.5,377
2026-08-27 12:24:00-04:00,29576.25,29576.25,29581.0,29574.0,29579.5,328
2026-08-27 12:25:00-04:00,29578.0,29578.0,29582.5,29575.75,29577.0,377
2026-08-27 12:26:00-04:00,29581.5,29581.5,29582.75,29572.25,29578.75,583
2026-08-27 12:27:00-04:00,29597.75,29597.75,29598.0,29577.0,29581.25,746
2026-08-27 12:28:00-04:00,29605.5,29605.5,29608.0,29595.25,29597.25,859
2026-08-27 12:29:00-04:00,29603.0,29603.0,29606.5,29598.75,29605.0,451
2026-08-27 12:30:00-04:00,29604.5,29604.5,29606.0,29599.0,29603.5,324
2026-08-27 12:31:00-04:00,29608.0,29608.0,29612.0,29604.0,29604.0,516
2026-08-27 12:32:00-04:00,29610.25,29610.25,29610.75,29603.25,29609.25,330
2026-08-27 12:33:00-04:00,29604.0,29604.0,29610.5,29599.75,29609.75,307
2026-08-27 12:34:00-04:00,29613.5,29613.5,29614.5,29603.0,29604.5,395
2026-08-27 12:35:00-04:00,29616.5,29616.5,29619.25,29609.5,29613.75,444
2026-08-27 12:36:00-04:00,29621.25,29621.25,29621.5,29615.25,29615.75,348
2026-08-27 12:37:00-04:00,29633.0,29633.0,29634.0,29619.5,29621.75,849
2026-08-27 12:38:00-04:00,29635.0,29635.0,29636.0,29627.0,29633.75,849
2026-08-27 12:39:00-04:00,29639.25,29639.25,29642.0,29633.5,29635.0,803
2026-08-27 12:40:00-04:00,29644.5,29644.5,29647.5,29636.75,29639.0,954
2026-08-27 12:41:00-04:00,29643.5,29643.5,29645.75,29639.0,29644.75,426
2026-08-27 12:42:00-04:00,29647.5,29647.5,29648.0,29641.25,29643.75,395
2026-08-27 12:43:00-04:00,29647.25,29647.25,29651.0,29643.75,29647.75,716
2026-08-27 12:44:00-04:00,29645.75,29645.75,29649.25,29642.0,29648.5,570
2026-08-27 12:45:00-04:00,29657.75,29657.75,29659.5,29644.75,29645.75,1140
2026-08-27 12:46:00-04:00,29651.25,29651.25,29658.25,29650.5,29658.0,742
2026-08-27 12:47:00-04:00,29643.25,29643.25,29651.25,29643.25,29650.75,886
2026-08-27 12:48:00-04:00,29650.75,29650.75,29651.25,29643.0,29643.0,598
2026-08-27 12:49:00-04:00,29646.75,29646.75,29650.25,29645.75,29650.0,298
2026-08-27 12:50:00-04:00,29645.25,29645.25,29651.0,29637.0,29647.25,804
2026-08-27 12:51:00-04:00,29644.5,29644.5,29647.5,29640.75,29645.25,592
2026-08-27 12:52:00-04:00,29648.0,29648.0,29650.5,29643.0,29644.0,343
2026-08-27 12:53:00-04:00,29653.75,29653.75,29654.25,29645.0,29648.75,454
2026-08-27 12:54:00-04:00,29654.25,29654.25,29656.0,29646.0,29654.0,893
2026-08-27 12:55:00-04:00,29646.5,29646.5,29654.25,29646.0,29654.25,780
2026-08-27 12:56:00-04:00,29646.75,29646.75,29649.5,29642.25,29647.25,650
2026-08-27 12:57:00-04:00,29648.0,29648.0,29649.0,29644.25,29646.5,411
2026-08-27 12:58:00-04:00,29645.5,29645.5,29649.5,29644.0,29647.5,278
2026-08-27 12:59:00-04:00,29651.75,29651.75,29654.25,29644.0,29645.75,388
2026-08-27 13:00:00-04:00,29652.5,29652.5,29657.5,29650.25,29652.0,635
2026-08-27 13:01:00-04:00,29665.0,29665.0,29667.25,29652.0,29652.0,946
2026-08-27 13:02:00-04:00,29661.5,29661.5,29667.25,29660.0,29664.25,715
2026-08-27 13:03:00-04:00,29661.75,29661.75,29665.75,29655.75,29661.25,706
2026-08-27 13:04:00-04:00,29665.25,29665.25,29665.5,29660.5,29662.25,328
2026-08-27 13:05:00-04:00,29657.0,29657.0,29666.25,29656.5,29665.0,514
2026-08-27 13:06:00-04:00,29649.5,29649.5,29658.75,29648.0,29657.0,645
2026-08-27 13:07:00-04:00,29649.75,29649.75,29655.5,29648.75,29649.5,540
2026-08-27 13:08:00-04:00,29659.5,29659.5,29668.5,29649.0,29649.25,1054
2026-08-27 13:09:00-04:00,29667.75,29667.75,29667.75,29658.25,29659.25,608
2026-08-27 13:10:00-04:00,29669.25,29669.25,29676.0,29666.75,29667.75,1144
2026-08-27 13:11:00-04:00,29668.75,29668.75,29671.0,29666.5,29669.5,462
2026-08-27 13:12:00-04:00,29671.0,29671.0,29673.25,29664.75,29669.0,506
2026-08-27 13:13:00-04:00,29669.75,29669.75,29672.5,29667.5,29671.25,240
2026-08-27 13:14:00-04:00,29669.75,29669.75,29671.25,29664.5,29669.5,463
2026-08-27 13:15:00-04:00,29669.75,29669.75,29673.75,29669.0,29670.5,402
2026-08-27 13:16:00-04:00,29667.25,29667.25,29672.75,29663.75,29669.25,507
2026-08-27 13:17:00-04:00,29665.25,29665.25,29669.5,29664.25,29667.25,362
2026-08-27 13:18:00-04:00,29664.25,29664.25,29666.5,29659.5,29664.5,440
2026-08-27 13:19:00-04:00,29664.75,29664.75,29668.25,29663.5,29664.0,338
2026-08-27 13:20:00-04:00,29662.75,29662.75,29666.25,29660.75,29664.75,443
2026-08-27 13:21:00-04:00,29666.0,29666.0,29668.25,29660.75,29663.0,398
2026-08-27 13:22:00-04:00,29666.25,29666.25,29669.25,29662.25,29666.25,321
2026-08-27 13:23:00-04:00,29673.0,29673.0,29678.5,29665.25,29665.75,819
2026-08-27 13:24:00-04:00,29673.0,29673.0,29674.5,29668.0,29672.75,430
2026-08-27 13:25:00-04:00,29658.5,29658.5,29673.0,29656.0,29673.0,758
2026-08-27 13:26:00-04:00,29653.75,29653.75,29659.0,29651.0,29658.75,647
2026-08-27 13:27:00-04:00,29643.0,29643.0,29654.0,29641.75,29653.75,721
2026-08-27 13:28:00-04:00,29647.5,29647.5,29648.5,29640.5,29643.0,759
2026-08-27 13:29:00-04:00,29641.5,29641.5,29648.0,29638.0,29648.0,756
2026-08-27 13:30:00-04:00,29642.5,29642.5,29647.0,29637.5,29641.25,1006
2026-08-27 13:31:00-04:00,29639.0,29639.0,29644.5,29634.25,29642.75,716
2026-08-27 13:32:00-04:00,29652.5,29652.5,29654.25,29638.25,29638.75,814
2026-08-27 13:33:00-04:00,29653.5,29653.5,29658.5,29648.0,29652.75,880
2026-08-27 13:34:00-04:00,29638.25,29638.25,29653.0,29637.5,29653.0,479
2026-08-27 13:35:00-04:00,29642.0,29642.0,29645.25,29635.25,29638.75,521
2026-08-27 13:36:00-04:00,29644.75,29644.75,29646.5,29640.0,29642.25,294
2026-08-27 13:37:00-04:00,29640.75,29640.75,29645.25,29638.75,29644.5,207
2026-08-27 13:38:00-04:00,29641.0,29641.0,29643.5,29638.5,29641.25,174
2026-08-27 13:39:00-04:00,29631.75,29631.75,29643.5,29631.25,29642.5,925
2026-08-27 13:40:00-04:00,29639.0,29639.0,29641.25,29631.25,29632.0,402
2026-08-27 13:41:00-04:00,29638.75,29638.75,29641.5,29635.75,29639.0,229
2026-08-27 13:42:00-04:00,29638.0,29638.0,29642.0,29633.25,29639.0,288
2026-08-27 13:43:00-04:00,29647.0,29647.0,29648.0,29637.5,29638.25,463
2026-08-27 13:44:00-04:00,29628.75,29628.75,29647.0,29627.0,29646.75,958
2026-08-27 13:45:00-04:00,29622.25,29622.25,29632.25,29620.25,29628.5,732
2026-08-27 13:46:00-04:00,29618.75,29618.75,29626.25,29617.75,29622.5,748
2026-08-27 13:47:00-04:00,29619.5,29619.5,29629.75,29618.75,29619.0,506
2026-08-27 13:48:00-04:00,29613.5,29613.5,29620.75,29613.5,29620.25,645
2026-08-27 13:49:00-04:00,29618.0,29618.0,29618.5,29612.75,29613.75,424
2026-08-27 13:50:00-04:00,29614.75,29614.75,29619.25,29610.75,29618.25,576
2026-08-27 13:51:00-04:00,29616.25,29616.25,29617.25,29610.0,29614.25,531
2026-08-27 13:52:00-04:00,29619.25,29619.25,29621.0,29611.5,29616.5,502
2026-08-27 13:53:00-04:00,29618.0,29618.0,29620.75,29613.75,29618.75,428
2026-08-27 13:54:00-04:00,29625.25,29625.25,29629.25,29616.75,29618.5,809
2026-08-27 13:55:00-04:00,29620.75,29620.75,29627.25,29620.0,29625.5,538
2026-08-27 13:56:00-04:00,29623.75,29623.75,29624.75,29616.5,29621.0,357
2026-08-27 13:57:00-04:00,29614.25,29614.25,29624.5,29613.75,29624.0,410
2026-08-27 13:58:00-04:00,29612.75,29612.75,29616.25,29607.0,29614.0,725
2026-08-27 13:59:00-04:00,29611.5,29611.5,29614.25,29609.0,29612.25,468
2026-08-27 14:00:00-04:00,29614.75,29614.75,29622.0,29612.0,29612.0,660
2026-08-27 14:01:00-04:00,29587.0,29587.0,29615.5,29583.0,29615.0,1725
2026-08-27 14:02:00-04:00,29589.75,29589.75,29591.0,29579.0,29587.25,1311
2026-08-27 14:03:00-04:00,29590.25,29590.25,29591.0,29581.25,29589.25,685
2026-08-27 14:04:00-04:00,29574.5,29574.5,29590.0,29574.0,29590.0,849
2026-08-27 14:05:00-04:00,29585.75,29585.75,29587.5,29573.25,29574.5,847
2026-08-27 14:06:00-04:00,29589.0,29589.0,29591.75,29584.0,29586.0,618
2026-08-27 14:07:00-04:00,29584.0,29584.0,29590.25,29578.0,29589.25,529
2026-08-27 14:08:00-04:00,29583.75,29583.75,29586.0,29579.25,29584.5,296
2026-08-27 14:09:00-04:00,29581.0,29581.0,29583.5,29573.75,29583.25,587
2026-08-27 14:10:00-04:00,29579.0,29579.0,29584.0,29571.25,29581.0,796
2026-08-27 14:11:00-04:00,29584.0,29584.0,29585.75,29574.75,29578.75,621
2026-08-27 14:12:00-04:00,29577.25,29577.25,29584.5,29570.25,29583.25,752
2026-08-27 14:13:00-04:00,29567.75,29567.75,29582.25,29567.25,29578.25,789
2026-08-27 14:14:00-04:00,29577.0,29577.0,29579.75,29561.75,29568.0,1091
2026-08-27 14:15:00-04:00,29575.0,29575.0,29584.5,29573.0,29576.5,844
2026-08-27 14:16:00-04:00,29569.5,29569.5,29577.25,29564.75,29574.75,572
2026-08-27 14:17:00-04:00,29573.75,29573.75,29574.5,29566.25,29570.25,612
2026-08-27 14:18:00-04:00,29583.25,29583.25,29584.5,29572.5,29574.25,550
2026-08-27 14:19:00-04:00,29578.0,29578.0,29589.75,29575.25,29583.75,708
2026-08-27 14:20:00-04:00,29579.25,29579.25,29582.5,29577.0,29577.75,473
2026-08-27 14:21:00-04:00,29579.75,29579.75,29582.0,29574.0,29579.25,539
2026-08-27 14:22:00-04:00,29575.75,29575.75,29582.5,29572.5,29579.75,469
2026-08-27 14:23:00-04:00,29565.5,29565.5,29578.75,29564.5,29575.75,868
2026-08-27 14:24:00-04:00,29567.25,29567.25,29569.0,29563.75,29566.5,612
2026-08-27 14:25:00-04:00,29555.25,29555.25,29569.0,29553.0,29567.75,1112
2026-08-27 14:26:00-04:00,29554.75,29554.75,29561.75,29553.0,29556.0,697
2026-08-27 14:27:00-04:00,29535.75,29535.75,29554.5,29534.75,29554.5,1264
2026-08-27 14:28:00-04:00,29538.0,29538.0,29542.5,29526.5,29535.0,1431
2026-08-27 14:29:00-04:00,29538.25,29538.25,29539.75,29528.5,29538.25,915
2026-08-27 14:30:00-04:00,29547.25,29547.25,29549.75,29537.0,29538.25,1207
2026-08-27 14:31:00-04:00,29555.75,29555.75,29561.25,29544.5,29548.5,1031
2026-08-27 14:32:00-04:00,29566.25,29566.25,29571.5,29554.5,29555.5,1181
2026-08-27 14:33:00-04:00,29546.25,29546.25,29568.25,29545.75,29566.0,904
2026-08-27 14:34:00-04:00,29549.25,29549.25,29551.0,29543.5,29545.75,710
2026-08-27 14:35:00-04:00,29551.0,29551.0,29553.75,29543.0,29550.5,682
2026-08-27 14:36:00-04:00,29557.25,29557.25,29557.75,29547.75,29550.75,501
2026-08-27 14:37:00-04:00,29560.0,29560.0,29563.75,29553.5,29556.5,582
2026-08-27 14:38:00-04:00,29569.5,29569.5,29572.0,29556.75,29559.75,1044
2026-08-27 14:39:00-04:00,29579.0,29579.0,29579.25,29566.25,29569.5,625
2026-08-27 14:40:00-04:00,29577.5,29577.5,29579.5,29570.75,29579.25,716
2026-08-27 14:41:00-04:00,29568.5,29568.5,29581.25,29568.5,29577.5,708
2026-08-27 14:42:00-04:00,29570.75,29570.75,29573.25,29568.0,29569.25,413
2026-08-27 14:43:00-04:00,29572.25,29572.25,29576.25,29567.0,29571.0,473
2026-08-27 14:44:00-04:00,29572.5,29572.5,29575.75,29571.25,29573.0,273
2026-08-27 14:45:00-04:00,29569.25,29569.25,29576.25,29567.25,29572.5,493
2026-08-27 14:46:00-04:00,29571.75,29571.75,29576.25,29565.5,29569.75,572
2026-08-27 14:47:00-04:00,29578.5,29578.5,29578.5,29570.75,29571.75,385
2026-08-27 14:48:00-04:00,29573.5,29573.5,29582.25,29573.0,29578.75,441
2026-08-27 14:49:00-04:00,29552.5,29552.5,29573.25,29552.0,29573.25,1309
2026-08-27 14:50:00-04:00,29556.75,29556.75,29559.0,29546.75,29553.25,956
2026-08-27 14:51:00-04:00,29561.25,29561.25,29564.25,29553.5,29557.75,549
2026-08-27 14:52:00-04:00,29560.0,29560.0,29563.5,29557.25,29561.5,294
2026-08-27 14:53:00-04:00,29557.75,29557.75,29566.25,29557.75,29560.5,366
2026-08-27 14:54:00-04:00,29555.0,29555.0,29557.5,29553.75,29557.5,305
2026-08-27 14:55:00-04:00,29556.25,29556.25,29561.5,29544.75,29554.75,836
2026-08-27 14:56:00-04:00,29555.5,29555.5,29558.0,29550.0,29556.5,382
2026-08-27 14:57:00-04:00,29564.25,29564.25,29564.75,29554.75,29556.0,601
2026-08-27 14:58:00-04:00,29575.5,29575.5,29577.5,29561.75,29563.75,814
2026-08-27 14:59:00-04:00,29571.25,29571.25,29576.25,29570.5,29575.75,379
2026-08-27 15:00:00-04:00,29578.25,29578.25,29581.75,29567.0,29571.5,712
2026-08-27 15:01:00-04:00,29574.25,29574.25,29582.0,29573.75,29578.5,550
2026-08-27 15:02:00-04:00,29569.5,29569.5,29578.0,29568.25,29574.75,393
2026-08-27 15:03:00-04:00,29577.5,29577.5,29579.75,29569.25,29569.25,372
2026-08-27 15:04:00-04:00,29588.75,29588.75,29592.5,29576.0,29577.0,907
2026-08-27 15:05:00-04:00,29581.5,29581.5,29604.0,29577.5,29588.5,1615
2026-08-27 15:06:00-04:00,29587.25,29587.25,29589.25,29572.75,29581.75,631
2026-08-27 15:07:00-04:00,29587.0,29587.0,29594.75,29585.25,29586.5,922
2026-08-27 15:08:00-04:00,29585.25,29585.25,29589.0,29572.25,29586.75,670
2026-08-27 15:09:00-04:00,29591.0,29591.0,29594.75,29585.5,29585.75,468
2026-08-27 15:10:00-04:00,29593.5,29593.5,29597.5,29590.0,29591.75,597
2026-08-27 15:11:00-04:00,29595.75,29595.75,29597.25,29591.5,29594.0,302
2026-08-27 15:12:00-04:00,29597.0,29597.0,29600.0,29592.75,29595.75,430
2026-08-27 15:13:00-04:00,29600.25,29600.25,29604.25,29593.25,29596.75,557
2026-08-27 15:14:00-04:00,29592.5,29592.5,29606.75,29592.5,29600.25,862
2026-08-27 15:15:00-04:00,29604.75,29604.75,29604.75,29592.75,29592.75,694
2026-08-27 15:16:00-04:00,29606.25,29606.25,29610.25,29603.0,29604.5,587
2026-08-27 15:17:00-04:00,29599.25,29599.25,29608.0,29598.75,29606.25,434
2026-08-27 15:18:00-04:00,29600.0,29600.0,29602.5,29593.0,29599.0,584
2026-08-27 15:19:00-04:00,29605.75,29605.75,29608.0,29596.75,29600.25,500
2026-08-27 15:20:00-04:00,29605.75,29605.75,29607.25,29602.5,29605.75,353
2026-08-27 15:21:00-04:00,29604.5,29604.5,29611.25,29603.5,29606.0,672
2026-08-27 15:22:00-04:00,29609.0,29609.0,29611.5,29603.5,29604.0,370
2026-08-27 15:23:00-04:00,29608.0,29608.0,29612.25,29606.25,29609.0,477
2026-08-27 15:24:00-04:00,29603.75,29603.75,29609.5,29602.25,29608.25,439
2026-08-27 15:25:00-04:00,29604.25,29604.25,29605.75,29595.0,29603.75,799
2026-08-27 15:26:00-04:00,29608.75,29608.75,29613.0,29604.0,29605.0,507
2026-08-27 15:27:00-04:00,29596.0,29596.0,29610.0,29595.25,29609.0,465
2026-08-27 15:28:00-04:00,29605.75,29605.75,29606.25,29595.0,29595.75,536
2026-08-27 15:29:00-04:00,29602.25,29602.25,29613.0,29601.75,29605.5,459
2026-08-27 15:30:00-04:00,29603.75,29603.75,29605.5,29595.0,29602.75,762
2026-08-27 15:31:00-04:00,29616.0,29616.0,29618.75,29599.5,29603.5,899
2026-08-27 15:32:00-04:00,29616.5,29616.5,29618.75,29614.0,29616.0,459
2026-08-27 15:33:00-04:00,29617.25,29617.25,29620.5,29614.0,29617.0,478
2026-08-27 15:34:00-04:00,29624.0,29624.0,29629.0,29616.75,29617.75,731
2026-08-27 15:35:00-04:00,29626.25,29626.25,29629.75,29619.75,29624.5,890
2026-08-27 15:36:00-04:00,29624.5,29624.5,29627.0,29621.25,29625.75,382
2026-08-27 15:37:00-04:00,29629.5,29629.5,29630.75,29623.75,29624.5,521
2026-08-27 15:38:00-04:00,29627.5,29627.5,29630.75,29626.75,29629.75,413
2026-08-27 15:39:00-04:00,29628.75,29628.75,29631.75,29625.0,29627.5,420
2026-08-27 15:40:00-04:00,29628.0,29628.0,29631.25,29624.5,29628.5,465
2026-08-27 15:41:00-04:00,29628.25,29628.25,29631.75,29623.0,29628.0,583
2026-08-27 15:42:00-04:00,29628.0,29628.0,29631.5,29627.0,29628.5,324
2026-08-27 15:43:00-04:00,29629.5,29629.5,29631.0,29622.25,29627.5,694
2026-08-27 15:44:00-04:00,29633.25,29633.25,29633.5,29627.75,29629.75,511
2026-08-27 15:45:00-04:00,29636.0,29636.0,29637.75,29629.5,29632.75,790
2026-08-27 15:46:00-04:00,29638.75,29638.75,29644.5,29636.75,29637.0,796
2026-08-27 15:47:00-04:00,29640.25,29640.25,29646.0,29639.0,29639.0,759
2026-08-27 15:48:00-04:00,29644.75,29644.75,29646.75,29638.0,29639.75,809
2026-08-27 15:49:00-04:00,29647.5,29647.5,29650.0,29643.5,29644.75,612
2026-08-27 15:50:00-04:00,29638.5,29638.5,29647.75,29629.0,29647.75,1596
2026-08-27 15:51:00-04:00,29641.5,29641.5,29645.5,29636.75,29639.25,723
2026-08-27 15:52:00-04:00,29663.5,29663.5,29665.0,29642.0,29642.0,1649
2026-08-27 15:53:00-04:00,29666.25,29666.25,29669.0,29659.75,29664.0,1915
2026-08-27 15:54:00-04:00,29682.5,29682.5,29685.25,29662.0,29666.75,2227
2026-08-27 15:55:00-04:00,29676.0,29676.0,29686.0,29675.25,29682.0,1970
2026-08-27 15:56:00-04:00,29685.0,29685.0,29686.25,29672.5,29676.25,1313
2026-08-27 15:57:00-04:00,29691.5,29691.5,29697.25,29684.75,29684.75,1938
2026-08-27 15:58:00-04:00,29692.75,29692.75,29703.75,29691.25,29691.25,2159
2026-08-27 15:59:00-04:00,29691.75,29691.75,29704.5,29686.5,29693.0,11849
2026-08-27 16:00:00-04:00,29699.0,29699.0,29708.0,29688.5,29691.75,3508
2026-08-27 16:01:00-04:00,29684.75,29684.75,29699.0,29683.75,29698.5,1276
2026-08-27 16:02:00-04:00,29678.25,29678.25,29691.0,29675.5,29684.25,915
2026-08-27 16:03:00-04:00,29675.75,29675.75,29681.0,29673.25,29678.25,727
2026-08-27 16:04:00-04:00,29674.75,29674.75,29678.0,29672.25,29675.5,346
2026-08-27 16:05:00-04:00,29677.0,29677.0,29691.25,29655.5,29675.25,1686
2026-08-27 16:06:00-04:00,29676.75,29676.75,29678.25,29664.75,29676.0,591
2026-08-27 16:07:00-04:00,29672.0,29672.0,29677.5,29666.0,29676.5,271
2026-08-27 16:08:00-04:00,29661.5,29661.5,29671.5,29657.0,29670.75,568
2026-08-27 16:09:00-04:00,29657.0,29657.0,29662.5,29655.25,29661.25,342
2026-08-27 16:10:00-04:00,29662.5,29662.5,29668.0,29656.25,29657.75,274
2026-08-27 16:11:00-04:00,29653.0,29653.0,29666.0,29653.0,29662.0,255
2026-08-27 16:12:00-04:00,29654.0,29654.0,29660.25,29650.0,29653.0,314
2026-08-27 16:13:00-04:00,29649.75,29649.75,29655.5,29649.5,29653.25,166
2026-08-27 16:14:00-04:00,29648.0,29648.0,29651.0,29647.25,29649.25,245
2026-08-27 16:15:00-04:00,29654.0,29654.0,29656.5,29646.75,29648.25,218
2026-08-27 16:16:00-04:00,29652.5,29652.5,29654.0,29648.25,29653.5,212
2026-08-27 16:17:00-04:00,29649.75,29649.75,29653.75,29647.75,29652.5,103
2026-08-27 16:18:00-04:00,29649.0,29649.0,29654.75,29648.5,29650.5,132
2026-08-27 16:19:00-04:00,29650.0,29650.0,29652.0,29649.5,29650.0,65
2026-08-27 16:20:00-04:00,29646.0,29646.0,29650.25,29645.0,29650.25,137
2026-08-27 16:21:00-04:00,29651.0,29651.0,29651.0,29646.0,29647.0,122
2026-08-27 16:22:00-04:00,29649.5,29649.5,29650.75,29647.75,29650.25,54
2026-08-27 16:23:00-04:00,29646.25,29646.25,29649.25,29644.75,29649.0,129
2026-08-27 16:24:00-04:00,29640.0,29640.0,29647.25,29636.0,29646.75,221
2026-08-27 16:25:00-04:00,29639.5,29639.5,29641.0,29634.5,29639.75,162
2026-08-27 16:26:00-04:00,29639.25,29639.25,29642.25,29637.75,29640.25,137
2026-08-27 16:27:00-04:00,29639.0,29639.0,29642.25,29634.25,29638.25,143
2026-08-27 16:28:00-04:00,29640.0,29640.0,29640.5,29638.75,29639.25,54
2026-08-27 16:29:00-04:00,29638.5,29638.5,29641.0,29638.5,29639.5,53
2026-08-27 16:30:00-04:00,29640.5,29640.5,29644.75,29638.75,29639.25,104
2026-08-27 16:31:00-04:00,29640.0,29640.0,29643.25,29640.0,29641.5,51
2026-08-27 16:32:00-04:00,29642.0,29642.0,29643.5,29639.5,29639.75,52
2026-08-27 16:33:00-04:00,29641.25,29641.25,29642.75,29640.75,29642.0,91
2026-08-27 16:34:00-04:00,29641.25,29641.25,29642.0,29639.25,29640.75,78
2026-08-27 16:35:00-04:00,29637.75,29637.75,29643.0,29637.0,29642.0,84
2026-08-27 16:36:00-04:00,29636.5,29636.5,29638.5,29636.25,29637.0,55
2026-08-27 16:37:00-04:00,29637.0,29637.0,29637.0,29634.75,29636.25,108
2026-08-27 16:38:00-04:00,29638.75,29638.75,29638.75,29635.5,29636.0,73
2026-08-27 16:39:00-04:00,29636.75,29636.75,29638.75,29635.75,29638.5,60
2026-08-27 16:40:00-04:00,29637.75,29637.75,29638.75,29635.75,29636.75,76
2026-08-27 16:41:00-04:00,29638.0,29638.0,29642.25,29636.5,29637.0,166
2026-08-27 16:42:00-04:00,29640.0,29640.0,29640.75,29637.5,29638.25,90
2026-08-27 16:43:00-04:00,29639.75,29639.75,29640.25,29638.25,29639.75,84
2026-08-27 16:44:00-04:00,29639.75,29639.75,29643.75,29639.5,29639.75,218
2026-08-27 16:45:00-04:00,29638.0,29638.0,29642.0,29635.25,29640.25,202
2026-08-27 16:46:00-04:00,29641.5,29641.5,29641.5,29637.25,29637.5,130
2026-08-27 16:47:00-04:00,29638.75,29638.75,29641.5,29638.75,29638.75,80
2026-08-27 16:48:00-04:00,29632.25,29632.25,29641.0,29631.0,29639.25,239
2026-08-27 16:49:00-04:00,29630.75,29630.75,29633.0,29627.75,29631.75,198
2026-08-27 16:50:00-04:00,29630.25,29630.25,29631.0,29620.5,29630.25,355
2026-08-27 16:51:00-04:00,29628.5,29628.5,29631.0,29626.25,29631.0,118
2026-08-27 16:52:00-04:00,29632.5,29632.5,29633.5,29628.5,29629.25,85
2026-08-27 16:53:00-04:00,29627.25,29627.25,29632.0,29627.25,29631.25,75
2026-08-27 16:54:00-04:00,29624.75,29624.75,29630.25,29624.75,29627.25,91
2026-08-27 16:55:00-04:00,29628.5,29628.5,29630.75,29623.75,29625.5,96
2026-08-27 16:56:00-04:00,29629.5,29629.5,29630.0,29628.0,29629.75,48
2026-08-27 16:57:00-04:00,29632.25,29632.25,29633.0,29628.25,29631.0,100
2026-08-27 16:58:00-04:00,29632.25,29632.25,29633.5,29629.0,29631.75,110
2026-08-27 16:59:00-04:00,29635.25,29635.25,29639.0,29631.5,29632.25,155
2026-08-27 18:00:00-04:00,29625.5,29625.5,29644.75,29622.25,29635.5,0
2026-08-27 18:01:00-04:00,29617.25,29617.25,29630.25,29605.5,29626.5,385
2026-08-27 18:02:00-04:00,29605.5,29605.5,29617.75,29601.25,29616.0,218
2026-08-27 18:03:00-04:00,29617.25,29617.25,29617.25,29600.0,29603.5,262
2026-08-27 18:04:00-04:00,29617.0,29617.0,29622.5,29613.25,29617.75,145
2026-08-27 18:05:00-04:00,29616.25,29616.25,29622.25,29616.0,29617.25,82
2026-08-27 18:06:00-04:00,29616.5,29616.5,29620.25,29612.5,29614.0,50
2026-08-27 18:07:00-04:00,29623.25,29623.25,29623.75,29619.5,29619.75,41
2026-08-27 18:08:00-04:00,29621.5,29621.5,29624.0,29618.5,29621.5,47
2026-08-27 18:09:00-04:00,29624.25,29624.25,29627.5,29620.25,29621.0,61
2026-08-27 18:10:00-04:00,29615.0,29615.0,29627.0,29614.75,29624.25,63
2026-08-27 18:11:00-04:00,29617.75,29617.75,29618.75,29611.5,29614.75,66
2026-08-27 18:12:00-04:00,29617.25,29617.25,29619.5,29616.25,29618.25,24
2026-08-27 18:13:00-04:00,29620.75,29620.75,29620.75,29616.75,29616.75,18
2026-08-27 18:14:00-04:00,29620.5,29620.5,29622.25,29618.75,29620.25,25
2026-08-27 18:15:00-04:00,29622.0,29622.0,29623.5,29619.75,29622.25,57
2026-08-27 18:16:00-04:00,29626.25,29626.25,29626.75,29622.5,29623.25,40
2026-08-27 18:17:00-04:00,29623.25,29623.25,29626.75,29623.25,29626.25,28
2026-08-27 18:18:00-04:00,29627.75,29627.75,29628.25,29621.75,29622.75,50
2026-08-27 18:19:00-04:00,29626.25,29626.25,29629.5,29626.25,29627.0,72
2026-08-27 18:20:00-04:00,29626.75,29626.75,29631.0,29626.75,29628.5,66
2026-08-27 18:21:00-04:00,29630.0,29630.0,29630.0,29622.5,29626.5,60
2026-08-27 18:22:00-04:00,29633.75,29633.75,29637.5,29628.5,29628.5,112
2026-08-27 18:23:00-04:00,29632.0,29632.0,29635.5,29630.25,29633.0,58
2026-08-27 18:24:00-04:00,29636.5,29636.5,29637.0,29631.5,29631.5,58
2026-08-27 18:25:00-04:00,29636.0,29636.0,29637.25,29634.5,29635.25,40
2026-08-27 18:26:00-04:00,29628.25,29628.25,29636.75,29622.0,29634.0,83
2026-08-27 18:27:00-04:00,29630.0,29630.0,29639.5,29627.25,29627.75,132
2026-08-27 18:28:00-04:00,29636.25,29636.25,29636.25,29627.5,29629.5,42
2026-08-27 18:29:00-04:00,29637.25,29637.25,29638.5,29635.5,29635.5,50
2026-08-27 18:30:00-04:00,29637.5,29637.5,29639.5,29636.0,29637.0,42
2026-08-27 18:31:00-04:00,29632.75,29632.75,29640.75,29630.75,29637.25,80
2026-08-27 18:32:00-04:00,29636.5,29636.5,29639.25,29634.0,29635.5,58
2026-08-27 18:33:00-04:00,29634.25,29634.25,29638.0,29634.25,29636.75,50
2026-08-27 18:34:00-04:00,29636.25,29636.25,29636.75,29634.0,29634.5,30
2026-08-27 18:35:00-04:00,29638.0,29638.0,29639.0,29633.0,29636.0,77
2026-08-27 18:36:00-04:00,29635.25,29635.25,29638.0,29633.75,29637.75,35
2026-08-27 18:37:00-04:00,29634.75,29634.75,29634.75,29633.0,29634.0,13
2026-08-27 18:38:00-04:00,29635.25,29635.25,29638.25,29634.75,29634.75,54
2026-08-27 18:39:00-04:00,29635.0,29635.0,29636.25,29632.25,29636.25,37
2026-08-27 18:40:00-04:00,29634.25,29634.25,29634.5,29633.5,29634.0,11
2026-08-27 18:41:00-04:00,29635.25,29635.25,29637.0,29634.25,29634.25,27
2026-08-27 18:42:00-04:00,29631.75,29631.75,29635.0,29630.0,29635.0,56
2026-08-27 18:43:00-04:00,29635.25,29635.25,29636.25,29632.25,29632.25,40
2026-08-27 18:44:00-04:00,29635.5,29635.5,29638.0,29633.25,29634.75,34
2026-08-27 18:45:00-04:00,29635.5,29635.5,29636.25,29634.75,29635.25,7
2026-08-27 18:46:00-04:00,29634.0,29634.0,29636.0,29634.0,29636.0,14
2026-08-27 18:47:00-04:00,29636.0,29636.0,29636.75,29633.5,29635.0,29
2026-08-27 18:48:00-04:00,29634.5,29634.5,29634.5,29632.75,29634.25,32
2026-08-27 18:49:00-04:00,29635.5,29635.5,29635.5,29633.25,29634.5,10
2026-08-27 18:50:00-04:00,29633.25,29633.25,29636.75,29633.25,29636.75,15
2026-08-27 18:51:00-04:00,29634.0,29634.0,29635.5,29633.75,29634.5,9
2026-08-27 18:52:00-04:00,29636.0,29636.0,29637.0,29633.75,29635.5,25
2026-08-27 18:53:00-04:00,29632.5,29632.5,29634.75,29631.75,29634.75,30
2026-08-27 18:54:00-04:00,29631.5,29631.5,29632.5,29630.75,29632.0,14
2026-08-27 18:55:00-04:00,29633.0,29633.0,29633.0,29631.25,29631.75,22
2026-08-27 18:56:00-04:00,29636.0,29636.0,29636.75,29632.75,29633.5,38
2026-08-27 18:57:00-04:00,29634.25,29634.25,29636.75,29633.75,29636.25,23
2026-08-27 18:58:00-04:00,29639.5,29639.5,29639.5,29635.5,29635.5,36
2026-08-27 18:59:00-04:00,29634.75,29634.75,29639.0,29634.0,29638.5,38
2026-08-27 19:00:00-04:00,29628.5,29628.5,29635.0,29625.5,29633.5,78
2026-08-27 19:01:00-04:00,29632.75,29632.75,29637.25,29630.0,29630.0,67
2026-08-27 19:02:00-04:00,29632.5,29632.5,29635.5,29630.75,29633.0,23
2026-08-27 19:03:00-04:00,29628.75,29628.75,29634.5,29628.0,29634.0,15
2026-08-27 19:04:00-04:00,29627.5,29627.5,29630.0,29626.5,29628.75,29
2026-08-27 19:05:00-04:00,29626.25,29626.25,29628.0,29623.75,29627.25,75
2026-08-27 19:06:00-04:00,29626.75,29626.75,29627.0,29625.25,29627.0,12
2026-08-27 19:07:00-04:00,29626.25,29626.25,29627.5,29625.0,29626.75,30
2026-08-27 19:08:00-04:00,29626.25,29626.25,29627.25,29625.0,29626.25,27
2026-08-27 19:09:00-04:00,29631.5,29631.5,29637.5,29627.25,29627.25,143
2026-08-27 19:10:00-04:00,29623.5,29623.5,29631.0,29623.5,29631.0,102
2026-08-27 19:11:00-04:00,29615.75,29615.75,29626.75,29612.75,29622.0,287
2026-08-27 19:12:00-04:00,29617.25,29617.25,29617.25,29614.25,29614.75,37
2026-08-27 19:13:00-04:00,29616.75,29616.75,29616.75,29605.0,29611.5,210
2026-08-27 19:14:00-04:00,29616.5,29616.5,29618.0,29615.25,29616.5,23
2026-08-27 19:15:00-04:00,29606.0,29606.0,29617.25,29604.0,29616.0,110
2026-08-27 19:16:00-04:00,29609.0,29609.0,29612.5,29606.25,29606.25,43
2026-08-27 19:17:00-04:00,29611.5,29611.5,29611.75,29609.0,29610.25,30
2026-08-27 19:18:00-04:00,29608.75,29608.75,29611.5,29608.75,29611.25,19
2026-08-27 19:19:00-04:00,29610.0,29610.0,29610.0,29609.75,29609.75,11
2026-08-27 19:20:00-04:00,29612.0,29612.0,29613.0,29609.75,29610.75,31
2026-08-27 19:21:00-04:00,29610.5,29610.5,29611.5,29608.75,29610.75,28
2026-08-27 19:22:00-04:00,29611.25,29611.25,29611.75,29610.0,29611.25,15
2026-08-27 19:23:00-04:00,29610.25,29610.25,29610.5,29610.0,29610.5,4
2026-08-27 19:24:00-04:00,29611.75,29611.75,29611.75,29609.5,29610.0,17
2026-08-27 19:25:00-04:00,29607.5,29607.5,29609.75,29606.5,29609.75,43
2026-08-27 19:26:00-04:00,29608.0,29608.0,29609.25,29606.25,29607.75,23
2026-08-27 19:27:00-04:00,29611.0,29611.0,29614.0,29609.75,29610.0,61
2026-08-27 19:28:00-04:00,29606.5,29606.5,29612.0,29606.5,29611.75,53
2026-08-27 19:29:00-04:00,29608.25,29608.25,29608.5,29604.5,29608.25,25
2026-08-27 19:30:00-04:00,29607.25,29607.25,29610.25,29604.75,29610.0,32
2026-08-27 19:31:00-04:00,29607.75,29607.75,29607.75,29602.5,29606.0,80
2026-08-27 19:32:00-04:00,29606.0,29606.0,29612.75,29606.0,29608.25,50
2026-08-27 19:33:00-04:00,29606.75,29606.75,29607.25,29605.0,29606.25,14
2026-08-27 19:34:00-04:00,29605.5,29605.5,29606.75,29603.75,29606.25,43
2026-08-27 19:35:00-04:00,29605.75,29605.75,29606.5,29605.75,29606.0,7
2026-08-27 19:36:00-04:00,29609.25,29609.25,29610.25,29608.0,29608.0,36
2026-08-27 19:37:00-04:00,29607.25,29607.25,29608.5,29604.75,29608.5,21
2026-08-27 19:38:00-04:00,29606.75,29606.75,29607.75,29606.75,29607.75,9
2026-08-27 19:39:00-04:00,29611.0,29611.0,29611.75,29608.0,29608.75,36
2026-08-27 19:40:00-04:00,29609.25,29609.25,29611.5,29607.75,29610.0,20
2026-08-27 19:41:00-04:00,29608.25,29608.25,29609.25,29608.25,29609.25,8
2026-08-27 19:42:00-04:00,29607.75,29607.75,29608.75,29604.5,29608.25,48
2026-08-27 19:43:00-04:00,29607.25,29607.25,29608.75,29607.25,29607.25,11
2026-08-27 19:44:00-04:00,29604.5,29604.5,29606.75,29604.25,29606.75,18
2026-08-27 19:45:00-04:00,29605.25,29605.25,29605.25,29598.75,29604.5,210
2026-08-27 19:46:00-04:00,29599.75,29599.75,29603.75,29599.0,29603.75,79
2026-08-27 19:47:00-04:00,29597.75,29597.75,29600.5,29596.5,29599.5,151
2026-08-27 19:48:00-04:00,29596.5,29596.5,29599.0,29595.0,29597.5,158
2026-08-27 19:49:00-04:00,29594.25,29594.25,29598.0,29592.25,29596.0,184
2026-08-27 19:50:00-04:00,29594.0,29594.0,29595.75,29592.25,29594.5,110
2026-08-27 19:51:00-04:00,29594.75,29594.75,29596.0,29593.0,29594.5,52
2026-08-27 19:52:00-04:00,29596.25,29596.25,29597.0,29592.5,29593.75,47
2026-08-27 19:53:00-04:00,29595.25,29595.25,29596.75,29594.25,29596.25,26
2026-08-27 19:54:00-04:00,29593.75,29593.75,29597.75,29593.25,29596.25,85
2026-08-27 19:55:00-04:00,29593.25,29593.25,29596.25,29592.25,29594.25,69
2026-08-27 19:56:00-04:00,29593.5,29593.5,29597.5,29592.5,29593.75,141
2026-08-27 19:57:00-04:00,29595.0,29595.0,29595.25,29592.0,29593.25,41
2026-08-27 19:58:00-04:00,29598.25,29598.25,29599.75,29594.0,29595.5,141
2026-08-27 19:59:00-04:00,29600.75,29600.75,29604.0,29594.5,29597.5,249
2026-08-27 20:00:00-04:00,29604.75,29604.75,29613.25,29594.25,29601.75,523
2026-08-27 20:01:00-04:00,29620.0,29620.0,29622.0,29601.5,29605.25,299
2026-08-27 20:02:00-04:00,29620.5,29620.5,29625.25,29615.0,29619.5,239
2026-08-27 20:03:00-04:00,29617.75,29617.75,29621.25,29617.5,29620.5,116
2026-08-27 20:04:00-04:00,29608.0,29608.0,29620.0,29602.0,29617.0,210
2026-08-27 20:05:00-04:00,29605.0,29605.0,29610.5,29603.25,29609.0,112
2026-08-27 20:06:00-04:00,29598.5,29598.5,29602.75,29595.75,29602.25,247
2026-08-27 20:07:00-04:00,29613.75,29613.75,29616.0,29600.0,29601.25,239
2026-08-27 20:08:00-04:00,29621.75,29621.75,29623.0,29611.5,29614.25,276
2026-08-27 20:09:00-04:00,29623.5,29623.5,29632.0,29617.25,29621.25,308
2026-08-27 20:10:00-04:00,29636.25,29636.25,29636.5,29622.0,29623.25,272
2026-08-27 20:11:00-04:00,29637.25,29637.25,29641.0,29634.5,29635.75,204
2026-08-27 20:12:00-04:00,29640.5,29640.5,29642.25,29635.5,29637.0,194
2026-08-27 20:13:00-04:00,29645.75,29645.75,29650.5,29638.5,29639.75,279
2026-08-27 20:14:00-04:00,29653.0,29653.0,29656.0,29643.5,29646.25,305
2026-08-27 20:15:00-04:00,29643.5,29643.5,29654.0,29640.5,29652.75,241
2026-08-27 20:16:00-04:00,29635.0,29635.0,29643.25,29625.5,29642.75,422
2026-08-27 20:17:00-04:00,29638.75,29638.75,29644.5,29635.25,29635.5,210
2026-08-27 20:18:00-04:00,29653.5,29653.5,29655.75,29631.5,29639.0,252
2026-08-27 20:19:00-04:00,29648.75,29648.75,29655.25,29644.75,29653.75,196
2026-08-27 20:20:00-04:00,29647.5,29647.5,29649.25,29643.0,29647.5,92
2026-08-27 20:21:00-04:00,29646.0,29646.0,29649.25,29643.5,29647.25,76
2026-08-27 20:22:00-04:00,29649.25,29649.25,29652.5,29647.0,29647.0,97
2026-08-27 20:23:00-04:00,29646.25,29646.25,29652.0,29645.25,29650.0,67
2026-08-27 20:24:00-04:00,29645.5,29645.5,29649.5,29644.25,29647.75,133
2026-08-27 20:25:00-04:00,29651.25,29651.25,29652.0,29646.25,29647.0,55
2026-08-27 20:26:00-04:00,29650.5,29650.5,29652.75,29644.0,29650.0,102
2026-08-27 20:27:00-04:00,29641.25,29641.25,29651.0,29639.75,29650.75,133
2026-08-27 20:28:00-04:00,29640.5,29640.5,29645.75,29637.5,29642.0,111
2026-08-27 20:29:00-04:00,29653.0,29653.0,29654.5,29642.25,29642.25,117
2026-08-27 20:30:00-04:00,29645.5,29645.5,29654.0,29645.0,29651.25,121
2026-08-27 20:31:00-04:00,29645.0,29645.0,29647.0,29644.0,29646.0,38
2026-08-27 20:32:00-04:00,29648.0,29648.0,29650.5,29645.5,29646.75,92
2026-08-27 20:33:00-04:00,29645.25,29645.25,29647.5,29642.0,29647.25,54
2026-08-27 20:34:00-04:00,29648.5,29648.5,29651.25,29645.0,29645.25,52
2026-08-27 20:35:00-04:00,29645.0,29645.0,29647.5,29644.5,29647.25,41
2026-08-27 20:36:00-04:00,29647.25,29647.25,29647.5,29644.0,29646.0,45
2026-08-27 20:37:00-04:00,29642.0,29642.0,29645.25,29641.25,29644.5,44
2026-08-27 20:38:00-04:00,29640.75,29640.75,29644.0,29638.5,29642.25,77
2026-08-27 20:39:00-04:00,29640.5,29640.5,29643.75,29635.5,29641.25,93
2026-08-27 20:40:00-04:00,29637.0,29637.0,29642.25,29635.25,29640.5,67
2026-08-27 20:41:00-04:00,29646.5,29646.5,29648.25,29633.5,29635.0,143
2026-08-27 20:42:00-04:00,29656.25,29656.25,29658.0,29643.25,29646.0,195
2026-08-27 20:43:00-04:00,29653.0,29653.0,29658.0,29652.5,29654.5,131
2026-08-27 20:44:00-04:00,29654.5,29654.5,29654.75,29648.75,29653.5,72
2026-08-27 20:45:00-04:00,29652.25,29652.25,29655.25,29644.25,29653.25,123
2026-08-27 20:46:00-04:00,29650.75,29650.75,29654.0,29649.25,29651.5,35
2026-08-27 20:47:00-04:00,29652.75,29652.75,29654.0,29650.0,29650.5,30
2026-08-27 20:48:00-04:00,29656.75,29656.75,29657.25,29652.75,29653.0,56
2026-08-27 20:49:00-04:00,29658.5,29658.5,29660.0,29655.25,29656.75,64
2026-08-27 20:50:00-04:00,29662.25,29662.25,29667.25,29656.0,29659.0,265
2026-08-27 20:51:00-04:00,29659.75,29659.75,29663.0,29659.25,29663.0,63
2026-08-27 20:52:00-04:00,29662.25,29662.25,29664.25,29657.25,29660.25,119
2026-08-27 20:53:00-04:00,29660.0,29660.0,29665.75,29659.0,29664.25,62
2026-08-27 20:54:00-04:00,29647.0,29647.0,29658.0,29646.5,29658.0,212
2026-08-27 20:55:00-04:00,29648.25,29648.25,29652.25,29645.25,29647.5,85
2026-08-27 20:56:00-04:00,29648.25,29648.25,29652.0,29647.0,29649.25,20
2026-08-27 20:57:00-04:00,29646.25,29646.25,29652.0,29644.5,29649.5,49
2026-08-27 20:58:00-04:00,29643.25,29643.25,29647.75,29642.0,29646.0,80
2026-08-27 20:59:00-04:00,29645.0,29645.0,29646.75,29643.25,29643.75,42
2026-08-27 21:00:00-04:00,29646.5,29646.5,29648.25,29642.75,29645.75,124
2026-08-27 21:01:00-04:00,29650.75,29650.75,29652.25,29643.5,29645.5,87
2026-08-27 21:02:00-04:00,29655.75,29655.75,29657.0,29649.0,29651.0,146
2026-08-27 21:03:00-04:00,29659.25,29659.25,29659.75,29653.0,29653.75,105
2026-08-27 21:04:00-04:00,29659.75,29659.75,29662.75,29658.0,29659.75,105
2026-08-27 21:05:00-04:00,29660.75,29660.75,29660.75,29656.5,29659.5,58
2026-08-27 21:06:00-04:00,29655.0,29655.0,29660.75,29653.5,29660.5,81
2026-08-27 21:07:00-04:00,29655.5,29655.5,29657.75,29651.5,29655.0,70
2026-08-27 21:08:00-04:00,29655.5,29655.5,29657.25,29651.25,29655.75,115
2026-08-27 21:09:00-04:00,29665.5,29665.5,29665.5,29654.5,29655.25,113
2026-08-27 21:10:00-04:00,29665.5,29665.5,29670.25,29664.5,29665.25,198
2026-08-27 21:11:00-04:00,29664.5,29664.5,29666.25,29660.75,29665.5,72
2026-08-27 21:12:00-04:00,29666.75,29666.75,29669.0,29663.0,29664.5,87
2026-08-27 21:13:00-04:00,29661.5,29661.5,29667.75,29658.5,29665.5,71
2026-08-27 21:14:00-04:00,29661.0,29661.0,29663.0,29658.5,29660.5,56
2026-08-27 21:15:00-04:00,29663.75,29663.75,29664.75,29659.5,29661.0,72
2026-08-27 21:16:00-04:00,29665.5,29665.5,29666.25,29659.75,29663.0,60
2026-08-27 21:17:00-04:00,29663.25,29663.25,29665.5,29661.75,29665.5,16
2026-08-27 21:18:00-04:00,29670.25,29670.25,29672.75,29663.5,29664.5,128
2026-08-27 21:19:00-04:00,29666.25,29666.25,29670.25,29666.25,29670.25,61
2026-08-27 21:20:00-04:00,29668.5,29668.5,29668.5,29660.5,29666.25,125
2026-08-27 21:21:00-04:00,29665.5,29665.5,29668.5,29664.25,29667.5,35
2026-08-27 21:22:00-04:00,29664.25,29664.25,29668.5,29661.75,29665.0,60
2026-08-27 21:23:00-04:00,29655.0,29655.0,29665.0,29653.75,29664.25,134
2026-08-27 21:24:00-04:00,29656.75,29656.75,29658.25,29654.5,29656.0,54
2026-08-27 21:25:00-04:00,29645.25,29645.25,29659.5,29643.5,29659.5,168
2026-08-27 21:26:00-04:00,29652.75,29652.75,29655.5,29645.0,29646.0,88
2026-08-27 21:27:00-04:00,29650.5,29650.5,29655.75,29644.5,29653.0,92
2026-08-27 21:28:00-04:00,29647.5,29647.5,29651.0,29647.5,29650.0,40
2026-08-27 21:29:00-04:00,29648.75,29648.75,29651.75,29647.5,29649.0,30
2026-08-27 21:30:00-04:00,29644.75,29644.75,29655.75,29643.75,29648.5,154
2026-08-27 21:31:00-04:00,29649.5,29649.5,29651.0,29643.75,29645.0,98
2026-08-27 21:32:00-04:00,29657.5,29657.5,29659.0,29649.75,29651.75,141
2026-08-27 21:33:00-04:00,29661.75,29661.75,29665.0,29656.5,29657.75,171
2026-08-27 21:34:00-04:00,29664.75,29664.75,29665.0,29660.75,29662.75,86
2026-08-27 21:35:00-04:00,29667.75,29667.75,29671.75,29663.0,29664.75,207
2026-08-27 21:36:00-04:00,29666.5,29666.5,29672.25,29666.5,29669.25,101
2026-08-27 21:37:00-04:00,29664.75,29664.75,29669.0,29663.0,29666.75,96
2026-08-27 21:38:00-04:00,29653.25,29653.25,29664.5,29650.5,29664.0,281
2026-08-27 21:39:00-04:00,29647.0,29647.0,29654.75,29641.75,29653.5,208
2026-08-27 21:40:00-04:00,29650.0,29650.0,29650.75,29642.0,29646.5,106
2026-08-27 21:41:00-04:00,29644.75,29644.75,29648.0,29642.5,29648.0,55
2026-08-27 21:42:00-04:00,29643.5,29643.5,29647.75,29642.75,29646.75,63
2026-08-27 21:43:00-04:00,29650.0,29650.0,29650.75,29643.0,29643.75,53
2026-08-27 21:44:00-04:00,29654.75,29654.75,29657.5,29650.5,29650.5,165
2026-08-27 21:45:00-04:00,29648.0,29648.0,29655.25,29644.0,29654.5,95
2026-08-27 21:46:00-04:00,29657.5,29657.5,29658.75,29646.0,29648.75,124
2026-08-27 21:47:00-04:00,29651.75,29651.75,29656.25,29651.25,29656.25,70
2026-08-27 21:48:00-04:00,29654.25,29654.25,29655.5,29650.0,29651.75,28
2026-08-27 21:49:00-04:00,29659.5,29659.5,29661.25,29654.25,29654.5,107
2026-08-27 21:50:00-04:00,29666.0,29666.0,29668.75,29659.75,29659.75,151
2026-08-27 21:51:00-04:00,29664.25,29664.25,29665.25,29661.0,29665.25,73
2026-08-27 21:52:00-04:00,29663.25,29663.25,29665.75,29659.75,29664.75,74
2026-08-27 21:53:00-04:00,29661.0,29661.0,29663.5,29660.5,29663.0,32
2026-08-27 21:54:00-04:00,29673.0,29673.0,29674.75,29659.0,29660.0,231
2026-08-27 21:55:00-04:00,29678.0,29678.0,29678.5,29673.0,29673.75,146
2026-08-27 21:56:00-04:00,29673.5,29673.5,29679.75,29673.5,29678.0,94
2026-08-27 21:57:00-04:00,29669.75,29669.75,29674.25,29669.75,29673.25,54
2026-08-27 21:58:00-04:00,29675.5,29675.5,29675.75,29670.0,29670.0,68
2026-08-27 21:59:00-04:00,29677.75,29677.75,29678.25,29672.25,29674.75,61
2026-08-27 22:00:00-04:00,29686.0,29686.0,29688.75,29678.75,29678.75,337
2026-08-27 22:01:00-04:00,29687.75,29687.75,29690.25,29685.0,29686.0,162
2026-08-27 22:02:00-04:00,29684.0,29684.0,29689.25,29683.25,29689.25,102
2026-08-27 22:03:00-04:00,29689.5,29689.5,29689.5,29682.25,29683.75,42
2026-08-27 22:04:00-04:00,29689.75,29689.75,29691.5,29686.0,29690.25,82
2026-08-27 22:05:00-04:00,29691.25,29691.25,29692.75,29688.0,29689.75,48
2026-08-27 22:06:00-04:00,29691.0,29691.0,29693.75,29688.75,29692.0,129
2026-08-27 22:07:00-04:00,29692.0,29692.0,29696.75,29691.25,29691.5,112
2026-08-27 22:08:00-04:00,29695.75,29695.75,29697.25,29690.5,29691.75,79
2026-08-27 22:09:00-04:00,29694.0,29694.0,29696.5,29694.0,29696.5,37
2026-08-27 22:10:00-04:00,29698.0,29698.0,29699.5,29695.25,29696.25,78
2026-08-27 22:11:00-04:00,29689.0,29689.0,29697.75,29689.0,29697.75,85
2026-08-27 22:12:00-04:00,29695.25,29695.25,29696.0,29689.25,29689.5,70
2026-08-27 22:13:00-04:00,29693.0,29693.0,29694.75,29692.25,29693.75,25
2026-08-27 22:14:00-04:00,29692.75,29692.75,29695.25,29692.5,29692.75,15
2026-08-27 22:15:00-04:00,29696.0,29696.0,29696.5,29692.0,29694.75,63
2026-08-27 22:16:00-04:00,29694.25,29694.25,29697.75,29693.0,29697.5,44
2026-08-27 22:17:00-04:00,29698.0,29698.0,29699.25,29695.25,29695.25,47
2026-08-27 22:18:00-04:00,29698.25,29698.25,29699.5,29695.75,29698.25,43
2026-08-27 22:19:00-04:00,29698.0,29698.0,29700.25,29696.75,29698.5,93
2026-08-27 22:20:00-04:00,29699.0,29699.0,29703.0,29698.0,29699.0,139
2026-08-27 22:21:00-04:00,29693.5,29693.5,29700.0,29693.25,29699.0,126
2026-08-27 22:22:00-04:00,29687.75,29687.75,29696.0,29686.25,29695.75,130
2026-08-27 22:23:00-04:00,29695.0,29695.0,29696.75,29686.75,29688.0,143
2026-08-27 22:24:00-04:00,29697.75,29697.75,29698.75,29694.0,29694.75,63
2026-08-27 22:25:00-04:00,29694.75,29694.75,29697.5,29694.5,29697.5,32
2026-08-27 22:26:00-04:00,29691.25,29691.25,29695.75,29689.25,29695.25,55
2026-08-27 22:27:00-04:00,29690.75,29690.75,29692.0,29689.0,29691.0,74
2026-08-27 22:28:00-04:00,29691.25,29691.25,29692.25,29689.25,29689.5,42
2026-08-27 22:29:00-04:00,29692.75,29692.75,29692.75,29690.25,29691.75,19
2026-08-27 22:30:00-04:00,29684.0,29684.0,29691.0,29682.0,29691.0,183
2026-08-27 22:31:00-04:00,29682.0,29682.0,29685.5,29681.5,29684.5,118
2026-08-27 22:32:00-04:00,29684.5,29684.5,29684.5,29682.0,29682.75,44
2026-08-27 22:33:00-04:00,29676.0,29676.0,29684.0,29675.0,29684.0,146
2026-08-27 22:34:00-04:00,29675.75,29675.75,29678.5,29674.0,29675.75,85
2026-08-27 22:35:00-04:00,29672.5,29672.5,29675.0,29672.0,29674.5,84
2026-08-27 22:36:00-04:00,29669.5,29669.5,29673.25,29666.75,29672.0,178
2026-08-27 22:37:00-04:00,29670.0,29670.0,29670.5,29667.5,29669.0,69
2026-08-27 22:38:00-04:00,29667.75,29667.75,29671.25,29666.0,29670.25,156
2026-08-27 22:39:00-04:00,29669.0,29669.0,29669.75,29667.0,29667.25,55
2026-08-27 22:40:00-04:00,29662.25,29662.25,29668.75,29660.25,29667.5,79
2026-08-27 22:41:00-04:00,29663.25,29663.25,29664.5,29660.75,29661.5,56
2026-08-27 22:42:00-04:00,29653.25,29653.25,29664.25,29652.5,29664.25,146
2026-08-27 22:43:00-04:00,29653.5,29653.5,29656.5,29652.5,29652.5,56
2026-08-27 22:44:00-04:00,29647.25,29647.25,29654.0,29644.75,29653.5,191
2026-08-27 22:45:00-04:00,29648.75,29648.75,29651.0,29646.75,29647.0,117
2026-08-27 22:46:00-04:00,29649.0,29649.0,29651.25,29646.25,29647.75,63
2026-08-27 22:47:00-04:00,29649.5,29649.5,29650.0,29647.0,29649.25,35
2026-08-27 22:48:00-04:00,29648.25,29648.25,29649.5,29645.0,29647.75,42
2026-08-27 22:49:00-04:00,29650.25,29650.25,29650.75,29647.75,29648.0,76
2026-08-27 22:50:00-04:00,29656.75,29656.75,29658.0,29649.25,29650.25,153
2026-08-27 22:51:00-04:00,29660.0,29660.0,29660.0,29655.5,29656.25,97
2026-08-27 22:52:00-04:00,29665.5,29665.5,29668.5,29659.0,29659.5,197
2026-08-27 22:53:00-04:00,29665.25,29665.25,29667.5,29661.25,29665.0,73
2026-08-27 22:54:00-04:00,29662.5,29662.5,29664.5,29662.0,29664.0,38
2026-08-27 22:55:00-04:00,29667.0,29667.0,29667.0,29663.25,29663.25,23
2026-08-27 22:56:00-04:00,29668.5,29668.5,29669.25,29664.5,29666.25,42
2026-08-27 22:57:00-04:00,29665.5,29665.5,29670.25,29664.0,29669.5,70
2026-08-27 22:58:00-04:00,29665.5,29665.5,29666.0,29663.0,29665.5,26
2026-08-27 22:59:00-04:00,29663.75,29663.75,29665.25,29663.0,29665.25,23
2026-08-27 23:00:00-04:00,29665.0,29665.0,29666.75,29662.25,29664.75,53
2026-08-27 23:01:00-04:00,29664.5,29664.5,29666.25,29662.5,29664.25,28
2026-08-27 23:02:00-04:00,29662.75,29662.75,29665.0,29660.5,29664.75,32
2026-08-27 23:03:00-04:00,29675.0,29675.0,29676.25,29662.5,29662.5,203
2026-08-27 23:04:00-04:00,29682.0,29682.0,29683.0,29672.25,29675.0,128
2026-08-27 23:05:00-04:00,29685.0,29685.0,29686.5,29681.75,29682.75,78
2026-08-27 23:06:00-04:00,29682.25,29682.25,29685.75,29681.0,29685.75,81
2026-08-27 23:07:00-04:00,29678.75,29678.75,29684.5,29678.75,29682.75,71
2026-08-27 23:08:00-04:00,29684.25,29684.25,29687.25,29676.75,29677.0,99
2026-08-27 23:09:00-04:00,29684.5,29684.5,29686.5,29683.5,29684.5,42
2026-08-27 23:10:00-04:00,29687.25,29687.25,29687.75,29683.5,29685.25,57
2026-08-27 23:11:00-04:00,29688.0,29688.0,29691.5,29685.0,29687.5,67
2026-08-27 23:12:00-04:00,29701.0,29701.0,29701.0,29686.75,29689.25,236
2026-08-27 23:13:00-04:00,29698.0,29698.0,29702.0,29695.75,29701.5,94
2026-08-27 23:14:00-04:00,29694.5,29694.5,29698.5,29693.5,29698.25,60
2026-08-27 23:15:00-04:00,29693.5,29693.5,29694.5,29692.75,29693.75,26
2026-08-27 23:16:00-04:00,29692.5,29692.5,29697.5,29689.5,29692.75,96
2026-08-27 23:17:00-04:00,29694.75,29694.75,29696.0,29693.0,29693.25,29
2026-08-27 23:18:00-04:00,29696.0,29696.0,29701.0,29694.75,29695.0,91
2026-08-27 23:19:00-04:00,29697.25,29697.25,29699.0,29695.0,29695.75,23
2026-08-27 23:20:00-04:00,29695.0,29695.0,29697.75,29694.5,29697.75,56
2026-08-27 23:21:00-04:00,29697.25,29697.25,29697.5,29694.0,29695.5,30
2026-08-27 23:22:00-04:00,29697.0,29697.0,29699.5,29697.0,29697.25,36
2026-08-27 23:23:00-04:00,29696.75,29696.75,29698.5,29695.5,29696.75,34
2026-08-27 23:24:00-04:00,29699.5,29699.5,29701.75,29697.0,29698.25,80
2026-08-27 23:25:00-04:00,29698.5,29698.5,29700.0,29698.25,29700.0,12
2026-08-27 23:26:00-04:00,29698.75,29698.75,29702.5,29698.75,29699.25,43
2026-08-27 23:27:00-04:00,29700.0,29700.0,29700.0,29697.5,29698.5,36
2026-08-27 23:28:00-04:00,29699.75,29699.75,29702.0,29699.25,29701.25,25
2026-08-27 23:29:00-04:00,29700.25,29700.25,29707.0,29699.5,29700.5,323
2026-08-27 23:30:00-04:00,29698.25,29698.25,29704.25,29696.75,29700.5,112
2026-08-27 23:31:00-04:00,29697.75,29697.75,29699.0,29696.75,29698.75,70
2026-08-27 23:32:00-04:00,29697.0,29697.0,29697.5,29694.0,29697.5,86
2026-08-27 23:33:00-04:00,29685.75,29685.75,29696.25,29685.75,29696.0,118
2026-08-27 23:34:00-04:00,29685.0,29685.0,29688.5,29683.0,29686.25,143
2026-08-27 23:35:00-04:00,29681.0,29681.0,29684.75,29681.0,29684.5,94
2026-08-27 23:36:00-04:00,29681.0,29681.0,29685.5,29678.25,29682.25,133
2026-08-27 23:37:00-04:00,29681.75,29681.75,29682.5,29680.25,29680.5,40
2026-08-27 23:38:00-04:00,29674.5,29674.5,29681.75,29673.0,29681.0,135
2026-08-27 23:39:00-04:00,29675.75,29675.75,29676.25,29672.75,29674.25,77
2026-08-27 23:40:00-04:00,29668.25,29668.25,29675.0,29665.75,29674.75,191
2026-08-27 23:41:00-04:00,29664.25,29664.25,29668.25,29660.5,29667.75,131
2026-08-27 23:42:00-04:00,29659.75,29659.75,29665.75,29658.5,29664.5,151
2026-08-27 23:43:00-04:00,29656.25,29656.25,29660.5,29655.5,29660.0,80
2026-08-27 23:44:00-04:00,29651.75,29651.75,29657.0,29648.75,29656.25,227
2026-08-27 23:45:00-04:00,29646.75,29646.75,29652.0,29646.5,29651.5,139
2026-08-27 23:46:00-04:00,29657.0,29657.0,29657.0,29640.25,29646.75,342
2026-08-27 23:47:00-04:00,29662.0,29662.0,29662.25,29656.0,29656.5,164
2026-08-27 23:48:00-04:00,29664.5,29664.5,29668.25,29660.25,29661.0,137
2026-08-27 23:49:00-04:00,29664.25,29664.25,29665.5,29658.75,29665.5,71
2026-08-27 23:50:00-04:00,29669.0,29669.0,29669.75,29663.25,29663.5,57
2026-08-27 23:51:00-04:00,29673.25,29673.25,29674.0,29667.5,29668.75,119
2026-08-27 23:52:00-04:00,29665.0,29665.0,29673.5,29664.25,29673.25,72
2026-08-27 23:53:00-04:00,29669.0,29669.0,29670.5,29665.0,29666.0,61
2026-08-27 23:54:00-04:00,29671.75,29671.75,29673.25,29666.75,29667.0,46
2026-08-27 23:55:00-04:00,29670.0,29670.0,29671.5,29666.5,29671.5,49
2026-08-27 23:56:00-04:00,29669.5,29669.5,29670.25,29667.5,29669.5,26
2026-08-27 23:57:00-04:00,29671.25,29671.25,29676.5,29667.75,29670.0,136
2026-08-27 23:58:00-04:00,29671.5,29671.5,29671.5,29667.75,29670.75,32
2026-08-28 00:09:00-04:00,29647.25,29647.25,29648.75,29644.25,29646.0,25
2026-08-28 00:10:00-04:00,29649.75,29649.75,29650.75,29647.25,29648.0,36
2026-08-28 00:11:00-04:00,29654.5,29654.5,29656.5,29648.0,29648.0,82
2026-08-28 00:12:00-04:00,29661.75,29661.75,29662.0,29654.0,29654.25,128
2026-08-28 00:13:00-04:00,29664.25,29664.25,29666.25,29661.75,29661.75,80
2026-08-28 00:14:00-04:00,29661.5,29661.5,29666.5,29661.0,29665.5,74
2026-08-28 00:15:00-04:00,29664.75,29664.75,29664.75,29660.75,29660.75,31
2026-08-28 00:16:00-04:00,29660.0,29660.0,29669.75,29660.0,29665.0,84
2026-08-28 00:17:00-04:00,29659.25,29659.25,29663.5,29658.25,29661.25,85
2026-08-28 00:18:00-04:00,29664.5,29664.5,29664.5,29657.25,29659.25,73
2026-08-28 00:19:00-04:00,29662.0,29662.0,29663.5,29661.0,29663.25,24
2026-08-28 00:20:00-04:00,29663.75,29663.75,29665.25,29661.25,29662.5,27
2026-08-28 00:21:00-04:00,29662.5,29662.5,29665.75,29660.5,29665.0,27
2026-08-28 00:22:00-04:00,29662.25,29662.25,29664.25,29660.0,29662.0,31
2026-08-28 00:23:00-04:00,29660.0,29660.0,29663.0,29660.0,29662.75,21
2026-08-28 00:24:00-04:00,29660.75,29660.75,29661.75,29658.75,29659.25,17
2026-08-28 00:25:00-04:00,29663.5,29663.5,29664.25,29658.0,29660.5,38
2026-08-28 00:26:00-04:00,29659.75,29659.75,29662.5,29657.0,29662.5,33
2026-08-28 00:27:00-04:00,29659.75,29659.75,29660.75,29657.25,29658.25,30
2026-08-28 00:28:00-04:00,29660.0,29660.0,29663.0,29658.75,29658.75,39
2026-08-28 00:29:00-04:00,29659.5,29659.5,29660.0,29657.75,29659.75,21
2026-08-28 00:30:00-04:00,29658.75,29658.75,29660.75,29656.0,29658.5,49
2026-08-28 00:31:00-04:00,29655.0,29655.0,29659.25,29651.75,29657.25,75
2026-08-28 00:32:00-04:00,29653.0,29653.0,29656.75,29652.75,29655.0,26
2026-08-28 00:33:00-04:00,29648.75,29648.75,29655.5,29648.0,29654.0,49
2026-08-28 00:34:00-04:00,29646.25,29646.25,29650.0,29645.25,29648.0,52
2026-08-28 00:35:00-04:00,29646.5,29646.5,29647.5,29644.25,29645.5,54
2026-08-28 00:36:00-04:00,29646.75,29646.75,29647.5,29641.5,29645.75,122
2026-08-28 00:37:00-04:00,29650.25,29650.25,29652.0,29645.25,29645.5,73
2026-08-28 00:38:00-04:00,29643.0,29643.0,29649.5,29643.0,29649.25,32
2026-08-28 00:39:00-04:00,29646.75,29646.75,29647.0,29641.0,29642.5,65
2026-08-28 00:40:00-04:00,29644.0,29644.0,29649.75,29643.0,29647.5,65
2026-08-28 00:41:00-04:00,29643.5,29643.5,29644.0,29639.0,29642.75,60
2026-08-28 00:42:00-04:00,29644.0,29644.0,29645.0,29641.25,29643.25,32
2026-08-28 00:43:00-04:00,29644.0,29644.0,29644.25,29643.0,29643.75,12
2026-08-28 00:44:00-04:00,29644.25,29644.25,29645.5,29642.5,29643.25,34
2026-08-28 00:45:00-04:00,29648.5,29648.5,29650.0,29643.25,29643.5,82
2026-08-28 00:46:00-04:00,29643.75,29643.75,29649.25,29643.75,29649.25,80
2026-08-28 00:47:00-04:00,29644.5,29644.5,29646.75,29641.25,29644.5,36
2026-08-28 00:48:00-04:00,29644.5,29644.5,29647.25,29644.0,29645.5,20
2026-08-28 00:49:00-04:00,29644.0,29644.0,29645.5,29642.25,29644.25,23
2026-08-28 00:50:00-04:00,29643.5,29643.5,29643.5,29640.75,29643.5,44
2026-08-28 00:51:00-04:00,29644.25,29644.25,29644.5,29641.5,29642.5,19
2026-08-28 00:52:00-04:00,29644.5,29644.5,29645.0,29642.75,29643.5,16
2026-08-28 00:53:00-04:00,29644.25,29644.25,29647.0,29643.75,29645.0,43
2026-08-28 00:54:00-04:00,29643.0,29643.0,29645.0,29642.75,29645.0,20
2026-08-28 00:55:00-04:00,29643.5,29643.5,29644.0,29642.75,29643.25,11
2026-08-28 00:56:00-04:00,29641.75,29641.75,29646.0,29641.75,29645.0,26
2026-08-28 00:57:00-04:00,29639.75,29639.75,29643.5,29636.25,29641.5,117
2026-08-28 00:58:00-04:00,29642.0,29642.0,29642.0,29638.75,29640.25,34
2026-08-28 00:59:00-04:00,29641.75,29641.75,29643.0,29639.75,29642.0,38
2026-08-28 01:00:00-04:00,29636.0,29636.0,29642.25,29635.5,29642.0,123
2026-08-28 01:01:00-04:00,29640.75,29640.75,29643.75,29634.5,29635.5,118
2026-08-28 01:02:00-04:00,29631.75,29631.75,29639.0,29631.0,29639.0,95
2026-08-28 01:03:00-04:00,29634.25,29634.25,29634.75,29629.5,29632.5,98
2026-08-28 01:04:00-04:00,29636.25,29636.25,29637.0,29633.0,29635.0,75
2026-08-28 01:05:00-04:00,29632.0,29632.0,29637.0,29628.75,29635.0,93
2026-08-28 01:06:00-04:00,29626.75,29626.75,29631.75,29625.5,29630.5,82
2026-08-28 01:07:00-04:00,29627.75,29627.75,29630.25,29626.0,29627.0,51
2026-08-28 01:08:00-04:00,29628.5,29628.5,29630.5,29625.25,29628.0,55
2026-08-28 01:09:00-04:00,29627.25,29627.25,29631.25,29627.0,29628.0,45
2026-08-28 01:10:00-04:00,29625.75,29625.75,29629.25,29620.75,29628.75,280
2026-08-28 01:11:00-04:00,29624.0,29624.0,29629.75,29623.75,29626.0,73
2026-08-28 01:12:00-04:00,29624.5,29624.5,29625.5,29622.75,29625.25,30
2026-08-28 01:13:00-04:00,29625.5,29625.5,29625.5,29621.5,29622.75,29
2026-08-28 01:14:00-04:00,29623.75,29623.75,29626.5,29621.75,29623.5,36
2026-08-28 01:15:00-04:00,29623.25,29623.25,29627.5,29622.5,29624.75,43
2026-08-28 01:16:00-04:00,29621.25,29621.25,29623.75,29619.0,29622.75,68
2026-08-28 01:17:00-04:00,29621.75,29621.75,29624.0,29620.5,29621.25,14
2026-08-28 01:18:00-04:00,29620.0,29620.0,29622.5,29620.0,29621.5,18
2026-08-28 01:19:00-04:00,29617.75,29617.75,29622.75,29617.0,29621.25,55
2026-08-28 01:20:00-04:00,29623.0,29623.0,29623.25,29617.75,29618.0,44
2026-08-28 01:21:00-04:00,29620.0,29620.0,29623.75,29620.0,29623.5,32
2026-08-28 01:22:00-04:00,29616.0,29616.0,29620.75,29615.0,29620.5,98
2026-08-28 01:23:00-04:00,29613.5,29613.5,29616.0,29612.0,29616.0,155
2026-08-28 01:24:00-04:00,29621.0,29621.0,29622.5,29611.5,29614.0,85
2026-08-28 01:25:00-04:00,29622.0,29622.0,29624.75,29618.75,29621.0,94
2026-08-28 01:26:00-04:00,29623.0,29623.0,29628.25,29618.0,29618.75,123
2026-08-28 01:27:00-04:00,29616.25,29616.25,29624.75,29614.0,29623.25,106
2026-08-28 01:28:00-04:00,29622.0,29622.0,29622.25,29616.25,29616.5,62
2026-08-28 01:29:00-04:00,29622.75,29622.75,29627.5,29619.0,29619.5,67
2026-08-28 01:30:00-04:00,29618.25,29618.25,29623.0,29616.0,29623.0,60
2026-08-28 01:31:00-04:00,29621.5,29621.5,29624.5,29619.0,29619.75,45
2026-08-28 01:32:00-04:00,29618.0,29618.0,29623.5,29617.75,29621.75,37
2026-08-28 01:33:00-04:00,29619.5,29619.5,29624.5,29616.5,29618.0,46
2026-08-28 01:34:00-04:00,29617.5,29617.5,29621.25,29616.5,29621.25,37
2026-08-28 01:35:00-04:00,29616.75,29616.75,29619.25,29611.0,29616.5,141
2026-08-28 01:36:00-04:00,29611.75,29611.75,29616.75,29610.5,29616.5,70
2026-08-28 01:37:00-04:00,29605.25,29605.25,29611.25,29603.5,29610.5,381
2026-08-28 01:38:00-04:00,29606.5,29606.5,29608.0,29604.25,29605.0,68
2026-08-28 01:39:00-04:00,29607.5,29607.5,29609.75,29606.25,29607.0,34
2026-08-28 01:40:00-04:00,29609.75,29609.75,29612.75,29606.25,29606.75,68
2026-08-28 01:41:00-04:00,29607.5,29607.5,29610.0,29607.5,29609.75,41
2026-08-28 01:42:00-04:00,29608.25,29608.25,29609.75,29606.25,29608.25,43
2026-08-28 01:43:00-04:00,29611.0,29611.0,29611.0,29605.5,29607.0,45
2026-08-28 01:44:00-04:00,29613.75,29613.75,29613.75,29610.0,29610.0,39
2026-08-28 01:45:00-04:00,29607.5,29607.5,29613.0,29606.25,29612.5,41
2026-08-28 01:46:00-04:00,29605.0,29605.0,29607.5,29602.75,29607.5,84
2026-08-28 01:47:00-04:00,29606.5,29606.5,29607.0,29604.25,29604.25,47
2026-08-28 01:48:00-04:00,29606.25,29606.25,29607.25,29605.25,29605.5,16
2026-08-28 01:49:00-04:00,29606.0,29606.0,29607.5,29604.25,29606.75,21
2026-08-28 01:50:00-04:00,29605.5,29605.5,29607.25,29604.75,29605.75,35
2026-08-28 01:51:00-04:00,29604.0,29604.0,29606.75,29604.0,29606.25,32
2026-08-28 01:52:00-04:00,29604.0,29604.0,29606.75,29603.5,29604.0,41
2026-08-28 01:53:00-04:00,29604.0,29604.0,29604.25,29598.25,29603.5,288
2026-08-28 01:54:00-04:00,29608.5,29608.5,29612.25,29604.0,29604.5,125
2026-08-28 01:55:00-04:00,29606.5,29606.5,29609.5,29605.25,29608.5,59
2026-08-28 01:56:00-04:00,29602.0,29602.0,29607.5,29602.0,29607.5,53
2026-08-28 01:57:00-04:00,29602.25,29602.25,29604.75,29600.5,29602.75,25
2026-08-28 01:58:00-04:00,29599.5,29599.5,29602.0,29598.25,29602.0,62
2026-08-28 01:59:00-04:00,29598.25,29598.25,29599.75,29597.25,29599.25,69
2026-08-28 02:00:00-04:00,29596.5,29596.5,29604.0,29595.5,29599.0,253
2026-08-28 02:01:00-04:00,29601.5,29601.5,29602.75,29594.5,29596.0,104
2026-08-28 02:02:00-04:00,29601.5,29601.5,29603.5,29599.75,29601.0,53
2026-08-28 02:03:00-04:00,29605.5,29605.5,29606.75,29600.75,29600.75,98
2026-08-28 02:04:00-04:00,29611.25,29611.25,29613.25,29605.5,29606.0,157
2026-08-28 02:05:00-04:00,29604.0,29604.0,29611.25,29600.75,29611.25,107
2026-08-28 02:06:00-04:00,29610.25,29610.25,29611.0,29602.75,29603.75,79
2026-08-28 02:07:00-04:00,29608.5,29608.5,29613.25,29607.0,29611.0,86
2026-08-28 02:08:00-04:00,29609.0,29609.0,29610.5,29607.75,29607.75,27
2026-08-28 02:09:00-04:00,29607.5,29607.5,29610.5,29607.25,29609.5,41
2026-08-28 02:10:00-04:00,29614.0,29614.0,29615.25,29606.75,29607.75,97
2026-08-28 02:11:00-04:00,29616.75,29616.75,29616.75,29612.0,29614.25,73
2026-08-28 02:12:00-04:00,29610.75,29610.75,29618.5,29608.25,29616.25,93
2026-08-28 02:13:00-04:00,29605.5,29605.5,29611.75,29605.25,29611.75,69
2026-08-28 02:14:00-04:00,29603.25,29603.25,29608.25,29602.25,29605.75,94
2026-08-28 02:15:00-04:00,29607.75,29607.75,29610.5,29601.5,29602.25,72
2026-08-28 02:16:00-04:00,29609.0,29609.0,29609.25,29606.25,29608.25,22
2026-08-28 02:17:00-04:00,29616.75,29616.75,29617.75,29609.0,29609.0,90
2026-08-28 02:18:00-04:00,29611.0,29611.0,29616.5,29611.0,29616.25,46
2026-08-28 02:19:00-04:00,29612.25,29612.25,29613.75,29609.25,29611.0,31
2026-08-28 02:20:00-04:00,29617.0,29617.0,29623.75,29612.25,29612.5,147
2026-08-28 02:21:00-04:00,29615.0,29615.0,29617.25,29612.75,29616.5,58
2026-08-28 02:22:00-04:00,29616.75,29616.75,29621.0,29615.0,29615.0,123
2026-08-28 02:23:00-04:00,29613.5,29613.5,29617.75,29613.0,29616.75,44
2026-08-28 02:24:00-04:00,29614.75,29614.75,29616.75,29610.25,29616.25,33
2026-08-28 02:25:00-04:00,29615.25,29615.25,29617.0,29611.5,29615.75,48
2026-08-28 02:26:00-04:00,29614.75,29614.75,29616.5,29613.5,29614.25,45
2026-08-28 02:27:00-04:00,29604.5,29604.5,29616.0,29601.25,29616.0,189
2026-08-28 02:28:00-04:00,29598.0,29598.0,29605.0,29598.0,29604.5,91
2026-08-28 02:29:00-04:00,29596.0,29596.0,29599.75,29594.5,29599.0,110
2026-08-28 02:30:00-04:00,29607.25,29607.25,29608.0,29596.0,29597.5,197
2026-08-28 02:31:00-04:00,29613.0,29613.0,29613.5,29606.0,29607.5,103
2026-08-28 02:32:00-04:00,29609.25,29609.25,29612.75,29609.25,29612.75,29
2026-08-28 02:33:00-04:00,29602.0,29602.0,29608.5,29601.0,29608.5,91
2026-08-28 02:34:00-04:00,29616.25,29616.25,29620.75,29601.25,29601.25,409
2026-08-28 02:35:00-04:00,29620.0,29620.0,29620.75,29613.75,29616.25,107
2026-08-28 02:36:00-04:00,29615.5,29615.5,29619.25,29615.0,29619.25,48
2026-08-28 02:37:00-04:00,29615.75,29615.75,29616.5,29610.0,29614.0,61
2026-08-28 02:38:00-04:00,29615.25,29615.25,29616.0,29613.5,29615.75,39
2026-08-28 02:39:00-04:00,29610.75,29610.75,29615.75,29610.5,29615.0,33
2026-08-28 02:40:00-04:00,29599.0,29599.0,29610.0,29597.0,29610.0,168
2026-08-28 02:41:00-04:00,29606.25,29606.25,29609.0,29597.0,29598.5,113
2026-08-28 02:42:00-04:00,29604.5,29604.5,29606.25,29601.0,29606.25,84
2026-08-28 02:43:00-04:00,29613.5,29613.5,29615.25,29604.25,29604.25,83
2026-08-28 02:44:00-04:00,29620.75,29620.75,29623.0,29610.0,29613.25,121
2026-08-28 02:45:00-04:00,29621.25,29621.25,29625.75,29616.0,29619.5,119
2026-08-28 02:46:00-04:00,29623.75,29623.75,29625.0,29620.5,29621.25,86
2026-08-28 02:47:00-04:00,29617.0,29617.0,29624.0,29616.0,29623.5,109
2026-08-28 02:48:00-04:00,29625.25,29625.25,29625.25,29617.25,29617.25,48
2026-08-28 02:49:00-04:00,29625.0,29625.0,29627.75,29622.5,29625.25,44
2026-08-28 02:50:00-04:00,29622.0,29622.0,29626.0,29620.5,29625.5,38
2026-08-28 02:51:00-04:00,29625.5,29625.5,29626.75,29620.0,29622.25,50
2026-08-28 02:52:00-04:00,29626.0,29626.0,29627.0,29623.75,29627.0,43
2026-08-28 02:53:00-04:00,29625.25,29625.25,29627.75,29624.5,29625.75,35
2026-08-28 02:54:00-04:00,29625.75,29625.75,29628.25,29624.0,29626.0,62
2026-08-28 02:55:00-04:00,29633.5,29633.5,29634.25,29626.25,29626.25,153
2026-08-28 02:56:00-04:00,29635.75,29635.75,29635.75,29632.75,29632.75,62
2026-08-28 02:57:00-04:00,29641.25,29641.25,29642.5,29635.75,29635.75,89
2026-08-28 02:58:00-04:00,29641.25,29641.25,29641.75,29638.75,29641.75,61
2026-08-28 02:59:00-04:00,29645.25,29645.25,29645.25,29639.5,29641.75,96
2026-08-28 03:00:00-04:00,29629.0,29629.0,29653.5,29627.0,29645.25,445
2026-08-28 03:01:00-04:00,29637.25,29637.25,29639.25,29629.25,29629.5,152
2026-08-28 03:02:00-04:00,29638.0,29638.0,29646.0,29638.0,29638.75,136
2026-08-28 03:03:00-04:00,29640.25,29640.25,29641.5,29635.5,29638.25,94
2026-08-28 03:04:00-04:00,29629.0,29629.0,29638.0,29625.5,29637.75,126
2026-08-28 03:05:00-04:00,29625.0,29625.0,29632.0,29624.0,29629.0,207
2026-08-28 03:06:00-04:00,29621.0,29621.0,29627.0,29615.25,29625.5,214
2026-08-28 03:07:00-04:00,29620.0,29620.0,29621.0,29610.75,29620.0,188
2026-08-28 03:08:00-04:00,29612.25,29612.25,29620.75,29610.25,29619.0,172
2026-08-28 03:09:00-04:00,29612.0,29612.0,29615.0,29605.0,29613.25,170
2026-08-28 03:10:00-04:00,29612.0,29612.0,29615.5,29607.0,29610.5,140
2026-08-28 03:11:00-04:00,29614.5,29614.5,29615.5,29610.0,29611.75,98
2026-08-28 03:12:00-04:00,29609.75,29609.75,29613.5,29606.0,29613.25,86
2026-08-28 03:13:00-04:00,29616.5,29616.5,29617.0,29608.75,29609.25,87
2026-08-28 03:14:00-04:00,29612.5,29612.5,29619.0,29611.75,29617.0,132
2026-08-28 03:15:00-04:00,29614.25,29614.25,29616.25,29610.75,29612.0,91
2026-08-28 03:16:00-04:00,29611.5,29611.5,29617.0,29611.0,29614.0,76
2026-08-28 03:17:00-04:00,29613.25,29613.25,29615.75,29611.0,29611.75,58
2026-08-28 03:18:00-04:00,29606.5,29606.5,29616.75,29599.75,29615.75,205
2026-08-28 03:19:00-04:00,29612.25,29612.25,29613.25,29604.75,29606.75,97
2026-08-28 03:20:00-04:00,29612.0,29612.0,29614.0,29607.0,29611.5,71
2026-08-28 03:21:00-04:00,29604.25,29604.25,29611.25,29603.0,29611.25,59
2026-08-28 03:22:00-04:00,29604.25,29604.25,29610.25,29602.75,29603.5,92
2026-08-28 03:23:00-04:00,29611.5,29611.5,29615.5,29604.0,29604.25,76
2026-08-28 03:24:00-04:00,29612.5,29612.5,29617.5,29611.5,29612.75,143
2026-08-28 03:25:00-04:00,29624.0,29624.0,29624.0,29613.5,29615.25,113
2026-08-28 03:26:00-04:00,29617.75,29617.75,29624.0,29616.5,29624.0,93
2026-08-28 03:27:00-04:00,29618.25,29618.25,29619.25,29616.75,29617.75,32
2026-08-28 03:28:00-04:00,29614.0,29614.0,29619.0,29612.25,29618.25,54
2026-08-28 03:29:00-04:00,29613.75,29613.75,29619.5,29613.25,29614.25,51
2026-08-28 03:30:00-04:00,29617.25,29617.25,29619.25,29613.0,29613.5,63
2026-08-28 03:31:00-04:00,29615.75,29615.75,29620.0,29615.75,29618.0,43
2026-08-28 03:32:00-04:00,29613.25,29613.25,29618.25,29611.5,29615.0,49
2026-08-28 03:33:00-04:00,29617.75,29617.75,29618.0,29612.0,29613.0,63
2026-08-28 03:34:00-04:00,29608.25,29608.25,29618.25,29607.25,29617.5,49
2026-08-28 03:35:00-04:00,29615.25,29615.25,29618.75,29612.0,29612.0,92
2026-08-28 03:36:00-04:00,29618.5,29618.5,29619.5,29614.75,29615.0,30
2026-08-28 03:37:00-04:00,29617.25,29617.25,29620.25,29616.0,29620.0,52
2026-08-28 03:38:00-04:00,29614.75,29614.75,29617.25,29614.5,29616.25,19
2026-08-28 03:39:00-04:00,29609.0,29609.0,29617.25,29606.5,29617.0,96
2026-08-28 03:40:00-04:00,29602.0,29602.0,29610.5,29602.0,29609.25,89
2026-08-28 03:41:00-04:00,29602.5,29602.5,29603.25,29601.25,29602.0,69
2026-08-28 03:42:00-04:00,29606.0,29606.0,29609.75,29603.0,29603.75,149
2026-08-28 03:43:00-04:00,29601.0,29601.0,29607.0,29600.75,29605.75,58
2026-08-28 03:44:00-04:00,29597.5,29597.5,29601.0,29593.0,29600.25,334
2026-08-28 03:45:00-04:00,29600.5,29600.5,29600.75,29595.0,29597.0,81
2026-08-28 03:46:00-04:00,29606.75,29606.75,29609.75,29598.5,29600.25,103
2026-08-28 03:47:00-04:00,29605.0,29605.0,29606.75,29603.0,29605.75,29
2026-08-28 03:48:00-04:00,29619.0,29619.0,29620.75,29604.75,29606.0,122
2026-08-28 03:49:00-04:00,29624.5,29624.5,29624.75,29617.5,29619.5,77
2026-08-28 03:50:00-04:00,29619.0,29619.0,29625.75,29619.0,29624.75,105
2026-08-28 03:51:00-04:00,29617.0,29617.0,29621.0,29616.5,29619.75,87
2026-08-28 03:52:00-04:00,29616.5,29616.5,29619.0,29613.75,29618.25,46
2026-08-28 03:53:00-04:00,29605.25,29605.25,29618.5,29599.5,29618.5,123
2026-08-28 03:54:00-04:00,29612.75,29612.75,29613.25,29605.75,29606.0,73
2026-08-28 03:55:00-04:00,29612.5,29612.5,29614.25,29610.75,29612.5,54
2026-08-28 03:56:00-04:00,29611.75,29611.75,29614.0,29610.5,29613.25,22
2026-08-28 03:57:00-04:00,29601.5,29601.5,29609.0,29600.0,29609.0,53
2026-08-28 03:58:00-04:00,29607.75,29607.75,29607.75,29600.75,29601.75,29
2026-08-28 03:59:00-04:00,29607.0,29607.0,29607.25,29604.5,29607.0,36
2026-08-28 04:00:00-04:00,29612.0,29612.0,29620.5,29605.5,29607.0,204
2026-08-28 04:01:00-04:00,29594.25,29594.25,29614.5,29591.25,29611.0,511
2026-08-28 04:02:00-04:00,29603.0,29603.0,29604.0,29592.0,29595.5,171
2026-08-28 04:03:00-04:00,29606.25,29606.25,29613.0,29598.5,29602.25,228
2026-08-28 04:04:00-04:00,29591.0,29591.0,29609.5,29586.75,29607.5,386
2026-08-28 04:05:00-04:00,29583.0,29583.0,29592.75,29583.0,29592.5,241
2026-08-28 04:06:00-04:00,29583.25,29583.25,29586.5,29579.0,29583.5,258
2026-08-28 04:07:00-04:00,29580.0,29580.0,29585.5,29578.25,29584.5,117
2026-08-28 04:08:00-04:00,29584.0,29584.0,29586.5,29579.0,29581.75,122
2026-08-28 04:09:00-04:00,29589.25,29589.25,29589.75,29582.0,29585.25,113
2026-08-28 04:10:00-04:00,29589.75,29589.75,29590.0,29583.5,29588.5,80
2026-08-28 04:11:00-04:00,29583.25,29583.25,29591.0,29581.75,29590.75,89
2026-08-28 04:12:00-04:00,29599.5,29599.5,29606.0,29585.0,29585.0,234
2026-08-28 04:13:00-04:00,29586.25,29586.25,29599.25,29586.25,29599.25,171
2026-08-28 04:14:00-04:00,29584.75,29584.75,29591.75,29583.0,29587.0,99
2026-08-28 04:15:00-04:00,29590.5,29590.5,29594.0,29586.0,29586.0,76
2026-08-28 04:16:00-04:00,29583.75,29583.75,29591.25,29581.75,29591.25,105
2026-08-28 04:17:00-04:00,29590.25,29590.25,29591.5,29582.75,29583.25,62
2026-08-28 04:18:00-04:00,29583.75,29583.75,29589.25,29582.5,29588.75,64
2026-08-28 04:19:00-04:00,29586.75,29586.75,29590.25,29584.25,29586.0,38
2026-08-28 04:20:00-04:00,29590.0,29590.0,29596.5,29582.5,29585.0,151
2026-08-28 04:21:00-04:00,29592.75,29592.75,29594.0,29587.75,29589.25,61
2026-08-28 04:22:00-04:00,29590.25,29590.25,29595.25,29586.75,29592.75,56
2026-08-28 04:23:00-04:00,29592.0,29592.0,29592.0,29586.75,29590.5,43
2026-08-28 04:24:00-04:00,29596.25,29596.25,29600.0,29592.25,29592.75,123
2026-08-28 04:25:00-04:00,29599.25,29599.25,29600.25,29591.0,29596.0,90
2026-08-28 04:26:00-04:00,29596.75,29596.75,29599.25,29593.0,29599.25,55
2026-08-28 04:27:00-04:00,29603.25,29603.25,29603.75,29598.25,29598.5,62
2026-08-28 04:28:00-04:00,29602.0,29602.0,29603.0,29595.25,29602.75,63
2026-08-28 04:29:00-04:00,29598.25,29598.25,29605.5,29596.5,29602.0,84
2026-08-28 04:30:00-04:00,29610.0,29610.0,29610.25,29596.25,29598.5,99
2026-08-28 04:31:00-04:00,29617.0,29617.0,29618.75,29609.25,29610.25,144
2026-08-28 04:32:00-04:00,29625.0,29625.0,29625.0,29615.5,29616.75,111
2026-08-28 04:33:00-04:00,29628.75,29628.75,29630.25,29621.75,29624.25,146
2026-08-28 04:34:00-04:00,29631.5,29631.5,29631.75,29625.5,29628.5,118
2026-08-28 04:35:00-04:00,29628.0,29628.0,29632.75,29623.0,29632.0,118
2026-08-28 04:36:00-04:00,29632.0,29632.0,29633.5,29626.5,29628.0,69
2026-08-28 04:37:00-04:00,29629.5,29629.5,29631.0,29625.5,29630.5,53
2026-08-28 04:38:00-04:00,29627.0,29627.0,29629.75,29625.75,29629.5,74
2026-08-28 04:39:00-04:00,29625.25,29625.25,29626.5,29624.25,29625.5,40
2026-08-28 04:40:00-04:00,29628.5,29628.5,29628.5,29625.5,29626.25,31
2026-08-28 04:41:00-04:00,29625.75,29625.75,29628.5,29624.25,29628.5,65
2026-08-28 04:42:00-04:00,29626.25,29626.25,29629.0,29625.0,29625.75,43
2026-08-28 04:43:00-04:00,29624.5,29624.5,29628.0,29623.25,29627.5,42
2026-08-28 04:44:00-04:00,29623.5,29623.5,29626.75,29616.25,29625.0,163
2026-08-28 04:45:00-04:00,29611.75,29611.75,29623.75,29610.0,29623.5,113
2026-08-28 04:46:00-04:00,29617.5,29617.5,29624.25,29610.0,29612.0,110
2026-08-28 04:47:00-04:00,29613.25,29613.25,29621.75,29607.0,29618.5,126
2026-08-28 04:48:00-04:00,29612.5,29612.5,29615.25,29609.0,29613.75,46
2026-08-28 04:49:00-04:00,29611.75,29611.75,29615.25,29611.0,29613.75,54
2026-08-28 04:50:00-04:00,29614.25,29614.25,29614.5,29608.0,29611.25,64
2026-08-28 04:51:00-04:00,29617.5,29617.5,29621.75,29613.5,29613.75,71
2026-08-28 04:52:00-04:00,29615.75,29615.75,29617.0,29612.0,29617.0,60
2026-08-28 04:53:00-04:00,29617.75,29617.75,29620.5,29614.25,29615.25,52
2026-08-28 04:54:00-04:00,29608.75,29608.75,29617.25,29603.0,29617.25,148
2026-08-28 04:55:00-04:00,29609.0,29609.0,29615.75,29607.0,29609.5,68
2026-08-28 04:56:00-04:00,29617.75,29617.75,29617.75,29611.0,29611.0,95
2026-08-28 04:57:00-04:00,29619.5,29619.5,29620.0,29615.5,29616.75,56
2026-08-28 04:58:00-04:00,29620.25,29620.25,29620.75,29618.0,29619.0,56
2026-08-28 04:59:00-04:00,29619.75,29619.75,29624.0,29619.25,29620.0,93
2026-08-28 05:00:00-04:00,29614.5,29614.5,29619.0,29605.0,29619.0,158
2026-08-28 05:01:00-04:00,29614.75,29614.75,29620.0,29612.75,29614.25,96
2026-08-28 05:02:00-04:00,29616.75,29616.75,29617.0,29608.0,29615.0,61
2026-08-28 05:03:00-04:00,29613.0,29613.0,29616.5,29611.0,29616.5,32
2026-08-28 05:04:00-04:00,29607.5,29607.5,29612.5,29607.0,29611.25,48
2026-08-28 05:05:00-04:00,29609.0,29609.0,29614.5,29604.5,29606.5,64
2026-08-28 05:06:00-04:00,29608.0,29608.0,29609.0,29606.0,29608.0,41
2026-08-28 05:07:00-04:00,29607.75,29607.75,29609.25,29605.25,29606.25,34
2026-08-28 05:08:00-04:00,29609.0,29609.0,29610.0,29604.0,29606.75,50
2026-08-28 05:09:00-04:00,29608.0,29608.0,29610.5,29606.25,29608.75,37
2026-08-28 05:10:00-04:00,29607.75,29607.75,29611.25,29606.25,29608.75,33
2026-08-28 05:11:00-04:00,29615.0,29615.0,29617.5,29609.75,29609.75,44
2026-08-28 05:12:00-04:00,29617.0,29617.0,29617.5,29613.5,29616.25,48
2026-08-28 05:13:00-04:00,29608.75,29608.75,29617.25,29608.75,29617.0,53
2026-08-28 05:14:00-04:00,29606.0,29606.0,29610.5,29603.5,29609.25,113
2026-08-28 05:15:00-04:00,29604.25,29604.25,29606.25,29603.0,29605.75,48
2026-08-28 05:16:00-04:00,29609.0,29609.0,29610.25,29603.75,29604.25,52
2026-08-28 05:17:00-04:00,29610.0,29610.0,29611.25,29606.75,29609.0,39
2026-08-28 05:18:00-04:00,29607.25,29607.25,29609.75,29605.5,29609.5,18
2026-08-28 05:19:00-04:00,29604.0,29604.0,29608.0,29601.25,29607.25,94
2026-08-28 05:20:00-04:00,29599.75,29599.75,29603.25,29598.0,29603.25,76
2026-08-28 05:21:00-04:00,29597.75,29597.75,29600.0,29595.75,29599.0,58
2026-08-28 05:22:00-04:00,29609.25,29609.25,29609.25,29597.5,29597.75,126
2026-08-28 05:23:00-04:00,29612.25,29612.25,29614.5,29606.5,29609.0,75
2026-08-28 05:24:00-04:00,29611.75,29611.75,29613.75,29611.5,29612.5,15
2026-08-28 05:25:00-04:00,29607.0,29607.0,29615.25,29607.0,29611.75,48
2026-08-28 05:26:00-04:00,29615.0,29615.0,29616.75,29607.75,29607.75,24
2026-08-28 05:27:00-04:00,29618.25,29618.25,29620.5,29616.0,29616.0,138
2026-08-28 05:28:00-04:00,29615.75,29615.75,29619.5,29612.75,29618.0,62
2026-08-28 05:29:00-04:00,29615.75,29615.75,29618.75,29614.25,29615.75,37
2026-08-28 05:30:00-04:00,29614.5,29614.5,29616.0,29609.5,29615.5,40
2026-08-28 05:31:00-04:00,29616.0,29616.0,29616.0,29608.25,29613.0,36
2026-08-28 05:32:00-04:00,29610.75,29610.75,29615.25,29609.0,29615.25,20
2026-08-28 05:33:00-04:00,29616.75,29616.75,29616.75,29606.0,29608.5,44
2026-08-28 05:34:00-04:00,29617.5,29617.5,29618.5,29614.5,29617.5,27
2026-08-28 05:35:00-04:00,29615.75,29615.75,29617.5,29614.5,29617.0,21
2026-08-28 05:36:00-04:00,29612.75,29612.75,29617.0,29612.75,29615.75,54
2026-08-28 05:37:00-04:00,29608.75,29608.75,29612.5,29608.75,29612.0,23
2026-08-28 05:38:00-04:00,29607.25,29607.25,29610.25,29603.0,29608.0,89
2026-08-28 05:39:00-04:00,29608.25,29608.25,29608.25,29605.75,29607.0,28
2026-08-28 05:40:00-04:00,29606.25,29606.25,29607.75,29605.25,29607.5,12
2026-08-28 05:41:00-04:00,29606.5,29606.5,29607.5,29605.25,29606.25,37
2026-08-28 05:42:00-04:00,29604.25,29604.25,29609.5,29603.75,29608.0,45
2026-08-28 05:43:00-04:00,29606.25,29606.25,29606.75,29604.25,29606.0,28
2026-08-28 05:44:00-04:00,29607.5,29607.5,29610.0,29602.25,29606.5,57
2026-08-28 05:45:00-04:00,29606.25,29606.25,29607.75,29604.0,29605.0,16
2026-08-28 05:46:00-04:00,29604.25,29604.25,29611.75,29604.25,29607.75,47
2026-08-28 05:47:00-04:00,29601.75,29601.75,29605.25,29599.0,29604.5,54
2026-08-28 05:48:00-04:00,29606.0,29606.0,29606.75,29600.75,29603.0,55
2026-08-28 05:49:00-04:00,29606.0,29606.0,29610.0,29605.0,29606.0,33
2026-08-28 05:50:00-04:00,29611.75,29611.75,29614.25,29605.75,29606.5,49
2026-08-28 05:51:00-04:00,29618.25,29618.25,29618.25,29609.75,29611.5,67
2026-08-28 05:52:00-04:00,29617.5,29617.5,29620.25,29615.75,29618.25,62
2026-08-28 05:53:00-04:00,29611.5,29611.5,29618.25,29611.0,29618.0,51
2026-08-28 05:54:00-04:00,29614.0,29614.0,29614.0,29611.0,29612.0,43
2026-08-28 05:55:00-04:00,29612.5,29612.5,29614.75,29610.5,29613.75,44
2026-08-28 05:56:00-04:00,29614.0,29614.0,29614.0,29612.75,29613.25,13
2026-08-28 05:57:00-04:00,29610.5,29610.5,29614.25,29608.5,29614.0,66
2026-08-28 05:58:00-04:00,29606.5,29606.5,29610.0,29606.5,29609.75,33
2026-08-28 05:59:00-04:00,29605.5,29605.5,29606.5,29604.5,29606.0,21
2026-08-28 06:00:00-04:00,29598.75,29598.75,29606.5,29597.0,29606.0,95
2026-08-28 06:01:00-04:00,29601.5,29601.5,29602.25,29598.0,29598.25,68
2026-08-28 06:02:00-04:00,29601.25,29601.25,29603.0,29599.25,29602.0,42
2026-08-28 06:03:00-04:00,29598.5,29598.5,29603.25,29598.5,29601.75,44
2026-08-28 06:04:00-04:00,29599.5,29599.5,29600.5,29598.25,29599.25,26
2026-08-28 06:05:00-04:00,29607.25,29607.25,29609.0,29599.5,29600.5,98
2026-08-28 06:06:00-04:00,29601.25,29601.25,29607.0,29601.0,29607.0,53
2026-08-28 06:07:00-04:00,29597.0,29597.0,29600.75,29593.5,29600.25,92
2026-08-28 06:08:00-04:00,29598.0,29598.0,29598.25,29593.25,29596.75,46
2026-08-28 06:09:00-04:00,29599.0,29599.0,29600.25,29593.75,29597.5,81
2026-08-28 06:10:00-04:00,29603.25,29603.25,29606.0,29599.5,29599.5,80
2026-08-28 06:11:00-04:00,29609.0,29609.0,29610.0,29602.25,29602.5,92
2026-08-28 06:12:00-04:00,29607.25,29607.25,29609.75,29605.75,29609.25,74
2026-08-28 06:13:00-04:00,29603.0,29603.0,29606.25,29593.5,29606.25,138
2026-08-28 06:14:00-04:00,29603.75,29603.75,29605.5,29600.75,29603.25,41
2026-08-28 06:15:00-04:00,29607.25,29607.25,29608.25,29603.5,29604.0,45
2026-08-28 06:16:00-04:00,29607.75,29607.75,29609.0,29606.5,29606.75,18
2026-08-28 06:17:00-04:00,29604.0,29604.0,29608.5,29602.5,29606.5,39
2026-08-28 06:18:00-04:00,29601.5,29601.5,29606.25,29601.5,29606.0,14
2026-08-28 06:19:00-04:00,29598.5,29598.5,29602.25,29598.5,29601.0,18
2026-08-28 06:20:00-04:00,29600.0,29600.0,29602.25,29597.5,29598.75,48
2026-08-28 06:21:00-04:00,29604.0,29604.0,29604.0,29600.5,29600.75,35
2026-08-28 06:22:00-04:00,29609.25,29609.25,29612.0,29604.0,29604.5,75
2026-08-28 06:23:00-04:00,29613.5,29613.5,29613.75,29609.25,29609.25,48
2026-08-28 06:24:00-04:00,29616.25,29616.25,29617.25,29613.25,29613.25,57
2026-08-28 06:25:00-04:00,29610.25,29610.25,29614.25,29607.0,29613.75,76
2026-08-28 06:26:00-04:00,29612.0,29612.0,29613.0,29609.0,29610.75,36
2026-08-28 06:27:00-04:00,29611.75,29611.75,29611.75,29606.25,29611.0,29
2026-08-28 06:28:00-04:00,29611.25,29611.25,29611.25,29609.25,29611.0,26
2026-08-28 06:29:00-04:00,29611.5,29611.5,29615.0,29610.75,29610.75,32
2026-08-28 06:30:00-04:00,29617.0,29617.0,29618.5,29611.25,29611.25,55
2026-08-28 06:31:00-04:00,29616.0,29616.0,29623.0,29615.25,29618.25,134
2026-08-28 06:32:00-04:00,29616.0,29616.0,29618.5,29615.5,29616.75,17
2026-08-28 06:33:00-04:00,29620.5,29620.5,29620.5,29616.75,29617.25,21
2026-08-28 06:34:00-04:00,29613.0,29613.0,29619.5,29612.0,29619.5,29
2026-08-28 06:35:00-04:00,29606.0,29606.0,29614.0,29606.0,29613.75,81
2026-08-28 06:36:00-04:00,29610.0,29610.0,29610.25,29606.75,29606.75,33
2026-08-28 06:37:00-04:00,29614.0,29614.0,29615.75,29611.25,29611.5,43
2026-08-28 06:38:00-04:00,29615.5,29615.5,29615.75,29614.0,29614.25,18
2026-08-28 06:39:00-04:00,29619.5,29619.5,29621.0,29616.5,29616.5,49
2026-08-28 06:40:00-04:00,29614.25,29614.25,29620.25,29609.5,29619.75,77
2026-08-28 06:41:00-04:00,29611.0,29611.0,29612.5,29609.5,29612.25,18
2026-08-28 06:42:00-04:00,29615.75,29615.75,29616.75,29611.75,29612.25,31
2026-08-28 06:43:00-04:00,29605.5,29605.5,29616.25,29605.5,29616.25,64
2026-08-28 06:44:00-04:00,29602.5,29602.5,29606.5,29600.0,29605.25,124
2026-08-28 06:45:00-04:00,29606.0,29606.0,29609.75,29601.5,29601.5,135
2026-08-28 06:46:00-04:00,29604.75,29604.75,29609.0,29604.75,29608.0,36
2026-08-28 06:47:00-04:00,29606.25,29606.25,29606.75,29604.25,29605.5,24
2026-08-28 06:48:00-04:00,29607.75,29607.75,29611.0,29605.25,29606.5,69
2026-08-28 06:49:00-04:00,29605.75,29605.75,29605.75,29599.5,29605.5,109
2026-08-28 06:50:00-04:00,29604.0,29604.0,29604.25,29601.5,29603.75,75
2026-08-28 06:51:00-04:00,29602.0,29602.0,29604.75,29601.75,29604.75,45
2026-08-28 06:52:00-04:00,29602.0,29602.0,29602.75,29598.0,29602.75,55
2026-08-28 06:53:00-04:00,29602.25,29602.25,29602.75,29601.5,29602.5,24
2026-08-28 06:54:00-04:00,29603.0,29603.0,29604.5,29601.5,29604.25,28
2026-08-28 06:55:00-04:00,29607.25,29607.25,29607.75,29603.5,29604.0,33
2026-08-28 06:56:00-04:00,29615.0,29615.0,29615.25,29606.5,29608.25,108
2026-08-28 06:57:00-04:00,29613.5,29613.5,29616.75,29612.0,29613.75,65
2026-08-28 06:58:00-04:00,29624.25,29624.25,29625.0,29613.75,29614.25,99
2026-08-28 06:59:00-04:00,29622.0,29622.0,29623.0,29620.0,29622.5,63
2026-08-28 07:00:00-04:00,29615.5,29615.5,29623.5,29603.75,29622.25,315
2026-08-28 07:01:00-04:00,29627.25,29627.25,29628.25,29616.5,29616.5,149
2026-08-28 07:02:00-04:00,29633.0,29633.0,29634.75,29625.5,29626.25,219
2026-08-28 07:03:00-04:00,29627.75,29627.75,29633.5,29625.0,29633.5,112
2026-08-28 07:04:00-04:00,29627.25,29627.25,29628.0,29623.0,29627.75,58
2026-08-28 07:05:00-04:00,29616.25,29616.25,29626.5,29615.75,29626.5,106
2026-08-28 07:06:00-04:00,29609.75,29609.75,29616.0,29609.75,29616.0,91
2026-08-28 07:07:00-04:00,29611.75,29611.75,29613.5,29609.75,29609.75,44
2026-08-28 07:08:00-04:00,29612.0,29612.0,29613.25,29610.5,29612.25,42
2026-08-28 07:09:00-04:00,29599.75,29599.75,29611.25,29599.5,29610.75,181
2026-08-28 07:10:00-04:00,29604.75,29604.75,29608.0,29601.25,29601.5,85
2026-08-28 07:11:00-04:00,29600.75,29600.75,29606.25,29598.25,29604.5,87
2026-08-28 07:12:00-04:00,29605.75,29605.75,29605.75,29600.0,29601.0,56
2026-08-28 07:13:00-04:00,29605.75,29605.75,29606.5,29602.5,29605.0,54
2026-08-28 07:14:00-04:00,29614.5,29614.5,29616.25,29606.5,29607.25,124
2026-08-28 07:15:00-04:00,29621.25,29621.25,29621.5,29614.0,29614.5,85
2026-08-28 07:16:00-04:00,29618.5,29618.5,29620.75,29615.25,29620.75,51
2026-08-28 07:17:00-04:00,29617.5,29617.5,29620.5,29614.75,29617.5,62
2026-08-28 07:18:00-04:00,29621.25,29621.25,29621.25,29616.0,29617.25,59
2026-08-28 07:19:00-04:00,29623.75,29623.75,29624.25,29620.0,29620.25,85
2026-08-28 07:20:00-04:00,29626.5,29626.5,29631.75,29624.5,29624.5,158
2026-08-28 07:21:00-04:00,29630.25,29630.25,29631.75,29625.5,29628.0,82
2026-08-28 07:22:00-04:00,29633.75,29633.75,29634.0,29628.5,29630.0,83
2026-08-28 07:23:00-04:00,29632.0,29632.0,29635.25,29630.5,29633.0,114
2026-08-28 07:24:00-04:00,29636.5,29636.5,29636.5,29630.0,29632.5,112
2026-08-28 07:25:00-04:00,29631.25,29631.25,29636.25,29629.75,29636.0,41
2026-08-28 07:26:00-04:00,29636.5,29636.5,29636.5,29630.75,29631.5,73
2026-08-28 07:27:00-04:00,29635.75,29635.75,29636.0,29633.25,29635.0,45
2026-08-28 07:28:00-04:00,29631.75,29631.75,29635.25,29630.25,29635.25,30
2026-08-28 07:29:00-04:00,29633.5,29633.5,29634.5,29629.25,29632.5,62
2026-08-28 07:30:00-04:00,29637.75,29637.75,29639.25,29630.0,29635.0,99
2026-08-28 07:31:00-04:00,29635.75,29635.75,29640.0,29635.5,29638.0,37
2026-08-28 07:32:00-04:00,29635.0,29635.0,29637.5,29633.75,29635.25,34
2026-08-28 07:33:00-04:00,29632.5,29632.5,29637.0,29632.5,29635.75,32
2026-08-28 07:34:00-04:00,29620.5,29620.5,29633.25,29620.0,29633.0,122
2026-08-28 07:35:00-04:00,29616.5,29616.5,29622.25,29615.5,29619.75,91
2026-08-28 07:36:00-04:00,29617.0,29617.0,29619.0,29615.25,29617.25,44
2026-08-28 07:37:00-04:00,29617.5,29617.5,29619.25,29615.5,29617.25,31
2026-08-28 07:38:00-04:00,29614.25,29614.25,29618.75,29613.5,29618.25,77
2026-08-28 07:39:00-04:00,29618.25,29618.25,29618.75,29615.25,29615.25,47
2026-08-28 07:40:00-04:00,29616.5,29616.5,29619.5,29615.25,29617.5,46
2026-08-28 07:41:00-04:00,29623.0,29623.0,29623.5,29614.5,29616.0,59
2026-08-28 07:42:00-04:00,29616.5,29616.5,29623.75,29616.5,29622.75,53
2026-08-28 07:43:00-04:00,29615.5,29615.5,29619.75,29615.0,29617.0,27
2026-08-28 07:44:00-04:00,29610.25,29610.25,29617.25,29607.0,29615.0,122
2026-08-28 07:45:00-04:00,29610.75,29610.75,29615.0,29607.5,29609.5,62
2026-08-28 07:46:00-04:00,29612.0,29612.0,29613.5,29610.75,29611.75,21
2026-08-28 07:47:00-04:00,29613.25,29613.25,29614.25,29609.5,29612.75,43
2026-08-28 07:48:00-04:00,29613.0,29613.0,29614.5,29608.25,29612.25,47
2026-08-28 07:49:00-04:00,29611.75,29611.75,29612.75,29609.75,29612.5,32
2026-08-28 07:50:00-04:00,29610.25,29610.25,29612.75,29606.75,29612.0,56
2026-08-28 07:51:00-04:00,29608.5,29608.5,29612.5,29606.0,29611.0,64
2026-08-28 07:52:00-04:00,29606.0,29606.0,29614.25,29604.0,29608.5,109
2026-08-28 07:53:00-04:00,29609.5,29609.5,29609.75,29604.75,29605.75,39
2026-08-28 07:54:00-04:00,29611.25,29611.25,29613.25,29607.5,29608.25,36
2026-08-28 07:55:00-04:00,29606.75,29606.75,29611.75,29604.0,29611.75,87
2026-08-28 07:56:00-04:00,29602.25,29602.25,29610.5,29601.0,29607.0,94
2026-08-28 07:57:00-04:00,29605.25,29605.25,29607.0,29597.5,29603.5,125
2026-08-28 07:58:00-04:00,29604.0,29604.0,29606.25,29601.25,29605.5,48
2026-08-28 07:59:00-04:00,29603.5,29603.5,29605.75,29601.75,29605.75,37
2026-08-28 08:00:00-04:00,29602.5,29602.5,29605.0,29600.5,29601.5,81
2026-08-28 08:01:00-04:00,29604.75,29604.75,29605.0,29600.25,29602.25,77
2026-08-28 08:02:00-04:00,29601.75,29601.75,29607.5,29597.5,29605.25,141
2026-08-28 08:03:00-04:00,29603.75,29603.75,29605.0,29599.75,29601.5,118
2026-08-28 08:04:00-04:00,29613.5,29613.5,29615.5,29605.0,29605.5,119
2026-08-28 08:05:00-04:00,29617.0,29617.0,29618.75,29611.75,29613.5,130
2026-08-28 08:06:00-04:00,29621.25,29621.25,29624.5,29618.25,29618.25,121
2026-08-28 08:07:00-04:00,29623.75,29623.75,29625.0,29621.0,29622.25,73
2026-08-28 08:08:00-04:00,29623.75,29623.75,29628.25,29622.25,29623.75,215
2026-08-28 08:09:00-04:00,29628.25,29628.25,29629.5,29621.5,29623.5,120
2026-08-28 08:10:00-04:00,29623.25,29623.25,29629.0,29622.0,29627.5,109
2026-08-28 08:11:00-04:00,29619.75,29619.75,29624.25,29615.25,29624.0,111
2026-08-28 08:12:00-04:00,29627.0,29627.0,29627.75,29616.0,29618.0,101
2026-08-28 08:13:00-04:00,29625.0,29625.0,29627.25,29614.75,29627.0,254
2026-08-28 08:14:00-04:00,29630.25,29630.25,29632.5,29625.0,29625.0,184
2026-08-28 08:15:00-04:00,29633.25,29633.25,29634.5,29627.75,29631.0,220
2026-08-28 08:16:00-04:00,29633.75,29633.75,29636.0,29632.25,29632.5,120
2026-08-28 08:17:00-04:00,29633.75,29633.75,29636.5,29631.25,29634.0,97
2026-08-28 08:18:00-04:00,29637.75,29637.75,29645.25,29632.75,29633.25,208
2026-08-28 08:19:00-04:00,29638.0,29638.0,29643.25,29637.25,29638.5,86
2026-08-28 08:20:00-04:00,29647.0,29647.0,29649.0,29640.25,29640.5,135
2026-08-28 08:21:00-04:00,29651.5,29651.5,29653.0,29643.25,29647.25,305
2026-08-28 08:22:00-04:00,29653.0,29653.0,29653.0,29648.75,29652.0,117
2026-08-28 08:23:00-04:00,29658.75,29658.75,29659.25,29651.25,29653.25,259
2026-08-28 08:24:00-04:00,29657.75,29657.75,29660.75,29655.75,29658.5,186
2026-08-28 08:25:00-04:00,29657.25,29657.25,29661.5,29653.0,29657.5,171
2026-08-28 08:26:00-04:00,29657.25,29657.25,29659.75,29654.25,29656.75,178
2026-08-28 08:27:00-04:00,29649.75,29649.75,29657.0,29649.0,29657.0,93
2026-08-28 08:28:00-04:00,29655.75,29655.75,29659.0,29648.75,29649.75,135
2026-08-28 08:29:00-04:00,29661.5,29661.5,29663.0,29656.5,29656.5,192
2026-08-28 08:30:00-04:00,29646.5,29646.5,29661.75,29643.75,29661.25,256
2026-08-28 08:31:00-04:00,29637.25,29637.25,29646.75,29634.25,29645.75,237
2026-08-28 08:32:00-04:00,29634.0,29634.0,29640.25,29631.75,29637.5,209
2026-08-28 08:33:00-04:00,29637.25,29637.25,29638.25,29634.0,29634.25,60
2026-08-28 08:34:00-04:00,29628.5,29628.5,29637.5,29628.5,29636.75,118
2026-08-28 08:35:00-04:00,29619.5,29619.5,29630.5,29615.25,29628.75,329
2026-08-28 08:36:00-04:00,29625.0,29625.0,29625.5,29615.0,29617.75,169
2026-08-28 08:37:00-04:00,29627.0,29627.0,29630.0,29624.0,29624.75,105
2026-08-28 08:38:00-04:00,29637.0,29637.0,29637.25,29627.25,29628.0,154
2026-08-28 08:39:00-04:00,29632.75,29632.75,29637.75,29629.5,29636.5,114
2026-08-28 08:40:00-04:00,29631.75,29631.75,29634.25,29630.5,29633.5,58
2026-08-28 08:41:00-04:00,29637.0,29637.0,29638.5,29631.0,29631.0,95
2026-08-28 08:42:00-04:00,29658.25,29658.25,29658.25,29637.25,29637.25,296
2026-08-28 08:43:00-04:00,29656.0,29656.0,29658.25,29653.75,29657.75,128
2026-08-28 08:44:00-04:00,29658.25,29658.25,29660.75,29653.25,29656.25,183
2026-08-28 08:45:00-04:00,29657.5,29657.5,29662.75,29655.0,29658.25,143
2026-08-28 08:46:00-04:00,29655.5,29655.5,29658.25,29652.25,29656.25,171
2026-08-28 08:47:00-04:00,29650.5,29650.5,29655.0,29649.25,29654.75,250
2026-08-28 08:48:00-04:00,29656.0,29656.0,29659.5,29650.5,29650.75,295
2026-08-28 08:49:00-04:00,29659.75,29659.75,29661.75,29655.0,29656.0,151
2026-08-28 08:50:00-04:00,29662.5,29662.5,29663.25,29656.5,29659.0,155
2026-08-28 08:51:00-04:00,29661.25,29661.25,29664.0,29655.5,29662.25,179
2026-08-28 08:52:00-04:00,29659.75,29659.75,29663.0,29659.75,29661.75,95
2026-08-28 08:53:00-04:00,29657.75,29657.75,29662.0,29657.5,29659.5,95
2026-08-28 08:54:00-04:00,29659.25,29659.25,29660.25,29655.25,29657.25,95
2026-08-28 08:55:00-04:00,29655.75,29655.75,29664.0,29654.0,29659.75,135
2026-08-28 08:56:00-04:00,29656.0,29656.0,29658.75,29655.0,29656.75,71
2026-08-28 08:57:00-04:00,29656.0,29656.0,29657.25,29652.75,29655.75,137
2026-08-28 08:58:00-04:00,29662.5,29662.5,29665.0,29656.25,29656.25,169
2026-08-28 08:59:00-04:00,29659.0,29659.0,29662.25,29657.75,29661.5,98
2026-08-28 09:00:00-04:00,29657.25,29657.25,29661.0,29650.25,29659.0,469
2026-08-28 09:01:00-04:00,29675.75,29675.75,29678.75,29656.5,29658.0,792
2026-08-28 09:02:00-04:00,29678.75,29678.75,29681.75,29669.75,29675.75,561
2026-08-28 09:03:00-04:00,29669.5,29669.5,29678.75,29667.5,29678.75,217
2026-08-28 09:04:00-04:00,29664.0,29664.0,29671.25,29663.25,29669.25,228
2026-08-28 09:05:00-04:00,29659.75,29659.75,29667.5,29655.75,29664.25,249
2026-08-28 09:06:00-04:00,29653.25,29653.25,29661.25,29651.0,29659.0,290
2026-08-28 09:07:00-04:00,29664.5,29664.5,29667.75,29653.25,29653.5,282
2026-08-28 09:08:00-04:00,29655.75,29655.75,29667.25,29653.5,29664.0,221
2026-08-28 09:09:00-04:00,29654.25,29654.25,29658.5,29651.5,29656.5,182
2026-08-28 09:10:00-04:00,29658.75,29658.75,29659.25,29655.0,29655.0,98
2026-08-28 09:11:00-04:00,29658.75,29658.75,29661.75,29656.75,29659.0,151
2026-08-28 09:12:00-04:00,29656.75,29656.75,29660.25,29655.0,29659.25,129
2026-08-28 09:13:00-04:00,29655.75,29655.75,29659.75,29655.0,29656.75,123
2026-08-28 09:14:00-04:00,29661.0,29661.0,29661.0,29654.75,29655.25,102
2026-08-28 09:15:00-04:00,29657.5,29657.5,29662.75,29656.25,29661.0,103
2026-08-28 09:16:00-04:00,29661.25,29661.25,29661.5,29654.0,29657.75,117
2026-08-28 09:17:00-04:00,29655.0,29655.0,29661.0,29652.5,29661.0,112
2026-08-28 09:18:00-04:00,29656.5,29656.5,29660.25,29654.0,29655.25,199
2026-08-28 09:19:00-04:00,29652.25,29652.25,29656.5,29651.0,29656.0,138
2026-08-28 09:20:00-04:00,29651.0,29651.0,29658.25,29650.5,29652.25,218
2026-08-28 09:21:00-04:00,29649.0,29649.0,29652.0,29646.5,29650.5,244
2026-08-28 09:22:00-04:00,29646.75,29646.75,29648.25,29643.5,29647.75,257
2026-08-28 09:23:00-04:00,29647.0,29647.0,29648.75,29645.5,29647.25,139
2026-08-28 09:24:00-04:00,29647.0,29647.0,29650.0,29645.5,29646.5,140
2026-08-28 09:25:00-04:00,29627.25,29627.25,29647.25,29622.75,29647.0,996
2026-08-28 09:26:00-04:00,29627.75,29627.75,29629.0,29622.0,29627.0,269
2026-08-28 09:27:00-04:00,29627.75,29627.75,29637.25,29622.5,29627.25,505
2026-08-28 09:28:00-04:00,29643.5,29643.5,29644.75,29627.5,29627.5,621
2026-08-28 09:29:00-04:00,29628.0,29628.0,29646.25,29628.0,29642.75,696
2026-08-28 09:30:00-04:00,29610.5,29610.5,29637.0,29596.75,29628.0,4960
2026-08-28 09:31:00-04:00,29573.25,29573.25,29613.0,29571.75,29610.75,4264
2026-08-28 09:32:00-04:00,29582.75,29582.75,29592.0,29567.0,29573.0,2886
2026-08-28 09:33:00-04:00,29583.0,29583.0,29591.25,29562.75,29583.5,2924
2026-08-28 09:34:00-04:00,29605.75,29605.75,29605.75,29578.25,29582.25,2568
2026-08-28 09:35:00-04:00,29600.0,29600.0,29613.75,29585.75,29605.0,2713
2026-08-28 09:36:00-04:00,29627.0,29627.0,29629.75,29592.0,29599.75,2764
2026-08-28 09:37:00-04:00,29621.25,29621.25,29648.5,29619.0,29628.5,2719
2026-08-28 09:38:00-04:00,29648.0,29648.0,29648.0,29620.25,29621.75,1684
2026-08-28 09:39:00-04:00,29651.25,29651.25,29659.75,29640.0,29648.0,1969
2026-08-28 09:40:00-04:00,29692.5,29692.5,29694.75,29648.75,29651.75,2840
2026-08-28 09:41:00-04:00,29697.75,29697.75,29699.0,29686.25,29693.5,1682
2026-08-28 09:42:00-04:00,29694.75,29694.75,29700.0,29677.5,29698.75,1806
2026-08-28 09:43:00-04:00,29693.25,29693.25,29701.75,29680.75,29695.0,1557
2026-08-28 09:44:00-04:00,29687.75,29687.75,29696.25,29677.5,29693.75,1156
2026-08-28 09:45:00-04:00,29679.75,29679.75,29695.0,29660.0,29687.25,2547
2026-08-28 09:46:00-04:00,29672.25,29672.25,29681.25,29663.25,29680.75,1426
2026-08-28 09:47:00-04:00,29683.0,29683.0,29684.75,29661.5,29673.0,1290
2026-08-28 09:48:00-04:00,29696.25,29696.25,29701.5,29681.0,29683.75,1720
2026-08-28 09:49:00-04:00,29657.75,29657.75,29703.25,29654.0,29696.5,2825
2026-08-28 09:50:00-04:00,29652.5,29652.5,29669.5,29650.0,29658.5,1901
2026-08-28 09:51:00-04:00,29638.0,29638.0,29655.0,29628.75,29653.5,1915
2026-08-28 09:52:00-04:00,29631.75,29631.75,29652.0,29625.0,29638.75,1521
2026-08-28 09:53:00-04:00,29645.5,29645.5,29650.5,29631.25,29632.0,1090
2026-08-28 09:54:00-04:00,29633.5,29633.5,29652.5,29633.25,29646.0,1120
2026-08-28 09:55:00-04:00,29633.5,29633.5,29643.5,29629.5,29634.75,1021
2026-08-28 09:56:00-04:00,29650.25,29650.25,29655.0,29631.75,29633.0,1102
2026-08-28 09:57:00-04:00,29649.75,29649.75,29657.75,29640.25,29650.75,1049
2026-08-28 09:58:00-04:00,29654.75,29654.75,29655.0,29639.75,29650.75,786
2026-08-28 09:59:00-04:00,29629.0,29629.0,29668.0,29625.75,29655.5,1633
2026-08-28 10:00:00-04:00,29687.25,29687.25,29706.0,29605.0,29632.0,3837
2026-08-28 10:01:00-04:00,29643.75,29643.75,29688.0,29641.5,29687.5,2465
2026-08-28 10:02:00-04:00,29651.5,29651.5,29661.25,29624.5,29643.75,2570
2026-08-28 10:03:00-04:00,29609.25,29609.25,29657.75,29608.75,29651.75,2409
2026-08-28 10:04:00-04:00,29629.5,29629.5,29633.25,29597.75,29608.75,2803
2026-08-28 10:05:00-04:00,29591.5,29591.5,29631.75,29588.75,29629.0,2579
2026-08-28 10:06:00-04:00,29588.25,29588.25,29595.5,29566.0,29592.0,3449
2026-08-28 10:07:00-04:00,29572.5,29572.5,29590.0,29568.5,29588.25,2594
2026-08-28 10:08:00-04:00,29606.25,29606.25,29608.0,29559.0,29573.25,2981
2026-08-28 10:09:00-04:00,29581.5,29581.5,29617.25,29581.5,29606.0,2419
2026-08-28 10:10:00-04:00,29567.5,29567.5,29602.0,29564.5,29582.25,2467
2026-08-28 10:11:00-04:00,29560.75,29560.75,29575.75,29542.75,29567.75,2671
2026-08-28 10:12:00-04:00,29556.0,29556.0,29561.0,29527.0,29560.5,2793
2026-08-28 10:13:00-04:00,29521.5,29521.5,29557.5,29505.0,29557.25,2788
2026-08-28 10:14:00-04:00,29535.0,29535.0,29542.0,29515.25,29522.0,2488
2026-08-28 10:15:00-04:00,29552.5,29552.5,29557.5,29532.25,29534.75,2524
2026-08-28 10:16:00-04:00,29561.5,29561.5,29570.0,29538.75,29552.25,1987
2026-08-28 10:17:00-04:00,29593.0,29593.0,29595.0,29557.5,29562.75,2327
2026-08-28 10:18:00-04:00,29596.0,29596.0,29610.0,29588.75,29593.25,2276
2026-08-28 10:19:00-04:00,29605.0,29605.0,29628.5,29596.25,29596.75,2169
2026-08-28 10:20:00-04:00,29617.5,29617.5,29636.75,29603.5,29604.5,2152
2026-08-28 10:21:00-04:00,29644.25,29644.25,29649.75,29617.25,29617.5,1878
2026-08-28 10:22:00-04:00,29669.75,29669.75,29675.75,29639.0,29645.5,2360
2026-08-28 10:23:00-04:00,29644.75,29644.75,29672.0,29637.25,29670.75,2287
2026-08-28 10:24:00-04:00,29643.5,29643.5,29649.75,29614.75,29645.75,2631
2026-08-28 10:25:00-04:00,29626.5,29626.5,29654.0,29626.5,29643.5,1794
2026-08-28 10:26:00-04:00,29643.0,29643.0,29643.5,29606.0,29625.75,2340
2026-08-28 10:27:00-04:00,29614.25,29614.25,29645.75,29604.0,29642.0,2096
2026-08-28 10:28:00-04:00,29627.5,29627.5,29638.5,29611.25,29613.75,1693
2026-08-28 10:29:00-04:00,29653.5,29653.5,29654.0,29615.75,29626.25,1877
2026-08-28 10:30:00-04:00,29646.75,29646.75,29656.25,29634.0,29653.75,2209
2026-08-28 10:31:00-04:00,29641.75,29641.75,29661.25,29632.0,29647.0,1816
2026-08-28 10:32:00-04:00,29647.0,29647.0,29661.0,29635.5,29643.25,1652
2026-08-28 10:33:00-04:00,29667.5,29667.5,29671.0,29636.75,29647.75,1803
2026-08-28 10:34:00-04:00,29683.25,29683.25,29688.5,29666.0,29667.25,2127
2026-08-28 10:35:00-04:00,29682.5,29682.5,29695.25,29671.0,29684.5,1852
2026-08-28 10:36:00-04:00,29685.5,29685.5,29695.0,29673.25,29683.0,1461
2026-08-28 10:37:00-04:00,29692.25,29692.25,29698.75,29682.5,29686.25,1185
2026-08-28 10:38:00-04:00,29700.25,29700.25,29713.0,29692.0,29692.75,2571
2026-08-28 10:39:00-04:00,29680.0,29680.0,29701.75,29679.25,29701.25,1455
2026-08-28 10:40:00-04:00,29700.75,29700.75,29702.0,29674.5,29681.0,1676
2026-08-28 10:41:00-04:00,29689.75,29689.75,29707.25,29686.5,29700.25,1407
2026-08-28 10:42:00-04:00,29709.75,29709.75,29715.25,29688.0,29689.75,1702
2026-08-28 10:43:00-04:00,29719.75,29719.75,29721.25,29705.0,29709.75,1566
2026-08-28 10:44:00-04:00,29734.25,29734.25,29744.0,29718.5,29719.25,2424
2026-08-28 10:45:00-04:00,29726.0,29726.0,29745.0,29725.25,29734.75,2037
2026-08-28 10:46:00-04:00,29740.5,29740.5,29745.75,29725.25,29726.0,1639
2026-08-28 10:47:00-04:00,29738.0,29738.0,29755.0,29731.75,29741.0,1935
2026-08-28 10:48:00-04:00,29746.0,29746.0,29754.0,29734.5,29737.75,1053
2026-08-28 10:49:00-04:00,29750.0,29750.0,29752.5,29741.5,29746.0,1108
2026-08-28 10:50:00-04:00,29759.75,29759.75,29769.75,29744.0,29750.0,1887
2026-08-28 10:51:00-04:00,29754.25,29754.25,29763.0,29746.75,29759.75,1225
2026-08-28 10:52:00-04:00,29760.75,29760.75,29764.5,29753.25,29754.25,1277
2026-08-28 10:53:00-04:00,29772.0,29772.0,29776.0,29756.5,29760.5,1318
2026-08-28 10:54:00-04:00,29769.5,29769.5,29778.5,29767.0,29772.5,1573
2026-08-28 10:55:00-04:00,29786.75,29786.75,29789.5,29767.25,29769.5,2033
2026-08-28 10:56:00-04:00,29791.25,29791.25,29797.5,29784.5,29786.25,2244
2026-08-28 10:57:00-04:00,29795.0,29795.0,29798.0,29785.25,29790.75,1190
2026-08-28 10:58:00-04:00,29789.25,29789.25,29796.5,29787.0,29795.25,1063
2026-08-28 10:59:00-04:00,29796.5,29796.5,29799.0,29785.25,29789.75,1490
2026-08-28 11:00:00-04:00,29807.75,29807.75,29809.0,29790.25,29796.5,1965
2026-08-28 11:01:00-04:00,29789.0,29789.0,29811.5,29789.0,29808.0,1737
2026-08-28 11:02:00-04:00,29790.0,29790.0,29793.25,29778.5,29789.0,1867
2026-08-28 11:03:00-04:00,29798.5,29798.5,29802.25,29782.0,29789.5,1885
2026-08-28 11:04:00-04:00,29797.0,29797.0,29806.25,29788.75,29798.75,1221
2026-08-28 11:05:00-04:00,29797.75,29797.75,29803.25,29790.25,29797.0,982
2026-08-28 11:06:00-04:00,29788.25,29788.25,29803.75,29784.25,29798.75,963
2026-08-28 11:07:00-04:00,29789.5,29789.5,29792.0,29780.0,29788.0,1137
2026-08-28 11:08:00-04:00,29768.0,29768.0,29790.0,29767.0,29789.75,1432
2026-08-28 11:09:00-04:00,29763.25,29763.25,29772.0,29755.25,29768.5,1372
2026-08-28 11:10:00-04:00,29759.25,29759.25,29772.0,29758.75,29762.5,1116
2026-08-28 11:11:00-04:00,29754.75,29754.75,29759.5,29744.5,29759.5,1455
2026-08-28 11:12:00-04:00,29749.75,29749.75,29754.25,29735.25,29753.5,1362
2026-08-28 11:13:00-04:00,29758.5,29758.5,29759.75,29746.25,29750.0,1003
2026-08-28 11:14:00-04:00,29748.75,29748.75,29767.5,29743.75,29757.75,1276
2026-08-28 11:15:00-04:00,29760.75,29760.75,29774.5,29747.0,29748.75,1161
2026-08-28 11:16:00-04:00,29762.0,29762.0,29775.0,29757.0,29760.75,949
2026-08-28 11:17:00-04:00,29758.5,29758.5,29762.75,29749.25,29762.0,913
2026-08-28 11:18:00-04:00,29750.5,29750.5,29761.25,29747.25,29757.75,888
2026-08-28 11:19:00-04:00,29748.25,29748.25,29758.0,29746.0,29750.5,768
2026-08-28 11:20:00-04:00,29768.25,29768.25,29769.75,29747.25,29748.0,924
2026-08-28 11:21:00-04:00,29745.5,29745.5,29769.0,29740.5,29768.75,1239
2026-08-28 11:22:00-04:00,29745.75,29745.75,29750.0,29738.0,29745.5,731
2026-08-28 11:23:00-04:00,29767.75,29767.75,29770.25,29744.0,29745.0,990
2026-08-28 11:24:00-04:00,29768.5,29768.5,29773.25,29765.25,29767.0,606
2026-08-28 11:25:00-04:00,29784.25,29784.25,29784.5,29764.25,29768.5,927
2026-08-28 11:26:00-04:00,29780.25,29780.25,29791.25,29776.5,29783.75,1283
2026-08-28 11:27:00-04:00,29778.0,29778.0,29782.5,29771.75,29779.75,624
2026-08-28 11:28:00-04:00,29782.5,29782.5,29784.5,29768.25,29778.0,785
2026-08-28 11:29:00-04:00,29782.75,29782.75,29783.5,29772.0,29782.0,565
2026-08-28 11:30:00-04:00,29779.75,29779.75,29785.25,29774.75,29783.25,776
2026-08-28 11:31:00-04:00,29772.25,29772.25,29782.0,29770.25,29779.25,683
2026-08-28 11:32:00-04:00,29778.5,29778.5,29782.0,29771.0,29772.0,519
2026-08-28 11:33:00-04:00,29775.25,29775.25,29785.5,29773.25,29778.75,588
2026-08-28 11:34:00-04:00,29763.25,29763.25,29777.5,29762.25,29775.25,886
2026-08-28 11:35:00-04:00,29762.25,29762.25,29768.5,29758.75,29763.25,868
2026-08-28 11:36:00-04:00,29760.0,29760.0,29769.0,29758.0,29762.5,598
2026-08-28 11:37:00-04:00,29749.5,29749.5,29760.5,29748.0,29759.5,885
2026-08-28 11:38:00-04:00,29733.25,29733.25,29752.0,29732.75,29748.5,1211
2026-08-28 11:39:00-04:00,29721.75,29721.75,29734.25,29716.5,29732.75,1480
2026-08-28 11:40:00-04:00,29678.0,29678.0,29722.5,29673.75,29721.5,2924
2026-08-28 11:41:00-04:00,29698.0,29698.0,29699.5,29663.0,29678.25,2969
2026-08-28 11:42:00-04:00,29683.0,29683.0,29699.25,29680.5,29698.0,1427
2026-08-28 11:43:00-04:00,29689.5,29689.5,29697.5,29676.25,29682.75,1366
2026-08-28 11:44:00-04:00,29671.25,29671.25,29690.75,29665.75,29689.0,1362
2026-08-28 11:45:00-04:00,29675.25,29675.25,29682.75,29662.5,29671.25,1563
2026-08-28 11:46:00-04:00,29662.75,29662.75,29678.5,29660.5,29676.0,1342
2026-08-28 11:47:00-04:00,29651.75,29651.75,29672.25,29650.0,29662.75,1475
2026-08-28 11:48:00-04:00,29645.75,29645.75,29654.25,29629.25,29652.0,2121
2026-08-28 11:49:00-04:00,29634.0,29634.0,29646.25,29627.5,29646.0,1465
2026-08-28 11:50:00-04:00,29623.5,29623.5,29647.0,29619.75,29633.75,1830
2026-08-28 11:51:00-04:00,29600.25,29600.25,29631.0,29599.25,29623.25,2447
2026-08-28 11:52:00-04:00,29591.25,29591.25,29602.75,29585.5,29599.75,2081
2026-08-28 11:53:00-04:00,29594.25,29594.25,29615.75,29587.0,29591.25,1993
2026-08-28 11:54:00-04:00,29618.25,29618.25,29619.25,29585.75,29594.5,1762
2026-08-28 11:55:00-04:00,29584.5,29584.5,29620.25,29583.75,29618.5,1870
2026-08-28 11:56:00-04:00,29562.5,29562.5,29588.75,29555.75,29583.75,2718
2026-08-28 11:57:00-04:00,29557.25,29557.25,29566.5,29547.5,29562.0,2194
2026-08-28 11:58:00-04:00,29565.0,29565.0,29571.75,29550.5,29557.25,1695
2026-08-28 11:59:00-04:00,29552.5,29552.5,29567.25,29544.25,29564.25,1978
2026-08-28 12:00:00-04:00,29545.75,29545.75,29566.5,29545.0,29553.0,2035
2026-08-28 12:01:00-04:00,29528.25,29528.25,29546.0,29509.75,29545.75,3210
2026-08-28 12:02:00-04:00,29542.25,29542.25,29542.5,29520.5,29528.5,1970
2026-08-28 12:03:00-04:00,29550.0,29550.0,29555.75,29537.75,29542.0,1929
2026-08-28 12:04:00-04:00,29531.75,29531.75,29559.0,29525.0,29550.5,1684
2026-08-28 12:05:00-04:00,29551.75,29551.75,29552.5,29528.75,29531.75,1454
2026-08-28 12:06:00-04:00,29556.0,29556.0,29562.5,29533.75,29551.5,1531
2026-08-28 12:07:00-04:00,29574.75,29574.75,29575.75,29555.75,29556.25,1648
2026-08-28 12:08:00-04:00,29578.75,29578.75,29579.75,29561.0,29574.0,1077
2026-08-28 12:09:00-04:00,29587.0,29587.0,29593.0,29576.75,29578.75,1442
2026-08-28 12:10:00-04:00,29590.0,29590.0,29591.5,29573.0,29585.5,1292
2026-08-28 12:11:00-04:00,29558.25,29558.25,29591.0,29554.5,29590.0,1576
2026-08-28 12:12:00-04:00,29569.5,29569.5,29574.0,29554.0,29558.75,1367
2026-08-28 12:13:00-04:00,29563.0,29563.0,29571.5,29554.75,29569.25,782
2026-08-28 12:14:00-04:00,29558.5,29558.5,29572.0,29555.25,29562.5,826
2026-08-28 12:15:00-04:00,29533.0,29533.0,29570.75,29533.0,29558.25,1302
2026-08-28 12:16:00-04:00,29533.75,29533.75,29538.25,29523.75,29533.75,1325
2026-08-28 12:17:00-04:00,29523.75,29523.75,29537.25,29518.75,29534.0,1486
2026-08-28 12:18:00-04:00,29495.25,29495.25,29529.5,29493.25,29525.0,2721
2026-08-28 12:19:00-04:00,29510.25,29510.25,29519.25,29492.75,29494.25,1551
2026-08-28 12:20:00-04:00,29497.0,29497.0,29523.75,29492.75,29511.25,1685
2026-08-28 12:21:00-04:00,29504.5,29504.5,29506.5,29478.0,29496.75,2408
2026-08-28 12:22:00-04:00,29493.75,29493.75,29505.25,29487.0,29504.75,1336
2026-08-28 12:23:00-04:00,29490.0,29490.0,29498.0,29482.5,29494.5,1188
2026-08-28 12:24:00-04:00,29486.0,29486.0,29494.5,29464.5,29490.75,2345
2026-08-28 12:25:00-04:00,29493.75,29493.75,29495.75,29476.75,29485.5,1333
2026-08-28 12:26:00-04:00,29488.5,29488.5,29504.5,29483.75,29494.0,1062
2026-08-28 12:27:00-04:00,29497.75,29497.75,29499.0,29484.5,29489.0,946
2026-08-28 12:28:00-04:00,29487.75,29487.75,29503.75,29487.25,29497.5,1267
2026-08-28 12:29:00-04:00,29489.0,29489.0,29495.0,29482.75,29488.5,893
2026-08-28 12:30:00-04:00,29500.75,29500.75,29508.75,29485.25,29488.5,1581
2026-08-28 12:31:00-04:00,29505.25,29505.25,29513.25,29493.25,29500.75,1266
2026-08-28 12:32:00-04:00,29517.5,29517.5,29526.0,29500.5,29505.0,1222
2026-08-28 12:33:00-04:00,29509.0,29509.0,29522.0,29502.5,29519.0,1004
2026-08-28 12:34:00-04:00,29476.75,29476.75,29510.25,29476.0,29509.25,1204
2026-08-28 12:35:00-04:00,29510.75,29510.75,29512.0,29475.75,29476.75,1274
2026-08-28 12:36:00-04:00,29511.5,29511.5,29518.75,29504.75,29510.5,965
2026-08-28 12:37:00-04:00,29521.5,29521.5,29526.25,29502.75,29512.0,1003
2026-08-28 12:38:00-04:00,29521.0,29521.0,29529.25,29515.0,29521.25,786
2026-08-28 12:39:00-04:00,29512.0,29512.0,29522.5,29494.0,29520.75,1040
2026-08-28 12:40:00-04:00,29492.5,29492.5,29512.25,29485.0,29511.5,1031
2026-08-28 12:41:00-04:00,29485.75,29485.75,29499.75,29478.0,29492.5,970
2026-08-28 12:42:00-04:00,29487.0,29487.0,29496.5,29480.0,29486.0,802
2026-08-28 12:43:00-04:00,29482.5,29482.5,29488.0,29475.0,29487.25,963
2026-08-28 12:44:00-04:00,29483.75,29483.75,29484.75,29477.0,29482.0,575
2026-08-28 12:45:00-04:00,29525.5,29525.5,29527.25,29483.0,29483.75,1502
2026-08-28 12:46:00-04:00,29524.75,29524.75,29537.0,29518.5,29524.75,1163
2026-08-28 12:47:00-04:00,29533.25,29533.25,29539.0,29522.0,29524.0,866
2026-08-28 12:48:00-04:00,29538.75,29538.75,29541.5,29526.25,29534.25,754
2026-08-28 12:49:00-04:00,29537.5,29537.5,29545.5,29528.25,29539.25,934
2026-08-28 12:50:00-04:00,29523.5,29523.5,29538.75,29518.25,29536.5,819
2026-08-28 12:51:00-04:00,29537.75,29537.75,29542.0,29521.0,29524.0,1068
2026-08-28 12:52:00-04:00,29548.75,29548.75,29549.0,29531.5,29539.0,1116
2026-08-28 12:53:00-04:00,29523.25,29523.25,29548.75,29521.25,29547.5,629
2026-08-28 12:54:00-04:00,29513.0,29513.0,29535.5,29507.5,29523.25,850
2026-08-28 12:55:00-04:00,29513.75,29513.75,29516.5,29505.75,29513.0,667
2026-08-28 12:56:00-04:00,29506.25,29506.25,29515.75,29499.75,29514.5,765
2026-08-28 12:57:00-04:00,29517.25,29517.25,29518.0,29504.0,29506.25,660
2026-08-28 12:58:00-04:00,29515.0,29515.0,29524.0,29510.0,29517.25,797
2026-08-28 12:59:00-04:00,29501.25,29501.25,29516.0,29501.25,29514.25,578
2026-08-28 13:00:00-04:00,29456.75,29456.75,29503.0,29451.75,29502.0,3311
2026-08-28 13:01:00-04:00,29455.5,29455.5,29463.25,29450.0,29458.0,1582
2026-08-28 13:02:00-04:00,29468.5,29468.5,29472.25,29446.0,29455.25,1673
2026-08-28 13:03:00-04:00,29478.0,29478.0,29480.5,29461.75,29467.75,1174
2026-08-28 13:04:00-04:00,29469.25,29469.25,29494.25,29468.75,29478.0,823
2026-08-28 13:05:00-04:00,29455.25,29455.25,29469.0,29451.5,29469.0,932
2026-08-28 13:06:00-04:00,29441.75,29441.75,29459.0,29436.25,29455.75,1184
2026-08-28 13:07:00-04:00,29453.75,29453.75,29457.5,29438.0,29441.75,1249
2026-08-28 13:08:00-04:00,29464.75,29464.75,29466.25,29450.75,29453.75,845
2026-08-28 13:09:00-04:00,29450.25,29450.25,29467.25,29449.75,29464.5,684
2026-08-28 13:10:00-04:00,29451.25,29451.25,29454.5,29438.75,29449.25,798
2026-08-28 13:11:00-04:00,29460.0,29460.0,29463.5,29448.75,29450.75,732
2026-08-28 13:12:00-04:00,29470.5,29470.5,29478.25,29459.5,29459.5,1111
2026-08-28 13:13:00-04:00,29477.5,29477.5,29478.0,29464.25,29469.5,765
2026-08-28 13:14:00-04:00,29484.25,29484.25,29485.5,29471.25,29477.0,868
2026-08-28 13:15:00-04:00,29476.5,29476.5,29488.0,29467.25,29483.5,722
2026-08-28 13:16:00-04:00,29472.5,29472.5,29477.75,29464.25,29476.0,663
2026-08-28 13:17:00-04:00,29489.25,29489.25,29489.75,29468.25,29473.5,612
2026-08-28 13:18:00-04:00,29477.0,29477.0,29489.25,29474.5,29488.25,576
2026-08-28 13:19:00-04:00,29478.25,29478.25,29487.75,29476.25,29476.25,508
2026-08-28 13:20:00-04:00,29469.5,29469.5,29487.0,29469.0,29478.5,618
2026-08-28 13:21:00-04:00,29463.75,29463.75,29470.5,29453.5,29470.0,910
2026-08-28 13:22:00-04:00,29456.0,29456.0,29469.25,29452.25,29464.5,609
2026-08-28 13:23:00-04:00,29454.5,29454.5,29473.75,29453.25,29456.0,702
2026-08-28 13:24:00-04:00,29475.25,29475.25,29475.75,29453.75,29455.0,550
2026-08-28 13:25:00-04:00,29466.5,29466.5,29480.0,29461.75,29475.75,438
2026-08-28 13:26:00-04:00,29467.5,29467.5,29475.0,29463.25,29466.75,450
2026-08-28 13:27:00-04:00,29475.5,29475.5,29479.25,29464.25,29467.5,399
2026-08-28 13:28:00-04:00,29488.25,29488.25,29495.25,29475.5,29475.75,854
2026-08-28 13:29:00-04:00,29470.0,29470.0,29491.75,29467.25,29487.75,1000
2026-08-28 13:30:00-04:00,29475.0,29475.0,29480.0,29464.75,29470.0,708
2026-08-28 13:31:00-04:00,29486.75,29486.75,29486.75,29470.0,29476.0,611
2026-08-28 13:32:00-04:00,29493.5,29493.5,29494.5,29479.0,29486.5,567
2026-08-28 13:33:00-04:00,29498.25,29498.25,29503.5,29491.75,29494.0,584
2026-08-28 13:34:00-04:00,29496.25,29496.25,29499.25,29491.5,29498.25,474
2026-08-28 13:35:00-04:00,29500.75,29500.75,29504.5,29496.25,29496.5,573
2026-08-28 13:36:00-04:00,29499.75,29499.75,29503.5,29494.0,29499.5,558
2026-08-28 13:37:00-04:00,29490.0,29490.0,29504.5,29481.5,29499.25,774
2026-08-28 13:38:00-04:00,29484.75,29484.75,29492.75,29482.0,29490.75,362
2026-08-28 13:39:00-04:00,29464.5,29464.5,29487.75,29461.25,29485.5,969
2026-08-28 13:40:00-04:00,29472.5,29472.5,29479.75,29461.5,29464.25,634
2026-08-28 13:41:00-04:00,29478.25,29478.25,29480.75,29470.25,29473.0,351
2026-08-28 13:42:00-04:00,29484.75,29484.75,29490.25,29473.75,29478.0,431
2026-08-28 13:43:00-04:00,29484.5,29484.5,29491.75,29478.5,29485.75,506
2026-08-28 13:44:00-04:00,29484.0,29484.0,29488.25,29474.5,29485.25,385
2026-08-28 13:45:00-04:00,29492.25,29492.25,29493.25,29475.75,29482.75,386
2026-08-28 13:46:00-04:00,29507.5,29507.5,29513.25,29490.75,29491.75,1428
2026-08-28 13:47:00-04:00,29502.25,29502.25,29511.5,29502.25,29507.5,465
2026-08-28 13:48:00-04:00,29519.25,29519.25,29520.25,29502.5,29503.25,738
2026-08-28 13:49:00-04:00,29523.75,29523.75,29528.5,29518.25,29519.25,599
2026-08-28 13:50:00-04:00,29517.5,29517.5,29525.25,29517.25,29524.5,447
2026-08-28 13:51:00-04:00,29520.25,29520.25,29524.5,29512.5,29517.5,470
2026-08-28 13:52:00-04:00,29518.5,29518.5,29529.25,29518.0,29521.25,438
2026-08-28 13:53:00-04:00,29519.75,29519.75,29523.0,29516.5,29518.75,544
2026-08-28 13:54:00-04:00,29517.0,29517.0,29524.0,29512.5,29519.75,438
2026-08-28 13:55:00-04:00,29498.25,29498.25,29517.75,29494.5,29517.75,1001
2026-08-28 13:56:00-04:00,29500.5,29500.5,29502.0,29494.25,29498.5,813
2026-08-28 13:57:00-04:00,29503.75,29503.75,29511.75,29498.75,29500.0,662
2026-08-28 13:58:00-04:00,29514.25,29514.25,29516.5,29502.75,29504.5,507
2026-08-28 13:59:00-04:00,29514.75,29514.75,29520.0,29512.75,29513.5,396
2026-08-28 14:00:00-04:00,29508.25,29508.25,29521.5,29507.75,29515.75,672
2026-08-28 14:01:00-04:00,29505.25,29505.25,29510.5,29496.0,29507.75,573
2026-08-28 14:02:00-04:00,29515.25,29515.25,29517.75,29499.5,29505.25,531
2026-08-28 14:03:00-04:00,29515.0,29515.0,29517.0,29507.75,29514.75,457
2026-08-28 14:04:00-04:00,29503.5,29503.5,29517.25,29501.5,29515.0,525
2026-08-28 14:05:00-04:00,29503.5,29503.5,29517.5,29500.0,29502.5,718
2026-08-28 14:06:00-04:00,29498.75,29498.75,29505.75,29495.0,29501.75,517
2026-08-28 14:07:00-04:00,29504.5,29504.5,29512.75,29496.75,29498.25,384
2026-08-28 14:08:00-04:00,29509.0,29509.0,29509.5,29497.5,29503.75,294
2026-08-28 14:09:00-04:00,29505.5,29505.5,29514.25,29500.0,29509.5,396
2026-08-28 14:10:00-04:00,29510.0,29510.0,29510.5,29503.75,29505.5,331
2026-08-28 14:11:00-04:00,29515.25,29515.25,29518.75,29504.25,29510.0,504
2026-08-28 14:12:00-04:00,29515.25,29515.25,29518.25,29510.0,29514.75,341
2026-08-28 14:13:00-04:00,29502.75,29502.75,29514.75,29501.75,29514.5,601
2026-08-28 14:14:00-04:00,29489.25,29489.25,29503.5,29488.25,29502.25,928
2026-08-28 14:15:00-04:00,29497.5,29497.5,29500.75,29487.75,29489.25,574
2026-08-28 14:16:00-04:00,29490.0,29490.0,29504.75,29489.75,29497.25,558
2026-08-28 14:17:00-04:00,29491.25,29491.25,29495.75,29482.75,29489.75,737
2026-08-28 14:18:00-04:00,29494.0,29494.0,29499.75,29490.0,29492.0,463
2026-08-28 14:19:00-04:00,29494.75,29494.75,29497.5,29491.25,29492.75,222
2026-08-28 14:20:00-04:00,29497.25,29497.25,29501.75,29490.5,29494.5,440
2026-08-28 14:21:00-04:00,29503.0,29503.0,29505.0,29495.25,29497.75,356
2026-08-28 14:22:00-04:00,29495.75,29495.75,29504.5,29493.5,29503.0,315
2026-08-28 14:23:00-04:00,29473.5,29473.5,29496.75,29471.25,29496.25,793
2026-08-28 14:24:00-04:00,29481.25,29481.25,29485.75,29474.0,29474.25,498
2026-08-28 14:25:00-04:00,29481.0,29481.0,29485.0,29473.0,29481.5,692
2026-08-28 14:26:00-04:00,29487.75,29487.75,29489.25,29477.75,29480.75,465
2026-08-28 14:27:00-04:00,29490.25,29490.25,29496.5,29487.25,29488.25,599
2026-08-28 14:28:00-04:00,29491.25,29491.25,29493.5,29485.75,29489.25,366
2026-08-28 14:29:00-04:00,29483.75,29483.75,29492.25,29481.25,29491.75,380
2026-08-28 14:30:00-04:00,29481.75,29481.75,29488.75,29481.0,29483.25,491
2026-08-28 14:31:00-04:00,29492.0,29492.0,29495.0,29480.25,29482.0,593
2026-08-28 14:32:00-04:00,29482.25,29482.25,29495.75,29482.0,29491.75,357
2026-08-28 14:33:00-04:00,29486.75,29486.75,29487.25,29479.0,29482.5,352
2026-08-28 14:34:00-04:00,29497.5,29497.5,29502.75,29485.0,29487.25,604
2026-08-28 14:35:00-04:00,29496.75,29496.75,29507.0,29495.5,29497.5,649
2026-08-28 14:36:00-04:00,29491.75,29491.75,29499.0,29488.5,29496.25,545
2026-08-28 14:37:00-04:00,29486.5,29486.5,29493.5,29484.5,29491.75,332
2026-08-28 14:38:00-04:00,29487.5,29487.5,29488.0,29479.5,29486.75,432
2026-08-28 14:39:00-04:00,29479.75,29479.75,29491.25,29479.25,29486.5,336
2026-08-28 14:40:00-04:00,29498.0,29498.0,29498.25,29479.25,29479.75,810
2026-08-28 14:41:00-04:00,29488.75,29488.75,29499.0,29487.75,29498.25,415
2026-08-28 14:42:00-04:00,29478.0,29478.0,29490.0,29476.0,29489.5,505
2026-08-28 14:43:00-04:00,29483.0,29483.0,29484.25,29477.5,29478.25,307
2026-08-28 14:44:00-04:00,29491.25,29491.25,29493.75,29482.0,29482.0,329
2026-08-28 14:45:00-04:00,29484.0,29484.0,29493.5,29481.0,29491.0,339
2026-08-28 14:46:00-04:00,29479.5,29479.5,29486.25,29478.0,29483.75,270
2026-08-28 14:47:00-04:00,29482.25,29482.25,29484.75,29477.25,29479.25,248
2026-08-28 14:48:00-04:00,29467.5,29467.5,29482.0,29465.75,29481.0,737
2026-08-28 14:49:00-04:00,29465.75,29465.75,29472.0,29463.75,29467.0,402
2026-08-28 14:50:00-04:00,29447.0,29447.0,29466.0,29445.25,29465.75,1302
2026-08-28 14:51:00-04:00,29451.5,29451.5,29456.0,29443.0,29447.0,832
2026-08-28 14:52:00-04:00,29445.0,29445.0,29455.0,29442.75,29451.5,570
2026-08-28 14:53:00-04:00,29460.5,29460.5,29460.5,29441.0,29445.0,796
2026-08-28 14:54:00-04:00,29454.0,29454.0,29460.75,29451.5,29460.5,446
2026-08-28 14:55:00-04:00,29452.0,29452.0,29454.0,29443.25,29453.75,505
2026-08-28 14:56:00-04:00,29458.75,29458.75,29460.0,29447.5,29452.25,448
2026-08-28 14:57:00-04:00,29459.75,29459.75,29462.0,29454.25,29458.25,592
2026-08-28 14:58:00-04:00,29459.75,29459.75,29461.0,29450.5,29458.25,367
2026-08-28 14:59:00-04:00,29455.5,29455.5,29462.5,29453.75,29459.75,578
2026-08-28 15:00:00-04:00,29444.75,29444.75,29462.5,29443.5,29456.0,780
2026-08-28 15:01:00-04:00,29469.75,29469.75,29470.0,29444.0,29445.0,835
2026-08-28 15:02:00-04:00,29464.5,29464.5,29470.5,29461.5,29470.0,565
2026-08-28 15:03:00-04:00,29467.5,29467.5,29469.0,29458.25,29464.75,608
2026-08-28 15:04:00-04:00,29462.75,29462.75,29470.75,29459.75,29467.25,365
2026-08-28 15:05:00-04:00,29473.5,29473.5,29477.25,29458.5,29462.5,1078
2026-08-28 15:06:00-04:00,29455.25,29455.25,29477.25,29455.0,29473.5,806
2026-08-28 15:07:00-04:00,29470.75,29470.75,29471.5,29454.5,29455.25,569
2026-08-28 15:08:00-04:00,29477.75,29477.75,29482.5,29467.75,29470.25,988
2026-08-28 15:09:00-04:00,29490.75,29490.75,29491.25,29475.75,29477.5,940
2026-08-28 15:10:00-04:00,29478.0,29478.0,29492.25,29470.25,29489.75,903
2026-08-28 15:11:00-04:00,29478.25,29478.25,29483.75,29472.75,29478.25,502
2026-08-28 15:12:00-04:00,29478.75,29478.75,29483.25,29476.25,29478.25,330
2026-08-28 15:13:00-04:00,29472.75,29472.75,29478.75,29469.25,29478.75,293
2026-08-28 15:14:00-04:00,29479.5,29479.5,29480.5,29465.0,29472.75,602
2026-08-28 15:15:00-04:00,29478.5,29478.5,29484.0,29473.5,29479.0,390
2026-08-28 15:16:00-04:00,29472.75,29472.75,29480.75,29472.0,29479.25,526
2026-08-28 15:17:00-04:00,29469.0,29469.0,29473.5,29466.5,29472.25,457
2026-08-28 15:18:00-04:00,29469.5,29469.5,29472.25,29464.5,29469.0,332
2026-08-28 15:19:00-04:00,29478.75,29478.75,29482.5,29469.25,29469.5,358
2026-08-28 15:20:00-04:00,29490.0,29490.0,29490.5,29478.75,29479.25,597
2026-08-28 15:21:00-04:00,29488.0,29488.0,29496.75,29483.25,29490.0,832
2026-08-28 15:22:00-04:00,29489.25,29489.25,29492.75,29487.25,29488.25,365
2026-08-28 15:23:00-04:00,29478.5,29478.5,29491.0,29477.25,29489.5,531
2026-08-28 15:24:00-04:00,29485.75,29485.75,29487.75,29476.5,29479.0,480
2026-08-28 15:25:00-04:00,29494.0,29494.0,29494.5,29483.25,29485.25,444
2026-08-28 15:26:00-04:00,29496.25,29496.25,29496.25,29489.5,29493.5,335
2026-08-28 15:27:00-04:00,29499.75,29499.75,29502.0,29494.0,29496.0,541
2026-08-28 15:28:00-04:00,29494.0,29494.0,29500.25,29493.5,29500.0,433
2026-08-28 15:29:00-04:00,29498.25,29498.25,29499.25,29491.0,29493.75,394
2026-08-28 15:30:00-04:00,29498.0,29498.0,29500.75,29484.75,29498.5,1133
2026-08-28 15:31:00-04:00,29498.0,29498.0,29503.75,29497.0,29497.75,672
2026-08-28 15:32:00-04:00,29500.25,29500.25,29503.5,29495.75,29498.5,474
2026-08-28 15:33:00-04:00,29497.25,29497.25,29502.25,29493.25,29500.5,433
2026-08-28 15:34:00-04:00,29498.0,29498.0,29500.0,29495.0,29497.25,279
2026-08-28 15:35:00-04:00,29493.0,29493.0,29497.25,29489.75,29497.25,484
2026-08-28 15:36:00-04:00,29487.0,29487.0,29492.75,29482.25,29492.75,577
2026-08-28 15:37:00-04:00,29489.75,29489.75,29491.25,29484.25,29487.25,459
2026-08-28 15:38:00-04:00,29493.5,29493.5,29496.5,29487.0,29489.25,474
2026-08-28 15:39:00-04:00,29501.25,29501.25,29502.0,29492.25,29493.75,510
2026-08-28 15:40:00-04:00,29507.75,29507.75,29513.75,29500.0,29501.75,1117
2026-08-28 15:41:00-04:00,29507.5,29507.5,29509.5,29502.75,29508.0,661
2026-08-28 15:42:00-04:00,29505.25,29505.25,29510.0,29503.25,29507.25,559
2026-08-28 15:43:00-04:00,29509.25,29509.25,29509.25,29501.25,29505.0,555
2026-08-28 15:44:00-04:00,29503.0,29503.0,29511.25,29501.75,29509.0,516
2026-08-28 15:45:00-04:00,29489.75,29489.75,29506.25,29485.25,29502.25,1415
2026-08-28 15:46:00-04:00,29482.75,29482.75,29496.0,29478.0,29489.5,1213
2026-08-28 15:47:00-04:00,29476.5,29476.5,29484.75,29474.25,29482.25,681
2026-08-28 15:48:00-04:00,29481.0,29481.0,29482.5,29473.5,29477.25,745
2026-08-28 15:49:00-04:00,29490.5,29490.5,29493.5,29478.0,29481.0,776
2026-08-28 15:50:00-04:00,29517.0,29517.0,29521.5,29486.25,29491.0,2431
2026-08-28 15:51:00-04:00,29494.75,29494.75,29519.5,29490.75,29516.75,1496
2026-08-28 15:52:00-04:00,29495.75,29495.75,29502.5,29493.0,29494.5,1038
2026-08-28 15:53:00-04:00,29486.75,29486.75,29497.5,29482.5,29495.5,1041
2026-08-28 15:54:00-04:00,29491.25,29491.25,29500.0,29483.75,29486.75,2232
2026-08-28 15:55:00-04:00,29509.5,29509.5,29511.0,29486.0,29491.25,2282
2026-08-28 15:56:00-04:00,29508.25,29508.25,29513.75,29504.75,29509.25,979
2026-08-28 15:57:00-04:00,29502.25,29502.25,29511.5,29499.5,29508.0,1334
2026-08-28 15:58:00-04:00,29499.5,29499.5,29506.0,29492.75,29502.5,1813
2026-08-28 15:59:00-04:00,29496.0,29496.0,29504.25,29482.5,29499.25,8757
2026-08-28 16:00:00-04:00,29495.75,29495.75,29507.75,29489.0,29496.5,2394
2026-08-28 16:01:00-04:00,29491.0,29491.0,29499.5,29490.75,29495.75,506
2026-08-28 16:02:00-04:00,29490.5,29490.5,29494.0,29487.75,29491.5,492
2026-08-28 16:03:00-04:00,29489.25,29489.25,29492.75,29488.5,29490.75,315
2026-08-28 16:04:00-04:00,29493.75,29493.75,29495.0,29489.75,29490.0,223
2026-08-28 16:05:00-04:00,29488.25,29488.25,29493.25,29486.5,29493.25,278
2026-08-28 16:06:00-04:00,29482.0,29482.0,29489.0,29481.0,29488.0,337
2026-08-28 16:07:00-04:00,29483.25,29483.25,29485.0,29478.25,29482.0,359
2026-08-28 16:08:00-04:00,29479.25,29479.25,29488.5,29479.0,29483.0,338
2026-08-28 16:09:00-04:00,29482.25,29482.25,29483.5,29478.25,29479.25,144
2026-08-28 16:10:00-04:00,29487.0,29487.0,29487.75,29480.75,29483.0,170
2026-08-28 16:11:00-04:00,29484.0,29484.0,29488.25,29483.75,29488.0,156
2026-08-28 16:12:00-04:00,29487.0,29487.0,29487.0,29481.0,29484.25,204
2026-08-28 16:13:00-04:00,29487.75,29487.75,29489.75,29487.0,29487.0,196
2026-08-28 16:14:00-04:00,29487.5,29487.5,29492.25,29486.5,29488.25,222
2026-08-28 16:15:00-04:00,29490.0,29490.0,29492.0,29487.25,29488.5,153
2026-08-28 16:16:00-04:00,29486.75,29486.75,29488.75,29485.25,29488.75,105
2026-08-28 16:17:00-04:00,29487.5,29487.5,29489.5,29486.0,29486.5,79
2026-08-28 16:18:00-04:00,29486.0,29486.0,29487.5,29485.25,29486.75,55
2026-08-28 16:19:00-04:00,29489.5,29489.5,29490.0,29485.25,29485.5,88
2026-08-28 16:20:00-04:00,29488.0,29488.0,29492.0,29488.0,29490.0,137
2026-08-28 16:21:00-04:00,29489.25,29489.25,29490.25,29486.5,29487.75,101
2026-08-28 16:22:00-04:00,29489.75,29489.75,29490.75,29488.0,29488.5,58
2026-08-28 16:23:00-04:00,29488.75,29488.75,29491.25,29488.25,29489.75,92
2026-08-28 16:24:00-04:00,29490.5,29490.5,29491.25,29488.75,29489.0,81
2026-08-28 16:25:00-04:00,29492.5,29492.5,29493.25,29489.75,29490.25,152
2026-08-28 16:26:00-04:00,29491.0,29491.0,29493.25,29489.75,29493.0,64
2026-08-28 16:27:00-04:00,29488.75,29488.75,29491.25,29488.75,29490.75,75
2026-08-28 16:28:00-04:00,29487.25,29487.25,29489.5,29486.5,29489.0,63
2026-08-28 16:29:00-04:00,29492.0,29492.0,29492.0,29486.5,29487.25,74
2026-08-28 16:30:00-04:00,29491.25,29491.25,29493.25,29489.5,29492.0,112
2026-08-28 16:31:00-04:00,29488.5,29488.5,29492.25,29488.25,29492.0,97
2026-08-28 16:32:00-04:00,29492.0,29492.0,29492.0,29487.5,29488.0,100
2026-08-28 16:33:00-04:00,29487.5,29487.5,29492.0,29486.5,29492.0,101
2026-08-28 16:34:00-04:00,29487.75,29487.75,29489.0,29485.0,29487.5,144
2026-08-28 16:35:00-04:00,29491.0,29491.0,29493.5,29485.0,29487.5,457
2026-08-28 16:36:00-04:00,29493.5,29493.5,29495.5,29489.5,29491.0,123
2026-08-28 16:37:00-04:00,29495.25,29495.25,29498.75,29494.75,29494.75,217
2026-08-28 16:38:00-04:00,29495.0,29495.0,29497.25,29494.0,29495.5,90
2026-08-28 16:39:00-04:00,29491.5,29491.5,29495.75,29491.25,29495.0,75
2026-08-28 16:40:00-04:00,29493.5,29493.5,29495.0,29491.0,29492.0,100
2026-08-28 16:41:00-04:00,29493.25,29493.25,29495.0,29492.25,29493.5,68
2026-08-28 16:42:00-04:00,29499.25,29499.25,29500.75,29493.5,29493.5,156
2026-08-28 16:43:00-04:00,29506.75,29506.75,29506.75,29499.0,29499.25,153
2026-08-28 16:44:00-04:00,29507.25,29507.25,29508.0,29505.75,29506.75,159
2026-08-28 16:45:00-04:00,29515.75,29515.75,29516.0,29506.75,29507.5,232
2026-08-28 16:46:00-04:00,29515.75,29515.75,29519.0,29514.25,29516.0,161
2026-08-28 16:47:00-04:00,29516.25,29516.25,29519.25,29514.5,29515.25,107
2026-08-28 16:48:00-04:00,29516.75,29516.75,29516.75,29515.0,29516.25,90
2026-08-28 16:49:00-04:00,29515.0,29515.0,29516.5,29513.25,29516.25,95
2026-08-28 16:50:00-04:00,29510.0,29510.0,29517.5,29509.25,29514.75,153
2026-08-28 16:51:00-04:00,29510.25,29510.25,29512.75,29509.25,29511.0,68
2026-08-28 16:52:00-04:00,29509.0,29509.0,29511.5,29507.25,29510.75,131
2026-08-28 16:53:00-04:00,29514.0,29514.0,29516.0,29506.75,29509.5,377
2026-08-28 16:54:00-04:00,29517.25,29517.25,29517.5,29513.0,29514.25,100
2026-08-28 16:55:00-04:00,29513.0,29513.0,29517.0,29513.0,29517.0,64
2026-08-28 16:56:00-04:00,29513.0,29513.0,29515.0,29510.75,29512.5,189
2026-08-28 16:57:00-04:00,29512.75,29512.75,29514.25,29511.0,29513.0,71
2026-08-28 16:58:00-04:00,29510.75,29510.75,29513.25,29510.25,29512.5,53
2026-08-28 16:59:00-04:00,29491.75,29491.75,29515.5,29491.75,29510.25,166
2026-08-30 18:10:00-04:00,29451.75,29451.75,29459.0,29449.5,29457.25,0
2026-08-30 18:11:00-04:00,29450.0,29450.0,29454.75,29448.0,29453.0,122
2026-08-30 18:12:00-04:00,29466.5,29466.5,29471.25,29446.75,29451.25,215
2026-08-30 18:13:00-04:00,29468.0,29468.0,29470.0,29465.0,29465.25,63
2026-08-30 18:14:00-04:00,29471.0,29471.0,29471.0,29466.0,29469.0,51
2026-08-30 18:15:00-04:00,29474.25,29474.25,29475.0,29468.0,29471.25,64
2026-08-30 18:16:00-04:00,29474.5,29474.5,29476.0,29467.25,29475.5,123
2026-08-30 18:17:00-04:00,29473.75,29473.75,29477.5,29469.0,29474.0,167
2026-08-30 18:18:00-04:00,29472.0,29472.0,29474.0,29469.5,29473.5,61
2026-08-30 18:19:00-04:00,29484.0,29484.0,29489.5,29473.0,29473.0,265
2026-08-30 18:20:00-04:00,29489.5,29489.5,29495.0,29484.75,29485.75,127
2026-08-30 18:21:00-04:00,29488.0,29488.0,29491.75,29488.0,29489.0,109
2026-08-30 18:22:00-04:00,29489.5,29489.5,29492.0,29483.75,29488.5,72
2026-08-30 18:23:00-04:00,29488.5,29488.5,29493.0,29488.5,29490.0,43
2026-08-30 18:24:00-04:00,29480.0,29480.0,29489.25,29480.0,29488.0,63
2026-08-30 18:25:00-04:00,29478.0,29478.0,29483.5,29476.0,29481.75,81
2026-08-30 18:26:00-04:00,29476.75,29476.75,29481.0,29471.75,29478.0,111
2026-08-30 18:27:00-04:00,29471.0,29471.0,29479.0,29470.5,29477.75,46
2026-08-30 18:28:00-04:00,29477.25,29477.25,29478.5,29472.25,29472.25,73
2026-08-30 18:29:00-04:00,29473.0,29473.0,29476.25,29472.75,29474.75,51
2026-08-30 18:30:00-04:00,29474.25,29474.25,29475.75,29468.0,29474.75,75
2026-08-30 18:31:00-04:00,29473.25,29473.25,29474.5,29468.75,29474.5,93
2026-08-30 18:32:00-04:00,29474.75,29474.75,29476.5,29471.75,29474.0,38
2026-08-30 18:33:00-04:00,29472.25,29472.25,29475.0,29470.0,29475.0,35
2026-08-30 18:34:00-04:00,29455.5,29455.5,29473.0,29451.5,29473.0,275
2026-08-30 18:35:00-04:00,29452.75,29452.75,29463.25,29451.5,29456.25,163
2026-08-30 18:36:00-04:00,29435.75,29435.75,29453.75,29432.5,29452.75,447
2026-08-30 18:37:00-04:00,29442.0,29442.0,29442.75,29434.25,29434.75,251
2026-08-30 18:38:00-04:00,29449.5,29449.5,29450.25,29442.0,29442.25,181
2026-08-30 18:39:00-04:00,29446.75,29446.75,29451.75,29444.0,29449.25,118
2026-08-30 18:40:00-04:00,29449.25,29449.25,29450.0,29439.25,29446.25,204
2026-08-30 18:41:00-04:00,29443.25,29443.25,29454.0,29442.75,29450.0,151
2026-08-30 18:42:00-04:00,29431.75,29431.75,29446.5,29428.0,29443.25,263
2026-08-30 18:43:00-04:00,29436.25,29436.25,29438.75,29431.25,29431.25,188
2026-08-30 18:44:00-04:00,29436.75,29436.75,29438.0,29434.25,29436.25,53
2026-08-30 18:45:00-04:00,29441.25,29441.25,29441.25,29435.0,29436.0,68
2026-08-30 18:46:00-04:00,29446.0,29446.0,29453.5,29440.25,29440.25,227
2026-08-30 18:47:00-04:00,29446.75,29446.75,29448.5,29443.0,29446.0,77
2026-08-30 18:48:00-04:00,29445.25,29445.25,29446.75,29441.25,29446.75,74
2026-08-30 18:49:00-04:00,29443.0,29443.0,29446.75,29439.0,29444.5,59
2026-08-30 18:50:00-04:00,29443.75,29443.75,29446.5,29440.5,29443.25,64
2026-08-30 18:51:00-04:00,29442.0,29442.0,29443.25,29438.0,29443.25,62
2026-08-30 18:52:00-04:00,29442.0,29442.0,29444.75,29440.75,29443.5,35
2026-08-30 18:53:00-04:00,29446.25,29446.25,29447.0,29442.25,29442.25,36
2026-08-30 18:54:00-04:00,29446.0,29446.0,29447.5,29445.0,29445.5,26
2026-08-30 18:55:00-04:00,29441.0,29441.0,29447.5,29437.0,29445.75,88
2026-08-30 18:56:00-04:00,29444.5,29444.5,29445.75,29441.5,29441.5,19
2026-08-30 18:57:00-04:00,29441.75,29441.75,29444.75,29439.0,29444.75,47
2026-08-30 18:58:00-04:00,29443.0,29443.0,29443.5,29441.0,29442.5,10
2026-08-30 18:59:00-04:00,29442.5,29442.5,29445.0,29442.5,29444.0,34
2026-08-30 19:00:00-04:00,29441.75,29441.75,29443.75,29440.25,29442.5,70
2026-08-30 19:01:00-04:00,29435.25,29435.25,29443.75,29434.0,29441.25,97
2026-08-30 19:02:00-04:00,29434.25,29434.25,29437.5,29428.75,29435.25,166
2026-08-30 19:03:00-04:00,29434.0,29434.0,29435.0,29430.0,29434.0,80
2026-08-30 19:04:00-04:00,29433.0,29433.0,29437.0,29432.25,29433.25,45
2026-08-30 19:05:00-04:00,29433.5,29433.5,29436.0,29431.5,29432.5,57
2026-08-30 19:06:00-04:00,29435.0,29435.0,29436.25,29434.0,29434.0,13
2026-08-30 19:07:00-04:00,29436.75,29436.75,29449.25,29433.75,29434.75,211
2026-08-30 19:08:00-04:00,29439.5,29439.5,29441.25,29432.0,29437.5,101
2026-08-30 19:09:00-04:00,29435.25,29435.25,29440.75,29434.75,29439.25,58
2026-08-30 19:10:00-04:00,29428.5,29428.5,29436.0,29426.75,29434.25,249
2026-08-30 19:11:00-04:00,29430.5,29430.5,29432.75,29426.5,29429.0,86
2026-08-30 19:12:00-04:00,29418.0,29418.0,29433.5,29416.0,29430.5,418
2026-08-30 19:13:00-04:00,29417.0,29417.0,29425.25,29413.0,29418.75,334
2026-08-30 19:14:00-04:00,29409.75,29409.75,29418.0,29405.75,29418.0,294
2026-08-30 19:15:00-04:00,29412.25,29412.25,29412.25,29408.75,29410.0,106
2026-08-30 19:16:00-04:00,29412.75,29412.75,29416.0,29410.25,29411.5,85
2026-08-30 19:17:00-04:00,29413.25,29413.25,29414.0,29409.25,29412.75,44
2026-08-30 19:18:00-04:00,29412.75,29412.75,29416.0,29409.0,29415.0,89
2026-08-30 19:19:00-04:00,29412.25,29412.25,29416.0,29411.25,29413.75,73
2026-08-30 19:20:00-04:00,29411.25,29411.25,29413.75,29409.0,29413.75,80
2026-08-30 19:21:00-04:00,29409.0,29409.0,29412.25,29405.75,29411.5,164
2026-08-30 19:22:00-04:00,29386.0,29386.0,29411.75,29382.25,29409.0,659
2026-08-30 19:23:00-04:00,29372.75,29372.75,29386.25,29371.25,29385.5,478
2026-08-30 19:24:00-04:00,29380.25,29380.25,29389.75,29372.25,29373.5,478
2026-08-30 19:25:00-04:00,29383.0,29383.0,29385.0,29380.25,29382.5,51
2026-08-30 19:26:00-04:00,29380.5,29380.5,29384.0,29375.5,29383.5,204
2026-08-30 19:27:00-04:00,29377.75,29377.75,29384.25,29374.75,29380.5,90
2026-08-30 19:28:00-04:00,29373.75,29373.75,29378.5,29369.5,29378.0,183
2026-08-30 19:29:00-04:00,29371.75,29371.75,29382.0,29369.0,29374.5,155
2026-08-30 19:30:00-04:00,29359.25,29359.25,29372.75,29348.0,29372.0,524
2026-08-30 19:31:00-04:00,29366.5,29366.5,29369.0,29349.0,29360.75,327
2026-08-30 19:32:00-04:00,29356.75,29356.75,29368.0,29352.0,29368.0,177
2026-08-30 19:33:00-04:00,29359.25,29359.25,29359.5,29354.5,29355.5,109
2026-08-30 19:34:00-04:00,29360.0,29360.0,29366.0,29354.5,29359.25,172
2026-08-30 19:35:00-04:00,29367.25,29367.25,29371.0,29357.5,29361.75,155
2026-08-30 19:36:00-04:00,29372.5,29372.5,29375.5,29364.0,29367.5,215
2026-08-30 19:37:00-04:00,29360.5,29360.5,29373.5,29355.25,29371.0,158
2026-08-30 19:38:00-04:00,29358.25,29358.25,29362.0,29355.25,29360.75,115
2026-08-30 19:39:00-04:00,29358.75,29358.75,29367.0,29355.75,29358.0,140
2026-08-30 19:40:00-04:00,29343.75,29343.75,29365.75,29342.25,29355.75,271
2026-08-30 19:41:00-04:00,29343.5,29343.5,29344.25,29321.25,29343.75,593
2026-08-30 19:42:00-04:00,29350.25,29350.25,29356.25,29340.75,29343.0,221
2026-08-30 19:43:00-04:00,29349.25,29349.25,29354.0,29348.0,29350.0,65
2026-08-30 19:44:00-04:00,29355.5,29355.5,29356.25,29349.5,29350.0,67
2026-08-30 19:45:00-04:00,29331.0,29331.0,29354.0,29329.5,29354.0,282
2026-08-30 19:46:00-04:00,29325.5,29325.5,29339.75,29322.5,29329.75,264
2026-08-30 19:47:00-04:00,29319.5,29319.5,29327.5,29303.5,29325.5,565
2026-08-30 19:48:00-04:00,29310.75,29310.75,29323.0,29304.5,29319.25,282
2026-08-30 19:49:00-04:00,29309.5,29309.5,29314.5,29301.25,29310.75,194
2026-08-30 19:50:00-04:00,29327.75,29327.75,29330.5,29309.25,29311.5,222
2026-08-30 19:51:00-04:00,29319.75,29319.75,29325.75,29308.5,29325.75,141
2026-08-30 19:52:00-04:00,29327.5,29327.5,29330.0,29316.0,29317.0,94
2026-08-30 19:53:00-04:00,29320.0,29320.0,29329.0,29312.25,29327.0,236
2026-08-30 19:54:00-04:00,29324.75,29324.75,29324.75,29308.5,29318.75,202
2026-08-30 19:55:00-04:00,29296.75,29296.75,29324.5,29293.0,29323.5,598
2026-08-30 19:56:00-04:00,29299.25,29299.25,29300.0,29291.5,29298.25,225
2026-08-30 19:57:00-04:00,29304.0,29304.0,29309.25,29294.75,29298.0,251
2026-08-30 19:58:00-04:00,29296.25,29296.25,29305.25,29291.5,29304.0,195
2026-08-30 19:59:00-04:00,29289.75,29289.75,29296.75,29289.0,29295.75,147
2026-08-30 20:00:00-04:00,29293.0,29293.0,29302.0,29276.75,29291.0,593
2026-08-30 20:01:00-04:00,29290.25,29290.25,29297.0,29273.5,29292.25,343
2026-08-30 20:02:00-04:00,29289.0,29289.0,29293.75,29280.5,29290.75,212
2026-08-30 20:03:00-04:00,29282.25,29282.25,29290.5,29277.0,29288.0,215
2026-08-30 20:04:00-04:00,29292.0,29292.0,29292.0,29278.0,29286.25,151
2026-08-30 20:05:00-04:00,29286.0,29286.0,29294.5,29276.25,29290.75,294
2026-08-30 20:06:00-04:00,29288.0,29288.0,29294.0,29274.25,29285.75,292
2026-08-30 20:07:00-04:00,29297.25,29297.25,29300.0,29286.5,29290.25,204
2026-08-30 20:08:00-04:00,29295.75,29295.75,29300.0,29283.75,29298.0,277
2026-08-30 20:09:00-04:00,29302.25,29302.25,29307.5,29291.25,29295.25,292
2026-08-30 20:10:00-04:00,29303.75,29303.75,29307.25,29297.75,29300.0,285
2026-08-30 20:11:00-04:00,29321.25,29321.25,29322.75,29302.25,29304.0,276
2026-08-30 20:12:00-04:00,29326.75,29326.75,29333.0,29312.75,29323.25,328
2026-08-30 20:13:00-04:00,29338.0,29338.0,29346.75,29327.25,29328.75,446
2026-08-30 20:14:00-04:00,29339.75,29339.75,29346.75,29337.75,29337.75,194
2026-08-30 20:15:00-04:00,29349.75,29349.75,29350.0,29334.5,29341.0,253
2026-08-30 20:16:00-04:00,29363.25,29363.25,29363.25,29345.25,29350.5,368
2026-08-30 20:17:00-04:00,29359.5,29359.5,29367.0,29353.25,29362.5,381
2026-08-30 20:18:00-04:00,29359.75,29359.75,29363.5,29355.25,29360.25,137
2026-08-30 20:19:00-04:00,29345.0,29345.0,29362.75,29341.75,29360.5,187
2026-08-30 20:20:00-04:00,29367.75,29367.75,29368.0,29341.5,29345.0,259
2026-08-30 20:21:00-04:00,29370.25,29370.25,29372.25,29365.75,29368.0,202
2026-08-30 20:22:00-04:00,29373.75,29373.75,29374.75,29367.5,29373.0,143
2026-08-30 20:23:00-04:00,29372.5,29372.5,29374.0,29368.75,29374.0,114
2026-08-30 20:24:00-04:00,29375.75,29375.75,29376.0,29367.0,29372.0,134
2026-08-30 20:25:00-04:00,29373.0,29373.0,29375.25,29364.5,29375.0,127
2026-08-30 20:26:00-04:00,29367.25,29367.25,29373.5,29354.0,29373.5,202
2026-08-30 20:27:00-04:00,29369.5,29369.5,29373.0,29366.0,29367.25,101
2026-08-30 20:28:00-04:00,29375.0,29375.0,29376.0,29366.25,29370.0,82
2026-08-30 20:29:00-04:00,29372.0,29372.0,29378.25,29370.75,29373.0,174
2026-08-30 20:30:00-04:00,29377.5,29377.5,29380.75,29366.75,29370.25,208
2026-08-30 20:31:00-04:00,29378.25,29378.25,29386.0,29373.75,29378.25,241
2026-08-30 20:32:00-04:00,29391.0,29391.0,29398.0,29378.75,29378.75,393
2026-08-30 20:33:00-04:00,29395.25,29395.25,29397.25,29389.5,29391.25,137
2026-08-30 20:34:00-04:00,29390.5,29390.5,29395.75,29388.25,29395.25,95
2026-08-30 20:35:00-04:00,29397.0,29397.0,29397.75,29390.75,29391.75,118
2026-08-30 20:36:00-04:00,29395.0,29395.0,29398.5,29392.25,29398.0,143
2026-08-30 20:37:00-04:00,29397.5,29397.5,29398.25,29391.75,29393.25,147
2026-08-30 20:38:00-04:00,29392.25,29392.25,29398.5,29388.5,29396.0,119
2026-08-30 20:39:00-04:00,29393.75,29393.75,29395.75,29387.75,29392.0,102
2026-08-30 20:40:00-04:00,29386.0,29386.0,29393.75,29378.75,29393.0,180
2026-08-30 20:41:00-04:00,29387.5,29387.5,29391.75,29383.75,29384.75,100
2026-08-30 20:42:00-04:00,29398.5,29398.5,29398.5,29383.5,29387.25,114
2026-08-30 20:43:00-04:00,29388.25,29388.25,29398.25,29386.25,29397.5,112
2026-08-30 20:44:00-04:00,29388.75,29388.75,29391.0,29383.75,29388.5,104
2026-08-30 20:45:00-04:00,29378.25,29378.25,29391.75,29375.0,29390.25,233
2026-08-30 20:46:00-04:00,29378.5,29378.5,29384.25,29375.25,29378.5,137
2026-08-30 20:47:00-04:00,29377.75,29377.75,29379.25,29369.0,29375.0,273
2026-08-30 20:48:00-04:00,29372.5,29372.5,29379.0,29371.0,29377.5,78
2026-08-30 20:49:00-04:00,29372.25,29372.25,29375.5,29370.5,29372.25,90
2026-08-30 20:50:00-04:00,29375.75,29375.75,29377.25,29368.0,29371.5,144
2026-08-30 20:51:00-04:00,29379.75,29379.75,29381.0,29371.75,29376.0,131
2026-08-30 20:52:00-04:00,29390.0,29390.0,29390.0,29371.0,29380.0,142
2026-08-30 20:53:00-04:00,29384.25,29384.25,29393.0,29380.0,29389.75,162
2026-08-30 20:54:00-04:00,29384.5,29384.5,29387.75,29376.25,29384.75,91
2026-08-30 20:55:00-04:00,29371.25,29371.25,29386.5,29369.75,29385.5,127
2026-08-30 20:56:00-04:00,29353.25,29353.25,29370.75,29352.25,29369.5,297
2026-08-30 20:57:00-04:00,29354.75,29354.75,29359.0,29350.5,29352.25,161
2026-08-30 20:58:00-04:00,29353.0,29353.0,29359.0,29351.0,29355.75,100
2026-08-30 20:59:00-04:00,29357.0,29357.0,29361.25,29351.5,29352.0,237
2026-08-30 21:00:00-04:00,29321.75,29321.75,29358.25,29316.0,29358.25,709
2026-08-30 21:01:00-04:00,29322.0,29322.0,29323.5,29304.75,29322.25,428
2026-08-30 21:02:00-04:00,29333.0,29333.0,29334.25,29311.25,29322.25,380
2026-08-30 21:03:00-04:00,29339.25,29339.25,29348.25,29322.75,29333.5,377
2026-08-30 21:04:00-04:00,29345.75,29345.75,29348.0,29332.5,29341.25,157
2026-08-30 21:05:00-04:00,29325.0,29325.0,29344.75,29323.0,29343.75,187
2026-08-30 21:06:00-04:00,29339.5,29339.5,29341.0,29315.25,29325.25,302
2026-08-30 21:07:00-04:00,29330.25,29330.25,29337.5,29317.75,29337.5,142
2026-08-30 21:08:00-04:00,29324.0,29324.0,29330.25,29322.5,29329.5,107
2026-08-30 21:09:00-04:00,29316.25,29316.25,29324.5,29309.25,29324.5,177
2026-08-30 21:10:00-04:00,29297.0,29297.0,29319.0,29296.5,29316.0,284
2026-08-30 21:11:00-04:00,29298.75,29298.75,29303.75,29292.5,29297.0,250
2026-08-30 21:12:00-04:00,29306.75,29306.75,29312.75,29292.75,29299.5,203
2026-08-30 21:13:00-04:00,29312.25,29312.25,29315.25,29297.0,29304.5,225
2026-08-30 21:14:00-04:00,29324.75,29324.75,29330.0,29308.25,29310.75,232
2026-08-30 21:15:00-04:00,29310.5,29310.5,29328.5,29308.0,29324.25,207
2026-08-30 21:16:00-04:00,29319.0,29319.0,29323.25,29311.0,29312.25,176
2026-08-30 21:17:00-04:00,29316.25,29316.25,29332.5,29313.25,29321.25,265
2026-08-30 21:18:00-04:00,29319.25,29319.25,29320.5,29305.5,29319.25,223
2026-08-30 21:19:00-04:00,29329.0,29329.0,29335.5,29316.25,29318.75,198
2026-08-30 21:20:00-04:00,29325.0,29325.0,29340.25,29320.25,29327.5,223
2026-08-30 21:21:00-04:00,29315.5,29315.5,29327.5,29304.0,29325.75,282
2026-08-30 21:22:00-04:00,29325.0,29325.0,29325.0,29308.75,29316.5,92
2026-08-30 21:23:00-04:00,29305.0,29305.0,29334.0,29305.0,29323.0,159
2026-08-30 21:24:00-04:00,29325.0,29325.0,29328.25,29304.0,29305.75,210
2026-08-30 21:25:00-04:00,29319.5,29319.5,29326.0,29308.0,29326.0,92
2026-08-30 21:26:00-04:00,29318.25,29318.25,29328.5,29317.0,29320.25,81
2026-08-30 21:27:00-04:00,29332.25,29332.25,29333.0,29317.5,29319.75,102
2026-08-30 21:28:00-04:00,29333.0,29333.0,29337.75,29328.75,29333.75,145
2026-08-30 21:29:00-04:00,29331.75,29331.75,29339.5,29327.5,29335.25,129
2026-08-30 21:30:00-04:00,29331.0,29331.0,29336.5,29323.25,29330.25,129
2026-08-30 21:31:00-04:00,29330.25,29330.25,29336.75,29329.0,29329.5,77
2026-08-30 21:32:00-04:00,29330.0,29330.0,29336.0,29325.0,29329.5,259
2026-08-30 21:33:00-04:00,29318.25,29318.25,29333.25,29316.0,29330.75,162
2026-08-30 21:34:00-04:00,29311.25,29311.25,29319.5,29308.5,29316.25,238
2026-08-30 21:35:00-04:00,29310.75,29310.75,29320.0,29309.0,29312.5,111
2026-08-30 21:36:00-04:00,29310.75,29310.75,29316.5,29306.5,29310.5,86
2026-08-30 21:37:00-04:00,29323.75,29323.75,29327.5,29307.75,29310.0,159
2026-08-30 21:38:00-04:00,29312.5,29312.5,29330.75,29308.0,29324.5,192
2026-08-30 21:39:00-04:00,29326.75,29326.75,29332.5,29314.25,29314.25,167
2026-08-30 21:40:00-04:00,29332.5,29332.5,29334.25,29326.5,29327.5,81
2026-08-30 21:41:00-04:00,29326.0,29326.0,29332.5,29317.75,29332.5,157
2026-08-30 21:42:00-04:00,29331.5,29331.5,29333.5,29324.5,29326.25,67
2026-08-30 21:43:00-04:00,29331.75,29331.75,29338.0,29326.75,29330.25,131
2026-08-30 21:44:00-04:00,29313.5,29313.5,29331.5,29310.25,29331.5,182
2026-08-30 21:45:00-04:00,29327.25,29327.25,29327.75,29305.0,29313.25,240
2026-08-30 21:46:00-04:00,29308.75,29308.75,29328.25,29308.0,29327.75,98
2026-08-30 21:47:00-04:00,29310.0,29310.0,29315.0,29302.75,29310.0,160
2026-08-30 21:48:00-04:00,29311.25,29311.25,29312.5,29304.25,29311.0,110
2026-08-30 21:49:00-04:00,29313.5,29313.5,29316.75,29306.25,29312.0,105
2026-08-30 21:50:00-04:00,29307.25,29307.25,29315.25,29307.0,29313.5,108
2026-08-30 21:51:00-04:00,29306.75,29306.75,29315.0,29303.5,29306.25,161
2026-08-30 21:52:00-04:00,29314.5,29314.5,29321.25,29303.5,29306.75,207
2026-08-30 21:53:00-04:00,29317.25,29317.25,29317.25,29302.25,29314.5,145
2026-08-30 21:54:00-04:00,29310.0,29310.0,29316.0,29304.0,29315.5,86
2026-08-30 21:55:00-04:00,29313.25,29313.25,29320.5,29306.75,29309.5,63
2026-08-30 21:56:00-04:00,29317.5,29317.5,29322.75,29313.0,29313.0,110
2026-08-30 21:57:00-04:00,29317.75,29317.75,29321.25,29308.0,29318.0,106
2026-08-30 21:58:00-04:00,29314.0,29314.0,29318.25,29313.5,29316.75,24
2026-08-30 21:59:00-04:00,29327.0,29327.0,29331.5,29306.0,29314.75,224
2026-08-30 22:00:00-04:00,29316.5,29316.5,29327.5,29308.5,29325.75,182
2026-08-30 22:01:00-04:00,29324.0,29324.0,29331.25,29316.75,29316.75,180
2026-08-30 22:02:00-04:00,29326.0,29326.0,29334.5,29320.0,29324.5,162
2026-08-30 22:03:00-04:00,29324.25,29324.25,29328.25,29312.5,29325.5,152
2026-08-30 22:04:00-04:00,29335.5,29335.5,29336.25,29322.25,29326.0,146
2026-08-30 22:05:00-04:00,29342.0,29342.0,29343.25,29331.5,29337.0,255
2026-08-30 22:06:00-04:00,29348.5,29348.5,29349.0,29341.75,29344.0,239
2026-08-30 22:07:00-04:00,29340.0,29340.0,29350.0,29336.0,29348.75,146
2026-08-30 22:08:00-04:00,29354.0,29354.0,29354.75,29337.0,29340.75,119
2026-08-30 22:09:00-04:00,29353.75,29353.75,29359.0,29352.0,29355.0,121
2026-08-30 22:10:00-04:00,29351.5,29351.5,29362.75,29351.5,29355.0,126
2026-08-30 22:11:00-04:00,29350.25,29350.25,29356.5,29347.5,29351.5,110
2026-08-30 22:12:00-04:00,29348.5,29348.5,29353.0,29338.25,29350.0,162
2026-08-30 22:13:00-04:00,29360.5,29360.5,29361.75,29349.5,29349.5,123
2026-08-30 22:14:00-04:00,29355.75,29355.75,29361.75,29355.25,29361.25,97
2026-08-30 22:15:00-04:00,29347.0,29347.0,29357.0,29345.25,29357.0,87
2026-08-30 22:16:00-04:00,29352.75,29352.75,29355.25,29344.0,29348.75,105
2026-08-30 22:17:00-04:00,29346.25,29346.25,29354.75,29344.0,29353.25,72
2026-08-30 22:18:00-04:00,29325.25,29325.25,29347.0,29323.5,29346.0,515
2026-08-30 22:19:00-04:00,29340.75,29340.75,29341.5,29315.0,29325.5,482
2026-08-30 22:20:00-04:00,29328.75,29328.75,29340.0,29325.25,29339.25,250
2026-08-30 22:21:00-04:00,29326.75,29326.75,29333.25,29325.0,29331.25,84
2026-08-30 22:22:00-04:00,29326.25,29326.25,29333.5,29323.5,29327.75,97
2026-08-30 22:23:00-04:00,29324.0,29324.0,29326.75,29321.25,29326.5,61
2026-08-30 22:24:00-04:00,29323.75,29323.75,29340.25,29321.0,29323.0,193
2026-08-30 22:25:00-04:00,29310.75,29310.75,29324.5,29309.5,29324.25,165
2026-08-30 22:26:00-04:00,29310.0,29310.0,29312.25,29304.5,29310.25,158
2026-08-30 22:27:00-04:00,29328.75,29328.75,29329.5,29308.75,29310.75,184
2026-08-30 22:28:00-04:00,29334.75,29334.75,29336.75,29327.0,29328.75,204
2026-08-30 22:29:00-04:00,29331.5,29331.5,29336.25,29327.0,29333.75,85
2026-08-30 22:30:00-04:00,29326.25,29326.25,29330.5,29320.75,29327.0,140
2026-08-30 22:31:00-04:00,29319.25,29319.25,29335.25,29315.75,29329.25,154
2026-08-30 22:32:00-04:00,29313.25,29313.25,29322.25,29309.75,29320.25,176
2026-08-30 22:33:00-04:00,29309.25,29309.25,29318.75,29309.25,29313.75,64
2026-08-30 22:34:00-04:00,29299.0,29299.0,29312.75,29297.5,29311.25,248
2026-08-30 22:35:00-04:00,29292.5,29292.5,29300.5,29288.75,29299.0,235
2026-08-30 22:36:00-04:00,29298.0,29298.0,29302.0,29291.0,29292.0,126
2026-08-30 22:37:00-04:00,29302.0,29302.0,29308.0,29298.75,29298.75,183
2026-08-30 22:38:00-04:00,29298.5,29298.5,29304.0,29292.5,29300.5,134
2026-08-30 22:39:00-04:00,29295.25,29295.25,29300.5,29293.75,29300.5,119
2026-08-30 22:40:00-04:00,29287.75,29287.75,29295.25,29287.0,29295.25,186
2026-08-30 22:41:00-04:00,29290.25,29290.25,29293.0,29287.0,29287.75,51
2026-08-30 22:42:00-04:00,29293.5,29293.5,29293.75,29288.0,29289.25,85
2026-08-30 22:43:00-04:00,29298.0,29298.0,29301.0,29294.0,29294.0,81
2026-08-30 22:44:00-04:00,29296.5,29296.5,29299.75,29290.75,29298.75,125
2026-08-30 22:45:00-04:00,29312.0,29312.0,29314.5,29297.5,29297.5,268
2026-08-30 22:46:00-04:00,29319.75,29319.75,29320.25,29311.0,29312.0,120
2026-08-30 22:47:00-04:00,29324.5,29324.5,29325.5,29318.75,29319.5,159
2026-08-30 22:48:00-04:00,29307.5,29307.5,29326.0,29307.5,29323.5,123
2026-08-30 22:49:00-04:00,29296.0,29296.0,29310.25,29287.75,29306.5,322
2026-08-30 22:50:00-04:00,29303.5,29303.5,29308.75,29299.5,29300.25,162
2026-08-30 22:51:00-04:00,29298.0,29298.0,29301.5,29295.0,29301.0,127
2026-08-30 22:52:00-04:00,29296.5,29296.5,29299.0,29291.0,29298.75,85
2026-08-30 22:53:00-04:00,29307.25,29307.25,29308.0,29293.5,29297.0,74
2026-08-30 22:54:00-04:00,29317.5,29317.5,29321.25,29304.25,29308.75,164
2026-08-30 22:55:00-04:00,29318.0,29318.0,29320.25,29315.5,29316.0,52
2026-08-30 22:56:00-04:00,29322.5,29322.5,29323.0,29317.5,29317.75,42
2026-08-30 22:57:00-04:00,29333.25,29333.25,29334.0,29323.0,29323.0,198
2026-08-30 22:58:00-04:00,29336.25,29336.25,29338.5,29331.75,29332.75,106
2026-08-30 22:59:00-04:00,29344.25,29344.25,29346.5,29334.0,29336.25,201
2026-08-30 23:00:00-04:00,29339.25,29339.25,29350.0,29336.75,29346.0,253
2026-08-30 23:01:00-04:00,29345.75,29345.75,29347.5,29339.5,29339.5,79
2026-08-30 23:02:00-04:00,29353.25,29353.25,29356.25,29345.25,29346.0,142
2026-08-30 23:03:00-04:00,29356.5,29356.5,29358.0,29352.5,29354.5,98
2026-08-30 23:04:00-04:00,29350.25,29350.25,29359.75,29349.0,29357.0,104
2026-08-30 23:05:00-04:00,29349.5,29349.5,29357.5,29345.25,29351.25,153
2026-08-30 23:06:00-04:00,29350.5,29350.5,29351.25,29346.75,29349.75,51
2026-08-30 23:07:00-04:00,29352.25,29352.25,29353.0,29346.75,29352.0,42
2026-08-30 23:08:00-04:00,29355.0,29355.0,29356.0,29349.5,29350.25,46
2026-08-30 23:09:00-04:00,29361.5,29361.5,29362.25,29352.0,29355.75,110
2026-08-30 23:10:00-04:00,29361.0,29361.0,29364.75,29353.0,29361.75,134
2026-08-30 23:11:00-04:00,29362.0,29362.0,29367.25,29360.0,29360.0,103
2026-08-30 23:12:00-04:00,29361.0,29361.0,29362.5,29359.0,29360.5,85
2026-08-30 23:13:00-04:00,29362.25,29362.25,29363.0,29356.75,29360.5,76
2026-08-30 23:14:00-04:00,29355.5,29355.5,29363.0,29355.25,29362.5,96
2026-08-30 23:15:00-04:00,29350.75,29350.75,29355.5,29348.25,29355.5,137
2026-08-30 23:16:00-04:00,29350.5,29350.5,29355.5,29350.5,29351.75,67
2026-08-30 23:17:00-04:00,29353.25,29353.25,29356.25,29350.5,29355.5,34
2026-08-30 23:18:00-04:00,29351.0,29351.0,29354.0,29351.0,29352.5,25
2026-08-30 23:19:00-04:00,29348.25,29348.25,29353.25,29346.25,29352.25,71
2026-08-30 23:20:00-04:00,29348.0,29348.0,29350.75,29346.0,29348.25,56
2026-08-30 23:21:00-04:00,29351.75,29351.75,29353.5,29349.0,29349.0,41
2026-08-30 23:22:00-04:00,29353.25,29353.25,29356.0,29348.75,29350.25,84
2026-08-30 23:23:00-04:00,29352.75,29352.75,29354.5,29349.5,29352.0,33
2026-08-30 23:24:00-04:00,29353.75,29353.75,29354.0,29349.25,29352.5,60
2026-08-30 23:25:00-04:00,29357.0,29357.0,29358.0,29353.0,29354.25,103
2026-08-30 23:26:00-04:00,29355.0,29355.0,29357.75,29353.25,29356.5,64
2026-08-30 23:27:00-04:00,29348.25,29348.25,29357.75,29347.25,29355.75,94
2026-08-30 23:28:00-04:00,29346.0,29346.0,29349.0,29344.0,29348.0,82
2026-08-30 23:29:00-04:00,29344.0,29344.0,29346.5,29343.0,29346.25,53
2026-08-30 23:30:00-04:00,29342.25,29342.25,29347.0,29342.0,29345.75,64
2026-08-30 23:31:00-04:00,29347.0,29347.0,29347.75,29339.25,29342.0,103
2026-08-30 23:32:00-04:00,29346.0,29346.0,29348.75,29343.25,29348.0,60
2026-08-30 23:33:00-04:00,29349.5,29349.5,29350.25,29343.25,29345.5,73
2026-08-30 23:34:00-04:00,29345.5,29345.5,29350.5,29344.0,29349.5,65
2026-08-30 23:35:00-04:00,29348.75,29348.75,29351.0,29346.75,29346.75,52
2026-08-30 23:36:00-04:00,29346.25,29346.25,29348.75,29337.75,29348.5,108
2026-08-30 23:37:00-04:00,29348.75,29348.75,29350.5,29346.0,29347.25,48
2026-08-30 23:38:00-04:00,29348.75,29348.75,29351.0,29346.5,29348.0,30
2026-08-30 23:39:00-04:00,29343.5,29343.5,29347.5,29341.75,29346.5,36
2026-08-30 23:40:00-04:00,29341.5,29341.5,29347.0,29339.0,29342.0,68
2026-08-30 23:41:00-04:00,29345.75,29345.75,29346.0,29340.0,29342.5,24
2026-08-30 23:42:00-04:00,29342.75,29342.75,29349.0,29342.25,29346.25,26
2026-08-30 23:43:00-04:00,29345.0,29345.0,29351.0,29343.0,29345.0,54
2026-08-30 23:44:00-04:00,29345.0,29345.0,29348.25,29345.0,29346.25,16
2026-08-30 23:45:00-04:00,29341.25,29341.25,29346.0,29340.0,29346.0,41
2026-08-30 23:46:00-04:00,29343.0,29343.0,29343.5,29338.75,29341.5,35
2026-08-30 23:47:00-04:00,29342.0,29342.0,29345.25,29340.25,29342.75,31
2026-08-30 23:48:00-04:00,29342.0,29342.0,29345.5,29340.5,29342.75,28
2026-08-30 23:49:00-04:00,29344.0,29344.0,29349.0,29343.5,29344.0,42
2026-08-30 23:50:00-04:00,29348.25,29348.25,29348.75,29345.0,29345.0,27
2026-08-30 23:51:00-04:00,29346.5,29346.5,29348.25,29345.75,29347.25,29
2026-08-30 23:52:00-04:00,29344.0,29344.0,29348.0,29342.75,29347.75,40
2026-08-30 23:53:00-04:00,29341.25,29341.25,29344.0,29339.25,29344.0,37
2026-08-30 23:54:00-04:00,29345.75,29345.75,29346.5,29341.25,29341.25,19
2026-08-30 23:55:00-04:00,29347.0,29347.0,29350.5,29345.75,29346.25,47
2026-08-30 23:56:00-04:00,29348.5,29348.5,29353.5,29346.5,29346.5,70
2026-08-30 23:57:00-04:00,29349.75,29349.75,29350.0,29346.75,29348.75,37
2026-08-30 23:58:00-04:00,29348.75,29348.75,29350.5,29348.75,29349.5,15
2026-08-31 00:00:00-04:00,29349.25,29349.25,29354.75,29348.0,29352.5,62
2026-08-31 00:01:00-04:00,29350.25,29350.25,29350.75,29343.5,29350.25,66
2026-08-31 00:02:00-04:00,29349.5,29349.5,29350.5,29346.75,29348.5,26
2026-08-31 00:03:00-04:00,29352.25,29352.25,29353.25,29348.25,29349.0,51
2026-08-31 00:04:00-04:00,29348.0,29348.0,29352.5,29344.75,29352.5,38
2026-08-31 00:05:00-04:00,29346.75,29346.75,29348.0,29341.5,29347.0,37
2026-08-31 00:06:00-04:00,29348.0,29348.0,29349.0,29347.0,29348.0,14
2026-08-31 00:07:00-04:00,29350.25,29350.25,29350.75,29347.25,29347.25,33
2026-08-31 00:08:00-04:00,29348.25,29348.25,29351.0,29348.25,29349.5,22
2026-08-31 00:09:00-04:00,29349.0,29349.0,29349.75,29348.0,29348.75,9
2026-08-31 00:10:00-04:00,29349.0,29349.0,29351.25,29347.75,29349.75,27
2026-08-31 00:11:00-04:00,29347.25,29347.25,29348.25,29344.5,29348.25,13
2026-08-31 00:12:00-04:00,29342.25,29342.25,29347.0,29342.25,29347.0,33
2026-08-31 00:13:00-04:00,29350.0,29350.0,29350.75,29343.25,29344.75,34
2026-08-31 00:14:00-04:00,29354.75,29354.75,29354.75,29349.0,29349.5,68
2026-08-31 00:15:00-04:00,29345.0,29345.0,29353.25,29342.75,29353.25,50
2026-08-31 00:16:00-04:00,29349.5,29349.5,29350.0,29345.25,29346.5,18
2026-08-31 00:17:00-04:00,29351.25,29351.25,29353.5,29349.75,29351.25,25
2026-08-31 00:18:00-04:00,29350.75,29350.75,29354.25,29350.25,29351.5,60
2026-08-31 00:19:00-04:00,29350.75,29350.75,29357.0,29350.75,29351.75,148
2026-08-31 00:20:00-04:00,29352.0,29352.0,29354.0,29351.25,29352.5,43
2026-08-31 00:21:00-04:00,29349.5,29349.5,29352.5,29349.5,29352.0,45
2026-08-31 00:22:00-04:00,29349.0,29349.0,29350.0,29347.5,29349.0,22
2026-08-31 00:23:00-04:00,29346.0,29346.0,29349.75,29346.0,29349.0,29
2026-08-31 00:24:00-04:00,29348.75,29348.75,29348.75,29343.5,29345.75,28
2026-08-31 00:25:00-04:00,29350.5,29350.5,29350.75,29347.75,29349.5,21
2026-08-31 00:26:00-04:00,29352.75,29352.75,29353.75,29345.0,29349.5,26
2026-08-31 00:27:00-04:00,29348.0,29348.0,29353.25,29346.75,29353.25,12
2026-08-31 00:28:00-04:00,29349.0,29349.0,29349.0,29346.25,29347.75,10
2026-08-31 00:29:00-04:00,29347.25,29347.25,29350.25,29347.25,29349.5,9
2026-08-31 00:30:00-04:00,29350.25,29350.25,29351.25,29346.75,29348.0,19
2026-08-31 00:31:00-04:00,29341.0,29341.0,29348.0,29339.5,29347.75,86
2026-08-31 00:32:00-04:00,29341.25,29341.25,29343.75,29336.5,29340.75,83
2026-08-31 00:33:00-04:00,29337.0,29337.0,29341.75,29333.75,29340.75,129
2026-08-31 00:34:00-04:00,29338.75,29338.75,29339.25,29336.25,29337.25,22
2026-08-31 00:35:00-04:00,29348.25,29348.25,29348.25,29337.75,29337.75,47
2026-08-31 00:36:00-04:00,29361.75,29361.75,29363.75,29349.75,29349.75,198
2026-08-31 00:37:00-04:00,29378.0,29378.0,29381.5,29360.75,29361.0,404
2026-08-31 00:38:00-04:00,29378.75,29378.75,29379.25,29367.25,29378.25,124
2026-08-31 00:39:00-04:00,29382.0,29382.0,29383.75,29375.0,29380.25,139
2026-08-31 00:40:00-04:00,29373.25,29373.25,29384.75,29371.75,29380.5,116
2026-08-31 00:41:00-04:00,29380.0,29380.0,29380.0,29371.0,29371.75,97
2026-08-31 00:42:00-04:00,29372.5,29372.5,29379.75,29370.25,29379.5,35
2026-08-31 00:43:00-04:00,29374.25,29374.25,29375.25,29369.75,29372.75,42
2026-08-31 00:44:00-04:00,29383.0,29383.0,29383.0,29373.75,29374.5,30
2026-08-31 00:45:00-04:00,29377.75,29377.75,29381.0,29376.75,29380.75,60
2026-08-31 00:46:00-04:00,29380.0,29380.0,29380.0,29376.25,29376.25,28
2026-08-31 00:47:00-04:00,29378.5,29378.5,29380.5,29378.5,29380.25,19
2026-08-31 00:48:00-04:00,29369.5,29369.5,29378.75,29365.5,29378.75,121
2026-08-31 00:49:00-04:00,29368.75,29368.75,29371.75,29367.25,29369.5,62
2026-08-31 00:50:00-04:00,29375.0,29375.0,29376.0,29368.5,29368.5,63
2026-08-31 00:51:00-04:00,29381.0,29381.0,29381.75,29374.25,29374.75,50
2026-08-31 00:52:00-04:00,29383.0,29383.0,29384.5,29379.5,29381.75,70
2026-08-31 00:53:00-04:00,29394.5,29394.5,29395.5,29382.25,29382.25,261
2026-08-31 00:54:00-04:00,29395.25,29395.25,29397.0,29392.0,29393.5,98
2026-08-31 00:55:00-04:00,29396.25,29396.25,29398.25,29394.0,29395.5,123
2026-08-31 00:56:00-04:00,29407.75,29407.75,29408.75,29395.5,29396.0,303
2026-08-31 00:57:00-04:00,29418.75,29418.75,29422.0,29405.75,29408.25,348
2026-08-31 00:58:00-04:00,29422.0,29422.0,29423.75,29415.75,29420.0,244
2026-08-31 00:59:00-04:00,29414.75,29414.75,29421.5,29414.0,29421.0,86
2026-08-31 01:00:00-04:00,29415.0,29415.0,29419.0,29407.75,29415.0,130
2026-08-31 01:01:00-04:00,29423.25,29423.25,29428.0,29414.75,29416.0,234
2026-08-31 01:02:00-04:00,29423.5,29423.5,29426.5,29421.0,29423.75,87
2026-08-31 01:03:00-04:00,29425.0,29425.0,29427.25,29423.25,29423.25,79
2026-08-31 01:04:00-04:00,29427.75,29427.75,29430.0,29423.0,29423.25,99
2026-08-31 01:05:00-04:00,29426.75,29426.75,29437.75,29425.25,29426.0,174
2026-08-31 01:06:00-04:00,29427.25,29427.25,29428.75,29420.0,29427.25,152
2026-08-31 01:07:00-04:00,29425.0,29425.0,29430.0,29425.0,29428.5,49
2026-08-31 01:08:00-04:00,29426.5,29426.5,29428.75,29422.5,29424.0,64
2026-08-31 01:09:00-04:00,29419.0,29419.0,29426.0,29418.0,29426.0,104
2026-08-31 01:10:00-04:00,29420.5,29420.5,29421.25,29417.75,29419.5,89
2026-08-31 01:11:00-04:00,29423.0,29423.0,29424.0,29419.0,29419.75,26
2026-08-31 01:12:00-04:00,29429.0,29429.0,29429.0,29422.75,29424.0,37
2026-08-31 01:13:00-04:00,29435.25,29435.25,29436.5,29428.0,29428.0,69
2026-08-31 01:14:00-04:00,29443.75,29443.75,29445.0,29432.5,29434.5,205
2026-08-31 01:15:00-04:00,29445.75,29445.75,29448.5,29442.25,29442.75,163
2026-08-31 01:16:00-04:00,29445.0,29445.0,29447.0,29442.75,29445.75,78
2026-08-31 01:17:00-04:00,29455.75,29455.75,29457.5,29444.75,29445.5,238
2026-08-31 01:18:00-04:00,29474.0,29474.0,29475.0,29454.75,29455.75,402
2026-08-31 01:19:00-04:00,29471.75,29471.75,29477.0,29471.25,29472.0,252
2026-08-31 01:20:00-04:00,29462.0,29462.0,29472.25,29459.0,29471.5,199
2026-08-31 01:21:00-04:00,29462.75,29462.75,29465.25,29455.5,29462.0,138
2026-08-31 01:22:00-04:00,29463.5,29463.5,29464.5,29459.75,29461.75,33
2026-08-31 01:23:00-04:00,29462.75,29462.75,29462.75,29458.25,29461.25,134
2026-08-31 01:24:00-04:00,29466.75,29466.75,29468.75,29461.25,29463.5,81
2026-08-31 01:25:00-04:00,29475.75,29475.75,29477.25,29463.0,29467.75,106
2026-08-31 01:26:00-04:00,29473.0,29473.0,29476.75,29470.75,29476.75,89
2026-08-31 01:27:00-04:00,29473.25,29473.25,29477.25,29468.75,29472.5,76
2026-08-31 01:28:00-04:00,29471.75,29471.75,29476.5,29471.75,29474.0,55
2026-08-31 01:29:00-04:00,29470.0,29470.0,29473.75,29467.5,29471.75,43
2026-08-31 01:30:00-04:00,29471.5,29471.5,29474.25,29465.0,29470.0,173
2026-08-31 01:31:00-04:00,29463.75,29463.75,29472.25,29458.5,29471.75,147
2026-08-31 01:32:00-04:00,29450.25,29450.25,29466.25,29447.25,29464.0,195
2026-08-31 01:33:00-04:00,29445.5,29445.5,29453.0,29444.25,29450.25,166
2026-08-31 01:34:00-04:00,29451.75,29451.75,29458.75,29443.75,29444.75,100
2026-08-31 01:35:00-04:00,29448.0,29448.0,29451.75,29446.5,29450.5,52
2026-08-31 01:36:00-04:00,29441.0,29441.0,29452.0,29439.25,29449.25,96
2026-08-31 01:37:00-04:00,29444.5,29444.5,29445.5,29439.5,29440.5,111
2026-08-31 01:38:00-04:00,29442.5,29442.5,29448.0,29439.25,29443.25,114
2026-08-31 01:39:00-04:00,29442.5,29442.5,29443.5,29439.25,29441.75,34
2026-08-31 01:40:00-04:00,29430.5,29430.5,29444.0,29428.0,29442.0,188
2026-08-31 01:41:00-04:00,29431.25,29431.25,29432.5,29426.25,29430.75,158
2026-08-31 01:42:00-04:00,29450.25,29450.25,29451.0,29431.0,29431.75,179
2026-08-31 01:43:00-04:00,29442.5,29442.5,29456.25,29442.25,29449.75,161
2026-08-31 01:44:00-04:00,29442.0,29442.0,29446.75,29438.25,29443.0,79
2026-08-31 01:45:00-04:00,29445.75,29445.75,29452.0,29439.75,29442.25,129
2026-08-31 01:46:00-04:00,29438.5,29438.5,29445.0,29437.25,29445.0,116
2026-08-31 01:47:00-04:00,29441.25,29441.25,29442.5,29437.25,29438.0,41
2026-08-31 01:48:00-04:00,29439.75,29439.75,29446.0,29438.5,29439.0,61
2026-08-31 01:49:00-04:00,29439.0,29439.0,29440.5,29437.25,29439.0,60
2026-08-31 01:50:00-04:00,29436.75,29436.75,29440.75,29432.0,29439.5,110
2026-08-31 01:51:00-04:00,29437.5,29437.5,29442.0,29435.25,29437.75,86
2026-08-31 01:52:00-04:00,29441.5,29441.5,29442.0,29434.75,29435.5,35
2026-08-31 01:53:00-04:00,29440.5,29440.5,29443.25,29437.75,29441.75,37
2026-08-31 01:54:00-04:00,29448.0,29448.0,29448.0,29440.75,29441.25,82
2026-08-31 01:55:00-04:00,29450.0,29450.0,29450.5,29444.5,29447.75,127
2026-08-31 01:56:00-04:00,29451.0,29451.0,29452.0,29445.0,29447.25,45
2026-08-31 01:57:00-04:00,29452.5,29452.5,29452.5,29446.0,29451.25,57
2026-08-31 01:58:00-04:00,29455.75,29455.75,29457.0,29453.0,29453.0,90
2026-08-31 01:59:00-04:00,29462.25,29462.25,29462.5,29452.75,29455.5,153
2026-08-31 02:00:00-04:00,29460.75,29460.75,29465.5,29459.5,29462.0,179
2026-08-31 02:01:00-04:00,29458.25,29458.25,29461.5,29448.75,29461.5,129
2026-08-31 02:02:00-04:00,29455.75,29455.75,29459.0,29452.25,29457.5,87
2026-08-31 02:03:00-04:00,29454.75,29454.75,29458.75,29450.0,29452.5,65
2026-08-31 02:04:00-04:00,29468.0,29468.0,29468.0,29452.0,29453.0,114
2026-08-31 02:05:00-04:00,29474.25,29474.25,29475.5,29466.75,29468.25,152
2026-08-31 02:06:00-04:00,29470.25,29470.25,29487.5,29470.25,29474.5,354
2026-08-31 02:07:00-04:00,29480.0,29480.0,29480.0,29470.0,29470.25,99
2026-08-31 02:08:00-04:00,29479.5,29479.5,29481.25,29476.5,29479.75,79
2026-08-31 02:09:00-04:00,29486.25,29486.25,29489.5,29478.0,29478.75,129
2026-08-31 02:10:00-04:00,29488.25,29488.25,29489.25,29485.25,29485.5,111
2026-08-31 02:11:00-04:00,29489.25,29489.25,29492.25,29486.75,29488.25,218
2026-08-31 02:12:00-04:00,29489.25,29489.25,29491.25,29485.75,29488.5,149
2026-08-31 02:13:00-04:00,29494.0,29494.0,29495.0,29488.75,29490.0,126
2026-08-31 02:14:00-04:00,29500.5,29500.5,29503.5,29493.75,29494.25,323
2026-08-31 02:15:00-04:00,29509.25,29509.25,29510.75,29501.25,29501.25,276
2026-08-31 02:16:00-04:00,29512.25,29512.25,29514.25,29506.75,29508.75,172
2026-08-31 02:17:00-04:00,29511.5,29511.5,29514.25,29510.75,29512.25,101
2026-08-31 02:18:00-04:00,29510.5,29510.5,29513.0,29508.0,29511.5,149
2026-08-31 02:19:00-04:00,29511.75,29511.75,29515.0,29510.0,29511.25,148
2026-08-31 02:20:00-04:00,29513.0,29513.0,29515.0,29505.25,29511.5,358
2026-08-31 02:21:00-04:00,29515.0,29515.0,29517.75,29510.5,29512.25,153
2026-08-31 02:22:00-04:00,29512.5,29512.5,29518.5,29511.75,29516.25,110
2026-08-31 02:23:00-04:00,29510.25,29510.25,29514.5,29508.0,29513.5,64
2026-08-31 02:24:00-04:00,29513.75,29513.75,29515.0,29508.75,29510.25,67
2026-08-31 02:25:00-04:00,29508.0,29508.0,29513.5,29506.0,29513.5,139
2026-08-31 02:26:00-04:00,29510.5,29510.5,29513.25,29509.25,29509.25,62
2026-08-31 02:27:00-04:00,29503.75,29503.75,29510.75,29501.25,29510.75,176
2026-08-31 02:28:00-04:00,29505.5,29505.5,29507.5,29503.0,29504.25,98
2026-08-31 02:29:00-04:00,29512.5,29512.5,29512.75,29505.75,29506.75,89
2026-08-31 02:30:00-04:00,29509.75,29509.75,29514.25,29498.5,29512.5,367
2026-08-31 02:31:00-04:00,29500.5,29500.5,29511.25,29500.0,29511.25,40
2026-08-31 02:32:00-04:00,29500.75,29500.75,29503.5,29498.0,29499.0,81
2026-08-31 02:33:00-04:00,29499.75,29499.75,29503.0,29497.0,29499.75,93
2026-08-31 02:34:00-04:00,29499.5,29499.5,29501.0,29495.75,29500.0,70
2026-08-31 02:35:00-04:00,29502.0,29502.0,29502.75,29498.0,29500.25,67
2026-08-31 02:36:00-04:00,29502.25,29502.25,29506.5,29501.5,29502.5,80
2026-08-31 02:37:00-04:00,29512.0,29512.0,29514.75,29502.75,29504.75,60
2026-08-31 02:38:00-04:00,29515.0,29515.0,29518.75,29511.5,29513.0,97
2026-08-31 02:39:00-04:00,29518.75,29518.75,29518.75,29513.25,29515.75,57
2026-08-31 02:40:00-04:00,29511.0,29511.0,29517.75,29507.5,29517.75,119
2026-08-31 02:41:00-04:00,29511.0,29511.0,29514.75,29509.5,29511.0,81
2026-08-31 02:42:00-04:00,29507.75,29507.75,29512.0,29506.25,29510.25,85
2026-08-31 02:43:00-04:00,29508.25,29508.25,29509.0,29505.0,29507.0,40
2026-08-31 02:44:00-04:00,29508.0,29508.0,29510.75,29507.5,29510.0,42
2026-08-31 02:45:00-04:00,29516.25,29516.25,29516.75,29505.0,29507.5,66
2026-08-31 02:46:00-04:00,29521.25,29521.25,29528.5,29516.5,29516.5,269
2026-08-31 02:47:00-04:00,29519.0,29519.0,29525.0,29519.0,29521.75,139
2026-08-31 02:48:00-04:00,29516.5,29516.5,29519.75,29512.75,29518.75,138
2026-08-31 02:49:00-04:00,29512.0,29512.0,29516.25,29510.75,29515.75,41
2026-08-31 02:50:00-04:00,29505.75,29505.75,29512.25,29503.5,29511.75,79
2026-08-31 02:51:00-04:00,29512.75,29512.75,29512.75,29504.25,29505.5,74
2026-08-31 02:52:00-04:00,29513.25,29513.25,29517.0,29513.25,29513.25,38
2026-08-31 02:53:00-04:00,29515.0,29515.0,29516.0,29510.0,29513.5,41
2026-08-31 02:54:00-04:00,29516.5,29516.5,29517.25,29512.25,29513.25,21
2026-08-31 02:55:00-04:00,29515.0,29515.0,29520.0,29514.5,29517.25,49
2026-08-31 02:56:00-04:00,29513.75,29513.75,29517.5,29512.5,29516.25,35
2026-08-31 02:57:00-04:00,29515.5,29515.5,29515.5,29512.5,29514.5,39
2026-08-31 02:58:00-04:00,29518.5,29518.5,29519.75,29515.25,29515.75,40
2026-08-31 02:59:00-04:00,29517.75,29517.75,29519.75,29516.75,29519.0,70
2026-08-31 03:00:00-04:00,29517.25,29517.25,29517.25,29506.25,29516.25,210
2026-08-31 03:01:00-04:00,29511.0,29511.0,29518.75,29510.75,29517.25,67
2026-08-31 03:02:00-04:00,29505.25,29505.25,29511.0,29504.75,29510.75,72
2026-08-31 03:03:00-04:00,29504.0,29504.0,29507.75,29503.75,29506.25,33
2026-08-31 03:04:00-04:00,29509.75,29509.75,29510.5,29505.25,29505.25,96
2026-08-31 03:05:00-04:00,29509.0,29509.0,29513.0,29504.25,29508.25,74
2026-08-31 03:06:00-04:00,29504.75,29504.75,29510.25,29504.75,29510.0,63
2026-08-31 03:07:00-04:00,29512.25,29512.25,29515.25,29500.75,29504.5,72
2026-08-31 03:08:00-04:00,29511.0,29511.0,29521.0,29510.75,29513.0,95
2026-08-31 03:09:00-04:00,29507.5,29507.5,29511.5,29505.25,29511.25,47
2026-08-31 03:10:00-04:00,29511.75,29511.75,29514.25,29508.0,29508.5,52
2026-08-31 03:11:00-04:00,29507.25,29507.25,29511.5,29506.75,29510.25,40
2026-08-31 03:12:00-04:00,29505.0,29505.0,29510.0,29503.75,29507.5,96
2026-08-31 03:13:00-04:00,29505.75,29505.75,29506.75,29502.0,29504.75,76
2026-08-31 03:14:00-04:00,29513.75,29513.75,29513.75,29504.0,29505.25,47
2026-08-31 03:15:00-04:00,29510.75,29510.75,29514.5,29507.0,29513.25,32
2026-08-31 03:16:00-04:00,29502.5,29502.5,29512.0,29502.5,29509.75,43
2026-08-31 03:17:00-04:00,29505.75,29505.75,29507.0,29502.75,29503.0,38
2026-08-31 03:18:00-04:00,29509.75,29509.75,29510.75,29504.5,29504.5,36
2026-08-31 03:19:00-04:00,29503.75,29503.75,29511.25,29500.0,29508.25,70
2026-08-31 03:20:00-04:00,29511.25,29511.25,29511.25,29505.5,29505.5,29
2026-08-31 03:21:00-04:00,29510.75,29510.75,29514.5,29506.75,29509.0,43
2026-08-31 03:22:00-04:00,29505.0,29505.0,29512.5,29505.0,29510.5,35
2026-08-31 03:23:00-04:00,29510.25,29510.25,29510.25,29503.5,29506.25,32
2026-08-31 03:24:00-04:00,29517.75,29517.75,29521.25,29510.25,29510.25,108
2026-08-31 03:25:00-04:00,29505.0,29505.0,29518.0,29505.0,29517.25,74
2026-08-31 03:26:00-04:00,29508.25,29508.25,29511.5,29503.5,29505.0,72
2026-08-31 03:27:00-04:00,29512.0,29512.0,29512.0,29509.0,29509.0,13
2026-08-31 03:28:00-04:00,29511.0,29511.0,29519.0,29510.5,29512.0,50
2026-08-31 03:29:00-04:00,29509.75,29509.75,29509.75,29506.25,29509.5,30
2026-08-31 03:30:00-04:00,29507.5,29507.5,29511.25,29506.5,29508.25,36
2026-08-31 03:31:00-04:00,29508.0,29508.0,29512.0,29503.75,29505.5,53
2026-08-31 03:32:00-04:00,29505.75,29505.75,29510.5,29505.5,29508.0,22
2026-08-31 03:33:00-04:00,29508.75,29508.75,29508.75,29503.75,29505.75,30
2026-08-31 03:34:00-04:00,29512.5,29512.5,29517.25,29509.25,29509.25,66
2026-08-31 03:35:00-04:00,29516.25,29516.25,29517.25,29511.5,29512.5,32
2026-08-31 03:36:00-04:00,29517.25,29517.25,29522.75,29517.25,29518.0,90
2026-08-31 03:37:00-04:00,29510.0,29510.0,29517.75,29502.75,29517.75,120
2026-08-31 03:38:00-04:00,29507.0,29507.0,29511.0,29504.75,29509.75,57
2026-08-31 03:39:00-04:00,29506.5,29506.5,29510.25,29505.25,29506.5,43
2026-08-31 03:40:00-04:00,29502.5,29502.5,29509.5,29501.0,29508.25,50
2026-08-31 03:41:00-04:00,29505.25,29505.25,29508.25,29503.0,29503.75,56
2026-08-31 03:42:00-04:00,29507.25,29507.25,29508.25,29504.0,29505.0,29
2026-08-31 03:43:00-04:00,29505.5,29505.5,29506.75,29503.75,29506.5,34
2026-08-31 03:44:00-04:00,29506.0,29506.0,29508.0,29505.0,29505.0,49
2026-08-31 03:45:00-04:00,29503.25,29503.25,29506.75,29502.75,29505.5,51
2026-08-31 03:46:00-04:00,29504.5,29504.5,29505.5,29502.5,29503.0,50
2026-08-31 03:47:00-04:00,29505.5,29505.5,29508.25,29504.5,29504.75,50
2026-08-31 03:48:00-04:00,29502.5,29502.5,29504.5,29501.75,29504.0,31
2026-08-31 03:49:00-04:00,29505.25,29505.25,29505.25,29499.5,29502.25,71
2026-08-31 03:50:00-04:00,29503.25,29503.25,29505.5,29502.75,29504.75,14
2026-08-31 03:51:00-04:00,29501.25,29501.25,29503.75,29501.0,29502.5,17
2026-08-31 03:52:00-04:00,29495.75,29495.75,29500.25,29493.5,29500.0,101
2026-08-31 03:53:00-04:00,29500.25,29500.25,29504.0,29496.0,29496.0,61
2026-08-31 03:54:00-04:00,29501.75,29501.75,29503.0,29498.0,29500.0,48
2026-08-31 03:55:00-04:00,29504.75,29504.75,29504.75,29501.5,29502.75,43
2026-08-31 03:56:00-04:00,29501.0,29501.0,29510.75,29501.0,29503.25,75
2026-08-31 03:57:00-04:00,29506.25,29506.25,29507.25,29501.0,29501.25,26
2026-08-31 03:58:00-04:00,29505.0,29505.0,29506.75,29502.25,29506.0,46
2026-08-31 03:59:00-04:00,29508.25,29508.25,29508.5,29502.25,29504.25,37
2026-08-31 04:00:00-04:00,29517.0,29517.0,29520.75,29495.75,29508.5,366
2026-08-31 04:01:00-04:00,29516.75,29516.75,29534.75,29515.0,29516.5,590
2026-08-31 04:02:00-04:00,29501.0,29501.0,29521.75,29498.75,29519.5,217
2026-08-31 04:03:00-04:00,29494.75,29494.75,29501.5,29487.25,29500.5,226
2026-08-31 04:04:00-04:00,29491.0,29491.0,29508.0,29490.75,29496.75,147
2026-08-31 04:05:00-04:00,29500.5,29500.5,29507.25,29492.25,29492.25,105
2026-08-31 04:06:00-04:00,29492.25,29492.25,29501.25,29491.0,29498.0,84
2026-08-31 04:07:00-04:00,29511.25,29511.25,29515.0,29485.0,29492.25,224
2026-08-31 04:08:00-04:00,29528.0,29528.0,29529.25,29510.25,29510.25,180
2026-08-31 04:09:00-04:00,29530.25,29530.25,29532.5,29525.5,29527.5,181
2026-08-31 04:10:00-04:00,29533.75,29533.75,29533.75,29528.5,29530.5,135
2026-08-31 04:11:00-04:00,29531.0,29531.0,29535.0,29529.25,29532.0,171
2026-08-31 04:12:00-04:00,29518.25,29518.25,29534.0,29518.0,29531.25,218
2026-08-31 04:13:00-04:00,29506.25,29506.25,29519.25,29505.25,29518.0,137
2026-08-31 04:14:00-04:00,29505.0,29505.0,29512.5,29503.75,29507.5,90
2026-08-31 04:15:00-04:00,29505.25,29505.25,29507.5,29502.25,29504.75,67
2026-08-31 04:16:00-04:00,29508.0,29508.0,29508.75,29501.75,29508.0,67
2026-08-31 04:17:00-04:00,29501.75,29501.75,29511.0,29501.75,29508.5,59
2026-08-31 04:18:00-04:00,29504.25,29504.25,29505.5,29502.25,29505.0,25
2026-08-31 04:19:00-04:00,29498.75,29498.75,29505.5,29498.5,29504.5,54
2026-08-31 04:20:00-04:00,29492.25,29492.25,29499.0,29485.5,29498.25,298
2026-08-31 04:21:00-04:00,29496.25,29496.25,29504.75,29489.25,29492.5,109
2026-08-31 04:22:00-04:00,29503.5,29503.5,29505.0,29497.5,29497.5,64
2026-08-31 04:23:00-04:00,29500.25,29500.25,29503.75,29491.75,29503.75,91
2026-08-31 04:24:00-04:00,29496.0,29496.0,29505.75,29495.25,29500.5,70
2026-08-31 04:25:00-04:00,29495.5,29495.5,29497.5,29492.5,29494.5,36
2026-08-31 04:26:00-04:00,29501.0,29501.0,29501.0,29492.5,29497.0,61
2026-08-31 04:27:00-04:00,29500.25,29500.25,29502.75,29495.5,29501.75,51
2026-08-31 04:28:00-04:00,29504.25,29504.25,29505.5,29500.75,29501.25,36
2026-08-31 04:29:00-04:00,29501.0,29501.0,29504.25,29498.75,29503.0,48
2026-08-31 04:30:00-04:00,29498.25,29498.25,29502.25,29495.25,29500.75,70
2026-08-31 04:31:00-04:00,29494.0,29494.0,29502.0,29492.0,29498.75,32
2026-08-31 04:32:00-04:00,29493.5,29493.5,29499.5,29492.5,29495.0,76
2026-08-31 04:33:00-04:00,29492.0,29492.0,29496.0,29491.0,29496.0,38
2026-08-31 04:34:00-04:00,29495.75,29495.75,29496.75,29490.25,29492.5,40
2026-08-31 04:35:00-04:00,29494.5,29494.5,29500.25,29491.5,29495.5,55
2026-08-31 04:36:00-04:00,29492.25,29492.25,29494.75,29487.0,29494.0,110
2026-08-31 04:37:00-04:00,29492.25,29492.25,29499.75,29491.5,29493.0,51
2026-08-31 04:38:00-04:00,29497.5,29497.5,29499.75,29492.25,29492.25,60
2026-08-31 04:39:00-04:00,29490.0,29490.0,29497.5,29487.5,29497.5,88
2026-08-31 04:40:00-04:00,29488.25,29488.25,29490.25,29487.75,29490.25,28
2026-08-31 04:41:00-04:00,29484.0,29484.0,29491.5,29482.75,29488.25,192
2026-08-31 04:42:00-04:00,29485.75,29485.75,29490.0,29483.25,29484.25,90
2026-08-31 04:43:00-04:00,29479.75,29479.75,29487.0,29479.5,29485.0,165
2026-08-31 04:44:00-04:00,29484.5,29484.5,29484.5,29475.0,29481.25,139
2026-08-31 04:45:00-04:00,29489.0,29489.0,29489.5,29482.75,29484.75,64
2026-08-31 04:46:00-04:00,29485.25,29485.25,29490.0,29484.5,29489.25,59
2026-08-31 04:47:00-04:00,29487.0,29487.0,29490.5,29485.5,29485.5,69
2026-08-31 04:48:00-04:00,29489.0,29489.0,29490.75,29482.75,29485.5,61
2026-08-31 04:49:00-04:00,29490.5,29490.5,29494.0,29487.25,29489.0,75
2026-08-31 04:50:00-04:00,29493.25,29493.25,29494.25,29490.25,29490.25,52
2026-08-31 04:51:00-04:00,29490.5,29490.5,29494.0,29488.25,29492.0,55
2026-08-31 04:52:00-04:00,29494.25,29494.25,29494.75,29489.25,29490.75,38
2026-08-31 04:53:00-04:00,29496.0,29496.0,29497.0,29490.25,29494.0,56
2026-08-31 04:54:00-04:00,29487.5,29487.5,29498.5,29486.25,29497.25,100
2026-08-31 04:55:00-04:00,29491.25,29491.25,29492.0,29486.75,29488.75,36
2026-08-31 04:56:00-04:00,29483.75,29483.75,29492.5,29483.75,29491.5,44
2026-08-31 04:57:00-04:00,29485.25,29485.25,29486.75,29482.25,29483.75,36
2026-08-31 04:58:00-04:00,29483.75,29483.75,29486.75,29480.25,29486.25,57
2026-08-31 04:59:00-04:00,29485.0,29485.0,29485.5,29480.75,29484.5,41
2026-08-31 05:00:00-04:00,29487.0,29487.0,29487.5,29479.25,29485.25,71
2026-08-31 05:01:00-04:00,29483.75,29483.75,29489.0,29477.75,29487.25,53
2026-08-31 05:02:00-04:00,29479.25,29479.25,29485.0,29477.5,29483.75,38
2026-08-31 05:03:00-04:00,29473.75,29473.75,29477.0,29472.75,29477.0,76
2026-08-31 05:04:00-04:00,29472.25,29472.25,29475.0,29470.75,29474.25,63
2026-08-31 05:05:00-04:00,29474.75,29474.75,29477.0,29472.5,29472.75,38
2026-08-31 05:06:00-04:00,29472.0,29472.0,29474.25,29471.25,29474.25,38
2026-08-31 05:07:00-04:00,29482.25,29482.25,29490.0,29471.75,29473.5,149
2026-08-31 05:08:00-04:00,29485.75,29485.75,29485.75,29480.0,29481.0,77
2026-08-31 05:09:00-04:00,29492.5,29492.5,29493.0,29483.0,29485.5,117
2026-08-31 05:10:00-04:00,29494.75,29494.75,29496.0,29490.0,29492.0,92
2026-08-31 05:11:00-04:00,29490.75,29490.75,29496.75,29490.0,29495.25,94
2026-08-31 05:12:00-04:00,29493.0,29493.0,29495.25,29488.75,29490.0,40
2026-08-31 05:13:00-04:00,29499.5,29499.5,29500.25,29492.0,29493.25,101
2026-08-31 05:14:00-04:00,29492.5,29492.5,29500.75,29489.5,29499.75,131
2026-08-31 05:15:00-04:00,29499.25,29499.25,29500.0,29492.25,29492.25,66
2026-08-31 05:16:00-04:00,29505.0,29505.0,29509.25,29492.75,29499.25,184
2026-08-31 05:17:00-04:00,29497.0,29497.0,29504.5,29497.0,29503.75,58
2026-08-31 05:18:00-04:00,29503.5,29503.5,29503.5,29498.0,29498.0,61
2026-08-31 05:19:00-04:00,29506.75,29506.75,29506.75,29502.5,29502.75,39
2026-08-31 05:20:00-04:00,29505.25,29505.25,29509.0,29502.0,29504.25,136
2026-08-31 05:21:00-04:00,29500.75,29500.75,29505.5,29498.5,29505.5,75
2026-08-31 05:22:00-04:00,29494.75,29494.75,29498.75,29492.0,29498.75,117
2026-08-31 05:23:00-04:00,29491.0,29491.0,29496.0,29490.0,29494.5,75
2026-08-31 05:24:00-04:00,29497.5,29497.5,29499.75,29490.5,29491.25,46
2026-08-31 05:25:00-04:00,29496.25,29496.25,29497.75,29495.75,29497.5,14
2026-08-31 05:26:00-04:00,29494.25,29494.25,29498.0,29493.75,29495.5,15
2026-08-31 05:27:00-04:00,29497.0,29497.0,29497.25,29493.0,29494.5,18
2026-08-31 05:28:00-04:00,29495.5,29495.5,29496.5,29493.75,29495.75,11
2026-08-31 05:29:00-04:00,29491.25,29491.25,29496.5,29490.75,29495.5,20
2026-08-31 05:30:00-04:00,29491.0,29491.0,29492.5,29489.75,29491.75,51
2026-08-31 05:31:00-04:00,29487.5,29487.5,29490.75,29483.0,29490.75,142
2026-08-31 05:32:00-04:00,29485.25,29485.25,29488.0,29483.75,29487.0,25
2026-08-31 05:33:00-04:00,29482.25,29482.25,29483.25,29481.25,29483.0,38
2026-08-31 05:34:00-04:00,29483.5,29483.5,29483.5,29481.75,29482.0,42
2026-08-31 05:35:00-04:00,29481.25,29481.25,29484.0,29480.0,29483.0,41
2026-08-31 05:36:00-04:00,29482.5,29482.5,29483.5,29479.25,29482.0,61
2026-08-31 05:37:00-04:00,29478.75,29478.75,29483.75,29478.5,29482.25,20
2026-08-31 05:38:00-04:00,29477.0,29477.0,29482.0,29476.5,29479.5,53
2026-08-31 05:39:00-04:00,29474.5,29474.5,29478.5,29473.5,29476.75,71
2026-08-31 05:40:00-04:00,29467.75,29467.75,29473.5,29467.75,29473.5,83
2026-08-31 05:41:00-04:00,29469.0,29469.0,29471.25,29467.0,29467.5,58
2026-08-31 05:42:00-04:00,29470.25,29470.25,29471.75,29468.0,29470.25,38
2026-08-31 05:43:00-04:00,29470.5,29470.5,29473.25,29468.0,29469.0,30
2026-08-31 05:44:00-04:00,29468.0,29468.0,29471.5,29467.5,29470.75,45
2026-08-31 05:45:00-04:00,29468.0,29468.0,29469.25,29466.75,29468.0,43
2026-08-31 05:46:00-04:00,29462.5,29462.5,29469.0,29462.0,29467.5,106
2026-08-31 05:47:00-04:00,29459.25,29459.25,29463.0,29458.25,29462.0,88
2026-08-31 05:48:00-04:00,29456.5,29456.5,29461.25,29456.5,29458.5,103
2026-08-31 05:49:00-04:00,29449.0,29449.0,29456.5,29447.5,29456.25,170
2026-08-31 05:50:00-04:00,29453.25,29453.25,29453.5,29447.25,29448.0,131
2026-08-31 05:51:00-04:00,29456.0,29456.0,29456.0,29448.0,29451.0,80
2026-08-31 05:52:00-04:00,29449.75,29449.75,29455.75,29448.75,29455.75,73
2026-08-31 05:53:00-04:00,29450.5,29450.5,29453.0,29449.75,29450.0,43
2026-08-31 05:54:00-04:00,29452.25,29452.25,29454.0,29450.0,29450.75,32
2026-08-31 05:55:00-04:00,29450.5,29450.5,29452.0,29449.0,29452.0,29
2026-08-31 05:56:00-04:00,29447.5,29447.5,29449.75,29445.5,29449.75,69
2026-08-31 05:57:00-04:00,29447.75,29447.75,29449.25,29447.25,29448.25,46
2026-08-31 05:58:00-04:00,29449.75,29449.75,29451.0,29446.75,29449.5,45
2026-08-31 05:59:00-04:00,29450.5,29450.5,29450.5,29448.5,29450.0,52
2026-08-31 06:00:00-04:00,29443.75,29443.75,29453.0,29440.75,29451.5,240
2026-08-31 06:01:00-04:00,29443.75,29443.75,29451.25,29440.5,29443.75,164
2026-08-31 06:02:00-04:00,29443.5,29443.5,29444.75,29442.0,29443.5,28
2026-08-31 06:03:00-04:00,29445.75,29445.75,29449.25,29440.5,29442.25,61
2026-08-31 06:04:00-04:00,29449.25,29449.25,29449.75,29443.0,29445.0,106
2026-08-31 06:05:00-04:00,29452.5,29452.5,29455.75,29448.0,29448.5,170
2026-08-31 06:06:00-04:00,29454.5,29454.5,29457.75,29451.0,29451.75,121
2026-08-31 06:07:00-04:00,29458.75,29458.75,29460.0,29452.5,29455.5,55
2026-08-31 06:08:00-04:00,29454.75,29454.75,29458.5,29454.25,29457.25,44
2026-08-31 06:09:00-04:00,29450.0,29450.0,29457.75,29449.25,29455.5,83
2026-08-31 06:10:00-04:00,29451.0,29451.0,29452.0,29447.5,29449.0,108
2026-08-31 06:11:00-04:00,29449.5,29449.5,29457.5,29448.75,29452.0,89
2026-08-31 06:12:00-04:00,29452.75,29452.75,29454.25,29448.0,29449.5,146
2026-08-31 06:13:00-04:00,29452.75,29452.75,29456.25,29450.75,29452.5,56
2026-08-31 06:14:00-04:00,29458.0,29458.0,29460.0,29454.0,29454.25,91
2026-08-31 06:15:00-04:00,29453.75,29453.75,29457.25,29450.25,29457.25,101
2026-08-31 06:16:00-04:00,29454.75,29454.75,29458.25,29451.75,29453.75,65
2026-08-31 06:17:00-04:00,29452.75,29452.75,29455.0,29445.75,29454.5,112
2026-08-31 06:18:00-04:00,29446.25,29446.25,29453.0,29445.75,29452.0,68
2026-08-31 06:19:00-04:00,29451.0,29451.0,29454.75,29445.75,29446.75,86
2026-08-31 06:20:00-04:00,29462.0,29462.0,29463.25,29450.5,29452.75,119
2026-08-31 06:21:00-04:00,29464.5,29464.5,29466.25,29461.25,29463.25,132
2026-08-31 06:22:00-04:00,29460.5,29460.5,29466.0,29456.5,29465.25,104
2026-08-31 06:23:00-04:00,29463.5,29463.5,29464.5,29459.25,29459.25,50
2026-08-31 06:24:00-04:00,29464.5,29464.5,29467.75,29461.5,29465.0,57
2026-08-31 06:25:00-04:00,29456.25,29456.25,29464.75,29450.0,29463.5,106
2026-08-31 06:26:00-04:00,29460.0,29460.0,29461.25,29458.0,29459.5,45
2026-08-31 06:27:00-04:00,29464.0,29464.0,29467.75,29459.25,29460.25,65
2026-08-31 06:28:00-04:00,29462.0,29462.0,29466.5,29462.0,29463.5,31
2026-08-31 06:29:00-04:00,29461.0,29461.0,29464.5,29460.0,29462.0,94
2026-08-31 06:30:00-04:00,29458.0,29458.0,29461.0,29456.25,29460.75,62
2026-08-31 06:31:00-04:00,29460.0,29460.0,29460.0,29453.75,29456.75,28
2026-08-31 06:32:00-04:00,29456.75,29456.75,29458.5,29452.5,29458.5,43
2026-08-31 06:33:00-04:00,29450.0,29450.0,29456.75,29450.0,29456.75,57
2026-08-31 06:34:00-04:00,29452.25,29452.25,29454.25,29450.5,29450.5,18
2026-08-31 06:35:00-04:00,29454.5,29454.5,29457.25,29452.5,29453.75,43
2026-08-31 06:36:00-04:00,29456.0,29456.0,29459.25,29453.75,29455.0,23
2026-08-31 06:37:00-04:00,29452.0,29452.0,29456.25,29452.0,29456.25,17
2026-08-31 06:38:00-04:00,29455.25,29455.25,29455.25,29452.5,29452.5,9
2026-08-31 06:39:00-04:00,29457.75,29457.75,29460.25,29454.25,29456.0,50
2026-08-31 06:40:00-04:00,29455.5,29455.5,29459.0,29453.5,29458.25,24
2026-08-31 06:41:00-04:00,29456.5,29456.5,29456.75,29456.0,29456.0,10
2026-08-31 06:42:00-04:00,29454.5,29454.5,29457.75,29454.5,29457.0,15
2026-08-31 06:43:00-04:00,29452.5,29452.5,29455.75,29452.5,29454.25,35
2026-08-31 06:44:00-04:00,29455.25,29455.25,29456.25,29452.25,29452.25,45
2026-08-31 06:45:00-04:00,29454.0,29454.0,29456.0,29454.0,29454.0,12
2026-08-31 06:46:00-04:00,29453.5,29453.5,29454.25,29450.0,29452.5,31
2026-08-31 06:47:00-04:00,29457.0,29457.0,29459.0,29453.75,29453.75,20
2026-08-31 06:48:00-04:00,29457.25,29457.25,29459.5,29457.0,29457.75,25
2026-08-31 06:49:00-04:00,29456.0,29456.0,29458.0,29455.5,29457.75,32
2026-08-31 06:50:00-04:00,29450.5,29450.5,29456.75,29450.5,29455.75,31
2026-08-31 06:51:00-04:00,29457.0,29457.0,29458.5,29452.5,29453.25,22
2026-08-31 06:52:00-04:00,29470.0,29470.0,29471.5,29458.0,29458.0,213
2026-08-31 06:53:00-04:00,29465.75,29465.75,29470.75,29463.5,29470.75,61
2026-08-31 06:54:00-04:00,29462.25,29462.25,29466.0,29462.0,29466.0,24
2026-08-31 06:55:00-04:00,29464.75,29464.75,29465.25,29458.5,29463.0,78
2026-08-31 06:56:00-04:00,29465.25,29465.25,29465.25,29462.75,29464.25,20
2026-08-31 06:57:00-04:00,29463.5,29463.5,29465.0,29460.0,29464.25,38
2026-08-31 06:58:00-04:00,29462.0,29462.0,29463.25,29460.0,29463.0,37
2026-08-31 06:59:00-04:00,29458.75,29458.75,29462.75,29456.75,29461.0,118
2026-08-31 07:00:00-04:00,29456.5,29456.5,29463.5,29441.75,29458.25,351
2026-08-31 07:01:00-04:00,29446.75,29446.75,29459.5,29446.5,29456.5,185
2026-08-31 07:02:00-04:00,29448.75,29448.75,29450.75,29442.5,29447.25,85
2026-08-31 07:03:00-04:00,29446.75,29446.75,29451.0,29445.0,29447.75,61
2026-08-31 07:04:00-04:00,29446.25,29446.25,29446.5,29443.25,29446.0,58
2026-08-31 07:05:00-04:00,29439.25,29439.25,29447.75,29436.75,29447.5,108
2026-08-31 07:06:00-04:00,29455.5,29455.5,29459.0,29438.25,29438.5,134
2026-08-31 07:07:00-04:00,29456.75,29456.75,29458.5,29452.0,29455.0,88
2026-08-31 07:08:00-04:00,29455.5,29455.5,29460.25,29454.75,29458.0,66
2026-08-31 07:09:00-04:00,29455.25,29455.25,29458.25,29453.75,29457.25,63
2026-08-31 07:10:00-04:00,29457.5,29457.5,29459.25,29455.0,29456.0,79
2026-08-31 07:11:00-04:00,29455.25,29455.25,29457.75,29452.75,29457.25,31
2026-08-31 07:12:00-04:00,29456.5,29456.5,29458.5,29453.75,29455.5,46
2026-08-31 07:13:00-04:00,29456.25,29456.25,29457.0,29453.75,29456.5,27
2026-08-31 07:14:00-04:00,29439.5,29439.5,29455.25,29439.0,29455.25,99
2026-08-31 07:15:00-04:00,29439.75,29439.75,29442.75,29435.5,29439.25,103
2026-08-31 07:16:00-04:00,29445.5,29445.5,29447.25,29437.0,29438.75,133
2026-08-31 07:17:00-04:00,29449.75,29449.75,29450.0,29439.75,29444.0,125
2026-08-31 07:18:00-04:00,29458.25,29458.25,29459.0,29448.0,29448.25,153
2026-08-31 07:19:00-04:00,29457.75,29457.75,29461.5,29453.5,29455.5,83
2026-08-31 07:20:00-04:00,29457.0,29457.0,29459.0,29454.75,29457.25,52
2026-08-31 07:21:00-04:00,29449.0,29449.0,29457.25,29446.75,29456.0,100
2026-08-31 07:22:00-04:00,29457.0,29457.0,29457.0,29448.0,29450.25,56
2026-08-31 07:23:00-04:00,29453.25,29453.25,29460.25,29448.5,29456.0,71
2026-08-31 07:24:00-04:00,29459.5,29459.5,29461.75,29452.0,29452.5,82
2026-08-31 07:25:00-04:00,29455.75,29455.75,29460.25,29455.75,29460.0,42
2026-08-31 07:26:00-04:00,29462.25,29462.25,29464.0,29456.0,29456.75,87
2026-08-31 07:27:00-04:00,29463.75,29463.75,29463.75,29460.5,29461.5,58
2026-08-31 07:28:00-04:00,29465.5,29465.5,29465.75,29461.0,29463.0,87
2026-08-31 07:29:00-04:00,29465.0,29465.0,29471.0,29464.5,29465.25,122
2026-08-31 07:30:00-04:00,29461.75,29461.75,29466.0,29456.75,29465.5,145
2026-08-31 07:31:00-04:00,29464.0,29464.0,29464.0,29459.0,29461.5,51
2026-08-31 07:32:00-04:00,29448.25,29448.25,29466.75,29447.5,29464.25,151
2026-08-31 07:33:00-04:00,29446.0,29446.0,29447.75,29443.25,29447.25,111
2026-08-31 07:34:00-04:00,29438.0,29438.0,29447.0,29438.0,29445.0,180
2026-08-31 07:35:00-04:00,29439.75,29439.75,29441.25,29437.5,29438.0,112
2026-08-31 07:36:00-04:00,29437.25,29437.25,29440.25,29436.0,29439.0,49
2026-08-31 07:37:00-04:00,29437.25,29437.25,29438.0,29434.75,29437.75,64
2026-08-31 07:38:00-04:00,29436.5,29436.5,29439.0,29434.0,29438.25,75
2026-08-31 07:39:00-04:00,29436.5,29436.5,29437.75,29434.25,29437.0,37
2026-08-31 07:40:00-04:00,29449.25,29449.25,29459.75,29437.75,29437.75,232
2026-08-31 07:41:00-04:00,29443.0,29443.0,29452.25,29443.0,29449.75,72
2026-08-31 07:42:00-04:00,29436.0,29436.0,29442.0,29432.75,29442.0,179
2026-08-31 07:43:00-04:00,29437.5,29437.5,29438.0,29432.75,29435.0,99
2026-08-31 07:44:00-04:00,29433.5,29433.5,29438.25,29433.25,29437.5,66
2026-08-31 07:45:00-04:00,29431.0,29431.0,29440.0,29429.5,29434.0,188
2026-08-31 07:46:00-04:00,29429.0,29429.0,29432.0,29426.5,29431.0,149
2026-08-31 07:47:00-04:00,29428.25,29428.25,29429.75,29425.75,29429.5,68
2026-08-31 07:48:00-04:00,29431.0,29431.0,29431.5,29426.25,29428.25,116
2026-08-31 07:49:00-04:00,29431.0,29431.0,29431.25,29427.25,29431.0,47
2026-08-31 07:50:00-04:00,29429.5,29429.5,29436.0,29428.5,29431.0,118
2026-08-31 07:51:00-04:00,29439.0,29439.0,29439.0,29428.0,29429.25,62
2026-08-31 07:52:00-04:00,29428.0,29428.0,29439.75,29425.25,29438.5,104
2026-08-31 07:53:00-04:00,29427.75,29427.75,29433.5,29427.5,29428.0,50
2026-08-31 07:54:00-04:00,29429.0,29429.0,29433.25,29428.0,29428.5,58
2026-08-31 07:55:00-04:00,29434.5,29434.5,29435.25,29430.0,29431.75,51
2026-08-31 07:56:00-04:00,29431.0,29431.0,29433.75,29427.25,29433.0,59
2026-08-31 07:57:00-04:00,29430.75,29430.75,29432.5,29430.5,29430.5,25
2026-08-31 07:58:00-04:00,29429.0,29429.0,29430.0,29427.75,29430.0,19
2026-08-31 07:59:00-04:00,29429.75,29429.75,29430.5,29427.75,29428.75,51
2026-08-31 08:00:00-04:00,29438.5,29438.5,29442.5,29427.75,29429.75,212
2026-08-31 08:01:00-04:00,29441.75,29441.75,29442.5,29429.25,29438.5,180
2026-08-31 08:02:00-04:00,29438.75,29438.75,29443.5,29435.0,29442.0,110
2026-08-31 08:03:00-04:00,29448.0,29448.0,29449.0,29435.0,29440.25,90
2026-08-31 08:04:00-04:00,29440.75,29440.75,29449.0,29440.5,29447.75,103
2026-08-31 08:05:00-04:00,29450.75,29450.75,29451.0,29438.75,29440.75,106
2026-08-31 08:06:00-04:00,29451.5,29451.5,29453.75,29445.75,29449.0,155
2026-08-31 08:07:00-04:00,29456.25,29456.25,29457.75,29448.0,29451.75,109
2026-08-31 08:08:00-04:00,29464.0,29464.0,29466.0,29456.75,29457.0,143
2026-08-31 08:09:00-04:00,29447.75,29447.75,29470.0,29398.5,29464.0,1484
2026-08-31 08:10:00-04:00,29439.5,29439.5,29447.25,29433.5,29447.0,157
2026-08-31 08:11:00-04:00,29439.25,29439.25,29443.0,29436.75,29439.75,61
2026-08-31 08:12:00-04:00,29444.0,29444.0,29456.25,29435.75,29438.0,150
2026-08-31 08:13:00-04:00,29446.0,29446.0,29449.0,29444.25,29448.25,42
2026-08-31 08:14:00-04:00,29449.75,29449.75,29451.0,29444.0,29445.0,101
2026-08-31 08:15:00-04:00,29457.5,29457.5,29458.0,29449.75,29449.75,118
2026-08-31 08:16:00-04:00,29458.25,29458.25,29459.25,29455.0,29456.75,61
2026-08-31 08:17:00-04:00,29464.0,29464.0,29464.25,29455.5,29458.5,106
2026-08-31 08:18:00-04:00,29470.75,29470.75,29473.25,29461.0,29464.25,146
2026-08-31 08:19:00-04:00,29470.75,29470.75,29472.75,29468.5,29470.75,108
2026-08-31 08:20:00-04:00,29467.5,29467.5,29486.0,29466.0,29472.25,314
2026-08-31 08:21:00-04:00,29456.5,29456.5,29468.5,29454.25,29468.5,141
2026-08-31 08:22:00-04:00,29453.0,29453.0,29456.75,29447.25,29456.0,152
2026-08-31 08:23:00-04:00,29442.0,29442.0,29452.5,29438.75,29452.0,141
2026-08-31 08:24:00-04:00,29439.75,29439.75,29445.25,29439.0,29441.0,125
2026-08-31 08:25:00-04:00,29401.5,29401.5,29441.75,29397.0,29441.25,981
2026-08-31 08:26:00-04:00,29418.25,29418.25,29418.5,29401.25,29401.25,406
2026-08-31 08:27:00-04:00,29424.5,29424.5,29427.0,29417.5,29417.5,323
2026-08-31 08:28:00-04:00,29420.75,29420.75,29425.0,29417.0,29425.0,101
2026-08-31 08:29:00-04:00,29415.75,29415.75,29427.75,29415.0,29421.0,94
2026-08-31 08:30:00-04:00,29418.75,29418.75,29420.0,29403.25,29415.75,425
2026-08-31 08:31:00-04:00,29419.0,29419.0,29420.5,29413.25,29419.25,145
2026-08-31 08:32:00-04:00,29417.75,29417.75,29421.75,29414.0,29420.0,127
2026-08-31 08:33:00-04:00,29418.75,29418.75,29422.0,29414.75,29417.0,90
2026-08-31 08:34:00-04:00,29424.75,29424.75,29426.0,29419.25,29419.5,140
2026-08-31 08:35:00-04:00,29434.0,29434.0,29435.75,29423.0,29424.25,217
2026-08-31 08:36:00-04:00,29434.75,29434.75,29442.25,29433.0,29433.75,152
2026-08-31 08:37:00-04:00,29434.25,29434.25,29436.0,29433.75,29435.5,70
2026-08-31 08:38:00-04:00,29409.5,29409.5,29435.0,29407.25,29434.0,749
2026-08-31 08:39:00-04:00,29406.0,29406.0,29411.0,29403.75,29409.0,281
2026-08-31 08:40:00-04:00,29402.5,29402.5,29407.5,29394.0,29405.75,308
2026-08-31 08:41:00-04:00,29396.25,29396.25,29403.5,29393.25,29403.0,230
2026-08-31 08:42:00-04:00,29398.0,29398.0,29400.25,29395.25,29396.5,166
2026-08-31 08:43:00-04:00,29393.5,29393.5,29401.5,29389.75,29398.0,335
2026-08-31 08:44:00-04:00,29399.25,29399.25,29400.75,29392.25,29392.5,197
2026-08-31 08:45:00-04:00,29404.0,29404.0,29407.5,29395.5,29398.5,258
2026-08-31 08:46:00-04:00,29400.0,29400.0,29403.5,29396.5,29403.5,107
2026-08-31 08:47:00-04:00,29397.75,29397.75,29400.75,29397.25,29399.0,77
2026-08-31 08:48:00-04:00,29399.0,29399.0,29399.0,29390.75,29396.75,170
2026-08-31 08:49:00-04:00,29397.5,29397.5,29398.75,29395.0,29398.25,98
2026-08-31 08:50:00-04:00,29400.5,29400.5,29401.0,29395.75,29398.75,168
2026-08-31 08:51:00-04:00,29401.5,29401.5,29404.0,29398.0,29400.0,211
2026-08-31 08:52:00-04:00,29396.5,29396.5,29402.5,29396.5,29402.25,75
2026-08-31 08:53:00-04:00,29391.0,29391.0,29398.5,29390.5,29397.25,132
2026-08-31 08:54:00-04:00,29382.75,29382.75,29392.0,29381.25,29390.75,214
2026-08-31 08:55:00-04:00,29383.75,29383.75,29386.75,29380.0,29383.25,271
2026-08-31 08:56:00-04:00,29387.5,29387.5,29393.25,29384.0,29384.0,302
2026-08-31 08:57:00-04:00,29386.5,29386.5,29393.5,29385.25,29387.5,177
2026-08-31 08:58:00-04:00,29389.5,29389.5,29393.25,29383.25,29386.25,206
2026-08-31 08:59:00-04:00,29389.0,29389.0,29390.75,29385.75,29389.5,154
2026-08-31 09:00:00-04:00,29383.5,29383.5,29392.0,29381.0,29389.5,526
2026-08-31 09:01:00-04:00,29392.0,29392.0,29394.5,29377.5,29381.75,406
2026-08-31 09:02:00-04:00,29394.75,29394.75,29398.0,29386.75,29391.75,276
2026-08-31 09:03:00-04:00,29391.0,29391.0,29397.5,29388.25,29395.0,266
2026-08-31 09:04:00-04:00,29386.25,29386.25,29397.25,29386.25,29392.0,203
2026-08-31 09:05:00-04:00,29391.5,29391.5,29394.0,29386.0,29386.5,189
2026-08-31 09:06:00-04:00,29388.25,29388.25,29394.0,29385.75,29391.25,212
2026-08-31 09:07:00-04:00,29386.25,29386.25,29392.5,29384.5,29388.0,163
2026-08-31 09:08:00-04:00,29391.5,29391.5,29391.5,29384.75,29386.5,184
2026-08-31 09:09:00-04:00,29393.5,29393.5,29396.25,29390.75,29391.5,126
2026-08-31 09:10:00-04:00,29393.0,29393.0,29400.25,29392.75,29393.25,221
2026-08-31 09:11:00-04:00,29392.75,29392.75,29397.25,29390.75,29394.0,129
2026-08-31 09:12:00-04:00,29399.5,29399.5,29402.75,29392.5,29392.75,278
2026-08-31 09:13:00-04:00,29405.75,29405.75,29406.5,29397.5,29399.25,203
2026-08-31 09:14:00-04:00,29408.5,29408.5,29411.25,29404.75,29405.5,193
2026-08-31 09:15:00-04:00,29414.75,29414.75,29416.75,29408.25,29409.5,235
2026-08-31 09:16:00-04:00,29419.75,29419.75,29420.5,29413.5,29414.5,244
2026-08-31 09:17:00-04:00,29419.75,29419.75,29423.0,29419.0,29419.0,165
2026-08-31 09:18:00-04:00,29416.75,29416.75,29422.5,29416.0,29420.25,247
2026-08-31 09:19:00-04:00,29418.25,29418.25,29419.25,29414.5,29416.75,184
2026-08-31 09:20:00-04:00,29417.0,29417.0,29420.0,29416.25,29418.25,118
2026-08-31 09:21:00-04:00,29419.75,29419.75,29422.5,29415.0,29416.25,158
2026-08-31 09:22:00-04:00,29420.75,29420.75,29422.5,29417.0,29421.0,135
2026-08-31 09:23:00-04:00,29419.25,29419.25,29425.0,29419.25,29421.25,161
2026-08-31 09:24:00-04:00,29416.0,29416.0,29419.75,29415.25,29419.75,249
2026-08-31 09:25:00-04:00,29414.25,29414.25,29420.75,29411.25,29415.25,537
2026-08-31 09:26:00-04:00,29413.0,29413.0,29422.25,29411.0,29414.5,342
2026-08-31 09:27:00-04:00,29430.0,29430.0,29430.0,29412.0,29413.75,828
2026-08-31 09:28:00-04:00,29436.5,29436.5,29441.25,29416.75,29429.5,734
2026-08-31 09:29:00-04:00,29438.75,29438.75,29445.25,29425.5,29436.75,724
2026-08-31 09:30:00-04:00,29480.5,29480.5,29481.5,29417.5,29438.5,4819
2026-08-31 09:31:00-04:00,29506.5,29506.5,29516.75,29477.0,29480.5,3750
2026-08-31 09:32:00-04:00,29467.25,29467.25,29515.0,29465.25,29506.75,2969
2026-08-31 09:33:00-04:00,29456.5,29456.5,29478.5,29431.75,29467.75,3176
2026-08-31 09:34:00-04:00,29465.25,29465.25,29466.75,29447.75,29455.75,1820
2026-08-31 09:35:00-04:00,29409.75,29409.75,29465.75,29408.0,29465.25,2855
2026-08-31 09:36:00-04:00,29418.25,29418.25,29438.5,29394.5,29410.25,3126
2026-08-31 09:37:00-04:00,29423.0,29423.0,29436.25,29404.75,29417.5,2214
2026-08-31 09:38:00-04:00,29393.0,29393.0,29436.5,29392.75,29422.5,2274
2026-08-31 09:39:00-04:00,29398.75,29398.75,29413.0,29390.25,29392.75,1794
2026-08-31 09:40:00-04:00,29400.5,29400.5,29433.0,29391.75,29400.0,2783
2026-08-31 09:41:00-04:00,29411.25,29411.25,29417.75,29393.75,29399.0,1683
2026-08-31 09:42:00-04:00,29435.75,29435.75,29440.5,29400.5,29410.75,2201
2026-08-31 09:43:00-04:00,29413.5,29413.5,29442.25,29402.0,29436.0,1882
2026-08-31 09:44:00-04:00,29407.25,29407.25,29424.0,29402.75,29412.75,1518
2026-08-31 09:45:00-04:00,29419.0,29419.0,29425.5,29397.5,29407.75,2074
2026-08-31 09:46:00-04:00,29416.25,29416.25,29426.25,29407.0,29419.5,1399
2026-08-31 09:47:00-04:00,29470.0,29470.0,29475.5,29387.75,29416.0,4640
2026-08-31 09:48:00-04:00,29458.75,29458.75,29474.5,29446.5,29469.0,2203
2026-08-31 09:49:00-04:00,29439.5,29439.5,29457.75,29420.5,29456.25,1980
2026-08-31 09:50:00-04:00,29428.25,29428.25,29448.0,29422.0,29439.25,1397
2026-08-31 09:51:00-04:00,29459.5,29459.5,29464.0,29412.75,29428.5,2657
2026-08-31 09:52:00-04:00,29428.0,29428.0,29461.0,29424.75,29460.75,1756
2026-08-31 09:53:00-04:00,29462.0,29462.0,29464.75,29426.5,29427.0,1597
2026-08-31 09:54:00-04:00,29465.25,29465.25,29468.75,29450.5,29461.75,1415
2026-08-31 09:55:00-04:00,29465.5,29465.5,29479.0,29454.75,29465.0,1503
2026-08-31 09:56:00-04:00,29451.75,29451.75,29468.25,29445.25,29466.0,1460
2026-08-31 09:57:00-04:00,29449.75,29449.75,29458.75,29437.5,29450.75,1236
2026-08-31 09:58:00-04:00,29446.5,29446.5,29452.0,29431.25,29449.5,1356
2026-08-31 09:59:00-04:00,29438.75,29438.75,29449.75,29434.0,29447.0,994
2026-08-31 10:00:00-04:00,29435.5,29435.5,29447.75,29430.0,29439.25,1312
2026-08-31 10:01:00-04:00,29424.75,29424.75,29443.5,29420.25,29435.0,1170
2026-08-31 10:02:00-04:00,29402.25,29402.25,29426.5,29400.75,29424.75,1612
2026-08-31 10:03:00-04:00,29398.25,29398.25,29414.0,29398.0,29402.0,1239
2026-08-31 10:04:00-04:00,29403.25,29403.25,29416.75,29396.5,29398.25,1185
2026-08-31 10:05:00-04:00,29415.5,29415.5,29423.5,29394.5,29403.0,1517
2026-08-31 10:06:00-04:00,29380.5,29380.5,29419.0,29376.75,29415.0,2135
2026-08-31 10:07:00-04:00,29387.25,29387.25,29402.5,29377.5,29381.25,1418
2026-08-31 10:08:00-04:00,29396.75,29396.75,29407.0,29383.0,29388.25,1145
2026-08-31 10:09:00-04:00,29377.75,29377.75,29401.25,29377.0,29397.75,1145
2026-08-31 10:10:00-04:00,29392.75,29392.75,29393.5,29373.25,29377.75,1433
2026-08-31 10:11:00-04:00,29388.5,29388.5,29405.5,29383.25,29392.75,1329
2026-08-31 10:12:00-04:00,29377.5,29377.5,29389.25,29371.5,29387.5,1205
2026-08-31 10:13:00-04:00,29384.0,29384.0,29385.75,29371.0,29378.0,708
2026-08-31 10:14:00-04:00,29394.5,29394.5,29399.25,29380.75,29383.5,973
2026-08-31 10:15:00-04:00,29385.5,29385.5,29398.75,29381.5,29393.25,1128
2026-08-31 10:16:00-04:00,29409.5,29409.5,29412.0,29381.25,29386.5,1407
2026-08-31 10:17:00-04:00,29414.75,29414.75,29419.75,29399.5,29409.75,1634
2026-08-31 10:18:00-04:00,29408.0,29408.0,29431.5,29403.75,29415.75,1827
2026-08-31 10:19:00-04:00,29418.25,29418.25,29423.0,29406.5,29407.5,713
2026-08-31 10:20:00-04:00,29413.0,29413.0,29421.75,29402.25,29419.0,827
2026-08-31 10:21:00-04:00,29418.5,29418.5,29425.25,29406.75,29412.5,946
2026-08-31 10:22:00-04:00,29398.0,29398.0,29423.0,29397.0,29420.0,1070
2026-08-31 10:23:00-04:00,29386.75,29386.75,29398.0,29378.0,29398.0,1692
2026-08-31 10:24:00-04:00,29366.5,29366.5,29387.5,29365.75,29386.75,979
2026-08-31 10:25:00-04:00,29360.0,29360.0,29371.0,29356.0,29367.0,1569
2026-08-31 10:26:00-04:00,29358.5,29358.5,29370.5,29355.75,29360.0,960
2026-08-31 10:27:00-04:00,29369.5,29369.5,29372.75,29355.0,29358.75,946
2026-08-31 10:28:00-04:00,29379.25,29379.25,29386.75,29366.0,29370.5,1347
2026-08-31 10:29:00-04:00,29376.25,29376.25,29381.75,29365.5,29379.25,704
2026-08-31 10:30:00-04:00,29381.0,29381.0,29385.0,29368.25,29374.25,907
2026-08-31 10:31:00-04:00,29376.25,29376.25,29385.0,29364.5,29381.5,1133
2026-08-31 10:32:00-04:00,29378.0,29378.0,29381.75,29371.5,29377.0,610
2026-08-31 10:33:00-04:00,29381.0,29381.0,29385.5,29372.0,29376.75,511
2026-08-31 10:34:00-04:00,29376.25,29376.25,29388.0,29369.25,29381.0,616
2026-08-31 10:35:00-04:00,29401.75,29401.75,29404.5,29371.0,29377.0,1453
2026-08-31 10:36:00-04:00,29416.0,29416.0,29418.0,29401.25,29402.0,1433
2026-08-31 10:37:00-04:00,29411.5,29411.5,29429.5,29409.5,29416.25,1154
2026-08-31 10:38:00-04:00,29407.5,29407.5,29417.0,29404.0,29411.0,903
2026-08-31 10:39:00-04:00,29407.0,29407.0,29410.75,29400.5,29407.25,644
2026-08-31 10:40:00-04:00,29416.5,29416.5,29424.5,29403.5,29406.75,958
2026-08-31 10:41:00-04:00,29416.75,29416.75,29421.25,29407.75,29415.5,597
2026-08-31 10:42:00-04:00,29429.5,29429.5,29434.75,29416.0,29417.0,994
2026-08-31 10:43:00-04:00,29427.25,29427.25,29434.25,29424.75,29429.75,653
2026-08-31 10:44:00-04:00,29425.25,29425.25,29431.75,29416.75,29426.5,1867
2026-08-31 10:45:00-04:00,29416.5,29416.5,29428.25,29414.0,29425.25,855
2026-08-31 10:46:00-04:00,29420.75,29420.75,29425.75,29413.25,29417.5,517
2026-08-31 10:47:00-04:00,29410.75,29410.75,29420.75,29399.25,29420.25,1255
2026-08-31 10:48:00-04:00,29397.75,29397.75,29417.5,29396.5,29411.0,792
2026-08-31 10:49:00-04:00,29390.5,29390.5,29402.0,29384.25,29397.0,861
2026-08-31 10:50:00-04:00,29401.0,29401.0,29402.25,29385.5,29389.5,843
2026-08-31 10:51:00-04:00,29401.75,29401.75,29406.0,29392.75,29401.0,686
2026-08-31 10:52:00-04:00,29401.0,29401.0,29405.5,29395.75,29400.5,379
2026-08-31 10:53:00-04:00,29389.25,29389.25,29401.75,29385.25,29401.0,573
2026-08-31 10:54:00-04:00,29411.0,29411.0,29414.0,29388.5,29389.5,794
2026-08-31 10:55:00-04:00,29412.75,29412.75,29421.5,29407.25,29410.75,888
2026-08-31 10:56:00-04:00,29425.5,29425.5,29434.0,29412.0,29413.0,1173
2026-08-31 10:57:00-04:00,29442.25,29442.25,29444.25,29425.25,29426.5,1469
2026-08-31 10:58:00-04:00,29427.25,29427.25,29443.0,29424.0,29442.0,998
2026-08-31 10:59:00-04:00,29416.0,29416.0,29429.25,29407.0,29427.0,1301
2026-08-31 11:00:00-04:00,29436.5,29436.5,29442.5,29414.25,29415.25,2148
2026-08-31 11:01:00-04:00,29425.5,29425.5,29441.75,29421.25,29436.75,1107
2026-08-31 11:02:00-04:00,29404.0,29404.0,29431.25,29400.0,29426.25,1054
2026-08-31 11:03:00-04:00,29409.75,29409.75,29415.0,29395.5,29403.75,855
2026-08-31 11:04:00-04:00,29410.5,29410.5,29418.75,29396.5,29410.25,918
2026-08-31 11:05:00-04:00,29421.5,29421.5,29423.25,29405.75,29410.25,654
2026-08-31 11:06:00-04:00,29433.75,29433.75,29434.75,29415.75,29421.5,1061
2026-08-31 11:07:00-04:00,29415.0,29415.0,29436.25,29414.25,29432.75,826
2026-08-31 11:08:00-04:00,29410.0,29410.0,29415.75,29403.0,29414.75,907
2026-08-31 11:09:00-04:00,29408.25,29408.25,29414.0,29405.75,29408.75,404
2026-08-31 11:10:00-04:00,29416.5,29416.5,29425.0,29407.5,29408.5,816
2026-08-31 11:11:00-04:00,29407.5,29407.5,29417.75,29404.75,29417.25,609
2026-08-31 11:12:00-04:00,29424.5,29424.5,29425.5,29407.25,29408.0,582
2026-08-31 11:13:00-04:00,29414.25,29414.25,29431.0,29413.75,29424.5,708
2026-08-31 11:14:00-04:00,29417.25,29417.25,29417.25,29405.75,29414.0,658
2026-08-31 11:15:00-04:00,29417.75,29417.75,29427.75,29413.25,29416.75,904
2026-08-31 11:16:00-04:00,29408.75,29408.75,29419.5,29407.75,29417.75,441
2026-08-31 11:17:00-04:00,29401.5,29401.5,29410.25,29399.25,29409.0,640
2026-08-31 11:18:00-04:00,29404.5,29404.5,29407.25,29396.5,29401.75,504
2026-08-31 11:19:00-04:00,29420.25,29420.25,29420.25,29404.75,29405.0,940
2026-08-31 11:20:00-04:00,29421.25,29421.25,29422.5,29407.75,29420.25,860
2026-08-31 11:21:00-04:00,29434.75,29434.75,29437.0,29418.0,29421.0,1276
2026-08-31 11:22:00-04:00,29433.0,29433.0,29442.5,29432.25,29435.0,773
2026-08-31 11:23:00-04:00,29425.75,29425.75,29438.25,29425.75,29433.25,595
2026-08-31 11:24:00-04:00,29437.0,29437.0,29437.75,29422.5,29426.25,917
2026-08-31 11:25:00-04:00,29424.75,29424.75,29445.75,29423.5,29437.0,1026
2026-08-31 11:26:00-04:00,29428.0,29428.0,29430.0,29420.75,29425.25,508
2026-08-31 11:27:00-04:00,29429.75,29429.75,29431.0,29418.75,29427.75,533
2026-08-31 11:28:00-04:00,29431.0,29431.0,29440.0,29429.25,29430.5,666
2026-08-31 11:29:00-04:00,29421.0,29421.0,29434.0,29415.75,29431.75,861
2026-08-31 11:30:00-04:00,29403.75,29403.75,29424.75,29400.0,29420.5,1406
2026-08-31 11:31:00-04:00,29402.5,29402.5,29405.0,29386.25,29404.25,1149
2026-08-31 11:32:00-04:00,29395.25,29395.25,29409.5,29395.0,29401.75,801
2026-08-31 11:33:00-04:00,29391.0,29391.0,29398.25,29390.75,29395.25,505
2026-08-31 11:34:00-04:00,29397.25,29397.25,29401.75,29389.25,29391.0,862
2026-08-31 11:35:00-04:00,29395.75,29395.75,29402.75,29394.0,29397.25,599
2026-08-31 11:36:00-04:00,29400.75,29400.75,29404.5,29391.5,29395.75,608
2026-08-31 11:37:00-04:00,29395.75,29395.75,29404.5,29389.0,29400.25,590
2026-08-31 11:38:00-04:00,29392.0,29392.0,29400.75,29388.25,29395.75,455
2026-08-31 11:39:00-04:00,29397.25,29397.25,29398.25,29384.0,29392.25,653
2026-08-31 11:40:00-04:00,29390.5,29390.5,29398.5,29387.25,29397.25,426
2026-08-31 11:41:00-04:00,29392.5,29392.5,29394.0,29383.0,29390.75,520
2026-08-31 11:42:00-04:00,29396.25,29396.25,29398.0,29386.25,29392.25,411
2026-08-31 11:43:00-04:00,29396.0,29396.0,29407.0,29391.5,29396.25,932
2026-08-31 11:44:00-04:00,29409.0,29409.0,29409.5,29393.0,29394.75,616
2026-08-31 11:45:00-04:00,29400.25,29400.25,29414.75,29395.25,29408.5,876
2026-08-31 11:46:00-04:00,29414.25,29414.25,29418.5,29400.25,29400.75,906
2026-08-31 11:47:00-04:00,29402.25,29402.25,29417.75,29402.0,29414.0,397
2026-08-31 11:48:00-04:00,29408.75,29408.75,29412.75,29401.5,29402.25,369
2026-08-31 11:49:00-04:00,29411.0,29411.0,29414.0,29408.0,29408.5,353
2026-08-31 11:50:00-04:00,29425.75,29425.75,29426.75,29410.5,29410.5,1053
2026-08-31 11:51:00-04:00,29424.0,29424.0,29431.5,29419.5,29425.75,833
2026-08-31 11:52:00-04:00,29425.0,29425.0,29426.25,29420.0,29423.5,388
2026-08-31 11:53:00-04:00,29422.25,29422.25,29432.75,29421.25,29425.25,730
2026-08-31 11:54:00-04:00,29418.75,29418.75,29424.5,29417.5,29422.5,507
2026-08-31 11:55:00-04:00,29408.75,29408.75,29423.25,29402.5,29418.5,1101
2026-08-31 11:56:00-04:00,29398.5,29398.5,29414.5,29397.0,29409.5,752
2026-08-31 11:57:00-04:00,29400.25,29400.25,29404.0,29394.5,29398.5,601
2026-08-31 11:58:00-04:00,29395.0,29395.0,29400.5,29390.0,29400.25,680
2026-08-31 11:59:00-04:00,29388.75,29388.75,29398.75,29384.5,29394.25,850
2026-08-31 12:00:00-04:00,29379.0,29379.0,29390.5,29377.0,29389.25,994
2026-08-31 12:01:00-04:00,29379.0,29379.0,29380.25,29369.0,29379.5,1146
2026-08-31 12:02:00-04:00,29374.5,29374.5,29382.5,29372.0,29380.0,700
2026-08-31 12:03:00-04:00,29374.25,29374.25,29378.5,29371.75,29374.5,509
2026-08-31 12:04:00-04:00,29370.0,29370.0,29375.5,29365.0,29374.25,711
2026-08-31 12:05:00-04:00,29368.25,29368.25,29374.75,29366.25,29369.0,507
2026-08-31 12:06:00-04:00,29371.25,29371.25,29372.0,29362.5,29367.75,660
2026-08-31 12:07:00-04:00,29370.5,29370.5,29376.5,29368.0,29371.5,678
2026-08-31 12:08:00-04:00,29370.0,29370.0,29372.75,29364.75,29370.5,514
2026-08-31 12:09:00-04:00,29373.25,29373.25,29378.0,29368.5,29369.5,716
2026-08-31 12:10:00-04:00,29397.0,29397.0,29399.5,29370.5,29373.75,1385
2026-08-31 12:11:00-04:00,29406.5,29406.5,29408.0,29391.75,29397.25,904
2026-08-31 12:12:00-04:00,29402.5,29402.5,29412.75,29399.5,29406.0,880
2026-08-31 12:13:00-04:00,29397.25,29397.25,29404.0,29395.5,29402.75,420
2026-08-31 12:14:00-04:00,29407.25,29407.25,29412.0,29393.75,29396.5,564
2026-08-31 12:15:00-04:00,29404.5,29404.5,29410.75,29404.0,29407.75,447
2026-08-31 12:16:00-04:00,29396.75,29396.75,29406.5,29393.5,29404.5,472
2026-08-31 12:17:00-04:00,29389.75,29389.75,29397.25,29381.5,29396.5,1069
2026-08-31 12:18:00-04:00,29387.75,29387.75,29391.5,29385.0,29390.25,429
2026-08-31 12:19:00-04:00,29399.0,29399.0,29400.25,29385.0,29388.0,493
2026-08-31 12:20:00-04:00,29404.0,29404.0,29406.25,29399.0,29400.0,791
2026-08-31 12:21:00-04:00,29402.5,29402.5,29407.25,29398.0,29404.0,444
2026-08-31 12:22:00-04:00,29399.5,29399.5,29404.0,29389.75,29402.75,461
2026-08-31 12:23:00-04:00,29392.5,29392.5,29400.75,29391.75,29399.0,374
2026-08-31 12:24:00-04:00,29400.25,29400.25,29404.75,29391.5,29392.5,385
2026-08-31 12:25:00-04:00,29405.0,29405.0,29408.5,29399.75,29400.5,693
2026-08-31 12:26:00-04:00,29413.75,29413.75,29414.0,29401.25,29405.0,501
2026-08-31 12:27:00-04:00,29417.25,29417.25,29417.5,29410.75,29413.25,648
2026-08-31 12:28:00-04:00,29419.75,29419.75,29421.25,29413.25,29417.5,586
2026-08-31 12:29:00-04:00,29425.0,29425.0,29426.5,29419.5,29419.75,661
2026-08-31 12:30:00-04:00,29414.5,29414.5,29426.75,29412.75,29425.0,1837
2026-08-31 12:31:00-04:00,29413.75,29413.75,29421.5,29408.0,29414.5,578
2026-08-31 12:32:00-04:00,29413.75,29413.75,29415.25,29409.75,29414.0,361
2026-08-31 12:33:00-04:00,29414.0,29414.0,29418.75,29412.5,29413.5,369
2026-08-31 12:34:00-04:00,29416.0,29416.0,29422.0,29412.75,29414.0,334
2026-08-31 12:35:00-04:00,29419.5,29419.5,29426.25,29416.25,29416.25,442
2026-08-31 12:36:00-04:00,29420.0,29420.0,29424.0,29417.0,29419.0,319
2026-08-31 12:37:00-04:00,29415.75,29415.75,29420.5,29413.5,29419.75,379
2026-08-31 12:38:00-04:00,29404.75,29404.75,29419.25,29404.25,29416.25,496
2026-08-31 12:39:00-04:00,29395.25,29395.25,29407.75,29395.25,29404.75,696
2026-08-31 12:40:00-04:00,29404.75,29404.75,29404.75,29394.25,29396.25,464
2026-08-31 12:41:00-04:00,29423.25,29423.25,29423.75,29404.5,29405.0,723
2026-08-31 12:42:00-04:00,29417.75,29417.75,29425.0,29416.0,29423.75,597
2026-08-31 12:43:00-04:00,29428.5,29428.5,29430.75,29413.5,29417.75,672
2026-08-31 12:44:00-04:00,29413.5,29413.5,29428.75,29412.5,29428.5,597
2026-08-31 12:45:00-04:00,29413.25,29413.25,29418.5,29412.0,29413.25,338
2026-08-31 12:46:00-04:00,29412.25,29412.25,29416.5,29409.5,29413.25,302
2026-08-31 12:47:00-04:00,29413.5,29413.5,29416.0,29409.75,29412.25,210
2026-08-31 12:48:00-04:00,29428.0,29428.0,29428.0,29412.0,29413.25,376
2026-08-31 12:49:00-04:00,29426.25,29426.25,29433.75,29424.75,29428.0,632
2026-08-31 12:50:00-04:00,29432.0,29432.0,29433.0,29421.75,29426.25,592
2026-08-31 12:51:00-04:00,29435.25,29435.25,29437.5,29430.5,29431.75,469
2026-08-31 12:52:00-04:00,29430.5,29430.5,29438.0,29428.5,29435.25,581
2026-08-31 12:53:00-04:00,29433.25,29433.25,29439.75,29430.5,29430.5,542
2026-08-31 12:54:00-04:00,29431.5,29431.5,29434.5,29428.25,29433.25,415
2026-08-31 12:55:00-04:00,29434.0,29434.0,29437.75,29431.0,29431.5,315
2026-08-31 12:56:00-04:00,29437.0,29437.0,29439.25,29433.25,29434.5,318
2026-08-31 12:57:00-04:00,29441.0,29441.0,29443.0,29436.0,29436.5,502
2026-08-31 12:58:00-04:00,29437.0,29437.0,29443.0,29436.5,29441.25,344
2026-08-31 12:59:00-04:00,29440.5,29440.5,29443.25,29431.25,29436.75,521
2026-08-31 13:00:00-04:00,29430.0,29430.0,29441.0,29430.0,29440.0,534
2026-08-31 13:01:00-04:00,29437.5,29437.5,29438.25,29426.5,29430.25,490
2026-08-31 13:02:00-04:00,29434.75,29434.75,29438.25,29429.75,29437.75,275
2026-08-31 13:03:00-04:00,29426.5,29426.5,29436.75,29426.25,29434.75,220
2026-08-31 13:04:00-04:00,29430.25,29430.25,29430.25,29423.0,29426.75,384
2026-08-31 13:05:00-04:00,29428.0,29428.0,29438.25,29428.0,29429.25,466
2026-08-31 13:06:00-04:00,29424.5,29424.5,29429.75,29420.75,29428.0,355
2026-08-31 13:07:00-04:00,29427.0,29427.0,29428.0,29420.5,29424.5,266
2026-08-31 13:08:00-04:00,29420.0,29420.0,29430.5,29417.75,29427.25,391
2026-08-31 13:09:00-04:00,29419.5,29419.5,29423.75,29419.25,29419.75,206
2026-08-31 13:10:00-04:00,29416.75,29416.75,29422.25,29415.5,29419.25,376
2026-08-31 13:11:00-04:00,29420.0,29420.0,29421.25,29415.25,29416.75,299
2026-08-31 13:12:00-04:00,29420.25,29420.25,29422.25,29417.25,29419.75,312
2026-08-31 13:13:00-04:00,29421.75,29421.75,29427.0,29419.25,29419.75,382
2026-08-31 13:14:00-04:00,29423.5,29423.5,29426.25,29419.25,29422.5,327
2026-08-31 13:15:00-04:00,29427.0,29427.0,29427.5,29416.0,29423.75,345
2026-08-31 13:16:00-04:00,29433.75,29433.75,29433.75,29426.0,29427.5,474
2026-08-31 13:17:00-04:00,29421.75,29421.75,29434.0,29421.75,29433.5,403
2026-08-31 13:18:00-04:00,29416.25,29416.25,29423.75,29416.0,29422.5,333
2026-08-31 13:19:00-04:00,29420.0,29420.0,29422.5,29411.25,29416.0,511
2026-08-31 13:20:00-04:00,29417.75,29417.75,29421.5,29413.75,29419.0,429
2026-08-31 13:21:00-04:00,29417.5,29417.5,29420.5,29414.5,29416.75,283
2026-08-31 13:22:00-04:00,29421.25,29421.25,29425.5,29415.0,29416.5,281
2026-08-31 13:23:00-04:00,29424.25,29424.25,29425.25,29420.5,29421.5,178
2026-08-31 13:24:00-04:00,29418.5,29418.5,29424.0,29417.75,29424.0,165
2026-08-31 13:25:00-04:00,29405.0,29405.0,29420.25,29404.5,29418.5,610
2026-08-31 13:26:00-04:00,29401.25,29401.25,29406.0,29401.25,29405.25,442
2026-08-31 13:27:00-04:00,29403.25,29403.25,29403.75,29399.0,29401.25,349
2026-08-31 13:28:00-04:00,29400.25,29400.25,29404.75,29399.75,29403.0,331
2026-08-31 13:29:00-04:00,29396.75,29396.75,29401.5,29393.25,29400.0,498
2026-08-31 13:30:00-04:00,29394.0,29394.0,29398.5,29391.75,29396.75,565
2026-08-31 13:31:00-04:00,29397.25,29397.25,29398.0,29389.25,29393.5,564
2026-08-31 13:32:00-04:00,29400.75,29400.75,29401.75,29393.25,29398.0,650
2026-08-31 13:33:00-04:00,29403.25,29403.25,29404.25,29399.0,29401.25,384
2026-08-31 13:34:00-04:00,29388.25,29388.25,29405.0,29388.25,29403.5,588
2026-08-31 13:35:00-04:00,29397.25,29397.25,29399.75,29388.0,29388.5,483
2026-08-31 13:36:00-04:00,29409.5,29409.5,29410.0,29394.0,29397.5,602
2026-08-31 13:37:00-04:00,29409.25,29409.25,29412.5,29407.25,29409.0,502
2026-08-31 13:38:00-04:00,29406.0,29406.0,29410.75,29404.25,29409.25,359
2026-08-31 13:39:00-04:00,29416.75,29416.75,29417.0,29405.5,29407.0,397
2026-08-31 13:40:00-04:00,29420.5,29420.5,29422.0,29414.75,29416.25,678
2026-08-31 13:41:00-04:00,29432.5,29432.5,29432.5,29420.25,29421.0,639
2026-08-31 13:42:00-04:00,29424.5,29424.5,29434.5,29424.5,29432.0,561
2026-08-31 13:43:00-04:00,29437.0,29437.0,29439.25,29422.25,29424.25,621
2026-08-31 13:44:00-04:00,29439.5,29439.5,29439.75,29434.75,29437.25,368
2026-08-31 13:45:00-04:00,29436.75,29436.75,29443.75,29435.0,29439.75,755
2026-08-31 13:46:00-04:00,29436.25,29436.25,29438.75,29430.75,29436.75,445
2026-08-31 13:47:00-04:00,29439.25,29439.25,29441.25,29435.75,29436.25,372
2026-08-31 13:48:00-04:00,29439.75,29439.75,29442.75,29436.0,29439.75,237
2026-08-31 13:49:00-04:00,29437.0,29437.0,29445.0,29436.75,29439.5,414
2026-08-31 13:50:00-04:00,29450.5,29450.5,29456.5,29436.0,29437.0,1234
2026-08-31 13:51:00-04:00,29454.25,29454.25,29456.25,29449.75,29450.25,434
2026-08-31 13:52:00-04:00,29451.0,29451.0,29457.5,29450.0,29454.0,470
2026-08-31 13:53:00-04:00,29453.0,29453.0,29455.5,29448.25,29451.0,292
2026-08-31 13:54:00-04:00,29453.75,29453.75,29454.0,29449.75,29452.75,278
2026-08-31 13:55:00-04:00,29450.0,29450.0,29456.25,29446.5,29453.0,428
2026-08-31 13:56:00-04:00,29446.75,29446.75,29450.5,29444.5,29449.0,377
2026-08-31 13:57:00-04:00,29437.25,29437.25,29447.75,29435.75,29446.5,473
2026-08-31 13:58:00-04:00,29435.5,29435.5,29438.5,29432.5,29436.75,491
2026-08-31 13:59:00-04:00,29442.0,29442.0,29442.0,29434.5,29435.25,483
2026-08-31 14:00:00-04:00,29428.0,29428.0,29442.0,29422.25,29442.0,1390
2026-08-31 14:01:00-04:00,29440.25,29440.25,29442.5,29427.0,29427.5,732
2026-08-31 14:02:00-04:00,29441.75,29441.75,29446.75,29435.0,29440.25,649
2026-08-31 14:03:00-04:00,29450.0,29450.0,29453.0,29440.75,29441.75,483
2026-08-31 14:04:00-04:00,29452.0,29452.0,29453.75,29447.0,29450.75,337
2026-08-31 14:05:00-04:00,29444.0,29444.0,29451.0,29442.5,29451.0,369
2026-08-31 14:06:00-04:00,29456.0,29456.0,29456.0,29443.25,29444.0,476
2026-08-31 14:07:00-04:00,29450.0,29450.0,29456.75,29448.25,29455.25,317
2026-08-31 14:08:00-04:00,29454.75,29454.75,29455.5,29448.75,29450.5,292
2026-08-31 14:09:00-04:00,29454.75,29454.75,29458.75,29452.75,29454.75,414
2026-08-31 14:10:00-04:00,29452.25,29452.25,29456.0,29450.5,29455.5,344
2026-08-31 14:11:00-04:00,29447.75,29447.75,29453.5,29444.75,29452.5,363
2026-08-31 14:12:00-04:00,29444.75,29444.75,29448.0,29443.5,29447.5,295
2026-08-31 14:13:00-04:00,29443.25,29443.25,29450.75,29442.25,29444.25,342
2026-08-31 14:14:00-04:00,29446.75,29446.75,29449.75,29443.0,29443.0,160
2026-08-31 14:15:00-04:00,29452.0,29452.0,29453.75,29446.5,29446.75,312
2026-08-31 14:16:00-04:00,29455.75,29455.75,29457.75,29444.75,29452.0,434
2026-08-31 14:17:00-04:00,29451.0,29451.0,29455.5,29449.0,29455.25,228
2026-08-31 14:18:00-04:00,29454.0,29454.0,29455.5,29448.25,29450.5,225
2026-08-31 14:19:00-04:00,29454.25,29454.25,29454.5,29449.75,29453.25,138
2026-08-31 14:20:00-04:00,29456.75,29456.75,29464.25,29452.25,29454.25,635
2026-08-31 14:21:00-04:00,29448.25,29448.25,29456.5,29447.25,29456.5,432
2026-08-31 14:22:00-04:00,29446.25,29446.25,29450.75,29444.5,29447.5,325
2026-08-31 14:23:00-04:00,29455.0,29455.0,29456.0,29445.75,29446.0,312
2026-08-31 14:24:00-04:00,29454.5,29454.5,29460.25,29453.25,29455.25,372
2026-08-31 14:25:00-04:00,29447.25,29447.25,29455.25,29445.0,29453.5,485
2026-08-31 14:26:00-04:00,29441.5,29441.5,29447.75,29437.75,29446.25,605
2026-08-31 14:27:00-04:00,29443.5,29443.5,29446.75,29441.75,29442.25,298
2026-08-31 14:28:00-04:00,29443.0,29443.0,29448.5,29442.75,29444.0,259
2026-08-31 14:29:00-04:00,29438.25,29438.25,29445.5,29437.25,29442.75,400
2026-08-31 14:30:00-04:00,29441.5,29441.5,29443.25,29436.5,29438.0,547
2026-08-31 14:31:00-04:00,29438.0,29438.0,29442.25,29433.5,29441.75,471
2026-08-31 14:32:00-04:00,29436.5,29436.5,29438.0,29431.0,29437.75,333
2026-08-31 14:33:00-04:00,29430.75,29430.75,29436.5,29430.5,29436.5,192
2026-08-31 14:34:00-04:00,29424.0,29424.0,29433.75,29422.25,29430.75,500
2026-08-31 14:35:00-04:00,29411.5,29411.5,29429.25,29409.75,29423.75,1198
2026-08-31 14:36:00-04:00,29412.0,29412.0,29415.75,29407.0,29411.5,715
2026-08-31 14:37:00-04:00,29407.25,29407.25,29413.75,29406.0,29412.25,460
2026-08-31 14:38:00-04:00,29394.0,29394.0,29409.25,29391.5,29407.75,974
2026-08-31 14:39:00-04:00,29397.5,29397.5,29401.75,29393.0,29394.0,626
2026-08-31 14:40:00-04:00,29401.5,29401.5,29402.25,29392.0,29397.25,707
2026-08-31 14:41:00-04:00,29390.75,29390.75,29404.0,29390.0,29400.75,697
2026-08-31 14:42:00-04:00,29398.25,29398.25,29402.75,29388.5,29390.75,580
2026-08-31 14:43:00-04:00,29388.5,29388.5,29398.25,29382.5,29398.25,883
2026-08-31 14:44:00-04:00,29399.0,29399.0,29399.75,29386.75,29388.5,517
2026-08-31 14:45:00-04:00,29394.0,29394.0,29401.75,29392.75,29399.75,432
2026-08-31 14:46:00-04:00,29397.5,29397.5,29397.75,29391.25,29394.0,360
2026-08-31 14:47:00-04:00,29394.5,29394.5,29400.25,29392.5,29397.5,375
2026-08-31 14:48:00-04:00,29404.25,29404.25,29404.5,29390.5,29394.25,463
2026-08-31 14:49:00-04:00,29404.5,29404.5,29406.0,29401.0,29404.0,673
2026-08-31 14:50:00-04:00,29401.25,29401.25,29405.75,29397.5,29404.5,446
2026-08-31 14:51:00-04:00,29402.25,29402.25,29405.0,29396.0,29401.0,320
2026-08-31 14:52:00-04:00,29408.75,29408.75,29410.0,29402.0,29402.75,444
2026-08-31 14:53:00-04:00,29410.25,29410.25,29415.0,29405.75,29408.5,569
2026-08-31 14:54:00-04:00,29409.25,29409.25,29414.5,29405.0,29410.5,296
2026-08-31 14:55:00-04:00,29402.0,29402.0,29408.75,29400.25,29408.75,391
2026-08-31 14:56:00-04:00,29409.25,29409.25,29411.5,29400.5,29402.5,345
2026-08-31 14:57:00-04:00,29409.0,29409.0,29414.25,29404.75,29409.5,377
2026-08-31 14:58:00-04:00,29414.75,29414.75,29416.25,29408.5,29409.25,435
2026-08-31 14:59:00-04:00,29403.75,29403.75,29420.25,29403.5,29414.5,664
2026-08-31 15:00:00-04:00,29419.0,29419.0,29425.5,29404.5,29404.5,966
2026-08-31 15:01:00-04:00,29413.75,29413.75,29422.5,29410.75,29419.25,461
2026-08-31 15:02:00-04:00,29415.75,29415.75,29419.0,29412.25,29413.75,349
2026-08-31 15:03:00-04:00,29417.5,29417.5,29419.25,29414.75,29416.0,202
2026-08-31 15:04:00-04:00,29411.75,29411.75,29417.5,29411.5,29417.5,289
2026-08-31 15:05:00-04:00,29410.75,29410.75,29416.75,29408.5,29412.0,358
2026-08-31 15:06:00-04:00,29408.5,29408.5,29411.75,29403.5,29410.75,503
2026-08-31 15:07:00-04:00,29413.25,29413.25,29414.25,29407.5,29408.0,248
2026-08-31 15:08:00-04:00,29421.25,29421.25,29421.75,29412.75,29413.0,381
2026-08-31 15:09:00-04:00,29422.0,29422.0,29424.0,29418.25,29421.5,299
2026-08-31 15:10:00-04:00,29423.5,29423.5,29428.25,29421.25,29421.5,657
2026-08-31 15:11:00-04:00,29421.75,29421.75,29427.5,29418.75,29423.75,381
2026-08-31 15:12:00-04:00,29422.0,29422.0,29426.75,29419.75,29421.75,417
2026-08-31 15:13:00-04:00,29421.25,29421.25,29422.0,29414.75,29421.0,329
2026-08-31 15:14:00-04:00,29425.5,29425.5,29429.75,29421.0,29421.25,522
2026-08-31 15:15:00-04:00,29421.5,29421.5,29428.5,29419.25,29425.5,408
2026-08-31 15:16:00-04:00,29425.5,29425.5,29426.25,29420.0,29422.25,304
2026-08-31 15:17:00-04:00,29423.25,29423.25,29428.75,29421.25,29425.5,344
2026-08-31 15:18:00-04:00,29422.75,29422.75,29424.0,29417.25,29423.25,240
2026-08-31 15:19:00-04:00,29421.75,29421.75,29426.0,29421.5,29422.5,320
2026-08-31 15:20:00-04:00,29423.0,29423.0,29425.0,29419.75,29421.75,340
2026-08-31 15:21:00-04:00,29420.5,29420.5,29426.5,29419.0,29423.0,424
2026-08-31 15:22:00-04:00,29432.25,29432.25,29432.25,29419.25,29420.25,485
2026-08-31 15:23:00-04:00,29432.25,29432.25,29441.75,29430.75,29432.5,1011
2026-08-31 15:24:00-04:00,29432.75,29432.75,29436.0,29432.0,29432.75,369
2026-08-31 15:25:00-04:00,29430.75,29430.75,29435.0,29428.75,29432.75,318
2026-08-31 15:26:00-04:00,29436.0,29436.0,29438.75,29427.75,29431.25,485
2026-08-31 15:27:00-04:00,29447.75,29447.75,29448.25,29435.5,29436.5,543
2026-08-31 15:28:00-04:00,29447.0,29447.0,29453.5,29446.0,29448.25,1031
2026-08-31 15:29:00-04:00,29448.25,29448.25,29450.25,29443.75,29446.75,459
2026-08-31 15:30:00-04:00,29443.25,29443.25,29449.5,29440.0,29447.75,596
2026-08-31 15:31:00-04:00,29434.5,29434.5,29447.25,29432.0,29443.75,726
2026-08-31 15:32:00-04:00,29435.25,29435.25,29439.0,29434.25,29434.25,352
2026-08-31 15:33:00-04:00,29436.5,29436.5,29437.25,29430.5,29435.25,397
2026-08-31 15:34:00-04:00,29444.5,29444.5,29444.75,29434.75,29436.5,469
2026-08-31 15:35:00-04:00,29448.25,29448.25,29449.25,29439.75,29444.5,490
2026-08-31 15:36:00-04:00,29446.0,29446.0,29452.75,29445.5,29448.25,483
2026-08-31 15:37:00-04:00,29451.25,29451.25,29454.0,29445.25,29445.25,364
2026-08-31 15:38:00-04:00,29450.0,29450.0,29456.5,29449.25,29451.5,353
2026-08-31 15:39:00-04:00,29451.5,29451.5,29453.75,29448.25,29450.0,307
2026-08-31 15:40:00-04:00,29449.75,29449.75,29453.5,29447.25,29451.5,324
2026-08-31 15:41:00-04:00,29456.75,29456.75,29457.5,29449.25,29449.75,833
2026-08-31 15:42:00-04:00,29471.0,29471.0,29475.75,29456.0,29456.75,2002
2026-08-31 15:43:00-04:00,29479.75,29479.75,29482.25,29469.0,29471.25,968
2026-08-31 15:44:00-04:00,29477.0,29477.0,29483.25,29474.75,29479.75,803
2026-08-31 15:45:00-04:00,29480.25,29480.25,29481.0,29471.0,29476.75,846
2026-08-31 15:46:00-04:00,29477.25,29477.25,29485.75,29468.75,29480.25,970
2026-08-31 15:47:00-04:00,29463.75,29463.75,29478.0,29461.0,29477.25,753
2026-08-31 15:48:00-04:00,29462.5,29462.5,29470.25,29458.5,29464.0,827
2026-08-31 15:49:00-04:00,29474.5,29474.5,29476.5,29458.75,29462.5,928
2026-08-31 15:50:00-04:00,29513.5,29513.5,29528.25,29474.5,29474.5,4474
2026-08-31 15:51:00-04:00,29526.0,29526.0,29528.75,29505.75,29514.75,1562
2026-08-31 15:52:00-04:00,29531.0,29531.0,29534.5,29521.0,29526.5,1661
2026-08-31 15:53:00-04:00,29519.0,29519.0,29533.25,29516.25,29531.0,1288
2026-08-31 15:54:00-04:00,29524.5,29524.5,29526.0,29501.75,29519.25,2086
2026-08-31 15:55:00-04:00,29506.5,29506.5,29524.5,29502.25,29524.0,1949
2026-08-31 15:56:00-04:00,29515.5,29515.5,29515.5,29503.0,29506.0,917
2026-08-31 15:57:00-04:00,29509.25,29509.25,29518.25,29507.0,29515.25,1030
2026-08-31 15:58:00-04:00,29509.75,29509.75,29514.5,29504.25,29509.25,2226
2026-08-31 15:59:00-04:00,29506.0,29506.0,29538.25,29498.0,29509.25,13212
2026-08-31 16:00:00-04:00,29517.25,29517.25,29525.75,29503.75,29506.5,3210
2026-08-31 16:01:00-04:00,29525.25,29525.25,29525.5,29512.75,29517.25,725
2026-08-31 16:02:00-04:00,29521.5,29521.5,29526.25,29514.0,29525.0,729
2026-08-31 16:03:00-04:00,29522.75,29522.75,29527.5,29519.25,29521.75,383
2026-08-31 16:04:00-04:00,29516.5,29516.5,29523.75,29516.0,29522.25,312
2026-08-31 16:05:00-04:00,29519.5,29519.5,29522.25,29515.75,29516.75,266
2026-08-31 16:06:00-04:00,29518.5,29518.5,29520.75,29514.0,29519.25,338
2026-08-31 16:07:00-04:00,29521.25,29521.25,29522.75,29517.0,29518.25,201
2026-08-31 16:08:00-04:00,29525.25,29525.25,29527.25,29521.0,29521.0,333
2026-08-31 16:09:00-04:00,29519.5,29519.5,29525.5,29516.0,29525.0,238
2026-08-31 16:10:00-04:00,29519.75,29519.75,29524.25,29519.0,29520.75,143
2026-08-31 16:11:00-04:00,29520.75,29520.75,29522.0,29518.75,29519.75,138
2026-08-31 16:12:00-04:00,29513.75,29513.75,29521.75,29513.25,29520.75,257
2026-08-31 16:13:00-04:00,29511.25,29511.25,29516.25,29509.0,29513.25,277
2026-08-31 16:14:00-04:00,29511.5,29511.5,29511.75,29508.0,29510.75,283
2026-08-31 16:15:00-04:00,29512.0,29512.0,29515.5,29511.0,29511.5,200
2026-08-31 16:16:00-04:00,29512.5,29512.5,29514.25,29509.0,29512.5,114
2026-08-31 16:17:00-04:00,29513.0,29513.0,29515.5,29511.75,29513.25,113
2026-08-31 16:18:00-04:00,29514.25,29514.25,29515.0,29512.25,29513.75,123
2026-08-31 16:19:00-04:00,29513.0,29513.0,29514.0,29510.75,29514.0,48
2026-08-31 16:20:00-04:00,29508.0,29508.0,29512.25,29507.0,29512.25,86
2026-08-31 16:21:00-04:00,29510.25,29510.25,29511.5,29508.0,29508.0,93
2026-08-31 16:22:00-04:00,29509.0,29509.0,29511.5,29507.5,29510.5,125
2026-08-31 16:23:00-04:00,29508.5,29508.5,29509.5,29508.0,29509.25,22
2026-08-31 16:24:00-04:00,29510.5,29510.5,29511.25,29508.0,29508.75,92
2026-08-31 16:25:00-04:00,29516.0,29516.0,29516.0,29509.5,29510.75,127
2026-08-31 16:26:00-04:00,29515.0,29515.0,29516.75,29513.5,29515.5,68
2026-08-31 16:27:00-04:00,29514.5,29514.5,29515.5,29514.0,29515.5,42
2026-08-31 16:28:00-04:00,29513.75,29513.75,29515.5,29512.25,29514.75,99
2026-08-31 16:29:00-04:00,29513.75,29513.75,29515.0,29513.5,29513.5,44
2026-08-31 16:30:00-04:00,29512.0,29512.0,29513.0,29511.5,29513.0,49
2026-08-31 16:31:00-04:00,29511.25,29511.25,29512.5,29510.0,29511.75,88
2026-08-31 16:32:00-04:00,29513.75,29513.75,29514.75,29511.0,29511.5,53
2026-08-31 16:33:00-04:00,29513.0,29513.0,29513.0,29511.25,29512.75,40
2026-08-31 16:34:00-04:00,29514.75,29514.75,29516.0,29512.75,29512.75,104
2026-08-31 16:35:00-04:00,29516.0,29516.0,29516.0,29513.75,29515.0,38
2026-08-31 16:36:00-04:00,29513.25,29513.25,29517.5,29513.25,29516.5,71
2026-08-31 16:37:00-04:00,29514.5,29514.5,29514.75,29513.25,29513.5,45
2026-08-31 16:38:00-04:00,29517.25,29517.25,29517.25,29514.75,29514.75,30
2026-08-31 16:39:00-04:00,29516.0,29516.0,29517.0,29515.5,29516.75,35
2026-08-31 16:40:00-04:00,29517.0,29517.0,29517.5,29516.0,29516.5,49
2026-08-31 16:41:00-04:00,29518.5,29518.5,29518.5,29516.25,29516.75,61
2026-08-31 16:42:00-04:00,29519.25,29519.25,29520.5,29516.75,29518.75,191
2026-08-31 16:43:00-04:00,29517.5,29517.5,29519.0,29516.75,29518.75,51
2026-08-31 16:44:00-04:00,29516.75,29516.75,29517.75,29515.75,29517.5,68
2026-08-31 16:45:00-04:00,29515.5,29515.5,29517.75,29514.25,29516.75,98
2026-08-31 16:46:00-04:00,29513.25,29513.25,29515.75,29512.5,29515.25,56
2026-08-31 16:47:00-04:00,29512.25,29512.25,29513.75,29511.75,29513.0,49
2026-08-31 16:48:00-04:00,29513.25,29513.25,29514.0,29511.75,29512.0,46
2026-08-31 16:49:00-04:00,29507.5,29507.5,29512.75,29507.5,29512.25,82
2026-08-31 16:50:00-04:00,29510.75,29510.75,29511.75,29507.0,29507.0,73
2026-08-31 16:51:00-04:00,29511.5,29511.5,29512.25,29509.0,29511.0,93
2026-08-31 16:52:00-04:00,29514.75,29514.75,29514.75,29511.25,29512.0,81
2026-08-31 16:53:00-04:00,29516.75,29516.75,29517.5,29514.75,29515.25,53
2026-08-31 16:54:00-04:00,29517.0,29517.0,29517.0,29516.0,29516.5,44
2026-08-31 16:55:00-04:00,29514.5,29514.5,29517.5,29514.0,29516.75,83
2026-08-31 16:56:00-04:00,29515.75,29515.75,29518.75,29514.0,29514.75,134
2026-08-31 16:57:00-04:00,29515.75,29515.75,29517.5,29514.25,29515.75,33
2026-08-31 16:58:00-04:00,29517.5,29517.5,29517.75,29513.75,29516.25,56
2026-08-31 16:59:00-04:00,29521.0,29521.0,29521.25,29517.25,29517.25,150
2026-08-31 18:00:00-04:00,29510.5,29510.5,29522.5,29506.5,29518.25,0
2026-08-31 18:01:00-04:00,29513.0,29513.0,29514.25,29504.0,29510.0,164
2026-08-31 18:02:00-04:00,29506.25,29506.25,29515.5,29502.0,29513.0,143
2026-08-31 18:03:00-04:00,29502.75,29502.75,29507.25,29501.5,29505.5,55
2026-08-31 18:04:00-04:00,29506.25,29506.25,29509.0,29502.0,29504.5,99
2026-08-31 18:05:00-04:00,29509.0,29509.0,29513.25,29506.75,29507.75,93
2026-08-31 18:06:00-04:00,29506.75,29506.75,29509.25,29501.75,29509.25,69
2026-08-31 18:07:00-04:00,29504.0,29504.0,29508.0,29504.0,29505.75,43
2026-08-31 18:08:00-04:00,29506.0,29506.0,29507.0,29501.25,29504.0,45
2026-08-31 18:09:00-04:00,29507.75,29507.75,29510.0,29505.0,29505.5,35
2026-08-31 18:10:00-04:00,29505.25,29505.25,29510.75,29505.25,29509.0,60
2026-08-31 18:11:00-04:00,29505.75,29505.75,29509.75,29503.0,29505.75,123
2026-08-31 18:12:00-04:00,29507.0,29507.0,29509.75,29506.5,29507.5,44
2026-08-31 18:13:00-04:00,29505.75,29505.75,29506.0,29504.0,29506.0,25
2026-08-31 18:14:00-04:00,29507.75,29507.75,29508.0,29503.0,29504.75,31
2026-08-31 18:15:00-04:00,29505.0,29505.0,29508.5,29505.0,29507.0,36
2026-08-31 18:16:00-04:00,29501.25,29501.25,29505.0,29498.5,29503.5,86
2026-08-31 18:17:00-04:00,29502.5,29502.5,29503.0,29500.5,29501.5,32
2026-08-31 18:18:00-04:00,29501.5,29501.5,29501.5,29498.75,29501.5,35
2026-08-31 18:19:00-04:00,29501.5,29501.5,29503.25,29500.5,29500.5,27
2026-08-31 18:20:00-04:00,29502.0,29502.0,29502.0,29500.0,29502.0,18
2026-08-31 18:21:00-04:00,29502.5,29502.5,29502.75,29501.5,29502.5,18
2026-08-31 18:22:00-04:00,29501.5,29501.5,29503.0,29501.5,29502.75,17
2026-08-31 18:23:00-04:00,29500.5,29500.5,29501.5,29500.25,29501.5,5
2026-08-31 18:24:00-04:00,29503.75,29503.75,29503.75,29500.0,29500.25,19
2026-08-31 18:25:00-04:00,29502.75,29502.75,29505.75,29501.25,29504.5,35
2026-08-31 18:26:00-04:00,29502.0,29502.0,29503.0,29502.0,29502.75,12
2026-08-31 18:27:00-04:00,29503.25,29503.25,29503.25,29500.75,29502.5,16
2026-08-31 18:28:00-04:00,29502.5,29502.5,29505.0,29502.5,29504.0,37
2026-08-31 18:29:00-04:00,29501.75,29501.75,29504.25,29501.25,29502.75,20
2026-08-31 18:30:00-04:00,29504.75,29504.75,29505.0,29501.75,29502.5,40
2026-08-31 18:31:00-04:00,29503.75,29503.75,29504.75,29503.0,29504.0,21
2026-08-31 18:32:00-04:00,29503.75,29503.75,29504.75,29502.5,29504.75,24
2026-08-31 18:33:00-04:00,29503.0,29503.0,29506.5,29503.0,29504.75,51
2026-08-31 18:34:00-04:00,29505.5,29505.5,29505.75,29502.75,29503.0,52
2026-08-31 18:35:00-04:00,29503.5,29503.5,29503.75,29502.5,29503.5,7
2026-08-31 18:36:00-04:00,29506.5,29506.5,29506.5,29503.5,29503.5,10
2026-08-31 18:37:00-04:00,29505.0,29505.0,29508.25,29505.0,29506.5,64
2026-08-31 18:38:00-04:00,29503.25,29503.25,29504.5,29503.25,29504.5,14
2026-08-31 18:39:00-04:00,29505.5,29505.5,29506.0,29503.0,29503.0,17
2026-08-31 18:40:00-04:00,29505.0,29505.0,29506.25,29505.0,29505.5,9
2026-08-31 18:41:00-04:00,29504.5,29504.5,29505.75,29504.0,29505.75,9
2026-08-31 18:42:00-04:00,29505.0,29505.0,29505.25,29504.0,29504.0,8
2026-08-31 18:43:00-04:00,29504.0,29504.0,29506.0,29503.25,29505.5,7
2026-08-31 18:44:00-04:00,29505.0,29505.0,29505.75,29504.25,29504.5,17
2026-08-31 18:45:00-04:00,29505.0,29505.0,29506.75,29505.0,29505.0,34
2026-08-31 18:46:00-04:00,29502.25,29502.25,29505.0,29500.75,29504.25,48
2026-08-31 18:47:00-04:00,29501.0,29501.0,29504.25,29501.0,29501.5,35
2026-08-31 18:48:00-04:00,29497.0,29497.0,29501.25,29496.0,29501.25,98
2026-08-31 18:49:00-04:00,29494.0,29494.0,29498.5,29492.0,29497.25,83
2026-08-31 18:50:00-04:00,29495.0,29495.0,29496.25,29494.0,29494.75,73
2026-08-31 18:51:00-04:00,29493.75,29493.75,29495.75,29492.75,29495.5,82
2026-08-31 18:52:00-04:00,29493.5,29493.5,29495.0,29493.0,29494.75,9
2026-08-31 18:53:00-04:00,29491.75,29491.75,29494.0,29491.0,29494.0,48
2026-08-31 18:54:00-04:00,29491.75,29491.75,29493.25,29491.75,29491.75,11
2026-08-31 18:55:00-04:00,29494.75,29494.75,29496.25,29492.0,29492.0,46
2026-08-31 18:56:00-04:00,29495.75,29495.75,29497.0,29493.5,29494.5,30
2026-08-31 18:57:00-04:00,29494.75,29494.75,29496.25,29493.5,29495.5,30
2026-08-31 18:58:00-04:00,29495.25,29495.25,29496.0,29493.75,29494.25,20
2026-08-31 18:59:00-04:00,29493.5,29493.5,29496.75,29493.5,29495.0,44
2026-08-31 19:00:00-04:00,29494.0,29494.0,29496.0,29490.75,29493.25,59
2026-08-31 19:01:00-04:00,29494.25,29494.25,29505.0,29490.5,29495.0,162
2026-08-31 19:02:00-04:00,29490.25,29490.25,29495.25,29490.25,29494.0,33
2026-08-31 19:03:00-04:00,29493.75,29493.75,29496.0,29490.0,29490.75,43
2026-08-31 19:04:00-04:00,29492.25,29492.25,29494.25,29490.0,29493.0,42
2026-08-31 19:05:00-04:00,29494.0,29494.0,29496.75,29493.0,29493.0,32
2026-08-31 19:06:00-04:00,29492.75,29492.75,29493.5,29492.0,29493.5,8
2026-08-31 19:07:00-04:00,29493.5,29493.5,29499.5,29492.25,29496.0,75
2026-08-31 19:08:00-04:00,29493.25,29493.25,29496.25,29493.25,29494.0,20
2026-08-31 19:09:00-04:00,29496.0,29496.0,29497.0,29492.75,29492.75,82
2026-08-31 19:10:00-04:00,29494.5,29494.5,29496.75,29491.0,29496.0,70
2026-08-31 19:11:00-04:00,29494.5,29494.5,29497.25,29494.5,29496.0,23
2026-08-31 19:12:00-04:00,29498.0,29498.0,29498.75,29494.0,29495.25,60
2026-08-31 19:13:00-04:00,29496.25,29496.25,29497.75,29495.75,29497.75,13
2026-08-31 19:14:00-04:00,29496.0,29496.0,29497.5,29494.25,29496.5,18
2026-08-31 19:15:00-04:00,29492.25,29492.25,29495.75,29490.75,29495.75,30
2026-08-31 19:16:00-04:00,29492.0,29492.0,29494.0,29490.0,29491.0,24
2026-08-31 19:17:00-04:00,29494.25,29494.25,29497.5,29492.25,29492.25,13
2026-08-31 19:18:00-04:00,29495.0,29495.0,29495.25,29493.0,29494.25,12
2026-08-31 19:19:00-04:00,29494.5,29494.5,29495.25,29494.5,29494.5,3
2026-08-31 19:20:00-04:00,29488.75,29488.75,29495.75,29488.25,29494.0,62
2026-08-31 19:21:00-04:00,29487.75,29487.75,29489.75,29486.0,29489.0,78
2026-08-31 19:22:00-04:00,29490.75,29490.75,29491.5,29487.5,29488.0,31
2026-08-31 19:23:00-04:00,29488.25,29488.25,29490.25,29486.75,29490.25,47
2026-08-31 19:24:00-04:00,29489.5,29489.5,29489.5,29487.0,29488.0,19
2026-08-31 19:25:00-04:00,29491.25,29491.25,29491.5,29488.25,29489.75,37
2026-08-31 19:26:00-04:00,29495.5,29495.5,29496.25,29491.75,29491.75,52
2026-08-31 19:27:00-04:00,29497.0,29497.0,29498.0,29494.0,29495.0,48
2026-08-31 19:28:00-04:00,29496.25,29496.25,29499.5,29495.5,29497.75,29
2026-08-31 19:29:00-04:00,29497.0,29497.0,29498.75,29494.5,29497.0,43
2026-08-31 19:30:00-04:00,29503.5,29503.5,29504.0,29494.5,29495.5,104
2026-08-31 19:31:00-04:00,29503.75,29503.75,29509.75,29501.75,29504.25,208
2026-08-31 19:32:00-04:00,29504.75,29504.75,29506.0,29503.5,29504.0,34
2026-08-31 19:33:00-04:00,29505.0,29505.0,29505.75,29503.5,29505.25,30
2026-08-31 19:34:00-04:00,29507.75,29507.75,29513.5,29506.0,29506.0,116
2026-08-31 19:35:00-04:00,29513.0,29513.0,29514.25,29506.75,29507.5,141
2026-08-31 19:36:00-04:00,29510.0,29510.0,29515.0,29509.75,29513.5,48
2026-08-31 19:37:00-04:00,29510.25,29510.25,29511.0,29509.5,29510.0,17
2026-08-31 19:38:00-04:00,29498.5,29498.5,29511.0,29498.5,29509.5,143
2026-08-31 19:39:00-04:00,29501.25,29501.25,29506.0,29493.5,29499.0,168
2026-08-31 19:40:00-04:00,29501.5,29501.5,29503.0,29500.5,29501.75,36
2026-08-31 19:41:00-04:00,29505.75,29505.75,29508.5,29500.25,29500.5,96
2026-08-31 19:42:00-04:00,29507.25,29507.25,29509.25,29505.75,29506.25,55
2026-08-31 19:43:00-04:00,29502.75,29502.75,29508.0,29501.75,29508.0,38
2026-08-31 19:44:00-04:00,29510.25,29510.25,29512.25,29502.0,29502.0,62
2026-08-31 19:45:00-04:00,29516.75,29516.75,29517.25,29504.5,29509.75,155
2026-08-31 19:46:00-04:00,29516.25,29516.25,29519.5,29514.0,29515.25,99
2026-08-31 19:47:00-04:00,29503.5,29503.5,29516.5,29501.5,29516.5,99
2026-08-31 19:48:00-04:00,29510.0,29510.0,29511.0,29504.0,29505.25,36
2026-08-31 19:49:00-04:00,29506.25,29506.25,29510.25,29504.5,29509.5,51
2026-08-31 19:50:00-04:00,29506.5,29506.5,29508.0,29503.0,29506.75,36
2026-08-31 19:51:00-04:00,29510.25,29510.25,29510.75,29505.0,29507.5,18
2026-08-31 19:52:00-04:00,29509.25,29509.25,29511.0,29508.0,29511.0,21
2026-08-31 19:53:00-04:00,29508.75,29508.75,29509.25,29505.75,29508.75,31
2026-08-31 19:54:00-04:00,29503.75,29503.75,29508.75,29502.75,29508.0,47
2026-08-31 19:55:00-04:00,29503.0,29503.0,29505.0,29501.0,29503.75,57
2026-08-31 19:56:00-04:00,29501.0,29501.0,29503.5,29499.0,29502.5,72
2026-08-31 19:57:00-04:00,29502.75,29502.75,29502.75,29496.5,29501.5,91
2026-08-31 19:58:00-04:00,29501.25,29501.25,29503.5,29499.75,29502.5,52
2026-08-31 19:59:00-04:00,29501.25,29501.25,29502.5,29499.5,29501.25,31
2026-08-31 20:00:00-04:00,29484.75,29484.75,29516.25,29482.0,29503.25,573
2026-08-31 20:01:00-04:00,29483.25,29483.25,29490.5,29480.5,29484.0,244
2026-08-31 20:02:00-04:00,29493.0,29493.0,29495.0,29481.0,29483.75,150
2026-08-31 20:03:00-04:00,29489.0,29489.0,29503.75,29489.0,29492.75,202
2026-08-31 20:04:00-04:00,29501.0,29501.0,29501.0,29487.25,29488.75,99
2026-08-31 20:05:00-04:00,29510.25,29510.25,29518.75,29499.25,29500.75,300
2026-08-31 20:06:00-04:00,29498.5,29498.5,29511.5,29497.75,29509.75,145
2026-08-31 20:07:00-04:00,29508.25,29508.25,29509.25,29499.25,29499.75,75
2026-08-31 20:08:00-04:00,29516.25,29516.25,29517.0,29508.0,29510.0,155
2026-08-31 20:09:00-04:00,29517.75,29517.75,29521.75,29513.0,29516.25,180
2026-08-31 20:10:00-04:00,29513.5,29513.5,29517.25,29507.0,29516.5,122
2026-08-31 20:11:00-04:00,29507.5,29507.5,29515.5,29505.25,29513.75,94
2026-08-31 20:12:00-04:00,29502.0,29502.0,29509.25,29499.75,29507.75,108
2026-08-31 20:13:00-04:00,29492.0,29492.0,29503.0,29486.75,29502.5,189
2026-08-31 20:14:00-04:00,29489.25,29489.25,29492.5,29488.0,29492.25,59
2026-08-31 20:15:00-04:00,29483.5,29483.5,29492.75,29478.75,29489.0,277
2026-08-31 20:16:00-04:00,29502.0,29502.0,29502.0,29478.25,29482.5,278
2026-08-31 20:17:00-04:00,29496.25,29496.25,29508.25,29495.5,29500.25,217
2026-08-31 20:18:00-04:00,29500.0,29500.0,29501.25,29496.75,29497.5,81
2026-08-31 20:19:00-04:00,29513.0,29513.0,29513.0,29499.25,29501.5,166
2026-08-31 20:20:00-04:00,29515.0,29515.0,29516.25,29510.0,29513.25,127
2026-08-31 20:21:00-04:00,29511.5,29511.5,29516.25,29511.0,29515.5,75
2026-08-31 20:22:00-04:00,29506.5,29506.5,29518.75,29505.5,29512.25,156
2026-08-31 20:23:00-04:00,29510.5,29510.5,29512.5,29506.0,29506.5,67
2026-08-31 20:24:00-04:00,29504.0,29504.0,29510.5,29502.25,29509.5,132
2026-08-31 20:25:00-04:00,29504.5,29504.5,29507.0,29500.75,29504.0,137
2026-08-31 20:26:00-04:00,29511.75,29511.75,29511.75,29503.5,29505.0,61
2026-08-31 20:27:00-04:00,29499.75,29499.75,29514.5,29499.0,29511.75,164
2026-08-31 20:28:00-04:00,29503.5,29503.5,29508.75,29496.75,29499.5,95
2026-08-31 20:29:00-04:00,29501.0,29501.0,29504.25,29495.75,29504.25,108
2026-08-31 20:30:00-04:00,29516.75,29516.75,29517.25,29500.75,29501.0,142
2026-08-31 20:31:00-04:00,29511.75,29511.75,29520.5,29511.75,29517.25,114
2026-08-31 20:32:00-04:00,29489.0,29489.0,29513.75,29488.25,29513.25,303
2026-08-31 20:33:00-04:00,29490.0,29490.0,29491.5,29484.25,29489.25,219
2026-08-31 20:34:00-04:00,29491.75,29491.75,29494.25,29485.75,29489.5,105
2026-08-31 20:35:00-04:00,29488.25,29488.25,29492.0,29486.0,29491.5,52
2026-08-31 20:36:00-04:00,29487.25,29487.25,29493.0,29486.5,29488.75,69
2026-08-31 20:37:00-04:00,29489.5,29489.5,29491.25,29487.0,29488.0,39
2026-08-31 20:38:00-04:00,29487.5,29487.5,29491.75,29486.25,29487.75,36
2026-08-31 20:39:00-04:00,29487.5,29487.5,29490.5,29486.5,29488.5,60
2026-08-31 20:40:00-04:00,29500.75,29500.75,29501.0,29485.75,29488.25,121
2026-08-31 20:41:00-04:00,29499.0,29499.0,29504.25,29496.5,29500.25,132
2026-08-31 20:42:00-04:00,29505.25,29505.25,29507.75,29497.75,29500.0,217
2026-08-31 20:43:00-04:00,29502.0,29502.0,29506.75,29497.25,29506.25,69
2026-08-31 20:44:00-04:00,29501.75,29501.75,29502.75,29500.0,29500.75,27
2026-08-31 20:45:00-04:00,29503.75,29503.75,29505.5,29501.5,29503.5,55
2026-08-31 20:46:00-04:00,29499.0,29499.0,29504.75,29492.5,29504.0,159
2026-08-31 20:47:00-04:00,29500.75,29500.75,29503.75,29497.25,29498.75,56
2026-08-31 20:48:00-04:00,29506.0,29506.0,29508.5,29501.75,29501.75,97
2026-08-31 20:49:00-04:00,29504.0,29504.0,29505.25,29497.75,29505.25,31
2026-08-31 20:50:00-04:00,29496.5,29496.5,29506.5,29495.0,29504.75,54
2026-08-31 20:51:00-04:00,29496.0,29496.0,29498.75,29494.25,29498.0,54
2026-08-31 20:52:00-04:00,29497.0,29497.0,29500.5,29495.75,29495.75,73
2026-08-31 20:53:00-04:00,29502.0,29502.0,29502.0,29497.0,29497.0,30
2026-08-31 20:54:00-04:00,29498.25,29498.25,29502.25,29497.75,29501.0,23
2026-08-31 20:55:00-04:00,29495.5,29495.5,29498.75,29491.75,29498.25,73
2026-08-31 20:56:00-04:00,29497.25,29497.25,29498.0,29495.75,29496.0,9
2026-08-31 20:57:00-04:00,29499.25,29499.25,29501.5,29494.25,29496.0,39
2026-08-31 20:58:00-04:00,29496.25,29496.25,29499.5,29495.75,29499.0,36
2026-08-31 20:59:00-04:00,29506.0,29506.0,29508.0,29496.25,29496.25,81
2026-08-31 21:00:00-04:00,29512.75,29512.75,29513.0,29503.5,29506.0,260
2026-08-31 21:01:00-04:00,29504.25,29504.25,29514.25,29504.0,29512.5,172
2026-08-31 21:02:00-04:00,29507.5,29507.5,29508.5,29501.5,29504.75,109
2026-08-31 21:03:00-04:00,29509.0,29509.0,29512.75,29508.25,29509.25,46
2026-08-31 21:04:00-04:00,29510.75,29510.75,29511.75,29506.75,29509.25,42
2026-08-31 21:05:00-04:00,29510.25,29510.25,29512.0,29509.0,29510.25,25
2026-08-31 21:06:00-04:00,29500.25,29500.25,29512.75,29499.25,29509.75,159
2026-08-31 21:07:00-04:00,29494.0,29494.0,29501.5,29492.25,29500.25,175
2026-08-31 21:08:00-04:00,29505.25,29505.25,29507.5,29491.5,29492.25,95
2026-08-31 21:09:00-04:00,29505.75,29505.75,29511.0,29502.75,29506.25,70
2026-08-31 21:10:00-04:00,29512.25,29512.25,29512.5,29503.25,29504.5,49
2026-08-31 21:11:00-04:00,29501.0,29501.0,29513.25,29500.0,29513.0,75
2026-08-31 21:12:00-04:00,29505.25,29505.25,29506.25,29498.75,29502.25,129
2026-08-31 21:13:00-04:00,29507.0,29507.0,29507.0,29500.75,29504.0,34
2026-08-31 21:14:00-04:00,29512.25,29512.25,29514.0,29506.75,29507.0,110
2026-08-31 21:15:00-04:00,29510.75,29510.75,29513.5,29508.0,29512.0,70
2026-08-31 21:16:00-04:00,29512.75,29512.75,29515.5,29511.25,29512.25,116
2026-08-31 21:17:00-04:00,29512.75,29512.75,29514.75,29509.75,29512.0,44
2026-08-31 21:18:00-04:00,29516.25,29516.25,29516.25,29511.5,29511.75,62
2026-08-31 21:19:00-04:00,29513.25,29513.25,29516.0,29512.0,29516.0,32
2026-08-31 21:20:00-04:00,29508.5,29508.5,29516.25,29508.5,29513.75,71
2026-08-31 21:21:00-04:00,29505.75,29505.75,29510.75,29505.0,29509.75,86
2026-08-31 21:22:00-04:00,29506.25,29506.25,29510.0,29504.0,29505.75,63
2026-08-31 21:23:00-04:00,29510.25,29510.25,29512.25,29507.75,29508.25,36
2026-08-31 21:24:00-04:00,29508.25,29508.25,29512.0,29506.0,29510.25,95
2026-08-31 21:25:00-04:00,29482.25,29482.25,29507.25,29482.0,29507.0,482
2026-08-31 21:26:00-04:00,29484.5,29484.5,29486.0,29477.0,29482.75,345
2026-08-31 21:27:00-04:00,29486.75,29486.75,29488.25,29480.0,29484.75,113
2026-08-31 21:28:00-04:00,29482.5,29482.5,29488.25,29481.25,29487.5,82
2026-08-31 21:29:00-04:00,29484.0,29484.0,29485.75,29479.75,29483.5,165
2026-08-31 21:30:00-04:00,29482.75,29482.75,29486.0,29475.0,29483.0,268
2026-08-31 21:31:00-04:00,29486.0,29486.0,29486.0,29480.25,29483.0,67
2026-08-31 21:32:00-04:00,29486.75,29486.75,29490.0,29483.75,29485.75,95
2026-08-31 21:33:00-04:00,29488.0,29488.0,29488.0,29481.75,29487.0,96
2026-08-31 21:34:00-04:00,29505.75,29505.75,29506.0,29487.0,29488.75,257
2026-08-31 21:35:00-04:00,29508.0,29508.0,29508.25,29501.75,29505.75,223
2026-08-31 21:36:00-04:00,29507.75,29507.75,29509.5,29503.5,29506.25,116
2026-08-31 21:37:00-04:00,29503.5,29503.5,29515.5,29502.0,29508.5,486
2026-08-31 21:38:00-04:00,29497.75,29497.75,29501.75,29491.75,29501.0,125
2026-08-31 21:39:00-04:00,29499.75,29499.75,29504.5,29495.25,29497.75,67
2026-08-31 21:40:00-04:00,29500.5,29500.5,29503.25,29498.75,29499.5,56
2026-08-31 21:41:00-04:00,29496.0,29496.0,29500.25,29494.75,29500.25,39
2026-08-31 21:42:00-04:00,29499.25,29499.25,29499.75,29495.5,29496.5,23
2026-08-31 21:43:00-04:00,29504.75,29504.75,29506.0,29500.0,29500.0,87
2026-08-31 21:44:00-04:00,29508.25,29508.25,29508.5,29505.0,29505.25,124
2026-08-31 21:45:00-04:00,29507.25,29507.25,29511.0,29505.25,29508.75,153
2026-08-31 21:46:00-04:00,29504.75,29504.75,29507.25,29502.5,29506.75,64
2026-08-31 21:47:00-04:00,29507.5,29507.5,29511.0,29505.25,29505.25,110
2026-08-31 21:48:00-04:00,29505.0,29505.0,29507.0,29504.0,29506.0,30
2026-08-31 21:49:00-04:00,29505.75,29505.75,29505.75,29502.0,29503.75,42
2026-08-31 21:50:00-04:00,29505.5,29505.5,29506.0,29503.5,29505.5,28
2026-08-31 21:51:00-04:00,29505.25,29505.25,29506.5,29503.5,29505.25,22
2026-08-31 21:52:00-04:00,29504.25,29504.25,29506.5,29501.25,29505.5,72
2026-08-31 21:53:00-04:00,29501.25,29501.25,29504.5,29501.25,29504.25,16
2026-08-31 21:54:00-04:00,29491.5,29491.5,29503.75,29491.5,29501.5,118
2026-08-31 21:55:00-04:00,29495.75,29495.75,29496.5,29490.5,29492.5,73
2026-08-31 21:56:00-04:00,29499.75,29499.75,29500.0,29493.25,29494.25,33
2026-08-31 21:57:00-04:00,29498.75,29498.75,29503.25,29496.0,29498.5,101
2026-08-31 21:58:00-04:00,29503.75,29503.75,29505.0,29496.25,29496.25,56
2026-08-31 21:59:00-04:00,29499.75,29499.75,29503.5,29499.25,29503.5,29
2026-08-31 22:00:00-04:00,29502.0,29502.0,29502.5,29497.0,29498.0,40
2026-08-31 22:01:00-04:00,29493.0,29493.0,29502.75,29493.0,29502.75,50
2026-08-31 22:02:00-04:00,29494.0,29494.0,29499.25,29493.0,29493.5,41
2026-08-31 22:03:00-04:00,29497.5,29497.5,29497.5,29492.5,29492.75,26
2026-08-31 22:04:00-04:00,29496.75,29496.75,29500.75,29495.5,29497.5,66
2026-08-31 22:05:00-04:00,29488.75,29488.75,29497.0,29487.5,29496.0,154
2026-08-31 22:06:00-04:00,29485.75,29485.75,29490.5,29485.25,29487.75,119
2026-08-31 22:07:00-04:00,29490.25,29490.25,29492.0,29483.0,29485.25,137
2026-08-31 22:08:00-04:00,29486.75,29486.75,29491.0,29485.0,29490.75,65
2026-08-31 22:09:00-04:00,29485.0,29485.0,29488.25,29482.25,29486.25,82
2026-08-31 22:10:00-04:00,29479.5,29479.5,29484.25,29477.0,29484.25,210
2026-08-31 22:11:00-04:00,29478.75,29478.75,29482.0,29476.75,29479.25,79
2026-08-31 22:12:00-04:00,29482.5,29482.5,29482.5,29478.0,29478.5,58
2026-08-31 22:13:00-04:00,29478.0,29478.0,29481.5,29475.0,29481.25,93
2026-08-31 22:14:00-04:00,29481.0,29481.0,29481.0,29475.25,29476.75,57
2026-08-31 22:15:00-04:00,29482.0,29482.0,29485.0,29480.0,29480.5,86
2026-08-31 22:16:00-04:00,29477.25,29477.25,29481.75,29476.5,29481.0,68
2026-08-31 22:17:00-04:00,29480.0,29480.0,29481.0,29477.75,29479.0,28
2026-08-31 22:18:00-04:00,29482.25,29482.25,29483.0,29478.0,29480.75,83
2026-08-31 22:19:00-04:00,29483.5,29483.5,29483.5,29480.75,29481.75,21
2026-08-31 22:20:00-04:00,29483.0,29483.0,29486.5,29482.0,29483.75,62
2026-08-31 22:21:00-04:00,29478.0,29478.0,29482.25,29475.25,29481.75,89
2026-08-31 22:22:00-04:00,29478.75,29478.75,29479.75,29478.0,29478.5,17
2026-08-31 22:23:00-04:00,29475.0,29475.0,29480.0,29473.0,29478.25,97
2026-08-31 22:24:00-04:00,29476.5,29476.5,29479.5,29473.25,29474.25,84
2026-08-31 22:25:00-04:00,29466.25,29466.25,29475.75,29465.25,29475.5,166
2026-08-31 22:26:00-04:00,29463.0,29463.0,29467.5,29461.0,29465.25,231
2026-08-31 22:27:00-04:00,29461.5,29461.5,29463.75,29459.25,29461.5,127
2026-08-31 22:28:00-04:00,29454.0,29454.0,29462.25,29453.5,29461.5,202
2026-08-31 22:29:00-04:00,29459.75,29459.75,29460.25,29452.75,29453.75,164
2026-08-31 22:30:00-04:00,29469.5,29469.5,29470.5,29459.0,29460.0,241
2026-08-31 22:31:00-04:00,29465.5,29465.5,29469.75,29460.0,29469.75,109
2026-08-31 22:32:00-04:00,29467.75,29467.75,29472.5,29464.25,29465.0,152
2026-08-31 22:33:00-04:00,29468.0,29468.0,29469.5,29465.5,29465.75,45
2026-08-31 22:34:00-04:00,29462.75,29462.75,29467.5,29459.5,29467.5,100
2026-08-31 22:35:00-04:00,29451.25,29451.25,29462.0,29448.5,29461.75,177
2026-08-31 22:36:00-04:00,29448.25,29448.25,29454.25,29446.25,29452.0,158
2026-08-31 22:37:00-04:00,29447.0,29447.0,29449.5,29446.5,29448.75,117
2026-08-31 22:38:00-04:00,29447.5,29447.5,29450.75,29444.75,29446.75,102
2026-08-31 22:39:00-04:00,29443.0,29443.0,29448.5,29440.0,29448.5,140
2026-08-31 22:40:00-04:00,29443.25,29443.25,29444.75,29437.5,29441.5,171
2026-08-31 22:41:00-04:00,29442.0,29442.0,29444.0,29438.5,29442.75,101
2026-08-31 22:42:00-04:00,29436.75,29436.75,29441.75,29436.75,29441.0,73
2026-08-31 22:43:00-04:00,29438.5,29438.5,29441.0,29434.75,29436.5,111
2026-08-31 22:44:00-04:00,29439.0,29439.0,29442.0,29436.25,29438.75,101
2026-08-31 22:45:00-04:00,29437.25,29437.25,29440.5,29436.25,29438.75,68
2026-08-31 22:46:00-04:00,29446.0,29446.0,29447.0,29437.25,29438.25,163
2026-08-31 22:47:00-04:00,29448.75,29448.75,29452.25,29445.5,29445.5,148
2026-08-31 22:48:00-04:00,29452.75,29452.75,29454.5,29447.75,29447.75,93
2026-08-31 22:49:00-04:00,29450.75,29450.75,29453.75,29448.5,29453.25,119
2026-08-31 22:50:00-04:00,29451.75,29451.75,29453.75,29450.0,29451.25,57
2026-08-31 22:51:00-04:00,29450.75,29450.75,29453.0,29450.25,29451.75,21
2026-08-31 22:52:00-04:00,29452.25,29452.25,29454.0,29450.25,29451.5,38
2026-08-31 22:53:00-04:00,29454.75,29454.75,29458.25,29450.0,29451.75,137
2026-08-31 22:54:00-04:00,29456.25,29456.25,29458.0,29454.25,29455.75,51
2026-08-31 22:55:00-04:00,29462.25,29462.25,29462.25,29455.25,29456.5,73
2026-08-31 22:56:00-04:00,29469.75,29469.75,29471.25,29461.5,29462.0,175
2026-08-31 22:57:00-04:00,29482.5,29482.5,29485.75,29469.75,29469.75,248
2026-08-31 22:58:00-04:00,29484.25,29484.25,29484.75,29478.5,29482.75,162
2026-08-31 22:59:00-04:00,29492.0,29492.0,29493.25,29484.0,29484.25,428
2026-08-31 23:00:00-04:00,29480.75,29480.75,29493.75,29479.5,29491.5,361
2026-08-31 23:01:00-04:00,29477.75,29477.75,29486.75,29476.75,29481.0,139
2026-08-31 23:02:00-04:00,29478.75,29478.75,29480.0,29477.0,29479.5,44
2026-08-31 23:03:00-04:00,29472.75,29472.75,29482.25,29472.0,29481.25,135
2026-08-31 23:04:00-04:00,29473.0,29473.0,29477.25,29471.25,29473.75,71
2026-08-31 23:05:00-04:00,29476.5,29476.5,29480.0,29471.75,29472.0,73
2026-08-31 23:06:00-04:00,29475.75,29475.75,29478.75,29473.5,29477.0,37
2026-08-31 23:07:00-04:00,29477.0,29477.0,29478.0,29474.5,29476.0,23
2026-08-31 23:08:00-04:00,29470.25,29470.25,29475.0,29468.0,29475.0,114
2026-08-31 23:09:00-04:00,29472.5,29472.5,29474.5,29468.5,29470.75,65
2026-08-31 23:10:00-04:00,29477.25,29477.25,29477.75,29470.75,29471.5,44
2026-08-31 23:11:00-04:00,29471.75,29471.75,29478.0,29471.75,29477.0,65
2026-08-31 23:12:00-04:00,29471.5,29471.5,29475.5,29470.5,29471.5,36
2026-08-31 23:13:00-04:00,29468.75,29468.75,29472.25,29467.5,29470.25,68
2026-08-31 23:14:00-04:00,29471.5,29471.5,29473.25,29469.0,29470.0,41
2026-08-31 23:15:00-04:00,29473.25,29473.25,29473.5,29467.5,29471.5,34
2026-08-31 23:16:00-04:00,29474.0,29474.0,29476.5,29471.25,29474.0,33
2026-08-31 23:17:00-04:00,29470.25,29470.25,29473.0,29466.75,29472.5,27
2026-08-31 23:18:00-04:00,29470.25,29470.25,29476.0,29468.5,29471.0,44
2026-08-31 23:19:00-04:00,29471.25,29471.25,29472.5,29469.0,29470.0,18
2026-08-31 23:20:00-04:00,29469.5,29469.5,29470.75,29468.0,29470.5,19
2026-08-31 23:21:00-04:00,29470.75,29470.75,29471.0,29464.75,29466.75,46
2026-08-31 23:22:00-04:00,29469.0,29469.0,29471.25,29466.75,29471.0,26
2026-08-31 23:23:00-04:00,29468.25,29468.25,29472.0,29467.5,29469.0,91
2026-08-31 23:24:00-04:00,29468.0,29468.0,29470.75,29464.5,29468.0,84
2026-08-31 23:25:00-04:00,29468.75,29468.75,29470.25,29465.75,29468.25,112
2026-08-31 23:26:00-04:00,29463.0,29463.0,29468.0,29459.25,29468.0,138
2026-08-31 23:27:00-04:00,29472.0,29472.0,29474.0,29464.25,29464.25,175
2026-08-31 23:28:00-04:00,29469.5,29469.5,29473.75,29469.5,29472.75,36
2026-08-31 23:29:00-04:00,29464.25,29464.25,29471.25,29463.0,29470.0,39
2026-08-31 23:30:00-04:00,29467.0,29467.0,29467.0,29461.25,29465.5,39
2026-08-31 23:31:00-04:00,29468.75,29468.75,29470.25,29466.75,29469.0,50
2026-08-31 23:32:00-04:00,29471.25,29471.25,29475.0,29468.75,29468.75,68
2026-08-31 23:33:00-04:00,29469.25,29469.25,29473.25,29468.0,29471.5,21
2026-08-31 23:34:00-04:00,29470.25,29470.25,29472.0,29468.5,29468.5,27
2026-08-31 23:35:00-04:00,29472.5,29472.5,29472.5,29466.5,29469.0,35
2026-08-31 23:36:00-04:00,29474.0,29474.0,29474.25,29470.25,29471.0,39
2026-08-31 23:37:00-04:00,29477.5,29477.5,29481.5,29472.0,29472.75,115
2026-08-31 23:38:00-04:00,29476.25,29476.25,29477.5,29476.25,29477.5,4
2026-08-31 23:39:00-04:00,29477.0,29477.0,29477.0,29474.5,29476.25,13
2026-08-31 23:40:00-04:00,29479.0,29479.0,29481.25,29473.75,29476.5,158
2026-08-31 23:41:00-04:00,29480.25,29480.25,29483.25,29476.0,29478.25,74
2026-08-31 23:42:00-04:00,29479.75,29479.75,29483.25,29479.25,29479.75,92
2026-08-31 23:43:00-04:00,29477.25,29477.25,29479.5,29477.25,29479.0,20
2026-08-31 23:44:00-04:00,29477.75,29477.75,29479.75,29477.5,29477.5,15
2026-08-31 23:45:00-04:00,29478.75,29478.75,29480.5,29474.75,29477.0,56
2026-08-31 23:46:00-04:00,29482.75,29482.75,29484.5,29476.5,29479.0,65
2026-08-31 23:47:00-04:00,29481.25,29481.25,29482.5,29479.5,29482.5,21
2026-08-31 23:48:00-04:00,29482.5,29482.5,29482.75,29480.0,29481.0,9
2026-08-31 23:49:00-04:00,29485.0,29485.0,29486.75,29481.5,29483.0,61
2026-08-31 23:50:00-04:00,29483.75,29483.75,29488.5,29483.5,29485.5,154
2026-08-31 23:51:00-04:00,29486.5,29486.5,29486.75,29483.0,29483.25,26
2026-08-31 23:52:00-04:00,29483.5,29483.5,29486.75,29480.0,29486.75,35
2026-08-31 23:53:00-04:00,29484.0,29484.0,29485.5,29484.0,29484.0,10
2026-08-31 23:54:00-04:00,29481.5,29481.5,29483.75,29479.75,29483.5,44
2026-08-31 23:55:00-04:00,29481.75,29481.75,29482.5,29480.25,29480.5,24
2026-08-31 23:56:00-04:00,29482.0,29482.0,29483.5,29480.75,29481.5,22
2026-08-31 23:57:00-04:00,29479.75,29479.75,29481.5,29479.75,29481.0,9
2026-08-31 23:58:00-04:00,29482.75,29482.75,29482.75,29479.25,29480.0,31
2026-09-01 00:09:00-04:00,29485.25,29485.25,29485.25,29481.0,29485.0,50
2026-09-01 00:10:00-04:00,29488.25,29488.25,29489.5,29483.75,29485.75,59
2026-09-01 00:11:00-04:00,29490.75,29490.75,29490.75,29488.5,29490.0,18
2026-09-01 00:12:00-04:00,29490.5,29490.5,29490.5,29484.25,29486.25,33
2026-09-01 00:13:00-04:00,29489.0,29489.0,29490.0,29487.0,29489.25,24
2026-09-01 00:14:00-04:00,29489.0,29489.0,29492.75,29488.5,29490.0,40
2026-09-01 00:15:00-04:00,29490.0,29490.0,29490.0,29487.5,29488.25,9
2026-09-01 00:16:00-04:00,29494.75,29494.75,29496.5,29488.75,29488.75,89
2026-09-01 00:17:00-04:00,29497.25,29497.25,29499.0,29494.75,29495.0,106
2026-09-01 00:18:00-04:00,29495.25,29495.25,29498.25,29494.25,29497.0,37
2026-09-01 00:19:00-04:00,29496.0,29496.0,29497.25,29493.75,29495.5,25
2026-09-01 00:20:00-04:00,29494.5,29494.5,29497.25,29494.5,29495.75,22
2026-09-01 00:21:00-04:00,29497.75,29497.75,29500.5,29495.75,29495.75,111
2026-09-01 00:22:00-04:00,29495.25,29495.25,29499.0,29493.5,29498.0,27
2026-09-01 00:23:00-04:00,29494.75,29494.75,29495.0,29492.75,29495.0,39
2026-09-01 00:24:00-04:00,29496.25,29496.25,29498.0,29495.75,29495.75,65
2026-09-01 00:25:00-04:00,29500.25,29500.25,29501.0,29496.5,29496.5,73
2026-09-01 00:26:00-04:00,29500.0,29500.0,29501.5,29498.75,29500.5,102
2026-09-01 00:27:00-04:00,29491.25,29491.25,29500.75,29490.75,29500.5,152
2026-09-01 00:28:00-04:00,29488.25,29488.25,29492.25,29487.75,29492.0,84
2026-09-01 00:29:00-04:00,29492.75,29492.75,29496.5,29485.5,29487.75,145
2026-09-01 00:30:00-04:00,29497.5,29497.5,29497.75,29489.5,29493.75,130
2026-09-01 00:31:00-04:00,29496.0,29496.0,29503.0,29492.25,29497.75,135
2026-09-01 00:32:00-04:00,29494.5,29494.5,29496.0,29493.75,29495.75,17
2026-09-01 00:33:00-04:00,29495.5,29495.5,29495.5,29492.75,29493.75,30
2026-09-01 00:34:00-04:00,29494.5,29494.5,29496.5,29494.0,29495.75,12
2026-09-01 00:35:00-04:00,29493.75,29493.75,29496.0,29493.75,29494.5,26
2026-09-01 00:36:00-04:00,29495.5,29495.5,29495.5,29492.75,29494.0,14
2026-09-01 00:37:00-04:00,29499.0,29499.0,29499.75,29495.5,29495.5,41
2026-09-01 00:38:00-04:00,29493.25,29493.25,29498.75,29493.25,29498.75,45
2026-09-01 00:39:00-04:00,29489.5,29489.5,29496.0,29487.75,29495.5,56
2026-09-01 00:40:00-04:00,29488.0,29488.0,29491.5,29487.75,29488.75,38
2026-09-01 00:41:00-04:00,29482.5,29482.5,29488.0,29481.0,29487.25,107
2026-09-01 00:42:00-04:00,29482.0,29482.0,29483.75,29480.5,29482.75,61
2026-09-01 00:43:00-04:00,29477.0,29477.0,29483.25,29477.0,29481.5,55
2026-09-01 00:44:00-04:00,29471.25,29471.25,29477.5,29470.25,29476.5,151
2026-09-01 00:45:00-04:00,29476.25,29476.25,29476.25,29467.0,29471.25,179
2026-09-01 00:46:00-04:00,29486.75,29486.75,29487.75,29474.25,29475.5,219
2026-09-01 00:47:00-04:00,29491.0,29491.0,29494.0,29486.25,29486.5,143
2026-09-01 00:48:00-04:00,29489.0,29489.0,29491.75,29488.5,29490.25,42
2026-09-01 00:49:00-04:00,29490.75,29490.75,29491.25,29489.5,29490.0,26
2026-09-01 00:50:00-04:00,29480.0,29480.0,29493.0,29478.75,29491.0,146
2026-09-01 00:51:00-04:00,29477.0,29477.0,29482.25,29474.25,29479.5,94
2026-09-01 00:52:00-04:00,29476.75,29476.75,29479.25,29474.0,29476.5,83
2026-09-01 00:53:00-04:00,29476.25,29476.25,29479.0,29475.5,29476.5,47
2026-09-01 00:54:00-04:00,29476.25,29476.25,29477.75,29475.0,29476.5,26
2026-09-01 00:55:00-04:00,29470.5,29470.5,29477.75,29470.5,29476.0,61
2026-09-01 00:56:00-04:00,29473.25,29473.25,29474.75,29470.0,29471.0,76
2026-09-01 00:57:00-04:00,29468.25,29468.25,29474.25,29467.25,29472.75,84
2026-09-01 00:58:00-04:00,29469.75,29469.75,29471.75,29466.0,29468.5,174
2026-09-01 00:59:00-04:00,29473.75,29473.75,29473.75,29467.75,29469.0,185
2026-09-01 01:00:00-04:00,29466.0,29466.0,29474.5,29464.5,29473.25,185
2026-09-01 01:01:00-04:00,29471.75,29471.75,29471.75,29460.0,29466.0,158
2026-09-01 01:02:00-04:00,29471.0,29471.0,29473.25,29469.75,29471.25,55
2026-09-01 01:03:00-04:00,29468.25,29468.25,29472.0,29467.25,29471.0,39
2026-09-01 01:04:00-04:00,29470.75,29470.75,29473.25,29469.75,29469.75,24
2026-09-01 01:05:00-04:00,29471.75,29471.75,29473.5,29470.25,29472.75,19
2026-09-01 01:06:00-04:00,29474.5,29474.5,29475.5,29471.5,29471.5,35
2026-09-01 01:07:00-04:00,29472.5,29472.5,29474.5,29471.0,29474.5,16
2026-09-01 01:08:00-04:00,29473.75,29473.75,29475.5,29472.25,29472.75,40
2026-09-01 01:09:00-04:00,29474.0,29474.0,29474.0,29470.5,29472.5,27
2026-09-01 01:10:00-04:00,29472.0,29472.0,29475.75,29471.5,29473.25,48
2026-09-01 01:11:00-04:00,29468.0,29468.0,29473.75,29467.25,29473.0,54
2026-09-01 01:12:00-04:00,29469.5,29469.5,29470.25,29466.5,29470.0,43
2026-09-01 01:13:00-04:00,29469.75,29469.75,29470.0,29468.25,29469.0,22
2026-09-01 01:14:00-04:00,29464.25,29464.25,29469.25,29463.75,29469.25,27
2026-09-01 01:15:00-04:00,29465.5,29465.5,29467.25,29464.0,29464.5,27
2026-09-01 01:16:00-04:00,29467.75,29467.75,29467.75,29464.75,29465.75,26
2026-09-01 01:17:00-04:00,29462.25,29462.25,29466.75,29462.25,29466.25,64
2026-09-01 01:18:00-04:00,29459.0,29459.0,29464.0,29458.0,29464.0,106
2026-09-01 01:19:00-04:00,29454.0,29454.0,29459.25,29452.0,29458.75,137
2026-09-01 01:20:00-04:00,29453.5,29453.5,29454.5,29452.0,29454.5,50
2026-09-01 01:21:00-04:00,29450.5,29450.5,29452.75,29447.25,29452.5,106
2026-09-01 01:22:00-04:00,29450.25,29450.25,29451.25,29448.75,29450.0,39
2026-09-01 01:23:00-04:00,29450.25,29450.25,29455.0,29449.5,29450.5,73
2026-09-01 01:24:00-04:00,29463.25,29463.25,29464.5,29447.75,29450.25,146
2026-09-01 01:25:00-04:00,29468.0,29468.0,29470.0,29462.0,29463.25,150
2026-09-01 01:26:00-04:00,29465.5,29465.5,29472.0,29464.75,29467.75,140
2026-09-01 01:27:00-04:00,29471.75,29471.75,29473.0,29463.75,29464.25,53
2026-09-01 01:28:00-04:00,29480.5,29480.5,29481.25,29471.75,29471.75,187
2026-09-01 01:29:00-04:00,29486.0,29486.0,29487.75,29479.75,29480.25,175
2026-09-01 01:30:00-04:00,29491.25,29491.25,29492.5,29482.25,29485.0,223
2026-09-01 01:31:00-04:00,29498.25,29498.25,29503.25,29491.5,29491.5,368
2026-09-01 01:32:00-04:00,29499.0,29499.0,29500.25,29492.5,29499.25,116
2026-09-01 01:33:00-04:00,29491.25,29491.25,29498.5,29490.0,29498.5,88
2026-09-01 01:34:00-04:00,29496.5,29496.5,29496.5,29490.0,29492.0,87
2026-09-01 01:35:00-04:00,29495.0,29495.0,29496.5,29492.0,29496.0,34
2026-09-01 01:36:00-04:00,29504.5,29504.5,29505.25,29496.0,29496.0,179
2026-09-01 01:37:00-04:00,29508.0,29508.0,29509.75,29502.5,29504.0,325
2026-09-01 01:38:00-04:00,29514.25,29514.25,29517.75,29507.25,29508.0,501
2026-09-01 01:39:00-04:00,29515.0,29515.0,29521.0,29511.75,29514.25,406
2026-09-01 01:40:00-04:00,29520.0,29520.0,29520.5,29515.75,29515.75,124
2026-09-01 01:41:00-04:00,29520.0,29520.0,29523.0,29517.25,29520.0,207
2026-09-01 01:42:00-04:00,29523.5,29523.5,29524.0,29517.75,29520.25,98
2026-09-01 01:43:00-04:00,29526.5,29526.5,29528.25,29521.75,29523.25,287
2026-09-01 01:44:00-04:00,29534.0,29534.0,29535.75,29524.5,29526.5,416
2026-09-01 01:45:00-04:00,29532.5,29532.5,29536.0,29531.5,29534.25,129
2026-09-01 01:46:00-04:00,29534.0,29534.0,29537.5,29532.5,29533.75,168
2026-09-01 01:47:00-04:00,29531.5,29531.5,29534.0,29530.25,29534.0,82
2026-09-01 01:48:00-04:00,29528.0,29528.0,29532.75,29527.25,29531.75,93
2026-09-01 01:49:00-04:00,29526.5,29526.5,29527.75,29525.25,29527.25,65
2026-09-01 01:50:00-04:00,29531.0,29531.0,29532.0,29521.75,29526.0,95
2026-09-01 01:51:00-04:00,29533.75,29533.75,29534.25,29528.0,29531.0,72
2026-09-01 01:52:00-04:00,29536.25,29536.25,29539.25,29531.5,29532.0,171
2026-09-01 01:53:00-04:00,29537.0,29537.0,29538.0,29533.75,29536.0,49
2026-09-01 01:54:00-04:00,29542.25,29542.25,29543.5,29535.5,29537.25,347
2026-09-01 01:55:00-04:00,29554.25,29554.25,29557.5,29542.0,29542.0,436
2026-09-01 01:56:00-04:00,29563.0,29563.0,29564.5,29555.25,29555.75,322
2026-09-01 01:57:00-04:00,29570.0,29570.0,29571.25,29554.5,29560.75,286
2026-09-01 01:58:00-04:00,29562.75,29562.75,29569.5,29561.5,29569.5,143
2026-09-01 01:59:00-04:00,29561.5,29561.5,29562.75,29559.0,29562.25,87
2026-09-01 02:00:00-04:00,29566.75,29566.75,29568.0,29559.75,29561.75,144
2026-09-01 02:01:00-04:00,29566.75,29566.75,29567.75,29564.0,29565.75,87
2026-09-01 02:02:00-04:00,29563.75,29563.75,29566.75,29562.5,29566.5,73
2026-09-01 02:03:00-04:00,29546.0,29546.0,29567.25,29545.25,29563.5,276
2026-09-01 02:04:00-04:00,29541.5,29541.5,29549.25,29540.5,29546.75,150
2026-09-01 02:05:00-04:00,29546.0,29546.0,29549.5,29531.0,29541.25,461
2026-09-01 02:06:00-04:00,29547.75,29547.75,29550.0,29538.5,29544.5,160
2026-09-01 02:07:00-04:00,29557.25,29557.25,29557.25,29544.5,29546.5,136
2026-09-01 02:08:00-04:00,29551.75,29551.75,29558.0,29549.0,29554.5,120
2026-09-01 02:09:00-04:00,29545.75,29545.75,29553.0,29543.0,29551.75,100
2026-09-01 02:10:00-04:00,29543.5,29543.5,29552.0,29541.0,29545.25,103
2026-09-01 02:11:00-04:00,29551.25,29551.25,29552.0,29543.25,29545.25,72
2026-09-01 02:12:00-04:00,29544.25,29544.25,29552.25,29544.25,29552.25,65
2026-09-01 02:13:00-04:00,29547.5,29547.5,29548.25,29542.25,29543.25,116
2026-09-01 02:14:00-04:00,29545.25,29545.25,29548.25,29543.25,29547.75,39
2026-09-01 02:15:00-04:00,29540.5,29540.5,29544.5,29532.0,29544.5,187
2026-09-01 02:16:00-04:00,29541.25,29541.25,29544.0,29529.25,29539.75,111
2026-09-01 02:17:00-04:00,29542.5,29542.5,29547.0,29540.25,29540.25,131
2026-09-01 02:18:00-04:00,29544.0,29544.0,29545.25,29540.5,29542.5,73
2026-09-01 02:19:00-04:00,29538.0,29538.0,29543.5,29537.5,29542.75,31
2026-09-01 02:20:00-04:00,29545.0,29545.0,29545.0,29538.5,29539.0,64
2026-09-01 02:21:00-04:00,29541.25,29541.25,29544.5,29537.5,29544.5,140
2026-09-01 02:22:00-04:00,29528.25,29528.25,29542.0,29526.0,29541.25,136
2026-09-01 02:23:00-04:00,29529.25,29529.25,29531.0,29526.0,29527.25,116
2026-09-01 02:24:00-04:00,29528.25,29528.25,29530.5,29525.75,29529.0,95
2026-09-01 02:25:00-04:00,29529.75,29529.75,29532.0,29526.75,29528.75,65
2026-09-01 02:26:00-04:00,29532.5,29532.5,29536.75,29528.5,29528.75,88
2026-09-01 02:27:00-04:00,29529.5,29529.5,29532.5,29526.0,29532.5,80
2026-09-01 02:28:00-04:00,29525.5,29525.5,29530.5,29523.0,29528.75,65
2026-09-01 02:29:00-04:00,29517.5,29517.5,29525.0,29514.75,29525.0,276
2026-09-01 02:30:00-04:00,29523.25,29523.25,29525.25,29513.75,29516.5,144
2026-09-01 02:31:00-04:00,29528.0,29528.0,29530.0,29522.25,29524.0,67
2026-09-01 02:32:00-04:00,29531.0,29531.0,29535.0,29526.0,29527.75,114
2026-09-01 02:33:00-04:00,29530.25,29530.25,29531.5,29525.75,29531.0,61
2026-09-01 02:34:00-04:00,29522.0,29522.0,29532.5,29521.0,29530.0,101
2026-09-01 02:35:00-04:00,29526.5,29526.5,29526.5,29521.5,29521.5,37
2026-09-01 02:36:00-04:00,29519.5,29519.5,29526.0,29518.75,29525.75,76
2026-09-01 02:37:00-04:00,29515.75,29515.75,29520.75,29515.5,29518.5,63
2026-09-01 02:38:00-04:00,29530.5,29530.5,29533.5,29514.5,29515.25,145
2026-09-01 02:39:00-04:00,29537.25,29537.25,29537.5,29531.5,29531.75,74
2026-09-01 02:40:00-04:00,29537.75,29537.75,29538.0,29533.0,29537.0,55
2026-09-01 02:41:00-04:00,29534.25,29534.25,29536.0,29532.5,29535.5,30
2026-09-01 02:42:00-04:00,29539.75,29539.75,29540.25,29533.0,29535.0,90
2026-09-01 02:43:00-04:00,29541.25,29541.25,29545.0,29539.0,29539.0,184
2026-09-01 02:44:00-04:00,29539.25,29539.25,29541.75,29534.25,29541.25,74
2026-09-01 02:45:00-04:00,29539.25,29539.25,29540.25,29537.25,29539.75,31
2026-09-01 02:46:00-04:00,29537.25,29537.25,29539.25,29536.75,29539.0,19
2026-09-01 02:47:00-04:00,29527.0,29527.0,29537.0,29524.25,29537.0,137
2026-09-01 02:48:00-04:00,29528.25,29528.25,29530.0,29525.75,29527.0,50
2026-09-01 02:49:00-04:00,29528.5,29528.5,29531.0,29526.5,29526.75,51
2026-09-01 02:50:00-04:00,29529.0,29529.0,29530.0,29527.0,29529.0,30
2026-09-01 02:51:00-04:00,29529.5,29529.5,29531.5,29527.5,29530.25,18
2026-09-01 02:52:00-04:00,29527.75,29527.75,29530.75,29524.0,29528.0,86
2026-09-01 02:53:00-04:00,29527.75,29527.75,29531.0,29525.75,29527.25,37
2026-09-01 02:54:00-04:00,29529.25,29529.25,29529.5,29523.75,29528.0,38
2026-09-01 02:55:00-04:00,29527.75,29527.75,29531.75,29527.75,29530.0,25
2026-09-01 02:56:00-04:00,29520.25,29520.25,29528.5,29519.25,29527.25,101
2026-09-01 02:57:00-04:00,29522.0,29522.0,29523.0,29519.0,29520.0,60
2026-09-01 02:58:00-04:00,29517.0,29517.0,29521.75,29514.75,29520.75,106
2026-09-01 02:59:00-04:00,29515.75,29515.75,29520.0,29514.5,29516.0,148
2026-09-01 03:00:00-04:00,29523.25,29523.25,29523.25,29512.25,29515.5,294
2026-09-01 03:01:00-04:00,29535.25,29535.25,29536.0,29521.75,29522.0,238
2026-09-01 03:02:00-04:00,29545.0,29545.0,29548.5,29535.75,29535.75,202
2026-09-01 03:03:00-04:00,29533.5,29533.5,29545.25,29530.0,29545.0,129
2026-09-01 03:04:00-04:00,29547.75,29547.75,29549.25,29536.25,29536.25,141
2026-09-01 03:05:00-04:00,29548.0,29548.0,29554.5,29546.75,29547.75,138
2026-09-01 03:06:00-04:00,29546.0,29546.0,29552.25,29545.75,29548.0,132
2026-09-01 03:07:00-04:00,29545.75,29545.75,29551.75,29542.5,29546.25,62
2026-09-01 03:08:00-04:00,29551.0,29551.0,29553.5,29544.0,29544.75,121
2026-09-01 03:09:00-04:00,29534.0,29534.0,29551.25,29534.0,29550.25,132
2026-09-01 03:10:00-04:00,29521.0,29521.0,29539.25,29520.0,29533.5,464
2026-09-01 03:11:00-04:00,29523.75,29523.75,29524.0,29515.25,29522.25,267
2026-09-01 03:12:00-04:00,29525.25,29525.25,29527.75,29523.25,29523.75,104
2026-09-01 03:13:00-04:00,29537.75,29537.75,29537.75,29520.75,29524.0,70
2026-09-01 03:14:00-04:00,29553.5,29553.5,29555.5,29537.25,29537.5,254
2026-09-01 03:15:00-04:00,29546.75,29546.75,29556.75,29544.25,29554.25,174
2026-09-01 03:16:00-04:00,29548.0,29548.0,29551.75,29546.5,29548.25,98
2026-09-01 03:17:00-04:00,29541.5,29541.5,29549.5,29535.0,29548.25,153
2026-09-01 03:18:00-04:00,29531.25,29531.25,29540.75,29529.75,29540.75,73
2026-09-01 03:19:00-04:00,29541.0,29541.0,29541.0,29530.75,29530.75,52
2026-09-01 03:20:00-04:00,29538.25,29538.25,29541.5,29533.0,29541.25,61
2026-09-01 03:21:00-04:00,29546.0,29546.0,29546.0,29528.25,29535.75,75
2026-09-01 03:22:00-04:00,29547.5,29547.5,29549.5,29543.25,29546.25,89
2026-09-01 03:23:00-04:00,29542.75,29542.75,29546.75,29542.25,29546.75,39
2026-09-01 03:24:00-04:00,29541.75,29541.75,29543.25,29539.0,29542.5,46
2026-09-01 03:25:00-04:00,29545.25,29545.25,29545.25,29540.5,29542.5,44
2026-09-01 03:26:00-04:00,29547.0,29547.0,29550.5,29543.5,29544.75,64
2026-09-01 03:27:00-04:00,29548.25,29548.25,29550.5,29544.25,29545.75,86
2026-09-01 03:28:00-04:00,29546.5,29546.5,29554.75,29546.5,29548.0,78
2026-09-01 03:29:00-04:00,29545.0,29545.0,29551.25,29544.5,29547.5,58
2026-09-01 03:30:00-04:00,29536.0,29536.0,29547.0,29532.75,29546.75,145
2026-09-01 03:31:00-04:00,29542.5,29542.5,29543.75,29537.25,29537.25,152
2026-09-01 03:32:00-04:00,29536.0,29536.0,29542.25,29533.0,29541.25,126
2026-09-01 03:33:00-04:00,29528.25,29528.25,29537.0,29526.0,29536.5,128
2026-09-01 03:34:00-04:00,29516.25,29516.25,29529.75,29515.75,29529.25,164
2026-09-01 03:35:00-04:00,29507.0,29507.0,29515.25,29502.0,29515.25,411
2026-09-01 03:36:00-04:00,29498.75,29498.75,29508.5,29498.25,29508.0,274
2026-09-01 03:37:00-04:00,29493.25,29493.25,29498.75,29489.5,29498.0,246
2026-09-01 03:38:00-04:00,29481.75,29481.75,29494.75,29477.5,29492.75,357
2026-09-01 03:39:00-04:00,29468.5,29468.5,29483.25,29468.5,29482.5,289
2026-09-01 03:40:00-04:00,29474.5,29474.5,29476.0,29464.75,29469.0,319
2026-09-01 03:41:00-04:00,29470.0,29470.0,29474.75,29466.75,29474.25,130
2026-09-01 03:42:00-04:00,29467.25,29467.25,29471.5,29463.75,29470.5,131
2026-09-01 03:43:00-04:00,29465.5,29465.5,29469.0,29462.0,29467.25,109
2026-09-01 03:44:00-04:00,29464.0,29464.0,29468.25,29462.25,29465.25,114
2026-09-01 03:45:00-04:00,29448.25,29448.25,29464.0,29448.25,29463.0,410
2026-09-01 03:46:00-04:00,29453.5,29453.5,29453.75,29439.0,29448.25,321
2026-09-01 03:47:00-04:00,29464.25,29464.25,29464.25,29451.25,29451.75,175
2026-09-01 03:48:00-04:00,29476.25,29476.25,29477.5,29461.0,29464.25,247
2026-09-01 03:49:00-04:00,29475.0,29475.0,29478.75,29473.25,29475.5,135
2026-09-01 03:50:00-04:00,29473.5,29473.5,29475.0,29469.0,29473.5,109
2026-09-01 03:51:00-04:00,29465.5,29465.5,29473.75,29464.5,29471.0,167
2026-09-01 03:52:00-04:00,29463.75,29463.75,29469.75,29461.75,29465.0,84
2026-09-01 03:53:00-04:00,29458.5,29458.5,29466.75,29457.25,29463.5,136
2026-09-01 03:54:00-04:00,29455.25,29455.25,29468.5,29454.0,29457.25,115
2026-09-01 03:55:00-04:00,29458.5,29458.5,29458.75,29451.75,29455.5,137
2026-09-01 03:56:00-04:00,29447.75,29447.75,29458.25,29445.0,29458.25,201
2026-09-01 03:57:00-04:00,29443.5,29443.5,29449.25,29441.5,29446.0,129
2026-09-01 03:58:00-04:00,29443.0,29443.0,29447.0,29440.25,29444.5,110
2026-09-01 03:59:00-04:00,29436.25,29436.25,29442.0,29430.0,29440.25,428
2026-09-01 04:00:00-04:00,29425.5,29425.5,29439.25,29422.0,29436.25,431
2026-09-01 04:01:00-04:00,29430.5,29430.5,29431.25,29423.0,29427.0,208
2026-09-01 04:02:00-04:00,29432.25,29432.25,29445.25,29424.75,29430.75,278
2026-09-01 04:03:00-04:00,29422.25,29422.25,29431.5,29412.25,29429.75,311
2026-09-01 04:04:00-04:00,29430.5,29430.5,29433.25,29421.0,29422.75,143
2026-09-01 04:05:00-04:00,29413.25,29413.25,29449.0,29411.75,29429.25,467
2026-09-01 04:06:00-04:00,29361.0,29361.0,29419.25,29355.5,29412.0,1853
2026-09-01 04:07:00-04:00,29357.75,29357.75,29374.5,29342.5,29360.0,1202
2026-09-01 04:08:00-04:00,29351.25,29351.25,29361.25,29347.5,29355.75,475
2026-09-01 04:09:00-04:00,29337.0,29337.0,29360.75,29327.0,29351.5,593
2026-09-01 04:10:00-04:00,29345.5,29345.5,29347.5,29330.0,29337.25,316
2026-09-01 04:11:00-04:00,29348.5,29348.5,29349.25,29334.0,29343.75,338
2026-09-01 04:12:00-04:00,29357.0,29357.0,29361.25,29346.5,29348.75,274
2026-09-01 04:13:00-04:00,29348.0,29348.0,29360.5,29344.5,29356.75,269
2026-09-01 04:14:00-04:00,29348.75,29348.75,29357.5,29347.25,29347.5,186
2026-09-01 04:15:00-04:00,29356.25,29356.25,29358.5,29346.25,29351.0,141
2026-09-01 04:16:00-04:00,29344.75,29344.75,29356.5,29344.5,29355.5,146
2026-09-01 04:17:00-04:00,29326.5,29326.5,29346.5,29320.75,29343.75,466
2026-09-01 04:18:00-04:00,29326.25,29326.25,29335.25,29322.5,29327.25,224
2026-09-01 04:19:00-04:00,29330.75,29330.75,29334.75,29318.5,29325.75,262
2026-09-01 04:20:00-04:00,29331.5,29331.5,29333.25,29324.5,29330.0,214
2026-09-01 04:21:00-04:00,29320.75,29320.75,29335.0,29311.0,29332.0,389
2026-09-01 04:22:00-04:00,29320.0,29320.0,29330.25,29318.75,29322.25,153
2026-09-01 04:23:00-04:00,29311.5,29311.5,29330.75,29309.25,29322.25,248
2026-09-01 04:24:00-04:00,29306.0,29306.0,29312.25,29301.0,29311.5,324
2026-09-01 04:25:00-04:00,29307.0,29307.0,29311.5,29303.0,29305.5,177
2026-09-01 04:26:00-04:00,29311.75,29311.75,29319.25,29303.25,29307.5,238
2026-09-01 04:27:00-04:00,29297.5,29297.5,29314.5,29283.5,29312.0,1016
2026-09-01 04:28:00-04:00,29285.0,29285.0,29296.0,29282.5,29294.75,553
2026-09-01 04:29:00-04:00,29285.5,29285.5,29288.0,29279.0,29282.75,372
2026-09-01 04:30:00-04:00,29290.75,29290.75,29294.5,29281.5,29286.0,259
2026-09-01 04:31:00-04:00,29290.25,29290.25,29296.0,29281.25,29290.25,253
2026-09-01 04:32:00-04:00,29296.25,29296.25,29296.5,29289.0,29291.25,149
2026-09-01 04:33:00-04:00,29309.5,29309.5,29312.0,29292.25,29295.0,176
2026-09-01 04:34:00-04:00,29308.5,29308.5,29310.0,29303.0,29309.0,164
2026-09-01 04:35:00-04:00,29294.0,29294.0,29309.75,29294.0,29308.0,117
2026-09-01 04:36:00-04:00,29296.25,29296.25,29305.25,29292.75,29295.75,110
2026-09-01 04:37:00-04:00,29269.75,29269.75,29298.25,29266.25,29297.25,691
2026-09-01 04:38:00-04:00,29272.5,29272.5,29273.75,29260.5,29268.5,444
2026-09-01 04:39:00-04:00,29267.25,29267.25,29279.75,29263.5,29268.75,254
2026-09-01 04:40:00-04:00,29270.75,29270.75,29279.0,29257.25,29266.75,303
2026-09-01 04:41:00-04:00,29262.0,29262.0,29276.0,29256.5,29271.25,289
2026-09-01 04:42:00-04:00,29257.5,29257.5,29265.0,29256.25,29261.25,163
2026-09-01 04:43:00-04:00,29255.0,29255.0,29260.0,29246.75,29257.5,445
2026-09-01 04:44:00-04:00,29257.5,29257.5,29265.25,29252.75,29254.0,228
2026-09-01 04:45:00-04:00,29268.25,29268.25,29273.0,29253.0,29257.0,206
2026-09-01 04:46:00-04:00,29269.25,29269.25,29271.75,29263.0,29269.25,135
2026-09-01 04:47:00-04:00,29266.75,29266.75,29269.75,29259.0,29269.25,120
2026-09-01 04:48:00-04:00,29262.0,29262.0,29267.0,29250.0,29267.0,220
2026-09-01 04:49:00-04:00,29257.5,29257.5,29264.25,29248.25,29262.75,188
2026-09-01 04:50:00-04:00,29251.5,29251.5,29257.0,29248.25,29257.0,188
2026-09-01 04:51:00-04:00,29254.0,29254.0,29256.5,29249.75,29252.5,123
2026-09-01 04:52:00-04:00,29266.0,29266.0,29266.0,29253.5,29253.5,75
2026-09-01 04:53:00-04:00,29264.5,29264.5,29274.75,29262.5,29266.0,179
2026-09-01 04:54:00-04:00,29267.5,29267.5,29276.75,29262.75,29263.75,169
2026-09-01 04:55:00-04:00,29266.75,29266.75,29279.75,29265.25,29268.0,205
2026-09-01 04:56:00-04:00,29255.25,29255.25,29268.0,29254.25,29267.25,237
2026-09-01 04:57:00-04:00,29261.5,29261.5,29263.5,29254.25,29254.25,103
2026-09-01 04:58:00-04:00,29248.25,29248.25,29263.25,29244.75,29263.25,214
2026-09-01 04:59:00-04:00,29235.25,29235.25,29254.5,29231.0,29249.0,460
2026-09-01 05:00:00-04:00,29230.0,29230.0,29243.25,29225.0,29235.75,349
2026-09-01 05:01:00-04:00,29225.75,29225.75,29232.75,29223.75,29229.0,405
2026-09-01 05:02:00-04:00,29225.25,29225.25,29227.25,29222.25,29224.5,232
2026-09-01 05:03:00-04:00,29217.25,29217.25,29226.75,29213.25,29226.25,443
2026-09-01 05:04:00-04:00,29222.25,29222.25,29225.5,29211.5,29216.25,250
2026-09-01 05:05:00-04:00,29226.25,29226.25,29229.5,29216.0,29223.25,236
2026-09-01 05:06:00-04:00,29210.75,29210.75,29226.75,29201.75,29226.75,461
2026-09-01 05:07:00-04:00,29212.25,29212.25,29214.5,29205.25,29210.75,216
2026-09-01 05:08:00-04:00,29208.25,29208.25,29214.0,29206.5,29212.0,110
2026-09-01 05:09:00-04:00,29211.75,29211.75,29219.0,29205.5,29207.0,157
2026-09-01 05:10:00-04:00,29212.75,29212.75,29221.75,29211.5,29213.0,146
2026-09-01 05:11:00-04:00,29211.75,29211.75,29217.25,29207.75,29211.0,122
2026-09-01 05:12:00-04:00,29214.5,29214.5,29220.0,29207.0,29213.5,168
2026-09-01 05:13:00-04:00,29210.25,29210.25,29217.25,29208.5,29214.5,80
2026-09-01 05:14:00-04:00,29207.75,29207.75,29216.25,29204.0,29209.5,136
2026-09-01 05:15:00-04:00,29202.0,29202.0,29209.0,29195.75,29206.75,340
2026-09-01 05:16:00-04:00,29213.25,29213.25,29215.75,29201.75,29201.75,215
2026-09-01 05:17:00-04:00,29210.5,29210.5,29218.0,29208.75,29213.5,133
2026-09-01 05:18:00-04:00,29202.25,29202.25,29216.5,29201.25,29211.25,163
2026-09-01 05:19:00-04:00,29201.0,29201.0,29210.0,29197.75,29202.5,147
2026-09-01 05:20:00-04:00,29195.0,29195.0,29200.75,29185.5,29200.5,358
2026-09-01 05:21:00-04:00,29202.25,29202.25,29206.5,29191.0,29195.75,212
2026-09-01 05:22:00-04:00,29204.0,29204.0,29205.5,29200.5,29204.5,133
2026-09-01 05:23:00-04:00,29201.25,29201.25,29204.0,29189.5,29204.0,310
2026-09-01 05:24:00-04:00,29196.0,29196.0,29201.25,29194.0,29200.25,94
2026-09-01 05:25:00-04:00,29198.5,29198.5,29201.75,29193.5,29196.5,95
2026-09-01 05:26:00-04:00,29193.75,29193.75,29201.0,29192.75,29199.25,80
2026-09-01 05:27:00-04:00,29191.25,29191.25,29201.25,29190.5,29192.75,121
2026-09-01 05:28:00-04:00,29195.0,29195.0,29196.5,29189.25,29192.75,138
2026-09-01 05:29:00-04:00,29197.0,29197.0,29198.75,29192.0,29195.5,55
2026-09-01 05:30:00-04:00,29197.5,29197.5,29205.0,29193.75,29199.0,156
2026-09-01 05:31:00-04:00,29202.0,29202.0,29204.5,29195.75,29196.0,90
2026-09-01 05:32:00-04:00,29200.25,29200.25,29208.0,29200.25,29203.75,124
2026-09-01 05:33:00-04:00,29196.5,29196.5,29207.0,29194.25,29199.5,122
2026-09-01 05:34:00-04:00,29203.0,29203.0,29207.5,29196.0,29197.5,186
2026-09-01 05:35:00-04:00,29197.5,29197.5,29206.5,29195.0,29201.5,190
2026-09-01 05:36:00-04:00,29199.25,29199.25,29203.5,29196.25,29197.0,85
2026-09-01 05:37:00-04:00,29192.75,29192.75,29201.5,29190.5,29200.0,114
2026-09-01 05:38:00-04:00,29187.5,29187.5,29194.75,29185.75,29193.75,147
2026-09-01 05:39:00-04:00,29187.0,29187.0,29192.0,29184.25,29187.25,143
2026-09-01 05:40:00-04:00,29193.5,29193.5,29194.0,29184.25,29186.75,113
2026-09-01 05:41:00-04:00,29203.0,29203.0,29206.0,29194.0,29194.0,252
2026-09-01 05:42:00-04:00,29203.25,29203.25,29208.5,29200.75,29202.25,153
2026-09-01 05:43:00-04:00,29212.75,29212.75,29216.75,29204.5,29204.5,273
2026-09-01 05:44:00-04:00,29213.25,29213.25,29215.25,29210.0,29210.5,121
2026-09-01 05:45:00-04:00,29219.25,29219.25,29221.0,29211.75,29212.25,143
2026-09-01 05:46:00-04:00,29222.0,29222.0,29228.0,29220.75,29220.75,261
2026-09-01 05:47:00-04:00,29226.25,29226.25,29226.75,29222.0,29222.5,112
2026-09-01 05:48:00-04:00,29222.0,29222.0,29226.75,29222.0,29226.25,71
2026-09-01 05:49:00-04:00,29219.75,29219.75,29224.25,29219.75,29222.25,89
2026-09-01 05:50:00-04:00,29218.5,29218.5,29221.5,29216.25,29219.0,156
2026-09-01 05:51:00-04:00,29221.75,29221.75,29222.0,29217.0,29218.0,105
2026-09-01 05:52:00-04:00,29219.75,29219.75,29222.0,29216.5,29222.0,67
2026-09-01 05:53:00-04:00,29221.0,29221.0,29222.5,29213.75,29219.5,94
2026-09-01 05:54:00-04:00,29222.75,29222.75,29223.25,29218.75,29221.0,84
2026-09-01 05:55:00-04:00,29216.25,29216.25,29224.75,29215.25,29223.0,136
2026-09-01 05:56:00-04:00,29222.0,29222.0,29223.25,29217.25,29217.25,54
2026-09-01 05:57:00-04:00,29221.75,29221.75,29222.5,29217.5,29221.25,54
2026-09-01 05:58:00-04:00,29217.75,29217.75,29223.25,29216.25,29223.25,60
2026-09-01 05:59:00-04:00,29212.5,29212.5,29217.75,29211.5,29217.75,144
2026-09-01 06:00:00-04:00,29220.75,29220.75,29222.5,29209.5,29212.5,181
2026-09-01 06:01:00-04:00,29222.0,29222.0,29227.25,29218.0,29220.0,125
2026-09-01 06:02:00-04:00,29225.0,29225.0,29227.0,29221.25,29223.0,90
2026-09-01 06:03:00-04:00,29211.5,29211.5,29225.25,29209.5,29225.25,110
2026-09-01 06:04:00-04:00,29210.5,29210.5,29213.5,29201.25,29211.75,175
2026-09-01 06:05:00-04:00,29216.25,29216.25,29220.5,29210.5,29210.75,108
2026-09-01 06:06:00-04:00,29210.25,29210.25,29221.75,29209.5,29215.5,75
2026-09-01 06:07:00-04:00,29211.25,29211.25,29215.75,29210.0,29211.5,42
2026-09-01 06:08:00-04:00,29210.5,29210.5,29214.25,29208.0,29210.5,86
2026-09-01 06:09:00-04:00,29208.25,29208.25,29212.75,29207.25,29211.25,35
2026-09-01 06:10:00-04:00,29218.0,29218.0,29218.75,29205.0,29208.75,81
2026-09-01 06:11:00-04:00,29218.0,29218.0,29220.5,29215.5,29217.5,85
2026-09-01 06:12:00-04:00,29222.75,29222.75,29224.5,29217.75,29217.75,93
2026-09-01 06:13:00-04:00,29225.5,29225.5,29227.25,29222.0,29224.0,83
2026-09-01 06:14:00-04:00,29221.5,29221.5,29225.75,29221.25,29225.25,75
2026-09-01 06:15:00-04:00,29225.5,29225.5,29226.5,29219.5,29222.0,66
2026-09-01 06:16:00-04:00,29226.75,29226.75,29229.25,29222.5,29224.5,114
2026-09-01 06:17:00-04:00,29224.5,29224.5,29228.0,29219.25,29227.25,107
2026-09-01 06:18:00-04:00,29216.5,29216.5,29226.0,29211.75,29225.25,95
2026-09-01 06:19:00-04:00,29219.0,29219.0,29219.0,29212.75,29215.0,57
2026-09-01 06:20:00-04:00,29223.25,29223.25,29223.75,29217.5,29220.0,61
2026-09-01 06:21:00-04:00,29244.5,29244.5,29245.0,29222.75,29222.75,274
2026-09-01 06:22:00-04:00,29244.0,29244.0,29246.0,29240.0,29244.5,275
2026-09-01 06:23:00-04:00,29244.75,29244.75,29248.25,29243.5,29244.0,209
2026-09-01 06:24:00-04:00,29245.25,29245.25,29247.5,29245.0,29245.5,88
2026-09-01 06:25:00-04:00,29245.5,29245.5,29248.75,29244.25,29245.75,150
2026-09-01 06:26:00-04:00,29244.25,29244.25,29245.75,29242.5,29245.75,43
2026-09-01 06:27:00-04:00,29240.75,29240.75,29246.0,29239.75,29243.0,143
2026-09-01 06:28:00-04:00,29239.0,29239.0,29240.0,29235.75,29239.25,67
2026-09-01 06:29:00-04:00,29237.5,29237.5,29239.0,29233.0,29239.0,154
2026-09-01 06:30:00-04:00,29241.5,29241.5,29243.5,29237.75,29237.75,91
2026-09-01 06:31:00-04:00,29238.75,29238.75,29242.0,29235.75,29240.5,56
2026-09-01 06:32:00-04:00,29243.25,29243.25,29245.0,29239.0,29240.0,65
2026-09-01 06:33:00-04:00,29247.75,29247.75,29249.5,29244.25,29244.75,88
2026-09-01 06:34:00-04:00,29255.25,29255.25,29256.0,29248.5,29248.5,140
2026-09-01 06:35:00-04:00,29250.0,29250.0,29257.25,29249.0,29255.5,160
2026-09-01 06:36:00-04:00,29253.0,29253.0,29255.5,29250.5,29251.25,103
2026-09-01 06:37:00-04:00,29253.75,29253.75,29254.0,29251.5,29251.75,23
2026-09-01 06:38:00-04:00,29255.0,29255.0,29257.75,29252.25,29253.75,71
2026-09-01 06:39:00-04:00,29250.0,29250.0,29255.5,29250.0,29254.5,51
2026-09-01 06:40:00-04:00,29240.0,29240.0,29250.25,29237.25,29250.0,157
2026-09-01 06:41:00-04:00,29238.75,29238.75,29240.75,29237.5,29238.75,33
2026-09-01 06:42:00-04:00,29236.25,29236.25,29244.0,29236.25,29240.5,101
2026-09-01 06:43:00-04:00,29234.75,29234.75,29237.75,29230.75,29235.75,144
2026-09-01 06:44:00-04:00,29227.5,29227.5,29236.75,29227.0,29234.75,165
2026-09-01 06:45:00-04:00,29224.75,29224.75,29229.0,29221.75,29227.25,278
2026-09-01 06:46:00-04:00,29228.25,29228.25,29228.75,29224.25,29225.5,146
2026-09-01 06:47:00-04:00,29235.75,29235.75,29243.0,29220.0,29228.0,480
2026-09-01 06:48:00-04:00,29223.75,29223.75,29236.25,29221.75,29235.5,253
2026-09-01 06:49:00-04:00,29223.5,29223.5,29226.25,29218.25,29225.25,173
2026-09-01 06:50:00-04:00,29216.25,29216.25,29224.75,29213.75,29224.0,154
2026-09-01 06:51:00-04:00,29204.5,29204.5,29217.5,29203.25,29216.75,341
2026-09-01 06:52:00-04:00,29203.5,29203.5,29205.75,29197.25,29204.0,219
2026-09-01 06:53:00-04:00,29205.75,29205.75,29207.25,29202.5,29203.0,106
2026-09-01 06:54:00-04:00,29213.5,29213.5,29214.75,29207.0,29207.0,110
2026-09-01 06:55:00-04:00,29211.75,29211.75,29214.0,29208.5,29212.5,82
2026-09-01 06:56:00-04:00,29209.75,29209.75,29213.5,29209.75,29211.5,41
2026-09-01 06:57:00-04:00,29209.75,29209.75,29214.5,29208.5,29210.0,69
2026-09-01 06:58:00-04:00,29208.75,29208.75,29213.0,29208.75,29211.0,58
2026-09-01 06:59:00-04:00,29210.0,29210.0,29216.0,29208.5,29209.75,135
2026-09-01 07:00:00-04:00,29212.5,29212.5,29213.25,29204.25,29209.25,182
2026-09-01 07:01:00-04:00,29192.0,29192.0,29199.0,29190.0,29195.0,441
2026-09-01 07:02:00-04:00,29203.0,29203.0,29203.75,29192.0,29192.75,176
2026-09-01 07:03:00-04:00,29201.0,29201.0,29207.25,29198.25,29204.0,153
2026-09-01 07:04:00-04:00,29204.5,29204.5,29205.25,29191.25,29200.0,141
2026-09-01 07:05:00-04:00,29186.0,29186.0,29203.5,29178.0,29203.5,701
2026-09-01 07:06:00-04:00,29190.25,29190.25,29195.5,29184.5,29186.5,223
2026-09-01 07:07:00-04:00,29197.75,29197.75,29198.5,29186.0,29192.0,146
2026-09-01 07:08:00-04:00,29193.0,29193.0,29202.5,29190.75,29196.75,191
2026-09-01 07:09:00-04:00,29198.0,29198.0,29199.0,29186.75,29194.0,131
2026-09-01 07:10:00-04:00,29194.25,29194.25,29203.0,29193.25,29198.75,123
2026-09-01 07:11:00-04:00,29199.0,29199.0,29201.5,29193.75,29195.0,88
2026-09-01 07:12:00-04:00,29200.5,29200.5,29204.75,29199.0,29200.25,101
2026-09-01 07:13:00-04:00,29197.25,29197.25,29201.75,29195.75,29199.5,101
2026-09-01 07:14:00-04:00,29200.75,29200.75,29201.5,29194.25,29197.5,114
2026-09-01 07:15:00-04:00,29204.5,29204.5,29205.75,29199.0,29200.5,107
2026-09-01 07:16:00-04:00,29206.5,29206.5,29209.0,29204.5,29204.5,118
2026-09-01 07:17:00-04:00,29207.75,29207.75,29210.75,29205.0,29206.5,170
2026-09-01 07:18:00-04:00,29209.75,29209.75,29210.25,29206.0,29207.5,110
2026-09-01 07:19:00-04:00,29207.75,29207.75,29211.75,29203.5,29209.25,157
2026-09-01 07:20:00-04:00,29208.75,29208.75,29216.75,29207.0,29207.75,147
2026-09-01 07:21:00-04:00,29202.75,29202.75,29210.5,29201.75,29208.0,122
2026-09-01 07:22:00-04:00,29203.0,29203.0,29207.25,29196.75,29202.75,115
2026-09-01 07:23:00-04:00,29206.25,29206.25,29206.5,29202.5,29202.75,59
2026-09-01 07:24:00-04:00,29200.5,29200.5,29206.0,29196.75,29205.75,112
2026-09-01 07:25:00-04:00,29197.25,29197.25,29205.0,29196.5,29200.5,87
2026-09-01 07:26:00-04:00,29206.75,29206.75,29208.5,29196.25,29199.75,147
2026-09-01 07:27:00-04:00,29208.0,29208.0,29210.5,29202.25,29207.25,126
2026-09-01 07:28:00-04:00,29208.5,29208.5,29212.0,29205.5,29207.25,131
2026-09-01 07:29:00-04:00,29208.75,29208.75,29210.75,29205.0,29209.0,58
2026-09-01 07:30:00-04:00,29220.0,29220.0,29225.75,29205.75,29207.75,337
2026-09-01 07:31:00-04:00,29217.75,29217.75,29223.75,29213.0,29219.75,302
2026-09-01 07:32:00-04:00,29216.5,29216.5,29219.5,29214.25,29217.25,116
2026-09-01 07:33:00-04:00,29218.25,29218.25,29218.25,29214.75,29216.0,76
2026-09-01 07:34:00-04:00,29212.5,29212.5,29217.5,29210.5,29217.5,140
2026-09-01 07:35:00-04:00,29212.5,29212.5,29217.75,29210.75,29212.5,149
2026-09-01 07:36:00-04:00,29226.25,29226.25,29227.5,29212.75,29212.75,159
2026-09-01 07:37:00-04:00,29224.5,29224.5,29226.75,29223.5,29225.5,67
2026-09-01 07:38:00-04:00,29227.25,29227.25,29228.5,29224.75,29225.0,136
2026-09-01 07:39:00-04:00,29235.75,29235.75,29236.25,29226.25,29226.25,133
2026-09-01 07:40:00-04:00,29233.75,29233.75,29235.5,29231.75,29235.0,125
2026-09-01 07:41:00-04:00,29237.75,29237.75,29237.75,29233.5,29234.0,151
2026-09-01 07:42:00-04:00,29232.75,29232.75,29238.0,29230.0,29236.25,130
2026-09-01 07:43:00-04:00,29231.5,29231.5,29233.75,29230.0,29232.5,68
2026-09-01 07:44:00-04:00,29226.25,29226.25,29231.5,29226.0,29230.5,87
2026-09-01 07:45:00-04:00,29224.0,29224.0,29228.5,29220.5,29228.25,143
2026-09-01 07:46:00-04:00,29219.5,29219.5,29226.75,29218.75,29224.75,138
2026-09-01 07:47:00-04:00,29211.75,29211.75,29220.25,29210.0,29219.0,129
2026-09-01 07:48:00-04:00,29217.0,29217.0,29218.75,29205.25,29212.5,305
2026-09-01 07:49:00-04:00,29208.5,29208.5,29218.0,29206.25,29217.0,167
2026-09-01 07:50:00-04:00,29209.0,29209.0,29211.25,29204.5,29208.5,130
2026-09-01 07:51:00-04:00,29212.25,29212.25,29213.0,29205.75,29208.75,118
2026-09-01 07:52:00-04:00,29211.5,29211.5,29217.5,29208.75,29211.5,161
2026-09-01 07:53:00-04:00,29215.75,29215.75,29216.25,29212.0,29212.0,45
2026-09-01 07:54:00-04:00,29199.0,29199.0,29217.0,29198.0,29215.5,247
2026-09-01 07:55:00-04:00,29193.0,29193.0,29199.75,29188.0,29199.25,261
2026-09-01 07:56:00-04:00,29177.5,29177.5,29194.25,29173.75,29192.75,605
2026-09-01 07:57:00-04:00,29173.25,29173.25,29178.0,29167.75,29177.75,322
2026-09-01 07:58:00-04:00,29174.0,29174.0,29174.0,29167.75,29173.0,164
2026-09-01 07:59:00-04:00,29172.5,29172.5,29176.0,29170.75,29173.25,127
2026-09-01 08:00:00-04:00,29160.25,29160.25,29173.0,29157.75,29171.5,563
2026-09-01 08:01:00-04:00,29159.75,29159.75,29167.75,29157.75,29160.5,281
2026-09-01 08:02:00-04:00,29173.25,29173.25,29175.0,29157.5,29160.25,320
2026-09-01 08:03:00-04:00,29174.25,29174.25,29179.5,29169.75,29174.0,265
2026-09-01 08:04:00-04:00,29174.25,29174.25,29177.5,29169.75,29173.75,137
2026-09-01 08:05:00-04:00,29161.5,29161.5,29176.25,29161.0,29173.75,178
2026-09-01 08:06:00-04:00,29157.5,29157.5,29167.75,29156.5,29161.5,291
2026-09-01 08:07:00-04:00,29162.5,29162.5,29164.5,29154.5,29157.5,353
2026-09-01 08:08:00-04:00,29167.75,29167.75,29171.5,29160.0,29162.5,138
2026-09-01 08:09:00-04:00,29158.75,29158.75,29172.5,29156.0,29168.0,314
2026-09-01 08:10:00-04:00,29155.5,29155.5,29161.75,29153.75,29159.0,202
2026-09-01 08:11:00-04:00,29157.25,29157.25,29160.0,29153.75,29156.0,148
2026-09-01 08:12:00-04:00,29160.75,29160.75,29161.75,29156.0,29156.75,117
2026-09-01 08:13:00-04:00,29163.25,29163.25,29167.0,29157.5,29161.5,232
2026-09-01 08:14:00-04:00,29165.5,29165.5,29167.0,29160.25,29163.0,189
2026-09-01 08:15:00-04:00,29165.0,29165.0,29169.75,29158.75,29164.75,260
2026-09-01 08:16:00-04:00,29167.25,29167.25,29168.25,29163.25,29164.0,208
2026-09-01 08:17:00-04:00,29169.75,29169.75,29173.0,29165.75,29167.0,276
2026-09-01 08:18:00-04:00,29158.25,29158.25,29169.5,29150.25,29168.75,459
2026-09-01 08:19:00-04:00,29148.25,29148.25,29158.75,29146.25,29158.0,429
2026-09-01 08:20:00-04:00,29146.5,29146.5,29150.25,29137.5,29148.25,580
2026-09-01 08:21:00-04:00,29146.25,29146.25,29149.0,29141.75,29147.0,288
2026-09-01 08:22:00-04:00,29155.5,29155.5,29160.5,29146.0,29147.25,308
2026-09-01 08:23:00-04:00,29158.0,29158.0,29160.25,29146.75,29154.75,304
2026-09-01 08:24:00-04:00,29156.0,29156.0,29161.75,29154.25,29158.75,237
2026-09-01 08:25:00-04:00,29154.5,29154.5,29157.75,29150.75,29156.75,252
2026-09-01 08:26:00-04:00,29168.5,29168.5,29169.75,29154.75,29155.0,244
2026-09-01 08:27:00-04:00,29169.0,29169.0,29170.25,29167.25,29168.5,143
2026-09-01 08:28:00-04:00,29168.5,29168.5,29171.5,29166.0,29169.0,197
2026-09-01 08:29:00-04:00,29170.5,29170.5,29170.5,29166.25,29168.75,149
2026-09-01 08:30:00-04:00,29161.5,29161.5,29170.5,29161.5,29169.75,332
2026-09-01 08:31:00-04:00,29150.25,29150.25,29164.0,29147.5,29162.0,431
2026-09-01 08:32:00-04:00,29148.75,29148.75,29151.75,29140.75,29150.5,470
2026-09-01 08:33:00-04:00,29150.5,29150.5,29152.5,29146.25,29148.25,140
2026-09-01 08:34:00-04:00,29149.5,29149.5,29154.75,29149.0,29151.0,186
2026-09-01 08:35:00-04:00,29139.75,29139.75,29149.0,29138.0,29149.0,362
2026-09-01 08:36:00-04:00,29131.25,29131.25,29140.5,29129.75,29139.75,454
2026-09-01 08:37:00-04:00,29129.5,29129.5,29136.0,29129.0,29131.25,208
2026-09-01 08:38:00-04:00,29136.25,29136.25,29136.5,29126.25,29129.75,376
2026-09-01 08:39:00-04:00,29138.75,29138.75,29154.5,29133.75,29137.0,546
2026-09-01 08:40:00-04:00,29138.5,29138.5,29140.0,29132.0,29138.0,280
2026-09-01 08:41:00-04:00,29139.0,29139.0,29141.25,29133.0,29138.75,275
2026-09-01 08:42:00-04:00,29129.5,29129.5,29138.75,29128.0,29138.75,314
2026-09-01 08:43:00-04:00,29125.25,29125.25,29131.75,29123.25,29129.25,607
2026-09-01 08:44:00-04:00,29129.5,29129.5,29133.0,29125.75,29125.75,164
2026-09-01 08:45:00-04:00,29131.0,29131.0,29135.25,29127.5,29129.5,189
2026-09-01 08:46:00-04:00,29138.5,29138.5,29141.75,29130.75,29130.75,270
2026-09-01 08:47:00-04:00,29149.5,29149.5,29153.0,29137.5,29137.5,381
2026-09-01 08:48:00-04:00,29129.25,29129.25,29149.75,29126.75,29149.5,517
2026-09-01 08:49:00-04:00,29127.0,29127.0,29132.5,29123.75,29129.25,332
2026-09-01 08:50:00-04:00,29131.75,29131.75,29131.75,29125.0,29127.25,177
2026-09-01 08:51:00-04:00,29138.0,29138.0,29138.0,29130.0,29131.75,234
2026-09-01 08:52:00-04:00,29132.25,29132.25,29137.75,29124.5,29137.5,352
2026-09-01 08:53:00-04:00,29129.5,29129.5,29134.25,29129.5,29131.75,161
2026-09-01 08:54:00-04:00,29131.25,29131.25,29133.0,29128.25,29129.5,178
2026-09-01 08:55:00-04:00,29133.25,29133.25,29134.5,29126.75,29131.75,235
2026-09-01 08:56:00-04:00,29131.25,29131.25,29132.5,29125.0,29131.25,160
2026-09-01 08:57:00-04:00,29128.75,29128.75,29134.5,29127.25,29131.75,157
2026-09-01 08:58:00-04:00,29128.0,29128.0,29129.0,29124.0,29128.0,234
2026-09-01 08:59:00-04:00,29125.75,29125.75,29129.25,29122.25,29128.5,232
2026-09-01 09:00:00-04:00,29114.25,29114.25,29126.25,29112.5,29125.75,702
2026-09-01 09:01:00-04:00,29108.0,29108.0,29115.75,29100.0,29114.75,784
2026-09-01 09:02:00-04:00,29107.75,29107.75,29116.5,29106.25,29107.5,446
2026-09-01 09:03:00-04:00,29101.75,29101.75,29106.75,29098.0,29106.25,862
2026-09-01 09:04:00-04:00,29099.25,29099.25,29103.0,29095.0,29101.75,567
2026-09-01 09:05:00-04:00,29101.5,29101.5,29103.0,29096.0,29099.0,558
2026-09-01 09:06:00-04:00,29092.5,29092.5,29104.5,29090.0,29102.25,709
2026-09-01 09:07:00-04:00,29098.5,29098.5,29098.75,29087.0,29092.0,739
2026-09-01 09:08:00-04:00,29099.5,29099.5,29102.0,29093.25,29098.25,417
2026-09-01 09:09:00-04:00,29098.5,29098.5,29101.5,29092.25,29099.0,315
2026-09-01 09:10:00-04:00,29100.75,29100.75,29104.25,29098.25,29098.25,267
2026-09-01 09:11:00-04:00,29093.25,29093.25,29101.0,29093.25,29100.75,345
2026-09-01 09:12:00-04:00,29094.5,29094.5,29097.25,29089.25,29093.25,543
2026-09-01 09:13:00-04:00,29099.75,29099.75,29102.75,29092.0,29094.5,386
2026-09-01 09:14:00-04:00,29093.0,29093.0,29102.0,29093.0,29100.75,205
2026-09-01 09:15:00-04:00,29093.5,29093.5,29100.0,29090.0,29093.0,395
2026-09-01 09:16:00-04:00,29089.75,29089.75,29096.0,29085.75,29093.0,371
2026-09-01 09:17:00-04:00,29092.0,29092.0,29093.75,29087.5,29090.0,251
2026-09-01 09:18:00-04:00,29087.25,29087.25,29092.5,29084.25,29092.0,411
2026-09-01 09:19:00-04:00,29097.25,29097.25,29097.5,29086.25,29086.75,280
2026-09-01 09:20:00-04:00,29098.0,29098.0,29102.5,29095.0,29097.0,478
2026-09-01 09:21:00-04:00,29101.0,29101.0,29101.75,29096.5,29097.75,305
2026-09-01 09:22:00-04:00,29103.5,29103.5,29106.0,29101.25,29101.5,361
2026-09-01 09:23:00-04:00,29112.25,29112.25,29114.5,29102.75,29104.0,449
2026-09-01 09:24:00-04:00,29112.5,29112.5,29113.5,29109.25,29111.75,460
2026-09-01 09:25:00-04:00,29108.0,29108.0,29116.25,29101.5,29113.0,644
2026-09-01 09:26:00-04:00,29107.0,29107.0,29108.25,29100.0,29108.0,326
2026-09-01 09:27:00-04:00,29107.0,29107.0,29111.75,29101.75,29107.5,662
2026-09-01 09:28:00-04:00,29116.25,29116.25,29119.5,29106.5,29106.5,941
2026-09-01 09:29:00-04:00,29112.25,29112.25,29122.75,29110.75,29116.5,945
2026-09-01 09:30:00-04:00,29097.25,29097.25,29124.75,29086.75,29111.75,5766
2026-09-01 09:31:00-04:00,29076.25,29076.25,29106.0,29062.75,29097.0,4864
2026-09-01 09:32:00-04:00,29095.75,29095.75,29099.5,29070.25,29076.25,2950
2026-09-01 09:33:00-04:00,29089.25,29089.25,29115.0,29085.0,29094.75,3213
2026-09-01 09:34:00-04:00,29099.0,29099.0,29116.0,29085.0,29089.0,2430
2026-09-01 09:35:00-04:00,29117.25,29117.25,29140.5,29094.25,29099.25,3585
2026-09-01 09:36:00-04:00,29104.5,29104.5,29126.75,29098.75,29117.75,2250
2026-09-01 09:37:00-04:00,29111.25,29111.25,29125.5,29095.25,29104.0,2267
2026-09-01 09:38:00-04:00,29071.5,29071.5,29114.0,29065.0,29111.5,3175
2026-09-01 09:39:00-04:00,29071.75,29071.75,29087.25,29060.25,29071.25,2645
2026-09-01 09:40:00-04:00,29062.0,29062.0,29084.5,29056.75,29071.0,2601
2026-09-01 09:41:00-04:00,29051.5,29051.5,29066.75,29040.25,29062.0,2925
2026-09-01 09:42:00-04:00,29067.75,29067.75,29074.5,29044.25,29051.25,2268
2026-09-01 09:43:00-04:00,29084.75,29084.75,29086.5,29059.0,29068.25,1899
2026-09-01 09:44:00-04:00,29083.75,29083.75,29096.75,29072.25,29083.5,1949
2026-09-01 09:45:00-04:00,29114.0,29114.0,29122.5,29074.75,29084.0,2995
2026-09-01 09:46:00-04:00,29112.75,29112.75,29127.25,29103.25,29114.25,2195
2026-09-01 09:47:00-04:00,29125.25,29125.25,29143.0,29112.5,29113.25,2277
2026-09-01 09:48:00-04:00,29114.5,29114.5,29137.0,29113.25,29125.25,1709
2026-09-01 09:49:00-04:00,29143.25,29143.25,29144.25,29110.75,29114.0,1932
2026-09-01 09:50:00-04:00,29145.5,29145.5,29158.0,29138.0,29143.0,2318
2026-09-01 09:51:00-04:00,29131.75,29131.75,29146.75,29129.75,29146.5,1346
2026-09-01 09:52:00-04:00,29120.25,29120.25,29136.0,29112.5,29132.5,1682
2026-09-01 09:53:00-04:00,29120.5,29120.5,29126.0,29109.75,29119.75,1394
2026-09-01 09:54:00-04:00,29124.0,29124.0,29124.5,29106.0,29120.5,1297
2026-09-01 09:55:00-04:00,29117.0,29117.0,29130.0,29110.75,29124.5,1163
2026-09-01 09:56:00-04:00,29101.5,29101.5,29120.0,29100.75,29117.0,1481
2026-09-01 09:57:00-04:00,29097.5,29097.5,29108.75,29095.0,29102.0,1337
2026-09-01 09:58:00-04:00,29094.0,29094.0,29105.0,29092.0,29098.0,1111
2026-09-01 09:59:00-04:00,29105.0,29105.0,29110.0,29092.75,29094.5,994
2026-09-01 10:00:00-04:00,29111.25,29111.25,29132.75,29091.25,29106.0,2200
2026-09-01 10:01:00-04:00,29136.75,29136.75,29138.0,29110.75,29112.0,2200
2026-09-01 10:02:00-04:00,29098.5,29098.5,29138.25,29085.25,29136.0,2242
2026-09-01 10:03:00-04:00,29115.5,29115.5,29117.0,29094.5,29098.75,1298
2026-09-01 10:04:00-04:00,29104.5,29104.5,29122.25,29103.0,29116.0,1010
2026-09-01 10:05:00-04:00,29122.25,29122.25,29124.25,29104.25,29104.5,1121
2026-09-01 10:06:00-04:00,29147.5,29147.5,29148.0,29119.75,29122.25,1296
2026-09-01 10:07:00-04:00,29155.25,29155.25,29156.25,29140.75,29147.25,1536
2026-09-01 10:08:00-04:00,29149.25,29149.25,29155.5,29134.0,29155.5,1399
2026-09-01 10:09:00-04:00,29154.0,29154.0,29161.75,29144.25,29148.5,1423
2026-09-01 10:10:00-04:00,29150.5,29150.5,29160.0,29146.0,29153.25,1190
2026-09-01 10:11:00-04:00,29130.25,29130.25,29155.0,29128.5,29149.5,1346
2026-09-01 10:12:00-04:00,29125.5,29125.5,29138.75,29119.0,29131.0,1551
2026-09-01 10:13:00-04:00,29129.25,29129.25,29131.75,29116.0,29125.0,1085
2026-09-01 10:14:00-04:00,29133.25,29133.25,29144.0,29123.75,29128.75,1140
2026-09-01 10:15:00-04:00,29158.5,29158.5,29171.75,29132.0,29133.5,2645
2026-09-01 10:16:00-04:00,29163.75,29163.75,29174.25,29153.0,29158.25,1862
2026-09-01 10:17:00-04:00,29151.0,29151.0,29167.0,29148.5,29164.75,1097
2026-09-01 10:18:00-04:00,29139.25,29139.25,29157.25,29136.5,29151.25,1045
2026-09-01 10:19:00-04:00,29145.25,29145.25,29147.25,29135.5,29139.25,832
2026-09-01 10:20:00-04:00,29154.25,29154.25,29158.75,29145.25,29145.25,1129
2026-09-01 10:21:00-04:00,29153.0,29153.0,29162.25,29152.25,29153.75,793
2026-09-01 10:22:00-04:00,29171.5,29171.5,29179.5,29152.5,29153.0,1722
2026-09-01 10:23:00-04:00,29159.25,29159.25,29171.25,29155.5,29171.25,1076
2026-09-01 10:24:00-04:00,29160.75,29160.75,29164.5,29152.5,29159.0,789
2026-09-01 10:25:00-04:00,29172.75,29172.75,29176.25,29159.0,29161.25,1037
2026-09-01 10:26:00-04:00,29173.75,29173.75,29178.0,29171.25,29173.0,751
2026-09-01 10:27:00-04:00,29163.25,29163.25,29175.25,29154.5,29174.25,1120
2026-09-01 10:28:00-04:00,29162.5,29162.5,29165.5,29157.5,29162.75,565
2026-09-01 10:29:00-04:00,29165.25,29165.25,29166.0,29155.75,29163.25,751
2026-09-01 10:30:00-04:00,29186.25,29186.25,29187.5,29162.25,29165.25,1679
2026-09-01 10:31:00-04:00,29199.75,29199.75,29208.75,29180.75,29186.25,2080
2026-09-01 10:32:00-04:00,29202.5,29202.5,29205.0,29195.0,29199.75,971
2026-09-01 10:33:00-04:00,29210.0,29210.0,29212.0,29200.75,29202.0,1238
2026-09-01 10:34:00-04:00,29209.75,29209.75,29213.25,29208.5,29210.0,804
2026-09-01 10:35:00-04:00,29207.0,29207.0,29215.0,29205.25,29210.0,1152
2026-09-01 10:36:00-04:00,29205.5,29205.5,29212.75,29200.5,29207.25,1023
2026-09-01 10:37:00-04:00,29210.75,29210.75,29215.0,29202.25,29205.75,1039
2026-09-01 10:38:00-04:00,29203.75,29203.75,29214.0,29202.0,29210.75,850
2026-09-01 10:39:00-04:00,29208.5,29208.5,29212.25,29196.5,29204.25,1080
2026-09-01 10:40:00-04:00,29215.5,29215.5,29219.5,29204.75,29209.25,1084
2026-09-01 10:41:00-04:00,29213.0,29213.0,29223.5,29212.25,29215.75,1048
2026-09-01 10:42:00-04:00,29218.75,29218.75,29222.75,29209.5,29213.5,988
2026-09-01 10:43:00-04:00,29221.75,29221.75,29229.5,29215.25,29219.5,877
2026-09-01 10:44:00-04:00,29234.0,29234.0,29235.0,29213.25,29223.75,1238
2026-09-01 10:45:00-04:00,29230.5,29230.5,29235.5,29224.25,29234.0,1044
2026-09-01 10:46:00-04:00,29238.0,29238.0,29241.0,29227.0,29229.5,945
2026-09-01 10:47:00-04:00,29251.75,29251.75,29253.0,29234.0,29238.75,1510
2026-09-01 10:48:00-04:00,29259.0,29259.0,29268.0,29249.75,29252.0,1911
2026-09-01 10:49:00-04:00,29246.0,29246.0,29261.0,29244.75,29259.0,1214
2026-09-01 10:50:00-04:00,29240.25,29240.25,29247.0,29234.25,29246.25,1578
2026-09-01 10:51:00-04:00,29227.25,29227.25,29244.5,29224.0,29240.25,1320
2026-09-01 10:52:00-04:00,29226.25,29226.25,29234.0,29220.25,29227.25,1445
2026-09-01 10:53:00-04:00,29230.0,29230.0,29239.5,29224.25,29226.75,1039
2026-09-01 10:54:00-04:00,29222.0,29222.0,29234.25,29218.5,29230.5,909
2026-09-01 10:55:00-04:00,29219.5,29219.5,29228.0,29216.0,29222.25,948
2026-09-01 10:56:00-04:00,29221.25,29221.25,29223.75,29214.0,29219.25,777
2026-09-01 10:57:00-04:00,29211.25,29211.25,29227.25,29207.0,29221.25,1205
2026-09-01 10:58:00-04:00,29213.25,29213.25,29219.75,29208.25,29212.0,1061
2026-09-01 10:59:00-04:00,29228.0,29228.0,29229.75,29213.25,29213.75,1081
2026-09-01 11:00:00-04:00,29239.25,29239.25,29241.5,29225.0,29228.5,1389
2026-09-01 11:01:00-04:00,29226.25,29226.25,29240.0,29225.0,29239.0,851
2026-09-01 11:02:00-04:00,29226.0,29226.0,29232.5,29220.75,29226.25,668
2026-09-01 11:03:00-04:00,29208.0,29208.0,29226.0,29208.0,29225.25,892
2026-09-01 11:04:00-04:00,29211.5,29211.5,29212.75,29200.5,29208.0,1252
2026-09-01 11:05:00-04:00,29211.75,29211.75,29216.0,29204.0,29211.75,865
2026-09-01 11:06:00-04:00,29198.75,29198.75,29212.75,29196.25,29212.25,1096
2026-09-01 11:07:00-04:00,29187.5,29187.5,29203.75,29185.0,29198.75,1121
2026-09-01 11:08:00-04:00,29184.5,29184.5,29192.25,29180.5,29188.0,1055
2026-09-01 11:09:00-04:00,29181.75,29181.75,29193.75,29180.75,29184.75,977
2026-09-01 11:10:00-04:00,29184.75,29184.75,29192.25,29181.0,29181.5,810
2026-09-01 11:11:00-04:00,29182.75,29182.75,29190.75,29181.0,29184.75,526
2026-09-01 11:12:00-04:00,29188.75,29188.75,29192.0,29180.25,29183.0,784
2026-09-01 11:13:00-04:00,29189.5,29189.5,29199.75,29186.25,29189.5,856
2026-09-01 11:14:00-04:00,29183.75,29183.75,29200.0,29182.75,29188.75,805
2026-09-01 11:15:00-04:00,29187.25,29187.25,29192.25,29178.25,29183.0,670
2026-09-01 11:16:00-04:00,29186.75,29186.75,29196.0,29186.25,29187.75,624
2026-09-01 11:17:00-04:00,29187.5,29187.5,29194.25,29182.75,29187.0,760
2026-09-01 11:18:00-04:00,29193.75,29193.75,29197.5,29185.25,29186.5,430
2026-09-01 11:19:00-04:00,29199.0,29199.0,29204.5,29191.5,29193.75,886
2026-09-01 11:20:00-04:00,29194.25,29194.25,29205.5,29194.25,29199.0,602
2026-09-01 11:21:00-04:00,29196.25,29196.25,29200.75,29186.25,29194.0,796
2026-09-01 11:22:00-04:00,29206.0,29206.0,29209.75,29193.25,29196.5,884
2026-09-01 11:23:00-04:00,29210.75,29210.75,29212.0,29201.5,29204.0,618
2026-09-01 11:24:00-04:00,29216.25,29216.25,29217.5,29207.5,29210.0,713
2026-09-01 11:25:00-04:00,29210.25,29210.25,29218.0,29207.75,29215.5,713
2026-09-01 11:26:00-04:00,29217.25,29217.25,29221.5,29208.5,29209.75,500
2026-09-01 11:27:00-04:00,29215.0,29215.0,29219.75,29213.5,29216.75,439
2026-09-01 11:28:00-04:00,29218.0,29218.0,29219.75,29207.75,29215.5,664
2026-09-01 11:29:00-04:00,29232.5,29232.5,29233.25,29216.0,29217.75,896
2026-09-01 11:30:00-04:00,29242.5,29242.5,29245.25,29224.25,29232.25,1873
2026-09-01 11:31:00-04:00,29227.75,29227.75,29242.5,29226.0,29242.0,973
2026-09-01 11:32:00-04:00,29231.75,29231.75,29235.75,29226.0,29227.0,708
2026-09-01 11:33:00-04:00,29236.75,29236.75,29236.75,29226.25,29231.5,479
2026-09-01 11:34:00-04:00,29232.75,29232.75,29237.0,29226.75,29236.5,578
2026-09-01 11:35:00-04:00,29236.5,29236.5,29238.5,29229.0,29232.5,613
2026-09-01 11:36:00-04:00,29247.0,29247.0,29248.75,29234.5,29236.5,854
2026-09-01 11:37:00-04:00,29254.0,29254.0,29254.5,29242.75,29247.0,824
2026-09-01 11:38:00-04:00,29261.75,29261.75,29264.5,29253.5,29254.25,1535
2026-09-01 11:39:00-04:00,29267.0,29267.0,29269.5,29257.5,29261.5,1084
2026-09-01 11:40:00-04:00,29272.25,29272.25,29273.0,29266.25,29266.75,1012
2026-09-01 11:41:00-04:00,29276.25,29276.25,29282.75,29270.25,29272.25,1399
2026-09-01 11:42:00-04:00,29271.0,29271.0,29278.0,29267.25,29276.25,787
2026-09-01 11:43:00-04:00,29274.75,29274.75,29276.25,29268.0,29271.0,581
2026-09-01 11:44:00-04:00,29287.75,29287.75,29291.25,29272.5,29274.5,1576
2026-09-01 11:45:00-04:00,29293.5,29293.5,29295.5,29286.0,29287.75,1370
2026-09-01 11:46:00-04:00,29303.5,29303.5,29305.75,29293.25,29294.0,1502
2026-09-01 11:47:00-04:00,29309.0,29309.0,29313.75,29302.75,29303.0,1498
2026-09-01 11:48:00-04:00,29309.75,29309.75,29310.5,29300.75,29308.25,844
2026-09-01 11:49:00-04:00,29312.0,29312.0,29317.75,29307.0,29309.75,977
2026-09-01 11:50:00-04:00,29305.25,29305.25,29313.25,29298.5,29312.75,1047
2026-09-01 11:51:00-04:00,29307.5,29307.5,29312.5,29305.0,29305.0,804
2026-09-01 11:52:00-04:00,29305.5,29305.5,29309.25,29295.25,29307.25,942
2026-09-01 11:53:00-04:00,29310.75,29310.75,29316.75,29301.0,29305.25,869
2026-09-01 11:54:00-04:00,29310.0,29310.0,29312.25,29306.25,29311.0,565
2026-09-01 11:55:00-04:00,29303.25,29303.25,29311.25,29301.0,29309.25,693
2026-09-01 11:56:00-04:00,29298.75,29298.75,29307.75,29297.5,29303.5,637
2026-09-01 11:57:00-04:00,29293.25,29293.25,29302.25,29292.5,29298.5,635
2026-09-01 11:58:00-04:00,29298.5,29298.5,29299.75,29289.0,29293.0,798
2026-09-01 11:59:00-04:00,29296.25,29296.25,29303.75,29293.5,29297.75,672
2026-09-01 12:00:00-04:00,29293.25,29293.25,29300.75,29287.75,29295.5,809
2026-09-01 12:01:00-04:00,29284.0,29284.0,29293.75,29283.25,29292.75,924
2026-09-01 12:02:00-04:00,29280.0,29280.0,29286.75,29276.5,29283.5,1198
2026-09-01 12:03:00-04:00,29280.5,29280.5,29284.75,29278.25,29280.5,550
2026-09-01 12:04:00-04:00,29279.75,29279.75,29283.5,29277.75,29280.5,385
2026-09-01 12:05:00-04:00,29279.0,29279.0,29283.0,29273.25,29279.25,580
2026-09-01 12:06:00-04:00,29261.25,29261.25,29280.75,29258.0,29278.75,1277
2026-09-01 12:07:00-04:00,29267.0,29267.0,29273.0,29260.5,29261.25,866
2026-09-01 12:08:00-04:00,29260.25,29260.25,29270.75,29256.25,29266.75,781
2026-09-01 12:09:00-04:00,29260.25,29260.25,29267.0,29257.75,29259.75,463
2026-09-01 12:10:00-04:00,29259.5,29259.5,29261.25,29244.75,29260.25,1271
2026-09-01 12:11:00-04:00,29255.75,29255.75,29259.5,29250.75,29259.0,430
2026-09-01 12:12:00-04:00,29253.25,29253.25,29265.75,29250.75,29255.0,685
2026-09-01 12:13:00-04:00,29246.75,29246.75,29257.5,29246.25,29252.75,488
2026-09-01 12:14:00-04:00,29232.25,29232.25,29250.0,29232.0,29246.5,1109
2026-09-01 12:15:00-04:00,29234.0,29234.0,29236.25,29224.0,29232.75,1365
2026-09-01 12:16:00-04:00,29231.25,29231.25,29234.5,29223.25,29233.5,892
2026-09-01 12:17:00-04:00,29217.25,29217.25,29233.25,29215.0,29231.5,1135
2026-09-01 12:18:00-04:00,29216.0,29216.0,29222.5,29214.0,29217.0,706
2026-09-01 12:19:00-04:00,29204.0,29204.0,29219.0,29202.25,29216.5,1097
2026-09-01 12:20:00-04:00,29181.25,29181.25,29205.75,29180.25,29204.75,2069
2026-09-01 12:21:00-04:00,29178.5,29178.5,29190.25,29170.5,29181.25,2345
2026-09-01 12:22:00-04:00,29191.0,29191.0,29195.5,29177.5,29178.0,1520
2026-09-01 12:23:00-04:00,29200.0,29200.0,29209.75,29186.0,29190.75,1843
2026-09-01 12:24:00-04:00,29195.5,29195.5,29201.25,29188.5,29200.5,961
2026-09-01 12:25:00-04:00,29197.75,29197.75,29202.5,29189.5,29195.25,807
2026-09-01 12:26:00-04:00,29169.5,29169.5,29197.5,29167.25,29197.0,1849
2026-09-01 12:27:00-04:00,29169.25,29169.25,29182.25,29162.75,29168.75,1854
2026-09-01 12:28:00-04:00,29178.25,29178.25,29181.0,29169.5,29169.5,1016
2026-09-01 12:29:00-04:00,29176.75,29176.75,29183.0,29174.5,29178.25,842
2026-09-01 12:30:00-04:00,29149.0,29149.0,29184.5,29147.75,29177.0,1948
2026-09-01 12:31:00-04:00,29150.75,29150.75,29154.25,29140.5,29149.75,1549
2026-09-01 12:32:00-04:00,29151.25,29151.25,29154.25,29143.0,29151.0,1047
2026-09-01 12:33:00-04:00,29157.0,29157.0,29158.5,29147.5,29150.5,889
2026-09-01 12:34:00-04:00,29134.75,29134.75,29157.25,29131.25,29157.25,1190
2026-09-01 12:35:00-04:00,29142.75,29142.75,29145.25,29133.75,29135.0,944
2026-09-01 12:36:00-04:00,29144.0,29144.0,29152.5,29135.25,29143.5,1187
2026-09-01 12:37:00-04:00,29144.5,29144.5,29148.0,29136.5,29143.5,741
2026-09-01 12:38:00-04:00,29148.75,29148.75,29156.5,29144.75,29144.75,895
2026-09-01 12:39:00-04:00,29163.25,29163.25,29164.0,29148.0,29148.0,986
2026-09-01 12:40:00-04:00,29154.75,29154.75,29166.75,29150.25,29164.0,1093
2026-09-01 12:41:00-04:00,29166.0,29166.0,29168.75,29154.25,29155.0,840
2026-09-01 12:42:00-04:00,29142.0,29142.0,29167.25,29141.75,29166.25,994
2026-09-01 12:43:00-04:00,29148.25,29148.25,29156.5,29139.75,29141.75,839
2026-09-01 12:44:00-04:00,29138.0,29138.0,29150.0,29136.0,29148.5,624
2026-09-01 12:45:00-04:00,29145.75,29145.75,29147.0,29133.0,29137.75,879
2026-09-01 12:46:00-04:00,29143.0,29143.0,29150.0,29139.5,29145.75,607
2026-09-01 12:47:00-04:00,29145.5,29145.5,29151.0,29142.0,29143.0,392
2026-09-01 12:48:00-04:00,29156.5,29156.5,29157.0,29144.75,29146.0,466
2026-09-01 12:49:00-04:00,29161.75,29161.75,29162.0,29153.5,29155.25,605
2026-09-01 12:50:00-04:00,29166.75,29166.75,29167.25,29155.75,29161.75,452
2026-09-01 12:51:00-04:00,29161.5,29161.5,29167.0,29158.25,29167.0,537
2026-09-01 12:52:00-04:00,29161.5,29161.5,29166.0,29151.75,29161.75,686
2026-09-01 12:53:00-04:00,29156.5,29156.5,29165.75,29156.5,29161.25,416
2026-09-01 12:54:00-04:00,29162.5,29162.5,29165.5,29155.0,29156.75,366
2026-09-01 12:55:00-04:00,29180.25,29180.25,29183.0,29163.5,29164.0,1236
2026-09-01 12:56:00-04:00,29185.5,29185.5,29186.25,29177.5,29181.0,856
2026-09-01 12:57:00-04:00,29185.5,29185.5,29188.75,29181.75,29185.5,783
2026-09-01 12:58:00-04:00,29190.5,29190.5,29197.25,29185.25,29185.5,790
2026-09-01 12:59:00-04:00,29191.75,29191.75,29196.5,29189.25,29191.0,475
2026-09-01 13:00:00-04:00,29173.75,29173.75,29191.75,29171.5,29191.25,1100
2026-09-01 13:01:00-04:00,29159.0,29159.0,29176.0,29157.5,29173.25,784
2026-09-01 13:02:00-04:00,29158.0,29158.0,29164.5,29153.5,29159.5,732
2026-09-01 13:03:00-04:00,29155.0,29155.0,29163.75,29155.0,29157.25,528
2026-09-01 13:04:00-04:00,29151.0,29151.0,29163.0,29149.5,29155.0,569
2026-09-01 13:05:00-04:00,29151.75,29151.75,29159.0,29149.25,29150.0,459
2026-09-01 13:06:00-04:00,29153.25,29153.25,29157.25,29146.5,29151.75,651
2026-09-01 13:07:00-04:00,29143.75,29143.75,29153.25,29141.25,29153.25,660
2026-09-01 13:08:00-04:00,29140.0,29140.0,29148.25,29139.0,29144.25,574
2026-09-01 13:09:00-04:00,29147.25,29147.25,29150.5,29138.75,29140.0,467
2026-09-01 13:10:00-04:00,29141.75,29141.75,29151.25,29140.25,29147.75,705
2026-09-01 13:11:00-04:00,29154.0,29154.0,29156.0,29141.75,29142.0,482
2026-09-01 13:12:00-04:00,29160.5,29160.5,29160.5,29150.25,29154.5,557
2026-09-01 13:13:00-04:00,29154.0,29154.0,29165.5,29152.5,29159.5,844
2026-09-01 13:14:00-04:00,29156.25,29156.25,29162.75,29153.25,29154.25,301
2026-09-01 13:15:00-04:00,29157.5,29157.5,29163.75,29151.5,29156.25,568
2026-09-01 13:16:00-04:00,29136.25,29136.25,29162.25,29133.75,29157.75,1043
2026-09-01 13:17:00-04:00,29136.75,29136.75,29142.25,29134.0,29135.75,555
2026-09-01 13:18:00-04:00,29140.75,29140.75,29147.25,29135.5,29136.5,416
2026-09-01 13:19:00-04:00,29141.0,29141.0,29143.75,29136.75,29141.5,404
2026-09-01 13:20:00-04:00,29143.25,29143.25,29150.25,29137.25,29141.5,799
2026-09-01 13:21:00-04:00,29143.5,29143.5,29147.5,29135.5,29143.0,489
2026-09-01 13:22:00-04:00,29145.0,29145.0,29148.25,29141.25,29143.5,309
2026-09-01 13:23:00-04:00,29134.0,29134.0,29146.25,29131.75,29145.0,486
2026-09-01 13:24:00-04:00,29139.25,29139.25,29141.25,29133.5,29134.25,406
2026-09-01 13:25:00-04:00,29128.5,29128.5,29146.25,29100.5,29140.0,2150
2026-09-01 13:26:00-04:00,29118.5,29118.5,29132.5,29117.75,29129.0,1255
2026-09-01 13:27:00-04:00,29134.0,29134.0,29138.0,29117.25,29119.75,784
2026-09-01 13:28:00-04:00,29135.0,29135.0,29137.25,29125.0,29133.75,501
2026-09-01 13:29:00-04:00,29141.75,29141.75,29146.0,29133.75,29135.0,704
2026-09-01 13:30:00-04:00,29151.25,29151.25,29159.0,29139.25,29143.0,920
2026-09-01 13:31:00-04:00,29157.5,29157.5,29158.5,29149.5,29151.5,460
2026-09-01 13:32:00-04:00,29149.25,29149.25,29158.25,29148.25,29158.0,458
2026-09-01 13:33:00-04:00,29149.75,29149.75,29150.25,29137.75,29149.0,631
2026-09-01 13:34:00-04:00,29152.25,29152.25,29155.0,29146.25,29149.75,438
2026-09-01 13:35:00-04:00,29158.5,29158.5,29161.75,29152.0,29152.0,552
2026-09-01 13:36:00-04:00,29149.75,29149.75,29158.0,29144.75,29158.0,516
2026-09-01 13:37:00-04:00,29150.0,29150.0,29154.5,29144.0,29149.25,359
2026-09-01 13:38:00-04:00,29147.75,29147.75,29149.75,29140.5,29149.0,379
2026-09-01 13:39:00-04:00,29143.75,29143.75,29152.0,29142.25,29147.5,334
2026-09-01 13:40:00-04:00,29145.0,29145.0,29152.0,29141.5,29143.25,326
2026-09-01 13:41:00-04:00,29151.0,29151.0,29158.75,29142.5,29144.75,468
2026-09-01 13:42:00-04:00,29153.5,29153.5,29157.25,29147.5,29150.75,283
2026-09-01 13:43:00-04:00,29149.5,29149.5,29155.5,29147.75,29154.25,236
2026-09-01 13:44:00-04:00,29151.5,29151.5,29153.5,29148.75,29150.0,221
2026-09-01 13:45:00-04:00,29145.25,29145.25,29153.25,29144.25,29151.5,301
2026-09-01 13:46:00-04:00,29129.75,29129.75,29146.5,29125.5,29145.0,720
2026-09-01 13:47:00-04:00,29137.25,29137.25,29139.25,29129.5,29129.5,462
2026-09-01 13:48:00-04:00,29128.0,29128.0,29138.5,29125.75,29137.25,1234
2026-09-01 13:49:00-04:00,29123.5,29123.5,29131.75,29122.5,29128.5,385
2026-09-01 13:50:00-04:00,29127.0,29127.0,29127.5,29121.0,29122.5,581
2026-09-01 13:51:00-04:00,29135.75,29135.75,29135.75,29122.75,29127.5,521
2026-09-01 13:52:00-04:00,29132.0,29132.0,29138.75,29128.75,29135.75,363
2026-09-01 13:53:00-04:00,29122.5,29122.5,29135.0,29122.5,29132.25,493
2026-09-01 13:54:00-04:00,29124.5,29124.5,29125.25,29117.75,29122.75,469
2026-09-01 13:55:00-04:00,29123.5,29123.5,29127.25,29122.5,29124.5,318
2026-09-01 13:56:00-04:00,29122.0,29122.0,29125.25,29119.0,29123.0,339
2026-09-01 13:57:00-04:00,29124.0,29124.0,29128.0,29120.0,29122.75,340
2026-09-01 13:58:00-04:00,29137.25,29137.25,29137.25,29122.5,29124.5,393
2026-09-01 13:59:00-04:00,29140.75,29140.75,29142.75,29136.5,29137.0,569
2026-09-01 14:00:00-04:00,29137.5,29137.5,29151.5,29132.75,29139.75,864
2026-09-01 14:01:00-04:00,29134.75,29134.75,29142.5,29133.75,29137.5,375
2026-09-01 14:02:00-04:00,29139.25,29139.25,29142.5,29133.5,29134.5,472
2026-09-01 14:03:00-04:00,29134.25,29134.25,29143.0,29134.0,29139.25,344
2026-09-01 14:04:00-04:00,29124.75,29124.75,29135.75,29120.5,29134.75,743
2026-09-01 14:05:00-04:00,29118.5,29118.5,29124.25,29114.75,29124.25,575
2026-09-01 14:06:00-04:00,29113.25,29113.25,29120.5,29111.5,29118.25,530
2026-09-01 14:07:00-04:00,29122.5,29122.5,29124.0,29112.75,29113.0,502
2026-09-01 14:08:00-04:00,29119.75,29119.75,29124.0,29117.25,29123.25,313
2026-09-01 14:09:00-04:00,29120.5,29120.5,29123.25,29115.0,29119.25,263
2026-09-01 14:10:00-04:00,29115.75,29115.75,29126.0,29113.0,29120.75,461
2026-09-01 14:11:00-04:00,29115.25,29115.25,29120.75,29114.0,29115.5,357
2026-09-01 14:12:00-04:00,29114.75,29114.75,29121.75,29114.5,29115.5,214
2026-09-01 14:13:00-04:00,29105.75,29105.75,29114.25,29105.25,29114.25,705
2026-09-01 14:14:00-04:00,29102.25,29102.25,29108.5,29101.25,29105.75,770
2026-09-01 14:15:00-04:00,29096.75,29096.75,29104.25,29093.0,29102.5,1228
2026-09-01 14:16:00-04:00,29093.5,29093.5,29096.75,29090.25,29096.0,727
2026-09-01 14:17:00-04:00,29111.75,29111.75,29112.0,29093.0,29094.0,998
2026-09-01 14:18:00-04:00,29111.0,29111.0,29114.0,29107.75,29111.25,595
2026-09-01 14:19:00-04:00,29111.0,29111.0,29117.25,29108.5,29111.75,467
2026-09-01 14:20:00-04:00,29112.0,29112.0,29114.75,29106.0,29111.75,407
2026-09-01 14:21:00-04:00,29109.5,29109.5,29114.25,29107.75,29112.0,325
2026-09-01 14:22:00-04:00,29114.0,29114.0,29116.75,29110.0,29110.0,317
2026-09-01 14:23:00-04:00,29111.0,29111.0,29116.25,29104.75,29114.75,454
2026-09-01 14:24:00-04:00,29115.5,29115.5,29118.5,29110.0,29111.25,418
2026-09-01 14:25:00-04:00,29114.25,29114.25,29115.25,29099.75,29115.25,1001
2026-09-01 14:26:00-04:00,29107.5,29107.5,29115.75,29105.25,29114.75,376
2026-09-01 14:27:00-04:00,29092.5,29092.5,29108.25,29092.5,29108.0,582
2026-09-01 14:28:00-04:00,29089.25,29089.25,29092.5,29085.25,29092.5,744
2026-09-01 14:29:00-04:00,29094.25,29094.25,29094.75,29087.25,29089.5,444
2026-09-01 14:30:00-04:00,29085.75,29085.75,29097.25,29084.5,29094.5,666
2026-09-01 14:31:00-04:00,29085.25,29085.25,29090.75,29082.5,29086.0,754
2026-09-01 14:32:00-04:00,29092.25,29092.25,29097.0,29084.5,29085.5,505
2026-09-01 14:33:00-04:00,29078.5,29078.5,29093.0,29077.25,29092.75,775
2026-09-01 14:34:00-04:00,29072.5,29072.5,29079.5,29067.75,29078.0,1347
2026-09-01 14:35:00-04:00,29077.5,29077.5,29078.75,29071.0,29072.25,627
2026-09-01 14:36:00-04:00,29071.0,29071.0,29080.0,29070.75,29077.25,509
2026-09-01 14:37:00-04:00,29063.5,29063.5,29071.5,29060.25,29071.25,816
2026-09-01 14:38:00-04:00,29063.0,29063.0,29068.0,29060.5,29064.0,545
2026-09-01 14:39:00-04:00,29060.0,29060.0,29064.25,29058.0,29062.75,677
2026-09-01 14:40:00-04:00,29058.5,29058.5,29064.5,29058.25,29060.75,652
2026-09-01 14:41:00-04:00,29043.25,29043.25,29061.25,29043.0,29058.5,1101
2026-09-01 14:42:00-04:00,29029.75,29029.75,29046.25,29029.0,29043.25,1789
2026-09-01 14:43:00-04:00,29025.25,29025.25,29033.5,29022.25,29029.75,1285
2026-09-01 14:44:00-04:00,29014.5,29014.5,29027.0,29014.25,29025.0,1197
2026-09-01 14:45:00-04:00,29003.75,29003.75,29020.5,29002.25,29015.0,1467
2026-09-01 14:46:00-04:00,29015.25,29015.25,29018.0,29002.0,29004.0,1339
2026-09-01 14:47:00-04:00,29028.75,29028.75,29029.0,29013.75,29015.75,1511
2026-09-01 14:48:00-04:00,29019.75,29019.75,29031.25,29013.75,29028.75,1297
2026-09-01 14:49:00-04:00,29041.75,29041.75,29042.5,29019.25,29019.25,1453
2026-09-01 14:50:00-04:00,29039.75,29039.75,29046.25,29033.75,29042.25,952
2026-09-01 14:51:00-04:00,29036.75,29036.75,29044.0,29033.25,29039.25,599
2026-09-01 14:52:00-04:00,29045.0,29045.0,29051.5,29033.75,29036.75,803
2026-09-01 14:53:00-04:00,29046.0,29046.0,29048.75,29040.0,29045.25,467
2026-09-01 14:54:00-04:00,29047.75,29047.75,29051.0,29043.0,29047.0,386
2026-09-01 14:55:00-04:00,29057.5,29057.5,29061.25,29044.5,29048.0,870
2026-09-01 14:56:00-04:00,29075.5,29075.5,29076.5,29055.25,29058.25,1042
2026-09-01 14:57:00-04:00,29063.75,29063.75,29078.5,29062.25,29075.5,1166
2026-09-01 14:58:00-04:00,29075.25,29075.25,29081.25,29063.25,29063.5,903
2026-09-01 14:59:00-04:00,29076.0,29076.0,29080.5,29073.25,29075.75,545
2026-09-01 15:00:00-04:00,29084.0,29084.0,29091.75,29070.75,29075.5,1350
2026-09-01 15:01:00-04:00,29078.25,29078.25,29084.25,29070.5,29084.0,568
2026-09-01 15:02:00-04:00,29078.25,29078.25,29082.5,29073.0,29078.5,448
2026-09-01 15:03:00-04:00,29093.5,29093.5,29096.0,29076.25,29079.5,668
2026-09-01 15:04:00-04:00,29098.75,29098.75,29104.75,29089.5,29093.25,1102
2026-09-01 15:05:00-04:00,29096.0,29096.0,29102.5,29088.5,29099.75,707
2026-09-01 15:06:00-04:00,29102.0,29102.0,29108.0,29092.75,29095.75,584
2026-09-01 15:07:00-04:00,29097.5,29097.5,29104.5,29093.5,29102.0,490
2026-09-01 15:08:00-04:00,29100.5,29100.5,29102.5,29089.0,29096.25,614
2026-09-01 15:09:00-04:00,29102.75,29102.75,29105.5,29098.25,29101.25,446
2026-09-01 15:10:00-04:00,29107.75,29107.75,29110.75,29098.75,29103.0,787
2026-09-01 15:11:00-04:00,29108.0,29108.0,29118.5,29107.0,29107.5,1007
2026-09-01 15:12:00-04:00,29112.25,29112.25,29113.75,29100.5,29108.75,783
2026-09-01 15:13:00-04:00,29112.5,29112.5,29115.5,29107.75,29111.75,440
2026-09-01 15:14:00-04:00,29120.0,29120.0,29121.5,29111.5,29112.75,587
2026-09-01 15:15:00-04:00,29123.25,29123.25,29125.5,29115.75,29120.0,1020
2026-09-01 15:16:00-04:00,29115.25,29115.25,29125.0,29111.0,29124.0,687
2026-09-01 15:17:00-04:00,29112.75,29112.75,29121.25,29108.75,29115.5,542
2026-09-01 15:18:00-04:00,29114.5,29114.5,29119.75,29108.5,29112.75,398
2026-09-01 15:19:00-04:00,29116.0,29116.0,29120.0,29110.5,29115.0,506
2026-09-01 15:20:00-04:00,29104.75,29104.75,29118.5,29103.75,29115.75,634
2026-09-01 15:21:00-04:00,29108.5,29108.5,29111.0,29104.0,29104.5,487
2026-09-01 15:22:00-04:00,29116.0,29116.0,29121.0,29105.5,29108.25,621
2026-09-01 15:23:00-04:00,29119.5,29119.5,29124.75,29115.0,29117.0,552
2026-09-01 15:24:00-04:00,29117.25,29117.25,29121.0,29114.5,29119.5,398
2026-09-01 15:25:00-04:00,29116.5,29116.5,29123.25,29112.75,29117.0,585
2026-09-01 15:26:00-04:00,29115.5,29115.5,29117.75,29113.0,29116.0,350
2026-09-01 15:27:00-04:00,29113.5,29113.5,29118.0,29110.5,29115.25,433
2026-09-01 15:28:00-04:00,29122.0,29122.0,29122.25,29112.75,29113.75,343
2026-09-01 15:29:00-04:00,29127.25,29127.25,29129.25,29120.5,29122.0,1019
2026-09-01 15:30:00-04:00,29111.0,29111.0,29128.25,29110.75,29126.75,978
2026-09-01 15:31:00-04:00,29100.75,29100.75,29114.25,29099.25,29111.25,824
2026-09-01 15:32:00-04:00,29098.75,29098.75,29101.75,29093.0,29100.0,911
2026-09-01 15:33:00-04:00,29105.0,29105.0,29106.25,29097.75,29099.0,618
2026-09-01 15:34:00-04:00,29119.25,29119.25,29120.0,29104.0,29104.75,650
2026-09-01 15:35:00-04:00,29122.75,29122.75,29124.5,29110.5,29119.0,747
2026-09-01 15:36:00-04:00,29110.0,29110.0,29123.0,29105.75,29122.25,502
2026-09-01 15:37:00-04:00,29108.5,29108.5,29111.0,29104.25,29110.25,280
2026-09-01 15:38:00-04:00,29108.25,29108.25,29110.0,29103.25,29108.5,326
2026-09-01 15:39:00-04:00,29103.75,29103.75,29113.5,29103.25,29108.25,473
2026-09-01 15:40:00-04:00,29114.75,29114.75,29115.75,29098.25,29103.75,620
2026-09-01 15:41:00-04:00,29119.5,29119.5,29123.25,29114.25,29115.25,602
2026-09-01 15:42:00-04:00,29106.5,29106.5,29122.0,29106.25,29119.75,521
2026-09-01 15:43:00-04:00,29113.5,29113.5,29115.5,29103.25,29106.5,644
2026-09-01 15:44:00-04:00,29117.75,29117.75,29119.0,29110.5,29113.75,402
2026-09-01 15:45:00-04:00,29113.75,29113.75,29132.5,29113.0,29118.0,1410
2026-09-01 15:46:00-04:00,29121.25,29121.25,29124.0,29112.75,29114.0,591
2026-09-01 15:47:00-04:00,29132.0,29132.0,29133.25,29121.0,29122.0,670
2026-09-01 15:48:00-04:00,29137.25,29137.25,29141.0,29130.25,29132.25,1087
2026-09-01 15:49:00-04:00,29132.75,29132.75,29141.0,29125.25,29137.25,1165
2026-09-01 15:50:00-04:00,29130.25,29130.25,29132.0,29111.25,29132.0,1725
2026-09-01 15:51:00-04:00,29118.25,29118.25,29132.5,29116.25,29129.75,747
2026-09-01 15:52:00-04:00,29108.5,29108.5,29121.5,29106.5,29118.0,1032
2026-09-01 15:53:00-04:00,29090.75,29090.75,29108.75,29086.0,29108.75,1992
2026-09-01 15:54:00-04:00,29103.75,29103.75,29106.5,29088.75,29090.5,1781
2026-09-01 15:55:00-04:00,29115.5,29115.5,29124.25,29103.75,29104.0,1947
2026-09-01 15:56:00-04:00,29101.75,29101.75,29115.75,29096.25,29115.5,1294
2026-09-01 15:57:00-04:00,29106.0,29106.0,29106.5,29096.5,29102.5,1208
2026-09-01 15:58:00-04:00,29119.25,29119.25,29121.5,29101.0,29106.0,2408
2026-09-01 15:59:00-04:00,29126.0,29126.0,29131.25,29111.25,29118.75,9976
2026-09-01 16:00:00-04:00,29124.0,29124.0,29158.0,29123.0,29126.0,4560
2026-09-01 16:01:00-04:00,29120.0,29120.0,29128.25,29118.0,29125.0,924
2026-09-01 16:02:00-04:00,29120.75,29120.75,29129.75,29119.75,29119.75,494
2026-09-01 16:03:00-04:00,29123.5,29123.5,29125.25,29119.75,29121.25,330
2026-09-01 16:04:00-04:00,29131.25,29131.25,29134.5,29122.5,29123.5,480
2026-09-01 16:05:00-04:00,29122.25,29122.25,29141.25,29117.75,29130.75,875
2026-09-01 16:06:00-04:00,29128.25,29128.25,29128.25,29113.5,29122.25,713
2026-09-01 16:07:00-04:00,29134.5,29134.5,29145.0,29128.0,29128.0,762
2026-09-01 16:08:00-04:00,29133.25,29133.25,29140.0,29132.25,29135.25,393
2026-09-01 16:09:00-04:00,29128.75,29128.75,29136.0,29127.5,29134.5,296
2026-09-01 16:10:00-04:00,29128.5,29128.5,29133.75,29126.0,29129.0,422
2026-09-01 16:11:00-04:00,29131.75,29131.75,29133.5,29120.25,29128.25,360
2026-09-01 16:12:00-04:00,29130.75,29130.75,29132.75,29128.0,29131.75,183
2026-09-01 16:13:00-04:00,29130.25,29130.25,29131.0,29125.0,29130.75,157
2026-09-01 16:14:00-04:00,29135.0,29135.0,29137.0,29129.0,29130.0,214
2026-09-01 16:15:00-04:00,29140.0,29140.0,29142.25,29134.25,29135.0,212
2026-09-01 16:16:00-04:00,29149.0,29149.0,29152.0,29138.0,29140.0,407
2026-09-01 16:17:00-04:00,29150.0,29150.0,29155.0,29146.5,29149.25,329
2026-09-01 16:18:00-04:00,29152.25,29152.25,29155.0,29145.0,29150.0,241
2026-09-01 16:19:00-04:00,29156.25,29156.25,29157.25,29150.5,29152.0,129
2026-09-01 16:20:00-04:00,29156.5,29156.5,29159.0,29152.25,29156.0,218
2026-09-01 16:21:00-04:00,29155.5,29155.5,29157.75,29152.25,29156.25,181
2026-09-01 16:22:00-04:00,29151.25,29151.25,29155.75,29150.5,29155.75,119
2026-09-01 16:23:00-04:00,29150.0,29150.0,29153.0,29149.25,29151.5,122
2026-09-01 16:24:00-04:00,29150.25,29150.25,29153.75,29149.5,29150.0,77
2026-09-01 16:25:00-04:00,29151.0,29151.0,29154.0,29148.5,29150.5,89
2026-09-01 16:26:00-04:00,29144.75,29144.75,29150.5,29144.0,29150.5,113
2026-09-01 16:27:00-04:00,29146.5,29146.5,29147.75,29141.0,29145.5,149
2026-09-01 16:28:00-04:00,29138.5,29138.5,29147.0,29138.5,29146.5,110
2026-09-01 16:29:00-04:00,29136.75,29136.75,29140.0,29136.5,29138.25,55
2026-09-01 16:30:00-04:00,29141.75,29141.75,29143.5,29135.0,29136.0,144
2026-09-01 16:31:00-04:00,29140.25,29140.25,29142.75,29139.25,29140.75,74
2026-09-01 16:32:00-04:00,29135.75,29135.75,29140.5,29135.0,29139.5,88
2026-09-01 16:33:00-04:00,29134.5,29134.5,29138.0,29133.5,29135.75,58
2026-09-01 16:34:00-04:00,29134.5,29134.5,29138.25,29134.5,29135.25,91
2026-09-01 16:35:00-04:00,29139.0,29139.0,29139.25,29135.5,29135.75,57
2026-09-01 16:36:00-04:00,29137.0,29137.0,29140.0,29137.0,29139.25,64
2026-09-01 16:37:00-04:00,29138.0,29138.0,29140.5,29137.5,29137.75,58
2026-09-01 16:38:00-04:00,29138.0,29138.0,29139.5,29137.0,29138.5,32
2026-09-01 16:39:00-04:00,29137.5,29137.5,29138.0,29136.0,29137.75,35
2026-09-01 16:40:00-04:00,29135.75,29135.75,29138.0,29134.5,29137.25,58
2026-09-01 16:41:00-04:00,29133.75,29133.75,29136.5,29130.25,29135.75,94
2026-09-01 16:42:00-04:00,29145.0,29145.0,29155.25,29134.0,29134.0,387
2026-09-01 16:43:00-04:00,29146.75,29146.75,29147.5,29142.5,29144.25,95
2026-09-01 16:44:00-04:00,29147.25,29147.25,29147.25,29143.25,29146.5,67
2026-09-01 16:45:00-04:00,29141.0,29141.0,29147.5,29141.0,29146.0,140
2026-09-01 16:46:00-04:00,29138.5,29138.5,29141.75,29138.0,29141.0,45
2026-09-01 16:47:00-04:00,29139.5,29139.5,29142.25,29138.0,29138.25,54
2026-09-01 16:48:00-04:00,29141.25,29141.25,29142.75,29138.75,29139.75,70
2026-09-01 16:49:00-04:00,29141.75,29141.75,29144.0,29139.25,29141.75,78
2026-09-01 16:50:00-04:00,29142.0,29142.0,29146.25,29140.5,29140.75,95
2026-09-01 16:51:00-04:00,29143.75,29143.75,29144.75,29142.0,29144.0,57
2026-09-01 16:52:00-04:00,29143.25,29143.25,29145.0,29142.75,29143.0,48
2026-09-01 16:53:00-04:00,29138.25,29138.25,29144.0,29134.75,29144.0,129
2026-09-01 16:54:00-04:00,29137.0,29137.0,29138.5,29136.5,29138.0,62
2026-09-01 16:55:00-04:00,29135.5,29135.5,29138.5,29135.5,29137.25,108
2026-09-01 16:56:00-04:00,29134.5,29134.5,29140.0,29134.5,29135.25,132
2026-09-01 16:57:00-04:00,29131.5,29131.5,29135.25,29130.75,29134.0,63
2026-09-01 16:58:00-04:00,29136.75,29136.75,29138.25,29131.25,29131.75,107
2026-09-01 16:59:00-04:00,29139.0,29139.0,29142.25,29134.0,29136.25,160
2026-09-01 18:00:00-04:00,29133.5,29133.5,29149.0,29132.25,29136.5,0
2026-09-01 18:01:00-04:00,29125.75,29125.75,29138.5,29121.0,29134.75,194
2026-09-01 18:02:00-04:00,29124.0,29124.0,29126.0,29118.75,29124.25,108
2026-09-01 18:03:00-04:00,29130.0,29130.0,29141.5,29117.0,29123.5,278
2026-09-01 18:04:00-04:00,29122.75,29122.75,29134.25,29121.5,29129.75,102
2026-09-01 18:05:00-04:00,29116.75,29116.75,29120.75,29111.5,29120.25,136
2026-09-01 18:06:00-04:00,29115.5,29115.5,29118.0,29113.0,29116.25,29
2026-09-01 18:07:00-04:00,29117.5,29117.5,29118.75,29110.75,29114.0,72
2026-09-01 18:08:00-04:00,29121.0,29121.0,29121.5,29117.75,29117.75,44
2026-09-01 18:09:00-04:00,29113.25,29113.25,29119.25,29111.0,29119.25,104
2026-09-01 18:10:00-04:00,29109.25,29109.25,29113.75,29107.75,29113.5,98
2026-09-01 18:11:00-04:00,29112.75,29112.75,29112.75,29108.5,29110.0,52
2026-09-01 18:12:00-04:00,29108.75,29108.75,29111.5,29108.0,29111.5,22
2026-09-01 18:13:00-04:00,29111.5,29111.5,29111.5,29109.0,29109.75,16
2026-09-01 18:14:00-04:00,29110.0,29110.0,29111.5,29108.0,29111.5,32
2026-09-01 18:15:00-04:00,29112.5,29112.5,29114.5,29107.25,29110.5,79
2026-09-01 18:16:00-04:00,29112.5,29112.5,29114.5,29108.25,29113.25,120
2026-09-01 18:17:00-04:00,29111.0,29111.0,29112.0,29109.25,29111.25,25
2026-09-01 18:18:00-04:00,29109.75,29109.75,29111.5,29109.25,29110.75,27
2026-09-01 18:19:00-04:00,29109.5,29109.5,29111.5,29106.75,29111.5,45
2026-09-01 18:20:00-04:00,29109.25,29109.25,29109.5,29107.25,29109.0,34
2026-09-01 18:21:00-04:00,29107.5,29107.5,29109.25,29107.25,29109.25,26
2026-09-01 18:22:00-04:00,29106.0,29106.0,29108.0,29102.25,29108.0,50
2026-09-01 18:23:00-04:00,29107.75,29107.75,29108.25,29106.0,29107.0,30
2026-09-01 18:24:00-04:00,29111.5,29111.5,29113.25,29106.0,29106.25,63
2026-09-01 18:25:00-04:00,29107.75,29107.75,29112.0,29107.0,29112.0,55
2026-09-01 18:26:00-04:00,29125.25,29125.25,29126.0,29107.0,29108.25,217
2026-09-01 18:27:00-04:00,29111.5,29111.5,29124.75,29111.0,29124.25,99
2026-09-01 18:28:00-04:00,29114.0,29114.0,29119.75,29109.75,29113.0,85
2026-09-01 18:29:00-04:00,29113.75,29113.75,29117.75,29113.25,29114.0,27
2026-09-01 18:30:00-04:00,29117.25,29117.25,29119.25,29112.5,29114.75,27
2026-09-01 18:31:00-04:00,29116.75,29116.75,29119.5,29114.75,29118.25,35
2026-09-01 18:32:00-04:00,29117.25,29117.25,29117.5,29113.75,29117.5,13
2026-09-01 18:33:00-04:00,29118.25,29118.25,29120.75,29116.25,29116.25,37
2026-09-01 18:34:00-04:00,29116.75,29116.75,29121.0,29116.75,29120.0,65
2026-09-01 18:35:00-04:00,29115.25,29115.25,29117.25,29111.0,29116.5,64
2026-09-01 18:36:00-04:00,29118.5,29118.5,29119.25,29116.25,29116.75,48
2026-09-01 18:37:00-04:00,29120.75,29120.75,29121.0,29116.75,29118.0,68
2026-09-01 18:38:00-04:00,29117.5,29117.5,29118.5,29115.25,29118.5,23
2026-09-01 18:39:00-04:00,29116.75,29116.75,29118.25,29116.75,29117.75,6
2026-09-01 18:40:00-04:00,29114.0,29114.0,29118.0,29112.5,29116.75,44
2026-09-01 18:41:00-04:00,29115.25,29115.25,29115.25,29112.5,29113.5,25
2026-09-01 18:42:00-04:00,29113.5,29113.5,29116.5,29113.5,29115.5,14
2026-09-01 18:43:00-04:00,29118.25,29118.25,29118.75,29111.75,29112.75,44
2026-09-01 18:44:00-04:00,29117.25,29117.25,29118.0,29115.0,29118.0,28
2026-09-01 18:45:00-04:00,29116.75,29116.75,29117.0,29115.75,29116.75,17
2026-09-01 18:46:00-04:00,29116.5,29116.5,29121.75,29115.5,29117.0,55
2026-09-01 18:47:00-04:00,29123.25,29123.25,29125.25,29114.25,29116.75,92
2026-09-01 18:48:00-04:00,29127.75,29127.75,29129.25,29122.5,29123.25,101
2026-09-01 18:49:00-04:00,29133.5,29133.5,29138.5,29127.5,29127.75,169
2026-09-01 18:50:00-04:00,29130.0,29130.0,29135.5,29130.0,29134.5,83
2026-09-01 18:51:00-04:00,29136.5,29136.5,29139.0,29130.0,29130.0,126
2026-09-01 18:52:00-04:00,29135.0,29135.0,29136.5,29133.75,29135.0,21
2026-09-01 18:53:00-04:00,29133.0,29133.0,29135.75,29131.75,29133.75,52
2026-09-01 18:54:00-04:00,29134.0,29134.0,29135.25,29130.0,29132.5,51
2026-09-01 18:55:00-04:00,29135.0,29135.0,29138.0,29131.75,29132.25,44
2026-09-01 18:56:00-04:00,29132.5,29132.5,29135.0,29130.5,29135.0,63
2026-09-01 18:57:00-04:00,29131.75,29131.75,29132.25,29131.25,29132.0,7
2026-09-01 18:58:00-04:00,29132.25,29132.25,29133.75,29126.25,29131.25,77
2026-09-01 18:59:00-04:00,29132.0,29132.0,29132.0,29129.5,29131.25,18
2026-09-01 19:00:00-04:00,29130.0,29130.0,29132.5,29128.5,29129.75,39
2026-09-01 19:01:00-04:00,29133.75,29133.75,29135.5,29130.5,29130.75,28
2026-09-01 19:02:00-04:00,29131.75,29131.75,29134.5,29131.25,29134.25,28
2026-09-01 19:03:00-04:00,29133.0,29133.0,29133.0,29130.5,29131.25,29
2026-09-01 19:04:00-04:00,29130.5,29130.5,29132.75,29130.0,29132.25,17
2026-09-01 19:05:00-04:00,29131.75,29131.75,29131.75,29130.75,29130.75,16
2026-09-01 19:06:00-04:00,29132.0,29132.0,29133.0,29131.0,29131.75,18
2026-09-01 19:07:00-04:00,29130.5,29130.5,29132.25,29129.25,29132.25,32
2026-09-01 19:08:00-04:00,29132.0,29132.0,29133.5,29130.5,29131.0,39
2026-09-01 19:09:00-04:00,29129.5,29129.5,29131.25,29129.5,29131.25,10
2026-09-01 19:10:00-04:00,29131.25,29131.25,29131.25,29128.75,29129.0,24
2026-09-01 19:11:00-04:00,29132.5,29132.5,29132.5,29130.0,29130.75,14
2026-09-01 19:12:00-04:00,29132.25,29132.25,29133.25,29131.25,29133.25,10
2026-09-01 19:13:00-04:00,29131.0,29131.0,29132.5,29131.0,29132.5,3
2026-09-01 19:14:00-04:00,29129.0,29129.0,29131.0,29128.5,29130.0,27
2026-09-01 19:15:00-04:00,29132.0,29132.0,29132.25,29127.5,29129.25,39
2026-09-01 19:16:00-04:00,29130.25,29130.25,29132.25,29127.0,29132.0,30
2026-09-01 19:17:00-04:00,29130.25,29130.25,29131.5,29129.25,29129.75,16
2026-09-01 19:18:00-04:00,29131.25,29131.25,29131.75,29129.75,29130.5,19
2026-09-01 19:19:00-04:00,29130.5,29130.5,29131.75,29129.75,29131.75,8
2026-09-01 19:20:00-04:00,29128.5,29128.5,29130.25,29128.5,29128.75,20
2026-09-01 19:21:00-04:00,29124.5,29124.5,29129.0,29119.0,29129.0,116
2026-09-01 19:22:00-04:00,29123.75,29123.75,29125.75,29121.25,29124.25,74
2026-09-01 19:23:00-04:00,29122.75,29122.75,29124.25,29122.25,29124.25,25
2026-09-01 19:24:00-04:00,29131.75,29131.75,29139.0,29123.5,29123.5,233
2026-09-01 19:25:00-04:00,29133.0,29133.0,29135.25,29130.25,29131.5,76
2026-09-01 19:26:00-04:00,29132.5,29132.5,29137.25,29130.75,29132.0,63
2026-09-01 19:27:00-04:00,29132.25,29132.25,29132.25,29129.75,29132.0,22
2026-09-01 19:28:00-04:00,29133.75,29133.75,29136.5,29131.0,29131.5,42
2026-09-01 19:29:00-04:00,29136.5,29136.5,29137.0,29134.0,29134.0,40
2026-09-01 19:30:00-04:00,29135.0,29135.0,29140.25,29133.25,29137.5,96
2026-09-01 19:31:00-04:00,29136.75,29136.75,29144.75,29134.5,29134.5,104
2026-09-01 19:32:00-04:00,29136.5,29136.5,29137.25,29134.0,29136.75,40
2026-09-01 19:33:00-04:00,29138.5,29138.5,29139.75,29135.25,29135.25,39
2026-09-01 19:34:00-04:00,29135.5,29135.5,29138.5,29135.5,29137.0,29
2026-09-01 19:35:00-04:00,29135.75,29135.75,29136.75,29135.0,29135.5,12
2026-09-01 19:36:00-04:00,29138.0,29138.0,29139.25,29135.25,29136.25,18
2026-09-01 19:37:00-04:00,29138.5,29138.5,29140.0,29138.0,29139.25,35
2026-09-01 19:38:00-04:00,29139.5,29139.5,29141.0,29138.75,29138.75,49
2026-09-01 19:39:00-04:00,29134.25,29134.25,29140.25,29134.25,29140.0,34
2026-09-01 19:40:00-04:00,29136.5,29136.5,29136.5,29133.0,29134.0,56
2026-09-01 19:41:00-04:00,29136.0,29136.0,29136.5,29135.0,29136.25,22
2026-09-01 19:42:00-04:00,29135.25,29135.25,29138.0,29135.25,29137.25,21
2026-09-01 19:43:00-04:00,29134.0,29134.0,29135.25,29134.0,29135.0,9
2026-09-01 19:44:00-04:00,29140.25,29140.25,29144.75,29134.0,29134.25,133
2026-09-01 19:45:00-04:00,29138.25,29138.25,29148.25,29134.0,29141.75,199
2026-09-01 19:46:00-04:00,29140.75,29140.75,29145.0,29140.0,29140.25,43
2026-09-01 19:47:00-04:00,29142.75,29142.75,29144.0,29138.25,29141.0,59
2026-09-01 19:48:00-04:00,29142.0,29142.0,29142.0,29138.75,29141.5,41
2026-09-01 19:49:00-04:00,29140.5,29140.5,29141.25,29138.25,29140.75,17
2026-09-01 19:50:00-04:00,29141.0,29141.0,29143.75,29140.5,29141.25,52
2026-09-01 19:51:00-04:00,29137.75,29137.75,29142.25,29136.5,29141.0,52
2026-09-01 19:52:00-04:00,29138.75,29138.75,29139.5,29136.0,29138.5,36
2026-09-01 19:53:00-04:00,29141.0,29141.0,29141.5,29137.75,29138.5,27
2026-09-01 19:54:00-04:00,29139.75,29139.75,29141.25,29138.5,29139.5,32
2026-09-01 19:55:00-04:00,29138.5,29138.5,29139.25,29136.25,29139.25,22
2026-09-01 19:56:00-04:00,29138.0,29138.0,29138.75,29136.0,29136.0,13
2026-09-01 19:57:00-04:00,29136.75,29136.75,29138.75,29136.25,29138.25,29
2026-09-01 19:58:00-04:00,29137.0,29137.0,29140.0,29135.0,29138.25,48
2026-09-01 19:59:00-04:00,29134.5,29134.5,29139.5,29131.25,29137.75,78
2026-09-01 20:00:00-04:00,29135.5,29135.5,29141.0,29126.75,29135.75,285
2026-09-01 20:01:00-04:00,29138.25,29138.25,29144.75,29131.75,29136.25,146
2026-09-01 20:02:00-04:00,29131.0,29131.0,29135.5,29126.0,29135.25,131
2026-09-01 20:03:00-04:00,29129.75,29129.75,29132.25,29126.25,29132.0,81
2026-09-01 20:04:00-04:00,29127.0,29127.0,29132.0,29127.0,29131.25,63
2026-09-01 20:05:00-04:00,29121.5,29121.5,29131.25,29115.25,29128.0,304
2026-09-01 20:06:00-04:00,29109.25,29109.25,29123.75,29106.0,29122.75,263
2026-09-01 20:07:00-04:00,29112.75,29112.75,29121.0,29109.0,29109.0,0
