Datetime,Adj Close,Close,High,Low,Open,Volume
2026-09-11 00:09:00-04:00,29076.0,29076.0,29083.5,29076.0,29082.25,0
2026-09-11 00:10:00-04:00,29078.0,29078.0,29087.5,29076.25,29077.25,125
2026-09-11 00:11:00-04:00,29057.0,29057.0,29075.5,29055.25,29075.0,285
2026-09-11 00:12:00-04:00,29062.0,29062.0,29066.5,29055.25,29057.0,136
2026-09-11 00:13:00-04:00,29085.5,29085.5,29087.25,29062.75,29062.75,271
2026-09-11 00:14:00-04:00,29093.25,29093.25,29094.75,29083.0,29084.75,337
2026-09-11 00:15:00-04:00,29090.75,29090.75,29093.75,29085.25,29093.75,129
2026-09-11 00:16:00-04:00,29084.0,29084.0,29090.0,29083.0,29090.0,98
2026-09-11 00:17:00-04:00,29077.0,29077.0,29083.5,29077.0,29083.5,147
2026-09-11 00:18:00-04:00,29078.25,29078.25,29083.75,29075.75,29077.0,89
2026-09-11 00:19:00-04:00,29082.25,29082.25,29084.0,29077.75,29077.75,95
2026-09-11 00:20:00-04:00,29094.75,29094.75,29094.75,29080.0,29080.5,130
2026-09-11 00:21:00-04:00,29093.75,29093.75,29100.0,29090.0,29095.0,174
2026-09-11 00:22:00-04:00,29085.75,29085.75,29095.0,29084.75,29091.75,78
2026-09-11 00:23:00-04:00,29092.0,29092.0,29095.25,29086.75,29086.75,100
2026-09-11 00:24:00-04:00,29107.5,29107.5,29108.5,29091.75,29092.25,205
2026-09-11 00:25:00-04:00,29116.25,29116.25,29120.25,29107.5,29107.75,241
2026-09-11 00:26:00-04:00,29119.5,29119.5,29120.25,29112.75,29115.75,84
2026-09-11 00:27:00-04:00,29122.0,29122.0,29126.5,29118.5,29120.5,178
2026-09-11 00:28:00-04:00,29123.25,29123.25,29124.5,29120.5,29121.75,76
2026-09-11 00:29:00-04:00,29123.75,29123.75,29125.0,29120.75,29123.25,66
2026-09-11 00:30:00-04:00,29127.25,29127.25,29128.0,29122.0,29124.25,156
2026-09-11 00:31:00-04:00,29128.75,29128.75,29131.75,29125.5,29126.5,136
2026-09-11 00:32:00-04:00,29124.75,29124.75,29130.75,29123.75,29129.0,90
2026-09-11 00:33:00-04:00,29123.25,29123.25,29125.0,29120.0,29124.75,84
2026-09-11 00:34:00-04:00,29120.0,29120.0,29124.5,29119.5,29124.5,38
2026-09-11 00:35:00-04:00,29123.0,29123.0,29127.0,29116.75,29118.5,117
2026-09-11 00:36:00-04:00,29128.5,29128.5,29129.5,29122.0,29122.5,63
2026-09-11 00:37:00-04:00,29128.75,29128.75,29130.25,29124.0,29128.0,77
2026-09-11 00:38:00-04:00,29128.0,29128.0,29130.25,29126.5,29127.5,68
2026-09-11 00:39:00-04:00,29127.0,29127.0,29130.0,29124.25,29128.25,56
2026-09-11 00:40:00-04:00,29127.0,29127.0,29136.25,29125.25,29125.75,162
2026-09-11 00:41:00-04:00,29130.25,29130.25,29130.75,29125.75,29126.5,51
2026-09-11 00:42:00-04:00,29134.0,29134.0,29136.0,29128.75,29129.0,58
2026-09-11 00:43:00-04:00,29137.0,29137.0,29138.75,29129.75,29133.5,114
2026-09-11 00:44:00-04:00,29137.0,29137.0,29140.25,29133.75,29138.5,133
2026-09-11 00:45:00-04:00,29133.5,29133.5,29140.0,29133.25,29137.75,50
2026-09-11 00:46:00-04:00,29138.0,29138.0,29140.0,29134.5,29134.5,235
2026-09-11 00:47:00-04:00,29133.5,29133.5,29140.0,29133.5,29138.25,41
2026-09-11 00:48:00-04:00,29136.25,29136.25,29136.75,29132.0,29132.25,56
2026-09-11 00:49:00-04:00,29140.5,29140.5,29143.0,29131.25,29135.75,142
2026-09-11 00:50:00-04:00,29143.5,29143.5,29144.0,29136.75,29139.75,65
2026-09-11 00:51:00-04:00,29148.5,29148.5,29151.5,29140.75,29142.0,228
2026-09-11 00:52:00-04:00,29140.75,29140.75,29146.75,29138.25,29146.75,114
2026-09-11 00:53:00-04:00,29134.75,29134.75,29140.5,29133.0,29140.0,115
2026-09-11 00:54:00-04:00,29137.0,29137.0,29137.0,29133.0,29134.5,39
2026-09-11 00:55:00-04:00,29139.75,29139.75,29141.0,29136.0,29136.0,92
2026-09-11 00:56:00-04:00,29136.25,29136.25,29138.5,29135.0,29138.25,40
2026-09-11 00:57:00-04:00,29137.0,29137.0,29139.5,29136.0,29137.0,20
2026-09-11 00:58:00-04:00,29131.75,29131.75,29137.0,29130.0,29137.0,107
2026-09-11 00:59:00-04:00,29125.0,29125.0,29133.25,29120.75,29132.25,140
2026-09-11 01:00:00-04:00,29126.75,29126.75,29129.75,29121.25,29124.5,147
2026-09-11 01:01:00-04:00,29128.5,29128.5,29129.0,29124.5,29126.25,77
2026-09-11 01:02:00-04:00,29127.75,29127.75,29129.25,29124.75,29129.25,42
2026-09-11 01:03:00-04:00,29122.0,29122.0,29128.25,29121.25,29128.25,100
2026-09-11 01:04:00-04:00,29123.5,29123.5,29125.75,29120.75,29121.75,71
2026-09-11 01:05:00-04:00,29138.25,29138.25,29142.25,29119.5,29124.0,266
2026-09-11 01:06:00-04:00,29139.25,29139.25,29141.25,29134.75,29137.25,104
2026-09-11 01:07:00-04:00,29139.75,29139.75,29145.75,29138.75,29138.75,119
2026-09-11 01:08:00-04:00,29136.25,29136.25,29142.25,29132.25,29139.75,120
2026-09-11 01:09:00-04:00,29142.5,29142.5,29142.5,29136.25,29139.0,33
2026-09-11 01:10:00-04:00,29140.5,29140.5,29148.5,29139.25,29142.0,138
2026-09-11 01:11:00-04:00,29152.25,29152.25,29154.5,29139.75,29143.0,215
2026-09-11 01:12:00-04:00,29147.5,29147.5,29151.25,29145.0,29150.0,99
2026-09-11 01:13:00-04:00,29144.5,29144.5,29146.75,29139.25,29146.5,118
2026-09-11 01:14:00-04:00,29158.25,29158.25,29161.25,29142.0,29142.0,181
2026-09-11 01:15:00-04:00,29154.0,29154.0,29165.0,29154.0,29159.0,164
2026-09-11 01:16:00-04:00,29151.25,29151.25,29155.5,29148.25,29153.25,129
2026-09-11 01:17:00-04:00,29147.25,29147.25,29151.25,29146.5,29151.25,40
2026-09-11 01:18:00-04:00,29152.5,29152.5,29158.0,29145.75,29148.0,79
2026-09-11 01:19:00-04:00,29148.25,29148.25,29156.25,29148.25,29154.0,80
2026-09-11 01:20:00-04:00,29145.75,29145.75,29151.5,29143.25,29149.5,50
2026-09-11 01:21:00-04:00,29140.0,29140.0,29145.0,29136.75,29145.0,135
2026-09-11 01:22:00-04:00,29149.0,29149.0,29150.0,29139.5,29139.5,61
2026-09-11 01:23:00-04:00,29149.75,29149.75,29154.5,29147.5,29148.0,116
2026-09-11 01:24:00-04:00,29147.0,29147.0,29150.25,29147.0,29149.0,44
2026-09-11 01:25:00-04:00,29141.25,29141.25,29147.5,29139.75,29147.5,59
2026-09-11 01:26:00-04:00,29141.0,29141.0,29142.5,29137.25,29140.25,75
2026-09-11 01:27:00-04:00,29138.5,29138.5,29141.25,29138.25,29141.25,46
2026-09-11 01:28:00-04:00,29138.75,29138.75,29140.75,29137.5,29137.5,17
2026-09-11 01:29:00-04:00,29134.0,29134.0,29140.0,29130.0,29139.0,176
2026-09-11 01:30:00-04:00,29146.75,29146.75,29150.5,29133.75,29134.0,197
2026-09-11 01:31:00-04:00,29148.5,29148.5,29152.25,29144.75,29147.25,236
2026-09-11 01:32:00-04:00,29150.75,29150.75,29152.5,29147.25,29148.25,61
2026-09-11 01:33:00-04:00,29157.75,29157.75,29158.5,29149.75,29151.5,73
2026-09-11 01:34:00-04:00,29156.0,29156.0,29160.75,29155.0,29157.75,101
2026-09-11 01:35:00-04:00,29161.5,29161.5,29163.25,29156.25,29156.5,59
2026-09-11 01:36:00-04:00,29163.25,29163.25,29166.75,29159.0,29161.5,148
2026-09-11 01:37:00-04:00,29161.25,29161.25,29168.0,29161.25,29164.5,119
2026-09-11 01:38:00-04:00,29164.75,29164.75,29168.25,29162.0,29162.25,59
2026-09-11 01:39:00-04:00,29173.25,29173.25,29174.0,29163.0,29165.0,165
2026-09-11 01:40:00-04:00,29173.75,29173.75,29176.25,29168.5,29172.0,262
2026-09-11 01:41:00-04:00,29173.0,29173.0,29175.25,29168.75,29174.0,84
2026-09-11 01:42:00-04:00,29175.75,29175.75,29177.0,29170.75,29173.0,68
2026-09-11 01:43:00-04:00,29185.5,29185.5,29188.0,29175.75,29175.75,302
2026-09-11 01:44:00-04:00,29191.0,29191.0,29195.25,29184.5,29185.5,148
2026-09-11 01:45:00-04:00,29180.0,29180.0,29192.5,29176.5,29191.0,194
2026-09-11 01:46:00-04:00,29195.0,29195.0,29197.0,29181.0,29181.0,145
2026-09-11 01:47:00-04:00,29195.0,29195.0,29200.0,29193.0,29195.75,110
2026-09-11 01:48:00-04:00,29195.75,29195.75,29197.75,29192.75,29196.75,115
2026-09-11 01:49:00-04:00,29200.75,29200.75,29200.75,29192.0,29196.75,129
2026-09-11 01:50:00-04:00,29194.25,29194.25,29199.5,29192.0,29199.5,110
2026-09-11 01:51:00-04:00,29199.25,29199.25,29200.75,29194.0,29194.5,82
2026-09-11 01:52:00-04:00,29204.25,29204.25,29208.5,29198.5,29198.5,190
2026-09-11 01:53:00-04:00,29219.0,29219.0,29223.0,29203.0,29205.25,443
2026-09-11 01:54:00-04:00,29221.75,29221.75,29228.5,29219.5,29221.25,227
2026-09-11 01:55:00-04:00,29230.5,29230.5,29230.75,29221.25,29222.0,167
2026-09-11 01:56:00-04:00,29230.25,29230.25,29237.0,29230.25,29231.0,313
2026-09-11 01:57:00-04:00,29236.25,29236.25,29236.5,29225.25,29231.5,208
2026-09-11 01:58:00-04:00,29232.0,29232.0,29242.75,29231.0,29236.5,323
2026-09-11 01:59:00-04:00,29233.25,29233.25,29236.25,29229.0,29232.0,171
2026-09-11 02:00:00-04:00,29228.25,29228.25,29233.0,29223.0,29233.0,262
2026-09-11 02:01:00-04:00,29230.0,29230.0,29235.25,29227.5,29229.25,105
2026-09-11 02:02:00-04:00,29235.0,29235.0,29237.25,29230.5,29231.75,110
2026-09-11 02:03:00-04:00,29232.0,29232.0,29236.25,29228.0,29234.5,106
2026-09-11 02:04:00-04:00,29221.75,29221.75,29232.5,29221.0,29232.5,132
2026-09-11 02:05:00-04:00,29219.0,29219.0,29222.75,29216.0,29222.75,204
2026-09-11 02:06:00-04:00,29229.5,29229.5,29232.75,29219.5,29219.5,157
2026-09-11 02:07:00-04:00,29244.75,29244.75,29244.75,29227.75,29229.0,189
2026-09-11 02:08:00-04:00,29237.75,29237.75,29245.75,29236.5,29245.0,201
2026-09-11 02:09:00-04:00,29234.25,29234.25,29238.5,29232.75,29237.5,101
2026-09-11 02:10:00-04:00,29233.0,29233.0,29235.0,29232.0,29234.25,99
2026-09-11 02:11:00-04:00,29234.5,29234.5,29238.5,29231.75,29233.25,139
2026-09-11 02:12:00-04:00,29228.25,29228.25,29235.0,29227.25,29235.0,64
2026-09-11 02:13:00-04:00,29236.25,29236.25,29239.25,29225.25,29227.0,91
2026-09-11 02:14:00-04:00,29244.25,29244.25,29248.5,29232.25,29236.5,344
2026-09-11 02:15:00-04:00,29247.5,29247.5,29248.75,29243.25,29245.0,176
2026-09-11 02:16:00-04:00,29245.5,29245.5,29250.0,29242.25,29246.5,162
2026-09-11 02:17:00-04:00,29243.5,29243.5,29252.0,29239.0,29246.75,188
2026-09-11 02:18:00-04:00,29233.5,29233.5,29244.5,29233.5,29242.75,214
2026-09-11 02:19:00-04:00,29235.0,29235.0,29235.5,29225.0,29233.0,145
2026-09-11 02:20:00-04:00,29237.0,29237.0,29237.25,29232.5,29236.0,59
2026-09-11 02:21:00-04:00,29228.75,29228.75,29236.25,29228.75,29236.25,62
2026-09-11 02:22:00-04:00,29227.75,29227.75,29231.75,29224.0,29229.0,128
2026-09-11 02:23:00-04:00,29226.5,29226.5,29228.25,29225.0,29228.0,47
2026-09-11 02:24:00-04:00,29230.25,29230.25,29230.25,29225.0,29225.75,63
2026-09-11 02:25:00-04:00,29227.5,29227.5,29231.25,29222.5,29231.25,103
2026-09-11 02:26:00-04:00,29229.25,29229.25,29230.0,29226.75,29228.5,37
2026-09-11 02:27:00-04:00,29224.0,29224.0,29230.75,29223.25,29230.25,80
2026-09-11 02:28:00-04:00,29225.5,29225.5,29226.75,29222.25,29223.0,71
2026-09-11 02:29:00-04:00,29224.5,29224.5,29226.75,29222.5,29225.0,124
2026-09-11 02:30:00-04:00,29227.0,29227.0,29230.0,29223.75,29225.25,108
2026-09-11 02:31:00-04:00,29229.25,29229.25,29231.25,29224.5,29228.0,65
2026-09-11 02:32:00-04:00,29225.0,29225.0,29235.75,29224.5,29228.25,147
2026-09-11 02:33:00-04:00,29224.0,29224.0,29227.5,29216.5,29226.0,313
2026-09-11 02:34:00-04:00,29219.25,29219.25,29223.0,29215.5,29220.75,251
2026-09-11 02:35:00-04:00,29226.5,29226.5,29229.25,29219.5,29219.5,184
2026-09-11 02:36:00-04:00,29230.5,29230.5,29232.0,29224.0,29225.75,87
2026-09-11 02:37:00-04:00,29231.5,29231.5,29236.25,29228.0,29231.0,71
2026-09-11 02:38:00-04:00,29234.75,29234.75,29235.75,29231.25,29231.5,27
2026-09-11 02:39:00-04:00,29234.5,29234.5,29239.0,29232.75,29236.0,53
2026-09-11 02:40:00-04:00,29229.75,29229.75,29234.5,29229.0,29234.5,67
2026-09-11 02:41:00-04:00,29226.75,29226.75,29229.5,29225.0,29229.5,82
2026-09-11 02:42:00-04:00,29222.0,29222.0,29227.25,29221.75,29227.0,44
2026-09-11 02:43:00-04:00,29219.5,29219.5,29222.25,29219.25,29221.75,57
2026-09-11 02:44:00-04:00,29228.5,29228.5,29229.5,29218.25,29218.5,115
2026-09-11 02:45:00-04:00,29236.25,29236.25,29238.25,29228.5,29228.5,244
2026-09-11 02:46:00-04:00,29237.25,29237.25,29240.75,29235.0,29236.0,58
2026-09-11 02:47:00-04:00,29254.75,29254.75,29257.5,29239.75,29240.0,241
2026-09-11 02:48:00-04:00,29260.25,29260.25,29261.5,29254.25,29255.25,241
2026-09-11 02:49:00-04:00,29252.5,29252.5,29259.75,29252.5,29259.75,85
2026-09-11 02:50:00-04:00,29253.75,29253.75,29255.25,29247.0,29252.75,84
2026-09-11 02:51:00-04:00,29250.0,29250.0,29252.75,29246.0,29251.75,127
2026-09-11 02:52:00-04:00,29251.5,29251.5,29257.0,29247.5,29250.75,66
2026-09-11 02:53:00-04:00,29251.25,29251.25,29254.25,29247.5,29251.75,51
2026-09-11 02:54:00-04:00,29249.25,29249.25,29250.25,29244.0,29249.0,76
2026-09-11 02:55:00-04:00,29250.25,29250.25,29250.5,29246.5,29249.25,59
2026-09-11 02:56:00-04:00,29248.0,29248.0,29251.0,29247.0,29248.75,75
2026-09-11 02:57:00-04:00,29253.75,29253.75,29256.0,29248.5,29248.5,83
2026-09-11 02:58:00-04:00,29252.75,29252.75,29254.25,29251.75,29253.5,47
2026-09-11 02:59:00-04:00,29255.0,29255.0,29259.5,29253.5,29253.5,148
2026-09-11 03:00:00-04:00,29259.25,29259.25,29260.75,29249.25,29254.25,167
2026-09-11 03:01:00-04:00,29260.25,29260.25,29263.5,29256.75,29259.5,116
2026-09-11 03:02:00-04:00,29257.75,29257.75,29262.5,29254.75,29259.75,77
2026-09-11 03:03:00-04:00,29256.75,29256.75,29258.5,29253.25,29257.75,69
2026-09-11 03:04:00-04:00,29266.5,29266.5,29266.5,29252.5,29257.25,123
2026-09-11 03:05:00-04:00,29260.5,29260.5,29267.25,29257.75,29266.0,90
2026-09-11 03:06:00-04:00,29259.0,29259.0,29262.75,29258.0,29261.75,89
2026-09-11 03:07:00-04:00,29265.75,29265.75,29268.75,29258.0,29259.75,103
2026-09-11 03:08:00-04:00,29258.75,29258.75,29265.75,29258.75,29264.5,72
2026-09-11 03:09:00-04:00,29257.5,29257.5,29261.5,29252.5,29260.0,168
2026-09-11 03:10:00-04:00,29262.25,29262.25,29266.25,29258.0,29259.0,135
2026-09-11 03:11:00-04:00,29259.25,29259.25,29265.5,29254.75,29264.0,151
2026-09-11 03:12:00-04:00,29262.5,29262.5,29262.5,29256.75,29258.0,76
2026-09-11 03:13:00-04:00,29254.0,29254.0,29265.25,29254.0,29262.25,93
2026-09-11 03:14:00-04:00,29257.0,29257.0,29257.5,29250.0,29253.5,139
2026-09-11 03:15:00-04:00,29254.25,29254.25,29260.0,29248.5,29258.75,118
2026-09-11 03:16:00-04:00,29256.75,29256.75,29259.0,29250.75,29254.75,66
2026-09-11 03:17:00-04:00,29262.5,29262.5,29262.5,29257.25,29257.5,73
2026-09-11 03:18:00-04:00,29258.75,29258.75,29264.0,29256.0,29263.0,69
2026-09-11 03:19:00-04:00,29256.75,29256.75,29261.25,29252.5,29259.75,84
2026-09-11 03:20:00-04:00,29260.0,29260.0,29262.5,29255.0,29255.0,78
2026-09-11 03:21:00-04:00,29257.75,29257.75,29262.5,29257.5,29260.0,48
2026-09-11 03:22:00-04:00,29247.5,29247.5,29260.25,29247.5,29256.75,90
2026-09-11 03:23:00-04:00,29257.5,29257.5,29258.25,29245.0,29246.75,122
2026-09-11 03:24:00-04:00,29254.25,29254.25,29259.5,29251.0,29258.0,83
2026-09-11 03:25:00-04:00,29249.0,29249.0,29254.0,29246.75,29253.75,66
2026-09-11 03:26:00-04:00,29243.0,29243.0,29249.0,29240.5,29249.0,136
2026-09-11 03:27:00-04:00,29247.75,29247.75,29251.0,29241.75,29243.25,84
2026-09-11 03:28:00-04:00,29246.0,29246.0,29248.75,29243.25,29248.75,58
2026-09-11 03:29:00-04:00,29235.75,29235.75,29246.25,29235.75,29246.25,151
2026-09-11 03:30:00-04:00,29245.0,29245.0,29245.25,29235.5,29235.75,86
2026-09-11 03:31:00-04:00,29239.0,29239.0,29247.5,29238.5,29246.25,109
2026-09-11 03:32:00-04:00,29240.25,29240.25,29240.25,29235.0,29239.25,45
2026-09-11 03:33:00-04:00,29236.25,29236.25,29239.25,29232.25,29239.25,58
2026-09-11 03:34:00-04:00,29230.0,29230.0,29238.25,29229.0,29237.0,112
2026-09-11 03:35:00-04:00,29231.25,29231.25,29236.75,29229.75,29230.5,86
2026-09-11 03:36:00-04:00,29233.25,29233.25,29234.75,29231.0,29233.0,108
2026-09-11 03:37:00-04:00,29238.25,29238.25,29239.75,29234.0,29234.5,117
2026-09-11 03:38:00-04:00,29237.25,29237.25,29241.75,29234.5,29238.75,154
2026-09-11 03:39:00-04:00,29236.5,29236.5,29236.5,29233.5,29236.25,42
2026-09-11 03:40:00-04:00,29235.0,29235.0,29238.75,29234.5,29235.5,58
2026-09-11 03:41:00-04:00,29241.75,29241.75,29242.0,29229.5,29233.25,74
2026-09-11 03:42:00-04:00,29238.75,29238.75,29243.25,29238.75,29240.5,33
2026-09-11 03:43:00-04:00,29240.5,29240.5,29242.0,29237.0,29238.5,52
2026-09-11 03:44:00-04:00,29235.25,29235.25,29240.25,29234.5,29240.0,24
2026-09-11 03:45:00-04:00,29233.25,29233.25,29235.25,29231.5,29235.25,32
2026-09-11 03:46:00-04:00,29235.25,29235.25,29239.25,29229.5,29234.0,96
2026-09-11 03:47:00-04:00,29237.25,29237.25,29238.75,29233.75,29236.5,87
2026-09-11 03:48:00-04:00,29238.0,29238.0,29238.5,29235.75,29237.25,73
2026-09-11 03:49:00-04:00,29231.5,29231.5,29238.0,29225.0,29237.75,245
2026-09-11 03:50:00-04:00,29232.25,29232.25,29235.0,29229.0,29231.0,64
2026-09-11 03:51:00-04:00,29231.5,29231.5,29235.0,29230.5,29232.5,82
2026-09-11 03:52:00-04:00,29241.0,29241.0,29241.0,29230.0,29230.0,63
2026-09-11 03:53:00-04:00,29239.75,29239.75,29240.25,29236.5,29238.5,40
2026-09-11 03:54:00-04:00,29238.75,29238.75,29240.25,29236.5,29239.0,41
2026-09-11 03:55:00-04:00,29239.75,29239.75,29242.5,29237.0,29239.0,32
2026-09-11 03:56:00-04:00,29242.5,29242.5,29245.75,29239.25,29239.25,102
2026-09-11 03:57:00-04:00,29242.75,29242.75,29242.75,29239.0,29241.25,24
2026-09-11 03:58:00-04:00,29243.25,29243.25,29244.0,29240.75,29243.25,43
2026-09-11 03:59:00-04:00,29242.5,29242.5,29242.75,29239.25,29242.5,27
2026-09-11 04:00:00-04:00,29254.5,29254.5,29258.25,29242.5,29242.5,323
2026-09-11 04:01:00-04:00,29265.5,29265.5,29266.0,29247.5,29255.25,173
2026-09-11 04:02:00-04:00,29247.5,29247.5,29272.0,29247.5,29263.5,288
2026-09-11 04:03:00-04:00,29245.25,29245.25,29257.0,29244.75,29247.75,184
2026-09-11 04:04:00-04:00,29245.25,29245.25,29248.5,29240.0,29245.0,121
2026-09-11 04:05:00-04:00,29241.5,29241.5,29246.0,29237.0,29246.0,86
2026-09-11 04:06:00-04:00,29245.75,29245.75,29245.75,29238.75,29242.0,78
2026-09-11 04:07:00-04:00,29242.0,29242.0,29245.5,29242.0,29244.5,91
2026-09-11 04:08:00-04:00,29235.5,29235.5,29246.25,29235.5,29241.0,52
2026-09-11 04:09:00-04:00,29231.0,29231.0,29237.0,29227.0,29236.25,119
2026-09-11 04:10:00-04:00,29243.75,29243.75,29243.75,29232.25,29233.0,118
2026-09-11 04:11:00-04:00,29230.5,29230.5,29249.5,29224.5,29242.75,601
2026-09-11 04:12:00-04:00,29231.5,29231.5,29236.0,29229.75,29229.75,144
2026-09-11 04:13:00-04:00,29248.75,29248.75,29249.25,29231.75,29232.25,126
2026-09-11 04:14:00-04:00,29244.75,29244.75,29256.0,29242.0,29249.25,154
2026-09-11 04:15:00-04:00,29243.5,29243.5,29246.25,29241.75,29245.0,65
2026-09-11 04:16:00-04:00,29252.0,29252.0,29253.25,29239.25,29243.5,98
2026-09-11 04:17:00-04:00,29260.0,29260.0,29263.75,29252.0,29252.5,165
2026-09-11 04:18:00-04:00,29262.25,29262.25,29267.25,29259.5,29260.0,163
2026-09-11 04:19:00-04:00,29255.0,29255.0,29262.5,29253.25,29262.25,79
2026-09-11 04:20:00-04:00,29256.25,29256.25,29258.0,29253.0,29254.75,83
2026-09-11 04:21:00-04:00,29258.0,29258.0,29258.0,29251.0,29257.0,46
2026-09-11 04:22:00-04:00,29255.75,29255.75,29259.75,29252.5,29256.0,40
2026-09-11 04:23:00-04:00,29262.25,29262.25,29263.25,29254.25,29256.75,121
2026-09-11 04:24:00-04:00,29285.75,29285.75,29318.0,29261.0,29262.5,1781
2026-09-11 04:25:00-04:00,29285.25,29285.25,29290.5,29279.0,29286.5,277
2026-09-11 04:26:00-04:00,29275.75,29275.75,29283.75,29273.0,29283.75,186
2026-09-11 04:27:00-04:00,29273.75,29273.75,29276.75,29267.0,29276.25,205
2026-09-11 04:28:00-04:00,29268.25,29268.25,29274.0,29266.0,29272.5,168
2026-09-11 04:29:00-04:00,29269.75,29269.75,29274.0,29264.25,29268.0,91
2026-09-11 04:30:00-04:00,29296.0,29296.0,29298.0,29270.75,29271.0,266
2026-09-11 04:31:00-04:00,29307.25,29307.25,29309.25,29295.25,29295.25,270
2026-09-11 04:32:00-04:00,29309.5,29309.5,29313.75,29304.75,29307.0,137
2026-09-11 04:33:00-04:00,29306.0,29306.0,29309.75,29304.75,29308.5,89
2026-09-11 04:34:00-04:00,29304.0,29304.0,29307.25,29302.0,29306.0,54
2026-09-11 04:35:00-04:00,29299.75,29299.75,29307.5,29295.25,29307.0,83
2026-09-11 04:36:00-04:00,29302.5,29302.5,29303.5,29296.5,29299.25,84
2026-09-11 04:37:00-04:00,29299.25,29299.25,29302.75,29298.75,29302.75,54
2026-09-11 04:38:00-04:00,29301.75,29301.75,29303.75,29299.5,29300.25,39
2026-09-11 04:39:00-04:00,29293.5,29293.5,29305.5,29291.0,29301.5,229
2026-09-11 04:40:00-04:00,29296.25,29296.25,29298.0,29292.0,29293.5,129
2026-09-11 04:41:00-04:00,29298.0,29298.0,29298.0,29294.5,29298.0,67
2026-09-11 04:42:00-04:00,29300.25,29300.25,29300.25,29294.25,29298.25,46
2026-09-11 04:43:00-04:00,29297.25,29297.25,29300.0,29295.25,29299.25,37
2026-09-11 04:44:00-04:00,29289.75,29289.75,29297.25,29288.25,29296.75,74
2026-09-11 04:45:00-04:00,29295.75,29295.75,29299.25,29287.0,29291.5,91
2026-09-11 04:46:00-04:00,29302.75,29302.75,29306.25,29293.5,29293.5,158
2026-09-11 04:47:00-04:00,29299.5,29299.5,29305.25,29295.25,29302.25,84
2026-09-11 04:48:00-04:00,29301.75,29301.75,29308.25,29298.75,29298.75,105
2026-09-11 04:49:00-04:00,29304.5,29304.5,29304.5,29301.0,29304.0,39
2026-09-11 04:50:00-04:00,29305.0,29305.0,29306.0,29301.5,29305.0,85
2026-09-11 04:51:00-04:00,29312.0,29312.0,29316.25,29303.5,29304.5,191
2026-09-11 04:52:00-04:00,29309.5,29309.5,29314.5,29309.0,29311.5,79
2026-09-11 04:53:00-04:00,29320.25,29320.25,29322.75,29309.25,29309.25,223
2026-09-11 04:54:00-04:00,29311.0,29311.0,29320.75,29308.25,29320.0,159
2026-09-11 04:55:00-04:00,29310.0,29310.0,29313.0,29307.0,29309.75,106
2026-09-11 04:56:00-04:00,29319.0,29319.0,29320.5,29310.0,29310.25,95
2026-09-11 04:57:00-04:00,29317.75,29317.75,29321.0,29316.25,29319.0,112
2026-09-11 04:58:00-04:00,29321.0,29321.0,29322.5,29317.25,29317.25,82
2026-09-11 04:59:00-04:00,29322.75,29322.75,29326.0,29316.0,29320.5,99
2026-09-11 05:00:00-04:00,29326.75,29326.75,29334.0,29315.25,29324.25,640
2026-09-11 05:01:00-04:00,29328.5,29328.5,29332.25,29320.5,29326.75,170
2026-09-11 05:02:00-04:00,29322.25,29322.25,29330.0,29318.25,29328.75,125
2026-09-11 05:03:00-04:00,29314.0,29314.0,29322.0,29314.0,29322.0,71
2026-09-11 05:04:00-04:00,29316.75,29316.75,29318.5,29314.5,29314.5,54
2026-09-11 05:05:00-04:00,29312.75,29312.75,29317.0,29311.0,29317.0,62
2026-09-11 05:06:00-04:00,29315.0,29315.0,29315.0,29309.75,29312.25,128
2026-09-11 05:07:00-04:00,29316.0,29316.0,29322.0,29313.0,29313.75,155
2026-09-11 05:08:00-04:00,29309.75,29309.75,29317.25,29308.25,29316.0,67
2026-09-11 05:09:00-04:00,29300.5,29300.5,29313.25,29300.5,29310.75,117
2026-09-11 05:10:00-04:00,29296.0,29296.0,29303.25,29293.0,29301.5,147
2026-09-11 05:11:00-04:00,29298.25,29298.25,29299.5,29292.5,29295.0,133
2026-09-11 05:12:00-04:00,29297.0,29297.0,29301.5,29296.5,29299.0,37
2026-09-11 05:13:00-04:00,29300.5,29300.5,29305.0,29297.25,29297.25,85
2026-09-11 05:14:00-04:00,29294.25,29294.25,29300.25,29293.25,29300.25,43
2026-09-11 05:15:00-04:00,29294.5,29294.5,29295.0,29289.5,29293.0,111
2026-09-11 05:16:00-04:00,29295.25,29295.25,29298.25,29292.75,29294.5,88
2026-09-11 05:17:00-04:00,29299.25,29299.25,29299.75,29293.5,29296.0,76
2026-09-11 05:18:00-04:00,29301.5,29301.5,29303.25,29297.75,29299.25,97
2026-09-11 05:19:00-04:00,29306.25,29306.25,29309.0,29301.0,29301.5,94
2026-09-11 05:20:00-04:00,29313.25,29313.25,29315.25,29303.0,29305.5,118
2026-09-11 05:21:00-04:00,29306.25,29306.25,29313.25,29305.75,29312.5,197
2026-09-11 05:22:00-04:00,29304.0,29304.0,29308.5,29302.5,29306.5,96
2026-09-11 05:23:00-04:00,29305.75,29305.75,29307.75,29304.5,29305.25,57
2026-09-11 05:24:00-04:00,29302.25,29302.25,29306.0,29301.0,29306.0,65
2026-09-11 05:25:00-04:00,29301.5,29301.5,29302.25,29298.25,29302.0,43
2026-09-11 05:26:00-04:00,29302.5,29302.5,29305.0,29299.75,29301.5,59
2026-09-11 05:27:00-04:00,29303.5,29303.5,29305.5,29300.75,29301.75,26
2026-09-11 05:28:00-04:00,29304.5,29304.5,29306.75,29304.25,29304.5,41
2026-09-11 05:29:00-04:00,29304.0,29304.0,29305.0,29301.5,29304.25,59
2026-09-11 05:30:00-04:00,29308.25,29308.25,29312.0,29303.75,29304.75,75
2026-09-11 05:31:00-04:00,29303.75,29303.75,29307.75,29301.75,29307.5,26
2026-09-11 05:32:00-04:00,29308.0,29308.0,29308.0,29303.75,29303.75,19
2026-09-11 05:33:00-04:00,29306.5,29306.5,29310.25,29305.5,29309.0,41
2026-09-11 05:34:00-04:00,29306.75,29306.75,29309.5,29304.0,29305.25,38
2026-09-11 05:35:00-04:00,29307.0,29307.0,29309.75,29306.25,29308.25,38
2026-09-11 05:36:00-04:00,29308.0,29308.0,29312.25,29307.25,29308.25,83
2026-09-11 05:37:00-04:00,29306.0,29306.0,29308.75,29305.0,29307.5,37
2026-09-11 05:38:00-04:00,29307.0,29307.0,29308.75,29306.75,29307.25,47
2026-09-11 05:39:00-04:00,29309.0,29309.0,29312.5,29304.25,29306.75,53
2026-09-11 05:40:00-04:00,29313.0,29313.0,29313.0,29307.5,29309.5,40
2026-09-11 05:41:00-04:00,29309.75,29309.75,29315.5,29308.75,29313.0,54
2026-09-11 05:42:00-04:00,29306.75,29306.75,29315.5,29306.75,29310.5,69
2026-09-11 05:43:00-04:00,29307.75,29307.75,29309.5,29306.75,29307.25,16
2026-09-11 05:44:00-04:00,29308.0,29308.0,29308.75,29306.0,29308.0,21
2026-09-11 05:45:00-04:00,29306.25,29306.25,29307.75,29303.75,29307.75,52
2026-09-11 05:46:00-04:00,29311.5,29311.5,29314.0,29304.5,29305.0,69
2026-09-11 05:47:00-04:00,29309.75,29309.75,29311.0,29308.75,29311.0,15
2026-09-11 05:48:00-04:00,29310.0,29310.0,29311.0,29308.25,29309.75,17
2026-09-11 05:49:00-04:00,29309.75,29309.75,29311.5,29309.0,29310.0,19
2026-09-11 05:50:00-04:00,29310.0,29310.0,29313.0,29306.75,29310.75,48
2026-09-11 05:51:00-04:00,29307.25,29307.25,29311.25,29307.25,29308.25,45
2026-09-11 05:52:00-04:00,29309.5,29309.5,29309.5,29306.5,29306.5,24
2026-09-11 05:53:00-04:00,29309.0,29309.0,29309.75,29306.75,29309.25,26
2026-09-11 05:54:00-04:00,29308.75,29308.75,29311.0,29308.25,29309.75,21
2026-09-11 05:55:00-04:00,29312.25,29312.25,29312.5,29308.0,29309.25,69
2026-09-11 05:56:00-04:00,29316.0,29316.0,29317.5,29311.25,29311.5,70
2026-09-11 05:57:00-04:00,29317.5,29317.5,29318.0,29314.5,29316.25,24
2026-09-11 05:58:00-04:00,29323.5,29323.5,29326.5,29315.0,29316.25,170
2026-09-11 05:59:00-04:00,29319.0,29319.0,29325.0,29319.0,29323.25,61
2026-09-11 06:00:00-04:00,29322.5,29322.5,29325.0,29314.0,29319.25,113
2026-09-11 06:01:00-04:00,29325.0,29325.0,29326.5,29321.0,29322.25,68
2026-09-11 06:02:00-04:00,29335.75,29335.75,29337.5,29285.25,29325.0,990
2026-09-11 06:03:00-04:00,29336.0,29336.0,29339.0,29331.5,29335.5,118
2026-09-11 06:04:00-04:00,29335.0,29335.0,29339.75,29334.5,29337.5,80
2026-09-11 06:05:00-04:00,29326.25,29326.25,29335.25,29325.5,29334.0,124
2026-09-11 06:06:00-04:00,29324.25,29324.25,29330.0,29324.0,29326.5,97
2026-09-11 06:07:00-04:00,29329.0,29329.0,29330.5,29323.0,29324.5,103
2026-09-11 06:08:00-04:00,29333.25,29333.25,29334.25,29328.25,29329.25,57
2026-09-11 06:09:00-04:00,29330.5,29330.5,29334.0,29327.25,29333.5,67
2026-09-11 06:10:00-04:00,29334.5,29334.5,29335.0,29329.25,29330.75,42
2026-09-11 06:11:00-04:00,29325.5,29325.5,29333.75,29323.75,29333.75,62
2026-09-11 06:12:00-04:00,29324.0,29324.0,29328.0,29323.5,29325.75,43
2026-09-11 06:13:00-04:00,29322.25,29322.25,29326.25,29319.25,29322.0,124
2026-09-11 06:14:00-04:00,29326.25,29326.25,29326.5,29320.75,29320.75,102
2026-09-11 06:15:00-04:00,29321.25,29321.25,29327.25,29320.0,29326.5,43
2026-09-11 06:16:00-04:00,29326.25,29326.25,29326.25,29321.0,29322.25,30
2026-09-11 06:17:00-04:00,29326.75,29326.75,29329.0,29324.0,29326.5,41
2026-09-11 06:18:00-04:00,29327.25,29327.25,29329.75,29326.25,29326.5,38
2026-09-11 06:19:00-04:00,29326.5,29326.5,29328.5,29325.5,29326.5,48
2026-09-11 06:20:00-04:00,29321.5,29321.5,29327.0,29321.5,29326.0,54
2026-09-11 06:21:00-04:00,29318.75,29318.75,29322.5,29316.25,29320.75,145
2026-09-11 06:22:00-04:00,29322.5,29322.5,29327.75,29315.75,29320.0,124
2026-09-11 06:23:00-04:00,29317.25,29317.25,29323.0,29314.0,29320.25,108
2026-09-11 06:24:00-04:00,29320.25,29320.25,29321.5,29317.25,29317.5,36
2026-09-11 06:25:00-04:00,29320.5,29320.5,29321.5,29318.0,29321.5,62
2026-09-11 06:26:00-04:00,29315.0,29315.0,29322.0,29315.0,29321.25,81
2026-09-11 06:27:00-04:00,29311.25,29311.25,29315.75,29307.75,29315.75,160
2026-09-11 06:28:00-04:00,29311.0,29311.0,29314.75,29310.5,29311.5,60
2026-09-11 06:29:00-04:00,29314.25,29314.25,29315.0,29309.0,29310.5,57
2026-09-11 06:30:00-04:00,29315.75,29315.75,29318.0,29309.5,29314.25,139
2026-09-11 06:31:00-04:00,29316.5,29316.5,29320.75,29316.0,29316.5,67
2026-09-11 06:32:00-04:00,29318.75,29318.75,29320.5,29315.25,29317.0,28
2026-09-11 06:33:00-04:00,29315.25,29315.25,29319.75,29315.25,29318.75,45
2026-09-11 06:34:00-04:00,29323.5,29323.5,29323.5,29315.0,29316.0,79
2026-09-11 06:35:00-04:00,29323.75,29323.75,29328.75,29322.25,29324.25,94
2026-09-11 06:36:00-04:00,29321.5,29321.5,29323.0,29317.25,29322.25,38
2026-09-11 06:37:00-04:00,29317.5,29317.5,29323.75,29316.25,29321.25,48
2026-09-11 06:38:00-04:00,29317.5,29317.5,29319.0,29312.75,29315.5,59
2026-09-11 06:39:00-04:00,29320.5,29320.5,29321.25,29318.0,29320.25,30
2026-09-11 06:40:00-04:00,29317.0,29317.0,29320.25,29315.25,29320.0,27
2026-09-11 06:41:00-04:00,29316.5,29316.5,29318.25,29314.75,29316.25,35
2026-09-11 06:42:00-04:00,29319.25,29319.25,29319.25,29316.75,29318.75,44
2026-09-11 06:43:00-04:00,29318.0,29318.0,29320.5,29317.5,29318.25,104
2026-09-11 06:44:00-04:00,29315.75,29315.75,29321.0,29314.5,29319.0,64
2026-09-11 06:45:00-04:00,29316.0,29316.0,29316.25,29313.75,29316.0,35
2026-09-11 06:46:00-04:00,29312.75,29312.75,29315.75,29312.75,29315.75,61
2026-09-11 06:47:00-04:00,29307.0,29307.0,29312.25,29305.5,29312.0,116
2026-09-11 06:48:00-04:00,29310.25,29310.25,29310.25,29306.75,29306.75,39
2026-09-11 06:49:00-04:00,29309.75,29309.75,29311.5,29307.75,29308.75,54
2026-09-11 06:50:00-04:00,29311.5,29311.5,29313.25,29309.75,29310.75,37
2026-09-11 06:51:00-04:00,29315.75,29315.75,29317.0,29312.25,29312.5,64
2026-09-11 06:52:00-04:00,29314.75,29314.75,29318.25,29314.0,29316.5,52
2026-09-11 06:53:00-04:00,29311.5,29311.5,29315.25,29310.5,29314.25,66
2026-09-11 06:54:00-04:00,29310.0,29310.0,29311.5,29307.0,29310.75,43
2026-09-11 06:55:00-04:00,29312.0,29312.0,29313.0,29308.5,29310.5,99
2026-09-11 06:56:00-04:00,29313.75,29313.75,29314.5,29311.5,29312.5,24
2026-09-11 06:57:00-04:00,29311.25,29311.25,29315.75,29309.25,29314.0,85
2026-09-11 06:58:00-04:00,29310.5,29310.5,29316.0,29309.75,29309.75,90
2026-09-11 06:59:00-04:00,29309.25,29309.25,29311.0,29307.75,29310.25,33
2026-09-11 07:00:00-04:00,29307.25,29307.25,29315.0,29307.25,29310.5,122
2026-09-11 07:01:00-04:00,29307.75,29307.75,29311.75,29304.25,29308.5,162
2026-09-11 07:02:00-04:00,29308.75,29308.75,29311.25,29306.25,29307.5,57
2026-09-11 07:03:00-04:00,29312.5,29312.5,29314.0,29309.0,29309.25,84
2026-09-11 07:04:00-04:00,29304.25,29304.25,29311.25,29304.0,29311.25,86
2026-09-11 07:05:00-04:00,29301.5,29301.5,29304.75,29299.75,29303.75,137
2026-09-11 07:06:00-04:00,29296.75,29296.75,29301.5,29296.75,29301.25,109
2026-09-11 07:07:00-04:00,29294.25,29294.25,29298.25,29291.25,29297.5,132
2026-09-11 07:08:00-04:00,29291.0,29291.0,29296.0,29290.0,29295.25,102
2026-09-11 07:09:00-04:00,29294.75,29294.75,29295.0,29290.0,29291.5,109
2026-09-11 07:10:00-04:00,29293.75,29293.75,29295.5,29291.0,29294.0,75
2026-09-11 07:11:00-04:00,29294.0,29294.0,29297.5,29289.5,29294.0,106
2026-09-11 07:12:00-04:00,29299.0,29299.0,29299.5,29293.25,29294.0,85
2026-09-11 07:13:00-04:00,29298.0,29298.0,29300.75,29296.75,29299.75,104
2026-09-11 07:14:00-04:00,29293.5,29293.5,29298.25,29293.0,29297.75,36
2026-09-11 07:15:00-04:00,29292.0,29292.0,29296.25,29290.25,29294.25,96
2026-09-11 07:16:00-04:00,29296.0,29296.0,29297.0,29291.75,29292.25,62
2026-09-11 07:17:00-04:00,29297.5,29297.5,29298.25,29294.25,29294.25,40
2026-09-11 07:18:00-04:00,29304.0,29304.0,29304.5,29297.5,29297.75,119
2026-09-11 07:19:00-04:00,29307.5,29307.5,29307.5,29302.5,29305.0,89
2026-09-11 07:20:00-04:00,29299.0,29299.0,29308.0,29298.75,29307.5,82
2026-09-11 07:21:00-04:00,29307.25,29307.25,29309.25,29299.5,29299.5,122
2026-09-11 07:22:00-04:00,29298.0,29298.0,29306.5,29294.75,29306.5,108
2026-09-11 07:23:00-04:00,29303.5,29303.5,29303.5,29297.5,29298.75,37
2026-09-11 07:24:00-04:00,29308.0,29308.0,29308.0,29302.75,29303.25,44
2026-09-11 07:25:00-04:00,29317.75,29317.75,29324.75,29308.0,29308.0,379
2026-09-11 07:26:00-04:00,29319.75,29319.75,29322.5,29318.25,29318.25,55
2026-09-11 07:27:00-04:00,29314.25,29314.25,29320.0,29313.0,29319.0,74
2026-09-11 07:28:00-04:00,29308.25,29308.25,29317.25,29308.0,29314.75,59
2026-09-11 07:29:00-04:00,29312.75,29312.75,29313.5,29308.5,29308.5,78
2026-09-11 07:30:00-04:00,29313.0,29313.0,29317.25,29310.5,29313.0,135
2026-09-11 07:31:00-04:00,29315.5,29315.5,29317.75,29313.0,29313.25,122
2026-09-11 07:32:00-04:00,29315.75,29315.75,29319.25,29314.25,29315.25,114
2026-09-11 07:33:00-04:00,29313.5,29313.5,29321.75,29313.5,29315.75,147
2026-09-11 07:34:00-04:00,29303.25,29303.25,29314.5,29302.0,29314.0,162
2026-09-11 07:35:00-04:00,29301.25,29301.25,29304.75,29296.75,29303.5,140
2026-09-11 07:36:00-04:00,29303.25,29303.25,29304.25,29298.0,29301.25,148
2026-09-11 07:37:00-04:00,29312.0,29312.0,29312.0,29300.0,29302.25,117
2026-09-11 07:38:00-04:00,29312.5,29312.5,29314.0,29307.25,29309.75,81
2026-09-11 07:39:00-04:00,29312.75,29312.75,29313.5,29309.25,29313.25,48
2026-09-11 07:40:00-04:00,29317.5,29317.5,29323.0,29310.0,29312.25,152
2026-09-11 07:41:00-04:00,29318.5,29318.5,29321.0,29317.5,29319.75,67
2026-09-11 07:42:00-04:00,29323.25,29323.25,29323.5,29317.75,29318.0,99
2026-09-11 07:43:00-04:00,29326.0,29326.0,29327.5,29321.0,29322.75,161
2026-09-11 07:44:00-04:00,29330.25,29330.25,29332.25,29326.25,29326.25,127
2026-09-11 07:45:00-04:00,29332.5,29332.5,29335.0,29327.25,29330.25,111
2026-09-11 07:46:00-04:00,29326.5,29326.5,29332.0,29325.25,29332.0,90
2026-09-11 07:47:00-04:00,29319.75,29319.75,29328.0,29319.75,29328.0,91
2026-09-11 07:48:00-04:00,29327.0,29327.0,29330.0,29319.5,29320.75,75
2026-09-11 07:49:00-04:00,29335.75,29335.75,29337.5,29327.0,29327.25,166
2026-09-11 07:50:00-04:00,29332.25,29332.25,29336.75,29331.75,29335.75,79
2026-09-11 07:51:00-04:00,29333.0,29333.0,29333.25,29330.0,29332.5,61
2026-09-11 07:52:00-04:00,29331.75,29331.75,29333.0,29328.0,29332.5,69
2026-09-11 07:53:00-04:00,29330.0,29330.0,29331.0,29327.5,29331.0,62
2026-09-11 07:54:00-04:00,29326.25,29326.25,29329.75,29326.0,29329.0,72
2026-09-11 07:55:00-04:00,29327.25,29327.25,29327.75,29325.25,29327.25,31
2026-09-11 07:56:00-04:00,29326.5,29326.5,29330.0,29325.5,29325.5,54
2026-09-11 07:57:00-04:00,29333.25,29333.25,29334.25,29327.25,29327.25,121
2026-09-11 07:58:00-04:00,29327.5,29327.5,29332.0,29324.75,29331.0,88
2026-09-11 07:59:00-04:00,29323.25,29323.25,29328.75,29321.25,29327.25,62
2026-09-11 08:00:00-04:00,29325.0,29325.0,29326.75,29320.5,29324.25,111
2026-09-11 08:01:00-04:00,29321.25,29321.25,29325.0,29319.5,29324.75,85
2026-09-11 08:02:00-04:00,29313.5,29313.5,29321.75,29307.0,29321.75,166
2026-09-11 08:03:00-04:00,29313.25,29313.25,29316.5,29309.5,29314.0,143
2026-09-11 08:04:00-04:00,29310.25,29310.25,29312.75,29308.0,29312.5,93
2026-09-11 08:05:00-04:00,29315.75,29315.75,29315.75,29308.5,29311.5,139
2026-09-11 08:06:00-04:00,29312.0,29312.0,29314.75,29304.0,29313.0,329
2026-09-11 08:07:00-04:00,29305.25,29305.25,29312.75,29304.75,29312.25,117
2026-09-11 08:08:00-04:00,29308.0,29308.0,29309.0,29305.25,29306.0,56
2026-09-11 08:09:00-04:00,29315.25,29315.25,29315.25,29308.0,29308.0,113
2026-09-11 08:10:00-04:00,29317.0,29317.0,29319.0,29307.0,29316.5,233
2026-09-11 08:11:00-04:00,29326.25,29326.25,29327.5,29316.25,29316.25,292
2026-09-11 08:12:00-04:00,29325.75,29325.75,29336.75,29323.75,29325.75,306
2026-09-11 08:13:00-04:00,29315.75,29315.75,29326.5,29313.75,29325.75,179
2026-09-11 08:14:00-04:00,29323.75,29323.75,29325.25,29316.0,29316.0,138
2026-09-11 08:15:00-04:00,29328.0,29328.0,29329.0,29318.5,29324.25,164
2026-09-11 08:16:00-04:00,29329.0,29329.0,29338.25,29328.25,29328.75,252
2026-09-11 08:17:00-04:00,29341.5,29341.5,29342.25,29329.5,29329.75,152
2026-09-11 08:18:00-04:00,29341.75,29341.75,29345.25,29338.75,29341.5,178
2026-09-11 08:19:00-04:00,29337.75,29337.75,29348.75,29336.75,29342.5,194
2026-09-11 08:20:00-04:00,29340.25,29340.25,29342.0,29337.0,29338.25,168
2026-09-11 08:21:00-04:00,29340.0,29340.0,29342.25,29337.5,29341.0,97
2026-09-11 08:22:00-04:00,29337.5,29337.5,29344.0,29335.5,29339.5,107
2026-09-11 08:23:00-04:00,29339.0,29339.0,29342.5,29331.0,29338.75,215
2026-09-11 08:24:00-04:00,29327.5,29327.5,29338.25,29326.0,29338.25,229
2026-09-11 08:25:00-04:00,29336.25,29336.25,29337.5,29325.75,29328.25,261
2026-09-11 08:26:00-04:00,29357.75,29357.75,29366.5,29334.75,29335.5,864
2026-09-11 08:27:00-04:00,29361.25,29361.25,29367.75,29352.75,29356.25,403
2026-09-11 08:28:00-04:00,29357.0,29357.0,29370.75,29356.25,29362.0,535
2026-09-11 08:29:00-04:00,29389.75,29389.75,29399.0,29353.5,29357.0,876
2026-09-11 08:30:00-04:00,29244.5,29244.5,29399.5,29204.0,29385.0,3333
2026-09-11 08:31:00-04:00,29296.5,29296.5,29309.75,29238.75,29246.0,2129
2026-09-11 08:32:00-04:00,29301.75,29301.75,29321.5,29268.5,29296.25,1802
2026-09-11 08:33:00-04:00,29348.75,29348.75,29351.25,29300.0,29301.5,1326
2026-09-11 08:34:00-04:00,29338.75,29338.75,29353.5,29336.0,29348.25,1524
2026-09-11 08:35:00-04:00,29342.25,29342.25,29346.25,29320.0,29338.25,1239
2026-09-11 08:36:00-04:00,29350.25,29350.25,29369.0,29335.25,29341.0,1702
2026-09-11 08:37:00-04:00,29354.75,29354.75,29367.75,29350.25,29350.25,847
2026-09-11 08:38:00-04:00,29371.75,29371.75,29372.75,29351.5,29355.25,672
2026-09-11 08:39:00-04:00,29363.75,29363.75,29376.25,29362.0,29371.5,643
2026-09-11 08:40:00-04:00,29369.75,29369.75,29379.5,29360.75,29364.25,752
2026-09-11 08:41:00-04:00,29360.75,29360.75,29370.75,29350.5,29370.0,850
2026-09-11 08:42:00-04:00,29359.25,29359.25,29364.0,29353.75,29360.0,492
2026-09-11 08:43:00-04:00,29350.0,29350.0,29366.0,29344.75,29359.0,565
2026-09-11 08:44:00-04:00,29356.5,29356.5,29359.5,29342.75,29351.5,417
2026-09-11 08:45:00-04:00,29349.25,29349.25,29357.25,29343.0,29357.25,501
2026-09-11 08:46:00-04:00,29371.0,29371.0,29373.25,29348.25,29348.25,652
2026-09-11 08:47:00-04:00,29377.5,29377.5,29380.75,29365.0,29370.75,645
2026-09-11 08:48:00-04:00,29389.75,29389.75,29389.75,29374.5,29378.0,624
2026-09-11 08:49:00-04:00,29394.5,29394.5,29403.25,29387.75,29388.75,847
2026-09-11 08:50:00-04:00,29410.5,29410.5,29413.5,29393.5,29394.5,892
2026-09-11 08:51:00-04:00,29415.5,29415.5,29416.25,29407.75,29412.0,664
2026-09-11 08:52:00-04:00,29429.25,29429.25,29432.75,29413.25,29415.5,918
2026-09-11 08:53:00-04:00,29438.25,29438.25,29438.5,29424.0,29429.25,720
2026-09-11 08:54:00-04:00,29437.25,29437.25,29446.5,29436.25,29437.5,712
2026-09-11 08:55:00-04:00,29448.5,29448.5,29450.0,29433.5,29436.75,620
2026-09-11 08:56:00-04:00,29446.75,29446.75,29450.0,29441.0,29448.75,692
2026-09-11 08:57:00-04:00,29462.0,29462.0,29462.0,29444.75,29445.25,899
2026-09-11 08:58:00-04:00,29469.75,29469.75,29472.5,29453.0,29459.75,679
2026-09-11 08:59:00-04:00,29469.5,29469.5,29475.75,29468.0,29469.5,629
2026-09-11 09:00:00-04:00,29489.5,29489.5,29500.25,29468.0,29468.75,1808
2026-09-11 09:01:00-04:00,29486.75,29486.75,29493.25,29480.5,29489.25,834
2026-09-11 09:02:00-04:00,29477.75,29477.75,29486.25,29473.75,29486.25,624
2026-09-11 09:03:00-04:00,29475.25,29475.25,29482.5,29472.25,29477.75,648
2026-09-11 09:04:00-04:00,29469.25,29469.25,29481.0,29467.0,29476.75,782
2026-09-11 09:05:00-04:00,29475.25,29475.25,29478.25,29461.25,29469.75,619
2026-09-11 09:06:00-04:00,29475.75,29475.75,29483.75,29471.0,29476.5,589
2026-09-11 09:07:00-04:00,29462.25,29462.25,29474.25,29461.5,29474.0,652
2026-09-11 09:08:00-04:00,29459.25,29459.25,29464.25,29454.25,29463.0,911
2026-09-11 09:09:00-04:00,29452.0,29452.0,29460.75,29446.75,29459.25,774
2026-09-11 09:10:00-04:00,29451.0,29451.0,29457.5,29449.0,29452.25,369
2026-09-11 09:11:00-04:00,29447.0,29447.0,29451.75,29445.0,29451.5,340
2026-09-11 09:12:00-04:00,29444.75,29444.75,29450.25,29442.5,29446.5,473
2026-09-11 09:13:00-04:00,29437.75,29437.75,29445.0,29435.75,29444.5,552
2026-09-11 09:14:00-04:00,29443.5,29443.5,29443.5,29434.75,29437.0,488
2026-09-11 09:15:00-04:00,29437.75,29437.75,29448.25,29436.25,29442.75,628
2026-09-11 09:16:00-04:00,29435.5,29435.5,29441.25,29434.25,29438.25,267
2026-09-11 09:17:00-04:00,29430.0,29430.0,29437.0,29427.75,29434.75,429
2026-09-11 09:18:00-04:00,29441.0,29441.0,29442.75,29428.75,29429.75,364
2026-09-11 09:19:00-04:00,29430.25,29430.25,29441.75,29427.0,29441.25,318
2026-09-11 09:20:00-04:00,29434.5,29434.5,29440.0,29430.25,29430.25,288
2026-09-11 09:21:00-04:00,29430.0,29430.0,29436.0,29427.75,29433.5,275
2026-09-11 09:22:00-04:00,29429.5,29429.5,29432.75,29424.25,29430.0,371
2026-09-11 09:23:00-04:00,29430.25,29430.25,29432.5,29424.0,29428.25,251
2026-09-11 09:24:00-04:00,29430.0,29430.0,29434.0,29429.0,29430.25,283
2026-09-11 09:25:00-04:00,29428.0,29428.0,29432.75,29421.5,29430.25,655
2026-09-11 09:26:00-04:00,29426.75,29426.75,29434.0,29425.25,29427.0,402
2026-09-11 09:27:00-04:00,29416.0,29416.0,29427.5,29414.75,29426.5,544
2026-09-11 09:28:00-04:00,29443.0,29443.0,29452.25,29416.5,29416.5,1685
2026-09-11 09:29:00-04:00,29418.0,29418.0,29444.75,29416.75,29442.0,900
2026-09-11 09:30:00-04:00,29379.0,29379.0,29418.25,29358.25,29417.5,5983
2026-09-11 09:31:00-04:00,29362.75,29362.75,29378.75,29347.25,29378.75,4113
2026-09-11 09:32:00-04:00,29368.5,29368.5,29389.0,29353.0,29363.0,4139
2026-09-11 09:33:00-04:00,29406.5,29406.5,29415.0,29366.0,29368.5,3490
2026-09-11 09:34:00-04:00,29419.25,29419.25,29426.25,29395.25,29406.0,3008
2026-09-11 09:35:00-04:00,29408.75,29408.75,29431.75,29400.5,29419.5,3629
2026-09-11 09:36:00-04:00,29375.5,29375.5,29408.5,29373.25,29407.5,3385
2026-09-11 09:37:00-04:00,29408.5,29408.5,29417.25,29374.25,29374.75,3559
2026-09-11 09:38:00-04:00,29411.0,29411.0,29413.0,29390.75,29408.0,2476
2026-09-11 09:39:00-04:00,29400.75,29400.75,29413.75,29390.0,29411.0,1940
2026-09-11 09:40:00-04:00,29394.25,29394.25,29416.75,29353.75,29400.5,4846
2026-09-11 09:41:00-04:00,29421.25,29421.25,29440.0,29393.25,29393.5,3241
2026-09-11 09:42:00-04:00,29411.0,29411.0,29421.5,29403.5,29420.5,2749
2026-09-11 09:43:00-04:00,29407.25,29407.25,29420.0,29392.75,29410.25,2181
2026-09-11 09:44:00-04:00,29433.75,29433.75,29433.75,29402.0,29407.25,2452
2026-09-11 09:45:00-04:00,29440.0,29440.0,29443.0,29399.0,29434.0,2968
2026-09-11 09:46:00-04:00,29440.25,29440.25,29472.0,29423.75,29441.0,4390
2026-09-11 09:47:00-04:00,29435.25,29435.25,29442.5,29424.75,29439.5,1792
2026-09-11 09:48:00-04:00,29410.75,29410.75,29442.5,29407.5,29434.25,2191
2026-09-11 09:49:00-04:00,29434.5,29434.5,29443.0,29409.5,29410.25,2019
2026-09-11 09:50:00-04:00,29426.75,29426.75,29445.5,29423.5,29435.5,1714
2026-09-11 09:51:00-04:00,29418.5,29418.5,29428.5,29405.0,29428.25,1930
2026-09-11 09:52:00-04:00,29394.75,29394.75,29422.25,29379.25,29417.25,2621
2026-09-11 09:53:00-04:00,29409.75,29409.75,29410.25,29388.25,29395.0,2363
2026-09-11 09:54:00-04:00,29426.5,29426.5,29426.5,29403.0,29410.25,2076
2026-09-11 09:55:00-04:00,29431.25,29431.25,29433.0,29415.5,29426.75,1699
2026-09-11 09:56:00-04:00,29435.0,29435.0,29440.5,29429.0,29432.0,1251
2026-09-11 09:57:00-04:00,29440.5,29440.5,29440.5,29423.0,29435.25,1377
2026-09-11 09:58:00-04:00,29453.25,29453.25,29455.0,29436.0,29440.25,1907
2026-09-11 09:59:00-04:00,29472.75,29472.75,29480.75,29449.0,29453.25,1712
2026-09-11 10:00:00-04:00,29451.25,29451.25,29473.25,29440.75,29473.0,3480
2026-09-11 10:01:00-04:00,29431.0,29431.0,29469.0,29430.75,29450.75,2522
2026-09-11 10:02:00-04:00,29436.0,29436.0,29437.25,29421.0,29431.5,1859
2026-09-11 10:03:00-04:00,29410.0,29410.0,29438.5,29408.25,29436.0,2568
2026-09-11 10:04:00-04:00,29392.5,29392.5,29418.0,29386.5,29410.75,1858
2026-09-11 10:05:00-04:00,29389.0,29389.0,29408.5,29388.0,29392.0,1906
2026-09-11 10:06:00-04:00,29374.0,29374.0,29395.0,29369.0,29388.75,2364
2026-09-11 10:07:00-04:00,29378.0,29378.0,29382.75,29365.0,29374.0,1772
2026-09-11 10:08:00-04:00,29375.75,29375.75,29392.0,29369.0,29378.5,1612
2026-09-11 10:09:00-04:00,29393.75,29393.75,29393.75,29367.0,29374.5,1547
2026-09-11 10:10:00-04:00,29410.0,29410.0,29424.25,29388.75,29393.0,3024
2026-09-11 10:11:00-04:00,29405.25,29405.25,29412.0,29383.25,29410.0,1841
2026-09-11 10:12:00-04:00,29395.25,29395.25,29405.75,29378.75,29405.25,2378
2026-09-11 10:13:00-04:00,29395.0,29395.0,29407.25,29384.0,29395.5,1535
2026-09-11 10:14:00-04:00,29397.75,29397.75,29405.0,29386.25,29396.75,2433
2026-09-11 10:15:00-04:00,29397.25,29397.25,29407.75,29392.5,29397.0,1316
2026-09-11 10:16:00-04:00,29382.75,29382.75,29406.0,29380.75,29397.0,1248
2026-09-11 10:17:00-04:00,29382.25,29382.25,29387.5,29373.25,29382.5,1178
2026-09-11 10:18:00-04:00,29415.75,29415.75,29420.0,29374.0,29380.5,1553
2026-09-11 10:19:00-04:00,29438.75,29438.75,29441.0,29413.0,29416.5,1660
2026-09-11 10:20:00-04:00,29451.0,29451.0,29455.5,29433.0,29439.25,1642
2026-09-11 10:21:00-04:00,29452.5,29452.5,29458.0,29442.0,29452.25,1165
2026-09-11 10:22:00-04:00,29458.75,29458.75,29461.75,29441.75,29453.0,1244
2026-09-11 10:23:00-04:00,29447.75,29447.75,29460.0,29445.0,29458.75,1099
2026-09-11 10:24:00-04:00,29444.25,29444.25,29455.5,29438.5,29447.5,982
2026-09-11 10:25:00-04:00,29445.0,29445.0,29454.25,29441.0,29444.0,1122
2026-09-11 10:26:00-04:00,29453.25,29453.25,29461.0,29439.0,29445.25,1242
2026-09-11 10:27:00-04:00,29454.75,29454.75,29466.5,29453.0,29453.75,1305
2026-09-11 10:28:00-04:00,29461.25,29461.25,29464.25,29454.75,29454.75,748
2026-09-11 10:29:00-04:00,29451.0,29451.0,29467.5,29451.0,29462.75,930
2026-09-11 10:30:00-04:00,29443.0,29443.0,29455.25,29436.25,29451.25,1657
2026-09-11 10:31:00-04:00,29414.75,29414.75,29453.0,29414.0,29443.5,2040
2026-09-11 10:32:00-04:00,29426.0,29426.0,29426.5,29411.25,29414.5,1321
2026-09-11 10:33:00-04:00,29423.75,29423.75,29428.75,29406.5,29425.0,1464
2026-09-11 10:34:00-04:00,29413.5,29413.5,29426.25,29408.0,29423.5,1166
2026-09-11 10:35:00-04:00,29404.25,29404.25,29412.75,29398.0,29412.75,1554
2026-09-11 10:36:00-04:00,29395.25,29395.25,29404.0,29391.5,29404.0,1360
2026-09-11 10:37:00-04:00,29398.75,29398.75,29406.0,29393.25,29394.75,1445
2026-09-11 10:38:00-04:00,29378.5,29378.5,29398.75,29369.25,29398.25,1890
2026-09-11 10:39:00-04:00,29384.75,29384.75,29389.5,29375.5,29377.0,1279
2026-09-11 10:40:00-04:00,29396.25,29396.25,29410.0,29384.25,29384.5,2010
2026-09-11 10:41:00-04:00,29390.5,29390.5,29401.5,29384.25,29395.75,979
2026-09-11 10:42:00-04:00,29384.5,29384.5,29397.75,29381.25,29390.25,920
2026-09-11 10:43:00-04:00,29354.75,29354.75,29388.5,29354.75,29384.0,1995
2026-09-11 10:44:00-04:00,29372.0,29372.0,29373.75,29353.25,29354.5,1319
2026-09-11 10:45:00-04:00,29381.5,29381.5,29382.0,29367.0,29372.75,2009
2026-09-11 10:46:00-04:00,29354.5,29354.5,29381.25,29351.0,29381.0,1460
2026-09-11 10:47:00-04:00,29344.0,29344.0,29361.0,29337.75,29353.5,1798
2026-09-11 10:48:00-04:00,29370.0,29370.0,29393.5,29334.0,29344.75,4643
2026-09-11 10:49:00-04:00,29398.75,29398.75,29400.75,29363.25,29369.0,2447
2026-09-11 10:50:00-04:00,29384.0,29384.0,29401.0,29377.75,29398.5,2062
2026-09-11 10:51:00-04:00,29385.5,29385.5,29395.0,29374.0,29384.5,1421
2026-09-11 10:52:00-04:00,29375.5,29375.5,29391.0,29375.5,29385.75,789
2026-09-11 10:53:00-04:00,29373.25,29373.25,29380.0,29367.0,29375.75,1140
2026-09-11 10:54:00-04:00,29369.75,29369.75,29377.5,29367.25,29373.25,774
2026-09-11 10:55:00-04:00,29356.25,29356.25,29371.0,29349.25,29369.5,1210
2026-09-11 10:56:00-04:00,29355.5,29355.5,29361.75,29349.25,29356.0,966
2026-09-11 10:57:00-04:00,29370.25,29370.25,29373.5,29352.0,29355.75,1106
2026-09-11 10:58:00-04:00,29364.25,29364.25,29377.0,29361.25,29371.25,1357
2026-09-11 10:59:00-04:00,29369.75,29369.75,29377.5,29357.25,29364.5,1085
2026-09-11 11:00:00-04:00,29385.75,29385.75,29388.25,29361.0,29370.75,1452
2026-09-11 11:01:00-04:00,29382.75,29382.75,29386.5,29372.25,29386.0,1039
2026-09-11 11:02:00-04:00,29386.0,29386.0,29386.25,29372.5,29381.5,751
2026-09-11 11:03:00-04:00,29394.25,29394.25,29394.25,29375.0,29385.75,961
2026-09-11 11:04:00-04:00,29403.75,29403.75,29404.0,29381.0,29393.5,1166
2026-09-11 11:05:00-04:00,29416.75,29416.75,29419.75,29400.5,29403.75,1440
2026-09-11 11:06:00-04:00,29428.75,29428.75,29432.5,29416.75,29417.0,1436
2026-09-11 11:07:00-04:00,29425.0,29425.0,29430.25,29418.0,29429.25,1019
2026-09-11 11:08:00-04:00,29416.75,29416.75,29425.5,29415.5,29425.25,793
2026-09-11 11:09:00-04:00,29421.25,29421.25,29423.75,29412.0,29417.25,966
2026-09-11 11:10:00-04:00,29420.0,29420.0,29425.75,29414.75,29421.0,873
2026-09-11 11:11:00-04:00,29410.5,29410.5,29420.25,29405.75,29420.0,912
2026-09-11 11:12:00-04:00,29400.75,29400.75,29412.5,29400.25,29410.75,738
2026-09-11 11:13:00-04:00,29390.0,29390.0,29403.0,29375.25,29400.75,1483
2026-09-11 11:14:00-04:00,29393.5,29393.5,29395.75,29386.5,29390.5,760
2026-09-11 11:15:00-04:00,29426.5,29426.5,29428.25,29393.75,29393.75,1382
2026-09-11 11:16:00-04:00,29441.75,29441.75,29445.5,29422.5,29426.5,1229
2026-09-11 11:17:00-04:00,29438.25,29438.25,29443.5,29433.75,29442.25,842
2026-09-11 11:18:00-04:00,29442.0,29442.0,29444.25,29434.25,29437.75,767
2026-09-11 11:19:00-04:00,29438.75,29438.75,29444.75,29435.0,29442.0,720
2026-09-11 11:20:00-04:00,29440.0,29440.0,29442.25,29436.0,29439.25,664
2026-09-11 11:21:00-04:00,29446.0,29446.0,29449.0,29435.25,29439.5,952
2026-09-11 11:22:00-04:00,29448.0,29448.0,29452.25,29439.25,29445.5,825
2026-09-11 11:23:00-04:00,29441.75,29441.75,29451.0,29439.0,29447.75,890
2026-09-11 11:24:00-04:00,29460.75,29460.75,29463.0,29441.75,29442.25,984
2026-09-11 11:25:00-04:00,29458.75,29458.75,29463.75,29457.0,29461.5,936
2026-09-11 11:26:00-04:00,29477.5,29477.5,29478.25,29459.25,29459.25,1754
2026-09-11 11:27:00-04:00,29492.5,29492.5,29493.25,29476.5,29477.5,1862
2026-09-11 11:28:00-04:00,29485.5,29485.5,29492.5,29481.75,29492.5,1093
2026-09-11 11:29:00-04:00,29485.0,29485.0,29488.25,29482.75,29485.75,1016
2026-09-11 11:30:00-04:00,29489.0,29489.0,29490.0,29477.0,29485.25,1268
2026-09-11 11:31:00-04:00,29486.75,29486.75,29492.25,29482.0,29488.75,1021
2026-09-11 11:32:00-04:00,29492.5,29492.5,29499.75,29485.75,29487.0,1299
2026-09-11 11:33:00-04:00,29486.25,29486.25,29494.5,29485.0,29492.5,655
2026-09-11 11:34:00-04:00,29485.25,29485.25,29490.0,29483.75,29486.25,763
2026-09-11 11:35:00-04:00,29476.75,29476.75,29487.75,29471.25,29485.25,1126
2026-09-11 11:36:00-04:00,29476.25,29476.25,29481.25,29473.0,29476.5,733
2026-09-11 11:37:00-04:00,29467.75,29467.75,29480.25,29464.5,29476.25,848
2026-09-11 11:38:00-04:00,29466.5,29466.5,29469.25,29462.75,29467.75,660
2026-09-11 11:39:00-04:00,29475.5,29475.5,29483.0,29466.0,29467.0,841
2026-09-11 11:40:00-04:00,29472.75,29472.75,29479.5,29467.0,29475.25,598
2026-09-11 11:41:00-04:00,29472.25,29472.25,29477.5,29469.25,29472.0,370
2026-09-11 11:42:00-04:00,29471.75,29471.75,29476.5,29470.25,29471.75,482
2026-09-11 11:43:00-04:00,29480.0,29480.0,29484.25,29470.75,29472.5,771
2026-09-11 11:44:00-04:00,29478.0,29478.0,29482.25,29477.5,29480.25,483
2026-09-11 11:45:00-04:00,29471.25,29471.25,29478.75,29471.25,29478.25,693
2026-09-11 11:46:00-04:00,29473.5,29473.5,29473.5,29464.25,29471.75,717
2026-09-11 11:47:00-04:00,29468.75,29468.75,29475.5,29467.0,29473.5,542
2026-09-11 11:48:00-04:00,29465.75,29465.75,29471.25,29461.75,29467.75,545
2026-09-11 11:49:00-04:00,29469.25,29469.25,29476.75,29465.0,29465.25,921
2026-09-11 11:50:00-04:00,29476.25,29476.25,29476.25,29467.0,29470.75,430
2026-09-11 11:51:00-04:00,29468.75,29468.75,29475.75,29466.0,29475.5,351
2026-09-11 11:52:00-04:00,29462.5,29462.5,29467.0,29460.0,29466.5,685
2026-09-11 11:53:00-04:00,29449.0,29449.0,29462.25,29448.0,29462.25,1337
2026-09-11 11:54:00-04:00,29448.25,29448.25,29451.0,29442.25,29448.75,891
2026-09-11 11:55:00-04:00,29442.5,29442.5,29451.25,29441.25,29448.5,672
2026-09-11 11:56:00-04:00,29447.25,29447.25,29451.0,29441.5,29442.75,537
2026-09-11 11:57:00-04:00,29452.0,29452.0,29461.5,29447.75,29448.0,739
2026-09-11 11:58:00-04:00,29457.0,29457.0,29457.5,29447.5,29451.5,808
2026-09-11 11:59:00-04:00,29450.0,29450.0,29457.5,29450.0,29457.25,603
2026-09-11 12:00:00-04:00,29455.0,29455.0,29462.75,29450.25,29450.25,714
2026-09-11 12:01:00-04:00,29469.25,29469.25,29471.75,29454.75,29454.75,710
2026-09-11 12:02:00-04:00,29479.75,29479.75,29480.5,29467.0,29470.0,641
2026-09-11 12:03:00-04:00,29467.25,29467.25,29482.25,29466.5,29479.25,769
2026-09-11 12:04:00-04:00,29481.75,29481.75,29482.0,29466.5,29466.75,649
2026-09-11 12:05:00-04:00,29481.75,29481.75,29485.25,29480.0,29482.0,487
2026-09-11 12:06:00-04:00,29478.0,29478.0,29484.25,29475.5,29482.25,466
2026-09-11 12:07:00-04:00,29465.5,29465.5,29479.0,29464.25,29478.0,739
2026-09-11 12:08:00-04:00,29464.25,29464.25,29469.25,29460.5,29465.5,574
2026-09-11 12:09:00-04:00,29469.5,29469.5,29471.0,29463.25,29464.0,346
2026-09-11 12:10:00-04:00,29462.5,29462.5,29473.0,29461.0,29469.25,464
2026-09-11 12:11:00-04:00,29464.75,29464.75,29467.5,29462.25,29462.5,284
2026-09-11 12:12:00-04:00,29459.25,29459.25,29465.75,29456.0,29465.5,495
2026-09-11 12:13:00-04:00,29446.5,29446.5,29459.25,29446.0,29459.25,878
2026-09-11 12:14:00-04:00,29448.0,29448.0,29450.5,29445.0,29447.5,556
2026-09-11 12:15:00-04:00,29444.25,29444.25,29452.25,29441.5,29447.75,781
2026-09-11 12:16:00-04:00,29438.0,29438.0,29446.5,29436.5,29444.25,828
2026-09-11 12:17:00-04:00,29438.25,29438.25,29445.0,29437.25,29438.25,546
2026-09-11 12:18:00-04:00,29437.5,29437.5,29442.75,29433.75,29438.75,492
2026-09-11 12:19:00-04:00,29438.5,29438.5,29444.5,29435.75,29437.75,448
2026-09-11 12:20:00-04:00,29430.0,29430.0,29442.75,29429.5,29438.75,549
2026-09-11 12:21:00-04:00,29432.0,29432.0,29437.5,29429.0,29430.0,498
2026-09-11 12:22:00-04:00,29426.75,29426.75,29432.5,29423.0,29432.25,669
2026-09-11 12:23:00-04:00,29426.0,29426.0,29430.0,29421.5,29426.0,599
2026-09-11 12:24:00-04:00,29426.0,29426.0,29429.25,29422.5,29426.0,307
2026-09-11 12:25:00-04:00,29424.0,29424.0,29432.5,29422.75,29426.0,717
2026-09-11 12:26:00-04:00,29423.0,29423.0,29430.25,29420.0,29424.0,621
2026-09-11 12:27:00-04:00,29430.25,29430.25,29435.0,29422.75,29423.25,1000
2026-09-11 12:28:00-04:00,29433.25,29433.25,29436.0,29428.5,29429.75,450
2026-09-11 12:29:00-04:00,29402.75,29402.75,29434.0,29397.75,29432.75,3377
2026-09-11 12:30:00-04:00,29416.25,29416.25,29418.0,29395.25,29402.0,1707
2026-09-11 12:31:00-04:00,29409.0,29409.0,29416.25,29406.25,29415.75,795
2026-09-11 12:32:00-04:00,29417.5,29417.5,29421.25,29398.5,29408.75,1504
2026-09-11 12:33:00-04:00,29439.5,29439.5,29439.5,29418.25,29418.25,968
2026-09-11 12:34:00-04:00,29427.25,29427.25,29441.5,29427.25,29439.75,814
2026-09-11 12:35:00-04:00,29419.0,29419.0,29429.0,29417.5,29427.75,678
2026-09-11 12:36:00-04:00,29412.0,29412.0,29421.25,29410.5,29419.0,671
2026-09-11 12:37:00-04:00,29416.25,29416.25,29417.0,29410.75,29412.0,421
2026-09-11 12:38:00-04:00,29411.0,29411.0,29418.5,29402.5,29416.5,622
2026-09-11 12:39:00-04:00,29398.5,29398.5,29411.5,29396.25,29410.75,878
2026-09-11 12:40:00-04:00,29414.5,29414.5,29415.0,29392.0,29398.25,1231
2026-09-11 12:41:00-04:00,29415.75,29415.75,29416.0,29409.25,29414.5,627
2026-09-11 12:42:00-04:00,29415.25,29415.25,29418.25,29408.5,29415.5,642
2026-09-11 12:43:00-04:00,29424.5,29424.5,29426.0,29411.0,29414.25,614
2026-09-11 12:44:00-04:00,29432.0,29432.0,29434.0,29424.0,29424.25,651
2026-09-11 12:45:00-04:00,29431.0,29431.0,29432.0,29426.25,29431.25,430
2026-09-11 12:46:00-04:00,29427.0,29427.0,29435.5,29427.0,29430.5,505
2026-09-11 12:47:00-04:00,29428.25,29428.25,29431.5,29424.75,29427.75,329
2026-09-11 12:48:00-04:00,29418.5,29418.5,29430.75,29416.25,29428.5,423
2026-09-11 12:49:00-04:00,29415.75,29415.75,29419.5,29413.25,29418.25,536
2026-09-11 12:50:00-04:00,29422.5,29422.5,29429.0,29414.0,29415.75,548
2026-09-11 12:51:00-04:00,29421.75,29421.75,29423.5,29418.25,29423.5,385
2026-09-11 12:52:00-04:00,29423.5,29423.5,29425.75,29418.75,29422.0,240
2026-09-11 12:53:00-04:00,29426.5,29426.5,29428.5,29421.75,29422.75,306
2026-09-11 12:54:00-04:00,29429.0,29429.0,29429.0,29426.0,29426.0,201
2026-09-11 12:55:00-04:00,29428.5,29428.5,29436.5,29428.25,29429.25,492
2026-09-11 12:56:00-04:00,29428.75,29428.75,29435.75,29427.5,29428.5,340
2026-09-11 12:57:00-04:00,29428.25,29428.25,29433.0,29426.0,29428.5,361
2026-09-11 12:58:00-04:00,29435.5,29435.5,29436.75,29427.75,29429.25,377
2026-09-11 12:59:00-04:00,29436.75,29436.75,29437.75,29433.5,29435.25,311
2026-09-11 13:00:00-04:00,29438.25,29438.25,29446.75,29436.75,29437.0,932
2026-09-11 13:01:00-04:00,29435.75,29435.75,29442.5,29435.75,29439.5,398
2026-09-11 13:02:00-04:00,29442.25,29442.25,29444.0,29435.75,29436.75,521
2026-09-11 13:03:00-04:00,29447.25,29447.25,29448.25,29439.0,29442.5,357
2026-09-11 13:04:00-04:00,29440.25,29440.25,29449.0,29439.75,29446.75,460
2026-09-11 13:05:00-04:00,29444.0,29444.0,29446.5,29440.0,29440.25,313
2026-09-11 13:06:00-04:00,29444.25,29444.25,29449.0,29442.25,29444.75,411
2026-09-11 13:07:00-04:00,29449.75,29449.75,29464.75,29444.0,29444.25,2354
2026-09-11 13:08:00-04:00,29449.5,29449.5,29454.75,29448.0,29449.5,602
2026-09-11 13:09:00-04:00,29453.0,29453.0,29453.0,29446.25,29449.75,351
2026-09-11 13:10:00-04:00,29448.0,29448.0,29459.0,29443.0,29452.5,906
2026-09-11 13:11:00-04:00,29445.0,29445.0,29449.75,29442.25,29448.0,521
2026-09-11 13:12:00-04:00,29448.25,29448.25,29453.25,29444.0,29445.0,523
2026-09-11 13:13:00-04:00,29441.25,29441.25,29448.75,29438.5,29448.0,496
2026-09-11 13:14:00-04:00,29437.5,29437.5,29442.25,29435.75,29441.0,564
2026-09-11 13:15:00-04:00,29444.25,29444.25,29445.25,29438.0,29438.25,343
2026-09-11 13:16:00-04:00,29453.75,29453.75,29454.0,29441.75,29444.75,473
2026-09-11 13:17:00-04:00,29459.5,29459.5,29459.75,29452.0,29454.25,463
2026-09-11 13:18:00-04:00,29455.0,29455.0,29459.25,29454.5,29459.25,397
2026-09-11 13:19:00-04:00,29457.0,29457.0,29462.75,29453.0,29455.25,538
2026-09-11 13:20:00-04:00,29458.75,29458.75,29463.75,29456.5,29456.75,459
2026-09-11 13:21:00-04:00,29458.25,29458.25,29466.0,29457.25,29459.0,764
2026-09-11 13:22:00-04:00,29463.5,29463.5,29464.25,29458.0,29458.5,280
2026-09-11 13:23:00-04:00,29469.0,29469.0,29471.0,29462.25,29463.25,658
2026-09-11 13:24:00-04:00,29474.25,29474.25,29475.25,29467.75,29469.0,571
2026-09-11 13:25:00-04:00,29471.75,29471.75,29479.0,29471.0,29473.75,878
2026-09-11 13:26:00-04:00,29473.75,29473.75,29476.75,29469.25,29472.0,557
2026-09-11 13:27:00-04:00,29469.0,29469.0,29476.0,29469.0,29474.5,516
2026-09-11 13:28:00-04:00,29465.75,29465.75,29471.5,29462.75,29469.0,744
2026-09-11 13:29:00-04:00,29463.5,29463.5,29466.25,29462.5,29464.75,299
2026-09-11 13:30:00-04:00,29468.0,29468.0,29470.5,29461.0,29463.25,660
2026-09-11 13:31:00-04:00,29475.5,29475.5,29475.75,29467.25,29467.75,491
2026-09-11 13:32:00-04:00,29465.0,29465.0,29478.0,29464.0,29475.5,691
2026-09-11 13:33:00-04:00,29465.5,29465.5,29469.25,29463.25,29465.0,467
2026-09-11 13:34:00-04:00,29463.0,29463.0,29470.0,29461.25,29466.5,408
2026-09-11 13:35:00-04:00,29463.0,29463.0,29469.25,29462.25,29463.5,517
2026-09-11 13:36:00-04:00,29465.5,29465.5,29467.5,29462.75,29464.0,233
2026-09-11 13:37:00-04:00,29466.75,29466.75,29469.0,29465.5,29466.0,292
2026-09-11 13:38:00-04:00,29463.75,29463.75,29467.5,29457.5,29466.75,468
2026-09-11 13:39:00-04:00,29459.25,29459.25,29464.25,29458.0,29463.5,301
2026-09-11 13:40:00-04:00,29466.25,29466.25,29468.25,29458.5,29458.75,482
2026-09-11 13:41:00-04:00,29460.75,29460.75,29466.0,29457.5,29466.0,328
2026-09-11 13:42:00-04:00,29462.25,29462.25,29467.0,29458.0,29460.25,434
2026-09-11 13:43:00-04:00,29467.75,29467.75,29470.5,29461.5,29462.5,469
2026-09-11 13:44:00-04:00,29462.25,29462.25,29467.75,29460.5,29467.75,430
2026-09-11 13:45:00-04:00,29462.25,29462.25,29464.75,29459.5,29462.5,541
2026-09-11 13:46:00-04:00,29462.5,29462.5,29464.75,29460.25,29462.25,409
2026-09-11 13:47:00-04:00,29462.5,29462.5,29463.75,29458.5,29462.5,211
2026-09-11 13:48:00-04:00,29456.25,29456.25,29462.5,29455.0,29462.0,331
2026-09-11 13:49:00-04:00,29465.0,29465.0,29468.5,29456.25,29456.25,389
2026-09-11 13:50:00-04:00,29463.5,29463.5,29467.75,29463.25,29465.25,290
2026-09-11 13:51:00-04:00,29464.25,29464.25,29466.75,29462.5,29463.75,243
2026-09-11 13:52:00-04:00,29466.5,29466.5,29467.25,29463.25,29464.0,247
2026-09-11 13:53:00-04:00,29466.25,29466.25,29467.5,29463.25,29466.5,328
2026-09-11 13:54:00-04:00,29463.25,29463.25,29467.0,29461.5,29465.5,287
2026-09-11 13:55:00-04:00,29463.0,29463.0,29464.75,29460.75,29463.5,199
2026-09-11 13:56:00-04:00,29458.5,29458.5,29462.5,29458.0,29462.5,171
2026-09-11 13:57:00-04:00,29454.0,29454.0,29459.75,29454.0,29458.5,268
2026-09-11 13:58:00-04:00,29451.0,29451.0,29455.0,29451.0,29454.0,493
2026-09-11 13:59:00-04:00,29452.5,29452.5,29454.25,29447.75,29451.0,386
2026-09-11 14:00:00-04:00,29451.75,29451.75,29458.0,29450.0,29452.25,387
2026-09-11 14:01:00-04:00,29454.25,29454.25,29455.0,29449.0,29452.25,280
2026-09-11 14:02:00-04:00,29454.25,29454.25,29460.5,29454.0,29455.0,373
2026-09-11 14:03:00-04:00,29457.25,29457.25,29459.25,29453.5,29454.25,376
2026-09-11 14:04:00-04:00,29453.75,29453.75,29459.25,29453.25,29457.0,308
2026-09-11 14:05:00-04:00,29448.25,29448.25,29454.25,29447.5,29453.25,383
2026-09-11 14:06:00-04:00,29448.75,29448.75,29451.75,29446.5,29447.75,381
2026-09-11 14:07:00-04:00,29449.0,29449.0,29451.25,29446.25,29448.75,272
2026-09-11 14:08:00-04:00,29443.25,29443.25,29449.25,29443.0,29449.25,381
2026-09-11 14:09:00-04:00,29446.75,29446.75,29448.75,29443.5,29443.5,287
2026-09-11 14:10:00-04:00,29444.75,29444.75,29447.0,29441.25,29446.75,333
2026-09-11 14:11:00-04:00,29442.0,29442.0,29445.5,29439.5,29444.75,421
2026-09-11 14:12:00-04:00,29441.25,29441.25,29444.0,29440.25,29441.75,278
2026-09-11 14:13:00-04:00,29440.0,29440.0,29441.0,29437.5,29440.75,357
2026-09-11 14:14:00-04:00,29441.0,29441.0,29441.75,29438.5,29440.5,298
2026-09-11 14:15:00-04:00,29436.5,29436.5,29443.25,29434.0,29441.5,631
2026-09-11 14:16:00-04:00,29439.5,29439.5,29441.25,29436.0,29436.75,340
2026-09-11 14:17:00-04:00,29441.5,29441.5,29443.25,29438.0,29439.5,625
2026-09-11 14:18:00-04:00,29444.25,29444.25,29445.5,29439.5,29441.5,607
2026-09-11 14:19:00-04:00,29441.25,29441.25,29446.5,29438.25,29444.0,806
2026-09-11 14:20:00-04:00,29425.5,29425.5,29442.5,29417.0,29441.25,3215
2026-09-11 14:21:00-04:00,29426.0,29426.0,29428.0,29418.75,29425.25,1049
2026-09-11 14:22:00-04:00,29429.25,29429.25,29431.25,29425.25,29425.5,572
2026-09-11 14:23:00-04:00,29425.75,29425.75,29432.25,29424.0,29429.25,417
2026-09-11 14:24:00-04:00,29431.75,29431.75,29431.75,29425.0,29426.25,307
2026-09-11 14:25:00-04:00,29431.25,29431.25,29436.5,29430.0,29431.25,566
2026-09-11 14:26:00-04:00,29428.75,29428.75,29436.75,29428.25,29431.0,419
2026-09-11 14:27:00-04:00,29432.5,29432.5,29435.0,29426.75,29428.5,695
2026-09-11 14:28:00-04:00,29444.5,29444.5,29446.75,29432.25,29432.25,916
2026-09-11 14:29:00-04:00,29441.5,29441.5,29446.75,29441.5,29444.25,288
2026-09-11 14:30:00-04:00,29438.5,29438.5,29450.75,29438.5,29442.0,703
2026-09-11 14:31:00-04:00,29434.25,29434.25,29442.25,29434.0,29438.5,382
2026-09-11 14:32:00-04:00,29440.5,29440.5,29443.25,29432.0,29434.75,412
2026-09-11 14:33:00-04:00,29448.5,29448.5,29448.5,29439.25,29440.75,272
2026-09-11 14:34:00-04:00,29455.25,29455.25,29456.75,29446.0,29448.0,569
2026-09-11 14:35:00-04:00,29452.75,29452.75,29456.5,29451.0,29455.25,274
2026-09-11 14:36:00-04:00,29458.25,29458.25,29459.0,29452.0,29452.75,274
2026-09-11 14:37:00-04:00,29447.25,29447.25,29458.25,29447.0,29458.25,426
2026-09-11 14:38:00-04:00,29446.25,29446.25,29448.5,29443.0,29447.0,446
2026-09-11 14:39:00-04:00,29446.5,29446.5,29447.0,29444.5,29446.0,201
2026-09-11 14:40:00-04:00,29448.5,29448.5,29449.25,29446.0,29446.75,214
2026-09-11 14:41:00-04:00,29448.75,29448.75,29450.75,29445.5,29448.75,264
2026-09-11 14:42:00-04:00,29441.25,29441.25,29449.0,29440.5,29448.5,293
2026-09-11 14:43:00-04:00,29436.75,29436.75,29440.75,29436.0,29440.75,507
2026-09-11 14:44:00-04:00,29437.75,29437.75,29439.75,29434.75,29437.0,417
2026-09-11 14:45:00-04:00,29432.5,29432.5,29439.25,29432.0,29438.0,551
2026-09-11 14:46:00-04:00,29433.5,29433.5,29436.25,29430.5,29432.25,400
2026-09-11 14:47:00-04:00,29440.0,29440.0,29444.75,29433.0,29434.0,677
2026-09-11 14:48:00-04:00,29431.5,29431.5,29442.75,29430.0,29439.75,589
2026-09-11 14:49:00-04:00,29431.25,29431.25,29434.0,29430.5,29431.0,352
2026-09-11 14:50:00-04:00,29432.5,29432.5,29433.75,29429.0,29430.75,423
2026-09-11 14:51:00-04:00,29432.5,29432.5,29435.0,29431.25,29432.5,311
2026-09-11 14:52:00-04:00,29430.25,29430.25,29434.0,29429.0,29432.25,450
2026-09-11 14:53:00-04:00,29431.25,29431.25,29432.0,29429.0,29430.0,205
2026-09-11 14:54:00-04:00,29428.5,29428.5,29431.75,29427.0,29431.0,358
2026-09-11 14:55:00-04:00,29433.25,29433.25,29435.0,29426.5,29427.75,449
2026-09-11 14:56:00-04:00,29436.5,29436.5,29438.25,29431.75,29433.25,412
2026-09-11 14:57:00-04:00,29429.25,29429.25,29437.25,29428.75,29437.0,291
2026-09-11 14:58:00-04:00,29433.5,29433.5,29434.0,29426.75,29429.25,514
2026-09-11 14:59:00-04:00,29429.5,29429.5,29433.25,29425.75,29433.25,581
2026-09-11 15:00:00-04:00,29431.75,29431.75,29433.25,29427.25,29429.5,488
2026-09-11 15:01:00-04:00,29427.75,29427.75,29432.5,29427.25,29431.25,299
2026-09-11 15:02:00-04:00,29425.25,29425.25,29428.0,29422.75,29427.25,403
2026-09-11 15:03:00-04:00,29424.0,29424.0,29427.0,29422.5,29425.0,271
2026-09-11 15:04:00-04:00,29426.5,29426.5,29429.5,29422.0,29424.0,421
2026-09-11 15:05:00-04:00,29427.25,29427.25,29428.5,29424.25,29426.5,386
2026-09-11 15:06:00-04:00,29422.0,29422.0,29431.5,29421.75,29427.75,451
2026-09-11 15:07:00-04:00,29418.5,29418.5,29422.5,29415.75,29421.75,588
2026-09-11 15:08:00-04:00,29417.0,29417.0,29420.75,29414.75,29417.75,573
2026-09-11 15:09:00-04:00,29414.0,29414.0,29421.0,29411.5,29417.25,672
2026-09-11 15:10:00-04:00,29408.5,29408.5,29415.0,29407.75,29414.25,637
2026-09-11 15:11:00-04:00,29412.75,29412.75,29413.0,29405.25,29408.5,595
2026-09-11 15:12:00-04:00,29414.5,29414.5,29414.5,29409.5,29412.5,497
2026-09-11 15:13:00-04:00,29412.75,29412.75,29417.75,29411.25,29414.25,643
2026-09-11 15:14:00-04:00,29416.0,29416.0,29418.75,29410.0,29412.75,453
2026-09-11 15:15:00-04:00,29414.5,29414.5,29420.75,29414.0,29415.0,826
2026-09-11 15:16:00-04:00,29413.75,29413.75,29416.25,29411.5,29414.25,527
2026-09-11 15:17:00-04:00,29419.75,29419.75,29422.25,29413.5,29413.75,349
2026-09-11 15:18:00-04:00,29423.25,29423.25,29424.25,29418.5,29419.5,302
2026-09-11 15:19:00-04:00,29419.25,29419.25,29425.75,29417.75,29423.5,573
2026-09-11 15:20:00-04:00,29418.75,29418.75,29421.75,29417.25,29418.75,348
2026-09-11 15:21:00-04:00,29419.25,29419.25,29421.25,29415.25,29418.5,305
2026-09-11 15:22:00-04:00,29416.0,29416.0,29421.25,29415.75,29419.0,313
2026-09-11 15:23:00-04:00,29418.75,29418.75,29419.25,29413.25,29416.25,539
2026-09-11 15:24:00-04:00,29423.5,29423.5,29424.5,29418.5,29418.5,600
2026-09-11 15:25:00-04:00,29420.75,29420.75,29424.25,29420.0,29423.25,472
2026-09-11 15:26:00-04:00,29425.5,29425.5,29427.5,29420.25,29420.25,470
2026-09-11 15:27:00-04:00,29420.0,29420.0,29425.5,29418.5,29425.25,471
2026-09-11 15:28:00-04:00,29415.0,29415.0,29422.0,29414.5,29420.75,403
2026-09-11 15:29:00-04:00,29415.0,29415.0,29416.25,29412.25,29415.0,464
2026-09-11 15:30:00-04:00,29414.75,29414.75,29418.25,29412.25,29414.25,814
2026-09-11 15:31:00-04:00,29416.25,29416.25,29417.25,29411.5,29414.75,734
2026-09-11 15:32:00-04:00,29415.5,29415.5,29418.25,29413.75,29416.5,283
2026-09-11 15:33:00-04:00,29415.75,29415.75,29417.75,29412.25,29415.0,310
2026-09-11 15:34:00-04:00,29419.25,29419.25,29419.5,29414.75,29415.25,381
2026-09-11 15:35:00-04:00,29416.25,29416.25,29421.0,29413.0,29419.0,457
2026-09-11 15:36:00-04:00,29417.5,29417.5,29418.75,29412.5,29415.75,262
2026-09-11 15:37:00-04:00,29418.75,29418.75,29420.0,29416.5,29417.0,222
2026-09-11 15:38:00-04:00,29415.75,29415.75,29419.25,29414.5,29418.5,345
2026-09-11 15:39:00-04:00,29417.25,29417.25,29418.0,29414.5,29415.75,280
2026-09-11 15:40:00-04:00,29421.0,29421.0,29422.5,29417.0,29417.75,493
2026-09-11 15:41:00-04:00,29420.75,29420.75,29423.0,29418.5,29421.25,385
2026-09-11 15:42:00-04:00,29427.0,29427.0,29427.0,29419.25,29420.75,485
2026-09-11 15:43:00-04:00,29420.5,29420.5,29427.0,29420.5,29427.0,616
2026-09-11 15:44:00-04:00,29424.0,29424.0,29424.25,29420.0,29420.75,394
2026-09-11 15:45:00-04:00,29427.25,29427.25,29428.5,29422.5,29423.75,606
2026-09-11 15:46:00-04:00,29416.0,29416.0,29428.0,29415.25,29427.75,703
2026-09-11 15:47:00-04:00,29417.0,29417.0,29419.5,29412.25,29415.75,703
2026-09-11 15:48:00-04:00,29413.25,29413.25,29420.25,29412.25,29417.0,460
2026-09-11 15:49:00-04:00,29413.75,29413.75,29417.0,29412.0,29412.75,550
2026-09-11 15:50:00-04:00,29404.75,29404.75,29414.5,29394.5,29414.5,2253
2026-09-11 15:51:00-04:00,29397.25,29397.25,29405.25,29396.0,29404.0,1216
2026-09-11 15:52:00-04:00,29399.0,29399.0,29404.75,29396.5,29396.5,951
2026-09-11 15:53:00-04:00,29401.0,29401.0,29414.25,29397.25,29398.75,1485
2026-09-11 15:54:00-04:00,29409.0,29409.0,29417.75,29401.75,29401.75,1809
2026-09-11 15:55:00-04:00,29405.0,29405.0,29409.0,29396.75,29409.0,1687
2026-09-11 15:56:00-04:00,29404.0,29404.0,29405.25,29399.5,29404.75,874
2026-09-11 15:57:00-04:00,29404.0,29404.0,29408.0,29402.25,29403.75,1050
2026-09-11 15:58:00-04:00,29394.75,29394.75,29404.25,29394.5,29404.0,1910
2026-09-11 15:59:00-04:00,29386.5,29386.5,29401.0,29378.75,29394.75,10484
2026-09-11 16:00:00-04:00,29383.25,29383.25,29391.0,29380.5,29386.75,2607
2026-09-11 16:01:00-04:00,29388.5,29388.5,29390.0,29381.5,29383.0,940
2026-09-11 16:02:00-04:00,29386.75,29386.75,29390.25,29384.5,29388.25,510
2026-09-11 16:03:00-04:00,29389.0,29389.0,29389.5,29384.75,29387.25,466
2026-09-11 16:04:00-04:00,29385.25,29385.25,29389.75,29381.75,29389.5,471
2026-09-11 16:05:00-04:00,29386.5,29386.5,29389.25,29385.0,29385.5,266
2026-09-11 16:06:00-04:00,29386.5,29386.5,29389.5,29384.25,29386.5,333
2026-09-11 16:07:00-04:00,29389.25,29389.25,29391.0,29385.75,29386.25,309
2026-09-11 16:08:00-04:00,29392.25,29392.25,29392.75,29388.75,29390.5,190
2026-09-11 16:09:00-04:00,29390.75,29390.75,29392.5,29390.0,29392.25,211
2026-09-11 16:10:00-04:00,29385.5,29385.5,29393.0,29385.0,29391.0,384
2026-09-11 16:11:00-04:00,29383.0,29383.0,29385.0,29380.5,29385.0,199
2026-09-11 16:12:00-04:00,29381.0,29381.0,29383.25,29378.75,29383.25,169
2026-09-11 16:13:00-04:00,29378.0,29378.0,29382.75,29377.5,29381.0,187
2026-09-11 16:14:00-04:00,29381.25,29381.25,29384.25,29376.25,29377.5,254
2026-09-11 16:15:00-04:00,29381.0,29381.0,29382.5,29379.25,29381.5,149
2026-09-11 16:16:00-04:00,29380.5,29380.5,29382.25,29379.75,29380.75,54
2026-09-11 16:17:00-04:00,29380.25,29380.25,29381.5,29379.25,29380.25,57
2026-09-11 16:18:00-04:00,29377.75,29377.75,29380.0,29376.5,29380.0,87
2026-09-11 16:19:00-04:00,29378.0,29378.0,29378.25,29376.5,29377.75,41
2026-09-11 16:20:00-04:00,29383.5,29383.5,29383.5,29378.0,29378.0,119
2026-09-11 16:21:00-04:00,29384.75,29384.75,29386.25,29380.25,29383.5,159
2026-09-11 16:22:00-04:00,29385.5,29385.5,29385.75,29382.5,29385.0,76
2026-09-11 16:23:00-04:00,29385.0,29385.0,29387.25,29384.5,29385.25,58
2026-09-11 16:24:00-04:00,29384.75,29384.75,29385.5,29383.25,29385.25,47
2026-09-11 16:25:00-04:00,29383.75,29383.75,29385.5,29383.0,29385.25,36
2026-09-11 16:26:00-04:00,29382.5,29382.5,29383.25,29382.5,29383.0,16
2026-09-11 16:27:00-04:00,29381.0,29381.0,29382.25,29380.25,29382.25,49
2026-09-11 16:28:00-04:00,29384.5,29384.5,29385.0,29380.75,29381.5,61
2026-09-11 16:29:00-04:00,29384.5,29384.5,29386.5,29384.0,29384.75,80
2026-09-11 16:30:00-04:00,29385.75,29385.75,29386.5,29384.25,29384.75,40
2026-09-11 16:31:00-04:00,29387.25,29387.25,29388.75,29386.0,29386.0,163
2026-09-11 16:32:00-04:00,29393.75,29393.75,29393.75,29387.5,29387.5,198
2026-09-11 16:33:00-04:00,29393.5,29393.5,29394.0,29391.0,29393.25,86
2026-09-11 16:34:00-04:00,29390.5,29390.5,29393.5,29388.75,29393.0,96
2026-09-11 16:35:00-04:00,29391.25,29391.25,29391.75,29390.0,29390.75,49
2026-09-11 16:36:00-04:00,29389.75,29389.75,29391.5,29389.0,29390.75,57
2026-09-11 16:37:00-04:00,29391.75,29391.75,29394.5,29391.0,29391.0,115
2026-09-11 16:38:00-04:00,29395.5,29395.5,29396.5,29391.5,29392.5,154
2026-09-11 16:39:00-04:00,29395.5,29395.5,29396.5,29394.75,29395.25,64
2026-09-11 16:40:00-04:00,29393.75,29393.75,29396.25,29392.5,29395.0,159
2026-09-11 16:41:00-04:00,29390.0,29390.0,29394.0,29389.25,29393.75,114
2026-09-11 16:42:00-04:00,29388.25,29388.25,29392.0,29388.0,29390.5,31
2026-09-11 16:43:00-04:00,29389.0,29389.0,29390.25,29386.25,29388.0,51
2026-09-11 16:44:00-04:00,29389.25,29389.25,29392.0,29388.0,29389.0,111
2026-09-11 16:45:00-04:00,29384.5,29384.5,29390.5,29383.25,29389.25,141
2026-09-11 16:46:00-04:00,29387.75,29387.75,29388.5,29384.0,29384.75,80
2026-09-11 16:47:00-04:00,29386.0,29386.0,29388.0,29386.0,29387.75,32
2026-09-11 16:48:00-04:00,29388.75,29388.75,29388.75,29385.0,29387.0,51
2026-09-11 16:49:00-04:00,29387.25,29387.25,29390.25,29386.5,29389.25,142
2026-09-11 16:50:00-04:00,29387.0,29387.0,29390.75,29387.0,29387.75,59
2026-09-11 16:51:00-04:00,29390.0,29390.0,29390.25,29387.25,29388.0,27
2026-09-11 16:52:00-04:00,29387.75,29387.75,29390.5,29387.5,29389.75,22
2026-09-11 16:53:00-04:00,29389.75,29389.75,29390.25,29388.5,29388.5,29
2026-09-11 16:54:00-04:00,29393.75,29393.75,29393.75,29389.5,29389.75,60
2026-09-11 16:55:00-04:00,29391.5,29391.5,29393.75,29391.5,29392.75,40
2026-09-11 16:56:00-04:00,29390.0,29390.0,29392.25,29389.5,29392.0,56
2026-09-11 16:57:00-04:00,29392.25,29392.25,29392.25,29389.75,29391.25,68
2026-09-11 16:58:00-04:00,29393.0,29393.0,29397.5,29391.0,29391.75,219
2026-09-11 16:59:00-04:00,29387.0,29387.0,29394.75,29387.0,29392.5,137
2026-09-13 18:10:00-04:00,28999.5,28999.5,29009.5,28993.0,29002.5,0
2026-09-13 18:11:00-04:00,28996.75,28996.75,29001.0,28993.0,28998.75,129
2026-09-13 18:12:00-04:00,28998.5,28998.5,29006.75,28994.25,28996.75,206
2026-09-13 18:13:00-04:00,29008.5,29008.5,29020.75,28999.5,28999.5,349
2026-09-13 18:14:00-04:00,29025.5,29025.5,29028.0,29006.0,29008.5,210
2026-09-13 18:15:00-04:00,29022.5,29022.5,29032.5,29021.25,29023.5,252
2026-09-13 18:16:00-04:00,29026.0,29026.0,29027.25,29016.5,29022.0,133
2026-09-13 18:17:00-04:00,29028.25,29028.25,29030.5,29013.0,29025.5,170
2026-09-13 18:18:00-04:00,29024.5,29024.5,29028.25,29020.25,29028.25,112
2026-09-13 18:19:00-04:00,29041.75,29041.75,29042.25,29023.0,29025.25,231
2026-09-13 18:20:00-04:00,29040.75,29040.75,29046.0,29038.75,29040.5,204
2026-09-13 18:21:00-04:00,29043.5,29043.5,29045.0,29038.25,29040.0,390
2026-09-13 18:22:00-04:00,29037.5,29037.5,29045.75,29036.0,29043.25,259
2026-09-13 18:23:00-04:00,29038.25,29038.25,29044.25,29032.5,29038.75,248
2026-09-13 18:24:00-04:00,29042.0,29042.0,29043.25,29033.5,29038.25,128
2026-09-13 18:25:00-04:00,29050.0,29050.0,29050.0,29043.0,29043.0,177
2026-09-13 18:26:00-04:00,29061.5,29061.5,29063.0,29050.0,29050.0,275
2026-09-13 18:27:00-04:00,29066.0,29066.0,29068.0,29060.0,29062.5,393
2026-09-13 18:28:00-04:00,29072.0,29072.0,29073.75,29064.0,29065.75,247
2026-09-13 18:29:00-04:00,29083.75,29083.75,29086.0,29069.75,29071.25,283
2026-09-13 18:30:00-04:00,29084.75,29084.75,29096.0,29080.5,29081.0,338
2026-09-13 18:31:00-04:00,29082.25,29082.25,29085.75,29080.25,29083.25,182
2026-09-13 18:32:00-04:00,29079.5,29079.5,29089.25,29077.75,29080.5,342
2026-09-13 18:33:00-04:00,29091.0,29091.0,29094.0,29080.75,29080.75,223
2026-09-13 18:34:00-04:00,29097.75,29097.75,29103.5,29089.75,29090.25,221
2026-09-13 18:35:00-04:00,29091.0,29091.0,29098.25,29089.25,29098.0,268
2026-09-13 18:36:00-04:00,29092.5,29092.5,29093.25,29089.75,29090.25,41
2026-09-13 18:37:00-04:00,29102.25,29102.25,29104.0,29092.25,29092.75,133
2026-09-13 18:38:00-04:00,29095.25,29095.25,29102.25,29093.0,29101.75,113
2026-09-13 18:39:00-04:00,29099.5,29099.5,29102.0,29093.0,29094.75,68
2026-09-13 18:40:00-04:00,29093.25,29093.25,29100.75,29092.5,29098.75,69
2026-09-13 18:41:00-04:00,29095.25,29095.25,29096.5,29091.0,29092.25,83
2026-09-13 18:42:00-04:00,29096.5,29096.5,29099.0,29094.0,29095.0,90
2026-09-13 18:43:00-04:00,29087.25,29087.25,29097.0,29077.25,29096.25,262
2026-09-13 18:44:00-04:00,29075.5,29075.5,29086.75,29073.0,29086.0,189
2026-09-13 18:45:00-04:00,29085.75,29085.75,29086.25,29065.75,29075.75,281
2026-09-13 18:46:00-04:00,29079.25,29079.25,29085.5,29074.5,29085.5,78
2026-09-13 18:47:00-04:00,29078.25,29078.25,29079.5,29074.0,29079.25,43
2026-09-13 18:48:00-04:00,29073.0,29073.0,29077.75,29071.25,29077.75,39
2026-09-13 18:49:00-04:00,29075.25,29075.25,29076.25,29070.5,29072.25,64
2026-09-13 18:50:00-04:00,29079.0,29079.0,29084.25,29074.25,29074.25,111
2026-09-13 18:51:00-04:00,29078.75,29078.75,29082.0,29077.75,29078.25,53
2026-09-13 18:52:00-04:00,29081.0,29081.0,29082.5,29077.5,29078.75,47
2026-09-13 18:53:00-04:00,29081.0,29081.0,29081.0,29078.0,29080.25,10
2026-09-13 18:54:00-04:00,29080.5,29080.5,29080.5,29078.0,29080.0,16
2026-09-13 18:55:00-04:00,29078.75,29078.75,29080.25,29074.0,29079.0,69
2026-09-13 18:56:00-04:00,29073.0,29073.0,29079.25,29067.0,29079.25,100
2026-09-13 18:57:00-04:00,29078.0,29078.0,29084.75,29073.75,29073.75,94
2026-09-13 18:58:00-04:00,29069.75,29069.75,29084.0,29069.5,29080.0,128
2026-09-13 18:59:00-04:00,29068.5,29068.5,29071.75,29065.5,29069.25,98
2026-09-13 19:00:00-04:00,29071.25,29071.25,29071.5,29062.25,29069.0,164
2026-09-13 19:01:00-04:00,29066.0,29066.0,29076.0,29060.0,29072.0,196
2026-09-13 19:02:00-04:00,29065.0,29065.0,29066.25,29063.0,29065.5,23
2026-09-13 19:03:00-04:00,29064.5,29064.5,29068.25,29060.0,29064.75,60
2026-09-13 19:04:00-04:00,29061.75,29061.75,29064.25,29055.5,29064.25,104
2026-09-13 19:05:00-04:00,29060.0,29060.0,29064.5,29060.0,29061.75,46
2026-09-13 19:06:00-04:00,29060.0,29060.0,29062.25,29056.5,29058.0,36
2026-09-13 19:07:00-04:00,29058.0,29058.0,29059.5,29055.75,29059.5,35
2026-09-13 19:08:00-04:00,29061.75,29061.75,29065.0,29057.75,29057.75,44
2026-09-13 19:09:00-04:00,29063.0,29063.0,29065.25,29060.0,29060.0,40
2026-09-13 19:10:00-04:00,29066.75,29066.75,29066.75,29062.75,29062.75,27
2026-09-13 19:11:00-04:00,29065.25,29065.25,29067.75,29063.5,29067.0,44
2026-09-13 19:12:00-04:00,29064.25,29064.25,29065.75,29063.75,29064.75,12
2026-09-13 19:13:00-04:00,29063.0,29063.0,29064.25,29060.5,29063.5,25
2026-09-13 19:14:00-04:00,29063.0,29063.0,29067.75,29063.0,29064.25,59
2026-09-13 19:15:00-04:00,29061.5,29061.5,29064.5,29061.5,29062.75,43
2026-09-13 19:16:00-04:00,29063.75,29063.75,29064.0,29063.5,29063.5,4
2026-09-13 19:17:00-04:00,29063.5,29063.5,29063.5,29061.0,29062.75,12
2026-09-13 19:18:00-04:00,29064.5,29064.5,29064.5,29062.25,29063.75,16
2026-09-13 19:19:00-04:00,29061.0,29061.0,29064.25,29061.0,29062.75,14
2026-09-13 19:20:00-04:00,29061.25,29061.25,29062.0,29060.75,29061.25,12
2026-09-13 19:21:00-04:00,29062.25,29062.25,29062.5,29061.0,29061.0,16
2026-09-13 19:22:00-04:00,29064.25,29064.25,29067.25,29062.5,29062.5,20
2026-09-13 19:23:00-04:00,29077.0,29077.0,29079.5,29066.0,29066.0,146
2026-09-13 19:24:00-04:00,29093.25,29093.25,29093.75,29077.0,29077.0,263
2026-09-13 19:25:00-04:00,29096.0,29096.0,29099.5,29088.75,29092.25,154
2026-09-13 19:26:00-04:00,29083.5,29083.5,29096.25,29080.75,29095.5,93
2026-09-13 19:27:00-04:00,29084.25,29084.25,29090.0,29082.5,29082.5,36
2026-09-13 19:28:00-04:00,29086.25,29086.25,29087.5,29081.25,29084.0,42
2026-09-13 19:29:00-04:00,29096.75,29096.75,29096.75,29087.5,29088.0,92
2026-09-13 19:30:00-04:00,29100.5,29100.5,29101.5,29095.0,29096.0,87
2026-09-13 19:31:00-04:00,29098.25,29098.25,29101.25,29097.0,29098.75,87
2026-09-13 19:32:00-04:00,29094.5,29094.5,29097.75,29091.75,29097.75,69
2026-09-13 19:33:00-04:00,29098.0,29098.0,29098.5,29093.5,29094.0,38
2026-09-13 19:34:00-04:00,29092.0,29092.0,29098.75,29091.0,29098.0,30
2026-09-13 19:35:00-04:00,29066.75,29066.75,29091.25,29059.0,29091.25,342
2026-09-13 19:36:00-04:00,29063.75,29063.75,29068.5,29063.75,29066.75,81
2026-09-13 19:37:00-04:00,29046.25,29046.25,29065.0,29040.5,29065.0,377
2026-09-13 19:38:00-04:00,29049.25,29049.25,29058.0,29044.0,29047.0,170
2026-09-13 19:39:00-04:00,29046.75,29046.75,29062.25,29045.25,29048.5,91
2026-09-13 19:40:00-04:00,29051.5,29051.5,29051.5,29045.0,29046.5,44
2026-09-13 19:41:00-04:00,29046.5,29046.5,29055.0,29046.5,29053.0,44
2026-09-13 19:42:00-04:00,29043.0,29043.0,29050.0,29042.25,29047.75,42
2026-09-13 19:43:00-04:00,29041.5,29041.5,29043.25,29031.0,29042.25,165
2026-09-13 19:44:00-04:00,29038.75,29038.75,29041.0,29033.25,29040.5,80
2026-09-13 19:45:00-04:00,29033.5,29033.5,29038.5,29030.0,29038.5,124
2026-09-13 19:46:00-04:00,29025.5,29025.5,29033.75,29025.0,29033.5,130
2026-09-13 19:47:00-04:00,29030.75,29030.75,29031.25,29024.75,29026.25,59
2026-09-13 19:48:00-04:00,29029.25,29029.25,29034.75,29028.75,29030.75,49
2026-09-13 19:49:00-04:00,29022.75,29022.75,29030.75,29017.5,29028.0,215
2026-09-13 19:50:00-04:00,29013.25,29013.25,29029.25,29012.0,29022.0,165
2026-09-13 19:51:00-04:00,29018.5,29018.5,29023.75,29010.0,29015.5,131
2026-09-13 19:52:00-04:00,29035.0,29035.0,29037.0,29017.5,29017.75,173
2026-09-13 19:53:00-04:00,29036.25,29036.25,29037.0,29022.75,29035.75,157
2026-09-13 19:54:00-04:00,29021.75,29021.75,29037.25,29020.75,29034.5,65
2026-09-13 19:55:00-04:00,29025.25,29025.25,29025.25,29019.0,29022.25,47
2026-09-13 19:56:00-04:00,29014.75,29014.75,29023.25,29011.0,29023.25,113
2026-09-13 19:57:00-04:00,29017.0,29017.0,29018.5,29012.75,29015.5,58
2026-09-13 19:58:00-04:00,29015.0,29015.0,29016.5,29011.5,29015.75,53
2026-09-13 19:59:00-04:00,29017.5,29017.5,29021.75,29014.0,29015.75,86
2026-09-13 20:00:00-04:00,29026.25,29026.25,29028.75,29016.25,29016.25,268
2026-09-13 20:01:00-04:00,29045.75,29045.75,29049.0,29026.0,29026.0,421
2026-09-13 20:02:00-04:00,29041.25,29041.25,29047.5,29037.75,29043.75,84
2026-09-13 20:03:00-04:00,29049.75,29049.75,29053.25,29041.25,29041.25,280
2026-09-13 20:04:00-04:00,29047.25,29047.25,29052.0,29040.5,29049.25,143
2026-09-13 20:05:00-04:00,29054.0,29054.0,29055.5,29045.25,29046.25,88
2026-09-13 20:06:00-04:00,29064.5,29064.5,29064.5,29053.5,29053.5,139
2026-09-13 20:07:00-04:00,29068.5,29068.5,29070.25,29064.5,29064.5,158
2026-09-13 20:08:00-04:00,29071.25,29071.25,29074.25,29068.0,29068.75,147
2026-09-13 20:09:00-04:00,29070.25,29070.25,29075.25,29065.5,29071.25,99
2026-09-13 20:10:00-04:00,29067.0,29067.0,29069.5,29047.5,29069.5,307
2026-09-13 20:11:00-04:00,29058.25,29058.25,29067.5,29050.0,29066.25,178
2026-09-13 20:12:00-04:00,29067.5,29067.5,29069.0,29050.5,29056.75,122
2026-09-13 20:13:00-04:00,29061.75,29061.75,29068.5,29060.25,29067.5,84
2026-09-13 20:14:00-04:00,29056.25,29056.25,29060.5,29048.0,29060.5,131
2026-09-13 20:15:00-04:00,29058.75,29058.75,29064.5,29045.25,29056.75,179
2026-09-13 20:16:00-04:00,29053.0,29053.0,29059.25,29041.25,29059.25,191
2026-09-13 20:17:00-04:00,29053.75,29053.75,29054.25,29047.25,29051.25,86
2026-09-13 20:18:00-04:00,29049.5,29049.5,29061.0,29048.5,29054.0,135
2026-09-13 20:19:00-04:00,29047.25,29047.25,29056.5,29046.75,29052.0,126
2026-09-13 20:20:00-04:00,29037.25,29037.25,29047.5,29028.25,29047.5,344
2026-09-13 20:21:00-04:00,29023.25,29023.25,29038.25,29021.5,29037.0,394
2026-09-13 20:22:00-04:00,29029.75,29029.75,29034.25,29020.5,29022.0,247
2026-09-13 20:23:00-04:00,29031.5,29031.5,29041.25,29023.0,29033.25,194
2026-09-13 20:24:00-04:00,29034.0,29034.0,29034.0,29024.25,29031.5,93
2026-09-13 20:25:00-04:00,29019.25,29019.25,29035.5,29018.75,29035.0,186
2026-09-13 20:26:00-04:00,29009.0,29009.0,29021.0,29006.0,29019.0,444
2026-09-13 20:27:00-04:00,29011.0,29011.0,29016.0,29005.0,29008.75,168
2026-09-13 20:28:00-04:00,29010.0,29010.0,29017.0,29005.75,29009.25,181
2026-09-13 20:29:00-04:00,29015.0,29015.0,29017.0,29006.0,29010.0,87
2026-09-13 20:30:00-04:00,29022.0,29022.0,29025.5,29012.0,29013.5,117
2026-09-13 20:31:00-04:00,29030.75,29030.75,29030.75,29020.0,29021.5,89
2026-09-13 20:32:00-04:00,29028.0,29028.0,29030.75,29022.25,29029.75,93
2026-09-13 20:33:00-04:00,29024.0,29024.0,29027.75,29018.75,29027.75,71
2026-09-13 20:34:00-04:00,29023.75,29023.75,29028.0,29022.25,29023.75,60
2026-09-13 20:35:00-04:00,29021.0,29021.0,29032.0,29021.0,29023.75,64
2026-09-13 20:36:00-04:00,29022.25,29022.25,29031.25,29020.75,29023.0,74
2026-09-13 20:37:00-04:00,29020.5,29020.5,29024.0,29019.5,29023.25,47
2026-09-13 20:38:00-04:00,29017.0,29017.0,29020.5,29015.75,29020.5,63
2026-09-13 20:39:00-04:00,29017.75,29017.75,29018.25,29011.75,29015.75,67
2026-09-13 20:40:00-04:00,29016.25,29016.25,29016.75,29012.25,29015.5,49
2026-09-13 20:41:00-04:00,29015.5,29015.5,29018.5,29008.75,29016.75,150
2026-09-13 20:42:00-04:00,29017.5,29017.5,29022.5,29015.5,29017.5,78
2026-09-13 20:43:00-04:00,29026.5,29026.5,29028.5,29019.0,29019.0,84
2026-09-13 20:44:00-04:00,29036.25,29036.25,29037.0,29026.5,29028.25,153
2026-09-13 20:45:00-04:00,29025.5,29025.5,29044.5,29025.5,29036.5,195
2026-09-13 20:46:00-04:00,29031.25,29031.25,29035.5,29025.75,29025.75,63
2026-09-13 20:47:00-04:00,29037.0,29037.0,29037.0,29032.25,29033.0,34
2026-09-13 20:48:00-04:00,29034.0,29034.0,29043.25,29033.75,29035.0,90
2026-09-13 20:49:00-04:00,29034.25,29034.25,29038.5,29033.0,29034.5,70
2026-09-13 20:50:00-04:00,29028.75,29028.75,29040.0,29026.5,29035.0,122
2026-09-13 20:51:00-04:00,29035.5,29035.5,29037.25,29029.5,29030.5,79
2026-09-13 20:52:00-04:00,29030.0,29030.0,29035.75,29030.0,29033.75,14
2026-09-13 20:53:00-04:00,29035.75,29035.75,29037.5,29021.25,29032.0,198
2026-09-13 20:54:00-04:00,29038.75,29038.75,29040.0,29035.5,29037.25,100
2026-09-13 20:55:00-04:00,29043.75,29043.75,29044.5,29038.75,29038.75,185
2026-09-13 20:56:00-04:00,29036.0,29036.0,29046.5,29034.75,29043.75,146
2026-09-13 20:57:00-04:00,29033.25,29033.25,29037.25,29030.5,29037.25,59
2026-09-13 20:58:00-04:00,29019.0,29019.0,29033.5,29016.0,29033.5,162
2026-09-13 20:59:00-04:00,29014.5,29014.5,29019.75,29013.75,29019.75,86
2026-09-13 21:00:00-04:00,29013.75,29013.75,29018.5,29000.25,29015.0,283
2026-09-13 21:01:00-04:00,29012.75,29012.75,29013.75,29000.25,29013.5,201
2026-09-13 21:02:00-04:00,29018.0,29018.0,29026.5,29008.75,29012.25,257
2026-09-13 21:03:00-04:00,29025.25,29025.25,29032.25,29016.0,29018.75,152
2026-09-13 21:04:00-04:00,29019.5,29019.5,29027.5,29017.75,29023.75,56
2026-09-13 21:05:00-04:00,29022.0,29022.0,29024.25,29018.5,29018.5,74
2026-09-13 21:06:00-04:00,29015.25,29015.25,29023.5,29014.5,29023.5,68
2026-09-13 21:07:00-04:00,29023.5,29023.5,29026.0,29015.25,29016.5,86
2026-09-13 21:08:00-04:00,29021.5,29021.5,29025.0,29021.0,29024.5,35
2026-09-13 21:09:00-04:00,29028.0,29028.0,29032.0,29020.75,29022.25,153
2026-09-13 21:10:00-04:00,29036.0,29036.0,29038.75,29028.25,29029.5,172
2026-09-13 21:11:00-04:00,29031.25,29031.25,29038.5,29029.0,29034.75,59
2026-09-13 21:12:00-04:00,29017.25,29017.25,29029.75,29013.25,29029.25,124
2026-09-13 21:13:00-04:00,29009.5,29009.5,29018.25,29008.0,29017.25,62
2026-09-13 21:14:00-04:00,29012.0,29012.0,29018.25,29010.5,29010.5,59
2026-09-13 21:15:00-04:00,29013.5,29013.5,29016.5,29009.5,29011.0,36
2026-09-13 21:16:00-04:00,29006.25,29006.25,29016.0,29005.5,29015.0,52
2026-09-13 21:17:00-04:00,29012.25,29012.25,29012.25,29005.25,29006.25,59
2026-09-13 21:18:00-04:00,29012.75,29012.75,29015.5,29010.25,29010.25,37
2026-09-13 21:19:00-04:00,29007.0,29007.0,29013.75,29006.25,29013.75,31
2026-09-13 21:20:00-04:00,29003.75,29003.75,29011.0,29000.5,29007.0,100
2026-09-13 21:21:00-04:00,29002.25,29002.25,29004.0,29001.25,29003.75,39
2026-09-13 21:22:00-04:00,29002.25,29002.25,29007.5,29001.5,29002.5,81
2026-09-13 21:23:00-04:00,29000.25,29000.25,29005.5,28999.25,29002.25,101
2026-09-13 21:24:00-04:00,29007.25,29007.25,29012.75,29000.5,29001.25,228
2026-09-13 21:25:00-04:00,29006.5,29006.5,29009.0,29000.75,29006.5,82
2026-09-13 21:26:00-04:00,29010.0,29010.0,29014.25,29003.75,29007.75,143
2026-09-13 21:27:00-04:00,29014.0,29014.0,29016.5,29009.25,29010.0,84
2026-09-13 21:28:00-04:00,29016.5,29016.5,29016.5,29011.0,29014.0,58
2026-09-13 21:29:00-04:00,29017.75,29017.75,29021.0,29014.25,29014.25,80
2026-09-13 21:30:00-04:00,29013.75,29013.75,29020.5,29012.25,29018.0,94
2026-09-13 21:31:00-04:00,29011.75,29011.75,29018.0,29011.75,29013.75,79
2026-09-13 21:32:00-04:00,29010.25,29010.25,29015.5,29010.0,29012.25,77
2026-09-13 21:33:00-04:00,29006.75,29006.75,29010.25,29003.25,29010.25,91
2026-09-13 21:34:00-04:00,29004.75,29004.75,29008.75,29003.75,29007.0,44
2026-09-13 21:35:00-04:00,29013.5,29013.5,29014.25,29004.75,29004.75,88
2026-09-13 21:36:00-04:00,29016.25,29016.25,29024.5,29013.5,29013.75,194
2026-09-13 21:37:00-04:00,29015.75,29015.75,29021.5,29015.75,29016.5,64
2026-09-13 21:38:00-04:00,29025.0,29025.0,29025.0,29016.5,29016.5,69
2026-09-13 21:39:00-04:00,29031.5,29031.5,29032.0,29024.25,29025.0,93
2026-09-13 21:40:00-04:00,29030.0,29030.0,29035.5,29028.75,29031.5,78
2026-09-13 21:41:00-04:00,29036.0,29036.0,29037.75,29021.5,29028.0,150
2026-09-13 21:42:00-04:00,29025.0,29025.0,29036.0,29025.0,29036.0,108
2026-09-13 21:43:00-04:00,29025.25,29025.25,29026.25,29019.25,29025.0,80
2026-09-13 21:44:00-04:00,29025.75,29025.75,29027.5,29024.25,29024.5,25
2026-09-13 21:45:00-04:00,29035.75,29035.75,29035.75,29027.0,29027.0,56
2026-09-13 21:46:00-04:00,29038.0,29038.0,29042.25,29033.25,29036.0,117
2026-09-13 21:47:00-04:00,29044.0,29044.0,29045.25,29036.75,29038.25,133
2026-09-13 21:48:00-04:00,29040.0,29040.0,29044.25,29040.0,29044.0,92
2026-09-13 21:49:00-04:00,29041.0,29041.0,29043.25,29040.0,29040.0,53
2026-09-13 21:50:00-04:00,29040.25,29040.25,29044.0,29035.25,29042.0,92
2026-09-13 21:51:00-04:00,29043.0,29043.0,29044.5,29037.75,29040.5,59
2026-09-13 21:52:00-04:00,29044.25,29044.25,29044.25,29039.0,29043.0,31
2026-09-13 21:53:00-04:00,29047.25,29047.25,29049.5,29044.0,29044.25,163
2026-09-13 21:54:00-04:00,29046.75,29046.75,29048.75,29045.75,29047.5,83
2026-09-13 21:55:00-04:00,29047.25,29047.25,29049.5,29045.75,29046.25,52
2026-09-13 21:56:00-04:00,29056.0,29056.0,29056.75,29047.0,29047.0,235
2026-09-13 21:57:00-04:00,29066.75,29066.75,29066.75,29054.25,29056.75,278
2026-09-13 21:58:00-04:00,29067.75,29067.75,29074.75,29065.5,29065.75,310
2026-09-13 21:59:00-04:00,29068.25,29068.25,29072.75,29065.75,29067.25,81
2026-09-13 22:00:00-04:00,29073.25,29073.25,29074.5,29065.75,29068.0,171
2026-09-13 22:01:00-04:00,29073.0,29073.0,29077.5,29070.75,29071.0,107
2026-09-13 22:02:00-04:00,29060.0,29060.0,29073.25,29054.25,29073.25,319
2026-09-13 22:03:00-04:00,29057.75,29057.75,29062.25,29054.25,29058.25,83
2026-09-13 22:04:00-04:00,29058.25,29058.25,29059.0,29054.0,29057.75,62
2026-09-13 22:05:00-04:00,29060.0,29060.0,29065.75,29057.0,29058.0,83
2026-09-13 22:06:00-04:00,29070.25,29070.25,29072.75,29058.5,29062.5,92
2026-09-13 22:07:00-04:00,29077.5,29077.5,29079.25,29066.75,29071.75,109
2026-09-13 22:08:00-04:00,29077.25,29077.25,29080.75,29073.25,29076.5,83
2026-09-13 22:09:00-04:00,29070.75,29070.75,29079.0,29066.75,29077.75,139
2026-09-13 22:10:00-04:00,29068.25,29068.25,29079.25,29066.5,29068.75,147
2026-09-13 22:11:00-04:00,29068.5,29068.5,29069.75,29065.5,29065.75,23
2026-09-13 22:12:00-04:00,29068.5,29068.5,29077.5,29068.5,29074.75,67
2026-09-13 22:13:00-04:00,29072.25,29072.25,29072.5,29070.0,29070.0,15
2026-09-13 22:14:00-04:00,29071.5,29071.5,29072.25,29069.5,29071.0,28
2026-09-13 22:15:00-04:00,29062.25,29062.25,29070.75,29060.25,29070.75,144
2026-09-13 22:16:00-04:00,29061.5,29061.5,29064.25,29061.25,29062.25,59
2026-09-13 22:17:00-04:00,29061.5,29061.5,29063.0,29059.5,29062.0,46
2026-09-13 22:18:00-04:00,29065.0,29065.0,29065.0,29060.0,29062.75,25
2026-09-13 22:19:00-04:00,29072.0,29072.0,29073.0,29065.25,29065.25,109
2026-09-13 22:20:00-04:00,29072.5,29072.5,29073.0,29066.5,29069.25,29
2026-09-13 22:21:00-04:00,29071.0,29071.0,29072.5,29069.25,29071.5,12
2026-09-13 22:22:00-04:00,29074.5,29074.5,29074.5,29071.0,29071.25,26
2026-09-13 22:23:00-04:00,29070.5,29070.5,29075.0,29070.0,29074.75,41
2026-09-13 22:24:00-04:00,29066.5,29066.5,29070.0,29065.0,29068.75,34
2026-09-13 22:25:00-04:00,29065.5,29065.5,29069.75,29062.5,29069.5,59
2026-09-13 22:26:00-04:00,29069.5,29069.5,29071.0,29067.75,29069.75,28
2026-09-13 22:27:00-04:00,29067.25,29067.25,29069.25,29065.5,29069.25,49
2026-09-13 22:28:00-04:00,29065.5,29065.5,29068.0,29065.0,29066.25,37
2026-09-13 22:29:00-04:00,29066.0,29066.0,29068.0,29065.0,29066.0,37
2026-09-13 22:30:00-04:00,29072.0,29072.0,29074.0,29062.5,29062.75,85
2026-09-13 22:31:00-04:00,29071.5,29071.5,29074.5,29070.5,29072.25,55
2026-09-13 22:32:00-04:00,29067.5,29067.5,29071.5,29064.75,29071.5,71
2026-09-13 22:33:00-04:00,29068.0,29068.0,29069.0,29067.75,29067.75,5
2026-09-13 22:34:00-04:00,29067.0,29067.0,29068.25,29066.0,29068.25,8
2026-09-13 22:35:00-04:00,29059.5,29059.5,29067.75,29056.75,29066.25,157
2026-09-13 22:36:00-04:00,29057.75,29057.75,29060.25,29054.5,29059.5,136
2026-09-13 22:37:00-04:00,29059.0,29059.0,29067.25,29057.0,29059.0,118
2026-09-13 22:38:00-04:00,29063.5,29063.5,29063.5,29057.25,29059.0,52
2026-09-13 22:39:00-04:00,29056.0,29056.0,29065.5,29055.5,29064.75,55
2026-09-13 22:40:00-04:00,29054.75,29054.75,29062.5,29051.25,29058.0,118
2026-09-13 22:41:00-04:00,29049.0,29049.0,29055.0,29046.25,29055.0,100
2026-09-13 22:42:00-04:00,29048.75,29048.75,29050.5,29040.75,29047.25,139
2026-09-13 22:43:00-04:00,29052.5,29052.5,29054.0,29045.0,29045.75,91
2026-09-13 22:44:00-04:00,29050.0,29050.0,29052.75,29045.25,29052.75,125
2026-09-13 22:45:00-04:00,29058.0,29058.0,29059.0,29047.0,29047.25,89
2026-09-13 22:46:00-04:00,29058.5,29058.5,29063.0,29055.5,29058.75,62
2026-09-13 22:47:00-04:00,29062.5,29062.5,29065.5,29055.25,29060.75,74
2026-09-13 22:48:00-04:00,29061.0,29061.0,29062.25,29058.75,29059.5,25
2026-09-13 22:49:00-04:00,29061.25,29061.25,29061.25,29058.75,29061.25,18
2026-09-13 22:50:00-04:00,29066.0,29066.0,29066.0,29060.25,29060.25,27
2026-09-13 22:51:00-04:00,29065.5,29065.5,29070.0,29063.0,29063.25,108
2026-09-13 22:52:00-04:00,29069.25,29069.25,29069.5,29065.0,29065.5,32
2026-09-13 22:53:00-04:00,29067.0,29067.0,29068.5,29063.0,29068.5,43
2026-09-13 22:54:00-04:00,29065.75,29065.75,29068.0,29064.25,29066.5,36
2026-09-13 22:55:00-04:00,29058.0,29058.0,29065.25,29054.5,29065.0,86
2026-09-13 22:56:00-04:00,29055.0,29055.0,29060.0,29053.75,29056.5,83
2026-09-13 22:57:00-04:00,29058.75,29058.75,29059.0,29054.0,29056.25,41
2026-09-13 22:58:00-04:00,29056.25,29056.25,29058.0,29055.5,29058.0,21
2026-09-13 22:59:00-04:00,29053.5,29053.5,29057.0,29050.75,29054.5,55
2026-09-13 23:00:00-04:00,29053.0,29053.0,29055.75,29046.0,29052.75,136
2026-09-13 23:01:00-04:00,29051.0,29051.0,29056.25,29047.5,29052.25,77
2026-09-13 23:02:00-04:00,29053.5,29053.5,29057.25,29050.75,29051.0,44
2026-09-13 23:03:00-04:00,29053.0,29053.0,29053.5,29050.25,29053.0,31
2026-09-13 23:04:00-04:00,29051.75,29051.75,29053.75,29049.0,29053.75,27
2026-09-13 23:05:00-04:00,29051.25,29051.25,29056.25,29050.0,29050.0,90
2026-09-13 23:06:00-04:00,29057.75,29057.75,29059.25,29051.75,29051.75,58
2026-09-13 23:07:00-04:00,29055.5,29055.5,29058.25,29051.0,29057.75,95
2026-09-13 23:08:00-04:00,29055.5,29055.5,29058.75,29054.5,29056.0,93
2026-09-13 23:09:00-04:00,29052.5,29052.5,29055.75,29050.75,29055.5,67
2026-09-13 23:10:00-04:00,29046.5,29046.5,29052.5,29044.0,29052.5,160
2026-09-13 23:11:00-04:00,29040.0,29040.0,29046.5,29038.75,29046.25,198
2026-09-13 23:12:00-04:00,29033.25,29033.25,29040.75,29029.5,29039.5,205
2026-09-13 23:13:00-04:00,29035.25,29035.25,29037.25,29032.0,29032.75,90
2026-09-13 23:14:00-04:00,29031.0,29031.0,29035.75,29028.0,29034.5,67
2026-09-13 23:15:00-04:00,29032.75,29032.75,29038.0,29028.75,29029.75,86
2026-09-13 23:16:00-04:00,29023.75,29023.75,29032.5,29017.75,29032.5,368
2026-09-13 23:17:00-04:00,29014.75,29014.75,29024.25,29008.25,29024.25,287
2026-09-13 23:18:00-04:00,29016.25,29016.25,29017.25,29012.25,29014.25,79
2026-09-13 23:19:00-04:00,29014.75,29014.75,29016.25,29012.75,29015.25,91
2026-09-13 23:20:00-04:00,29017.5,29017.5,29019.0,29015.0,29015.75,66
2026-09-13 23:21:00-04:00,29018.75,29018.75,29022.5,29017.5,29018.0,120
2026-09-13 23:22:00-04:00,29023.75,29023.75,29026.0,29020.0,29020.0,90
2026-09-13 23:23:00-04:00,29022.0,29022.0,29025.0,29015.75,29023.75,72
2026-09-13 23:24:00-04:00,29020.5,29020.5,29023.25,29019.25,29022.5,46
2026-09-13 23:25:00-04:00,29019.75,29019.75,29022.5,29016.25,29022.0,57
2026-09-13 23:26:00-04:00,29020.0,29020.0,29024.0,29016.0,29020.25,89
2026-09-13 23:27:00-04:00,29022.5,29022.5,29022.5,29021.25,29021.25,26
2026-09-13 23:28:00-04:00,29024.25,29024.25,29024.25,29020.5,29022.5,51
2026-09-13 23:29:00-04:00,29026.5,29026.5,29029.75,29023.25,29023.25,87
2026-09-13 23:30:00-04:00,29015.75,29015.75,29027.0,29015.75,29026.5,107
2026-09-13 23:31:00-04:00,29015.75,29015.75,29016.75,29010.0,29016.75,135
2026-09-13 23:32:00-04:00,29017.0,29017.0,29021.25,29016.5,29016.5,53
2026-09-13 23:33:00-04:00,29020.0,29020.0,29022.75,29015.75,29015.75,38
2026-09-13 23:34:00-04:00,29020.25,29020.25,29022.5,29020.25,29020.5,35
2026-09-13 23:35:00-04:00,29021.75,29021.75,29023.25,29018.5,29022.0,56
2026-09-13 23:36:00-04:00,29021.25,29021.25,29021.25,29017.5,29021.0,28
2026-09-13 23:37:00-04:00,29019.5,29019.5,29023.75,29016.75,29022.0,59
2026-09-13 23:38:00-04:00,29016.0,29016.0,29021.25,29013.0,29019.75,38
2026-09-13 23:39:00-04:00,29019.75,29019.75,29021.25,29016.5,29017.0,23
2026-09-13 23:40:00-04:00,29015.75,29015.75,29021.5,29015.75,29020.25,57
2026-09-13 23:41:00-04:00,29013.25,29013.25,29017.0,29013.0,29015.5,40
2026-09-13 23:42:00-04:00,29012.75,29012.75,29014.75,29011.75,29014.0,61
2026-09-13 23:43:00-04:00,29016.0,29016.0,29016.0,29011.5,29013.25,45
2026-09-13 23:44:00-04:00,29015.5,29015.5,29018.0,29012.75,29017.75,24
2026-09-13 23:45:00-04:00,29018.25,29018.25,29018.5,29015.0,29016.0,28
2026-09-13 23:46:00-04:00,29012.5,29012.5,29019.25,29011.75,29016.75,43
2026-09-13 23:47:00-04:00,29015.0,29015.0,29015.75,29009.75,29011.25,61
2026-09-13 23:48:00-04:00,29019.0,29019.0,29022.5,29011.75,29014.0,62
2026-09-13 23:49:00-04:00,29015.5,29015.5,29022.0,29014.75,29019.5,69
2026-09-13 23:50:00-04:00,29014.0,29014.0,29015.25,29011.0,29015.0,33
2026-09-13 23:51:00-04:00,29016.5,29016.5,29017.25,29013.5,29016.75,27
2026-09-13 23:52:00-04:00,29017.0,29017.0,29017.5,29014.25,29016.5,19
2026-09-13 23:53:00-04:00,29018.75,29018.75,29025.5,29015.75,29017.5,132
2026-09-13 23:54:00-04:00,29020.0,29020.0,29020.0,29016.0,29018.5,17
2026-09-13 23:55:00-04:00,29018.0,29018.0,29020.5,29016.5,29019.75,60
2026-09-13 23:56:00-04:00,29015.5,29015.5,29018.5,29015.5,29018.25,35
2026-09-13 23:57:00-04:00,29016.5,29016.5,29018.25,29016.5,29018.25,14
2026-09-13 23:58:00-04:00,29015.0,29015.0,29017.25,29014.25,29017.25,17
2026-09-14 00:00:00-04:00,29016.0,29016.0,29021.0,29015.75,29016.75,58
2026-09-14 00:01:00-04:00,29022.5,29022.5,29030.0,29018.0,29019.25,152
2026-09-14 00:02:00-04:00,29021.25,29021.25,29024.75,29020.0,29022.25,76
2026-09-14 00:03:00-04:00,29027.75,29027.75,29028.25,29022.75,29022.75,52
2026-09-14 00:04:00-04:00,29029.25,29029.25,29029.25,29026.5,29027.0,23
2026-09-14 00:05:00-04:00,29029.0,29029.0,29033.0,29027.0,29030.0,71
2026-09-14 00:06:00-04:00,29032.25,29032.25,29036.25,29029.0,29030.5,88
2026-09-14 00:07:00-04:00,29031.25,29031.25,29035.0,29029.0,29033.5,63
2026-09-14 00:08:00-04:00,29026.25,29026.25,29031.5,29026.25,29030.75,29
2026-09-14 00:09:00-04:00,29026.5,29026.5,29027.75,29023.0,29025.0,49
2026-09-14 00:10:00-04:00,29014.75,29014.75,29024.25,29013.75,29024.25,184
2026-09-14 00:11:00-04:00,29017.5,29017.5,29018.25,29010.0,29013.75,100
2026-09-14 00:12:00-04:00,29013.0,29013.0,29019.5,29012.75,29019.0,39
2026-09-14 00:13:00-04:00,29016.25,29016.25,29017.5,29013.25,29013.25,38
2026-09-14 00:14:00-04:00,29011.5,29011.5,29015.75,29010.25,29015.75,50
2026-09-14 00:15:00-04:00,29012.5,29012.5,29014.25,29010.25,29010.75,87
2026-09-14 00:16:00-04:00,29006.25,29006.25,29014.0,29002.25,29013.25,176
2026-09-14 00:17:00-04:00,29006.75,29006.75,29007.75,29005.0,29007.0,30
2026-09-14 00:18:00-04:00,29010.25,29010.25,29012.0,29005.25,29006.75,70
2026-09-14 00:19:00-04:00,29013.25,29013.25,29014.75,29011.0,29011.0,51
2026-09-14 00:20:00-04:00,29011.0,29011.0,29014.25,29010.25,29013.25,32
2026-09-14 00:21:00-04:00,29012.0,29012.0,29014.5,29011.5,29011.5,45
2026-09-14 00:22:00-04:00,29012.75,29012.75,29013.25,29009.75,29013.0,38
2026-09-14 00:23:00-04:00,29014.25,29014.25,29014.25,29011.75,29013.75,10
2026-09-14 00:24:00-04:00,29019.0,29019.0,29019.0,29014.0,29014.25,79
2026-09-14 00:25:00-04:00,29018.75,29018.75,29022.5,29017.5,29019.25,87
2026-09-14 00:26:00-04:00,29022.75,29022.75,29022.75,29018.75,29018.75,21
2026-09-14 00:27:00-04:00,29020.5,29020.5,29022.75,29019.25,29021.75,17
2026-09-14 00:28:00-04:00,29020.25,29020.25,29020.75,29016.75,29020.75,16
2026-09-14 00:29:00-04:00,29018.0,29018.0,29020.0,29017.25,29020.0,15
2026-09-14 00:30:00-04:00,29014.0,29014.0,29018.75,29014.0,29018.0,39
2026-09-14 00:31:00-04:00,29006.0,29006.0,29015.75,29004.75,29015.0,122
2026-09-14 00:32:00-04:00,29010.25,29010.25,29011.0,29006.25,29006.25,44
2026-09-14 00:33:00-04:00,29006.25,29006.25,29009.5,29001.5,29009.5,92
2026-09-14 00:34:00-04:00,29008.25,29008.25,29013.25,29006.5,29006.5,64
2026-09-14 00:35:00-04:00,29015.25,29015.25,29015.25,29008.5,29010.5,44
2026-09-14 00:36:00-04:00,29012.25,29012.25,29014.0,29012.0,29014.0,25
2026-09-14 00:37:00-04:00,29009.0,29009.0,29010.75,29003.5,29010.5,54
2026-09-14 00:38:00-04:00,29014.5,29014.5,29017.0,29007.5,29008.5,68
2026-09-14 00:39:00-04:00,29022.25,29022.25,29023.75,29014.75,29014.75,72
2026-09-14 00:40:00-04:00,29021.75,29021.75,29023.75,29021.0,29021.5,29
2026-09-14 00:41:00-04:00,29020.0,29020.0,29022.75,29019.25,29022.0,31
2026-09-14 00:42:00-04:00,29020.0,29020.0,29022.25,29017.25,29020.75,26
2026-09-14 00:43:00-04:00,29009.75,29009.75,29020.5,29009.75,29020.25,82
2026-09-14 00:44:00-04:00,29008.5,29008.5,29011.75,29006.0,29011.0,82
2026-09-14 00:45:00-04:00,29012.25,29012.25,29013.5,29009.75,29009.75,39
2026-09-14 00:46:00-04:00,29016.0,29016.0,29017.25,29013.0,29013.0,25
2026-09-14 00:47:00-04:00,29015.75,29015.75,29017.5,29013.5,29014.75,23
2026-09-14 00:48:00-04:00,29023.75,29023.75,29024.0,29013.5,29013.5,68
2026-09-14 00:49:00-04:00,29024.25,29024.25,29027.0,29021.25,29023.0,83
2026-09-14 00:50:00-04:00,29031.0,29031.0,29033.75,29023.75,29024.0,151
2026-09-14 00:51:00-04:00,29023.5,29023.5,29031.25,29020.25,29031.0,79
2026-09-14 00:52:00-04:00,29019.0,29019.0,29026.75,29019.0,29024.5,46
2026-09-14 00:53:00-04:00,29015.0,29015.0,29020.75,29015.0,29020.75,54
2026-09-14 00:54:00-04:00,29014.25,29014.25,29016.75,29013.25,29015.0,27
2026-09-14 00:55:00-04:00,29016.5,29016.5,29016.75,29014.5,29016.25,24
2026-09-14 00:56:00-04:00,29016.0,29016.0,29023.75,29014.75,29016.25,95
2026-09-14 00:57:00-04:00,29013.25,29013.25,29014.25,29011.5,29014.0,38
2026-09-14 00:58:00-04:00,29013.75,29013.75,29015.75,29013.25,29013.25,15
2026-09-14 00:59:00-04:00,29015.0,29015.0,29016.75,29013.5,29013.5,26
2026-09-14 01:00:00-04:00,29018.75,29018.75,29018.75,29014.5,29015.0,35
2026-09-14 01:01:00-04:00,29013.75,29013.75,29019.5,29013.0,29019.0,34
2026-09-14 01:02:00-04:00,29011.5,29011.5,29014.25,29011.5,29013.0,33
2026-09-14 01:03:00-04:00,29018.5,29018.5,29018.5,29009.75,29010.25,33
2026-09-14 01:04:00-04:00,29020.0,29020.0,29022.5,29019.25,29019.5,37
2026-09-14 01:05:00-04:00,29021.0,29021.0,29021.75,29018.25,29021.0,20
2026-09-14 01:06:00-04:00,29020.0,29020.0,29025.0,29020.0,29021.75,35
2026-09-14 01:07:00-04:00,29023.75,29023.75,29025.0,29020.75,29021.75,24
2026-09-14 01:08:00-04:00,29021.75,29021.75,29024.25,29021.75,29023.75,26
2026-09-14 01:09:00-04:00,29018.0,29018.0,29022.0,29018.0,29022.0,23
2026-09-14 01:10:00-04:00,29014.0,29014.0,29020.75,29014.0,29018.0,55
2026-09-14 01:11:00-04:00,29013.5,29013.5,29016.75,29010.0,29014.0,40
2026-09-14 01:12:00-04:00,29015.75,29015.75,29018.75,29012.75,29014.0,12
2026-09-14 01:13:00-04:00,29014.25,29014.25,29014.25,29008.5,29014.25,43
2026-09-14 01:14:00-04:00,29016.5,29016.5,29019.25,29015.75,29017.5,21
2026-09-14 01:15:00-04:00,29016.0,29016.0,29019.5,29015.25,29018.25,47
2026-09-14 01:16:00-04:00,29005.5,29005.5,29016.25,29005.25,29016.25,57
2026-09-14 01:17:00-04:00,29009.25,29009.25,29011.25,29005.5,29005.5,19
2026-09-14 01:18:00-04:00,29008.5,29008.5,29011.25,29008.5,29009.0,20
2026-09-14 01:19:00-04:00,29007.5,29007.5,29008.5,29006.0,29008.5,34
2026-09-14 01:20:00-04:00,29007.75,29007.75,29010.0,29006.25,29008.5,39
2026-09-14 01:21:00-04:00,29004.25,29004.25,29009.5,29002.5,29007.0,50
2026-09-14 01:22:00-04:00,29006.75,29006.75,29008.25,29005.5,29005.75,17
2026-09-14 01:23:00-04:00,29000.5,29000.5,29009.5,29000.5,29004.75,49
2026-09-14 01:24:00-04:00,29002.0,29002.0,29004.0,29000.0,29000.5,49
2026-09-14 01:25:00-04:00,29008.0,29008.0,29008.0,29000.75,29002.0,36
2026-09-14 01:26:00-04:00,29008.25,29008.25,29009.0,29006.5,29008.0,27
2026-09-14 01:27:00-04:00,29015.75,29015.75,29016.0,29009.0,29009.0,72
2026-09-14 01:28:00-04:00,29012.25,29012.25,29015.5,29012.0,29015.5,19
2026-09-14 01:29:00-04:00,29010.5,29010.5,29010.5,29008.5,29010.5,16
2026-09-14 01:30:00-04:00,29008.75,29008.75,29015.0,29005.0,29011.5,61
2026-09-14 01:31:00-04:00,29004.25,29004.25,29006.25,29002.75,29006.25,30
2026-09-14 01:32:00-04:00,29011.0,29011.0,29011.75,29004.25,29004.25,25
2026-09-14 01:33:00-04:00,29009.25,29009.25,29014.0,29006.5,29011.75,53
2026-09-14 01:34:00-04:00,29009.0,29009.0,29011.0,29006.0,29011.0,26
2026-09-14 01:35:00-04:00,29010.75,29010.75,29013.5,29007.5,29009.25,36
2026-09-14 01:36:00-04:00,29006.75,29006.75,29017.75,29002.75,29014.5,129
2026-09-14 01:37:00-04:00,29010.75,29010.75,29010.75,29006.5,29007.75,25
2026-09-14 01:38:00-04:00,29016.75,29016.75,29017.25,29008.5,29011.5,61
2026-09-14 01:39:00-04:00,29012.75,29012.75,29019.5,29012.0,29015.25,43
2026-09-14 01:40:00-04:00,29009.75,29009.75,29013.5,29005.75,29010.5,122
2026-09-14 01:41:00-04:00,29002.75,29002.75,29010.25,29000.75,29010.25,96
2026-09-14 01:42:00-04:00,28990.0,28990.0,29002.75,28988.25,29002.75,333
2026-09-14 01:43:00-04:00,28992.75,28992.75,28996.0,28986.5,28988.25,161
2026-09-14 01:44:00-04:00,28996.5,28996.5,28998.25,28991.5,28992.5,53
2026-09-14 01:45:00-04:00,28995.5,28995.5,29003.0,28994.75,28997.75,80
2026-09-14 01:46:00-04:00,28999.25,28999.25,29002.75,28995.25,28995.5,64
2026-09-14 01:47:00-04:00,28998.0,28998.0,29000.75,28997.0,29000.0,38
2026-09-14 01:48:00-04:00,28995.75,28995.75,28999.25,28993.25,28999.0,91
2026-09-14 01:49:00-04:00,28993.75,28993.75,28996.0,28991.5,28996.0,41
2026-09-14 01:50:00-04:00,28991.75,28991.75,28994.5,28989.0,28994.5,61
2026-09-14 01:51:00-04:00,28995.25,28995.25,28996.25,28991.0,28992.25,73
2026-09-14 01:52:00-04:00,28993.75,28993.75,28996.75,28993.75,28993.75,35
2026-09-14 01:53:00-04:00,29000.5,29000.5,29000.5,28994.25,28994.25,47
2026-09-14 01:54:00-04:00,29007.5,29007.5,29007.75,29000.0,29000.75,51
2026-09-14 01:55:00-04:00,29001.75,29001.75,29009.0,29000.0,29008.0,54
2026-09-14 01:56:00-04:00,28999.75,28999.75,29004.25,28999.75,29000.75,24
2026-09-14 01:57:00-04:00,29005.5,29005.5,29005.5,28998.5,29000.5,64
2026-09-14 01:58:00-04:00,29006.75,29006.75,29007.0,29003.0,29004.25,20
2026-09-14 01:59:00-04:00,29013.25,29013.25,29016.0,29006.5,29006.5,110
2026-09-14 02:00:00-04:00,29011.5,29011.5,29021.5,29009.0,29014.5,234
2026-09-14 02:01:00-04:00,29028.75,29028.75,29028.75,29009.75,29010.25,189
2026-09-14 02:02:00-04:00,29025.25,29025.25,29030.0,29019.75,29026.5,131
2026-09-14 02:03:00-04:00,29024.25,29024.25,29028.75,29024.0,29025.75,78
2026-09-14 02:04:00-04:00,29026.75,29026.75,29029.0,29024.75,29025.25,79
2026-09-14 02:05:00-04:00,29023.5,29023.5,29030.5,29022.5,29028.0,65
2026-09-14 02:06:00-04:00,29022.25,29022.25,29024.25,29020.0,29022.25,54
2026-09-14 02:07:00-04:00,29031.0,29031.0,29031.0,29019.5,29020.5,58
2026-09-14 02:08:00-04:00,29025.5,29025.5,29030.0,29025.0,29030.0,159
2026-09-14 02:09:00-04:00,29027.25,29027.25,29027.5,29023.25,29027.0,33
2026-09-14 02:10:00-04:00,29025.5,29025.5,29026.5,29022.5,29025.75,43
2026-09-14 02:11:00-04:00,29030.25,29030.25,29037.5,29027.0,29027.0,194
2026-09-14 02:12:00-04:00,29024.0,29024.0,29032.5,29024.0,29030.0,61
2026-09-14 02:13:00-04:00,29025.0,29025.0,29029.0,29023.5,29023.75,37
2026-09-14 02:14:00-04:00,29028.75,29028.75,29029.25,29025.5,29025.75,36
2026-09-14 02:15:00-04:00,29027.25,29027.25,29028.5,29025.0,29027.5,25
2026-09-14 02:16:00-04:00,29030.75,29030.75,29030.75,29026.0,29027.25,46
2026-09-14 02:17:00-04:00,29027.75,29027.75,29030.25,29027.25,29030.25,27
2026-09-14 02:18:00-04:00,29024.5,29024.5,29026.0,29022.0,29026.0,87
2026-09-14 02:19:00-04:00,29027.75,29027.75,29027.75,29022.25,29022.25,30
2026-09-14 02:20:00-04:00,29030.0,29030.0,29032.5,29025.75,29026.0,83
2026-09-14 02:21:00-04:00,29020.0,29020.0,29031.25,29017.5,29029.75,162
2026-09-14 02:22:00-04:00,29015.75,29015.75,29021.0,29014.25,29020.75,57
2026-09-14 02:23:00-04:00,29018.75,29018.75,29018.75,29013.5,29015.75,52
2026-09-14 02:24:00-04:00,29027.5,29027.5,29028.25,29019.5,29020.0,112
2026-09-14 02:25:00-04:00,29031.0,29031.0,29032.25,29027.5,29027.5,52
2026-09-14 02:26:00-04:00,29031.0,29031.0,29031.0,29028.75,29029.0,36
2026-09-14 02:27:00-04:00,29027.75,29027.75,29035.0,29027.75,29031.0,86
2026-09-14 02:28:00-04:00,29031.75,29031.75,29031.75,29026.75,29031.0,72
2026-09-14 02:29:00-04:00,29032.0,29032.0,29034.5,29031.0,29032.5,80
2026-09-14 02:30:00-04:00,29030.25,29030.25,29033.0,29028.0,29031.0,97
2026-09-14 02:31:00-04:00,29022.25,29022.25,29033.75,29020.75,29032.5,51
2026-09-14 02:32:00-04:00,29014.5,29014.5,29021.0,29009.75,29020.75,138
2026-09-14 02:33:00-04:00,29008.75,29008.75,29016.0,29007.0,29014.5,106
2026-09-14 02:34:00-04:00,29009.75,29009.75,29010.75,29005.25,29009.5,76
2026-09-14 02:35:00-04:00,29004.25,29004.25,29008.5,29002.5,29008.0,70
2026-09-14 02:36:00-04:00,29011.0,29011.0,29014.25,29005.0,29005.0,89
2026-09-14 02:37:00-04:00,29004.0,29004.0,29012.5,29003.5,29011.75,121
2026-09-14 02:38:00-04:00,29010.0,29010.0,29012.5,29005.25,29005.25,33
2026-09-14 02:39:00-04:00,29010.25,29010.25,29013.0,29010.25,29011.0,51
2026-09-14 02:40:00-04:00,29014.5,29014.5,29015.75,29006.25,29011.5,102
2026-09-14 02:41:00-04:00,29015.0,29015.0,29016.75,29009.5,29015.25,85
2026-09-14 02:42:00-04:00,29006.5,29006.5,29015.5,29003.25,29014.75,74
2026-09-14 02:43:00-04:00,29001.5,29001.5,29007.5,28997.75,29005.5,104
2026-09-14 02:44:00-04:00,29009.25,29009.25,29010.0,29000.5,29003.5,60
2026-09-14 02:45:00-04:00,29014.0,29014.0,29014.25,29009.5,29011.5,48
2026-09-14 02:46:00-04:00,29015.5,29015.5,29017.0,29010.0,29013.0,35
2026-09-14 02:47:00-04:00,29011.25,29011.25,29017.0,29011.25,29016.0,43
2026-09-14 02:48:00-04:00,29004.0,29004.0,29013.5,29003.5,29010.0,62
2026-09-14 02:49:00-04:00,28997.75,28997.75,29005.25,28997.75,29005.25,61
2026-09-14 02:50:00-04:00,28996.5,28996.5,29001.0,28993.5,28997.25,92
2026-09-14 02:51:00-04:00,28996.0,28996.0,28998.0,28995.0,28996.75,51
2026-09-14 02:52:00-04:00,29002.5,29002.5,29006.0,28995.25,28995.25,101
2026-09-14 02:53:00-04:00,29001.0,29001.0,29003.75,29000.0,29002.0,42
2026-09-14 02:54:00-04:00,29000.5,29000.5,29002.5,28996.5,29000.5,58
2026-09-14 02:55:00-04:00,28996.5,28996.5,29002.25,28995.75,29002.25,38
2026-09-14 02:56:00-04:00,28994.75,28994.75,28997.5,28994.0,28997.5,51
2026-09-14 02:57:00-04:00,28980.25,28980.25,28996.0,28975.0,28996.0,490
2026-09-14 02:58:00-04:00,28981.5,28981.5,28983.5,28979.25,28979.75,116
2026-09-14 02:59:00-04:00,28976.5,28976.5,28980.75,28973.5,28980.75,128
2026-09-14 03:00:00-04:00,28948.0,28948.0,28982.5,28937.5,28977.5,885
2026-09-14 03:01:00-04:00,28950.25,28950.25,28955.5,28946.25,28948.5,150
2026-09-14 03:02:00-04:00,28955.25,28955.25,28958.5,28942.75,28950.25,257
2026-09-14 03:03:00-04:00,28942.5,28942.5,28953.25,28939.75,28953.25,168
2026-09-14 03:04:00-04:00,28957.5,28957.5,28959.0,28941.0,28941.0,169
2026-09-14 03:05:00-04:00,28963.25,28963.25,28966.5,28955.75,28957.5,139
2026-09-14 03:06:00-04:00,28953.25,28953.25,28964.5,28950.75,28962.5,62
2026-09-14 03:07:00-04:00,28954.75,28954.75,28960.0,28952.25,28954.5,101
2026-09-14 03:08:00-04:00,28956.0,28956.0,28958.0,28951.0,28955.25,62
2026-09-14 03:09:00-04:00,28952.25,28952.25,28956.0,28947.25,28956.0,152
2026-09-14 03:10:00-04:00,28950.5,28950.5,28954.0,28943.5,28952.25,108
2026-09-14 03:11:00-04:00,28960.75,28960.75,28961.25,28948.5,28950.5,66
2026-09-14 03:12:00-04:00,28958.75,28958.75,28961.5,28953.25,28961.0,39
2026-09-14 03:13:00-04:00,28961.0,28961.0,28961.5,28955.25,28956.5,38
2026-09-14 03:14:00-04:00,28974.0,28974.0,28976.0,28962.5,28962.5,214
2026-09-14 03:15:00-04:00,28971.75,28971.75,28975.75,28969.75,28973.75,71
2026-09-14 03:16:00-04:00,28974.0,28974.0,28977.75,28968.75,28971.75,55
2026-09-14 03:17:00-04:00,28977.0,28977.0,28979.5,28973.5,28973.75,108
2026-09-14 03:18:00-04:00,28975.75,28975.75,28977.0,28965.25,28974.75,79
2026-09-14 03:19:00-04:00,28970.75,28970.75,28975.25,28968.0,28975.25,56
2026-09-14 03:20:00-04:00,28967.0,28967.0,28970.25,28958.75,28970.0,101
2026-09-14 03:21:00-04:00,28970.0,28970.0,28973.5,28966.75,28967.5,123
2026-09-14 03:22:00-04:00,28972.5,28972.5,28972.5,28970.75,28970.75,34
2026-09-14 03:23:00-04:00,28979.0,28979.0,28980.0,28970.25,28971.0,48
2026-09-14 03:24:00-04:00,28978.5,28978.5,28991.5,28976.0,28980.0,196
2026-09-14 03:25:00-04:00,28968.75,28968.75,28982.25,28968.0,28979.0,100
2026-09-14 03:26:00-04:00,28968.75,28968.75,28976.0,28968.75,28969.0,72
2026-09-14 03:27:00-04:00,28959.75,28959.75,28973.0,28955.0,28968.75,100
2026-09-14 03:28:00-04:00,28957.0,28957.0,28961.0,28957.0,28959.75,41
2026-09-14 03:29:00-04:00,28951.0,28951.0,28957.0,28948.5,28957.0,160
2026-09-14 03:30:00-04:00,28954.25,28954.25,28958.5,28946.5,28950.0,107
2026-09-14 03:31:00-04:00,28957.5,28957.5,28958.5,28951.25,28955.25,81
2026-09-14 03:32:00-04:00,28956.5,28956.5,28958.0,28950.5,28956.5,123
2026-09-14 03:33:00-04:00,28954.25,28954.25,28957.0,28950.0,28953.0,28
2026-09-14 03:34:00-04:00,28955.5,28955.5,28955.5,28953.75,28954.5,7
2026-09-14 03:35:00-04:00,28957.0,28957.0,28959.5,28956.75,28958.0,36
2026-09-14 03:36:00-04:00,28953.25,28953.25,28956.0,28952.75,28953.25,16
2026-09-14 03:37:00-04:00,28952.5,28952.5,28955.25,28952.5,28955.25,24
2026-09-14 03:38:00-04:00,28957.0,28957.0,28959.0,28953.25,28953.25,14
2026-09-14 03:39:00-04:00,28952.0,28952.0,28956.0,28949.0,28953.75,326
2026-09-14 03:40:00-04:00,28954.0,28954.0,28959.0,28951.25,28951.25,83
2026-09-14 03:41:00-04:00,28948.25,28948.25,28957.0,28946.75,28956.75,137
2026-09-14 03:42:00-04:00,28945.5,28945.5,28950.0,28940.75,28950.0,125
2026-09-14 03:43:00-04:00,28938.0,28938.0,28947.5,28935.75,28944.5,163
2026-09-14 03:44:00-04:00,28930.75,28930.75,28939.5,28925.0,28937.75,237
2026-09-14 03:45:00-04:00,28926.75,28926.75,28938.0,28924.25,28929.75,234
2026-09-14 03:46:00-04:00,28922.25,28922.25,28928.5,28919.25,28924.5,197
2026-09-14 03:47:00-04:00,28929.0,28929.0,28929.0,28914.25,28922.25,130
2026-09-14 03:48:00-04:00,28932.0,28932.0,28940.5,28929.0,28929.0,149
2026-09-14 03:49:00-04:00,28937.5,28937.5,28938.25,28930.0,28930.0,52
2026-09-14 03:50:00-04:00,28931.75,28931.75,28938.0,28929.5,28936.75,102
2026-09-14 03:51:00-04:00,28916.75,28916.75,28933.5,28916.75,28931.0,107
2026-09-14 03:52:00-04:00,28912.75,28912.75,28917.75,28905.0,28917.75,260
2026-09-14 03:53:00-04:00,28908.5,28908.5,28914.5,28905.0,28912.5,183
2026-09-14 03:54:00-04:00,28913.0,28913.0,28916.5,28908.75,28908.75,92
2026-09-14 03:55:00-04:00,28916.5,28916.5,28917.5,28911.5,28913.0,43
2026-09-14 03:56:00-04:00,28917.75,28917.75,28922.75,28913.75,28915.5,128
2026-09-14 03:57:00-04:00,28914.5,28914.5,28918.0,28913.75,28915.75,152
2026-09-14 03:58:00-04:00,28919.0,28919.0,28920.5,28909.5,28913.0,79
2026-09-14 03:59:00-04:00,28917.25,28917.25,28919.0,28911.75,28919.0,70
2026-09-14 04:00:00-04:00,28914.25,28914.25,28924.0,28911.5,28920.0,203
2026-09-14 04:01:00-04:00,28913.75,28913.75,28923.0,28911.5,28917.0,116
2026-09-14 04:02:00-04:00,28912.75,28912.75,28920.0,28906.25,28914.25,220
2026-09-14 04:03:00-04:00,28923.0,28923.0,28923.25,28908.75,28914.0,142
2026-09-14 04:04:00-04:00,28918.0,28918.0,28934.5,28917.0,28922.5,352
2026-09-14 04:05:00-04:00,28924.75,28924.75,28930.5,28911.0,28918.0,321
2026-09-14 04:06:00-04:00,28931.0,28931.0,28949.0,28920.5,28925.25,240
2026-09-14 04:07:00-04:00,28925.75,28925.75,28939.75,28923.5,28933.25,113
2026-09-14 04:08:00-04:00,28934.75,28934.75,28935.0,28923.25,28923.25,83
2026-09-14 04:09:00-04:00,28939.75,28939.75,28939.75,28929.0,28929.5,104
2026-09-14 04:10:00-04:00,28934.25,28934.25,28940.25,28932.0,28940.0,132
2026-09-14 04:11:00-04:00,28935.25,28935.25,28936.25,28928.75,28933.25,136
2026-09-14 04:12:00-04:00,28932.5,28932.5,28935.5,28924.5,28935.0,90
2026-09-14 04:13:00-04:00,28919.75,28919.75,28932.5,28919.75,28925.5,92
2026-09-14 04:14:00-04:00,28933.25,28933.25,28936.5,28919.0,28919.0,96
2026-09-14 04:15:00-04:00,28922.5,28922.5,28934.75,28922.5,28934.75,79
2026-09-14 04:16:00-04:00,28921.0,28921.0,28925.0,28919.0,28924.0,70
2026-09-14 04:17:00-04:00,28923.25,28923.25,28924.5,28915.75,28920.5,45
2026-09-14 04:18:00-04:00,28911.0,28911.0,28923.5,28905.5,28923.5,134
2026-09-14 04:19:00-04:00,28908.25,28908.25,28914.75,28902.25,28912.0,171
2026-09-14 04:20:00-04:00,28913.5,28913.5,28917.75,28908.25,28908.75,67
2026-09-14 04:21:00-04:00,28912.25,28912.25,28922.75,28912.25,28914.75,115
2026-09-14 04:22:00-04:00,28904.5,28904.5,28916.0,28901.5,28914.75,158
2026-09-14 04:23:00-04:00,28904.0,28904.0,28908.75,28904.0,28907.5,96
2026-09-14 04:24:00-04:00,28904.25,28904.25,28905.75,28901.0,28905.0,67
2026-09-14 04:25:00-04:00,28907.5,28907.5,28908.75,28902.75,28902.75,115
2026-09-14 04:26:00-04:00,28903.5,28903.5,28905.0,28900.0,28902.75,89
2026-09-14 04:27:00-04:00,28905.0,28905.0,28906.25,28901.5,28905.0,96
2026-09-14 04:28:00-04:00,28901.25,28901.25,28904.75,28900.25,28904.25,112
2026-09-14 04:29:00-04:00,28876.0,28876.0,28900.75,28874.75,28900.75,488
2026-09-14 04:30:00-04:00,28885.0,28885.0,28885.0,28872.5,28876.25,220
2026-09-14 04:31:00-04:00,28884.5,28884.5,28891.25,28883.25,28885.5,116
2026-09-14 04:32:00-04:00,28893.5,28893.5,28895.0,28884.5,28885.5,115
2026-09-14 04:33:00-04:00,28890.75,28890.75,28894.0,28885.25,28891.25,96
2026-09-14 04:34:00-04:00,28888.75,28888.75,28891.0,28883.75,28888.75,119
2026-09-14 04:35:00-04:00,28901.25,28901.25,28901.25,28888.5,28889.5,129
2026-09-14 04:36:00-04:00,28902.75,28902.75,28904.0,28898.5,28900.5,93
2026-09-14 04:37:00-04:00,28906.25,28906.25,28909.25,28900.25,28901.0,139
2026-09-14 04:38:00-04:00,28903.25,28903.25,28909.25,28903.25,28906.75,74
2026-09-14 04:39:00-04:00,28910.0,28910.0,28912.25,28903.25,28903.75,185
2026-09-14 04:40:00-04:00,28908.0,28908.0,28914.25,28900.0,28911.5,129
2026-09-14 04:41:00-04:00,28912.25,28912.25,28912.75,28907.25,28908.5,116
2026-09-14 04:42:00-04:00,28910.75,28910.75,28916.5,28908.0,28912.75,109
2026-09-14 04:43:00-04:00,28901.0,28901.0,28910.5,28899.5,28910.0,117
2026-09-14 04:44:00-04:00,28895.5,28895.5,28900.25,28892.75,28900.25,204
2026-09-14 04:45:00-04:00,28890.0,28890.0,28902.75,28882.5,28895.25,239
2026-09-14 04:46:00-04:00,28879.0,28879.0,28888.75,28878.5,28888.0,184
2026-09-14 04:47:00-04:00,28870.5,28870.5,28884.75,28866.5,28878.0,288
2026-09-14 04:48:00-04:00,28867.25,28867.25,28872.5,28866.5,28870.0,201
2026-09-14 04:49:00-04:00,28868.0,28868.0,28869.75,28856.0,28867.0,316
2026-09-14 04:50:00-04:00,28866.0,28866.0,28870.25,28862.75,28867.5,107
2026-09-14 04:51:00-04:00,28872.25,28872.25,28873.75,28866.5,28869.25,129
2026-09-14 04:52:00-04:00,28883.25,28883.25,28883.25,28869.0,28872.25,73
2026-09-14 04:53:00-04:00,28871.5,28871.5,28883.0,28870.75,28883.0,109
2026-09-14 04:54:00-04:00,28862.25,28862.25,28871.75,28858.0,28871.0,164
2026-09-14 04:55:00-04:00,28864.75,28864.75,28869.0,28860.5,28862.5,86
2026-09-14 04:56:00-04:00,28851.25,28851.25,28865.25,28850.0,28864.25,243
2026-09-14 04:57:00-04:00,28853.0,28853.0,28855.5,28850.0,28851.25,111
2026-09-14 04:58:00-04:00,28864.5,28864.5,28867.5,28854.5,28854.5,132
2026-09-14 04:59:00-04:00,28877.25,28877.25,28877.75,28864.25,28865.75,156
2026-09-14 05:00:00-04:00,28878.0,28878.0,28885.0,28872.0,28877.5,113
2026-09-14 05:01:00-04:00,28885.25,28885.25,28887.25,28872.75,28880.25,182
2026-09-14 05:02:00-04:00,28878.75,28878.75,28888.5,28876.0,28885.25,200
2026-09-14 05:03:00-04:00,28885.25,28885.25,28885.75,28879.25,28880.0,64
2026-09-14 05:04:00-04:00,28881.75,28881.75,28885.5,28878.0,28885.0,147
2026-09-14 05:05:00-04:00,28880.25,28880.25,28885.25,28879.75,28883.25,45
2026-09-14 05:06:00-04:00,28882.5,28882.5,28886.0,28880.75,28881.5,93
2026-09-14 05:07:00-04:00,28881.5,28881.5,28884.5,28881.5,28882.5,72
2026-09-14 05:08:00-04:00,28887.25,28887.25,28890.0,28880.75,28881.5,57
2026-09-14 05:09:00-04:00,28882.75,28882.75,28891.5,28879.5,28887.5,121
2026-09-14 05:10:00-04:00,28881.25,28881.25,28886.5,28876.5,28882.5,180
2026-09-14 05:11:00-04:00,28854.5,28854.5,28882.25,28854.5,28881.0,331
2026-09-14 05:12:00-04:00,28844.25,28844.25,28857.75,28843.5,28855.5,287
2026-09-14 05:13:00-04:00,28845.5,28845.5,28849.25,28836.0,28843.5,263
2026-09-14 05:14:00-04:00,28847.5,28847.5,28848.0,28843.5,28845.75,85
2026-09-14 05:15:00-04:00,28835.5,28835.5,28851.0,28833.5,28848.25,235
2026-09-14 05:16:00-04:00,28840.25,28840.25,28843.5,28835.5,28835.5,231
2026-09-14 05:17:00-04:00,28845.0,28845.0,28847.0,28837.0,28839.0,230
2026-09-14 05:18:00-04:00,28845.25,28845.25,28852.25,28843.25,28844.25,219
2026-09-14 05:19:00-04:00,28847.25,28847.25,28848.0,28844.25,28845.25,242
2026-09-14 05:20:00-04:00,28850.0,28850.0,28853.75,28846.25,28847.25,183
2026-09-14 05:21:00-04:00,28836.75,28836.75,28848.25,28834.5,28848.25,153
2026-09-14 05:22:00-04:00,28833.5,28833.5,28840.5,28826.0,28839.5,316
2026-09-14 05:23:00-04:00,28833.0,28833.0,28840.5,28831.0,28835.25,121
2026-09-14 05:24:00-04:00,28821.25,28821.25,28834.25,28816.75,28832.75,301
2026-09-14 05:25:00-04:00,28819.5,28819.5,28826.0,28816.25,28822.25,150
2026-09-14 05:26:00-04:00,28825.25,28825.25,28827.75,28819.0,28820.5,76
2026-09-14 05:27:00-04:00,28833.25,28833.25,28833.25,28823.25,28824.25,112
2026-09-14 05:28:00-04:00,28841.5,28841.5,28841.5,28832.25,28834.25,117
2026-09-14 05:29:00-04:00,28852.0,28852.0,28860.5,28841.25,28841.5,247
2026-09-14 05:30:00-04:00,28854.75,28854.75,28865.5,28849.25,28851.5,373
2026-09-14 05:31:00-04:00,28856.25,28856.25,28861.25,28851.25,28856.0,129
2026-09-14 05:32:00-04:00,28851.75,28851.75,28864.5,28846.75,28855.0,131
2026-09-14 05:33:00-04:00,28865.75,28865.75,28869.25,28853.75,28853.75,213
2026-09-14 05:34:00-04:00,28860.75,28860.75,28866.5,28857.5,28866.5,191
2026-09-14 05:35:00-04:00,28857.0,28857.0,28861.25,28854.0,28860.25,139
2026-09-14 05:36:00-04:00,28856.75,28856.75,28859.25,28851.75,28857.0,87
2026-09-14 05:37:00-04:00,28860.5,28860.5,28860.5,28852.5,28854.25,93
2026-09-14 05:38:00-04:00,28856.75,28856.75,28864.75,28855.0,28863.5,73
2026-09-14 05:39:00-04:00,28849.25,28849.25,28854.25,28844.0,28854.0,176
2026-09-14 05:40:00-04:00,28851.75,28851.75,28870.0,28848.5,28849.25,358
2026-09-14 05:41:00-04:00,28859.75,28859.75,28859.75,28850.25,28850.5,65
2026-09-14 05:42:00-04:00,28858.0,28858.0,28864.5,28855.25,28858.25,121
2026-09-14 05:43:00-04:00,28855.0,28855.0,28860.0,28854.75,28858.5,103
2026-09-14 05:44:00-04:00,28849.75,28849.75,28855.5,28846.5,28855.5,76
2026-09-14 05:45:00-04:00,28851.25,28851.25,28854.5,28846.0,28850.0,81
2026-09-14 05:46:00-04:00,28850.75,28850.75,28853.75,28846.75,28849.75,103
2026-09-14 05:47:00-04:00,28847.75,28847.75,28853.25,28847.75,28850.75,74
2026-09-14 05:48:00-04:00,28850.25,28850.25,28858.25,28850.25,28850.25,49
2026-09-14 05:49:00-04:00,28846.5,28846.5,28850.25,28845.0,28850.25,101
2026-09-14 05:50:00-04:00,28840.75,28840.75,28847.75,28839.0,28845.25,92
2026-09-14 05:51:00-04:00,28851.75,28851.75,28851.75,28839.5,28841.5,76
2026-09-14 05:52:00-04:00,28855.25,28855.25,28857.25,28846.25,28846.25,73
2026-09-14 05:53:00-04:00,28861.5,28861.5,28861.5,28857.0,28857.5,52
2026-09-14 05:54:00-04:00,28856.5,28856.5,28862.75,28854.75,28860.0,53
2026-09-14 05:55:00-04:00,28855.75,28855.75,28860.5,28853.75,28859.0,122
2026-09-14 05:56:00-04:00,28855.0,28855.0,28855.75,28847.25,28855.75,56
2026-09-14 05:57:00-04:00,28856.0,28856.0,28860.25,28853.5,28855.25,51
2026-09-14 05:58:00-04:00,28850.5,28850.5,28856.5,28850.5,28854.25,40
2026-09-14 05:59:00-04:00,28855.75,28855.75,28855.75,28849.0,28850.5,32
2026-09-14 06:00:00-04:00,28857.75,28857.75,28862.25,28856.0,28856.0,131
2026-09-14 06:01:00-04:00,28858.0,28858.0,28861.25,28855.0,28856.75,120
2026-09-14 06:02:00-04:00,28860.75,28860.75,28864.0,28855.25,28856.75,115
2026-09-14 06:03:00-04:00,28859.0,28859.0,28862.0,28857.75,28861.25,73
2026-09-14 06:04:00-04:00,28858.25,28858.25,28863.25,28858.0,28861.25,90
2026-09-14 06:05:00-04:00,28863.0,28863.0,28863.0,28857.5,28858.75,66
2026-09-14 06:06:00-04:00,28856.75,28856.75,28867.5,28856.0,28864.0,115
2026-09-14 06:07:00-04:00,28858.25,28858.25,28860.25,28856.0,28856.5,52
2026-09-14 06:08:00-04:00,28855.25,28855.25,28858.5,28855.25,28858.5,51
2026-09-14 06:09:00-04:00,28860.75,28860.75,28863.0,28855.75,28856.5,70
2026-09-14 06:10:00-04:00,28866.75,28866.75,28868.0,28860.5,28860.75,118
2026-09-14 06:11:00-04:00,28875.0,28875.0,28875.75,28864.25,28866.0,114
2026-09-14 06:12:00-04:00,28878.25,28878.25,28883.0,28873.5,28874.0,136
2026-09-14 06:13:00-04:00,28877.5,28877.5,28881.75,28877.5,28879.25,106
2026-09-14 06:14:00-04:00,28875.0,28875.0,28877.5,28872.0,28877.5,79
2026-09-14 06:15:00-04:00,28872.75,28872.75,28876.0,28871.25,28874.75,101
2026-09-14 06:16:00-04:00,28870.0,28870.0,28873.25,28861.5,28871.25,143
2026-09-14 06:17:00-04:00,28864.75,28864.75,28871.75,28862.75,28870.25,118
2026-09-14 06:18:00-04:00,28864.25,28864.25,28868.0,28863.25,28867.0,99
2026-09-14 06:19:00-04:00,28868.75,28868.75,28870.0,28862.75,28864.0,65
2026-09-14 06:20:00-04:00,28876.25,28876.25,28876.25,28867.75,28869.5,394
2026-09-14 06:21:00-04:00,28885.0,28885.0,28888.5,28874.0,28875.5,291
2026-09-14 06:22:00-04:00,28889.75,28889.75,28889.75,28885.0,28886.75,101
2026-09-14 06:23:00-04:00,28888.25,28888.25,28889.25,28885.75,28888.5,50
2026-09-14 06:24:00-04:00,28891.5,28891.5,28900.0,28888.25,28889.25,186
2026-09-14 06:25:00-04:00,28895.75,28895.75,28897.25,28891.25,28891.75,89
2026-09-14 06:26:00-04:00,28895.25,28895.25,28897.0,28894.75,28895.75,83
2026-09-14 06:27:00-04:00,28898.0,28898.0,28900.0,28895.0,28895.0,56
2026-09-14 06:28:00-04:00,28908.0,28908.0,28909.75,28897.5,28897.5,256
2026-09-14 06:29:00-04:00,28907.75,28907.75,28910.0,28906.25,28906.25,114
2026-09-14 06:30:00-04:00,28908.25,28908.25,28909.75,28906.0,28908.5,109
2026-09-14 06:31:00-04:00,28906.75,28906.75,28910.25,28904.75,28908.75,117
2026-09-14 06:32:00-04:00,28907.25,28907.25,28908.5,28902.5,28906.75,153
2026-09-14 06:33:00-04:00,28913.5,28913.5,28915.75,28907.0,28907.25,97
2026-09-14 06:34:00-04:00,28915.25,28915.25,28918.25,28912.25,28913.0,161
2026-09-14 06:35:00-04:00,28920.0,28920.0,28920.0,28915.5,28915.5,81
2026-09-14 06:36:00-04:00,28926.0,28926.0,28927.0,28919.0,28919.0,134
2026-09-14 06:37:00-04:00,28925.75,28925.75,28927.0,28921.0,28925.5,114
2026-09-14 06:38:00-04:00,28922.0,28922.0,28926.75,28918.5,28925.75,69
2026-09-14 06:39:00-04:00,28918.75,28918.75,28924.0,28917.25,28921.75,66
2026-09-14 06:40:00-04:00,28918.25,28918.25,28919.75,28916.25,28919.5,41
2026-09-14 06:41:00-04:00,28930.25,28930.25,28933.0,28916.75,28917.75,223
2026-09-14 06:42:00-04:00,28936.0,28936.0,28940.5,28930.75,28930.75,330
2026-09-14 06:43:00-04:00,28932.5,28932.5,28938.25,28932.5,28936.0,98
2026-09-14 06:44:00-04:00,28934.0,28934.0,28936.5,28932.25,28932.75,98
2026-09-14 06:45:00-04:00,28932.75,28932.75,28936.5,28930.0,28934.0,108
2026-09-14 06:46:00-04:00,28928.25,28928.25,28931.75,28925.75,28931.75,82
2026-09-14 06:47:00-04:00,28934.25,28934.25,28936.75,28926.0,28928.5,122
2026-09-14 06:48:00-04:00,28937.25,28937.25,28941.0,28933.75,28934.25,166
2026-09-14 06:49:00-04:00,28936.5,28936.5,28939.0,28933.75,28938.25,52
2026-09-14 06:50:00-04:00,28933.75,28933.75,28937.5,28932.0,28936.5,139
2026-09-14 06:51:00-04:00,28931.25,28931.25,28933.25,28927.75,28933.25,44
2026-09-14 06:52:00-04:00,28927.25,28927.25,28933.0,28925.25,28932.25,50
2026-09-14 06:53:00-04:00,28926.5,28926.5,28931.0,28925.25,28930.25,188
2026-09-14 06:54:00-04:00,28919.25,28919.25,28925.25,28916.75,28925.25,153
2026-09-14 06:55:00-04:00,28921.5,28921.5,28925.25,28918.0,28918.0,81
2026-09-14 06:56:00-04:00,28930.0,28930.0,28931.75,28920.25,28923.0,85
2026-09-14 06:57:00-04:00,28928.25,28928.25,28932.0,28922.0,28931.0,186
2026-09-14 06:58:00-04:00,28928.25,28928.25,28931.5,28927.0,28930.0,183
2026-09-14 06:59:00-04:00,28926.0,28926.0,28934.5,28925.25,28930.0,131
2026-09-14 07:00:00-04:00,28921.25,28921.25,28929.5,28913.5,28926.75,222
2026-09-14 07:01:00-04:00,28927.75,28927.75,28931.5,28922.0,28925.5,129
2026-09-14 07:02:00-04:00,28929.0,28929.0,28940.0,28928.0,28928.0,144
2026-09-14 07:03:00-04:00,28931.0,28931.0,28933.75,28923.5,28933.75,176
2026-09-14 07:04:00-04:00,28941.75,28941.75,28942.75,28929.0,28932.25,146
2026-09-14 07:05:00-04:00,28935.25,28935.25,28942.25,28935.25,28940.25,176
2026-09-14 07:06:00-04:00,28942.75,28942.75,28945.5,28934.5,28935.25,115
2026-09-14 07:07:00-04:00,28941.0,28941.0,28944.0,28935.0,28944.0,81
2026-09-14 07:08:00-04:00,28941.25,28941.25,28943.5,28935.0,28942.75,212
2026-09-14 07:09:00-04:00,28941.25,28941.25,28945.75,28939.5,28943.0,136
2026-09-14 07:10:00-04:00,28926.75,28926.75,28939.0,28925.25,28939.0,113
2026-09-14 07:11:00-04:00,28943.25,28943.25,28943.25,28927.5,28927.5,99
2026-09-14 07:12:00-04:00,28947.75,28947.75,28947.75,28941.0,28942.5,128
2026-09-14 07:13:00-04:00,28941.75,28941.75,28947.5,28940.75,28946.5,84
2026-09-14 07:14:00-04:00,28937.25,28937.25,28943.5,28937.0,28941.5,62
2026-09-14 07:15:00-04:00,28942.25,28942.25,28946.25,28935.75,28936.25,136
2026-09-14 07:16:00-04:00,28942.0,28942.0,28945.75,28939.0,28942.5,65
2026-09-14 07:17:00-04:00,28948.5,28948.5,28948.5,28942.5,28942.75,77
2026-09-14 07:18:00-04:00,28950.5,28950.5,28952.0,28944.5,28946.5,145
2026-09-14 07:19:00-04:00,28944.0,28944.0,28949.75,28944.0,28949.5,95
2026-09-14 07:20:00-04:00,28952.0,28952.0,28953.5,28944.0,28944.25,335
2026-09-14 07:21:00-04:00,28944.0,28944.0,28952.75,28940.5,28952.0,162
2026-09-14 07:22:00-04:00,28946.25,28946.25,28950.0,28944.0,28944.0,47
2026-09-14 07:23:00-04:00,28950.25,28950.25,28953.0,28944.75,28945.75,118
2026-09-14 07:24:00-04:00,28955.5,28955.5,28957.0,28950.0,28951.25,347
2026-09-14 07:25:00-04:00,28957.25,28957.25,28958.75,28953.0,28955.5,140
2026-09-14 07:26:00-04:00,28965.75,28965.75,28969.5,28957.25,28958.0,317
2026-09-14 07:27:00-04:00,28966.75,28966.75,28970.25,28960.5,28966.0,234
2026-09-14 07:28:00-04:00,28973.0,28973.0,28974.75,28965.75,28967.75,160
2026-09-14 07:29:00-04:00,28972.0,28972.0,28977.5,28969.5,28973.0,174
2026-09-14 07:30:00-04:00,28968.25,28968.25,28972.75,28965.0,28972.75,790
2026-09-14 07:31:00-04:00,28966.25,28966.25,28971.5,28964.25,28968.25,103
2026-09-14 07:32:00-04:00,28963.25,28963.25,28968.25,28962.75,28964.75,89
2026-09-14 07:33:00-04:00,28959.75,28959.75,28964.5,28956.0,28963.25,175
2026-09-14 07:34:00-04:00,28955.75,28955.75,28959.5,28951.25,28959.5,111
2026-09-14 07:35:00-04:00,28947.75,28947.75,28955.25,28946.5,28955.0,141
2026-09-14 07:36:00-04:00,28943.75,28943.75,28947.25,28939.5,28947.0,139
2026-09-14 07:37:00-04:00,28940.75,28940.75,28942.0,28931.0,28940.75,360
2026-09-14 07:38:00-04:00,28953.0,28953.0,28953.0,28940.0,28943.5,169
2026-09-14 07:39:00-04:00,28949.25,28949.25,28951.75,28943.0,28949.25,86
2026-09-14 07:40:00-04:00,28947.0,28947.0,28951.0,28942.5,28948.25,267
2026-09-14 07:41:00-04:00,28940.75,28940.75,28950.5,28939.0,28947.5,101
2026-09-14 07:42:00-04:00,28948.0,28948.0,28949.0,28940.25,28940.25,118
2026-09-14 07:43:00-04:00,28956.0,28956.0,28958.0,28946.0,28946.75,321
2026-09-14 07:44:00-04:00,28948.0,28948.0,28957.25,28945.0,28955.5,212
2026-09-14 07:45:00-04:00,28955.0,28955.0,28955.0,28943.0,28948.75,216
2026-09-14 07:46:00-04:00,28953.25,28953.25,28955.75,28950.75,28954.25,76
2026-09-14 07:47:00-04:00,28954.5,28954.5,28959.5,28948.25,28951.75,102
2026-09-14 07:48:00-04:00,28952.25,28952.25,28955.0,28946.25,28955.0,108
2026-09-14 07:49:00-04:00,28957.0,28957.0,28960.75,28951.5,28952.25,272
2026-09-14 07:50:00-04:00,28937.5,28937.5,28957.0,28937.0,28957.0,163
2026-09-14 07:51:00-04:00,28941.5,28941.5,28942.75,28934.25,28938.75,266
2026-09-14 07:52:00-04:00,28926.5,28926.5,28940.5,28921.0,28940.5,308
2026-09-14 07:53:00-04:00,28924.5,28924.5,28932.25,28924.5,28926.75,122
2026-09-14 07:54:00-04:00,28929.5,28929.5,28932.0,28925.0,28926.5,130
2026-09-14 07:55:00-04:00,28934.0,28934.0,28939.5,28930.75,28931.0,150
2026-09-14 07:56:00-04:00,28929.0,28929.0,28935.5,28926.5,28935.0,123
2026-09-14 07:57:00-04:00,28933.25,28933.25,28935.0,28929.0,28929.0,123
2026-09-14 07:58:00-04:00,28929.5,28929.5,28930.5,28925.0,28930.5,70
2026-09-14 07:59:00-04:00,28928.75,28928.75,28932.0,28927.25,28929.25,64
2026-09-14 08:00:00-04:00,28912.75,28912.75,28928.5,28911.75,28928.5,438
2026-09-14 08:01:00-04:00,28909.25,28909.25,28918.0,28908.75,28913.0,357
2026-09-14 08:02:00-04:00,28906.75,28906.75,28913.0,28905.5,28909.5,418
2026-09-14 08:03:00-04:00,28904.5,28904.5,28910.0,28903.5,28906.25,188
2026-09-14 08:04:00-04:00,28900.0,28900.0,28904.25,28893.5,28903.25,365
2026-09-14 08:05:00-04:00,28896.0,28896.0,28900.0,28892.25,28900.0,295
2026-09-14 08:06:00-04:00,28895.25,28895.25,28901.25,28891.25,28897.25,576
2026-09-14 08:07:00-04:00,28908.25,28908.25,28909.5,28895.5,28897.5,252
2026-09-14 08:08:00-04:00,28900.5,28900.5,28912.25,28899.5,28907.75,115
2026-09-14 08:09:00-04:00,28907.25,28907.25,28910.5,28902.5,28902.5,84
2026-09-14 08:10:00-04:00,28917.5,28917.5,28921.0,28907.0,28907.0,193
2026-09-14 08:11:00-04:00,28918.75,28918.75,28923.25,28918.5,28919.0,128
2026-09-14 08:12:00-04:00,28914.0,28914.0,28922.25,28913.5,28919.25,467
2026-09-14 08:13:00-04:00,28901.75,28901.75,28918.25,28900.75,28914.5,337
2026-09-14 08:14:00-04:00,28912.0,28912.0,28916.0,28901.25,28901.75,241
2026-09-14 08:15:00-04:00,28924.25,28924.25,28925.75,28910.0,28911.75,189
2026-09-14 08:16:00-04:00,28929.5,28929.5,28944.25,28915.0,28923.5,533
2026-09-14 08:17:00-04:00,28944.0,28944.0,28945.5,28929.0,28930.75,277
2026-09-14 08:18:00-04:00,28926.0,28926.0,28944.75,28923.5,28943.5,359
2026-09-14 08:19:00-04:00,28922.75,28922.75,28935.75,28920.0,28926.0,231
2026-09-14 08:20:00-04:00,28921.25,28921.25,28931.0,28919.0,28925.75,126
2026-09-14 08:21:00-04:00,28920.75,28920.75,28924.25,28917.0,28921.75,137
2026-09-14 08:22:00-04:00,28916.75,28916.75,28923.25,28916.5,28922.5,100
2026-09-14 08:23:00-04:00,28925.5,28925.5,28925.5,28914.25,28919.0,180
2026-09-14 08:24:00-04:00,28920.75,28920.75,28924.25,28916.0,28924.25,52
2026-09-14 08:25:00-04:00,28913.25,28913.25,28922.0,28911.5,28920.75,151
2026-09-14 08:26:00-04:00,28910.25,28910.25,28914.5,28906.75,28914.25,206
2026-09-14 08:27:00-04:00,28909.0,28909.0,28912.25,28908.0,28910.25,124
2026-09-14 08:28:00-04:00,28910.25,28910.25,28912.5,28907.25,28909.0,381
2026-09-14 08:29:00-04:00,28918.0,28918.0,28920.0,28910.25,28910.75,489
2026-09-14 08:30:00-04:00,28913.0,28913.0,28921.75,28908.25,28917.75,1297
2026-09-14 08:31:00-04:00,28929.5,28929.5,28931.0,28913.0,28913.75,553
2026-09-14 08:32:00-04:00,28915.25,28915.25,28930.5,28912.0,28930.5,1070
2026-09-14 08:33:00-04:00,28909.5,28909.5,28919.25,28907.0,28916.5,262
2026-09-14 08:34:00-04:00,28909.5,28909.5,28910.75,28902.75,28909.75,476
2026-09-14 08:35:00-04:00,28869.75,28869.75,28908.5,28865.25,28907.75,1294
2026-09-14 08:36:00-04:00,28871.5,28871.5,28882.5,28858.5,28871.25,719
2026-09-14 08:37:00-04:00,28860.25,28860.25,28873.0,28858.75,28870.75,284
2026-09-14 08:38:00-04:00,28855.25,28855.25,28870.75,28851.0,28860.25,625
2026-09-14 08:39:00-04:00,28871.75,28871.75,28877.0,28856.75,28857.0,533
2026-09-14 08:40:00-04:00,28883.25,28883.25,28885.5,28862.0,28871.25,697
2026-09-14 08:41:00-04:00,28874.0,28874.0,28883.0,28845.0,28883.0,737
2026-09-14 08:42:00-04:00,28876.75,28876.75,28882.25,28870.5,28873.0,825
2026-09-14 08:43:00-04:00,28893.75,28893.75,28897.0,28878.0,28878.0,600
2026-09-14 08:44:00-04:00,28900.75,28900.75,28903.0,28895.0,28896.0,306
2026-09-14 08:45:00-04:00,28894.0,28894.0,28905.0,28894.0,28900.25,297
2026-09-14 08:46:00-04:00,28879.5,28879.5,28894.25,28874.25,28894.25,384
2026-09-14 08:47:00-04:00,28890.25,28890.25,28891.75,28878.75,28880.0,709
2026-09-14 08:48:00-04:00,28881.5,28881.5,28889.75,28878.75,28889.25,219
2026-09-14 08:49:00-04:00,28887.5,28887.5,28888.25,28878.75,28881.5,250
2026-09-14 08:50:00-04:00,28887.25,28887.25,28889.5,28881.5,28886.25,486
2026-09-14 08:51:00-04:00,28883.25,28883.25,28891.75,28882.0,28887.25,579
2026-09-14 08:52:00-04:00,28879.0,28879.0,28884.25,28876.0,28883.5,559
2026-09-14 08:53:00-04:00,28874.75,28874.75,28881.25,28873.25,28880.25,505
2026-09-14 08:54:00-04:00,28861.75,28861.75,28876.75,28861.0,28875.5,614
2026-09-14 08:55:00-04:00,28862.25,28862.25,28867.25,28861.0,28862.75,342
2026-09-14 08:56:00-04:00,28861.5,28861.5,28864.5,28857.25,28861.0,263
2026-09-14 08:57:00-04:00,28868.5,28868.5,28873.75,28860.25,28861.0,242
2026-09-14 08:58:00-04:00,28876.25,28876.25,28879.0,28865.25,28869.25,643
2026-09-14 08:59:00-04:00,28879.25,28879.25,28884.0,28875.25,28876.5,829
2026-09-14 09:00:00-04:00,28863.5,28863.5,28881.25,28861.5,28880.0,1246
2026-09-14 09:01:00-04:00,28855.0,28855.0,28865.0,28850.25,28865.0,675
2026-09-14 09:02:00-04:00,28854.0,28854.0,28865.0,28853.0,28855.0,412
2026-09-14 09:03:00-04:00,28841.0,28841.0,28855.25,28836.0,28855.25,770
2026-09-14 09:04:00-04:00,28842.25,28842.25,28843.75,28836.5,28841.25,533
2026-09-14 09:05:00-04:00,28845.0,28845.0,28849.0,28839.25,28842.25,410
2026-09-14 09:06:00-04:00,28838.0,28838.0,28845.75,28833.75,28844.75,748
2026-09-14 09:07:00-04:00,28833.0,28833.0,28838.5,28829.0,28838.5,657
2026-09-14 09:08:00-04:00,28834.75,28834.75,28836.5,28829.5,28833.0,324
2026-09-14 09:09:00-04:00,28837.25,28837.25,28839.0,28833.5,28835.75,909
2026-09-14 09:10:00-04:00,28847.25,28847.25,28848.5,28835.0,28839.0,468
2026-09-14 09:11:00-04:00,28863.5,28863.5,28867.75,28848.5,28848.5,667
2026-09-14 09:12:00-04:00,28855.75,28855.75,28863.75,28855.75,28863.25,410
2026-09-14 09:13:00-04:00,28866.5,28866.5,28867.5,28856.0,28856.0,376
2026-09-14 09:14:00-04:00,28876.5,28876.5,28879.25,28867.25,28867.25,612
2026-09-14 09:15:00-04:00,28883.0,28883.0,28884.75,28877.5,28878.0,306
2026-09-14 09:16:00-04:00,28890.25,28890.25,28897.0,28879.75,28882.75,497
2026-09-14 09:17:00-04:00,28902.75,28902.75,28903.5,28890.0,28890.5,345
2026-09-14 09:18:00-04:00,28903.25,28903.25,28904.75,28898.0,28902.75,277
2026-09-14 09:19:00-04:00,28900.25,28900.25,28904.5,28894.0,28903.25,336
2026-09-14 09:20:00-04:00,28901.25,28901.25,28902.25,28896.5,28900.25,292
2026-09-14 09:21:00-04:00,28908.25,28908.25,28912.25,28896.5,28900.0,323
2026-09-14 09:22:00-04:00,28910.75,28910.75,28913.0,28905.75,28907.75,234
2026-09-14 09:23:00-04:00,28911.0,28911.0,28913.0,28907.5,28911.0,231
2026-09-14 09:24:00-04:00,28905.25,28905.25,28911.75,28904.0,28911.0,303
2026-09-14 09:25:00-04:00,28899.5,28899.5,28905.5,28895.75,28905.0,544
2026-09-14 09:26:00-04:00,28909.75,28909.75,28912.25,28899.25,28899.75,409
2026-09-14 09:27:00-04:00,28907.25,28907.25,28912.25,28898.5,28909.5,628
2026-09-14 09:28:00-04:00,28910.5,28910.5,28911.75,28896.5,28905.25,625
2026-09-14 09:29:00-04:00,28905.25,28905.25,28924.25,28903.5,28912.0,1373
2026-09-14 09:30:00-04:00,28885.25,28885.25,28921.75,28883.25,28906.5,3282
2026-09-14 09:31:00-04:00,28897.25,28897.25,28918.25,28880.5,28884.75,2366
2026-09-14 09:32:00-04:00,28916.25,28916.25,28927.5,28893.5,28897.0,2615
2026-09-14 09:33:00-04:00,28903.5,28903.5,28932.75,28902.25,28915.75,2120
2026-09-14 09:34:00-04:00,28905.0,28905.0,28919.75,28895.0,28903.5,2135
2026-09-14 09:35:00-04:00,28897.25,28897.25,28919.25,28890.75,28904.75,3365
2026-09-14 09:36:00-04:00,28887.75,28887.75,28903.0,28882.75,28897.25,2836
2026-09-14 09:37:00-04:00,28889.0,28889.0,28898.25,28878.75,28885.75,2872
2026-09-14 09:38:00-04:00,28892.75,28892.75,28905.75,28884.25,28889.25,1547
2026-09-14 09:39:00-04:00,28889.0,28889.0,28895.75,28884.0,28893.0,1286
2026-09-14 09:40:00-04:00,28898.5,28898.5,28915.5,28883.75,28888.25,1912
2026-09-14 09:41:00-04:00,28910.25,28910.25,28913.5,28890.5,28899.25,1546
2026-09-14 09:42:00-04:00,28923.75,28923.75,28932.0,28908.0,28910.75,1789
2026-09-14 09:43:00-04:00,28941.25,28941.25,28944.75,28919.5,28924.5,2810
2026-09-14 09:44:00-04:00,28951.5,28951.5,28953.5,28940.25,28940.75,2114
2026-09-14 09:45:00-04:00,28967.25,28967.25,28972.25,28951.0,28952.0,2434
2026-09-14 09:46:00-04:00,28982.25,28982.25,28989.25,28967.5,28967.75,1947
2026-09-14 09:47:00-04:00,29002.5,29002.5,29003.0,28981.25,28982.5,1949
2026-09-14 09:48:00-04:00,29020.75,29020.75,29022.75,29000.0,29002.75,2732
2026-09-14 09:49:00-04:00,29032.0,29032.0,29045.75,29020.5,29021.0,2605
2026-09-14 09:50:00-04:00,29030.25,29030.25,29040.75,29024.75,29032.75,1571
2026-09-14 09:51:00-04:00,29006.0,29006.0,29030.5,29001.5,29029.75,2250
2026-09-14 09:52:00-04:00,29010.75,29010.75,29026.0,28997.75,29005.75,1727
2026-09-14 09:53:00-04:00,29018.25,29018.25,29020.25,28997.75,29011.5,1221
2026-09-14 09:54:00-04:00,29005.75,29005.75,29021.25,29005.5,29018.25,819
2026-09-14 09:55:00-04:00,29001.75,29001.75,29018.0,28996.5,29005.75,1401
2026-09-14 09:56:00-04:00,29004.75,29004.75,29006.0,28991.25,29002.5,1409
2026-09-14 09:57:00-04:00,29000.0,29000.0,29006.5,28990.25,29004.25,882
2026-09-14 09:58:00-04:00,29007.0,29007.0,29018.0,28990.5,29000.0,1875
2026-09-14 09:59:00-04:00,29003.25,29003.25,29011.5,28999.5,29007.75,1077
2026-09-14 10:00:00-04:00,29016.75,29016.75,29019.5,29001.0,29003.5,1063
2026-09-14 10:01:00-04:00,29037.5,29037.5,29038.75,29012.75,29016.75,2051
2026-09-14 10:02:00-04:00,29007.0,29007.0,29038.25,29007.0,29037.25,1770
2026-09-14 10:03:00-04:00,29013.5,29013.5,29021.5,29004.75,29008.0,1571
2026-09-14 10:04:00-04:00,29024.5,29024.5,29025.5,29012.0,29012.75,1076
2026-09-14 10:05:00-04:00,29028.5,29028.5,29032.75,29018.5,29023.75,750
2026-09-14 10:06:00-04:00,29057.0,29057.0,29063.75,29027.75,29027.75,1958
2026-09-14 10:07:00-04:00,29064.75,29064.75,29068.5,29053.75,29056.0,1418
2026-09-14 10:08:00-04:00,29069.75,29069.75,29075.5,29063.25,29064.0,1097
2026-09-14 10:09:00-04:00,29065.25,29065.25,29071.25,29062.5,29069.5,895
2026-09-14 10:10:00-04:00,29072.5,29072.5,29089.0,29064.75,29065.25,2383
2026-09-14 10:11:00-04:00,29075.75,29075.75,29087.5,29071.25,29072.5,1457
2026-09-14 10:12:00-04:00,29075.5,29075.5,29083.75,29072.5,29076.0,1232
2026-09-14 10:13:00-04:00,29073.75,29073.75,29078.0,29067.0,29075.25,956
2026-09-14 10:14:00-04:00,29073.25,29073.25,29081.0,29071.75,29073.5,969
2026-09-14 10:15:00-04:00,29069.25,29069.25,29081.0,29069.25,29073.75,1056
2026-09-14 10:16:00-04:00,29055.0,29055.0,29071.0,29049.0,29070.0,1337
2026-09-14 10:17:00-04:00,29043.5,29043.5,29059.0,29041.0,29055.25,857
2026-09-14 10:18:00-04:00,29035.25,29035.25,29049.25,29033.75,29042.75,1092
2026-09-14 10:19:00-04:00,29044.25,29044.25,29046.0,29030.5,29035.25,950
2026-09-14 10:20:00-04:00,29036.25,29036.25,29047.25,29030.5,29043.5,1164
2026-09-14 10:21:00-04:00,29019.75,29019.75,29036.0,29015.0,29036.0,1326
2026-09-14 10:22:00-04:00,29017.0,29017.0,29022.5,29008.75,29020.0,1503
2026-09-14 10:23:00-04:00,29021.75,29021.75,29022.5,29012.5,29018.25,981
2026-09-14 10:24:00-04:00,29005.75,29005.75,29023.75,29005.75,29021.75,1094
2026-09-14 10:25:00-04:00,28994.0,28994.0,29009.75,28992.25,29005.5,1459
2026-09-14 10:26:00-04:00,28986.75,28986.75,28997.75,28976.0,28994.75,1955
2026-09-14 10:27:00-04:00,28997.0,28997.0,28998.0,28983.75,28985.75,1414
2026-09-14 10:28:00-04:00,29003.25,29003.25,29012.0,28992.75,28997.25,2196
2026-09-14 10:29:00-04:00,29007.0,29007.0,29007.75,28989.75,29003.25,1442
2026-09-14 10:30:00-04:00,28997.0,28997.0,29015.5,28995.0,29006.25,1531
2026-09-14 10:31:00-04:00,29004.0,29004.0,29009.25,28988.75,28996.5,1212
2026-09-14 10:32:00-04:00,29005.5,29005.5,29006.0,28994.75,29003.5,680
2026-09-14 10:33:00-04:00,29001.5,29001.5,29005.25,28995.25,29005.0,743
2026-09-14 10:34:00-04:00,29018.25,29018.25,29020.25,29001.5,29001.5,1003
2026-09-14 10:35:00-04:00,28985.0,28985.0,29017.75,28983.5,29017.0,1304
2026-09-14 10:36:00-04:00,28969.75,28969.75,28992.0,28967.75,28985.75,2377
2026-09-14 10:37:00-04:00,28974.25,28974.25,28976.25,28965.5,28970.0,1049
2026-09-14 10:38:00-04:00,28965.25,28965.25,28977.5,28959.5,28974.25,2094
2026-09-14 10:39:00-04:00,28970.5,28970.5,28972.75,28959.5,28966.0,1751
2026-09-14 10:40:00-04:00,28966.25,28966.25,28974.0,28963.0,28969.75,1032
2026-09-14 10:41:00-04:00,28963.5,28963.5,28969.0,28955.75,28966.25,1090
2026-09-14 10:42:00-04:00,28977.0,28977.0,28983.5,28962.0,28962.75,1727
2026-09-14 10:43:00-04:00,28964.75,28964.75,28977.5,28960.5,28977.25,1345
2026-09-14 10:44:00-04:00,28991.5,28991.5,28992.0,28961.25,28964.0,1440
2026-09-14 10:45:00-04:00,29013.75,29013.75,29014.5,28987.75,28991.25,1819
2026-09-14 10:46:00-04:00,29008.5,29008.5,29020.5,29006.5,29013.0,1271
2026-09-14 10:47:00-04:00,29002.25,29002.25,29009.25,28990.0,29009.25,1397
2026-09-14 10:48:00-04:00,29006.5,29006.5,29014.5,29001.0,29002.5,966
2026-09-14 10:49:00-04:00,29007.25,29007.25,29008.25,28998.0,29006.25,765
2026-09-14 10:50:00-04:00,28986.75,28986.75,29007.75,28977.25,29007.0,1527
2026-09-14 10:51:00-04:00,28998.5,28998.5,29006.75,28985.25,28987.25,963
2026-09-14 10:52:00-04:00,28980.75,28980.75,29000.0,28976.75,28999.0,1044
2026-09-14 10:53:00-04:00,28976.25,28976.25,28985.5,28975.25,28981.75,940
2026-09-14 10:54:00-04:00,28981.75,28981.75,28984.0,28973.25,28975.5,606
2026-09-14 10:55:00-04:00,28979.75,28979.75,28982.5,28970.0,28981.75,940
2026-09-14 10:56:00-04:00,28982.25,28982.25,28983.0,28970.5,28979.0,719
2026-09-14 10:57:00-04:00,28995.25,28995.25,28997.25,28976.0,28980.75,952
2026-09-14 10:58:00-04:00,29005.75,29005.75,29005.75,28988.5,28994.75,912
2026-09-14 10:59:00-04:00,29012.0,29012.0,29012.25,28998.75,29006.0,1100
2026-09-14 11:00:00-04:00,29015.0,29015.0,29017.75,29004.75,29011.25,1002
2026-09-14 11:01:00-04:00,29009.0,29009.0,29015.25,28998.0,29015.0,1146
2026-09-14 11:02:00-04:00,29000.75,29000.75,29016.0,29000.0,29010.25,733
2026-09-14 11:03:00-04:00,29004.0,29004.0,29008.5,28994.75,29000.5,959
2026-09-14 11:04:00-04:00,28988.75,28988.75,29004.25,28986.75,29004.25,934
2026-09-14 11:05:00-04:00,29035.0,29035.0,29058.0,28986.25,28987.75,2462
2026-09-14 11:06:00-04:00,29054.5,29054.5,29080.5,29030.75,29030.75,2146
2026-09-14 11:07:00-04:00,29040.5,29040.5,29055.25,29032.0,29054.5,1178
2026-09-14 11:08:00-04:00,29040.0,29040.0,29041.25,29024.0,29039.5,1636
2026-09-14 11:09:00-04:00,29038.75,29038.75,29051.0,29032.0,29039.75,911
2026-09-14 11:10:00-04:00,29043.5,29043.5,29046.0,29033.75,29039.75,749
2026-09-14 11:11:00-04:00,29028.75,29028.75,29046.25,29027.0,29043.75,735
2026-09-14 11:12:00-04:00,29030.25,29030.25,29033.25,29023.0,29028.25,698
2026-09-14 11:13:00-04:00,29036.0,29036.0,29039.5,29028.5,29029.25,387
2026-09-14 11:14:00-04:00,29023.25,29023.25,29042.0,29022.0,29036.5,649
2026-09-14 11:15:00-04:00,29034.5,29034.5,29037.25,29018.0,29022.25,911
2026-09-14 11:16:00-04:00,29044.25,29044.25,29045.0,29027.5,29035.0,680
2026-09-14 11:17:00-04:00,29051.5,29051.5,29059.25,29045.25,29046.0,916
2026-09-14 11:18:00-04:00,29053.5,29053.5,29056.75,29049.5,29052.0,635
2026-09-14 11:19:00-04:00,29057.5,29057.5,29063.0,29053.25,29053.5,545
2026-09-14 11:20:00-04:00,29054.75,29054.75,29064.0,29052.5,29057.5,583
2026-09-14 11:21:00-04:00,29055.25,29055.25,29062.0,29050.25,29055.5,712
2026-09-14 11:22:00-04:00,29046.75,29046.75,29061.75,29045.75,29055.5,734
2026-09-14 11:23:00-04:00,29060.5,29060.5,29061.5,29046.0,29047.0,668
2026-09-14 11:24:00-04:00,29071.75,29071.75,29075.5,29060.0,29061.25,900
2026-09-14 11:25:00-04:00,29067.5,29067.5,29075.5,29063.0,29071.25,769
2026-09-14 11:26:00-04:00,29079.0,29079.0,29079.0,29062.5,29067.75,736
2026-09-14 11:27:00-04:00,29076.25,29076.25,29090.0,29075.5,29079.25,1191
2026-09-14 11:28:00-04:00,29082.0,29082.0,29085.75,29075.25,29076.75,1210
2026-09-14 11:29:00-04:00,29078.0,29078.0,29084.75,29076.5,29082.75,883
2026-09-14 11:30:00-04:00,29083.25,29083.25,29089.25,29076.0,29077.0,632
2026-09-14 11:31:00-04:00,29371.75,29371.75,29376.25,29366.5,29375.25,8762
2026-09-14 11:32:00-04:00,29417.75,29417.75,29426.75,29368.0,29372.25,4333
2026-09-14 11:33:00-04:00,29440.0,29440.0,29447.75,29401.0,29417.5,3078
2026-09-14 11:34:00-04:00,29454.5,29454.5,29460.5,29437.5,29439.5,2191
2026-09-14 11:35:00-04:00,29445.5,29445.5,29460.5,29443.5,29455.75,1805
2026-09-14 11:36:00-04:00,29444.0,29444.0,29453.0,29438.0,29446.0,1264
2026-09-14 11:37:00-04:00,29475.5,29475.5,29476.0,29444.0,29444.0,1771
2026-09-14 11:38:00-04:00,29472.25,29472.25,29475.5,29464.5,29475.25,1737
2026-09-14 11:39:00-04:00,29471.0,29471.0,29474.0,29465.25,29473.75,1092
2026-09-14 11:40:00-04:00,29473.5,29473.5,29488.75,29463.0,29471.75,2203
2026-09-14 11:41:00-04:00,29487.0,29487.0,29494.0,29463.5,29473.25,1823
2026-09-14 11:42:00-04:00,29475.0,29475.0,29493.25,29472.25,29487.0,1419
2026-09-14 11:43:00-04:00,29493.75,29493.75,29494.75,29475.0,29475.25,1487
2026-09-14 11:44:00-04:00,29497.25,29497.25,29505.25,29492.75,29493.0,1413
2026-09-14 11:45:00-04:00,29490.0,29490.0,29499.75,29489.5,29498.0,1129
2026-09-14 11:46:00-04:00,29482.25,29482.25,29491.25,29477.25,29489.75,1387
2026-09-14 11:47:00-04:00,29476.0,29476.0,29483.75,29470.5,29482.0,1116
2026-09-14 11:48:00-04:00,29481.75,29481.75,29484.5,29469.0,29476.5,1071
2026-09-14 11:49:00-04:00,29470.0,29470.0,29482.5,29469.5,29481.25,1514
2026-09-14 11:50:00-04:00,29468.75,29468.75,29476.25,29461.0,29470.25,1256
2026-09-14 11:51:00-04:00,29472.5,29472.5,29474.5,29464.25,29468.5,804
2026-09-14 11:52:00-04:00,29474.25,29474.25,29484.25,29472.25,29472.75,698
2026-09-14 11:53:00-04:00,29480.5,29480.5,29483.5,29470.0,29474.25,635
2026-09-14 11:54:00-04:00,29480.5,29480.5,29482.75,29472.0,29480.75,846
2026-09-14 11:55:00-04:00,29476.0,29476.0,29481.0,29473.5,29479.75,568
2026-09-14 11:56:00-04:00,29474.75,29474.75,29476.25,29470.25,29476.25,514
2026-09-14 11:57:00-04:00,29476.75,29476.75,29480.5,29472.25,29474.75,870
2026-09-14 11:58:00-04:00,29475.0,29475.0,29485.0,29473.25,29477.0,733
2026-09-14 11:59:00-04:00,29471.75,29471.75,29475.25,29467.5,29475.25,377
2026-09-14 12:00:00-04:00,29458.5,29458.5,29476.0,29458.0,29472.0,1192
2026-09-14 12:01:00-04:00,29455.5,29455.5,29463.5,29453.5,29459.0,902
2026-09-14 12:02:00-04:00,29451.75,29451.75,29458.5,29448.0,29455.0,603
2026-09-14 12:03:00-04:00,29453.5,29453.5,29456.5,29446.5,29450.0,765
2026-09-14 12:04:00-04:00,29439.25,29439.25,29455.5,29439.25,29453.75,746
2026-09-14 12:05:00-04:00,29440.0,29440.0,29442.25,29433.5,29439.0,889
2026-09-14 12:06:00-04:00,29439.0,29439.0,29452.0,29438.75,29440.75,892
2026-09-14 12:07:00-04:00,29437.5,29437.5,29447.0,29434.75,29439.25,820
2026-09-14 12:08:00-04:00,29436.5,29436.5,29441.25,29428.5,29437.75,1069
2026-09-14 12:09:00-04:00,29436.75,29436.75,29440.75,29433.25,29437.25,577
2026-09-14 12:10:00-04:00,29446.25,29446.25,29452.0,29435.0,29437.25,800
2026-09-14 12:11:00-04:00,29455.75,29455.75,29457.5,29443.5,29445.0,575
2026-09-14 12:12:00-04:00,29458.0,29458.0,29462.25,29452.0,29455.25,655
2026-09-14 12:13:00-04:00,29453.25,29453.25,29458.75,29451.25,29457.25,549
2026-09-14 12:14:00-04:00,29457.5,29457.5,29459.0,29451.0,29454.5,446
2026-09-14 12:15:00-04:00,29497.25,29497.25,29502.5,29457.25,29457.25,1245
2026-09-14 12:16:00-04:00,29503.75,29503.75,29508.5,29495.25,29496.25,988
2026-09-14 12:17:00-04:00,29515.25,29515.25,29517.0,29499.75,29503.5,752
2026-09-14 12:18:00-04:00,29515.5,29515.5,29523.0,29510.75,29516.0,1282
2026-09-14 12:19:00-04:00,29514.5,29514.5,29519.25,29512.0,29515.0,633
2026-09-14 12:20:00-04:00,29507.75,29507.75,29516.0,29502.75,29514.25,687
2026-09-14 12:21:00-04:00,29502.0,29502.0,29509.0,29498.5,29508.25,787
2026-09-14 12:22:00-04:00,29502.75,29502.75,29508.75,29498.0,29501.75,398
2026-09-14 12:23:00-04:00,29519.75,29519.75,29520.0,29500.5,29501.75,644
2026-09-14 12:24:00-04:00,29517.0,29517.0,29527.25,29516.0,29519.5,1062
2026-09-14 12:25:00-04:00,29501.5,29501.5,29519.0,29499.0,29517.0,944
2026-09-14 12:26:00-04:00,29491.0,29491.0,29501.25,29489.0,29500.75,647
2026-09-14 12:27:00-04:00,29497.25,29497.25,29497.25,29487.75,29490.75,704
2026-09-14 12:28:00-04:00,29486.75,29486.75,29497.5,29485.75,29497.5,801
2026-09-14 12:29:00-04:00,29491.25,29491.25,29495.25,29486.0,29487.0,634
2026-09-14 12:30:00-04:00,29485.75,29485.75,29492.5,29485.5,29490.5,605
2026-09-14 12:31:00-04:00,29489.75,29489.75,29505.5,29485.5,29486.25,1071
2026-09-14 12:32:00-04:00,29493.0,29493.0,29501.5,29484.5,29490.25,743
2026-09-14 12:33:00-04:00,29495.5,29495.5,29500.25,29490.75,29493.0,713
2026-09-14 12:34:00-04:00,29489.5,29489.5,29500.75,29488.75,29495.5,404
2026-09-14 12:35:00-04:00,29486.75,29486.75,29490.75,29481.0,29489.75,452
2026-09-14 12:36:00-04:00,29489.75,29489.75,29492.0,29486.25,29486.5,460
2026-09-14 12:37:00-04:00,29494.25,29494.25,29502.25,29487.0,29489.75,523
2026-09-14 12:38:00-04:00,29497.5,29497.5,29502.0,29491.0,29494.0,660
2026-09-14 12:39:00-04:00,29499.25,29499.25,29501.25,29493.75,29497.0,302
2026-09-14 12:40:00-04:00,29501.25,29501.25,29501.25,29493.5,29499.25,378
2026-09-14 12:41:00-04:00,29503.25,29503.25,29504.0,29494.5,29500.25,567
2026-09-14 12:42:00-04:00,29506.0,29506.0,29506.5,29499.0,29503.25,470
2026-09-14 12:43:00-04:00,29509.5,29509.5,29515.0,29502.0,29505.75,650
2026-09-14 12:44:00-04:00,29518.5,29518.5,29519.0,29506.0,29509.25,566
2026-09-14 12:45:00-04:00,29509.75,29509.75,29519.0,29505.5,29518.0,579
2026-09-14 12:46:00-04:00,29509.0,29509.0,29512.5,29504.0,29509.75,609
2026-09-14 12:47:00-04:00,29537.5,29537.5,29544.5,29507.25,29509.25,2611
2026-09-14 12:48:00-04:00,29570.75,29570.75,29575.5,29534.75,29536.75,2784
2026-09-14 12:49:00-04:00,29562.75,29562.75,29574.0,29557.5,29570.75,1248
2026-09-14 12:50:00-04:00,29558.25,29558.25,29565.25,29552.25,29562.5,964
2026-09-14 12:51:00-04:00,29566.75,29566.75,29569.25,29556.75,29558.25,810
2026-09-14 12:52:00-04:00,29570.25,29570.25,29573.75,29560.0,29566.5,881
2026-09-14 12:53:00-04:00,29563.5,29563.5,29572.5,29563.25,29570.0,690
2026-09-14 12:54:00-04:00,29553.75,29553.75,29565.0,29552.5,29564.0,924
2026-09-14 12:55:00-04:00,29558.25,29558.25,29561.25,29552.25,29554.75,689
2026-09-14 12:56:00-04:00,29552.75,29552.75,29560.75,29550.5,29558.75,679
2026-09-14 12:57:00-04:00,29545.75,29545.75,29556.25,29545.5,29553.25,651
2026-09-14 12:58:00-04:00,29541.75,29541.75,29547.75,29538.0,29545.75,699
2026-09-14 12:59:00-04:00,29558.25,29558.25,29559.25,29541.0,29541.5,723
2026-09-14 13:00:00-04:00,29561.25,29561.25,29565.25,29551.75,29558.75,1215
2026-09-14 13:01:00-04:00,29551.5,29551.5,29561.5,29549.75,29561.5,575
2026-09-14 13:02:00-04:00,29552.0,29552.0,29559.5,29547.75,29551.0,710
2026-09-14 13:03:00-04:00,29546.75,29546.75,29555.25,29542.0,29554.0,761
2026-09-14 13:04:00-04:00,29549.0,29549.0,29552.0,29546.0,29546.5,453
2026-09-14 13:05:00-04:00,29549.0,29549.0,29551.5,29546.25,29549.0,415
2026-09-14 13:06:00-04:00,29549.25,29549.25,29555.25,29548.75,29549.5,518
2026-09-14 13:07:00-04:00,29545.75,29545.75,29550.0,29543.5,29549.75,338
2026-09-14 13:08:00-04:00,29546.25,29546.25,29548.5,29538.75,29546.25,1398
2026-09-14 13:09:00-04:00,29550.0,29550.0,29553.25,29542.0,29546.0,1075
2026-09-14 13:10:00-04:00,29549.25,29549.25,29553.75,29548.25,29550.25,595
2026-09-14 13:11:00-04:00,29560.5,29560.5,29565.0,29549.0,29549.25,1190
2026-09-14 13:12:00-04:00,29566.25,29566.25,29576.25,29561.25,29561.25,1262
2026-09-14 13:13:00-04:00,29555.75,29555.75,29568.75,29555.0,29565.5,811
2026-09-14 13:14:00-04:00,29553.75,29553.75,29560.0,29553.5,29556.25,1331
2026-09-14 13:15:00-04:00,29556.25,29556.25,29558.5,29551.5,29554.0,319
2026-09-14 13:16:00-04:00,29556.75,29556.75,29559.75,29553.0,29556.25,358
2026-09-14 13:17:00-04:00,29550.75,29550.75,29562.0,29549.0,29556.5,746
2026-09-14 13:18:00-04:00,29544.5,29544.5,29551.5,29537.25,29551.25,1267
2026-09-14 13:19:00-04:00,29547.5,29547.5,29548.5,29541.75,29544.25,447
2026-09-14 13:20:00-04:00,29559.75,29559.75,29563.5,29545.25,29547.25,793
2026-09-14 13:21:00-04:00,29553.0,29553.0,29559.5,29550.25,29559.5,507
2026-09-14 13:22:00-04:00,29559.75,29559.75,29559.75,29552.0,29552.75,568
2026-09-14 13:23:00-04:00,29560.5,29560.5,29564.0,29556.75,29559.5,631
2026-09-14 13:24:00-04:00,29563.75,29563.75,29567.0,29560.0,29560.75,541
2026-09-14 13:25:00-04:00,29560.75,29560.75,29572.0,29558.5,29563.0,527
2026-09-14 13:26:00-04:00,29566.75,29566.75,29566.75,29556.25,29560.5,477
2026-09-14 13:27:00-04:00,29566.25,29566.25,29566.25,29558.5,29566.0,297
2026-09-14 13:28:00-04:00,29572.5,29572.5,29573.5,29563.5,29566.75,462
2026-09-14 13:29:00-04:00,29580.0,29580.0,29580.0,29567.5,29572.0,513
2026-09-14 13:30:00-04:00,29583.75,29583.75,29583.75,29570.25,29579.5,750
2026-09-14 13:31:00-04:00,29576.0,29576.0,29585.75,29574.75,29583.75,621
2026-09-14 13:32:00-04:00,29580.75,29580.75,29585.25,29575.5,29575.5,458
2026-09-14 13:33:00-04:00,29574.5,29574.5,29581.25,29568.5,29580.5,621
2026-09-14 13:34:00-04:00,29576.75,29576.75,29577.25,29570.5,29574.0,597
2026-09-14 13:35:00-04:00,29570.0,29570.0,29580.75,29568.25,29576.5,659
2026-09-14 13:36:00-04:00,29569.0,29569.0,29573.5,29568.25,29570.75,532
2026-09-14 13:37:00-04:00,29576.75,29576.75,29577.0,29568.5,29569.0,385
2026-09-14 13:38:00-04:00,29578.0,29578.0,29581.5,29575.0,29576.75,507
2026-09-14 13:39:00-04:00,29583.25,29583.25,29583.75,29577.5,29577.5,470
2026-09-14 13:40:00-04:00,29581.5,29581.5,29584.0,29578.25,29584.0,466
2026-09-14 13:41:00-04:00,29574.75,29574.75,29583.25,29574.5,29581.75,588
2026-09-14 13:42:00-04:00,29575.75,29575.75,29580.5,29573.5,29574.5,690
2026-09-14 13:43:00-04:00,29583.75,29583.75,29584.0,29575.0,29576.5,318
2026-09-14 13:44:00-04:00,29580.5,29580.5,29585.25,29579.0,29584.0,512
2026-09-14 13:45:00-04:00,29584.0,29584.0,29589.5,29579.5,29580.5,661
2026-09-14 13:46:00-04:00,29585.5,29585.5,29588.5,29583.0,29583.5,427
2026-09-14 13:47:00-04:00,29589.25,29589.25,29590.25,29584.5,29585.25,407
2026-09-14 13:48:00-04:00,29592.5,29592.5,29594.0,29588.25,29589.25,620
2026-09-14 13:49:00-04:00,29590.5,29590.5,29593.0,29587.75,29591.25,461
2026-09-14 13:50:00-04:00,29588.25,29588.25,29593.0,29587.0,29590.5,587
2026-09-14 13:51:00-04:00,29589.75,29589.75,29593.0,29587.25,29588.25,553
2026-09-14 13:52:00-04:00,29596.0,29596.0,29598.0,29590.5,29591.25,812
2026-09-14 13:53:00-04:00,29592.75,29592.75,29600.25,29591.25,29596.5,962
2026-09-14 13:54:00-04:00,29595.5,29595.5,29599.75,29591.25,29592.75,432
2026-09-14 13:55:00-04:00,29600.25,29600.25,29601.0,29592.75,29595.25,530
2026-09-14 13:56:00-04:00,29600.75,29600.75,29604.5,29599.25,29600.5,544
2026-09-14 13:57:00-04:00,29593.75,29593.75,29601.5,29591.5,29600.75,482
2026-09-14 13:58:00-04:00,29588.0,29588.0,29595.5,29587.0,29593.75,506
2026-09-14 13:59:00-04:00,29581.5,29581.5,29589.0,29580.75,29588.75,825
2026-09-14 14:00:00-04:00,29585.25,29585.25,29601.25,29581.25,29582.0,1668
2026-09-14 14:01:00-04:00,29583.0,29583.0,29587.0,29580.25,29585.0,585
2026-09-14 14:02:00-04:00,29582.25,29582.25,29589.0,29581.0,29583.25,734
2026-09-14 14:03:00-04:00,29573.0,29573.0,29583.25,29571.5,29582.5,546
2026-09-14 14:04:00-04:00,29575.5,29575.5,29577.5,29571.5,29571.75,289
2026-09-14 14:05:00-04:00,29575.0,29575.0,29576.0,29567.25,29575.75,467
2026-09-14 14:06:00-04:00,29576.0,29576.0,29582.25,29574.25,29575.5,494
2026-09-14 14:07:00-04:00,29580.0,29580.0,29581.25,29572.25,29575.5,561
2026-09-14 14:08:00-04:00,29585.0,29585.0,29588.75,29579.25,29580.0,567
2026-09-14 14:09:00-04:00,29585.75,29585.75,29586.75,29582.5,29585.0,285
2026-09-14 14:10:00-04:00,29584.0,29584.0,29586.0,29579.25,29585.75,273
2026-09-14 14:11:00-04:00,29579.0,29579.0,29584.75,29578.25,29583.75,384
2026-09-14 14:12:00-04:00,29577.75,29577.75,29584.5,29576.75,29578.75,460
2026-09-14 14:13:00-04:00,29577.25,29577.25,29579.5,29573.75,29578.5,365
2026-09-14 14:14:00-04:00,29583.5,29583.5,29584.0,29577.25,29577.5,468
2026-09-14 14:15:00-04:00,29586.25,29586.25,29590.0,29581.0,29584.0,531
2026-09-14 14:16:00-04:00,29580.25,29580.25,29586.0,29577.25,29586.0,389
2026-09-14 14:17:00-04:00,29575.75,29575.75,29581.0,29572.75,29580.0,520
2026-09-14 14:18:00-04:00,29575.75,29575.75,29577.25,29572.25,29575.75,376
2026-09-14 14:19:00-04:00,29575.25,29575.25,29578.75,29574.5,29575.75,209
2026-09-14 14:20:00-04:00,29573.25,29573.25,29577.75,29573.0,29575.75,304
2026-09-14 14:21:00-04:00,29567.0,29567.0,29575.0,29565.5,29573.0,547
2026-09-14 14:22:00-04:00,29563.5,29563.5,29567.5,29562.0,29567.0,1474
2026-09-14 14:23:00-04:00,29563.75,29563.75,29565.75,29561.5,29563.75,287
2026-09-14 14:24:00-04:00,29561.5,29561.5,29568.5,29561.0,29564.0,448
2026-09-14 14:25:00-04:00,29563.5,29563.5,29565.5,29560.5,29561.5,266
2026-09-14 14:26:00-04:00,29565.0,29565.0,29567.25,29560.5,29564.5,363
2026-09-14 14:27:00-04:00,29560.25,29560.25,29566.75,29558.25,29565.0,437
2026-09-14 14:28:00-04:00,29559.75,29559.75,29561.0,29556.5,29560.25,409
2026-09-14 14:29:00-04:00,29562.0,29562.0,29563.0,29559.5,29560.0,364
2026-09-14 14:30:00-04:00,29565.75,29565.75,29566.5,29559.75,29562.25,498
2026-09-14 14:31:00-04:00,29560.75,29560.75,29566.25,29558.25,29566.0,429
2026-09-14 14:32:00-04:00,29564.0,29564.0,29566.25,29560.75,29561.0,345
2026-09-14 14:33:00-04:00,29572.25,29572.25,29573.5,29564.25,29564.5,474
2026-09-14 14:34:00-04:00,29570.0,29570.0,29576.0,29569.5,29572.0,357
2026-09-14 14:35:00-04:00,29571.0,29571.0,29571.0,29565.75,29570.0,300
2026-09-14 14:36:00-04:00,29574.0,29574.0,29576.75,29570.0,29571.0,502
2026-09-14 14:37:00-04:00,29578.75,29578.75,29582.75,29572.25,29573.0,300
2026-09-14 14:38:00-04:00,29577.25,29577.25,29580.25,29576.25,29578.75,354
2026-09-14 14:39:00-04:00,29575.5,29575.5,29577.75,29574.0,29576.5,302
2026-09-14 14:40:00-04:00,29578.0,29578.0,29578.0,29569.5,29574.5,400
2026-09-14 14:41:00-04:00,29578.75,29578.75,29580.75,29576.25,29578.0,252
2026-09-14 14:42:00-04:00,29579.25,29579.25,29580.75,29573.0,29578.5,413
2026-09-14 14:43:00-04:00,29575.75,29575.75,29582.25,29575.5,29579.5,462
2026-09-14 14:44:00-04:00,29570.0,29570.0,29576.75,29570.0,29575.25,275
2026-09-14 14:45:00-04:00,29570.25,29570.25,29572.75,29569.0,29570.25,379
2026-09-14 14:46:00-04:00,29559.25,29559.25,29572.5,29557.0,29570.75,1129
2026-09-14 14:47:00-04:00,29566.5,29566.5,29567.0,29557.0,29559.0,963
2026-09-14 14:48:00-04:00,29568.25,29568.25,29569.0,29562.0,29566.25,390
2026-09-14 14:49:00-04:00,29571.0,29571.0,29573.75,29564.0,29568.0,304
2026-09-14 14:50:00-04:00,29568.0,29568.0,29574.25,29566.75,29571.25,346
2026-09-14 14:51:00-04:00,29566.0,29566.0,29569.25,29562.75,29568.75,342
2026-09-14 14:52:00-04:00,29571.25,29571.25,29571.75,29565.25,29566.0,213
2026-09-14 14:53:00-04:00,29568.5,29568.5,29571.25,29566.25,29570.25,289
2026-09-14 14:54:00-04:00,29564.75,29564.75,29568.75,29563.0,29568.0,270
2026-09-14 14:55:00-04:00,29564.25,29564.25,29564.5,29559.0,29564.5,361
2026-09-14 14:56:00-04:00,29565.75,29565.75,29567.75,29562.75,29563.75,277
2026-09-14 14:57:00-04:00,29561.5,29561.5,29568.0,29561.25,29566.25,427
2026-09-14 14:58:00-04:00,29557.0,29557.0,29561.5,29554.0,29561.25,646
2026-09-14 14:59:00-04:00,29557.0,29557.0,29558.75,29556.25,29556.75,458
2026-09-14 15:00:00-04:00,29549.25,29549.25,29559.0,29545.75,29556.75,770
2026-09-14 15:01:00-04:00,29548.25,29548.25,29551.75,29545.25,29550.25,430
2026-09-14 15:02:00-04:00,29545.75,29545.75,29551.25,29545.25,29549.25,513
2026-09-14 15:03:00-04:00,29548.25,29548.25,29550.75,29544.25,29546.0,431
2026-09-14 15:04:00-04:00,29547.75,29547.75,29552.5,29542.0,29547.75,1011
2026-09-14 15:05:00-04:00,29541.0,29541.0,29550.0,29540.0,29547.5,343
2026-09-14 15:06:00-04:00,29535.75,29535.75,29544.0,29535.0,29541.0,671
2026-09-14 15:07:00-04:00,29532.25,29532.25,29540.25,29532.0,29535.75,381
2026-09-14 15:08:00-04:00,29534.0,29534.0,29535.0,29527.0,29531.75,566
2026-09-14 15:09:00-04:00,29535.75,29535.75,29544.0,29533.5,29534.25,477
2026-09-14 15:10:00-04:00,29534.75,29534.75,29537.0,29532.0,29535.25,251
2026-09-14 15:11:00-04:00,29535.0,29535.0,29536.75,29531.5,29534.75,206
2026-09-14 15:12:00-04:00,29533.5,29533.5,29541.0,29533.0,29535.0,315
2026-09-14 15:13:00-04:00,29528.0,29528.0,29535.75,29528.0,29534.25,231
2026-09-14 15:14:00-04:00,29533.5,29533.5,29536.0,29526.75,29527.75,524
2026-09-14 15:15:00-04:00,29524.0,29524.0,29533.0,29522.25,29532.75,1030
2026-09-14 15:16:00-04:00,29527.75,29527.75,29528.5,29523.5,29523.75,367
2026-09-14 15:17:00-04:00,29526.75,29526.75,29528.5,29524.5,29527.75,277
2026-09-14 15:18:00-04:00,29524.5,29524.5,29529.75,29523.75,29527.0,287
2026-09-14 15:19:00-04:00,29529.0,29529.0,29529.75,29520.75,29524.5,334
2026-09-14 15:20:00-04:00,29525.5,29525.5,29531.75,29525.0,29529.0,427
2026-09-14 15:21:00-04:00,29522.5,29522.5,29526.5,29520.5,29526.0,426
2026-09-14 15:22:00-04:00,29519.0,29519.0,29523.0,29516.25,29522.5,588
2026-09-14 15:23:00-04:00,29519.75,29519.75,29521.0,29516.75,29519.0,405
2026-09-14 15:24:00-04:00,29524.75,29524.75,29525.5,29518.5,29518.75,414
2026-09-14 15:25:00-04:00,29521.75,29521.75,29528.5,29521.5,29524.0,359
2026-09-14 15:26:00-04:00,29526.5,29526.5,29528.0,29522.0,29522.0,282
2026-09-14 15:27:00-04:00,29525.5,29525.5,29529.5,29524.25,29525.75,301
2026-09-14 15:28:00-04:00,29529.0,29529.0,29530.0,29524.5,29525.75,320
2026-09-14 15:29:00-04:00,29523.5,29523.5,29529.75,29523.5,29528.25,410
2026-09-14 15:30:00-04:00,29523.75,29523.75,29530.0,29521.25,29523.25,563
2026-09-14 15:31:00-04:00,29524.25,29524.25,29529.25,29522.75,29524.0,238
2026-09-14 15:32:00-04:00,29525.0,29525.0,29529.0,29523.5,29524.25,227
2026-09-14 15:33:00-04:00,29522.5,29522.5,29527.0,29521.75,29524.75,638
2026-09-14 15:34:00-04:00,29523.0,29523.0,29525.5,29522.0,29522.25,229
2026-09-14 15:35:00-04:00,29512.5,29512.5,29523.75,29512.5,29523.25,439
2026-09-14 15:36:00-04:00,29512.75,29512.75,29517.25,29511.0,29512.25,786
2026-09-14 15:37:00-04:00,29517.0,29517.0,29518.0,29511.75,29512.5,518
2026-09-14 15:38:00-04:00,29512.5,29512.5,29516.25,29511.75,29516.25,441
2026-09-14 15:39:00-04:00,29510.25,29510.25,29514.5,29508.75,29512.25,456
2026-09-14 15:40:00-04:00,29520.0,29520.0,29520.0,29508.75,29510.5,701
2026-09-14 15:41:00-04:00,29518.0,29518.0,29520.25,29515.0,29519.75,541
2026-09-14 15:42:00-04:00,29514.25,29514.25,29519.5,29513.5,29517.25,360
2026-09-14 15:43:00-04:00,29512.25,29512.25,29516.75,29512.25,29514.25,328
2026-09-14 15:44:00-04:00,29514.0,29514.0,29516.0,29511.25,29512.25,455
2026-09-14 15:45:00-04:00,29519.5,29519.5,29520.5,29512.0,29514.0,820
2026-09-14 15:46:00-04:00,29517.75,29517.75,29523.25,29516.5,29519.5,1095
2026-09-14 15:47:00-04:00,29520.0,29520.0,29521.75,29514.25,29517.25,506
2026-09-14 15:48:00-04:00,29518.25,29518.25,29520.5,29515.75,29519.5,470
2026-09-14 15:49:00-04:00,29522.25,29522.25,29522.25,29514.75,29518.25,570
2026-09-14 15:50:00-04:00,29501.75,29501.75,29526.0,29501.25,29521.25,1641
2026-09-14 15:51:00-04:00,29498.25,29498.25,29502.75,29494.0,29502.0,723
2026-09-14 15:52:00-04:00,29494.75,29494.75,29505.0,29490.25,29498.25,988
2026-09-14 15:53:00-04:00,29489.25,29489.25,29495.0,29484.0,29494.25,1065
2026-09-14 15:54:00-04:00,29490.75,29490.75,29496.25,29487.25,29489.5,1774
2026-09-14 15:55:00-04:00,29462.5,29462.5,29491.0,29458.75,29490.75,3376
2026-09-14 15:56:00-04:00,29465.5,29465.5,29473.0,29459.75,29462.75,1574
2026-09-14 15:57:00-04:00,29468.0,29468.0,29469.5,29456.0,29465.25,1544
2026-09-14 15:58:00-04:00,29465.75,29465.75,29471.75,29462.25,29467.25,2657
2026-09-14 15:59:00-04:00,29449.5,29449.5,29470.5,29444.5,29466.25,8135
2026-09-14 16:00:00-04:00,29456.25,29456.25,29464.25,29448.0,29448.75,2213
2026-09-14 16:01:00-04:00,29456.75,29456.75,29460.5,29453.75,29456.75,1069
2026-09-14 16:02:00-04:00,29451.5,29451.5,29457.75,29450.5,29456.0,583
2026-09-14 16:03:00-04:00,29453.5,29453.5,29455.5,29449.25,29451.25,453
2026-09-14 16:04:00-04:00,29457.0,29457.0,29458.75,29453.0,29453.75,512
2026-09-14 16:05:00-04:00,29455.75,29455.75,29456.75,29449.5,29456.75,532
2026-09-14 16:06:00-04:00,29453.0,29453.0,29455.0,29449.5,29455.0,432
2026-09-14 16:07:00-04:00,29457.25,29457.25,29458.75,29453.0,29453.0,564
2026-09-14 16:08:00-04:00,29453.75,29453.75,29457.25,29453.75,29457.25,488
2026-09-14 16:09:00-04:00,29452.0,29452.0,29456.25,29451.25,29454.0,424
2026-09-14 16:10:00-04:00,29452.75,29452.75,29455.0,29450.5,29453.0,467
2026-09-14 16:11:00-04:00,29457.25,29457.25,29457.75,29451.0,29452.0,270
2026-09-14 16:12:00-04:00,29458.75,29458.75,29459.5,29455.5,29457.0,143
2026-09-14 16:13:00-04:00,29459.75,29459.75,29461.5,29458.0,29458.5,165
2026-09-14 16:14:00-04:00,29458.75,29458.75,29461.5,29458.0,29459.75,312
2026-09-14 16:15:00-04:00,29453.25,29453.25,29459.75,29452.25,29459.25,192
2026-09-14 16:16:00-04:00,29450.5,29450.5,29453.5,29445.25,29453.25,271
2026-09-14 16:17:00-04:00,29452.75,29452.75,29453.75,29449.25,29450.0,121
2026-09-14 16:18:00-04:00,29454.0,29454.0,29456.25,29451.75,29452.25,129
2026-09-14 16:19:00-04:00,29458.5,29458.5,29458.75,29452.5,29453.5,71
2026-09-14 16:20:00-04:00,29465.75,29465.75,29467.0,29458.75,29459.0,291
2026-09-14 16:21:00-04:00,29468.25,29468.25,29472.5,29465.5,29465.75,386
2026-09-14 16:22:00-04:00,29471.5,29471.5,29472.5,29467.0,29467.25,120
2026-09-14 16:23:00-04:00,29471.0,29471.0,29472.75,29469.0,29471.0,97
2026-09-14 16:24:00-04:00,29474.75,29474.75,29476.0,29471.0,29471.0,127
2026-09-14 16:25:00-04:00,29476.5,29476.5,29478.25,29472.5,29474.75,156
2026-09-14 16:26:00-04:00,29474.5,29474.5,29476.25,29471.25,29476.25,158
2026-09-14 16:27:00-04:00,29474.75,29474.75,29475.75,29473.25,29474.75,129
2026-09-14 16:28:00-04:00,29476.25,29476.25,29476.75,29474.25,29475.25,73
2026-09-14 16:29:00-04:00,29475.75,29475.75,29477.25,29474.25,29475.0,48
2026-09-14 16:30:00-04:00,29474.0,29474.0,29478.75,29473.5,29475.75,108
2026-09-14 16:31:00-04:00,29470.0,29470.0,29474.25,29470.0,29473.75,56
2026-09-14 16:32:00-04:00,29470.25,29470.25,29472.25,29469.5,29470.0,74
2026-09-14 16:33:00-04:00,29475.0,29475.0,29475.0,29471.0,29471.5,72
2026-09-14 16:34:00-04:00,29477.0,29477.0,29477.75,29474.0,29474.75,63
2026-09-14 16:35:00-04:00,29479.25,29479.25,29479.25,29474.75,29477.5,162
2026-09-14 16:36:00-04:00,29474.75,29474.75,29478.75,29474.0,29478.5,80
2026-09-14 16:37:00-04:00,29476.25,29476.25,29477.0,29474.0,29474.75,61
2026-09-14 16:38:00-04:00,29475.75,29475.75,29477.25,29475.0,29476.5,38
2026-09-14 16:39:00-04:00,29478.5,29478.5,29478.5,29476.75,29477.0,31
2026-09-14 16:40:00-04:00,29479.75,29479.75,29482.25,29477.5,29477.75,255
2026-09-14 16:41:00-04:00,29479.25,29479.25,29480.5,29476.5,29479.75,66
2026-09-14 16:42:00-04:00,29478.75,29478.75,29480.25,29478.25,29479.25,45
2026-09-14 16:43:00-04:00,29479.0,29479.0,29479.75,29476.25,29479.75,71
2026-09-14 16:44:00-04:00,29477.75,29477.75,29479.0,29475.25,29479.0,117
2026-09-14 16:45:00-04:00,29482.0,29482.0,29484.75,29477.25,29477.5,93
2026-09-14 16:46:00-04:00,29478.0,29478.0,29481.75,29477.25,29481.25,95
2026-09-14 16:47:00-04:00,29479.75,29479.75,29481.75,29477.75,29477.75,103
2026-09-14 16:48:00-04:00,29486.5,29486.5,29487.75,29480.5,29481.0,54
2026-09-14 16:49:00-04:00,29486.75,29486.75,29487.75,29483.5,29484.0,58
2026-09-14 16:50:00-04:00,29486.5,29486.5,29487.75,29484.5,29487.0,93
2026-09-14 16:51:00-04:00,29486.75,29486.75,29490.25,29485.0,29486.0,106
2026-09-14 16:52:00-04:00,29488.5,29488.5,29488.75,29485.5,29486.25,85
2026-09-14 16:53:00-04:00,29491.75,29491.75,29493.0,29488.25,29488.25,154
2026-09-14 16:54:00-04:00,29493.0,29493.0,29493.75,29490.75,29491.25,119
2026-09-14 16:55:00-04:00,29492.0,29492.0,29494.5,29490.5,29493.0,97
2026-09-14 16:56:00-04:00,29483.25,29483.25,29492.5,29480.75,29492.5,239
2026-09-14 16:57:00-04:00,29490.5,29490.5,29492.0,29483.25,29483.25,91
2026-09-14 16:58:00-04:00,29490.25,29490.25,29491.25,29488.25,29490.5,95
2026-09-14 16:59:00-04:00,29489.75,29489.75,29492.0,29487.0,29490.75,151
2026-09-14 18:00:00-04:00,29467.25,29467.25,29490.25,29465.0,29488.5,0
2026-09-14 18:01:00-04:00,29471.75,29471.75,29474.0,29468.75,29469.25,54
2026-09-14 18:02:00-04:00,29472.5,29472.5,29477.25,29469.75,29469.75,117
2026-09-14 18:03:00-04:00,29474.25,29474.25,29477.5,29470.0,29470.5,139
2026-09-14 18:04:00-04:00,29476.0,29476.0,29477.5,29473.0,29475.25,43
2026-09-14 18:05:00-04:00,29462.75,29462.75,29476.75,29461.5,29476.75,90
2026-09-14 18:06:00-04:00,29469.75,29469.75,29474.0,29464.0,29464.0,54
2026-09-14 18:07:00-04:00,29459.75,29459.75,29468.25,29459.75,29468.25,98
2026-09-14 18:08:00-04:00,29461.5,29461.5,29465.25,29458.5,29461.0,81
2026-09-14 18:09:00-04:00,29461.25,29461.25,29461.75,29457.5,29461.0,45
2026-09-14 18:10:00-04:00,29463.0,29463.0,29463.75,29460.0,29461.25,25
2026-09-14 18:11:00-04:00,29459.0,29459.0,29464.25,29458.5,29464.25,89
2026-09-14 18:12:00-04:00,29463.5,29463.5,29465.25,29459.75,29461.0,50
2026-09-14 18:13:00-04:00,29463.0,29463.0,29463.75,29461.0,29461.0,10
2026-09-14 18:14:00-04:00,29462.25,29462.25,29463.25,29460.5,29461.0,24
2026-09-14 18:15:00-04:00,29464.25,29464.25,29467.75,29463.5,29463.5,71
2026-09-14 18:16:00-04:00,29458.25,29458.25,29463.25,29457.0,29463.25,35
2026-09-14 18:17:00-04:00,29455.5,29455.5,29459.25,29451.75,29457.0,152
2026-09-14 18:18:00-04:00,29459.5,29459.5,29460.0,29453.0,29456.75,128
2026-09-14 18:19:00-04:00,29457.75,29457.75,29459.5,29457.0,29458.25,38
2026-09-14 18:20:00-04:00,29458.25,29458.25,29459.75,29457.5,29458.0,58
2026-09-14 18:21:00-04:00,29461.75,29461.75,29461.75,29457.0,29458.0,34
2026-09-14 18:22:00-04:00,29459.25,29459.25,29462.0,29459.25,29461.75,24
2026-09-14 18:23:00-04:00,29459.5,29459.5,29460.75,29458.75,29459.5,13
2026-09-14 18:24:00-04:00,29459.0,29459.0,29459.5,29457.25,29458.0,32
2026-09-14 18:25:00-04:00,29457.5,29457.5,29458.75,29456.0,29458.0,44
2026-09-14 18:26:00-04:00,29453.5,29453.5,29458.25,29453.0,29457.25,30
2026-09-14 18:27:00-04:00,29451.75,29451.75,29454.0,29450.0,29454.0,79
2026-09-14 18:28:00-04:00,29453.0,29453.0,29453.0,29449.25,29452.0,71
2026-09-14 18:29:00-04:00,29457.0,29457.0,29459.0,29453.0,29453.25,57
2026-09-14 18:30:00-04:00,29459.0,29459.0,29459.5,29457.0,29457.75,25
2026-09-14 18:31:00-04:00,29460.5,29460.5,29461.25,29459.0,29459.0,66
2026-09-14 18:32:00-04:00,29462.0,29462.0,29463.0,29459.75,29460.0,77
2026-09-14 18:33:00-04:00,29461.75,29461.75,29463.0,29460.5,29462.75,33
2026-09-14 18:34:00-04:00,29460.25,29460.25,29462.5,29460.25,29462.0,27
2026-09-14 18:35:00-04:00,29462.0,29462.0,29463.5,29459.75,29460.0,31
2026-09-14 18:36:00-04:00,29461.75,29461.75,29463.75,29461.5,29462.25,26
2026-09-14 18:37:00-04:00,29462.0,29462.0,29465.0,29461.5,29463.0,26
2026-09-14 18:38:00-04:00,29460.0,29460.0,29461.25,29456.0,29461.25,96
2026-09-14 18:39:00-04:00,29459.5,29459.5,29461.0,29459.25,29460.25,14
2026-09-14 18:40:00-04:00,29458.75,29458.75,29459.75,29455.75,29459.5,44
2026-09-14 18:41:00-04:00,29458.5,29458.5,29462.5,29457.25,29459.0,50
2026-09-14 18:42:00-04:00,29457.25,29457.25,29458.25,29455.0,29456.5,65
2026-09-14 18:43:00-04:00,29457.5,29457.5,29458.5,29456.0,29458.5,20
2026-09-14 18:44:00-04:00,29455.75,29455.75,29456.5,29454.5,29456.5,32
2026-09-14 18:45:00-04:00,29460.0,29460.0,29460.75,29456.0,29456.75,125
2026-09-14 18:46:00-04:00,29462.25,29462.25,29463.75,29461.25,29461.25,33
2026-09-14 18:47:00-04:00,29464.75,29464.75,29464.75,29460.75,29462.0,42
2026-09-14 18:48:00-04:00,29463.25,29463.25,29464.75,29463.25,29463.5,9
2026-09-14 18:49:00-04:00,29466.0,29466.0,29466.5,29463.5,29464.0,26
2026-09-14 18:50:00-04:00,29467.75,29467.75,29469.0,29466.5,29466.75,38
2026-09-14 18:51:00-04:00,29470.25,29470.25,29474.25,29467.5,29467.5,122
2026-09-14 18:52:00-04:00,29472.0,29472.0,29473.0,29469.5,29471.0,44
2026-09-14 18:53:00-04:00,29466.5,29466.5,29471.0,29464.75,29470.75,102
2026-09-14 18:54:00-04:00,29466.5,29466.5,29469.25,29464.75,29468.5,19
2026-09-14 18:55:00-04:00,29466.75,29466.75,29468.0,29466.0,29466.25,15
2026-09-14 18:56:00-04:00,29465.0,29465.0,29468.25,29464.75,29466.75,39
2026-09-14 18:57:00-04:00,29465.0,29465.0,29465.25,29462.75,29464.0,32
2026-09-14 18:58:00-04:00,29461.0,29461.0,29463.25,29458.5,29463.25,53
2026-09-14 18:59:00-04:00,29458.5,29458.5,29462.0,29458.5,29460.25,29
2026-09-14 19:00:00-04:00,29458.25,29458.25,29460.25,29453.0,29459.5,104
2026-09-14 19:01:00-04:00,29455.5,29455.5,29458.0,29454.5,29457.0,17
2026-09-14 19:02:00-04:00,29455.5,29455.5,29462.5,29449.75,29456.0,172
2026-09-14 19:03:00-04:00,29458.5,29458.5,29459.5,29455.5,29455.75,20
2026-09-14 19:04:00-04:00,29458.5,29458.5,29458.75,29454.75,29458.25,44
2026-09-14 19:05:00-04:00,29456.75,29456.75,29459.25,29456.0,29459.0,24
2026-09-14 19:06:00-04:00,29454.0,29454.0,29456.75,29453.5,29456.75,19
2026-09-14 19:07:00-04:00,29455.5,29455.5,29457.25,29454.0,29454.25,8
2026-09-14 19:08:00-04:00,29459.0,29459.0,29460.25,29457.0,29457.0,14
2026-09-14 19:09:00-04:00,29460.5,29460.5,29461.25,29458.25,29459.0,20
2026-09-14 19:10:00-04:00,29458.25,29458.25,29460.0,29457.0,29460.0,67
2026-09-14 19:11:00-04:00,29459.5,29459.5,29461.25,29457.75,29458.25,23
2026-09-14 19:12:00-04:00,29464.25,29464.25,29464.5,29461.75,29462.0,49
2026-09-14 19:13:00-04:00,29465.5,29465.5,29467.25,29464.0,29465.25,79
2026-09-14 19:14:00-04:00,29461.25,29461.25,29466.0,29461.25,29465.0,233
2026-09-14 19:15:00-04:00,29460.25,29460.25,29463.25,29460.25,29462.25,23
2026-09-14 19:16:00-04:00,29457.75,29457.75,29461.75,29456.0,29460.5,61
2026-09-14 19:17:00-04:00,29455.5,29455.5,29459.25,29455.5,29457.0,27
2026-09-14 19:18:00-04:00,29456.0,29456.0,29458.5,29456.0,29456.75,23
2026-09-14 19:19:00-04:00,29453.25,29453.25,29455.25,29451.0,29454.5,40
2026-09-14 19:20:00-04:00,29452.25,29452.25,29453.25,29450.5,29453.25,23
2026-09-14 19:21:00-04:00,29454.25,29454.25,29456.0,29453.0,29453.75,20
2026-09-14 19:22:00-04:00,29457.0,29457.0,29457.0,29454.0,29454.75,32
2026-09-14 19:23:00-04:00,29461.25,29461.25,29461.5,29456.25,29456.5,31
2026-09-14 19:24:00-04:00,29459.5,29459.5,29460.25,29459.0,29460.0,17
2026-09-14 19:25:00-04:00,29458.75,29458.75,29460.0,29458.0,29459.0,20
2026-09-14 19:26:00-04:00,29460.75,29460.75,29462.75,29459.5,29459.5,47
2026-09-14 19:27:00-04:00,29459.0,29459.0,29461.75,29458.75,29461.5,15
2026-09-14 19:28:00-04:00,29457.5,29457.5,29459.0,29456.75,29458.25,16
2026-09-14 19:29:00-04:00,29455.75,29455.75,29457.75,29453.25,29457.25,108
2026-09-14 19:30:00-04:00,29454.75,29454.75,29456.25,29453.0,29454.75,72
2026-09-14 19:31:00-04:00,29458.0,29458.0,29458.75,29456.25,29456.5,42
2026-09-14 19:32:00-04:00,29458.5,29458.5,29459.25,29456.75,29456.75,23
2026-09-14 19:33:00-04:00,29455.5,29455.5,29457.0,29455.5,29456.0,7
2026-09-14 19:34:00-04:00,29456.75,29456.75,29456.75,29453.75,29456.0,44
2026-09-14 19:35:00-04:00,29459.5,29459.5,29459.5,29457.5,29457.75,17
2026-09-14 19:36:00-04:00,29457.75,29457.75,29458.75,29457.75,29458.5,11
2026-09-14 19:37:00-04:00,29457.5,29457.5,29458.0,29456.5,29458.0,10
2026-09-14 19:38:00-04:00,29460.25,29460.25,29462.0,29457.25,29458.0,16
2026-09-14 19:39:00-04:00,29460.5,29460.5,29462.25,29459.0,29460.0,18
2026-09-14 19:40:00-04:00,29463.25,29463.25,29463.25,29460.25,29461.5,29
2026-09-14 19:41:00-04:00,29459.75,29459.75,29463.0,29458.75,29462.5,22
2026-09-14 19:42:00-04:00,29461.25,29461.25,29462.0,29460.0,29460.0,19
2026-09-14 19:43:00-04:00,29458.0,29458.0,29460.0,29455.25,29460.0,28
2026-09-14 19:44:00-04:00,29458.5,29458.5,29458.75,29457.5,29457.5,7
2026-09-14 19:45:00-04:00,29453.0,29453.0,29458.5,29449.75,29458.5,226
2026-09-14 19:46:00-04:00,29458.75,29458.75,29461.25,29453.75,29454.25,86
2026-09-14 19:47:00-04:00,29453.25,29453.25,29458.75,29451.25,29457.5,80
2026-09-14 19:48:00-04:00,29453.75,29453.75,29455.0,29452.5,29452.5,26
2026-09-14 19:49:00-04:00,29454.0,29454.0,29456.0,29453.25,29455.25,18
2026-09-14 19:50:00-04:00,29453.0,29453.0,29455.5,29452.75,29454.5,30
2026-09-14 19:51:00-04:00,29453.75,29453.75,29454.25,29452.25,29453.0,33
2026-09-14 19:52:00-04:00,29447.25,29447.25,29453.75,29446.0,29453.5,125
2026-09-14 19:53:00-04:00,29447.5,29447.5,29447.5,29442.75,29446.75,148
2026-09-14 19:54:00-04:00,29450.0,29450.0,29450.75,29447.25,29447.75,32
2026-09-14 19:55:00-04:00,29450.5,29450.5,29451.75,29449.5,29450.75,51
2026-09-14 19:56:00-04:00,29455.0,29455.0,29459.25,29449.5,29450.0,80
2026-09-14 19:57:00-04:00,29451.0,29451.0,29454.75,29450.5,29454.5,42
2026-09-14 19:58:00-04:00,29458.25,29458.25,29459.5,29451.5,29451.5,61
2026-09-14 19:59:00-04:00,29457.25,29457.25,29459.5,29455.0,29458.0,38
2026-09-14 20:00:00-04:00,29461.0,29461.0,29470.0,29450.0,29457.25,312
2026-09-14 20:01:00-04:00,29454.25,29454.25,29461.75,29450.0,29461.25,133
2026-09-14 20:02:00-04:00,29448.5,29448.5,29458.0,29448.5,29454.5,127
2026-09-14 20:03:00-04:00,29450.75,29450.75,29454.25,29445.75,29449.75,118
2026-09-14 20:04:00-04:00,29449.25,29449.25,29455.75,29447.25,29450.75,56
2026-09-14 20:05:00-04:00,29439.75,29439.75,29451.0,29432.5,29450.0,284
2026-09-14 20:06:00-04:00,29432.25,29432.25,29443.0,29426.75,29441.25,333
2026-09-14 20:07:00-04:00,29448.25,29448.25,29448.25,29430.25,29431.0,194
2026-09-14 20:08:00-04:00,29457.75,29457.75,29462.0,29448.0,29448.0,222
2026-09-14 20:09:00-04:00,29459.75,29459.75,29465.5,29456.75,29457.0,148
2026-09-14 20:10:00-04:00,29454.0,29454.0,29461.25,29450.0,29461.25,163
2026-09-14 20:11:00-04:00,29449.75,29449.75,29453.25,29444.0,29452.5,192
2026-09-14 20:12:00-04:00,29449.75,29449.75,29456.5,29448.25,29450.0,77
2026-09-14 20:13:00-04:00,29457.0,29457.0,29459.0,29449.75,29449.75,64
2026-09-14 20:14:00-04:00,29457.75,29457.75,29459.5,29454.5,29457.5,49
2026-09-14 20:15:00-04:00,29452.25,29452.25,29457.25,29448.25,29457.0,118
2026-09-14 20:16:00-04:00,29443.75,29443.75,29454.0,29440.75,29450.75,246
2026-09-14 20:17:00-04:00,29438.25,29438.25,29444.75,29436.25,29443.75,199
2026-09-14 20:18:00-04:00,29437.0,29437.0,29439.5,29433.75,29437.75,115
2026-09-14 20:19:00-04:00,29443.75,29443.75,29447.5,29436.0,29436.5,128
2026-09-14 20:20:00-04:00,29445.5,29445.5,29448.25,29436.25,29441.5,122
2026-09-14 20:21:00-04:00,29452.25,29452.25,29453.5,29445.75,29446.75,137
2026-09-14 20:22:00-04:00,29452.0,29452.0,29454.0,29448.0,29450.0,46
2026-09-14 20:23:00-04:00,29452.75,29452.75,29454.25,29450.75,29452.0,43
2026-09-14 20:24:00-04:00,29459.25,29459.25,29461.75,29449.5,29451.75,113
2026-09-14 20:25:00-04:00,29461.5,29461.5,29466.25,29459.0,29460.0,124
2026-09-14 20:26:00-04:00,29459.5,29459.5,29463.75,29459.5,29462.5,79
2026-09-14 20:27:00-04:00,29449.25,29449.25,29461.25,29449.25,29459.25,139
2026-09-14 20:28:00-04:00,29453.25,29453.25,29454.5,29449.0,29449.0,79
2026-09-14 20:29:00-04:00,29455.25,29455.25,29459.25,29452.0,29452.75,127
2026-09-14 20:30:00-04:00,29455.5,29455.5,29457.25,29453.0,29453.5,77
2026-09-14 20:31:00-04:00,29457.0,29457.0,29458.25,29454.5,29456.25,46
2026-09-14 20:32:00-04:00,29458.75,29458.75,29461.25,29452.75,29457.5,113
2026-09-14 20:33:00-04:00,29460.25,29460.25,29461.0,29457.0,29459.25,69
2026-09-14 20:34:00-04:00,29458.5,29458.5,29461.0,29457.75,29459.5,90
2026-09-14 20:35:00-04:00,29462.75,29462.75,29462.75,29458.0,29458.25,45
2026-09-14 20:36:00-04:00,29470.25,29470.25,29472.5,29462.75,29463.25,170
2026-09-14 20:37:00-04:00,29465.0,29465.0,29470.25,29464.75,29469.5,43
2026-09-14 20:38:00-04:00,29469.0,29469.0,29470.25,29465.5,29465.75,27
2026-09-14 20:39:00-04:00,29477.0,29477.0,29480.0,29467.75,29469.25,195
2026-09-14 20:40:00-04:00,29480.0,29480.0,29483.0,29476.25,29476.25,145
2026-09-14 20:41:00-04:00,29481.75,29481.75,29484.75,29480.25,29481.25,116
2026-09-14 20:42:00-04:00,29486.75,29486.75,29487.0,29481.5,29481.5,87
2026-09-14 20:43:00-04:00,29485.75,29485.75,29490.75,29482.5,29485.75,156
2026-09-14 20:44:00-04:00,29485.75,29485.75,29486.0,29479.75,29484.5,89
2026-09-14 20:45:00-04:00,29482.25,29482.25,29487.0,29481.5,29484.75,110
2026-09-14 20:46:00-04:00,29476.75,29476.75,29482.5,29474.5,29482.5,102
2026-09-14 20:47:00-04:00,29475.0,29475.0,29478.0,29473.75,29476.0,40
2026-09-14 20:48:00-04:00,29470.5,29470.5,29476.75,29470.5,29474.75,72
2026-09-14 20:49:00-04:00,29477.25,29477.25,29480.75,29470.0,29470.75,79
2026-09-14 20:50:00-04:00,29486.75,29486.75,29488.75,29476.5,29476.75,149
2026-09-14 20:51:00-04:00,29481.25,29481.25,29485.75,29481.25,29485.0,41
2026-09-14 20:52:00-04:00,29485.75,29485.75,29489.5,29482.25,29482.25,69
2026-09-14 20:53:00-04:00,29486.0,29486.0,29487.0,29484.25,29485.0,37
2026-09-14 20:54:00-04:00,29480.0,29480.0,29486.0,29479.75,29486.0,126
2026-09-14 20:55:00-04:00,29482.75,29482.75,29484.0,29478.75,29480.25,84
2026-09-14 20:56:00-04:00,29474.5,29474.5,29481.75,29472.0,29481.75,94
2026-09-14 20:57:00-04:00,29475.25,29475.25,29476.0,29472.0,29475.0,54
2026-09-14 20:58:00-04:00,29465.5,29465.5,29475.25,29463.0,29474.25,160
2026-09-14 20:59:00-04:00,29467.75,29467.75,29469.5,29465.5,29465.75,96
2026-09-14 21:00:00-04:00,29462.0,29462.0,29468.25,29459.5,29467.5,150
2026-09-14 21:01:00-04:00,29467.0,29467.0,29472.25,29462.5,29463.25,144
2026-09-14 21:02:00-04:00,29469.25,29469.25,29470.0,29462.75,29468.5,71
2026-09-14 21:03:00-04:00,29480.75,29480.75,29481.0,29467.25,29468.5,96
2026-09-14 21:04:00-04:00,29484.5,29484.5,29489.25,29479.75,29480.0,187
2026-09-14 21:05:00-04:00,29478.75,29478.75,29485.0,29476.5,29484.75,109
2026-09-14 21:06:00-04:00,29474.75,29474.75,29482.5,29471.5,29478.75,101
2026-09-14 21:07:00-04:00,29474.25,29474.25,29479.75,29473.75,29474.75,54
2026-09-14 21:08:00-04:00,29483.5,29483.5,29484.75,29477.25,29477.5,99
2026-09-14 21:09:00-04:00,29477.25,29477.25,29485.5,29477.0,29484.75,99
2026-09-14 21:10:00-04:00,29481.25,29481.25,29482.25,29476.75,29477.25,38
2026-09-14 21:11:00-04:00,29485.5,29485.5,29485.5,29481.5,29482.0,67
2026-09-14 21:12:00-04:00,29486.0,29486.0,29492.75,29483.75,29485.25,139
2026-09-14 21:13:00-04:00,29483.75,29483.75,29486.25,29482.75,29486.25,40
2026-09-14 21:14:00-04:00,29487.5,29487.5,29488.0,29482.25,29485.25,59
2026-09-14 21:15:00-04:00,29489.25,29489.25,29490.75,29486.0,29487.5,67
2026-09-14 21:16:00-04:00,29493.75,29493.75,29495.25,29489.0,29490.0,122
2026-09-14 21:17:00-04:00,29491.0,29491.0,29493.5,29489.0,29493.5,81
2026-09-14 21:18:00-04:00,29487.75,29487.75,29491.0,29485.5,29490.5,57
2026-09-14 21:19:00-04:00,29488.25,29488.25,29489.5,29486.25,29487.5,48
2026-09-14 21:20:00-04:00,29488.75,29488.75,29490.25,29485.25,29487.75,64
2026-09-14 21:21:00-04:00,29490.25,29490.25,29490.25,29486.75,29487.25,26
2026-09-14 21:22:00-04:00,29488.5,29488.5,29489.5,29486.5,29489.5,41
2026-09-14 21:23:00-04:00,29485.75,29485.75,29488.5,29483.75,29488.0,47
2026-09-14 21:24:00-04:00,29488.75,29488.75,29488.75,29483.75,29486.0,18
2026-09-14 21:25:00-04:00,29489.25,29489.25,29490.5,29486.0,29487.5,25
2026-09-14 21:26:00-04:00,29485.0,29485.0,29489.75,29483.75,29489.75,25
2026-09-14 21:27:00-04:00,29480.75,29480.75,29485.25,29478.5,29484.25,105
2026-09-14 21:28:00-04:00,29476.5,29476.5,29481.25,29473.75,29481.25,123
2026-09-14 21:29:00-04:00,29474.5,29474.5,29476.5,29470.5,29476.5,110
2026-09-14 21:30:00-04:00,29472.75,29472.75,29475.75,29469.25,29473.75,83
2026-09-14 21:31:00-04:00,29475.75,29475.75,29477.5,29466.0,29473.0,115
2026-09-14 21:32:00-04:00,29472.25,29472.25,29476.75,29468.75,29476.75,98
2026-09-14 21:33:00-04:00,29470.0,29470.0,29477.0,29469.5,29473.75,55
2026-09-14 21:34:00-04:00,29458.0,29458.0,29469.25,29456.75,29469.0,203
2026-09-14 21:35:00-04:00,29450.0,29450.0,29459.25,29449.25,29456.75,246
2026-09-14 21:36:00-04:00,29447.75,29447.75,29455.0,29447.75,29451.0,133
2026-09-14 21:37:00-04:00,29448.0,29448.0,29452.0,29444.5,29448.0,163
2026-09-14 21:38:00-04:00,29453.0,29453.0,29455.75,29447.25,29447.75,111
2026-09-14 21:39:00-04:00,29453.75,29453.75,29457.5,29448.0,29454.0,80
2026-09-14 21:40:00-04:00,29435.25,29435.25,29453.0,29432.25,29453.0,414
2026-09-14 21:41:00-04:00,29431.75,29431.75,29436.75,29430.25,29435.0,181
2026-09-14 21:42:00-04:00,29436.75,29436.75,29437.25,29428.0,29431.5,145
2026-09-14 21:43:00-04:00,29438.75,29438.75,29441.0,29434.25,29437.25,92
2026-09-14 21:44:00-04:00,29438.5,29438.5,29442.0,29437.0,29439.25,90
2026-09-14 21:45:00-04:00,29438.0,29438.0,29441.75,29430.25,29439.75,106
2026-09-14 21:46:00-04:00,29436.5,29436.5,29442.75,29435.5,29438.75,113
2026-09-14 21:47:00-04:00,29438.75,29438.75,29443.75,29437.75,29438.75,194
2026-09-14 21:48:00-04:00,29442.25,29442.25,29443.0,29437.0,29438.75,99
2026-09-14 21:49:00-04:00,29454.0,29454.0,29454.75,29441.5,29442.25,310
2026-09-14 21:50:00-04:00,29446.0,29446.0,29454.25,29441.5,29452.75,213
2026-09-14 21:51:00-04:00,29442.25,29442.25,29446.5,29440.0,29445.75,79
2026-09-14 21:52:00-04:00,29453.0,29453.0,29453.0,29439.25,29442.0,71
2026-09-14 21:53:00-04:00,29468.25,29468.25,29468.25,29452.25,29453.75,208
2026-09-14 21:54:00-04:00,29460.25,29460.25,29469.0,29460.0,29467.25,105
2026-09-14 21:55:00-04:00,29469.25,29469.25,29470.0,29460.5,29461.5,134
2026-09-14 21:56:00-04:00,29465.0,29465.0,29470.0,29459.75,29469.5,100
2026-09-14 21:57:00-04:00,29460.5,29460.5,29465.5,29458.0,29464.0,56
2026-09-14 21:58:00-04:00,29460.5,29460.5,29462.75,29457.75,29460.75,61
2026-09-14 21:59:00-04:00,29463.5,29463.5,29466.0,29459.0,29460.25,30
2026-09-14 22:00:00-04:00,29463.0,29463.0,29466.0,29460.0,29463.75,49
2026-09-14 22:01:00-04:00,29471.5,29471.5,29473.5,29460.0,29462.75,120
2026-09-14 22:02:00-04:00,29472.0,29472.0,29475.25,29469.5,29472.5,163
2026-09-14 22:03:00-04:00,29466.0,29466.0,29474.25,29459.75,29474.0,157
2026-09-14 22:04:00-04:00,29471.0,29471.0,29471.75,29463.75,29464.75,38
2026-09-14 22:05:00-04:00,29462.5,29462.5,29471.0,29462.25,29469.75,45
2026-09-14 22:06:00-04:00,29458.5,29458.5,29462.25,29455.25,29462.25,145
2026-09-14 22:07:00-04:00,29460.75,29460.75,29465.0,29458.25,29459.0,65
2026-09-14 22:08:00-04:00,29460.0,29460.0,29462.0,29453.75,29459.25,55
2026-09-14 22:09:00-04:00,29460.25,29460.25,29460.75,29456.75,29460.25,30
2026-09-14 22:10:00-04:00,29458.25,29458.25,29461.75,29455.25,29461.5,24
2026-09-14 22:11:00-04:00,29457.5,29457.5,29462.0,29454.25,29457.0,72
2026-09-14 22:12:00-04:00,29462.25,29462.25,29466.5,29457.5,29458.75,73
2026-09-14 22:13:00-04:00,29458.5,29458.5,29463.5,29458.5,29462.0,33
2026-09-14 22:14:00-04:00,29460.75,29460.75,29462.25,29460.25,29461.75,20
2026-09-14 22:15:00-04:00,29460.5,29460.5,29461.5,29452.0,29461.5,102
2026-09-14 22:16:00-04:00,29462.75,29462.75,29465.5,29459.0,29461.0,130
2026-09-14 22:17:00-04:00,29459.75,29459.75,29462.5,29458.5,29461.5,12
2026-09-14 22:18:00-04:00,29457.25,29457.25,29459.25,29454.0,29459.25,30
2026-09-14 22:19:00-04:00,29455.25,29455.25,29460.25,29454.0,29457.25,40
2026-09-14 22:20:00-04:00,29462.5,29462.5,29462.5,29455.5,29456.75,23
2026-09-14 22:21:00-04:00,29455.0,29455.0,29460.0,29455.0,29460.0,33
2026-09-14 22:22:00-04:00,29455.25,29455.25,29457.25,29453.25,29454.25,24
2026-09-14 22:23:00-04:00,29456.5,29456.5,29458.75,29455.25,29458.5,16
2026-09-14 22:24:00-04:00,29463.75,29463.75,29463.75,29457.25,29457.25,52
2026-09-14 22:25:00-04:00,29465.0,29465.0,29468.25,29461.75,29462.5,75
2026-09-14 22:26:00-04:00,29461.75,29461.75,29467.0,29457.75,29465.0,79
2026-09-14 22:27:00-04:00,29462.0,29462.0,29465.0,29462.0,29463.5,31
2026-09-14 22:28:00-04:00,29462.75,29462.75,29463.75,29460.75,29462.5,31
2026-09-14 22:29:00-04:00,29463.25,29463.25,29464.0,29461.75,29463.25,15
2026-09-14 22:30:00-04:00,29462.5,29462.5,29464.0,29458.5,29464.0,58
2026-09-14 22:31:00-04:00,29461.0,29461.0,29469.75,29460.0,29462.25,125
2026-09-14 22:32:00-04:00,29457.0,29457.0,29462.75,29456.5,29462.0,57
2026-09-14 22:33:00-04:00,29458.75,29458.75,29459.25,29455.5,29458.75,27
2026-09-14 22:34:00-04:00,29464.5,29464.5,29466.5,29460.5,29460.5,58
2026-09-14 22:35:00-04:00,29465.0,29465.0,29469.75,29461.5,29463.0,58
2026-09-14 22:36:00-04:00,29469.5,29469.5,29469.5,29460.0,29464.25,35
2026-09-14 22:37:00-04:00,29459.5,29459.5,29468.5,29456.75,29468.5,65
2026-09-14 22:38:00-04:00,29459.25,29459.25,29461.0,29457.75,29459.25,26
2026-09-14 22:39:00-04:00,29461.75,29461.75,29462.5,29457.25,29459.5,78
2026-09-14 22:40:00-04:00,29463.75,29463.75,29466.25,29460.75,29461.5,48
2026-09-14 22:41:00-04:00,29461.5,29461.5,29463.0,29461.25,29463.0,12
2026-09-14 22:42:00-04:00,29457.5,29457.5,29460.5,29452.0,29460.5,62
2026-09-14 22:43:00-04:00,29463.5,29463.5,29465.0,29457.5,29460.25,37
2026-09-14 22:44:00-04:00,29461.25,29461.25,29466.0,29459.25,29464.75,64
2026-09-14 22:45:00-04:00,29460.75,29460.75,29462.25,29458.0,29459.0,23
2026-09-14 22:46:00-04:00,29460.0,29460.0,29461.75,29457.75,29458.75,41
2026-09-14 22:47:00-04:00,29458.25,29458.25,29459.75,29455.0,29458.25,24
2026-09-14 22:48:00-04:00,29461.75,29461.75,29462.75,29458.0,29458.25,23
2026-09-14 22:49:00-04:00,29466.25,29466.25,29468.75,29461.25,29462.5,108
2026-09-14 22:50:00-04:00,29463.75,29463.75,29467.75,29462.0,29467.0,42
2026-09-14 22:51:00-04:00,29458.25,29458.25,29463.0,29456.75,29462.5,54
2026-09-14 22:52:00-04:00,29463.0,29463.0,29465.75,29457.5,29457.75,22
2026-09-14 22:53:00-04:00,29465.75,29465.75,29465.75,29461.5,29462.0,16
2026-09-14 22:54:00-04:00,29461.75,29461.75,29466.0,29459.25,29466.0,86
2026-09-14 22:55:00-04:00,29467.75,29467.75,29468.5,29462.5,29462.75,54
2026-09-14 22:56:00-04:00,29468.5,29468.5,29468.75,29465.75,29466.75,48
2026-09-14 22:57:00-04:00,29463.5,29463.5,29468.0,29461.25,29468.0,83
2026-09-14 22:58:00-04:00,29462.75,29462.75,29466.0,29458.75,29464.0,109
2026-09-14 22:59:00-04:00,29460.5,29460.5,29464.25,29459.25,29462.5,100
2026-09-14 23:00:00-04:00,29467.5,29467.5,29467.5,29457.5,29460.0,141
2026-09-14 23:01:00-04:00,29466.5,29466.5,29467.75,29465.25,29467.75,34
2026-09-14 23:02:00-04:00,29461.5,29461.5,29465.75,29461.0,29465.75,61
2026-09-14 23:03:00-04:00,29458.25,29458.25,29463.5,29457.0,29462.0,45
2026-09-14 23:04:00-04:00,29458.0,29458.0,29459.25,29455.5,29457.5,57
2026-09-14 23:05:00-04:00,29457.0,29457.0,29457.5,29453.25,29457.5,57
2026-09-14 23:06:00-04:00,29452.25,29452.25,29457.5,29450.25,29457.25,84
2026-09-14 23:07:00-04:00,29453.25,29453.25,29455.5,29449.0,29452.0,112
2026-09-14 23:08:00-04:00,29453.0,29453.0,29456.0,29452.0,29453.75,88
2026-09-14 23:09:00-04:00,29452.25,29452.25,29455.0,29452.0,29453.0,23
2026-09-14 23:10:00-04:00,29450.5,29450.5,29452.5,29449.75,29450.5,28
2026-09-14 23:11:00-04:00,29448.0,29448.0,29450.5,29444.5,29449.75,76
2026-09-14 23:12:00-04:00,29450.75,29450.75,29450.75,29446.75,29448.0,70
2026-09-14 23:13:00-04:00,29452.75,29452.75,29453.25,29450.25,29451.0,23
2026-09-14 23:14:00-04:00,29451.25,29451.25,29455.25,29450.75,29452.0,66
2026-09-14 23:15:00-04:00,29450.5,29450.5,29454.75,29449.5,29450.75,44
2026-09-14 23:16:00-04:00,29445.25,29445.25,29451.25,29445.25,29450.75,71
2026-09-14 23:17:00-04:00,29447.25,29447.25,29448.5,29444.0,29446.0,33
2026-09-14 23:18:00-04:00,29449.5,29449.5,29451.25,29446.5,29446.5,24
2026-09-14 23:19:00-04:00,29446.5,29446.5,29450.75,29446.5,29449.75,51
2026-09-14 23:20:00-04:00,29447.25,29447.25,29449.0,29446.25,29446.25,24
2026-09-14 23:21:00-04:00,29447.75,29447.75,29449.75,29447.5,29449.5,35
2026-09-14 23:22:00-04:00,29447.25,29447.25,29448.75,29447.25,29448.5,28
2026-09-14 23:23:00-04:00,29443.5,29443.5,29448.5,29443.0,29448.5,34
2026-09-14 23:24:00-04:00,29445.5,29445.5,29445.5,29443.75,29443.75,6
2026-09-14 23:25:00-04:00,29443.0,29443.0,29446.25,29443.0,29446.25,23
2026-09-14 23:26:00-04:00,29441.5,29441.5,29443.75,29440.25,29442.75,51
2026-09-14 23:27:00-04:00,29445.25,29445.25,29445.75,29442.0,29442.25,40
2026-09-14 23:28:00-04:00,29443.75,29443.75,29445.0,29443.25,29444.25,19
2026-09-14 23:29:00-04:00,29447.5,29447.5,29448.25,29445.25,29445.5,70
2026-09-14 23:30:00-04:00,29446.0,29446.0,29446.5,29440.5,29444.0,77
2026-09-14 23:31:00-04:00,29444.25,29444.25,29447.75,29444.0,29446.75,52
2026-09-14 23:32:00-04:00,29446.0,29446.0,29447.25,29443.5,29443.5,25
2026-09-14 23:33:00-04:00,29448.0,29448.0,29451.25,29446.75,29446.75,56
2026-09-14 23:34:00-04:00,29447.0,29447.0,29447.5,29444.25,29447.5,23
2026-09-14 23:35:00-04:00,29452.0,29452.0,29452.0,29448.5,29448.5,14
2026-09-14 23:36:00-04:00,29445.25,29445.25,29450.75,29442.25,29450.75,62
2026-09-14 23:37:00-04:00,29442.25,29442.25,29446.5,29441.5,29444.0,36
2026-09-14 23:38:00-04:00,29444.5,29444.5,29444.5,29441.25,29441.5,22
2026-09-14 23:39:00-04:00,29442.25,29442.25,29445.0,29441.25,29443.5,49
2026-09-14 23:40:00-04:00,29442.75,29442.75,29444.75,29442.75,29442.75,16
2026-09-14 23:41:00-04:00,29443.25,29443.25,29444.25,29441.5,29442.75,31
2026-09-14 23:42:00-04:00,29445.0,29445.0,29446.75,29442.75,29444.0,30
2026-09-14 23:43:00-04:00,29444.0,29444.0,29445.75,29443.75,29444.25,14
2026-09-14 23:44:00-04:00,29449.0,29449.0,29449.0,29443.5,29443.75,17
2026-09-14 23:45:00-04:00,29447.0,29447.0,29454.75,29444.5,29449.5,139
2026-09-14 23:46:00-04:00,29442.0,29442.0,29448.5,29442.0,29444.75,51
2026-09-14 23:47:00-04:00,29443.25,29443.25,29445.75,29442.25,29443.0,56
2026-09-14 23:48:00-04:00,29438.75,29438.75,29443.25,29437.25,29441.0,107
2026-09-14 23:49:00-04:00,29440.75,29440.75,29441.75,29436.75,29438.25,32
2026-09-14 23:50:00-04:00,29439.75,29439.75,29441.25,29438.0,29441.25,58
2026-09-14 23:51:00-04:00,29441.25,29441.25,29442.0,29438.0,29439.75,39
2026-09-14 23:52:00-04:00,29437.5,29437.5,29440.5,29436.5,29440.5,31
2026-09-14 23:53:00-04:00,29439.25,29439.25,29440.0,29436.0,29437.25,23
2026-09-14 23:54:00-04:00,29424.25,29424.25,29437.0,29422.5,29437.0,223
2026-09-14 23:55:00-04:00,29422.5,29422.5,29424.0,29419.75,29423.0,132
2026-09-14 23:56:00-04:00,29417.0,29417.0,29423.75,29415.5,29422.75,82
2026-09-14 23:57:00-04:00,29417.0,29417.0,29418.0,29415.0,29416.75,61
2026-09-14 23:58:00-04:00,29416.75,29416.75,29417.75,29415.5,29417.5,28
2026-09-15 00:09:00-04:00,29421.0,29421.0,29421.0,29417.75,29418.0,35
2026-09-15 00:10:00-04:00,29422.25,29422.25,29425.25,29419.5,29419.5,53
2026-09-15 00:11:00-04:00,29414.75,29414.75,29419.5,29413.75,29419.5,36
2026-09-15 00:12:00-04:00,29416.0,29416.0,29418.0,29411.5,29413.75,58
2026-09-15 00:13:00-04:00,29413.25,29413.25,29419.25,29413.25,29416.5,40
2026-09-15 00:14:00-04:00,29414.5,29414.5,29417.5,29412.25,29412.25,27
2026-09-15 00:15:00-04:00,29416.5,29416.5,29418.0,29412.0,29415.25,78
2026-09-15 00:16:00-04:00,29412.75,29412.75,29415.5,29412.0,29415.5,84
2026-09-15 00:17:00-04:00,29413.75,29413.75,29415.0,29410.75,29412.0,74
2026-09-15 00:18:00-04:00,29410.75,29410.75,29413.75,29410.0,29412.5,85
2026-09-15 00:19:00-04:00,29410.5,29410.5,29412.25,29405.25,29410.0,106
2026-09-15 00:20:00-04:00,29408.25,29408.25,29411.25,29406.5,29410.25,136
2026-09-15 00:21:00-04:00,29400.75,29400.75,29409.25,29400.0,29408.75,324
2026-09-15 00:22:00-04:00,29396.75,29396.75,29402.5,29394.0,29401.25,177
2026-09-15 00:23:00-04:00,29395.0,29395.0,29398.5,29393.5,29397.5,99
2026-09-15 00:24:00-04:00,29390.0,29390.0,29395.0,29389.0,29394.0,102
2026-09-15 00:25:00-04:00,29386.75,29386.75,29391.75,29386.75,29390.75,120
2026-09-15 00:26:00-04:00,29386.75,29386.75,29389.0,29385.0,29387.75,107
2026-09-15 00:27:00-04:00,29385.25,29385.25,29389.5,29384.25,29385.75,62
2026-09-15 00:28:00-04:00,29382.25,29382.25,29386.75,29378.5,29386.0,149
2026-09-15 00:29:00-04:00,29385.5,29385.5,29386.0,29376.75,29381.75,130
2026-09-15 00:30:00-04:00,29387.0,29387.0,29388.5,29385.0,29386.5,77
2026-09-15 00:31:00-04:00,29390.25,29390.25,29392.5,29385.75,29386.75,50
2026-09-15 00:32:00-04:00,29384.75,29384.75,29390.0,29383.25,29390.0,44
2026-09-15 00:33:00-04:00,29379.25,29379.25,29384.5,29379.25,29384.5,82
2026-09-15 00:34:00-04:00,29383.5,29383.5,29384.0,29379.25,29380.75,44
2026-09-15 00:35:00-04:00,29381.75,29381.75,29383.75,29379.0,29383.75,25
2026-09-15 00:36:00-04:00,29376.75,29376.75,29380.75,29372.0,29380.5,116
2026-09-15 00:37:00-04:00,29364.75,29364.75,29377.0,29363.5,29376.0,207
2026-09-15 00:38:00-04:00,29370.5,29370.5,29372.5,29365.0,29365.0,56
2026-09-15 00:39:00-04:00,29372.75,29372.75,29374.75,29371.5,29371.75,35
2026-09-15 00:40:00-04:00,29375.0,29375.0,29376.25,29371.25,29373.0,36
2026-09-15 00:41:00-04:00,29387.5,29387.5,29389.25,29374.75,29375.75,245
2026-09-15 00:42:00-04:00,29392.0,29392.0,29392.25,29386.5,29387.25,82
2026-09-15 00:43:00-04:00,29389.5,29389.5,29393.5,29389.0,29390.75,92
2026-09-15 00:44:00-04:00,29388.0,29388.0,29389.25,29385.0,29388.75,135
2026-09-15 00:45:00-04:00,29385.5,29385.5,29389.5,29381.25,29387.5,100
2026-09-15 00:46:00-04:00,29385.0,29385.0,29385.0,29382.0,29384.25,21
2026-09-15 00:47:00-04:00,29389.5,29389.5,29390.25,29383.25,29385.25,66
2026-09-15 00:48:00-04:00,29398.75,29398.75,29398.75,29389.25,29389.5,134
2026-09-15 00:49:00-04:00,29389.25,29389.25,29397.75,29388.0,29397.75,120
2026-09-15 00:50:00-04:00,29378.25,29378.25,29390.0,29376.25,29388.25,138
2026-09-15 00:51:00-04:00,29374.0,29374.0,29379.25,29373.25,29379.25,78
2026-09-15 00:52:00-04:00,29369.5,29369.5,29374.25,29368.25,29373.75,139
2026-09-15 00:53:00-04:00,29372.5,29372.5,29373.0,29365.75,29368.5,93
2026-09-15 00:54:00-04:00,29376.5,29376.5,29378.5,29372.25,29372.5,78
2026-09-15 00:55:00-04:00,29374.25,29374.25,29377.0,29371.75,29377.0,40
2026-09-15 00:56:00-04:00,29365.0,29365.0,29374.25,29363.25,29373.25,152
2026-09-15 00:57:00-04:00,29364.25,29364.25,29370.5,29364.25,29365.0,71
2026-09-15 00:58:00-04:00,29364.25,29364.25,29366.25,29361.0,29364.0,123
2026-09-15 00:59:00-04:00,29353.25,29353.25,29366.0,29352.0,29365.25,243
2026-09-15 01:00:00-04:00,29359.0,29359.0,29362.75,29349.75,29352.25,183
2026-09-15 01:01:00-04:00,29357.5,29357.5,29361.5,29355.25,29359.75,191
2026-09-15 01:02:00-04:00,29352.0,29352.0,29361.5,29349.0,29357.5,231
2026-09-15 01:03:00-04:00,29351.5,29351.5,29354.0,29348.25,29352.25,41
2026-09-15 01:04:00-04:00,29351.75,29351.75,29354.0,29349.0,29351.0,80
2026-09-15 01:05:00-04:00,29352.0,29352.0,29356.0,29349.25,29350.0,76
2026-09-15 01:06:00-04:00,29349.25,29349.25,29353.75,29347.25,29351.75,94
2026-09-15 01:07:00-04:00,29346.5,29346.5,29352.75,29345.75,29349.0,171
2026-09-15 01:08:00-04:00,29338.25,29338.25,29347.25,29337.5,29347.25,171
2026-09-15 01:09:00-04:00,29335.0,29335.0,29342.25,29332.75,29338.25,268
2026-09-15 01:10:00-04:00,29330.25,29330.25,29335.25,29328.5,29332.75,185
2026-09-15 01:11:00-04:00,29327.0,29327.0,29334.0,29326.0,29330.75,139
2026-09-15 01:12:00-04:00,29321.5,29321.5,29326.5,29318.0,29325.0,223
2026-09-15 01:13:00-04:00,29325.25,29325.25,29327.25,29320.0,29320.75,127
2026-09-15 01:14:00-04:00,29325.0,29325.0,29326.75,29322.25,29323.75,93
2026-09-15 01:15:00-04:00,29316.5,29316.5,29325.75,29315.75,29325.75,151
2026-09-15 01:16:00-04:00,29318.0,29318.0,29318.75,29311.5,29316.0,132
2026-09-15 01:17:00-04:00,29311.0,29311.0,29320.25,29310.0,29317.75,136
2026-09-15 01:18:00-04:00,29320.25,29320.25,29322.75,29311.0,29311.5,130
2026-09-15 01:19:00-04:00,29312.25,29312.25,29320.5,29308.5,29320.0,107
2026-09-15 01:20:00-04:00,29321.25,29321.25,29326.0,29313.5,29313.5,127
2026-09-15 01:21:00-04:00,29317.5,29317.5,29322.5,29313.75,29321.25,89
2026-09-15 01:22:00-04:00,29317.5,29317.5,29320.25,29311.75,29316.0,85
2026-09-15 01:23:00-04:00,29317.75,29317.75,29318.0,29313.5,29315.0,60
2026-09-15 01:24:00-04:00,29317.0,29317.0,29323.5,29314.25,29318.0,101
2026-09-15 01:25:00-04:00,29317.75,29317.75,29319.5,29316.0,29317.25,40
2026-09-15 01:26:00-04:00,29321.25,29321.25,29324.5,29317.25,29317.25,56
2026-09-15 01:27:00-04:00,29335.75,29335.75,29336.75,29322.75,29322.75,157
2026-09-15 01:28:00-04:00,29341.5,29341.5,29341.5,29332.0,29335.0,171
2026-09-15 01:29:00-04:00,29340.75,29340.75,29344.25,29338.5,29340.75,144
2026-09-15 01:30:00-04:00,29338.25,29338.25,29342.5,29335.0,29340.0,108
2026-09-15 01:31:00-04:00,29339.75,29339.75,29340.5,29331.75,29337.25,83
2026-09-15 01:32:00-04:00,29346.25,29346.25,29346.25,29339.0,29339.5,121
2026-09-15 01:33:00-04:00,29350.0,29350.0,29354.75,29345.25,29346.25,186
2026-09-15 01:34:00-04:00,29350.75,29350.75,29351.25,29342.75,29350.75,65
2026-09-15 01:35:00-04:00,29345.25,29345.25,29353.5,29339.25,29351.25,127
2026-09-15 01:36:00-04:00,29343.5,29343.5,29344.25,29336.5,29343.0,86
2026-09-15 01:37:00-04:00,29336.0,29336.0,29347.0,29336.0,29343.75,66
2026-09-15 01:38:00-04:00,29331.25,29331.25,29338.25,29329.25,29335.5,95
2026-09-15 01:39:00-04:00,29344.25,29344.25,29346.0,29330.75,29331.25,99
2026-09-15 01:40:00-04:00,29359.75,29359.75,29361.0,29344.25,29344.25,174
2026-09-15 01:41:00-04:00,29368.75,29368.75,29371.25,29359.25,29360.5,176
2026-09-15 01:42:00-04:00,29370.75,29370.75,29375.25,29368.25,29369.0,148
2026-09-15 01:43:00-04:00,29370.75,29370.75,29371.5,29366.0,29370.75,81
2026-09-15 01:44:00-04:00,29376.25,29376.25,29379.0,29370.5,29371.25,110
2026-09-15 01:45:00-04:00,29381.75,29381.75,29383.5,29377.0,29377.0,167
2026-09-15 01:46:00-04:00,29375.75,29375.75,29380.5,29369.25,29380.5,173
2026-09-15 01:47:00-04:00,29373.0,29373.0,29377.25,29373.0,29375.5,38
2026-09-15 01:48:00-04:00,29383.0,29383.0,29383.0,29376.25,29376.25,58
2026-09-15 01:49:00-04:00,29374.25,29374.25,29388.0,29374.0,29383.75,125
2026-09-15 01:50:00-04:00,29383.5,29383.5,29383.5,29369.75,29374.25,164
2026-09-15 01:51:00-04:00,29388.25,29388.25,29391.75,29382.5,29382.75,183
2026-09-15 01:52:00-04:00,29401.5,29401.5,29401.5,29387.0,29388.25,175
2026-09-15 01:53:00-04:00,29395.75,29395.75,29402.5,29395.0,29400.0,114
2026-09-15 01:54:00-04:00,29402.5,29402.5,29404.5,29397.0,29397.0,129
2026-09-15 01:55:00-04:00,29394.75,29394.75,29403.5,29393.5,29403.25,164
2026-09-15 01:56:00-04:00,29382.25,29382.25,29395.5,29378.75,29394.0,155
2026-09-15 01:57:00-04:00,29385.0,29385.0,29385.25,29380.5,29382.25,50
2026-09-15 01:58:00-04:00,29378.75,29378.75,29382.75,29378.75,29381.5,79
2026-09-15 01:59:00-04:00,29379.25,29379.25,29381.75,29376.5,29378.5,118
2026-09-15 02:00:00-04:00,29383.0,29383.0,29389.25,29377.0,29378.25,183
2026-09-15 02:01:00-04:00,29389.0,29389.0,29391.0,29382.0,29382.75,161
2026-09-15 02:02:00-04:00,29390.75,29390.75,29394.25,29386.0,29387.0,232
2026-09-15 02:03:00-04:00,29392.75,29392.75,29394.0,29382.75,29391.5,119
2026-09-15 02:04:00-04:00,29389.5,29389.5,29395.25,29388.75,29391.25,80
2026-09-15 02:05:00-04:00,29379.0,29379.0,29392.5,29377.0,29388.5,103
2026-09-15 02:06:00-04:00,29366.75,29366.75,29380.5,29366.75,29377.5,222
2026-09-15 02:07:00-04:00,29382.75,29382.75,29383.25,29368.25,29368.75,113
2026-09-15 02:08:00-04:00,29381.25,29381.25,29385.25,29378.5,29381.5,68
2026-09-15 02:09:00-04:00,29378.25,29378.25,29386.0,29376.0,29380.75,87
2026-09-15 02:10:00-04:00,29374.75,29374.75,29379.75,29372.5,29378.0,52
2026-09-15 02:11:00-04:00,29373.75,29373.75,29375.25,29370.0,29374.25,90
2026-09-15 02:12:00-04:00,29377.75,29377.75,29381.25,29373.0,29373.5,158
2026-09-15 02:13:00-04:00,29386.75,29386.75,29389.0,29378.5,29378.5,73
2026-09-15 02:14:00-04:00,29386.5,29386.5,29390.5,29382.75,29387.0,64
2026-09-15 02:15:00-04:00,29384.25,29384.25,29388.75,29379.5,29384.25,102
2026-09-15 02:16:00-04:00,29384.25,29384.25,29386.5,29381.5,29384.25,60
2026-09-15 02:17:00-04:00,29392.25,29392.25,29392.5,29382.5,29382.5,90
2026-09-15 02:18:00-04:00,29391.5,29391.5,29393.5,29386.75,29392.5,97
2026-09-15 02:19:00-04:00,29390.75,29390.75,29391.75,29388.25,29390.5,77
2026-09-15 02:20:00-04:00,29388.25,29388.25,29390.25,29385.0,29390.25,60
2026-09-15 02:21:00-04:00,29389.25,29389.25,29392.0,29384.25,29388.0,72
2026-09-15 02:22:00-04:00,29382.75,29382.75,29390.25,29382.0,29387.75,40
2026-09-15 02:23:00-04:00,29392.0,29392.0,29395.25,29384.75,29384.75,68
2026-09-15 02:24:00-04:00,29380.0,29380.0,29391.0,29379.75,29391.0,66
2026-09-15 02:25:00-04:00,29381.25,29381.25,29384.75,29377.0,29381.75,65
2026-09-15 02:26:00-04:00,29377.25,29377.25,29382.0,29375.75,29382.0,48
2026-09-15 02:27:00-04:00,29374.0,29374.0,29378.75,29373.0,29376.75,71
2026-09-15 02:28:00-04:00,29377.0,29377.0,29379.0,29374.25,29374.25,28
2026-09-15 02:29:00-04:00,29372.25,29372.25,29378.25,29370.5,29378.0,44
2026-09-15 02:30:00-04:00,29365.5,29365.5,29373.75,29365.0,29372.0,139
2026-09-15 02:31:00-04:00,29362.75,29362.75,29366.5,29358.5,29366.0,192
2026-09-15 02:32:00-04:00,29362.25,29362.25,29369.0,29362.25,29363.0,58
2026-09-15 02:33:00-04:00,29358.5,29358.5,29367.0,29358.5,29363.5,53
2026-09-15 02:34:00-04:00,29359.0,29359.0,29361.0,29357.0,29358.5,58
2026-09-15 02:35:00-04:00,29356.5,29356.5,29371.25,29355.75,29358.25,135
2026-09-15 02:36:00-04:00,29353.5,29353.5,29357.0,29347.0,29356.75,166
2026-09-15 02:37:00-04:00,29351.25,29351.25,29355.75,29351.0,29353.5,34
2026-09-15 02:38:00-04:00,29354.0,29354.0,29355.75,29349.75,29352.5,54
2026-09-15 02:39:00-04:00,29357.0,29357.0,29357.25,29350.75,29355.25,62
2026-09-15 02:40:00-04:00,29358.5,29358.5,29361.5,29356.25,29356.75,72
2026-09-15 02:41:00-04:00,29361.0,29361.0,29362.75,29358.5,29358.75,55
2026-09-15 02:42:00-04:00,29361.75,29361.75,29366.25,29356.25,29362.0,60
2026-09-15 02:43:00-04:00,29350.0,29350.0,29362.0,29348.5,29362.0,113
2026-09-15 02:44:00-04:00,29348.25,29348.25,29351.75,29345.5,29348.75,99
2026-09-15 02:45:00-04:00,29356.0,29356.0,29359.5,29345.5,29346.75,75
2026-09-15 02:46:00-04:00,29356.75,29356.75,29358.25,29354.75,29356.75,39
2026-09-15 02:47:00-04:00,29354.25,29354.25,29361.0,29354.25,29355.5,83
2026-09-15 02:48:00-04:00,29356.75,29356.75,29359.0,29353.75,29355.25,47
2026-09-15 02:49:00-04:00,29353.75,29353.75,29359.5,29352.25,29358.5,76
2026-09-15 02:50:00-04:00,29354.0,29354.0,29356.25,29350.5,29355.25,46
2026-09-15 02:51:00-04:00,29353.25,29353.25,29354.5,29350.5,29353.25,37
2026-09-15 02:52:00-04:00,29348.25,29348.25,29356.25,29347.25,29356.0,90
2026-09-15 02:53:00-04:00,29346.5,29346.5,29350.5,29346.0,29348.0,57
2026-09-15 02:54:00-04:00,29347.75,29347.75,29351.75,29346.0,29346.75,53
2026-09-15 02:55:00-04:00,29346.75,29346.75,29349.25,29342.5,29346.0,77
2026-09-15 02:56:00-04:00,29353.0,29353.0,29353.0,29339.0,29344.25,115
2026-09-15 02:57:00-04:00,29356.5,29356.5,29358.75,29352.5,29353.75,114
2026-09-15 02:58:00-04:00,29356.5,29356.5,29358.25,29354.0,29355.75,62
2026-09-15 02:59:00-04:00,29352.25,29352.25,29358.0,29352.25,29356.75,94
2026-09-15 03:00:00-04:00,29357.25,29357.25,29359.0,29339.5,29354.5,441
2026-09-15 03:01:00-04:00,29344.25,29344.25,29356.25,29343.5,29355.25,154
2026-09-15 03:02:00-04:00,29348.25,29348.25,29351.75,29343.0,29345.0,113
2026-09-15 03:03:00-04:00,29362.0,29362.0,29363.75,29347.25,29347.75,158
2026-09-15 03:04:00-04:00,29368.25,29368.25,29376.0,29360.25,29361.75,252
2026-09-15 03:05:00-04:00,29358.5,29358.5,29374.75,29358.0,29367.25,173
2026-09-15 03:06:00-04:00,29358.5,29358.5,29362.75,29352.0,29358.75,165
2026-09-15 03:07:00-04:00,29350.75,29350.75,29361.25,29344.25,29358.0,157
2026-09-15 03:08:00-04:00,29353.0,29353.0,29359.0,29351.5,29352.0,68
2026-09-15 03:09:00-04:00,29360.0,29360.0,29363.0,29346.0,29353.5,89
2026-09-15 03:10:00-04:00,29354.0,29354.0,29367.5,29352.25,29364.0,141
2026-09-15 03:11:00-04:00,29344.25,29344.25,29355.25,29343.75,29353.25,140
2026-09-15 03:12:00-04:00,29335.25,29335.25,29345.25,29331.75,29345.25,262
2026-09-15 03:13:00-04:00,29331.5,29331.5,29346.5,29331.0,29336.0,165
2026-09-15 03:14:00-04:00,29327.5,29327.5,29331.5,29323.25,29331.0,221
2026-09-15 03:15:00-04:00,29334.0,29334.0,29334.0,29325.75,29325.75,128
2026-09-15 03:16:00-04:00,29336.75,29336.75,29342.25,29331.25,29331.25,127
2026-09-15 03:17:00-04:00,29332.25,29332.25,29339.0,29329.0,29337.0,94
2026-09-15 03:18:00-04:00,29337.5,29337.5,29339.5,29332.25,29332.25,54
2026-09-15 03:19:00-04:00,29352.5,29352.5,29352.5,29336.0,29339.0,134
2026-09-15 03:20:00-04:00,29359.25,29359.25,29362.5,29350.75,29352.25,207
2026-09-15 03:21:00-04:00,29355.5,29355.5,29360.5,29353.5,29358.5,143
2026-09-15 03:22:00-04:00,29357.25,29357.25,29360.0,29351.0,29354.75,65
2026-09-15 03:23:00-04:00,29372.5,29372.5,29373.5,29353.25,29354.75,111
2026-09-15 03:24:00-04:00,29376.5,29376.5,29378.25,29366.0,29372.25,116
2026-09-15 03:25:00-04:00,29365.5,29365.5,29382.5,29364.25,29377.25,142
2026-09-15 03:26:00-04:00,29358.5,29358.5,29368.75,29356.5,29365.75,131
2026-09-15 03:27:00-04:00,29348.75,29348.75,29360.0,29346.75,29357.25,166
2026-09-15 03:28:00-04:00,29347.0,29347.0,29350.75,29343.0,29350.25,113
2026-09-15 03:29:00-04:00,29354.5,29354.5,29354.75,29343.5,29347.75,82
2026-09-15 03:30:00-04:00,29351.0,29351.0,29359.5,29349.0,29354.5,154
2026-09-15 03:31:00-04:00,29362.25,29362.25,29363.5,29349.5,29351.75,111
2026-09-15 03:32:00-04:00,29359.5,29359.5,29364.25,29355.25,29363.25,112
2026-09-15 03:33:00-04:00,29358.5,29358.5,29359.5,29354.0,29359.5,64
2026-09-15 03:34:00-04:00,29354.75,29354.75,29357.75,29352.25,29356.75,66
2026-09-15 03:35:00-04:00,29349.5,29349.5,29355.25,29344.5,29352.0,208
2026-09-15 03:36:00-04:00,29337.0,29337.0,29348.5,29336.0,29348.5,149
2026-09-15 03:37:00-04:00,29339.25,29339.25,29342.5,29336.0,29336.75,115
2026-09-15 03:38:00-04:00,29335.25,29335.25,29344.75,29334.5,29340.5,108
2026-09-15 03:39:00-04:00,29337.25,29337.25,29340.75,29334.5,29336.0,81
2026-09-15 03:40:00-04:00,29333.0,29333.0,29340.5,29330.25,29337.0,123
2026-09-15 03:41:00-04:00,29320.25,29320.25,29335.5,29318.75,29333.75,281
2026-09-15 03:42:00-04:00,29324.25,29324.25,29324.75,29316.5,29320.75,155
2026-09-15 03:43:00-04:00,29321.25,29321.25,29332.75,29321.25,29324.5,229
2026-09-15 03:44:00-04:00,29316.25,29316.25,29322.5,29312.25,29322.5,171
2026-09-15 03:45:00-04:00,29318.0,29318.0,29322.75,29313.0,29316.25,116
2026-09-15 03:46:00-04:00,29323.75,29323.75,29325.5,29318.0,29321.0,153
2026-09-15 03:47:00-04:00,29321.5,29321.5,29339.0,29318.5,29323.0,453
2026-09-15 03:48:00-04:00,29326.25,29326.25,29326.25,29317.75,29321.5,165
2026-09-15 03:49:00-04:00,29325.0,29325.0,29328.0,29315.25,29327.0,266
2026-09-15 03:50:00-04:00,29326.5,29326.5,29330.75,29325.0,29326.0,138
2026-09-15 03:51:00-04:00,29316.5,29316.5,29326.25,29316.5,29326.25,148
2026-09-15 03:52:00-04:00,29308.5,29308.5,29317.0,29301.75,29315.75,357
2026-09-15 03:53:00-04:00,29315.75,29315.75,29316.25,29301.75,29310.0,194
2026-09-15 03:54:00-04:00,29313.25,29313.25,29318.75,29310.5,29315.75,200
2026-09-15 03:55:00-04:00,29304.75,29304.75,29312.5,29298.75,29312.5,355
2026-09-15 03:56:00-04:00,29308.75,29308.75,29309.0,29303.5,29304.0,134
2026-09-15 03:57:00-04:00,29314.75,29314.75,29320.0,29305.0,29309.5,155
2026-09-15 03:58:00-04:00,29307.75,29307.75,29316.25,29303.25,29315.75,210
2026-09-15 03:59:00-04:00,29316.0,29316.0,29317.5,29306.5,29308.5,94
2026-09-15 04:00:00-04:00,29289.5,29289.5,29317.75,29288.75,29317.75,280
2026-09-15 04:01:00-04:00,29289.0,29289.0,29292.5,29277.75,29289.5,374
2026-09-15 04:02:00-04:00,29279.75,29279.75,29293.75,29278.25,29288.25,266
2026-09-15 04:03:00-04:00,29281.5,29281.5,29290.0,29278.0,29279.25,345
2026-09-15 04:04:00-04:00,29282.75,29282.75,29286.0,29279.75,29279.75,223
2026-09-15 04:05:00-04:00,29281.0,29281.0,29284.75,29274.75,29283.75,184
2026-09-15 04:06:00-04:00,29283.0,29283.0,29284.0,29275.0,29281.5,153
2026-09-15 04:07:00-04:00,29268.5,29268.5,29282.5,29267.0,29282.25,243
2026-09-15 04:08:00-04:00,29246.75,29246.75,29268.0,29245.25,29268.0,398
2026-09-15 04:09:00-04:00,29242.5,29242.5,29254.0,29242.25,29247.0,229
2026-09-15 04:10:00-04:00,29234.75,29234.75,29241.0,29231.0,29241.0,359
2026-09-15 04:11:00-04:00,29253.75,29253.75,29256.0,29232.0,29234.25,272
2026-09-15 04:12:00-04:00,29253.25,29253.25,29258.25,29250.75,29254.0,176
2026-09-15 04:13:00-04:00,29267.25,29267.25,29268.25,29252.75,29254.0,193
2026-09-15 04:14:00-04:00,29276.5,29276.5,29279.0,29264.0,29268.0,244
2026-09-15 04:15:00-04:00,29288.5,29288.5,29290.0,29277.5,29277.5,203
2026-09-15 04:16:00-04:00,29282.5,29282.5,29291.0,29276.75,29289.25,257
2026-09-15 04:17:00-04:00,29283.25,29283.25,29290.0,29280.0,29285.0,225
2026-09-15 04:18:00-04:00,29296.25,29296.25,29297.5,29283.5,29283.75,127
2026-09-15 04:19:00-04:00,29300.25,29300.25,29301.0,29294.0,29297.0,151
2026-09-15 04:20:00-04:00,29304.5,29304.5,29310.0,29300.25,29300.5,267
2026-09-15 04:21:00-04:00,29303.75,29303.75,29306.0,29296.75,29305.5,174
2026-09-15 04:22:00-04:00,29306.0,29306.0,29307.5,29299.75,29302.75,110
2026-09-15 04:23:00-04:00,29304.25,29304.25,29309.25,29301.75,29307.5,158
2026-09-15 04:24:00-04:00,29295.75,29295.75,29304.75,29294.5,29303.25,248
2026-09-15 04:25:00-04:00,29295.75,29295.75,29300.25,29292.5,29296.5,111
2026-09-15 04:26:00-04:00,29295.5,29295.5,29300.75,29294.5,29295.75,134
2026-09-15 04:27:00-04:00,29289.75,29289.75,29303.75,29288.75,29294.75,254
2026-09-15 04:28:00-04:00,29289.75,29289.75,29301.5,29279.0,29290.75,415
2026-09-15 04:29:00-04:00,29290.5,29290.5,29296.0,29275.5,29288.5,271
2026-09-15 04:30:00-04:00,29290.25,29290.25,29295.0,29281.25,29289.25,125
2026-09-15 04:31:00-04:00,29286.0,29286.0,29294.25,29285.5,29291.0,90
2026-09-15 04:32:00-04:00,29285.5,29285.5,29288.0,29282.0,29287.0,96
2026-09-15 04:33:00-04:00,29275.25,29275.25,29285.5,29272.5,29285.25,264
2026-09-15 04:34:00-04:00,29272.25,29272.25,29278.25,29269.5,29274.75,196
2026-09-15 04:35:00-04:00,29279.25,29279.25,29283.75,29269.75,29273.25,146
2026-09-15 04:36:00-04:00,29276.25,29276.25,29284.75,29273.5,29279.0,99
2026-09-15 04:37:00-04:00,29277.25,29277.25,29280.25,29272.75,29280.0,71
2026-09-15 04:38:00-04:00,29272.5,29272.5,29291.5,29270.75,29276.5,219
2026-09-15 04:39:00-04:00,29281.75,29281.75,29281.75,29271.75,29273.25,70
2026-09-15 04:40:00-04:00,29277.75,29277.75,29281.75,29273.5,29281.75,64
2026-09-15 04:41:00-04:00,29279.25,29279.25,29280.5,29272.25,29278.0,67
2026-09-15 04:42:00-04:00,29280.75,29280.75,29283.0,29272.25,29274.75,102
2026-09-15 04:43:00-04:00,29283.5,29283.5,29285.25,29272.5,29282.0,116
2026-09-15 04:44:00-04:00,29271.75,29271.75,29282.25,29269.5,29282.25,101
2026-09-15 04:45:00-04:00,29265.75,29265.75,29273.25,29265.5,29271.0,100
2026-09-15 04:46:00-04:00,29269.75,29269.75,29273.75,29265.0,29266.25,58
2026-09-15 04:47:00-04:00,29271.75,29271.75,29273.25,29267.0,29267.5,56
2026-09-15 04:48:00-04:00,29271.5,29271.5,29272.5,29267.25,29270.0,55
2026-09-15 04:49:00-04:00,29273.5,29273.5,29274.25,29269.0,29271.0,38
2026-09-15 04:50:00-04:00,29273.25,29273.25,29278.25,29270.25,29272.25,97
2026-09-15 04:51:00-04:00,29273.5,29273.5,29276.5,29272.0,29274.0,42
2026-09-15 04:52:00-04:00,29272.25,29272.25,29281.0,29272.0,29272.25,66
2026-09-15 04:53:00-04:00,29272.75,29272.75,29280.5,29272.0,29273.25,46
2026-09-15 04:54:00-04:00,29274.75,29274.75,29275.25,29270.5,29271.25,34
2026-09-15 04:55:00-04:00,29268.75,29268.75,29276.75,29264.25,29275.25,62
2026-09-15 04:56:00-04:00,29271.0,29271.0,29272.5,29267.75,29268.75,34
2026-09-15 04:57:00-04:00,29276.5,29276.5,29286.75,29270.75,29270.75,222
2026-09-15 04:58:00-04:00,29270.75,29270.75,29278.0,29270.25,29276.75,91
2026-09-15 04:59:00-04:00,29271.5,29271.5,29279.5,29269.75,29271.5,90
2026-09-15 05:00:00-04:00,29262.0,29262.0,29276.5,29260.75,29272.25,143
2026-09-15 05:01:00-04:00,29266.75,29266.75,29269.25,29262.75,29262.75,66
2026-09-15 05:02:00-04:00,29252.75,29252.75,29267.0,29251.75,29266.25,201
2026-09-15 05:03:00-04:00,29260.5,29260.5,29267.75,29250.75,29251.75,137
2026-09-15 05:04:00-04:00,29267.75,29267.75,29268.75,29256.25,29260.0,139
2026-09-15 05:05:00-04:00,29281.5,29281.5,29282.25,29265.75,29267.0,146
2026-09-15 05:06:00-04:00,29273.5,29273.5,29285.0,29273.5,29282.0,90
2026-09-15 05:07:00-04:00,29266.0,29266.0,29279.25,29265.0,29273.75,162
2026-09-15 05:08:00-04:00,29267.5,29267.5,29271.75,29264.0,29266.5,124
2026-09-15 05:09:00-04:00,29263.0,29263.0,29268.0,29261.75,29266.25,146
2026-09-15 05:10:00-04:00,29254.75,29254.75,29262.25,29254.75,29260.75,97
2026-09-15 05:11:00-04:00,29271.0,29271.0,29271.5,29256.0,29256.0,101
2026-09-15 05:12:00-04:00,29259.5,29259.5,29269.25,29258.0,29269.25,124
2026-09-15 05:13:00-04:00,29252.25,29252.25,29260.5,29250.0,29258.5,155
2026-09-15 05:14:00-04:00,29260.25,29260.25,29264.25,29250.75,29251.75,143
2026-09-15 05:15:00-04:00,29262.5,29262.5,29262.5,29248.75,29260.5,102
2026-09-15 05:16:00-04:00,29252.75,29252.75,29266.75,29252.25,29260.75,93
2026-09-15 05:17:00-04:00,29243.5,29243.5,29255.75,29241.25,29255.75,288
2026-09-15 05:18:00-04:00,29241.25,29241.25,29245.25,29236.5,29242.75,130
2026-09-15 05:19:00-04:00,29242.75,29242.75,29245.75,29239.0,29242.5,123
2026-09-15 05:20:00-04:00,29247.5,29247.5,29251.0,29242.75,29243.25,97
2026-09-15 05:21:00-04:00,29245.5,29245.5,29249.0,29244.0,29248.75,82
2026-09-15 05:22:00-04:00,29256.25,29256.25,29259.25,29242.25,29244.25,114
2026-09-15 05:23:00-04:00,29255.5,29255.5,29274.75,29247.25,29256.0,427
2026-09-15 05:24:00-04:00,29251.0,29251.0,29258.5,29246.25,29254.5,172
2026-09-15 05:25:00-04:00,29250.25,29250.25,29259.0,29247.5,29250.75,89
2026-09-15 05:26:00-04:00,29255.5,29255.5,29261.75,29250.75,29252.25,132
2026-09-15 05:27:00-04:00,29262.0,29262.0,29266.0,29252.0,29256.0,108
2026-09-15 05:28:00-04:00,29269.0,29269.0,29272.25,29262.25,29262.25,87
2026-09-15 05:29:00-04:00,29269.0,29269.0,29271.25,29267.0,29268.75,63
2026-09-15 05:30:00-04:00,29267.75,29267.75,29273.25,29266.75,29270.5,140
2026-09-15 05:31:00-04:00,29272.0,29272.0,29275.75,29268.5,29269.25,99
2026-09-15 05:32:00-04:00,29269.5,29269.5,29275.75,29264.0,29271.5,108
2026-09-15 05:33:00-04:00,29263.5,29263.5,29269.25,29258.5,29268.75,108
2026-09-15 05:34:00-04:00,29274.0,29274.0,29275.0,29261.25,29263.25,67
2026-09-15 05:35:00-04:00,29280.25,29280.25,29280.25,29271.5,29273.0,142
2026-09-15 05:36:00-04:00,29284.5,29284.5,29285.5,29279.25,29279.75,183
2026-09-15 05:37:00-04:00,29289.5,29289.5,29290.75,29284.75,29286.25,153
2026-09-15 05:38:00-04:00,29289.25,29289.25,29295.0,29286.0,29290.25,203
2026-09-15 05:39:00-04:00,29293.5,29293.5,29296.0,29288.75,29289.0,140
2026-09-15 05:40:00-04:00,29293.25,29293.25,29296.75,29291.75,29294.0,85
2026-09-15 05:41:00-04:00,29295.0,29295.0,29296.25,29289.75,29293.25,93
2026-09-15 05:42:00-04:00,29298.25,29298.25,29300.0,29293.0,29296.5,99
2026-09-15 05:43:00-04:00,29297.75,29297.75,29299.75,29296.25,29299.25,98
2026-09-15 05:44:00-04:00,29295.75,29295.75,29297.25,29293.25,29297.25,53
2026-09-15 05:45:00-04:00,29300.75,29300.75,29301.5,29295.5,29295.5,78
2026-09-15 05:46:00-04:00,29306.5,29306.5,29309.0,29300.5,29300.5,176
2026-09-15 05:47:00-04:00,29313.75,29313.75,29314.5,29306.0,29306.75,159
2026-09-15 05:48:00-04:00,29327.25,29327.25,29327.25,29313.5,29313.5,184
2026-09-15 05:49:00-04:00,29327.0,29327.0,29327.5,29323.0,29327.0,127
2026-09-15 05:50:00-04:00,29333.5,29333.5,29334.0,29323.5,29326.25,174
2026-09-15 05:51:00-04:00,29337.25,29337.25,29338.0,29332.25,29332.25,126
2026-09-15 05:52:00-04:00,29336.25,29336.25,29346.25,29331.5,29338.0,297
2026-09-15 05:53:00-04:00,29338.25,29338.25,29338.75,29334.25,29337.5,102
2026-09-15 05:54:00-04:00,29344.0,29344.0,29346.0,29336.75,29336.75,77
2026-09-15 05:55:00-04:00,29344.0,29344.0,29345.75,29340.0,29345.25,82
2026-09-15 05:56:00-04:00,29338.75,29338.75,29343.75,29338.5,29343.25,129
2026-09-15 05:57:00-04:00,29336.75,29336.75,29339.75,29335.5,29338.5,111
2026-09-15 05:58:00-04:00,29331.75,29331.75,29337.25,29330.75,29335.75,139
2026-09-15 05:59:00-04:00,29339.0,29339.0,29339.0,29331.25,29332.25,124
2026-09-15 06:00:00-04:00,29349.0,29349.0,29350.0,29337.75,29340.5,238
2026-09-15 06:01:00-04:00,29341.5,29341.5,29348.5,29340.25,29348.0,153
2026-09-15 06:02:00-04:00,29344.0,29344.0,29348.5,29342.5,29342.75,152
2026-09-15 06:03:00-04:00,29344.5,29344.5,29345.25,29341.25,29344.75,139
2026-09-15 06:04:00-04:00,29337.0,29337.0,29344.0,29331.0,29343.75,134
2026-09-15 06:05:00-04:00,29337.25,29337.25,29339.75,29333.25,29336.25,106
2026-09-15 06:06:00-04:00,29337.75,29337.75,29337.75,29334.75,29337.0,49
2026-09-15 06:07:00-04:00,29338.25,29338.25,29341.75,29335.25,29341.0,67
2026-09-15 06:08:00-04:00,29341.75,29341.75,29344.25,29337.25,29337.25,77
2026-09-15 06:09:00-04:00,29343.0,29343.0,29344.75,29340.5,29341.25,60
2026-09-15 06:10:00-04:00,29347.25,29347.25,29348.5,29341.25,29341.75,124
2026-09-15 06:11:00-04:00,29351.75,29351.75,29366.75,29348.0,29348.5,485
2026-09-15 06:12:00-04:00,29345.0,29345.0,29353.25,29342.25,29351.75,176
2026-09-15 06:13:00-04:00,29346.0,29346.0,29346.0,29343.75,29344.5,58
2026-09-15 06:14:00-04:00,29348.5,29348.5,29349.25,29343.0,29345.25,101
2026-09-15 06:15:00-04:00,29343.0,29343.0,29348.25,29339.0,29347.5,127
2026-09-15 06:16:00-04:00,29337.75,29337.75,29344.25,29334.5,29344.0,161
2026-09-15 06:17:00-04:00,29339.0,29339.0,29340.0,29334.5,29336.5,71
2026-09-15 06:18:00-04:00,29340.25,29340.25,29342.0,29334.5,29340.0,98
2026-09-15 06:19:00-04:00,29343.25,29343.25,29344.25,29339.0,29341.5,77
2026-09-15 06:20:00-04:00,29352.0,29352.0,29354.25,29344.5,29344.5,145
2026-09-15 06:21:00-04:00,29346.25,29346.25,29352.0,29344.5,29352.0,118
2026-09-15 06:22:00-04:00,29344.5,29344.5,29345.5,29340.5,29345.5,55
2026-09-15 06:23:00-04:00,29353.25,29353.25,29355.5,29347.0,29347.5,81
2026-09-15 06:24:00-04:00,29357.75,29357.75,29357.75,29352.75,29353.75,190
2026-09-15 06:25:00-04:00,29355.5,29355.5,29361.75,29353.75,29356.5,158
2026-09-15 06:26:00-04:00,29355.25,29355.25,29356.5,29353.25,29354.25,41
2026-09-15 06:27:00-04:00,29353.75,29353.75,29356.0,29351.0,29355.25,174
2026-09-15 06:28:00-04:00,29358.25,29358.25,29358.25,29352.5,29353.25,102
2026-09-15 06:29:00-04:00,29361.75,29361.75,29362.5,29357.5,29357.5,218
2026-09-15 06:30:00-04:00,29362.0,29362.0,29362.5,29357.5,29362.0,182
2026-09-15 06:31:00-04:00,29359.5,29359.5,29361.75,29354.5,29361.25,114
2026-09-15 06:32:00-04:00,29367.25,29367.25,29369.25,29359.75,29360.0,197
2026-09-15 06:33:00-04:00,29370.0,29370.0,29370.25,29366.25,29367.5,109
2026-09-15 06:34:00-04:00,29368.0,29368.0,29370.5,29365.25,29369.5,92
2026-09-15 06:35:00-04:00,29370.25,29370.25,29371.25,29365.5,29367.0,90
2026-09-15 06:36:00-04:00,29371.25,29371.25,29375.5,29370.75,29371.25,125
2026-09-15 06:37:00-04:00,29372.25,29372.25,29373.5,29365.0,29372.25,167
2026-09-15 06:38:00-04:00,29371.25,29371.25,29374.75,29371.0,29372.75,68
2026-09-15 06:39:00-04:00,29373.5,29373.5,29374.75,29366.25,29371.0,96
2026-09-15 06:40:00-04:00,29371.75,29371.75,29374.0,29370.75,29372.5,103
2026-09-15 06:41:00-04:00,29366.75,29366.75,29372.25,29366.0,29371.25,98
2026-09-15 06:42:00-04:00,29370.0,29370.0,29375.75,29367.75,29367.75,255
2026-09-15 06:43:00-04:00,29365.25,29365.25,29370.75,29362.75,29370.0,128
2026-09-15 06:44:00-04:00,29367.75,29367.75,29370.5,29363.75,29364.5,70
2026-09-15 06:45:00-04:00,29366.5,29366.5,29368.5,29366.5,29367.0,57
2026-09-15 06:46:00-04:00,29366.75,29366.75,29368.5,29366.0,29367.25,134
2026-09-15 06:47:00-04:00,29364.25,29364.25,29367.75,29361.75,29367.75,125
2026-09-15 06:48:00-04:00,29364.75,29364.75,29366.0,29361.5,29363.25,109
2026-09-15 06:49:00-04:00,29375.5,29375.5,29378.0,29362.0,29363.25,147
2026-09-15 06:50:00-04:00,29376.75,29376.75,29376.75,29372.5,29375.0,100
2026-09-15 06:51:00-04:00,29382.5,29382.5,29384.5,29376.75,29376.75,150
2026-09-15 06:52:00-04:00,29383.25,29383.25,29385.5,29380.5,29382.25,62
2026-09-15 06:53:00-04:00,29384.5,29384.5,29385.5,29381.0,29383.75,63
2026-09-15 06:54:00-04:00,29384.5,29384.5,29387.0,29381.75,29384.75,115
2026-09-15 06:55:00-04:00,29393.0,29393.0,29396.0,29384.0,29385.0,350
2026-09-15 06:56:00-04:00,29387.75,29387.75,29393.5,29385.0,29393.0,335
2026-09-15 06:57:00-04:00,29387.5,29387.5,29391.0,29386.5,29387.0,130
2026-09-15 06:58:00-04:00,29391.75,29391.75,29392.25,29388.5,29388.5,105
2026-09-15 06:59:00-04:00,29393.5,29393.5,29395.75,29387.75,29391.0,131
2026-09-15 07:00:00-04:00,29407.25,29407.25,29411.0,29392.0,29393.25,395
2026-09-15 07:01:00-04:00,29410.75,29410.75,29411.5,29405.5,29407.25,205
2026-09-15 07:02:00-04:00,29411.5,29411.5,29420.5,29409.0,29410.75,260
2026-09-15 07:03:00-04:00,29405.75,29405.75,29410.75,29402.75,29410.75,237
2026-09-15 07:04:00-04:00,29405.25,29405.25,29408.0,29401.0,29405.75,195
2026-09-15 07:05:00-04:00,29398.25,29398.25,29405.75,29393.25,29405.75,244
2026-09-15 07:06:00-04:00,29397.5,29397.5,29402.75,29396.5,29397.75,142
2026-09-15 07:07:00-04:00,29406.25,29406.25,29407.0,29397.25,29397.25,135
2026-09-15 07:08:00-04:00,29407.25,29407.25,29408.0,29402.75,29406.25,131
2026-09-15 07:09:00-04:00,29415.25,29415.25,29418.0,29404.0,29405.75,154
2026-09-15 07:10:00-04:00,29424.25,29424.25,29425.0,29414.75,29416.25,323
2026-09-15 07:11:00-04:00,29419.5,29419.5,29424.75,29418.75,29424.0,212
2026-09-15 07:12:00-04:00,29414.25,29414.25,29419.25,29412.75,29419.0,141
2026-09-15 07:13:00-04:00,29418.5,29418.5,29418.5,29415.0,29415.0,72
2026-09-15 07:14:00-04:00,29415.75,29415.75,29417.0,29413.5,29415.75,120
2026-09-15 07:15:00-04:00,29412.5,29412.5,29417.0,29410.75,29416.25,87
2026-09-15 07:16:00-04:00,29410.75,29410.75,29416.0,29410.5,29412.5,110
2026-09-15 07:17:00-04:00,29411.5,29411.5,29415.0,29408.75,29412.0,153
2026-09-15 07:18:00-04:00,29424.5,29424.5,29426.5,29412.25,29412.25,156
2026-09-15 07:19:00-04:00,29419.5,29419.5,29427.25,29417.75,29424.25,173
2026-09-15 07:20:00-04:00,29418.25,29418.25,29419.25,29413.75,29418.75,97
2026-09-15 07:21:00-04:00,29415.25,29415.25,29422.0,29414.75,29417.25,55
2026-09-15 07:22:00-04:00,29422.0,29422.0,29425.0,29413.25,29415.0,89
2026-09-15 07:23:00-04:00,29412.25,29412.25,29421.5,29411.75,29421.5,112
2026-09-15 07:24:00-04:00,29409.5,29409.5,29413.25,29405.0,29413.0,143
2026-09-15 07:25:00-04:00,29407.75,29407.75,29413.75,29407.5,29409.5,85
2026-09-15 07:26:00-04:00,29403.75,29403.75,29409.75,29402.25,29405.25,89
2026-09-15 07:27:00-04:00,29404.0,29404.0,29405.0,29400.5,29404.25,99
2026-09-15 07:28:00-04:00,29411.75,29411.75,29412.5,29403.0,29404.5,87
2026-09-15 07:29:00-04:00,29405.25,29405.25,29409.5,29402.0,29409.5,75
2026-09-15 07:30:00-04:00,29398.75,29398.75,29405.75,29397.25,29405.25,114
2026-09-15 07:31:00-04:00,29395.25,29395.25,29401.75,29394.75,29399.0,128
2026-09-15 07:32:00-04:00,29392.75,29392.75,29396.0,29388.75,29395.75,345
2026-09-15 07:33:00-04:00,29391.75,29391.75,29393.75,29390.25,29393.75,178
2026-09-15 07:34:00-04:00,29399.25,29399.25,29399.5,29390.0,29392.25,141
2026-09-15 07:35:00-04:00,29405.5,29405.5,29413.0,29399.0,29399.75,284
2026-09-15 07:36:00-04:00,29406.25,29406.25,29407.75,29401.5,29405.75,85
2026-09-15 07:37:00-04:00,29404.25,29404.25,29407.25,29396.75,29407.25,154
2026-09-15 07:38:00-04:00,29401.5,29401.5,29406.75,29399.5,29405.5,77
2026-09-15 07:39:00-04:00,29395.5,29395.5,29401.5,29392.5,29400.0,119
2026-09-15 07:40:00-04:00,29395.25,29395.25,29401.5,29391.0,29395.75,203
2026-09-15 07:41:00-04:00,29393.25,29393.25,29399.0,29392.5,29397.0,86
2026-09-15 07:42:00-04:00,29398.25,29398.25,29399.25,29394.75,29395.25,42
2026-09-15 07:43:00-04:00,29405.0,29405.0,29408.0,29398.75,29399.75,522
2026-09-15 07:44:00-04:00,29406.0,29406.0,29410.0,29405.0,29405.0,164
2026-09-15 07:45:00-04:00,29410.75,29410.75,29411.25,29403.0,29406.25,119
2026-09-15 07:46:00-04:00,29408.25,29408.25,29410.75,29408.0,29410.75,257
2026-09-15 07:47:00-04:00,29408.75,29408.75,29419.75,29404.75,29407.0,280
2026-09-15 07:48:00-04:00,29410.75,29410.75,29411.75,29402.5,29408.25,112
2026-09-15 07:49:00-04:00,29406.75,29406.75,29410.5,29404.75,29410.5,85
2026-09-15 07:50:00-04:00,29416.0,29416.0,29418.0,29407.25,29407.5,144
2026-09-15 07:51:00-04:00,29419.75,29419.75,29422.25,29417.5,29418.5,139
2026-09-15 07:52:00-04:00,29414.5,29414.5,29419.25,29410.0,29418.75,126
2026-09-15 07:53:00-04:00,29407.0,29407.0,29417.0,29407.0,29412.0,71
2026-09-15 07:54:00-04:00,29407.75,29407.75,29410.0,29402.75,29407.75,66
2026-09-15 07:55:00-04:00,29407.0,29407.0,29408.75,29403.75,29408.25,82
2026-09-15 07:56:00-04:00,29412.75,29412.75,29416.5,29407.75,29408.5,112
2026-09-15 07:57:00-04:00,29418.0,29418.0,29420.0,29412.75,29412.75,182
2026-09-15 07:58:00-04:00,29413.25,29413.25,29419.75,29412.25,29417.5,101
2026-09-15 07:59:00-04:00,29416.5,29416.5,29420.0,29412.75,29412.75,149
2026-09-15 08:00:00-04:00,29425.0,29425.0,29426.0,29412.5,29416.25,353
2026-09-15 08:01:00-04:00,29420.25,29420.25,29428.75,29415.0,29426.0,249
2026-09-15 08:02:00-04:00,29408.25,29408.25,29420.5,29407.5,29420.5,212
2026-09-15 08:03:00-04:00,29409.0,29409.0,29410.25,29404.5,29408.75,126
2026-09-15 08:04:00-04:00,29420.25,29420.25,29420.5,29408.0,29408.75,128
2026-09-15 08:05:00-04:00,29415.0,29415.0,29421.5,29414.75,29421.0,122
2026-09-15 08:06:00-04:00,29418.75,29418.75,29422.0,29412.0,29414.75,153
2026-09-15 08:07:00-04:00,29420.75,29420.75,29423.75,29417.5,29418.5,100
2026-09-15 08:08:00-04:00,29418.5,29418.5,29424.25,29418.5,29421.0,135
2026-09-15 08:09:00-04:00,29420.75,29420.75,29421.5,29413.25,29418.5,117
2026-09-15 08:10:00-04:00,29427.5,29427.5,29428.0,29418.5,29420.5,150
2026-09-15 08:11:00-04:00,29438.5,29438.5,29439.75,29428.25,29429.0,547
2026-09-15 08:12:00-04:00,29434.75,29434.75,29439.5,29434.75,29438.5,136
2026-09-15 08:13:00-04:00,29429.0,29429.0,29435.75,29425.75,29435.75,278
2026-09-15 08:14:00-04:00,29434.5,29434.5,29437.25,29428.0,29428.75,133
2026-09-15 08:15:00-04:00,29427.0,29427.0,29434.75,29426.25,29434.25,191
2026-09-15 08:16:00-04:00,29432.0,29432.0,29432.75,29424.25,29427.0,135
2026-09-15 08:17:00-04:00,29437.75,29437.75,29438.0,29428.5,29431.25,100
2026-09-15 08:18:00-04:00,29429.0,29429.0,29441.0,29427.0,29437.5,331
2026-09-15 08:19:00-04:00,29432.5,29432.5,29436.0,29425.5,29428.0,157
2026-09-15 08:20:00-04:00,29422.0,29422.0,29432.75,29420.75,29432.5,179
2026-09-15 08:21:00-04:00,29422.5,29422.5,29425.5,29419.75,29422.0,139
2026-09-15 08:22:00-04:00,29420.0,29420.0,29425.0,29419.75,29422.75,154
2026-09-15 08:23:00-04:00,29405.5,29405.5,29420.25,29405.5,29420.25,371
2026-09-15 08:24:00-04:00,29406.25,29406.25,29408.25,29398.0,29405.75,430
2026-09-15 08:25:00-04:00,29415.0,29415.0,29416.5,29406.5,29407.0,162
2026-09-15 08:26:00-04:00,29417.75,29417.75,29418.75,29412.0,29415.0,128
2026-09-15 08:27:00-04:00,29428.25,29428.25,29430.0,29416.0,29418.0,264
2026-09-15 08:28:00-04:00,29420.0,29420.0,29429.0,29420.0,29429.0,129
2026-09-15 08:29:00-04:00,29423.0,29423.0,29425.0,29415.75,29421.0,109
2026-09-15 08:30:00-04:00,29415.75,29415.75,29423.25,29413.0,29421.0,429
2026-09-15 08:31:00-04:00,29410.25,29410.25,29419.25,29410.0,29416.0,221
2026-09-15 08:32:00-04:00,29407.25,29407.25,29412.5,29403.5,29411.0,307
2026-09-15 08:33:00-04:00,29405.25,29405.25,29409.0,29401.5,29407.5,82
2026-09-15 08:34:00-04:00,29429.0,29429.0,29429.0,29405.25,29405.75,288
2026-09-15 08:35:00-04:00,29426.75,29426.75,29431.0,29422.25,29429.25,178
2026-09-15 08:36:00-04:00,29420.75,29420.75,29431.25,29417.25,29425.25,247
2026-09-15 08:37:00-04:00,29418.75,29418.75,29425.25,29418.5,29423.5,135
2026-09-15 08:38:00-04:00,29422.75,29422.75,29429.0,29419.25,29419.25,169
2026-09-15 08:39:00-04:00,29425.75,29425.75,29429.0,29422.5,29422.5,185
2026-09-15 08:40:00-04:00,29431.25,29431.25,29432.5,29420.0,29424.5,191
2026-09-15 08:41:00-04:00,29415.25,29415.25,29430.75,29414.75,29430.75,231
2026-09-15 08:42:00-04:00,29407.0,29407.0,29415.5,29407.0,29415.0,317
2026-09-15 08:43:00-04:00,29415.5,29415.5,29417.0,29406.75,29408.25,267
2026-09-15 08:44:00-04:00,29420.75,29420.75,29423.0,29411.5,29415.0,427
2026-09-15 08:45:00-04:00,29427.5,29427.5,29432.5,29416.0,29419.75,600
2026-09-15 08:46:00-04:00,29436.75,29436.75,29438.0,29422.75,29426.25,372
2026-09-15 08:47:00-04:00,29433.0,29433.0,29440.0,29426.5,29436.25,518
2026-09-15 08:48:00-04:00,29465.25,29465.25,29468.5,29430.0,29433.25,1124
2026-09-15 08:49:00-04:00,29459.0,29459.0,29465.5,29453.0,29465.25,736
2026-09-15 08:50:00-04:00,29457.75,29457.75,29463.25,29453.5,29459.25,359
2026-09-15 08:51:00-04:00,29455.0,29455.0,29462.5,29447.75,29457.5,518
2026-09-15 08:52:00-04:00,29456.5,29456.5,29457.25,29449.0,29454.0,234
2026-09-15 08:53:00-04:00,29469.75,29469.75,29472.0,29454.75,29454.75,508
2026-09-15 08:54:00-04:00,29471.5,29471.5,29474.25,29465.5,29470.0,338
2026-09-15 08:55:00-04:00,29455.25,29455.25,29484.5,29442.75,29472.0,1506
2026-09-15 08:56:00-04:00,29446.25,29446.25,29459.25,29446.0,29455.0,442
2026-09-15 08:57:00-04:00,29438.25,29438.25,29445.75,29436.0,29445.75,304
2026-09-15 08:58:00-04:00,29433.0,29433.0,29439.5,29429.75,29438.25,275
2026-09-15 08:59:00-04:00,29435.75,29435.75,29436.75,29429.5,29432.5,204
2026-09-15 09:00:00-04:00,29433.5,29433.5,29438.75,29428.25,29433.75,385
2026-09-15 09:01:00-04:00,29426.25,29426.25,29436.25,29426.0,29433.5,316
2026-09-15 09:02:00-04:00,29428.5,29428.5,29431.25,29424.75,29426.25,198
2026-09-15 09:03:00-04:00,29436.75,29436.75,29437.5,29426.0,29429.25,311
2026-09-15 09:04:00-04:00,29444.0,29444.0,29444.75,29435.75,29436.75,307
2026-09-15 09:05:00-04:00,29437.0,29437.0,29445.25,29435.25,29444.0,279
2026-09-15 09:06:00-04:00,29437.0,29437.0,29439.75,29432.5,29436.0,406
2026-09-15 09:07:00-04:00,29439.5,29439.5,29442.0,29432.25,29436.75,361
2026-09-15 09:08:00-04:00,29445.0,29445.0,29447.0,29438.5,29439.5,448
2026-09-15 09:09:00-04:00,29439.0,29439.0,29445.25,29436.5,29444.75,338
2026-09-15 09:10:00-04:00,29444.0,29444.0,29444.5,29435.5,29439.5,260
2026-09-15 09:11:00-04:00,29435.75,29435.75,29445.5,29434.25,29444.25,281
2026-09-15 09:12:00-04:00,29433.75,29433.75,29436.5,29428.75,29436.25,209
2026-09-15 09:13:00-04:00,29432.0,29432.0,29437.75,29431.25,29433.5,194
2026-09-15 09:14:00-04:00,29429.75,29429.75,29432.0,29426.5,29431.75,187
2026-09-15 09:15:00-04:00,29425.5,29425.5,29432.75,29425.5,29429.0,231
2026-09-15 09:16:00-04:00,29424.75,29424.75,29435.5,29423.75,29425.75,352
2026-09-15 09:17:00-04:00,29429.25,29429.25,29432.25,29423.5,29425.75,198
2026-09-15 09:18:00-04:00,29414.75,29414.75,29429.25,29414.75,29428.75,738
2026-09-15 09:19:00-04:00,29421.25,29421.25,29421.5,29413.25,29415.5,298
2026-09-15 09:20:00-04:00,29420.0,29420.0,29424.5,29418.75,29421.0,209
2026-09-15 09:21:00-04:00,29425.0,29425.0,29425.5,29413.0,29420.25,442
2026-09-15 09:22:00-04:00,29414.0,29414.0,29425.25,29409.5,29425.25,366
2026-09-15 09:23:00-04:00,29419.5,29419.5,29425.0,29413.0,29413.5,344
2026-09-15 09:24:00-04:00,29418.25,29418.25,29424.0,29416.0,29419.25,267
2026-09-15 09:25:00-04:00,29433.25,29433.25,29439.25,29418.25,29418.25,549
2026-09-15 09:26:00-04:00,29424.25,29424.25,29433.75,29422.75,29433.0,512
2026-09-15 09:27:00-04:00,29426.0,29426.0,29428.75,29419.0,29424.25,405
2026-09-15 09:28:00-04:00,29424.0,29424.0,29427.75,29415.25,29427.0,528
2026-09-15 09:29:00-04:00,29420.5,29420.5,29424.25,29417.5,29423.0,698
2026-09-15 09:30:00-04:00,29414.0,29414.0,29424.5,29396.0,29420.5,4901
2026-09-15 09:31:00-04:00,29378.5,29378.5,29415.0,29373.75,29413.5,3610
2026-09-15 09:32:00-04:00,29396.25,29396.25,29396.75,29374.5,29379.0,2517
2026-09-15 09:33:00-04:00,29387.5,29387.5,29416.0,29387.5,29396.5,2909
2026-09-15 09:34:00-04:00,29385.5,29385.5,29399.5,29372.5,29387.75,2602
2026-09-15 09:35:00-04:00,29410.5,29410.5,29415.75,29386.25,29386.75,2607
2026-09-15 09:36:00-04:00,29412.5,29412.5,29421.25,29402.0,29410.5,2297
2026-09-15 09:37:00-04:00,29411.75,29411.75,29421.25,29404.75,29412.5,2027
2026-09-15 09:38:00-04:00,29431.25,29431.25,29434.75,29403.25,29411.75,2353
2026-09-15 09:39:00-04:00,29430.5,29430.5,29441.25,29420.25,29431.75,2177
2026-09-15 09:40:00-04:00,29430.5,29430.5,29434.25,29411.25,29430.0,2166
2026-09-15 09:41:00-04:00,29422.25,29422.25,29438.0,29413.75,29430.75,1831
2026-09-15 09:42:00-04:00,29408.75,29408.75,29429.25,29406.5,29422.0,1460
2026-09-15 09:43:00-04:00,29421.25,29421.25,29424.0,29405.5,29408.75,1678
2026-09-15 09:44:00-04:00,29435.75,29435.75,29440.75,29418.75,29421.0,1756
2026-09-15 09:45:00-04:00,29429.25,29429.25,29453.5,29429.0,29435.75,2734
2026-09-15 09:46:00-04:00,29440.5,29440.5,29443.75,29428.75,29429.0,1298
2026-09-15 09:47:00-04:00,29429.5,29429.5,29441.5,29422.25,29440.0,1216
2026-09-15 09:48:00-04:00,29434.5,29434.5,29438.5,29425.0,29429.0,1249
2026-09-15 09:49:00-04:00,29429.25,29429.25,29434.75,29422.5,29434.75,1079
2026-09-15 09:50:00-04:00,29416.5,29416.5,29435.0,29414.5,29429.75,1551
2026-09-15 09:51:00-04:00,29418.5,29418.5,29422.75,29408.5,29416.75,1385
2026-09-15 09:52:00-04:00,29424.75,29424.75,29428.75,29406.25,29418.75,1410
2026-09-15 09:53:00-04:00,29435.0,29435.0,29436.0,29415.0,29424.5,1631
2026-09-15 09:54:00-04:00,29429.25,29429.25,29436.75,29422.0,29435.0,1001
2026-09-15 09:55:00-04:00,29428.75,29428.75,29432.25,29416.75,29429.75,1073
2026-09-15 09:56:00-04:00,29422.25,29422.25,29431.75,29415.5,29428.25,942
2026-09-15 09:57:00-04:00,29432.25,29432.25,29435.25,29420.0,29422.5,946
2026-09-15 09:58:00-04:00,29436.5,29436.5,29438.25,29431.0,29433.25,1001
2026-09-15 09:59:00-04:00,29429.25,29429.25,29438.25,29421.75,29437.0,1028
2026-09-15 10:00:00-04:00,29423.5,29423.5,29432.0,29418.5,29429.5,1463
2026-09-15 10:01:00-04:00,29421.0,29421.0,29424.25,29411.75,29423.25,1120
2026-09-15 10:02:00-04:00,29418.0,29418.0,29425.25,29416.0,29420.75,805
2026-09-15 10:03:00-04:00,29402.25,29402.25,29421.5,29401.5,29418.0,1018
2026-09-15 10:04:00-04:00,29396.5,29396.5,29411.5,29396.25,29402.25,1167
2026-09-15 10:05:00-04:00,29389.75,29389.75,29403.25,29388.5,29397.0,1666
2026-09-15 10:06:00-04:00,29384.0,29384.0,29403.25,29383.5,29390.5,1428
2026-09-15 10:07:00-04:00,29384.25,29384.25,29386.5,29370.75,29384.75,1839
2026-09-15 10:08:00-04:00,29383.25,29383.25,29387.75,29378.0,29384.75,975
2026-09-15 10:09:00-04:00,29381.0,29381.0,29384.75,29373.75,29382.75,853
2026-09-15 10:10:00-04:00,29364.0,29364.0,29381.25,29363.0,29379.5,1521
2026-09-15 10:11:00-04:00,29358.0,29358.0,29365.0,29349.25,29363.5,1839
2026-09-15 10:12:00-04:00,29355.75,29355.75,29360.25,29347.75,29358.75,1286
2026-09-15 10:13:00-04:00,29341.0,29341.0,29361.5,29340.75,29356.25,1310
2026-09-15 10:14:00-04:00,29342.75,29342.75,29351.25,29338.75,29340.75,1549
2026-09-15 10:15:00-04:00,29350.25,29350.25,29353.0,29339.75,29342.75,1644
2026-09-15 10:16:00-04:00,29352.0,29352.0,29362.75,29343.25,29350.25,2051
2026-09-15 10:17:00-04:00,29357.5,29357.5,29358.0,29342.75,29351.25,1430
2026-09-15 10:18:00-04:00,29355.75,29355.75,29365.0,29348.5,29357.0,1410
2026-09-15 10:19:00-04:00,29355.5,29355.5,29361.75,29349.75,29355.75,1106
2026-09-15 10:20:00-04:00,29358.0,29358.0,29362.5,29351.25,29356.25,907
2026-09-15 10:21:00-04:00,29327.75,29327.75,29357.5,29326.5,29357.5,1970
2026-09-15 10:22:00-04:00,29314.25,29314.25,29328.25,29310.0,29327.75,2395
2026-09-15 10:23:00-04:00,29305.5,29305.5,29314.75,29302.0,29314.0,1801
2026-09-15 10:24:00-04:00,29327.5,29327.5,29332.5,29304.25,29304.5,2171
2026-09-15 10:25:00-04:00,29321.0,29321.0,29330.75,29316.5,29327.75,1358
2026-09-15 10:26:00-04:00,29322.25,29322.25,29324.5,29315.5,29320.75,1458
2026-09-15 10:27:00-04:00,29320.5,29320.5,29328.0,29316.25,29322.0,1043
2026-09-15 10:28:00-04:00,29334.25,29334.25,29337.5,29319.75,29321.0,1311
2026-09-15 10:29:00-04:00,29326.25,29326.25,29336.0,29325.5,29334.75,1203
2026-09-15 10:30:00-04:00,29310.75,29310.75,29332.75,29309.75,29326.75,1779
2026-09-15 10:31:00-04:00,29332.0,29332.0,29334.25,29307.25,29310.25,1496
2026-09-15 10:32:00-04:00,29318.5,29318.5,29333.0,29314.25,29331.75,1021
2026-09-15 10:33:00-04:00,29316.5,29316.5,29333.5,29312.0,29318.5,1181
2026-09-15 10:34:00-04:00,29310.25,29310.25,29317.25,29301.0,29315.75,2403
2026-09-15 10:35:00-04:00,29312.75,29312.75,29319.5,29307.0,29309.5,1170
2026-09-15 10:36:00-04:00,29315.75,29315.75,29317.75,29306.25,29312.0,853
2026-09-15 10:37:00-04:00,29302.25,29302.25,29318.0,29297.5,29316.0,1791
2026-09-15 10:38:00-04:00,29290.0,29290.0,29301.75,29285.25,29301.75,1755
2026-09-15 10:39:00-04:00,29291.0,29291.0,29297.25,29285.5,29290.75,1249
2026-09-15 10:40:00-04:00,29276.75,29276.75,29291.0,29273.25,29290.75,1857
2026-09-15 10:41:00-04:00,29279.5,29279.5,29284.5,29276.75,29277.25,1048
2026-09-15 10:42:00-04:00,29285.5,29285.5,29291.0,29276.5,29279.0,1175
2026-09-15 10:43:00-04:00,29280.75,29280.75,29291.0,29277.75,29285.25,1032
2026-09-15 10:44:00-04:00,29287.5,29287.5,29288.0,29280.5,29280.5,736
2026-09-15 10:45:00-04:00,29291.0,29291.0,29293.5,29285.0,29287.75,1101
2026-09-15 10:46:00-04:00,29294.75,29294.75,29302.0,29286.75,29291.0,1070
2026-09-15 10:47:00-04:00,29293.5,29293.5,29295.5,29285.75,29294.25,890
2026-09-15 10:48:00-04:00,29277.5,29277.5,29293.0,29276.75,29293.0,813
2026-09-15 10:49:00-04:00,29268.0,29268.0,29280.0,29267.5,29277.75,1261
2026-09-15 10:50:00-04:00,29258.0,29258.0,29267.75,29252.75,29267.5,1695
2026-09-15 10:51:00-04:00,29229.25,29229.25,29271.25,29227.0,29258.25,3889
2026-09-15 10:52:00-04:00,29237.25,29237.25,29240.75,29225.25,29228.75,1929
2026-09-15 10:53:00-04:00,29226.0,29226.0,29238.25,29215.75,29237.5,1645
2026-09-15 10:54:00-04:00,29239.75,29239.75,29243.25,29226.25,29226.25,1694
2026-09-15 10:55:00-04:00,29235.75,29235.75,29242.75,29228.25,29239.0,1631
2026-09-15 10:56:00-04:00,29241.5,29241.5,29242.25,29228.0,29235.25,1515
2026-09-15 10:57:00-04:00,29254.25,29254.25,29254.5,29238.5,29242.0,1521
2026-09-15 10:58:00-04:00,29253.0,29253.0,29260.0,29238.0,29253.5,2101
2026-09-15 10:59:00-04:00,29239.75,29239.75,29255.75,29239.0,29253.5,802
2026-09-15 11:00:00-04:00,29256.5,29256.5,29261.75,29239.25,29240.0,1774
2026-09-15 11:01:00-04:00,29268.5,29268.5,29268.75,29245.25,29257.0,1552
2026-09-15 11:02:00-04:00,29255.0,29255.0,29268.5,29252.0,29268.25,1253
2026-09-15 11:03:00-04:00,29277.0,29277.0,29278.25,29252.75,29256.25,1441
2026-09-15 11:04:00-04:00,29283.75,29283.75,29284.0,29273.75,29276.5,1391
2026-09-15 11:05:00-04:00,29282.0,29282.0,29290.25,29278.5,29284.0,1153
2026-09-15 11:06:00-04:00,29280.75,29280.75,29284.0,29277.75,29281.5,733
2026-09-15 11:07:00-04:00,29284.25,29284.25,29287.0,29276.75,29279.75,910
2026-09-15 11:08:00-04:00,29277.75,29277.75,29283.75,29274.5,29283.75,829
2026-09-15 11:09:00-04:00,29274.25,29274.25,29282.25,29268.75,29277.5,1030
2026-09-15 11:10:00-04:00,29266.75,29266.75,29281.5,29266.25,29272.75,881
2026-09-15 11:11:00-04:00,29269.25,29269.25,29271.5,29260.0,29267.75,1089
2026-09-15 11:12:00-04:00,29270.0,29270.0,29275.0,29261.75,29269.5,1731
2026-09-15 11:13:00-04:00,29262.5,29262.5,29273.25,29260.75,29270.0,796
2026-09-15 11:14:00-04:00,29273.0,29273.0,29277.75,29262.5,29262.75,740
2026-09-15 11:15:00-04:00,29273.75,29273.75,29279.5,29269.0,29273.0,1083
2026-09-15 11:16:00-04:00,29280.5,29280.5,29282.75,29266.5,29273.5,971
2026-09-15 11:17:00-04:00,29286.25,29286.25,29288.25,29278.0,29281.0,660
2026-09-15 11:18:00-04:00,29292.5,29292.5,29295.5,29284.75,29286.0,917
2026-09-15 11:19:00-04:00,29287.5,29287.5,29295.0,29284.75,29292.75,805
2026-09-15 11:20:00-04:00,29278.25,29278.25,29288.0,29276.0,29287.75,887
2026-09-15 11:21:00-04:00,29272.5,29272.5,29279.25,29267.25,29277.5,964
2026-09-15 11:22:00-04:00,29273.75,29273.75,29287.25,29270.0,29272.5,1064
2026-09-15 11:23:00-04:00,29293.0,29293.0,29295.75,29274.0,29274.5,1000
2026-09-15 11:24:00-04:00,29287.5,29287.5,29293.75,29286.0,29292.75,535
2026-09-15 11:25:00-04:00,29290.5,29290.5,29292.0,29285.25,29288.0,682
2026-09-15 11:26:00-04:00,29288.0,29288.0,29293.0,29278.5,29290.5,586
2026-09-15 11:27:00-04:00,29296.25,29296.25,29297.0,29285.25,29288.75,518
2026-09-15 11:28:00-04:00,29289.75,29289.75,29297.25,29286.0,29297.0,531
2026-09-15 11:29:00-04:00,29291.75,29291.75,29291.75,29283.0,29289.5,688
2026-09-15 11:30:00-04:00,29283.75,29283.75,29293.75,29282.5,29291.75,771
2026-09-15 11:31:00-04:00,29275.5,29275.5,29286.0,29273.0,29284.0,878
2026-09-15 11:32:00-04:00,29268.25,29268.25,29275.0,29260.5,29275.0,1147
2026-09-15 11:33:00-04:00,29267.5,29267.5,29278.0,29265.5,29268.25,1101
2026-09-15 11:34:00-04:00,29281.75,29281.75,29283.0,29264.75,29268.0,1176
2026-09-15 11:35:00-04:00,29276.25,29276.25,29285.25,29274.0,29282.5,770
2026-09-15 11:36:00-04:00,29286.5,29286.5,29289.75,29275.75,29275.75,959
2026-09-15 11:37:00-04:00,29275.25,29275.25,29287.5,29271.0,29287.0,645
2026-09-15 11:38:00-04:00,29282.5,29282.5,29283.25,29275.0,29275.25,528
2026-09-15 11:39:00-04:00,29271.75,29271.75,29282.75,29271.75,29282.25,556
2026-09-15 11:40:00-04:00,29286.0,29286.0,29286.5,29271.5,29272.5,721
2026-09-15 11:41:00-04:00,29289.0,29289.0,29293.25,29279.25,29285.75,1464
2026-09-15 11:42:00-04:00,29289.75,29289.75,29291.25,29285.5,29288.5,492
2026-09-15 11:43:00-04:00,29294.75,29294.75,29297.25,29285.25,29289.75,682
2026-09-15 11:44:00-04:00,29287.5,29287.5,29296.5,29287.0,29294.75,553
2026-09-15 11:45:00-04:00,29286.0,29286.0,29290.5,29281.0,29288.0,639
2026-09-15 11:46:00-04:00,29283.0,29283.0,29287.0,29276.25,29286.0,671
2026-09-15 11:47:00-04:00,29273.25,29273.25,29284.25,29272.5,29283.75,545
2026-09-15 11:48:00-04:00,29275.0,29275.0,29279.25,29272.25,29274.5,407
2026-09-15 11:49:00-04:00,29267.5,29267.5,29274.5,29262.0,29274.5,827
2026-09-15 11:50:00-04:00,29285.0,29285.0,29298.75,29264.75,29266.75,2895
2026-09-15 11:51:00-04:00,29274.25,29274.25,29284.75,29274.0,29284.0,654
2026-09-15 11:52:00-04:00,29278.0,29278.0,29284.25,29274.0,29274.25,469
2026-09-15 11:53:00-04:00,29279.75,29279.75,29284.0,29276.5,29278.5,482
2026-09-15 11:54:00-04:00,29279.25,29279.25,29281.75,29273.0,29280.75,503
2026-09-15 11:55:00-04:00,29303.0,29303.0,29311.5,29273.75,29278.5,1866
2026-09-15 11:56:00-04:00,29287.25,29287.25,29302.5,29281.0,29302.5,903
2026-09-15 11:57:00-04:00,29287.0,29287.0,29290.5,29285.0,29287.0,502
2026-09-15 11:58:00-04:00,29277.0,29277.0,29288.0,29277.0,29287.5,515
2026-09-15 11:59:00-04:00,29277.75,29277.75,29285.75,29276.25,29277.5,533
2026-09-15 12:00:00-04:00,29281.5,29281.5,29284.0,29272.25,29277.75,605
2026-09-15 12:01:00-04:00,29284.25,29284.25,29289.75,29280.5,29280.75,407
2026-09-15 12:02:00-04:00,29288.5,29288.5,29289.25,29280.75,29283.25,995
2026-09-15 12:03:00-04:00,29280.25,29280.25,29288.75,29278.75,29288.75,365
2026-09-15 12:04:00-04:00,29285.25,29285.25,29286.5,29278.25,29280.5,328
2026-09-15 12:05:00-04:00,29277.75,29277.75,29285.0,29274.0,29284.5,428
2026-09-15 12:06:00-04:00,29272.0,29272.0,29281.75,29271.5,29278.0,413
2026-09-15 12:07:00-04:00,29266.75,29266.75,29272.25,29261.5,29272.25,1176
2026-09-15 12:08:00-04:00,29256.75,29256.75,29267.25,29255.5,29267.0,761
2026-09-15 12:09:00-04:00,29250.0,29250.0,29259.5,29244.75,29256.75,1063
2026-09-15 12:10:00-04:00,29249.25,29249.25,29254.25,29248.5,29249.25,822
2026-09-15 12:11:00-04:00,29249.5,29249.5,29252.25,29242.25,29249.25,612
2026-09-15 12:12:00-04:00,29246.0,29246.0,29250.25,29244.75,29249.0,464
2026-09-15 12:13:00-04:00,29247.5,29247.5,29248.5,29241.5,29246.25,599
2026-09-15 12:14:00-04:00,29244.5,29244.5,29249.75,29242.25,29247.25,477
2026-09-15 12:15:00-04:00,29249.25,29249.25,29251.25,29240.0,29243.75,715
2026-09-15 12:16:00-04:00,29251.0,29251.0,29252.25,29248.0,29248.75,416
2026-09-15 12:17:00-04:00,29259.75,29259.75,29260.0,29251.5,29251.5,920
2026-09-15 12:18:00-04:00,29263.25,29263.25,29263.25,29256.25,29260.25,543
2026-09-15 12:19:00-04:00,29267.5,29267.5,29268.75,29260.0,29262.75,533
2026-09-15 12:20:00-04:00,29269.0,29269.0,29274.0,29266.5,29266.75,627
2026-09-15 12:21:00-04:00,29278.5,29278.5,29281.0,29269.75,29269.75,896
2026-09-15 12:22:00-04:00,29286.25,29286.25,29287.75,29278.25,29278.25,763
2026-09-15 12:23:00-04:00,29298.25,29298.25,29301.75,29285.0,29286.0,1271
2026-09-15 12:24:00-04:00,29296.0,29296.0,29301.25,29294.25,29297.25,963
2026-09-15 12:25:00-04:00,29290.75,29290.75,29298.5,29289.25,29296.5,941
2026-09-15 12:26:00-04:00,29287.25,29287.25,29294.75,29284.5,29290.5,928
2026-09-15 12:27:00-04:00,29296.25,29296.25,29296.75,29286.75,29287.0,660
2026-09-15 12:28:00-04:00,29295.0,29295.0,29300.5,29293.0,29295.25,711
2026-09-15 12:29:00-04:00,29285.0,29285.0,29295.5,29281.5,29295.5,947
2026-09-15 12:30:00-04:00,29269.25,29269.25,29285.25,29266.75,29284.5,1331
2026-09-15 12:31:00-04:00,29279.75,29279.75,29280.0,29267.0,29269.0,1079
2026-09-15 12:32:00-04:00,29290.25,29290.25,29290.5,29277.25,29279.5,830
2026-09-15 12:33:00-04:00,29289.25,29289.25,29294.0,29286.75,29290.25,495
2026-09-15 12:34:00-04:00,29286.25,29286.25,29291.5,29281.75,29289.5,592
2026-09-15 12:35:00-04:00,29281.5,29281.5,29287.25,29278.0,29286.75,547
2026-09-15 12:36:00-04:00,29285.25,29285.25,29288.25,29279.5,29281.75,433
2026-09-15 12:37:00-04:00,29282.75,29282.75,29286.25,29282.5,29286.0,371
2026-09-15 12:38:00-04:00,29278.25,29278.25,29284.25,29278.0,29282.25,443
2026-09-15 12:39:00-04:00,29281.25,29281.25,29282.0,29275.0,29278.5,458
2026-09-15 12:40:00-04:00,29276.25,29276.25,29283.75,29275.5,29280.75,472
2026-09-15 12:41:00-04:00,29282.0,29282.0,29284.0,29273.25,29276.5,425
2026-09-15 12:42:00-04:00,29281.25,29281.25,29284.25,29280.0,29282.5,298
2026-09-15 12:43:00-04:00,29277.75,29277.75,29282.75,29275.0,29280.5,463
2026-09-15 12:44:00-04:00,29277.5,29277.5,29279.75,29270.75,29277.75,601
2026-09-15 12:45:00-04:00,29280.5,29280.5,29284.5,29274.5,29277.0,590
2026-09-15 12:46:00-04:00,29279.5,29279.5,29282.25,29277.25,29279.5,444
2026-09-15 12:47:00-04:00,29275.5,29275.5,29281.0,29273.0,29279.25,455
2026-09-15 12:48:00-04:00,29266.0,29266.0,29275.75,29266.0,29274.75,564
2026-09-15 12:49:00-04:00,29274.25,29274.25,29274.75,29265.25,29266.0,471
2026-09-15 12:50:00-04:00,29274.75,29274.75,29278.0,29272.75,29273.5,490
2026-09-15 12:51:00-04:00,29277.25,29277.25,29282.75,29275.0,29275.0,521
2026-09-15 12:52:00-04:00,29294.0,29294.0,29296.0,29277.25,29277.5,919
2026-09-15 12:53:00-04:00,29297.0,29297.0,29297.5,29293.0,29294.5,532
2026-09-15 12:54:00-04:00,29297.5,29297.5,29301.0,29296.5,29296.75,721
2026-09-15 12:55:00-04:00,29297.5,29297.5,29302.5,29295.25,29298.0,638
2026-09-15 12:56:00-04:00,29284.5,29284.5,29299.0,29284.0,29296.75,1155
2026-09-15 12:57:00-04:00,29280.75,29280.75,29287.25,29280.25,29284.0,486
2026-09-15 12:58:00-04:00,29277.0,29277.0,29282.0,29271.25,29281.0,804
2026-09-15 12:59:00-04:00,29279.5,29279.5,29280.25,29272.0,29276.75,353
2026-09-15 13:00:00-04:00,29274.75,29274.75,29281.5,29274.5,29280.25,442
2026-09-15 13:01:00-04:00,29282.25,29282.25,29283.5,29275.75,29275.75,399
2026-09-15 13:02:00-04:00,29263.0,29263.0,29284.0,29262.0,29282.75,1328
2026-09-15 13:03:00-04:00,29261.25,29261.25,29264.25,29256.5,29263.25,697
2026-09-15 13:04:00-04:00,29250.25,29250.25,29263.75,29250.25,29261.25,745
2026-09-15 13:05:00-04:00,29247.75,29247.75,29252.25,29244.75,29250.25,861
2026-09-15 13:06:00-04:00,29254.0,29254.0,29257.0,29244.25,29247.75,801
2026-09-15 13:07:00-04:00,29261.25,29261.25,29268.0,29254.75,29254.75,822
2026-09-15 13:08:00-04:00,29261.25,29261.25,29264.25,29255.75,29262.25,461
2026-09-15 13:09:00-04:00,29255.75,29255.75,29264.25,29255.25,29261.5,497
2026-09-15 13:10:00-04:00,29268.25,29268.25,29269.25,29256.25,29256.25,660
2026-09-15 13:11:00-04:00,29267.25,29267.25,29272.25,29267.0,29268.25,623
2026-09-15 13:12:00-04:00,29257.75,29257.75,29268.0,29257.0,29267.75,578
2026-09-15 13:13:00-04:00,29261.75,29261.75,29265.75,29256.75,29257.75,336
2026-09-15 13:14:00-04:00,29253.75,29253.75,29265.0,29253.0,29262.25,349
2026-09-15 13:15:00-04:00,29254.25,29254.25,29256.5,29252.5,29253.75,403
2026-09-15 13:16:00-04:00,29258.75,29258.75,29258.75,29251.0,29254.25,255
2026-09-15 13:17:00-04:00,29254.75,29254.75,29259.5,29254.0,29258.75,386
2026-09-15 13:18:00-04:00,29254.25,29254.25,29258.0,29253.5,29254.5,229
2026-09-15 13:19:00-04:00,29261.5,29261.5,29262.5,29253.25,29254.25,379
2026-09-15 13:20:00-04:00,29264.5,29264.5,29266.75,29259.5,29261.0,349
2026-09-15 13:21:00-04:00,29257.5,29257.5,29264.5,29256.5,29264.25,342
2026-09-15 13:22:00-04:00,29253.75,29253.75,29257.5,29249.0,29257.0,495
2026-09-15 13:23:00-04:00,29253.0,29253.0,29255.5,29248.5,29253.0,301
2026-09-15 13:24:00-04:00,29243.75,29243.75,29253.5,29241.25,29253.25,429
2026-09-15 13:25:00-04:00,29247.75,29247.75,29251.5,29242.25,29244.25,684
2026-09-15 13:26:00-04:00,29253.25,29253.25,29256.75,29247.75,29247.75,455
2026-09-15 13:27:00-04:00,29251.75,29251.75,29255.75,29251.0,29253.0,276
2026-09-15 13:28:00-04:00,29248.0,29248.0,29255.25,29247.0,29252.75,354
2026-09-15 13:29:00-04:00,29253.75,29253.75,29253.75,29246.0,29248.0,333
2026-09-15 13:30:00-04:00,29250.75,29250.75,29259.25,29249.75,29254.0,553
2026-09-15 13:31:00-04:00,29257.5,29257.5,29260.75,29250.0,29250.75,824
2026-09-15 13:32:00-04:00,29264.25,29264.25,29266.25,29257.5,29257.5,511
2026-09-15 13:33:00-04:00,29265.75,29265.75,29268.25,29259.75,29264.0,510
2026-09-15 13:34:00-04:00,29258.0,29258.0,29267.0,29257.75,29265.25,414
2026-09-15 13:35:00-04:00,29260.5,29260.5,29264.75,29254.75,29258.5,464
2026-09-15 13:36:00-04:00,29255.5,29255.5,29261.25,29252.5,29261.25,462
2026-09-15 13:37:00-04:00,29259.5,29259.5,29259.5,29249.0,29255.25,409
2026-09-15 13:38:00-04:00,29255.25,29255.25,29259.0,29252.0,29259.0,259
2026-09-15 13:39:00-04:00,29253.5,29253.5,29255.0,29250.75,29255.0,268
2026-09-15 13:40:00-04:00,29259.25,29259.25,29260.25,29250.0,29253.25,364
2026-09-15 13:41:00-04:00,29251.25,29251.25,29259.0,29251.25,29258.5,363
2026-09-15 13:42:00-04:00,29246.75,29246.75,29252.75,29244.0,29251.5,745
2026-09-15 13:43:00-04:00,29253.0,29253.0,29253.5,29242.0,29247.0,736
2026-09-15 13:44:00-04:00,29255.25,29255.25,29258.25,29253.25,29253.25,396
2026-09-15 13:45:00-04:00,29258.0,29258.0,29259.5,29255.0,29255.25,306
2026-09-15 13:46:00-04:00,29250.5,29250.5,29262.0,29249.5,29258.5,394
2026-09-15 13:47:00-04:00,29250.25,29250.25,29253.0,29248.25,29250.0,379
2026-09-15 13:48:00-04:00,29249.25,29249.25,29251.75,29245.75,29250.75,616
2026-09-15 13:49:00-04:00,29249.75,29249.75,29251.0,29247.25,29249.25,321
2026-09-15 13:50:00-04:00,29250.75,29250.75,29252.0,29247.5,29249.0,290
2026-09-15 13:51:00-04:00,29251.0,29251.0,29256.0,29247.75,29250.5,323
2026-09-15 13:52:00-04:00,29255.75,29255.75,29257.0,29249.5,29251.25,321
2026-09-15 13:53:00-04:00,29261.25,29261.25,29261.25,29252.0,29255.75,409
2026-09-15 13:54:00-04:00,29264.25,29264.25,29264.75,29256.25,29261.0,547
2026-09-15 13:55:00-04:00,29265.25,29265.25,29266.25,29258.5,29263.75,706
2026-09-15 13:56:00-04:00,29271.25,29271.25,29271.5,29264.0,29265.0,616
2026-09-15 13:57:00-04:00,29268.75,29268.75,29271.0,29267.0,29271.0,272
2026-09-15 13:58:00-04:00,29265.25,29265.25,29268.75,29263.0,29268.5,499
2026-09-15 13:59:00-04:00,29263.75,29263.75,29267.5,29261.5,29265.75,362
2026-09-15 14:00:00-04:00,29258.25,29258.25,29269.75,29255.0,29263.5,795
2026-09-15 14:01:00-04:00,29266.5,29266.5,29267.25,29257.75,29258.25,399
2026-09-15 14:02:00-04:00,29272.5,29272.5,29273.0,29264.25,29266.0,676
2026-09-15 14:03:00-04:00,29271.75,29271.75,29274.25,29268.5,29272.5,433
2026-09-15 14:04:00-04:00,29273.75,29273.75,29274.0,29269.75,29271.5,443
2026-09-15 14:05:00-04:00,29270.75,29270.75,29274.0,29268.0,29273.5,341
2026-09-15 14:06:00-04:00,29276.75,29276.75,29279.5,29270.25,29270.5,447
2026-09-15 14:07:00-04:00,29278.75,29278.75,29279.75,29274.5,29276.75,310
2026-09-15 14:08:00-04:00,29275.75,29275.75,29279.25,29274.5,29278.5,242
2026-09-15 14:09:00-04:00,29280.75,29280.75,29280.75,29275.25,29275.75,447
2026-09-15 14:10:00-04:00,29274.75,29274.75,29281.5,29274.25,29280.75,694
2026-09-15 14:11:00-04:00,29283.5,29283.5,29286.25,29274.5,29274.5,648
2026-09-15 14:12:00-04:00,29284.25,29284.25,29286.5,29282.0,29283.0,525
2026-09-15 14:13:00-04:00,29284.0,29284.0,29287.75,29281.25,29285.0,483
2026-09-15 14:14:00-04:00,29280.25,29280.25,29286.5,29278.25,29284.5,467
2026-09-15 14:15:00-04:00,29272.75,29272.75,29283.0,29272.25,29280.75,884
2026-09-15 14:16:00-04:00,29266.0,29266.0,29273.5,29264.25,29272.75,762
2026-09-15 14:17:00-04:00,29268.5,29268.5,29270.5,29262.5,29266.0,542
2026-09-15 14:18:00-04:00,29266.5,29266.5,29270.5,29266.0,29268.75,360
2026-09-15 14:19:00-04:00,29266.75,29266.75,29268.5,29265.0,29266.0,317
2026-09-15 14:20:00-04:00,29268.25,29268.25,29271.0,29266.0,29267.0,299
2026-09-15 14:21:00-04:00,29271.5,29271.5,29272.5,29268.0,29268.5,327
2026-09-15 14:22:00-04:00,29272.25,29272.25,29273.25,29269.25,29272.0,309
2026-09-15 14:23:00-04:00,29268.25,29268.25,29271.75,29266.5,29271.75,297
2026-09-15 14:24:00-04:00,29271.5,29271.5,29271.5,29267.5,29268.25,244
2026-09-15 14:25:00-04:00,29273.25,29273.25,29273.75,29268.25,29271.5,435
2026-09-15 14:26:00-04:00,29271.5,29271.5,29273.0,29267.25,29273.0,309
2026-09-15 14:27:00-04:00,29268.0,29268.0,29271.0,29266.25,29271.0,357
2026-09-15 14:28:00-04:00,29280.25,29280.25,29280.25,29268.0,29268.0,621
2026-09-15 14:29:00-04:00,29281.0,29281.0,29281.0,29277.5,29280.75,505
2026-09-15 14:30:00-04:00,29270.25,29270.25,29280.75,29268.75,29280.75,709
2026-09-15 14:31:00-04:00,29268.5,29268.5,29271.0,29264.75,29270.25,422
2026-09-15 14:32:00-04:00,29259.25,29259.25,29269.5,29259.25,29268.25,462
2026-09-15 14:33:00-04:00,29259.25,29259.25,29262.25,29257.25,29259.5,466
2026-09-15 14:34:00-04:00,29258.75,29258.75,29260.5,29256.25,29259.25,334
2026-09-15 14:35:00-04:00,29260.5,29260.5,29262.75,29259.0,29259.0,302
2026-09-15 14:36:00-04:00,29257.75,29257.75,29261.0,29254.25,29261.0,363
2026-09-15 14:37:00-04:00,29256.25,29256.25,29258.25,29251.0,29257.75,393
2026-09-15 14:38:00-04:00,29257.75,29257.75,29260.0,29255.25,29256.5,227
2026-09-15 14:39:00-04:00,29258.5,29258.5,29260.5,29255.75,29259.0,387
2026-09-15 14:40:00-04:00,29249.75,29249.75,29258.5,29247.0,29258.5,745
2026-09-15 14:41:00-04:00,29264.0,29264.0,29269.5,29249.25,29249.75,1437
2026-09-15 14:42:00-04:00,29254.25,29254.25,29264.75,29252.75,29264.75,716
2026-09-15 14:43:00-04:00,29250.25,29250.25,29255.75,29250.0,29254.25,353
2026-09-15 14:44:00-04:00,29250.75,29250.75,29254.25,29250.5,29251.0,210
2026-09-15 14:45:00-04:00,29248.25,29248.25,29253.0,29246.25,29251.5,568
2026-09-15 14:46:00-04:00,29243.75,29243.75,29250.0,29243.5,29248.75,439
2026-09-15 14:47:00-04:00,29243.25,29243.25,29247.25,29241.75,29244.0,474
2026-09-15 14:48:00-04:00,29238.5,29238.5,29244.0,29235.5,29243.25,605
2026-09-15 14:49:00-04:00,29236.25,29236.25,29239.0,29229.75,29239.0,1091
2026-09-15 14:50:00-04:00,29238.5,29238.5,29242.75,29236.5,29236.5,689
2026-09-15 14:51:00-04:00,29234.25,29234.25,29238.75,29233.0,29238.75,459
2026-09-15 14:52:00-04:00,29236.75,29236.75,29238.75,29234.25,29234.25,292
2026-09-15 14:53:00-04:00,29240.25,29240.25,29243.25,29236.0,29236.75,352
2026-09-15 14:54:00-04:00,29242.75,29242.75,29244.25,29239.5,29239.5,359
2026-09-15 14:55:00-04:00,29243.0,29243.0,29246.0,29240.5,29243.0,301
2026-09-15 14:56:00-04:00,29243.75,29243.75,29245.75,29240.25,29243.5,421
2026-09-15 14:57:00-04:00,29242.25,29242.25,29248.0,29242.25,29243.75,391
2026-09-15 14:58:00-04:00,29247.5,29247.5,29247.75,29241.0,29242.0,1468
2026-09-15 14:59:00-04:00,29252.5,29252.5,29254.0,29246.25,29247.25,695
2026-09-15 15:00:00-04:00,29257.25,29257.25,29258.0,29248.75,29252.75,711
2026-09-15 15:01:00-04:00,29248.0,29248.0,29258.75,29247.75,29257.25,552
2026-09-15 15:02:00-04:00,29250.25,29250.25,29253.25,29242.75,29247.75,658
2026-09-15 15:03:00-04:00,29250.75,29250.75,29252.25,29249.0,29250.5,254
2026-09-15 15:04:00-04:00,29251.0,29251.0,29257.5,29249.5,29251.0,533
2026-09-15 15:05:00-04:00,29249.0,29249.0,29253.0,29248.0,29250.75,251
2026-09-15 15:06:00-04:00,29248.25,29248.25,29250.0,29247.0,29249.25,279
2026-09-15 15:07:00-04:00,29251.5,29251.5,29251.5,29244.5,29248.0,345
2026-09-15 15:08:00-04:00,29252.0,29252.0,29255.25,29249.0,29251.5,671
2026-09-15 15:09:00-04:00,29252.75,29252.75,29255.0,29249.25,29252.75,550
2026-09-15 15:10:00-04:00,29253.25,29253.25,29254.75,29249.25,29252.5,468
2026-09-15 15:11:00-04:00,29249.75,29249.75,29253.75,29249.25,29252.75,332
2026-09-15 15:12:00-04:00,29243.75,29243.75,29250.0,29241.5,29249.75,498
2026-09-15 15:13:00-04:00,29240.5,29240.5,29243.75,29238.75,29243.75,462
2026-09-15 15:14:00-04:00,29241.0,29241.0,29244.25,29239.25,29240.25,307
2026-09-15 15:15:00-04:00,29237.0,29237.0,29242.0,29234.75,29241.0,394
2026-09-15 15:16:00-04:00,29236.25,29236.25,29239.5,29233.5,29236.75,516
2026-09-15 15:17:00-04:00,29235.75,29235.75,29237.25,29232.75,29237.0,402
2026-09-15 15:18:00-04:00,29238.75,29238.75,29239.75,29235.25,29236.25,298
2026-09-15 15:19:00-04:00,29241.25,29241.25,29244.0,29238.75,29239.0,733
2026-09-15 15:20:00-04:00,29236.0,29236.0,29241.75,29236.0,29240.75,365
2026-09-15 15:21:00-04:00,29235.5,29235.5,29237.75,29234.25,29236.25,327
2026-09-15 15:22:00-04:00,29238.75,29238.75,29239.25,29234.25,29235.75,444
2026-09-15 15:23:00-04:00,29237.25,29237.25,29240.5,29236.25,29238.0,423
2026-09-15 15:24:00-04:00,29236.0,29236.0,29239.75,29234.5,29237.5,456
2026-09-15 15:25:00-04:00,29233.75,29233.75,29236.25,29231.5,29236.25,445
2026-09-15 15:26:00-04:00,29238.75,29238.75,29239.25,29232.5,29234.25,364
2026-09-15 15:27:00-04:00,29243.25,29243.25,29243.75,29238.5,29239.0,388
2026-09-15 15:28:00-04:00,29239.75,29239.75,29244.0,29239.0,29243.5,310
2026-09-15 15:29:00-04:00,29238.25,29238.25,29240.5,29237.5,29239.5,479
2026-09-15 15:30:00-04:00,29234.5,29234.5,29239.5,29233.75,29238.75,803
2026-09-15 15:31:00-04:00,29234.0,29234.0,29236.5,29233.0,29233.75,403
2026-09-15 15:32:00-04:00,29239.25,29239.25,29241.25,29232.5,29234.5,679
2026-09-15 15:33:00-04:00,29237.75,29237.75,29241.25,29236.25,29239.0,307
2026-09-15 15:34:00-04:00,29233.25,29233.25,29238.25,29232.75,29237.25,360
2026-09-15 15:35:00-04:00,29224.75,29224.75,29233.25,29222.25,29233.25,1047
2026-09-15 15:36:00-04:00,29228.0,29228.0,29229.75,29224.5,29225.0,452
2026-09-15 15:37:00-04:00,29222.5,29222.5,29228.0,29218.75,29227.75,604
2026-09-15 15:38:00-04:00,29221.5,29221.5,29225.75,29220.25,29222.25,404
2026-09-15 15:39:00-04:00,29219.25,29219.25,29221.5,29214.0,29221.25,787
2026-09-15 15:40:00-04:00,29221.25,29221.25,29223.0,29215.25,29219.5,653
2026-09-15 15:41:00-04:00,29224.0,29224.0,29227.0,29221.25,29222.0,687
2026-09-15 15:42:00-04:00,29221.5,29221.5,29226.25,29221.0,29224.25,362
2026-09-15 15:43:00-04:00,29226.25,29226.25,29230.0,29216.5,29221.75,860
2026-09-15 15:44:00-04:00,29227.0,29227.0,29230.75,29226.75,29226.75,471
2026-09-15 15:45:00-04:00,29225.75,29225.75,29230.75,29224.0,29227.0,621
2026-09-15 15:46:00-04:00,29227.0,29227.0,29230.0,29223.5,29226.25,671
2026-09-15 15:47:00-04:00,29226.5,29226.5,29233.5,29226.25,29227.0,953
2026-09-15 15:48:00-04:00,29223.25,29223.25,29228.0,29222.5,29226.25,522
2026-09-15 15:49:00-04:00,29233.0,29233.0,29234.5,29222.75,29223.25,480
2026-09-15 15:50:00-04:00,29218.75,29218.75,29234.75,29218.0,29232.75,1534
2026-09-15 15:51:00-04:00,29219.0,29219.0,29223.0,29218.0,29219.0,722
2026-09-15 15:52:00-04:00,29215.0,29215.0,29220.0,29207.5,29219.25,1623
2026-09-15 15:53:00-04:00,29221.75,29221.75,29223.75,29212.5,29214.75,1002
2026-09-15 15:54:00-04:00,29237.75,29237.75,29239.5,29221.5,29222.25,1633
2026-09-15 15:55:00-04:00,29231.25,29231.25,29241.25,29228.0,29238.0,1559
2026-09-15 15:56:00-04:00,29231.75,29231.75,29234.5,29228.75,29230.75,794
2026-09-15 15:57:00-04:00,29236.0,29236.0,29237.25,29229.5,29232.0,1015
2026-09-15 15:58:00-04:00,29240.5,29240.5,29240.75,29231.75,29235.5,2373
2026-09-15 15:59:00-04:00,29251.5,29251.5,29254.25,29238.0,29240.75,11736
2026-09-15 16:00:00-04:00,29269.5,29269.5,29276.5,29250.25,29251.75,3442
2026-09-15 16:01:00-04:00,29279.5,29279.5,29281.75,29269.0,29270.0,1174
2026-09-15 16:02:00-04:00,29277.75,29277.75,29280.0,29274.5,29280.0,731
2026-09-15 16:03:00-04:00,29279.0,29279.0,29280.5,29273.5,29278.0,921
2026-09-15 16:04:00-04:00,29277.75,29277.75,29280.5,29276.5,29279.0,444
2026-09-15 16:05:00-04:00,29274.25,29274.25,29278.75,29274.0,29278.25,422
2026-09-15 16:06:00-04:00,29275.0,29275.0,29276.0,29273.0,29274.25,427
2026-09-15 16:07:00-04:00,29278.75,29278.75,29279.5,29273.0,29275.25,449
2026-09-15 16:08:00-04:00,29276.25,29276.25,29279.5,29275.5,29278.75,293
2026-09-15 16:09:00-04:00,29276.75,29276.75,29276.75,29272.25,29276.0,407
2026-09-15 16:10:00-04:00,29287.5,29287.5,29288.75,29275.25,29277.0,735
2026-09-15 16:11:00-04:00,29288.5,29288.5,29291.0,29285.75,29287.5,413
2026-09-15 16:12:00-04:00,29287.5,29287.5,29290.5,29286.25,29288.75,300
2026-09-15 16:13:00-04:00,29289.25,29289.25,29289.75,29286.5,29287.5,237
2026-09-15 16:14:00-04:00,29287.0,29287.0,29288.75,29284.75,29288.75,175
2026-09-15 16:15:00-04:00,29286.5,29286.5,29287.5,29284.5,29286.75,160
2026-09-15 16:16:00-04:00,29284.25,29284.25,29287.0,29282.5,29287.0,204
2026-09-15 16:17:00-04:00,29284.5,29284.5,29286.25,29283.0,29284.25,307
2026-09-15 16:18:00-04:00,29285.0,29285.0,29285.5,29283.5,29284.25,135
2026-09-15 16:19:00-04:00,29281.0,29281.0,29285.0,29279.5,29285.0,174
2026-09-15 16:20:00-04:00,29280.5,29280.5,29282.0,29279.75,29281.5,109
2026-09-15 16:21:00-04:00,29278.75,29278.75,29281.0,29278.5,29280.5,151
2026-09-15 16:22:00-04:00,29279.0,29279.0,29281.5,29278.5,29278.75,162
2026-09-15 16:23:00-04:00,29278.75,29278.75,29279.5,29276.25,29279.0,158
2026-09-15 16:24:00-04:00,29276.0,29276.0,29278.25,29274.5,29278.0,327
2026-09-15 16:25:00-04:00,29274.5,29274.5,29276.75,29274.5,29276.5,155
2026-09-15 16:26:00-04:00,29270.25,29270.25,29275.5,29269.75,29274.25,203
2026-09-15 16:27:00-04:00,29271.0,29271.0,29271.5,29269.0,29270.25,95
2026-09-15 16:28:00-04:00,29270.5,29270.5,29272.75,29270.5,29270.75,95
2026-09-15 16:29:00-04:00,29270.5,29270.5,29272.75,29269.75,29270.25,81
2026-09-15 16:30:00-04:00,29270.75,29270.75,29272.75,29267.25,29270.5,116
2026-09-15 16:31:00-04:00,29270.25,29270.25,29271.25,29269.75,29270.25,47
2026-09-15 16:32:00-04:00,29271.5,29271.5,29277.0,29270.25,29270.25,217
2026-09-15 16:33:00-04:00,29271.25,29271.25,29273.0,29270.75,29271.0,63
2026-09-15 16:34:00-04:00,29271.75,29271.75,29272.75,29271.5,29271.75,46
2026-09-15 16:35:00-04:00,29274.25,29274.25,29277.25,29272.25,29272.5,97
2026-09-15 16:36:00-04:00,29273.75,29273.75,29274.0,29271.5,29273.5,54
2026-09-15 16:37:00-04:00,29274.5,29274.5,29275.25,29272.75,29272.75,36
2026-09-15 16:38:00-04:00,29279.0,29279.0,29280.0,29274.5,29274.5,63
2026-09-15 16:39:00-04:00,29277.25,29277.25,29278.75,29276.5,29278.0,71
2026-09-15 16:40:00-04:00,29274.0,29274.0,29277.5,29273.5,29276.75,111
2026-09-15 16:41:00-04:00,29281.5,29281.5,29281.5,29274.0,29274.0,75
2026-09-15 16:42:00-04:00,29280.0,29280.0,29283.0,29280.0,29281.25,143
2026-09-15 16:43:00-04:00,29278.25,29278.25,29280.75,29276.5,29280.0,67
2026-09-15 16:44:00-04:00,29278.75,29278.75,29279.75,29277.0,29277.25,38
2026-09-15 16:45:00-04:00,29280.5,29280.5,29280.5,29277.75,29278.75,96
2026-09-15 16:46:00-04:00,29276.75,29276.75,29280.25,29276.75,29280.25,62
2026-09-15 16:47:00-04:00,29280.5,29280.5,29281.25,29277.0,29277.0,33
2026-09-15 16:48:00-04:00,29279.25,29279.25,29281.5,29279.0,29280.25,28
2026-09-15 16:49:00-04:00,29284.5,29284.5,29285.0,29280.0,29280.0,94
2026-09-15 16:50:00-04:00,29282.0,29282.0,29285.0,29282.0,29284.5,45
2026-09-15 16:51:00-04:00,29280.25,29280.25,29282.25,29279.25,29282.25,32
2026-09-15 16:52:00-04:00,29281.75,29281.75,29283.0,29280.5,29281.0,42
2026-09-15 16:53:00-04:00,29281.75,29281.75,29283.0,29281.0,29281.75,28
2026-09-15 16:54:00-04:00,29282.5,29282.5,29283.25,29281.5,29282.75,29
2026-09-15 16:55:00-04:00,29286.0,29286.0,29287.0,29281.0,29282.0,108
2026-09-15 16:56:00-04:00,29281.25,29281.25,29286.25,29281.25,29285.5,43
2026-09-15 16:57:00-04:00,29283.0,29283.0,29283.25,29281.75,29281.75,20
2026-09-15 16:58:00-04:00,29283.0,29283.0,29285.5,29280.0,29282.25,122
2026-09-15 16:59:00-04:00,29277.0,29277.0,29282.75,29277.0,29282.75,142
2026-09-15 18:00:00-04:00,29262.75,29262.75,29278.5,29251.25,29263.75,0
2026-09-15 18:01:00-04:00,29268.5,29268.5,29272.5,29261.75,29265.25,181
2026-09-15 18:02:00-04:00,29271.0,29271.0,29273.25,29263.0,29269.75,150
2026-09-15 18:03:00-04:00,29271.75,29271.75,29273.5,29266.25,29271.25,109
2026-09-15 18:04:00-04:00,29273.75,29273.75,29273.75,29267.75,29271.75,88
2026-09-15 18:05:00-04:00,29269.75,29269.75,29273.0,29266.75,29271.75,77
2026-09-15 18:06:00-04:00,29267.0,29267.0,29270.25,29265.25,29269.75,54
2026-09-15 18:07:00-04:00,29266.0,29266.0,29267.5,29262.75,29267.0,110
2026-09-15 18:08:00-04:00,29261.25,29261.25,29265.75,29260.0,29265.75,96
2026-09-15 18:09:00-04:00,29264.75,29264.75,29265.25,29258.25,29260.75,104
2026-09-15 18:10:00-04:00,29262.25,29262.25,29264.25,29261.25,29263.25,44
2026-09-15 18:11:00-04:00,29263.0,29263.0,29263.0,29260.25,29262.5,38
2026-09-15 18:12:00-04:00,29260.25,29260.25,29262.5,29257.75,29262.5,48
2026-09-15 18:13:00-04:00,29260.25,29260.25,29261.25,29259.0,29259.5,20
2026-09-15 18:14:00-04:00,29261.5,29261.5,29265.25,29259.0,29260.0,63
2026-09-15 18:15:00-04:00,29262.75,29262.75,29264.75,29260.0,29261.25,41
2026-09-15 18:16:00-04:00,29266.25,29266.25,29270.75,29264.5,29264.5,182
2026-09-15 18:17:00-04:00,29265.5,29265.5,29267.5,29263.5,29266.5,38
2026-09-15 18:18:00-04:00,29267.25,29267.25,29267.25,29263.25,29264.25,20
2026-09-15 18:19:00-04:00,29265.5,29265.5,29267.75,29265.5,29267.75,6
2026-09-15 18:20:00-04:00,29263.5,29263.5,29266.0,29262.75,29263.5,10
2026-09-15 18:21:00-04:00,29271.5,29271.5,29275.0,29265.0,29265.0,92
2026-09-15 18:22:00-04:00,29273.25,29273.25,29273.5,29270.25,29272.0,26
2026-09-15 18:23:00-04:00,29274.25,29274.25,29274.5,29271.25,29272.5,37
2026-09-15 18:24:00-04:00,29270.75,29270.75,29275.0,29270.75,29273.5,25
2026-09-15 18:25:00-04:00,29268.5,29268.5,29272.0,29268.0,29270.75,46
2026-09-15 18:26:00-04:00,29266.75,29266.75,29269.25,29266.75,29267.25,30
2026-09-15 18:27:00-04:00,29269.5,29269.5,29270.25,29262.0,29267.75,85
2026-09-15 18:28:00-04:00,29270.75,29270.75,29270.75,29268.25,29268.75,14
2026-09-15 18:29:00-04:00,29269.25,29269.25,29270.0,29266.75,29270.0,38
2026-09-15 18:30:00-04:00,29275.75,29275.75,29276.0,29266.75,29268.25,65
2026-09-15 18:31:00-04:00,29273.75,29273.75,29278.5,29273.75,29276.75,72
2026-09-15 18:32:00-04:00,29273.0,29273.0,29274.5,29272.25,29274.25,26
2026-09-15 18:33:00-04:00,29276.0,29276.0,29277.75,29272.5,29273.0,35
2026-09-15 18:34:00-04:00,29277.5,29277.5,29279.5,29274.75,29276.0,42
2026-09-15 18:35:00-04:00,29280.0,29280.0,29281.25,29277.5,29279.25,44
2026-09-15 18:36:00-04:00,29281.5,29281.5,29283.25,29279.5,29279.5,58
2026-09-15 18:37:00-04:00,29283.0,29283.0,29284.75,29281.75,29282.5,40
2026-09-15 18:38:00-04:00,29286.0,29286.0,29286.0,29284.0,29284.5,47
2026-09-15 18:39:00-04:00,29286.25,29286.25,29286.25,29284.0,29284.5,22
2026-09-15 18:40:00-04:00,29282.25,29282.25,29285.0,29281.0,29285.0,22
2026-09-15 18:41:00-04:00,29284.5,29284.5,29286.0,29281.5,29282.0,44
2026-09-15 18:42:00-04:00,29284.5,29284.5,29285.75,29283.25,29285.5,20
2026-09-15 18:43:00-04:00,29282.75,29282.75,29283.0,29279.5,29282.75,30
2026-09-15 18:44:00-04:00,29282.75,29282.75,29283.5,29281.5,29281.75,19
2026-09-15 18:45:00-04:00,29282.0,29282.0,29283.0,29281.0,29282.25,20
2026-09-15 18:46:00-04:00,29280.5,29280.5,29282.25,29280.5,29282.0,23
2026-09-15 18:47:00-04:00,29280.75,29280.75,29281.5,29280.0,29280.0,23
2026-09-15 18:48:00-04:00,29283.75,29283.75,29286.25,29282.25,29283.25,53
2026-09-15 18:49:00-04:00,29283.5,29283.5,29285.25,29283.5,29285.0,13
2026-09-15 18:50:00-04:00,29284.0,29284.0,29285.75,29284.0,29284.75,8
2026-09-15 18:51:00-04:00,29284.75,29284.75,29284.75,29284.5,29284.5,5
2026-09-15 18:52:00-04:00,29286.25,29286.25,29289.25,29284.75,29286.0,64
2026-09-15 18:53:00-04:00,29287.25,29287.25,29287.75,29284.75,29285.5,28
2026-09-15 18:54:00-04:00,29284.75,29284.75,29286.75,29284.75,29286.0,10
2026-09-15 18:55:00-04:00,29285.0,29285.0,29286.75,29283.5,29285.75,22
2026-09-15 18:56:00-04:00,29284.0,29284.0,29285.25,29283.5,29283.75,8
2026-09-15 18:57:00-04:00,29286.0,29286.0,29286.0,29284.5,29285.0,15
2026-09-15 18:58:00-04:00,29284.75,29284.75,29286.5,29283.75,29286.0,15
2026-09-15 18:59:00-04:00,29282.5,29282.5,29285.0,29282.25,29285.0,23
2026-09-15 19:00:00-04:00,29284.5,29284.5,29284.5,29278.5,29282.0,69
2026-09-15 19:01:00-04:00,29281.25,29281.25,29284.25,29279.25,29284.25,51
2026-09-15 19:02:00-04:00,29280.0,29280.0,29281.5,29280.0,29281.25,26
2026-09-15 19:03:00-04:00,29280.0,29280.0,29282.75,29279.0,29282.0,38
2026-09-15 19:04:00-04:00,29280.0,29280.0,29281.25,29278.0,29279.0,50
2026-09-15 19:05:00-04:00,29280.75,29280.75,29282.0,29279.25,29280.5,20
2026-09-15 19:06:00-04:00,29281.0,29281.0,29283.0,29280.75,29281.5,14
2026-09-15 19:07:00-04:00,29279.75,29279.75,29281.0,29278.5,29280.0,11
2026-09-15 19:08:00-04:00,29279.75,29279.75,29280.75,29278.5,29279.5,23
2026-09-15 19:09:00-04:00,29279.0,29279.0,29279.5,29279.0,29279.25,13
2026-09-15 19:10:00-04:00,29279.0,29279.0,29282.5,29278.5,29279.5,71
2026-09-15 19:11:00-04:00,29281.25,29281.25,29281.75,29279.0,29279.25,11
2026-09-15 19:12:00-04:00,29278.0,29278.0,29283.25,29277.75,29280.25,63
2026-09-15 19:13:00-04:00,29278.25,29278.25,29279.5,29276.0,29278.5,57
2026-09-15 19:14:00-04:00,29278.75,29278.75,29279.25,29278.0,29278.75,14
2026-09-15 19:15:00-04:00,29279.5,29279.5,29279.5,29277.75,29278.0,7
2026-09-15 19:16:00-04:00,29277.25,29277.25,29279.5,29277.25,29279.5,10
2026-09-15 19:17:00-04:00,29276.75,29276.75,29277.75,29276.0,29277.75,72
2026-09-15 19:18:00-04:00,29275.25,29275.25,29277.25,29273.0,29276.75,47
2026-09-15 19:19:00-04:00,29275.0,29275.0,29277.25,29275.0,29276.5,24
2026-09-15 19:20:00-04:00,29275.25,29275.25,29277.0,29275.25,29276.5,6
2026-09-15 19:21:00-04:00,29275.75,29275.75,29276.0,29273.25,29274.5,16
2026-09-15 19:22:00-04:00,29274.25,29274.25,29276.75,29274.0,29276.75,18
2026-09-15 19:23:00-04:00,29274.75,29274.75,29276.25,29274.0,29274.0,12
2026-09-15 19:24:00-04:00,29275.0,29275.0,29275.0,29273.5,29274.25,11
2026-09-15 19:25:00-04:00,29274.25,29274.25,29275.0,29274.0,29274.75,18
2026-09-15 19:26:00-04:00,29268.5,29268.5,29274.5,29265.75,29273.5,121
2026-09-15 19:27:00-04:00,29268.75,29268.75,29270.25,29266.0,29268.25,41
2026-09-15 19:28:00-04:00,29266.5,29266.5,29268.0,29265.75,29268.0,54
2026-09-15 19:29:00-04:00,29267.0,29267.0,29267.75,29266.0,29267.0,17
2026-09-15 19:30:00-04:00,29271.0,29271.0,29271.0,29267.25,29267.25,39
2026-09-15 19:31:00-04:00,29267.75,29267.75,29271.0,29267.75,29271.0,20
2026-09-15 19:32:00-04:00,29269.25,29269.25,29270.0,29267.5,29267.5,11
2026-09-15 19:33:00-04:00,29268.5,29268.5,29269.0,29268.0,29268.0,3
2026-09-15 19:34:00-04:00,29268.25,29268.25,29271.75,29266.0,29269.75,76
2026-09-15 19:35:00-04:00,29267.25,29267.25,29267.25,29265.75,29267.0,19
2026-09-15 19:36:00-04:00,29265.0,29265.0,29268.75,29265.0,29268.5,23
2026-09-15 19:37:00-04:00,29268.75,29268.75,29268.75,29263.25,29265.0,44
2026-09-15 19:38:00-04:00,29269.5,29269.5,29271.0,29266.5,29267.75,38
2026-09-15 19:39:00-04:00,29273.0,29273.0,29273.5,29270.5,29270.5,48
2026-09-15 19:40:00-04:00,29282.25,29282.25,29283.25,29270.0,29272.75,121
2026-09-15 19:41:00-04:00,29282.0,29282.0,29284.25,29280.0,29282.5,144
2026-09-15 19:42:00-04:00,29281.0,29281.0,29282.5,29279.0,29282.5,38
2026-09-15 19:43:00-04:00,29282.5,29282.5,29286.75,29281.5,29282.25,102
2026-09-15 19:44:00-04:00,29282.25,29282.25,29283.5,29280.5,29281.5,32
2026-09-15 19:45:00-04:00,29283.25,29283.25,29284.25,29280.0,29283.0,29
2026-09-15 19:46:00-04:00,29283.5,29283.5,29286.25,29280.5,29281.75,61
2026-09-15 19:47:00-04:00,29278.5,29278.5,29284.5,29277.0,29284.5,44
2026-09-15 19:48:00-04:00,29277.0,29277.0,29282.0,29277.0,29278.5,81
2026-09-15 19:49:00-04:00,29278.5,29278.5,29279.5,29276.25,29276.75,15
2026-09-15 19:50:00-04:00,29282.5,29282.5,29284.0,29278.0,29278.75,47
2026-09-15 19:51:00-04:00,29279.75,29279.75,29283.25,29278.0,29282.5,34
2026-09-15 19:52:00-04:00,29279.5,29279.5,29280.5,29278.5,29280.25,19
2026-09-15 19:53:00-04:00,29284.0,29284.0,29286.5,29280.0,29280.0,81
2026-09-15 19:54:00-04:00,29286.25,29286.25,29286.25,29283.25,29284.5,13
2026-09-15 19:55:00-04:00,29280.75,29280.75,29287.75,29280.5,29286.5,40
2026-09-15 19:56:00-04:00,29276.75,29276.75,29280.0,29274.5,29280.0,45
2026-09-15 19:57:00-04:00,29276.5,29276.5,29279.0,29276.5,29277.5,18
2026-09-15 19:58:00-04:00,29277.75,29277.75,29278.25,29275.75,29276.75,50
2026-09-15 19:59:00-04:00,29278.5,29278.5,29279.25,29274.0,29277.5,63
2026-09-15 20:00:00-04:00,29281.25,29281.25,29286.0,29276.25,29277.5,158
2026-09-15 20:01:00-04:00,29270.75,29270.75,29282.0,29270.5,29281.75,163
2026-09-15 20:02:00-04:00,29270.75,29270.75,29271.25,29257.75,29270.0,332
2026-09-15 20:03:00-04:00,29271.25,29271.25,29278.5,29267.0,29270.75,164
2026-09-15 20:04:00-04:00,29267.5,29267.5,29278.0,29266.0,29273.0,122
2026-09-15 20:05:00-04:00,29272.25,29272.25,29276.75,29269.75,29271.0,99
2026-09-15 20:06:00-04:00,29268.25,29268.25,29278.25,29266.75,29273.5,104
2026-09-15 20:07:00-04:00,29268.0,29268.0,29272.75,29265.75,29268.75,77
2026-09-15 20:08:00-04:00,29269.25,29269.25,29271.75,29265.25,29267.0,36
2026-09-15 20:09:00-04:00,29264.0,29264.0,29271.0,29262.75,29270.25,66
2026-09-15 20:10:00-04:00,29261.75,29261.75,29267.5,29261.0,29267.25,99
2026-09-15 20:11:00-04:00,29278.25,29278.25,29280.0,29262.25,29263.75,167
2026-09-15 20:12:00-04:00,29279.5,29279.5,29284.0,29275.75,29278.25,150
2026-09-15 20:13:00-04:00,29277.0,29277.0,29279.75,29275.75,29279.5,68
2026-09-15 20:14:00-04:00,29278.25,29278.25,29282.0,29277.25,29278.0,41
2026-09-15 20:15:00-04:00,29273.25,29273.25,29279.25,29271.0,29279.0,114
2026-09-15 20:16:00-04:00,29276.25,29276.25,29283.5,29273.25,29273.25,98
2026-09-15 20:17:00-04:00,29281.0,29281.0,29283.25,29278.5,29278.5,105
2026-09-15 20:18:00-04:00,29278.0,29278.0,29282.5,29277.0,29281.0,103
2026-09-15 20:19:00-04:00,29279.25,29279.25,29283.25,29276.5,29279.25,86
2026-09-15 20:20:00-04:00,29276.75,29276.75,29279.5,29276.0,29277.75,26
2026-09-15 20:21:00-04:00,29277.5,29277.5,29279.25,29276.25,29277.5,51
2026-09-15 20:22:00-04:00,29276.25,29276.25,29277.75,29274.75,29277.0,33
2026-09-15 20:23:00-04:00,29273.0,29273.0,29276.5,29272.75,29275.25,42
2026-09-15 20:24:00-04:00,29271.25,29271.25,29275.0,29270.75,29272.5,26
2026-09-15 20:25:00-04:00,29267.0,29267.0,29273.5,29267.0,29270.75,145
2026-09-15 20:26:00-04:00,29271.0,29271.0,29272.25,29268.0,29268.0,41
2026-09-15 20:27:00-04:00,29270.25,29270.25,29272.75,29268.5,29272.5,22
2026-09-15 20:28:00-04:00,29276.75,29276.75,29278.0,29269.75,29270.25,45
2026-09-15 20:29:00-04:00,29274.5,29274.5,29276.75,29274.25,29276.5,37
2026-09-15 20:30:00-04:00,29280.5,29280.5,29285.25,29274.5,29275.5,144
2026-09-15 20:31:00-04:00,29279.75,29279.75,29281.25,29272.75,29281.0,62
2026-09-15 20:32:00-04:00,29279.5,29279.5,29281.5,29279.0,29279.5,25
2026-09-15 20:33:00-04:00,29274.25,29274.25,29279.0,29273.25,29277.0,73
2026-09-15 20:34:00-04:00,29271.75,29271.75,29274.0,29271.5,29273.0,19
2026-09-15 20:35:00-04:00,29270.5,29270.5,29271.25,29264.75,29271.25,105
2026-09-15 20:36:00-04:00,29276.5,29276.5,29278.5,29270.75,29271.0,55
2026-09-15 20:37:00-04:00,29277.0,29277.0,29280.25,29275.5,29275.5,60
2026-09-15 20:38:00-04:00,29277.25,29277.25,29279.5,29274.75,29276.25,30
2026-09-15 20:39:00-04:00,29278.75,29278.75,29280.25,29278.25,29279.25,35
2026-09-15 20:40:00-04:00,29274.5,29274.5,29277.25,29274.25,29277.25,25
2026-09-15 20:41:00-04:00,29277.25,29277.25,29278.0,29273.25,29275.0,37
2026-09-15 20:42:00-04:00,29274.0,29274.0,29276.75,29273.75,29276.75,67
2026-09-15 20:43:00-04:00,29272.25,29272.25,29276.5,29271.5,29274.5,38
2026-09-15 20:44:00-04:00,29272.25,29272.25,29273.75,29272.0,29272.25,13
2026-09-15 20:45:00-04:00,29273.75,29273.75,29275.75,29269.0,29272.5,78
2026-09-15 20:46:00-04:00,29270.0,29270.0,29273.0,29269.25,29273.0,24
2026-09-15 20:47:00-04:00,29271.75,29271.75,29272.5,29267.5,29269.0,34
2026-09-15 20:48:00-04:00,29282.25,29282.25,29285.25,29270.75,29271.0,153
2026-09-15 20:49:00-04:00,29279.0,29279.0,29284.25,29278.75,29283.0,120
2026-09-15 20:50:00-04:00,29277.75,29277.75,29280.75,29276.5,29280.75,46
2026-09-15 20:51:00-04:00,29277.25,29277.25,29277.25,29274.75,29275.75,41
2026-09-15 20:52:00-04:00,29281.75,29281.75,29281.75,29277.75,29278.0,58
2026-09-15 20:53:00-04:00,29277.25,29277.25,29282.5,29276.0,29282.25,47
2026-09-15 20:54:00-04:00,29278.5,29278.5,29278.75,29274.75,29277.25,25
2026-09-15 20:55:00-04:00,29269.75,29269.75,29277.5,29269.75,29277.5,130
2026-09-15 20:56:00-04:00,29274.0,29274.0,29274.25,29268.5,29269.75,50
2026-09-15 20:57:00-04:00,29274.25,29274.25,29274.75,29272.5,29274.75,17
2026-09-15 20:58:00-04:00,29277.0,29277.0,29279.75,29273.25,29273.5,80
2026-09-15 20:59:00-04:00,29272.5,29272.5,29277.0,29271.25,29276.25,50
2026-09-15 21:00:00-04:00,29273.5,29273.5,29277.0,29272.0,29272.25,43
2026-09-15 21:01:00-04:00,29267.75,29267.75,29277.0,29267.0,29274.25,107
2026-09-15 21:02:00-04:00,29266.75,29266.75,29269.25,29263.25,29268.5,75
2026-09-15 21:03:00-04:00,29264.75,29264.75,29272.75,29264.75,29265.0,92
2026-09-15 21:04:00-04:00,29260.5,29260.5,29265.75,29258.75,29264.5,190
2026-09-15 21:05:00-04:00,29256.5,29256.5,29259.25,29252.75,29259.25,263
2026-09-15 21:06:00-04:00,29253.25,29253.25,29258.25,29252.5,29257.25,130
2026-09-15 21:07:00-04:00,29249.0,29249.0,29253.0,29246.0,29253.0,213
2026-09-15 21:08:00-04:00,29251.25,29251.25,29254.25,29247.25,29249.25,168
2026-09-15 21:09:00-04:00,29246.0,29246.0,29253.25,29243.0,29251.75,198
2026-09-15 21:10:00-04:00,29254.25,29254.25,29255.5,29240.5,29245.75,265
2026-09-15 21:11:00-04:00,29257.5,29257.5,29261.75,29252.25,29254.25,142
2026-09-15 21:12:00-04:00,29256.75,29256.75,29262.0,29254.25,29257.5,98
2026-09-15 21:13:00-04:00,29273.75,29273.75,29275.0,29256.75,29257.0,269
2026-09-15 21:14:00-04:00,29282.0,29282.0,29283.5,29271.75,29274.25,430
2026-09-15 21:15:00-04:00,29284.0,29284.0,29288.0,29278.75,29282.5,304
2026-09-15 21:16:00-04:00,29283.0,29283.0,29283.5,29277.25,29283.5,148
2026-09-15 21:17:00-04:00,29276.5,29276.5,29281.75,29269.75,29281.75,190
2026-09-15 21:18:00-04:00,29272.0,29272.0,29278.0,29270.5,29275.5,69
2026-09-15 21:19:00-04:00,29274.75,29274.75,29275.5,29272.75,29273.75,47
2026-09-15 21:20:00-04:00,29275.0,29275.0,29278.0,29272.5,29274.25,69
2026-09-15 21:21:00-04:00,29276.0,29276.0,29276.75,29273.5,29276.25,33
2026-09-15 21:22:00-04:00,29279.75,29279.75,29282.0,29276.0,29276.0,106
2026-09-15 21:23:00-04:00,29282.0,29282.0,29282.75,29279.0,29279.5,87
2026-09-15 21:24:00-04:00,29285.5,29285.5,29288.75,29282.75,29282.75,170
2026-09-15 21:25:00-04:00,29288.0,29288.0,29288.75,29283.5,29285.5,82
2026-09-15 21:26:00-04:00,29278.25,29278.25,29288.5,29277.5,29288.25,79
2026-09-15 21:27:00-04:00,29282.25,29282.25,29283.0,29276.75,29276.75,40
2026-09-15 21:28:00-04:00,29282.75,29282.75,29283.25,29281.0,29281.0,29
2026-09-15 21:29:00-04:00,29277.0,29277.0,29281.75,29277.0,29281.25,42
2026-09-15 21:30:00-04:00,29266.5,29266.5,29278.75,29266.0,29276.75,185
2026-09-15 21:31:00-04:00,29263.25,29263.25,29270.25,29261.5,29266.5,195
2026-09-15 21:32:00-04:00,29270.5,29270.5,29273.25,29263.25,29264.25,67
2026-09-15 21:33:00-04:00,29268.5,29268.5,29270.75,29267.0,29269.5,43
2026-09-15 21:34:00-04:00,29271.0,29271.0,29272.0,29268.0,29268.0,37
2026-09-15 21:35:00-04:00,29265.75,29265.75,29274.0,29265.0,29270.75,72
2026-09-15 21:36:00-04:00,29254.0,29254.0,29266.5,29251.5,29265.0,227
2026-09-15 21:37:00-04:00,29248.5,29248.5,29256.5,29248.5,29254.25,115
2026-09-15 21:38:00-04:00,29250.0,29250.0,29251.0,29244.75,29249.25,126
2026-09-15 21:39:00-04:00,29251.0,29251.0,29252.25,29245.0,29249.5,108
2026-09-15 21:40:00-04:00,29254.25,29254.25,29254.25,29248.75,29250.25,66
2026-09-15 21:41:00-04:00,29255.5,29255.5,29262.0,29253.0,29254.5,127
2026-09-15 21:42:00-04:00,29254.0,29254.0,29258.0,29251.75,29256.75,55
2026-09-15 21:43:00-04:00,29251.25,29251.25,29257.5,29251.25,29256.0,55
2026-09-15 21:44:00-04:00,29256.5,29256.5,29258.5,29251.0,29251.75,38
2026-09-15 21:45:00-04:00,29261.0,29261.0,29267.0,29256.0,29256.5,141
2026-09-15 21:46:00-04:00,29257.5,29257.5,29264.0,29256.5,29262.25,85
2026-09-15 21:47:00-04:00,29256.25,29256.25,29262.0,29253.5,29256.0,227
2026-09-15 21:48:00-04:00,29255.0,29255.0,29259.0,29253.0,29256.75,23
2026-09-15 21:49:00-04:00,29251.75,29251.75,29256.25,29249.75,29255.0,53
2026-09-15 21:50:00-04:00,29239.0,29239.0,29252.5,29239.0,29251.0,143
2026-09-15 21:51:00-04:00,29242.75,29242.75,29244.0,29235.75,29239.25,213
2026-09-15 21:52:00-04:00,29243.5,29243.5,29244.75,29240.5,29241.5,41
2026-09-15 21:53:00-04:00,29239.25,29239.25,29242.5,29236.5,29242.5,161
2026-09-15 21:54:00-04:00,29234.5,29234.5,29240.0,29232.0,29238.75,144
2026-09-15 21:55:00-04:00,29236.5,29236.5,29240.0,29232.5,29233.75,134
2026-09-15 21:56:00-04:00,29233.5,29233.5,29237.75,29232.0,29236.0,64
2026-09-15 21:57:00-04:00,29232.25,29232.25,29234.5,29230.25,29234.5,107
2026-09-15 21:58:00-04:00,29230.5,29230.5,29234.5,29229.25,29231.25,58
2026-09-15 21:59:00-04:00,29230.0,29230.0,29231.5,29226.0,29230.25,169
2026-09-15 22:00:00-04:00,29238.5,29238.5,29239.5,29228.0,29228.75,139
2026-09-15 22:01:00-04:00,29246.5,29246.5,29249.5,29238.25,29239.0,260
2026-09-15 22:02:00-04:00,29259.5,29259.5,29260.5,29243.5,29246.0,275
2026-09-15 22:03:00-04:00,29251.75,29251.75,29259.5,29251.75,29259.5,192
2026-09-15 22:04:00-04:00,29253.25,29253.25,29254.25,29248.75,29251.25,61
2026-09-15 22:05:00-04:00,29246.25,29246.25,29255.0,29242.75,29254.0,77
2026-09-15 22:06:00-04:00,29240.5,29240.5,29246.75,29238.5,29245.25,123
2026-09-15 22:07:00-04:00,29238.75,29238.75,29240.75,29234.0,29240.75,73
2026-09-15 22:08:00-04:00,29243.5,29243.5,29244.75,29238.0,29239.25,38
2026-09-15 22:09:00-04:00,29243.75,29243.75,29246.75,29238.75,29243.75,82
2026-09-15 22:10:00-04:00,29246.0,29246.0,29253.5,29244.0,29244.0,74
2026-09-15 22:11:00-04:00,29236.25,29236.25,29247.0,29236.0,29246.0,93
2026-09-15 22:12:00-04:00,29235.75,29235.75,29239.0,29228.0,29237.0,201
2026-09-15 22:13:00-04:00,29235.25,29235.25,29236.25,29233.25,29235.5,38
2026-09-15 22:14:00-04:00,29233.0,29233.0,29234.75,29230.75,29234.5,39
2026-09-15 22:15:00-04:00,29241.25,29241.25,29243.0,29233.75,29234.5,81
2026-09-15 22:16:00-04:00,29244.75,29244.75,29245.25,29237.25,29240.0,52
2026-09-15 22:17:00-04:00,29248.25,29248.25,29248.5,29243.5,29244.25,46
2026-09-15 22:18:00-04:00,29244.75,29244.75,29246.25,29242.0,29246.0,55
2026-09-15 22:19:00-04:00,29247.75,29247.75,29249.0,29245.25,29247.0,69
2026-09-15 22:20:00-04:00,29245.25,29245.25,29247.25,29241.5,29247.25,41
2026-09-15 22:21:00-04:00,29248.0,29248.0,29248.0,29244.25,29244.5,26
2026-09-15 22:22:00-04:00,29246.25,29246.25,29252.0,29245.0,29249.75,58
2026-09-15 22:23:00-04:00,29248.25,29248.25,29249.5,29246.0,29246.0,29
2026-09-15 22:24:00-04:00,29258.5,29258.5,29260.0,29248.5,29249.0,117
2026-09-15 22:25:00-04:00,29263.0,29263.0,29264.5,29259.0,29259.0,72
2026-09-15 22:26:00-04:00,29263.5,29263.5,29265.5,29258.5,29263.75,119
2026-09-15 22:27:00-04:00,29269.0,29269.0,29271.75,29264.25,29264.25,131
2026-09-15 22:28:00-04:00,29267.0,29267.0,29269.5,29264.0,29267.75,53
2026-09-15 22:29:00-04:00,29274.5,29274.5,29278.5,29266.25,29266.25,282
2026-09-15 22:30:00-04:00,29277.5,29277.5,29284.0,29273.0,29274.75,265
2026-09-15 22:31:00-04:00,29281.5,29281.5,29281.5,29274.75,29278.0,172
2026-09-15 22:32:00-04:00,29274.0,29274.0,29283.25,29273.75,29280.5,101
2026-09-15 22:33:00-04:00,29268.75,29268.75,29274.75,29268.25,29274.75,94
2026-09-15 22:34:00-04:00,29274.75,29274.75,29278.5,29269.25,29269.25,67
2026-09-15 22:35:00-04:00,29281.5,29281.5,29282.5,29275.0,29276.25,76
2026-09-15 22:36:00-04:00,29281.0,29281.0,29283.0,29277.25,29281.75,144
2026-09-15 22:37:00-04:00,29276.25,29276.25,29281.0,29276.25,29281.0,67
2026-09-15 22:38:00-04:00,29273.25,29273.25,29277.75,29272.0,29277.75,83
2026-09-15 22:39:00-04:00,29269.75,29269.75,29274.5,29268.0,29273.25,68
2026-09-15 22:40:00-04:00,29270.75,29270.75,29273.75,29269.0,29271.25,24
2026-09-15 22:41:00-04:00,29267.25,29267.25,29270.75,29265.0,29270.5,72
2026-09-15 22:42:00-04:00,29257.75,29257.75,29267.25,29257.75,29267.0,92
2026-09-15 22:43:00-04:00,29260.75,29260.75,29266.75,29258.0,29258.25,77
2026-09-15 22:44:00-04:00,29260.5,29260.5,29261.0,29254.75,29260.75,102
2026-09-15 22:45:00-04:00,29263.5,29263.5,29263.5,29259.5,29261.0,44
2026-09-15 22:46:00-04:00,29265.0,29265.0,29267.75,29262.25,29264.0,79
2026-09-15 22:47:00-04:00,29262.5,29262.5,29265.25,29261.25,29265.25,26
2026-09-15 22:48:00-04:00,29266.5,29266.5,29267.25,29262.25,29262.25,37
2026-09-15 22:49:00-04:00,29268.0,29268.0,29270.5,29266.0,29267.75,43
2026-09-15 22:50:00-04:00,29270.25,29270.25,29270.25,29264.5,29267.25,45
2026-09-15 22:51:00-04:00,29275.75,29275.75,29276.75,29268.75,29270.5,71
2026-09-15 22:52:00-04:00,29273.25,29273.25,29275.75,29273.0,29275.75,59
2026-09-15 22:53:00-04:00,29278.75,29278.75,29280.0,29271.25,29272.5,118
2026-09-15 22:54:00-04:00,29274.0,29274.0,29278.75,29272.75,29278.75,47
2026-09-15 22:55:00-04:00,29275.75,29275.75,29276.25,29273.75,29274.75,43
2026-09-15 22:56:00-04:00,29276.0,29276.0,29281.25,29275.5,29276.0,64
2026-09-15 22:57:00-04:00,29276.5,29276.5,29278.75,29274.75,29277.0,25
2026-09-15 22:58:00-04:00,29276.75,29276.75,29277.75,29275.0,29277.25,42
2026-09-15 22:59:00-04:00,29282.75,29282.75,29283.5,29276.25,29276.25,80
2026-09-15 23:00:00-04:00,29287.0,29287.0,29288.5,29280.75,29282.75,155
2026-09-15 23:01:00-04:00,29289.5,29289.5,29290.5,29286.25,29286.75,160
2026-09-15 23:02:00-04:00,29294.75,29294.75,29298.0,29288.0,29289.0,223
2026-09-15 23:03:00-04:00,29302.25,29302.25,29302.5,29294.5,29294.5,111
2026-09-15 23:04:00-04:00,29300.0,29300.0,29305.0,29298.75,29301.75,130
2026-09-15 23:05:00-04:00,29301.75,29301.75,29302.75,29298.0,29300.0,72
2026-09-15 23:06:00-04:00,29304.5,29304.5,29305.75,29301.0,29302.25,81
2026-09-15 23:07:00-04:00,29298.5,29298.5,29304.75,29297.0,29304.5,119
2026-09-15 23:08:00-04:00,29301.0,29301.0,29301.75,29297.25,29298.25,58
2026-09-15 23:09:00-04:00,29295.0,29295.0,29299.25,29292.0,29299.25,94
2026-09-15 23:10:00-04:00,29297.75,29297.75,29299.75,29295.75,29295.75,134
2026-09-15 23:11:00-04:00,29294.5,29294.5,29298.0,29293.5,29297.0,98
2026-09-15 23:12:00-04:00,29301.25,29301.25,29303.25,29295.25,29295.25,147
2026-09-15 23:13:00-04:00,29307.0,29307.0,29308.0,29298.75,29302.25,115
2026-09-15 23:14:00-04:00,29320.0,29320.0,29321.25,29306.25,29306.75,343
2026-09-15 23:15:00-04:00,29323.75,29323.75,29323.75,29317.5,29320.25,169
2026-09-15 23:16:00-04:00,29329.0,29329.0,29329.5,29321.25,29323.25,185
2026-09-15 23:17:00-04:00,29333.75,29333.75,29335.75,29326.5,29329.0,252
2026-09-15 23:18:00-04:00,29331.0,29331.0,29334.25,29329.25,29334.25,105
2026-09-15 23:19:00-04:00,29332.5,29332.5,29333.0,29328.75,29331.25,67
2026-09-15 23:20:00-04:00,29332.0,29332.0,29335.0,29327.75,29332.75,91
2026-09-15 23:21:00-04:00,29354.0,29354.0,29358.5,29332.5,29333.75,671
2026-09-15 23:22:00-04:00,29346.0,29346.0,29356.0,29344.75,29354.5,257
2026-09-15 23:23:00-04:00,29349.25,29349.25,29352.75,29345.75,29346.0,97
2026-09-15 23:24:00-04:00,29342.75,29342.75,29349.5,29340.75,29348.75,128
2026-09-15 23:25:00-04:00,29344.25,29344.25,29346.0,29343.25,29344.0,74
2026-09-15 23:26:00-04:00,29346.75,29346.75,29347.25,29344.0,29345.0,66
2026-09-15 23:27:00-04:00,29331.0,29331.0,29346.25,29329.0,29346.25,190
2026-09-15 23:28:00-04:00,29326.5,29326.5,29333.0,29325.75,29331.25,125
2026-09-15 23:29:00-04:00,29320.5,29320.5,29328.5,29320.0,29326.25,140
2026-09-15 23:30:00-04:00,29316.0,29316.0,29324.5,29315.0,29320.0,156
2026-09-15 23:31:00-04:00,29315.75,29315.75,29324.0,29315.75,29316.0,124
2026-09-15 23:32:00-04:00,29312.75,29312.75,29317.5,29310.0,29315.5,123
2026-09-15 23:33:00-04:00,29313.5,29313.5,29314.5,29310.0,29312.0,71
2026-09-15 23:34:00-04:00,29308.0,29308.0,29313.25,29307.25,29312.75,48
2026-09-15 23:35:00-04:00,29307.75,29307.75,29309.75,29304.5,29309.0,126
2026-09-15 23:36:00-04:00,29302.5,29302.5,29308.25,29302.0,29306.25,84
2026-09-15 23:37:00-04:00,29301.5,29301.5,29307.0,29299.75,29303.0,185
2026-09-15 23:38:00-04:00,29309.25,29309.25,29309.75,29300.5,29302.25,125
2026-09-15 23:39:00-04:00,29311.25,29311.25,29312.5,29307.25,29308.75,143
2026-09-15 23:40:00-04:00,29314.0,29314.0,29316.0,29310.0,29311.25,119
2026-09-15 23:41:00-04:00,29311.25,29311.25,29314.75,29309.75,29313.75,72
2026-09-15 23:42:00-04:00,29309.5,29309.5,29312.0,29308.5,29311.0,66
2026-09-15 23:43:00-04:00,29317.5,29317.5,29319.0,29310.5,29310.5,74
2026-09-15 23:44:00-04:00,29321.75,29321.75,29324.0,29315.75,29317.25,296
2026-09-15 23:45:00-04:00,29328.25,29328.25,29330.75,29321.75,29321.75,180
2026-09-15 23:46:00-04:00,29331.75,29331.75,29332.25,29325.5,29327.5,92
2026-09-15 23:47:00-04:00,29334.0,29334.0,29336.75,29327.75,29331.75,141
2026-09-15 23:48:00-04:00,29331.75,29331.75,29338.75,29330.0,29334.25,218
2026-09-15 23:49:00-04:00,29328.75,29328.75,29332.75,29327.0,29331.0,151
2026-09-15 23:50:00-04:00,29328.5,29328.5,29331.25,29326.5,29328.25,50
2026-09-15 23:51:00-04:00,29329.0,29329.0,29329.25,29326.75,29328.25,34
2026-09-15 23:52:00-04:00,29333.75,29333.75,29333.75,29329.75,29329.75,121
2026-09-15 23:53:00-04:00,29332.25,29332.25,29335.25,29331.75,29333.0,39
2026-09-15 23:54:00-04:00,29326.75,29326.75,29332.0,29325.25,29332.0,64
2026-09-15 23:55:00-04:00,29330.75,29330.75,29332.25,29324.75,29326.5,52
2026-09-15 23:56:00-04:00,29333.25,29333.25,29333.5,29326.5,29328.25,35
2026-09-15 23:57:00-04:00,29332.25,29332.25,29336.5,29329.75,29333.0,43
2026-09-15 23:58:00-04:00,29331.25,29331.25,29332.75,29330.5,29331.5,23
2026-09-16 00:09:00-04:00,29333.75,29333.75,29334.75,29331.0,29331.75,105
2026-09-16 00:10:00-04:00,29335.75,29335.75,29336.0,29332.75,29332.75,29
2026-09-16 00:11:00-04:00,29333.0,29333.0,29334.75,29330.0,29334.75,49
2026-09-16 00:12:00-04:00,29331.25,29331.25,29332.5,29328.5,29332.5,63
2026-09-16 00:13:00-04:00,29334.75,29334.75,29335.5,29329.5,29331.0,39
2026-09-16 00:14:00-04:00,29332.0,29332.0,29333.75,29332.0,29333.5,25
2026-09-16 00:15:00-04:00,29329.75,29329.75,29333.75,29327.5,29331.75,67
2026-09-16 00:16:00-04:00,29326.75,29326.75,29332.75,29325.25,29329.5,102
2026-09-16 00:17:00-04:00,29328.25,29328.25,29329.75,29326.5,29328.75,55
2026-09-16 00:18:00-04:00,29326.0,29326.0,29328.75,29325.0,29327.0,32
2026-09-16 00:19:00-04:00,29324.75,29324.75,29327.0,29323.75,29325.5,35
2026-09-16 00:20:00-04:00,29338.5,29338.5,29339.5,29326.0,29326.0,121
2026-09-16 00:21:00-04:00,29336.0,29336.0,29337.5,29333.0,29337.5,40
2026-09-16 00:22:00-04:00,29336.25,29336.25,29339.0,29334.25,29336.0,81
2026-09-16 00:23:00-04:00,29339.25,29339.25,29339.75,29333.5,29335.5,30
2026-09-16 00:24:00-04:00,29334.75,29334.75,29340.5,29333.75,29340.0,63
2026-09-16 00:25:00-04:00,29332.75,29332.75,29335.5,29332.5,29334.5,31
2026-09-16 00:26:00-04:00,29328.75,29328.75,29331.75,29328.75,29331.25,22
2026-09-16 00:27:00-04:00,29328.5,29328.5,29330.0,29327.0,29330.0,16
2026-09-16 00:28:00-04:00,29322.0,29322.0,29328.25,29321.0,29328.25,120
2026-09-16 00:29:00-04:00,29323.25,29323.25,29324.0,29319.0,29321.75,34
2026-09-16 00:30:00-04:00,29321.75,29321.75,29322.75,29316.5,29321.25,65
2026-09-16 00:31:00-04:00,29317.0,29317.0,29321.75,29314.25,29321.75,32
2026-09-16 00:32:00-04:00,29311.25,29311.25,29317.25,29309.25,29316.75,76
2026-09-16 00:33:00-04:00,29302.0,29302.0,29311.25,29302.0,29311.25,66
2026-09-16 00:34:00-04:00,29303.5,29303.5,29306.75,29302.75,29302.75,44
2026-09-16 00:35:00-04:00,29301.25,29301.25,29306.25,29298.75,29303.25,111
2026-09-16 00:36:00-04:00,29302.25,29302.25,29303.0,29300.0,29301.0,57
2026-09-16 00:37:00-04:00,29311.25,29311.25,29311.25,29301.5,29302.75,73
2026-09-16 00:38:00-04:00,29305.0,29305.0,29312.25,29304.25,29312.0,73
2026-09-16 00:39:00-04:00,29308.0,29308.0,29308.0,29306.0,29306.5,20
2026-09-16 00:40:00-04:00,29309.25,29309.25,29310.0,29306.75,29308.5,24
2026-09-16 00:41:00-04:00,29312.75,29312.75,29315.25,29307.25,29308.0,50
2026-09-16 00:42:00-04:00,29314.75,29314.75,29314.75,29311.0,29313.25,97
2026-09-16 00:43:00-04:00,29303.25,29303.25,29313.0,29302.5,29312.5,91
2026-09-16 00:44:00-04:00,29304.25,29304.25,29306.5,29302.5,29304.0,28
2026-09-16 00:45:00-04:00,29310.5,29310.5,29311.25,29304.0,29305.25,53
2026-09-16 00:46:00-04:00,29312.5,29312.5,29314.5,29309.5,29310.5,48
2026-09-16 00:47:00-04:00,29316.5,29316.5,29318.0,29310.75,29311.0,53
2026-09-16 00:48:00-04:00,29315.0,29315.0,29319.25,29315.0,29317.25,38
2026-09-16 00:49:00-04:00,29317.25,29317.25,29317.25,29313.0,29315.25,23
2026-09-16 00:50:00-04:00,29316.0,29316.0,29319.0,29316.0,29317.0,27
2026-09-16 00:51:00-04:00,29313.0,29313.0,29315.5,29309.25,29315.5,38
2026-09-16 00:52:00-04:00,29319.5,29319.5,29320.0,29309.0,29309.75,38
2026-09-16 00:53:00-04:00,29314.5,29314.5,29319.0,29314.5,29318.0,30
2026-09-16 00:54:00-04:00,29311.75,29311.75,29315.75,29310.75,29314.75,33
2026-09-16 00:55:00-04:00,29309.25,29309.25,29310.75,29304.0,29310.75,91
2026-09-16 00:56:00-04:00,29305.0,29305.0,29311.0,29304.75,29311.0,26
2026-09-16 00:57:00-04:00,29313.75,29313.75,29313.75,29305.0,29305.0,54
2026-09-16 00:58:00-04:00,29311.25,29311.25,29316.25,29310.75,29313.25,66
2026-09-16 00:59:00-04:00,29303.75,29303.75,29313.5,29303.5,29311.0,151
2026-09-16 01:00:00-04:00,29305.5,29305.5,29307.25,29302.75,29303.25,78
2026-09-16 01:01:00-04:00,29291.25,29291.25,29304.75,29291.0,29304.75,180
2026-09-16 01:02:00-04:00,29288.5,29288.5,29291.75,29286.0,29291.0,174
2026-09-16 01:03:00-04:00,29293.75,29293.75,29296.0,29285.5,29288.5,140
2026-09-16 01:04:00-04:00,29303.5,29303.5,29303.5,29291.5,29293.75,119
2026-09-16 01:05:00-04:00,29301.5,29301.5,29304.75,29301.0,29304.25,66
2026-09-16 01:06:00-04:00,29297.75,29297.75,29302.5,29297.25,29302.0,71
2026-09-16 01:07:00-04:00,29307.25,29307.25,29308.25,29297.25,29299.5,96
2026-09-16 01:08:00-04:00,29303.75,29303.75,29311.0,29303.5,29307.75,103
2026-09-16 01:09:00-04:00,29313.75,29313.75,29313.75,29306.0,29306.0,65
2026-09-16 01:10:00-04:00,29308.5,29308.5,29317.0,29306.25,29313.5,131
2026-09-16 01:11:00-04:00,29313.0,29313.0,29315.0,29308.0,29309.5,72
2026-09-16 01:12:00-04:00,29310.5,29310.5,29310.5,29308.75,29309.0,25
2026-09-16 01:13:00-04:00,29315.25,29315.25,29316.25,29308.5,29310.0,46
2026-09-16 01:14:00-04:00,29312.25,29312.25,29316.75,29310.75,29314.25,48
2026-09-16 01:15:00-04:00,29319.5,29319.5,29320.5,29312.0,29312.75,83
2026-09-16 01:16:00-04:00,29322.75,29322.75,29323.5,29317.25,29320.0,94
2026-09-16 01:17:00-04:00,29322.0,29322.0,29325.75,29322.0,29323.25,99
2026-09-16 01:18:00-04:00,29321.0,29321.0,29323.75,29317.75,29321.5,78
2026-09-16 01:19:00-04:00,29321.25,29321.25,29323.0,29320.0,29320.25,35
2026-09-16 01:20:00-04:00,29318.75,29318.75,29323.25,29316.25,29320.5,114
2026-09-16 01:21:00-04:00,29321.5,29321.5,29322.5,29318.5,29318.75,42
2026-09-16 01:22:00-04:00,29313.5,29313.5,29321.25,29310.75,29321.25,101
2026-09-16 01:23:00-04:00,29318.0,29318.0,29319.25,29314.25,29315.5,41
2026-09-16 01:24:00-04:00,29317.5,29317.5,29319.25,29314.25,29316.5,51
2026-09-16 01:25:00-04:00,29318.75,29318.75,29323.0,29313.5,29317.5,89
2026-09-16 01:26:00-04:00,29316.5,29316.5,29320.75,29314.0,29319.75,43
2026-09-16 01:27:00-04:00,29317.5,29317.5,29319.25,29314.5,29315.25,52
2026-09-16 01:28:00-04:00,29311.0,29311.0,29318.75,29309.25,29318.0,50
2026-09-16 01:29:00-04:00,29322.5,29322.5,29323.75,29311.5,29311.5,77
2026-09-16 01:30:00-04:00,29320.0,29320.0,29323.25,29314.75,29321.0,78
2026-09-16 01:31:00-04:00,29322.0,29322.0,29325.0,29317.75,29320.75,97
2026-09-16 01:32:00-04:00,29320.75,29320.75,29322.5,29319.5,29321.75,41
2026-09-16 01:33:00-04:00,29323.75,29323.75,29326.5,29320.0,29321.0,68
2026-09-16 01:34:00-04:00,29323.0,29323.0,29325.25,29322.5,29324.0,42
2026-09-16 01:35:00-04:00,29326.75,29326.75,29327.75,29319.5,29321.0,321
2026-09-16 01:36:00-04:00,29329.25,29329.25,29333.5,29325.75,29326.75,248
2026-09-16 01:37:00-04:00,29324.5,29324.5,29330.25,29322.5,29329.0,76
2026-09-16 01:38:00-04:00,29327.75,29327.75,29328.0,29324.5,29324.5,34
2026-09-16 01:39:00-04:00,29329.0,29329.0,29330.75,29327.5,29328.25,37
2026-09-16 01:40:00-04:00,29339.25,29339.25,29339.75,29329.25,29329.25,162
2026-09-16 01:41:00-04:00,29334.75,29334.75,29340.0,29334.75,29339.75,102
2026-09-16 01:42:00-04:00,29338.5,29338.5,29338.5,29333.25,29334.25,45
2026-09-16 01:43:00-04:00,29335.25,29335.25,29337.25,29334.5,29337.0,55
2026-09-16 01:44:00-04:00,29343.25,29343.25,29345.75,29335.75,29335.75,226
2026-09-16 01:45:00-04:00,29344.75,29344.75,29347.0,29343.0,29343.5,85
2026-09-16 01:46:00-04:00,29345.25,29345.25,29348.25,29344.0,29345.25,66
2026-09-16 01:47:00-04:00,29337.0,29337.0,29346.5,29336.5,29345.75,112
2026-09-16 01:48:00-04:00,29336.5,29336.5,29338.75,29334.75,29337.75,76
2026-09-16 01:49:00-04:00,29325.5,29325.5,29337.5,29324.75,29337.25,143
2026-09-16 01:50:00-04:00,29324.75,29324.75,29329.25,29324.5,29325.75,133
2026-09-16 01:51:00-04:00,29327.25,29327.25,29328.5,29322.5,29325.25,128
2026-09-16 01:52:00-04:00,29321.5,29321.5,29327.5,29320.5,29327.0,92
2026-09-16 01:53:00-04:00,29324.25,29324.25,29326.75,29321.75,29321.75,93
2026-09-16 01:54:00-04:00,29333.0,29333.0,29333.0,29323.5,29323.75,89
2026-09-16 01:55:00-04:00,29335.0,29335.0,29338.0,29332.5,29332.5,86
2026-09-16 01:56:00-04:00,29336.75,29336.75,29338.0,29331.25,29334.75,67
2026-09-16 01:57:00-04:00,29337.5,29337.5,29339.75,29336.75,29337.75,182
2026-09-16 01:58:00-04:00,29337.25,29337.25,29341.25,29334.75,29338.75,127
2026-09-16 01:59:00-04:00,29334.25,29334.25,29336.75,29333.25,29334.0,47
2026-09-16 02:00:00-04:00,29356.0,29356.0,29356.0,29333.0,29334.0,392
2026-09-16 02:01:00-04:00,29356.0,29356.0,29357.5,29351.0,29354.75,249
2026-09-16 02:02:00-04:00,29349.25,29349.25,29357.75,29347.0,29356.0,244
2026-09-16 02:03:00-04:00,29332.0,29332.0,29350.5,29328.75,29350.5,190
2026-09-16 02:04:00-04:00,29334.5,29334.5,29334.5,29329.5,29332.0,93
2026-09-16 02:05:00-04:00,29342.0,29342.0,29343.75,29334.5,29334.5,100
2026-09-16 02:06:00-04:00,29353.0,29353.0,29354.75,29340.0,29343.25,172
2026-09-16 02:07:00-04:00,29355.5,29355.5,29357.5,29348.0,29353.5,184
2026-09-16 02:08:00-04:00,29353.5,29353.5,29365.0,29353.5,29356.75,281
2026-09-16 02:09:00-04:00,29357.25,29357.25,29358.0,29349.5,29355.25,178
2026-09-16 02:10:00-04:00,29363.25,29363.25,29366.25,29356.25,29357.25,169
2026-09-16 02:11:00-04:00,29367.0,29367.0,29368.0,29360.5,29363.0,153
2026-09-16 02:12:00-04:00,29368.5,29368.5,29370.25,29364.25,29367.5,202
2026-09-16 02:13:00-04:00,29366.25,29366.25,29372.5,29364.0,29369.0,239
2026-09-16 02:14:00-04:00,29361.0,29361.0,29368.25,29360.5,29365.25,118
2026-09-16 02:15:00-04:00,29349.75,29349.75,29361.0,29348.25,29360.75,158
2026-09-16 02:16:00-04:00,29354.25,29354.25,29355.5,29348.25,29349.25,154
2026-09-16 02:17:00-04:00,29351.25,29351.25,29355.75,29351.0,29353.5,98
2026-09-16 02:18:00-04:00,29356.25,29356.25,29359.75,29349.25,29350.25,194
2026-09-16 02:19:00-04:00,29363.0,29363.0,29364.25,29351.0,29355.25,138
2026-09-16 02:20:00-04:00,29362.75,29362.75,29365.25,29361.0,29363.5,56
2026-09-16 02:21:00-04:00,29358.75,29358.75,29361.5,29353.25,29360.75,94
2026-09-16 02:22:00-04:00,29353.25,29353.25,29360.0,29350.5,29358.0,76
2026-09-16 02:23:00-04:00,29344.5,29344.5,29351.25,29341.75,29351.25,116
2026-09-16 02:24:00-04:00,29343.25,29343.25,29345.0,29340.5,29344.0,107
2026-09-16 02:25:00-04:00,29346.5,29346.5,29347.0,29341.5,29343.75,83
2026-09-16 02:26:00-04:00,29341.25,29341.25,29347.25,29339.25,29345.5,112
2026-09-16 02:27:00-04:00,29331.0,29331.0,29341.0,29328.75,29340.25,111
2026-09-16 02:28:00-04:00,29332.5,29332.5,29334.75,29329.75,29331.75,72
2026-09-16 02:29:00-04:00,29341.25,29341.25,29343.0,29331.25,29332.75,81
2026-09-16 02:30:00-04:00,29344.25,29344.25,29344.25,29333.25,29341.5,191
2026-09-16 02:31:00-04:00,29335.5,29335.5,29345.0,29334.75,29342.75,109
2026-09-16 02:32:00-04:00,29336.75,29336.75,29338.0,29330.75,29335.0,118
2026-09-16 02:33:00-04:00,29336.25,29336.25,29337.75,29331.0,29337.75,79
2026-09-16 02:34:00-04:00,29340.75,29340.75,29343.0,29332.0,29334.5,100
2026-09-16 02:35:00-04:00,29338.5,29338.5,29340.5,29334.25,29340.25,63
2026-09-16 02:36:00-04:00,29340.5,29340.5,29342.25,29337.75,29337.75,96
2026-09-16 02:37:00-04:00,29338.5,29338.5,29342.0,29336.5,29338.25,86
2026-09-16 02:38:00-04:00,29345.0,29345.0,29349.0,29336.5,29337.5,96
2026-09-16 02:39:00-04:00,29342.75,29342.75,29344.75,29342.25,29344.25,56
2026-09-16 02:40:00-04:00,29339.0,29339.0,29342.5,29336.0,29342.0,56
2026-09-16 02:41:00-04:00,29337.25,29337.25,29340.0,29336.5,29338.75,41
2026-09-16 02:42:00-04:00,29338.75,29338.75,29340.25,29335.25,29335.75,49
2026-09-16 02:43:00-04:00,29339.75,29339.75,29342.0,29336.5,29338.5,68
2026-09-16 02:44:00-04:00,29344.5,29344.5,29346.5,29339.5,29340.0,91
2026-09-16 02:45:00-04:00,29345.75,29345.75,29346.75,29341.5,29344.5,45
2026-09-16 02:46:00-04:00,29340.75,29340.75,29346.25,29340.0,29346.25,52
2026-09-16 02:47:00-04:00,29341.75,29341.75,29343.75,29339.0,29342.75,69
2026-09-16 02:48:00-04:00,29343.75,29343.75,29345.0,29332.75,29340.25,89
2026-09-16 02:49:00-04:00,29343.5,29343.5,29347.5,29343.0,29343.25,66
2026-09-16 02:50:00-04:00,29346.5,29346.5,29350.75,29340.0,29341.5,110
2026-09-16 02:51:00-04:00,29357.0,29357.0,29358.75,29347.0,29347.75,173
2026-09-16 02:52:00-04:00,29355.5,29355.5,29361.5,29355.0,29356.25,91
2026-09-16 02:53:00-04:00,29353.75,29353.75,29355.75,29352.5,29355.25,63
2026-09-16 02:54:00-04:00,29353.0,29353.0,29354.75,29352.75,29354.25,38
2026-09-16 02:55:00-04:00,29356.25,29356.25,29356.25,29353.5,29354.75,58
2026-09-16 02:56:00-04:00,29352.0,29352.0,29356.0,29349.25,29355.75,96
2026-09-16 02:57:00-04:00,29355.0,29355.0,29356.0,29352.75,29352.75,55
2026-09-16 02:58:00-04:00,29356.25,29356.25,29356.75,29353.0,29355.5,42
2026-09-16 02:59:00-04:00,29365.75,29365.75,29369.0,29355.25,29356.25,204
2026-09-16 03:00:00-04:00,29372.75,29372.75,29379.0,29359.0,29365.5,448
2026-09-16 03:01:00-04:00,29378.75,29378.75,29382.75,29370.0,29374.75,213
2026-09-16 03:02:00-04:00,29378.25,29378.25,29382.5,29370.5,29377.75,276
2026-09-16 03:03:00-04:00,29388.0,29388.0,29389.0,29377.75,29378.75,186
2026-09-16 03:04:00-04:00,29391.25,29391.25,29393.5,29385.5,29388.5,213
2026-09-16 03:05:00-04:00,29395.5,29395.5,29395.5,29389.25,29389.5,230
2026-09-16 03:06:00-04:00,29386.75,29386.75,29395.25,29378.0,29395.25,442
2026-09-16 03:07:00-04:00,29392.0,29392.0,29392.75,29385.75,29389.25,82
2026-09-16 03:08:00-04:00,29392.0,29392.0,29393.0,29384.5,29392.0,106
2026-09-16 03:09:00-04:00,29393.0,29393.0,29394.25,29390.0,29392.25,47
2026-09-16 03:10:00-04:00,29388.75,29388.75,29394.5,29387.0,29393.25,129
2026-09-16 03:11:00-04:00,29382.0,29382.0,29390.0,29378.25,29389.0,175
2026-09-16 03:12:00-04:00,29389.75,29389.75,29391.25,29380.5,29381.0,191
2026-09-16 03:13:00-04:00,29391.5,29391.5,29394.0,29386.75,29391.0,96
2026-09-16 03:14:00-04:00,29384.75,29384.75,29392.5,29384.0,29391.5,91
2026-09-16 03:15:00-04:00,29383.0,29383.0,29388.0,29382.25,29384.5,71
2026-09-16 03:16:00-04:00,29381.75,29381.75,29383.75,29375.25,29383.0,239
2026-09-16 03:17:00-04:00,29384.5,29384.5,29388.75,29380.75,29380.75,110
2026-09-16 03:18:00-04:00,29370.0,29370.0,29385.5,29367.5,29385.5,282
2026-09-16 03:19:00-04:00,29367.5,29367.5,29377.5,29367.25,29370.5,142
2026-09-16 03:20:00-04:00,29373.75,29373.75,29375.0,29367.25,29367.25,127
2026-09-16 03:21:00-04:00,29376.75,29376.75,29378.0,29372.5,29373.25,62
2026-09-16 03:22:00-04:00,29379.5,29379.5,29380.5,29376.0,29376.0,108
2026-09-16 03:23:00-04:00,29386.25,29386.25,29392.25,29380.25,29380.25,154
2026-09-16 03:24:00-04:00,29385.5,29385.5,29391.25,29383.25,29385.0,94
2026-09-16 03:25:00-04:00,29386.25,29386.25,29389.5,29382.25,29384.75,147
2026-09-16 03:26:00-04:00,29386.0,29386.0,29390.25,29383.75,29387.0,78
2026-09-16 03:27:00-04:00,29386.25,29386.25,29388.75,29385.25,29386.0,40
2026-09-16 03:28:00-04:00,29388.75,29388.75,29390.0,29384.5,29384.75,63
2026-09-16 03:29:00-04:00,29386.75,29386.75,29387.5,29384.0,29385.75,33
2026-09-16 03:30:00-04:00,29393.25,29393.25,29398.0,29386.5,29386.75,193
2026-09-16 03:31:00-04:00,29389.75,29389.75,29397.75,29389.0,29393.25,126
2026-09-16 03:32:00-04:00,29390.0,29390.0,29395.0,29389.75,29389.75,60
2026-09-16 03:33:00-04:00,29384.5,29384.5,29390.0,29383.25,29389.0,97
2026-09-16 03:34:00-04:00,29387.75,29387.75,29388.25,29384.0,29384.0,39
2026-09-16 03:35:00-04:00,29386.25,29386.25,29388.5,29382.75,29388.25,39
2026-09-16 03:36:00-04:00,29384.75,29384.75,29389.25,29381.25,29384.75,99
2026-09-16 03:37:00-04:00,29384.0,29384.0,29385.0,29380.25,29384.75,69
2026-09-16 03:38:00-04:00,29378.5,29378.5,29384.5,29377.75,29384.5,75
2026-09-16 03:39:00-04:00,29373.5,29373.5,29378.75,29373.25,29378.0,67
2026-09-16 03:40:00-04:00,29374.25,29374.25,29376.75,29373.0,29373.0,99
2026-09-16 03:41:00-04:00,29368.75,29368.75,29374.75,29367.25,29374.75,86
2026-09-16 03:42:00-04:00,29369.75,29369.75,29371.5,29366.75,29369.25,67
2026-09-16 03:43:00-04:00,29371.0,29371.0,29371.5,29367.25,29369.5,87
2026-09-16 03:44:00-04:00,29370.25,29370.25,29373.25,29368.75,29371.0,48
2026-09-16 03:45:00-04:00,29367.25,29367.25,29372.75,29366.25,29371.75,86
2026-09-16 03:46:00-04:00,29370.25,29370.25,29372.0,29367.0,29367.25,59
2026-09-16 03:47:00-04:00,29373.0,29373.0,29376.5,29370.0,29370.75,103
2026-09-16 03:48:00-04:00,29372.75,29372.75,29372.75,29369.75,29372.75,20
2026-09-16 03:49:00-04:00,29370.5,29370.5,29373.0,29367.75,29373.0,53
2026-09-16 03:50:00-04:00,29369.25,29369.25,29371.75,29368.0,29371.75,36
2026-09-16 03:51:00-04:00,29366.0,29366.0,29368.25,29363.0,29368.0,101
2026-09-16 03:52:00-04:00,29366.5,29366.5,29368.5,29364.75,29365.75,56
2026-09-16 03:53:00-04:00,29365.25,29365.25,29371.25,29364.75,29365.5,147
2026-09-16 03:54:00-04:00,29360.5,29360.5,29365.25,29360.0,29365.25,115
2026-09-16 03:55:00-04:00,29372.0,29372.0,29373.75,29359.5,29360.25,161
2026-09-16 03:56:00-04:00,29374.25,29374.25,29376.75,29371.25,29373.0,76
2026-09-16 03:57:00-04:00,29375.5,29375.5,29376.25,29373.5,29374.5,74
2026-09-16 03:58:00-04:00,29367.5,29367.5,29374.0,29366.5,29374.0,90
2026-09-16 03:59:00-04:00,29369.25,29369.25,29369.75,29367.0,29368.0,54
2026-09-16 04:00:00-04:00,29369.25,29369.25,29369.75,29362.75,29369.0,263
2026-09-16 04:01:00-04:00,29369.0,29369.0,29374.75,29365.25,29370.25,184
2026-09-16 04:02:00-04:00,29369.0,29369.0,29376.5,29366.25,29372.0,146
2026-09-16 04:03:00-04:00,29364.75,29364.75,29368.5,29362.0,29368.5,121
2026-09-16 04:04:00-04:00,29346.5,29346.5,29366.0,29345.0,29365.0,261
2026-09-16 04:05:00-04:00,29349.0,29349.0,29356.0,29345.5,29346.5,162
2026-09-16 04:06:00-04:00,29347.75,29347.75,29352.5,29340.25,29349.5,173
2026-09-16 04:07:00-04:00,29337.75,29337.75,29347.0,29337.25,29347.0,173
2026-09-16 04:08:00-04:00,29342.0,29342.0,29345.25,29336.75,29338.25,135
2026-09-16 04:09:00-04:00,29345.75,29345.75,29346.0,29336.25,29340.5,114
2026-09-16 04:10:00-04:00,29339.0,29339.0,29343.75,29337.25,29343.75,116
2026-09-16 04:11:00-04:00,29336.5,29336.5,29339.75,29327.5,29339.5,177
2026-09-16 04:12:00-04:00,29343.0,29343.0,29344.25,29333.25,29336.25,132
2026-09-16 04:13:00-04:00,29345.75,29345.75,29347.75,29340.75,29343.0,156
2026-09-16 04:14:00-04:00,29346.25,29346.25,29349.25,29341.25,29348.0,224
2026-09-16 04:15:00-04:00,29353.0,29353.0,29358.0,29343.75,29345.25,337
2026-09-16 04:16:00-04:00,29357.0,29357.0,29360.0,29349.75,29352.0,183
2026-09-16 04:17:00-04:00,29363.75,29363.75,29365.5,29354.75,29358.0,148
2026-09-16 04:18:00-04:00,29357.0,29357.0,29364.0,29355.25,29363.5,141
2026-09-16 04:19:00-04:00,29355.0,29355.0,29374.5,29343.5,29358.0,645
2026-09-16 04:20:00-04:00,29344.75,29344.75,29362.5,29344.25,29354.5,422
2026-09-16 04:21:00-04:00,29360.25,29360.25,29368.25,29338.25,29345.0,486
2026-09-16 04:22:00-04:00,29357.5,29357.5,29364.75,29353.0,29361.0,188
2026-09-16 04:23:00-04:00,29343.0,29343.0,29358.0,29342.25,29356.5,119
2026-09-16 04:24:00-04:00,29339.0,29339.0,29345.0,29337.0,29345.0,112
2026-09-16 04:25:00-04:00,29337.25,29337.25,29339.75,29332.5,29338.5,132
2026-09-16 04:26:00-04:00,29334.5,29334.5,29339.0,29331.25,29338.0,107
2026-09-16 04:27:00-04:00,29342.75,29342.75,29343.0,29335.0,29335.75,97
2026-09-16 04:28:00-04:00,29335.75,29335.75,29342.5,29335.75,29341.25,66
2026-09-16 04:29:00-04:00,29348.25,29348.25,29350.25,29335.25,29337.25,115
2026-09-16 04:30:00-04:00,29360.5,29360.5,29360.75,29343.75,29347.75,297
2026-09-16 04:31:00-04:00,29363.5,29363.5,29365.0,29354.25,29360.25,154
2026-09-16 04:32:00-04:00,29353.5,29353.5,29363.5,29351.25,29363.25,242
2026-09-16 04:33:00-04:00,29347.0,29347.0,29356.5,29345.0,29355.0,110
2026-09-16 04:34:00-04:00,29348.5,29348.5,29350.5,29342.0,29347.25,116
2026-09-16 04:35:00-04:00,29347.5,29347.5,29352.25,29347.0,29348.75,67
2026-09-16 04:36:00-04:00,29342.0,29342.0,29348.5,29341.0,29348.25,75
2026-09-16 04:37:00-04:00,29342.0,29342.0,29345.5,29341.0,29343.0,40
2026-09-16 04:38:00-04:00,29336.25,29336.25,29341.75,29335.25,29341.75,64
2026-09-16 04:39:00-04:00,29329.25,29329.25,29335.75,29328.75,29335.0,133
2026-09-16 04:40:00-04:00,29332.25,29332.25,29332.25,29326.0,29329.5,170
2026-09-16 04:41:00-04:00,29337.75,29337.75,29338.0,29331.25,29331.75,75
2026-09-16 04:42:00-04:00,29335.0,29335.0,29338.25,29329.25,29337.0,147
2026-09-16 04:43:00-04:00,29344.0,29344.0,29349.5,29335.0,29335.0,215
2026-09-16 04:44:00-04:00,29347.5,29347.5,29347.5,29342.75,29344.0,57
2026-09-16 04:45:00-04:00,29348.25,29348.25,29351.5,29345.25,29347.75,58
2026-09-16 04:46:00-04:00,29347.25,29347.25,29351.75,29343.5,29349.0,67
2026-09-16 04:47:00-04:00,29343.0,29343.0,29348.25,29340.75,29347.5,65
2026-09-16 04:48:00-04:00,29348.0,29348.0,29353.75,29343.25,29344.75,80
2026-09-16 04:49:00-04:00,29342.75,29342.75,29350.5,29341.0,29348.25,37
2026-09-16 04:50:00-04:00,29342.75,29342.75,29344.25,29341.75,29341.75,47
2026-09-16 04:51:00-04:00,29343.5,29343.5,29345.25,29342.0,29342.75,42
2026-09-16 04:52:00-04:00,29348.25,29348.25,29348.25,29343.0,29343.25,46
2026-09-16 04:53:00-04:00,29357.0,29357.0,29357.25,29349.0,29349.0,132
2026-09-16 04:54:00-04:00,29364.0,29364.0,29366.5,29356.5,29358.0,120
2026-09-16 04:55:00-04:00,29363.0,29363.0,29366.75,29361.75,29363.25,96
2026-09-16 04:56:00-04:00,29364.75,29364.75,29368.25,29363.75,29363.75,40
2026-09-16 04:57:00-04:00,29374.25,29374.25,29375.0,29364.75,29365.25,104
2026-09-16 04:58:00-04:00,29367.25,29367.25,29373.5,29364.5,29373.5,109
2026-09-16 04:59:00-04:00,29372.5,29372.5,29373.25,29366.5,29367.25,58
2026-09-16 05:00:00-04:00,29371.0,29371.0,29375.5,29365.75,29372.5,140
2026-09-16 05:01:00-04:00,29372.0,29372.0,29373.25,29366.0,29372.0,93
2026-09-16 05:02:00-04:00,29376.25,29376.25,29376.75,29363.25,29371.5,166
2026-09-16 05:03:00-04:00,29373.75,29373.75,29378.25,29372.25,29376.25,88
2026-09-16 05:04:00-04:00,29376.5,29376.5,29378.25,29370.25,29374.5,157
2026-09-16 05:05:00-04:00,29374.5,29374.5,29382.5,29374.0,29377.25,200
2026-09-16 05:06:00-04:00,29370.0,29370.0,29373.75,29370.0,29373.5,96
2026-09-16 05:07:00-04:00,29370.5,29370.5,29372.0,29366.5,29370.0,135
2026-09-16 05:08:00-04:00,29367.25,29367.25,29369.5,29365.5,29369.5,63
2026-09-16 05:09:00-04:00,29372.0,29372.0,29374.0,29366.75,29369.75,160
2026-09-16 05:10:00-04:00,29372.5,29372.5,29374.25,29367.5,29369.5,48
2026-09-16 05:11:00-04:00,29366.5,29366.5,29372.0,29365.25,29372.0,50
2026-09-16 05:12:00-04:00,29365.75,29365.75,29368.25,29363.75,29366.75,41
2026-09-16 05:13:00-04:00,29358.25,29358.25,29366.25,29357.5,29366.25,82
2026-09-16 05:14:00-04:00,29356.5,29356.5,29358.5,29355.5,29358.25,51
2026-09-16 05:15:00-04:00,29356.0,29356.0,29358.75,29354.75,29357.25,65
2026-09-16 05:16:00-04:00,29356.75,29356.75,29359.0,29351.25,29357.5,100
2026-09-16 05:17:00-04:00,29353.25,29353.25,29355.5,29351.5,29355.5,51
2026-09-16 05:18:00-04:00,29343.5,29343.5,29353.75,29342.0,29353.75,155
2026-09-16 05:19:00-04:00,29338.75,29338.75,29343.75,29336.75,29343.75,97
2026-09-16 05:20:00-04:00,29346.25,29346.25,29346.5,29336.75,29336.75,85
2026-09-16 05:21:00-04:00,29350.5,29350.5,29351.25,29345.75,29346.0,121
2026-09-16 05:22:00-04:00,29347.5,29347.5,29351.5,29347.0,29351.25,26
2026-09-16 05:23:00-04:00,29345.5,29345.5,29352.25,29344.5,29347.0,54
2026-09-16 05:24:00-04:00,29343.75,29343.75,29347.75,29341.0,29345.75,64
2026-09-16 05:25:00-04:00,29358.25,29358.25,29361.25,29342.5,29344.25,353
2026-09-16 05:26:00-04:00,29360.5,29360.5,29368.75,29358.5,29359.0,199
2026-09-16 05:27:00-04:00,29365.75,29365.75,29372.0,29357.5,29361.0,164
2026-09-16 05:28:00-04:00,29355.75,29355.75,29366.5,29351.5,29366.5,110
2026-09-16 05:29:00-04:00,29356.5,29356.5,29356.5,29354.0,29355.75,65
2026-09-16 05:30:00-04:00,29356.5,29356.5,29359.75,29354.75,29356.5,79
2026-09-16 05:31:00-04:00,29356.5,29356.5,29360.5,29352.25,29355.75,54
2026-09-16 05:32:00-04:00,29364.75,29364.75,29366.0,29356.25,29356.75,76
2026-09-16 05:33:00-04:00,29365.25,29365.25,29365.5,29360.25,29364.0,67
2026-09-16 05:34:00-04:00,29364.5,29364.5,29366.25,29362.5,29362.75,40
2026-09-16 05:35:00-04:00,29362.0,29362.0,29365.5,29362.0,29364.25,40
2026-09-16 05:36:00-04:00,29363.75,29363.75,29364.75,29360.25,29361.75,55
2026-09-16 05:37:00-04:00,29366.0,29366.0,29371.0,29362.75,29362.75,89
2026-09-16 05:38:00-04:00,29363.5,29363.5,29368.25,29363.5,29365.25,43
2026-09-16 05:39:00-04:00,29372.0,29372.0,29372.75,29364.25,29364.25,88
2026-09-16 05:40:00-04:00,29379.5,29379.5,29382.0,29370.0,29373.0,186
2026-09-16 05:41:00-04:00,29379.75,29379.75,29382.75,29377.5,29379.5,139
2026-09-16 05:42:00-04:00,29383.5,29383.5,29383.5,29378.0,29380.25,110
2026-09-16 05:43:00-04:00,29388.0,29388.0,29389.75,29381.0,29385.0,170
2026-09-16 05:44:00-04:00,29382.75,29382.75,29389.5,29382.5,29388.0,68
2026-09-16 05:45:00-04:00,29371.25,29371.25,29383.25,29369.5,29382.0,122
2026-09-16 05:46:00-04:00,29369.25,29369.25,29371.5,29367.0,29371.25,39
2026-09-16 05:47:00-04:00,29372.75,29372.75,29373.0,29369.0,29370.0,88
2026-09-16 05:48:00-04:00,29374.5,29374.5,29376.5,29371.25,29372.0,82
2026-09-16 05:49:00-04:00,29375.0,29375.0,29376.75,29373.75,29373.75,46
2026-09-16 05:50:00-04:00,29377.25,29377.25,29378.0,29374.75,29375.5,32
2026-09-16 05:51:00-04:00,29382.0,29382.0,29383.5,29376.75,29376.75,66
2026-09-16 05:52:00-04:00,29383.5,29383.5,29385.0,29380.5,29381.0,49
2026-09-16 05:53:00-04:00,29384.5,29384.5,29386.5,29382.75,29384.25,53
2026-09-16 05:54:00-04:00,29386.25,29386.25,29386.25,29383.5,29384.5,39
2026-09-16 05:55:00-04:00,29385.5,29385.5,29388.25,29384.5,29386.75,59
2026-09-16 05:56:00-04:00,29387.75,29387.75,29388.0,29385.5,29385.75,64
2026-09-16 05:57:00-04:00,29389.5,29389.5,29390.0,29387.75,29388.25,52
2026-09-16 05:58:00-04:00,29390.5,29390.5,29392.0,29389.25,29389.25,35
2026-09-16 05:59:00-04:00,29380.5,29380.5,29390.75,29379.75,29390.5,98
2026-09-16 06:00:00-04:00,29380.5,29380.5,29382.25,29375.75,29380.25,124
2026-09-16 06:01:00-04:00,29378.5,29378.5,29386.75,29377.25,29380.25,176
2026-09-16 06:02:00-04:00,29374.25,29374.25,29379.0,29373.5,29377.75,133
2026-09-16 06:03:00-04:00,29374.5,29374.5,29376.0,29373.25,29374.0,75
2026-09-16 06:04:00-04:00,29363.0,29363.0,29375.25,29363.0,29374.75,135
2026-09-16 06:05:00-04:00,29358.75,29358.75,29369.75,29358.0,29363.25,251
2026-09-16 06:06:00-04:00,29366.5,29366.5,29367.5,29357.5,29358.25,155
2026-09-16 06:07:00-04:00,29366.5,29366.5,29368.5,29363.0,29365.5,130
2026-09-16 06:08:00-04:00,29368.0,29368.0,29368.25,29363.0,29366.75,114
2026-09-16 06:09:00-04:00,29376.5,29376.5,29376.5,29368.0,29369.0,137
2026-09-16 06:10:00-04:00,29367.25,29367.25,29378.25,29367.25,29377.0,113
2026-09-16 06:11:00-04:00,29375.25,29375.25,29376.0,29368.0,29368.25,137
2026-09-16 06:12:00-04:00,29367.25,29367.25,29378.75,29367.25,29375.5,94
2026-09-16 06:13:00-04:00,29363.75,29363.75,29368.25,29356.0,29367.5,191
2026-09-16 06:14:00-04:00,29369.5,29369.5,29369.5,29362.5,29364.75,33
2026-09-16 06:15:00-04:00,29369.0,29369.0,29374.75,29368.5,29369.75,60
2026-09-16 06:16:00-04:00,29366.75,29366.75,29368.5,29364.0,29368.5,120
2026-09-16 06:17:00-04:00,29365.0,29365.0,29365.0,29362.25,29364.0,25
2026-09-16 06:18:00-04:00,29365.5,29365.5,29366.75,29363.0,29364.75,87
2026-09-16 06:19:00-04:00,29371.0,29371.0,29371.0,29364.0,29365.5,84
2026-09-16 06:20:00-04:00,29371.75,29371.75,29377.0,29367.75,29370.5,98
2026-09-16 06:21:00-04:00,29372.75,29372.75,29373.75,29370.0,29370.5,40
2026-09-16 06:22:00-04:00,29366.75,29366.75,29373.25,29366.75,29372.75,59
2026-09-16 06:23:00-04:00,29367.5,29367.5,29368.75,29365.25,29367.0,118
2026-09-16 06:24:00-04:00,29367.75,29367.75,29370.0,29366.75,29367.75,40
2026-09-16 06:25:00-04:00,29365.0,29365.0,29368.25,29365.0,29367.75,40
2026-09-16 06:26:00-04:00,29372.0,29372.0,29372.5,29366.5,29366.5,36
2026-09-16 06:27:00-04:00,29369.0,29369.0,29375.75,29367.0,29374.0,41
2026-09-16 06:28:00-04:00,29374.0,29374.0,29374.0,29368.0,29368.75,37
2026-09-16 06:29:00-04:00,29374.75,29374.75,29376.0,29372.25,29374.0,59
2026-09-16 06:30:00-04:00,29372.25,29372.25,29376.25,29371.75,29373.5,54
2026-09-16 06:31:00-04:00,29374.75,29374.75,29375.25,29372.5,29373.0,38
2026-09-16 06:32:00-04:00,29373.75,29373.75,29375.25,29371.5,29374.5,71
2026-09-16 06:33:00-04:00,29372.5,29372.5,29378.5,29371.25,29373.5,97
2026-09-16 06:34:00-04:00,29371.0,29371.0,29373.5,29369.5,29372.75,27
2026-09-16 06:35:00-04:00,29374.5,29374.5,29375.75,29371.75,29371.75,130
2026-09-16 06:36:00-04:00,29377.25,29377.25,29378.0,29373.5,29374.25,94
2026-09-16 06:37:00-04:00,29377.75,29377.75,29379.0,29375.75,29376.5,80
2026-09-16 06:38:00-04:00,29377.0,29377.0,29379.75,29377.0,29378.0,85
2026-09-16 06:39:00-04:00,29380.5,29380.5,29381.5,29373.0,29377.0,121
2026-09-16 06:40:00-04:00,29384.25,29384.25,29384.25,29378.75,29381.25,80
2026-09-16 06:41:00-04:00,29383.75,29383.75,29383.75,29381.5,29383.5,20
2026-09-16 06:42:00-04:00,29381.25,29381.25,29382.5,29380.0,29382.5,68
2026-09-16 06:43:00-04:00,29380.25,29380.25,29381.25,29378.5,29380.75,41
2026-09-16 06:44:00-04:00,29382.75,29382.75,29383.75,29379.5,29379.75,69
2026-09-16 06:45:00-04:00,29379.75,29379.75,29381.75,29378.5,29381.75,21
2026-09-16 06:46:00-04:00,29372.75,29372.75,29380.5,29372.0,29380.0,72
2026-09-16 06:47:00-04:00,29375.5,29375.5,29377.75,29372.5,29372.5,54
2026-09-16 06:48:00-04:00,29376.5,29376.5,29376.75,29375.25,29376.75,14
2026-09-16 06:49:00-04:00,29375.75,29375.75,29378.0,29374.5,29376.0,31
2026-09-16 06:50:00-04:00,29374.0,29374.0,29376.5,29374.0,29375.75,25
2026-09-16 06:51:00-04:00,29374.25,29374.25,29375.5,29371.5,29372.75,24
2026-09-16 06:52:00-04:00,29370.25,29370.25,29372.5,29370.25,29372.5,63
2026-09-16 06:53:00-04:00,29371.0,29371.0,29372.75,29369.5,29370.25,37
2026-09-16 06:54:00-04:00,29371.75,29371.75,29372.75,29368.5,29370.5,63
2026-09-16 06:55:00-04:00,29372.5,29372.5,29372.5,29370.0,29370.75,36
2026-09-16 06:56:00-04:00,29375.5,29375.5,29375.5,29373.75,29373.75,96
2026-09-16 06:57:00-04:00,29374.0,29374.0,29376.75,29373.0,29375.0,83
2026-09-16 06:58:00-04:00,29375.25,29375.25,29376.0,29374.25,29375.0,53
2026-09-16 06:59:00-04:00,29397.5,29397.5,29400.5,29368.75,29372.75,521
2026-09-16 07:00:00-04:00,29412.75,29412.75,29419.25,29393.75,29398.0,1526
2026-09-16 07:01:00-04:00,29388.0,29388.0,29411.75,29388.0,29411.25,364
2026-09-16 07:02:00-04:00,29390.0,29390.0,29394.0,29386.5,29390.5,209
2026-09-16 07:03:00-04:00,29389.0,29389.0,29390.25,29383.75,29388.75,243
2026-09-16 07:04:00-04:00,29393.5,29393.5,29395.0,29385.5,29389.25,225
2026-09-16 07:05:00-04:00,29389.25,29389.25,29395.25,29389.25,29392.0,152
2026-09-16 07:06:00-04:00,29383.75,29383.75,29389.75,29383.75,29389.75,170
2026-09-16 07:07:00-04:00,29380.25,29380.25,29385.5,29379.0,29383.25,257
2026-09-16 07:08:00-04:00,29384.5,29384.5,29388.0,29377.5,29381.0,179
2026-09-16 07:09:00-04:00,29393.5,29393.5,29399.0,29382.75,29383.5,276
2026-09-16 07:10:00-04:00,29393.5,29393.5,29395.25,29390.75,29392.25,105
2026-09-16 07:11:00-04:00,29382.75,29382.75,29392.5,29379.25,29392.25,135
2026-09-16 07:12:00-04:00,29385.25,29385.25,29386.5,29383.25,29383.75,103
2026-09-16 07:13:00-04:00,29378.75,29378.75,29385.75,29377.0,29385.75,152
2026-09-16 07:14:00-04:00,29372.5,29372.5,29378.25,29372.5,29378.25,69
2026-09-16 07:15:00-04:00,29367.0,29367.0,29373.0,29363.5,29373.0,185
2026-09-16 07:16:00-04:00,29369.75,29369.75,29370.5,29366.25,29366.25,102
2026-09-16 07:17:00-04:00,29372.25,29372.25,29377.0,29368.75,29370.0,137
2026-09-16 07:18:00-04:00,29371.5,29371.5,29374.25,29369.25,29373.25,117
2026-09-16 07:19:00-04:00,29377.75,29377.75,29378.25,29371.0,29372.0,89
2026-09-16 07:20:00-04:00,29373.5,29373.5,29378.5,29369.0,29377.5,152
2026-09-16 07:21:00-04:00,29370.25,29370.25,29373.75,29368.5,29372.75,89
2026-09-16 07:22:00-04:00,29368.0,29368.0,29370.0,29366.0,29370.0,97
2026-09-16 07:23:00-04:00,29373.75,29373.75,29374.0,29368.25,29368.75,116
2026-09-16 07:24:00-04:00,29375.25,29375.25,29378.5,29373.0,29373.75,94
2026-09-16 07:25:00-04:00,29382.75,29382.75,29385.75,29375.25,29376.25,194
2026-09-16 07:26:00-04:00,29384.25,29384.25,29386.0,29380.75,29382.75,139
2026-09-16 07:27:00-04:00,29386.0,29386.0,29388.5,29383.25,29384.75,258
2026-09-16 07:28:00-04:00,29385.75,29385.75,29386.5,29379.5,29385.75,106
2026-09-16 07:29:00-04:00,29380.25,29380.25,29387.0,29380.25,29385.5,96
2026-09-16 07:30:00-04:00,29378.75,29378.75,29383.75,29378.5,29380.25,163
2026-09-16 07:31:00-04:00,29384.25,29384.25,29385.0,29378.25,29379.75,101
2026-09-16 07:32:00-04:00,29384.25,29384.25,29386.75,29379.25,29384.75,158
2026-09-16 07:33:00-04:00,29393.0,29393.0,29395.75,29383.5,29384.25,233
2026-09-16 07:34:00-04:00,29391.5,29391.5,29393.75,29390.0,29393.0,113
2026-09-16 07:35:00-04:00,29389.5,29389.5,29392.5,29388.25,29391.0,181
2026-09-16 07:36:00-04:00,29393.25,29393.25,29393.5,29389.5,29389.5,99
2026-09-16 07:37:00-04:00,29389.75,29389.75,29399.25,29389.75,29393.0,174
2026-09-16 07:38:00-04:00,29392.5,29392.5,29392.5,29385.75,29390.0,131
2026-09-16 07:39:00-04:00,29398.5,29398.5,29398.5,29392.0,29392.0,125
2026-09-16 07:40:00-04:00,29394.5,29394.5,29400.75,29380.75,29397.5,607
2026-09-16 07:41:00-04:00,29399.5,29399.5,29409.25,29393.75,29396.0,317
2026-09-16 07:42:00-04:00,29405.25,29405.25,29405.25,29391.25,29397.25,157
2026-09-16 07:43:00-04:00,29415.25,29415.25,29417.75,29405.25,29405.25,221
2026-09-16 07:44:00-04:00,29409.25,29409.25,29415.0,29406.75,29415.0,157
2026-09-16 07:45:00-04:00,29412.0,29412.0,29412.0,29407.0,29410.0,122
2026-09-16 07:46:00-04:00,29410.0,29410.0,29413.25,29407.5,29411.75,82
2026-09-16 07:47:00-04:00,29413.75,29413.75,29414.75,29407.5,29409.25,96
2026-09-16 07:48:00-04:00,29407.0,29407.0,29413.0,29406.5,29412.5,83
2026-09-16 07:49:00-04:00,29408.5,29408.5,29409.25,29405.0,29406.75,76
2026-09-16 07:50:00-04:00,29410.5,29410.5,29411.0,29406.25,29409.25,109
2026-09-16 07:51:00-04:00,29411.5,29411.5,29413.25,29408.75,29410.5,97
2026-09-16 07:52:00-04:00,29411.5,29411.5,29414.5,29408.5,29412.0,174
2026-09-16 07:53:00-04:00,29407.75,29407.75,29411.75,29407.75,29411.25,85
2026-09-16 07:54:00-04:00,29412.5,29412.5,29412.5,29408.0,29408.0,192
2026-09-16 07:55:00-04:00,29409.25,29409.25,29412.5,29409.25,29412.0,78
2026-09-16 07:56:00-04:00,29411.25,29411.25,29413.0,29408.75,29409.0,111
2026-09-16 07:57:00-04:00,29407.75,29407.75,29413.25,29406.25,29410.5,112
2026-09-16 07:58:00-04:00,29409.75,29409.75,29409.75,29403.0,29407.0,250
2026-09-16 07:59:00-04:00,29417.0,29417.0,29417.0,29408.0,29408.75,153
2026-09-16 08:00:00-04:00,29417.25,29417.25,29421.75,29413.25,29415.5,306
2026-09-16 08:01:00-04:00,29426.5,29426.5,29430.0,29417.0,29417.5,802
2026-09-16 08:02:00-04:00,29415.0,29415.0,29426.5,29412.0,29426.0,315
2026-09-16 08:03:00-04:00,29416.5,29416.5,29418.0,29414.75,29416.0,111
2026-09-16 08:04:00-04:00,29423.5,29423.5,29424.25,29416.0,29417.0,135
2026-09-16 08:05:00-04:00,29420.5,29420.5,29424.5,29417.5,29424.0,141
2026-09-16 08:06:00-04:00,29427.75,29427.75,29429.0,29420.25,29420.5,265
2026-09-16 08:07:00-04:00,29433.75,29433.75,29435.75,29427.75,29428.5,304
2026-09-16 08:08:00-04:00,29435.25,29435.25,29439.0,29433.5,29434.0,217
2026-09-16 08:09:00-04:00,29434.5,29434.5,29435.25,29432.0,29434.25,176
2026-09-16 08:10:00-04:00,29428.75,29428.75,29434.0,29427.0,29434.0,277
2026-09-16 08:11:00-04:00,29428.5,29428.5,29434.75,29426.5,29430.25,149
2026-09-16 08:12:00-04:00,29429.75,29429.75,29431.25,29428.0,29428.5,92
2026-09-16 08:13:00-04:00,29424.5,29424.5,29430.25,29422.25,29429.5,170
2026-09-16 08:14:00-04:00,29423.25,29423.25,29425.0,29421.5,29425.0,129
2026-09-16 08:15:00-04:00,29425.25,29425.25,29426.75,29420.5,29422.75,171
2026-09-16 08:16:00-04:00,29426.25,29426.25,29428.0,29422.75,29425.25,175
2026-09-16 08:17:00-04:00,29424.5,29424.5,29430.75,29422.5,29427.25,184
2026-09-16 08:18:00-04:00,29424.0,29424.0,29430.75,29421.75,29423.25,365
2026-09-16 08:19:00-04:00,29432.0,29432.0,29432.0,29422.25,29423.0,212
2026-09-16 08:20:00-04:00,29429.5,29429.5,29433.25,29425.25,29432.25,348
2026-09-16 08:21:00-04:00,29431.5,29431.5,29434.75,29426.5,29428.75,313
2026-09-16 08:22:00-04:00,29433.0,29433.0,29433.0,29425.25,29430.25,368
2026-09-16 08:23:00-04:00,29428.5,29428.5,29436.0,29426.0,29432.5,271
2026-09-16 08:24:00-04:00,29423.0,29423.0,29430.75,29422.5,29428.0,217
2026-09-16 08:25:00-04:00,29429.5,29429.5,29431.25,29424.25,29424.25,261
2026-09-16 08:26:00-04:00,29430.75,29430.75,29434.0,29429.5,29430.25,149
2026-09-16 08:27:00-04:00,29427.25,29427.25,29436.5,29425.0,29430.75,307
2026-09-16 08:28:00-04:00,29426.0,29426.0,29427.5,29422.0,29427.25,164
2026-09-16 08:29:00-04:00,29433.5,29433.5,29433.5,29423.75,29425.0,188
2026-09-16 08:30:00-04:00,29423.0,29423.0,29432.75,29421.25,29432.5,374
2026-09-16 08:31:00-04:00,29418.5,29418.5,29426.0,29415.25,29424.0,352
2026-09-16 08:32:00-04:00,29408.5,29408.5,29418.75,29407.25,29417.5,421
2026-09-16 08:33:00-04:00,29412.0,29412.0,29413.75,29403.5,29408.5,314
2026-09-16 08:34:00-04:00,29411.25,29411.25,29414.5,29409.0,29412.25,111
2026-09-16 08:35:00-04:00,29406.5,29406.5,29414.25,29405.5,29410.0,260
2026-09-16 08:36:00-04:00,29394.5,29394.5,29408.5,29393.5,29406.25,356
2026-09-16 08:37:00-04:00,29391.0,29391.0,29396.75,29388.5,29394.5,314
2026-09-16 08:38:00-04:00,29376.75,29376.75,29392.5,29376.0,29391.0,638
2026-09-16 08:39:00-04:00,29383.5,29383.5,29384.0,29374.75,29377.0,412
2026-09-16 08:40:00-04:00,29380.25,29380.25,29385.0,29377.0,29384.25,261
2026-09-16 08:41:00-04:00,29379.5,29379.5,29384.5,29378.75,29379.5,186
2026-09-16 08:42:00-04:00,29375.25,29375.25,29383.25,29375.25,29379.0,313
2026-09-16 08:43:00-04:00,29373.25,29373.25,29376.25,29368.75,29375.25,388
2026-09-16 08:44:00-04:00,29369.0,29369.0,29376.0,29368.0,29373.25,261
2026-09-16 08:45:00-04:00,29371.5,29371.5,29371.75,29364.0,29368.0,355
2026-09-16 08:46:00-04:00,29374.0,29374.0,29375.5,29372.0,29372.0,140
2026-09-16 08:47:00-04:00,29375.0,29375.0,29375.75,29369.25,29373.75,174
2026-09-16 08:48:00-04:00,29377.5,29377.5,29379.5,29373.5,29373.5,287
2026-09-16 08:49:00-04:00,29397.25,29397.25,29398.25,29377.75,29378.0,490
2026-09-16 08:50:00-04:00,29400.25,29400.25,29401.75,29394.75,29397.0,413
2026-09-16 08:51:00-04:00,29396.75,29396.75,29405.0,29393.0,29400.5,251
2026-09-16 08:52:00-04:00,29388.5,29388.5,29396.0,29388.0,29396.0,283
2026-09-16 08:53:00-04:00,29386.0,29386.0,29391.0,29376.75,29387.5,434
2026-09-16 08:54:00-04:00,29379.0,29379.0,29388.25,29378.0,29386.0,135
2026-09-16 08:55:00-04:00,29384.75,29384.75,29384.75,29376.0,29378.5,192
2026-09-16 08:56:00-04:00,29385.75,29385.75,29386.5,29379.5,29384.75,257
2026-09-16 08:57:00-04:00,29392.5,29392.5,29393.75,29384.75,29387.0,371
2026-09-16 08:58:00-04:00,29391.75,29391.75,29393.75,29390.0,29392.75,140
2026-09-16 08:59:00-04:00,29403.0,29403.0,29406.0,29391.0,29391.25,373
2026-09-16 09:00:00-04:00,29384.25,29384.25,29412.5,29383.75,29401.25,945
2026-09-16 09:01:00-04:00,29381.75,29381.75,29384.75,29377.75,29383.75,346
2026-09-16 09:02:00-04:00,29376.0,29376.0,29384.5,29374.25,29381.25,274
2026-09-16 09:03:00-04:00,29368.5,29368.5,29377.75,29368.25,29375.0,307
2026-09-16 09:04:00-04:00,29367.0,29367.0,29369.0,29363.75,29368.75,291
2026-09-16 09:05:00-04:00,29369.25,29369.25,29374.5,29367.0,29367.5,321
2026-09-16 09:06:00-04:00,29373.5,29373.5,29373.5,29366.5,29370.0,275
2026-09-16 09:07:00-04:00,29378.0,29378.0,29379.75,29372.25,29373.5,235
2026-09-16 09:08:00-04:00,29385.0,29385.0,29385.5,29375.75,29377.75,199
2026-09-16 09:09:00-04:00,29391.0,29391.0,29392.0,29384.75,29385.25,235
2026-09-16 09:10:00-04:00,29388.0,29388.0,29392.0,29385.25,29391.5,343
2026-09-16 09:11:00-04:00,29393.5,29393.5,29395.25,29385.5,29389.0,371
2026-09-16 09:12:00-04:00,29404.0,29404.0,29405.0,29393.0,29394.0,567
2026-09-16 09:13:00-04:00,29403.25,29403.25,29404.5,29400.0,29404.5,217
2026-09-16 09:14:00-04:00,29403.0,29403.0,29403.75,29400.5,29403.0,202
2026-09-16 09:15:00-04:00,29396.5,29396.5,29403.25,29396.0,29403.0,267
2026-09-16 09:16:00-04:00,29396.0,29396.0,29402.0,29394.75,29395.5,502
2026-09-16 09:17:00-04:00,29394.0,29394.0,29399.0,29392.0,29397.0,299
2026-09-16 09:18:00-04:00,29393.5,29393.5,29399.75,29392.0,29394.0,322
2026-09-16 09:19:00-04:00,29388.25,29388.25,29394.75,29384.75,29393.75,388
2026-09-16 09:20:00-04:00,29393.0,29393.0,29395.75,29384.75,29388.25,616
2026-09-16 09:21:00-04:00,29403.25,29403.25,29408.5,29392.5,29393.25,851
2026-09-16 09:22:00-04:00,29404.25,29404.25,29415.5,29403.25,29403.75,746
2026-09-16 09:23:00-04:00,29399.0,29399.0,29406.5,29396.25,29404.0,438
2026-09-16 09:24:00-04:00,29397.0,29397.0,29403.5,29396.25,29398.75,377
2026-09-16 09:25:00-04:00,29398.0,29398.0,29403.0,29392.25,29397.25,577
2026-09-16 09:26:00-04:00,29394.5,29394.5,29401.0,29394.0,29397.25,391
2026-09-16 09:27:00-04:00,29401.75,29401.75,29401.75,29392.25,29394.5,496
2026-09-16 09:28:00-04:00,29395.75,29395.75,29401.0,29391.5,29401.0,479
2026-09-16 09:29:00-04:00,29386.25,29386.25,29395.5,29385.75,29395.5,799
2026-09-16 09:30:00-04:00,29415.5,29415.5,29421.25,29380.0,29386.75,6784
2026-09-16 09:31:00-04:00,29400.25,29400.25,29416.5,29388.75,29415.5,3375
2026-09-16 09:32:00-04:00,29385.75,29385.75,29401.75,29385.0,29400.25,2362
2026-09-16 09:33:00-04:00,29389.75,29389.75,29398.75,29383.0,29386.5,1595
2026-09-16 09:34:00-04:00,29405.75,29405.75,29409.25,29385.5,29390.0,1640
2026-09-16 09:35:00-04:00,29398.5,29398.5,29411.75,29397.0,29406.25,1764
2026-09-16 09:36:00-04:00,29390.0,29390.0,29398.5,29373.25,29398.0,1871
2026-09-16 09:37:00-04:00,29394.5,29394.5,29400.25,29385.0,29390.5,1358
2026-09-16 09:38:00-04:00,29396.5,29396.5,29404.25,29393.75,29394.75,1168
2026-09-16 09:39:00-04:00,29391.0,29391.0,29397.25,29379.75,29396.5,1642
2026-09-16 09:40:00-04:00,29401.5,29401.5,29405.0,29387.5,29391.75,1349
2026-09-16 09:41:00-04:00,29409.0,29409.0,29419.75,29398.75,29401.75,1858
2026-09-16 09:42:00-04:00,29416.25,29416.25,29419.25,29406.5,29409.0,1556
2026-09-16 09:43:00-04:00,29412.5,29412.5,29421.75,29409.25,29416.75,1481
2026-09-16 09:44:00-04:00,29404.5,29404.5,29415.25,29403.75,29412.5,1077
2026-09-16 09:45:00-04:00,29433.5,29433.5,29435.0,29401.5,29404.5,3101
2026-09-16 09:46:00-04:00,29444.75,29444.75,29455.75,29430.25,29434.0,3010
2026-09-16 09:47:00-04:00,29446.75,29446.75,29447.75,29435.0,29444.75,1418
2026-09-16 09:48:00-04:00,29440.25,29440.25,29447.5,29436.75,29446.5,994
2026-09-16 09:49:00-04:00,29461.75,29461.75,29465.0,29438.0,29440.75,1786
2026-09-16 09:50:00-04:00,29467.25,29467.25,29477.5,29458.75,29462.25,2265
2026-09-16 09:51:00-04:00,29469.75,29469.75,29475.0,29455.25,29467.5,1568
2026-09-16 09:52:00-04:00,29466.25,29466.25,29471.0,29462.0,29469.25,1022
2026-09-16 09:53:00-04:00,29473.0,29473.0,29475.0,29453.5,29466.75,1566
2026-09-16 09:54:00-04:00,29463.0,29463.0,29473.5,29456.0,29473.5,1216
2026-09-16 09:55:00-04:00,29469.5,29469.5,29479.5,29458.25,29462.5,1217
2026-09-16 09:56:00-04:00,29467.75,29467.75,29469.75,29462.75,29469.5,1010
2026-09-16 09:57:00-04:00,29465.75,29465.75,29471.75,29462.75,29467.25,764
2026-09-16 09:58:00-04:00,29465.25,29465.25,29469.0,29456.75,29465.25,983
2026-09-16 09:59:00-04:00,29478.75,29478.75,29481.5,29462.25,29465.5,1038
2026-09-16 10:00:00-04:00,29475.75,29475.75,29484.25,29472.25,29479.25,1714
2026-09-16 10:01:00-04:00,29460.75,29460.75,29476.5,29457.75,29476.5,1573
2026-09-16 10:02:00-04:00,29439.0,29439.0,29461.25,29438.25,29460.5,1927
2026-09-16 10:03:00-04:00,29437.75,29437.75,29442.25,29431.0,29438.5,1437
2026-09-16 10:04:00-04:00,29435.25,29435.25,29439.75,29430.25,29437.0,1119
2026-09-16 10:05:00-04:00,29435.0,29435.0,29443.75,29432.75,29435.25,1274
2026-09-16 10:06:00-04:00,29439.5,29439.5,29441.75,29424.5,29435.25,1500
2026-09-16 10:07:00-04:00,29451.75,29451.75,29453.75,29436.5,29440.0,1428
2026-09-16 10:08:00-04:00,29462.25,29462.25,29464.0,29447.5,29452.25,1324
2026-09-16 10:09:00-04:00,29454.5,29454.5,29468.0,29452.75,29462.5,1260
2026-09-16 10:10:00-04:00,29460.5,29460.5,29462.0,29454.25,29454.25,759
2026-09-16 10:11:00-04:00,29443.75,29443.75,29461.25,29439.5,29461.25,1414
2026-09-16 10:12:00-04:00,29429.5,29429.5,29444.25,29427.25,29444.25,1008
2026-09-16 10:13:00-04:00,29433.25,29433.25,29434.25,29418.0,29429.5,1220
2026-09-16 10:14:00-04:00,29450.0,29450.0,29453.0,29430.75,29433.5,1319
2026-09-16 10:15:00-04:00,29454.75,29454.75,29458.25,29445.0,29449.75,1151
2026-09-16 10:16:00-04:00,29459.25,29459.25,29461.75,29450.75,29455.0,846
2026-09-16 10:17:00-04:00,29463.0,29463.0,29465.0,29452.0,29459.0,1180
2026-09-16 10:18:00-04:00,29472.0,29472.0,29472.5,29461.0,29463.25,1081
2026-09-16 10:19:00-04:00,29469.75,29469.75,29477.0,29464.75,29472.5,1138
2026-09-16 10:20:00-04:00,29465.5,29465.5,29474.75,29465.25,29469.5,800
2026-09-16 10:21:00-04:00,29467.5,29467.5,29473.0,29464.25,29465.5,830
2026-09-16 10:22:00-04:00,29460.5,29460.5,29468.75,29455.5,29467.25,1023
2026-09-16 10:23:00-04:00,29467.5,29467.5,29469.25,29455.0,29460.0,1054
2026-09-16 10:24:00-04:00,29463.5,29463.5,29471.25,29461.25,29468.0,841
2026-09-16 10:25:00-04:00,29458.5,29458.5,29465.0,29453.25,29463.5,752
2026-09-16 10:26:00-04:00,29456.75,29456.75,29461.0,29455.25,29458.5,626
2026-09-16 10:27:00-04:00,29448.25,29448.25,29459.5,29444.5,29456.25,961
2026-09-16 10:28:00-04:00,29446.5,29446.5,29453.75,29444.75,29448.0,675
2026-09-16 10:29:00-04:00,29452.25,29452.25,29462.75,29446.0,29446.0,996
2026-09-16 10:30:00-04:00,29455.25,29455.25,29457.0,29446.25,29452.0,936
2026-09-16 10:31:00-04:00,29449.25,29449.25,29456.5,29443.25,29455.25,1006
2026-09-16 10:32:00-04:00,29442.5,29442.5,29450.0,29437.25,29449.5,1198
2026-09-16 10:33:00-04:00,29451.5,29451.5,29459.0,29441.0,29442.5,1059
2026-09-16 10:34:00-04:00,29445.0,29445.0,29454.0,29440.25,29452.25,628
2026-09-16 10:35:00-04:00,29441.25,29441.25,29449.25,29439.75,29445.0,847
2026-09-16 10:36:00-04:00,29432.0,29432.0,29445.25,29428.75,29441.5,834
2026-09-16 10:37:00-04:00,29443.25,29443.25,29443.25,29425.75,29431.5,1057
2026-09-16 10:38:00-04:00,29449.5,29449.5,29449.5,29439.25,29443.5,742
2026-09-16 10:39:00-04:00,29438.75,29438.75,29449.5,29436.75,29449.25,654
2026-09-16 10:40:00-04:00,29452.0,29452.0,29453.0,29437.0,29438.25,777
2026-09-16 10:41:00-04:00,29446.75,29446.75,29456.5,29443.5,29452.25,1015
2026-09-16 10:42:00-04:00,29449.0,29449.0,29453.75,29440.75,29446.75,727
2026-09-16 10:43:00-04:00,29460.5,29460.5,29461.75,29445.25,29448.75,969
2026-09-16 10:44:00-04:00,29466.75,29466.75,29466.75,29456.0,29460.25,1029
2026-09-16 10:45:00-04:00,29467.75,29467.75,29475.25,29465.0,29466.5,1255
2026-09-16 10:46:00-04:00,29470.0,29470.0,29474.25,29465.5,29467.75,800
2026-09-16 10:47:00-04:00,29463.0,29463.0,29470.5,29458.75,29469.5,869
2026-09-16 10:48:00-04:00,29460.0,29460.0,29464.25,29457.25,29462.75,611
2026-09-16 10:49:00-04:00,29457.25,29457.25,29461.25,29451.0,29459.25,763
2026-09-16 10:50:00-04:00,29454.25,29454.25,29464.0,29452.25,29457.25,666
2026-09-16 10:51:00-04:00,29452.25,29452.25,29457.75,29450.25,29454.0,646
2026-09-16 10:52:00-04:00,29466.75,29466.75,29467.5,29452.5,29452.5,544
2026-09-16 10:53:00-04:00,29468.25,29468.25,29472.75,29464.25,29466.25,632
2026-09-16 10:54:00-04:00,29463.75,29463.75,29469.25,29462.75,29468.75,526
2026-09-16 10:55:00-04:00,29461.75,29461.75,29468.5,29460.5,29464.25,548
2026-09-16 10:56:00-04:00,29468.0,29468.0,29469.75,29461.0,29462.0,508
2026-09-16 10:57:00-04:00,29474.25,29474.25,29474.75,29464.0,29467.5,611
2026-09-16 10:58:00-04:00,29478.25,29478.25,29480.75,29471.25,29474.0,1082
2026-09-16 10:59:00-04:00,29499.0,29499.0,29501.0,29477.5,29477.5,2263
2026-09-16 11:00:00-04:00,29511.25,29511.25,29514.5,29499.25,29499.25,2165
2026-09-16 11:01:00-04:00,29507.0,29507.0,29514.5,29505.5,29510.75,981
2026-09-16 11:02:00-04:00,29485.25,29485.25,29508.5,29485.25,29507.5,1528
2026-09-16 11:03:00-04:00,29499.5,29499.5,29501.0,29485.0,29485.5,1201
2026-09-16 11:04:00-04:00,29501.5,29501.5,29505.0,29497.5,29499.75,687
2026-09-16 11:05:00-04:00,29501.5,29501.5,29503.25,29493.75,29501.0,909
2026-09-16 11:06:00-04:00,29503.5,29503.5,29505.0,29491.75,29501.5,867
2026-09-16 11:07:00-04:00,29514.75,29514.75,29527.5,29499.75,29504.0,2558
2026-09-16 11:08:00-04:00,29529.25,29529.25,29529.5,29509.25,29514.5,1406
2026-09-16 11:09:00-04:00,29528.5,29528.5,29535.75,29524.0,29528.75,1503
2026-09-16 11:10:00-04:00,29525.5,29525.5,29533.25,29523.5,29529.0,1333
2026-09-16 11:11:00-04:00,29517.25,29517.25,29532.75,29514.25,29525.25,2143
2026-09-16 11:12:00-04:00,29518.25,29518.25,29519.0,29508.75,29517.25,868
2026-09-16 11:13:00-04:00,29520.0,29520.0,29521.25,29512.75,29518.75,729
2026-09-16 11:14:00-04:00,29524.0,29524.0,29524.0,29516.75,29520.75,760
2026-09-16 11:15:00-04:00,29510.25,29510.25,29526.0,29507.75,29523.75,948
2026-09-16 11:16:00-04:00,29499.5,29499.5,29510.0,29499.0,29510.0,935
2026-09-16 11:17:00-04:00,29499.5,29499.5,29502.75,29494.75,29499.25,866
2026-09-16 11:18:00-04:00,29499.25,29499.25,29500.75,29495.25,29499.0,644
2026-09-16 11:19:00-04:00,29507.75,29507.75,29509.5,29498.25,29499.25,723
2026-09-16 11:20:00-04:00,29504.75,29504.75,29508.5,29502.5,29508.5,458
2026-09-16 11:21:00-04:00,29504.25,29504.25,29506.5,29499.75,29505.75,516
2026-09-16 11:22:00-04:00,29507.5,29507.5,29508.5,29504.25,29504.25,405
2026-09-16 11:23:00-04:00,29507.25,29507.25,29510.75,29505.5,29507.25,691
2026-09-16 11:24:00-04:00,29516.5,29516.5,29517.5,29506.0,29507.25,941
2026-09-16 11:25:00-04:00,29524.5,29524.5,29524.5,29508.25,29516.0,854
2026-09-16 11:26:00-04:00,29516.5,29516.5,29524.75,29515.25,29524.5,626
2026-09-16 11:27:00-04:00,29518.0,29518.0,29518.0,29512.75,29516.75,453
2026-09-16 11:28:00-04:00,29505.25,29505.25,29519.25,29503.75,29517.5,629
2026-09-16 11:29:00-04:00,29506.25,29506.25,29508.0,29501.25,29505.5,639
2026-09-16 11:30:00-04:00,29496.75,29496.75,29510.5,29494.0,29506.5,1084
2026-09-16 11:31:00-04:00,29494.25,29494.25,29499.5,29491.25,29497.25,902
2026-09-16 11:32:00-04:00,29487.5,29487.5,29494.0,29486.25,29494.0,809
2026-09-16 11:33:00-04:00,29485.75,29485.75,29489.0,29485.0,29488.0,601
2026-09-16 11:34:00-04:00,29489.25,29489.25,29492.75,29482.25,29485.75,1165
2026-09-16 11:35:00-04:00,29492.25,29492.25,29494.5,29486.0,29490.25,925
2026-09-16 11:36:00-04:00,29492.75,29492.75,29496.0,29488.25,29491.75,653
2026-09-16 11:37:00-04:00,29487.75,29487.75,29496.0,29483.5,29492.75,901
2026-09-16 11:38:00-04:00,29497.25,29497.25,29497.75,29486.25,29487.75,572
2026-09-16 11:39:00-04:00,29493.5,29493.5,29506.0,29491.5,29497.25,1147
2026-09-16 11:40:00-04:00,29500.0,29500.0,29502.5,29493.25,29493.25,601
2026-09-16 11:41:00-04:00,29490.0,29490.0,29499.5,29489.75,29499.5,537
2026-09-16 11:42:00-04:00,29495.0,29495.0,29496.5,29485.0,29490.5,658
2026-09-16 11:43:00-04:00,29494.25,29494.25,29498.5,29491.25,29494.75,527
2026-09-16 11:44:00-04:00,29496.0,29496.0,29499.25,29492.75,29493.75,407
2026-09-16 11:45:00-04:00,29493.75,29493.75,29497.5,29490.75,29496.0,629
2026-09-16 11:46:00-04:00,29491.75,29491.75,29496.75,29489.0,29493.75,537
2026-09-16 11:47:00-04:00,29529.75,29529.75,29549.75,29490.25,29491.75,5363
2026-09-16 11:48:00-04:00,29536.5,29536.5,29536.5,29522.75,29530.0,1245
2026-09-16 11:49:00-04:00,29527.5,29527.5,29535.5,29521.0,29535.25,889
2026-09-16 11:50:00-04:00,29524.0,29524.0,29531.5,29518.0,29528.25,1037
2026-09-16 11:51:00-04:00,29517.25,29517.25,29524.0,29514.5,29524.0,824
2026-09-16 11:52:00-04:00,29519.25,29519.25,29522.0,29512.0,29516.5,733
2026-09-16 11:53:00-04:00,29514.75,29514.75,29524.5,29511.25,29520.5,826
2026-09-16 11:54:00-04:00,29511.0,29511.0,29517.5,29510.25,29514.75,445
2026-09-16 11:55:00-04:00,29515.0,29515.0,29516.25,29505.0,29511.5,583
2026-09-16 11:56:00-04:00,29513.25,29513.25,29515.75,29507.25,29515.25,510
2026-09-16 11:57:00-04:00,29510.75,29510.75,29514.75,29505.25,29512.5,505
2026-09-16 11:58:00-04:00,29511.5,29511.5,29514.0,29507.75,29510.75,399
2026-09-16 11:59:00-04:00,29499.25,29499.25,29514.0,29497.5,29511.5,832
2026-09-16 12:00:00-04:00,29497.25,29497.25,29502.5,29494.25,29499.5,802
2026-09-16 12:01:00-04:00,29488.5,29488.5,29498.25,29487.25,29497.5,615
2026-09-16 12:02:00-04:00,29487.75,29487.75,29491.75,29484.0,29488.75,656
2026-09-16 12:03:00-04:00,29480.75,29480.75,29488.25,29478.75,29487.5,709
2026-09-16 12:04:00-04:00,29475.75,29475.75,29482.0,29475.5,29480.75,628
2026-09-16 12:05:00-04:00,29481.0,29481.0,29483.75,29475.25,29475.5,601
2026-09-16 12:06:00-04:00,29482.0,29482.0,29485.5,29479.75,29481.25,313
2026-09-16 12:07:00-04:00,29478.5,29478.5,29484.0,29478.0,29481.25,367
2026-09-16 12:08:00-04:00,29482.0,29482.0,29482.5,29476.25,29478.25,556
2026-09-16 12:09:00-04:00,29485.5,29485.5,29489.0,29480.75,29481.25,428
2026-09-16 12:10:00-04:00,29483.75,29483.75,29487.25,29482.0,29485.75,356
2026-09-16 12:11:00-04:00,29478.25,29478.25,29483.75,29477.0,29483.75,605
2026-09-16 12:12:00-04:00,29472.25,29472.25,29479.5,29470.5,29478.5,640
2026-09-16 12:13:00-04:00,29483.0,29483.0,29485.0,29472.5,29472.5,653
2026-09-16 12:14:00-04:00,29484.5,29484.5,29484.5,29479.75,29483.0,320
2026-09-16 12:15:00-04:00,29489.75,29489.75,29490.75,29481.5,29484.5,594
2026-09-16 12:16:00-04:00,29485.0,29485.0,29491.5,29483.5,29489.75,450
2026-09-16 12:17:00-04:00,29493.75,29493.75,29494.25,29484.5,29485.0,458
2026-09-16 12:18:00-04:00,29488.75,29488.75,29495.75,29488.75,29494.0,450
2026-09-16 12:19:00-04:00,29490.5,29490.5,29491.5,29488.25,29490.0,454
2026-09-16 12:20:00-04:00,29485.0,29485.0,29490.5,29481.5,29490.0,687
2026-09-16 12:21:00-04:00,29476.0,29476.0,29485.75,29475.5,29485.0,388
2026-09-16 12:22:00-04:00,29473.5,29473.5,29476.75,29467.5,29476.25,699
2026-09-16 12:23:00-04:00,29473.75,29473.75,29476.5,29471.25,29473.5,379
2026-09-16 12:24:00-04:00,29469.5,29469.5,29475.0,29468.5,29473.5,520
2026-09-16 12:25:00-04:00,29472.75,29472.75,29474.75,29468.25,29470.0,469
2026-09-16 12:26:00-04:00,29477.75,29477.75,29478.0,29472.5,29473.5,578
2026-09-16 12:27:00-04:00,29474.25,29474.25,29478.0,29472.5,29477.5,446
2026-09-16 12:28:00-04:00,29477.0,29477.0,29478.0,29470.0,29473.5,310
2026-09-16 12:29:00-04:00,29485.0,29485.0,29486.0,29476.25,29477.25,555
2026-09-16 12:30:00-04:00,29483.0,29483.0,29487.75,29481.0,29484.75,365
2026-09-16 12:31:00-04:00,29476.5,29476.5,29486.5,29475.75,29483.25,453
2026-09-16 12:32:00-04:00,29471.0,29471.0,29478.25,29468.75,29476.25,590
2026-09-16 12:33:00-04:00,29464.75,29464.75,29473.25,29464.75,29471.0,471
2026-09-16 12:34:00-04:00,29465.75,29465.75,29469.5,29464.25,29465.0,328
2026-09-16 12:35:00-04:00,29469.5,29469.5,29473.0,29464.75,29465.25,331
2026-09-16 12:36:00-04:00,29470.75,29470.75,29473.0,29468.75,29469.0,189
2026-09-16 12:37:00-04:00,29470.5,29470.5,29474.5,29466.75,29470.5,252
2026-09-16 12:38:00-04:00,29471.75,29471.75,29472.0,29468.5,29470.0,157
2026-09-16 12:39:00-04:00,29470.5,29470.5,29473.0,29466.75,29472.0,258
2026-09-16 12:40:00-04:00,29472.75,29472.75,29474.0,29467.75,29470.75,225
2026-09-16 12:41:00-04:00,29470.0,29470.0,29472.5,29467.25,29472.5,194
2026-09-16 12:42:00-04:00,29469.25,29469.25,29471.0,29467.25,29469.5,154
2026-09-16 12:43:00-04:00,29471.0,29471.0,29471.25,29466.75,29469.5,185
2026-09-16 12:44:00-04:00,29470.0,29470.0,29476.5,29469.5,29470.5,413
2026-09-16 12:45:00-04:00,29480.0,29480.0,29480.5,29470.25,29470.25,426
2026-09-16 12:46:00-04:00,29487.25,29487.25,29488.0,29477.75,29479.75,583
2026-09-16 12:47:00-04:00,29490.0,29490.0,29490.25,29485.5,29487.25,378
2026-09-16 12:48:00-04:00,29489.5,29489.5,29492.25,29487.5,29489.5,367
2026-09-16 12:49:00-04:00,29486.0,29486.0,29491.5,29485.5,29490.0,406
2026-09-16 12:50:00-04:00,29473.5,29473.5,29488.0,29473.25,29485.0,720
2026-09-16 12:51:00-04:00,29471.75,29471.75,29478.0,29471.25,29474.0,355
2026-09-16 12:52:00-04:00,29472.25,29472.25,29473.75,29466.25,29471.75,322
2026-09-16 12:53:00-04:00,29471.25,29471.25,29473.25,29468.5,29472.0,487
2026-09-16 12:54:00-04:00,29474.25,29474.25,29475.25,29470.0,29470.5,356
2026-09-16 12:55:00-04:00,29476.75,29476.75,29479.0,29473.5,29474.25,475
2026-09-16 12:56:00-04:00,29474.0,29474.0,29479.5,29473.0,29476.75,261
2026-09-16 12:57:00-04:00,29474.5,29474.5,29476.5,29471.75,29474.5,298
2026-09-16 12:58:00-04:00,29475.5,29475.5,29476.0,29472.5,29474.0,149
2026-09-16 12:59:00-04:00,29468.5,29468.5,29475.25,29467.75,29475.25,329
2026-09-16 13:00:00-04:00,29453.25,29453.25,29469.5,29451.5,29468.5,935
2026-09-16 13:01:00-04:00,29450.0,29450.0,29454.5,29449.0,29452.75,573
2026-09-16 13:02:00-04:00,29449.75,29449.75,29452.25,29446.25,29450.25,556
2026-09-16 13:03:00-04:00,29442.75,29442.75,29451.5,29439.75,29449.75,622
2026-09-16 13:04:00-04:00,29448.0,29448.0,29448.75,29442.0,29443.0,387
2026-09-16 13:05:00-04:00,29445.25,29445.25,29450.75,29445.0,29448.0,414
2026-09-16 13:06:00-04:00,29446.5,29446.5,29450.25,29445.0,29445.5,299
2026-09-16 13:07:00-04:00,29449.0,29449.0,29450.25,29445.5,29446.5,228
2026-09-16 13:08:00-04:00,29449.75,29449.75,29451.5,29447.5,29448.5,295
2026-09-16 13:09:00-04:00,29452.25,29452.25,29452.5,29448.5,29449.25,315
2026-09-16 13:10:00-04:00,29451.75,29451.75,29456.0,29450.0,29452.0,319
2026-09-16 13:11:00-04:00,29446.0,29446.0,29453.5,29445.5,29451.75,379
2026-09-16 13:12:00-04:00,29447.25,29447.25,29449.0,29444.5,29446.25,226
2026-09-16 13:13:00-04:00,29451.0,29451.0,29452.5,29448.25,29448.25,276
2026-09-16 13:14:00-04:00,29460.5,29460.5,29463.25,29451.25,29451.25,473
2026-09-16 13:15:00-04:00,29458.5,29458.5,29461.5,29457.25,29460.0,326
2026-09-16 13:16:00-04:00,29464.0,29464.0,29465.0,29457.25,29458.75,408
2026-09-16 13:17:00-04:00,29458.0,29458.0,29464.25,29457.75,29463.5,207
2026-09-16 13:18:00-04:00,29458.5,29458.5,29462.25,29457.25,29457.75,182
2026-09-16 13:19:00-04:00,29454.25,29454.25,29459.0,29452.25,29457.75,259
2026-09-16 13:20:00-04:00,29458.0,29458.0,29459.75,29453.0,29454.25,218
2026-09-16 13:21:00-04:00,29459.5,29459.5,29463.0,29457.0,29458.25,265
2026-09-16 13:22:00-04:00,29452.25,29452.25,29461.0,29451.25,29460.0,371
2026-09-16 13:23:00-04:00,29446.0,29446.0,29452.5,29445.75,29452.0,314
2026-09-16 13:24:00-04:00,29448.5,29448.5,29448.5,29443.75,29446.0,305
2026-09-16 13:25:00-04:00,29454.0,29454.0,29456.5,29447.5,29448.0,589
2026-09-16 13:26:00-04:00,29453.25,29453.25,29454.75,29448.75,29453.5,234
2026-09-16 13:27:00-04:00,29455.25,29455.25,29456.25,29451.25,29453.5,202
2026-09-16 13:28:00-04:00,29450.5,29450.5,29455.25,29450.5,29454.75,199
2026-09-16 13:29:00-04:00,29456.0,29456.0,29458.0,29450.75,29451.0,231
2026-09-16 13:30:00-04:00,29456.5,29456.5,29463.0,29455.5,29457.0,434
2026-09-16 13:31:00-04:00,29451.0,29451.0,29456.25,29447.0,29456.0,360
2026-09-16 13:32:00-04:00,29448.5,29448.5,29452.25,29447.0,29451.0,326
2026-09-16 13:33:00-04:00,29448.0,29448.0,29452.0,29447.25,29449.5,228
2026-09-16 13:34:00-04:00,29451.5,29451.5,29453.25,29447.0,29448.0,228
2026-09-16 13:35:00-04:00,29452.25,29452.25,29453.25,29448.5,29451.75,198
2026-09-16 13:36:00-04:00,29453.0,29453.0,29455.25,29451.0,29451.75,177
2026-09-16 13:37:00-04:00,29451.25,29451.25,29454.5,29451.0,29453.75,476
2026-09-16 13:38:00-04:00,29447.5,29447.5,29452.0,29445.5,29451.0,316
2026-09-16 13:39:00-04:00,29440.75,29440.75,29448.5,29440.5,29447.5,234
2026-09-16 13:40:00-04:00,29431.75,29431.75,29441.25,29430.5,29441.0,663
2026-09-16 13:41:00-04:00,29431.75,29431.75,29434.25,29427.5,29431.5,524
2026-09-16 13:42:00-04:00,29429.5,29429.5,29432.25,29426.0,29432.25,350
2026-09-16 13:43:00-04:00,29420.75,29420.75,29432.5,29420.75,29429.5,610
2026-09-16 13:44:00-04:00,29423.0,29423.0,29424.25,29419.25,29421.0,527
2026-09-16 13:45:00-04:00,29432.5,29432.5,29432.5,29422.75,29422.75,497
2026-09-16 13:46:00-04:00,29440.25,29440.25,29440.5,29431.0,29432.0,486
2026-09-16 13:47:00-04:00,29440.0,29440.0,29444.25,29438.75,29439.75,341
2026-09-16 13:48:00-04:00,29433.25,29433.25,29442.75,29433.25,29441.5,298
2026-09-16 13:49:00-04:00,29433.25,29433.25,29436.0,29431.0,29433.5,278
2026-09-16 13:50:00-04:00,29431.0,29431.0,29433.75,29426.0,29433.25,381
2026-09-16 13:51:00-04:00,29433.5,29433.5,29435.0,29428.5,29430.5,443
2026-09-16 13:52:00-04:00,29438.25,29438.25,29439.75,29431.0,29433.75,414
2026-09-16 13:53:00-04:00,29448.0,29448.0,29448.0,29438.5,29438.75,526
2026-09-16 13:54:00-04:00,29446.25,29446.25,29450.75,29442.75,29448.0,386
2026-09-16 13:55:00-04:00,29447.25,29447.25,29448.75,29443.5,29445.0,418
2026-09-16 13:56:00-04:00,29461.75,29461.75,29462.25,29445.75,29447.0,702
2026-09-16 13:57:00-04:00,29463.0,29463.0,29463.5,29455.75,29461.25,552
2026-09-16 13:58:00-04:00,29473.5,29473.5,29478.5,29458.25,29462.0,783
2026-09-16 13:59:00-04:00,29475.0,29475.0,29477.75,29461.0,29473.25,822
2026-09-16 14:00:00-04:00,29455.0,29455.0,29517.0,29444.0,29478.75,3614
2026-09-16 14:01:00-04:00,29422.5,29422.5,29459.75,29415.0,29458.75,3345
2026-09-16 14:02:00-04:00,29466.25,29466.25,29469.25,29412.25,29422.25,2229
2026-09-16 14:03:00-04:00,29467.0,29467.0,29487.25,29461.5,29465.5,1618
2026-09-16 14:04:00-04:00,29507.5,29507.5,29517.0,29457.75,29466.75,1927
2026-09-16 14:05:00-04:00,29521.5,29521.5,29534.5,29503.5,29509.0,2044
2026-09-16 14:06:00-04:00,29501.5,29501.5,29528.0,29493.75,29521.0,2081
2026-09-16 14:07:00-04:00,29514.75,29514.75,29518.25,29495.0,29501.75,1391
2026-09-16 14:08:00-04:00,29511.25,29511.25,29539.0,29511.25,29512.25,2002
2026-09-16 14:09:00-04:00,29500.5,29500.5,29515.25,29498.5,29512.25,1300
2026-09-16 14:10:00-04:00,29485.5,29485.5,29509.75,29476.25,29501.0,1572
2026-09-16 14:11:00-04:00,29478.0,29478.0,29490.75,29472.25,29484.5,1180
2026-09-16 14:12:00-04:00,29468.5,29468.5,29481.25,29464.0,29477.5,1295
2026-09-16 14:13:00-04:00,29477.0,29477.0,29483.0,29457.0,29467.75,1465
2026-09-16 14:14:00-04:00,29465.5,29465.5,29489.0,29457.5,29476.75,896
2026-09-16 14:15:00-04:00,29456.0,29456.0,29472.0,29454.25,29464.75,778
2026-09-16 14:16:00-04:00,29459.75,29459.75,29467.25,29450.0,29456.5,909
2026-09-16 14:17:00-04:00,29466.25,29466.25,29470.0,29458.25,29460.25,588
2026-09-16 14:18:00-04:00,29455.0,29455.0,29476.5,29455.0,29464.25,576
2026-09-16 14:19:00-04:00,29464.75,29464.75,29482.75,29451.25,29455.0,1403
2026-09-16 14:20:00-04:00,29457.0,29457.0,29468.25,29447.5,29463.75,1017
2026-09-16 14:21:00-04:00,29462.75,29462.75,29475.75,29457.0,29458.0,817
2026-09-16 14:22:00-04:00,29464.0,29464.0,29479.25,29461.5,29463.5,728
2026-09-16 14:23:00-04:00,29469.0,29469.0,29471.5,29455.0,29464.0,620
2026-09-16 14:24:00-04:00,29454.75,29454.75,29471.5,29454.0,29468.75,498
2026-09-16 14:25:00-04:00,29443.75,29443.75,29460.0,29440.75,29455.25,806
2026-09-16 14:26:00-04:00,29441.5,29441.5,29451.75,29436.5,29443.75,1060
2026-09-16 14:27:00-04:00,29415.75,29415.75,29444.75,29411.0,29441.5,1507
2026-09-16 14:28:00-04:00,29426.5,29426.5,29429.0,29406.5,29415.75,1500
2026-09-16 14:29:00-04:00,29454.75,29454.75,29460.75,29425.25,29428.0,1149
2026-09-16 14:30:00-04:00,29441.5,29441.5,29467.5,29436.5,29455.5,1568
2026-09-16 14:31:00-04:00,29418.25,29418.25,29441.5,29407.5,29441.0,1800
2026-09-16 14:32:00-04:00,29385.5,29385.5,29422.5,29372.0,29418.25,2959
2026-09-16 14:33:00-04:00,29383.25,29383.25,29409.5,29371.0,29385.5,3366
2026-09-16 14:34:00-04:00,29371.5,29371.5,29397.0,29365.0,29384.25,1891
2026-09-16 14:35:00-04:00,29342.5,29342.5,29373.5,29332.5,29370.0,2952
2026-09-16 14:36:00-04:00,29303.75,29303.75,29350.0,29301.0,29342.75,2712
2026-09-16 14:37:00-04:00,29324.25,29324.25,29329.75,29303.0,29303.25,2597
2026-09-16 14:38:00-04:00,29364.75,29364.75,29379.75,29324.0,29324.75,2585
2026-09-16 14:39:00-04:00,29392.0,29392.0,29402.75,29362.75,29364.5,2208
2026-09-16 14:40:00-04:00,29416.25,29416.25,29419.0,29384.75,29391.0,1810
2026-09-16 14:41:00-04:00,29444.25,29444.25,29448.25,29402.75,29417.0,2321
2026-09-16 14:42:00-04:00,29485.75,29485.75,29487.25,29442.75,29444.75,2721
2026-09-16 14:43:00-04:00,29482.25,29482.25,29494.75,29470.0,29485.5,2274
2026-09-16 14:44:00-04:00,29438.75,29438.75,29485.25,29433.0,29482.75,2026
2026-09-16 14:45:00-04:00,29448.25,29448.25,29472.25,29429.5,29438.75,2117
2026-09-16 14:46:00-04:00,29423.25,29423.25,29451.75,29423.25,29449.25,1451
2026-09-16 14:47:00-04:00,29404.5,29404.5,29438.0,29400.75,29423.0,1854
2026-09-16 14:48:00-04:00,29388.0,29388.0,29407.0,29387.75,29403.75,1947
2026-09-16 14:49:00-04:00,29381.25,29381.25,29397.5,29376.25,29388.75,1673
2026-09-16 14:50:00-04:00,29359.75,29359.75,29397.0,29357.75,29382.25,2063
2026-09-16 14:51:00-04:00,29374.25,29374.25,29375.5,29341.0,29359.5,1964
2026-09-16 14:52:00-04:00,29337.75,29337.75,29374.5,29321.5,29374.5,3054
2026-09-16 14:53:00-04:00,29306.5,29306.5,29355.0,29304.25,29338.5,2339
2026-09-16 14:54:00-04:00,29295.25,29295.25,29315.25,29291.5,29307.25,2670
2026-09-16 14:55:00-04:00,29294.0,29294.0,29326.5,29286.75,29296.0,3098
2026-09-16 14:56:00-04:00,29259.75,29259.75,29295.75,29257.0,29295.75,3479
2026-09-16 14:57:00-04:00,29240.25,29240.25,29260.0,29221.5,29259.5,3236
2026-09-16 14:58:00-04:00,29256.0,29256.0,29262.75,29234.25,29240.5,2398
2026-09-16 14:59:00-04:00,29231.0,29231.0,29275.5,29225.0,29255.5,3023
2026-09-16 15:00:00-04:00,29283.25,29283.25,29287.25,29221.25,29231.75,3773
2026-09-16 15:01:00-04:00,29258.5,29258.5,29293.0,29255.25,29282.5,2553
2026-09-16 15:02:00-04:00,29261.75,29261.75,29272.75,29246.75,29258.5,2283
2026-09-16 15:03:00-04:00,29289.25,29289.25,29296.75,29252.0,29261.0,2044
2026-09-16 15:04:00-04:00,29273.25,29273.25,29303.75,29265.75,29289.75,1861
2026-09-16 15:05:00-04:00,29262.0,29262.0,29275.75,29229.0,29273.0,2908
2026-09-16 15:06:00-04:00,29256.75,29256.75,29277.75,29254.25,29262.0,1967
2026-09-16 15:07:00-04:00,29241.75,29241.75,29257.75,29223.5,29257.25,2019
2026-09-16 15:08:00-04:00,29209.25,29209.25,29248.75,29199.0,29240.25,3208
2026-09-16 15:09:00-04:00,29204.75,29204.75,29213.5,29187.0,29209.75,2153
2026-09-16 15:10:00-04:00,29169.25,29169.25,29213.0,29168.5,29203.75,2698
2026-09-16 15:11:00-04:00,29147.0,29147.0,29177.0,29139.25,29169.75,2808
2026-09-16 15:12:00-04:00,29139.0,29139.0,29157.0,29130.75,29147.0,2289
2026-09-16 15:13:00-04:00,29120.75,29120.75,29148.25,29114.5,29138.75,2444
2026-09-16 15:14:00-04:00,29129.5,29129.5,29152.75,29108.0,29120.5,3428
2026-09-16 15:15:00-04:00,29134.75,29134.75,29164.25,29127.25,29130.0,2141
2026-09-16 15:16:00-04:00,29131.75,29131.75,29135.75,29108.0,29135.75,2288
2026-09-16 15:17:00-04:00,29123.75,29123.75,29141.25,29118.75,29132.0,2218
2026-09-16 15:18:00-04:00,29115.5,29115.5,29135.25,29114.25,29123.0,1823
2026-09-16 15:19:00-04:00,29109.75,29109.75,29122.5,29084.0,29116.0,2573
2026-09-16 15:20:00-04:00,29096.5,29096.5,29131.5,29095.75,29109.75,2194
2026-09-16 15:21:00-04:00,29103.25,29103.25,29105.5,29088.75,29097.25,1793
2026-09-16 15:22:00-04:00,29087.75,29087.75,29119.0,29083.25,29104.25,2118
2026-09-16 15:23:00-04:00,29095.25,29095.25,29111.0,29085.5,29088.25,2591
2026-09-16 15:24:00-04:00,29111.25,29111.25,29115.0,29088.75,29096.25,1752
2026-09-16 15:25:00-04:00,29066.0,29066.0,29125.0,29065.5,29113.25,2624
2026-09-16 15:26:00-04:00,29063.5,29063.5,29071.5,29055.75,29065.0,2236
2026-09-16 15:27:00-04:00,29086.75,29086.75,29091.0,29053.0,29064.0,1953
2026-09-16 15:28:00-04:00,29075.75,29075.75,29099.75,29067.5,29085.5,1614
2026-09-16 15:29:00-04:00,29132.0,29132.0,29136.75,29076.5,29076.75,2460
2026-09-16 15:30:00-04:00,29143.25,29143.25,29146.25,29122.5,29132.0,2619
2026-09-16 15:31:00-04:00,29147.75,29147.75,29157.5,29138.25,29142.75,2498
2026-09-16 15:32:00-04:00,29168.25,29168.25,29179.0,29143.5,29148.5,2250
2026-09-16 15:33:00-04:00,29172.0,29172.0,29180.25,29149.25,29167.75,2045
2026-09-16 15:34:00-04:00,29195.25,29195.25,29196.75,29166.0,29172.75,1487
2026-09-16 15:35:00-04:00,29185.5,29185.5,29199.75,29172.75,29195.25,1819
2026-09-16 15:36:00-04:00,29149.5,29149.5,29187.25,29143.0,29185.0,1989
2026-09-16 15:37:00-04:00,29180.0,29180.0,29180.0,29142.25,29149.5,1681
2026-09-16 15:38:00-04:00,29167.75,29167.75,29184.0,29164.25,29180.0,1244
2026-09-16 15:39:00-04:00,29190.0,29190.0,29196.75,29168.0,29168.75,1147
2026-09-16 15:40:00-04:00,29182.75,29182.75,29193.0,29178.25,29190.25,1467
2026-09-16 15:41:00-04:00,29163.25,29163.25,29208.75,29163.25,29183.0,1929
2026-09-16 15:42:00-04:00,29167.25,29167.25,29174.75,29151.0,29162.75,1346
2026-09-16 15:43:00-04:00,29179.5,29179.5,29184.5,29165.5,29168.0,1242
2026-09-16 15:44:00-04:00,29174.0,29174.0,29189.75,29167.75,29178.25,966
2026-09-16 15:45:00-04:00,29214.5,29214.5,29214.75,29173.25,29174.25,1702
2026-09-16 15:46:00-04:00,29211.25,29211.25,29225.75,29205.75,29214.0,2153
2026-09-16 15:47:00-04:00,29224.5,29224.5,29226.75,29206.75,29211.25,1211
2026-09-16 15:48:00-04:00,29230.25,29230.25,29236.5,29216.75,29225.25,1511
2026-09-16 15:49:00-04:00,29224.75,29224.75,29235.25,29221.0,29229.75,1355
2026-09-16 15:50:00-04:00,29244.0,29244.0,29248.5,29218.25,29224.5,2669
2026-09-16 15:51:00-04:00,29225.25,29225.25,29254.25,29225.25,29243.5,1743
2026-09-16 15:52:00-04:00,29236.75,29236.75,29237.25,29217.25,29226.0,1841
2026-09-16 15:53:00-04:00,29226.75,29226.75,29240.25,29220.75,29236.5,1262
2026-09-16 15:54:00-04:00,29240.0,29240.0,29248.5,29217.0,29227.25,2508
2026-09-16 15:55:00-04:00,29237.25,29237.25,29241.5,29217.75,29241.0,2635
2026-09-16 15:56:00-04:00,29246.25,29246.25,29246.5,29229.0,29237.75,1410
2026-09-16 15:57:00-04:00,29235.5,29235.5,29249.75,29229.0,29246.75,1558
2026-09-16 15:58:00-04:00,29237.5,29237.5,29238.0,29227.25,29235.75,1609
2026-09-16 15:59:00-04:00,29254.25,29254.25,29268.75,29229.5,29237.75,8668
2026-09-16 16:00:00-04:00,29260.75,29260.75,29270.0,29248.0,29254.0,3128
2026-09-16 16:01:00-04:00,29259.0,29259.0,29265.0,29252.75,29260.75,1218
2026-09-16 16:02:00-04:00,29271.25,29271.25,29276.75,29259.0,29259.5,1346
2026-09-16 16:03:00-04:00,29278.0,29278.0,29283.25,29271.0,29272.0,831
2026-09-16 16:04:00-04:00,29269.0,29269.0,29277.5,29261.0,29277.5,628
2026-09-16 16:05:00-04:00,29271.25,29271.25,29273.75,29266.5,29269.0,440
2026-09-16 16:06:00-04:00,29273.5,29273.5,29279.75,29269.75,29271.0,885
2026-09-16 16:07:00-04:00,29262.75,29262.75,29275.0,29259.5,29272.75,578
2026-09-16 16:08:00-04:00,29261.75,29261.75,29268.5,29260.5,29263.75,260
2026-09-16 16:09:00-04:00,29268.75,29268.75,29269.75,29257.75,29262.25,472
2026-09-16 16:10:00-04:00,29263.75,29263.75,29270.25,29263.75,29267.25,258
2026-09-16 16:11:00-04:00,29261.75,29261.75,29264.5,29259.0,29264.25,304
2026-09-16 16:12:00-04:00,29264.75,29264.75,29265.0,29259.75,29261.75,183
2026-09-16 16:13:00-04:00,29262.0,29262.0,29266.25,29260.0,29264.25,211
2026-09-16 16:14:00-04:00,29265.75,29265.75,29269.0,29261.0,29262.5,204
2026-09-16 16:15:00-04:00,29266.0,29266.0,29266.5,29260.0,29265.5,190
2026-09-16 16:16:00-04:00,29260.75,29260.75,29267.5,29257.0,29267.0,198
2026-09-16 16:17:00-04:00,29269.75,29269.75,29270.25,29260.25,29261.0,239
2026-09-16 16:18:00-04:00,29265.5,29265.5,29270.25,29260.5,29270.25,210
2026-09-16 16:19:00-04:00,29261.0,29261.0,29264.75,29260.5,29264.5,130
2026-09-16 16:20:00-04:00,29263.25,29263.25,29266.0,29259.0,29261.75,185
2026-09-16 16:21:00-04:00,29262.25,29262.25,29265.25,29261.25,29263.75,70
2026-09-16 16:22:00-04:00,29260.75,29260.75,29263.0,29258.5,29262.75,112
2026-09-16 16:23:00-04:00,29253.75,29253.75,29260.5,29252.25,29260.5,379
2026-09-16 16:24:00-04:00,29249.75,29249.75,29255.0,29248.75,29253.75,211
2026-09-16 16:25:00-04:00,29244.5,29244.5,29250.25,29241.25,29250.0,462
2026-09-16 16:26:00-04:00,29235.25,29235.25,29243.75,29231.0,29243.75,364
2026-09-16 16:27:00-04:00,29232.5,29232.5,29235.5,29232.0,29234.75,157
2026-09-16 16:28:00-04:00,29237.0,29237.0,29241.0,29232.75,29232.75,159
2026-09-16 16:29:00-04:00,29244.5,29244.5,29246.5,29236.5,29237.0,184
2026-09-16 16:30:00-04:00,29247.75,29247.75,29249.0,29238.0,29243.75,145
2026-09-16 16:31:00-04:00,29246.75,29246.75,29249.0,29242.0,29247.75,123
2026-09-16 16:32:00-04:00,29243.25,29243.25,29248.75,29243.25,29247.25,52
2026-09-16 16:33:00-04:00,29246.0,29246.0,29246.25,29240.5,29245.0,92
2026-09-16 16:34:00-04:00,29254.5,29254.5,29255.0,29246.25,29246.25,145
2026-09-16 16:35:00-04:00,29251.0,29251.0,29254.25,29250.5,29251.5,34
2026-09-16 16:36:00-04:00,29245.25,29245.25,29254.75,29245.0,29251.0,49
2026-09-16 16:37:00-04:00,29251.0,29251.0,29251.5,29242.75,29245.25,34
2026-09-16 16:38:00-04:00,29249.75,29249.75,29253.5,29249.25,29252.0,62
2026-09-16 16:39:00-04:00,29260.25,29260.25,29261.75,29248.75,29249.5,102
2026-09-16 16:40:00-04:00,29261.5,29261.5,29264.75,29259.75,29260.75,171
2026-09-16 16:41:00-04:00,29262.5,29262.5,29267.5,29262.5,29263.0,114
2026-09-16 16:42:00-04:00,29258.0,29258.0,29262.0,29256.75,29262.0,91
2026-09-16 16:43:00-04:00,29256.75,29256.75,29259.25,29252.0,29257.75,117
2026-09-16 16:44:00-04:00,29259.75,29259.75,29263.25,29256.0,29257.25,95
2026-09-16 16:45:00-04:00,29258.25,29258.25,29263.0,29257.5,29260.25,67
2026-09-16 16:46:00-04:00,29262.25,29262.25,29263.25,29256.75,29258.25,62
2026-09-16 16:47:00-04:00,29264.5,29264.5,29264.5,29262.0,29262.75,28
2026-09-16 16:48:00-04:00,29264.5,29264.5,29265.25,29262.5,29265.0,40
2026-09-16 16:49:00-04:00,29268.0,29268.0,29268.5,29263.75,29265.0,61
2026-09-16 16:50:00-04:00,29271.5,29271.5,29272.75,29267.5,29268.0,87
2026-09-16 16:51:00-04:00,29267.0,29267.0,29271.25,29266.25,29271.25,91
2026-09-16 16:52:00-04:00,29263.25,29263.25,29267.5,29262.5,29266.0,55
2026-09-16 16:53:00-04:00,29265.75,29265.75,29265.75,29261.75,29262.75,55
2026-09-16 16:54:00-04:00,29266.0,29266.0,29267.0,29264.25,29266.0,51
2026-09-16 16:55:00-04:00,29265.75,29265.75,29269.25,29262.25,29266.75,67
2026-09-16 16:56:00-04:00,29264.75,29264.75,29266.0,29252.0,29265.25,166
2026-09-16 16:57:00-04:00,29263.75,29263.75,29269.75,29260.75,29263.75,174
2026-09-16 16:58:00-04:00,29266.75,29266.75,29267.5,29263.0,29264.0,62
2026-09-16 16:59:00-04:00,29263.75,29263.75,29268.5,29263.25,29267.75,144
2026-09-16 18:00:00-04:00,29270.0,29270.0,29288.5,29268.0,29271.0,0
2026-09-16 18:01:00-04:00,29265.75,29265.75,29279.5,29264.0,29270.5,168
2026-09-16 18:02:00-04:00,29260.75,29260.75,29265.75,29257.5,29265.75,101
2026-09-16 18:03:00-04:00,29257.0,29257.0,29262.25,29251.75,29257.5,101
2026-09-16 18:04:00-04:00,29251.25,29251.25,29258.0,29247.75,29257.0,95
2026-09-16 18:05:00-04:00,29280.25,29280.25,29280.75,29253.25,29253.25,246
2026-09-16 18:06:00-04:00,29280.0,29280.0,29283.75,29272.75,29280.25,184
2026-09-16 18:07:00-04:00,29280.0,29280.0,29280.25,29274.5,29277.25,66
2026-09-16 18:08:00-04:00,29283.0,29283.0,29288.0,29274.5,29276.25,133
2026-09-16 18:09:00-04:00,29282.75,29282.75,29287.75,29277.0,29283.25,88
2026-09-16 18:10:00-04:00,29281.25,29281.25,29283.5,29279.5,29282.0,52
2026-09-16 18:11:00-04:00,29278.0,29278.0,29281.25,29276.25,29279.5,72
2026-09-16 18:12:00-04:00,29282.5,29282.5,29283.25,29276.75,29276.75,70
2026-09-16 18:13:00-04:00,29282.0,29282.0,29286.25,29280.5,29282.25,91
2026-09-16 18:14:00-04:00,29281.25,29281.25,29284.25,29281.25,29283.0,28
2026-09-16 18:15:00-04:00,29281.5,29281.5,29285.75,29281.0,29284.75,32
2026-09-16 18:16:00-04:00,29283.25,29283.25,29283.25,29280.0,29281.25,38
2026-09-16 18:17:00-04:00,29286.0,29286.0,29286.0,29280.5,29282.5,50
2026-09-16 18:18:00-04:00,29286.75,29286.75,29288.0,29285.25,29286.75,37
2026-09-16 18:19:00-04:00,29287.0,29287.0,29287.25,29284.5,29287.0,38
2026-09-16 18:20:00-04:00,29296.5,29296.5,29298.0,29286.5,29286.5,166
2026-09-16 18:21:00-04:00,29300.0,29300.0,29300.0,29292.5,29296.25,113
2026-09-16 18:22:00-04:00,29296.5,29296.5,29300.0,29296.5,29300.0,77
2026-09-16 18:23:00-04:00,29296.0,29296.0,29297.0,29290.5,29295.75,78
2026-09-16 18:24:00-04:00,29296.75,29296.75,29300.0,29295.5,29296.25,52
2026-09-16 18:25:00-04:00,29320.75,29320.75,29323.0,29297.0,29297.5,368
2026-09-16 18:26:00-04:00,29322.75,29322.75,29329.5,29320.25,29320.75,191
2026-09-16 18:27:00-04:00,29320.75,29320.75,29323.75,29318.5,29322.0,74
2026-09-16 18:28:00-04:00,29321.0,29321.0,29321.5,29317.0,29320.25,47
2026-09-16 18:29:00-04:00,29322.5,29322.5,29323.25,29319.0,29321.0,65
2026-09-16 18:30:00-04:00,29335.25,29335.25,29335.5,29321.25,29323.75,142
2026-09-16 18:31:00-04:00,29327.75,29327.75,29333.75,29326.75,29333.75,79
2026-09-16 18:32:00-04:00,29331.25,29331.25,29331.5,29325.5,29329.0,107
2026-09-16 18:33:00-04:00,29333.0,29333.0,29337.25,29330.25,29331.0,97
2026-09-16 18:34:00-04:00,29333.5,29333.5,29334.75,29331.25,29333.75,44
2026-09-16 18:35:00-04:00,29333.25,29333.25,29336.0,29332.75,29332.75,44
2026-09-16 18:36:00-04:00,29338.0,29338.0,29340.0,29333.25,29333.25,67
2026-09-16 18:37:00-04:00,29342.0,29342.0,29344.25,29335.75,29339.25,120
2026-09-16 18:38:00-04:00,29344.25,29344.25,29348.25,29341.0,29341.25,93
2026-09-16 18:39:00-04:00,29349.75,29349.75,29352.75,29344.0,29345.5,191
2026-09-16 18:40:00-04:00,29352.0,29352.0,29357.75,29349.75,29350.0,215
2026-09-16 18:41:00-04:00,29364.25,29364.25,29369.25,29351.75,29351.75,300
2026-09-16 18:42:00-04:00,29354.75,29354.75,29368.5,29353.0,29364.5,249
2026-09-16 18:43:00-04:00,29361.75,29361.75,29362.25,29353.25,29354.75,72
2026-09-16 18:44:00-04:00,29357.25,29357.25,29361.0,29356.25,29360.75,67
2026-09-16 18:45:00-04:00,29357.0,29357.0,29360.5,29353.5,29357.0,175
2026-09-16 18:46:00-04:00,29358.0,29358.0,29362.5,29357.75,29357.75,79
2026-09-16 18:47:00-04:00,29357.5,29357.5,29361.0,29357.5,29357.75,66
2026-09-16 18:48:00-04:00,29353.5,29353.5,29359.0,29352.25,29359.0,73
2026-09-16 18:49:00-04:00,29346.75,29346.75,29353.75,29342.75,29353.75,277
2026-09-16 18:50:00-04:00,29351.0,29351.0,29352.0,29346.0,29346.5,150
2026-09-16 18:51:00-04:00,29347.75,29347.75,29351.25,29346.75,29350.5,45
2026-09-16 18:52:00-04:00,29347.0,29347.0,29350.0,29345.25,29347.0,51
2026-09-16 18:53:00-04:00,29344.75,29344.75,29346.5,29344.25,29346.25,46
2026-09-16 18:54:00-04:00,29345.25,29345.25,29347.75,29343.5,29345.5,93
2026-09-16 18:55:00-04:00,29343.75,29343.75,29346.5,29342.75,29346.5,40
2026-09-16 18:56:00-04:00,29344.0,29344.0,29345.75,29342.75,29345.0,30
2026-09-16 18:57:00-04:00,29344.75,29344.75,29347.25,29342.0,29344.5,88
2026-09-16 18:58:00-04:00,29350.5,29350.5,29353.25,29344.0,29344.5,89
2026-09-16 18:59:00-04:00,29350.0,29350.0,29353.0,29349.5,29349.75,68
2026-09-16 19:00:00-04:00,29352.5,29352.5,29358.0,29349.25,29350.75,167
2026-09-16 19:01:00-04:00,29363.0,29363.0,29364.5,29352.5,29353.25,162
2026-09-16 19:02:00-04:00,29353.5,29353.5,29362.25,29350.5,29362.25,97
2026-09-16 19:03:00-04:00,29353.25,29353.25,29355.75,29352.25,29352.25,36
2026-09-16 19:04:00-04:00,29356.0,29356.0,29357.0,29354.0,29355.5,27
2026-09-16 19:05:00-04:00,29356.0,29356.0,29358.5,29354.75,29354.75,39
2026-09-16 19:06:00-04:00,29359.75,29359.75,29360.5,29354.75,29356.5,49
2026-09-16 19:07:00-04:00,29354.25,29354.25,29358.5,29352.25,29358.25,62
2026-09-16 19:08:00-04:00,29360.5,29360.5,29360.5,29355.25,29355.25,44
2026-09-16 19:09:00-04:00,29372.5,29372.5,29374.25,29359.75,29360.0,229
2026-09-16 19:10:00-04:00,29372.75,29372.75,29375.0,29370.0,29373.0,99
2026-09-16 19:11:00-04:00,29372.0,29372.0,29374.0,29371.0,29372.0,51
2026-09-16 19:12:00-04:00,29370.0,29370.0,29373.0,29369.25,29372.25,48
2026-09-16 19:13:00-04:00,29371.0,29371.0,29371.75,29369.25,29370.25,43
2026-09-16 19:14:00-04:00,29368.25,29368.25,29370.5,29364.25,29370.5,82
2026-09-16 19:15:00-04:00,29373.25,29373.25,29375.0,29369.75,29370.0,111
2026-09-16 19:16:00-04:00,29376.0,29376.0,29376.25,29372.75,29373.0,60
2026-09-16 19:17:00-04:00,29389.5,29389.5,29392.0,29376.25,29376.25,348
2026-09-16 19:18:00-04:00,29384.75,29384.75,29392.0,29382.75,29389.5,105
2026-09-16 19:19:00-04:00,29382.75,29382.75,29385.0,29381.0,29383.75,96
2026-09-16 19:20:00-04:00,29389.75,29389.75,29393.75,29382.0,29382.0,126
2026-09-16 19:21:00-04:00,29392.25,29392.25,29393.25,29389.25,29389.5,57
2026-09-16 19:22:00-04:00,29394.0,29394.0,29394.0,29390.25,29392.25,60
2026-09-16 19:23:00-04:00,29397.0,29397.0,29399.75,29392.5,29393.25,205
2026-09-16 19:24:00-04:00,29397.25,29397.25,29397.5,29393.5,29396.5,58
2026-09-16 19:25:00-04:00,29395.5,29395.5,29398.25,29394.5,29397.0,57
2026-09-16 19:26:00-04:00,29397.25,29397.25,29397.25,29389.0,29396.5,196
2026-09-16 19:27:00-04:00,29408.75,29408.75,29413.0,29396.5,29396.5,325
2026-09-16 19:28:00-04:00,29413.25,29413.25,29416.75,29408.75,29408.75,248
2026-09-16 19:29:00-04:00,29395.5,29395.5,29413.0,29394.75,29413.0,296
2026-09-16 19:30:00-04:00,29401.75,29401.75,29404.5,29395.5,29396.0,214
2026-09-16 19:31:00-04:00,29407.0,29407.0,29407.75,29399.5,29400.75,99
2026-09-16 19:32:00-04:00,29410.5,29410.5,29410.5,29401.0,29406.25,173
2026-09-16 19:33:00-04:00,29409.0,29409.0,29411.25,29407.0,29410.75,62
2026-09-16 19:34:00-04:00,29410.5,29410.5,29412.5,29408.5,29409.75,66
2026-09-16 19:35:00-04:00,29407.25,29407.25,29411.0,29405.5,29411.0,47
2026-09-16 19:36:00-04:00,29406.25,29406.25,29407.0,29403.5,29405.25,37
2026-09-16 19:37:00-04:00,29402.0,29402.0,29405.5,29402.0,29405.5,81
2026-09-16 19:38:00-04:00,29398.75,29398.75,29404.25,29395.5,29402.25,261
2026-09-16 19:39:00-04:00,29402.25,29402.25,29404.25,29399.25,29399.25,54
2026-09-16 19:40:00-04:00,29436.0,29436.0,29444.25,29401.25,29403.5,1257
2026-09-16 19:41:00-04:00,29415.25,29415.25,29436.25,29413.75,29436.25,303
2026-09-16 19:42:00-04:00,29416.5,29416.5,29420.25,29415.0,29416.25,84
2026-09-16 19:43:00-04:00,29427.25,29427.25,29431.5,29418.25,29418.25,156
2026-09-16 19:44:00-04:00,29436.5,29436.5,29437.5,29427.75,29428.5,164
2026-09-16 19:45:00-04:00,29438.25,29438.25,29443.0,29433.5,29435.25,234
2026-09-16 19:46:00-04:00,29450.5,29450.5,29451.75,29436.75,29440.75,295
2026-09-16 19:47:00-04:00,29450.75,29450.75,29457.0,29445.25,29449.25,496
2026-09-16 19:48:00-04:00,29453.25,29453.25,29453.75,29447.5,29450.0,260
2026-09-16 19:49:00-04:00,29449.75,29449.75,29454.0,29446.0,29454.0,197
2026-09-16 19:50:00-04:00,29441.75,29441.75,29450.5,29440.0,29450.5,217
2026-09-16 19:51:00-04:00,29446.5,29446.5,29446.75,29441.75,29443.0,105
2026-09-16 19:52:00-04:00,29447.25,29447.25,29451.75,29445.25,29446.0,189
2026-09-16 19:53:00-04:00,29444.5,29444.5,29447.75,29442.75,29446.5,64
2026-09-16 19:54:00-04:00,29442.75,29442.75,29449.0,29439.5,29444.75,123
2026-09-16 19:55:00-04:00,29439.5,29439.5,29444.5,29437.5,29443.75,114
2026-09-16 19:56:00-04:00,29449.25,29449.25,29449.5,29435.0,29440.5,263
2026-09-16 19:57:00-04:00,29446.0,29446.0,29449.25,29444.5,29449.25,72
2026-09-16 19:58:00-04:00,29447.75,29447.75,29448.75,29444.5,29446.5,81
2026-09-16 19:59:00-04:00,29450.5,29450.5,29452.0,29440.75,29446.5,153
2026-09-16 20:00:00-04:00,29462.5,29462.5,29464.75,29444.5,29451.5,447
2026-09-16 20:01:00-04:00,29451.75,29451.75,29461.75,29449.25,29461.75,259
2026-09-16 20:02:00-04:00,29448.5,29448.5,29452.25,29441.5,29452.25,150
2026-09-16 20:03:00-04:00,29453.0,29453.0,29456.75,29446.25,29449.5,225
2026-09-16 20:04:00-04:00,29451.0,29451.0,29458.0,29448.0,29453.5,170
2026-09-16 20:05:00-04:00,29452.25,29452.25,29455.75,29441.0,29450.25,180
2026-09-16 20:06:00-04:00,29450.75,29450.75,29456.25,29447.25,29450.25,201
2026-09-16 20:07:00-04:00,29456.0,29456.0,29462.0,29452.0,29452.0,189
2026-09-16 20:08:00-04:00,29458.5,29458.5,29459.25,29447.75,29455.0,170
2026-09-16 20:09:00-04:00,29452.5,29452.5,29459.0,29450.75,29459.0,98
2026-09-16 20:10:00-04:00,29448.75,29448.75,29456.75,29444.25,29453.75,233
2026-09-16 20:11:00-04:00,29456.25,29456.25,29456.25,29448.0,29448.25,172
2026-09-16 20:12:00-04:00,29439.25,29439.25,29457.75,29435.0,29455.5,281
2026-09-16 20:13:00-04:00,29418.75,29418.75,29440.0,29416.0,29439.25,536
2026-09-16 20:14:00-04:00,29413.75,29413.75,29421.0,29412.75,29419.0,290
2026-09-16 20:15:00-04:00,29432.5,29432.5,29436.5,29409.5,29414.0,513
2026-09-16 20:16:00-04:00,29425.25,29425.25,29435.25,29423.75,29432.5,239
2026-09-16 20:17:00-04:00,29439.25,29439.25,29440.0,29423.75,29427.5,312
2026-09-16 20:18:00-04:00,29440.5,29440.5,29448.75,29437.0,29438.25,194
2026-09-16 20:19:00-04:00,29442.5,29442.5,29447.75,29438.0,29440.5,168
2026-09-16 20:20:00-04:00,29438.5,29438.5,29447.0,29437.0,29442.0,236
2026-09-16 20:21:00-04:00,29435.25,29435.25,29440.75,29431.0,29440.5,101
2026-09-16 20:22:00-04:00,29429.25,29429.25,29434.75,29426.5,29434.75,146
2026-09-16 20:23:00-04:00,29430.0,29430.0,29433.25,29427.0,29429.75,98
2026-09-16 20:24:00-04:00,29430.25,29430.25,29436.75,29428.0,29428.0,47
2026-09-16 20:25:00-04:00,29433.75,29433.75,29433.75,29426.75,29432.5,79
2026-09-16 20:26:00-04:00,29434.75,29434.75,29443.25,29434.75,29434.75,169
2026-09-16 20:27:00-04:00,29439.0,29439.0,29443.5,29431.5,29435.25,135
2026-09-16 20:28:00-04:00,29436.5,29436.5,29440.25,29433.75,29438.75,90
2026-09-16 20:29:00-04:00,29433.75,29433.75,29439.25,29433.5,29434.75,53
2026-09-16 20:30:00-04:00,29437.75,29437.75,29440.0,29432.0,29433.75,99
2026-09-16 20:31:00-04:00,29450.5,29450.5,29454.25,29433.75,29436.5,354
2026-09-16 20:32:00-04:00,29457.25,29457.25,29463.5,29446.0,29451.0,300
2026-09-16 20:33:00-04:00,29464.5,29464.5,29469.5,29453.5,29455.0,347
2026-09-16 20:34:00-04:00,29457.25,29457.25,29465.25,29454.75,29465.0,154
2026-09-16 20:35:00-04:00,29464.5,29464.5,29467.25,29455.5,29458.25,103
2026-09-16 20:36:00-04:00,29460.5,29460.5,29466.5,29459.0,29466.0,85
2026-09-16 20:37:00-04:00,29459.25,29459.25,29460.5,29454.0,29458.75,102
2026-09-16 20:38:00-04:00,29461.0,29461.0,29465.0,29460.0,29461.25,44
2026-09-16 20:39:00-04:00,29464.75,29464.75,29465.5,29459.75,29460.0,82
2026-09-16 20:40:00-04:00,29463.0,29463.0,29467.75,29461.25,29463.75,85
2026-09-16 20:41:00-04:00,29462.5,29462.5,29465.25,29461.25,29463.0,51
2026-09-16 20:42:00-04:00,29465.25,29465.25,29465.25,29459.25,29463.25,81
2026-09-16 20:43:00-04:00,29476.0,29476.0,29478.0,29461.75,29463.75,149
2026-09-16 20:44:00-04:00,29458.5,29458.5,29475.25,29456.5,29475.25,290
2026-09-16 20:45:00-04:00,29453.0,29453.0,29459.0,29446.25,29458.75,279
2026-09-16 20:46:00-04:00,29446.5,29446.5,29451.0,29438.25,29451.0,246
2026-09-16 20:47:00-04:00,29451.0,29451.0,29452.75,29444.5,29444.5,124
2026-09-16 20:48:00-04:00,29450.0,29450.0,29455.0,29447.0,29453.0,107
2026-09-16 20:49:00-04:00,29449.25,29449.25,29453.25,29445.0,29448.5,74
2026-09-16 20:50:00-04:00,29451.0,29451.0,29453.0,29446.5,29452.0,61
2026-09-16 20:51:00-04:00,29447.0,29447.0,29452.5,29447.0,29451.75,56
2026-09-16 20:52:00-04:00,29441.25,29441.25,29449.0,29440.5,29448.0,122
2026-09-16 20:53:00-04:00,29434.0,29434.0,29440.5,29428.75,29440.5,212
2026-09-16 20:54:00-04:00,29436.0,29436.0,29437.25,29429.75,29434.25,109
2026-09-16 20:55:00-04:00,29442.75,29442.75,29444.5,29434.0,29436.5,131
2026-09-16 20:56:00-04:00,29456.75,29456.75,29458.5,29441.5,29441.75,166
2026-09-16 20:57:00-04:00,29459.0,29459.0,29461.25,29451.5,29456.75,149
2026-09-16 20:58:00-04:00,29460.25,29460.25,29467.0,29456.75,29457.0,176
2026-09-16 20:59:00-04:00,29450.25,29450.25,29462.75,29448.0,29460.0,203
2026-09-16 21:00:00-04:00,29441.0,29441.0,29453.25,29439.75,29451.5,195
2026-09-16 21:01:00-04:00,29440.25,29440.25,29443.5,29438.5,29442.25,110
2026-09-16 21:02:00-04:00,29440.25,29440.25,29442.5,29436.25,29440.75,85
2026-09-16 21:03:00-04:00,29443.25,29443.25,29444.25,29437.75,29440.25,85
2026-09-16 21:04:00-04:00,29451.75,29451.75,29451.75,29440.75,29444.25,139
2026-09-16 21:05:00-04:00,29463.0,29463.0,29463.25,29448.25,29451.25,187
2026-09-16 21:06:00-04:00,29471.25,29471.25,29471.25,29459.25,29462.5,178
2026-09-16 21:07:00-04:00,29470.5,29470.5,29474.25,29468.5,29471.25,186
2026-09-16 21:08:00-04:00,29466.25,29466.25,29471.25,29463.0,29471.0,150
2026-09-16 21:09:00-04:00,29452.75,29452.75,29469.0,29451.0,29467.75,226
2026-09-16 21:10:00-04:00,29445.5,29445.5,29452.5,29441.25,29452.0,222
2026-09-16 21:11:00-04:00,29443.0,29443.0,29448.0,29440.75,29445.5,93
2026-09-16 21:12:00-04:00,29439.25,29439.25,29443.75,29438.0,29442.0,131
2026-09-16 21:13:00-04:00,29441.0,29441.0,29444.5,29434.0,29437.0,145
2026-09-16 21:14:00-04:00,29450.5,29450.5,29453.25,29440.5,29441.75,126
2026-09-16 21:15:00-04:00,29449.0,29449.0,29454.25,29442.25,29451.0,222
2026-09-16 21:16:00-04:00,29446.0,29446.0,29450.25,29443.5,29449.75,97
2026-09-16 21:17:00-04:00,29443.25,29443.25,29447.0,29441.0,29444.0,62
2026-09-16 21:18:00-04:00,29439.75,29439.75,29444.25,29439.25,29443.25,62
2026-09-16 21:19:00-04:00,29443.75,29443.75,29446.5,29440.5,29440.75,105
2026-09-16 21:20:00-04:00,29447.5,29447.5,29450.75,29443.25,29444.25,106
2026-09-16 21:21:00-04:00,29451.25,29451.25,29453.0,29446.25,29446.25,117
2026-09-16 21:22:00-04:00,29450.25,29450.25,29450.25,29445.75,29448.5,38
2026-09-16 21:23:00-04:00,29448.25,29448.25,29454.25,29448.0,29449.0,59
2026-09-16 21:24:00-04:00,29449.25,29449.25,29451.75,29446.75,29448.75,88
2026-09-16 21:25:00-04:00,29450.5,29450.5,29453.5,29446.0,29450.25,82
2026-09-16 21:26:00-04:00,29446.75,29446.75,29451.25,29445.0,29451.0,50
2026-09-16 21:27:00-04:00,29448.0,29448.0,29448.0,29443.25,29445.75,31
2026-09-16 21:28:00-04:00,29449.25,29449.25,29449.5,29444.25,29447.75,53
2026-09-16 21:29:00-04:00,29446.5,29446.5,29450.0,29445.75,29448.75,26
2026-09-16 21:30:00-04:00,29450.5,29450.5,29453.5,29447.0,29447.0,52
2026-09-16 21:31:00-04:00,29455.5,29455.5,29456.75,29449.75,29450.0,59
2026-09-16 21:32:00-04:00,29459.0,29459.0,29466.5,29454.5,29455.5,273
2026-09-16 21:33:00-04:00,29458.25,29458.25,29460.25,29455.75,29459.25,100
2026-09-16 21:34:00-04:00,29456.5,29456.5,29459.0,29453.25,29457.0,148
2026-09-16 21:35:00-04:00,29462.0,29462.0,29464.25,29455.75,29457.75,89
2026-09-16 21:36:00-04:00,29467.0,29467.0,29469.25,29460.25,29460.75,212
2026-09-16 21:37:00-04:00,29450.0,29450.0,29467.5,29449.0,29467.5,133
2026-09-16 21:38:00-04:00,29450.25,29450.25,29455.0,29448.5,29450.5,49
2026-09-16 21:39:00-04:00,29442.75,29442.75,29451.75,29440.75,29450.25,100
2026-09-16 21:40:00-04:00,29440.0,29440.0,29444.25,29437.5,29441.0,145
2026-09-16 21:41:00-04:00,29429.25,29429.25,29441.0,29427.75,29438.25,210
2026-09-16 21:42:00-04:00,29441.0,29441.0,29444.0,29429.5,29429.75,204
2026-09-16 21:43:00-04:00,29440.25,29440.25,29447.0,29433.0,29439.75,194
2026-09-16 21:44:00-04:00,29442.25,29442.25,29445.25,29439.75,29441.5,49
2026-09-16 21:45:00-04:00,29442.75,29442.75,29447.0,29440.25,29441.5,51
2026-09-16 21:46:00-04:00,29442.75,29442.75,29443.25,29440.25,29442.5,26
2026-09-16 21:47:00-04:00,29437.5,29437.5,29443.0,29437.0,29443.0,72
2026-09-16 21:48:00-04:00,29439.25,29439.25,29439.5,29435.5,29435.75,38
2026-09-16 21:49:00-04:00,29441.0,29441.0,29445.5,29439.5,29440.0,53
2026-09-16 21:50:00-04:00,29433.0,29433.0,29440.5,29429.25,29440.25,140
2026-09-16 21:51:00-04:00,29428.5,29428.5,29438.0,29428.0,29434.0,139
2026-09-16 21:52:00-04:00,29418.25,29418.25,29429.25,29417.25,29429.25,268
2026-09-16 21:53:00-04:00,29419.0,29419.0,29423.0,29413.0,29418.75,253
2026-09-16 21:54:00-04:00,29423.75,29423.75,29427.25,29418.0,29419.75,83
2026-09-16 21:55:00-04:00,29412.75,29412.75,29425.25,29412.25,29423.0,141
2026-09-16 21:56:00-04:00,29407.5,29407.5,29414.5,29406.25,29413.0,339
2026-09-16 21:57:00-04:00,29416.75,29416.75,29425.0,29406.25,29406.25,285
2026-09-16 21:58:00-04:00,29418.25,29418.25,29420.5,29412.25,29418.0,123
2026-09-16 21:59:00-04:00,29418.5,29418.5,29420.0,29416.5,29418.75,60
2026-09-16 22:00:00-04:00,29424.25,29424.25,29425.25,29417.0,29419.0,103
2026-09-16 22:01:00-04:00,29422.0,29422.0,29430.0,29419.5,29423.0,124
2026-09-16 22:02:00-04:00,29422.75,29422.75,29424.25,29417.0,29421.25,83
2026-09-16 22:03:00-04:00,29434.25,29434.25,29435.25,29421.75,29421.75,126
2026-09-16 22:04:00-04:00,29439.0,29439.0,29439.0,29429.25,29434.25,164
2026-09-16 22:05:00-04:00,29425.0,29425.0,29438.5,29424.0,29438.5,169
2026-09-16 22:06:00-04:00,29414.0,29414.0,29424.5,29414.0,29424.5,361
2026-09-16 22:07:00-04:00,29416.0,29416.0,29418.5,29412.0,29414.75,144
2026-09-16 22:08:00-04:00,29411.5,29411.5,29419.75,29411.25,29415.75,124
2026-09-16 22:09:00-04:00,29413.5,29413.5,29414.75,29410.75,29411.0,63
2026-09-16 22:10:00-04:00,29416.5,29416.5,29420.0,29411.0,29412.5,124
2026-09-16 22:11:00-04:00,29414.75,29414.75,29416.75,29410.5,29416.5,88
2026-09-16 22:12:00-04:00,29407.75,29407.75,29418.25,29406.25,29415.75,121
2026-09-16 22:13:00-04:00,29411.25,29411.25,29413.0,29406.25,29408.75,101
2026-09-16 22:14:00-04:00,29412.0,29412.0,29413.5,29410.25,29411.75,53
2026-09-16 22:15:00-04:00,29414.0,29414.0,29415.5,29409.5,29413.25,84
2026-09-16 22:16:00-04:00,29419.75,29419.75,29424.0,29414.0,29414.25,107
2026-09-16 22:17:00-04:00,29418.5,29418.5,29420.25,29416.5,29420.25,22
2026-09-16 22:18:00-04:00,29422.25,29422.25,29424.5,29412.25,29419.25,110
2026-09-16 22:19:00-04:00,29421.5,29421.5,29426.25,29420.25,29422.0,67
2026-09-16 22:20:00-04:00,29422.75,29422.75,29427.25,29417.75,29421.5,81
2026-09-16 22:21:00-04:00,29420.75,29420.75,29427.0,29420.5,29423.5,35
2026-09-16 22:22:00-04:00,29417.5,29417.5,29420.75,29413.75,29420.75,117
2026-09-16 22:23:00-04:00,29423.25,29423.25,29424.75,29416.5,29418.5,66
2026-09-16 22:24:00-04:00,29422.75,29422.75,29423.5,29416.5,29423.5,35
2026-09-16 22:25:00-04:00,29424.25,29424.25,29424.5,29420.25,29420.75,40
2026-09-16 22:26:00-04:00,29427.5,29427.5,29428.5,29423.25,29423.25,76
2026-09-16 22:27:00-04:00,29420.0,29420.0,29428.75,29419.25,29428.75,87
2026-09-16 22:28:00-04:00,29412.25,29412.25,29420.75,29411.75,29420.25,93
2026-09-16 22:29:00-04:00,29418.25,29418.25,29419.25,29411.75,29412.25,126
2026-09-16 22:30:00-04:00,29424.5,29424.5,29425.25,29416.75,29418.25,90
2026-09-16 22:31:00-04:00,29429.25,29429.25,29431.25,29421.75,29426.0,83
2026-09-16 22:32:00-04:00,29430.0,29430.0,29435.5,29425.75,29429.5,108
2026-09-16 22:33:00-04:00,29433.0,29433.0,29433.0,29427.75,29431.0,51
2026-09-16 22:34:00-04:00,29428.0,29428.0,29433.0,29427.0,29430.0,41
2026-09-16 22:35:00-04:00,29435.75,29435.75,29435.75,29426.75,29428.0,64
2026-09-16 22:36:00-04:00,29436.5,29436.5,29437.25,29434.0,29435.5,77
2026-09-16 22:37:00-04:00,29437.25,29437.25,29438.25,29434.25,29435.5,180
2026-09-16 22:38:00-04:00,29446.0,29446.0,29451.0,29434.75,29437.25,195
2026-09-16 22:39:00-04:00,29443.0,29443.0,29450.0,29443.0,29446.25,117
2026-09-16 22:40:00-04:00,29445.75,29445.75,29445.75,29442.25,29443.75,62
2026-09-16 22:41:00-04:00,29448.25,29448.25,29448.75,29441.5,29446.0,89
2026-09-16 22:42:00-04:00,29451.0,29451.0,29454.0,29448.0,29448.0,93
2026-09-16 22:43:00-04:00,29447.75,29447.75,29454.25,29447.75,29452.75,43
2026-09-16 22:44:00-04:00,29447.75,29447.75,29450.75,29446.25,29447.5,50
2026-09-16 22:45:00-04:00,29443.75,29443.75,29448.75,29441.0,29448.5,114
2026-09-16 22:46:00-04:00,29441.5,29441.5,29445.5,29437.75,29444.25,67
2026-09-16 22:47:00-04:00,29448.25,29448.25,29448.75,29441.5,29443.25,57
2026-09-16 22:48:00-04:00,29443.75,29443.75,29449.25,29442.5,29446.25,67
2026-09-16 22:49:00-04:00,29444.25,29444.25,29445.25,29440.25,29443.5,30
2026-09-16 22:50:00-04:00,29449.25,29449.25,29449.25,29442.5,29444.0,28
2026-09-16 22:51:00-04:00,29449.0,29449.0,29449.25,29446.0,29448.0,28
2026-09-16 22:52:00-04:00,29439.5,29439.5,29448.75,29437.75,29448.0,89
2026-09-16 22:53:00-04:00,29430.0,29430.0,29441.5,29430.0,29440.0,141
2026-09-16 22:54:00-04:00,29424.75,29424.75,29429.0,29422.5,29429.0,218
2026-09-16 22:55:00-04:00,29424.25,29424.25,29426.5,29421.5,29423.5,98
2026-09-16 22:56:00-04:00,29428.5,29428.5,29431.75,29425.0,29425.5,124
2026-09-16 22:57:00-04:00,29430.0,29430.0,29430.0,29426.25,29428.25,32
2026-09-16 22:58:00-04:00,29418.0,29418.0,29430.75,29418.0,29430.75,152
2026-09-16 22:59:00-04:00,29421.75,29421.75,29425.0,29418.25,29418.25,119
2026-09-16 23:00:00-04:00,29425.0,29425.0,29425.0,29419.5,29423.0,46
2026-09-16 23:01:00-04:00,29424.25,29424.25,29426.0,29422.0,29425.25,31
2026-09-16 23:02:00-04:00,29421.75,29421.75,29422.25,29419.0,29421.5,51
2026-09-16 23:03:00-04:00,29425.0,29425.0,29427.75,29423.75,29423.75,50
2026-09-16 23:04:00-04:00,29433.25,29433.25,29434.0,29425.75,29426.0,68
2026-09-16 23:05:00-04:00,29435.25,29435.25,29437.25,29433.0,29434.0,63
2026-09-16 23:06:00-04:00,29434.75,29434.75,29436.5,29434.25,29436.5,39
2026-09-16 23:07:00-04:00,29435.25,29435.25,29437.75,29434.75,29435.75,29
2026-09-16 23:08:00-04:00,29443.0,29443.0,29444.0,29435.25,29435.25,68
2026-09-16 23:09:00-04:00,29438.75,29438.75,29441.75,29438.0,29441.5,32
2026-09-16 23:10:00-04:00,29432.0,29432.0,29440.75,29430.5,29440.0,56
2026-09-16 23:11:00-04:00,29433.75,29433.75,29435.5,29427.75,29432.0,47
2026-09-16 23:12:00-04:00,29440.0,29440.0,29440.0,29432.75,29433.5,55
2026-09-16 23:13:00-04:00,29438.25,29438.25,29439.0,29436.5,29437.5,22
2026-09-16 23:14:00-04:00,29443.25,29443.25,29443.75,29438.25,29439.75,60
2026-09-16 23:15:00-04:00,29440.75,29440.75,29446.75,29440.75,29442.0,61
2026-09-16 23:16:00-04:00,29440.0,29440.0,29442.75,29438.0,29441.5,44
2026-09-16 23:17:00-04:00,29440.0,29440.0,29440.25,29438.0,29440.25,14
2026-09-16 23:18:00-04:00,29432.0,29432.0,29438.0,29431.5,29438.0,75
2026-09-16 23:19:00-04:00,29435.25,29435.25,29436.0,29432.75,29432.75,39
2026-09-16 23:20:00-04:00,29430.0,29430.0,29434.0,29428.25,29434.0,40
2026-09-16 23:21:00-04:00,29436.25,29436.25,29437.75,29430.75,29430.75,41
2026-09-16 23:22:00-04:00,29438.75,29438.75,29442.75,29436.0,29437.0,56
2026-09-16 23:23:00-04:00,29441.25,29441.25,29441.25,29438.0,29439.0,14
2026-09-16 23:24:00-04:00,29446.5,29446.5,29446.5,29441.5,29441.5,19
2026-09-16 23:25:00-04:00,29445.25,29445.25,29446.75,29444.25,29446.0,22
2026-09-16 23:26:00-04:00,29443.0,29443.0,29446.0,29443.0,29443.75,16
2026-09-16 23:27:00-04:00,29448.5,29448.5,29449.0,29442.25,29442.25,52
2026-09-16 23:28:00-04:00,29445.0,29445.0,29447.5,29444.5,29446.0,24
2026-09-16 23:29:00-04:00,29446.5,29446.5,29446.75,29443.0,29443.5,27
2026-09-16 23:30:00-04:00,29444.25,29444.25,29446.0,29440.25,29446.0,51
2026-09-16 23:31:00-04:00,29443.25,29443.25,29446.0,29442.0,29443.0,41
2026-09-16 23:32:00-04:00,29443.25,29443.25,29443.75,29441.75,29442.75,11
2026-09-16 23:33:00-04:00,29441.75,29441.75,29445.25,29440.75,29442.75,30
2026-09-16 23:34:00-04:00,29446.5,29446.5,29450.75,29441.25,29441.25,98
2026-09-16 23:35:00-04:00,29444.75,29444.75,29448.75,29444.75,29446.75,29
2026-09-16 23:36:00-04:00,29444.75,29444.75,29447.25,29443.0,29446.0,19
2026-09-16 23:37:00-04:00,29447.0,29447.0,29447.0,29443.25,29445.0,8
2026-09-16 23:38:00-04:00,29449.75,29449.75,29449.75,29445.5,29446.75,23
2026-09-16 23:39:00-04:00,29453.0,29453.0,29453.75,29447.25,29448.0,61
2026-09-16 23:40:00-04:00,29454.25,29454.25,29455.0,29450.5,29452.75,77
2026-09-16 23:41:00-04:00,29460.5,29460.5,29462.5,29454.25,29454.25,198
2026-09-16 23:42:00-04:00,29459.5,29459.5,29462.25,29458.0,29461.0,50
2026-09-16 23:43:00-04:00,29460.75,29460.75,29462.25,29459.5,29459.5,25
2026-09-16 23:44:00-04:00,29461.0,29461.0,29461.5,29459.0,29461.5,27
2026-09-16 23:45:00-04:00,29456.0,29456.0,29461.0,29455.5,29461.0,60
2026-09-16 23:46:00-04:00,29446.75,29446.75,29457.25,29446.75,29455.75,146
2026-09-16 23:47:00-04:00,29447.0,29447.0,29448.0,29441.75,29448.0,59
2026-09-16 23:48:00-04:00,29454.0,29454.0,29457.25,29447.5,29447.5,82
2026-09-16 23:49:00-04:00,29458.25,29458.25,29459.0,29454.0,29455.25,31
2026-09-16 23:50:00-04:00,29455.75,29455.75,29457.75,29453.75,29457.75,34
2026-09-16 23:51:00-04:00,29452.75,29452.75,29458.5,29451.5,29455.75,62
2026-09-16 23:52:00-04:00,29452.0,29452.0,29452.5,29450.0,29452.5,24
2026-09-16 23:53:00-04:00,29454.5,29454.5,29454.75,29452.25,29453.25,14
2026-09-16 23:54:00-04:00,29455.75,29455.75,29456.75,29453.0,29454.0,30
2026-09-16 23:55:00-04:00,29457.25,29457.25,29461.0,29455.25,29455.25,87
2026-09-16 23:56:00-04:00,29464.0,29464.0,29464.0,29456.25,29457.0,68
2026-09-16 23:57:00-04:00,29465.5,29465.5,29466.5,29462.5,29463.5,77
2026-09-16 23:58:00-04:00,29465.5,29465.5,29466.5,29464.0,29465.5,40
2026-09-17 00:09:00-04:00,29462.75,29462.75,29466.0,29462.25,29466.0,21
2026-09-17 00:10:00-04:00,29462.75,29462.75,29464.0,29461.25,29462.0,49
2026-09-17 00:11:00-04:00,29461.25,29461.25,29462.5,29460.0,29462.5,38
2026-09-17 00:12:00-04:00,29454.25,29454.25,29461.25,29453.25,29460.5,88
2026-09-17 00:13:00-04:00,29457.75,29457.75,29459.5,29454.0,29454.5,69
2026-09-17 00:14:00-04:00,29459.5,29459.5,29459.5,29456.25,29457.75,19
2026-09-17 00:15:00-04:00,29456.25,29456.25,29461.25,29454.0,29458.5,88
2026-09-17 00:16:00-04:00,29456.25,29456.25,29459.5,29456.25,29457.25,19
2026-09-17 00:17:00-04:00,29455.25,29455.25,29456.25,29453.25,29455.75,25
2026-09-17 00:18:00-04:00,29454.5,29454.5,29455.0,29453.75,29454.0,11
2026-09-17 00:19:00-04:00,29449.25,29449.25,29456.0,29448.75,29455.0,97
2026-09-17 00:20:00-04:00,29450.0,29450.0,29451.0,29445.75,29449.25,51
2026-09-17 00:21:00-04:00,29450.0,29450.0,29452.0,29447.75,29450.25,49
2026-09-17 00:22:00-04:00,29446.5,29446.5,29450.25,29444.0,29450.25,49
2026-09-17 00:23:00-04:00,29448.0,29448.0,29449.0,29446.0,29446.75,39
2026-09-17 00:24:00-04:00,29446.25,29446.25,29448.25,29445.0,29448.25,24
2026-09-17 00:25:00-04:00,29445.0,29445.0,29447.5,29444.0,29446.25,34
2026-09-17 00:26:00-04:00,29443.75,29443.75,29446.25,29442.75,29445.25,91
2026-09-17 00:27:00-04:00,29450.0,29450.0,29451.25,29440.75,29442.0,64
2026-09-17 00:28:00-04:00,29453.75,29453.75,29454.75,29450.5,29451.5,51
2026-09-17 00:29:00-04:00,29451.25,29451.25,29453.0,29450.75,29452.75,42
2026-09-17 00:30:00-04:00,29441.25,29441.25,29451.75,29438.75,29450.5,92
2026-09-17 00:31:00-04:00,29445.5,29445.5,29448.5,29441.25,29441.5,43
2026-09-17 00:32:00-04:00,29445.5,29445.5,29449.0,29441.75,29448.25,51
2026-09-17 00:33:00-04:00,29442.0,29442.0,29444.5,29439.75,29444.5,34
2026-09-17 00:34:00-04:00,29442.0,29442.0,29445.25,29440.0,29440.75,39
2026-09-17 00:35:00-04:00,29445.25,29445.25,29448.0,29442.75,29442.75,33
2026-09-17 00:36:00-04:00,29446.5,29446.5,29446.5,29443.0,29445.5,67
2026-09-17 00:37:00-04:00,29451.25,29451.25,29454.25,29446.0,29446.0,75
2026-09-17 00:38:00-04:00,29459.75,29459.75,29461.75,29453.0,29453.0,80
2026-09-17 00:39:00-04:00,29461.5,29461.5,29463.75,29458.5,29460.0,63
2026-09-17 00:40:00-04:00,29463.5,29463.5,29465.0,29461.25,29461.75,44
2026-09-17 00:41:00-04:00,29464.0,29464.0,29464.0,29460.5,29462.75,38
2026-09-17 00:42:00-04:00,29458.25,29458.25,29464.5,29457.25,29463.25,56
2026-09-17 00:43:00-04:00,29464.25,29464.25,29467.5,29458.0,29458.75,111
2026-09-17 00:44:00-04:00,29461.25,29461.25,29464.25,29461.25,29464.0,37
2026-09-17 00:45:00-04:00,29462.5,29462.5,29466.0,29460.5,29462.75,41
2026-09-17 00:46:00-04:00,29465.0,29465.0,29465.5,29461.5,29463.25,24
2026-09-17 00:47:00-04:00,29465.75,29465.75,29466.75,29464.5,29464.5,38
2026-09-17 00:48:00-04:00,29469.75,29469.75,29471.5,29465.75,29466.0,124
2026-09-17 00:49:00-04:00,29460.0,29460.0,29469.25,29460.0,29469.25,73
2026-09-17 00:50:00-04:00,29453.5,29453.5,29460.0,29453.5,29459.75,72
2026-09-17 00:51:00-04:00,29453.75,29453.75,29456.5,29453.25,29453.25,19
2026-09-17 00:52:00-04:00,29456.25,29456.25,29457.5,29451.0,29452.75,31
2026-09-17 00:53:00-04:00,29451.25,29451.25,29455.5,29450.0,29455.25,96
2026-09-17 00:54:00-04:00,29445.5,29445.5,29451.0,29442.75,29451.0,192
2026-09-17 00:55:00-04:00,29448.75,29448.75,29449.25,29445.0,29445.75,40
2026-09-17 00:56:00-04:00,29450.5,29450.5,29452.0,29449.5,29451.0,28
2026-09-17 00:57:00-04:00,29448.0,29448.0,29454.0,29447.75,29452.0,45
2026-09-17 00:58:00-04:00,29450.0,29450.0,29450.5,29448.0,29448.0,10
2026-09-17 00:59:00-04:00,29450.5,29450.5,29452.25,29450.0,29451.0,20
2026-09-17 01:00:00-04:00,29451.5,29451.5,29453.75,29449.5,29450.75,73
2026-09-17 01:01:00-04:00,29450.25,29450.25,29452.75,29446.25,29451.5,44
2026-09-17 01:02:00-04:00,29448.5,29448.5,29449.0,29447.75,29449.0,8
2026-09-17 01:03:00-04:00,29446.25,29446.25,29451.25,29446.25,29449.25,41
2026-09-17 01:04:00-04:00,29451.5,29451.5,29451.75,29446.25,29446.25,50
2026-09-17 01:05:00-04:00,29448.75,29448.75,29451.5,29446.25,29451.25,27
2026-09-17 01:06:00-04:00,29447.75,29447.75,29450.25,29447.75,29449.0,11
2026-09-17 01:07:00-04:00,29447.5,29447.5,29448.5,29445.5,29447.5,28
2026-09-17 01:08:00-04:00,29447.5,29447.5,29448.0,29444.25,29448.0,40
2026-09-17 01:09:00-04:00,29444.0,29444.0,29450.0,29444.0,29447.25,44
2026-09-17 01:10:00-04:00,29440.25,29440.25,29446.5,29440.25,29444.25,62
2026-09-17 01:11:00-04:00,29437.0,29437.0,29441.5,29434.75,29440.25,95
2026-09-17 01:12:00-04:00,29435.75,29435.75,29437.75,29434.75,29437.75,42
2026-09-17 01:13:00-04:00,29435.25,29435.25,29441.75,29434.5,29435.5,79
2026-09-17 01:14:00-04:00,29435.0,29435.0,29436.0,29433.5,29435.0,44
2026-09-17 01:15:00-04:00,29433.0,29433.0,29435.0,29429.75,29433.25,73
2026-09-17 01:16:00-04:00,29432.0,29432.0,29433.75,29430.5,29433.5,50
2026-09-17 01:17:00-04:00,29433.0,29433.0,29434.0,29430.0,29431.25,61
2026-09-17 01:18:00-04:00,29429.0,29429.0,29431.25,29427.0,29431.25,102
2026-09-17 01:19:00-04:00,29429.25,29429.25,29431.25,29425.5,29428.0,103
2026-09-17 01:20:00-04:00,29425.75,29425.75,29428.75,29425.5,29428.75,47
2026-09-17 01:21:00-04:00,29424.75,29424.75,29427.75,29420.75,29425.5,117
2026-09-17 01:22:00-04:00,29426.75,29426.75,29427.5,29423.25,29424.5,55
2026-09-17 01:23:00-04:00,29424.75,29424.75,29430.5,29424.0,29426.5,110
2026-09-17 01:24:00-04:00,29428.25,29428.25,29429.5,29421.5,29424.0,49
2026-09-17 01:25:00-04:00,29439.75,29439.75,29440.5,29426.75,29427.75,157
2026-09-17 01:26:00-04:00,29434.0,29434.0,29441.25,29433.75,29440.0,60
2026-09-17 01:27:00-04:00,29432.5,29432.5,29437.5,29431.25,29434.25,43
2026-09-17 01:28:00-04:00,29433.0,29433.0,29436.0,29431.5,29432.25,31
2026-09-17 01:29:00-04:00,29429.75,29429.75,29432.5,29429.0,29432.25,58
2026-09-17 01:30:00-04:00,29420.0,29420.0,29432.0,29420.0,29430.5,92
2026-09-17 01:31:00-04:00,29421.0,29421.0,29422.5,29415.25,29420.0,265
2026-09-17 01:32:00-04:00,29420.75,29420.75,29423.75,29418.0,29421.0,183
2026-09-17 01:33:00-04:00,29419.0,29419.0,29420.25,29418.0,29420.0,52
2026-09-17 01:34:00-04:00,29422.75,29422.75,29423.75,29419.75,29420.0,67
2026-09-17 01:35:00-04:00,29416.25,29416.25,29422.75,29415.25,29421.25,80
2026-09-17 01:36:00-04:00,29408.25,29408.25,29418.75,29405.75,29417.0,190
2026-09-17 01:37:00-04:00,29407.5,29407.5,29409.25,29404.25,29407.0,109
2026-09-17 01:38:00-04:00,29408.0,29408.0,29411.25,29406.0,29406.5,58
2026-09-17 01:39:00-04:00,29410.0,29410.0,29411.0,29403.75,29406.25,89
2026-09-17 01:40:00-04:00,29406.25,29406.25,29412.75,29404.5,29411.25,57
2026-09-17 01:41:00-04:00,29392.75,29392.75,29408.25,29392.75,29407.25,292
2026-09-17 01:42:00-04:00,29394.0,29394.0,29399.5,29391.75,29392.25,127
2026-09-17 01:43:00-04:00,29394.5,29394.5,29395.5,29391.0,29393.75,115
2026-09-17 01:44:00-04:00,29391.75,29391.75,29396.0,29390.75,29393.75,77
2026-09-17 01:45:00-04:00,29398.5,29398.5,29404.0,29392.75,29392.75,134
2026-09-17 01:46:00-04:00,29397.5,29397.5,29399.75,29395.75,29397.5,42
2026-09-17 01:47:00-04:00,29396.75,29396.75,29400.0,29396.25,29398.75,27
2026-09-17 01:48:00-04:00,29397.5,29397.5,29399.5,29396.75,29396.75,44
2026-09-17 01:49:00-04:00,29397.75,29397.75,29398.0,29393.75,29398.0,53
2026-09-17 01:50:00-04:00,29397.75,29397.75,29405.0,29393.75,29397.75,137
2026-09-17 01:51:00-04:00,29391.0,29391.0,29398.5,29388.25,29398.5,133
2026-09-17 01:52:00-04:00,29391.75,29391.75,29392.25,29389.0,29391.0,56
2026-09-17 01:53:00-04:00,29385.75,29385.75,29392.5,29385.75,29391.75,148
2026-09-17 01:54:00-04:00,29384.25,29384.25,29386.75,29382.25,29386.0,191
2026-09-17 01:55:00-04:00,29382.5,29382.5,29385.0,29382.0,29383.75,112
2026-09-17 01:56:00-04:00,29378.5,29378.5,29384.5,29377.75,29383.25,177
2026-09-17 01:57:00-04:00,29373.75,29373.75,29380.0,29373.25,29379.75,120
2026-09-17 01:58:00-04:00,29375.0,29375.0,29376.75,29371.0,29373.5,146
2026-09-17 01:59:00-04:00,29373.75,29373.75,29376.75,29372.75,29374.0,68
2026-09-17 02:00:00-04:00,29374.25,29374.25,29377.25,29368.75,29372.5,211
2026-09-17 02:01:00-04:00,29380.0,29380.0,29384.0,29373.0,29374.5,162
2026-09-17 02:02:00-04:00,29394.5,29394.5,29397.0,29378.25,29380.75,229
2026-09-17 02:03:00-04:00,29406.0,29406.0,29408.0,29393.75,29393.75,174
2026-09-17 02:04:00-04:00,29401.0,29401.0,29406.75,29399.5,29405.75,148
2026-09-17 02:05:00-04:00,29403.5,29403.5,29407.5,29390.0,29399.75,180
2026-09-17 02:06:00-04:00,29403.25,29403.25,29413.75,29403.25,29404.25,158
2026-09-17 02:07:00-04:00,29397.0,29397.0,29403.0,29396.0,29401.75,116
2026-09-17 02:08:00-04:00,29395.75,29395.75,29400.5,29394.75,29399.5,76
2026-09-17 02:09:00-04:00,29393.0,29393.0,29398.25,29390.0,29397.5,99
2026-09-17 02:10:00-04:00,29384.5,29384.5,29392.75,29384.5,29392.75,121
2026-09-17 02:11:00-04:00,29387.5,29387.5,29388.5,29381.5,29385.0,73
2026-09-17 02:12:00-04:00,29393.25,29393.25,29398.5,29388.0,29388.0,177
2026-09-17 02:13:00-04:00,29392.25,29392.25,29398.0,29390.5,29392.5,66
2026-09-17 02:14:00-04:00,29392.0,29392.0,29398.25,29390.0,29392.25,47
2026-09-17 02:15:00-04:00,29380.5,29380.5,29393.0,29380.0,29393.0,88
2026-09-17 02:16:00-04:00,29377.5,29377.5,29382.0,29376.5,29379.25,126
2026-09-17 02:17:00-04:00,29393.25,29393.25,29394.0,29377.75,29378.75,175
2026-09-17 02:18:00-04:00,29388.25,29388.25,29395.75,29387.5,29393.75,94
2026-09-17 02:19:00-04:00,29391.5,29391.5,29392.75,29386.75,29387.25,48
2026-09-17 02:20:00-04:00,29389.75,29389.75,29393.75,29388.5,29392.0,27
2026-09-17 02:21:00-04:00,29394.75,29394.75,29396.0,29388.75,29389.5,46
2026-09-17 02:22:00-04:00,29396.25,29396.25,29399.25,29394.5,29395.0,48
2026-09-17 02:23:00-04:00,29398.25,29398.25,29401.25,29395.75,29395.75,66
2026-09-17 02:24:00-04:00,29410.75,29410.75,29411.25,29401.5,29402.75,145
2026-09-17 02:25:00-04:00,29412.0,29412.0,29415.75,29408.5,29411.5,149
2026-09-17 02:26:00-04:00,29427.25,29427.25,29428.75,29413.25,29413.75,216
2026-09-17 02:27:00-04:00,29427.0,29427.0,29429.0,29424.25,29427.25,276
2026-09-17 02:28:00-04:00,29432.0,29432.0,29437.25,29424.25,29426.75,236
2026-09-17 02:29:00-04:00,29443.75,29443.75,29444.5,29431.25,29432.0,179
2026-09-17 02:30:00-04:00,29446.25,29446.25,29449.0,29440.75,29443.75,216
2026-09-17 02:31:00-04:00,29451.25,29451.25,29456.0,29446.0,29446.0,331
2026-09-17 02:32:00-04:00,29451.75,29451.75,29452.5,29444.0,29452.0,135
2026-09-17 02:33:00-04:00,29451.25,29451.25,29459.0,29448.5,29450.25,213
2026-09-17 02:34:00-04:00,29449.0,29449.0,29455.0,29445.25,29452.5,147
2026-09-17 02:35:00-04:00,29450.0,29450.0,29451.75,29447.25,29449.0,59
2026-09-17 02:36:00-04:00,29455.5,29455.5,29458.0,29449.0,29450.25,144
2026-09-17 02:37:00-04:00,29455.5,29455.5,29462.0,29454.75,29456.5,167
2026-09-17 02:38:00-04:00,29453.75,29453.75,29456.25,29449.25,29456.0,64
2026-09-17 02:39:00-04:00,29444.75,29444.75,29454.25,29444.0,29454.0,102
2026-09-17 02:40:00-04:00,29452.5,29452.5,29456.0,29446.5,29446.5,58
2026-09-17 02:41:00-04:00,29455.75,29455.75,29458.0,29452.25,29453.0,101
2026-09-17 02:42:00-04:00,29457.5,29457.5,29458.25,29453.0,29454.75,144
2026-09-17 02:43:00-04:00,29468.5,29468.5,29469.5,29457.0,29458.25,300
2026-09-17 02:44:00-04:00,29463.25,29463.25,29468.5,29461.25,29468.5,73
2026-09-17 02:45:00-04:00,29463.5,29463.5,29466.5,29458.75,29461.75,134
2026-09-17 02:46:00-04:00,29466.5,29466.5,29470.25,29464.25,29464.25,116
2026-09-17 02:47:00-04:00,29460.75,29460.75,29468.0,29459.25,29467.25,105
2026-09-17 02:48:00-04:00,29461.25,29461.25,29464.0,29458.75,29461.0,128
2026-09-17 02:49:00-04:00,29460.75,29460.75,29465.5,29460.75,29462.0,83
2026-09-17 02:50:00-04:00,29458.25,29458.25,29463.0,29457.0,29462.0,112
2026-09-17 02:51:00-04:00,29461.75,29461.75,29463.0,29456.5,29458.0,54
2026-09-17 02:52:00-04:00,29461.0,29461.0,29463.5,29459.25,29462.75,44
2026-09-17 02:53:00-04:00,29468.0,29468.0,29469.25,29461.75,29461.75,120
2026-09-17 02:54:00-04:00,29464.5,29464.5,29470.5,29464.0,29468.25,521
2026-09-17 02:55:00-04:00,29461.5,29461.5,29465.75,29461.5,29463.5,66
2026-09-17 02:56:00-04:00,29468.25,29468.25,29470.25,29460.5,29461.75,188
2026-09-17 02:57:00-04:00,29468.25,29468.25,29470.0,29465.5,29468.25,146
2026-09-17 02:58:00-04:00,29466.75,29466.75,29469.25,29463.25,29468.25,120
2026-09-17 02:59:00-04:00,29469.5,29469.5,29473.5,29466.75,29467.0,215
2026-09-17 03:00:00-04:00,29465.25,29465.25,29476.75,29463.5,29469.5,399
2026-09-17 03:01:00-04:00,29472.25,29472.25,29475.25,29462.25,29464.75,188
2026-09-17 03:02:00-04:00,29465.75,29465.75,29478.75,29465.5,29473.25,231
2026-09-17 03:03:00-04:00,29473.75,29473.75,29474.0,29464.25,29466.5,113
2026-09-17 03:04:00-04:00,29491.25,29491.25,29496.5,29471.75,29472.25,779
2026-09-17 03:05:00-04:00,29499.5,29499.5,29503.25,29490.25,29491.25,558
2026-09-17 03:06:00-04:00,29512.0,29512.0,29512.0,29499.25,29500.5,439
2026-09-17 03:07:00-04:00,29514.75,29514.75,29520.25,29505.0,29509.5,271
2026-09-17 03:08:00-04:00,29516.75,29516.75,29522.0,29514.75,29517.5,232
2026-09-17 03:09:00-04:00,29518.0,29518.0,29520.25,29514.25,29517.0,118
2026-09-17 03:10:00-04:00,29523.25,29523.25,29523.75,29517.5,29519.0,178
2026-09-17 03:11:00-04:00,29517.0,29517.0,29523.75,29514.5,29523.25,130
2026-09-17 03:12:00-04:00,29512.5,29512.5,29523.5,29511.75,29516.75,270
2026-09-17 03:13:00-04:00,29510.0,29510.0,29515.25,29507.25,29513.0,146
2026-09-17 03:14:00-04:00,29510.0,29510.0,29511.75,29505.25,29509.75,83
2026-09-17 03:15:00-04:00,29510.75,29510.75,29512.25,29506.25,29510.0,105
2026-09-17 03:16:00-04:00,29519.75,29519.75,29521.0,29509.75,29511.25,137
2026-09-17 03:17:00-04:00,29532.5,29532.5,29534.25,29519.0,29519.25,364
2026-09-17 03:18:00-04:00,29528.0,29528.0,29535.5,29527.25,29531.5,193
2026-09-17 03:19:00-04:00,29522.5,29522.5,29528.0,29522.0,29528.0,115
2026-09-17 03:20:00-04:00,29523.75,29523.75,29525.0,29518.0,29523.5,148
2026-09-17 03:21:00-04:00,29514.0,29514.0,29524.5,29510.0,29524.25,211
2026-09-17 03:22:00-04:00,29520.5,29520.5,29522.25,29508.75,29514.25,206
2026-09-17 03:23:00-04:00,29528.25,29528.25,29529.75,29520.25,29521.0,113
2026-09-17 03:24:00-04:00,29534.0,29534.0,29537.25,29527.25,29529.0,188
2026-09-17 03:25:00-04:00,29534.0,29534.0,29535.75,29529.0,29531.0,80
2026-09-17 03:26:00-04:00,29536.0,29536.0,29537.25,29531.5,29533.0,136
2026-09-17 03:27:00-04:00,29544.0,29544.0,29544.0,29533.5,29536.75,220
2026-09-17 03:28:00-04:00,29546.25,29546.25,29550.0,29539.0,29543.25,777
2026-09-17 03:29:00-04:00,29548.75,29548.75,29550.0,29543.25,29547.0,161
2026-09-17 03:30:00-04:00,29558.5,29558.5,29567.5,29549.25,29549.5,592
2026-09-17 03:31:00-04:00,29552.5,29552.5,29559.0,29552.0,29558.75,138
2026-09-17 03:32:00-04:00,29556.75,29556.75,29556.75,29547.25,29552.0,175
2026-09-17 03:33:00-04:00,29550.25,29550.25,29556.75,29546.75,29556.75,92
2026-09-17 03:34:00-04:00,29550.5,29550.5,29553.5,29547.75,29549.5,121
2026-09-17 03:35:00-04:00,29539.0,29539.0,29550.25,29537.0,29550.25,156
2026-09-17 03:36:00-04:00,29546.25,29546.25,29549.0,29538.25,29539.5,152
2026-09-17 03:37:00-04:00,29543.25,29543.25,29546.25,29539.0,29546.25,108
2026-09-17 03:38:00-04:00,29540.5,29540.5,29545.25,29539.25,29543.0,85
2026-09-17 03:39:00-04:00,29545.25,29545.25,29545.75,29540.0,29542.0,49
2026-09-17 03:40:00-04:00,29542.0,29542.0,29546.5,29540.0,29546.5,54
2026-09-17 03:41:00-04:00,29542.25,29542.25,29550.25,29541.0,29542.25,101
2026-09-17 03:42:00-04:00,29542.0,29542.0,29543.5,29538.75,29543.0,107
2026-09-17 03:43:00-04:00,29547.5,29547.5,29548.25,29543.5,29544.75,78
2026-09-17 03:44:00-04:00,29547.5,29547.5,29549.5,29545.75,29548.0,137
2026-09-17 03:45:00-04:00,29540.0,29540.0,29546.25,29533.75,29546.25,293
2026-09-17 03:46:00-04:00,29542.5,29542.5,29545.5,29537.0,29540.0,69
2026-09-17 03:47:00-04:00,29545.0,29545.0,29545.25,29542.0,29544.0,47
2026-09-17 03:48:00-04:00,29541.75,29541.75,29547.5,29539.5,29545.25,59
2026-09-17 03:49:00-04:00,29534.0,29534.0,29542.5,29533.25,29541.5,102
2026-09-17 03:50:00-04:00,29526.5,29526.5,29534.5,29523.25,29533.5,434
2026-09-17 03:51:00-04:00,29530.75,29530.75,29532.0,29525.0,29526.25,146
2026-09-17 03:52:00-04:00,29523.25,29523.25,29531.5,29523.25,29531.5,73
2026-09-17 03:53:00-04:00,29527.5,29527.5,29527.5,29521.5,29523.5,119
2026-09-17 03:54:00-04:00,29520.0,29520.0,29527.0,29518.25,29527.0,138
2026-09-17 03:55:00-04:00,29515.25,29515.25,29520.25,29514.5,29520.25,158
2026-09-17 03:56:00-04:00,29510.75,29510.75,29516.5,29509.75,29515.0,188
2026-09-17 03:57:00-04:00,29516.0,29516.0,29516.25,29512.25,29513.5,83
2026-09-17 03:58:00-04:00,29514.0,29514.0,29519.25,29513.25,29515.25,192
2026-09-17 03:59:00-04:00,29517.75,29517.75,29519.0,29513.75,29513.75,81
2026-09-17 04:00:00-04:00,29520.0,29520.0,29522.0,29512.25,29517.75,246
2026-09-17 04:01:00-04:00,29521.0,29521.0,29526.0,29516.5,29520.5,189
2026-09-17 04:02:00-04:00,29528.5,29528.5,29530.5,29517.0,29521.5,176
2026-09-17 04:03:00-04:00,29515.0,29515.0,29529.5,29515.0,29527.75,154
2026-09-17 04:04:00-04:00,29528.5,29528.5,29530.75,29516.75,29516.75,104
2026-09-17 04:05:00-04:00,29527.75,29527.75,29532.25,29521.0,29528.75,297
2026-09-17 04:06:00-04:00,29522.75,29522.75,29533.25,29522.0,29529.25,154
2026-09-17 04:07:00-04:00,29530.75,29530.75,29530.75,29521.25,29523.25,270
2026-09-17 04:08:00-04:00,29530.25,29530.25,29532.75,29527.25,29531.0,157
2026-09-17 04:09:00-04:00,29526.0,29526.0,29532.0,29525.0,29531.0,137
2026-09-17 04:10:00-04:00,29519.0,29519.0,29531.0,29514.75,29524.75,251
2026-09-17 04:11:00-04:00,29515.0,29515.0,29520.0,29514.0,29518.0,233
2026-09-17 04:12:00-04:00,29502.75,29502.75,29515.5,29497.75,29515.25,300
2026-09-17 04:13:00-04:00,29497.5,29497.5,29503.25,29490.25,29502.75,173
2026-09-17 04:14:00-04:00,29496.75,29496.75,29501.75,29495.25,29498.0,83
2026-09-17 04:15:00-04:00,29501.5,29501.5,29502.75,29493.75,29496.0,144
2026-09-17 04:16:00-04:00,29494.5,29494.5,29501.25,29491.25,29501.0,94
2026-09-17 04:17:00-04:00,29488.25,29488.25,29505.0,29488.25,29494.5,165
2026-09-17 04:18:00-04:00,29487.0,29487.0,29494.5,29485.0,29489.25,134
2026-09-17 04:19:00-04:00,29491.25,29491.25,29491.5,29485.25,29485.5,107
2026-09-17 04:20:00-04:00,29490.5,29490.5,29496.0,29488.25,29490.0,98
2026-09-17 04:21:00-04:00,29491.5,29491.5,29495.25,29490.25,29491.75,64
2026-09-17 04:22:00-04:00,29494.25,29494.25,29502.0,29490.0,29491.0,164
2026-09-17 04:23:00-04:00,29491.5,29491.5,29495.75,29491.5,29494.0,59
2026-09-17 04:24:00-04:00,29502.0,29502.0,29503.5,29489.25,29492.0,97
2026-09-17 04:25:00-04:00,29508.75,29508.75,29509.75,29501.0,29501.25,84
2026-09-17 04:26:00-04:00,29512.25,29512.25,29514.25,29509.25,29509.25,159
2026-09-17 04:27:00-04:00,29515.0,29515.0,29515.5,29508.25,29513.75,182
2026-09-17 04:28:00-04:00,29509.5,29509.5,29515.0,29509.5,29515.0,61
2026-09-17 04:29:00-04:00,29516.25,29516.25,29520.5,29511.25,29511.25,190
2026-09-17 04:30:00-04:00,29512.5,29512.5,29522.75,29507.75,29516.25,195
2026-09-17 04:31:00-04:00,29511.75,29511.75,29518.25,29511.75,29514.0,61
2026-09-17 04:32:00-04:00,29509.75,29509.75,29515.25,29505.75,29512.25,100
2026-09-17 04:33:00-04:00,29513.25,29513.25,29515.0,29507.0,29508.75,63
2026-09-17 04:34:00-04:00,29523.75,29523.75,29524.5,29513.25,29513.25,122
2026-09-17 04:35:00-04:00,29524.75,29524.75,29532.0,29523.5,29523.5,201
2026-09-17 04:36:00-04:00,29526.0,29526.0,29528.0,29523.0,29526.5,70
2026-09-17 04:37:00-04:00,29530.5,29530.5,29532.0,29523.0,29525.25,106
2026-09-17 04:38:00-04:00,29526.5,29526.5,29529.5,29525.5,29529.25,70
2026-09-17 04:39:00-04:00,29535.25,29535.25,29537.25,29525.5,29525.5,160
2026-09-17 04:40:00-04:00,29532.25,29532.25,29537.75,29528.5,29536.25,63
2026-09-17 04:41:00-04:00,29528.25,29528.25,29532.25,29525.75,29530.5,71
2026-09-17 04:42:00-04:00,29526.25,29526.25,29531.0,29524.75,29526.5,68
2026-09-17 04:43:00-04:00,29526.5,29526.5,29527.0,29524.25,29525.0,27
2026-09-17 04:44:00-04:00,29530.5,29530.5,29530.5,29527.75,29528.0,30
2026-09-17 04:45:00-04:00,29532.0,29532.0,29532.25,29527.5,29530.0,65
2026-09-17 04:46:00-04:00,29531.5,29531.5,29533.0,29529.75,29531.5,47
2026-09-17 04:47:00-04:00,29537.5,29537.5,29540.25,29530.25,29531.5,101
2026-09-17 04:48:00-04:00,29540.75,29540.75,29543.25,29537.5,29537.75,92
2026-09-17 04:49:00-04:00,29541.25,29541.25,29543.0,29540.25,29541.0,49
2026-09-17 04:50:00-04:00,29545.0,29545.0,29546.0,29540.0,29541.75,97
2026-09-17 04:51:00-04:00,29545.5,29545.5,29547.0,29542.5,29544.0,71
2026-09-17 04:52:00-04:00,29539.25,29539.25,29548.0,29535.0,29545.5,159
2026-09-17 04:53:00-04:00,29554.5,29554.5,29555.0,29538.75,29539.0,147
2026-09-17 04:54:00-04:00,29553.25,29553.25,29559.75,29553.0,29554.5,228
2026-09-17 04:55:00-04:00,29553.5,29553.5,29559.25,29551.25,29555.0,183
2026-09-17 04:56:00-04:00,29556.0,29556.0,29561.25,29550.0,29553.75,263
2026-09-17 04:57:00-04:00,29558.0,29558.0,29559.0,29554.25,29556.0,88
2026-09-17 04:58:00-04:00,29559.25,29559.25,29561.25,29558.25,29558.75,82
2026-09-17 04:59:00-04:00,29555.5,29555.5,29560.5,29555.0,29559.25,140
2026-09-17 05:00:00-04:00,29567.5,29567.5,29568.25,29555.25,29556.0,265
2026-09-17 05:01:00-04:00,29572.75,29572.75,29573.75,29566.5,29567.5,162
2026-09-17 05:02:00-04:00,29566.5,29566.5,29579.75,29565.5,29572.75,272
2026-09-17 05:03:00-04:00,29572.75,29572.75,29573.0,29560.25,29565.25,186
2026-09-17 05:04:00-04:00,29570.25,29570.25,29571.75,29567.0,29571.0,135
2026-09-17 05:05:00-04:00,29571.25,29571.25,29572.5,29568.0,29571.0,90
2026-09-17 05:06:00-04:00,29572.75,29572.75,29575.25,29569.5,29570.5,85
2026-09-17 05:07:00-04:00,29580.0,29580.0,29584.0,29573.25,29573.25,223
2026-09-17 05:08:00-04:00,29579.0,29579.0,29581.0,29576.0,29580.75,72
2026-09-17 05:09:00-04:00,29577.75,29577.75,29578.75,29575.5,29578.5,88
2026-09-17 05:10:00-04:00,29591.5,29591.5,29592.75,29576.75,29578.5,205
2026-09-17 05:11:00-04:00,29589.25,29589.25,29592.25,29588.25,29592.0,165
2026-09-17 05:12:00-04:00,29588.5,29588.5,29592.0,29584.25,29590.5,120
2026-09-17 05:13:00-04:00,29575.75,29575.75,29588.0,29575.25,29586.25,132
2026-09-17 05:14:00-04:00,29571.5,29571.5,29576.5,29570.0,29574.5,90
2026-09-17 05:15:00-04:00,29568.25,29568.25,29575.25,29566.5,29571.0,95
2026-09-17 05:16:00-04:00,29566.25,29566.25,29568.5,29563.25,29567.5,147
2026-09-17 05:17:00-04:00,29565.0,29565.0,29570.0,29565.0,29566.25,126
2026-09-17 05:18:00-04:00,29566.0,29566.0,29569.25,29564.0,29565.25,120
2026-09-17 05:19:00-04:00,29558.0,29558.0,29565.75,29557.0,29565.75,121
2026-09-17 05:20:00-04:00,29559.75,29559.75,29565.75,29556.5,29558.25,140
2026-09-17 05:21:00-04:00,29563.0,29563.0,29563.0,29555.5,29561.0,92
2026-09-17 05:22:00-04:00,29559.75,29559.75,29562.0,29558.0,29562.0,33
2026-09-17 05:23:00-04:00,29560.75,29560.75,29562.0,29559.25,29560.5,39
2026-09-17 05:24:00-04:00,29560.5,29560.5,29560.75,29558.5,29560.0,52
2026-09-17 05:25:00-04:00,29559.25,29559.25,29560.0,29554.5,29559.0,91
2026-09-17 05:26:00-04:00,29556.25,29556.25,29558.5,29553.5,29558.0,83
2026-09-17 05:27:00-04:00,29557.5,29557.5,29559.5,29553.75,29557.0,63
2026-09-17 05:28:00-04:00,29557.75,29557.75,29563.75,29557.75,29559.0,55
2026-09-17 05:29:00-04:00,29555.75,29555.75,29560.5,29554.0,29558.5,68
2026-09-17 05:30:00-04:00,29554.5,29554.5,29557.25,29553.5,29556.5,52
2026-09-17 05:31:00-04:00,29565.75,29565.75,29570.5,29554.75,29554.75,176
2026-09-17 05:32:00-04:00,29566.5,29566.5,29566.5,29563.5,29564.25,87
2026-09-17 05:33:00-04:00,29569.0,29569.0,29571.0,29565.0,29566.0,75
2026-09-17 05:34:00-04:00,29570.0,29570.0,29571.75,29568.25,29568.25,41
2026-09-17 05:35:00-04:00,29571.0,29571.0,29573.25,29568.5,29569.25,55
2026-09-17 05:36:00-04:00,29565.25,29565.25,29570.5,29564.75,29569.75,126
2026-09-17 05:37:00-04:00,29569.5,29569.5,29569.5,29565.25,29567.25,40
2026-09-17 05:38:00-04:00,29564.0,29564.0,29570.5,29563.25,29568.5,55
2026-09-17 05:39:00-04:00,29564.0,29564.0,29568.5,29564.0,29566.0,17
2026-09-17 05:40:00-04:00,29568.0,29568.0,29571.0,29560.75,29563.5,107
2026-09-17 05:41:00-04:00,29566.0,29566.0,29568.0,29564.25,29568.0,26
2026-09-17 05:42:00-04:00,29567.5,29567.5,29567.5,29564.25,29564.5,21
2026-09-17 05:43:00-04:00,29566.75,29566.75,29568.75,29564.25,29566.0,41
2026-09-17 05:44:00-04:00,29567.0,29567.0,29572.5,29566.75,29569.0,54
2026-09-17 05:45:00-04:00,29563.0,29563.0,29569.5,29562.75,29567.0,38
2026-09-17 05:46:00-04:00,29559.5,29559.5,29564.25,29556.75,29563.75,73
2026-09-17 05:47:00-04:00,29555.0,29555.0,29559.25,29555.0,29557.75,63
2026-09-17 05:48:00-04:00,29548.5,29548.5,29555.25,29546.0,29555.25,179
2026-09-17 05:49:00-04:00,29550.25,29550.25,29550.25,29545.5,29548.75,61
2026-09-17 05:50:00-04:00,29554.25,29554.25,29557.5,29550.25,29551.0,94
2026-09-17 05:51:00-04:00,29555.25,29555.25,29558.0,29550.25,29554.5,112
2026-09-17 05:52:00-04:00,29562.0,29562.0,29562.0,29555.75,29556.0,116
2026-09-17 05:53:00-04:00,29564.0,29564.0,29566.0,29560.25,29560.25,135
2026-09-17 05:54:00-04:00,29568.0,29568.0,29570.0,29564.0,29564.0,123
2026-09-17 05:55:00-04:00,29570.25,29570.25,29580.0,29566.25,29567.0,303
2026-09-17 05:56:00-04:00,29568.0,29568.0,29571.0,29565.0,29570.5,71
2026-09-17 05:57:00-04:00,29563.75,29563.75,29570.0,29563.25,29569.25,73
2026-09-17 05:58:00-04:00,29560.0,29560.0,29563.0,29558.0,29563.0,66
2026-09-17 05:59:00-04:00,29558.5,29558.5,29563.5,29557.25,29561.0,37
2026-09-17 06:00:00-04:00,29560.75,29560.75,29562.0,29558.5,29558.5,40
2026-09-17 06:01:00-04:00,29562.25,29562.25,29563.5,29557.75,29560.5,38
2026-09-17 06:02:00-04:00,29562.0,29562.0,29562.75,29559.25,29561.5,40
2026-09-17 06:03:00-04:00,29565.5,29565.5,29569.25,29564.25,29564.5,70
2026-09-17 06:04:00-04:00,29565.5,29565.5,29569.5,29564.5,29565.5,35
2026-09-17 06:05:00-04:00,29567.5,29567.5,29571.5,29565.75,29567.75,34
2026-09-17 06:06:00-04:00,29568.75,29568.75,29571.75,29564.75,29567.75,146
2026-09-17 06:07:00-04:00,29574.25,29574.25,29577.25,29569.0,29569.25,108
2026-09-17 06:08:00-04:00,29575.0,29575.0,29577.5,29573.5,29573.5,50
2026-09-17 06:09:00-04:00,29571.5,29571.5,29575.75,29571.5,29575.75,49
2026-09-17 06:10:00-04:00,29573.75,29573.75,29574.25,29570.0,29572.25,53
2026-09-17 06:11:00-04:00,29580.5,29580.5,29580.75,29573.25,29573.75,59
2026-09-17 06:12:00-04:00,29577.0,29577.0,29581.5,29575.5,29579.25,73
2026-09-17 06:13:00-04:00,29576.0,29576.0,29580.5,29576.0,29577.5,72
2026-09-17 06:14:00-04:00,29571.25,29571.25,29577.0,29569.25,29576.25,93
2026-09-17 06:15:00-04:00,29570.25,29570.25,29573.5,29568.5,29571.25,113
2026-09-17 06:16:00-04:00,29569.0,29569.0,29574.0,29569.0,29570.5,59
2026-09-17 06:17:00-04:00,29571.0,29571.0,29573.25,29569.75,29569.75,87
2026-09-17 06:18:00-04:00,29568.75,29568.75,29576.0,29568.75,29571.0,78
2026-09-17 06:19:00-04:00,29562.0,29562.0,29569.0,29562.0,29569.0,103
2026-09-17 06:20:00-04:00,29566.0,29566.0,29568.0,29563.5,29563.5,49
2026-09-17 06:21:00-04:00,29565.5,29565.5,29569.0,29564.75,29566.25,37
2026-09-17 06:22:00-04:00,29569.25,29569.25,29570.0,29565.5,29566.0,51
2026-09-17 06:23:00-04:00,29578.25,29578.25,29578.25,29567.5,29568.5,115
2026-09-17 06:24:00-04:00,29584.0,29584.0,29584.75,29575.75,29578.25,186
2026-09-17 06:25:00-04:00,29581.75,29581.75,29584.25,29580.0,29584.25,104
2026-09-17 06:26:00-04:00,29584.75,29584.75,29586.75,29581.75,29582.0,84
2026-09-17 06:27:00-04:00,29584.5,29584.5,29585.25,29582.5,29584.5,40
2026-09-17 06:28:00-04:00,29588.0,29588.0,29588.5,29583.75,29585.0,88
2026-09-17 06:29:00-04:00,29578.25,29578.25,29589.25,29576.25,29588.5,100
2026-09-17 06:30:00-04:00,29582.0,29582.0,29590.75,29578.25,29579.25,323
2026-09-17 06:31:00-04:00,29578.0,29578.0,29583.5,29577.5,29580.5,63
2026-09-17 06:32:00-04:00,29579.75,29579.75,29579.75,29575.5,29578.75,54
2026-09-17 06:33:00-04:00,29576.25,29576.25,29579.25,29575.75,29579.25,57
2026-09-17 06:34:00-04:00,29572.75,29572.75,29576.5,29571.5,29576.0,89
2026-09-17 06:35:00-04:00,29577.5,29577.5,29583.75,29572.5,29572.5,231
2026-09-17 06:36:00-04:00,29579.5,29579.5,29582.5,29574.25,29577.5,89
2026-09-17 06:37:00-04:00,29579.75,29579.75,29583.0,29576.0,29579.25,141
2026-09-17 06:38:00-04:00,29579.0,29579.0,29582.25,29579.0,29580.0,47
2026-09-17 06:39:00-04:00,29579.0,29579.0,29583.0,29578.25,29580.0,55
2026-09-17 06:40:00-04:00,29573.5,29573.5,29580.0,29572.25,29577.5,76
2026-09-17 06:41:00-04:00,29564.75,29564.75,29572.0,29564.0,29572.0,146
2026-09-17 06:42:00-04:00,29563.25,29563.25,29566.5,29562.75,29564.75,40
2026-09-17 06:43:00-04:00,29564.25,29564.25,29565.0,29561.75,29563.5,59
2026-09-17 06:44:00-04:00,29566.0,29566.0,29569.0,29563.75,29563.75,113
2026-09-17 06:45:00-04:00,29566.5,29566.5,29568.0,29562.0,29564.5,67
2026-09-17 06:46:00-04:00,29567.5,29567.5,29570.75,29565.75,29566.75,78
2026-09-17 06:47:00-04:00,29568.25,29568.25,29571.0,29567.0,29567.5,54
2026-09-17 06:48:00-04:00,29566.0,29566.0,29567.5,29564.5,29567.5,43
2026-09-17 06:49:00-04:00,29568.0,29568.0,29568.0,29564.0,29565.0,38
2026-09-17 06:50:00-04:00,29572.0,29572.0,29573.25,29565.75,29567.25,72
2026-09-17 06:51:00-04:00,29574.0,29574.0,29579.25,29573.25,29573.25,75
2026-09-17 06:52:00-04:00,29573.5,29573.5,29575.5,29570.5,29572.75,110
2026-09-17 06:53:00-04:00,29573.25,29573.25,29575.75,29570.0,29571.5,89
2026-09-17 06:54:00-04:00,29571.5,29571.5,29573.5,29569.25,29573.5,33
2026-09-17 06:55:00-04:00,29576.0,29576.0,29576.0,29571.5,29573.0,13
2026-09-17 06:56:00-04:00,29578.25,29578.25,29582.0,29574.25,29574.25,52
2026-09-17 06:57:00-04:00,29580.0,29580.0,29580.75,29575.75,29577.5,59
2026-09-17 06:58:00-04:00,29582.5,29582.5,29584.0,29579.25,29579.5,49
2026-09-17 06:59:00-04:00,29586.75,29586.75,29589.0,29582.25,29582.25,112
2026-09-17 07:00:00-04:00,29598.25,29598.25,29598.5,29585.0,29586.75,490
2026-09-17 07:01:00-04:00,29596.5,29596.5,29614.0,29594.5,29596.25,611
2026-09-17 07:02:00-04:00,29598.5,29598.5,29600.5,29594.0,29596.0,151
2026-09-17 07:03:00-04:00,29593.0,29593.0,29600.5,29589.5,29598.75,157
2026-09-17 07:04:00-04:00,29592.25,29592.25,29593.5,29588.5,29592.0,149
2026-09-17 07:05:00-04:00,29595.0,29595.0,29595.75,29590.0,29592.75,76
2026-09-17 07:06:00-04:00,29587.25,29587.25,29596.5,29584.75,29594.75,157
2026-09-17 07:07:00-04:00,29588.75,29588.75,29590.0,29584.25,29587.5,117
2026-09-17 07:08:00-04:00,29585.25,29585.25,29588.75,29585.0,29588.75,55
2026-09-17 07:09:00-04:00,29583.75,29583.75,29588.25,29582.75,29584.25,114
2026-09-17 07:10:00-04:00,29581.75,29581.75,29586.25,29579.0,29583.75,145
2026-09-17 07:11:00-04:00,29576.0,29576.0,29582.25,29575.5,29582.0,173
2026-09-17 07:12:00-04:00,29579.5,29579.5,29582.5,29576.25,29576.25,70
2026-09-17 07:13:00-04:00,29589.25,29589.25,29589.5,29577.0,29579.25,176
2026-09-17 07:14:00-04:00,29589.0,29589.0,29591.0,29584.25,29587.0,81
2026-09-17 07:15:00-04:00,29582.0,29582.0,29592.0,29580.25,29589.5,127
2026-09-17 07:16:00-04:00,29576.0,29576.0,29586.0,29573.75,29582.25,172
2026-09-17 07:17:00-04:00,29568.0,29568.0,29575.75,29567.75,29575.75,75
2026-09-17 07:18:00-04:00,29568.5,29568.5,29569.25,29566.25,29568.25,76
2026-09-17 07:19:00-04:00,29575.75,29575.75,29577.0,29569.25,29569.25,100
2026-09-17 07:20:00-04:00,29581.75,29581.75,29585.25,29575.0,29575.0,132
2026-09-17 07:21:00-04:00,29578.75,29578.75,29582.5,29577.0,29581.75,59
2026-09-17 07:22:00-04:00,29571.5,29571.5,29578.75,29570.75,29577.5,97
2026-09-17 07:23:00-04:00,29574.75,29574.75,29576.75,29570.25,29571.0,42
2026-09-17 07:24:00-04:00,29569.5,29569.5,29577.0,29569.5,29574.25,65
2026-09-17 07:25:00-04:00,29567.0,29567.0,29572.25,29565.75,29570.0,74
2026-09-17 07:26:00-04:00,29573.0,29573.0,29575.0,29565.0,29567.75,91
2026-09-17 07:27:00-04:00,29575.75,29575.75,29578.5,29572.0,29572.25,114
2026-09-17 07:28:00-04:00,29573.75,29573.75,29575.75,29573.0,29575.25,47
2026-09-17 07:29:00-04:00,29577.75,29577.75,29580.0,29573.75,29573.75,67
2026-09-17 07:30:00-04:00,29574.75,29574.75,29578.25,29573.0,29577.5,56
2026-09-17 07:31:00-04:00,29576.5,29576.5,29579.75,29573.5,29575.0,54
2026-09-17 07:32:00-04:00,29581.0,29581.0,29582.0,29578.0,29578.0,53
2026-09-17 07:33:00-04:00,29574.75,29574.75,29578.25,29572.5,29578.25,54
2026-09-17 07:34:00-04:00,29574.5,29574.5,29576.0,29572.25,29574.5,52
2026-09-17 07:35:00-04:00,29576.5,29576.5,29578.25,29571.5,29572.75,67
2026-09-17 07:36:00-04:00,29573.25,29573.25,29579.0,29573.25,29575.25,55
2026-09-17 07:37:00-04:00,29571.0,29571.0,29575.75,29566.5,29574.0,133
2026-09-17 07:38:00-04:00,29577.0,29577.0,29577.5,29570.5,29570.5,64
2026-09-17 07:39:00-04:00,29576.0,29576.0,29577.25,29574.75,29575.0,25
2026-09-17 07:40:00-04:00,29566.0,29566.0,29575.75,29565.75,29575.75,86
2026-09-17 07:41:00-04:00,29567.75,29567.75,29568.75,29566.0,29566.5,117
2026-09-17 07:42:00-04:00,29571.0,29571.0,29572.5,29566.0,29567.25,65
2026-09-17 07:43:00-04:00,29569.25,29569.25,29571.0,29568.0,29570.0,43
2026-09-17 07:44:00-04:00,29561.25,29561.25,29570.5,29560.0,29570.0,121
2026-09-17 07:45:00-04:00,29561.5,29561.5,29561.75,29558.5,29559.75,85
2026-09-17 07:46:00-04:00,29564.0,29564.0,29566.75,29558.25,29560.5,98
2026-09-17 07:47:00-04:00,29563.25,29563.25,29565.0,29559.5,29564.75,72
2026-09-17 07:48:00-04:00,29564.75,29564.75,29569.25,29562.25,29564.0,61
2026-09-17 07:49:00-04:00,29564.75,29564.75,29568.25,29563.5,29565.75,101
2026-09-17 07:50:00-04:00,29561.5,29561.5,29565.75,29555.5,29565.75,181
2026-09-17 07:51:00-04:00,29564.75,29564.75,29567.0,29559.75,29561.75,108
2026-09-17 07:52:00-04:00,29564.5,29564.5,29567.25,29561.5,29565.5,142
2026-09-17 07:53:00-04:00,29570.75,29570.75,29570.75,29563.75,29564.0,171
2026-09-17 07:54:00-04:00,29579.0,29579.0,29583.25,29571.0,29571.0,244
2026-09-17 07:55:00-04:00,29581.75,29581.75,29586.5,29578.25,29578.25,129
2026-09-17 07:56:00-04:00,29576.25,29576.25,29582.25,29573.5,29581.75,107
2026-09-17 07:57:00-04:00,29584.5,29584.5,29584.5,29577.5,29577.5,85
2026-09-17 07:58:00-04:00,29613.25,29613.25,29623.0,29581.75,29582.5,1572
2026-09-17 07:59:00-04:00,29620.0,29620.0,29624.0,29606.0,29611.5,593
2026-09-17 08:00:00-04:00,29614.0,29614.0,29625.0,29610.5,29621.0,423
2026-09-17 08:01:00-04:00,29608.0,29608.0,29623.5,29607.25,29614.25,362
2026-09-17 08:02:00-04:00,29609.0,29609.0,29610.0,29600.75,29607.0,252
2026-09-17 08:03:00-04:00,29600.75,29600.75,29609.75,29595.5,29608.25,210
2026-09-17 08:04:00-04:00,29619.25,29619.25,29627.0,29602.25,29602.5,1105
2026-09-17 08:05:00-04:00,29637.25,29637.25,29641.25,29615.5,29619.5,853
2026-09-17 08:06:00-04:00,29635.5,29635.5,29638.5,29631.25,29637.5,388
2026-09-17 08:07:00-04:00,29630.75,29630.75,29635.75,29625.0,29634.5,328
2026-09-17 08:08:00-04:00,29641.75,29641.75,29643.25,29632.0,29632.0,302
2026-09-17 08:09:00-04:00,29666.5,29666.5,29667.75,29641.25,29641.5,1297
2026-09-17 08:10:00-04:00,29667.0,29667.0,29680.75,29662.75,29666.75,863
2026-09-17 08:11:00-04:00,29667.75,29667.75,29673.75,29665.5,29666.25,342
2026-09-17 08:12:00-04:00,29668.5,29668.5,29671.0,29664.0,29669.0,234
2026-09-17 08:13:00-04:00,29668.75,29668.75,29671.25,29662.5,29669.5,233
2026-09-17 08:14:00-04:00,29666.25,29666.25,29669.0,29663.0,29668.5,139
2026-09-17 08:15:00-04:00,29668.0,29668.0,29671.0,29663.5,29667.25,204
2026-09-17 08:16:00-04:00,29669.0,29669.0,29671.0,29662.75,29668.0,274
2026-09-17 08:17:00-04:00,29677.0,29677.0,29679.75,29667.25,29668.25,459
2026-09-17 08:18:00-04:00,29677.0,29677.0,29680.0,29670.5,29677.0,271
2026-09-17 08:19:00-04:00,29687.25,29687.25,29688.5,29673.5,29676.0,449
2026-09-17 08:20:00-04:00,29687.25,29687.25,29689.5,29682.0,29687.25,352
2026-09-17 08:21:00-04:00,29691.5,29691.5,29697.0,29687.5,29687.75,583
2026-09-17 08:22:00-04:00,29687.5,29687.5,29693.0,29685.5,29691.5,286
2026-09-17 08:23:00-04:00,29695.5,29695.5,29695.5,29686.75,29687.75,293
2026-09-17 08:24:00-04:00,29695.25,29695.25,29696.75,29691.5,29695.25,287
2026-09-17 08:25:00-04:00,29705.25,29705.25,29706.0,29689.5,29695.25,569
2026-09-17 08:26:00-04:00,29707.5,29707.5,29708.25,29699.25,29704.5,270
2026-09-17 08:27:00-04:00,29711.25,29711.25,29712.0,29701.5,29707.25,399
2026-09-17 08:28:00-04:00,29712.25,29712.25,29715.5,29708.0,29711.25,342
2026-09-17 08:29:00-04:00,29725.25,29725.25,29727.75,29712.0,29712.75,370
2026-09-17 08:30:00-04:00,29725.75,29725.75,29728.75,29712.25,29723.75,687
2026-09-17 08:31:00-04:00,29726.0,29726.0,29729.0,29718.5,29726.5,584
2026-09-17 08:32:00-04:00,29740.25,29740.25,29748.5,29726.0,29726.5,1158
2026-09-17 08:33:00-04:00,29743.0,29743.0,29743.75,29724.5,29740.0,670
2026-09-17 08:34:00-04:00,29749.25,29749.25,29753.25,29741.25,29743.0,695
2026-09-17 08:35:00-04:00,29742.5,29742.5,29749.75,29736.25,29748.5,634
2026-09-17 08:36:00-04:00,29733.0,29733.0,29742.5,29732.0,29742.5,544
2026-09-17 08:37:00-04:00,29727.0,29727.0,29733.5,29722.0,29733.5,513
2026-09-17 08:38:00-04:00,29735.25,29735.25,29738.75,29722.75,29726.5,432
2026-09-17 08:39:00-04:00,29743.75,29743.75,29745.5,29727.75,29735.25,623
2026-09-17 08:40:00-04:00,29734.75,29734.75,29744.5,29734.5,29743.0,326
2026-09-17 08:41:00-04:00,29725.0,29725.0,29736.25,29724.75,29735.75,290
2026-09-17 08:42:00-04:00,29731.25,29731.25,29731.25,29723.25,29725.5,464
2026-09-17 08:43:00-04:00,29733.75,29733.75,29734.25,29729.0,29731.5,305
2026-09-17 08:44:00-04:00,29721.75,29721.75,29733.75,29720.0,29732.75,458
2026-09-17 08:45:00-04:00,29719.75,29719.75,29724.0,29715.75,29721.5,398
2026-09-17 08:46:00-04:00,29719.5,29719.5,29722.25,29716.0,29719.25,270
2026-09-17 08:47:00-04:00,29713.5,29713.5,29720.25,29712.0,29718.5,321
2026-09-17 08:48:00-04:00,29713.5,29713.5,29715.5,29708.75,29712.25,340
2026-09-17 08:49:00-04:00,29714.5,29714.5,29721.5,29713.0,29713.25,364
2026-09-17 08:50:00-04:00,29717.5,29717.5,29720.75,29711.0,29714.0,298
2026-09-17 08:51:00-04:00,29723.25,29723.25,29727.25,29715.5,29716.25,364
2026-09-17 08:52:00-04:00,29718.25,29718.25,29723.75,29717.75,29723.75,152
2026-09-17 08:53:00-04:00,29715.25,29715.25,29719.75,29713.5,29719.0,182
2026-09-17 08:54:00-04:00,29724.0,29724.0,29724.0,29714.75,29714.75,203
2026-09-17 08:55:00-04:00,29716.25,29716.25,29723.75,29714.0,29723.25,256
2026-09-17 08:56:00-04:00,29724.25,29724.25,29724.5,29715.0,29716.5,312
2026-09-17 08:57:00-04:00,29728.5,29728.5,29732.5,29723.0,29724.5,281
2026-09-17 08:58:00-04:00,29722.75,29722.75,29728.25,29720.25,29728.25,182
2026-09-17 08:59:00-04:00,29724.0,29724.0,29724.75,29718.0,29723.5,274
2026-09-17 09:00:00-04:00,29749.0,29749.0,29749.5,29715.75,29724.25,1140
2026-09-17 09:01:00-04:00,29739.0,29739.0,29750.0,29736.75,29748.0,483
2026-09-17 09:02:00-04:00,29737.5,29737.5,29742.5,29734.0,29739.0,372
2026-09-17 09:03:00-04:00,29734.25,29734.25,29738.5,29733.75,29737.0,182
2026-09-17 09:04:00-04:00,29730.0,29730.0,29738.0,29728.0,29734.75,347
2026-09-17 09:05:00-04:00,29730.0,29730.0,29733.0,29726.25,29730.75,371
2026-09-17 09:06:00-04:00,29726.25,29726.25,29730.25,29723.5,29729.5,274
2026-09-17 09:07:00-04:00,29727.25,29727.25,29730.0,29724.0,29726.75,248
2026-09-17 09:08:00-04:00,29731.75,29731.75,29739.25,29725.75,29726.75,429
2026-09-17 09:09:00-04:00,29725.5,29725.5,29731.25,29725.25,29731.25,284
2026-09-17 09:10:00-04:00,29719.75,29719.75,29728.25,29719.75,29725.75,286
2026-09-17 09:11:00-04:00,29725.5,29725.5,29727.0,29714.0,29720.25,589
2026-09-17 09:12:00-04:00,29725.5,29725.5,29731.5,29721.75,29726.0,409
2026-09-17 09:13:00-04:00,29731.25,29731.25,29736.5,29725.0,29725.0,403
2026-09-17 09:14:00-04:00,29730.75,29730.75,29735.25,29729.0,29731.25,264
2026-09-17 09:15:00-04:00,29734.25,29734.25,29735.75,29726.0,29730.25,390
2026-09-17 09:16:00-04:00,29731.25,29731.25,29739.5,29729.0,29734.0,372
2026-09-17 09:17:00-04:00,29734.75,29734.75,29735.0,29729.25,29731.0,195
2026-09-17 09:18:00-04:00,29733.75,29733.75,29743.0,29732.5,29735.5,409
2026-09-17 09:19:00-04:00,29727.75,29727.75,29734.25,29727.75,29734.25,245
2026-09-17 09:20:00-04:00,29726.25,29726.25,29733.25,29725.75,29728.5,420
2026-09-17 09:21:00-04:00,29720.5,29720.5,29727.0,29718.25,29726.5,289
2026-09-17 09:22:00-04:00,29721.5,29721.5,29722.5,29718.5,29720.75,282
2026-09-17 09:23:00-04:00,29715.0,29715.0,29721.25,29712.0,29721.25,535
2026-09-17 09:24:00-04:00,29715.5,29715.5,29717.75,29712.75,29715.0,305
2026-09-17 09:25:00-04:00,29718.25,29718.25,29719.75,29713.75,29715.5,432
2026-09-17 09:26:00-04:00,29726.0,29726.0,29729.75,29718.75,29718.75,372
2026-09-17 09:27:00-04:00,29722.0,29722.0,29730.0,29720.25,29726.25,657
2026-09-17 09:28:00-04:00,29723.5,29723.5,29728.25,29720.0,29721.75,686
2026-09-17 09:29:00-04:00,29718.25,29718.25,29724.0,29709.75,29723.75,1216
2026-09-17 09:30:00-04:00,29717.75,29717.75,29737.25,29698.25,29718.25,6606
2026-09-17 09:31:00-04:00,29673.75,29673.75,29723.75,29673.0,29717.25,4048
2026-09-17 09:32:00-04:00,29675.75,29675.75,29685.0,29664.0,29674.25,3476
2026-09-17 09:33:00-04:00,29659.0,29659.0,29678.5,29650.25,29675.25,2580
2026-09-17 09:34:00-04:00,29641.75,29641.75,29663.75,29641.0,29659.0,2176
2026-09-17 09:35:00-04:00,29654.5,29654.5,29658.75,29640.75,29641.5,2077
2026-09-17 09:36:00-04:00,29648.5,29648.5,29667.25,29634.25,29654.75,3055
2026-09-17 09:37:00-04:00,29626.25,29626.25,29649.5,29625.75,29647.75,2179
2026-09-17 09:38:00-04:00,29614.75,29614.75,29629.75,29605.75,29626.25,2455
2026-09-17 09:39:00-04:00,29620.5,29620.5,29623.5,29609.0,29614.75,1759
2026-09-17 09:40:00-04:00,29631.25,29631.25,29634.5,29613.75,29621.0,2384
2026-09-17 09:41:00-04:00,29618.75,29618.75,29642.25,29615.5,29630.75,2408
2026-09-17 09:42:00-04:00,29644.0,29644.0,29644.25,29613.0,29618.75,2292
2026-09-17 09:43:00-04:00,29632.5,29632.5,29649.5,29622.75,29644.5,2563
2026-09-17 09:44:00-04:00,29641.0,29641.0,29646.0,29628.25,29632.25,1605
2026-09-17 09:45:00-04:00,29629.0,29629.0,29652.0,29629.0,29641.75,2572
2026-09-17 09:46:00-04:00,29653.75,29653.75,29654.5,29623.75,29629.25,2164
2026-09-17 09:47:00-04:00,29661.0,29661.0,29669.25,29645.5,29653.25,2364
2026-09-17 09:48:00-04:00,29649.25,29649.25,29662.25,29642.5,29660.5,1881
2026-09-17 09:49:00-04:00,29664.25,29664.25,29664.25,29635.0,29649.75,1954
2026-09-17 09:50:00-04:00,29671.75,29671.75,29674.25,29657.25,29665.0,2219
2026-09-17 09:51:00-04:00,29667.0,29667.0,29673.25,29645.0,29672.0,1928
2026-09-17 09:52:00-04:00,29671.0,29671.0,29673.25,29662.0,29667.0,1499
2026-09-17 09:53:00-04:00,29672.25,29672.25,29674.75,29662.5,29670.75,1253
2026-09-17 09:54:00-04:00,29674.75,29674.75,29694.75,29669.75,29672.25,3297
2026-09-17 09:55:00-04:00,29671.75,29671.75,29683.25,29664.25,29674.25,2031
2026-09-17 09:56:00-04:00,29671.5,29671.5,29676.0,29661.75,29671.25,1415
2026-09-17 09:57:00-04:00,29672.0,29672.0,29675.0,29662.75,29671.0,1182
2026-09-17 09:58:00-04:00,29671.25,29671.25,29679.5,29667.0,29671.75,955
2026-09-17 09:59:00-04:00,29689.0,29689.0,29691.0,29670.0,29671.25,1243
2026-09-17 10:00:00-04:00,29665.75,29665.75,29690.25,29663.25,29689.5,2643
2026-09-17 10:01:00-04:00,29670.75,29670.75,29672.75,29648.5,29665.5,2193
2026-09-17 10:02:00-04:00,29664.0,29664.0,29674.5,29653.25,29670.5,1527
2026-09-17 10:03:00-04:00,29671.5,29671.5,29671.75,29650.0,29663.75,1659
2026-09-17 10:04:00-04:00,29675.5,29675.5,29677.0,29660.0,29671.0,1448
2026-09-17 10:05:00-04:00,29674.5,29674.5,29678.0,29664.5,29675.0,1281
2026-09-17 10:06:00-04:00,29670.5,29670.5,29683.25,29668.0,29674.25,1351
2026-09-17 10:07:00-04:00,29642.0,29642.0,29670.75,29639.5,29670.75,1796
2026-09-17 10:08:00-04:00,29665.25,29665.25,29667.0,29642.5,29642.5,1374
2026-09-17 10:09:00-04:00,29659.25,29659.25,29670.0,29654.5,29664.75,1144
2026-09-17 10:10:00-04:00,29665.0,29665.0,29676.5,29656.25,29657.75,1453
2026-09-17 10:11:00-04:00,29661.75,29661.75,29666.0,29646.5,29665.25,1045
2026-09-17 10:12:00-04:00,29676.75,29676.75,29681.75,29656.25,29661.0,1352
2026-09-17 10:13:00-04:00,29699.75,29699.75,29701.0,29672.75,29677.25,1863
2026-09-17 10:14:00-04:00,29710.75,29710.75,29718.0,29699.0,29700.5,2888
2026-09-17 10:15:00-04:00,29704.75,29704.75,29714.5,29701.75,29710.0,1765
2026-09-17 10:16:00-04:00,29711.0,29711.0,29715.5,29703.25,29703.75,1280
2026-09-17 10:17:00-04:00,29709.25,29709.25,29719.75,29707.25,29711.5,1568
2026-09-17 10:18:00-04:00,29708.5,29708.5,29718.25,29704.0,29708.5,1558
2026-09-17 10:19:00-04:00,29709.25,29709.25,29711.0,29696.25,29709.0,1246
2026-09-17 10:20:00-04:00,29698.25,29698.25,29710.25,29692.5,29709.0,1258
2026-09-17 10:21:00-04:00,29705.0,29705.0,29706.75,29696.0,29697.5,797
2026-09-17 10:22:00-04:00,29703.25,29703.25,29711.0,29701.5,29704.25,1000
2026-09-17 10:23:00-04:00,29718.25,29718.25,29721.25,29702.75,29702.75,1114
2026-09-17 10:24:00-04:00,29721.0,29721.0,29725.25,29710.75,29718.25,1316
2026-09-17 10:25:00-04:00,29718.25,29718.25,29723.75,29711.5,29721.0,1248
2026-09-17 10:26:00-04:00,29726.25,29726.25,29727.25,29715.25,29718.25,1169
2026-09-17 10:27:00-04:00,29736.0,29736.0,29737.0,29721.0,29726.25,1449
2026-09-17 10:28:00-04:00,29722.5,29722.5,29742.0,29720.5,29736.25,1728
2026-09-17 10:29:00-04:00,29712.5,29712.5,29724.25,29710.5,29722.75,1442
2026-09-17 10:30:00-04:00,29721.5,29721.5,29723.75,29708.0,29712.0,1545
2026-09-17 10:31:00-04:00,29715.25,29715.25,29726.75,29711.75,29720.5,971
2026-09-17 10:32:00-04:00,29722.5,29722.5,29722.5,29710.75,29715.0,738
2026-09-17 10:33:00-04:00,29724.25,29724.25,29731.0,29721.0,29723.0,986
2026-09-17 10:34:00-04:00,29734.5,29734.5,29738.0,29721.5,29723.0,1105
2026-09-17 10:35:00-04:00,29732.0,29732.0,29737.75,29721.25,29734.0,1165
2026-09-17 10:36:00-04:00,29732.0,29732.0,29736.5,29725.5,29731.75,770
2026-09-17 10:37:00-04:00,29740.25,29740.25,29741.5,29729.5,29731.75,898
2026-09-17 10:38:00-04:00,29738.75,29738.75,29743.75,29732.75,29739.75,1104
2026-09-17 10:39:00-04:00,29725.25,29725.25,29743.5,29722.5,29738.0,1234
2026-09-17 10:40:00-04:00,29738.25,29738.25,29741.5,29721.5,29725.25,1040
2026-09-17 10:41:00-04:00,29743.75,29743.75,29745.75,29730.0,29738.5,1273
2026-09-17 10:42:00-04:00,29739.5,29739.5,29748.0,29738.5,29744.0,990
2026-09-17 10:43:00-04:00,29729.5,29729.5,29741.0,29727.5,29739.0,1119
2026-09-17 10:44:00-04:00,29716.0,29716.0,29730.75,29713.5,29729.0,1475
2026-09-17 10:45:00-04:00,29708.25,29708.25,29718.5,29706.0,29715.5,1259
2026-09-17 10:46:00-04:00,29699.0,29699.0,29713.0,29693.25,29708.75,1497
2026-09-17 10:47:00-04:00,29686.0,29686.0,29702.25,29681.0,29699.5,1294
2026-09-17 10:48:00-04:00,29690.75,29690.75,29697.5,29684.75,29686.0,947
2026-09-17 10:49:00-04:00,29693.0,29693.0,29697.75,29684.5,29690.5,1236
2026-09-17 10:50:00-04:00,29686.25,29686.25,29698.25,29684.25,29693.0,1154
2026-09-17 10:51:00-04:00,29695.5,29695.5,29697.25,29686.5,29686.75,816
2026-09-17 10:52:00-04:00,29690.75,29690.75,29696.25,29688.5,29695.5,600
2026-09-17 10:53:00-04:00,29684.25,29684.25,29694.0,29682.5,29690.75,939
2026-09-17 10:54:00-04:00,29674.5,29674.5,29683.75,29668.75,29683.5,1944
2026-09-17 10:55:00-04:00,29674.25,29674.25,29684.25,29669.5,29674.25,1107
2026-09-17 10:56:00-04:00,29685.0,29685.0,29686.0,29666.5,29674.0,1127
2026-09-17 10:57:00-04:00,29687.25,29687.25,29694.75,29684.0,29684.25,1316
2026-09-17 10:58:00-04:00,29682.25,29682.25,29695.5,29679.25,29686.75,873
2026-09-17 10:59:00-04:00,29680.0,29680.0,29684.0,29673.25,29681.5,1106
2026-09-17 11:00:00-04:00,29677.75,29677.75,29685.5,29666.25,29680.75,1376
2026-09-17 11:01:00-04:00,29673.25,29673.25,29683.25,29669.75,29677.5,1012
2026-09-17 11:02:00-04:00,29679.0,29679.0,29680.25,29668.25,29673.5,786
2026-09-17 11:03:00-04:00,29679.0,29679.0,29687.75,29676.75,29679.25,791
2026-09-17 11:04:00-04:00,29673.25,29673.25,29680.0,29671.75,29679.25,625
2026-09-17 11:05:00-04:00,29659.75,29659.75,29675.5,29659.5,29673.75,1046
2026-09-17 11:06:00-04:00,29666.25,29666.25,29667.5,29652.0,29659.5,1391
2026-09-17 11:07:00-04:00,29675.0,29675.0,29676.0,29656.75,29666.5,1066
2026-09-17 11:08:00-04:00,29686.5,29686.5,29686.5,29670.75,29674.75,1017
2026-09-17 11:09:00-04:00,29681.75,29681.75,29691.0,29678.5,29686.5,806
2026-09-17 11:10:00-04:00,29676.5,29676.5,29682.5,29670.25,29681.25,798
2026-09-17 11:11:00-04:00,29684.25,29684.25,29686.0,29673.5,29676.75,727
2026-09-17 11:12:00-04:00,29674.5,29674.5,29685.75,29671.5,29684.75,856
2026-09-17 11:13:00-04:00,29683.5,29683.5,29685.0,29670.75,29674.5,823
2026-09-17 11:14:00-04:00,29682.5,29682.5,29686.0,29677.5,29683.25,609
2026-09-17 11:15:00-04:00,29676.25,29676.25,29682.25,29671.0,29682.25,748
2026-09-17 11:16:00-04:00,29692.0,29692.0,29692.5,29674.0,29676.25,737
2026-09-17 11:17:00-04:00,29691.0,29691.0,29692.5,29682.5,29692.0,577
2026-09-17 11:18:00-04:00,29696.0,29696.0,29698.0,29687.75,29690.25,753
2026-09-17 11:19:00-04:00,29693.5,29693.5,29696.25,29687.75,29695.75,615
2026-09-17 11:20:00-04:00,29686.75,29686.75,29694.75,29684.0,29693.75,571
2026-09-17 11:21:00-04:00,29684.5,29684.5,29690.25,29678.25,29687.25,673
2026-09-17 11:22:00-04:00,29688.75,29688.75,29690.25,29678.75,29684.25,568
2026-09-17 11:23:00-04:00,29685.75,29685.75,29690.75,29684.25,29689.5,428
2026-09-17 11:24:00-04:00,29691.0,29691.0,29692.5,29680.0,29685.25,512
2026-09-17 11:25:00-04:00,29712.0,29712.0,29712.25,29691.25,29691.5,1367
2026-09-17 11:26:00-04:00,29704.0,29704.0,29714.0,29703.0,29711.5,672
2026-09-17 11:27:00-04:00,29705.0,29705.0,29711.5,29701.0,29703.25,710
2026-09-17 11:28:00-04:00,29709.0,29709.0,29709.5,29698.75,29705.5,541
2026-09-17 11:29:00-04:00,29706.5,29706.5,29713.75,29705.0,29708.75,626
2026-09-17 11:30:00-04:00,29706.25,29706.25,29711.5,29702.75,29706.5,795
2026-09-17 11:31:00-04:00,29709.0,29709.0,29709.25,29703.75,29706.25,439
2026-09-17 11:32:00-04:00,29702.5,29702.5,29709.5,29699.75,29708.5,487
2026-09-17 11:33:00-04:00,29703.25,29703.25,29706.5,29700.0,29702.0,392
2026-09-17 11:34:00-04:00,29706.25,29706.25,29708.5,29699.0,29703.0,582
2026-09-17 11:35:00-04:00,29706.5,29706.5,29715.0,29704.0,29706.25,1008
2026-09-17 11:36:00-04:00,29716.0,29716.0,29717.0,29706.0,29706.75,587
2026-09-17 11:37:00-04:00,29715.0,29715.0,29720.25,29712.25,29716.0,565
2026-09-17 11:38:00-04:00,29715.75,29715.75,29717.0,29711.25,29714.75,453
2026-09-17 11:39:00-04:00,29720.25,29720.25,29720.75,29716.0,29716.0,416
2026-09-17 11:40:00-04:00,29729.25,29729.25,29730.0,29718.25,29720.0,1090
2026-09-17 11:41:00-04:00,29734.5,29734.5,29737.0,29725.25,29728.75,1351
2026-09-17 11:42:00-04:00,29737.0,29737.0,29737.5,29728.75,29734.0,993
2026-09-17 11:43:00-04:00,29734.75,29734.75,29741.0,29734.5,29737.25,829
2026-09-17 11:44:00-04:00,29735.25,29735.25,29740.0,29731.75,29734.75,722
2026-09-17 11:45:00-04:00,29734.5,29734.5,29739.0,29732.5,29735.0,702
2026-09-17 11:46:00-04:00,29742.5,29742.5,29744.0,29731.0,29734.75,801
2026-09-17 11:47:00-04:00,29737.5,29737.5,29743.0,29735.75,29742.75,661
2026-09-17 11:48:00-04:00,29739.75,29739.75,29743.0,29736.75,29737.0,745
2026-09-17 11:49:00-04:00,29740.5,29740.5,29744.75,29735.25,29739.25,833
2026-09-17 11:50:00-04:00,29737.5,29737.5,29745.75,29731.25,29741.0,1088
2026-09-17 11:51:00-04:00,29737.25,29737.25,29740.5,29734.75,29738.0,514
2026-09-17 11:52:00-04:00,29743.75,29743.75,29745.5,29735.5,29736.75,847
2026-09-17 11:53:00-04:00,29735.75,29735.75,29744.25,29732.25,29743.75,1053
2026-09-17 11:54:00-04:00,29737.75,29737.75,29740.5,29734.5,29735.75,510
2026-09-17 11:55:00-04:00,29735.75,29735.75,29741.0,29735.75,29738.0,446
2026-09-17 11:56:00-04:00,29731.75,29731.75,29736.5,29726.75,29736.0,845
2026-09-17 11:57:00-04:00,29730.25,29730.25,29733.25,29727.25,29732.0,534
2026-09-17 11:58:00-04:00,29738.0,29738.0,29738.75,29727.75,29730.25,638
2026-09-17 11:59:00-04:00,29743.5,29743.5,29743.75,29734.25,29737.75,920
2026-09-17 12:00:00-04:00,29745.5,29745.5,29746.0,29735.25,29743.25,914
2026-09-17 12:01:00-04:00,29738.25,29738.25,29746.25,29736.75,29745.25,527
2026-09-17 12:02:00-04:00,29737.75,29737.75,29741.0,29734.5,29738.75,564
2026-09-17 12:03:00-04:00,29737.0,29737.0,29740.0,29733.75,29737.75,436
2026-09-17 12:04:00-04:00,29728.75,29728.75,29740.0,29728.75,29737.5,554
2026-09-17 12:05:00-04:00,29720.25,29720.25,29732.75,29718.75,29729.5,1045
2026-09-17 12:06:00-04:00,29719.0,29719.0,29723.0,29717.0,29720.5,683
2026-09-17 12:07:00-04:00,29725.25,29725.25,29726.0,29718.75,29719.75,519
2026-09-17 12:08:00-04:00,29723.25,29723.25,29728.25,29720.25,29725.75,393
2026-09-17 12:09:00-04:00,29741.0,29741.0,29742.0,29722.25,29723.5,908
2026-09-17 12:10:00-04:00,29740.0,29740.0,29744.25,29737.75,29740.5,656
2026-09-17 12:11:00-04:00,29737.75,29737.75,29740.5,29734.75,29739.75,550
2026-09-17 12:12:00-04:00,29738.0,29738.0,29740.25,29734.5,29738.25,367
2026-09-17 12:13:00-04:00,29734.5,29734.5,29738.0,29732.0,29738.0,363
2026-09-17 12:14:00-04:00,29740.25,29740.25,29741.0,29732.25,29734.25,301
2026-09-17 12:15:00-04:00,29737.25,29737.25,29741.75,29733.0,29740.0,385
2026-09-17 12:16:00-04:00,29737.0,29737.0,29741.0,29734.25,29737.25,361
2026-09-17 12:17:00-04:00,29740.75,29740.75,29742.0,29736.75,29736.75,249
2026-09-17 12:18:00-04:00,29740.25,29740.25,29741.25,29736.75,29740.25,320
2026-09-17 12:19:00-04:00,29738.25,29738.25,29740.0,29735.25,29740.0,354
2026-09-17 12:20:00-04:00,29733.0,29733.0,29738.75,29729.25,29738.0,501
2026-09-17 12:21:00-04:00,29737.5,29737.5,29738.5,29732.0,29732.0,297
2026-09-17 12:22:00-04:00,29739.75,29739.75,29742.75,29737.5,29738.0,346
2026-09-17 12:23:00-04:00,29744.25,29744.25,29745.25,29737.25,29740.0,431
2026-09-17 12:24:00-04:00,29747.25,29747.25,29753.25,29743.75,29743.75,1298
2026-09-17 12:25:00-04:00,29747.25,29747.25,29751.5,29745.0,29747.0,439
2026-09-17 12:26:00-04:00,29748.25,29748.25,29749.5,29743.0,29746.75,428
2026-09-17 12:27:00-04:00,29749.0,29749.0,29750.0,29746.0,29748.25,351
2026-09-17 12:28:00-04:00,29744.75,29744.75,29751.5,29744.75,29749.5,410
2026-09-17 12:29:00-04:00,29747.5,29747.5,29748.5,29742.0,29745.25,551
2026-09-17 12:30:00-04:00,29747.25,29747.25,29750.5,29744.0,29747.25,482
2026-09-17 12:31:00-04:00,29735.25,29735.25,29747.5,29734.75,29747.25,708
2026-09-17 12:32:00-04:00,29724.5,29724.5,29739.0,29723.5,29735.0,1051
2026-09-17 12:33:00-04:00,29719.25,29719.25,29726.0,29717.5,29724.25,749
2026-09-17 12:34:00-04:00,29725.0,29725.0,29725.5,29716.5,29718.75,700
2026-09-17 12:35:00-04:00,29726.25,29726.25,29726.75,29722.25,29725.5,513
2026-09-17 12:36:00-04:00,29731.5,29731.5,29732.5,29722.25,29726.25,653
2026-09-17 12:37:00-04:00,29731.75,29731.75,29733.25,29726.0,29731.5,606
2026-09-17 12:38:00-04:00,29734.25,29734.25,29734.75,29727.25,29731.5,378
2026-09-17 12:39:00-04:00,29729.75,29729.75,29734.5,29727.25,29734.25,473
2026-09-17 12:40:00-04:00,29734.75,29734.75,29734.75,29724.75,29729.0,432
2026-09-17 12:41:00-04:00,29734.75,29734.75,29737.5,29732.5,29734.5,382
2026-09-17 12:42:00-04:00,29739.25,29739.25,29739.75,29734.5,29735.25,379
2026-09-17 12:43:00-04:00,29743.25,29743.25,29743.5,29736.25,29739.5,513
2026-09-17 12:44:00-04:00,29746.75,29746.75,29746.75,29740.5,29743.25,637
2026-09-17 12:45:00-04:00,29744.75,29744.75,29749.5,29743.25,29746.25,730
2026-09-17 12:46:00-04:00,29743.75,29743.75,29744.75,29740.5,29744.5,417
2026-09-17 12:47:00-04:00,29747.0,29747.0,29749.5,29743.25,29743.75,665
2026-09-17 12:48:00-04:00,29742.75,29742.75,29749.25,29742.5,29746.75,473
2026-09-17 12:49:00-04:00,29743.25,29743.25,29746.75,29739.75,29742.5,376
2026-09-17 12:50:00-04:00,29740.5,29740.5,29744.25,29740.25,29742.75,267
2026-09-17 12:51:00-04:00,29741.0,29741.0,29745.0,29739.75,29740.5,280
2026-09-17 12:52:00-04:00,29745.25,29745.25,29746.75,29741.75,29742.0,319
2026-09-17 12:53:00-04:00,29745.5,29745.5,29747.25,29742.75,29745.0,326
2026-09-17 12:54:00-04:00,29742.0,29742.0,29746.5,29741.0,29745.25,340
2026-09-17 12:55:00-04:00,29721.75,29721.75,29743.75,29715.0,29742.0,3779
2026-09-17 12:56:00-04:00,29721.5,29721.5,29726.25,29715.25,29721.25,1494
2026-09-17 12:57:00-04:00,29719.5,29719.5,29722.0,29704.25,29721.0,1349
2026-09-17 12:58:00-04:00,29731.0,29731.0,29732.75,29718.0,29719.75,959
2026-09-17 12:59:00-04:00,29741.5,29741.5,29743.75,29730.75,29731.0,832
2026-09-17 13:00:00-04:00,29755.5,29755.5,29759.0,29738.5,29741.25,1738
2026-09-17 13:01:00-04:00,29757.25,29757.25,29758.0,29749.5,29755.0,865
2026-09-17 13:02:00-04:00,29748.0,29748.0,29758.25,29746.75,29757.75,970
2026-09-17 13:03:00-04:00,29747.25,29747.25,29747.75,29739.5,29747.5,832
2026-09-17 13:04:00-04:00,29753.75,29753.75,29754.25,29745.0,29747.0,592
2026-09-17 13:05:00-04:00,29753.25,29753.25,29757.25,29750.5,29754.25,533
2026-09-17 13:06:00-04:00,29758.5,29758.5,29762.5,29752.25,29754.0,864
2026-09-17 13:07:00-04:00,29760.75,29760.75,29762.5,29756.25,29758.25,415
2026-09-17 13:08:00-04:00,29749.5,29749.5,29761.75,29748.0,29761.5,692
2026-09-17 13:09:00-04:00,29747.75,29747.75,29750.75,29745.5,29748.75,497
2026-09-17 13:10:00-04:00,29742.25,29742.25,29748.5,29738.0,29747.75,825
2026-09-17 13:11:00-04:00,29741.5,29741.5,29747.0,29740.5,29741.75,450
2026-09-17 13:12:00-04:00,29735.5,29735.5,29743.0,29734.25,29741.75,521
2026-09-17 13:13:00-04:00,29736.25,29736.25,29742.5,29735.5,29735.5,482
2026-09-17 13:14:00-04:00,29732.25,29732.25,29741.0,29730.0,29736.5,601
2026-09-17 13:15:00-04:00,29735.25,29735.25,29737.75,29731.0,29732.5,467
2026-09-17 13:16:00-04:00,29736.5,29736.5,29737.75,29733.0,29734.75,339
2026-09-17 13:17:00-04:00,29739.0,29739.0,29739.5,29733.5,29736.0,477
2026-09-17 13:18:00-04:00,29736.75,29736.75,29739.0,29734.5,29738.5,417
2026-09-17 13:19:00-04:00,29738.75,29738.75,29743.5,29735.75,29736.5,450
2026-09-17 13:20:00-04:00,29733.0,29733.0,29743.25,29732.25,29739.25,831
2026-09-17 13:21:00-04:00,29724.25,29724.25,29733.0,29722.0,29732.75,1094
2026-09-17 13:22:00-04:00,29729.0,29729.0,29733.0,29723.5,29723.75,672
2026-09-17 13:23:00-04:00,29728.0,29728.0,29734.75,29726.5,29729.0,478
2026-09-17 13:24:00-04:00,29725.5,29725.5,29734.25,29722.5,29728.0,529
2026-09-17 13:25:00-04:00,29729.25,29729.25,29730.25,29724.5,29725.75,316
2026-09-17 13:26:00-04:00,29725.75,29725.75,29729.0,29721.25,29729.0,318
2026-09-17 13:27:00-04:00,29732.0,29732.0,29734.25,29726.0,29726.0,533
2026-09-17 13:28:00-04:00,29725.25,29725.25,29732.25,29724.0,29732.0,292
2026-09-17 13:29:00-04:00,29726.0,29726.0,29727.0,29722.0,29725.0,388
2026-09-17 13:30:00-04:00,29720.25,29720.25,29728.75,29717.25,29726.75,781
2026-09-17 13:31:00-04:00,29720.25,29720.25,29723.0,29717.5,29718.75,453
2026-09-17 13:32:00-04:00,29727.0,29727.0,29727.5,29719.75,29720.0,355
2026-09-17 13:33:00-04:00,29727.5,29727.5,29729.75,29724.75,29726.5,387
2026-09-17 13:34:00-04:00,29732.25,29732.25,29733.25,29727.25,29727.25,477
2026-09-17 13:35:00-04:00,29733.75,29733.75,29736.25,29730.25,29731.75,368
2026-09-17 13:36:00-04:00,29731.0,29731.0,29733.25,29725.75,29733.25,482
2026-09-17 13:37:00-04:00,29724.5,29724.5,29734.0,29723.75,29730.5,272
2026-09-17 13:38:00-04:00,29725.25,29725.25,29729.0,29723.75,29724.25,508
2026-09-17 13:39:00-04:00,29723.75,29723.75,29728.25,29723.25,29726.0,290
2026-09-17 13:40:00-04:00,29727.0,29727.0,29731.0,29723.5,29723.5,420
2026-09-17 13:41:00-04:00,29734.25,29734.25,29736.75,29727.25,29727.25,395
2026-09-17 13:42:00-04:00,29737.75,29737.75,29738.75,29731.5,29733.75,629
2026-09-17 13:43:00-04:00,29735.75,29735.75,29737.75,29735.0,29737.75,236
2026-09-17 13:44:00-04:00,29737.5,29737.5,29738.0,29734.5,29735.75,263
2026-09-17 13:45:00-04:00,29737.5,29737.5,29740.0,29735.25,29737.0,232
2026-09-17 13:46:00-04:00,29743.75,29743.75,29744.5,29737.25,29737.25,410
2026-09-17 13:47:00-04:00,29741.25,29741.25,29747.25,29740.75,29743.75,473
2026-09-17 13:48:00-04:00,29739.25,29739.25,29742.0,29738.5,29741.25,345
2026-09-17 13:49:00-04:00,29738.25,29738.25,29741.5,29737.75,29739.25,347
2026-09-17 13:50:00-04:00,29729.5,29729.5,29738.75,29728.75,29738.25,600
2026-09-17 13:51:00-04:00,29733.75,29733.75,29734.75,29728.5,29730.0,400
2026-09-17 13:52:00-04:00,29729.0,29729.0,29734.75,29728.25,29734.0,306
2026-09-17 13:53:00-04:00,29730.5,29730.5,29732.25,29727.5,29729.0,309
2026-09-17 13:54:00-04:00,29730.75,29730.75,29732.5,29729.25,29731.25,253
2026-09-17 13:55:00-04:00,29731.0,29731.0,29733.5,29730.0,29731.25,278
2026-09-17 13:56:00-04:00,29732.25,29732.25,29733.0,29729.75,29731.25,220
2026-09-17 13:57:00-04:00,29734.25,29734.25,29739.0,29731.75,29732.0,764
2026-09-17 13:58:00-04:00,29739.5,29739.5,29741.5,29734.25,29734.25,449
2026-09-17 13:59:00-04:00,29742.5,29742.5,29743.0,29737.0,29739.25,291
2026-09-17 14:00:00-04:00,29737.75,29737.75,29743.0,29737.0,29742.5,356
2026-09-17 14:01:00-04:00,29738.75,29738.75,29738.75,29734.75,29737.5,302
2026-09-17 14:02:00-04:00,29734.25,29734.25,29740.75,29733.75,29738.5,407
2026-09-17 14:03:00-04:00,29743.25,29743.25,29744.0,29733.0,29734.25,400
2026-09-17 14:04:00-04:00,29741.0,29741.0,29744.0,29740.0,29742.75,409
2026-09-17 14:05:00-04:00,29743.0,29743.0,29747.5,29740.75,29741.5,630
2026-09-17 14:06:00-04:00,29737.75,29737.75,29745.0,29736.25,29743.75,411
2026-09-17 14:07:00-04:00,29731.25,29731.25,29739.0,29730.25,29738.0,585
2026-09-17 14:08:00-04:00,29729.75,29729.75,29732.25,29728.0,29731.5,328
2026-09-17 14:09:00-04:00,29728.25,29728.25,29730.75,29724.5,29729.75,517
2026-09-17 14:10:00-04:00,29728.75,29728.75,29729.0,29724.5,29728.0,546
2026-09-17 14:11:00-04:00,29725.5,29725.5,29732.25,29725.0,29728.5,485
2026-09-17 14:12:00-04:00,29731.0,29731.0,29732.25,29725.5,29725.5,299
2026-09-17 14:13:00-04:00,29730.5,29730.5,29733.0,29726.75,29731.0,412
2026-09-17 14:14:00-04:00,29729.75,29729.75,29734.0,29729.75,29730.5,363
2026-09-17 14:15:00-04:00,29737.0,29737.0,29737.25,29729.75,29730.0,405
2026-09-17 14:16:00-04:00,29730.0,29730.0,29740.0,29729.75,29736.75,595
2026-09-17 14:17:00-04:00,29725.5,29725.5,29731.25,29725.25,29730.0,580
2026-09-17 14:18:00-04:00,29726.0,29726.0,29726.75,29720.5,29726.0,613
2026-09-17 14:19:00-04:00,29735.75,29735.75,29737.0,29726.0,29726.25,607
2026-09-17 14:20:00-04:00,29733.5,29733.5,29738.5,29733.0,29735.75,408
2026-09-17 14:21:00-04:00,29729.25,29729.25,29735.0,29728.5,29733.75,353
2026-09-17 14:22:00-04:00,29730.75,29730.75,29731.75,29726.25,29729.0,426
2026-09-17 14:23:00-04:00,29729.5,29729.5,29731.0,29728.0,29731.0,231
2026-09-17 14:24:00-04:00,29724.25,29724.25,29730.5,29722.75,29730.0,615
2026-09-17 14:25:00-04:00,29726.0,29726.0,29729.75,29723.25,29724.25,480
2026-09-17 14:26:00-04:00,29728.25,29728.25,29729.25,29725.75,29725.75,303
2026-09-17 14:27:00-04:00,29728.5,29728.5,29731.25,29727.75,29728.5,303
2026-09-17 14:28:00-04:00,29729.25,29729.25,29730.0,29725.5,29729.25,306
2026-09-17 14:29:00-04:00,29726.25,29726.25,29730.25,29726.25,29729.75,321
2026-09-17 14:30:00-04:00,29729.75,29729.75,29734.25,29726.75,29726.75,565
2026-09-17 14:31:00-04:00,29725.75,29725.75,29731.75,29725.75,29729.75,470
2026-09-17 14:32:00-04:00,29724.75,29724.75,29730.25,29724.25,29725.75,380
2026-09-17 14:33:00-04:00,29724.5,29724.5,29727.5,29724.0,29725.25,328
2026-09-17 14:34:00-04:00,29721.75,29721.75,29725.0,29720.75,29724.25,451
2026-09-17 14:35:00-04:00,29720.0,29720.0,29723.0,29718.25,29722.0,602
2026-09-17 14:36:00-04:00,29709.0,29709.0,29721.0,29709.0,29719.75,1174
2026-09-17 14:37:00-04:00,29713.75,29713.75,29715.5,29709.0,29709.0,591
2026-09-17 14:38:00-04:00,29711.0,29711.0,29714.25,29710.25,29714.25,399
2026-09-17 14:39:00-04:00,29709.75,29709.75,29713.0,29708.25,29710.75,570
2026-09-17 14:40:00-04:00,29713.0,29713.0,29713.25,29705.0,29709.5,725
2026-09-17 14:41:00-04:00,29712.0,29712.0,29716.5,29711.25,29712.75,554
2026-09-17 14:42:00-04:00,29711.75,29711.75,29713.75,29708.5,29712.0,806
2026-09-17 14:43:00-04:00,29712.0,29712.0,29714.75,29711.25,29711.75,308
2026-09-17 14:44:00-04:00,29717.0,29717.0,29718.0,29711.5,29712.0,430
2026-09-17 14:45:00-04:00,29719.0,29719.0,29722.0,29715.0,29716.5,567
2026-09-17 14:46:00-04:00,29718.5,29718.5,29720.25,29716.5,29718.5,365
2026-09-17 14:47:00-04:00,29719.0,29719.0,29719.25,29716.25,29718.0,376
2026-09-17 14:48:00-04:00,29724.5,29724.5,29725.75,29718.75,29719.5,518
2026-09-17 14:49:00-04:00,29721.5,29721.5,29728.5,29721.0,29724.75,541
2026-09-17 14:50:00-04:00,29723.5,29723.5,29724.0,29720.75,29721.0,303
2026-09-17 14:51:00-04:00,29725.25,29725.25,29726.0,29722.25,29724.25,406
2026-09-17 14:52:00-04:00,29718.0,29718.0,29726.0,29717.75,29725.0,378
2026-09-17 14:53:00-04:00,29718.75,29718.75,29720.25,29716.0,29718.0,410
2026-09-17 14:54:00-04:00,29720.5,29720.5,29721.25,29716.5,29718.5,284
2026-09-17 14:55:00-04:00,29718.25,29718.25,29725.0,29718.0,29720.5,478
2026-09-17 14:56:00-04:00,29717.75,29717.75,29719.5,29715.0,29718.25,487
2026-09-17 14:57:00-04:00,29722.25,29722.25,29723.25,29717.5,29718.25,590
2026-09-17 14:58:00-04:00,29721.75,29721.75,29724.0,29719.25,29722.25,338
2026-09-17 14:59:00-04:00,29722.0,29722.0,29723.0,29719.25,29721.75,291
2026-09-17 15:00:00-04:00,29733.0,29733.0,29733.5,29720.0,29722.0,957
2026-09-17 15:01:00-04:00,29729.5,29729.5,29732.5,29727.75,29732.5,498
2026-09-17 15:02:00-04:00,29730.0,29730.0,29730.5,29725.25,29730.0,459
2026-09-17 15:03:00-04:00,29731.25,29731.25,29733.0,29728.5,29730.25,483
2026-09-17 15:04:00-04:00,29735.0,29735.0,29736.75,29730.75,29731.0,557
2026-09-17 15:05:00-04:00,29745.25,29745.25,29746.0,29735.25,29735.25,1088
2026-09-17 15:06:00-04:00,29749.25,29749.25,29751.0,29741.75,29745.0,953
2026-09-17 15:07:00-04:00,29747.0,29747.0,29749.5,29743.5,29749.25,509
2026-09-17 15:08:00-04:00,29744.0,29744.0,29747.5,29743.25,29746.75,430
2026-09-17 15:09:00-04:00,29739.25,29739.25,29744.25,29735.25,29743.75,973
2026-09-17 15:10:00-04:00,29739.0,29739.0,29741.25,29736.5,29739.5,503
2026-09-17 15:11:00-04:00,29737.75,29737.75,29740.25,29734.5,29739.0,406
2026-09-17 15:12:00-04:00,29739.25,29739.25,29740.0,29735.25,29737.5,489
2026-09-17 15:13:00-04:00,29744.5,29744.5,29744.75,29737.75,29739.0,463
2026-09-17 15:14:00-04:00,29740.0,29740.0,29746.0,29739.5,29745.0,441
2026-09-17 15:15:00-04:00,29740.5,29740.5,29742.5,29739.25,29740.25,377
2026-09-17 15:16:00-04:00,29739.0,29739.0,29741.75,29736.75,29740.75,492
2026-09-17 15:17:00-04:00,29740.5,29740.5,29741.0,29737.5,29739.0,387
2026-09-17 15:18:00-04:00,29744.75,29744.75,29746.0,29739.75,29740.5,436
2026-09-17 15:19:00-04:00,29743.75,29743.75,29746.5,29742.5,29744.75,394
2026-09-17 15:20:00-04:00,29745.0,29745.0,29746.0,29743.0,29744.0,335
2026-09-17 15:21:00-04:00,29743.0,29743.0,29746.25,29742.0,29745.25,502
2026-09-17 15:22:00-04:00,29740.25,29740.25,29743.25,29740.0,29743.0,299
2026-09-17 15:23:00-04:00,29740.5,29740.5,29741.75,29738.5,29741.0,429
2026-09-17 15:24:00-04:00,29735.25,29735.25,29740.75,29734.0,29740.5,535
2026-09-17 15:25:00-04:00,29739.0,29739.0,29739.0,29732.5,29735.0,605
2026-09-17 15:26:00-04:00,29732.25,29732.25,29738.5,29731.5,29738.5,400
2026-09-17 15:27:00-04:00,29731.25,29731.25,29733.5,29728.25,29732.5,616
2026-09-17 15:28:00-04:00,29733.75,29733.75,29734.75,29730.5,29731.5,373
2026-09-17 15:29:00-04:00,29732.0,29732.0,29734.0,29730.75,29733.5,425
2026-09-17 15:30:00-04:00,29746.5,29746.5,29747.0,29730.75,29732.0,1087
2026-09-17 15:31:00-04:00,29752.0,29752.0,29754.0,29745.0,29746.25,968
2026-09-17 15:32:00-04:00,29752.0,29752.0,29753.0,29748.0,29751.5,575
2026-09-17 15:33:00-04:00,29750.5,29750.5,29752.5,29749.0,29751.75,532
2026-09-17 15:34:00-04:00,29752.5,29752.5,29753.0,29747.5,29750.75,419
2026-09-17 15:35:00-04:00,29754.5,29754.5,29757.75,29752.0,29752.75,837
2026-09-17 15:36:00-04:00,29756.25,29756.25,29760.5,29754.25,29755.0,765
2026-09-17 15:37:00-04:00,29758.5,29758.5,29759.75,29755.75,29756.25,515
2026-09-17 15:38:00-04:00,29757.75,29757.75,29760.75,29755.75,29758.25,661
2026-09-17 15:39:00-04:00,29758.0,29758.0,29758.5,29755.0,29757.75,385
2026-09-17 15:40:00-04:00,29754.75,29754.75,29759.5,29753.75,29758.25,649
2026-09-17 15:41:00-04:00,29751.75,29751.75,29757.75,29750.75,29754.5,732
2026-09-17 15:42:00-04:00,29752.25,29752.25,29753.25,29746.5,29751.75,722
2026-09-17 15:43:00-04:00,29757.0,29757.0,29758.0,29752.5,29752.5,586
2026-09-17 15:44:00-04:00,29763.25,29763.25,29770.0,29757.0,29757.25,1141
2026-09-17 15:45:00-04:00,29759.75,29759.75,29765.5,29755.75,29763.5,1013
2026-09-17 15:46:00-04:00,29752.0,29752.0,29761.25,29750.75,29759.5,631
2026-09-17 15:47:00-04:00,29753.5,29753.5,29754.25,29749.5,29752.0,642
2026-09-17 15:48:00-04:00,29754.5,29754.5,29755.5,29751.0,29753.0,536
2026-09-17 15:49:00-04:00,29753.5,29753.5,29757.0,29752.0,29755.0,718
2026-09-17 15:50:00-04:00,29767.0,29767.0,29769.0,29753.5,29753.5,2143
2026-09-17 15:51:00-04:00,29781.0,29781.0,29783.0,29766.25,29767.25,1689
2026-09-17 15:52:00-04:00,29780.0,29780.0,29781.75,29773.75,29781.0,1271
2026-09-17 15:53:00-04:00,29788.25,29788.25,29791.5,29777.25,29779.75,1797
2026-09-17 15:54:00-04:00,29769.25,29769.25,29793.25,29768.25,29788.5,2564
2026-09-17 15:55:00-04:00,29769.0,29769.0,29775.25,29762.0,29769.75,2292
2026-09-17 15:56:00-04:00,29773.5,29773.5,29773.5,29767.25,29768.5,1460
2026-09-17 15:57:00-04:00,29767.5,29767.5,29775.0,29766.5,29773.0,1975
2026-09-17 15:58:00-04:00,29759.0,29759.0,29768.25,29756.0,29767.25,2624
2026-09-17 15:59:00-04:00,29744.5,29744.5,29759.5,29731.5,29759.0,12868
2026-09-17 16:00:00-04:00,29739.5,29739.5,29748.25,29736.5,29744.5,3170
2026-09-17 16:01:00-04:00,29741.75,29741.75,29745.5,29734.25,29739.25,1314
2026-09-17 16:02:00-04:00,29742.5,29742.5,29744.0,29738.75,29741.25,759
2026-09-17 16:03:00-04:00,29739.75,29739.75,29744.25,29739.5,29742.5,688
2026-09-17 16:04:00-04:00,29737.25,29737.25,29741.25,29737.0,29740.0,509
2026-09-17 16:05:00-04:00,29744.5,29744.5,29744.5,29737.0,29737.5,648
2026-09-17 16:06:00-04:00,29739.0,29739.0,29744.75,29735.5,29744.25,467
2026-09-17 16:07:00-04:00,29743.5,29743.5,29744.5,29738.5,29739.25,304
2026-09-17 16:08:00-04:00,29740.25,29740.25,29744.75,29740.25,29743.5,282
2026-09-17 16:09:00-04:00,29743.5,29743.5,29743.75,29737.0,29740.5,558
2026-09-17 16:10:00-04:00,29740.75,29740.75,29744.5,29739.5,29743.25,412
2026-09-17 16:11:00-04:00,29738.75,29738.75,29742.5,29738.25,29740.75,347
2026-09-17 16:12:00-04:00,29733.75,29733.75,29739.75,29733.5,29739.0,357
2026-09-17 16:13:00-04:00,29731.5,29731.5,29735.75,29731.25,29733.75,289
2026-09-17 16:14:00-04:00,29724.75,29724.75,29732.25,29723.5,29731.5,878
2026-09-17 16:15:00-04:00,29724.0,29724.0,29728.25,29722.5,29724.25,357
2026-09-17 16:16:00-04:00,29718.25,29718.25,29726.25,29716.75,29724.25,587
2026-09-17 16:17:00-04:00,29721.0,29721.0,29721.75,29716.0,29718.0,267
2026-09-17 16:18:00-04:00,29721.25,29721.25,29724.5,29720.0,29721.0,187
2026-09-17 16:19:00-04:00,29716.5,29716.5,29723.25,29716.5,29721.0,119
2026-09-17 16:20:00-04:00,29716.25,29716.25,29719.5,29715.75,29716.75,171
2026-09-17 16:21:00-04:00,29717.0,29717.0,29719.5,29715.0,29715.75,116
2026-09-17 16:22:00-04:00,29718.5,29718.5,29719.0,29715.25,29716.5,353
2026-09-17 16:23:00-04:00,29716.5,29716.5,29719.5,29716.5,29717.75,113
2026-09-17 16:24:00-04:00,29718.0,29718.0,29718.75,29715.0,29716.25,255
2026-09-17 16:25:00-04:00,29717.75,29717.75,29718.0,29715.5,29718.0,98
2026-09-17 16:26:00-04:00,29715.75,29715.75,29718.5,29715.0,29717.5,95
2026-09-17 16:27:00-04:00,29717.75,29717.75,29718.0,29715.0,29716.25,116
2026-09-17 16:28:00-04:00,29716.75,29716.75,29719.0,29715.25,29717.5,126
2026-09-17 16:29:00-04:00,29715.0,29715.0,29717.5,29715.0,29716.5,47
2026-09-17 16:30:00-04:00,29714.75,29714.75,29717.0,29714.5,29715.25,66
2026-09-17 16:31:00-04:00,29716.75,29716.75,29717.25,29714.5,29714.5,63
2026-09-17 16:32:00-04:00,29716.75,29716.75,29717.75,29715.5,29716.5,118
2026-09-17 16:33:00-04:00,29718.0,29718.0,29718.0,29716.25,29716.75,36
2026-09-17 16:34:00-04:00,29717.75,29717.75,29718.5,29715.25,29718.0,81
2026-09-17 16:35:00-04:00,29716.25,29716.25,29720.5,29716.25,29717.5,215
2026-09-17 16:36:00-04:00,29720.0,29720.0,29720.5,29716.75,29716.75,89
2026-09-17 16:37:00-04:00,29720.75,29720.75,29722.25,29719.75,29719.75,124
2026-09-17 16:38:00-04:00,29719.25,29719.25,29722.0,29719.0,29720.5,133
2026-09-17 16:39:00-04:00,29720.25,29720.25,29721.25,29719.0,29719.0,60
2026-09-17 16:40:00-04:00,29720.75,29720.75,29721.75,29719.75,29720.0,60
2026-09-17 16:41:00-04:00,29720.0,29720.0,29721.0,29719.5,29720.25,67
2026-09-17 16:42:00-04:00,29717.0,29717.0,29720.5,29717.0,29719.75,85
2026-09-17 16:43:00-04:00,29716.0,29716.0,29717.25,29714.75,29716.5,87
2026-09-17 16:44:00-04:00,29715.5,29715.5,29716.5,29714.5,29715.75,80
2026-09-17 16:45:00-04:00,29714.5,29714.5,29716.5,29714.5,29715.75,141
2026-09-17 16:46:00-04:00,29717.0,29717.0,29717.5,29714.25,29714.5,77
2026-09-17 16:47:00-04:00,29717.25,29717.25,29718.0,29716.75,29717.25,65
2026-09-17 16:48:00-04:00,29719.75,29719.75,29720.0,29717.25,29717.5,84
2026-09-17 16:49:00-04:00,29716.5,29716.5,29720.25,29715.5,29720.25,129
2026-09-17 16:50:00-04:00,29712.75,29712.75,29716.75,29712.5,29716.25,121
2026-09-17 16:51:00-04:00,29718.0,29718.0,29718.5,29712.75,29712.75,141
2026-09-17 16:52:00-04:00,29718.75,29718.75,29720.0,29718.25,29718.5,75
2026-09-17 16:53:00-04:00,29720.75,29720.75,29721.25,29719.25,29719.25,46
2026-09-17 16:54:00-04:00,29721.0,29721.0,29723.0,29719.75,29722.0,58
2026-09-17 16:55:00-04:00,29722.0,29722.0,29722.25,29720.0,29720.5,77
2026-09-17 16:56:00-04:00,29723.25,29723.25,29723.75,29720.5,29721.75,67
2026-09-17 16:57:00-04:00,29723.25,29723.25,29725.75,29722.5,29722.5,123
2026-09-17 16:58:00-04:00,29723.25,29723.25,29725.5,29722.5,29722.75,51
2026-09-17 16:59:00-04:00,29720.5,29720.5,29723.25,29717.25,29723.25,89
2026-09-17 18:00:00-04:00,29717.0,29717.0,29728.5,29713.5,29723.75,0
2026-09-17 18:01:00-04:00,29718.5,29718.5,29718.75,29711.5,29717.5,171
2026-09-17 18:02:00-04:00,29708.5,29708.5,29716.75,29708.5,29716.5,145
2026-09-17 18:03:00-04:00,29708.75,29708.75,29709.75,29706.75,29709.0,62
2026-09-17 18:04:00-04:00,29707.0,29707.0,29710.0,29707.0,29709.0,27
2026-09-17 18:05:00-04:00,29709.25,29709.25,29711.5,29704.25,29707.75,157
2026-09-17 18:06:00-04:00,29708.25,29708.25,29710.0,29706.25,29710.0,35
2026-09-17 18:07:00-04:00,29703.5,29703.5,29706.5,29701.5,29706.5,110
2026-09-17 18:08:00-04:00,29698.5,29698.5,29704.5,29696.25,29704.0,224
2026-09-17 18:09:00-04:00,29699.25,29699.25,29700.0,29696.5,29698.5,58
2026-09-17 18:10:00-04:00,29699.25,29699.25,29702.0,29699.0,29700.25,115
2026-09-17 18:11:00-04:00,29701.5,29701.5,29701.75,29699.25,29699.75,85
2026-09-17 18:12:00-04:00,29702.75,29702.75,29705.0,29699.25,29700.5,56
2026-09-17 18:13:00-04:00,29703.25,29703.25,29703.75,29700.75,29702.75,46
2026-09-17 18:14:00-04:00,29704.25,29704.25,29706.75,29703.5,29703.5,57
2026-09-17 18:15:00-04:00,29701.25,29701.25,29705.25,29701.25,29704.25,25
2026-09-17 18:16:00-04:00,29697.0,29697.0,29702.5,29695.25,29701.25,91
2026-09-17 18:17:00-04:00,29694.0,29694.0,29698.75,29690.0,29697.75,142
2026-09-17 18:18:00-04:00,29699.0,29699.0,29700.0,29694.75,29694.75,71
2026-09-17 18:19:00-04:00,29699.0,29699.0,29700.0,29697.75,29700.0,40
2026-09-17 18:20:00-04:00,29694.5,29694.5,29702.25,29690.75,29699.75,143
2026-09-17 18:21:00-04:00,29695.0,29695.0,29696.25,29692.75,29695.5,38
2026-09-17 18:22:00-04:00,29692.5,29692.5,29695.25,29692.0,29695.25,43
2026-09-17 18:23:00-04:00,29691.25,29691.25,29693.75,29689.5,29693.0,86
2026-09-17 18:24:00-04:00,29694.0,29694.0,29694.0,29691.25,29691.25,21
2026-09-17 18:25:00-04:00,29691.75,29691.75,29696.75,29691.5,29694.0,70
2026-09-17 18:26:00-04:00,29690.0,29690.0,29694.0,29688.25,29692.5,76
2026-09-17 18:27:00-04:00,29689.25,29689.25,29690.75,29688.25,29689.25,58
2026-09-17 18:28:00-04:00,29686.75,29686.75,29691.0,29686.5,29690.25,113
2026-09-17 18:29:00-04:00,29683.25,29683.25,29686.5,29680.75,29686.5,178
2026-09-17 18:30:00-04:00,29681.75,29681.75,29683.75,29679.5,29682.75,66
2026-09-17 18:31:00-04:00,29683.5,29683.5,29684.0,29680.25,29681.25,130
2026-09-17 18:32:00-04:00,29679.75,29679.75,29684.0,29679.75,29683.25,57
2026-09-17 18:33:00-04:00,29675.0,29675.0,29680.0,29674.5,29680.0,124
2026-09-17 18:34:00-04:00,29678.5,29678.5,29678.5,29675.5,29675.5,58
2026-09-17 18:35:00-04:00,29676.5,29676.5,29678.0,29676.5,29677.75,24
2026-09-17 18:36:00-04:00,29682.5,29682.5,29687.25,29677.25,29677.25,214
2026-09-17 18:37:00-04:00,29684.5,29684.5,29684.75,29680.75,29682.25,172
2026-09-17 18:38:00-04:00,29683.0,29683.0,29684.25,29680.75,29683.5,56
2026-09-17 18:39:00-04:00,29681.75,29681.75,29686.0,29679.75,29681.75,219
2026-09-17 18:40:00-04:00,29678.0,29678.0,29683.75,29677.5,29681.5,83
2026-09-17 18:41:00-04:00,29681.25,29681.25,29682.0,29677.25,29677.75,61
2026-09-17 18:42:00-04:00,29678.0,29678.0,29681.25,29676.0,29681.25,98
2026-09-17 18:43:00-04:00,29679.25,29679.25,29679.75,29677.0,29678.75,35
2026-09-17 18:44:00-04:00,29681.25,29681.25,29682.0,29678.0,29679.0,29
2026-09-17 18:45:00-04:00,29683.25,29683.25,29683.25,29680.75,29681.75,23
2026-09-17 18:46:00-04:00,29683.0,29683.0,29683.0,29679.25,29683.0,60
2026-09-17 18:47:00-04:00,29680.5,29680.5,29683.75,29680.0,29682.25,61
2026-09-17 18:48:00-04:00,29681.75,29681.75,29683.25,29680.75,29681.0,48
2026-09-17 18:49:00-04:00,29683.5,29683.5,29683.5,29681.5,29682.25,25
2026-09-17 18:50:00-04:00,29681.0,29681.0,29683.25,29678.75,29683.25,45
2026-09-17 18:51:00-04:00,29679.5,29679.5,29680.5,29677.0,29680.5,61
2026-09-17 18:52:00-04:00,29680.0,29680.0,29681.0,29679.5,29679.5,25
2026-09-17 18:53:00-04:00,29677.5,29677.5,29680.25,29675.75,29680.0,76
2026-09-17 18:54:00-04:00,29674.5,29674.5,29678.75,29674.0,29678.25,106
2026-09-17 18:55:00-04:00,29681.0,29681.0,29683.75,29674.25,29675.5,108
2026-09-17 18:56:00-04:00,29682.5,29682.5,29683.25,29679.5,29681.25,24
2026-09-17 18:57:00-04:00,29684.0,29684.0,29684.0,29681.25,29683.0,28
2026-09-17 18:58:00-04:00,29687.0,29687.0,29688.25,29684.0,29684.0,123
2026-09-17 18:59:00-04:00,29687.5,29687.5,29689.0,29685.25,29686.5,79
2026-09-17 19:00:00-04:00,29691.25,29691.25,29693.0,29686.75,29686.75,132
2026-09-17 19:01:00-04:00,29692.75,29692.75,29696.5,29690.25,29690.75,175
2026-09-17 19:02:00-04:00,29694.25,29694.25,29694.25,29692.0,29692.75,43
2026-09-17 19:03:00-04:00,29695.75,29695.75,29697.75,29694.0,29694.5,164
2026-09-17 19:04:00-04:00,29698.0,29698.0,29700.75,29695.5,29695.75,219
2026-09-17 19:05:00-04:00,29704.5,29704.5,29708.0,29698.0,29698.0,216
2026-09-17 19:06:00-04:00,29705.0,29705.0,29706.75,29703.75,29704.5,75
2026-09-17 19:07:00-04:00,29704.0,29704.0,29706.0,29704.0,29704.75,49
2026-09-17 19:08:00-04:00,29705.25,29705.25,29707.0,29704.0,29704.0,46
2026-09-17 19:09:00-04:00,29706.75,29706.75,29707.75,29704.75,29705.25,64
2026-09-17 19:10:00-04:00,29709.75,29709.75,29712.0,29706.5,29706.5,197
2026-09-17 19:11:00-04:00,29704.5,29704.5,29711.75,29702.0,29710.5,117
2026-09-17 19:12:00-04:00,29701.75,29701.75,29704.5,29701.5,29703.5,71
2026-09-17 19:13:00-04:00,29695.0,29695.0,29702.75,29692.0,29701.5,190
2026-09-17 19:14:00-04:00,29693.0,29693.0,29696.0,29692.75,29695.75,52
2026-09-17 19:15:00-04:00,29692.75,29692.75,29696.75,29690.75,29693.0,115
2026-09-17 19:16:00-04:00,29687.5,29687.5,29694.5,29686.0,29693.25,124
2026-09-17 19:17:00-04:00,29692.5,29692.5,29693.0,29687.75,29688.75,80
2026-09-17 19:18:00-04:00,29694.5,29694.5,29694.5,29692.25,29692.25,40
2026-09-17 19:19:00-04:00,29694.5,29694.5,29697.0,29694.0,29694.0,20
2026-09-17 19:20:00-04:00,29696.0,29696.0,29697.25,29694.0,29694.0,43
2026-09-17 19:21:00-04:00,29694.75,29694.75,29698.75,29694.75,29696.75,37
2026-09-17 19:22:00-04:00,29698.5,29698.5,29698.5,29694.5,29694.5,23
2026-09-17 19:23:00-04:00,29699.75,29699.75,29703.75,29698.25,29698.25,105
2026-09-17 19:24:00-04:00,29697.75,29697.75,29701.0,29697.75,29700.5,26
2026-09-17 19:25:00-04:00,29694.0,29694.0,29699.5,29694.0,29698.5,51
2026-09-17 19:26:00-04:00,29691.5,29691.5,29695.5,29690.5,29694.5,53
2026-09-17 19:27:00-04:00,29692.5,29692.5,29693.0,29689.0,29690.75,83
2026-09-17 19:28:00-04:00,29692.0,29692.0,29693.0,29690.5,29691.75,24
2026-09-17 19:29:00-04:00,29690.0,29690.0,29691.5,29688.75,29691.5,18
2026-09-17 19:30:00-04:00,29693.25,29693.25,29695.0,29687.5,29690.25,83
2026-09-17 19:31:00-04:00,29691.75,29691.75,29694.0,29690.25,29694.0,37
2026-09-17 19:32:00-04:00,29693.25,29693.25,29694.25,29691.75,29692.5,15
2026-09-17 19:33:00-04:00,29696.0,29696.0,29696.0,29691.5,29693.0,22
2026-09-17 19:34:00-04:00,29696.75,29696.75,29697.5,29694.75,29696.25,23
2026-09-17 19:35:00-04:00,29695.5,29695.5,29697.25,29695.5,29696.0,12
2026-09-17 19:36:00-04:00,29695.25,29695.25,29695.5,29693.5,29695.25,29
2026-09-17 19:37:00-04:00,29699.25,29699.25,29701.25,29695.75,29695.75,48
2026-09-17 19:38:00-04:00,29698.5,29698.5,29700.0,29695.0,29698.0,31
2026-09-17 19:39:00-04:00,29698.0,29698.0,29699.5,29696.5,29698.0,17
2026-09-17 19:40:00-04:00,29698.5,29698.5,29700.5,29697.75,29698.5,28
2026-09-17 19:41:00-04:00,29702.0,29702.0,29704.0,29698.25,29699.75,68
2026-09-17 19:42:00-04:00,29702.25,29702.25,29705.0,29701.75,29701.75,35
2026-09-17 19:43:00-04:00,29695.5,29695.5,29703.0,29693.75,29702.0,71
2026-09-17 19:44:00-04:00,29698.5,29698.5,29699.25,29695.0,29696.25,51
2026-09-17 19:45:00-04:00,29696.5,29696.5,29702.0,29690.0,29697.5,132
2026-09-17 19:46:00-04:00,29695.75,29695.75,29696.75,29692.25,29695.5,63
2026-09-17 19:47:00-04:00,29695.25,29695.25,29702.25,29693.75,29697.5,45
2026-09-17 19:48:00-04:00,29692.5,29692.5,29697.5,29692.25,29695.25,58
2026-09-17 19:49:00-04:00,29698.25,29698.25,29698.75,29693.5,29693.5,23
2026-09-17 19:50:00-04:00,29696.0,29696.0,29698.5,29695.5,29697.5,28
2026-09-17 19:51:00-04:00,29697.25,29697.25,29699.25,29695.25,29696.75,31
2026-09-17 19:52:00-04:00,29697.75,29697.75,29699.0,29695.5,29695.5,26
2026-09-17 19:53:00-04:00,29698.5,29698.5,29700.25,29697.25,29697.25,50
2026-09-17 19:54:00-04:00,29699.5,29699.5,29702.0,29699.25,29699.25,26
2026-09-17 19:55:00-04:00,29698.0,29698.0,29701.75,29696.5,29699.5,36
2026-09-17 19:56:00-04:00,29699.5,29699.5,29701.25,29698.5,29698.75,23
2026-09-17 19:57:00-04:00,29699.0,29699.0,29699.25,29696.5,29699.25,33
2026-09-17 19:58:00-04:00,29697.0,29697.0,29698.25,29695.25,29698.0,23
2026-09-17 19:59:00-04:00,29696.5,29696.5,29700.0,29696.5,29697.75,40
2026-09-17 20:00:00-04:00,29691.25,29691.25,29701.0,29688.0,29697.25,343
2026-09-17 20:01:00-04:00,29705.5,29705.5,29706.5,29689.75,29691.25,254
2026-09-17 20:02:00-04:00,29701.0,29701.0,29708.0,29697.5,29706.0,117
2026-09-17 20:03:00-04:00,29700.5,29700.5,29706.5,29695.0,29701.25,90
2026-09-17 20:04:00-04:00,29699.75,29699.75,29703.0,29696.5,29699.5,61
2026-09-17 20:05:00-04:00,29692.75,29692.75,29698.5,29686.5,29695.0,138
2026-09-17 20:06:00-04:00,29697.0,29697.0,29700.0,29692.0,29693.75,152
2026-09-17 20:07:00-04:00,29684.25,29684.25,29696.5,29678.75,29696.5,235
2026-09-17 20:08:00-04:00,29687.25,29687.25,29693.5,29683.75,29685.25,153
2026-09-17 20:09:00-04:00,29691.0,29691.0,29693.75,29688.5,29688.5,143
2026-09-17 20:10:00-04:00,29685.5,29685.5,29693.25,29684.25,29690.75,84
2026-09-17 20:11:00-04:00,29684.75,29684.75,29688.75,29681.25,29684.5,141
2026-09-17 20:12:00-04:00,29679.0,29679.0,29686.0,29676.0,29684.75,116
2026-09-17 20:13:00-04:00,29686.0,29686.0,29688.0,29678.75,29679.0,132
2026-09-17 20:14:00-04:00,29698.25,29698.25,29698.5,29685.75,29686.25,137
2026-09-17 20:15:00-04:00,29696.0,29696.0,29701.5,29693.5,29698.75,139
2026-09-17 20:16:00-04:00,29690.25,29690.25,29698.75,29687.5,29695.75,173
2026-09-17 20:17:00-04:00,29693.5,29693.5,29697.0,29690.75,29690.75,82
2026-09-17 20:18:00-04:00,29700.25,29700.25,29701.5,29693.25,29693.25,57
2026-09-17 20:19:00-04:00,29694.75,29694.75,29700.0,29694.0,29699.75,55
2026-09-17 20:20:00-04:00,29690.25,29690.25,29695.5,29690.25,29695.25,30
2026-09-17 20:21:00-04:00,29690.75,29690.75,29691.25,29686.0,29691.25,94
2026-09-17 20:22:00-04:00,29691.25,29691.25,29693.25,29688.75,29688.75,24
2026-09-17 20:23:00-04:00,29692.5,29692.5,29695.0,29689.5,29691.25,44
2026-09-17 20:24:00-04:00,29695.25,29695.25,29696.75,29688.75,29691.5,64
2026-09-17 20:25:00-04:00,29700.25,29700.25,29700.25,29694.5,29695.5,41
2026-09-17 20:26:00-04:00,29698.0,29698.0,29700.0,29693.5,29699.25,84
2026-09-17 20:27:00-04:00,29693.25,29693.25,29698.75,29693.0,29698.25,48
2026-09-17 20:28:00-04:00,29684.25,29684.25,29693.25,29682.5,29693.25,200
2026-09-17 20:29:00-04:00,29686.75,29686.75,29687.75,29682.25,29684.75,60
2026-09-17 20:30:00-04:00,29694.0,29694.0,29696.5,29687.5,29687.5,68
2026-09-17 20:31:00-04:00,29692.25,29692.25,29695.75,29690.5,29692.25,67
2026-09-17 20:32:00-04:00,29695.75,29695.75,29696.5,29690.0,29690.75,46
2026-09-17 20:33:00-04:00,29692.0,29692.0,29696.25,29691.75,29696.25,26
2026-09-17 20:34:00-04:00,29695.25,29695.25,29697.25,29691.5,29691.5,51
2026-09-17 20:35:00-04:00,29693.0,29693.0,29695.5,29692.25,29694.75,27
2026-09-17 20:36:00-04:00,29686.75,29686.75,29693.75,29685.0,29693.0,97
2026-09-17 20:37:00-04:00,29686.75,29686.75,29691.5,29686.25,29687.75,50
2026-09-17 20:38:00-04:00,29680.5,29680.5,29688.0,29680.0,29687.0,120
2026-09-17 20:39:00-04:00,29672.25,29672.25,29682.0,29671.75,29680.75,275
2026-09-17 20:40:00-04:00,29667.75,29667.75,29673.0,29663.75,29672.0,414
2026-09-17 20:41:00-04:00,29668.0,29668.0,29672.0,29667.25,29668.0,115
2026-09-17 20:42:00-04:00,29666.5,29666.5,29669.0,29662.25,29668.25,145
2026-09-17 20:43:00-04:00,29674.0,29674.0,29675.5,29666.5,29666.5,183
2026-09-17 20:44:00-04:00,29680.75,29680.75,29685.75,29674.5,29674.5,180
2026-09-17 20:45:00-04:00,29676.5,29676.5,29683.0,29674.25,29680.0,78
2026-09-17 20:46:00-04:00,29678.25,29678.25,29680.5,29674.25,29677.75,80
2026-09-17 20:47:00-04:00,29670.25,29670.25,29680.25,29669.5,29679.0,100
2026-09-17 20:48:00-04:00,29667.75,29667.75,29672.25,29666.25,29671.0,93
2026-09-17 20:49:00-04:00,29665.0,29665.0,29670.25,29664.5,29668.25,70
2026-09-17 20:50:00-04:00,29666.0,29666.0,29668.25,29660.5,29665.0,199
2026-09-17 20:51:00-04:00,29665.5,29665.5,29668.25,29663.75,29665.0,54
2026-09-17 20:52:00-04:00,29667.5,29667.5,29667.75,29664.5,29665.75,69
2026-09-17 20:53:00-04:00,29668.25,29668.25,29670.5,29667.25,29668.75,52
2026-09-17 20:54:00-04:00,29668.25,29668.25,29670.0,29666.75,29667.75,32
2026-09-17 20:55:00-04:00,29668.5,29668.5,29669.5,29665.25,29669.5,32
2026-09-17 20:56:00-04:00,29667.0,29667.0,29669.25,29665.75,29668.75,47
2026-09-17 20:57:00-04:00,29668.0,29668.0,29668.0,29665.0,29667.25,51
2026-09-17 20:58:00-04:00,29668.0,29668.0,29668.25,29665.75,29667.5,30
2026-09-17 20:59:00-04:00,29666.5,29666.5,29669.25,29664.75,29668.75,79
2026-09-17 21:00:00-04:00,29665.25,29665.25,29682.25,29665.0,29665.75,283
2026-09-17 21:01:00-04:00,29662.75,29662.75,29670.5,29658.25,29668.5,238
2026-09-17 21:02:00-04:00,29663.0,29663.0,29666.5,29662.0,29663.5,53
2026-09-17 21:03:00-04:00,29663.5,29663.5,29663.75,29659.25,29662.25,79
2026-09-17 21:04:00-04:00,29659.5,29659.5,29665.0,29659.0,29663.75,55
2026-09-17 21:05:00-04:00,29666.75,29666.75,29669.0,29660.0,29660.75,103
2026-09-17 21:06:00-04:00,29671.75,29671.75,29676.0,29663.5,29667.25,143
2026-09-17 21:07:00-04:00,29674.5,29674.5,29674.5,29670.25,29671.0,85
2026-09-17 21:08:00-04:00,29668.75,29668.75,29675.0,29665.75,29674.75,88
2026-09-17 21:09:00-04:00,29665.75,29665.75,29671.25,29665.75,29669.0,42
2026-09-17 21:10:00-04:00,29668.25,29668.25,29669.25,29664.25,29666.25,83
2026-09-17 21:11:00-04:00,29669.75,29669.75,29670.0,29663.25,29669.25,103
2026-09-17 21:12:00-04:00,29667.75,29667.75,29670.25,29663.5,29670.25,62
2026-09-17 21:13:00-04:00,29663.25,29663.25,29667.75,29659.75,29667.75,122
2026-09-17 21:14:00-04:00,29662.0,29662.0,29667.75,29661.75,29662.75,45
2026-09-17 21:15:00-04:00,29657.5,29657.5,29661.5,29656.0,29661.5,159
2026-09-17 21:16:00-04:00,29652.75,29652.75,29659.25,29648.0,29658.0,419
2026-09-17 21:17:00-04:00,29657.25,29657.25,29659.25,29653.0,29653.5,137
2026-09-17 21:18:00-04:00,29653.0,29653.0,29657.0,29651.75,29657.0,137
2026-09-17 21:19:00-04:00,29659.0,29659.0,29660.75,29650.5,29653.75,119
2026-09-17 21:20:00-04:00,29661.25,29661.25,29663.0,29655.0,29659.25,98
2026-09-17 21:21:00-04:00,29661.75,29661.75,29664.5,29658.0,29660.0,79
2026-09-17 21:22:00-04:00,29656.75,29656.75,29661.5,29654.25,29661.25,50
2026-09-17 21:23:00-04:00,29654.25,29654.25,29658.75,29652.5,29656.75,51
2026-09-17 21:24:00-04:00,29657.25,29657.25,29658.75,29653.0,29653.0,52
2026-09-17 21:25:00-04:00,29652.5,29652.5,29658.75,29651.0,29657.75,36
2026-09-17 21:26:00-04:00,29652.25,29652.25,29653.5,29649.25,29652.25,78
2026-09-17 21:27:00-04:00,29654.75,29654.75,29655.5,29649.5,29651.5,66
2026-09-17 21:28:00-04:00,29656.5,29656.5,29656.75,29652.25,29653.75,21
2026-09-17 21:29:00-04:00,29657.5,29657.5,29660.25,29656.25,29656.25,56
2026-09-17 21:30:00-04:00,29659.75,29659.75,29663.5,29656.0,29657.25,152
2026-09-17 21:31:00-04:00,29654.75,29654.75,29660.0,29654.25,29658.75,60
2026-09-17 21:32:00-04:00,29656.75,29656.75,29656.75,29652.0,29655.25,64
2026-09-17 21:33:00-04:00,29654.0,29654.0,29658.0,29653.5,29654.5,37
2026-09-17 21:34:00-04:00,29660.25,29660.25,29661.75,29654.0,29654.75,56
2026-09-17 21:35:00-04:00,29662.5,29662.5,29662.75,29655.0,29658.75,71
2026-09-17 21:36:00-04:00,29664.75,29664.75,29667.25,29661.25,29661.75,150
2026-09-17 21:37:00-04:00,29665.75,29665.75,29667.25,29664.25,29664.75,58
2026-09-17 21:38:00-04:00,29665.0,29665.0,29668.0,29662.0,29666.25,50
2026-09-17 21:39:00-04:00,29662.25,29662.25,29666.75,29661.5,29664.25,85
2026-09-17 21:40:00-04:00,29668.0,29668.0,29669.0,29660.5,29661.5,94
2026-09-17 21:41:00-04:00,29674.0,29674.0,29674.5,29666.75,29667.75,158
2026-09-17 21:42:00-04:00,29671.75,29671.75,29677.5,29670.5,29673.0,161
2026-09-17 21:43:00-04:00,29672.25,29672.25,29674.0,29672.0,29672.75,42
2026-09-17 21:44:00-04:00,29664.5,29664.5,29672.75,29663.0,29672.5,96
2026-09-17 21:45:00-04:00,29672.5,29672.5,29673.0,29664.5,29665.0,89
2026-09-17 21:46:00-04:00,29673.0,29673.0,29673.75,29670.5,29672.75,88
2026-09-17 21:47:00-04:00,29675.25,29675.25,29675.5,29672.25,29673.5,59
2026-09-17 21:48:00-04:00,29679.5,29679.5,29681.0,29673.75,29675.25,178
2026-09-17 21:49:00-04:00,29680.25,29680.25,29683.0,29679.75,29680.25,88
2026-09-17 21:50:00-04:00,29671.5,29671.5,29680.75,29671.5,29680.5,136
2026-09-17 21:51:00-04:00,29673.5,29673.5,29675.25,29669.5,29672.0,82
2026-09-17 21:52:00-04:00,29678.0,29678.0,29679.25,29671.25,29673.5,90
2026-09-17 21:53:00-04:00,29678.0,29678.0,29679.0,29676.0,29677.75,56
2026-09-17 21:54:00-04:00,29677.5,29677.5,29679.5,29676.5,29678.0,29
2026-09-17 21:55:00-04:00,29674.5,29674.5,29678.75,29671.75,29678.75,74
2026-09-17 21:56:00-04:00,29675.25,29675.25,29677.25,29673.75,29675.5,69
2026-09-17 21:57:00-04:00,29677.75,29677.75,29679.75,29675.25,29675.25,83
2026-09-17 21:58:00-04:00,29679.0,29679.0,29680.5,29678.0,29680.0,35
2026-09-17 21:59:00-04:00,29678.0,29678.0,29680.5,29678.0,29680.5,43
2026-09-17 22:00:00-04:00,29678.0,29678.0,29682.5,29678.0,29679.75,116
2026-09-17 22:01:00-04:00,29684.0,29684.0,29684.0,29676.5,29678.5,79
2026-09-17 22:02:00-04:00,29679.75,29679.75,29683.75,29679.75,29683.75,54
2026-09-17 22:03:00-04:00,29677.75,29677.75,29682.5,29677.25,29681.0,51
2026-09-17 22:04:00-04:00,29676.5,29676.5,29680.0,29676.0,29677.5,36
2026-09-17 22:05:00-04:00,29676.75,29676.75,29679.0,29676.25,29676.5,36
2026-09-17 22:06:00-04:00,29672.5,29672.5,29678.75,29671.0,29678.75,81
2026-09-17 22:07:00-04:00,29673.0,29673.0,29674.5,29672.25,29673.25,49
2026-09-17 22:08:00-04:00,29671.0,29671.0,29674.5,29670.5,29672.75,39
2026-09-17 22:09:00-04:00,29671.25,29671.25,29672.75,29670.25,29670.75,38
2026-09-17 22:10:00-04:00,29666.75,29666.75,29671.0,29663.0,29670.75,150
2026-09-17 22:11:00-04:00,29666.25,29666.25,29671.0,29666.25,29667.5,41
2026-09-17 22:12:00-04:00,29668.75,29668.75,29670.0,29665.25,29667.5,43
2026-09-17 22:13:00-04:00,29671.0,29671.0,29671.0,29666.5,29667.5,26
2026-09-17 22:14:00-04:00,29673.75,29673.75,29676.25,29669.25,29670.75,87
2026-09-17 22:15:00-04:00,29674.5,29674.5,29676.25,29671.5,29674.5,40
2026-09-17 22:16:00-04:00,29677.75,29677.75,29678.5,29673.75,29674.0,69
2026-09-17 22:17:00-04:00,29674.0,29674.0,29677.25,29674.0,29676.0,41
2026-09-17 22:18:00-04:00,29678.75,29678.75,29679.0,29674.0,29674.0,22
2026-09-17 22:19:00-04:00,29681.0,29681.0,29681.75,29676.75,29678.0,53
2026-09-17 22:20:00-04:00,29683.25,29683.25,29685.75,29680.0,29681.0,111
2026-09-17 22:21:00-04:00,29683.0,29683.0,29687.75,29681.0,29682.5,157
2026-09-17 22:22:00-04:00,29681.0,29681.0,29683.5,29680.0,29683.5,45
2026-09-17 22:23:00-04:00,29690.0,29690.0,29691.25,29680.25,29680.25,132
2026-09-17 22:24:00-04:00,29690.0,29690.0,29692.25,29688.0,29690.0,122
2026-09-17 22:25:00-04:00,29688.0,29688.0,29691.25,29687.5,29690.5,54
2026-09-17 22:26:00-04:00,29686.75,29686.75,29690.25,29686.75,29687.75,69
2026-09-17 22:27:00-04:00,29687.25,29687.25,29687.25,29681.25,29686.25,83
2026-09-17 22:28:00-04:00,29686.25,29686.25,29688.25,29683.75,29687.25,53
2026-09-17 22:29:00-04:00,29687.75,29687.75,29689.75,29686.5,29687.25,40
2026-09-17 22:30:00-04:00,29688.75,29688.75,29690.0,29685.25,29688.0,99
2026-09-17 22:31:00-04:00,29685.0,29685.0,29690.75,29684.0,29686.0,48
2026-09-17 22:32:00-04:00,29686.25,29686.25,29687.5,29685.0,29685.0,63
2026-09-17 22:33:00-04:00,29688.0,29688.0,29689.75,29686.0,29687.0,75
2026-09-17 22:34:00-04:00,29691.25,29691.25,29692.25,29690.0,29690.25,62
2026-09-17 22:35:00-04:00,29690.75,29690.75,29693.25,29688.5,29691.25,76
2026-09-17 22:36:00-04:00,29691.25,29691.25,29691.25,29688.75,29690.0,23
2026-09-17 22:37:00-04:00,29687.75,29687.75,29689.75,29686.75,29689.5,30
2026-09-17 22:38:00-04:00,29685.25,29685.25,29687.0,29683.75,29687.0,54
2026-09-17 22:39:00-04:00,29687.0,29687.0,29688.75,29685.75,29685.75,31
2026-09-17 22:40:00-04:00,29688.75,29688.75,29688.75,29686.5,29686.5,31
2026-09-17 22:41:00-04:00,29692.75,29692.75,29692.75,29688.5,29689.25,51
2026-09-17 22:42:00-04:00,29698.25,29698.25,29698.25,29691.5,29692.75,129
2026-09-17 22:43:00-04:00,29695.5,29695.5,29698.0,29695.0,29697.5,67
2026-09-17 22:44:00-04:00,29693.5,29693.5,29697.5,29692.0,29694.75,58
2026-09-17 22:45:00-04:00,29696.25,29696.25,29698.75,29692.0,29693.0,85
2026-09-17 22:46:00-04:00,29698.0,29698.0,29698.0,29694.75,29694.75,31
2026-09-17 22:47:00-04:00,29698.75,29698.75,29699.5,29696.5,29697.5,40
2026-09-17 22:48:00-04:00,29697.25,29697.25,29698.75,29696.75,29698.25,26
2026-09-17 22:49:00-04:00,29698.25,29698.25,29698.5,29695.25,29697.0,42
2026-09-17 22:50:00-04:00,29701.0,29701.0,29704.0,29698.25,29698.25,190
2026-09-17 22:51:00-04:00,29699.25,29699.25,29701.0,29697.75,29700.5,39
2026-09-17 22:52:00-04:00,29695.25,29695.25,29700.5,29694.5,29699.25,89
2026-09-17 22:53:00-04:00,29695.0,29695.0,29700.25,29695.0,29695.5,87
2026-09-17 22:54:00-04:00,29695.25,29695.25,29703.0,29689.75,29695.25,272
2026-09-17 22:55:00-04:00,29699.25,29699.25,29701.75,29691.25,29694.25,153
2026-09-17 22:56:00-04:00,29696.0,29696.0,29702.75,29693.0,29699.5,98
2026-09-17 22:57:00-04:00,29692.75,29692.75,29697.25,29691.0,29696.5,69
2026-09-17 22:58:00-04:00,29692.5,29692.5,29693.25,29687.25,29692.25,82
2026-09-17 22:59:00-04:00,29692.75,29692.75,29695.25,29691.75,29692.5,62
2026-09-17 23:00:00-04:00,29692.5,29692.5,29694.0,29689.0,29693.75,151
2026-09-17 23:01:00-04:00,29694.5,29694.5,29696.0,29690.75,29692.25,53
2026-09-17 23:02:00-04:00,29698.5,29698.5,29700.0,29693.25,29693.5,119
2026-09-17 23:03:00-04:00,29700.25,29700.25,29700.25,29697.75,29697.75,19
2026-09-17 23:04:00-04:00,29709.0,29709.0,29709.0,29699.25,29700.75,211
2026-09-17 23:05:00-04:00,29711.25,29711.25,29713.5,29708.0,29709.0,230
2026-09-17 23:06:00-04:00,29713.0,29713.0,29714.0,29710.75,29712.25,131
2026-09-17 23:07:00-04:00,29720.0,29720.0,29720.5,29712.25,29713.5,243
2026-09-17 23:08:00-04:00,29726.25,29726.25,29729.0,29719.75,29719.75,273
2026-09-17 23:09:00-04:00,29725.25,29725.25,29728.0,29721.0,29726.0,140
2026-09-17 23:10:00-04:00,29728.25,29728.25,29730.0,29725.0,29725.5,231
2026-09-17 23:11:00-04:00,29729.75,29729.75,29731.75,29725.75,29728.25,371
2026-09-17 23:12:00-04:00,29735.0,29735.0,29735.0,29729.5,29729.75,312
2026-09-17 23:13:00-04:00,29734.75,29734.75,29737.5,29731.75,29733.75,366
2026-09-17 23:14:00-04:00,29737.0,29737.0,29738.0,29730.0,29734.25,211
2026-09-17 23:15:00-04:00,29731.75,29731.75,29737.75,29730.25,29737.5,122
2026-09-17 23:16:00-04:00,29730.25,29730.25,29733.25,29730.25,29732.0,74
2026-09-17 23:17:00-04:00,29726.25,29726.25,29732.0,29726.0,29731.75,168
2026-09-17 23:18:00-04:00,29724.75,29724.75,29727.0,29719.5,29725.5,212
2026-09-17 23:19:00-04:00,29727.75,29727.75,29729.25,29724.25,29724.75,74
2026-09-17 23:20:00-04:00,29736.0,29736.0,29737.25,29728.75,29729.0,132
2026-09-17 23:21:00-04:00,29738.0,29738.0,29738.5,29734.75,29736.0,138
2026-09-17 23:22:00-04:00,29735.75,29735.75,29738.0,29732.75,29737.5,107
2026-09-17 23:23:00-04:00,29731.0,29731.0,29736.5,29729.5,29735.75,79
2026-09-17 23:24:00-04:00,29731.25,29731.25,29733.5,29730.75,29731.0,67
2026-09-17 23:25:00-04:00,29733.0,29733.0,29733.75,29730.0,29732.5,61
2026-09-17 23:26:00-04:00,29735.5,29735.5,29737.5,29730.0,29732.25,63
2026-09-17 23:27:00-04:00,29734.0,29734.0,29736.75,29734.0,29736.75,16
2026-09-17 23:28:00-04:00,29737.0,29737.0,29737.75,29734.5,29734.75,38
2026-09-17 23:29:00-04:00,29733.5,29733.5,29737.25,29732.5,29737.25,54
2026-09-17 23:30:00-04:00,29733.5,29733.5,29736.0,29732.0,29734.0,86
2026-09-17 23:31:00-04:00,29731.25,29731.25,29733.75,29729.25,29733.5,67
2026-09-17 23:32:00-04:00,29731.25,29731.25,29731.25,29727.25,29729.0,116
2026-09-17 23:33:00-04:00,29737.75,29737.75,29739.0,29732.0,29732.0,93
2026-09-17 23:34:00-04:00,29737.25,29737.25,29739.25,29734.5,29737.25,81
2026-09-17 23:35:00-04:00,29741.25,29741.25,29742.0,29737.5,29737.75,200
2026-09-17 23:36:00-04:00,29745.0,29745.0,29747.0,29740.25,29740.75,370
2026-09-17 23:37:00-04:00,29744.5,29744.5,29745.75,29742.25,29744.25,88
2026-09-17 23:38:00-04:00,29741.75,29741.75,29744.75,29740.25,29744.0,87
2026-09-17 23:39:00-04:00,29743.25,29743.25,29745.0,29738.5,29742.0,126
2026-09-17 23:40:00-04:00,29745.75,29745.75,29746.75,29742.25,29742.25,55
2026-09-17 23:41:00-04:00,29746.0,29746.0,29747.0,29744.5,29746.0,50
2026-09-17 23:42:00-04:00,29747.25,29747.25,29748.0,29745.0,29746.25,89
2026-09-17 23:43:00-04:00,29746.75,29746.75,29748.25,29746.0,29748.0,57
2026-09-17 23:44:00-04:00,29747.75,29747.75,29748.25,29745.75,29747.5,71
2026-09-17 23:45:00-04:00,29756.0,29756.0,29759.5,29747.75,29748.0,374
2026-09-17 23:46:00-04:00,29757.0,29757.0,29760.0,29755.5,29755.5,92
2026-09-17 23:47:00-04:00,29759.5,29759.5,29762.0,29756.5,29756.75,189
2026-09-17 23:48:00-04:00,29760.5,29760.5,29761.5,29756.75,29759.25,63
2026-09-17 23:49:00-04:00,29762.25,29762.25,29763.75,29760.0,29760.0,190
2026-09-17 23:50:00-04:00,29764.25,29764.25,29764.75,29761.0,29761.5,61
2026-09-17 23:51:00-04:00,29758.75,29758.75,29764.25,29757.25,29763.5,131
2026-09-17 23:52:00-04:00,29757.25,29757.25,29758.0,29754.25,29758.0,122
2026-09-17 23:53:00-04:00,29755.5,29755.5,29758.5,29754.25,29757.5,52
2026-09-17 23:54:00-04:00,29756.75,29756.75,29757.5,29754.5,29755.25,46
2026-09-17 23:55:00-04:00,29755.25,29755.25,29756.75,29753.25,29756.75,55
2026-09-17 23:56:00-04:00,29756.5,29756.5,29758.5,29755.5,29756.25,35
2026-09-17 23:57:00-04:00,29754.0,29754.0,29757.5,29754.0,29756.75,68
2026-09-17 23:58:00-04:00,29752.25,29752.25,29753.75,29749.75,29753.25,120
2026-09-18 00:09:00-04:00,29762.75,29762.75,29764.5,29762.0,29762.75,27
2026-09-18 00:10:00-04:00,29766.0,29766.0,29767.0,29763.25,29763.25,58
2026-09-18 00:11:00-04:00,29766.5,29766.5,29767.5,29763.5,29764.5,39
2026-09-18 00:12:00-04:00,29767.25,29767.25,29768.75,29766.75,29766.75,61
2026-09-18 00:13:00-04:00,29768.25,29768.25,29768.5,29766.75,29768.0,41
2026-09-18 00:14:00-04:00,29768.25,29768.25,29768.25,29763.25,29767.75,95
2026-09-18 00:15:00-04:00,29767.0,29767.0,29773.5,29767.0,29767.75,242
2026-09-18 00:16:00-04:00,29770.75,29770.75,29771.0,29763.5,29767.0,107
2026-09-18 00:17:00-04:00,29769.0,29769.0,29770.75,29766.75,29770.75,52
2026-09-18 00:18:00-04:00,29763.0,29763.0,29768.75,29760.75,29768.5,90
2026-09-18 00:19:00-04:00,29766.5,29766.5,29768.25,29763.0,29764.0,102
2026-09-18 00:20:00-04:00,29761.25,29761.25,29767.5,29760.75,29767.0,40
2026-09-18 00:21:00-04:00,29763.25,29763.25,29764.5,29760.0,29760.75,69
2026-09-18 00:22:00-04:00,29764.5,29764.5,29764.75,29761.75,29763.25,48
2026-09-18 00:23:00-04:00,29762.0,29762.0,29764.25,29759.0,29764.25,64
2026-09-18 00:24:00-04:00,29760.0,29760.0,29762.5,29759.75,29762.25,70
2026-09-18 00:25:00-04:00,29760.75,29760.75,29761.5,29755.0,29760.25,147
2026-09-18 00:26:00-04:00,29765.75,29765.75,29766.5,29760.75,29760.75,76
2026-09-18 00:27:00-04:00,29771.0,29771.0,29771.5,29762.25,29765.25,99
2026-09-18 00:28:00-04:00,29768.75,29768.75,29771.75,29768.25,29770.75,73
2026-09-18 00:29:00-04:00,29772.25,29772.25,29772.75,29769.5,29769.75,55
2026-09-18 00:30:00-04:00,29774.0,29774.0,29777.75,29772.25,29773.0,305
2026-09-18 00:31:00-04:00,29777.75,29777.75,29779.0,29772.75,29773.25,89
2026-09-18 00:32:00-04:00,29778.0,29778.0,29779.75,29777.25,29778.75,92
2026-09-18 00:33:00-04:00,29779.0,29779.0,29779.5,29777.5,29778.5,85
2026-09-18 00:34:00-04:00,29772.5,29772.5,29778.5,29770.75,29777.75,112
2026-09-18 00:35:00-04:00,29773.25,29773.25,29774.75,29772.25,29773.25,50
2026-09-18 00:36:00-04:00,29770.0,29770.0,29772.75,29769.0,29772.75,30
2026-09-18 00:37:00-04:00,29768.5,29768.5,29773.0,29768.0,29770.75,67
2026-09-18 00:38:00-04:00,29767.75,29767.75,29769.25,29766.5,29769.25,30
2026-09-18 00:39:00-04:00,29768.75,29768.75,29769.75,29767.75,29768.75,38
2026-09-18 00:40:00-04:00,29769.25,29769.25,29771.5,29766.5,29770.25,51
2026-09-18 00:41:00-04:00,29773.5,29773.5,29773.75,29769.5,29769.5,70
2026-09-18 00:42:00-04:00,29784.0,29784.0,29784.5,29772.5,29772.5,362
2026-09-18 00:43:00-04:00,29797.25,29797.25,29801.0,29782.0,29783.75,577
2026-09-18 00:44:00-04:00,29795.0,29795.0,29797.0,29791.0,29797.0,201
2026-09-18 00:45:00-04:00,29792.75,29792.75,29796.75,29792.0,29795.5,152
2026-09-18 00:46:00-04:00,29794.5,29794.5,29794.5,29789.25,29792.5,79
2026-09-18 00:47:00-04:00,29787.5,29787.5,29794.0,29786.0,29794.0,153
2026-09-18 00:48:00-04:00,29790.0,29790.0,29790.5,29788.0,29788.0,42
2026-09-18 00:49:00-04:00,29791.25,29791.25,29793.25,29789.5,29790.5,113
2026-09-18 00:50:00-04:00,29796.5,29796.5,29802.0,29790.5,29790.75,238
2026-09-18 00:51:00-04:00,29799.75,29799.75,29801.75,29796.25,29796.25,63
2026-09-18 00:52:00-04:00,29809.0,29809.0,29809.5,29799.5,29799.5,266
2026-09-18 00:53:00-04:00,29808.5,29808.5,29809.25,29806.5,29809.25,129
2026-09-18 00:54:00-04:00,29804.75,29804.75,29808.75,29803.75,29808.75,127
2026-09-18 00:55:00-04:00,29806.0,29806.0,29809.25,29802.5,29804.0,148
2026-09-18 00:56:00-04:00,29812.0,29812.0,29812.75,29806.5,29806.5,162
2026-09-18 00:57:00-04:00,29810.0,29810.0,29812.75,29810.0,29812.0,80
2026-09-18 00:58:00-04:00,29808.75,29808.75,29810.5,29807.0,29810.0,82
2026-09-18 00:59:00-04:00,29810.5,29810.5,29811.25,29807.0,29807.5,74
2026-09-18 01:00:00-04:00,29809.0,29809.0,29810.25,29805.75,29810.25,109
2026-09-18 01:01:00-04:00,29806.75,29806.75,29810.25,29805.0,29808.5,103
2026-09-18 01:02:00-04:00,29806.5,29806.5,29809.75,29806.5,29807.5,47
2026-09-18 01:03:00-04:00,29809.75,29809.75,29812.0,29806.5,29806.5,65
2026-09-18 01:04:00-04:00,29811.5,29811.5,29812.0,29808.0,29810.0,51
2026-09-18 01:05:00-04:00,29806.0,29806.0,29812.0,29806.0,29811.5,81
2026-09-18 01:06:00-04:00,29805.25,29805.25,29808.0,29803.25,29806.0,87
2026-09-18 01:07:00-04:00,29809.75,29809.75,29811.0,29804.75,29804.75,73
2026-09-18 01:08:00-04:00,29806.75,29806.75,29808.5,29805.5,29808.5,21
2026-09-18 01:09:00-04:00,29805.5,29805.5,29807.0,29803.0,29805.75,41
2026-09-18 01:10:00-04:00,29810.0,29810.0,29810.0,29805.75,29806.0,64
2026-09-18 01:11:00-04:00,29813.25,29813.25,29814.75,29808.25,29810.25,155
2026-09-18 01:12:00-04:00,29810.0,29810.0,29813.75,29808.0,29812.75,90
2026-09-18 01:13:00-04:00,29807.0,29807.0,29812.0,29806.75,29810.0,63
2026-09-18 01:14:00-04:00,29810.75,29810.75,29811.5,29806.5,29807.25,87
2026-09-18 01:15:00-04:00,29811.5,29811.5,29812.5,29810.25,29811.0,62
2026-09-18 01:16:00-04:00,29813.0,29813.0,29815.5,29810.5,29811.0,132
2026-09-18 01:17:00-04:00,29813.75,29813.75,29814.75,29811.5,29814.0,42
2026-09-18 01:18:00-04:00,29813.75,29813.75,29815.5,29812.75,29814.75,38
2026-09-18 01:19:00-04:00,29814.25,29814.25,29814.25,29813.0,29813.75,29
2026-09-18 01:20:00-04:00,29813.0,29813.0,29815.25,29812.75,29814.25,50
2026-09-18 01:21:00-04:00,29816.0,29816.0,29818.0,29812.5,29813.25,285
2026-09-18 01:22:00-04:00,29816.25,29816.25,29817.75,29815.0,29816.75,39
2026-09-18 01:23:00-04:00,29817.25,29817.25,29818.75,29815.75,29816.25,85
2026-09-18 01:24:00-04:00,29821.25,29821.25,29823.5,29817.5,29817.5,204
2026-09-18 01:25:00-04:00,29822.0,29822.0,29827.25,29821.25,29821.5,246
2026-09-18 01:26:00-04:00,29814.25,29814.25,29822.25,29809.5,29821.75,237
2026-09-18 01:27:00-04:00,29809.5,29809.5,29815.25,29806.75,29815.0,219
2026-09-18 01:28:00-04:00,29810.25,29810.25,29810.5,29807.75,29809.25,67
2026-09-18 01:29:00-04:00,29814.5,29814.5,29820.5,29809.5,29810.25,206
2026-09-18 01:30:00-04:00,29823.75,29823.75,29825.25,29812.0,29815.5,159
2026-09-18 01:31:00-04:00,29820.5,29820.5,29825.75,29816.0,29824.25,123
2026-09-18 01:32:00-04:00,29823.25,29823.25,29825.0,29821.0,29821.0,70
2026-09-18 01:33:00-04:00,29823.5,29823.5,29828.5,29823.0,29823.0,257
2026-09-18 01:34:00-04:00,29824.75,29824.75,29825.75,29823.25,29823.5,42
2026-09-18 01:35:00-04:00,29824.0,29824.0,29826.0,29822.75,29824.25,81
2026-09-18 01:36:00-04:00,29827.0,29827.0,29828.5,29821.25,29823.5,89
2026-09-18 01:37:00-04:00,29831.25,29831.25,29831.25,29823.5,29827.5,195
2026-09-18 01:38:00-04:00,29837.5,29837.5,29840.0,29829.0,29830.0,539
2026-09-18 01:39:00-04:00,29839.25,29839.25,29842.5,29837.0,29837.25,204
2026-09-18 01:40:00-04:00,29842.25,29842.25,29843.5,29839.5,29840.5,157
2026-09-18 01:41:00-04:00,29838.0,29838.0,29844.5,29837.0,29842.0,165
2026-09-18 01:42:00-04:00,29839.75,29839.75,29840.5,29835.0,29838.25,82
2026-09-18 01:43:00-04:00,29844.5,29844.5,29846.5,29839.75,29840.5,274
2026-09-18 01:44:00-04:00,29854.0,29854.0,29854.0,29842.5,29844.5,387
2026-09-18 01:45:00-04:00,29849.5,29849.5,29859.25,29849.5,29853.5,307
2026-09-18 01:46:00-04:00,29845.75,29845.75,29852.75,29844.5,29850.5,226
2026-09-18 01:47:00-04:00,29843.25,29843.25,29852.0,29837.25,29846.0,283
2026-09-18 01:48:00-04:00,29851.25,29851.25,29851.75,29839.75,29843.0,218
2026-09-18 01:49:00-04:00,29840.75,29840.75,29851.5,29840.75,29849.0,170
2026-09-18 01:50:00-04:00,29851.75,29851.75,29851.75,29840.0,29840.5,266
2026-09-18 01:51:00-04:00,29847.5,29847.5,29854.0,29845.0,29851.5,143
2026-09-18 01:52:00-04:00,29842.0,29842.0,29849.0,29839.25,29847.75,102
2026-09-18 01:53:00-04:00,29844.75,29844.75,29847.5,29842.25,29842.25,87
2026-09-18 01:54:00-04:00,29842.75,29842.75,29847.5,29839.0,29845.5,120
2026-09-18 01:55:00-04:00,29842.0,29842.0,29844.25,29839.75,29841.75,72
2026-09-18 01:56:00-04:00,29840.25,29840.25,29843.5,29838.75,29841.25,110
2026-09-18 01:57:00-04:00,29841.5,29841.5,29843.25,29838.25,29839.5,102
2026-09-18 01:58:00-04:00,29841.75,29841.75,29843.25,29838.5,29841.25,135
2026-09-18 01:59:00-04:00,29846.0,29846.0,29849.25,29842.75,29843.5,176
2026-09-18 02:00:00-04:00,29853.75,29853.75,29858.5,29845.0,29846.25,320
2026-09-18 02:01:00-04:00,29862.5,29862.5,29862.75,29853.25,29853.75,249
2026-09-18 02:02:00-04:00,29868.75,29868.75,29870.0,29857.0,29862.75,370
2026-09-18 02:03:00-04:00,29868.75,29868.75,29870.75,29865.75,29870.25,227
2026-09-18 02:04:00-04:00,29867.75,29867.75,29869.5,29862.75,29868.0,124
2026-09-18 02:05:00-04:00,29866.25,29866.25,29870.0,29862.5,29869.0,164
2026-09-18 02:06:00-04:00,29865.0,29865.0,29871.25,29865.0,29866.25,151
2026-09-18 02:07:00-04:00,29869.75,29869.75,29869.75,29864.5,29865.25,156
2026-09-18 02:08:00-04:00,29870.5,29870.5,29872.5,29869.0,29870.0,160
2026-09-18 02:09:00-04:00,29870.5,29870.5,29872.0,29868.75,29870.25,108
2026-09-18 02:10:00-04:00,29873.0,29873.0,29874.0,29864.0,29870.5,215
2026-09-18 02:11:00-04:00,29875.0,29875.0,29877.5,29873.0,29873.0,215
2026-09-18 02:12:00-04:00,29878.25,29878.25,29880.25,29873.0,29875.25,181
2026-09-18 02:13:00-04:00,29880.5,29880.5,29881.5,29877.0,29877.0,97
2026-09-18 02:14:00-04:00,29882.75,29882.75,29885.5,29880.0,29880.5,202
2026-09-18 02:15:00-04:00,29883.75,29883.75,29890.0,29882.25,29882.75,278
2026-09-18 02:16:00-04:00,29883.75,29883.75,29886.75,29882.25,29884.0,155
2026-09-18 02:17:00-04:00,29880.75,29880.75,29883.75,29876.75,29883.75,311
2026-09-18 02:18:00-04:00,29876.75,29876.75,29881.0,29871.5,29880.25,360
2026-09-18 02:19:00-04:00,29879.75,29879.75,29884.75,29878.5,29878.5,203
2026-09-18 02:20:00-04:00,29875.75,29875.75,29879.75,29874.0,29879.75,121
2026-09-18 02:21:00-04:00,29880.25,29880.25,29883.25,29874.5,29875.5,110
2026-09-18 02:22:00-04:00,29889.5,29889.5,29892.0,29880.25,29881.25,187
2026-09-18 02:23:00-04:00,29893.5,29893.5,29897.25,29888.5,29888.75,236
2026-09-18 02:24:00-04:00,29892.25,29892.25,29894.75,29891.25,29894.0,141
2026-09-18 02:25:00-04:00,29894.5,29894.5,29897.0,29891.75,29892.25,195
2026-09-18 02:26:00-04:00,29893.75,29893.75,29895.0,29890.25,29894.25,122
2026-09-18 02:27:00-04:00,29895.25,29895.25,29896.75,29892.0,29893.5,85
2026-09-18 02:28:00-04:00,29894.75,29894.75,29897.0,29892.75,29895.25,50
2026-09-18 02:29:00-04:00,29885.0,29885.0,29895.5,29882.75,29894.0,247
2026-09-18 02:30:00-04:00,29893.25,29893.25,29894.0,29884.25,29885.25,188
2026-09-18 02:31:00-04:00,29896.5,29896.5,29897.0,29892.0,29893.5,149
2026-09-18 02:32:00-04:00,29903.5,29903.5,29904.75,29894.5,29896.5,792
2026-09-18 02:33:00-04:00,29907.0,29907.0,29913.0,29904.75,29904.75,534
2026-09-18 02:34:00-04:00,29905.25,29905.25,29908.25,29904.0,29907.25,145
2026-09-18 02:35:00-04:00,29909.75,29909.75,29912.0,29905.0,29905.5,148
2026-09-18 02:36:00-04:00,29902.75,29902.75,29909.0,29902.25,29909.0,87
2026-09-18 02:37:00-04:00,29909.25,29909.25,29909.75,29901.25,29903.25,116
2026-09-18 02:38:00-04:00,29915.25,29915.25,29918.5,29908.75,29909.75,380
2026-09-18 02:39:00-04:00,29918.0,29918.0,29919.0,29913.0,29916.75,154
2026-09-18 02:40:00-04:00,29913.75,29913.75,29917.5,29911.25,29917.5,113
2026-09-18 02:41:00-04:00,29913.5,29913.5,29918.25,29912.5,29914.25,101
2026-09-18 02:42:00-04:00,29906.0,29906.0,29914.0,29901.25,29914.0,162
2026-09-18 02:43:00-04:00,29905.0,29905.0,29907.0,29902.25,29905.5,66
2026-09-18 02:44:00-04:00,29905.5,29905.5,29907.0,29899.75,29905.75,173
2026-09-18 02:45:00-04:00,29906.0,29906.0,29908.5,29901.75,29906.0,123
2026-09-18 02:46:00-04:00,29907.75,29907.75,29912.5,29905.5,29906.25,82
2026-09-18 02:47:00-04:00,29904.0,29904.0,29911.5,29902.0,29908.25,116
2026-09-18 02:48:00-04:00,29907.75,29907.75,29909.5,29904.5,29904.5,83
2026-09-18 02:49:00-04:00,29907.0,29907.0,29908.25,29905.5,29906.75,43
2026-09-18 02:50:00-04:00,29908.25,29908.25,29908.75,29906.25,29907.5,46
2026-09-18 02:51:00-04:00,29910.5,29910.5,29910.75,29906.75,29908.75,79
2026-09-18 02:52:00-04:00,29911.75,29911.75,29913.0,29906.0,29910.75,110
2026-09-18 02:53:00-04:00,29907.5,29907.5,29910.75,29905.25,29910.75,92
2026-09-18 02:54:00-04:00,29907.0,29907.0,29911.0,29906.25,29908.0,62
2026-09-18 02:55:00-04:00,29908.5,29908.5,29910.5,29908.0,29909.0,48
2026-09-18 02:56:00-04:00,29912.75,29912.75,29914.0,29908.25,29908.5,100
2026-09-18 02:57:00-04:00,29916.0,29916.0,29916.5,29908.75,29911.5,110
2026-09-18 02:58:00-04:00,29919.5,29919.5,29921.5,29914.25,29915.75,136
2026-09-18 02:59:00-04:00,29916.0,29916.0,29920.75,29916.0,29919.0,108
2026-09-18 03:00:00-04:00,29920.25,29920.25,29922.25,29913.5,29916.25,254
2026-09-18 03:01:00-04:00,29923.0,29923.0,29926.0,29919.25,29921.25,219
2026-09-18 03:02:00-04:00,29918.75,29918.75,29922.5,29910.75,29922.5,197
2026-09-18 03:03:00-04:00,29918.25,29918.25,29921.25,29916.0,29918.75,171
2026-09-18 03:04:00-04:00,29923.5,29923.5,29925.0,29917.0,29919.5,201
2026-09-18 03:05:00-04:00,29919.25,29919.25,29922.75,29918.25,29922.75,133
2026-09-18 03:06:00-04:00,29918.25,29918.25,29920.25,29915.25,29919.0,62
2026-09-18 03:07:00-04:00,29919.25,29919.25,29921.75,29916.5,29918.5,89
2026-09-18 03:08:00-04:00,29923.75,29923.75,29926.0,29919.0,29919.5,161
2026-09-18 03:09:00-04:00,29925.0,29925.0,29926.5,29920.0,29923.0,105
2026-09-18 03:10:00-04:00,29934.25,29934.25,29936.75,29923.0,29925.0,364
2026-09-18 03:11:00-04:00,29934.5,29934.5,29936.75,29928.0,29933.25,145
2026-09-18 03:12:00-04:00,29936.0,29936.0,29937.5,29930.25,29935.0,169
2026-09-18 03:13:00-04:00,29929.5,29929.5,29938.5,29927.75,29936.0,116
2026-09-18 03:14:00-04:00,29921.5,29921.5,29930.75,29920.75,29929.5,133
2026-09-18 03:15:00-04:00,29923.0,29923.0,29926.0,29920.0,29922.0,107
2026-09-18 03:16:00-04:00,29930.5,29930.5,29933.0,29919.5,29922.0,90
2026-09-18 03:17:00-04:00,29930.75,29930.75,29933.5,29927.25,29929.75,89
2026-09-18 03:18:00-04:00,29933.5,29933.5,29936.75,29931.5,29931.75,72
2026-09-18 03:19:00-04:00,29932.5,29932.5,29935.75,29929.0,29933.25,88
2026-09-18 03:20:00-04:00,29934.5,29934.5,29938.0,29932.0,29933.25,123
2026-09-18 03:21:00-04:00,29931.25,29931.25,29935.0,29929.0,29933.0,142
2026-09-18 03:22:00-04:00,29936.5,29936.5,29939.75,29930.75,29932.25,206
2026-09-18 03:23:00-04:00,29943.0,29943.0,29947.5,29934.5,29936.75,425
2026-09-18 03:24:00-04:00,29941.25,29941.25,29945.25,29937.25,29943.75,132
2026-09-18 03:25:00-04:00,29951.25,29951.25,29953.0,29940.5,29942.0,227
2026-09-18 03:26:00-04:00,29956.75,29956.75,29963.25,29951.25,29951.75,502
2026-09-18 03:27:00-04:00,29959.0,29959.0,29959.75,29956.75,29957.75,110
2026-09-18 03:28:00-04:00,29956.75,29956.75,29964.25,29955.75,29958.5,193
2026-09-18 03:29:00-04:00,29960.25,29960.25,29962.25,29957.75,29957.75,253
2026-09-18 03:30:00-04:00,29966.5,29966.5,29966.5,29961.0,29961.0,168
2026-09-18 03:31:00-04:00,29954.5,29954.5,29966.75,29953.5,29965.75,182
2026-09-18 03:32:00-04:00,29956.25,29956.25,29958.0,29952.5,29954.25,178
2026-09-18 03:33:00-04:00,29955.0,29955.0,29957.5,29954.75,29956.5,87
2026-09-18 03:34:00-04:00,29959.0,29959.0,29960.0,29953.25,29955.0,153
2026-09-18 03:35:00-04:00,29957.0,29957.0,29959.5,29955.75,29958.75,100
2026-09-18 03:36:00-04:00,29960.25,29960.25,29961.0,29953.0,29956.75,173
2026-09-18 03:37:00-04:00,29957.5,29957.5,29961.25,29955.0,29959.75,125
2026-09-18 03:38:00-04:00,29959.5,29959.5,29961.0,29952.25,29957.25,127
2026-09-18 03:39:00-04:00,29959.0,29959.0,29962.0,29957.0,29959.75,90
2026-09-18 03:40:00-04:00,29951.5,29951.5,29960.0,29950.5,29959.75,162
2026-09-18 03:41:00-04:00,29949.5,29949.5,29953.5,29945.75,29952.75,197
2026-09-18 03:42:00-04:00,29937.0,29937.0,29950.0,29937.0,29949.75,213
2026-09-18 03:43:00-04:00,29940.5,29940.5,29943.5,29936.25,29937.25,251
2026-09-18 03:44:00-04:00,29940.25,29940.25,29945.0,29938.75,29940.5,83
2026-09-18 03:45:00-04:00,29938.5,29938.5,29942.0,29936.5,29939.75,162
2026-09-18 03:46:00-04:00,29936.0,29936.0,29940.5,29933.25,29938.75,134
2026-09-18 03:47:00-04:00,29941.0,29941.0,29943.5,29935.75,29936.0,187
2026-09-18 03:48:00-04:00,29939.25,29939.25,29941.0,29935.0,29941.0,75
2026-09-18 03:49:00-04:00,29945.5,29945.5,29945.75,29937.5,29937.75,122
2026-09-18 03:50:00-04:00,29940.75,29940.75,29945.0,29939.5,29945.0,186
2026-09-18 03:51:00-04:00,29942.25,29942.25,29943.0,29938.0,29941.0,110
2026-09-18 03:52:00-04:00,29943.0,29943.0,29946.25,29939.5,29942.0,107
2026-09-18 03:53:00-04:00,29948.0,29948.0,29951.75,29942.0,29943.25,198
2026-09-18 03:54:00-04:00,29948.25,29948.25,29950.75,29944.75,29947.5,78
2026-09-18 03:55:00-04:00,29940.0,29940.0,29947.75,29938.0,29947.5,114
2026-09-18 03:56:00-04:00,29936.25,29936.25,29940.75,29934.25,29939.75,187
2026-09-18 03:57:00-04:00,29933.25,29933.25,29936.75,29930.0,29936.5,129
2026-09-18 03:58:00-04:00,29932.5,29932.5,29935.0,29929.75,29933.5,102
2026-09-18 03:59:00-04:00,29929.5,29929.5,29932.0,29924.25,29932.0,235
2026-09-18 04:00:00-04:00,29931.0,29931.0,29937.75,29924.25,29928.75,358
2026-09-18 04:01:00-04:00,29927.25,29927.25,29936.0,29922.75,29931.0,223
2026-09-18 04:02:00-04:00,29939.75,29939.75,29940.0,29927.5,29927.5,187
2026-09-18 04:03:00-04:00,29936.0,29936.0,29944.0,29935.25,29939.0,225
2026-09-18 04:04:00-04:00,29927.0,29927.0,29940.25,29925.5,29935.5,327
2026-09-18 04:05:00-04:00,29923.25,29923.25,29928.75,29921.25,29927.0,210
2026-09-18 04:06:00-04:00,29917.0,29917.0,29928.5,29915.75,29923.25,313
2026-09-18 04:07:00-04:00,29915.25,29915.25,29924.5,29914.0,29917.25,195
2026-09-18 04:08:00-04:00,29916.75,29916.75,29918.5,29914.5,29914.75,152
2026-09-18 04:09:00-04:00,29907.5,29907.5,29917.0,29905.5,29916.75,232
2026-09-18 04:10:00-04:00,29914.0,29914.0,29920.0,29903.75,29907.5,291
2026-09-18 04:11:00-04:00,29909.25,29909.25,29915.5,29907.25,29914.75,135
2026-09-18 04:12:00-04:00,29908.5,29908.5,29913.0,29905.0,29908.75,214
2026-09-18 04:13:00-04:00,29913.0,29913.0,29916.75,29905.0,29909.25,179
2026-09-18 04:14:00-04:00,29913.25,29913.25,29914.75,29910.75,29912.25,48
2026-09-18 04:15:00-04:00,29914.0,29914.0,29915.75,29907.5,29912.0,98
2026-09-18 04:16:00-04:00,29916.0,29916.0,29916.0,29909.25,29913.0,75
2026-09-18 04:17:00-04:00,29919.5,29919.5,29920.0,29915.75,29915.75,93
2026-09-18 04:18:00-04:00,29917.25,29917.25,29921.0,29916.5,29919.25,63
2026-09-18 04:19:00-04:00,29919.5,29919.5,29921.0,29914.0,29917.0,151
2026-09-18 04:20:00-04:00,29928.75,29928.75,29931.5,29919.0,29919.25,297
2026-09-18 04:21:00-04:00,29925.75,29925.75,29929.5,29920.75,29928.0,188
2026-09-18 04:22:00-04:00,29917.75,29917.75,29925.75,29917.0,29925.75,116
2026-09-18 04:23:00-04:00,29915.25,29915.25,29923.25,29915.0,29918.0,195
2026-09-18 04:24:00-04:00,29916.5,29916.5,29920.0,29912.25,29915.0,150
2026-09-18 04:25:00-04:00,29920.25,29920.25,29921.5,29917.0,29917.5,86
2026-09-18 04:26:00-04:00,29918.5,29918.5,29918.5,29912.0,29918.25,106
2026-09-18 04:27:00-04:00,29914.25,29914.25,29919.0,29911.75,29918.25,95
2026-09-18 04:28:00-04:00,29905.75,29905.75,29914.75,29904.75,29913.25,141
2026-09-18 04:29:00-04:00,29897.5,29897.5,29906.5,29895.75,29906.5,322
2026-09-18 04:30:00-04:00,29898.75,29898.75,29900.0,29892.0,29896.75,274
2026-09-18 04:31:00-04:00,29905.0,29905.0,29906.0,29899.0,29899.25,113
2026-09-18 04:32:00-04:00,29908.25,29908.25,29909.0,29899.0,29905.5,134
2026-09-18 04:33:00-04:00,29911.0,29911.0,29911.5,29905.5,29908.0,79
2026-09-18 04:34:00-04:00,29913.0,29913.0,29913.0,29907.5,29910.25,48
2026-09-18 04:35:00-04:00,29910.5,29910.5,29917.5,29910.5,29912.75,152
2026-09-18 04:36:00-04:00,29911.0,29911.0,29914.25,29910.0,29910.5,128
2026-09-18 04:37:00-04:00,29906.75,29906.75,29911.0,29905.75,29910.25,99
2026-09-18 04:38:00-04:00,29903.0,29903.0,29911.5,29901.75,29906.75,143
2026-09-18 04:39:00-04:00,29906.0,29906.0,29908.0,29903.25,29903.25,50
2026-09-18 04:40:00-04:00,29906.75,29906.75,29906.75,29899.5,29904.75,113
2026-09-18 04:41:00-04:00,29903.5,29903.5,29907.5,29903.0,29905.75,81
2026-09-18 04:42:00-04:00,29902.0,29902.0,29906.75,29901.25,29905.25,40
2026-09-18 04:43:00-04:00,29906.25,29906.25,29907.25,29900.5,29900.75,109
2026-09-18 04:44:00-04:00,29912.25,29912.25,29913.25,29905.5,29906.75,170
2026-09-18 04:45:00-04:00,29913.5,29913.5,29919.75,29911.5,29912.5,151
2026-09-18 04:46:00-04:00,29912.5,29912.5,29913.75,29910.0,29911.75,35
2026-09-18 04:47:00-04:00,29912.5,29912.5,29915.0,29910.25,29911.0,75
2026-09-18 04:48:00-04:00,29911.0,29911.0,29916.0,29908.75,29914.5,94
2026-09-18 04:49:00-04:00,29908.5,29908.5,29913.0,29904.0,29910.5,112
2026-09-18 04:50:00-04:00,29913.0,29913.0,29915.0,29908.5,29908.5,32
2026-09-18 04:51:00-04:00,29912.0,29912.0,29913.0,29909.75,29912.75,89
2026-09-18 04:52:00-04:00,29907.5,29907.5,29912.5,29904.0,29911.0,162
2026-09-18 04:53:00-04:00,29904.25,29904.25,29910.0,29904.25,29907.25,71
2026-09-18 04:54:00-04:00,29896.0,29896.0,29907.0,29896.0,29904.25,190
2026-09-18 04:55:00-04:00,29899.25,29899.25,29900.0,29894.5,29896.75,114
2026-09-18 04:56:00-04:00,29900.75,29900.75,29901.25,29894.5,29898.75,65
2026-09-18 04:57:00-04:00,29899.25,29899.25,29901.75,29898.0,29901.0,82
2026-09-18 04:58:00-04:00,29894.5,29894.5,29896.25,29892.0,29896.0,103
2026-09-18 04:59:00-04:00,29892.75,29892.75,29896.75,29891.25,29894.25,70
2026-09-18 05:00:00-04:00,29892.75,29892.75,29894.25,29888.0,29893.25,168
2026-09-18 05:01:00-04:00,29881.25,29881.25,29893.5,29881.0,29893.25,286
2026-09-18 05:02:00-04:00,29884.0,29884.0,29885.25,29880.0,29881.75,134
2026-09-18 05:03:00-04:00,29888.25,29888.25,29889.0,29883.75,29884.5,129
2026-09-18 05:04:00-04:00,29884.75,29884.75,29888.25,29884.75,29887.75,100
2026-09-18 05:05:00-04:00,29891.25,29891.25,29893.0,29881.5,29884.5,99
2026-09-18 05:06:00-04:00,29887.0,29887.0,29893.75,29887.0,29892.0,69
2026-09-18 05:07:00-04:00,29886.0,29886.0,29889.25,29885.5,29887.75,92
2026-09-18 05:08:00-04:00,29893.25,29893.25,29895.0,29885.0,29885.25,71
2026-09-18 05:09:00-04:00,29888.0,29888.0,29893.5,29887.0,29893.25,48
2026-09-18 05:10:00-04:00,29892.0,29892.0,29892.0,29883.25,29888.0,59
2026-09-18 05:11:00-04:00,29895.5,29895.5,29895.5,29889.25,29891.25,45
2026-09-18 05:12:00-04:00,29887.5,29887.5,29894.75,29887.25,29894.75,57
2026-09-18 05:13:00-04:00,29888.0,29888.0,29890.0,29887.0,29888.0,28
2026-09-18 05:14:00-04:00,29884.0,29884.0,29888.75,29881.25,29887.25,59
2026-09-18 05:15:00-04:00,29886.75,29886.75,29886.75,29881.25,29883.25,22
2026-09-18 05:16:00-04:00,29889.25,29889.25,29889.75,29884.5,29886.75,43
2026-09-18 05:17:00-04:00,29890.75,29890.75,29893.0,29885.25,29887.25,62
2026-09-18 05:18:00-04:00,29888.25,29888.25,29890.75,29886.0,29890.75,51
2026-09-18 05:19:00-04:00,29893.75,29893.75,29894.5,29887.0,29888.0,51
2026-09-18 05:20:00-04:00,29894.75,29894.75,29896.5,29892.0,29894.0,97
2026-09-18 05:21:00-04:00,29893.75,29893.75,29895.25,29891.25,29894.25,42
2026-09-18 05:22:00-04:00,29894.5,29894.5,29899.0,29891.5,29892.5,126
2026-09-18 05:23:00-04:00,29893.25,29893.25,29896.5,29891.0,29894.75,33
2026-09-18 05:24:00-04:00,29887.75,29887.75,29892.25,29886.75,29890.75,41
2026-09-18 05:25:00-04:00,29888.5,29888.5,29891.0,29884.0,29888.0,77
2026-09-18 05:26:00-04:00,29879.0,29879.0,29887.5,29878.25,29887.5,74
2026-09-18 05:27:00-04:00,29876.25,29876.25,29880.0,29875.5,29879.5,116
2026-09-18 05:28:00-04:00,29876.0,29876.0,29878.25,29870.5,29876.25,145
2026-09-18 05:29:00-04:00,29873.0,29873.0,29876.0,29872.75,29876.0,69
2026-09-18 05:30:00-04:00,29867.75,29867.75,29874.0,29862.75,29873.25,255
2026-09-18 05:31:00-04:00,29863.5,29863.5,29868.5,29863.25,29866.75,59
2026-09-18 05:32:00-04:00,29872.0,29872.0,29872.0,29863.25,29863.75,116
2026-09-18 05:33:00-04:00,29867.75,29867.75,29873.75,29865.75,29871.75,212
2026-09-18 05:34:00-04:00,29866.0,29866.0,29868.25,29863.25,29867.5,71
2026-09-18 05:35:00-04:00,29867.5,29867.5,29870.0,29865.25,29865.75,76
2026-09-18 05:36:00-04:00,29864.75,29864.75,29872.25,29862.75,29868.25,83
2026-09-18 05:37:00-04:00,29861.0,29861.0,29864.5,29859.0,29862.5,132
2026-09-18 05:38:00-04:00,29853.5,29853.5,29861.0,29852.5,29861.0,177
2026-09-18 05:39:00-04:00,29848.0,29848.0,29856.0,29847.5,29852.25,235
2026-09-18 05:40:00-04:00,29846.0,29846.0,29853.0,29844.75,29847.75,222
2026-09-18 05:41:00-04:00,29846.0,29846.0,29849.0,29843.0,29846.75,118
2026-09-18 05:42:00-04:00,29848.25,29848.25,29848.25,29843.0,29846.0,111
2026-09-18 05:43:00-04:00,29847.0,29847.0,29853.25,29846.25,29847.75,155
2026-09-18 05:44:00-04:00,29837.25,29837.25,29849.5,29837.25,29846.75,175
2026-09-18 05:45:00-04:00,29846.0,29846.0,29846.0,29836.0,29838.25,172
2026-09-18 05:46:00-04:00,29849.0,29849.0,29850.5,29844.75,29844.75,163
2026-09-18 05:47:00-04:00,29847.75,29847.75,29852.0,29846.5,29849.25,133
2026-09-18 05:48:00-04:00,29843.75,29843.75,29848.75,29841.25,29848.25,105
2026-09-18 05:49:00-04:00,29845.0,29845.0,29848.0,29843.5,29843.5,68
2026-09-18 05:50:00-04:00,29850.25,29850.25,29852.0,29841.75,29844.0,123
2026-09-18 05:51:00-04:00,29853.25,29853.25,29857.5,29848.75,29850.0,160
2026-09-18 05:52:00-04:00,29851.25,29851.25,29853.75,29849.5,29853.0,63
2026-09-18 05:53:00-04:00,29848.5,29848.5,29852.25,29847.0,29850.0,48
2026-09-18 05:54:00-04:00,29848.75,29848.75,29851.0,29843.75,29848.0,70
2026-09-18 05:55:00-04:00,29848.25,29848.25,29849.75,29845.75,29849.75,40
2026-09-18 05:56:00-04:00,29846.75,29846.75,29849.0,29846.0,29847.75,43
2026-09-18 05:57:00-04:00,29850.5,29850.5,29850.5,29844.25,29846.5,71
2026-09-18 05:58:00-04:00,29849.5,29849.5,29850.25,29845.5,29848.25,69
2026-09-18 05:59:00-04:00,29839.0,29839.0,29853.25,29838.5,29849.75,173
2026-09-18 06:00:00-04:00,29846.5,29846.5,29847.75,29838.25,29838.25,139
2026-09-18 06:01:00-04:00,29840.75,29840.75,29846.25,29839.0,29845.75,116
2026-09-18 06:02:00-04:00,29843.75,29843.75,29845.75,29841.75,29841.75,40
2026-09-18 06:03:00-04:00,29849.75,29849.75,29849.75,29842.75,29843.75,91
2026-09-18 06:04:00-04:00,29847.75,29847.75,29850.75,29842.5,29850.0,98
2026-09-18 06:05:00-04:00,29844.0,29844.0,29852.25,29844.0,29847.0,147
2026-09-18 06:06:00-04:00,29849.5,29849.5,29850.25,29843.25,29844.5,71
2026-09-18 06:07:00-04:00,29852.75,29852.75,29855.0,29846.5,29850.0,138
2026-09-18 06:08:00-04:00,29851.0,29851.0,29853.75,29847.75,29852.25,186
2026-09-18 06:09:00-04:00,29851.75,29851.75,29854.0,29851.0,29852.25,34
2026-09-18 06:10:00-04:00,29854.25,29854.25,29856.75,29848.75,29852.0,89
2026-09-18 06:11:00-04:00,29849.25,29849.25,29853.5,29846.5,29853.5,63
2026-09-18 06:12:00-04:00,29851.0,29851.0,29851.75,29847.0,29848.5,45
2026-09-18 06:13:00-04:00,29851.75,29851.75,29851.75,29847.75,29850.25,56
2026-09-18 06:14:00-04:00,29858.25,29858.25,29859.75,29850.25,29851.75,102
2026-09-18 06:15:00-04:00,29861.25,29861.25,29863.25,29856.25,29857.25,157
2026-09-18 06:16:00-04:00,29862.5,29862.5,29864.0,29859.25,29861.0,130
2026-09-18 06:17:00-04:00,29866.0,29866.0,29867.5,29861.75,29862.25,274
2026-09-18 06:18:00-04:00,29867.5,29867.5,29871.75,29864.5,29866.0,248
2026-09-18 06:19:00-04:00,29867.25,29867.25,29868.5,29862.75,29867.0,112
2026-09-18 06:20:00-04:00,29869.0,29869.0,29872.75,29865.25,29867.0,85
2026-09-18 06:21:00-04:00,29869.25,29869.25,29871.75,29866.25,29869.25,68
2026-09-18 06:22:00-04:00,29873.5,29873.5,29875.0,29868.75,29868.75,110
2026-09-18 06:23:00-04:00,29873.75,29873.75,29874.25,29869.5,29873.25,80
2026-09-18 06:24:00-04:00,29871.5,29871.5,29875.5,29870.0,29874.25,92
2026-09-18 06:25:00-04:00,29868.0,29868.0,29871.75,29868.0,29871.25,61
2026-09-18 06:26:00-04:00,29871.5,29871.5,29872.0,29866.75,29868.75,160
2026-09-18 06:27:00-04:00,29872.0,29872.0,29873.0,29868.25,29872.5,151
2026-09-18 06:28:00-04:00,29875.5,29875.5,29877.25,29871.0,29872.75,114
2026-09-18 06:29:00-04:00,29877.75,29877.75,29878.25,29874.25,29875.0,49
2026-09-18 06:30:00-04:00,29882.5,29882.5,29887.25,29875.5,29876.5,449
2026-09-18 06:31:00-04:00,29886.0,29886.0,29886.75,29879.75,29882.0,118
2026-09-18 06:32:00-04:00,29887.25,29887.25,29887.5,29884.0,29885.25,128
2026-09-18 06:33:00-04:00,29888.0,29888.0,29890.25,29885.0,29886.75,144
2026-09-18 06:34:00-04:00,29885.25,29885.25,29888.5,29885.25,29887.75,88
2026-09-18 06:35:00-04:00,29887.25,29887.25,29888.0,29884.5,29886.0,50
2026-09-18 06:36:00-04:00,29892.0,29892.0,29893.75,29887.5,29887.5,178
2026-09-18 06:37:00-04:00,29898.75,29898.75,29901.0,29891.0,29891.25,169
2026-09-18 06:38:00-04:00,29898.0,29898.0,29903.25,29896.0,29898.75,171
2026-09-18 06:39:00-04:00,29896.75,29896.75,29899.25,29894.5,29898.25,198
2026-09-18 06:40:00-04:00,29897.25,29897.25,29898.5,29895.5,29896.5,43
2026-09-18 06:41:00-04:00,29895.25,29895.25,29899.75,29894.0,29896.75,90
2026-09-18 06:42:00-04:00,29888.25,29888.25,29895.25,29887.5,29894.0,166
2026-09-18 06:43:00-04:00,29891.75,29891.75,29895.75,29888.0,29888.5,82
2026-09-18 06:44:00-04:00,29892.25,29892.25,29893.0,29889.75,29891.5,71
2026-09-18 06:45:00-04:00,29885.5,29885.5,29892.5,29885.5,29892.25,77
2026-09-18 06:46:00-04:00,29880.5,29880.5,29887.0,29878.0,29885.75,146
2026-09-18 06:47:00-04:00,29877.5,29877.5,29882.0,29877.5,29880.25,46
2026-09-18 06:48:00-04:00,29877.0,29877.0,29879.75,29876.75,29877.25,61
2026-09-18 06:49:00-04:00,29879.75,29879.75,29880.25,29876.25,29876.75,75
2026-09-18 06:50:00-04:00,29875.5,29875.5,29881.0,29875.5,29880.0,58
2026-09-18 06:51:00-04:00,29878.5,29878.5,29879.0,29875.75,29876.75,45
2026-09-18 06:52:00-04:00,29877.75,29877.75,29879.75,29875.0,29878.5,26
2026-09-18 06:53:00-04:00,29878.0,29878.0,29878.5,29876.25,29877.75,11
2026-09-18 06:54:00-04:00,29878.25,29878.25,29884.0,29872.25,29879.25,200
2026-09-18 06:55:00-04:00,29875.75,29875.75,29879.5,29875.75,29878.25,60
2026-09-18 06:56:00-04:00,29881.75,29881.75,29882.25,29875.25,29876.25,66
2026-09-18 06:57:00-04:00,29878.75,29878.75,29882.5,29877.25,29880.75,63
2026-09-18 06:58:00-04:00,29877.25,29877.25,29879.25,29874.5,29879.25,65
2026-09-18 06:59:00-04:00,29877.25,29877.25,29879.5,29876.25,29877.5,75
2026-09-18 07:00:00-04:00,29868.25,29868.25,29879.25,29860.75,29877.25,349
2026-09-18 07:01:00-04:00,29877.75,29877.75,29885.0,29866.0,29868.5,306
2026-09-18 07:02:00-04:00,29877.25,29877.25,29884.25,29876.5,29878.0,192
2026-09-18 07:03:00-04:00,29887.25,29887.25,29888.25,29877.0,29877.5,160
2026-09-18 07:04:00-04:00,29897.75,29897.75,29898.75,29887.5,29888.0,260
2026-09-18 07:05:00-04:00,29850.5,29850.5,29897.0,29848.75,29896.75,996
2026-09-18 07:06:00-04:00,29858.5,29858.5,29863.25,29842.0,29850.25,559
2026-09-18 07:07:00-04:00,29859.5,29859.5,29861.25,29853.25,29859.25,226
2026-09-18 07:08:00-04:00,29862.0,29862.0,29867.0,29859.0,29860.75,180
2026-09-18 07:09:00-04:00,29867.0,29867.0,29867.0,29857.25,29861.0,123
2026-09-18 07:10:00-04:00,29868.75,29868.75,29871.0,29863.5,29866.5,155
2026-09-18 07:11:00-04:00,29864.5,29864.5,29872.5,29861.25,29868.5,84
2026-09-18 07:12:00-04:00,29864.75,29864.75,29868.75,29861.75,29865.25,79
2026-09-18 07:13:00-04:00,29849.25,29849.25,29864.0,29846.75,29864.0,148
2026-09-18 07:14:00-04:00,29856.25,29856.25,29859.25,29844.25,29846.75,138
2026-09-18 07:15:00-04:00,29849.5,29849.5,29856.25,29848.75,29855.0,88
2026-09-18 07:16:00-04:00,29841.5,29841.5,29851.0,29840.5,29851.0,150
2026-09-18 07:17:00-04:00,29835.5,29835.5,29841.75,29828.25,29841.25,333
2026-09-18 07:18:00-04:00,29834.5,29834.5,29840.25,29833.25,29835.5,179
2026-09-18 07:19:00-04:00,29836.0,29836.0,29838.25,29831.0,29835.0,108
2026-09-18 07:20:00-04:00,29827.75,29827.75,29836.5,29825.25,29836.25,155
2026-09-18 07:21:00-04:00,29834.25,29834.25,29839.5,29827.75,29828.5,181
2026-09-18 07:22:00-04:00,29845.75,29845.75,29845.75,29835.0,29835.0,121
2026-09-18 07:23:00-04:00,29840.0,29840.0,29845.0,29836.0,29845.0,104
2026-09-18 07:24:00-04:00,29834.25,29834.25,29840.75,29831.75,29839.25,88
2026-09-18 07:25:00-04:00,29832.5,29832.5,29838.25,29832.5,29834.25,56
2026-09-18 07:26:00-04:00,29836.5,29836.5,29839.0,29832.75,29833.0,56
2026-09-18 07:27:00-04:00,29831.75,29831.75,29837.0,29830.5,29835.75,86
2026-09-18 07:28:00-04:00,29836.75,29836.75,29838.5,29831.0,29835.5,67
2026-09-18 07:29:00-04:00,29829.75,29829.75,29837.0,29828.0,29836.5,253
2026-09-18 07:30:00-04:00,29836.25,29836.25,29837.25,29829.75,29830.5,82
2026-09-18 07:31:00-04:00,29850.0,29850.0,29850.75,29836.5,29836.5,177
2026-09-18 07:32:00-04:00,29853.25,29853.25,29853.25,29848.5,29849.75,115
2026-09-18 07:33:00-04:00,29849.5,29849.5,29854.25,29849.25,29853.75,127
2026-09-18 07:34:00-04:00,29847.0,29847.0,29852.25,29842.5,29849.25,151
2026-09-18 07:35:00-04:00,29846.0,29846.0,29847.75,29841.0,29847.0,100
2026-09-18 07:36:00-04:00,29858.0,29858.0,29858.5,29846.0,29846.0,121
2026-09-18 07:37:00-04:00,29853.75,29853.75,29858.75,29851.75,29857.25,130
2026-09-18 07:38:00-04:00,29842.5,29842.5,29853.75,29842.5,29853.5,96
2026-09-18 07:39:00-04:00,29844.5,29844.5,29848.0,29843.25,29844.0,52
2026-09-18 07:40:00-04:00,29844.0,29844.0,29845.5,29839.0,29845.5,63
2026-09-18 07:41:00-04:00,29843.75,29843.75,29844.75,29842.0,29843.5,58
2026-09-18 07:42:00-04:00,29832.0,29832.0,29844.75,29832.0,29844.25,182
2026-09-18 07:43:00-04:00,29831.0,29831.0,29836.75,29830.75,29832.75,129
2026-09-18 07:44:00-04:00,29831.0,29831.0,29835.0,29827.25,29830.75,167
2026-09-18 07:45:00-04:00,29826.25,29826.25,29833.0,29826.25,29831.75,94
2026-09-18 07:46:00-04:00,29832.5,29832.5,29833.5,29822.5,29827.25,159
2026-09-18 07:47:00-04:00,29834.5,29834.5,29835.25,29830.0,29832.5,86
2026-09-18 07:48:00-04:00,29836.25,29836.25,29837.75,29833.5,29834.5,94
2026-09-18 07:49:00-04:00,29834.75,29834.75,29838.0,29834.25,29836.5,72
2026-09-18 07:50:00-04:00,29835.25,29835.25,29837.75,29831.75,29833.5,80
2026-09-18 07:51:00-04:00,29836.0,29836.0,29837.5,29834.5,29835.75,45
2026-09-18 07:52:00-04:00,29837.0,29837.0,29840.0,29834.0,29835.75,161
2026-09-18 07:53:00-04:00,29844.0,29844.0,29844.0,29835.5,29836.0,111
2026-09-18 07:54:00-04:00,29843.0,29843.0,29845.5,29840.25,29843.5,136
2026-09-18 07:55:00-04:00,29836.75,29836.75,29847.0,29836.75,29844.0,140
2026-09-18 07:56:00-04:00,29839.0,29839.0,29843.5,29834.5,29836.5,171
2026-09-18 07:57:00-04:00,29833.0,29833.0,29844.25,29832.5,29838.5,189
2026-09-18 07:58:00-04:00,29835.0,29835.0,29836.0,29828.0,29833.75,219
2026-09-18 07:59:00-04:00,29838.75,29838.75,29839.5,29834.0,29836.0,81
2026-09-18 08:00:00-04:00,29825.75,29825.75,29842.75,29823.25,29839.75,282
2026-09-18 08:01:00-04:00,29826.75,29826.75,29829.0,29822.0,29825.25,159
2026-09-18 08:02:00-04:00,29818.25,29818.25,29830.5,29816.75,29827.5,233
2026-09-18 08:03:00-04:00,29820.5,29820.5,29821.0,29815.0,29818.5,253
2026-09-18 08:04:00-04:00,29840.0,29840.0,29848.5,29815.5,29821.0,749
2026-09-18 08:05:00-04:00,29819.25,29819.25,29853.5,29815.0,29839.75,832
2026-09-18 08:06:00-04:00,29812.0,29812.0,29818.75,29810.0,29818.75,183
2026-09-18 08:07:00-04:00,29803.0,29803.0,29814.25,29802.75,29812.0,386
2026-09-18 08:08:00-04:00,29800.75,29800.75,29808.25,29798.25,29803.5,410
2026-09-18 08:09:00-04:00,29798.75,29798.75,29802.0,29797.5,29801.25,304
2026-09-18 08:10:00-04:00,29799.75,29799.75,29801.5,29796.0,29799.0,170
2026-09-18 08:11:00-04:00,29792.25,29792.25,29802.25,29791.0,29800.0,247
2026-09-18 08:12:00-04:00,29788.75,29788.75,29794.0,29787.5,29793.0,280
2026-09-18 08:13:00-04:00,29790.0,29790.0,29792.0,29785.0,29789.25,194
2026-09-18 08:14:00-04:00,29787.75,29787.75,29791.25,29785.25,29791.25,168
2026-09-18 08:15:00-04:00,29786.0,29786.0,29790.25,29784.25,29788.0,151
2026-09-18 08:16:00-04:00,29785.25,29785.25,29791.25,29780.0,29785.75,450
2026-09-18 08:17:00-04:00,29783.25,29783.25,29786.75,29780.75,29786.0,179
2026-09-18 08:18:00-04:00,29790.75,29790.75,29798.25,29779.25,29787.0,476
2026-09-18 08:19:00-04:00,29779.25,29779.25,29790.25,29779.0,29789.75,234
2026-09-18 08:20:00-04:00,29770.0,29770.0,29779.0,29767.75,29779.0,575
2026-09-18 08:21:00-04:00,29777.0,29777.0,29779.25,29768.25,29769.25,259
2026-09-18 08:22:00-04:00,29787.5,29787.5,29790.5,29777.25,29777.25,306
2026-09-18 08:23:00-04:00,29772.5,29772.5,29788.75,29771.0,29788.0,430
2026-09-18 08:24:00-04:00,29770.25,29770.25,29774.0,29769.0,29772.75,196
2026-09-18 08:25:00-04:00,29774.5,29774.5,29775.5,29768.5,29770.0,147
2026-09-18 08:26:00-04:00,29779.0,29779.0,29785.25,29773.5,29774.0,235
2026-09-18 08:27:00-04:00,29780.5,29780.5,29780.5,29775.75,29778.75,357
2026-09-18 08:28:00-04:00,29784.0,29784.0,29786.75,29778.5,29780.25,198
2026-09-18 08:29:00-04:00,29775.0,29775.0,29784.25,29775.0,29783.5,170
2026-09-18 08:30:00-04:00,29781.25,29781.25,29782.5,29773.5,29774.0,201
2026-09-18 08:31:00-04:00,29774.25,29774.25,29784.25,29771.5,29780.75,332
2026-09-18 08:32:00-04:00,29780.5,29780.5,29783.75,29772.25,29774.75,199
2026-09-18 08:33:00-04:00,29790.75,29790.75,29795.75,29777.75,29780.0,461
2026-09-18 08:34:00-04:00,29791.25,29791.25,29796.25,29784.25,29791.5,427
2026-09-18 08:35:00-04:00,29791.0,29791.0,29793.0,29785.75,29790.75,290
2026-09-18 08:36:00-04:00,29791.75,29791.75,29795.25,29787.75,29790.0,224
2026-09-18 08:37:00-04:00,29779.0,29779.0,29791.0,29774.25,29791.0,567
2026-09-18 08:38:00-04:00,29787.75,29787.75,29790.25,29778.5,29779.0,256
2026-09-18 08:39:00-04:00,29785.25,29785.25,29788.25,29784.25,29787.75,114
2026-09-18 08:40:00-04:00,29784.75,29784.75,29788.75,29783.75,29785.25,150
2026-09-18 08:41:00-04:00,29789.0,29789.0,29789.0,29779.75,29784.75,189
2026-09-18 08:42:00-04:00,29792.0,29792.0,29794.0,29785.0,29788.75,236
2026-09-18 08:43:00-04:00,29790.25,29790.25,29793.5,29788.75,29792.75,130
2026-09-18 08:44:00-04:00,29790.0,29790.0,29790.75,29787.0,29790.0,62
2026-09-18 08:45:00-04:00,29789.0,29789.0,29791.25,29787.5,29789.25,232
2026-09-18 08:46:00-04:00,29790.0,29790.0,29793.75,29787.5,29788.25,167
2026-09-18 08:47:00-04:00,29790.0,29790.0,29795.5,29786.0,29789.5,210
2026-09-18 08:48:00-04:00,29790.5,29790.5,29790.75,29786.5,29790.75,106
2026-09-18 08:49:00-04:00,29786.25,29786.25,29791.25,29785.5,29791.0,124
2026-09-18 08:50:00-04:00,29787.25,29787.25,29789.5,29783.5,29786.0,126
2026-09-18 08:51:00-04:00,29791.75,29791.75,29794.5,29786.0,29788.0,115
2026-09-18 08:52:00-04:00,29788.0,29788.0,29791.75,29785.5,29791.5,105
2026-09-18 08:53:00-04:00,29787.5,29787.5,29788.75,29785.5,29787.75,70
2026-09-18 08:54:00-04:00,29785.5,29785.5,29787.75,29784.25,29787.75,89
2026-09-18 08:55:00-04:00,29784.25,29784.25,29787.75,29783.0,29785.5,144
2026-09-18 08:56:00-04:00,29782.5,29782.5,29784.5,29777.75,29784.5,241
2026-09-18 08:57:00-04:00,29780.25,29780.25,29782.75,29774.75,29782.0,229
2026-09-18 08:58:00-04:00,29773.0,29773.0,29780.5,29770.0,29779.75,230
2026-09-18 08:59:00-04:00,29776.5,29776.5,29776.75,29770.0,29773.5,207
2026-09-18 09:00:00-04:00,29773.25,29773.25,29776.75,29768.25,29776.25,418
2026-09-18 09:01:00-04:00,29772.25,29772.25,29783.5,29771.5,29773.25,330
2026-09-18 09:02:00-04:00,29766.75,29766.75,29776.25,29764.25,29772.25,550
2026-09-18 09:03:00-04:00,29772.0,29772.0,29772.0,29765.75,29766.75,218
2026-09-18 09:04:00-04:00,29771.75,29771.75,29775.25,29770.25,29771.5,225
2026-09-18 09:05:00-04:00,29775.5,29775.5,29776.5,29770.75,29772.0,188
2026-09-18 09:06:00-04:00,29776.25,29776.25,29782.0,29775.25,29775.75,211
2026-09-18 09:07:00-04:00,29779.5,29779.5,29779.5,29774.0,29775.5,172
2026-09-18 09:08:00-04:00,29786.75,29786.75,29788.5,29778.0,29778.0,413
2026-09-18 09:09:00-04:00,29786.0,29786.0,29788.0,29782.0,29786.75,212
2026-09-18 09:10:00-04:00,29785.0,29785.0,29789.75,29784.0,29785.75,281
2026-09-18 09:11:00-04:00,29788.25,29788.25,29790.75,29785.75,29786.5,182
2026-09-18 09:12:00-04:00,29784.75,29784.75,29789.75,29783.0,29787.5,129
2026-09-18 09:13:00-04:00,29785.25,29785.25,29788.0,29783.0,29784.25,216
2026-09-18 09:14:00-04:00,29786.25,29786.25,29788.5,29785.5,29786.5,139
2026-09-18 09:15:00-04:00,29785.75,29785.75,29788.25,29785.25,29786.75,150
2026-09-18 09:16:00-04:00,29792.0,29792.0,29792.75,29785.5,29785.75,358
2026-09-18 09:17:00-04:00,29791.75,29791.75,29794.0,29790.25,29792.5,336
2026-09-18 09:18:00-04:00,29789.75,29789.75,29796.25,29788.5,29791.25,387
2026-09-18 09:19:00-04:00,29793.5,29793.5,29794.25,29788.0,29789.25,186
2026-09-18 09:20:00-04:00,29791.75,29791.75,29794.25,29790.5,29793.25,280
2026-09-18 09:21:00-04:00,29791.75,29791.75,29793.0,29786.75,29791.5,247
2026-09-18 09:22:00-04:00,29787.0,29787.0,29794.25,29786.0,29791.75,316
2026-09-18 09:23:00-04:00,29781.5,29781.5,29787.25,29780.75,29787.25,341
2026-09-18 09:24:00-04:00,29768.75,29768.75,29784.0,29768.5,29781.75,610
2026-09-18 09:25:00-04:00,29760.5,29760.5,29768.75,29751.75,29768.75,1464
2026-09-18 09:26:00-04:00,29754.75,29754.75,29760.5,29751.0,29760.5,768
2026-09-18 09:27:00-04:00,29788.75,29788.75,29793.25,29744.75,29755.5,2397
2026-09-18 09:28:00-04:00,29796.5,29796.5,29809.0,29787.25,29787.25,2599
2026-09-18 09:29:00-04:00,29814.25,29814.25,29819.5,29791.25,29796.5,2907
2026-09-18 09:30:00-04:00,29813.75,29813.75,29832.5,29803.5,29814.0,6454
2026-09-18 09:31:00-04:00,29841.0,29841.0,29842.0,29812.0,29814.0,3493
2026-09-18 09:32:00-04:00,29811.75,29811.75,29840.5,29808.75,29840.5,3149
2026-09-18 09:33:00-04:00,29815.0,29815.0,29821.75,29801.5,29812.0,2300
2026-09-18 09:34:00-04:00,29810.75,29810.75,29823.75,29804.25,29815.0,1738
2026-09-18 09:35:00-04:00,29815.5,29815.5,29818.25,29798.0,29811.25,3328
2026-09-18 09:36:00-04:00,29832.75,29832.75,29837.25,29811.0,29816.5,2138
2026-09-18 09:37:00-04:00,29837.75,29837.75,29838.25,29822.5,29832.75,1465
2026-09-18 09:38:00-04:00,29829.0,29829.0,29837.25,29823.75,29837.25,1385
2026-09-18 09:39:00-04:00,29836.25,29836.25,29839.75,29829.25,29830.0,1234
2026-09-18 09:40:00-04:00,29829.0,29829.0,29844.75,29826.25,29835.75,1880
2026-09-18 09:41:00-04:00,29840.75,29840.75,29844.25,29823.75,29829.0,1699
2026-09-18 09:42:00-04:00,29830.0,29830.0,29840.5,29829.0,29840.5,1181
2026-09-18 09:43:00-04:00,29805.5,29805.5,29832.75,29802.75,29830.75,1847
2026-09-18 09:44:00-04:00,29816.75,29816.75,29817.25,29802.25,29805.25,1559
2026-09-18 09:45:00-04:00,29833.75,29833.75,29836.75,29811.0,29817.5,2043
2026-09-18 09:46:00-04:00,29825.5,29825.5,29838.25,29825.5,29834.0,1278
2026-09-18 09:47:00-04:00,29809.25,29809.25,29826.75,29808.0,29825.75,1412
2026-09-18 09:48:00-04:00,29798.75,29798.75,29812.75,29796.5,29809.5,1704
2026-09-18 09:49:00-04:00,29795.25,29795.25,29806.25,29791.25,29798.25,1389
2026-09-18 09:50:00-04:00,29792.0,29792.0,29795.5,29785.0,29795.25,1585
2026-09-18 09:51:00-04:00,29795.0,29795.0,29795.75,29781.75,29791.75,1434
2026-09-18 09:52:00-04:00,29804.75,29804.75,29805.0,29788.75,29795.25,1437
2026-09-18 09:53:00-04:00,29793.75,29793.75,29805.75,29788.0,29804.5,1231
2026-09-18 09:54:00-04:00,29782.75,29782.75,29799.0,29778.75,29793.75,1604
2026-09-18 09:55:00-04:00,29784.75,29784.75,29789.5,29770.0,29782.75,1698
2026-09-18 09:56:00-04:00,29778.75,29778.75,29788.75,29776.0,29785.75,921
2026-09-18 09:57:00-04:00,29777.25,29777.25,29783.75,29768.75,29778.5,1203
2026-09-18 09:58:00-04:00,29773.75,29773.75,29787.75,29773.25,29778.25,979
2026-09-18 09:59:00-04:00,29776.75,29776.75,29779.25,29765.75,29773.5,1207
2026-09-18 10:00:00-04:00,29775.0,29775.0,29783.75,29764.0,29776.25,1969
2026-09-18 10:01:00-04:00,29751.0,29751.0,29783.25,29751.0,29775.5,2054
2026-09-18 10:02:00-04:00,29732.5,29732.5,29753.25,29729.75,29752.0,2641
2026-09-18 10:03:00-04:00,29730.25,29730.25,29738.25,29727.5,29733.0,1886
2026-09-18 10:04:00-04:00,29728.25,29728.25,29737.25,29723.25,29729.0,1669
2026-09-18 10:05:00-04:00,29738.0,29738.0,29739.0,29714.5,29728.25,2508
2026-09-18 10:06:00-04:00,29741.5,29741.5,29747.5,29734.5,29738.25,1899
2026-09-18 10:07:00-04:00,29720.25,29720.25,29741.75,29715.5,29741.75,1954
2026-09-18 10:08:00-04:00,29722.5,29722.5,29726.0,29711.75,29719.5,1501
2026-09-18 10:09:00-04:00,29740.25,29740.25,29740.75,29717.5,29723.5,1388
2026-09-18 10:10:00-04:00,29754.25,29754.25,29754.5,29738.75,29739.75,1845
2026-09-18 10:11:00-04:00,29754.5,29754.5,29756.25,29745.5,29754.5,1572
2026-09-18 10:12:00-04:00,29744.25,29744.25,29755.75,29739.0,29755.25,1546
2026-09-18 10:13:00-04:00,29731.75,29731.75,29747.25,29724.5,29744.75,2203
2026-09-18 10:14:00-04:00,29719.25,29719.25,29734.25,29717.0,29732.0,1333
2026-09-18 10:15:00-04:00,29717.5,29717.5,29726.75,29714.25,29719.25,1605
2026-09-18 10:16:00-04:00,29698.5,29698.5,29719.0,29692.75,29717.25,2734
2026-09-18 10:17:00-04:00,29713.5,29713.5,29716.25,29695.0,29698.25,1876
2026-09-18 10:18:00-04:00,29723.0,29723.0,29724.0,29712.25,29713.25,1459
2026-09-18 10:19:00-04:00,29725.25,29725.25,29726.25,29716.75,29723.5,1098
2026-09-18 10:20:00-04:00,29722.0,29722.0,29729.5,29717.25,29724.75,1422
2026-09-18 10:21:00-04:00,29728.0,29728.0,29732.25,29717.25,29721.75,1065
2026-09-18 10:22:00-04:00,29745.5,29745.5,29747.75,29726.75,29728.0,2050
2026-09-18 10:23:00-04:00,29745.25,29745.25,29746.75,29733.75,29745.0,1090
2026-09-18 10:24:00-04:00,29732.25,29732.25,29745.75,29730.5,29745.75,1302
2026-09-18 10:25:00-04:00,29731.5,29731.5,29738.75,29724.75,29732.5,1148
2026-09-18 10:26:00-04:00,29726.0,29726.0,29736.5,29725.75,29731.0,766
2026-09-18 10:27:00-04:00,29737.0,29737.0,29740.0,29724.25,29726.75,916
2026-09-18 10:28:00-04:00,29734.0,29734.0,29745.5,29733.75,29737.25,1008
2026-09-18 10:29:00-04:00,29728.75,29728.75,29736.25,29727.75,29735.0,725
2026-09-18 10:30:00-04:00,29728.25,29728.25,29738.25,29724.25,29728.25,1371
2026-09-18 10:31:00-04:00,29720.25,29720.25,29731.5,29717.5,29728.0,1129
2026-09-18 10:32:00-04:00,29720.25,29720.25,29726.0,29716.25,29720.75,975
2026-09-18 10:33:00-04:00,29723.25,29723.25,29725.75,29712.25,29720.75,932
2026-09-18 10:34:00-04:00,29725.75,29725.75,29728.0,29717.5,29723.25,801
2026-09-18 10:35:00-04:00,29724.0,29724.0,29731.25,29720.75,29726.75,799
2026-09-18 10:36:00-04:00,29714.75,29714.75,29725.0,29710.5,29724.25,1040
2026-09-18 10:37:00-04:00,29725.25,29725.25,29729.75,29713.0,29715.25,856
2026-09-18 10:38:00-04:00,29732.25,29732.25,29733.0,29724.25,29725.25,695
2026-09-18 10:39:00-04:00,29734.5,29734.5,29752.25,29729.5,29732.25,2579
2026-09-18 10:40:00-04:00,29733.5,29733.5,29736.5,29730.0,29734.25,736
2026-09-18 10:41:00-04:00,29727.5,29727.5,29736.75,29723.75,29733.75,951
2026-09-18 10:42:00-04:00,29711.5,29711.5,29730.25,29702.75,29728.75,1402
2026-09-18 10:43:00-04:00,29711.0,29711.0,29713.25,29704.25,29712.25,846
2026-09-18 10:44:00-04:00,29714.25,29714.25,29716.25,29707.25,29711.25,668
2026-09-18 10:45:00-04:00,29712.25,29712.25,29715.25,29707.0,29715.0,730
2026-09-18 10:46:00-04:00,29725.75,29725.75,29729.5,29711.5,29711.75,1270
2026-09-18 10:47:00-04:00,29728.0,29728.0,29735.75,29722.5,29724.5,916
2026-09-18 10:48:00-04:00,29732.0,29732.0,29732.5,29724.5,29728.0,560
2026-09-18 10:49:00-04:00,29742.5,29742.5,29744.0,29731.0,29731.75,1042
2026-09-18 10:50:00-04:00,29749.25,29749.25,29750.25,29735.0,29742.25,1248
2026-09-18 10:51:00-04:00,29755.5,29755.5,29759.0,29746.25,29749.5,1741
2026-09-18 10:52:00-04:00,29761.25,29761.25,29766.75,29754.5,29756.25,1541
2026-09-18 10:53:00-04:00,29763.75,29763.75,29765.5,29758.25,29761.5,935
2026-09-18 10:54:00-04:00,29763.5,29763.5,29766.0,29757.0,29764.0,943
2026-09-18 10:55:00-04:00,29755.25,29755.25,29767.25,29754.5,29764.0,1104
2026-09-18 10:56:00-04:00,29756.25,29756.25,29760.0,29752.25,29756.0,774
2026-09-18 10:57:00-04:00,29753.5,29753.5,29756.75,29751.25,29756.0,860
2026-09-18 10:58:00-04:00,29751.25,29751.25,29756.75,29747.5,29753.0,845
2026-09-18 10:59:00-04:00,29758.25,29758.25,29759.75,29750.75,29751.5,819
2026-09-18 11:00:00-04:00,29756.5,29756.5,29765.0,29753.0,29758.25,1061
2026-09-18 11:01:00-04:00,29746.0,29746.0,29758.25,29745.5,29756.0,844
2026-09-18 11:02:00-04:00,29744.75,29744.75,29746.75,29736.25,29746.75,1043
2026-09-18 11:03:00-04:00,29754.75,29754.75,29756.5,29741.25,29745.5,997
2026-09-18 11:04:00-04:00,29751.25,29751.25,29757.25,29748.25,29755.25,587
2026-09-18 11:05:00-04:00,29763.5,29763.5,29763.5,29746.25,29751.25,816
2026-09-18 11:06:00-04:00,29764.5,29764.5,29772.5,29755.5,29763.75,1076
2026-09-18 11:07:00-04:00,29766.0,29766.0,29768.75,29761.75,29765.25,621
2026-09-18 11:08:00-04:00,29763.75,29763.75,29766.75,29757.5,29765.75,559
2026-09-18 11:09:00-04:00,29749.75,29749.75,29764.75,29749.25,29764.0,660
2026-09-18 11:10:00-04:00,29752.5,29752.5,29754.0,29746.0,29750.25,706
2026-09-18 11:11:00-04:00,29736.75,29736.75,29754.25,29735.75,29753.25,1048
2026-09-18 11:12:00-04:00,29734.0,29734.0,29739.5,29732.5,29737.25,1034
2026-09-18 11:13:00-04:00,29737.75,29737.75,29740.0,29725.0,29734.0,1263
2026-09-18 11:14:00-04:00,29729.5,29729.5,29738.75,29727.5,29737.25,493
2026-09-18 11:15:00-04:00,29732.0,29732.0,29735.75,29725.75,29730.25,673
2026-09-18 11:16:00-04:00,29725.5,29725.5,29735.75,29722.25,29731.5,648
2026-09-18 11:17:00-04:00,29725.25,29725.25,29734.5,29723.0,29726.0,577
2026-09-18 11:18:00-04:00,29724.25,29724.25,29730.0,29720.25,29726.0,708
2026-09-18 11:19:00-04:00,29731.0,29731.0,29735.25,29723.5,29724.25,608
2026-09-18 11:20:00-04:00,29737.25,29737.25,29737.5,29727.75,29731.75,648
2026-09-18 11:21:00-04:00,29731.25,29731.25,29738.25,29731.25,29737.75,550
2026-09-18 11:22:00-04:00,29730.25,29730.25,29735.5,29725.5,29731.75,580
2026-09-18 11:23:00-04:00,29739.5,29739.5,29742.25,29730.75,29730.75,911
2026-09-18 11:24:00-04:00,29738.75,29738.75,29743.25,29736.5,29739.5,572
2026-09-18 11:25:00-04:00,29746.0,29746.0,29747.25,29738.0,29738.75,643
2026-09-18 11:26:00-04:00,29750.25,29750.25,29754.5,29745.75,29746.0,897
2026-09-18 11:27:00-04:00,29747.75,29747.75,29751.25,29744.75,29750.5,545
2026-09-18 11:28:00-04:00,29750.25,29750.25,29752.5,29745.75,29748.0,445
2026-09-18 11:29:00-04:00,29749.25,29749.25,29751.5,29743.0,29749.5,620
2026-09-18 11:30:00-04:00,29737.75,29737.75,29755.5,29731.5,29749.5,2005
2026-09-18 11:31:00-04:00,29733.25,29733.25,29739.25,29730.25,29737.25,1231
2026-09-18 11:32:00-04:00,29737.0,29737.0,29737.0,29727.75,29732.75,776
2026-09-18 11:33:00-04:00,29735.0,29735.0,29741.5,29730.5,29737.5,675
2026-09-18 11:34:00-04:00,29735.5,29735.5,29737.0,29728.75,29734.75,652
2026-09-18 11:35:00-04:00,29738.5,29738.5,29739.75,29733.0,29735.75,531
2026-09-18 11:36:00-04:00,29740.0,29740.0,29744.0,29733.75,29738.5,709
2026-09-18 11:37:00-04:00,29736.75,29736.75,29741.5,29736.0,29740.5,526
2026-09-18 11:38:00-04:00,29730.25,29730.25,29737.75,29728.25,29736.25,704
2026-09-18 11:39:00-04:00,29725.75,29725.75,29731.25,29721.0,29730.25,803
2026-09-18 11:40:00-04:00,29714.75,29714.75,29725.75,29714.75,29725.5,1022
2026-09-18 11:41:00-04:00,29720.75,29720.75,29723.5,29710.25,29715.0,1028
2026-09-18 11:42:00-04:00,29722.75,29722.75,29723.75,29716.25,29720.5,620
2026-09-18 11:43:00-04:00,29724.0,29724.0,29727.75,29722.25,29723.25,544
2026-09-18 11:44:00-04:00,29723.5,29723.5,29726.0,29718.25,29725.0,459
2026-09-18 11:45:00-04:00,29712.25,29712.25,29727.0,29712.25,29723.75,598
2026-09-18 11:46:00-04:00,29718.75,29718.75,29721.0,29712.25,29712.75,618
2026-09-18 11:47:00-04:00,29721.0,29721.0,29721.0,29715.75,29718.5,378
2026-09-18 11:48:00-04:00,29723.75,29723.75,29726.0,29719.25,29720.75,398
2026-09-18 11:49:00-04:00,29719.5,29719.5,29723.75,29718.25,29723.75,333
2026-09-18 11:50:00-04:00,29729.75,29729.75,29729.75,29717.0,29720.0,615
2026-09-18 11:51:00-04:00,29722.5,29722.5,29730.5,29722.0,29729.75,574
2026-09-18 11:52:00-04:00,29722.75,29722.75,29723.0,29715.0,29722.0,558
2026-09-18 11:53:00-04:00,29710.5,29710.5,29723.75,29710.0,29723.0,673
2026-09-18 11:54:00-04:00,29710.25,29710.25,29714.25,29708.0,29710.75,645
2026-09-18 11:55:00-04:00,29710.75,29710.75,29713.75,29708.5,29710.75,510
2026-09-18 11:56:00-04:00,29717.25,29717.25,29719.5,29710.5,29710.75,708
2026-09-18 11:57:00-04:00,29710.75,29710.75,29720.5,29710.75,29717.25,558
2026-09-18 11:58:00-04:00,29706.0,29706.0,29713.0,29705.0,29711.0,692
2026-09-18 11:59:00-04:00,29708.25,29708.25,29710.0,29702.75,29705.25,662
2026-09-18 12:00:00-04:00,29703.25,29703.25,29709.75,29699.25,29708.25,927
2026-09-18 12:01:00-04:00,29703.5,29703.5,29707.0,29701.0,29703.25,526
2026-09-18 12:02:00-04:00,29707.5,29707.5,29709.75,29700.75,29703.75,567
2026-09-18 12:03:00-04:00,29706.5,29706.5,29711.0,29702.75,29707.75,570
2026-09-18 12:04:00-04:00,29705.75,29705.75,29707.25,29702.25,29706.25,399
2026-09-18 12:05:00-04:00,29711.5,29711.5,29712.0,29705.75,29706.5,503
2026-09-18 12:06:00-04:00,29715.0,29715.0,29716.0,29711.0,29711.0,616
2026-09-18 12:07:00-04:00,29722.5,29722.5,29723.0,29714.5,29715.25,580
2026-09-18 12:08:00-04:00,29710.5,29710.5,29724.25,29710.0,29722.75,645
2026-09-18 12:09:00-04:00,29714.25,29714.25,29715.5,29711.25,29711.25,529
2026-09-18 12:10:00-04:00,29714.0,29714.0,29716.75,29712.0,29714.25,404
2026-09-18 12:11:00-04:00,29712.0,29712.0,29715.75,29710.25,29714.0,329
2026-09-18 12:12:00-04:00,29718.25,29718.25,29719.0,29712.5,29712.5,387
2026-09-18 12:13:00-04:00,29709.5,29709.5,29718.75,29709.25,29718.0,388
2026-09-18 12:14:00-04:00,29709.0,29709.0,29714.5,29709.0,29709.75,384
2026-09-18 12:15:00-04:00,29706.5,29706.5,29711.25,29706.25,29709.25,550
2026-09-18 12:16:00-04:00,29707.25,29707.25,29712.75,29704.25,29707.0,625
2026-09-18 12:17:00-04:00,29710.25,29710.25,29713.75,29707.25,29707.25,360
2026-09-18 12:18:00-04:00,29717.75,29717.75,29722.75,29710.0,29710.0,794
2026-09-18 12:19:00-04:00,29721.0,29721.0,29721.25,29716.75,29718.25,330
2026-09-18 12:20:00-04:00,29716.5,29716.5,29722.0,29713.75,29721.0,471
2026-09-18 12:21:00-04:00,29716.0,29716.0,29719.25,29711.25,29716.5,374
2026-09-18 12:22:00-04:00,29710.25,29710.25,29716.5,29709.5,29716.0,330
2026-09-18 12:23:00-04:00,29677.5,29677.5,29711.25,29675.25,29710.75,2648
2026-09-18 12:24:00-04:00,29672.75,29672.75,29678.5,29669.0,29678.0,1336
2026-09-18 12:25:00-04:00,29671.75,29671.75,29673.0,29659.25,29672.75,1460
2026-09-18 12:26:00-04:00,29669.75,29669.75,29676.0,29668.5,29671.5,1037
2026-09-18 12:27:00-04:00,29684.0,29684.0,29685.0,29669.5,29669.5,847
2026-09-18 12:28:00-04:00,29691.0,29691.0,29702.25,29680.75,29684.25,2659
2026-09-18 12:29:00-04:00,29699.75,29699.75,29705.25,29688.25,29690.75,1078
2026-09-18 12:30:00-04:00,29709.0,29709.0,29711.25,29692.5,29700.0,1243
2026-09-18 12:31:00-04:00,29698.0,29698.0,29710.0,29696.25,29709.5,675
2026-09-18 12:32:00-04:00,29702.0,29702.0,29704.0,29695.25,29698.0,488
2026-09-18 12:33:00-04:00,29714.5,29714.5,29718.25,29699.5,29702.25,1258
2026-09-18 12:34:00-04:00,29713.75,29713.75,29721.0,29711.0,29714.5,1065
2026-09-18 12:35:00-04:00,29715.5,29715.5,29719.5,29711.5,29714.75,544
2026-09-18 12:36:00-04:00,29708.75,29708.75,29719.0,29708.5,29715.25,474
2026-09-18 12:37:00-04:00,29705.0,29705.0,29712.0,29704.25,29709.25,702
2026-09-18 12:38:00-04:00,29702.0,29702.0,29708.5,29697.25,29704.75,945
2026-09-18 12:39:00-04:00,29708.75,29708.75,29712.0,29701.0,29701.75,464
2026-09-18 12:40:00-04:00,29706.75,29706.75,29710.75,29705.5,29708.25,313
2026-09-18 12:41:00-04:00,29703.0,29703.0,29712.25,29702.25,29707.25,452
2026-09-18 12:42:00-04:00,29715.5,29715.5,29716.5,29702.0,29703.75,569
2026-09-18 12:43:00-04:00,29714.5,29714.5,29716.75,29710.0,29715.25,347
2026-09-18 12:44:00-04:00,29716.0,29716.0,29722.5,29712.75,29713.5,635
2026-09-18 12:45:00-04:00,29717.5,29717.5,29718.75,29713.25,29716.5,435
2026-09-18 12:46:00-04:00,29709.5,29709.5,29720.0,29709.0,29717.75,344
2026-09-18 12:47:00-04:00,29712.25,29712.25,29715.75,29701.0,29709.25,798
2026-09-18 12:48:00-04:00,29706.0,29706.0,29712.5,29705.75,29712.25,324
2026-09-18 12:49:00-04:00,29714.0,29714.0,29715.25,29705.0,29706.0,495
2026-09-18 12:50:00-04:00,29715.25,29715.25,29719.25,29713.75,29713.75,412
2026-09-18 12:51:00-04:00,29721.5,29721.5,29723.25,29714.75,29716.0,417
2026-09-18 12:52:00-04:00,29724.0,29724.0,29728.0,29720.75,29721.5,808
2026-09-18 12:53:00-04:00,29728.5,29728.5,29730.25,29724.5,29724.5,427
2026-09-18 12:54:00-04:00,29727.75,29727.75,29730.5,29725.75,29728.5,504
2026-09-18 12:55:00-04:00,29729.5,29729.5,29731.25,29725.5,29728.25,464
2026-09-18 12:56:00-04:00,29727.25,29727.25,29731.0,29724.0,29730.25,412
2026-09-18 12:57:00-04:00,29728.25,29728.25,29730.0,29726.25,29727.0,263
2026-09-18 12:58:00-04:00,29725.75,29725.75,29735.0,29724.0,29728.25,924
2026-09-18 12:59:00-04:00,29727.5,29727.5,29728.0,29722.0,29725.75,625
2026-09-18 13:00:00-04:00,29724.5,29724.5,29729.0,29719.75,29728.0,562
2026-09-18 13:01:00-04:00,29726.5,29726.5,29729.5,29724.0,29724.5,368
2026-09-18 13:02:00-04:00,29728.0,29728.0,29731.0,29725.75,29726.75,339
2026-09-18 13:03:00-04:00,29734.5,29734.5,29735.75,29727.5,29728.5,551
2026-09-18 13:04:00-04:00,29731.5,29731.5,29734.5,29729.25,29734.5,384
2026-09-18 13:05:00-04:00,29738.0,29738.0,29742.0,29730.75,29731.25,793
2026-09-18 13:06:00-04:00,29736.5,29736.5,29741.75,29735.0,29737.75,537
2026-09-18 13:07:00-04:00,29738.75,29738.75,29740.0,29735.0,29736.25,351
2026-09-18 13:08:00-04:00,29737.0,29737.0,29743.25,29736.5,29739.0,534
2026-09-18 13:09:00-04:00,29736.75,29736.75,29739.25,29732.75,29736.75,470
2026-09-18 13:10:00-04:00,29729.5,29729.5,29738.5,29728.75,29736.75,685
2026-09-18 13:11:00-04:00,29731.25,29731.25,29731.5,29727.0,29729.75,516
2026-09-18 13:12:00-04:00,29729.75,29729.75,29731.75,29725.5,29731.5,471
2026-09-18 13:13:00-04:00,29738.75,29738.75,29739.5,29729.75,29730.25,514
2026-09-18 13:14:00-04:00,29741.25,29741.25,29741.75,29738.5,29738.75,506
2026-09-18 13:15:00-04:00,29748.5,29748.5,29749.0,29739.25,29741.5,611
2026-09-18 13:16:00-04:00,29743.25,29743.25,29748.25,29740.0,29748.0,552
2026-09-18 13:17:00-04:00,29748.25,29748.25,29749.25,29742.0,29743.0,424
2026-09-18 13:18:00-04:00,29742.75,29742.75,29748.75,29741.25,29748.0,299
2026-09-18 13:19:00-04:00,29746.0,29746.0,29746.25,29741.0,29742.75,333
2026-09-18 13:20:00-04:00,29741.25,29741.25,29747.25,29740.5,29746.25,275
2026-09-18 13:21:00-04:00,29741.5,29741.5,29743.75,29741.0,29741.0,270
2026-09-18 13:22:00-04:00,29745.75,29745.75,29746.25,29738.0,29741.75,502
2026-09-18 13:23:00-04:00,29746.5,29746.5,29746.75,29743.5,29745.5,355
2026-09-18 13:24:00-04:00,29747.75,29747.75,29748.25,29744.75,29746.5,306
2026-09-18 13:25:00-04:00,29749.75,29749.75,29750.75,29746.25,29747.5,467
2026-09-18 13:26:00-04:00,29749.5,29749.5,29751.25,29746.75,29749.75,440
2026-09-18 13:27:00-04:00,29749.75,29749.75,29751.5,29747.25,29749.25,462
2026-09-18 13:28:00-04:00,29744.0,29744.0,29751.25,29743.75,29749.75,464
2026-09-18 13:29:00-04:00,29741.75,29741.75,29745.25,29740.25,29744.25,372
2026-09-18 13:30:00-04:00,29735.0,29735.0,29741.75,29732.5,29741.5,615
2026-09-18 13:31:00-04:00,29737.25,29737.25,29738.0,29733.0,29734.75,411
2026-09-18 13:32:00-04:00,29738.25,29738.25,29739.0,29735.25,29736.25,244
2026-09-18 13:33:00-04:00,29735.0,29735.0,29738.25,29731.75,29738.0,367
2026-09-18 13:34:00-04:00,29741.0,29741.0,29742.0,29734.0,29734.5,476
2026-09-18 13:35:00-04:00,29748.0,29748.0,29749.25,29741.25,29741.25,592
2026-09-18 13:36:00-04:00,29752.5,29752.5,29754.75,29748.25,29748.25,712
2026-09-18 13:37:00-04:00,29750.25,29750.25,29756.0,29750.0,29752.0,439
2026-09-18 13:38:00-04:00,29752.5,29752.5,29753.0,29748.5,29751.0,343
2026-09-18 13:39:00-04:00,29755.5,29755.5,29755.75,29752.0,29753.0,264
2026-09-18 13:40:00-04:00,29756.0,29756.0,29756.75,29753.0,29754.75,332
2026-09-18 13:41:00-04:00,29755.5,29755.5,29757.75,29752.75,29756.0,334
2026-09-18 13:42:00-04:00,29754.75,29754.75,29757.0,29752.5,29756.0,327
2026-09-18 13:43:00-04:00,29755.0,29755.0,29757.0,29753.5,29754.75,293
2026-09-18 13:44:00-04:00,29762.0,29762.0,29762.5,29755.75,29755.75,735
2026-09-18 13:45:00-04:00,29760.0,29760.0,29763.0,29759.5,29761.75,433
2026-09-18 13:46:00-04:00,29762.0,29762.0,29763.0,29759.0,29760.5,365
2026-09-18 13:47:00-04:00,29762.25,29762.25,29764.75,29761.75,29762.0,328
2026-09-18 13:48:00-04:00,29758.5,29758.5,29764.25,29757.25,29762.5,408
2026-09-18 13:49:00-04:00,29758.25,29758.25,29759.75,29757.0,29758.0,327
2026-09-18 13:50:00-04:00,29760.25,29760.25,29760.75,29756.5,29758.25,424
2026-09-18 13:51:00-04:00,29763.75,29763.75,29765.5,29760.0,29760.0,378
2026-09-18 13:52:00-04:00,29766.0,29766.0,29766.75,29762.0,29763.5,322
2026-09-18 13:53:00-04:00,29762.0,29762.0,29765.75,29761.5,29765.75,455
2026-09-18 13:54:00-04:00,29762.0,29762.0,29764.25,29760.75,29762.25,187
2026-09-18 13:55:00-04:00,29763.75,29763.75,29764.5,29759.75,29762.0,386
2026-09-18 13:56:00-04:00,29765.5,29765.5,29766.0,29763.25,29763.5,296
2026-09-18 13:57:00-04:00,29764.5,29764.5,29768.0,29764.0,29765.5,367
2026-09-18 13:58:00-04:00,29764.25,29764.25,29764.75,29761.0,29764.25,329
2026-09-18 13:59:00-04:00,29763.25,29763.25,29766.75,29763.0,29764.25,304
2026-09-18 14:00:00-04:00,29757.0,29757.0,29765.5,29756.75,29763.0,706
2026-09-18 14:01:00-04:00,29763.5,29763.5,29768.75,29756.0,29757.5,669
2026-09-18 14:02:00-04:00,29761.5,29761.5,29764.25,29760.5,29763.5,286
2026-09-18 14:03:00-04:00,29762.75,29762.75,29762.75,29759.75,29761.5,192
2026-09-18 14:04:00-04:00,29761.5,29761.5,29764.0,29760.25,29762.5,256
2026-09-18 14:05:00-04:00,29763.0,29763.0,29763.5,29760.25,29761.75,297
2026-09-18 14:06:00-04:00,29758.0,29758.0,29763.25,29757.75,29763.0,282
2026-09-18 14:07:00-04:00,29759.75,29759.75,29760.25,29756.0,29757.5,347
2026-09-18 14:08:00-04:00,29758.25,29758.25,29763.0,29758.25,29760.0,291
2026-09-18 14:09:00-04:00,29758.25,29758.25,29759.0,29755.25,29758.75,264
2026-09-18 14:10:00-04:00,29758.5,29758.5,29760.0,29755.75,29757.75,303
2026-09-18 14:11:00-04:00,29755.0,29755.0,29758.25,29750.75,29758.0,563
2026-09-18 14:12:00-04:00,29753.5,29753.5,29755.0,29748.0,29755.0,545
2026-09-18 14:13:00-04:00,29754.75,29754.75,29756.5,29751.25,29754.0,477
2026-09-18 14:14:00-04:00,29753.75,29753.75,29755.0,29752.0,29755.0,271
2026-09-18 14:15:00-04:00,29755.75,29755.75,29756.5,29753.0,29753.25,364
2026-09-18 14:16:00-04:00,29761.0,29761.0,29763.0,29756.0,29756.0,462
2026-09-18 14:17:00-04:00,29757.25,29757.25,29761.5,29755.75,29761.0,308
2026-09-18 14:18:00-04:00,29760.25,29760.25,29761.75,29757.0,29757.5,298
2026-09-18 14:19:00-04:00,29764.5,29764.5,29764.75,29759.75,29760.5,388
2026-09-18 14:20:00-04:00,29769.0,29769.0,29770.5,29764.0,29764.25,587
2026-09-18 14:21:00-04:00,29774.75,29774.75,29777.0,29768.75,29769.0,1092
2026-09-18 14:22:00-04:00,29784.0,29784.0,29787.25,29772.75,29774.75,1264
2026-09-18 14:23:00-04:00,29780.0,29780.0,29788.0,29777.5,29783.75,926
2026-09-18 14:24:00-04:00,29776.25,29776.25,29779.5,29774.5,29779.25,600
2026-09-18 14:25:00-04:00,29774.5,29774.5,29778.75,29773.0,29776.25,452
2026-09-18 14:26:00-04:00,29773.0,29773.0,29777.5,29772.75,29774.75,233
2026-09-18 14:27:00-04:00,29777.75,29777.75,29781.5,29771.75,29773.0,480
2026-09-18 14:28:00-04:00,29774.25,29774.25,29778.25,29771.25,29777.75,348
2026-09-18 14:29:00-04:00,29780.75,29780.75,29781.25,29774.0,29774.75,263
2026-09-18 14:30:00-04:00,29776.75,29776.75,29782.0,29776.0,29780.5,600
2026-09-18 14:31:00-04:00,29777.75,29777.75,29778.75,29775.5,29776.75,242
2026-09-18 14:32:00-04:00,29778.0,29778.0,29778.75,29776.75,29777.5,202
2026-09-18 14:33:00-04:00,29779.5,29779.5,29780.0,29774.5,29777.5,319
2026-09-18 14:34:00-04:00,29785.0,29785.0,29785.5,29777.25,29779.75,345
2026-09-18 14:35:00-04:00,29785.25,29785.25,29785.75,29780.75,29784.75,435
2026-09-18 14:36:00-04:00,29781.5,29781.5,29785.5,29779.5,29785.0,422
2026-09-18 14:37:00-04:00,29779.75,29779.75,29781.25,29776.25,29781.25,383
2026-09-18 14:38:00-04:00,29776.0,29776.0,29780.0,29773.25,29780.0,356
2026-09-18 14:39:00-04:00,29780.0,29780.0,29781.5,29775.75,29775.75,253
2026-09-18 14:40:00-04:00,29780.0,29780.0,29780.75,29777.25,29780.0,241
2026-09-18 14:41:00-04:00,29781.5,29781.5,29782.75,29778.75,29780.0,234
2026-09-18 14:42:00-04:00,29783.5,29783.5,29784.5,29781.0,29781.0,388
2026-09-18 14:43:00-04:00,29787.75,29787.75,29789.0,29783.0,29783.75,483
2026-09-18 14:44:00-04:00,29790.75,29790.75,29792.5,29786.25,29787.25,679
2026-09-18 14:45:00-04:00,29801.0,29801.0,29802.0,29790.5,29791.25,909
2026-09-18 14:46:00-04:00,29815.25,29815.25,29818.0,29798.75,29801.25,1701
2026-09-18 14:47:00-04:00,29819.5,29819.5,29823.0,29814.25,29815.25,1030
2026-09-18 14:48:00-04:00,29821.5,29821.5,29824.5,29817.0,29819.25,702
2026-09-18 14:49:00-04:00,29819.5,29819.5,29823.0,29817.5,29821.25,617
2026-09-18 14:50:00-04:00,29821.25,29821.25,29826.0,29818.75,29819.25,771
2026-09-18 14:51:00-04:00,29823.25,29823.25,29826.25,29821.0,29821.0,603
2026-09-18 14:52:00-04:00,29828.75,29828.75,29830.75,29822.75,29823.25,678
2026-09-18 14:53:00-04:00,29843.25,29843.25,29847.75,29827.75,29828.25,1660
2026-09-18 14:54:00-04:00,29837.0,29837.0,29849.5,29836.25,29843.0,1290
2026-09-18 14:55:00-04:00,29835.25,29835.25,29838.0,29828.75,29837.25,983
2026-09-18 14:56:00-04:00,29831.0,29831.0,29837.5,29830.25,29835.0,479
2026-09-18 14:57:00-04:00,29835.75,29835.75,29837.5,29830.25,29831.0,478
2026-09-18 14:58:00-04:00,29833.5,29833.5,29837.75,29832.0,29835.5,882
2026-09-18 14:59:00-04:00,29832.0,29832.0,29834.25,29826.5,29833.25,853
2026-09-18 15:00:00-04:00,29836.25,29836.25,29839.5,29830.0,29832.25,906
2026-09-18 15:01:00-04:00,29832.0,29832.0,29838.25,29829.75,29836.5,534
2026-09-18 15:02:00-04:00,29832.75,29832.75,29834.25,29830.75,29832.5,352
2026-09-18 15:03:00-04:00,29838.5,29838.5,29839.0,29830.75,29833.0,433
2026-09-18 15:04:00-04:00,29844.5,29844.5,29848.25,29838.0,29838.25,1015
2026-09-18 15:05:00-04:00,29847.0,29847.0,29847.0,29842.0,29845.0,659
2026-09-18 15:06:00-04:00,29841.0,29841.0,29852.25,29840.25,29846.5,934
2026-09-18 15:07:00-04:00,29833.5,29833.5,29841.25,29832.25,29840.75,673
2026-09-18 15:08:00-04:00,29831.25,29831.25,29839.5,29831.25,29833.5,423
2026-09-18 15:09:00-04:00,29837.5,29837.5,29837.5,29831.0,29831.5,297
2026-09-18 15:10:00-04:00,29834.75,29834.75,29839.75,29834.75,29837.5,329
2026-09-18 15:11:00-04:00,29840.0,29840.0,29840.5,29834.0,29835.25,329
2026-09-18 15:12:00-04:00,29844.0,29844.0,29844.75,29836.5,29840.25,467
2026-09-18 15:13:00-04:00,29835.25,29835.25,29844.0,29833.5,29844.0,616
2026-09-18 15:14:00-04:00,29835.0,29835.0,29837.25,29830.0,29834.25,662
2026-09-18 15:15:00-04:00,29835.5,29835.5,29836.5,29832.0,29834.75,312
2026-09-18 15:16:00-04:00,29835.5,29835.5,29838.0,29832.75,29835.0,341
2026-09-18 15:17:00-04:00,29837.25,29837.25,29839.0,29832.75,29836.25,319
2026-09-18 15:18:00-04:00,29837.75,29837.75,29840.5,29836.25,29837.0,331
2026-09-18 15:19:00-04:00,29837.75,29837.75,29840.0,29834.0,29837.75,420
2026-09-18 15:20:00-04:00,29838.0,29838.0,29838.5,29832.25,29837.75,431
2026-09-18 15:21:00-04:00,29840.5,29840.5,29846.0,29837.5,29837.75,623
2026-09-18 15:22:00-04:00,29838.75,29838.75,29841.75,29838.0,29841.0,284
2026-09-18 15:23:00-04:00,29841.5,29841.5,29843.0,29839.0,29839.25,793
2026-09-18 15:24:00-04:00,29840.25,29840.25,29844.0,29836.75,29841.25,547
2026-09-18 15:25:00-04:00,29836.25,29836.25,29842.25,29835.25,29840.75,361
2026-09-18 15:26:00-04:00,29836.5,29836.5,29837.25,29833.25,29836.0,351
2026-09-18 15:27:00-04:00,29838.75,29838.75,29840.0,29835.5,29836.5,267
2026-09-18 15:28:00-04:00,29838.75,29838.75,29839.75,29835.75,29838.75,327
2026-09-18 15:29:00-04:00,29831.25,29831.25,29839.5,29829.25,29838.75,650
2026-09-18 15:30:00-04:00,29827.75,29827.75,29834.0,29822.75,29831.5,1005
2026-09-18 15:31:00-04:00,29824.5,29824.5,29830.75,29824.25,29827.5,551
2026-09-18 15:32:00-04:00,29825.5,29825.5,29828.75,29824.5,29824.75,367
2026-09-18 15:33:00-04:00,29826.0,29826.0,29827.75,29823.5,29825.5,380
2026-09-18 15:34:00-04:00,29826.0,29826.0,29827.25,29823.75,29826.0,437
2026-09-18 15:35:00-04:00,29825.75,29825.75,29829.75,29824.25,29825.5,415
2026-09-18 15:36:00-04:00,29831.0,29831.0,29832.0,29825.5,29825.5,420
2026-09-18 15:37:00-04:00,29839.25,29839.25,29840.5,29830.0,29830.75,885
2026-09-18 15:38:00-04:00,29841.25,29841.25,29842.25,29838.25,29838.75,515
2026-09-18 15:39:00-04:00,29840.25,29840.25,29843.75,29838.0,29841.25,573
2026-09-18 15:40:00-04:00,29840.0,29840.0,29842.75,29836.75,29840.5,668
2026-09-18 15:41:00-04:00,29843.75,29843.75,29845.25,29839.25,29840.0,632
2026-09-18 15:42:00-04:00,29843.25,29843.25,29847.5,29841.0,29843.5,542
2026-09-18 15:43:00-04:00,29848.25,29848.25,29849.5,29842.5,29843.25,566
2026-09-18 15:44:00-04:00,29852.25,29852.25,29853.25,29847.25,29848.0,542
2026-09-18 15:45:00-04:00,29854.75,29854.75,29857.25,29850.0,29852.75,1234
2026-09-18 15:46:00-04:00,29857.25,29857.25,29858.25,29852.25,29854.5,765
2026-09-18 15:47:00-04:00,29862.25,29862.25,29868.0,29856.5,29857.0,1190
2026-09-18 15:48:00-04:00,29865.0,29865.0,29865.75,29861.5,29861.75,587
2026-09-18 15:49:00-04:00,29872.75,29872.75,29873.0,29865.5,29865.5,1128
2026-09-18 15:50:00-04:00,29876.0,29876.0,29888.75,29866.75,29872.25,3457
2026-09-18 15:51:00-04:00,29864.75,29864.75,29878.75,29864.0,29875.75,1428
2026-09-18 15:52:00-04:00,29867.5,29867.5,29871.75,29862.25,29865.5,1371
2026-09-18 15:53:00-04:00,29871.0,29871.0,29872.75,29866.0,29867.5,921
2026-09-18 15:54:00-04:00,29877.5,29877.5,29878.0,29864.75,29870.5,2023
2026-09-18 15:55:00-04:00,29907.5,29907.5,29928.0,29877.5,29877.75,4602
2026-09-18 15:56:00-04:00,29910.25,29910.25,29913.25,29905.75,29907.25,1587
2026-09-18 15:57:00-04:00,29937.25,29937.25,29937.75,29908.5,29909.75,2476
2026-09-18 15:58:00-04:00,29918.5,29918.5,29937.0,29916.25,29937.0,3782
2026-09-18 15:59:00-04:00,29915.75,29915.75,29923.75,29910.25,29918.5,12568
2026-09-18 16:00:00-04:00,29930.5,29930.5,29932.25,29912.25,29916.0,4326
2026-09-18 16:01:00-04:00,29932.25,29932.25,29934.75,29923.25,29930.25,1626
2026-09-18 16:02:00-04:00,29942.0,29942.0,29951.25,29931.25,29932.25,1829
2026-09-18 16:03:00-04:00,29948.25,29948.25,29952.75,29937.75,29942.0,972
2026-09-18 16:04:00-04:00,29947.0,29947.0,29951.0,29945.0,29948.25,686
2026-09-18 16:05:00-04:00,29949.5,29949.5,29951.0,29942.0,29947.0,749
2026-09-18 16:06:00-04:00,29944.5,29944.5,29950.0,29941.75,29949.75,413
2026-09-18 16:07:00-04:00,29946.25,29946.25,29948.25,29942.5,29944.25,351
2026-09-18 16:08:00-04:00,29944.25,29944.25,29949.25,29943.5,29946.5,383
2026-09-18 16:09:00-04:00,29944.75,29944.75,29945.5,29939.25,29944.5,719
2026-09-18 16:10:00-04:00,29980.25,29980.25,29980.5,29944.5,29944.5,1482
2026-09-18 16:11:00-04:00,29985.75,29985.75,29989.25,29976.5,29980.0,1141
2026-09-18 16:12:00-04:00,29980.75,29980.75,29993.25,29976.5,29985.75,738
2026-09-18 16:13:00-04:00,29975.75,29975.75,29982.5,29975.25,29981.0,471
2026-09-18 16:14:00-04:00,29970.0,29970.0,29977.0,29968.75,29976.25,410
2026-09-18 16:15:00-04:00,29972.25,29972.25,29975.25,29966.5,29970.5,403
2026-09-18 16:16:00-04:00,29970.5,29970.5,29972.75,29968.0,29972.0,260
2026-09-18 16:17:00-04:00,29973.75,29973.75,29974.75,29969.75,29970.5,261
2026-09-18 16:18:00-04:00,29967.5,29967.5,29975.0,29966.0,29975.0,186
2026-09-18 16:19:00-04:00,29966.0,29966.0,29969.5,29965.0,29968.0,210
2026-09-18 16:20:00-04:00,29967.5,29967.5,29973.0,29966.25,29966.75,302
2026-09-18 16:21:00-04:00,29963.75,29963.75,29968.5,29962.5,29968.5,332
2026-09-18 16:22:00-04:00,29962.0,29962.0,29966.5,29961.25,29964.25,365
2026-09-18 16:23:00-04:00,29963.25,29963.25,29966.0,29962.5,29962.75,107
2026-09-18 16:24:00-04:00,29964.75,29964.75,29966.75,29960.25,29962.75,138
2026-09-18 16:25:00-04:00,29967.75,29967.75,29970.25,29964.0,29964.25,231
2026-09-18 16:26:00-04:00,29965.75,29965.75,29969.0,29965.75,29968.0,89
2026-09-18 16:27:00-04:00,29967.5,29967.5,29968.5,29965.25,29965.5,65
2026-09-18 16:28:00-04:00,29969.0,29969.0,29969.75,29966.25,29967.75,92
2026-09-18 16:29:00-04:00,29967.25,29967.25,29969.25,29965.5,29969.0,167
2026-09-18 16:30:00-04:00,29967.75,29967.75,29969.75,29966.75,29968.5,132
2026-09-18 16:31:00-04:00,29967.0,29967.0,29968.0,29963.75,29968.0,142
2026-09-18 16:32:00-04:00,29964.0,29964.0,29966.5,29963.25,29966.5,129
2026-09-18 16:33:00-04:00,29963.25,29963.25,29965.5,29963.0,29963.75,77
2026-09-18 16:34:00-04:00,29966.25,29966.25,29974.0,29964.5,29964.5,330
2026-09-18 16:35:00-04:00,29962.25,29962.25,29966.75,29961.5,29966.0,94
2026-09-18 16:36:00-04:00,29964.5,29964.5,29964.5,29961.5,29962.0,42
2026-09-18 16:37:00-04:00,29958.5,29958.5,29963.5,29958.0,29963.5,144
2026-09-18 16:38:00-04:00,29958.75,29958.75,29959.5,29956.5,29958.75,104
2026-09-18 16:39:00-04:00,29966.25,29966.25,29967.75,29958.0,29959.0,243
2026-09-18 16:40:00-04:00,29971.75,29971.75,29973.75,29966.5,29966.5,141
2026-09-18 16:41:00-04:00,29973.75,29973.75,29975.75,29971.5,29972.0,181
2026-09-18 16:42:00-04:00,29973.25,29973.25,29974.25,29968.25,29973.75,159
2026-09-18 16:43:00-04:00,29974.0,29974.0,29974.75,29971.25,29972.0,66
2026-09-18 16:44:00-04:00,29974.75,29974.75,29975.25,29972.0,29973.5,89
2026-09-18 16:45:00-04:00,29980.25,29980.25,29981.25,29973.5,29974.25,181
2026-09-18 16:46:00-04:00,29985.0,29985.0,29986.5,29980.0,29980.5,193
2026-09-18 16:47:00-04:00,29981.0,29981.0,29986.0,29979.25,29984.5,222
2026-09-18 16:48:00-04:00,29978.25,29978.25,29982.25,29977.25,29980.5,97
2026-09-18 16:49:00-04:00,29977.75,29977.75,29980.75,29976.75,29978.25,112
2026-09-18 16:50:00-04:00,29980.0,29980.0,29980.0,29976.75,29977.25,109
2026-09-18 16:51:00-04:00,29977.25,29977.25,29981.75,29977.25,29980.0,81
2026-09-18 16:52:00-04:00,29972.5,29972.5,29978.0,29970.75,29977.5,191
2026-09-18 16:53:00-04:00,29965.0,29965.0,29971.5,29965.0,29971.5,132
2026-09-18 16:54:00-04:00,29959.25,29959.25,29965.75,29958.25,29965.75,131
2026-09-18 16:55:00-04:00,29959.5,29959.5,29962.0,29959.5,29959.75,114
2026-09-18 16:56:00-04:00,29957.75,29957.75,29960.0,29957.5,29959.5,91
2026-09-18 16:57:00-04:00,29957.25,29957.25,29958.25,29955.25,29957.5,164
2026-09-18 16:58:00-04:00,29955.0,29955.0,29957.5,29953.0,29957.0,163
2026-09-18 16:59:00-04:00,29955.0,29955.0,29955.5,29950.0,29954.25,200
